datetime,irradiance_W_m2
2024-01-01 00:00:00,0.0
2024-01-01 01:00:00,0.0
2024-01-01 02:00:00,0.0
2024-01-01 03:00:00,0.0
2024-01-01 04:00:00,0.0
2024-01-01 05:00:00,0.0
2024-01-01 06:00:00,0.0
2024-01-01 07:00:00,2.8666355494714963
2024-01-01 08:00:00,5.537914623585742
2024-01-01 09:00:00,7.8317939679392525
2024-01-01 10:00:00,9.59194949602918
2024-01-01 11:00:00,10.698429517410748
2024-01-01 12:00:00,11.075829247171487
2024-01-01 13:00:00,10.69842951741075
2024-01-01 14:00:00,9.591949496029184
2024-01-01 15:00:00,7.831793967939253
2024-01-01 16:00:00,5.537914623585742
2024-01-01 17:00:00,2.866635549471499
2024-01-01 18:00:00,1.3563978835451201e-15
2024-01-01 19:00:00,0.0
2024-01-01 20:00:00,0.0
2024-01-01 21:00:00,0.0
2024-01-01 22:00:00,0.0
2024-01-01 23:00:00,0.0
2024-01-02 00:00:00,0.0
2024-01-02 01:00:00,0.0
2024-01-02 02:00:00,0.0
2024-01-02 03:00:00,0.0
2024-01-02 04:00:00,0.0
2024-01-02 05:00:00,0.0
2024-01-02 06:00:00,0.0
2024-01-02 07:00:00,3.3516477304320005
2024-01-02 08:00:00,6.474886206894818
2024-01-02 09:00:00,9.156871888613141
2024-01-02 10:00:00,11.214831883568756
2024-01-02 11:00:00,12.508519619045142
2024-01-02 12:00:00,12.94977241378964
2024-01-02 13:00:00,12.508519619045142
2024-01-02 14:00:00,11.214831883568758
2024-01-02 15:00:00,9.156871888613143
2024-01-02 16:00:00,6.474886206894818
2024-01-02 17:00:00,3.3516477304320036
2024-01-02 18:00:00,1.5858897336234177e-15
2024-01-02 19:00:00,0.0
2024-01-02 20:00:00,0.0
2024-01-02 21:00:00,0.0
2024-01-02 22:00:00,0.0
2024-01-02 23:00:00,0.0
2024-01-03 00:00:00,0.0
2024-01-03 01:00:00,0.0
2024-01-03 02:00:00,0.0
2024-01-03 03:00:00,0.0
2024-01-03 04:00:00,0.0
2024-01-03 05:00:00,0.0
2024-01-03 06:00:00,0.0
2024-01-03 07:00:00,3.8740135802536666
2024-01-03 08:00:00,7.484019537123186
2024-01-03 09:00:00,10.584001930464826
2024-01-03 10:00:00,12.96270208313547
2024-01-03 11:00:00,14.458015510718493
2024-01-03 12:00:00,14.968039074246375
2024-01-03 13:00:00,14.458015510718495
2024-01-03 14:00:00,12.962702083135474
2024-01-03 15:00:00,10.584001930464828
2024-01-03 16:00:00,7.484019537123186
2024-01-03 17:00:00,3.87401358025367
2024-01-03 18:00:00,1.8330561141788334e-15
2024-01-03 19:00:00,0.0
2024-01-03 20:00:00,0.0
2024-01-03 21:00:00,0.0
2024-01-03 22:00:00,0.0
2024-01-03 23:00:00,0.0
2024-01-04 00:00:00,0.0
2024-01-04 01:00:00,0.0
2024-01-04 02:00:00,0.0
2024-01-04 03:00:00,0.0
2024-01-04 04:00:00,0.0
2024-01-04 05:00:00,0.0
2024-01-04 06:00:00,0.0
2024-01-04 07:00:00,4.4335783106616296
2024-01-04 08:00:00,8.565015586286249
2024-01-04 09:00:00,12.112761204062963
2024-01-04 10:00:00,14.835042163067119
2024-01-04 11:00:00,16.546339514724593
2024-01-04 12:00:00,17.1300311725725
2024-01-04 13:00:00,16.546339514724593
2024-01-04 14:00:00,14.835042163067124
2024-01-04 15:00:00,12.112761204062965
2024-01-04 16:00:00,8.565015586286249
2024-01-04 17:00:00,4.433578310661634
2024-01-04 18:00:00,2.0978237844785298e-15
2024-01-04 19:00:00,0.0
2024-01-04 20:00:00,0.0
2024-01-04 21:00:00,0.0
2024-01-04 22:00:00,0.0
2024-01-04 23:00:00,0.0
2024-01-05 00:00:00,0.0
2024-01-05 01:00:00,0.0
2024-01-05 02:00:00,0.0
2024-01-05 03:00:00,0.0
2024-01-05 04:00:00,0.0
2024-01-05 05:00:00,0.0
2024-01-05 06:00:00,0.0
2024-01-05 07:00:00,5.030176110549848
2024-01-05 08:00:00,9.717554031924783
2024-01-05 09:00:00,13.742696705041384
2024-01-05 10:00:00,16.83129730858952
2024-01-05 11:00:00,18.77287281559123
2024-01-05 12:00:00,19.435108063849572
2024-01-05 13:00:00,18.772872815591235
2024-01-05 14:00:00,16.831297308589527
2024-01-05 15:00:00,13.742696705041388
2024-01-05 16:00:00,9.717554031924783
2024-01-05 17:00:00,5.030176110549853
2024-01-05 18:00:00,2.380114288147629e-15
2024-01-05 19:00:00,0.0
2024-01-05 20:00:00,0.0
2024-01-05 21:00:00,0.0
2024-01-05 22:00:00,0.0
2024-01-05 23:00:00,0.0
2024-01-06 00:00:00,0.0
2024-01-06 01:00:00,0.0
2024-01-06 02:00:00,0.0
2024-01-06 03:00:00,0.0
2024-01-06 04:00:00,0.0
2024-01-06 05:00:00,0.0
2024-01-06 06:00:00,0.0
2024-01-06 07:00:00,5.6636301951145835
2024-01-06 08:00:00,10.941293352023537
2024-01-06 09:00:00,15.473325448334274
2024-01-06 10:00:00,18.950875986220357
2024-01-06 11:00:00,21.136955643448857
2024-01-06 12:00:00,21.88258670404708
2024-01-06 13:00:00,21.13695564344886
2024-01-06 14:00:00,18.950875986220364
2024-01-06 15:00:00,15.473325448334275
2024-01-06 16:00:00,10.941293352023537
2024-01-06 17:00:00,5.663630195114589
2024-01-06 18:00:00,2.6798439764175687e-15
2024-01-06 19:00:00,0.0
2024-01-06 20:00:00,0.0
2024-01-06 21:00:00,0.0
2024-01-06 22:00:00,0.0
2024-01-06 23:00:00,0.0
2024-01-07 00:00:00,0.0
2024-01-07 01:00:00,0.0
2024-01-07 02:00:00,0.0
2024-01-07 03:00:00,0.0
2024-01-07 04:00:00,0.0
2024-01-07 05:00:00,0.0
2024-01-07 06:00:00,0.0
2024-01-07 07:00:00,6.333752858239561
2024-01-07 08:00:00,12.235870926211586
2024-01-07 09:00:00,17.304134611295076
2024-01-07 10:00:00,21.193150119053325
2024-01-07 11:00:00,23.637887469534636
2024-01-07 12:00:00,24.47174185242318
2024-01-07 13:00:00,23.63788746953464
2024-01-07 14:00:00,21.193150119053332
2024-01-07 15:00:00,17.304134611295076
2024-01-07 16:00:00,12.235870926211586
2024-01-07 17:00:00,6.333752858239567
2024-01-07 18:00:00,2.9969240329130368e-15
2024-01-07 19:00:00,0.0
2024-01-07 20:00:00,0.0
2024-01-07 21:00:00,0.0
2024-01-07 22:00:00,0.0
2024-01-07 23:00:00,0.0
2024-01-08 00:00:00,0.0
2024-01-08 01:00:00,0.0
2024-01-08 02:00:00,0.0
2024-01-08 03:00:00,0.0
2024-01-08 04:00:00,0.0
2024-01-08 05:00:00,0.0
2024-01-08 06:00:00,0.0
2024-01-08 07:00:00,7.040345528117227
2024-01-08 08:00:00,13.600903143214351
2024-01-08 09:00:00,19.2345816856566
2024-01-08 10:00:00,23.5574552728705
2024-01-08 11:00:00,26.274927213773825
2024-01-08 12:00:00,27.20180628642871
2024-01-08 13:00:00,26.27492721377383
2024-01-08 14:00:00,23.557455272870506
2024-01-08 15:00:00,19.2345816856566
2024-01-08 16:00:00,13.600903143214351
2024-01-08 17:00:00,7.040345528117233
2024-01-08 18:00:00,3.331260499970127e-15
2024-01-08 19:00:00,0.0
2024-01-08 20:00:00,0.0
2024-01-08 21:00:00,0.0
2024-01-08 22:00:00,0.0
2024-01-08 23:00:00,0.0
2024-01-09 00:00:00,0.0
2024-01-09 01:00:00,0.0
2024-01-09 02:00:00,0.0
2024-01-09 03:00:00,0.0
2024-01-09 04:00:00,0.0
2024-01-09 05:00:00,0.0
2024-01-09 06:00:00,0.0
2024-01-09 07:00:00,7.7831988260899845
2024-01-09 08:00:00,15.035985514526143
2024-01-09 09:00:00,21.264094638288277
2024-01-09 10:00:00,26.043090853028946
2024-01-09 11:00:00,29.04729346437826
2024-01-09 12:00:00,30.071971029052293
2024-01-09 13:00:00,29.047293464378264
2024-01-09 14:00:00,26.043090853028954
2024-01-09 15:00:00,21.264094638288277
2024-01-09 16:00:00,15.035985514526143
2024-01-09 17:00:00,7.783198826089992
2024-01-09 18:00:00,3.6827543064780825e-15
2024-01-09 19:00:00,0.0
2024-01-09 20:00:00,0.0
2024-01-09 21:00:00,0.0
2024-01-09 22:00:00,0.0
2024-01-09 23:00:00,0.0
2024-01-10 00:00:00,0.0
2024-01-10 01:00:00,0.0
2024-01-10 02:00:00,0.0
2024-01-10 03:00:00,0.0
2024-01-10 04:00:00,0.0
2024-01-10 05:00:00,0.0
2024-01-10 06:00:00,0.0
2024-01-10 07:00:00,8.562092628693545
2024-01-10 08:00:00,16.540692794268697
2024-01-10 09:00:00,23.392072080701727
2024-01-10 10:00:00,28.64932031206181
2024-01-10 11:00:00,31.954164709395272
2024-01-10 12:00:00,33.0813855885374
2024-01-10 13:00:00,31.954164709395275
2024-01-10 14:00:00,28.649320312061818
2024-01-10 15:00:00,23.39207208070173
2024-01-10 16:00:00,16.540692794268697
2024-01-10 17:00:00,8.562092628693552
2024-01-10 18:00:00,4.051301297236171e-15
2024-01-10 19:00:00,0.0
2024-01-10 20:00:00,0.0
2024-01-10 21:00:00,0.0
2024-01-10 22:00:00,0.0
2024-01-10 23:00:00,0.0
2024-01-11 00:00:00,0.0
2024-01-11 01:00:00,0.0
2024-01-11 02:00:00,0.0
2024-01-11 03:00:00,0.0
2024-01-11 04:00:00,0.0
2024-01-11 05:00:00,0.0
2024-01-11 06:00:00,0.0
2024-01-11 07:00:00,9.37679613288433
2024-01-11 08:00:00,18.114579105200864
2024-01-11 09:00:00,25.617883447255352
2024-01-11 10:00:00,31.375371367933468
2024-01-11 11:00:00,34.99467958013968
2024-01-11 12:00:00,36.229158210401735
2024-01-11 13:00:00,34.99467958013969
2024-01-11 14:00:00,31.375371367933475
2024-01-11 15:00:00,25.617883447255355
2024-01-11 16:00:00,18.114579105200864
2024-01-11 17:00:00,9.376796132884337
2024-01-11 18:00:00,4.436792263817154e-15
2024-01-11 19:00:00,0.0
2024-01-11 20:00:00,0.0
2024-01-11 21:00:00,0.0
2024-01-11 22:00:00,0.0
2024-01-11 23:00:00,0.0
2024-01-12 00:00:00,0.0
2024-01-12 01:00:00,0.0
2024-01-12 02:00:00,0.0
2024-01-12 03:00:00,0.0
2024-01-12 04:00:00,0.0
2024-01-12 05:00:00,0.0
2024-01-12 06:00:00,0.0
2024-01-12 07:00:00,10.227067924431259
2024-01-12 08:00:00,19.75717807084137
2024-01-12 09:00:00,27.940869182004175
2024-01-12 10:00:00,34.22043623288291
2024-01-12 11:00:00,38.16793710643543
2024-01-12 12:00:00,39.51435614168275
2024-01-12 13:00:00,38.16793710643544
2024-01-12 14:00:00,34.22043623288292
2024-01-12 15:00:00,27.940869182004178
2024-01-12 16:00:00,19.75717807084137
2024-01-12 17:00:00,10.227067924431267
2024-01-12 18:00:00,4.839112976928034e-15
2024-01-12 19:00:00,0.0
2024-01-12 20:00:00,0.0
2024-01-12 21:00:00,0.0
2024-01-12 22:00:00,0.0
2024-01-12 23:00:00,0.0
2024-01-13 00:00:00,0.0
2024-01-13 01:00:00,0.0
2024-01-13 02:00:00,0.0
2024-01-13 03:00:00,0.0
2024-01-13 04:00:00,0.0
2024-01-13 05:00:00,0.0
2024-01-13 06:00:00,0.0
2024-01-13 07:00:00,11.11265604945216
2024-01-13 08:00:00,21.46800295366657
2024-01-13 09:00:00,30.360340934140936
2024-01-13 10:00:00,37.18367185278923
2024-01-13 11:00:00,41.4729969835931
2024-01-13 12:00:00,42.936005907333154
2024-01-13 13:00:00,41.4729969835931
2024-01-13 14:00:00,37.18367185278924
2024-01-13 15:00:00,30.36034093414094
2024-01-13 16:00:00,21.46800295366657
2024-01-13 17:00:00,11.11265604945217
2024-01-13 18:00:00,5.258144220258739e-15
2024-01-13 19:00:00,0.0
2024-01-13 20:00:00,0.0
2024-01-13 21:00:00,0.0
2024-01-13 22:00:00,0.0
2024-01-13 23:00:00,0.0
2024-01-14 00:00:00,0.0
2024-01-14 01:00:00,0.0
2024-01-14 02:00:00,0.0
2024-01-14 03:00:00,0.0
2024-01-14 04:00:00,0.0
2024-01-14 05:00:00,0.0
2024-01-14 06:00:00,0.0
2024-01-14 07:00:00,12.033298089073021
2024-01-14 08:00:00,23.24654679934104
2024-01-14 09:00:00,32.875581761968974
2024-01-14 10:00:00,40.26420015698635
2024-01-14 11:00:00,44.908879851041995
2024-01-14 12:00:00,46.49309359868209
2024-01-14 13:00:00,44.908879851041995
2024-01-14 14:00:00,40.26420015698636
2024-01-14 15:00:00,32.875581761968974
2024-01-14 16:00:00,23.24654679934104
2024-01-14 17:00:00,12.033298089073032
2024-01-14 18:00:00,5.693761825808432e-15
2024-01-14 19:00:00,0.0
2024-01-14 20:00:00,0.0
2024-01-14 21:00:00,0.0
2024-01-14 22:00:00,0.0
2024-01-14 23:00:00,0.0
2024-01-15 00:00:00,0.0
2024-01-15 01:00:00,0.0
2024-01-15 02:00:00,0.0
2024-01-15 03:00:00,0.0
2024-01-15 04:00:00,0.0
2024-01-15 05:00:00,0.0
2024-01-15 06:00:00,0.0
2024-01-15 07:00:00,12.988721237188436
2024-01-15 08:00:00,25.092282586939206
2024-01-15 09:00:00,35.48584634534769
2024-01-15 10:00:00,43.461108318454535
2024-01-15 11:00:00,48.474567582536125
2024-01-15 12:00:00,50.184565173878426
2024-01-15 13:00:00,48.47456758253613
2024-01-15 14:00:00,43.46110831845454
2024-01-15 15:00:00,35.485846345347696
2024-01-15 16:00:00,25.092282586939206
2024-01-15 17:00:00,12.988721237188447
2024-01-15 18:00:00,6.145836710679195e-15
2024-01-15 19:00:00,0.0
2024-01-15 20:00:00,0.0
2024-01-15 21:00:00,0.0
2024-01-15 22:00:00,0.0
2024-01-15 23:00:00,0.0
2024-01-16 00:00:00,0.0
2024-01-16 01:00:00,0.0
2024-01-16 02:00:00,0.0
2024-01-16 03:00:00,0.0
2024-01-16 04:00:00,0.0
2024-01-16 05:00:00,0.0
2024-01-16 06:00:00,0.0
2024-01-16 07:00:00,13.97864238129987
2024-01-16 08:00:00,27.00466338511292
2024-01-16 09:00:00,38.19036120654684
2024-01-16 10:00:00,46.77344902431052
2024-01-16 11:00:00,52.1690035878467
2024-01-16 12:00:00,54.009326770225854
2024-01-16 13:00:00,52.16900358784671
2024-01-16 14:00:00,46.77344902431054
2024-01-16 15:00:00,38.19036120654684
2024-01-16 16:00:00,27.00466338511292
2024-01-16 17:00:00,13.978642381299881
2024-01-16 18:00:00,6.6142349153260545e-15
2024-01-16 19:00:00,0.0
2024-01-16 20:00:00,0.0
2024-01-16 21:00:00,0.0
2024-01-16 22:00:00,0.0
2024-01-16 23:00:00,0.0
2024-01-17 00:00:00,0.0
2024-01-17 01:00:00,0.0
2024-01-17 02:00:00,0.0
2024-01-17 03:00:00,0.0
2024-01-17 04:00:00,0.0
2024-01-17 05:00:00,0.0
2024-01-17 06:00:00,0.0
2024-01-17 07:00:00,15.002768186408078
2024-01-17 08:00:00,28.983122514159124
2024-01-17 09:00:00,40.988324939444844
2024-01-17 10:00:00,50.200240756517026
2024-01-17 11:00:00,55.99109312585292
2024-01-17 12:00:00,57.96624502831826
2024-01-17 13:00:00,55.99109312585293
2024-01-17 14:00:00,50.20024075651704
2024-01-17 15:00:00,40.98832493944485
2024-01-17 16:00:00,28.983122514159124
2024-01-17 17:00:00,15.00276818640809
2024-01-17 18:00:00,7.098817643252114e-15
2024-01-17 19:00:00,0.0
2024-01-17 20:00:00,0.0
2024-01-17 21:00:00,0.0
2024-01-17 22:00:00,0.0
2024-01-17 23:00:00,0.0
2024-01-18 00:00:00,0.0
2024-01-18 01:00:00,0.0
2024-01-18 02:00:00,0.0
2024-01-18 03:00:00,0.0
2024-01-18 04:00:00,0.0
2024-01-18 05:00:00,0.0
2024-01-18 06:00:00,0.0
2024-01-18 07:00:00,16.060795181934594
2024-01-18 08:00:00,31.027073713939306
2024-01-18 09:00:00,43.878908447002736
2024-01-18 10:00:00,53.74046808272766
2024-01-18 11:00:00,59.93970362893733
2024-01-18 12:00:00,62.054147427878625
2024-01-18 13:00:00,59.93970362893734
2024-01-18 14:00:00,53.74046808272767
2024-01-18 15:00:00,43.87890844700274
2024-01-18 16:00:00,31.027073713939306
2024-01-18 17:00:00,16.06079518193461
2024-01-18 18:00:00,7.599441302136952e-15
2024-01-18 19:00:00,0.0
2024-01-18 20:00:00,0.0
2024-01-18 21:00:00,0.0
2024-01-18 22:00:00,0.0
2024-01-18 23:00:00,0.0
2024-01-19 00:00:00,0.0
2024-01-19 01:00:00,0.0
2024-01-19 02:00:00,0.0
2024-01-19 03:00:00,0.0
2024-01-19 04:00:00,0.0
2024-01-19 05:00:00,0.0
2024-01-19 06:00:00,0.0
2024-01-19 07:00:00,17.1524098516465
2024-01-19 08:00:00,33.13591131760079
2024-01-19 09:00:00,46.86125518694318
2024-01-19 10:00:00,57.39308195718115
2024-01-19 11:00:00,64.01366503858968
2024-01-19 12:00:00,66.27182263520159
2024-01-19 13:00:00,64.01366503858969
2024-01-19 14:00:00,57.39308195718117
2024-01-19 15:00:00,46.86125518694319
2024-01-19 16:00:00,33.13591131760079
2024-01-19 17:00:00,17.152409851646517
2024-01-19 18:00:00,8.115957546386075e-15
2024-01-19 19:00:00,0.0
2024-01-19 20:00:00,0.0
2024-01-19 21:00:00,0.0
2024-01-19 22:00:00,0.0
2024-01-19 23:00:00,0.0
2024-01-20 00:00:00,0.0
2024-01-20 01:00:00,0.0
2024-01-20 02:00:00,0.0
2024-01-20 03:00:00,0.0
2024-01-20 04:00:00,0.0
2024-01-20 05:00:00,0.0
2024-01-20 06:00:00,0.0
2024-01-20 07:00:00,18.277288726558243
2024-01-20 08:00:00,35.30901043104927
2024-01-20 09:00:00,49.93448142556298
2024-01-20 10:00:00,61.157000031556805
2024-01-20 11:00:00,68.21177015212122
2024-01-20 12:00:00,70.61802086209856
2024-01-20 13:00:00,68.21177015212123
2024-01-20 14:00:00,61.15700003155683
2024-01-20 15:00:00,49.934481425562986
2024-01-20 16:00:00,35.30901043104927
2024-01-20 17:00:00,18.27728872655826
2024-01-20 18:00:00,8.648213321089002e-15
2024-01-20 19:00:00,0.0
2024-01-20 20:00:00,0.0
2024-01-20 21:00:00,0.0
2024-01-20 22:00:00,0.0
2024-01-20 23:00:00,0.0
2024-01-21 00:00:00,0.0
2024-01-21 01:00:00,0.0
2024-01-21 02:00:00,0.0
2024-01-21 03:00:00,0.0
2024-01-21 04:00:00,0.0
2024-01-21 05:00:00,0.0
2024-01-21 06:00:00,0.0
2024-01-21 07:00:00,19.435098480782266
2024-01-21 08:00:00,37.54572711811804
2024-01-21 09:00:00,53.09767649960184
2024-01-21 10:00:00,65.03110697569704
2024-01-21 11:00:00,72.5327749803841
2024-01-21 12:00:00,75.09145423623609
2024-01-21 13:00:00,72.53277498038412
2024-01-21 14:00:00,65.03110697569706
2024-01-21 15:00:00,53.097676499601846
2024-01-21 16:00:00,37.54572711811804
2024-01-21 17:00:00,19.435098480782283
2024-01-21 18:00:00,9.196050907372649e-15
2024-01-21 19:00:00,0.0
2024-01-21 20:00:00,0.0
2024-01-21 21:00:00,0.0
2024-01-21 22:00:00,0.0
2024-01-21 23:00:00,0.0
2024-01-22 00:00:00,0.0
2024-01-22 01:00:00,0.0
2024-01-22 02:00:00,0.0
2024-01-22 03:00:00,0.0
2024-01-22 04:00:00,0.0
2024-01-22 05:00:00,0.0
2024-01-22 06:00:00,0.0
2024-01-22 07:00:00,20.62549603030083
2024-01-22 08:00:00,39.84539859138044
2024-01-22 09:00:00,56.34990308609205
2024-01-22 10:00:00,69.0142548081043
2024-01-22 11:00:00,76.97539911639288
2024-01-22 12:00:00,79.6907971827609
2024-01-22 13:00:00,76.9753991163929
2024-01-22 14:00:00,69.01425480810431
2024-01-22 15:00:00,56.349903086092056
2024-01-22 16:00:00,39.84539859138044
2024-01-22 17:00:00,20.625496030300848
2024-01-22 18:00:00,9.759307969136905e-15
2024-01-22 19:00:00,0.0
2024-01-22 20:00:00,0.0
2024-01-22 21:00:00,0.0
2024-01-22 22:00:00,0.0
2024-01-22 23:00:00,0.0
2024-01-23 00:00:00,0.0
2024-01-23 01:00:00,0.0
2024-01-23 02:00:00,0.0
2024-01-23 03:00:00,0.0
2024-01-23 04:00:00,0.0
2024-01-23 05:00:00,0.0
2024-01-23 06:00:00,0.0
2024-01-23 07:00:00,21.848128634629145
2024-01-23 08:00:00,42.207343408548
2024-01-23 09:00:00,59.69019748010725
2024-01-23 10:00:00,73.10526323611249
2024-01-23 11:00:00,81.53832611473639
2024-01-23 12:00:00,84.41468681709601
2024-01-23 13:00:00,81.5383261147364
2024-01-23 14:00:00,73.10526323611252
2024-01-23 15:00:00,59.690197480107265
2024-01-23 16:00:00,42.207343408548
2024-01-23 17:00:00,21.848128634629163
2024-01-23 18:00:00,1.0337817601158291e-14
2024-01-23 19:00:00,0.0
2024-01-23 20:00:00,0.0
2024-01-23 21:00:00,0.0
2024-01-23 22:00:00,0.0
2024-01-23 23:00:00,0.0
2024-01-24 00:00:00,0.0
2024-01-24 01:00:00,0.0
2024-01-24 02:00:00,0.0
2024-01-24 03:00:00,0.0
2024-01-24 04:00:00,0.0
2024-01-24 05:00:00,0.0
2024-01-24 06:00:00,0.0
2024-01-24 07:00:00,23.10263400133995
2024-01-24 08:00:00,44.630861674396414
2024-01-24 09:00:00,63.117569880329
2024-01-24 10:00:00,77.30292000563317
2024-01-24 11:00:00,86.22020388166895
2024-01-24 12:00:00,89.26172334879284
2024-01-24 13:00:00,86.22020388166897
2024-01-24 14:00:00,77.30292000563318
2024-01-24 15:00:00,63.117569880329015
2024-01-24 16:00:00,44.630861674396414
2024-01-24 17:00:00,23.102634001339972
2024-01-24 18:00:00,1.0931408378547572e-14
2024-01-24 19:00:00,0.0
2024-01-24 20:00:00,0.0
2024-01-24 21:00:00,0.0
2024-01-24 22:00:00,0.0
2024-01-24 23:00:00,0.0
2024-01-25 00:00:00,0.0
2024-01-25 01:00:00,0.0
2024-01-25 02:00:00,0.0
2024-01-25 03:00:00,0.0
2024-01-25 04:00:00,0.0
2024-01-25 05:00:00,0.0
2024-01-25 06:00:00,0.0
2024-01-25 07:00:00,24.388640393418658
2024-01-25 08:00:00,47.115235248159706
2024-01-25 09:00:00,66.63100468234637
2024-01-25 10:00:00,81.60598126037266
2024-01-25 11:00:00,91.01964507576504
2024-01-25 12:00:00,94.23047049631944
2024-01-25 13:00:00,91.01964507576504
2024-01-25 14:00:00,81.60598126037269
2024-01-25 15:00:00,66.63100468234639
2024-01-25 16:00:00,47.115235248159706
2024-01-25 17:00:00,24.38864039341868
2024-01-25 18:00:00,1.1539904407546671e-14
2024-01-25 19:00:00,0.0
2024-01-25 20:00:00,0.0
2024-01-25 21:00:00,0.0
2024-01-25 22:00:00,0.0
2024-01-25 23:00:00,0.0
2024-01-26 00:00:00,0.0
2024-01-26 01:00:00,0.0
2024-01-26 02:00:00,0.0
2024-01-26 03:00:00,0.0
2024-01-26 04:00:00,0.0
2024-01-26 05:00:00,0.0
2024-01-26 06:00:00,0.0
2024-01-26 07:00:00,25.705766739417008
2024-01-26 08:00:00,49.659727956330826
2024-01-26 09:00:00,70.22946077960141
2024-01-26 10:00:00,86.01317191041356
2024-01-26 11:00:00,95.93522751901843
2024-01-26 12:00:00,99.31945591266167
2024-01-26 13:00:00,95.93522751901843
2024-01-26 14:00:00,86.01317191041358
2024-01-26 15:00:00,70.22946077960142
2024-01-26 16:00:00,49.659727956330826
2024-01-26 17:00:00,25.70576673941703
2024-01-26 18:00:00,1.2163125377649778e-14
2024-01-26 19:00:00,0.0
2024-01-26 20:00:00,0.0
2024-01-26 21:00:00,0.0
2024-01-26 22:00:00,0.0
2024-01-26 23:00:00,0.0
2024-01-27 00:00:00,0.0
2024-01-27 01:00:00,0.0
2024-01-27 02:00:00,0.0
2024-01-27 03:00:00,0.0
2024-01-27 04:00:00,0.0
2024-01-27 05:00:00,0.0
2024-01-27 06:00:00,0.0
2024-01-27 07:00:00,27.05362274637276
2024-01-27 08:00:00,52.263585810805665
2024-01-27 09:00:00,73.91187187189144
2024-01-27 10:00:00,90.52318601005126
2024-01-27 11:00:00,100.9654946182642
2024-01-27 12:00:00,104.52717162161134
2024-01-27 13:00:00,100.96549461826422
2024-01-27 14:00:00,90.52318601005129
2024-01-27 15:00:00,73.91187187189145
2024-01-27 16:00:00,52.263585810805665
2024-01-27 17:00:00,27.053622746372785
2024-01-27 18:00:00,1.280088661503324e-14
2024-01-27 19:00:00,0.0
2024-01-27 20:00:00,0.0
2024-01-27 21:00:00,0.0
2024-01-27 22:00:00,0.0
2024-01-27 23:00:00,0.0
2024-01-28 00:00:00,0.0
2024-01-28 01:00:00,0.0
2024-01-28 02:00:00,0.0
2024-01-28 03:00:00,0.0
2024-01-28 04:00:00,0.0
2024-01-28 05:00:00,0.0
2024-01-28 06:00:00,0.0
2024-01-28 07:00:00,28.431809015461926
2024-01-28 08:00:00,54.926037232306065
2024-01-28 09:00:00,77.67714678133683
2024-01-28 10:00:00,95.13468714477393
2024-01-28 11:00:00,106.10895579679875
2024-01-28 12:00:00,109.85207446461214
2024-01-28 13:00:00,106.10895579679877
2024-01-28 14:00:00,95.13468714477396
2024-01-28 15:00:00,77.67714678133684
2024-01-28 16:00:00,54.926037232306065
2024-01-28 17:00:00,28.43180901546195
2024-01-28 18:00:00,1.3452999137278397e-14
2024-01-28 19:00:00,0.0
2024-01-28 20:00:00,0.0
2024-01-28 21:00:00,0.0
2024-01-28 22:00:00,0.0
2024-01-28 23:00:00,0.0
2024-01-29 00:00:00,0.0
2024-01-29 01:00:00,0.0
2024-01-29 02:00:00,0.0
2024-01-29 03:00:00,0.0
2024-01-29 04:00:00,0.0
2024-01-29 05:00:00,0.0
2024-01-29 06:00:00,0.0
2024-01-29 07:00:00,29.839917160349323
2024-01-29 08:00:00,57.64629327901551
2024-01-29 09:00:00,81.52416977572075
2024-01-29 10:00:00,99.84630882727116
2024-01-29 11:00:00,111.36408693607007
2024-01-29 12:00:00,115.29258655803105
2024-01-29 13:00:00,111.36408693607008
2024-01-29 14:00:00,99.84630882727119
2024-01-29 15:00:00,81.52416977572076
2024-01-29 16:00:00,57.64629327901551
2024-01-29 17:00:00,29.839917160349348
2024-01-29 18:00:00,1.4119269709371188e-14
2024-01-29 19:00:00,0.0
2024-01-29 20:00:00,0.0
2024-01-29 21:00:00,0.0
2024-01-29 22:00:00,0.0
2024-01-29 23:00:00,0.0
2024-01-30 00:00:00,0.0
2024-01-30 01:00:00,0.0
2024-01-30 02:00:00,0.0
2024-01-30 03:00:00,0.0
2024-01-30 04:00:00,0.0
2024-01-30 05:00:00,0.0
2024-01-30 06:00:00,0.0
2024-01-30 07:00:00,31.2775299282021
2024-01-30 08:00:00,60.42354788035932
2024-01-30 09:00:00,85.45180089910426
2024-01-30 10:00:00,104.6566549023531
2024-01-30 11:00:00,116.72933082730636
2024-01-30 12:00:00,120.84709576071867
2024-01-30 13:00:00,116.72933082730637
2024-01-30 14:00:00,104.65665490235311
2024-01-30 15:00:00,85.45180089910427
2024-01-30 16:00:00,60.42354788035932
2024-01-30 17:00:00,31.277529928202124
2024-01-30 18:00:00,1.479950090096178e-14
2024-01-30 19:00:00,0.0
2024-01-30 20:00:00,0.0
2024-01-30 21:00:00,0.0
2024-01-30 22:00:00,0.0
2024-01-30 23:00:00,0.0
2024-01-31 00:00:00,0.0
2024-01-31 01:00:00,0.0
2024-01-31 02:00:00,0.0
2024-01-31 03:00:00,0.0
2024-01-31 04:00:00,0.0
2024-01-31 05:00:00,0.0
2024-01-31 06:00:00,0.0
2024-01-31 07:00:00,32.74422132333097
2024-01-31 08:00:00,63.256978075861156
2024-01-31 09:00:00,89.4588763096204
2024-01-31 10:00:00,109.56429996066208
2024-01-31 11:00:00,122.20309763295137
2024-01-31 12:00:00,126.51395615172234
2024-01-31 13:00:00,122.20309763295138
2024-01-31 14:00:00,109.56429996066211
2024-01-31 15:00:00,89.45887630962041
2024-01-31 16:00:00,63.256978075861156
2024-01-31 17:00:00,32.744221323331
2024-01-31 18:00:00,1.5493491144867535e-14
2024-01-31 19:00:00,0.0
2024-01-31 20:00:00,0.0
2024-01-31 21:00:00,0.0
2024-01-31 22:00:00,0.0
2024-01-31 23:00:00,0.0
2024-02-01 00:00:00,0.0
2024-02-01 01:00:00,0.0
2024-02-01 02:00:00,0.0
2024-02-01 03:00:00,0.0
2024-02-01 04:00:00,0.0
2024-02-01 05:00:00,0.0
2024-02-01 06:00:00,0.0
2024-02-01 07:00:00,34.23955673342172
2024-02-01 08:00:00,66.14574425900359
2024-02-01 09:00:00,93.54420862434519
2024-02-01 10:00:00,114.5677897610516
2024-02-01 11:00:00,127.78376535776691
2024-02-01 12:00:00,132.2914885180072
2024-02-01 13:00:00,127.78376535776692
2024-02-01 14:00:00,114.56778976105163
2024-02-01 15:00:00,93.5442086243452
2024-02-01 16:00:00,66.14574425900359
2024-02-01 17:00:00,34.23955673342175
2024-02-01 18:00:00,1.6201034796801636e-14
2024-02-01 19:00:00,0.0
2024-02-01 20:00:00,0.0
2024-02-01 21:00:00,0.0
2024-02-01 22:00:00,0.0
2024-02-01 23:00:00,0.0
2024-02-02 00:00:00,0.0
2024-02-02 01:00:00,0.0
2024-02-02 02:00:00,0.0
2024-02-02 03:00:00,0.0
2024-02-02 04:00:00,0.0
2024-02-02 05:00:00,0.0
2024-02-02 06:00:00,0.0
2024-02-02 07:00:00,35.763093058320365
2024-02-02 08:00:00,69.08899042602185
2024-02-02 09:00:00,97.70658727114505
2024-02-02 10:00:00,119.6656416615096
2024-02-02 11:00:00,133.46968032946543
2024-02-02 12:00:00,138.17798085204376
2024-02-02 13:00:00,133.46968032946543
2024-02-02 14:00:00,119.66564166150962
2024-02-02 15:00:00,97.70658727114507
2024-02-02 16:00:00,69.08899042602185
2024-02-02 17:00:00,35.7630930583204
2024-02-02 18:00:00,1.6921922196309964e-14
2024-02-02 19:00:00,0.0
2024-02-02 20:00:00,0.0
2024-02-02 21:00:00,0.0
2024-02-02 22:00:00,0.0
2024-02-02 23:00:00,0.0
2024-02-03 00:00:00,0.0
2024-02-03 01:00:00,0.0
2024-02-03 02:00:00,0.0
2024-02-03 03:00:00,0.0
2024-02-03 04:00:00,0.0
2024-02-03 05:00:00,0.0
2024-02-03 06:00:00,0.0
2024-02-03 07:00:00,37.31437884133329
2024-02-03 08:00:00,72.08584442955633
2024-02-03 09:00:00,101.94477884739561
2024-02-03 10:00:00,124.8563450584975
2024-02-03 11:00:00,139.2591576887289
2024-02-03 12:00:00,144.1716888591127
2024-02-03 13:00:00,139.25915768872892
2024-02-03 14:00:00,124.85634505849752
2024-02-03 15:00:00,101.94477884739563
2024-02-03 16:00:00,72.08584442955633
2024-02-03 17:00:00,37.314378841333316
2024-02-03 18:00:00,1.7655939728898048e-14
2024-02-03 19:00:00,0.0
2024-02-03 20:00:00,0.0
2024-02-03 21:00:00,0.0
2024-02-03 22:00:00,0.0
2024-02-03 23:00:00,0.0
2024-02-04 00:00:00,0.0
2024-02-04 01:00:00,0.0
2024-02-04 02:00:00,0.0
2024-02-04 03:00:00,0.0
2024-02-04 04:00:00,0.0
2024-02-04 05:00:00,0.0
2024-02-04 06:00:00,0.0
2024-02-04 07:00:00,38.8929544030034
2024-02-04 08:00:00,75.1354182370882
2024-02-04 09:00:00,106.25752748546495
2024-02-04 10:00:00,130.13836183457397
2024-02-04 11:00:00,145.15048188846836
2024-02-04 12:00:00,150.27083647417643
2024-02-04 13:00:00,145.15048188846836
2024-02-04 14:00:00,130.138361834574
2024-02-04 15:00:00,106.25752748546496
2024-02-04 16:00:00,75.1354182370882
2024-02-04 17:00:00,38.892954403003436
2024-02-04 18:00:00,1.8402869889329552e-14
2024-02-04 19:00:00,0.0
2024-02-04 20:00:00,0.0
2024-02-04 21:00:00,0.0
2024-02-04 22:00:00,0.0
2024-02-04 23:00:00,0.0
2024-02-05 00:00:00,0.0
2024-02-05 01:00:00,0.0
2024-02-05 02:00:00,0.0
2024-02-05 03:00:00,0.0
2024-02-05 04:00:00,0.0
2024-02-05 05:00:00,0.0
2024-02-05 06:00:00,0.0
2024-02-05 07:00:00,40.498351977323416
2024-02-05 08:00:00,78.23680819408325
2024-02-05 09:00:00,110.64355522485505
2024-02-05 10:00:00,135.51012681417325
2024-02-05 11:00:00,151.14190720217846
2024-02-05 12:00:00,156.47361638816653
2024-02-05 13:00:00,151.1419072021785
2024-02-05 14:00:00,135.5101268141733
2024-02-05 15:00:00,110.64355522485508
2024-02-05 16:00:00,78.23680819408325
2024-02-05 17:00:00,40.49835197732345
2024-02-05 18:00:00,1.91624913460779e-14
2024-02-05 19:00:00,0.0
2024-02-05 20:00:00,0.0
2024-02-05 21:00:00,0.0
2024-02-05 22:00:00,0.0
2024-02-05 23:00:00,0.0
2024-02-06 00:00:00,0.0
2024-02-06 01:00:00,0.0
2024-02-06 02:00:00,0.0
2024-02-06 03:00:00,0.0
2024-02-06 04:00:00,0.0
2024-02-06 05:00:00,0.0
2024-02-06 06:00:00,0.0
2024-02-06 07:00:00,42.130095850344674
2024-02-06 08:00:00,81.38909529176362
2024-02-06 09:00:00,115.10156239088835
2024-02-06 10:00:00,140.97004822739947
2024-02-06 11:00:00,157.23165824123302
2024-02-06 12:00:00,162.77819058352728
2024-02-06 13:00:00,157.23165824123305
2024-02-06 14:00:00,140.97004822739953
2024-02-06 15:00:00,115.10156239088838
2024-02-06 16:00:00,81.38909529176362
2024-02-06 17:00:00,42.13009585034471
2024-02-06 18:00:00,1.9934579006911453e-14
2024-02-06 19:00:00,0.0
2024-02-06 20:00:00,0.0
2024-02-06 21:00:00,0.0
2024-02-06 22:00:00,0.0
2024-02-06 23:00:00,0.0
2024-02-07 00:00:00,0.0
2024-02-07 01:00:00,0.0
2024-02-07 02:00:00,0.0
2024-02-07 03:00:00,0.0
2024-02-07 04:00:00,0.0
2024-02-07 05:00:00,0.0
2024-02-07 06:00:00,0.0
2024-02-07 07:00:00,43.78770250114172
2024-02-07 08:00:00,84.5913454394304
2024-02-07 09:00:00,119.63022797982997
2024-02-07 10:00:00,146.5165081817033
2024-02-07 11:00:00,163.41793048097168
2024-02-07 12:00:00,169.18269087886085
2024-02-07 13:00:00,163.4179304809717
2024-02-07 14:00:00,146.51650818170333
2024-02-07 15:00:00,119.63022797982998
2024-02-07 16:00:00,84.5913454394304
2024-02-07 17:00:00,43.78770250114176
2024-02-07 18:00:00,2.0718904085593305e-14
2024-02-07 19:00:00,0.0
2024-02-07 20:00:00,0.0
2024-02-07 21:00:00,0.0
2024-02-07 22:00:00,0.0
2024-02-07 23:00:00,0.0
2024-02-08 00:00:00,0.0
2024-02-08 01:00:00,0.0
2024-02-08 02:00:00,0.0
2024-02-08 03:00:00,0.0
2024-02-08 04:00:00,0.0
2024-02-08 05:00:00,0.0
2024-02-08 06:00:00,0.0
2024-02-08 07:00:00,45.470680745089844
2024-02-08 08:00:00,87.84260974125463
2024-02-08 09:00:00,124.2282100503293
2024-02-08 10:00:00,152.14786314129782
2024-02-08 11:00:00,169.69889079541915
2024-02-08 12:00:00,175.68521948250932
2024-02-08 13:00:00,169.69889079541917
2024-02-08 14:00:00,152.14786314129788
2024-02-08 15:00:00,124.22821005032931
2024-02-08 16:00:00,87.84260974125463
2024-02-08 17:00:00,45.470680745089886
2024-02-08 18:00:00,2.1515234169675527e-14
2024-02-08 19:00:00,0.0
2024-02-08 20:00:00,0.0
2024-02-08 21:00:00,0.0
2024-02-08 22:00:00,0.0
2024-02-08 23:00:00,0.0
2024-02-09 00:00:00,0.0
2024-02-09 01:00:00,0.0
2024-02-09 02:00:00,0.0
2024-02-09 03:00:00,0.0
2024-02-09 04:00:00,0.0
2024-02-09 05:00:00,0.0
2024-02-09 06:00:00,0.0
2024-02-09 07:00:00,47.178531879413704
2024-02-09 08:00:00,91.14192477745561
2024-02-09 09:00:00,128.8941461210662
2024-02-09 10:00:00,157.86244441417386
2024-02-09 11:00:00,176.0726780004799
2024-02-09 12:00:00,182.28384955491128
2024-02-09 13:00:00,176.07267800047993
2024-02-09 14:00:00,157.86244441417392
2024-02-09 15:00:00,128.89414612106623
2024-02-09 16:00:00,91.14192477745561
2024-02-09 17:00:00,47.17853187941375
2024-02-09 18:00:00,2.2323333289367978e-14
2024-02-09 19:00:00,0.0
2024-02-09 20:00:00,0.0
2024-02-09 21:00:00,0.0
2024-02-09 22:00:00,0.0
2024-02-09 23:00:00,0.0
2024-02-10 00:00:00,0.0
2024-02-10 01:00:00,0.0
2024-02-10 02:00:00,0.0
2024-02-10 03:00:00,0.0
2024-02-10 04:00:00,0.0
2024-02-10 05:00:00,0.0
2024-02-10 06:00:00,0.0
2024-02-10 07:00:00,48.91074983096377
2024-02-10 08:00:00,94.48831288978313
2024-02-10 09:00:00,133.62665357448387
2024-02-10 10:00:00,163.65855864656965
2024-02-10 11:00:00,182.53740340544763
2024-02-10 12:00:00,188.97662577956632
2024-02-10 13:00:00,182.53740340544766
2024-02-10 14:00:00,163.65855864656967
2024-02-10 15:00:00,133.6266535744839
2024-02-10 16:00:00,94.48831288978313
2024-02-10 17:00:00,48.910749830963816
2024-02-10 18:00:00,2.3142961987461308e-14
2024-02-10 19:00:00,0.0
2024-02-10 20:00:00,0.0
2024-02-10 21:00:00,0.0
2024-02-10 22:00:00,0.0
2024-02-10 23:00:00,0.0
2024-02-11 00:00:00,0.0
2024-02-11 01:00:00,0.0
2024-02-11 02:00:00,0.0
2024-02-11 03:00:00,0.0
2024-02-11 04:00:00,0.0
2024-02-11 05:00:00,0.0
2024-02-11 06:00:00,0.0
2024-02-11 07:00:00,50.66682130617665
2024-02-11 08:00:00,97.88078247121845
2024-02-11 09:00:00,138.4243300664879
2024-02-11 10:00:00,169.53448832474754
2024-02-11 11:00:00,189.09115137266454
2024-02-11 12:00:00,195.76156494243696
2024-02-11 13:00:00,189.09115137266457
2024-02-11 14:00:00,169.5344883247476
2024-02-11 15:00:00,138.42433006648793
2024-02-11 16:00:00,97.88078247121845
2024-02-11 17:00:00,50.66682130617669
2024-02-11 18:00:00,2.3973877390283216e-14
2024-02-11 19:00:00,0.0
2024-02-11 20:00:00,0.0
2024-02-11 21:00:00,0.0
2024-02-11 22:00:00,0.0
2024-02-11 23:00:00,0.0
2024-02-12 00:00:00,0.0
2024-02-12 01:00:00,0.0
2024-02-12 02:00:00,0.0
2024-02-12 03:00:00,0.0
2024-02-12 04:00:00,0.0
2024-02-12 05:00:00,0.0
2024-02-12 06:00:00,0.0
2024-02-12 07:00:00,52.44622594317513
2024-02-12 08:00:00,101.31832825980916
2024-02-12 09:00:00,143.28575394199137
2024-02-12 10:00:00,175.48849228393107
2024-02-12 11:00:00,195.7319798851665
2024-02-12 12:00:00,202.63665651961838
2024-02-12 13:00:00,195.73197988516654
2024-02-12 14:00:00,175.48849228393112
2024-02-12 15:00:00,143.2857539419914
2024-02-12 16:00:00,101.31832825980916
2024-02-12 17:00:00,52.44622594317517
2024-02-12 18:00:00,2.4815833279667228e-14
2024-02-12 19:00:00,0.0
2024-02-12 20:00:00,0.0
2024-02-12 21:00:00,0.0
2024-02-12 22:00:00,0.0
2024-02-12 23:00:00,0.0
2024-02-13 00:00:00,0.0
2024-02-13 01:00:00,0.0
2024-02-13 02:00:00,0.0
2024-02-13 03:00:00,0.0
2024-02-13 04:00:00,0.0
2024-02-13 05:00:00,0.0
2024-02-13 06:00:00,0.0
2024-02-13 07:00:00,54.24843646596256
2024-02-13 08:00:00,104.79993163654977
2024-02-13 09:00:00,148.20948465618193
2024-02-13 10:00:00,181.51880622424918
2024-02-13 11:00:00,202.45792112214448
2024-02-13 12:00:00,209.5998632730996
2024-02-13 13:00:00,202.4579211221445
2024-02-13 14:00:00,181.51880622424923
2024-02-13 15:00:00,148.20948465618196
2024-02-13 16:00:00,104.79993163654977
2024-02-13 17:00:00,54.248436465962605
2024-02-13 18:00:00,2.566858016591243e-14
2024-02-13 19:00:00,0.0
2024-02-13 20:00:00,0.0
2024-02-13 21:00:00,0.0
2024-02-13 22:00:00,0.0
2024-02-13 23:00:00,0.0
2024-02-14 00:00:00,0.0
2024-02-14 01:00:00,0.0
2024-02-14 02:00:00,0.0
2024-02-14 03:00:00,0.0
2024-02-14 04:00:00,0.0
2024-02-14 05:00:00,0.0
2024-02-14 06:00:00,0.0
2024-02-14 07:00:00,56.072918840666155
2024-02-14 08:00:00,108.3245609272206
2024-02-14 09:00:00,153.19406320138606
2024-02-14 10:00:00,187.62364323353648
2024-02-14 11:00:00,209.2669820420522
2024-02-14 12:00:00,216.64912185444123
2024-02-14 13:00:00,209.26698204205223
2024-02-14 14:00:00,187.62364323353654
2024-02-14 15:00:00,153.1940632013861
2024-02-14 16:00:00,108.3245609272206
2024-02-14 17:00:00,56.072918840666205
2024-02-14 18:00:00,2.6531865361712636e-14
2024-02-14 19:00:00,0.0
2024-02-14 20:00:00,0.0
2024-02-14 21:00:00,0.0
2024-02-14 22:00:00,0.0
2024-02-14 23:00:00,0.0
2024-02-15 00:00:00,0.0
2024-02-15 01:00:00,0.0
2024-02-15 02:00:00,0.0
2024-02-15 03:00:00,0.0
2024-02-15 04:00:00,0.0
2024-02-15 05:00:00,0.0
2024-02-15 06:00:00,0.0
2024-02-15 07:00:00,57.91913243378273
2024-02-15 08:00:00,111.89117170809507
2024-02-15 09:00:00,158.23801253940485
2024-02-15 10:00:00,193.801194316834
2024-02-15 11:00:00,216.15714497318757
2024-02-15 12:00:00,223.7823434161902
2024-02-15 13:00:00,216.1571449731876
2024-02-15 14:00:00,193.80119431683403
2024-02-15 15:00:00,158.23801253940485
2024-02-15 16:00:00,111.89117170809507
2024-02-15 17:00:00,57.919132433782785
2024-02-15 18:00:00,2.740543305703311e-14
2024-02-15 19:00:00,0.0
2024-02-15 20:00:00,0.0
2024-02-15 21:00:00,0.0
2024-02-15 22:00:00,0.0
2024-02-15 23:00:00,0.0
2024-02-16 00:00:00,0.0
2024-02-16 01:00:00,0.0
2024-02-16 02:00:00,0.0
2024-02-16 03:00:00,0.0
2024-02-16 04:00:00,0.0
2024-02-16 05:00:00,0.0
2024-02-16 06:00:00,0.0
2024-02-16 07:00:00,59.78653017238011
2024-02-16 08:00:00,115.49870711542509
2024-02-16 09:00:00,163.3398380391921
2024-02-16 10:00:00,200.04962893243328
2024-02-16 11:00:00,223.1263682115722
2024-02-16 12:00:00,230.99741423085024
2024-02-16 13:00:00,223.12636821157224
2024-02-16 14:00:00,200.04962893243334
2024-02-16 15:00:00,163.33983803919213
2024-02-16 16:00:00,115.49870711542509
2024-02-16 17:00:00,59.78653017238017
2024-02-16 18:00:00,2.8289024394912602e-14
2024-02-16 19:00:00,0.0
2024-02-16 20:00:00,0.0
2024-02-16 21:00:00,0.0
2024-02-16 22:00:00,0.0
2024-02-16 23:00:00,0.0
2024-02-17 00:00:00,0.0
2024-02-17 01:00:00,0.0
2024-02-17 02:00:00,0.0
2024-02-17 03:00:00,0.0
2024-02-17 04:00:00,0.0
2024-02-17 05:00:00,0.0
2024-02-17 06:00:00,0.0
2024-02-17 07:00:00,61.67455870620658
2024-02-17 08:00:00,119.14609815861243
2024-02-17 09:00:00,168.4980279197458
2024-02-17 10:00:00,206.3670955343054
2024-02-17 11:00:00,230.1725866259524
2024-02-17 12:00:00,238.29219631722492
2024-02-17 13:00:00,230.17258662595242
2024-02-17 14:00:00,206.36709553430546
2024-02-17 15:00:00,168.49802791974582
2024-02-17 16:00:00,119.14609815861243
2024-02-17 17:00:00,61.67455870620664
2024-02-17 18:00:00,2.9182377548168225e-14
2024-02-17 19:00:00,0.0
2024-02-17 20:00:00,0.0
2024-02-17 21:00:00,0.0
2024-02-17 22:00:00,0.0
2024-02-17 23:00:00,0.0
2024-02-18 00:00:00,0.0
2024-02-18 01:00:00,0.0
2024-02-18 02:00:00,0.0
2024-02-18 03:00:00,0.0
2024-02-18 04:00:00,0.0
2024-02-18 05:00:00,0.0
2024-02-18 06:00:00,0.0
2024-02-18 07:00:00,63.582658571660595
2024-02-18 08:00:00,122.8322640369739
2024-02-18 09:00:00,173.7110536980815
2024-02-18 10:00:00,212.7517221207542
2024-02-18 11:00:00,237.2937122697421
2024-02-18 12:00:00,245.66452807394785
2024-02-18 13:00:00,237.29371226974212
2024-02-18 14:00:00,212.75172212075427
2024-02-18 15:00:00,173.71105369808154
2024-02-18 16:00:00,122.8322640369739
2024-02-18 17:00:00,63.58265857166065
2024-02-18 18:00:00,3.008522779698053e-14
2024-02-18 19:00:00,0.0
2024-02-18 20:00:00,0.0
2024-02-18 21:00:00,0.0
2024-02-18 22:00:00,0.0
2024-02-18 23:00:00,0.0
2024-02-19 00:00:00,0.0
2024-02-19 01:00:00,0.0
2024-02-19 02:00:00,0.0
2024-02-19 03:00:00,0.0
2024-02-19 04:00:00,0.0
2024-02-19 05:00:00,0.0
2024-02-19 06:00:00,0.0
2024-02-19 07:00:00,65.51026435757183
2024-02-19 08:00:00,126.55611246000566
2024-02-19 09:00:00,178.9773706421547
2024-02-19 10:00:00,219.20161678913047
2024-02-19 11:00:00,244.48763499972654
2024-02-19 12:00:00,253.11222492001139
2024-02-19 13:00:00,244.48763499972657
2024-02-19 14:00:00,219.20161678913053
2024-02-19 15:00:00,178.97737064215474
2024-02-19 16:00:00,126.55611246000566
2024-02-19 17:00:00,65.51026435757188
2024-02-19 18:00:00,3.099730760733569e-14
2024-02-19 19:00:00,0.0
2024-02-19 20:00:00,0.0
2024-02-19 21:00:00,0.0
2024-02-19 22:00:00,0.0
2024-02-19 23:00:00,0.0
2024-02-20 00:00:00,0.0
2024-02-20 01:00:00,0.0
2024-02-20 02:00:00,0.0
2024-02-20 03:00:00,0.0
2024-02-20 04:00:00,0.0
2024-02-20 05:00:00,0.0
2024-02-20 06:00:00,0.0
2024-02-20 07:00:00,67.45680487274478
2024-02-20 08:00:00,130.31653997105286
2024-02-20 09:00:00,184.29541822859855
2024-02-20 10:00:00,225.714868296444
2024-02-20 11:00:00,251.75222310134333
2024-02-20 12:00:00,260.6330799421058
2024-02-20 13:00:00,251.75222310134336
2024-02-20 14:00:00,225.71486829644405
2024-02-20 15:00:00,184.29541822859858
2024-02-20 16:00:00,130.31653997105286
2024-02-20 17:00:00,67.45680487274484
2024-02-20 18:00:00,3.1918346710301604e-14
2024-02-20 19:00:00,0.0
2024-02-20 20:00:00,0.0
2024-02-20 21:00:00,0.0
2024-02-20 22:00:00,0.0
2024-02-20 23:00:00,0.0
2024-02-21 00:00:00,0.0
2024-02-21 01:00:00,0.0
2024-02-21 02:00:00,0.0
2024-02-21 03:00:00,0.0
2024-02-21 04:00:00,0.0
2024-02-21 05:00:00,0.0
2024-02-21 06:00:00,0.0
2024-02-21 07:00:00,69.42170331521504
2024-02-21 08:00:00,134.11243227428724
2024-02-21 09:00:00,189.66362060514024
2024-02-21 10:00:00,232.28954662570558
2024-02-21 11:00:00,259.0853239203553
2024-02-21 12:00:00,268.22486454857454
2024-02-21 13:00:00,259.08532392035534
2024-02-21 14:00:00,232.28954662570564
2024-02-21 15:00:00,189.66362060514027
2024-02-21 16:00:00,134.11243227428724
2024-02-21 17:00:00,69.42170331521511
2024-02-21 18:00:00,3.2848072182114416e-14
2024-02-21 19:00:00,0.0
2024-02-21 20:00:00,0.0
2024-02-21 21:00:00,0.0
2024-02-21 22:00:00,0.0
2024-02-21 23:00:00,0.0
2024-02-22 00:00:00,0.0
2024-02-22 01:00:00,0.0
2024-02-22 02:00:00,0.0
2024-02-22 03:00:00,0.0
2024-02-22 04:00:00,0.0
2024-02-22 05:00:00,0.0
2024-02-22 06:00:00,0.0
2024-02-22 07:00:00,71.40437744316813
2024-02-22 08:00:00,137.9426645648973
2024-02-22 09:00:00,195.0803870575604
2024-02-22 10:00:00,238.92370355783316
2024-02-22 11:00:00,266.4847645007285
2024-02-22 12:00:00,275.8853291297947
2024-02-22 13:00:00,266.48476450072855
2024-02-22 14:00:00,238.92370355783322
2024-02-22 15:00:00,195.08038705756042
2024-02-22 16:00:00,137.9426645648973
2024-02-22 17:00:00,71.4043774431682
2024-02-22 18:00:00,3.378620852505171e-14
2024-02-22 19:00:00,0.0
2024-02-22 20:00:00,0.0
2024-02-22 21:00:00,0.0
2024-02-22 22:00:00,0.0
2024-02-22 23:00:00,0.0
2024-02-23 00:00:00,0.0
2024-02-23 01:00:00,0.0
2024-02-23 02:00:00,0.0
2024-02-23 03:00:00,0.0
2024-02-23 04:00:00,0.0
2024-02-23 05:00:00,0.0
2024-02-23 06:00:00,0.0
2024-02-23 07:00:00,73.4042397474703
2024-02-23 08:00:00,141.80610186239218
2024-02-23 09:00:00,200.54411248105566
2024-02-23 10:00:00,245.61537324895085
2024-02-23 11:00:00,273.94835222852595
2024-02-23 12:00:00,283.6122037247844
2024-02-23 13:00:00,273.948352228526
2024-02-23 14:00:00,245.6153732489509
2024-02-23 15:00:00,200.5441124810557
2024-02-23 16:00:00,141.80610186239218
2024-02-23 17:00:00,73.40423974747036
2024-02-23 18:00:00,3.473247774906843e-14
2024-02-23 19:00:00,0.0
2024-02-23 20:00:00,0.0
2024-02-23 21:00:00,0.0
2024-02-23 22:00:00,0.0
2024-02-23 23:00:00,0.0
2024-02-24 00:00:00,0.0
2024-02-24 01:00:00,0.0
2024-02-24 02:00:00,0.0
2024-02-24 03:00:00,0.0
2024-02-24 04:00:00,0.0
2024-02-24 05:00:00,0.0
2024-02-24 06:00:00,0.0
2024-02-24 07:00:00,75.42069762576021
2024-02-24 08:00:00,145.70159934692074
2024-02-24 09:00:00,206.05317785586627
2024-02-24 10:00:00,252.3625728129111
2024-02-24 11:00:00,281.47387548162646
2024-02-24 12:00:00,291.40319869384155
2024-02-24 13:00:00,281.4738754816265
2024-02-24 14:00:00,252.36257281291117
2024-02-24 15:00:00,206.0531778558663
2024-02-24 16:00:00,145.70159934692074
2024-02-24 17:00:00,75.42069762576028
2024-02-24 18:00:00,3.568659945417133e-14
2024-02-24 19:00:00,0.0
2024-02-24 20:00:00,0.0
2024-02-24 21:00:00,0.0
2024-02-24 22:00:00,0.0
2024-02-24 23:00:00,0.0
2024-02-25 00:00:00,0.0
2024-02-25 01:00:00,0.0
2024-02-25 02:00:00,0.0
2024-02-25 03:00:00,0.0
2024-02-25 04:00:00,0.0
2024-02-25 05:00:00,0.0
2024-02-25 06:00:00,0.0
2024-02-25 07:00:00,77.45315355804985
2024-02-25 08:00:00,149.6280026985067
2024-02-25 09:00:00,211.60595072702628
2024-02-25 10:00:00,259.1633029088667
2024-02-25 11:00:00,289.05910428507616
2024-02-25 12:00:00,299.2560053970135
2024-02-25 13:00:00,289.05910428507616
2024-02-25 14:00:00,259.16330290886674
2024-02-25 15:00:00,211.60595072702634
2024-02-25 16:00:00,149.6280026985067
2024-02-25 17:00:00,77.4531535580499
2024-02-25 18:00:00,3.664829091350756e-14
2024-02-25 19:00:00,0.0
2024-02-25 20:00:00,0.0
2024-02-25 21:00:00,0.0
2024-02-25 22:00:00,0.0
2024-02-25 23:00:00,0.0
2024-02-26 00:00:00,0.0
2024-02-26 01:00:00,0.0
2024-02-26 02:00:00,0.0
2024-02-26 03:00:00,0.0
2024-02-26 04:00:00,0.0
2024-02-26 05:00:00,0.0
2024-02-26 06:00:00,0.0
2024-02-26 07:00:00,79.50100528378243
2024-02-26 08:00:00,153.5841484390982
2024-02-26 09:00:00,217.20078568809535
2024-02-26 10:00:00,266.01554833371836
2024-02-26 11:00:00,296.70179097187776
2024-02-26 12:00:00,307.1682968781965
2024-02-26 13:00:00,296.7017909718778
2024-02-26 14:00:00,266.0155483337184
2024-02-26 15:00:00,217.20078568809538
2024-02-26 16:00:00,153.5841484390982
2024-02-26 17:00:00,79.5010052837825
2024-02-26 18:00:00,3.761726715714272e-14
2024-02-26 19:00:00,0.0
2024-02-26 20:00:00,0.0
2024-02-26 21:00:00,0.0
2024-02-26 22:00:00,0.0
2024-02-26 23:00:00,0.0
2024-02-27 00:00:00,0.0
2024-02-27 01:00:00,0.0
2024-02-27 02:00:00,0.0
2024-02-27 03:00:00,0.0
2024-02-27 04:00:00,0.0
2024-02-27 05:00:00,0.0
2024-02-27 06:00:00,0.0
2024-02-27 07:00:00,81.56364598029539
2024-02-27 08:00:00,157.56886427733167
2024-02-27 09:00:00,222.836024868728
2024-02-27 10:00:00,272.9172786192632
2024-02-27 11:00:00,304.39967084902344
2024-02-27 12:00:00,315.13772855466345
2024-02-27 13:00:00,304.39967084902344
2024-02-27 14:00:00,272.91727861926324
2024-02-27 15:00:00,222.83602486872806
2024-02-27 16:00:00,157.56886427733167
2024-02-27 17:00:00,81.56364598029548
2024-02-27 18:00:00,3.85932410565036e-14
2024-02-27 19:00:00,0.0
2024-02-27 20:00:00,0.0
2024-02-27 21:00:00,0.0
2024-02-27 22:00:00,0.0
2024-02-27 23:00:00,0.0
2024-02-28 00:00:00,0.0
2024-02-28 01:00:00,0.0
2024-02-28 02:00:00,0.0
2024-02-28 03:00:00,0.0
2024-02-28 04:00:00,0.0
2024-02-28 05:00:00,0.0
2024-02-28 06:00:00,0.0
2024-02-28 07:00:00,83.64046444263492
2024-02-28 08:00:00,161.58096945590708
2024-02-28 09:00:00,228.50999842593666
2024-02-28 10:00:00,279.86644863386596
2024-02-28 11:00:00,312.1504628685716
2024-02-28 12:00:00,323.1619389118142
2024-02-28 13:00:00,312.1504628685716
2024-02-28 14:00:00,279.866448633866
2024-02-28 15:00:00,228.5099984259367
2024-02-28 16:00:00,161.58096945590708
2024-02-28 17:00:00,83.640464442635
2024-02-28 18:00:00,3.957592340946058e-14
2024-02-28 19:00:00,0.0
2024-02-28 20:00:00,0.0
2024-02-28 21:00:00,0.0
2024-02-28 22:00:00,0.0
2024-02-28 23:00:00,0.0
2024-02-29 00:00:00,0.0
2024-02-29 01:00:00,0.0
2024-02-29 02:00:00,0.0
2024-02-29 03:00:00,0.0
2024-02-29 04:00:00,0.0
2024-02-29 05:00:00,0.0
2024-02-29 06:00:00,0.0
2024-02-29 07:00:00,85.7308452646692
2024-02-29 08:00:00,165.61927510147163
2024-02-29 09:00:00,234.2210250389019
2024-02-29 10:00:00,286.860999188476
2024-02-29 11:00:00,319.9518703035711
2024-02-29 12:00:00,331.2385502029434
2024-02-29 13:00:00,319.9518703035711
2024-02-29 14:00:00,286.8609991884761
2024-02-29 15:00:00,234.22102503890196
2024-02-29 16:00:00,165.61927510147163
2024-02-29 17:00:00,85.73084526466927
2024-02-29 18:00:00,4.0565023026024443e-14
2024-02-29 19:00:00,0.0
2024-02-29 20:00:00,0.0
2024-02-29 21:00:00,0.0
2024-02-29 22:00:00,0.0
2024-02-29 23:00:00,0.0
2024-03-01 00:00:00,0.0
2024-03-01 01:00:00,0.0
2024-03-01 02:00:00,0.0
2024-03-01 03:00:00,0.0
2024-03-01 04:00:00,0.0
2024-03-01 05:00:00,0.0
2024-03-01 06:00:00,0.0
2024-03-01 07:00:00,87.83416902144657
2024-03-01 08:00:00,169.68258457690885
2024-03-01 09:00:00,239.9674124071843
2024-03-01 10:00:00,293.8988576468093
2024-03-01 11:00:00,327.80158142863087
2024-03-01 12:00:00,339.36516915381776
2024-03-01 13:00:00,327.8015814286309
2024-03-01 14:00:00,293.89885764680935
2024-03-01 15:00:00,239.96741240718436
2024-03-01 16:00:00,169.68258457690885
2024-03-01 17:00:00,87.83416902144664
2024-03-01 18:00:00,4.1560246814632305e-14
2024-03-01 19:00:00,0.0
2024-03-01 20:00:00,0.0
2024-03-01 21:00:00,0.0
2024-03-01 22:00:00,0.0
2024-03-01 23:00:00,0.0
2024-03-02 00:00:00,0.0
2024-03-02 01:00:00,0.0
2024-03-02 02:00:00,0.0
2024-03-02 03:00:00,0.0
2024-03-02 04:00:00,0.0
2024-03-02 05:00:00,0.0
2024-03-02 06:00:00,0.0
2024-03-02 07:00:00,89.94981245274442
2024-03-02 08:00:00,173.76969383592768
2024-03-02 09:00:00,245.7474577521894
2024-03-02 10:00:00,300.9779385395151
2024-03-02 11:00:00,335.69727020493383
2024-03-02 12:00:00,347.5393876718554
2024-03-02 13:00:00,335.6972702049339
2024-03-02 14:00:00,300.9779385395152
2024-03-02 15:00:00,245.74745775218943
2024-03-02 16:00:00,173.76969383592768
2024-03-02 17:00:00,89.9498124527445
2024-03-02 18:00:00,4.256129986899689e-14
2024-03-02 19:00:00,0.0
2024-03-02 20:00:00,0.0
2024-03-02 21:00:00,0.0
2024-03-02 22:00:00,0.0
2024-03-02 23:00:00,0.0
2024-03-03 00:00:00,0.0
2024-03-03 01:00:00,0.0
2024-03-03 02:00:00,0.0
2024-03-03 03:00:00,0.0
2024-03-03 04:00:00,0.0
2024-03-03 05:00:00,0.0
2024-03-03 06:00:00,0.0
2024-03-03 07:00:00,92.07714864775477
2024-03-03 08:00:00,177.8793917798477
2024-03-03 09:00:00,251.55944832173793
2024-03-03 10:00:00,308.0961441821459
2024-03-03 11:00:00,343.6365969694927
2024-03-03 12:00:00,355.7587835596955
2024-03-03 13:00:00,343.6365969694927
2024-03-03 14:00:00,308.096144182146
2024-03-03 15:00:00,251.55944832173796
2024-03-03 16:00:00,177.8793917798477
2024-03-03 17:00:00,92.07714864775485
2024-03-03 18:00:00,4.356788555549371e-14
2024-03-03 19:00:00,0.0
2024-03-03 20:00:00,0.0
2024-03-03 21:00:00,0.0
2024-03-03 22:00:00,0.0
2024-03-03 23:00:00,0.0
2024-03-04 00:00:00,0.0
2024-03-04 01:00:00,0.0
2024-03-04 02:00:00,0.0
2024-03-04 03:00:00,0.0
2024-03-04 04:00:00,0.0
2024-03-04 05:00:00,0.0
2024-03-04 06:00:00,0.0
2024-03-04 07:00:00,94.21554723085134
2024-03-04 08:00:00,182.01046061647358
2024-03-04 09:00:00,257.40166189759105
2024-03-04 10:00:00,315.25136529674637
2024-03-04 11:00:00,351.6172091284424
2024-03-04 12:00:00,364.0209212329472
2024-03-04 13:00:00,351.6172091284424
2024-03-04 14:00:00,315.2513652967465
2024-03-04 15:00:00,257.4016618975911
2024-03-04 16:00:00,182.01046061647358
2024-03-04 17:00:00,94.21554723085143
2024-03-04 18:00:00,4.457970560105996e-14
2024-03-04 19:00:00,0.0
2024-03-04 20:00:00,0.0
2024-03-04 21:00:00,0.0
2024-03-04 22:00:00,0.0
2024-03-04 23:00:00,0.0
2024-03-05 00:00:00,0.0
2024-03-05 01:00:00,0.0
2024-03-05 02:00:00,0.0
2024-03-05 03:00:00,0.0
2024-03-05 04:00:00,0.0
2024-03-05 05:00:00,0.0
2024-03-05 06:00:00,0.0
2024-03-05 07:00:00,96.36437454838355
2024-03-05 08:00:00,186.1616762209532
2024-03-05 09:00:00,263.272367305781
2024-03-05 10:00:00,322.4414816368779
2024-03-05 11:00:00,359.63674185416454
2024-03-05 12:00:00,372.32335244190654
2024-03-05 13:00:00,359.6367418541646
2024-03-05 14:00:00,322.441481636878
2024-03-05 15:00:00,263.2723673057811
2024-03-05 16:00:00,186.1616762209532
2024-03-05 17:00:00,96.36437454838364
2024-03-05 18:00:00,4.559646018157927e-14
2024-03-05 19:00:00,0.0
2024-03-05 20:00:00,0.0
2024-03-05 21:00:00,0.0
2024-03-05 22:00:00,0.0
2024-03-05 23:00:00,0.0
2024-03-06 00:00:00,0.0
2024-03-06 01:00:00,0.0
2024-03-06 02:00:00,0.0
2024-03-06 03:00:00,0.0
2024-03-06 04:00:00,0.0
2024-03-06 05:00:00,0.0
2024-03-06 06:00:00,0.0
2024-03-06 07:00:00,98.5229938564417
2024-03-06 08:00:00,190.3318084985124
2024-03-06 09:00:00,269.169824929595
2024-03-06 10:00:00,329.6643626158933
2024-03-06 11:00:00,367.6928187860367
2024-03-06 12:00:00,380.6636169970249
2024-03-06 13:00:00,367.69281878603675
2024-03-06 14:00:00,329.6643626158934
2024-03-06 15:00:00,269.16982492959505
2024-03-06 16:00:00,190.3318084985124
2024-03-06 17:00:00,98.52299385644179
2024-03-06 18:00:00,4.661784801072606e-14
2024-03-06 19:00:00,0.0
2024-03-06 20:00:00,0.0
2024-03-06 21:00:00,0.0
2024-03-06 22:00:00,0.0
2024-03-06 23:00:00,0.0
2024-03-07 00:00:00,0.0
2024-03-07 01:00:00,0.0
2024-03-07 02:00:00,0.0
2024-03-07 03:00:00,0.0
2024-03-07 04:00:00,0.0
2024-03-07 05:00:00,0.0
2024-03-07 06:00:00,0.0
2024-03-07 07:00:00,100.69076550953802
2024-03-07 08:00:00,194.51962174895857
2024-03-07 09:00:00,275.09228722506174
2024-03-07 10:00:00,336.9178679382763
2024-03-07 11:00:00,375.7830527345998
2024-03-07 12:00:00,389.03924349791725
2024-03-07 13:00:00,375.78305273459983
2024-03-07 14:00:00,336.91786793827634
2024-03-07 15:00:00,275.0922872250618
2024-03-07 16:00:00,194.51962174895857
2024-03-07 17:00:00,100.69076550953811
2024-03-07 18:00:00,4.7643566429243214e-14
2024-03-07 19:00:00,0.0
2024-03-07 20:00:00,0.0
2024-03-07 21:00:00,0.0
2024-03-07 22:00:00,0.0
2024-03-07 23:00:00,0.0
2024-03-08 00:00:00,0.0
2024-03-08 01:00:00,0.0
2024-03-08 02:00:00,0.0
2024-03-08 03:00:00,0.0
2024-03-08 04:00:00,0.0
2024-03-08 05:00:00,0.0
2024-03-08 06:00:00,0.0
2024-03-08 07:00:00,102.86704715014734
2024-03-08 08:00:00,198.72387503284514
2024-03-08 09:00:00,281.03799923878574
2024-03-08 10:00:00,344.19984823385613
2024-03-08 11:00:00,383.9050463889331
2024-03-08 12:00:00,397.4477500656904
2024-03-08 13:00:00,383.90504638893316
2024-03-08 14:00:00,344.1998482338562
2024-03-08 15:00:00,281.0379992387858
2024-03-08 16:00:00,198.72387503284514
2024-03-08 17:00:00,102.86704715014743
2024-03-08 18:00:00,4.8673311494626497e-14
2024-03-08 19:00:00,0.0
2024-03-08 20:00:00,0.0
2024-03-08 21:00:00,0.0
2024-03-08 22:00:00,0.0
2024-03-08 23:00:00,0.0
2024-03-09 00:00:00,0.0
2024-03-09 01:00:00,0.0
2024-03-09 02:00:00,0.0
2024-03-09 03:00:00,0.0
2024-03-09 04:00:00,0.0
2024-03-09 05:00:00,0.0
2024-03-09 06:00:00,0.0
2024-03-09 07:00:00,105.05119389905155
2024-03-09 08:00:00,202.9433225391889
2024-03-09 09:00:00,287.00519912797847
2024-03-09 10:00:00,351.5081456947133
2024-03-09 11:00:00,392.05639302703
2024-03-09 12:00:00,405.8866450783779
2024-03-09 13:00:00,392.05639302703
2024-03-09 14:00:00,351.5081456947134
2024-03-09 15:00:00,287.00519912797847
2024-03-09 16:00:00,202.9433225391889
2024-03-09 17:00:00,105.05119389905164
2024-03-09 18:00:00,4.970677807118933e-14
2024-03-09 19:00:00,0.0
2024-03-09 20:00:00,0.0
2024-03-09 21:00:00,0.0
2024-03-09 22:00:00,0.0
2024-03-09 23:00:00,0.0
2024-03-10 00:00:00,0.0
2024-03-10 01:00:00,0.0
2024-03-10 02:00:00,0.0
2024-03-10 03:00:00,0.0
2024-03-10 04:00:00,0.0
2024-03-10 05:00:00,0.0
2024-03-10 06:00:00,0.0
2024-03-10 07:00:00,107.24255854643118
2024-03-10 08:00:00,207.17671395463057
2024-03-10 09:00:00,292.99211868252985
2024-03-10 10:00:00,358.84059471458414
2024-03-10 11:00:00,400.23467722896106
2024-03-10 12:00:00,414.3534279092612
2024-03-10 13:00:00,400.2346772289611
2024-03-10 14:00:00,358.84059471458426
2024-03-10 15:00:00,292.9921186825299
2024-03-10 16:00:00,207.17671395463057
2024-03-10 17:00:00,107.24255854643128
2024-03-10 18:00:00,5.074365992048103e-14
2024-03-10 19:00:00,0.0
2024-03-10 20:00:00,0.0
2024-03-10 21:00:00,0.0
2024-03-10 22:00:00,0.0
2024-03-10 23:00:00,0.0
2024-03-11 00:00:00,0.0
2024-03-11 01:00:00,0.0
2024-03-11 02:00:00,0.0
2024-03-11 03:00:00,0.0
2024-03-11 04:00:00,0.0
2024-03-11 05:00:00,0.0
2024-03-11 06:00:00,0.0
2024-03-11 07:00:00,109.44049174364771
2024-03-11 08:00:00,211.42279483392966
2024-03-11 09:00:00,298.9969838489677
2024-03-11 10:00:00,366.1950225305769
2024-03-11 11:00:00,408.43747559261544
2024-03-11 12:00:00,422.84558966785943
2024-03-11 13:00:00,408.4374755926155
2024-03-11 14:00:00,366.19502253057703
2024-03-11 15:00:00,298.9969838489678
2024-03-11 16:00:00,211.42279483392966
2024-03-11 17:00:00,109.44049174364781
2024-03-11 18:00:00,5.178364979203192e-14
2024-03-11 19:00:00,0.0
2024-03-11 20:00:00,0.0
2024-03-11 21:00:00,0.0
2024-03-11 22:00:00,0.0
2024-03-11 23:00:00,0.0
2024-03-12 00:00:00,0.0
2024-03-12 01:00:00,0.0
2024-03-12 02:00:00,0.0
2024-03-12 03:00:00,0.0
2024-03-12 04:00:00,0.0
2024-03-12 05:00:00,0.0
2024-03-12 06:00:00,0.0
2024-03-12 07:00:00,111.64434219565953
2024-03-12 08:00:00,215.68030697168376
2024-03-12 09:00:00,305.01801525614763
2024-03-12 10:00:00,373.56924986700824
2024-03-12 11:00:00,416.66235745180717
2024-03-12 12:00:00,431.3606139433676
2024-03-12 13:00:00,416.6623574518072
2024-03-12 14:00:00,373.5692498670083
2024-03-12 15:00:00,305.0180152561477
2024-03-12 16:00:00,215.68030697168376
2024-03-12 17:00:00,111.64434219565963
2024-03-12 18:00:00,5.282643951439823e-14
2024-03-12 19:00:00,0.0
2024-03-12 20:00:00,0.0
2024-03-12 21:00:00,0.0
2024-03-12 22:00:00,0.0
2024-03-12 23:00:00,0.0
2024-03-13 00:00:00,0.0
2024-03-13 01:00:00,0.0
2024-03-13 02:00:00,0.0
2024-03-13 03:00:00,0.0
2024-03-13 04:00:00,0.0
2024-03-13 05:00:00,0.0
2024-03-13 06:00:00,0.0
2024-03-13 07:00:00,113.85345685401471
2024-03-13 08:00:00,219.94798877516178
2024-03-13 09:00:00,311.05342874251915
2024-03-13 10:00:00,380.96109158116934
2024-03-13 11:00:00,424.90688559653387
2024-03-13 12:00:00,439.89597755032366
2024-03-13 13:00:00,424.9068855965339
2024-03-13 14:00:00,380.96109158116946
2024-03-13 15:00:00,311.0534287425192
2024-03-13 16:00:00,219.94798877516178
2024-03-13 17:00:00,113.85345685401481
2024-03-13 18:00:00,5.387172008647998e-14
2024-03-13 19:00:00,0.0
2024-03-13 20:00:00,0.0
2024-03-13 21:00:00,0.0
2024-03-13 22:00:00,0.0
2024-03-13 23:00:00,0.0
2024-03-14 00:00:00,0.0
2024-03-14 01:00:00,0.0
2024-03-14 02:00:00,0.0
2024-03-14 03:00:00,0.0
2024-03-14 04:00:00,0.0
2024-03-14 05:00:00,0.0
2024-03-14 06:00:00,0.0
2024-03-14 07:00:00,116.06718111036336
2024-03-14 08:00:00,224.22457563814126
2024-03-14 09:00:00,317.10143588481134
2024-03-14 10:00:00,388.36835731083136
2024-03-14 11:00:00,433.16861699517466
2024-03-14 12:00:00,448.4491512762826
2024-03-14 13:00:00,433.1686169951747
2024-03-14 14:00:00,388.36835731083147
2024-03-14 15:00:00,317.1014358848114
2024-03-14 16:00:00,224.22457563814126
2024-03-14 17:00:00,116.06718111036346
2024-03-14 18:00:00,5.491918176908467e-14
2024-03-14 19:00:00,0.0
2024-03-14 20:00:00,0.0
2024-03-14 21:00:00,0.0
2024-03-14 22:00:00,0.0
2024-03-14 23:00:00,0.0
2024-03-15 00:00:00,0.0
2024-03-15 01:00:00,0.0
2024-03-15 02:00:00,0.0
2024-03-15 03:00:00,0.0
2024-03-15 04:00:00,0.0
2024-03-15 05:00:00,0.0
2024-03-15 06:00:00,0.0
2024-03-15 07:00:00,118.28485899043227
2024-03-15 08:00:00,228.50880031563833
2024-03-15 09:00:00,323.1602445279812
2024-03-15 10:00:00,395.7888521232967
2024-03-15 11:00:00,441.4451035184135
2024-03-15 12:00:00,457.01760063127676
2024-03-15 13:00:00,441.44510351841353
2024-03-15 14:00:00,395.7888521232968
2024-03-15 15:00:00,323.16024452798126
2024-03-15 16:00:00,228.50880031563833
2024-03-15 17:00:00,118.28485899043237
2024-03-15 18:00:00,5.596851417670965e-14
2024-03-15 19:00:00,0.0
2024-03-15 20:00:00,0.0
2024-03-15 21:00:00,0.0
2024-03-15 22:00:00,0.0
2024-03-15 23:00:00,0.0
2024-03-16 00:00:00,0.0
2024-03-16 01:00:00,0.0
2024-03-16 02:00:00,0.0
2024-03-16 03:00:00,0.0
2024-03-16 04:00:00,0.0
2024-03-16 05:00:00,0.0
2024-03-16 06:00:00,0.0
2024-03-16 07:00:00,120.50583334840415
2024-03-16 08:00:00,232.79939329942
2024-03-16 09:00:00,329.22805931626806
2024-03-16 10:00:00,403.2203771658051
2024-03-16 11:00:00,449.7338926646722
2024-03-16 12:00:00,465.5987865988401
2024-03-16 13:00:00,449.7338926646723
2024-03-16 14:00:00,403.2203771658052
2024-03-16 15:00:00,329.2280593162681
2024-03-16 16:00:00,232.79939329942
2024-03-16 17:00:00,120.50583334840427
2024-03-16 18:00:00,5.70194063695161e-14
2024-03-16 19:00:00,0.0
2024-03-16 20:00:00,0.0
2024-03-16 21:00:00,0.0
2024-03-16 22:00:00,0.0
2024-03-16 23:00:00,0.0
2024-03-17 00:00:00,0.0
2024-03-17 01:00:00,0.0
2024-03-17 02:00:00,0.0
2024-03-17 03:00:00,0.0
2024-03-17 04:00:00,0.0
2024-03-17 05:00:00,0.0
2024-03-17 06:00:00,0.0
2024-03-17 07:00:00,122.7294460616442
2024-03-17 08:00:00,237.09508319418651
2024-03-17 09:00:00,335.30308222519596
2024-03-17 10:00:00,410.6607303171009
2024-03-17 11:00:00,458.03252828684015
2024-03-17 12:00:00,474.19016638837314
2024-03-17 13:00:00,458.0325282868402
2024-03-17 14:00:00,410.660730317101
2024-03-17 15:00:00,335.30308222519596
2024-03-17 16:00:00,237.09508319418651
2024-03-17 17:00:00,122.72944606164431
2024-03-17 18:00:00,5.80715469454672e-14
2024-03-17 19:00:00,0.0
2024-03-17 20:00:00,0.0
2024-03-17 21:00:00,0.0
2024-03-17 22:00:00,0.0
2024-03-17 23:00:00,0.0
2024-03-18 00:00:00,0.0
2024-03-18 01:00:00,0.0
2024-03-18 02:00:00,0.0
2024-03-18 03:00:00,0.0
2024-03-18 04:00:00,0.0
2024-03-18 05:00:00,0.0
2024-03-18 06:00:00,0.0
2024-03-18 07:00:00,124.95503822571597
2024-03-18 08:00:00,241.39459709431353
2024-03-18 09:00:00,341.3835130943672
2024-03-18 10:00:00,418.1077068399695
2024-03-18 11:00:00,466.3385513200832
2024-03-18 12:00:00,482.78919418862716
2024-03-18 13:00:00,466.33855132008324
2024-03-18 14:00:00,418.10770683996964
2024-03-18 15:00:00,341.38351309436723
2024-03-18 16:00:00,241.39459709431353
2024-03-18 17:00:00,124.95503822571608
2024-03-18 18:00:00,5.912462413260322e-14
2024-03-18 19:00:00,0.0
2024-03-18 20:00:00,0.0
2024-03-18 21:00:00,0.0
2024-03-18 22:00:00,0.0
2024-03-18 23:00:00,0.0
2024-03-19 00:00:00,0.0
2024-03-19 01:00:00,0.0
2024-03-19 02:00:00,0.0
2024-03-19 03:00:00,0.0
2024-03-19 04:00:00,0.0
2024-03-19 05:00:00,0.0
2024-03-19 06:00:00,0.0
2024-03-19 07:00:00,127.18195034962905
2024-03-19 08:00:00,245.6966609610413
2024-03-19 09:00:00,347.46755016088883
2024-03-19 10:00:00,425.55910003454824
2024-03-19 11:00:00,474.6495005105179
2024-03-19 12:00:00,491.3933219220827
2024-03-19 13:00:00,474.64950051051795
2024-03-19 14:00:00,425.55910003454835
2024-03-19 15:00:00,347.4675501608889
2024-03-19 16:00:00,245.6966609610413
2024-03-19 17:00:00,127.18195034962916
2024-03-19 18:00:00,6.017832588142634e-14
2024-03-19 19:00:00,0.0
2024-03-19 20:00:00,0.0
2024-03-19 21:00:00,0.0
2024-03-19 22:00:00,0.0
2024-03-19 23:00:00,0.0
2024-03-20 00:00:00,0.0
2024-03-20 01:00:00,0.0
2024-03-20 02:00:00,0.0
2024-03-20 03:00:00,0.0
2024-03-20 04:00:00,0.0
2024-03-20 05:00:00,0.0
2024-03-20 06:00:00,0.0
2024-03-20 07:00:00,129.4095225512604
2024-03-20 08:00:00,249.99999999999994
2024-03-20 09:00:00,353.5533905932738
2024-03-20 10:00:00,433.01270189221924
2024-03-20 11:00:00,482.9629131445342
2024-03-20 12:00:00,500.0
2024-03-20 13:00:00,482.96291314453424
2024-03-20 14:00:00,433.01270189221935
2024-03-20 15:00:00,353.55339059327383
2024-03-20 16:00:00,249.99999999999994
2024-03-20 17:00:00,129.40952255126052
2024-03-20 18:00:00,6.123233995736766e-14
2024-03-20 19:00:00,0.0
2024-03-20 20:00:00,0.0
2024-03-20 21:00:00,0.0
2024-03-20 22:00:00,0.0
2024-03-20 23:00:00,0.0
2024-03-21 00:00:00,0.0
2024-03-21 01:00:00,0.0
2024-03-21 02:00:00,0.0
2024-03-21 03:00:00,0.0
2024-03-21 04:00:00,0.0
2024-03-21 05:00:00,0.0
2024-03-21 06:00:00,0.0
2024-03-21 07:00:00,131.63709475289178
2024-03-21 08:00:00,254.30333903895863
2024-03-21 09:00:00,359.6392310256588
2024-03-21 10:00:00,440.4663037498903
2024-03-21 11:00:00,491.27632577855053
2024-03-21 12:00:00,508.60667807791737
2024-03-21 13:00:00,491.2763257785506
2024-03-21 14:00:00,440.4663037498904
2024-03-21 15:00:00,359.63923102565883
2024-03-21 16:00:00,254.30333903895863
2024-03-21 17:00:00,131.6370947528919
2024-03-21 18:00:00,6.228635403330898e-14
2024-03-21 19:00:00,0.0
2024-03-21 20:00:00,0.0
2024-03-21 21:00:00,0.0
2024-03-21 22:00:00,0.0
2024-03-21 23:00:00,0.0
2024-03-22 00:00:00,0.0
2024-03-22 01:00:00,0.0
2024-03-22 02:00:00,0.0
2024-03-22 03:00:00,0.0
2024-03-22 04:00:00,0.0
2024-03-22 05:00:00,0.0
2024-03-22 06:00:00,0.0
2024-03-22 07:00:00,133.86400687680486
2024-03-22 08:00:00,258.6054029056864
2024-03-22 09:00:00,365.7232680921804
2024-03-22 10:00:00,447.917696944469
2024-03-22 11:00:00,499.58727496898524
2024-03-22 12:00:00,517.2108058113729
2024-03-22 13:00:00,499.5872749689853
2024-03-22 14:00:00,447.9176969444691
2024-03-22 15:00:00,365.72326809218043
2024-03-22 16:00:00,258.6054029056864
2024-03-22 17:00:00,133.86400687680498
2024-03-22 18:00:00,6.334005578213212e-14
2024-03-22 19:00:00,0.0
2024-03-22 20:00:00,0.0
2024-03-22 21:00:00,0.0
2024-03-22 22:00:00,0.0
2024-03-22 23:00:00,0.0
2024-03-23 00:00:00,0.0
2024-03-23 01:00:00,0.0
2024-03-23 02:00:00,0.0
2024-03-23 03:00:00,0.0
2024-03-23 04:00:00,0.0
2024-03-23 05:00:00,0.0
2024-03-23 06:00:00,0.0
2024-03-23 07:00:00,136.08959904087664
2024-03-23 08:00:00,262.9049168058134
2024-03-23 09:00:00,371.80369896135164
2024-03-23 10:00:00,455.36467346733764
2024-03-23 11:00:00,507.8932980022283
2024-03-23 12:00:00,525.8098336116269
2024-03-23 13:00:00,507.89329800222833
2024-03-23 14:00:00,455.36467346733775
2024-03-23 15:00:00,371.8036989613517
2024-03-23 16:00:00,262.9049168058134
2024-03-23 17:00:00,136.08959904087675
2024-03-23 18:00:00,6.439313296926813e-14
2024-03-23 19:00:00,0.0
2024-03-23 20:00:00,0.0
2024-03-23 21:00:00,0.0
2024-03-23 22:00:00,0.0
2024-03-23 23:00:00,0.0
2024-03-24 00:00:00,0.0
2024-03-24 01:00:00,0.0
2024-03-24 02:00:00,0.0
2024-03-24 03:00:00,0.0
2024-03-24 04:00:00,0.0
2024-03-24 05:00:00,0.0
2024-03-24 06:00:00,0.0
2024-03-24 07:00:00,138.31321175411668
2024-03-24 08:00:00,267.20060670057995
2024-03-24 09:00:00,377.87872187027955
2024-03-24 10:00:00,462.80502661863346
2024-03-24 11:00:00,516.1919336243963
2024-03-24 12:00:00,534.40121340116
2024-03-24 13:00:00,516.1919336243963
2024-03-24 14:00:00,462.8050266186336
2024-03-24 15:00:00,377.8787218702796
2024-03-24 16:00:00,267.20060670057995
2024-03-24 17:00:00,138.3132117541168
2024-03-24 18:00:00,6.544527354521922e-14
2024-03-24 19:00:00,0.0
2024-03-24 20:00:00,0.0
2024-03-24 21:00:00,0.0
2024-03-24 22:00:00,0.0
2024-03-24 23:00:00,0.0
2024-03-25 00:00:00,0.0
2024-03-25 01:00:00,0.0
2024-03-25 02:00:00,0.0
2024-03-25 03:00:00,0.0
2024-03-25 04:00:00,0.0
2024-03-25 05:00:00,0.0
2024-03-25 06:00:00,0.0
2024-03-25 07:00:00,140.53418611208855
2024-03-25 08:00:00,271.49119968436156
2024-03-25 09:00:00,383.9465366585664
2024-03-25 10:00:00,470.2365516611418
2024-03-25 11:00:00,524.4807227706549
2024-03-25 12:00:00,542.9823993687232
2024-03-25 13:00:00,524.480722770655
2024-03-25 14:00:00,470.23655166114196
2024-03-25 15:00:00,383.94653665856646
2024-03-25 16:00:00,271.49119968436156
2024-03-25 17:00:00,140.5341861120887
2024-03-25 18:00:00,6.649616573802568e-14
2024-03-25 19:00:00,0.0
2024-03-25 20:00:00,0.0
2024-03-25 21:00:00,0.0
2024-03-25 22:00:00,0.0
2024-03-25 23:00:00,0.0
2024-03-26 00:00:00,0.0
2024-03-26 01:00:00,0.0
2024-03-26 02:00:00,0.0
2024-03-26 03:00:00,0.0
2024-03-26 04:00:00,0.0
2024-03-26 05:00:00,0.0
2024-03-26 06:00:00,0.0
2024-03-26 07:00:00,142.75186399215744
2024-03-26 08:00:00,275.77542436185865
2024-03-26 09:00:00,390.0053453017362
2024-03-26 10:00:00,477.6570464736071
2024-03-26 11:00:00,532.7572092938937
2024-03-26 12:00:00,551.5508487237174
2024-03-26 13:00:00,532.7572092938938
2024-03-26 14:00:00,477.65704647360724
2024-03-26 15:00:00,390.00534530173627
2024-03-26 16:00:00,275.77542436185865
2024-03-26 17:00:00,142.75186399215758
2024-03-26 18:00:00,6.754549814565066e-14
2024-03-26 19:00:00,0.0
2024-03-26 20:00:00,0.0
2024-03-26 21:00:00,0.0
2024-03-26 22:00:00,0.0
2024-03-26 23:00:00,0.0
2024-03-27 00:00:00,0.0
2024-03-27 01:00:00,0.0
2024-03-27 02:00:00,0.0
2024-03-27 03:00:00,0.0
2024-03-27 04:00:00,0.0
2024-03-27 05:00:00,0.0
2024-03-27 06:00:00,0.0
2024-03-27 07:00:00,144.96558824850612
2024-03-27 08:00:00,280.0520112248381
2024-03-27 09:00:00,396.05335244402846
2024-03-27 10:00:00,485.0643122032692
2024-03-27 11:00:00,541.0189406925346
2024-03-27 12:00:00,560.1040224496763
2024-03-27 13:00:00,541.0189406925347
2024-03-27 14:00:00,485.0643122032693
2024-03-27 15:00:00,396.0533524440285
2024-03-27 16:00:00,280.0520112248381
2024-03-27 17:00:00,144.96558824850626
2024-03-27 18:00:00,6.859295982825535e-14
2024-03-27 19:00:00,0.0
2024-03-27 20:00:00,0.0
2024-03-27 21:00:00,0.0
2024-03-27 22:00:00,0.0
2024-03-27 23:00:00,0.0
2024-03-28 00:00:00,0.0
2024-03-28 01:00:00,0.0
2024-03-28 02:00:00,0.0
2024-03-28 03:00:00,0.0
2024-03-28 04:00:00,0.0
2024-03-28 05:00:00,0.0
2024-03-28 06:00:00,0.0
2024-03-28 07:00:00,147.17470290686128
2024-03-28 08:00:00,284.3196930283161
2024-03-28 09:00:00,402.08876593039986
2024-03-28 10:00:00,492.45615391743024
2024-03-28 11:00:00,549.2634688372611
2024-03-28 12:00:00,568.6393860566324
2024-03-28 13:00:00,549.2634688372611
2024-03-28 14:00:00,492.45615391743036
2024-03-28 15:00:00,402.0887659303999
2024-03-28 16:00:00,284.3196930283161
2024-03-28 17:00:00,147.1747029068614
2024-03-28 18:00:00,6.963824040033709e-14
2024-03-28 19:00:00,0.0
2024-03-28 20:00:00,0.0
2024-03-28 21:00:00,0.0
2024-03-28 22:00:00,0.0
2024-03-28 23:00:00,0.0
2024-03-29 00:00:00,0.0
2024-03-29 01:00:00,0.0
2024-03-29 02:00:00,0.0
2024-03-29 03:00:00,0.0
2024-03-29 04:00:00,0.0
2024-03-29 05:00:00,0.0
2024-03-29 06:00:00,0.0
2024-03-29 07:00:00,149.3785533588731
2024-03-29 08:00:00,288.5772051660702
2024-03-29 09:00:00,408.1097973375798
2024-03-29 10:00:00,499.8303812538615
2024-03-29 11:00:00,557.4883506964529
2024-03-29 12:00:00,577.1544103321405
2024-03-29 13:00:00,557.4883506964529
2024-03-29 14:00:00,499.8303812538616
2024-03-29 15:00:00,408.10979733757983
2024-03-29 16:00:00,288.5772051660702
2024-03-29 17:00:00,149.37855335887323
2024-03-29 18:00:00,7.06810301227034e-14
2024-03-29 19:00:00,0.0
2024-03-29 20:00:00,0.0
2024-03-29 21:00:00,0.0
2024-03-29 22:00:00,0.0
2024-03-29 23:00:00,0.0
2024-03-30 00:00:00,0.0
2024-03-30 01:00:00,0.0
2024-03-30 02:00:00,0.0
2024-03-30 03:00:00,0.0
2024-03-30 04:00:00,0.0
2024-03-30 05:00:00,0.0
2024-03-30 06:00:00,0.0
2024-03-30 07:00:00,151.57648655608963
2024-03-30 08:00:00,292.82328604536934
2024-03-30 09:00:00,414.1146625040177
2024-03-30 10:00:00,507.18480906985434
2024-03-30 11:00:00,565.6911490601073
2024-03-30 12:00:00,585.6465720907388
2024-03-30 13:00:00,565.6911490601074
2024-03-30 14:00:00,507.18480906985445
2024-03-30 15:00:00,414.11466250401776
2024-03-30 16:00:00,292.82328604536934
2024-03-30 17:00:00,151.57648655608978
2024-03-30 18:00:00,7.172101999425429e-14
2024-03-30 19:00:00,0.0
2024-03-30 20:00:00,0.0
2024-03-30 21:00:00,0.0
2024-03-30 22:00:00,0.0
2024-03-30 23:00:00,0.0
2024-03-31 00:00:00,0.0
2024-03-31 01:00:00,0.0
2024-03-31 02:00:00,0.0
2024-03-31 03:00:00,0.0
2024-03-31 04:00:00,0.0
2024-03-31 05:00:00,0.0
2024-03-31 06:00:00,0.0
2024-03-31 07:00:00,153.76785120346926
2024-03-31 08:00:00,297.056677460811
2024-03-31 09:00:00,420.1015820585691
2024-03-31 10:00:00,514.5172580897251
2024-03-31 11:00:00,573.8694332620383
2024-03-31 12:00:00,594.1133549216221
2024-03-31 13:00:00,573.8694332620385
2024-03-31 14:00:00,514.5172580897254
2024-03-31 15:00:00,420.1015820585692
2024-03-31 16:00:00,297.056677460811
2024-03-31 17:00:00,153.7678512034694
2024-03-31 18:00:00,7.2757901843546e-14
2024-03-31 19:00:00,0.0
2024-03-31 20:00:00,0.0
2024-03-31 21:00:00,0.0
2024-03-31 22:00:00,0.0
2024-03-31 23:00:00,0.0
2024-04-01 00:00:00,0.0
2024-04-01 01:00:00,0.0
2024-04-01 02:00:00,0.0
2024-04-01 03:00:00,0.0
2024-04-01 04:00:00,0.0
2024-04-01 05:00:00,0.0
2024-04-01 06:00:00,0.0
2024-04-01 07:00:00,155.9519979523735
2024-04-01 08:00:00,301.2761249671548
2024-04-01 09:00:00,426.0687819477618
2024-04-01 10:00:00,521.8255555505824
2024-04-01 11:00:00,582.0207799001353
2024-04-01 12:00:00,602.5522499343097
2024-04-01 13:00:00,582.0207799001354
2024-04-01 14:00:00,521.8255555505825
2024-04-01 15:00:00,426.06878194776186
2024-04-01 16:00:00,301.2761249671548
2024-04-01 17:00:00,155.95199795237363
2024-04-01 18:00:00,7.379136842010883e-14
2024-04-01 19:00:00,0.0
2024-04-01 20:00:00,0.0
2024-04-01 21:00:00,0.0
2024-04-01 22:00:00,0.0
2024-04-01 23:00:00,0.0
2024-04-02 00:00:00,0.0
2024-04-02 01:00:00,0.0
2024-04-02 02:00:00,0.0
2024-04-02 03:00:00,0.0
2024-04-02 04:00:00,0.0
2024-04-02 05:00:00,0.0
2024-04-02 06:00:00,0.0
2024-04-02 07:00:00,158.1282795929828
2024-04-02 08:00:00,305.4803782510413
2024-04-02 09:00:00,432.0144939614858
2024-04-02 10:00:00,529.1075358461622
2024-04-02 11:00:00,590.1427735544686
2024-04-02 12:00:00,610.9607565020829
2024-04-02 13:00:00,590.1427735544687
2024-04-02 14:00:00,529.1075358461624
2024-04-02 15:00:00,432.0144939614859
2024-04-02 16:00:00,305.4803782510413
2024-04-02 17:00:00,158.12827959298295
2024-04-02 18:00:00,7.482111348549212e-14
2024-04-02 19:00:00,0.0
2024-04-02 20:00:00,0.0
2024-04-02 21:00:00,0.0
2024-04-02 22:00:00,0.0
2024-04-02 23:00:00,0.0
2024-04-03 00:00:00,0.0
2024-04-03 01:00:00,0.0
2024-04-03 02:00:00,0.0
2024-04-03 03:00:00,0.0
2024-04-03 04:00:00,0.0
2024-04-03 05:00:00,0.0
2024-04-03 06:00:00,0.0
2024-04-03 07:00:00,160.29605124607912
2024-04-03 08:00:00,309.6681915014875
2024-04-03 09:00:00,437.93695625695256
2024-04-03 10:00:00,536.3610411685452
2024-04-03 11:00:00,598.2330075030317
2024-04-03 12:00:00,619.3363830029751
2024-04-03 13:00:00,598.2330075030317
2024-04-03 14:00:00,536.3610411685453
2024-04-03 15:00:00,437.9369562569526
2024-04-03 16:00:00,309.6681915014875
2024-04-03 17:00:00,160.29605124607926
2024-04-03 18:00:00,7.584683190400927e-14
2024-04-03 19:00:00,0.0
2024-04-03 20:00:00,0.0
2024-04-03 21:00:00,0.0
2024-04-03 22:00:00,0.0
2024-04-03 23:00:00,0.0
2024-04-04 00:00:00,0.0
2024-04-04 01:00:00,0.0
2024-04-04 02:00:00,0.0
2024-04-04 03:00:00,0.0
2024-04-04 04:00:00,0.0
2024-04-04 05:00:00,0.0
2024-04-04 06:00:00,0.0
2024-04-04 07:00:00,162.45467055413727
2024-04-04 08:00:00,313.8383237790467
2024-04-04 09:00:00,443.83441388076653
2024-04-04 10:00:00,543.5839221475605
2024-04-04 11:00:00,606.2890844349038
2024-04-04 12:00:00,627.6766475580935
2024-04-04 13:00:00,606.2890844349039
2024-04-04 14:00:00,543.5839221475608
2024-04-04 15:00:00,443.8344138807666
2024-04-04 16:00:00,313.8383237790467
2024-04-04 17:00:00,162.4546705541374
2024-04-04 18:00:00,7.686821973315606e-14
2024-04-04 19:00:00,0.0
2024-04-04 20:00:00,0.0
2024-04-04 21:00:00,0.0
2024-04-04 22:00:00,0.0
2024-04-04 23:00:00,0.0
2024-04-05 00:00:00,0.0
2024-04-05 01:00:00,0.0
2024-04-05 02:00:00,0.0
2024-04-05 03:00:00,0.0
2024-04-05 04:00:00,0.0
2024-04-05 05:00:00,0.0
2024-04-05 06:00:00,0.0
2024-04-05 07:00:00,164.60349787166945
2024-04-05 08:00:00,317.9895393835263
2024-04-05 09:00:00,449.70511928895644
2024-04-05 10:00:00,550.774038487692
2024-04-05 11:00:00,614.3086171606259
2024-04-05 12:00:00,635.9790787670528
2024-04-05 13:00:00,614.308617160626
2024-04-05 14:00:00,550.7740384876922
2024-04-05 15:00:00,449.7051192889565
2024-04-05 16:00:00,317.9895393835263
2024-04-05 17:00:00,164.60349787166962
2024-04-05 18:00:00,7.788497431367536e-14
2024-04-05 19:00:00,0.0
2024-04-05 20:00:00,0.0
2024-04-05 21:00:00,0.0
2024-04-05 22:00:00,0.0
2024-04-05 23:00:00,0.0
2024-04-06 00:00:00,0.0
2024-04-06 01:00:00,0.0
2024-04-06 02:00:00,0.0
2024-04-06 03:00:00,0.0
2024-04-06 04:00:00,0.0
2024-04-06 05:00:00,0.0
2024-04-06 06:00:00,0.0
2024-04-06 07:00:00,166.74189645476605
2024-04-06 08:00:00,322.1206082201522
2024-04-06 09:00:00,455.5473328648096
2024-04-06 10:00:00,557.9292596022925
2024-04-06 11:00:00,622.2892293195757
2024-04-06 12:00:00,644.2412164403045
2024-04-06 13:00:00,622.2892293195757
2024-04-06 14:00:00,557.9292596022927
2024-04-06 15:00:00,455.5473328648097
2024-04-06 16:00:00,322.1206082201522
2024-04-06 17:00:00,166.7418964547662
2024-04-06 18:00:00,7.889679435924161e-14
2024-04-06 19:00:00,0.0
2024-04-06 20:00:00,0.0
2024-04-06 21:00:00,0.0
2024-04-06 22:00:00,0.0
2024-04-06 23:00:00,0.0
2024-04-07 00:00:00,0.0
2024-04-07 01:00:00,0.0
2024-04-07 02:00:00,0.0
2024-04-07 03:00:00,0.0
2024-04-07 04:00:00,0.0
2024-04-07 05:00:00,0.0
2024-04-07 06:00:00,0.0
2024-04-07 07:00:00,168.8692326497764
2024-04-07 08:00:00,326.2303061640722
2024-04-07 09:00:00,461.35932343435815
2024-04-07 10:00:00,565.0474652449234
2024-04-07 11:00:00,630.2285560841345
2024-04-07 12:00:00,652.4606123281445
2024-04-07 13:00:00,630.2285560841347
2024-04-07 14:00:00,565.0474652449235
2024-04-07 15:00:00,461.3593234343582
2024-04-07 16:00:00,326.2303061640722
2024-04-07 17:00:00,168.86923264977654
2024-04-07 18:00:00,7.990338004573844e-14
2024-04-07 19:00:00,0.0
2024-04-07 20:00:00,0.0
2024-04-07 21:00:00,0.0
2024-04-07 22:00:00,0.0
2024-04-07 23:00:00,0.0
2024-04-08 00:00:00,0.0
2024-04-08 01:00:00,0.0
2024-04-08 02:00:00,0.0
2024-04-08 03:00:00,0.0
2024-04-08 04:00:00,0.0
2024-04-08 05:00:00,0.0
2024-04-08 06:00:00,0.0
2024-04-08 07:00:00,170.98487608107425
2024-04-08 08:00:00,330.31741542309106
2024-04-08 09:00:00,467.1393687793632
2024-04-08 10:00:00,572.1265461376291
2024-04-08 11:00:00,638.1242448604374
2024-04-08 12:00:00,660.6348308461822
2024-04-08 13:00:00,638.1242448604376
2024-04-08 14:00:00,572.1265461376294
2024-04-08 15:00:00,467.13936877936334
2024-04-08 16:00:00,330.31741542309106
2024-04-08 17:00:00,170.9848760810744
2024-04-08 18:00:00,8.090443310010302e-14
2024-04-08 19:00:00,0.0
2024-04-08 20:00:00,0.0
2024-04-08 21:00:00,0.0
2024-04-08 22:00:00,0.0
2024-04-08 23:00:00,0.0
2024-04-09 00:00:00,0.0
2024-04-09 01:00:00,0.0
2024-04-09 02:00:00,0.0
2024-04-09 03:00:00,0.0
2024-04-09 04:00:00,0.0
2024-04-09 05:00:00,0.0
2024-04-09 06:00:00,0.0
2024-04-09 07:00:00,173.08819983785162
2024-04-09 08:00:00,334.38072489852823
2024-04-09 09:00:00,472.8857561476456
2024-04-09 10:00:00,579.1644045959624
2024-04-09 11:00:00,645.9739559854972
2024-04-09 12:00:00,668.7614497970567
2024-04-09 13:00:00,645.9739559854974
2024-04-09 14:00:00,579.1644045959627
2024-04-09 15:00:00,472.88575614764574
2024-04-09 16:00:00,334.38072489852823
2024-04-09 17:00:00,173.08819983785176
2024-04-09 18:00:00,8.189965688871088e-14
2024-04-09 19:00:00,0.0
2024-04-09 20:00:00,0.0
2024-04-09 21:00:00,0.0
2024-04-09 22:00:00,0.0
2024-04-09 23:00:00,0.0
2024-04-10 00:00:00,0.0
2024-04-10 01:00:00,0.0
2024-04-10 02:00:00,0.0
2024-04-10 03:00:00,0.0
2024-04-10 04:00:00,0.0
2024-04-10 05:00:00,0.0
2024-04-10 06:00:00,0.0
2024-04-10 07:00:00,175.1785806598859
2024-04-10 08:00:00,338.41903054409283
2024-04-10 09:00:00,478.5967827606109
2024-04-10 10:00:00,586.1589551505725
2024-04-10 11:00:00,653.7753634204968
2024-04-10 12:00:00,676.8380610881858
2024-04-10 13:00:00,653.7753634204969
2024-04-10 14:00:00,586.1589551505726
2024-04-10 15:00:00,478.59678276061095
2024-04-10 16:00:00,338.41903054409283
2024-04-10 17:00:00,175.17858065988605
2024-04-10 18:00:00,8.288875650527475e-14
2024-04-10 19:00:00,0.0
2024-04-10 20:00:00,0.0
2024-04-10 21:00:00,0.0
2024-04-10 22:00:00,0.0
2024-04-10 23:00:00,0.0
2024-04-11 00:00:00,0.0
2024-04-11 01:00:00,0.0
2024-04-11 02:00:00,0.0
2024-04-11 03:00:00,0.0
2024-04-11 04:00:00,0.0
2024-04-11 05:00:00,0.0
2024-04-11 06:00:00,0.0
2024-04-11 07:00:00,177.2553991222254
2024-04-11 08:00:00,342.43113572266816
2024-04-11 09:00:00,484.2707563178195
2024-04-11 10:00:00,593.1081251651752
2024-04-11 11:00:00,661.5261554400449
2024-04-11 12:00:00,684.8622714453365
2024-04-11 13:00:00,661.5261554400449
2024-04-11 14:00:00,593.1081251651755
2024-04-11 15:00:00,484.2707563178196
2024-04-11 16:00:00,342.43113572266816
2024-04-11 17:00:00,177.25539912222555
2024-04-11 18:00:00,8.387143885823171e-14
2024-04-11 19:00:00,0.0
2024-04-11 20:00:00,0.0
2024-04-11 21:00:00,0.0
2024-04-11 22:00:00,0.0
2024-04-11 23:00:00,0.0
2024-04-12 00:00:00,0.0
2024-04-12 01:00:00,0.0
2024-04-12 02:00:00,0.0
2024-04-12 03:00:00,0.0
2024-04-12 04:00:00,0.0
2024-04-12 05:00:00,0.0
2024-04-12 06:00:00,0.0
2024-04-12 07:00:00,179.31803981873838
2024-04-12 08:00:00,346.4158515609017
2024-04-12 09:00:00,489.9059954984522
2024-04-12 10:00:00,600.0098554507201
2024-04-12 11:00:00,669.2240353171906
2024-04-12 12:00:00,692.8317031218036
2024-04-12 13:00:00,669.2240353171907
2024-04-12 14:00:00,600.0098554507202
2024-04-12 15:00:00,489.9059954984523
2024-04-12 16:00:00,346.4158515609017
2024-04-12 17:00:00,179.31803981873853
2024-04-12 18:00:00,8.48474127575926e-14
2024-04-12 19:00:00,0.0
2024-04-12 20:00:00,0.0
2024-04-12 21:00:00,0.0
2024-04-12 22:00:00,0.0
2024-04-12 23:00:00,0.0
2024-04-13 00:00:00,0.0
2024-04-13 01:00:00,0.0
2024-04-13 02:00:00,0.0
2024-04-13 03:00:00,0.0
2024-04-13 04:00:00,0.0
2024-04-13 05:00:00,0.0
2024-04-13 06:00:00,0.0
2024-04-13 07:00:00,181.36589154447097
2024-04-13 08:00:00,350.3719973014932
2024-04-13 09:00:00,495.50083045952124
2024-04-13 10:00:00,606.8621008755717
2024-04-13 11:00:00,676.8667220039922
2024-04-13 12:00:00,700.7439946029865
2024-04-13 13:00:00,676.8667220039923
2024-04-13 14:00:00,606.862100875572
2024-04-13 15:00:00,495.50083045952135
2024-04-13 16:00:00,350.3719973014932
2024-04-13 17:00:00,181.36589154447114
2024-04-13 18:00:00,8.581638900122776e-14
2024-04-13 19:00:00,0.0
2024-04-13 20:00:00,0.0
2024-04-13 21:00:00,0.0
2024-04-13 22:00:00,0.0
2024-04-13 23:00:00,0.0
2024-04-14 00:00:00,0.0
2024-04-14 01:00:00,0.0
2024-04-14 02:00:00,0.0
2024-04-14 03:00:00,0.0
2024-04-14 04:00:00,0.0
2024-04-14 05:00:00,0.0
2024-04-14 06:00:00,0.0
2024-04-14 07:00:00,183.3983474767606
2024-04-14 08:00:00,354.2984006530791
2024-04-14 09:00:00,501.05360333068126
2024-04-14 10:00:00,613.6628309715273
2024-04-14 11:00:00,684.4519508074419
2024-04-14 12:00:00,708.5968013061585
2024-04-14 13:00:00,684.451950807442
2024-04-14 14:00:00,613.6628309715276
2024-04-14 15:00:00,501.05360333068137
2024-04-14 16:00:00,354.2984006530791
2024-04-14 17:00:00,183.39834747676076
2024-04-14 18:00:00,8.6778080460564e-14
2024-04-14 19:00:00,0.0
2024-04-14 20:00:00,0.0
2024-04-14 21:00:00,0.0
2024-04-14 22:00:00,0.0
2024-04-14 23:00:00,0.0
2024-04-15 00:00:00,0.0
2024-04-15 01:00:00,0.0
2024-04-15 02:00:00,0.0
2024-04-15 03:00:00,0.0
2024-04-15 04:00:00,0.0
2024-04-15 05:00:00,0.0
2024-04-15 06:00:00,0.0
2024-04-15 07:00:00,185.41480535505053
2024-04-15 08:00:00,358.19389813760773
2024-04-15 09:00:00,506.56266870549194
2024-04-15 10:00:00,620.4100305354876
2024-04-15 11:00:00,691.9774740605425
2024-04-15 12:00:00,716.3877962752157
2024-04-15 13:00:00,691.9774740605425
2024-04-15 14:00:00,620.4100305354879
2024-04-15 15:00:00,506.562668705492
2024-04-15 16:00:00,358.19389813760773
2024-04-15 17:00:00,185.4148053550507
2024-04-15 18:00:00,8.77322021656669e-14
2024-04-15 19:00:00,0.0
2024-04-15 20:00:00,0.0
2024-04-15 21:00:00,0.0
2024-04-15 22:00:00,0.0
2024-04-15 23:00:00,0.0
2024-04-16 00:00:00,0.0
2024-04-16 01:00:00,0.0
2024-04-16 02:00:00,0.0
2024-04-16 03:00:00,0.0
2024-04-16 04:00:00,0.0
2024-04-16 05:00:00,0.0
2024-04-16 06:00:00,0.0
2024-04-16 07:00:00,187.4146676593527
2024-04-16 08:00:00,362.0573354351026
2024-04-16 09:00:00,512.0263941289871
2024-04-16 10:00:00,627.1017002266053
2024-04-16 11:00:00,699.4410617883399
2024-04-16 12:00:00,724.1146708702053
2024-04-16 13:00:00,699.4410617883399
2024-04-16 14:00:00,627.1017002266055
2024-04-16 15:00:00,512.0263941289872
2024-04-16 16:00:00,362.0573354351026
2024-04-16 17:00:00,187.41466765935286
2024-04-16 18:00:00,8.867847138968362e-14
2024-04-16 19:00:00,0.0
2024-04-16 20:00:00,0.0
2024-04-16 21:00:00,0.0
2024-04-16 22:00:00,0.0
2024-04-16 23:00:00,0.0
2024-04-17 00:00:00,0.0
2024-04-17 01:00:00,0.0
2024-04-17 02:00:00,0.0
2024-04-17 03:00:00,0.0
2024-04-17 04:00:00,0.0
2024-04-17 05:00:00,0.0
2024-04-17 06:00:00,0.0
2024-04-17 07:00:00,189.39734178730578
2024-04-17 08:00:00,365.88756772571264
2024-04-17 09:00:00,517.4431605814073
2024-04-17 10:00:00,633.7358571587329
2024-04-17 11:00:00,706.840502368713
2024-04-17 12:00:00,731.7751354514255
2024-04-17 13:00:00,706.8405023687131
2024-04-17 14:00:00,633.7358571587331
2024-04-17 15:00:00,517.4431605814074
2024-04-17 16:00:00,365.88756772571264
2024-04-17 17:00:00,189.39734178730595
2024-04-17 18:00:00,8.96166077326209e-14
2024-04-17 19:00:00,0.0
2024-04-17 20:00:00,0.0
2024-04-17 21:00:00,0.0
2024-04-17 22:00:00,0.0
2024-04-17 23:00:00,0.0
2024-04-18 00:00:00,0.0
2024-04-18 01:00:00,0.0
2024-04-18 02:00:00,0.0
2024-04-18 03:00:00,0.0
2024-04-18 04:00:00,0.0
2024-04-18 05:00:00,0.0
2024-04-18 06:00:00,0.0
2024-04-18 07:00:00,191.36224022977603
2024-04-18 08:00:00,369.6834600289471
2024-04-18 09:00:00,522.8113629579491
2024-04-18 10:00:00,640.3105354879946
2024-04-18 11:00:00,714.1736031877251
2024-04-18 12:00:00,739.3669200578943
2024-04-18 13:00:00,714.1736031877251
2024-04-18 14:00:00,640.3105354879947
2024-04-18 15:00:00,522.8113629579491
2024-04-18 16:00:00,369.6834600289471
2024-04-18 17:00:00,191.3622402297762
2024-04-18 18:00:00,9.054633320443372e-14
2024-04-18 19:00:00,0.0
2024-04-18 20:00:00,0.0
2024-04-18 21:00:00,0.0
2024-04-18 22:00:00,0.0
2024-04-18 23:00:00,0.0
2024-04-19 00:00:00,0.0
2024-04-19 01:00:00,0.0
2024-04-19 02:00:00,0.0
2024-04-19 03:00:00,0.0
2024-04-19 04:00:00,0.0
2024-04-19 05:00:00,0.0
2024-04-19 06:00:00,0.0
2024-04-19 07:00:00,193.308780744949
2024-04-19 08:00:00,373.4438875399942
2024-04-19 09:00:00,528.1294105443928
2024-04-19 10:00:00,646.823786995308
2024-04-19 11:00:00,721.4381912893418
2024-04-19 12:00:00,746.8877750799886
2024-04-19 13:00:00,721.438191289342
2024-04-19 14:00:00,646.8237869953082
2024-04-19 15:00:00,528.129410544393
2024-04-19 16:00:00,373.4438875399942
2024-04-19 17:00:00,193.30878074494916
2024-04-19 18:00:00,9.146737230739964e-14
2024-04-19 19:00:00,0.0
2024-04-19 20:00:00,0.0
2024-04-19 21:00:00,0.0
2024-04-19 22:00:00,0.0
2024-04-19 23:00:00,0.0
2024-04-20 00:00:00,0.0
2024-04-20 01:00:00,0.0
2024-04-20 02:00:00,0.0
2024-04-20 03:00:00,0.0
2024-04-20 04:00:00,0.0
2024-04-20 05:00:00,0.0
2024-04-20 06:00:00,0.0
2024-04-20 07:00:00,195.23638653086024
2024-04-20 08:00:00,377.167735963026
2024-04-20 09:00:00,533.395727488466
2024-04-20 10:00:00,653.2736816636843
2024-04-20 11:00:00,728.6321140193263
2024-04-20 12:00:00,754.3354719260523
2024-04-20 13:00:00,728.6321140193264
2024-04-20 14:00:00,653.2736816636844
2024-04-20 15:00:00,533.3957274884662
2024-04-20 16:00:00,377.167735963026
2024-04-20 17:00:00,195.23638653086041
2024-04-20 18:00:00,9.23794521177548e-14
2024-04-20 19:00:00,0.0
2024-04-20 20:00:00,0.0
2024-04-20 21:00:00,0.0
2024-04-20 22:00:00,0.0
2024-04-20 23:00:00,0.0
2024-04-21 00:00:00,0.0
2024-04-21 01:00:00,0.0
2024-04-21 02:00:00,0.0
2024-04-21 03:00:00,0.0
2024-04-21 04:00:00,0.0
2024-04-21 05:00:00,0.0
2024-04-21 06:00:00,0.0
2024-04-21 07:00:00,197.14448639631425
2024-04-21 08:00:00,380.8539018413875
2024-04-21 09:00:00,538.6087532668018
2024-04-21 10:00:00,659.6583082501331
2024-04-21 11:00:00,735.753239663116
2024-04-21 12:00:00,761.7078036827751
2024-04-21 13:00:00,735.7532396631161
2024-04-21 14:00:00,659.6583082501334
2024-04-21 15:00:00,538.6087532668018
2024-04-21 16:00:00,380.8539018413875
2024-04-21 17:00:00,197.14448639631442
2024-04-21 18:00:00,9.328230236656711e-14
2024-04-21 19:00:00,0.0
2024-04-21 20:00:00,0.0
2024-04-21 21:00:00,0.0
2024-04-21 22:00:00,0.0
2024-04-21 23:00:00,0.0
2024-04-22 00:00:00,0.0
2024-04-22 01:00:00,0.0
2024-04-22 02:00:00,0.0
2024-04-22 03:00:00,0.0
2024-04-22 04:00:00,0.0
2024-04-22 05:00:00,0.0
2024-04-22 06:00:00,0.0
2024-04-22 07:00:00,199.0325149301407
2024-04-22 08:00:00,384.5012928845748
2024-04-22 09:00:00,543.7669431473555
2024-04-22 10:00:00,665.9757748520052
2024-04-22 11:00:00,742.7994580774962
2024-04-22 12:00:00,769.0025857691498
2024-04-22 13:00:00,742.7994580774963
2024-04-22 14:00:00,665.9757748520054
2024-04-22 15:00:00,543.7669431473556
2024-04-22 16:00:00,384.5012928845748
2024-04-22 17:00:00,199.0325149301409
2024-04-22 18:00:00,9.417565551982274e-14
2024-04-22 19:00:00,0.0
2024-04-22 20:00:00,0.0
2024-04-22 21:00:00,0.0
2024-04-22 22:00:00,0.0
2024-04-22 23:00:00,0.0
2024-04-23 00:00:00,0.0
2024-04-23 01:00:00,0.0
2024-04-23 02:00:00,0.0
2024-04-23 03:00:00,0.0
2024-04-23 04:00:00,0.0
2024-04-23 05:00:00,0.0
2024-04-23 06:00:00,0.0
2024-04-23 07:00:00,200.8999126687381
2024-04-23 08:00:00,388.10882829190484
2024-04-23 09:00:00,548.8687686471427
2024-04-23 10:00:00,672.2242094676045
2024-04-23 11:00:00,749.7686813158808
2024-04-23 12:00:00,776.2176565838098
2024-04-23 13:00:00,749.7686813158809
2024-04-23 14:00:00,672.2242094676046
2024-04-23 15:00:00,548.8687686471428
2024-04-23 16:00:00,388.10882829190484
2024-04-23 17:00:00,200.89991266873827
2024-04-23 18:00:00,9.505924685770222e-14
2024-04-23 19:00:00,0.0
2024-04-23 20:00:00,0.0
2024-04-23 21:00:00,0.0
2024-04-23 22:00:00,0.0
2024-04-23 23:00:00,0.0
2024-04-24 00:00:00,0.0
2024-04-24 01:00:00,0.0
2024-04-24 02:00:00,0.0
2024-04-24 03:00:00,0.0
2024-04-24 04:00:00,0.0
2024-04-24 05:00:00,0.0
2024-04-24 06:00:00,0.0
2024-04-24 07:00:00,202.74612626185464
2024-04-24 08:00:00,391.6754390727793
2024-04-24 09:00:00,553.9127179851614
2024-04-24 10:00:00,678.4017605509019
2024-04-24 11:00:00,756.6588442470161
2024-04-24 12:00:00,783.3508781455587
2024-04-24 13:00:00,756.6588442470162
2024-04-24 14:00:00,678.4017605509022
2024-04-24 15:00:00,553.9127179851615
2024-04-24 16:00:00,391.6754390727793
2024-04-24 17:00:00,202.7461262618548
2024-04-24 18:00:00,9.593281455302268e-14
2024-04-24 19:00:00,0.0
2024-04-24 20:00:00,0.0
2024-04-24 21:00:00,0.0
2024-04-24 22:00:00,0.0
2024-04-24 23:00:00,0.0
2024-04-25 00:00:00,0.0
2024-04-25 01:00:00,0.0
2024-04-25 02:00:00,0.0
2024-04-25 03:00:00,0.0
2024-04-25 04:00:00,0.0
2024-04-25 05:00:00,0.0
2024-04-25 06:00:00,0.0
2024-04-25 07:00:00,204.57060863655826
2024-04-25 08:00:00,395.20006836345016
2024-04-25 09:00:00,558.8972965303657
2024-04-25 10:00:00,684.5065975601893
2024-04-25 11:00:00,763.467905166924
2024-04-25 12:00:00,790.4001367269004
2024-04-25 13:00:00,763.4679051669241
2024-04-25 14:00:00,684.5065975601896
2024-04-25 15:00:00,558.8972965303658
2024-04-25 16:00:00,395.20006836345016
2024-04-25 17:00:00,204.57060863655846
2024-04-25 18:00:00,9.67960997488229e-14
2024-04-25 19:00:00,0.0
2024-04-25 20:00:00,0.0
2024-04-25 21:00:00,0.0
2024-04-25 22:00:00,0.0
2024-04-25 23:00:00,0.0
2024-04-26 00:00:00,0.0
2024-04-26 01:00:00,0.0
2024-04-26 02:00:00,0.0
2024-04-26 03:00:00,0.0
2024-04-26 04:00:00,0.0
2024-04-26 05:00:00,0.0
2024-04-26 06:00:00,0.0
2024-04-26 07:00:00,206.37281915934568
2024-04-26 08:00:00,398.6816717401907
2024-04-26 09:00:00,563.8210272445561
2024-04-26 10:00:00,690.5369115005074
2024-04-26 11:00:00,770.1938464039018
2024-04-26 12:00:00,797.3633434803817
2024-04-26 13:00:00,770.193846403902
2024-04-26 14:00:00,690.5369115005076
2024-04-26 15:00:00,563.8210272445563
2024-04-26 16:00:00,398.6816717401907
2024-04-26 17:00:00,206.37281915934588
2024-04-26 18:00:00,9.764884663506809e-14
2024-04-26 19:00:00,0.0
2024-04-26 20:00:00,0.0
2024-04-26 21:00:00,0.0
2024-04-26 22:00:00,0.0
2024-04-26 23:00:00,0.0
2024-04-27 00:00:00,0.0
2024-04-27 01:00:00,0.0
2024-04-27 02:00:00,0.0
2024-04-27 03:00:00,0.0
2024-04-27 04:00:00,0.0
2024-04-27 05:00:00,0.0
2024-04-27 06:00:00,0.0
2024-04-27 07:00:00,208.15222379634417
2024-04-27 08:00:00,402.11921752878146
2024-04-27 09:00:00,568.6824511200597
2024-04-27 10:00:00,696.490915459691
2024-04-27 11:00:00,776.8346749164039
2024-04-27 12:00:00,804.238435057563
2024-04-27 13:00:00,776.834674916404
2024-04-27 14:00:00,696.4909154596912
2024-04-27 15:00:00,568.6824511200598
2024-04-27 16:00:00,402.11921752878146
2024-04-27 17:00:00,208.15222379634437
2024-04-27 18:00:00,9.849080252445212e-14
2024-04-27 19:00:00,0.0
2024-04-27 20:00:00,0.0
2024-04-27 21:00:00,0.0
2024-04-27 22:00:00,0.0
2024-04-27 23:00:00,0.0
2024-04-28 00:00:00,0.0
2024-04-28 01:00:00,0.0
2024-04-28 02:00:00,0.0
2024-04-28 03:00:00,0.0
2024-04-28 04:00:00,0.0
2024-04-28 05:00:00,0.0
2024-04-28 06:00:00,0.0
2024-04-28 07:00:00,209.90829527155705
2024-04-28 08:00:00,405.51168711021677
2024-04-28 09:00:00,573.4801276120637
2024-04-28 10:00:00,702.3668451378688
2024-04-28 11:00:00,783.3884228836207
2024-04-28 12:00:00,811.0233742204337
2024-04-28 13:00:00,783.3884228836208
2024-04-28 14:00:00,702.3668451378691
2024-04-28 15:00:00,573.4801276120637
2024-04-28 16:00:00,405.51168711021677
2024-04-28 17:00:00,209.90829527155722
2024-04-28 18:00:00,9.932171792727402e-14
2024-04-28 19:00:00,0.0
2024-04-28 20:00:00,0.0
2024-04-28 21:00:00,0.0
2024-04-28 22:00:00,0.0
2024-04-28 23:00:00,0.0
2024-04-29 00:00:00,0.0
2024-04-29 01:00:00,0.0
2024-04-29 02:00:00,0.0
2024-04-29 03:00:00,0.0
2024-04-29 04:00:00,0.0
2024-04-29 05:00:00,0.0
2024-04-29 06:00:00,0.0
2024-04-29 07:00:00,211.64051322310712
2024-04-29 08:00:00,408.85807522254424
2024-04-29 09:00:00,578.2126350654813
2024-04-29 10:00:00,708.1629593702646
2024-04-29 11:00:00,789.8531482885885
2024-04-29 12:00:00,817.7161504450887
2024-04-29 13:00:00,789.8531482885885
2024-04-29 14:00:00,708.1629593702648
2024-04-29 15:00:00,578.2126350654814
2024-04-29 16:00:00,408.85807522254424
2024-04-29 17:00:00,211.6405132231073
2024-04-29 18:00:00,1.0014134662536735e-13
2024-04-29 19:00:00,0.0
2024-04-29 20:00:00,0.0
2024-04-29 21:00:00,0.0
2024-04-29 22:00:00,0.0
2024-04-29 23:00:00,0.0
2024-04-30 00:00:00,0.0
2024-04-30 01:00:00,0.0
2024-04-30 02:00:00,0.0
2024-04-30 03:00:00,0.0
2024-04-30 04:00:00,0.0
2024-04-30 05:00:00,0.0
2024-04-30 06:00:00,0.0
2024-04-30 07:00:00,213.34836435743097
2024-04-30 08:00:00,412.15739025874524
2024-04-30 09:00:00,582.8785711362182
2024-04-30 10:00:00,713.8775406431406
2024-04-30 11:00:00,796.2269354936492
2024-04-30 12:00:00,824.3147805174906
2024-04-30 13:00:00,796.2269354936493
2024-04-30 14:00:00,713.8775406431408
2024-04-30 15:00:00,582.8785711362183
2024-04-30 16:00:00,412.15739025874524
2024-04-30 17:00:00,213.34836435743114
2024-04-30 18:00:00,1.009494457450598e-13
2024-04-30 19:00:00,0.0
2024-04-30 20:00:00,0.0
2024-04-30 21:00:00,0.0
2024-04-30 22:00:00,0.0
2024-04-30 23:00:00,0.0
2024-05-01 00:00:00,0.0
2024-05-01 01:00:00,0.0
2024-05-01 02:00:00,0.0
2024-05-01 03:00:00,0.0
2024-05-01 04:00:00,0.0
2024-05-01 05:00:00,0.0
2024-05-01 06:00:00,0.0
2024-05-01 07:00:00,215.0313426013791
2024-05-01 08:00:00,415.40865456056946
2024-05-01 09:00:00,587.4765532067175
2024-05-01 10:00:00,719.5088956027352
2024-05-01 11:00:00,802.5078958080967
2024-05-01 12:00:00,830.8173091211391
2024-05-01 13:00:00,802.5078958080968
2024-05-01 14:00:00,719.5088956027354
2024-05-01 15:00:00,587.4765532067177
2024-05-01 16:00:00,415.40865456056946
2024-05-01 17:00:00,215.0313426013793
2024-05-01 18:00:00,1.0174577582914202e-13
2024-05-01 19:00:00,0.0
2024-05-01 20:00:00,0.0
2024-05-01 21:00:00,0.0
2024-05-01 22:00:00,0.0
2024-05-01 23:00:00,0.0
2024-05-02 00:00:00,0.0
2024-05-02 01:00:00,0.0
2024-05-02 02:00:00,0.0
2024-05-02 03:00:00,0.0
2024-05-02 04:00:00,0.0
2024-05-02 05:00:00,0.0
2024-05-02 06:00:00,0.0
2024-05-02 07:00:00,216.68894925217614
2024-05-02 08:00:00,418.61090470823626
2024-05-02 09:00:00,592.0052187956592
2024-05-02 10:00:00,725.055355557039
2024-05-02 11:00:00,808.6941680478353
2024-05-02 12:00:00,837.2218094164728
2024-05-02 13:00:00,808.6941680478354
2024-05-02 14:00:00,725.0553555570392
2024-05-02 15:00:00,592.0052187956593
2024-05-02 16:00:00,418.61090470823626
2024-05-02 17:00:00,216.68894925217634
2024-05-02 18:00:00,1.0253010090782387e-13
2024-05-02 19:00:00,0.0
2024-05-02 20:00:00,0.0
2024-05-02 21:00:00,0.0
2024-05-02 22:00:00,0.0
2024-05-02 23:00:00,0.0
2024-05-03 00:00:00,0.0
2024-05-03 01:00:00,0.0
2024-05-03 02:00:00,0.0
2024-05-03 03:00:00,0.0
2024-05-03 04:00:00,0.0
2024-05-03 05:00:00,0.0
2024-05-03 06:00:00,0.0
2024-05-03 07:00:00,218.32069312519738
2024-05-03 08:00:00,421.7631918059166
2024-05-03 09:00:00,596.4632259616925
2024-05-03 10:00:00,730.5152769702652
2024-05-03 11:00:00,814.7839190868898
2024-05-03 12:00:00,843.5263836118334
2024-05-03 13:00:00,814.7839190868899
2024-05-03 14:00:00,730.5152769702654
2024-05-03 15:00:00,596.4632259616925
2024-05-03 16:00:00,421.7631918059166
2024-05-03 17:00:00,218.32069312519758
2024-05-03 18:00:00,1.0330218856865742e-13
2024-05-03 19:00:00,0.0
2024-05-03 20:00:00,0.0
2024-05-03 21:00:00,0.0
2024-05-03 22:00:00,0.0
2024-05-03 23:00:00,0.0
2024-05-04 00:00:00,0.0
2024-05-04 01:00:00,0.0
2024-05-04 02:00:00,0.0
2024-05-04 03:00:00,0.0
2024-05-04 04:00:00,0.0
2024-05-04 05:00:00,0.0
2024-05-04 06:00:00,0.0
2024-05-04 07:00:00,219.9260906995174
2024-05-04 08:00:00,424.86458176291166
2024-05-04 09:00:00,600.8492537010826
2024-05-04 10:00:00,735.8870419498645
2024-05-04 11:00:00,820.7753444005999
2024-05-04 12:00:00,849.7291635258235
2024-05-04 13:00:00,820.7753444006
2024-05-04 14:00:00,735.8870419498646
2024-05-04 15:00:00,600.8492537010827
2024-05-04 16:00:00,424.86458176291166
2024-05-04 17:00:00,219.9260906995176
2024-05-04 18:00:00,1.0406181002540577e-13
2024-05-04 19:00:00,0.0
2024-05-04 20:00:00,0.0
2024-05-04 21:00:00,0.0
2024-05-04 22:00:00,0.0
2024-05-04 23:00:00,0.0
2024-05-05 00:00:00,0.0
2024-05-05 01:00:00,0.0
2024-05-05 02:00:00,0.0
2024-05-05 03:00:00,0.0
2024-05-05 04:00:00,0.0
2024-05-05 05:00:00,0.0
2024-05-05 06:00:00,0.0
2024-05-05 07:00:00,221.50466626118754
2024-05-05 08:00:00,427.91415557044354
2024-05-05 09:00:00,605.162002339152
2024-05-05 10:00:00,741.169058725941
2024-05-05 11:00:00,826.6666686003394
2024-05-05 12:00:00,855.8283111408873
2024-05-05 13:00:00,826.6666686003396
2024-05-05 14:00:00,741.1690587259412
2024-05-05 15:00:00,605.1620023391521
2024-05-05 16:00:00,427.91415557044354
2024-05-05 17:00:00,221.50466626118774
2024-05-05 18:00:00,1.0480874018583727e-13
2024-05-05 19:00:00,0.0
2024-05-05 20:00:00,0.0
2024-05-05 21:00:00,0.0
2024-05-05 22:00:00,0.0
2024-05-05 23:00:00,0.0
2024-05-06 00:00:00,0.0
2024-05-06 01:00:00,0.0
2024-05-06 02:00:00,0.0
2024-05-06 03:00:00,0.0
2024-05-06 04:00:00,0.0
2024-05-06 05:00:00,0.0
2024-05-06 06:00:00,0.0
2024-05-06 07:00:00,223.05595204420044
2024-05-06 08:00:00,430.911009573978
2024-05-06 09:00:00,609.4001939154025
2024-05-06 10:00:00,746.3597621229288
2024-05-06 11:00:00,832.4561459596028
2024-05-06 12:00:00,861.8220191479562
2024-05-06 13:00:00,832.456145959603
2024-05-06 14:00:00,746.359762122929
2024-05-06 15:00:00,609.4001939154026
2024-05-06 16:00:00,430.911009573978
2024-05-06 17:00:00,223.05595204420064
2024-05-06 18:00:00,1.0554275771842536e-13
2024-05-06 19:00:00,0.0
2024-05-06 20:00:00,0.0
2024-05-06 21:00:00,0.0
2024-05-06 22:00:00,0.0
2024-05-06 23:00:00,0.0
2024-05-07 00:00:00,0.0
2024-05-07 01:00:00,0.0
2024-05-07 02:00:00,0.0
2024-05-07 03:00:00,0.0
2024-05-07 04:00:00,0.0
2024-05-07 05:00:00,0.0
2024-05-07 06:00:00,0.0
2024-05-07 07:00:00,224.5794883690991
2024-05-07 08:00:00,433.8542557409963
2024-05-07 09:00:00,613.5625725622024
2024-05-07 10:00:00,751.4576140233869
2024-05-07 11:00:00,838.1420609313014
2024-05-07 12:00:00,867.7085114819928
2024-05-07 13:00:00,838.1420609313016
2024-05-07 14:00:00,751.4576140233871
2024-05-07 15:00:00,613.5625725622025
2024-05-07 16:00:00,433.8542557409963
2024-05-07 17:00:00,224.5794883690993
2024-05-07 18:00:00,1.0626364511793368e-13
2024-05-07 19:00:00,0.0
2024-05-07 20:00:00,0.0
2024-05-07 21:00:00,0.0
2024-05-07 22:00:00,0.0
2024-05-07 23:00:00,0.0
2024-05-08 00:00:00,0.0
2024-05-08 01:00:00,0.0
2024-05-08 02:00:00,0.0
2024-05-08 03:00:00,0.0
2024-05-08 04:00:00,0.0
2024-05-08 05:00:00,0.0
2024-05-08 06:00:00,0.0
2024-05-08 07:00:00,226.07482377918984
2024-05-08 08:00:00,436.74302192413876
2024-05-08 09:00:00,617.6479048769271
2024-05-08 10:00:00,756.4611038237764
2024-05-08 11:00:00,843.722728656117
2024-05-08 12:00:00,873.4860438482776
2024-05-08 13:00:00,843.722728656117
2024-05-08 14:00:00,756.4611038237766
2024-05-08 15:00:00,617.6479048769272
2024-05-08 16:00:00,436.74302192413876
2024-05-08 17:00:00,226.07482377919004
2024-05-08 18:00:00,1.0697118876986778e-13
2024-05-08 19:00:00,0.0
2024-05-08 20:00:00,0.0
2024-05-08 21:00:00,0.0
2024-05-08 22:00:00,0.0
2024-05-08 23:00:00,0.0
2024-05-09 00:00:00,0.0
2024-05-09 01:00:00,0.0
2024-05-09 02:00:00,0.0
2024-05-09 03:00:00,0.0
2024-05-09 04:00:00,0.0
2024-05-09 05:00:00,0.0
2024-05-09 06:00:00,0.0
2024-05-09 07:00:00,227.54151517431873
2024-05-09 08:00:00,439.5764521196406
2024-05-09 09:00:00,621.6549802874433
2024-05-09 10:00:00,761.3687488820855
2024-05-09 11:00:00,849.1964954617621
2024-05-09 12:00:00,879.1529042392814
2024-05-09 13:00:00,849.1964954617622
2024-05-09 14:00:00,761.3687488820856
2024-05-09 15:00:00,621.6549802874434
2024-05-09 16:00:00,439.5764521196406
2024-05-09 17:00:00,227.54151517431893
2024-05-09 18:00:00,1.0766517901377355e-13
2024-05-09 19:00:00,0.0
2024-05-09 20:00:00,0.0
2024-05-09 21:00:00,0.0
2024-05-09 22:00:00,0.0
2024-05-09 23:00:00,0.0
2024-05-10 00:00:00,0.0
2024-05-10 01:00:00,0.0
2024-05-10 02:00:00,0.0
2024-05-10 03:00:00,0.0
2024-05-10 04:00:00,0.0
2024-05-10 05:00:00,0.0
2024-05-10 06:00:00,0.0
2024-05-10 07:00:00,228.97912794217152
2024-05-10 08:00:00,442.3537067209844
2024-05-10 09:00:00,625.5826114108269
2024-05-10 10:00:00,766.1790949571674
2024-05-10 11:00:00,854.5617393529983
2024-05-10 12:00:00,884.707413441969
2024-05-10 13:00:00,854.5617393529984
2024-05-10 14:00:00,766.1790949571675
2024-05-10 15:00:00,625.582611410827
2024-05-10 16:00:00,442.3537067209844
2024-05-10 17:00:00,228.97912794217171
2024-05-10 18:00:00,1.0834541020536414e-13
2024-05-10 19:00:00,0.0
2024-05-10 20:00:00,0.0
2024-05-10 21:00:00,0.0
2024-05-10 22:00:00,0.0
2024-05-10 23:00:00,0.0
2024-05-11 00:00:00,0.0
2024-05-11 01:00:00,0.0
2024-05-11 02:00:00,0.0
2024-05-11 03:00:00,0.0
2024-05-11 04:00:00,0.0
2024-05-11 05:00:00,0.0
2024-05-11 06:00:00,0.0
2024-05-11 07:00:00,230.3872360870589
2024-05-11 08:00:00,445.07396276769384
2024-05-11 09:00:00,629.4296344052108
2024-05-11 10:00:00,770.8907166396646
2024-05-11 11:00:00,859.8168704922697
2024-05-11 12:00:00,890.1479255353879
2024-05-11 13:00:00,859.8168704922698
2024-05-11 14:00:00,770.8907166396648
2024-05-11 15:00:00,629.4296344052109
2024-05-11 16:00:00,445.07396276769384
2024-05-11 17:00:00,230.3872360870591
2024-05-11 18:00:00,1.0901168077745694e-13
2024-05-11 19:00:00,0.0
2024-05-11 20:00:00,0.0
2024-05-11 21:00:00,0.0
2024-05-11 22:00:00,0.0
2024-05-11 23:00:00,0.0
2024-05-12 00:00:00,0.0
2024-05-12 01:00:00,0.0
2024-05-12 02:00:00,0.0
2024-05-12 03:00:00,0.0
2024-05-12 04:00:00,0.0
2024-05-12 05:00:00,0.0
2024-05-12 06:00:00,0.0
2024-05-12 07:00:00,231.76542235614804
2024-05-12 08:00:00,447.7364141891942
2024-05-12 09:00:00,633.1949093146561
2024-05-12 10:00:00,775.5022177743872
2024-05-12 11:00:00,864.9603316708041
2024-05-12 12:00:00,895.4728283783886
2024-05-12 13:00:00,864.9603316708042
2024-05-12 14:00:00,775.5022177743874
2024-05-12 15:00:00,633.1949093146562
2024-05-12 16:00:00,447.7364141891942
2024-05-12 17:00:00,231.76542235614824
2024-05-12 18:00:00,1.0966379329970208e-13
2024-05-12 19:00:00,0.0
2024-05-12 20:00:00,0.0
2024-05-12 21:00:00,0.0
2024-05-12 22:00:00,0.0
2024-05-12 23:00:00,0.0
2024-05-13 00:00:00,0.0
2024-05-13 01:00:00,0.0
2024-05-13 02:00:00,0.0
2024-05-13 03:00:00,0.0
2024-05-13 04:00:00,0.0
2024-05-13 05:00:00,0.0
2024-05-13 06:00:00,0.0
2024-05-13 07:00:00,233.1132783631038
2024-05-13 08:00:00,450.3402720436691
2024-05-13 09:00:00,636.8773204069462
2024-05-13 10:00:00,780.0122318740249
2024-05-13 11:00:00,869.9905987700499
2024-05-13 12:00:00,900.6805440873384
2024-05-13 13:00:00,869.99059877005
2024-05-13 14:00:00,780.0122318740251
2024-05-13 15:00:00,636.8773204069463
2024-05-13 16:00:00,450.3402720436691
2024-05-13 17:00:00,233.113278363104
2024-05-13 18:00:00,1.1030155453708555e-13
2024-05-13 19:00:00,0.0
2024-05-13 20:00:00,0.0
2024-05-13 21:00:00,0.0
2024-05-13 22:00:00,0.0
2024-05-13 23:00:00,0.0
2024-05-14 00:00:00,0.0
2024-05-14 01:00:00,0.0
2024-05-14 02:00:00,0.0
2024-05-14 03:00:00,0.0
2024-05-14 04:00:00,0.0
2024-05-14 05:00:00,0.0
2024-05-14 06:00:00,0.0
2024-05-14 07:00:00,234.43040470910213
2024-05-14 08:00:00,452.8847647518401
2024-05-14 09:00:00,640.4757765042011
2024-05-14 10:00:00,784.4194225240658
2024-05-14 11:00:00,874.9061812133033
2024-05-14 12:00:00,905.7695295036805
2024-05-14 13:00:00,874.9061812133034
2024-05-14 14:00:00,784.419422524066
2024-05-14 15:00:00,640.4757765042012
2024-05-14 16:00:00,452.8847647518401
2024-05-14 17:00:00,234.43040470910236
2024-05-14 18:00:00,1.1092477550718864e-13
2024-05-14 19:00:00,0.0
2024-05-14 20:00:00,0.0
2024-05-14 21:00:00,0.0
2024-05-14 22:00:00,0.0
2024-05-14 23:00:00,0.0
2024-05-15 00:00:00,0.0
2024-05-15 01:00:00,0.0
2024-05-15 02:00:00,0.0
2024-05-15 03:00:00,0.0
2024-05-15 04:00:00,0.0
2024-05-15 05:00:00,0.0
2024-05-15 06:00:00,0.0
2024-05-15 07:00:00,235.71641110118085
2024-05-15 08:00:00,455.36913832560344
2024-05-15 09:00:00,643.9892113062185
2024-05-15 10:00:00,788.7224837788053
2024-05-15 11:00:00,879.7056224073993
2024-05-15 12:00:00,910.7382766512071
2024-05-15 13:00:00,879.7056224073995
2024-05-15 14:00:00,788.7224837788054
2024-05-15 15:00:00,643.9892113062186
2024-05-15 16:00:00,455.36913832560344
2024-05-15 17:00:00,235.71641110118105
2024-05-15 18:00:00,1.1153327153618775e-13
2024-05-15 19:00:00,0.0
2024-05-15 20:00:00,0.0
2024-05-15 21:00:00,0.0
2024-05-15 22:00:00,0.0
2024-05-15 23:00:00,0.0
2024-05-16 00:00:00,0.0
2024-05-16 01:00:00,0.0
2024-05-16 02:00:00,0.0
2024-05-16 03:00:00,0.0
2024-05-16 04:00:00,0.0
2024-05-16 05:00:00,0.0
2024-05-16 06:00:00,0.0
2024-05-16 07:00:00,236.97091646789167
2024-05-16 08:00:00,457.7926565914519
2024-05-16 09:00:00,647.4165837064403
2024-05-16 10:00:00,792.9201405483259
2024-05-16 11:00:00,884.3875001743319
2024-05-16 12:00:00,915.585313182904
2024-05-16 13:00:00,884.387500174332
2024-05-16 14:00:00,792.9201405483261
2024-05-16 15:00:00,647.4165837064404
2024-05-16 16:00:00,457.7926565914519
2024-05-16 17:00:00,236.97091646789187
2024-05-16 18:00:00,1.1212686231357703e-13
2024-05-16 19:00:00,0.0
2024-05-16 20:00:00,0.0
2024-05-16 21:00:00,0.0
2024-05-16 22:00:00,0.0
2024-05-16 23:00:00,0.0
2024-05-17 00:00:00,0.0
2024-05-17 01:00:00,0.0
2024-05-17 02:00:00,0.0
2024-05-17 03:00:00,0.0
2024-05-17 04:00:00,0.0
2024-05-17 05:00:00,0.0
2024-05-17 06:00:00,0.0
2024-05-17 07:00:00,238.19354907221998
2024-05-17 08:00:00,460.15460140861944
2024-05-17 09:00:00,650.7568781004554
2024-05-17 10:00:00,797.0111489763341
2024-05-17 11:00:00,888.9504271726754
2024-05-17 12:00:00,920.309202817239
2024-05-17 13:00:00,888.9504271726755
2024-05-17 14:00:00,797.0111489763343
2024-05-17 15:00:00,650.7568781004555
2024-05-17 16:00:00,460.15460140861944
2024-05-17 17:00:00,238.19354907222018
2024-05-17 18:00:00,1.1270537194559842e-13
2024-05-17 19:00:00,0.0
2024-05-17 20:00:00,0.0
2024-05-17 21:00:00,0.0
2024-05-17 22:00:00,0.0
2024-05-17 23:00:00,0.0
2024-05-18 00:00:00,0.0
2024-05-18 01:00:00,0.0
2024-05-18 02:00:00,0.0
2024-05-18 03:00:00,0.0
2024-05-18 04:00:00,0.0
2024-05-18 05:00:00,0.0
2024-05-18 06:00:00,0.0
2024-05-18 07:00:00,239.38394662173854
2024-05-18 08:00:00,462.4542728818819
2024-05-18 09:00:00,654.0091046869458
2024-05-18 10:00:00,800.9942968087414
2024-05-18 11:00:00,893.3930513086842
2024-05-18 12:00:00,924.9085457637639
2024-05-18 13:00:00,893.3930513086843
2024-05-18 14:00:00,800.9942968087416
2024-05-18 15:00:00,654.0091046869458
2024-05-18 16:00:00,462.4542728818819
2024-05-18 17:00:00,239.38394662173877
2024-05-18 18:00:00,1.1326862900736268e-13
2024-05-18 19:00:00,0.0
2024-05-18 20:00:00,0.0
2024-05-18 21:00:00,0.0
2024-05-18 22:00:00,0.0
2024-05-18 23:00:00,0.0
2024-05-19 00:00:00,0.0
2024-05-19 01:00:00,0.0
2024-05-19 02:00:00,0.0
2024-05-19 03:00:00,0.0
2024-05-19 04:00:00,0.0
2024-05-19 05:00:00,0.0
2024-05-19 06:00:00,0.0
2024-05-19 07:00:00,240.54175637596256
2024-05-19 08:00:00,464.6909895689506
2024-05-19 09:00:00,657.1722997609846
2024-05-19 10:00:00,804.8684037528817
2024-05-19 11:00:00,897.7140561369472
2024-05-19 12:00:00,929.3819791379015
2024-05-19 13:00:00,897.7140561369473
2024-05-19 14:00:00,804.8684037528819
2024-05-19 15:00:00,657.1722997609846
2024-05-19 16:00:00,464.6909895689506
2024-05-19 17:00:00,240.5417563759628
2024-05-19 18:00:00,1.138164665936463e-13
2024-05-19 19:00:00,0.0
2024-05-19 20:00:00,0.0
2024-05-19 21:00:00,0.0
2024-05-19 22:00:00,0.0
2024-05-19 23:00:00,0.0
2024-05-20 00:00:00,0.0
2024-05-20 01:00:00,0.0
2024-05-20 02:00:00,0.0
2024-05-20 03:00:00,0.0
2024-05-20 04:00:00,0.0
2024-05-20 05:00:00,0.0
2024-05-20 06:00:00,0.0
2024-05-20 07:00:00,241.66663525087432
2024-05-20 08:00:00,466.8640886823991
2024-05-20 09:00:00,660.2455259996044
2024-05-20 10:00:00,808.6323218272573
2024-05-20 11:00:00,901.9121612504787
2024-05-20 12:00:00,933.7281773647984
2024-05-20 13:00:00,901.9121612504788
2024-05-20 14:00:00,808.6323218272576
2024-05-20 15:00:00,660.2455259996045
2024-05-20 16:00:00,466.8640886823991
2024-05-20 17:00:00,241.66663525087452
2024-05-20 18:00:00,1.1434872236834925e-13
2024-05-20 19:00:00,0.0
2024-05-20 20:00:00,0.0
2024-05-20 21:00:00,0.0
2024-05-20 22:00:00,0.0
2024-05-20 23:00:00,0.0
2024-05-21 00:00:00,0.0
2024-05-21 01:00:00,0.0
2024-05-21 02:00:00,0.0
2024-05-21 03:00:00,0.0
2024-05-21 04:00:00,0.0
2024-05-21 05:00:00,0.0
2024-05-21 06:00:00,0.0
2024-05-21 07:00:00,242.75824992058622
2024-05-21 08:00:00,468.97292628606056
2024-05-21 09:00:00,663.2278727395449
2024-05-21 10:00:00,812.2849357017108
2024-05-21 11:00:00,905.9861226601311
2024-05-21 12:00:00,937.9458525721213
2024-05-21 13:00:00,905.9861226601312
2024-05-21 14:00:00,812.284935701711
2024-05-21 15:00:00,663.227872739545
2024-05-21 16:00:00,468.97292628606056
2024-05-21 17:00:00,242.75824992058645
2024-05-21 18:00:00,1.1486523861259836e-13
2024-05-21 19:00:00,0.0
2024-05-21 20:00:00,0.0
2024-05-21 21:00:00,0.0
2024-05-21 22:00:00,0.0
2024-05-21 23:00:00,0.0
2024-05-22 00:00:00,0.0
2024-05-22 01:00:00,0.0
2024-05-22 02:00:00,0.0
2024-05-22 03:00:00,0.0
2024-05-22 04:00:00,0.0
2024-05-22 05:00:00,0.0
2024-05-22 06:00:00,0.0
2024-05-22 07:00:00,243.81627691611274
2024-05-22 08:00:00,471.0168774858408
2024-05-22 09:00:00,666.1184562471027
2024-05-22 10:00:00,815.8251630279215
2024-05-22 11:00:00,909.9347331632155
2024-05-22 12:00:00,942.0337549716818
2024-05-22 13:00:00,909.9347331632156
2024-05-22 14:00:00,815.8251630279217
2024-05-22 15:00:00,666.1184562471028
2024-05-22 16:00:00,471.0168774858408
2024-05-22 17:00:00,243.81627691611294
2024-05-22 18:00:00,1.153658622714832e-13
2024-05-22 19:00:00,0.0
2024-05-22 20:00:00,0.0
2024-05-22 21:00:00,0.0
2024-05-22 22:00:00,0.0
2024-05-22 23:00:00,0.0
2024-05-23 00:00:00,0.0
2024-05-23 01:00:00,0.0
2024-05-23 02:00:00,0.0
2024-05-23 03:00:00,0.0
2024-05-23 04:00:00,0.0
2024-05-23 05:00:00,0.0
2024-05-23 06:00:00,0.0
2024-05-23 07:00:00,244.84040272122095
2024-05-23 08:00:00,472.995336614887
2024-05-23 09:00:00,668.9164199800007
2024-05-23 10:00:00,819.251954760128
2024-05-23 11:00:00,913.7568227012216
2024-05-23 12:00:00,945.9906732297742
2024-05-23 13:00:00,913.7568227012217
2024-05-23 14:00:00,819.2519547601281
2024-05-23 15:00:00,668.9164199800008
2024-05-23 16:00:00,472.995336614887
2024-05-23 17:00:00,244.84040272122115
2024-05-23 18:00:00,1.1585044499940927e-13
2024-05-23 19:00:00,0.0
2024-05-23 20:00:00,0.0
2024-05-23 21:00:00,0.0
2024-05-23 22:00:00,0.0
2024-05-23 23:00:00,0.0
2024-05-24 00:00:00,0.0
2024-05-24 01:00:00,0.0
2024-05-24 02:00:00,0.0
2024-05-24 03:00:00,0.0
2024-05-24 04:00:00,0.0
2024-05-24 05:00:00,0.0
2024-05-24 06:00:00,0.0
2024-05-24 07:00:00,245.8303238653324
2024-05-24 08:00:00,474.9077174130607
2024-05-24 09:00:00,671.6209348411999
2024-05-24 10:00:00,822.564295465984
2024-05-24 11:00:00,917.4512587065323
2024-05-24 12:00:00,949.8154348261216
2024-05-24 13:00:00,917.4512587065324
2024-05-24 14:00:00,822.5642954659842
2024-05-24 15:00:00,671.6209348412
2024-05-24 16:00:00,474.9077174130607
2024-05-24 17:00:00,245.83032386533262
2024-05-24 18:00:00,1.1631884320405614e-13
2024-05-24 19:00:00,0.0
2024-05-24 20:00:00,0.0
2024-05-24 21:00:00,0.0
2024-05-24 22:00:00,0.0
2024-05-24 23:00:00,0.0
2024-05-25 00:00:00,0.0
2024-05-25 01:00:00,0.0
2024-05-25 02:00:00,0.0
2024-05-25 03:00:00,0.0
2024-05-25 04:00:00,0.0
2024-05-25 05:00:00,0.0
2024-05-25 06:00:00,0.0
2024-05-25 07:00:00,246.7857470134478
2024-05-25 08:00:00,476.7534532006589
2024-05-25 09:00:00,674.2311994245786
2024-05-25 10:00:00,825.7612036274522
2024-05-25 11:00:00,921.0169464380265
2024-05-25 12:00:00,953.506906401318
2024-05-25 13:00:00,921.0169464380266
2024-05-25 14:00:00,825.7612036274523
2024-05-25 15:00:00,674.2311994245787
2024-05-25 16:00:00,476.7534532006589
2024-05-25 17:00:00,246.78574701344803
2024-05-25 18:00:00,1.167709180889269e-13
2024-05-25 19:00:00,0.0
2024-05-25 20:00:00,0.0
2024-05-25 21:00:00,0.0
2024-05-25 22:00:00,0.0
2024-05-25 23:00:00,0.0
2024-05-26 00:00:00,0.0
2024-05-26 01:00:00,0.0
2024-05-26 02:00:00,0.0
2024-05-26 03:00:00,0.0
2024-05-26 04:00:00,0.0
2024-05-26 05:00:00,0.0
2024-05-26 06:00:00,0.0
2024-05-26 07:00:00,247.70638905306865
2024-05-26 08:00:00,478.5319970463333
2024-05-26 09:00:00,676.7464402524066
2024-05-26 10:00:00,828.8417319316493
2024-05-26 11:00:00,924.4528293054752
2024-05-26 12:00:00,957.0639940926668
2024-05-26 13:00:00,924.4528293054753
2024-05-26 14:00:00,828.8417319316495
2024-05-26 15:00:00,676.7464402524067
2024-05-26 16:00:00,478.5319970463333
2024-05-26 17:00:00,247.70638905306888
2024-05-26 18:00:00,1.1720653569447657e-13
2024-05-26 19:00:00,0.0
2024-05-26 20:00:00,0.0
2024-05-26 21:00:00,0.0
2024-05-26 22:00:00,0.0
2024-05-26 23:00:00,0.0
2024-05-27 00:00:00,0.0
2024-05-27 01:00:00,0.0
2024-05-27 02:00:00,0.0
2024-05-27 03:00:00,0.0
2024-05-27 04:00:00,0.0
2024-05-27 05:00:00,0.0
2024-05-27 06:00:00,0.0
2024-05-27 07:00:00,248.59197717808956
2024-05-27 08:00:00,480.24282192915854
2024-05-27 09:00:00,679.1659120045434
2024-05-27 10:00:00,831.8049675515556
2024-05-27 11:00:00,927.7578891826329
2024-05-27 12:00:00,960.4856438583173
2024-05-27 13:00:00,927.757889182633
2024-05-27 14:00:00,831.8049675515558
2024-05-27 15:00:00,679.1659120045434
2024-05-27 16:00:00,480.24282192915854
2024-05-27 17:00:00,248.5919771780898
2024-05-27 18:00:00,1.176255669378073e-13
2024-05-27 19:00:00,0.0
2024-05-27 20:00:00,0.0
2024-05-27 21:00:00,0.0
2024-05-27 22:00:00,0.0
2024-05-27 23:00:00,0.0
2024-05-28 00:00:00,0.0
2024-05-28 01:00:00,0.0
2024-05-28 02:00:00,0.0
2024-05-28 03:00:00,0.0
2024-05-28 04:00:00,0.0
2024-05-28 05:00:00,0.0
2024-05-28 06:00:00,0.0
2024-05-28 07:00:00,249.4422489696365
2024-05-28 08:00:00,481.88542089479904
2024-05-28 09:00:00,681.4888977392922
2024-05-28 10:00:00,834.650032416505
2024-05-28 11:00:00,930.9311467089287
2024-05-28 12:00:00,963.7708417895983
2024-05-28 13:00:00,930.9311467089288
2024-05-28 14:00:00,834.6500324165053
2024-05-28 15:00:00,681.4888977392923
2024-05-28 16:00:00,481.88542089479904
2024-05-28 17:00:00,249.4422489696367
2024-05-28 18:00:00,1.1802788765091817e-13
2024-05-28 19:00:00,0.0
2024-05-28 20:00:00,0.0
2024-05-28 21:00:00,0.0
2024-05-28 22:00:00,0.0
2024-05-28 23:00:00,0.0
2024-05-29 00:00:00,0.0
2024-05-29 01:00:00,0.0
2024-05-29 02:00:00,0.0
2024-05-29 03:00:00,0.0
2024-05-29 04:00:00,0.0
2024-05-29 05:00:00,0.0
2024-05-29 06:00:00,0.0
2024-05-29 07:00:00,250.25695247382725
2024-05-29 08:00:00,483.45930720573114
2024-05-29 09:00:00,683.7147091058458
2024-05-29 10:00:00,837.3760834723766
2024-05-29 11:00:00,933.9716615796731
2024-05-29 12:00:00,966.9186144114625
2024-05-29 13:00:00,933.9716615796732
2024-05-29 14:00:00,837.3760834723769
2024-05-29 15:00:00,683.7147091058459
2024-05-29 16:00:00,483.45930720573114
2024-05-29 17:00:00,250.25695247382748
2024-05-29 18:00:00,1.1841337861749914e-13
2024-05-29 19:00:00,0.0
2024-05-29 20:00:00,0.0
2024-05-29 21:00:00,0.0
2024-05-29 22:00:00,0.0
2024-05-29 23:00:00,0.0
2024-05-30 00:00:00,0.0
2024-05-30 01:00:00,0.0
2024-05-30 02:00:00,0.0
2024-05-30 03:00:00,0.0
2024-05-30 04:00:00,0.0
2024-05-30 05:00:00,0.0
2024-05-30 06:00:00,0.0
2024-05-30 07:00:00,251.03584627643085
2024-05-30 08:00:00,484.9640144854738
2024-05-30 09:00:00,685.8426865482593
2024-05-30 10:00:00,839.9823129314096
2024-05-30 11:00:00,936.8785328246902
2024-05-30 12:00:00,969.9280289709477
2024-05-30 13:00:00,936.8785328246903
2024-05-30 14:00:00,839.9823129314098
2024-05-30 15:00:00,685.8426865482594
2024-05-30 16:00:00,484.9640144854738
2024-05-30 17:00:00,251.03584627643107
2024-05-30 18:00:00,1.1878192560825725e-13
2024-05-30 19:00:00,0.0
2024-05-30 20:00:00,0.0
2024-05-30 21:00:00,0.0
2024-05-30 22:00:00,0.0
2024-05-30 23:00:00,0.0
2024-05-31 00:00:00,0.0
2024-05-31 01:00:00,0.0
2024-05-31 02:00:00,0.0
2024-05-31 03:00:00,0.0
2024-05-31 04:00:00,0.0
2024-05-31 05:00:00,0.0
2024-05-31 06:00:00,0.0
2024-05-31 07:00:00,251.7786995744036
2024-05-31 08:00:00,486.3990968567855
2024-05-31 09:00:00,687.8721995008909
2024-05-31 10:00:00,842.4679485115679
2024-05-31 11:00:00,939.6508990752944
2024-05-31 12:00:00,972.7981937135712
2024-05-31 13:00:00,939.6508990752945
2024-05-31 14:00:00,842.4679485115681
2024-05-31 15:00:00,687.872199500891
2024-05-31 16:00:00,486.3990968567855
2024-05-31 17:00:00,251.7786995744038
2024-05-31 18:00:00,1.1913341941476518e-13
2024-05-31 19:00:00,0.0
2024-05-31 20:00:00,0.0
2024-05-31 21:00:00,0.0
2024-05-31 22:00:00,0.0
2024-05-31 23:00:00,0.0
2024-06-01 00:00:00,0.0
2024-06-01 01:00:00,0.0
2024-06-01 02:00:00,0.0
2024-06-01 03:00:00,0.0
2024-06-01 04:00:00,0.0
2024-06-01 05:00:00,0.0
2024-06-01 06:00:00,0.0
2024-06-01 07:00:00,252.48529224428125
2024-06-01 08:00:00,487.7641290737883
2024-06-01 09:00:00,689.8026465752524
2024-06-01 10:00:00,844.8322536653851
2024-06-01 11:00:00,942.2879388195337
2024-06-01 12:00:00,975.5282581475768
2024-06-01 13:00:00,942.2879388195338
2024-06-01 14:00:00,844.8322536653853
2024-06-01 15:00:00,689.8026465752525
2024-06-01 16:00:00,487.7641290737883
2024-06-01 17:00:00,252.48529224428148
2024-06-01 18:00:00,1.194677558818223e-13
2024-06-01 19:00:00,0.0
2024-06-01 20:00:00,0.0
2024-06-01 21:00:00,0.0
2024-06-01 22:00:00,0.0
2024-06-01 23:00:00,0.0
2024-06-02 00:00:00,0.0
2024-06-02 01:00:00,0.0
2024-06-02 02:00:00,0.0
2024-06-02 03:00:00,0.0
2024-06-02 04:00:00,0.0
2024-06-02 05:00:00,0.0
2024-06-02 06:00:00,0.0
2024-06-02 07:00:00,253.15541490740623
2024-06-02 08:00:00,489.05870664797635
2024-06-02 09:00:00,691.6334557382132
2024-06-02 10:00:00,847.0745277982181
2024-06-02 11:00:00,944.7888706456196
2024-06-02 12:00:00,978.1174132959529
2024-06-02 13:00:00,944.7888706456196
2024-06-02 14:00:00,847.0745277982184
2024-06-02 15:00:00,691.6334557382133
2024-06-02 16:00:00,489.05870664797635
2024-06-02 17:00:00,253.15541490740645
2024-06-02 18:00:00,1.1978483593831775e-13
2024-06-02 19:00:00,0.0
2024-06-02 20:00:00,0.0
2024-06-02 21:00:00,0.0
2024-06-02 22:00:00,0.0
2024-06-02 23:00:00,0.0
2024-06-03 00:00:00,0.0
2024-06-03 01:00:00,0.0
2024-06-03 02:00:00,0.0
2024-06-03 03:00:00,0.0
2024-06-03 04:00:00,0.0
2024-06-03 05:00:00,0.0
2024-06-03 06:00:00,0.0
2024-06-03 07:00:00,253.788868991971
2024-06-03 08:00:00,490.28244596807514
2024-06-03 09:00:00,693.3640844815062
2024-06-03 10:00:00,849.194106475849
2024-06-03 11:00:00,947.1529534734772
2024-06-03 12:00:00,980.5648919361505
2024-06-03 13:00:00,947.1529534734773
2024-06-03 14:00:00,849.1941064758493
2024-06-03 15:00:00,693.3640844815063
2024-06-03 16:00:00,490.28244596807514
2024-06-03 17:00:00,253.7888689919712
2024-06-03 18:00:00,1.200845656265877e-13
2024-06-03 19:00:00,0.0
2024-06-03 20:00:00,0.0
2024-06-03 21:00:00,0.0
2024-06-03 22:00:00,0.0
2024-06-03 23:00:00,0.0
2024-06-04 00:00:00,0.0
2024-06-04 01:00:00,0.0
2024-06-04 02:00:00,0.0
2024-06-04 03:00:00,0.0
2024-06-04 04:00:00,0.0
2024-06-04 05:00:00,0.0
2024-06-04 06:00:00,0.0
2024-06-04 07:00:00,254.3854667918592
2024-06-04 08:00:00,491.43498441371366
2024-06-04 09:00:00,694.9940199824846
2024-06-04 10:00:00,851.1903616213714
2024-06-04 11:00:00,949.3794867743438
2024-06-04 12:00:00,982.8699688274274
2024-06-04 13:00:00,949.3794867743438
2024-06-04 14:00:00,851.1903616213716
2024-06-04 15:00:00,694.9940199824847
2024-06-04 16:00:00,491.43498441371366
2024-06-04 17:00:00,254.38546679185941
2024-06-04 18:00:00,1.203668561302568e-13
2024-06-04 19:00:00,0.0
2024-06-04 20:00:00,0.0
2024-06-04 21:00:00,0.0
2024-06-04 22:00:00,0.0
2024-06-04 23:00:00,0.0
2024-06-05 00:00:00,0.0
2024-06-05 01:00:00,0.0
2024-06-05 02:00:00,0.0
2024-06-05 03:00:00,0.0
2024-06-05 04:00:00,0.0
2024-06-05 05:00:00,0.0
2024-06-05 06:00:00,0.0
2024-06-05 07:00:00,254.94503152226716
2024-06-05 08:00:00,492.5159804628767
2024-06-05 09:00:00,696.5227792560827
2024-06-05 10:00:00,853.062701701303
2024-06-05 11:00:00,951.4678107783499
2024-06-05 12:00:00,985.0319609257537
2024-06-05 13:00:00,951.46781077835
2024-06-05 14:00:00,853.0627017013032
2024-06-05 15:00:00,696.5227792560828
2024-06-05 16:00:00,492.5159804628767
2024-06-05 17:00:00,254.94503152226739
2024-06-05 18:00:00,1.206316238005565e-13
2024-06-05 19:00:00,0.0
2024-06-05 20:00:00,0.0
2024-06-05 21:00:00,0.0
2024-06-05 22:00:00,0.0
2024-06-05 23:00:00,0.0
2024-06-06 00:00:00,0.0
2024-06-06 01:00:00,0.0
2024-06-06 02:00:00,0.0
2024-06-06 03:00:00,0.0
2024-06-06 04:00:00,0.0
2024-06-06 05:00:00,0.0
2024-06-06 06:00:00,0.0
2024-06-06 07:00:00,255.4673973720888
2024-06-06 08:00:00,493.52511379310505
2024-06-06 09:00:00,697.9499092979344
2024-06-06 10:00:00,854.8105719008697
2024-06-06 11:00:00,953.4173066700232
2024-06-06 12:00:00,987.0502275862103
2024-06-06 13:00:00,953.4173066700233
2024-06-06 14:00:00,854.81057190087
2024-06-06 15:00:00,697.9499092979345
2024-06-06 16:00:00,493.52511379310505
2024-06-06 17:00:00,255.46739737208904
2024-06-06 18:00:00,1.208787901811119e-13
2024-06-06 19:00:00,0.0
2024-06-06 20:00:00,0.0
2024-06-06 21:00:00,0.0
2024-06-06 22:00:00,0.0
2024-06-06 23:00:00,0.0
2024-06-07 00:00:00,0.0
2024-06-07 01:00:00,0.0
2024-06-07 02:00:00,0.0
2024-06-07 03:00:00,0.0
2024-06-07 04:00:00,0.0
2024-06-07 05:00:00,0.0
2024-06-07 06:00:00,0.0
2024-06-07 07:00:00,255.9524095530493
2024-06-07 08:00:00,494.4620853764141
2024-06-07 09:00:00,699.2749872186082
2024-06-07 10:00:00,856.4334542884093
2024-06-07 11:00:00,955.2273967716576
2024-06-07 12:00:00,988.9241707528284
2024-06-07 13:00:00,955.2273967716577
2024-06-07 14:00:00,856.4334542884095
2024-06-07 15:00:00,699.2749872186083
2024-06-07 16:00:00,494.4620853764141
2024-06-07 17:00:00,255.95240955304953
2024-06-07 18:00:00,1.211082820311902e-13
2024-06-07 19:00:00,0.0
2024-06-07 20:00:00,0.0
2024-06-07 21:00:00,0.0
2024-06-07 22:00:00,0.0
2024-06-07 23:00:00,0.0
2024-06-08 00:00:00,0.0
2024-06-08 01:00:00,0.0
2024-06-08 02:00:00,0.0
2024-06-08 03:00:00,0.0
2024-06-08 04:00:00,0.0
2024-06-08 05:00:00,0.0
2024-06-08 06:00:00,0.0
2024-06-08 07:00:00,256.399924345572
2024-06-08 08:00:00,495.32661756790225
2024-06-08 09:00:00,700.4976203689189
2024-06-08 10:00:00,857.9308679688455
2024-06-08 11:00:00,956.8975447144909
2024-06-08 12:00:00,990.6532351358047
2024-06-08 13:00:00,956.897544714491
2024-06-08 14:00:00,857.9308679688457
2024-06-08 15:00:00,700.497620368919
2024-06-08 16:00:00,495.32661756790225
2024-06-08 17:00:00,256.39992434557223
2024-06-08 18:00:00,1.2132003134740334e-13
2024-06-08 19:00:00,0.0
2024-06-08 20:00:00,0.0
2024-06-08 21:00:00,0.0
2024-06-08 22:00:00,0.0
2024-06-08 23:00:00,0.0
2024-06-09 00:00:00,0.0
2024-06-09 01:00:00,0.0
2024-06-09 02:00:00,0.0
2024-06-09 03:00:00,0.0
2024-06-09 04:00:00,0.0
2024-06-09 05:00:00,0.0
2024-06-09 06:00:00,0.0
2024-06-09 07:00:00,256.8098091413657
2024-06-09 08:00:00,496.1184541880229
2024-06-09 09:00:00,701.6174464562772
2024-06-09 10:00:00,859.3023692261881
2024-06-09 11:00:00,958.4272555976429
2024-06-09 12:00:00,992.236908376046
2024-06-09 13:00:00,958.427255597643
2024-06-09 14:00:00,859.3023692261884
2024-06-09 15:00:00,701.6174464562773
2024-06-09 16:00:00,496.1184541880229
2024-06-09 17:00:00,256.8098091413659
2024-06-09 18:00:00,1.2151397538385904e-13
2024-06-09 19:00:00,0.0
2024-06-09 20:00:00,0.0
2024-06-09 21:00:00,0.0
2024-06-09 22:00:00,0.0
2024-06-09 23:00:00,0.0
2024-06-10 00:00:00,0.0
2024-06-10 01:00:00,0.0
2024-06-10 02:00:00,0.0
2024-06-10 03:00:00,0.0
2024-06-10 04:00:00,0.0
2024-06-10 05:00:00,0.0
2024-06-10 06:00:00,0.0
2024-06-10 07:00:00,257.18194248271936
2024-06-10 08:00:00,496.8373605984965
2024-06-10 09:00:00,702.6341336520459
2024-06-10 10:00:00,860.5475516550154
2024-06-10 11:00:00,959.8160761347652
2024-06-10 12:00:00,993.6747211969932
2024-06-10 13:00:00,959.8160761347654
2024-06-10 14:00:00,860.5475516550156
2024-06-10 15:00:00,702.634133652046
2024-06-10 16:00:00,496.8373605984965
2024-06-10 17:00:00,257.1819424827196
2024-06-10 18:00:00,1.2169005667075363e-13
2024-06-10 19:00:00,0.0
2024-06-10 20:00:00,0.0
2024-06-10 21:00:00,0.0
2024-06-10 22:00:00,0.0
2024-06-10 23:00:00,0.0
2024-06-11 00:00:00,0.0
2024-06-11 01:00:00,0.0
2024-06-11 02:00:00,0.0
2024-06-11 03:00:00,0.0
2024-06-11 04:00:00,0.0
2024-06-11 05:00:00,0.0
2024-06-11 06:00:00,0.0
2024-06-11 07:00:00,257.5162140984927
2024-06-11 08:00:00,497.4831237718381
2024-06-11 09:00:00,703.5473806898667
2024-06-11 10:00:00,861.6660462809
2024-06-11 11:00:00,961.0635947883594
2024-06-11 12:00:00,994.9662475436764
2024-06-11 13:00:00,961.0635947883595
2024-06-11 14:00:00,861.6660462809002
2024-06-11 15:00:00,703.5473806898668
2024-06-11 16:00:00,497.4831237718381
2024-06-11 17:00:00,257.5162140984929
2024-06-11 18:00:00,1.2184822303140164e-13
2024-06-11 19:00:00,0.0
2024-06-11 20:00:00,0.0
2024-06-11 21:00:00,0.0
2024-06-11 22:00:00,0.0
2024-06-11 23:00:00,0.0
2024-06-12 00:00:00,0.0
2024-06-12 01:00:00,0.0
2024-06-12 02:00:00,0.0
2024-06-12 03:00:00,0.0
2024-06-12 04:00:00,0.0
2024-06-12 05:00:00,0.0
2024-06-12 06:00:00,0.0
2024-06-12 07:00:00,257.81252493679176
2024-06-12 08:00:00,498.0555523544829
2024-06-12 09:00:00,704.3569169549331
2024-06-12 10:00:00,862.6575216697455
2024-06-12 11:00:00,962.1694418917248
2024-06-12 12:00:00,996.1111047089661
2024-06-12 13:00:00,962.1694418917249
2024-06-12 14:00:00,862.6575216697457
2024-06-12 15:00:00,704.3569169549332
2024-06-12 16:00:00,498.0555523544829
2024-06-12 17:00:00,257.812524936792
2024-06-12 18:00:00,1.2198842759769694e-13
2024-06-12 19:00:00,0.0
2024-06-12 20:00:00,0.0
2024-06-12 21:00:00,0.0
2024-06-12 22:00:00,0.0
2024-06-12 23:00:00,0.0
2024-06-13 00:00:00,0.0
2024-06-13 01:00:00,0.0
2024-06-13 02:00:00,0.0
2024-06-13 03:00:00,0.0
2024-06-13 04:00:00,0.0
2024-06-13 05:00:00,0.0
2024-06-13 06:00:00,0.0
2024-06-13 07:00:00,258.0707871943202
2024-06-13 08:00:00,498.5544767234878
2024-06-13 09:00:00,705.0625025641782
2024-06-13 10:00:00,863.5216840259961
2024-06-13 11:00:00,963.1332897584984
2024-06-13 12:00:00,997.1089534469759
2024-06-13 13:00:00,963.1332897584986
2024-06-13 14:00:00,863.5216840259964
2024-06-13 15:00:00,705.0625025641783
2024-06-13 16:00:00,498.5544767234878
2024-06-13 17:00:00,258.0707871943204
2024-06-13 18:00:00,1.2211062882400064e-13
2024-06-13 19:00:00,0.0
2024-06-13 20:00:00,0.0
2024-06-13 21:00:00,0.0
2024-06-13 22:00:00,0.0
2024-06-13 23:00:00,0.0
2024-06-14 00:00:00,0.0
2024-06-14 01:00:00,0.0
2024-06-14 02:00:00,0.0
2024-06-14 03:00:00,0.0
2024-06-14 04:00:00,0.0
2024-06-14 05:00:00,0.0
2024-06-14 06:00:00,0.0
2024-06-14 07:00:00,258.29092434239743
2024-06-14 08:00:00,498.97974903679466
2024-06-14 09:00:00,705.6639284373584
2024-06-14 10:00:00,864.2582772796959
2024-06-14 11:00:00,963.9548527797559
2024-06-14 12:00:00,997.9594980735895
2024-06-14 13:00:00,963.954852779756
2024-06-14 14:00:00,864.2582772796961
2024-06-14 15:00:00,705.6639284373585
2024-06-14 16:00:00,498.97974903679466
2024-06-14 17:00:00,258.29092434239766
2024-06-14 18:00:00,1.2221479049945207e-13
2024-06-14 19:00:00,0.0
2024-06-14 20:00:00,0.0
2024-06-14 21:00:00,0.0
2024-06-14 22:00:00,0.0
2024-06-14 23:00:00,0.0
2024-06-15 00:00:00,0.0
2024-06-15 01:00:00,0.0
2024-06-15 02:00:00,0.0
2024-06-15 03:00:00,0.0
2024-06-15 04:00:00,0.0
2024-06-15 05:00:00,0.0
2024-06-15 06:00:00,0.0
2024-06-15 07:00:00,258.4728711496354
2024-06-15 08:00:00,499.33124327703877
2024-06-15 09:00:00,706.1610163590077
2024-06-15 10:00:00,864.8670831623665
2024-06-15 11:00:00,964.6338875086432
2024-06-15 12:00:00,998.6624865540778
2024-06-15 13:00:00,964.6338875086433
2024-06-15 14:00:00,864.8670831623667
2024-06-15 15:00:00,706.1610163590078
2024-06-15 16:00:00,499.33124327703877
2024-06-15 17:00:00,258.47287114963564
2024-06-15 18:00:00,1.223008817586988e-13
2024-06-15 19:00:00,0.0
2024-06-15 20:00:00,0.0
2024-06-15 21:00:00,0.0
2024-06-15 22:00:00,0.0
2024-06-15 23:00:00,0.0
2024-06-16 00:00:00,0.0
2024-06-16 01:00:00,0.0
2024-06-16 02:00:00,0.0
2024-06-16 03:00:00,0.0
2024-06-16 04:00:00,0.0
2024-06-16 05:00:00,0.0
2024-06-16 06:00:00,0.0
2024-06-16 07:00:00,258.6165737012686
2024-06-16 08:00:00,499.608855288891
2024-06-16 09:00:00,706.5536190312469
2024-06-16 10:00:00,865.347921271686
2024-06-16 11:00:00,965.1701927325155
2024-06-16 12:00:00,999.2177105777822
2024-06-16 13:00:00,965.1701927325156
2024-06-16 14:00:00,865.3479212716862
2024-06-16 15:00:00,706.553619031247
2024-06-16 16:00:00,499.608855288891
2024-06-16 17:00:00,258.6165737012688
2024-06-16 18:00:00,1.2236887709104273e-13
2024-06-16 19:00:00,0.0
2024-06-16 20:00:00,0.0
2024-06-16 21:00:00,0.0
2024-06-16 22:00:00,0.0
2024-06-16 23:00:00,0.0
2024-06-17 00:00:00,0.0
2024-06-17 01:00:00,0.0
2024-06-17 02:00:00,0.0
2024-06-17 03:00:00,0.0
2024-06-17 04:00:00,0.0
2024-06-17 05:00:00,0.0
2024-06-17 06:00:00,0.0
2024-06-17 07:00:00,258.7219894151295
2024-06-17 08:00:00,499.81250280992083
2024-06-17 09:00:00,706.8416201174309
2024-06-17 10:00:00,865.7006491249451
2024-06-17 11:00:00,965.5636095325605
2024-06-17 12:00:00,999.6250056198419
2024-06-17 13:00:00,965.5636095325606
2024-06-17 14:00:00,865.7006491249454
2024-06-17 15:00:00,706.841620117431
2024-06-17 16:00:00,499.81250280992083
2024-06-17 17:00:00,258.7219894151297
2024-06-17 18:00:00,1.2241875634799943e-13
2024-06-17 19:00:00,0.0
2024-06-17 20:00:00,0.0
2024-06-17 21:00:00,0.0
2024-06-17 22:00:00,0.0
2024-06-17 23:00:00,0.0
2024-06-18 00:00:00,0.0
2024-06-18 01:00:00,0.0
2024-06-18 02:00:00,0.0
2024-06-18 03:00:00,0.0
2024-06-18 04:00:00,0.0
2024-06-18 05:00:00,0.0
2024-06-18 06:00:00,0.0
2024-06-18 07:00:00,258.78908705426693
2024-06-18 08:00:00,499.94212549497263
2024-06-18 09:00:00,707.0249342766224
2024-06-18 10:00:00,865.9251622012683
2024-06-18 11:00:00,965.8140213308893
2024-06-18 12:00:00,999.8842509899455
2024-06-18 13:00:00,965.8140213308894
2024-06-18 14:00:00,865.9251622012686
2024-06-18 15:00:00,707.0249342766225
2024-06-18 16:00:00,499.94212549497263
2024-06-18 17:00:00,258.78908705426716
2024-06-18 18:00:00,1.2245050474926855e-13
2024-06-18 19:00:00,0.0
2024-06-18 20:00:00,0.0
2024-06-18 21:00:00,0.0
2024-06-18 22:00:00,0.0
2024-06-18 23:00:00,0.0
2024-06-19 00:00:00,0.0
2024-06-19 01:00:00,0.0
2024-06-19 02:00:00,0.0
2024-06-19 03:00:00,0.0
2024-06-19 04:00:00,0.0
2024-06-19 05:00:00,0.0
2024-06-19 06:00:00,0.0
2024-06-19 07:00:00,258.81784673620245
2024-06-19 08:00:00,499.9976849340474
2024-06-19 09:00:00,707.1035071888797
2024-06-19 10:00:00,866.0213939725859
2024-06-19 11:00:00,965.9213539250823
2024-06-19 12:00:00,999.995369868095
2024-06-19 13:00:00,965.9213539250824
2024-06-19 14:00:00,866.0213939725861
2024-06-19 15:00:00,707.1035071888798
2024-06-19 16:00:00,499.9976849340474
2024-06-19 17:00:00,258.8178467362027
2024-06-19 18:00:00,1.2246411288711363e-13
2024-06-19 19:00:00,0.0
2024-06-19 20:00:00,0.0
2024-06-19 21:00:00,0.0
2024-06-19 22:00:00,0.0
2024-06-19 23:00:00,0.0
2024-06-20 00:00:00,0.0
2024-06-20 01:00:00,0.0
2024-06-20 02:00:00,0.0
2024-06-20 03:00:00,0.0
2024-06-20 04:00:00,0.0
2024-06-20 05:00:00,0.0
2024-06-20 06:00:00,0.0
2024-06-20 07:00:00,258.8082599388217
2024-06-20 08:00:00,499.9791646636844
2024-06-20 09:00:00,707.0773155713536
2024-06-20 10:00:00,865.9893159233472
2024-06-20 11:00:00,965.8855755101753
2024-06-20 12:00:00,999.958329327369
2024-06-20 13:00:00,965.8855755101754
2024-06-20 14:00:00,865.9893159233475
2024-06-20 15:00:00,707.0773155713537
2024-06-20 16:00:00,499.9791646636844
2024-06-20 17:00:00,258.80825993882195
2024-06-20 18:00:00,1.2245957672914975e-13
2024-06-20 19:00:00,0.0
2024-06-20 20:00:00,0.0
2024-06-20 21:00:00,0.0
2024-06-20 22:00:00,0.0
2024-06-20 23:00:00,0.0
2024-06-21 00:00:00,0.0
2024-06-21 01:00:00,0.0
2024-06-21 02:00:00,0.0
2024-06-21 03:00:00,0.0
2024-06-21 04:00:00,0.0
2024-06-21 05:00:00,0.0
2024-06-21 06:00:00,0.0
2024-06-21 07:00:00,258.7603295028995
2024-06-21 08:00:00,499.8865701718393
2024-06-21 09:00:00,706.9463671851852
2024-06-21 10:00:00,865.8289375589706
2024-06-21 11:00:00,965.7066966880847
2024-06-21 12:00:00,999.7731403436788
2024-06-21 13:00:00,965.7066966880848
2024-06-21 14:00:00,865.8289375589708
2024-06-21 15:00:00,706.9463671851853
2024-06-21 16:00:00,499.8865701718393
2024-06-21 17:00:00,258.7603295028997
2024-06-21 18:00:00,1.224368976195384e-13
2024-06-21 19:00:00,0.0
2024-06-21 20:00:00,0.0
2024-06-21 21:00:00,0.0
2024-06-21 22:00:00,0.0
2024-06-21 23:00:00,0.0
2024-06-22 00:00:00,0.0
2024-06-22 01:00:00,0.0
2024-06-22 02:00:00,0.0
2024-06-22 03:00:00,0.0
2024-06-22 04:00:00,0.0
2024-06-22 05:00:00,0.0
2024-06-22 06:00:00,0.0
2024-06-22 07:00:00,258.6740696312584
2024-06-22 08:00:00,499.7199288962583
2024-06-22 09:00:00,706.7107008332074
2024-06-22 10:00:00,865.5403064030262
2024-06-22 11:00:00,965.3847704644659
2024-06-22 12:00:00,999.4398577925168
2024-06-22 13:00:00,965.384770464466
2024-06-22 14:00:00,865.5403064030264
2024-06-22 15:00:00,706.7107008332075
2024-06-22 16:00:00,499.7199288962583
2024-06-22 17:00:00,258.67406963125865
2024-06-22 18:00:00,1.2239608227858917e-13
2024-06-22 19:00:00,0.0
2024-06-22 20:00:00,0.0
2024-06-22 21:00:00,0.0
2024-06-22 22:00:00,0.0
2024-06-22 23:00:00,0.0
2024-06-23 00:00:00,0.0
2024-06-23 01:00:00,0.0
2024-06-23 02:00:00,0.0
2024-06-23 03:00:00,0.0
2024-06-23 04:00:00,0.0
2024-06-23 05:00:00,0.0
2024-06-23 06:00:00,0.0
2024-06-23 07:00:00,258.5495058845602
2024-06-23 08:00:00,499.479290216348
2024-06-23 09:00:00,706.3703863484467
2024-06-23 10:00:00,865.1235079831552
2024-06-23 11:00:00,964.9198922330067
2024-06-23 12:00:00,998.9585804326962
2024-06-23 13:00:00,964.9198922330069
2024-06-23 14:00:00,865.1235079831554
2024-06-23 15:00:00,706.3703863484468
2024-06-23 16:00:00,499.479290216348
2024-06-23 17:00:00,258.5495058845604
2024-06-23 18:00:00,1.2233714280076852e-13
2024-06-23 19:00:00,0.0
2024-06-23 20:00:00,0.0
2024-06-23 21:00:00,0.0
2024-06-23 22:00:00,0.0
2024-06-23 23:00:00,0.0
2024-06-24 00:00:00,0.0
2024-06-24 01:00:00,0.0
2024-06-24 02:00:00,0.0
2024-06-24 03:00:00,0.0
2024-06-24 04:00:00,0.0
2024-06-24 05:00:00,0.0
2024-06-24 06:00:00,0.0
2024-06-24 07:00:00,258.38667517373113
2024-06-24 08:00:00,499.1647254385424
2024-06-24 09:00:00,705.9255245734291
2024-06-24 10:00:00,864.5786658057243
2024-06-24 11:00:00,964.3121997471602
2024-06-24 12:00:00,998.329450877085
2024-06-24 13:00:00,964.3121997471603
2024-06-24 14:00:00,864.5786658057245
2024-06-24 15:00:00,705.9255245734292
2024-06-24 16:00:00,499.1647254385424
2024-06-24 17:00:00,258.38667517373136
2024-06-24 18:00:00,1.222600966511157e-13
2024-06-24 19:00:00,0.0
2024-06-24 20:00:00,0.0
2024-06-24 21:00:00,0.0
2024-06-24 22:00:00,0.0
2024-06-24 23:00:00,0.0
2024-06-25 00:00:00,0.0
2024-06-25 01:00:00,0.0
2024-06-25 02:00:00,0.0
2024-06-25 03:00:00,0.0
2024-06-25 04:00:00,0.0
2024-06-25 05:00:00,0.0
2024-06-25 06:00:00,0.0
2024-06-25 07:00:00,258.1856257490251
2024-06-25 08:00:00,498.7763277751742
2024-06-25 09:00:00,705.3762473302999
2024-06-25 10:00:00,863.9059413192296
2024-06-25 11:00:00,963.561873079325
2024-06-25 12:00:00,997.5526555503486
2024-06-25 13:00:00,963.5618730793251
2024-06-25 14:00:00,863.9059413192298
2024-06-25 15:00:00,705.3762473303
2024-06-25 16:00:00,498.7763277751742
2024-06-25 17:00:00,258.18562574902535
2024-06-25 18:00:00,1.2216496666006767e-13
2024-06-25 19:00:00,0.0
2024-06-25 20:00:00,0.0
2024-06-25 21:00:00,0.0
2024-06-25 22:00:00,0.0
2024-06-25 23:00:00,0.0
2024-06-26 00:00:00,0.0
2024-06-26 01:00:00,0.0
2024-06-26 02:00:00,0.0
2024-06-26 03:00:00,0.0
2024-06-26 04:00:00,0.0
2024-06-26 05:00:00,0.0
2024-06-26 06:00:00,0.0
2024-06-26 07:00:00,257.94641718572575
2024-06-26 08:00:00,498.31421231685346
2024-06-26 09:00:00,704.7227173817604
2024-06-26 10:00:00,863.1055338664551
2024-06-26 11:00:00,962.6691345674861
2024-06-26 12:00:00,996.6284246337071
2024-06-26 13:00:00,962.6691345674863
2024-06-26 14:00:00,863.1055338664553
2024-06-26 15:00:00,704.7227173817605
2024-06-26 16:00:00,498.31421231685346
2024-06-26 17:00:00,257.9464171857259
2024-06-26 18:00:00,1.2205178101669386e-13
2024-06-26 19:00:00,0.0
2024-06-26 20:00:00,0.0
2024-06-26 21:00:00,0.0
2024-06-26 22:00:00,0.0
2024-06-26 23:00:00,0.0
2024-06-27 00:00:00,0.0
2024-06-27 01:00:00,0.0
2024-06-27 02:00:00,0.0
2024-06-27 03:00:00,0.0
2024-06-27 04:00:00,0.0
2024-06-27 05:00:00,0.0
2024-06-27 06:00:00,0.0
2024-06-27 07:00:00,257.66912036649273
2024-06-27 08:00:00,497.77851599836356
2024-06-27 09:00:00,703.9651283828385
2024-06-27 10:00:00,862.1776806254029
2024-06-27 11:00:00,961.6342487493313
2024-06-27 12:00:00,995.5570319967273
2024-06-27 13:00:00,961.6342487493314
2024-06-27 14:00:00,862.1776806254031
2024-06-27 15:00:00,703.9651283828387
2024-06-27 16:00:00,497.77851599836356
2024-06-27 17:00:00,257.66912036649296
2024-06-27 18:00:00,1.2192057326034312e-13
2024-06-27 19:00:00,0.0
2024-06-27 20:00:00,0.0
2024-06-27 21:00:00,0.0
2024-06-27 22:00:00,0.0
2024-06-27 23:00:00,0.0
2024-06-28 00:00:00,0.0
2024-06-28 01:00:00,0.0
2024-06-28 02:00:00,0.0
2024-06-28 03:00:00,0.0
2024-06-28 04:00:00,0.0
2024-06-28 05:00:00,0.0
2024-06-28 06:00:00,0.0
2024-06-28 07:00:00,257.35381746035824
2024-06-28 08:00:00,497.169397558085
2024-06-28 09:00:00,703.103704823505
2024-06-28 10:00:00,861.1226565390133
2024-06-28 11:00:00,960.4575222838633
2024-06-28 12:00:00,994.3387951161702
2024-06-28 13:00:00,960.4575222838635
2024-06-28 14:00:00,861.1226565390135
2024-06-28 15:00:00,703.1037048235052
2024-06-28 16:00:00,497.169397558085
2024-06-28 17:00:00,257.35381746035847
2024-06-28 18:00:00,1.2177138227070537e-13
2024-06-28 19:00:00,0.0
2024-06-28 20:00:00,0.0
2024-06-28 21:00:00,0.0
2024-06-28 22:00:00,0.0
2024-06-28 23:00:00,0.0
2024-06-29 00:00:00,0.0
2024-06-29 01:00:00,0.0
2024-06-29 02:00:00,0.0
2024-06-29 03:00:00,0.0
2024-06-29 04:00:00,0.0
2024-06-29 05:00:00,0.0
2024-06-29 06:00:00,0.0
2024-06-29 07:00:00,257.0006018983782
2024-06-29 08:00:00,496.48703749095745
2024-06-29 09:00:00,702.1387019621516
2024-06-29 10:00:00,859.9407742336923
2024-06-29 11:00:00,959.1393038605297
2024-06-29 12:00:00,992.9740749819151
2024-06-29 13:00:00,959.1393038605298
2024-06-29 14:00:00,859.9407742336925
2024-06-29 15:00:00,702.1387019621517
2024-06-29 16:00:00,496.48703749095745
2024-06-29 17:00:00,257.0006018983784
2024-06-29 18:00:00,1.2160425225629063e-13
2024-06-29 19:00:00,0.0
2024-06-29 20:00:00,0.0
2024-06-29 21:00:00,0.0
2024-06-29 22:00:00,0.0
2024-06-29 23:00:00,0.0
2024-06-30 00:00:00,0.0
2024-06-30 01:00:00,0.0
2024-06-30 02:00:00,0.0
2024-06-30 03:00:00,0.0
2024-06-30 04:00:00,0.0
2024-06-30 05:00:00,0.0
2024-06-30 06:00:00,0.0
2024-06-30 07:00:00,256.60957834594655
2024-06-30 08:00:00,495.7316379949954
2024-06-30 09:00:00,701.0704057499522
2024-06-30 10:00:00,858.6323839266742
2024-06-30 11:00:00,957.6799840958987
2024-06-30 12:00:00,991.4632759899911
2024-06-30 13:00:00,957.6799840958988
2024-06-30 14:00:00,858.6323839266744
2024-06-30 15:00:00,701.0704057499523
2024-06-30 16:00:00,495.7316379949954
2024-06-30 17:00:00,256.6095783459468
2024-06-30 18:00:00,1.2141923274132913e-13
2024-06-30 19:00:00,0.0
2024-06-30 20:00:00,0.0
2024-06-30 21:00:00,0.0
2024-06-30 22:00:00,0.0
2024-06-30 23:00:00,0.0
2024-07-01 00:00:00,0.0
2024-07-01 01:00:00,0.0
2024-07-01 02:00:00,0.0
2024-07-01 03:00:00,0.0
2024-07-01 04:00:00,0.0
2024-07-01 05:00:00,0.0
2024-07-01 06:00:00,0.0
2024-07-01 07:00:00,256.180862671781
2024-07-01 08:00:00,494.90342291137245
2024-07-01 09:00:00,699.8991327461307
2024-07-01 10:00:00,857.1978733222443
2024-07-01 11:00:00,956.0799954179116
2024-07-01 12:00:00,989.8068458227451
2024-07-01 13:00:00,956.0799954179117
2024-07-01 14:00:00,857.1978733222445
2024-07-01 15:00:00,699.8991327461308
2024-07-01 16:00:00,494.90342291137245
2024-07-01 17:00:00,256.18086267178114
2024-07-01 18:00:00,1.2121637855109626e-13
2024-07-01 19:00:00,0.0
2024-07-01 20:00:00,0.0
2024-07-01 21:00:00,0.0
2024-07-01 22:00:00,0.0
2024-07-01 23:00:00,0.0
2024-07-02 00:00:00,0.0
2024-07-02 01:00:00,0.0
2024-07-02 02:00:00,0.0
2024-07-02 03:00:00,0.0
2024-07-02 04:00:00,0.0
2024-07-02 05:00:00,0.0
2024-07-02 06:00:00,0.0
2024-07-02 07:00:00,255.714581913588
2024-07-02 08:00:00,494.00263765809206
2024-07-02 09:00:00,698.6252300241558
2024-07-02 10:00:00,855.6376674968539
2024-07-02 11:00:00,954.3398119377438
2024-07-02 12:00:00,988.0052753161843
2024-07-02 13:00:00,954.3398119377439
2024-07-02 14:00:00,855.6376674968541
2024-07-02 15:00:00,698.6252300241559
2024-07-02 16:00:00,494.00263765809206
2024-07-02 17:00:00,255.71458191358823
2024-07-02 18:00:00,1.2099574979566646e-13
2024-07-02 19:00:00,0.0
2024-07-02 20:00:00,0.0
2024-07-02 21:00:00,0.0
2024-07-02 22:00:00,0.0
2024-07-02 23:00:00,0.0
2024-07-03 00:00:00,0.0
2024-07-03 01:00:00,0.0
2024-07-03 02:00:00,0.0
2024-07-03 03:00:00,0.0
2024-07-03 04:00:00,0.0
2024-07-03 05:00:00,0.0
2024-07-03 06:00:00,0.0
2024-07-03 07:00:00,255.21087424041954
2024-07-03 08:00:00,493.02954915726525
2024-07-03 09:00:00,697.2490750688972
2024-07-03 10:00:00,853.9522287731609
2024-07-03 11:00:00,952.4599493093168
2024-07-03 12:00:00,986.0590983145307
2024-07-03 13:00:00,952.4599493093169
2024-07-03 14:00:00,853.9522287731611
2024-07-03 15:00:00,697.2490750688974
2024-07-03 16:00:00,493.02954915726525
2024-07-03 17:00:00,255.21087424041977
2024-07-03 18:00:00,1.2075741185210155e-13
2024-07-03 19:00:00,0.0
2024-07-03 20:00:00,0.0
2024-07-03 21:00:00,0.0
2024-07-03 22:00:00,0.0
2024-07-03 23:00:00,0.0
2024-07-04 00:00:00,0.0
2024-07-04 01:00:00,0.0
2024-07-04 02:00:00,0.0
2024-07-04 03:00:00,0.0
2024-07-04 04:00:00,0.0
2024-07-04 05:00:00,0.0
2024-07-04 06:00:00,0.0
2024-07-04 07:00:00,254.66988891173006
2024-07-04 08:00:00,491.984445756016
2024-07-04 09:00:00,695.7710756647683
2024-07-04 10:00:00,852.142056583034
2024-07-04 11:00:00,950.4409645764983
2024-07-04 12:00:00,983.9688915120322
2024-07-04 13:00:00,950.4409645764985
2024-07-04 14:00:00,852.1420565830342
2024-07-04 15:00:00,695.7710756647684
2024-07-04 16:00:00,491.984445756016
2024-07-04 17:00:00,254.66988891173028
2024-07-04 18:00:00,1.2050143534507794e-13
2024-07-04 19:00:00,0.0
2024-07-04 20:00:00,0.0
2024-07-04 21:00:00,0.0
2024-07-04 22:00:00,0.0
2024-07-04 23:00:00,0.0
2024-07-05 00:00:00,0.0
2024-07-05 01:00:00,0.0
2024-07-05 02:00:00,0.0
2024-07-05 03:00:00,0.0
2024-07-05 04:00:00,0.0
2024-07-05 05:00:00,0.0
2024-07-05 06:00:00,0.0
2024-07-05 07:00:00,254.0917862331479
2024-07-05 08:00:00,490.86763714103716
2024-07-05 09:00:00,694.1916697748901
2024-07-05 10:00:00,850.20768731956
2024-07-05 11:00:00,948.283456008038
2024-07-05 12:00:00,981.7352742820746
2024-07-05 13:00:00,948.2834560080381
2024-07-05 14:00:00,850.2076873195603
2024-07-05 15:00:00,694.1916697748902
2024-07-05 16:00:00,490.86763714103716
2024-07-05 17:00:00,254.09178623314813
2024-07-05 18:00:00,1.2022789612595916e-13
2024-07-05 19:00:00,0.0
2024-07-05 20:00:00,0.0
2024-07-05 21:00:00,0.0
2024-07-05 22:00:00,0.0
2024-07-05 23:00:00,0.0
2024-07-06 00:00:00,0.0
2024-07-06 01:00:00,0.0
2024-07-06 02:00:00,0.0
2024-07-06 03:00:00,0.0
2024-07-06 04:00:00,0.0
2024-07-06 05:00:00,0.0
2024-07-06 06:00:00,0.0
2024-07-06 07:00:00,253.47673750897312
2024-07-06 08:00:00,489.67945424682404
2024-07-06 09:00:00,692.5113254113141
2024-07-06 10:00:00,848.1496941780987
2024-07-06 11:00:00,945.9880629202873
2024-07-06 12:00:00,979.3589084936483
2024-07-06 13:00:00,945.9880629202875
2024-07-06 14:00:00,848.1496941780989
2024-07-06 15:00:00,692.5113254113143
2024-07-06 16:00:00,489.67945424682404
2024-07-06 17:00:00,253.47673750897334
2024-07-06 18:00:00,1.199368752503192e-13
2024-07-06 19:00:00,0.0
2024-07-06 20:00:00,0.0
2024-07-06 21:00:00,0.0
2024-07-06 22:00:00,0.0
2024-07-06 23:00:00,0.0
2024-07-07 00:00:00,0.0
2024-07-07 01:00:00,0.0
2024-07-07 02:00:00,0.0
2024-07-07 03:00:00,0.0
2024-07-07 04:00:00,0.0
2024-07-07 05:00:00,0.0
2024-07-07 06:00:00,0.0
2024-07-07 07:00:00,252.8249249914166
2024-07-07 08:00:00,488.42024915761135
2024-07-07 09:00:00,690.7305404963404
2024-07-07 10:00:00,845.968686986433
2024-07-07 11:00:00,943.555465487757
2024-07-07 12:00:00,976.8404983152229
2024-07-07 13:00:00,943.5554654877571
2024-07-07 14:00:00,845.9686869864332
2024-07-07 15:00:00,690.7305404963405
2024-07-07 16:00:00,488.42024915761135
2024-07-07 17:00:00,252.82492499141682
2024-07-07 18:00:00,1.1962845895392434e-13
2024-07-07 19:00:00,0.0
2024-07-07 20:00:00,0.0
2024-07-07 21:00:00,0.0
2024-07-07 22:00:00,0.0
2024-07-07 23:00:00,0.0
2024-07-08 00:00:00,0.0
2024-07-08 01:00:00,0.0
2024-07-08 02:00:00,0.0
2024-07-08 03:00:00,0.0
2024-07-08 04:00:00,0.0
2024-07-08 05:00:00,0.0
2024-07-08 06:00:00,0.0
2024-07-08 07:00:00,252.13654182659448
2024-07-08 08:00:00,487.0903950030428
2024-07-08 09:00:00,688.8498427149714
2024-07-08 10:00:00,843.6653120240637
2024-07-08 11:00:00,940.9863845415658
2024-07-08 12:00:00,974.1807900060858
2024-07-08 13:00:00,940.9863845415659
2024-07-08 14:00:00,843.665312024064
2024-07-08 15:00:00,688.8498427149715
2024-07-08 16:00:00,487.0903950030428
2024-07-08 17:00:00,252.1365418265947
2024-07-08 18:00:00,1.1930273862717929e-13
2024-07-08 19:00:00,0.0
2024-07-08 20:00:00,0.0
2024-07-08 21:00:00,0.0
2024-07-08 22:00:00,0.0
2024-07-08 23:00:00,0.0
2024-07-09 00:00:00,0.0
2024-07-09 01:00:00,0.0
2024-07-09 02:00:00,0.0
2024-07-09 03:00:00,0.0
2024-07-09 04:00:00,0.0
2024-07-09 05:00:00,0.0
2024-07-09 06:00:00,0.0
2024-07-09 07:00:00,251.41179199729513
2024-07-09 08:00:00,485.6902858476051
2024-07-09 09:00:00,686.8697893585486
2024-07-09 10:00:00,841.2402518307033
2024-07-09 11:00:00,938.2815813558437
2024-07-09 12:00:00,971.3805716952104
2024-07-09 13:00:00,938.2815813558439
2024-07-09 14:00:00,841.2402518307035
2024-07-09 15:00:00,686.8697893585487
2024-07-09 16:00:00,485.6902858476051
2024-07-09 17:00:00,251.41179199729535
2024-07-09 18:00:00,1.1895981078804655e-13
2024-07-09 19:00:00,0.0
2024-07-09 20:00:00,0.0
2024-07-09 21:00:00,0.0
2024-07-09 22:00:00,0.0
2024-07-09 23:00:00,0.0
2024-07-10 00:00:00,0.0
2024-07-10 01:00:00,0.0
2024-07-10 02:00:00,0.0
2024-07-10 03:00:00,0.0
2024-07-10 04:00:00,0.0
2024-07-10 05:00:00,0.0
2024-07-10 06:00:00,0.0
2024-07-10 07:00:00,250.65089026253426
2024-07-10 08:00:00,484.22033657385776
2024-07-10 09:00:00,684.7909671596146
2024-07-10 10:00:00,838.6942250040239
2024-07-10 11:00:00,935.4418574221489
2024-07-10 12:00:00,968.4406731477158
2024-07-10 13:00:00,935.441857422149
2024-07-10 14:00:00,838.6942250040241
2024-07-10 15:00:00,684.7909671596148
2024-07-10 16:00:00,484.22033657385776
2024-07-10 17:00:00,250.6508902625345
2024-07-10 18:00:00,1.1859977705344582e-13
2024-07-10 19:00:00,0.0
2024-07-10 20:00:00,0.0
2024-07-10 21:00:00,0.0
2024-07-10 22:00:00,0.0
2024-07-10 23:00:00,0.0
2024-07-11 00:00:00,0.0
2024-07-11 01:00:00,0.0
2024-07-11 02:00:00,0.0
2024-07-11 03:00:00,0.0
2024-07-11 04:00:00,0.0
2024-07-11 05:00:00,0.0
2024-07-11 06:00:00,0.0
2024-07-11 07:00:00,249.85406209391758
2024-07-11 08:00:00,482.6809827594948
2024-07-11 09:00:00,682.6139921180518
2024-07-11 10:00:00,836.0279859867223
2024-07-11 11:00:00,932.4680542119694
2024-07-11 12:00:00,965.3619655189898
2024-07-11 13:00:00,932.4680542119694
2024-07-11 14:00:00,836.0279859867226
2024-07-11 15:00:00,682.6139921180519
2024-07-11 16:00:00,482.6809827594948
2024-07-11 17:00:00,249.85406209391778
2024-07-11 18:00:00,1.1822274410914284e-13
2024-07-11 19:00:00,0.0
2024-07-11 20:00:00,0.0
2024-07-11 21:00:00,0.0
2024-07-11 22:00:00,0.0
2024-07-11 23:00:00,0.0
2024-07-12 00:00:00,0.0
2024-07-12 01:00:00,0.0
2024-07-12 02:00:00,0.0
2024-07-12 03:00:00,0.0
2024-07-12 04:00:00,0.0
2024-07-12 05:00:00,0.0
2024-07-12 06:00:00,0.0
2024-07-12 07:00:00,249.0215436088283
2024-07-12 08:00:00,481.07268054827324
2024-07-12 09:00:00,680.3395093185476
2024-07-12 10:00:00,833.2423248429612
2024-07-12 11:00:00,929.3610529273759
2024-07-12 12:00:00,962.1453610965467
2024-07-12 13:00:00,929.361052927376
2024-07-12 14:00:00,833.2423248429615
2024-07-12 15:00:00,680.3395093185477
2024-07-12 16:00:00,481.07268054827324
2024-07-12 17:00:00,249.02154360882852
2024-07-12 18:00:00,1.1782882367813604e-13
2024-07-12 19:00:00,0.0
2024-07-12 20:00:00,0.0
2024-07-12 21:00:00,0.0
2024-07-12 22:00:00,0.0
2024-07-12 23:00:00,0.0
2024-07-13 00:00:00,0.0
2024-07-13 01:00:00,0.0
2024-07-13 02:00:00,0.0
2024-07-13 03:00:00,0.0
2024-07-13 04:00:00,0.0
2024-07-13 05:00:00,0.0
2024-07-13 06:00:00,0.0
2024-07-13 07:00:00,248.1535815004608
2024-07-13 08:00:00,479.3959065148483
2024-07-13 09:00:00,677.9681927394431
2024-07-13 10:00:00,830.338067024257
2024-07-13 11:00:00,926.1217742399039
2024-07-13 12:00:00,958.7918130296969
2024-07-13 13:00:00,926.121774239904
2024-07-13 14:00:00,830.3380670242573
2024-07-13 15:00:00,677.9681927394432
2024-07-13 16:00:00,479.3959065148483
2024-07-13 17:00:00,248.15358150046103
2024-07-13 18:00:00,1.1741813248755057e-13
2024-07-13 19:00:00,0.0
2024-07-13 20:00:00,0.0
2024-07-13 21:00:00,0.0
2024-07-13 22:00:00,0.0
2024-07-13 23:00:00,0.0
2024-07-14 00:00:00,0.0
2024-07-14 01:00:00,0.0
2024-07-14 02:00:00,0.0
2024-07-14 03:00:00,0.0
2024-07-14 04:00:00,0.0
2024-07-14 05:00:00,0.0
2024-07-14 06:00:00,0.0
2024-07-14 07:00:00,247.25043296472
2024-07-14 08:00:00,477.65115752355393
2024-07-14 09:00:00,675.5007450530178
2024-07-14 10:00:00,827.3160731248806
2024-07-14 11:00:00,922.7511780177377
2024-07-14 12:00:00,955.3023150471081
2024-07-14 13:00:00,922.7511780177379
2024-07-14 14:00:00,827.3160731248809
2024-07-14 15:00:00,675.5007450530179
2024-07-14 16:00:00,477.65115752355393
2024-07-14 17:00:00,247.25043296472023
2024-07-14 18:00:00,1.1699079223404973e-13
2024-07-14 19:00:00,0.0
2024-07-14 20:00:00,0.0
2024-07-14 21:00:00,0.0
2024-07-14 22:00:00,0.0
2024-07-14 23:00:00,0.0
2024-07-15 00:00:00,0.0
2024-07-15 01:00:00,0.0
2024-07-15 02:00:00,0.0
2024-07-15 03:00:00,0.0
2024-07-15 04:00:00,0.0
2024-07-15 05:00:00,0.0
2024-07-15 06:00:00,0.0
2024-07-15 07:00:00,246.31236562400858
2024-07-15 08:00:00,475.838950581171
2024-07-15 09:00:00,672.9378974172731
2024-07-15 10:00:00,824.1772386268443
2024-07-15 11:00:00,919.2502630412818
2024-07-15 12:00:00,951.6779011623422
2024-07-15 13:00:00,919.2502630412819
2024-07-15 14:00:00,824.1772386268445
2024-07-15 15:00:00,672.9378974172732
2024-07-15 16:00:00,475.838950581171
2024-07-15 17:00:00,246.3123656240088
2024-07-15 18:00:00,1.1654692954777336e-13
2024-07-15 19:00:00,0.0
2024-07-15 20:00:00,0.0
2024-07-15 21:00:00,0.0
2024-07-15 22:00:00,0.0
2024-07-15 23:00:00,0.0
2024-07-16 00:00:00,0.0
2024-07-16 01:00:00,0.0
2024-07-16 02:00:00,0.0
2024-07-16 03:00:00,0.0
2024-07-16 04:00:00,0.0
2024-07-16 05:00:00,0.0
2024-07-16 06:00:00,0.0
2024-07-16 07:00:00,245.33965744792474
2024-07-16 08:00:00,473.9598226837271
2024-07-16 09:00:00,670.2804092592744
2024-07-16 10:00:00,820.9224936345514
2024-07-16 11:00:00,915.620066707199
2024-07-16 12:00:00,947.9196453674545
2024-07-16 13:00:00,915.6200667071992
2024-07-16 14:00:00,820.9224936345516
2024-07-16 15:00:00,670.2804092592745
2024-07-16 16:00:00,473.9598226837271
2024-07-16 17:00:00,245.33965744792494
2024-07-16 18:00:00,1.1608667595481473e-13
2024-07-16 19:00:00,0.0
2024-07-16 20:00:00,0.0
2024-07-16 21:00:00,0.0
2024-07-16 22:00:00,0.0
2024-07-16 23:00:00,0.0
2024-07-17 00:00:00,0.0
2024-07-17 01:00:00,0.0
2024-07-17 02:00:00,0.0
2024-07-17 03:00:00,0.0
2024-07-17 04:00:00,0.0
2024-07-17 05:00:00,0.0
2024-07-17 06:00:00,0.0
2024-07-17 07:00:00,244.33259667089376
2024-07-17 08:00:00,472.0143306573732
2024-07-17 09:00:00,667.5290680501159
2024-07-17 10:00:00,817.5528025991864
2024-07-17 11:00:00,911.8616647210097
2024-07-17 12:00:00,944.0286613147466
2024-07-17 13:00:00,911.8616647210098
2024-07-17 14:00:00,817.5528025991865
2024-07-17 15:00:00,667.529068050116
2024-07-17 16:00:00,472.0143306573732
2024-07-17 17:00:00,244.33259667089396
2024-07-17 18:00:00,1.1561016783824653e-13
2024-07-17 19:00:00,0.0
2024-07-17 20:00:00,0.0
2024-07-17 21:00:00,0.0
2024-07-17 22:00:00,0.0
2024-07-17 23:00:00,0.0
2024-07-18 00:00:00,0.0
2024-07-18 01:00:00,0.0
2024-07-18 02:00:00,0.0
2024-07-18 03:00:00,0.0
2024-07-18 04:00:00,0.0
2024-07-18 05:00:00,0.0
2024-07-18 06:00:00,0.0
2024-07-18 07:00:00,243.29148170675805
2024-07-18 08:00:00,470.0030509933838
2024-07-18 09:00:00,664.6846890715769
2024-07-18 10:00:00,814.0691640329267
2024-07-18 11:00:00,907.976170778335
2024-07-18 12:00:00,940.0061019867678
2024-07-18 13:00:00,907.9761707783351
2024-07-18 14:00:00,814.0691640329269
2024-07-18 15:00:00,664.684689071577
2024-07-18 16:00:00,470.0030509933838
2024-07-18 17:00:00,243.29148170675825
2024-07-18 18:00:00,1.1511754639770756e-13
2024-07-18 19:00:00,0.0
2024-07-18 20:00:00,0.0
2024-07-18 21:00:00,0.0
2024-07-18 22:00:00,0.0
2024-07-18 23:00:00,0.0
2024-07-19 00:00:00,0.0
2024-07-19 01:00:00,0.0
2024-07-19 02:00:00,0.0
2024-07-19 03:00:00,0.0
2024-07-19 04:00:00,0.0
2024-07-19 05:00:00,0.0
2024-07-19 06:00:00,0.0
2024-07-19 07:00:00,242.21662106035058
2024-07-19 08:00:00,467.9265796773303
2024-07-19 09:00:00,661.7481151745354
2024-07-19 10:00:00,810.4726102130626
2024-07-19 11:00:00,903.964736234886
2024-07-19 12:00:00,935.8531593546609
2024-07-19 13:00:00,903.964736234886
2024-07-19 14:00:00,810.4726102130628
2024-07-19 15:00:00,661.7481151745355
2024-07-19 16:00:00,467.9265796773303
2024-07-19 17:00:00,242.21662106035077
2024-07-19 18:00:00,1.1460895760756233e-13
2024-07-19 19:00:00,0.0
2024-07-19 20:00:00,0.0
2024-07-19 21:00:00,0.0
2024-07-19 22:00:00,0.0
2024-07-19 23:00:00,0.0
2024-07-20 00:00:00,0.0
2024-07-20 01:00:00,0.0
2024-07-20 02:00:00,0.0
2024-07-20 03:00:00,0.0
2024-07-20 04:00:00,0.0
2024-07-20 05:00:00,0.0
2024-07-20 06:00:00,0.0
2024-07-20 07:00:00,241.10833323607832
2024-07-20 08:00:00,465.78553201247774
2024-07-20 09:00:00,658.7202165292136
2024-07-20 10:00:00,806.7642068761113
2024-07-20 11:00:00,899.828549765292
2024-07-20 12:00:00,931.5710640249557
2024-07-20 13:00:00,899.8285497652921
2024-07-20 14:00:00,806.7642068761114
2024-07-20 15:00:00,658.7202165292138
2024-07-20 16:00:00,465.78553201247774
2024-07-20 17:00:00,241.10833323607852
2024-07-20 18:00:00,1.1408455217364562e-13
2024-07-20 19:00:00,0.0
2024-07-20 20:00:00,0.0
2024-07-20 21:00:00,0.0
2024-07-20 22:00:00,0.0
2024-07-20 23:00:00,0.0
2024-07-21 00:00:00,0.0
2024-07-21 01:00:00,0.0
2024-07-21 02:00:00,0.0
2024-07-21 03:00:00,0.0
2024-07-21 04:00:00,0.0
2024-07-21 05:00:00,0.0
2024-07-21 06:00:00,0.0
2024-07-21 07:00:00,239.96694664354237
2024-07-21 08:00:00,463.5805424374567
2024-07-21 09:00:00,655.6018903673275
2024-07-21 10:00:00,802.945052902015
2024-07-21 11:00:00,895.56883701087
2024-07-21 12:00:00,927.1610848749135
2024-07-21 13:00:00,895.5688370108701
2024-07-21 14:00:00,802.9450529020153
2024-07-21 15:00:00,655.6018903673277
2024-07-21 16:00:00,463.5805424374567
2024-07-21 17:00:00,239.9669466435426
2024-07-21 18:00:00,1.1354448548860504e-13
2024-07-21 19:00:00,0.0
2024-07-21 20:00:00,0.0
2024-07-21 21:00:00,0.0
2024-07-21 22:00:00,0.0
2024-07-21 23:00:00,0.0
2024-07-22 00:00:00,0.0
2024-07-22 01:00:00,0.0
2024-07-22 02:00:00,0.0
2024-07-22 03:00:00,0.0
2024-07-22 04:00:00,0.0
2024-07-22 05:00:00,0.0
2024-07-22 06:00:00,0.0
2024-07-22 07:00:00,238.79279950022325
2024-07-22 08:00:00,461.3122643382657
2024-07-22 09:00:00,652.3940607162178
2024-07-22 10:00:00,799.0162799885205
2024-07-22 11:00:00,891.1868602164411
2024-07-22 12:00:00,922.6245286765317
2024-07-22 13:00:00,891.1868602164412
2024-07-22 14:00:00,799.0162799885208
2024-07-22 15:00:00,652.394060716218
2024-07-22 16:00:00,461.3122643382657
2024-07-22 17:00:00,238.79279950022348
2024-07-22 18:00:00,1.1298891758585499e-13
2024-07-22 19:00:00,0.0
2024-07-22 20:00:00,0.0
2024-07-22 21:00:00,0.0
2024-07-22 22:00:00,0.0
2024-07-22 23:00:00,0.0
2024-07-23 00:00:00,0.0
2024-07-23 01:00:00,0.0
2024-07-23 02:00:00,0.0
2024-07-23 03:00:00,0.0
2024-07-23 04:00:00,0.0
2024-07-23 05:00:00,0.0
2024-07-23 06:00:00,0.0
2024-07-23 07:00:00,237.58623973125972
2024-07-23 08:00:00,458.9813698546592
2024-07-23 09:00:00,649.0976781250408
2024-07-23 10:00:00,794.9790523158321
2024-07-23 11:00:00,886.6839178563006
2024-07-23 12:00:00,917.9627397093186
2024-07-23 13:00:00,886.6839178563007
2024-07-23 14:00:00,794.9790523158323
2024-07-23 15:00:00,649.0976781250409
2024-07-23 16:00:00,458.9813698546592
2024-07-23 17:00:00,237.58623973125992
2024-07-23 18:00:00,1.1241801309215521e-13
2024-07-23 19:00:00,0.0
2024-07-23 20:00:00,0.0
2024-07-23 21:00:00,0.0
2024-07-23 22:00:00,0.0
2024-07-23 23:00:00,0.0
2024-07-24 00:00:00,0.0
2024-07-24 01:00:00,0.0
2024-07-24 02:00:00,0.0
2024-07-24 03:00:00,0.0
2024-07-24 04:00:00,0.0
2024-07-24 05:00:00,0.0
2024-07-24 06:00:00,0.0
2024-07-24 07:00:00,236.3476248663509
2024-07-24 08:00:00,456.5885496809773
2024-07-24 09:00:00,645.7137193830999
2024-07-24 10:00:00,790.8345662016392
2024-07-24 11:00:00,882.0613442494508
2024-07-24 12:00:00,913.1770993619548
2024-07-24 13:00:00,882.0613442494509
2024-07-24 14:00:00,790.8345662016394
2024-07-24 15:00:00,645.7137193831
2024-07-24 16:00:00,456.5885496809773
2024-07-24 17:00:00,236.3476248663511
2024-07-24 18:00:00,1.1183194117882825e-13
2024-07-24 19:00:00,0.0
2024-07-24 20:00:00,0.0
2024-07-24 21:00:00,0.0
2024-07-24 22:00:00,0.0
2024-07-24 23:00:00,0.0
2024-07-25 00:00:00,0.0
2024-07-25 01:00:00,0.0
2024-07-25 02:00:00,0.0
2024-07-25 03:00:00,0.0
2024-07-25 04:00:00,0.0
2024-07-25 05:00:00,0.0
2024-07-25 06:00:00,0.0
2024-07-25 07:00:00,235.07732193381293
2024-07-25 08:00:00,454.1345128614789
2024-07-25 09:00:00,642.2431872304024
2024-07-25 10:00:00,786.5840497466234
2024-07-25 11:00:00,877.3205091642154
2024-07-25 12:00:00,908.2690257229581
2024-07-25 13:00:00,877.3205091642155
2024-07-25 14:00:00,786.5840497466236
2024-07-25 15:00:00,642.2431872304026
2024-07-25 16:00:00,454.1345128614789
2024-07-25 17:00:00,235.07732193381312
2024-07-25 18:00:00,1.1123087551163057e-13
2024-07-25 19:00:00,0.0
2024-07-25 20:00:00,0.0
2024-07-25 21:00:00,0.0
2024-07-25 22:00:00,0.0
2024-07-25 23:00:00,0.0
2024-07-26 00:00:00,0.0
2024-07-26 01:00:00,0.0
2024-07-26 02:00:00,0.0
2024-07-26 03:00:00,0.0
2024-07-26 04:00:00,0.0
2024-07-26 05:00:00,0.0
2024-07-26 06:00:00,0.0
2024-07-26 07:00:00,233.77570735182002
2024-07-26 08:00:00,451.6199865802361
2024-07-26 09:00:00,638.6871100605252
2024-07-26 10:00:00,782.2287624705435
2024-07-26 11:00:00,872.4628174123453
2024-07-26 12:00:00,903.2399731604725
2024-07-26 13:00:00,872.4628174123454
2024-07-26 14:00:00,782.2287624705438
2024-07-26 15:00:00,638.6871100605254
2024-07-26 16:00:00,451.6199865802361
2024-07-26 17:00:00,233.77570735182022
2024-07-26 18:00:00,1.1061499419929139e-13
2024-07-26 19:00:00,0.0
2024-07-26 20:00:00,0.0
2024-07-26 21:00:00,0.0
2024-07-26 22:00:00,0.0
2024-07-26 23:00:00,0.0
2024-07-27 00:00:00,0.0
2024-07-27 01:00:00,0.0
2024-07-27 02:00:00,0.0
2024-07-27 03:00:00,0.0
2024-07-27 04:00:00,0.0
2024-07-27 05:00:00,0.0
2024-07-27 06:00:00,0.0
2024-07-27 07:00:00,232.44316681686396
2024-07-27 08:00:00,449.0457159456539
2024-07-27 09:00:00,635.0465416158803
2024-07-27 10:00:00,777.7699949390145
2024-07-27 11:00:00,867.4897084327442
2024-07-27 12:00:00,898.091431891308
2024-07-27 13:00:00,867.4897084327444
2024-07-27 14:00:00,777.7699949390147
2024-07-27 15:00:00,635.0465416158804
2024-07-27 16:00:00,449.0457159456539
2024-07-27 17:00:00,232.44316681686416
2024-07-27 18:00:00,1.0998447974073536e-13
2024-07-27 19:00:00,0.0
2024-07-27 20:00:00,0.0
2024-07-27 21:00:00,0.0
2024-07-27 22:00:00,0.0
2024-07-27 23:00:00,0.0
2024-07-28 00:00:00,0.0
2024-07-28 01:00:00,0.0
2024-07-28 02:00:00,0.0
2024-07-28 03:00:00,0.0
2024-07-28 04:00:00,0.0
2024-07-28 05:00:00,0.0
2024-07-28 06:00:00,0.0
2024-07-28 07:00:00,231.08009518946383
2024-07-28 08:00:00,446.4124637696786
2024-07-28 09:00:00,631.3225606754676
2024-07-28 10:00:00,773.209068381084
2024-07-28 11:00:00,862.4026558649314
2024-07-28 12:00:00,892.8249275393574
2024-07-28 13:00:00,862.4026558649315
2024-07-28 14:00:00,773.2090683810842
2024-07-28 15:00:00,631.3225606754677
2024-07-28 16:00:00,446.4124637696786
2024-07-28 17:00:00,231.08009518946403
2024-07-28 18:00:00,1.0933951897100416e-13
2024-07-28 19:00:00,0.0
2024-07-28 20:00:00,0.0
2024-07-28 21:00:00,0.0
2024-07-28 22:00:00,0.0
2024-07-28 23:00:00,0.0
2024-07-29 00:00:00,0.0
2024-07-29 01:00:00,0.0
2024-07-29 02:00:00,0.0
2024-07-29 03:00:00,0.0
2024-07-29 04:00:00,0.0
2024-07-29 05:00:00,0.0
2024-07-29 06:00:00,0.0
2024-07-29 07:00:00,229.68689637716028
2024-07-29 08:00:00,443.7210103417601
2024-07-29 09:00:00,627.5162707352097
2024-07-29 10:00:00,768.5473342977238
2024-07-29 11:00:00,857.2031671123699
2024-07-29 12:00:00,887.4420206835204
2024-07-29 13:00:00,857.20316711237
2024-07-29 14:00:00,768.547334297724
2024-07-29 15:00:00,627.5162707352098
2024-07-29 16:00:00,443.7210103417601
2024-07-29 17:00:00,229.68689637716048
2024-07-29 18:00:00,1.0868030300589326e-13
2024-07-29 19:00:00,0.0
2024-07-29 20:00:00,0.0
2024-07-29 21:00:00,0.0
2024-07-29 22:00:00,0.0
2024-07-29 23:00:00,0.0
2024-07-30 00:00:00,0.0
2024-07-30 01:00:00,0.0
2024-07-30 02:00:00,0.0
2024-07-30 03:00:00,0.0
2024-07-30 04:00:00,0.0
2024-07-30 05:00:00,0.0
2024-07-30 06:00:00,0.0
2024-07-30 07:00:00,228.2639832148292
2024-07-30 08:00:00,440.97215319763563
2024-07-30 09:00:00,623.6287996809626
2024-07-30 10:00:00,763.7861740613515
2024-07-30 11:00:00,851.8927828957918
2024-07-30 12:00:00,881.9443063952714
2024-07-30 13:00:00,851.8927828957919
2024-07-30 14:00:00,763.7861740613516
2024-07-30 15:00:00,623.6287996809627
2024-07-30 16:00:00,440.97215319763563
2024-07-30 17:00:00,228.2639832148294
2024-07-30 18:00:00,1.0800702718532017e-13
2024-07-30 19:00:00,0.0
2024-07-30 20:00:00,0.0
2024-07-30 21:00:00,0.0
2024-07-30 22:00:00,0.0
2024-07-30 23:00:00,0.0
2024-07-31 00:00:00,0.0
2024-07-31 01:00:00,0.0
2024-07-31 02:00:00,0.0
2024-07-31 03:00:00,0.0
2024-07-31 04:00:00,0.0
2024-07-31 05:00:00,0.0
2024-07-31 06:00:00,0.0
2024-07-31 07:00:00,226.8117773423495
2024-07-31 08:00:00,438.166706883002
2024-07-31 09:00:00,619.6612994542982
2024-07-31 10:00:00,758.9269985064992
2024-07-31 11:00:00,846.4730767966477
2024-07-31 12:00:00,876.3334137660042
2024-07-31 13:00:00,846.4730767966478
2024-07-31 14:00:00,758.9269985064994
2024-07-31 15:00:00,619.6612994542983
2024-07-31 16:00:00,438.166706883002
2024-07-31 17:00:00,226.8117773423497
2024-07-31 18:00:00,1.0731989101544103e-13
2024-07-31 19:00:00,0.0
2024-07-31 20:00:00,0.0
2024-07-31 21:00:00,0.0
2024-07-31 22:00:00,0.0
2024-07-31 23:00:00,0.0
2024-08-01 00:00:00,0.0
2024-08-01 01:00:00,0.0
2024-08-01 02:00:00,0.0
2024-08-01 03:00:00,0.0
2024-08-01 04:00:00,0.0
2024-08-01 05:00:00,0.0
2024-08-01 06:00:00,0.0
2024-08-01 07:00:00,225.3307090796624
2024-08-01 08:00:00,435.3055027121489
2024-08-01 09:00:00,615.6149457111593
2024-08-01 10:00:00,753.9712475117536
2024-08-01 11:00:00,840.9456547908217
2024-08-01 12:00:00,870.611005424298
2024-08-01 13:00:00,840.9456547908218
2024-08-01 14:00:00,753.9712475117539
2024-08-01 15:00:00,615.6149457111594
2024-08-01 16:00:00,435.3055027121489
2024-08-01 17:00:00,225.3307090796626
2024-08-01 18:00:00,1.0661909810953256e-13
2024-08-01 19:00:00,0.0
2024-08-01 20:00:00,0.0
2024-08-01 21:00:00,0.0
2024-08-01 22:00:00,0.0
2024-08-01 23:00:00,0.0
2024-08-02 00:00:00,0.0
2024-08-02 01:00:00,0.0
2024-08-02 02:00:00,0.0
2024-08-02 03:00:00,0.0
2024-08-02 04:00:00,0.0
2024-08-02 05:00:00,0.0
2024-08-02 06:00:00,0.0
2024-08-02 07:00:00,223.8212172992581
2024-08-02 08:00:00,432.3893885216218
2024-08-02 09:00:00,611.4909374734872
2024-08-02 10:00:00,748.9203895730881
2024-08-02 11:00:00,835.3121547727453
2024-08-02 12:00:00,864.7787770432438
2024-08-02 13:00:00,835.3121547727454
2024-08-02 14:00:00,748.9203895730883
2024-08-02 15:00:00,611.4909374734873
2024-08-02 16:00:00,432.3893885216218
2024-08-02 17:00:00,223.8212172992583
2024-08-02 18:00:00,1.0590485612765711e-13
2024-08-02 19:00:00,0.0
2024-08-02 20:00:00,0.0
2024-08-02 21:00:00,0.0
2024-08-02 22:00:00,0.0
2024-08-02 23:00:00,0.0
2024-08-03 00:00:00,0.0
2024-08-03 01:00:00,0.0
2024-08-03 02:00:00,0.0
2024-08-03 03:00:00,0.0
2024-08-03 04:00:00,0.0
2024-08-03 05:00:00,0.0
2024-08-03 06:00:00,0.0
2024-08-03 07:00:00,222.28374929612878
2024-08-03 08:00:00,429.4192284189904
2024-08-03 09:00:00,607.2904967739264
2024-08-03 10:00:00,743.7759213687166
2024-08-03 11:00:00,829.5742460700552
2024-08-03 12:00:00,858.838456837981
2024-08-03 13:00:00,829.5742460700552
2024-08-03 14:00:00,743.7759213687167
2024-08-03 15:00:00,607.2904967739265
2024-08-03 16:00:00,429.4192284189904
2024-08-03 17:00:00,222.28374929612897
2024-08-03 18:00:00,1.0517737671512857e-13
2024-08-03 19:00:00,0.0
2024-08-03 20:00:00,0.0
2024-08-03 21:00:00,0.0
2024-08-03 22:00:00,0.0
2024-08-03 23:00:00,0.0
2024-08-04 00:00:00,0.0
2024-08-04 01:00:00,0.0
2024-08-04 02:00:00,0.0
2024-08-04 03:00:00,0.0
2024-08-04 04:00:00,0.0
2024-08-04 05:00:00,0.0
2024-08-04 06:00:00,0.0
2024-08-04 07:00:00,220.718760655225
2024-08-04 08:00:00,426.3959025267944
2024-08-04 09:00:00,603.014868293709
2024-08-04 10:00:00,738.5393673155945
2024-08-04 11:00:00,823.7336289489341
2024-08-04 12:00:00,852.791805053589
2024-08-04 13:00:00,823.7336289489341
2024-08-04 14:00:00,738.5393673155947
2024-08-04 15:00:00,603.0148682937091
2024-08-04 16:00:00,426.3959025267944
2024-08-04 17:00:00,220.71876065522517
2024-08-04 18:00:00,1.0443687543979714e-13
2024-08-04 19:00:00,0.0
2024-08-04 20:00:00,0.0
2024-08-04 21:00:00,0.0
2024-08-04 22:00:00,0.0
2024-08-04 23:00:00,0.0
2024-08-05 00:00:00,0.0
2024-08-05 01:00:00,0.0
2024-08-05 02:00:00,0.0
2024-08-05 03:00:00,0.0
2024-08-05 04:00:00,0.0
2024-08-05 05:00:00,0.0
2024-08-05 06:00:00,0.0
2024-08-05 07:00:00,219.12671511645624
2024-08-05 08:00:00,423.3203067217443
2024-08-05 09:00:00,598.6653189938295
2024-08-05 10:00:00,733.2122791177021
2024-08-05 11:00:00,817.7920341102857
2024-08-05 12:00:00,846.6406134434889
2024-08-05 13:00:00,817.7920341102857
2024-08-05 14:00:00,733.2122791177023
2024-08-05 15:00:00,598.6653189938296
2024-08-05 16:00:00,423.3203067217443
2024-08-05 17:00:00,219.12671511645644
2024-08-05 18:00:00,1.0368357172817202e-13
2024-08-05 19:00:00,0.0
2024-08-05 20:00:00,0.0
2024-08-05 21:00:00,0.0
2024-08-05 22:00:00,0.0
2024-08-05 23:00:00,0.0
2024-08-06 00:00:00,0.0
2024-08-06 01:00:00,0.0
2024-08-06 02:00:00,0.0
2024-08-06 03:00:00,0.0
2024-08-06 04:00:00,0.0
2024-08-06 05:00:00,0.0
2024-08-06 06:00:00,0.0
2024-08-06 07:00:00,217.50808443727476
2024-08-06 08:00:00,420.19335236925394
2024-08-06 09:00:00,594.2431377396159
2024-08-06 10:00:00,727.7962353062401
2024-08-06 11:00:00,811.7512221768908
2024-08-06 12:00:00,840.3867047385081
2024-08-06 13:00:00,811.7512221768908
2024-08-06 14:00:00,727.7962353062403
2024-08-06 15:00:00,594.243137739616
2024-08-06 16:00:00,420.19335236925394
2024-08-06 17:00:00,217.50808443727496
2024-08-06 18:00:00,1.0291768880040058e-13
2024-08-06 19:00:00,0.0
2024-08-06 20:00:00,0.0
2024-08-06 21:00:00,0.0
2024-08-06 22:00:00,0.0
2024-08-06 23:00:00,0.0
2024-08-07 00:00:00,0.0
2024-08-07 01:00:00,0.0
2024-08-07 02:00:00,0.0
2024-08-07 03:00:00,0.0
2024-08-07 04:00:00,0.0
2024-08-07 05:00:00,0.0
2024-08-07 06:00:00,0.0
2024-08-07 07:00:00,215.86334825288384
2024-08-07 08:00:00,417.0159660533833
2024-08-07 09:00:00,589.749634918813
2024-08-07 10:00:00,722.292840771878
2024-08-07 11:00:00,805.6129831716968
2024-08-07 12:00:00,834.0319321067667
2024-08-07 13:00:00,805.6129831716969
2024-08-07 14:00:00,722.2928407718782
2024-08-07 15:00:00,589.7496349188131
2024-08-07 16:00:00,417.0159660533833
2024-08-07 17:00:00,215.86334825288404
2024-08-07 18:00:00,1.0213945360412345e-13
2024-08-07 19:00:00,0.0
2024-08-07 20:00:00,0.0
2024-08-07 21:00:00,0.0
2024-08-07 22:00:00,0.0
2024-08-07 23:00:00,0.0
2024-08-08 00:00:00,0.0
2024-08-08 01:00:00,0.0
2024-08-08 02:00:00,0.0
2024-08-08 03:00:00,0.0
2024-08-08 04:00:00,0.0
2024-08-08 05:00:00,0.0
2024-08-08 06:00:00,0.0
2024-08-08 07:00:00,214.19299393411114
2024-08-08 08:00:00,413.78908930227124
2024-08-08 09:00:00,585.1861420532839
2024-08-08 10:00:00,716.7037262891891
2024-08-08 11:00:00,799.3791359873951
2024-08-08 12:00:00,827.5781786045426
2024-08-08 13:00:00,799.3791359873951
2024-08-08 14:00:00,716.7037262891894
2024-08-08 15:00:00,585.186142053284
2024-08-08 16:00:00,413.78908930227124
2024-08-08 17:00:00,214.19299393411134
2024-08-08 18:00:00,1.0134909674722498e-13
2024-08-08 19:00:00,0.0
2024-08-08 20:00:00,0.0
2024-08-08 21:00:00,0.0
2024-08-08 22:00:00,0.0
2024-08-08 23:00:00,0.0
2024-08-09 00:00:00,0.0
2024-08-09 01:00:00,0.0
2024-08-09 02:00:00,0.0
2024-08-09 03:00:00,0.0
2024-08-09 04:00:00,0.0
2024-08-09 05:00:00,0.0
2024-08-09 06:00:00,0.0
2024-08-09 07:00:00,212.49751644299053
2024-08-09 08:00:00,410.51367830914086
2024-08-09 09:00:00,580.5540114044529
2024-08-09 10:00:00,711.0305480334177
2024-08-09 11:00:00,793.0515278474435
2024-08-09 12:00:00,821.0273566182818
2024-08-09 13:00:00,793.0515278474436
2024-08-09 14:00:00,711.0305480334179
2024-08-09 15:00:00,580.554011404453
2024-08-09 16:00:00,410.51367830914086
2024-08-09 17:00:00,212.49751644299073
2024-08-09 18:00:00,1.0054685242949914e-13
2024-08-09 19:00:00,0.0
2024-08-09 20:00:00,0.0
2024-08-09 21:00:00,0.0
2024-08-09 22:00:00,0.0
2024-08-09 23:00:00,0.0
2024-08-10 00:00:00,0.0
2024-08-10 01:00:00,0.0
2024-08-10 02:00:00,0.0
2024-08-10 03:00:00,0.0
2024-08-10 04:00:00,0.0
2024-08-10 05:00:00,0.0
2024-08-10 06:00:00,0.0
2024-08-10 07:00:00,210.777418186094
2024-08-10 08:00:00,407.1907036489585
2024-08-10 09:00:00,575.854615572601
2024-08-10 10:00:00,705.274987089718
2024-08-10 11:00:00,786.632033758695
2024-08-10 12:00:00,814.3814072979172
2024-08-10 13:00:00,786.6320337586951
2024-08-10 14:00:00,705.2749870897181
2024-08-10 15:00:00,575.8546155726011
2024-08-10 16:00:00,407.1907036489585
2024-08-10 17:00:00,210.7774181860942
2024-08-10 18:00:00,9.973295837325113e-14
2024-08-10 19:00:00,0.0
2024-08-10 20:00:00,0.0
2024-08-10 21:00:00,0.0
2024-08-10 22:00:00,0.0
2024-08-10 23:00:00,0.0
2024-08-11 00:00:00,0.0
2024-08-11 01:00:00,0.0
2024-08-11 02:00:00,0.0
2024-08-11 03:00:00,0.0
2024-08-11 04:00:00,0.0
2024-08-11 05:00:00,0.0
2024-08-11 06:00:00,0.0
2024-08-11 07:00:00,209.03320886565785
2024-08-11 08:00:00,403.82114999083177
2024-08-11 09:00:00,571.0893470901343
2024-08-11 10:00:00,699.4387489550129
2024-08-11 11:00:00,780.1225559557921
2024-08-11 12:00:00,807.6422999816637
2024-08-11 13:00:00,780.1225559557922
2024-08-11 14:00:00,699.4387489550131
2024-08-11 15:00:00,571.0893470901343
2024-08-11 16:00:00,403.82114999083177
2024-08-11 17:00:00,209.03320886565805
2024-08-11 18:00:00,9.890765575285509e-14
2024-08-11 19:00:00,0.0
2024-08-11 20:00:00,0.0
2024-08-11 21:00:00,0.0
2024-08-11 22:00:00,0.0
2024-08-11 23:00:00,0.0
2024-08-12 00:00:00,0.0
2024-08-12 01:00:00,0.0
2024-08-12 02:00:00,0.0
2024-08-12 03:00:00,0.0
2024-08-12 04:00:00,0.0
2024-08-12 05:00:00,0.0
2024-08-12 06:00:00,0.0
2024-08-12 07:00:00,207.2654053285469
2024-08-12 08:00:00,400.40601580623047
2024-08-12 09:00:00,566.2596180089472
2024-08-12 10:00:00,693.5235630326182
2024-08-12 11:00:00,773.5250233374941
2024-08-12 12:00:00,800.8120316124612
2024-08-12 13:00:00,773.5250233374942
2024-08-12 14:00:00,693.5235630326184
2024-08-12 15:00:00,566.2596180089473
2024-08-12 16:00:00,400.40601580623047
2024-08-12 17:00:00,207.2654053285471
2024-08-12 18:00:00,9.807118912328896e-14
2024-08-12 19:00:00,0.0
2024-08-12 20:00:00,0.0
2024-08-12 21:00:00,0.0
2024-08-12 22:00:00,0.0
2024-08-12 23:00:00,0.0
2024-08-13 00:00:00,0.0
2024-08-13 01:00:00,0.0
2024-08-13 02:00:00,0.0
2024-08-13 03:00:00,0.0
2024-08-13 04:00:00,0.0
2024-08-13 05:00:00,0.0
2024-08-13 06:00:00,0.0
2024-08-13 07:00:00,205.4745314131015
2024-08-13 08:00:00,396.9463130731182
2024-08-13 09:00:00,561.3668594820005
2024-08-13 10:00:00,687.5311821197828
2024-08-13 11:00:00,766.841390895102
2024-08-13 12:00:00,793.8926261462366
2024-08-13 13:00:00,766.8413908951021
2024-08-13 14:00:00,687.531182119783
2024-08-13 15:00:00,561.3668594820006
2024-08-13 16:00:00,396.9463130731182
2024-08-13 17:00:00,205.4745314131017
2024-08-13 18:00:00,9.72238063476675e-14
2024-08-13 19:00:00,0.0
2024-08-13 20:00:00,0.0
2024-08-13 21:00:00,0.0
2024-08-13 22:00:00,0.0
2024-08-13 23:00:00,0.0
2024-08-14 00:00:00,0.0
2024-08-14 01:00:00,0.0
2024-08-14 02:00:00,0.0
2024-08-14 03:00:00,0.0
2024-08-14 04:00:00,0.0
2024-08-14 05:00:00,0.0
2024-08-14 06:00:00,0.0
2024-08-14 07:00:00,203.66111779391292
2024-08-14 08:00:00,393.443066976081
2024-08-14 09:00:00,556.4125213392399
2024-08-14 10:00:00,681.463381888297
2024-08-14 11:00:00,760.0736391331528
2024-08-14 12:00:00,786.8861339521623
2024-08-14 13:00:00,760.0736391331529
2024-08-14 14:00:00,681.4633818882972
2024-08-14 15:00:00,556.41252133924
2024-08-14 16:00:00,393.443066976081
2024-08-14 17:00:00,203.6611177939131
2024-08-14 18:00:00,9.636575852379509e-14
2024-08-14 19:00:00,0.0
2024-08-14 20:00:00,0.0
2024-08-14 21:00:00,0.0
2024-08-14 22:00:00,0.0
2024-08-14 23:00:00,0.0
2024-08-15 00:00:00,0.0
2024-08-15 01:00:00,0.0
2024-08-15 02:00:00,0.0
2024-08-15 03:00:00,0.0
2024-08-15 04:00:00,0.0
2024-08-15 05:00:00,0.0
2024-08-15 06:00:00,0.0
2024-08-15 07:00:00,201.82570182457331
2024-08-15 08:00:00,389.897315602544
2024-08-15 09:00:00,551.3980716579808
2024-08-15 10:00:00,675.3219603583237
2024-08-15 11:00:00,753.2237734825542
2024-08-15 12:00:00,779.7946312050882
2024-08-15 13:00:00,753.2237734825542
2024-08-15 14:00:00,675.321960358324
2024-08-15 15:00:00,551.398071657981
2024-08-15 16:00:00,389.897315602544
2024-08-15 17:00:00,201.82570182457349
2024-08-15 18:00:00,9.54972999097602e-14
2024-08-15 19:00:00,0.0
2024-08-15 20:00:00,0.0
2024-08-15 21:00:00,0.0
2024-08-15 22:00:00,0.0
2024-08-15 23:00:00,0.0
2024-08-16 00:00:00,0.0
2024-08-16 01:00:00,0.0
2024-08-16 02:00:00,0.0
2024-08-16 03:00:00,0.0
2024-08-16 04:00:00,0.0
2024-08-16 05:00:00,0.0
2024-08-16 06:00:00,0.0
2024-08-16 07:00:00,199.9688273784459
2024-08-16 08:00:00,386.31010963516263
2024-08-16 09:00:00,546.3249963278844
2024-08-16 10:00:00,669.108737365605
2024-08-16 11:00:00,746.2938237063303
2024-08-16 12:00:00,772.6202192703254
2024-08-16 13:00:00,746.2938237063304
2024-08-16 14:00:00,669.1087373656052
2024-08-16 15:00:00,546.3249963278845
2024-08-16 16:00:00,386.31010963516263
2024-08-16 17:00:00,199.96882737844606
2024-08-16 18:00:00,9.461868784859302e-14
2024-08-16 19:00:00,0.0
2024-08-16 20:00:00,0.0
2024-08-16 21:00:00,0.0
2024-08-16 22:00:00,0.0
2024-08-16 23:00:00,0.0
2024-08-17 00:00:00,0.0
2024-08-17 01:00:00,0.0
2024-08-17 02:00:00,0.0
2024-08-17 03:00:00,0.0
2024-08-17 04:00:00,0.0
2024-08-17 05:00:00,0.0
2024-08-17 06:00:00,0.0
2024-08-17 07:00:00,198.09104468750363
2024-08-17 08:00:00,382.68251204048323
2024-08-17 09:00:00,541.1947986106568
2024-08-17 10:00:00,662.8255540222056
2024-08-17 11:00:00,739.2858432981604
2024-08-17 12:00:00,765.3650240809666
2024-08-17 13:00:00,739.2858432981604
2024-08-17 14:00:00,662.8255540222058
2024-08-17 15:00:00,541.1947986106569
2024-08-17 16:00:00,382.68251204048323
2024-08-17 17:00:00,198.0910446875038
2024-08-17 18:00:00,9.373018269200927e-14
2024-08-17 19:00:00,0.0
2024-08-17 20:00:00,0.0
2024-08-17 21:00:00,0.0
2024-08-17 22:00:00,0.0
2024-08-17 23:00:00,0.0
2024-08-18 00:00:00,0.0
2024-08-18 01:00:00,0.0
2024-08-18 02:00:00,0.0
2024-08-18 03:00:00,0.0
2024-08-18 04:00:00,0.0
2024-08-18 05:00:00,0.0
2024-08-18 06:00:00,0.0
2024-08-18 07:00:00,196.19291017928379
2024-08-18 08:00:00,379.0155977539631
2024-08-18 09:00:00,536.0089986946003
2024-08-18 10:00:00,656.4742721709526
2024-08-18 11:00:00,732.2019088738841
2024-08-18 12:00:00,758.0311955079264
2024-08-18 13:00:00,732.2019088738842
2024-08-18 14:00:00,656.4742721709528
2024-08-18 15:00:00,536.0089986946005
2024-08-18 16:00:00,379.0155977539631
2024-08-18 17:00:00,196.19291017928396
2024-08-18 18:00:00,9.283204772326236e-14
2024-08-18 19:00:00,0.0
2024-08-18 20:00:00,0.0
2024-08-18 21:00:00,0.0
2024-08-18 22:00:00,0.0
2024-08-18 23:00:00,0.0
2024-08-19 00:00:00,0.0
2024-08-19 01:00:00,0.0
2024-08-19 02:00:00,0.0
2024-08-19 03:00:00,0.0
2024-08-19 04:00:00,0.0
2024-08-19 05:00:00,0.0
2024-08-19 06:00:00,0.0
2024-08-19 07:00:00,194.27498631200618
2024-08-19 08:00:00,375.3104533614438
2024-08-19 09:00:00,530.769133244149
2024-08-19 10:00:00,650.0567738337303
2024-08-19 11:00:00,725.0441195561551
2024-08-19 12:00:00,750.6209067228879
2024-08-19 13:00:00,725.0441195561552
2024-08-19 14:00:00,650.0567738337304
2024-08-19 15:00:00,530.7691332441491
2024-08-19 16:00:00,375.3104533614438
2024-08-19 17:00:00,194.27498631200635
2024-08-19 18:00:00,9.192454907912686e-14
2024-08-19 19:00:00,0.0
2024-08-19 20:00:00,0.0
2024-08-19 21:00:00,0.0
2024-08-19 22:00:00,0.0
2024-08-19 23:00:00,0.0
2024-08-20 00:00:00,0.0
2024-08-20 01:00:00,0.0
2024-08-20 02:00:00,0.0
2024-08-20 03:00:00,0.0
2024-08-20 04:00:00,0.0
2024-08-20 05:00:00,0.0
2024-08-20 06:00:00,0.0
2024-08-20 07:00:00,192.33784140790485
2024-08-20 08:00:00,371.56817677717237
2024-08-20 09:00:00,525.476754944521
2024-08-20 10:00:00,643.5749606537968
2024-08-20 11:00:00,717.8145963524258
2024-08-20 12:00:00,743.136353554345
2024-08-20 13:00:00,717.814596352426
2024-08-20 14:00:00,643.574960653797
2024-08-20 15:00:00,525.4767549445211
2024-08-20 16:00:00,371.56817677717237
2024-08-20 17:00:00,192.33784140790502
2024-08-20 18:00:00,9.100795567103643e-14
2024-08-20 19:00:00,0.0
2024-08-20 20:00:00,0.0
2024-08-20 21:00:00,0.0
2024-08-20 22:00:00,0.0
2024-08-20 23:00:00,0.0
2024-08-21 00:00:00,0.0
2024-08-21 01:00:00,0.0
2024-08-21 02:00:00,0.0
2024-08-21 03:00:00,0.0
2024-08-21 04:00:00,0.0
2024-08-21 05:00:00,0.0
2024-08-21 06:00:00,0.0
2024-08-21 07:00:00,190.38204948482203
2024-08-21 08:00:00,367.78987691846584
2024-08-21 09:00:00,520.1334320416258
2024-08-21 10:00:00,637.0307533322867
2024-08-21 11:00:00,710.515481526448
2024-08-21 12:00:00,735.5797538369319
2024-08-21 13:00:00,710.515481526448
2024-08-21 14:00:00,637.030753332287
2024-08-21 15:00:00,520.133432041626
2024-08-21 16:00:00,367.78987691846584
2024-08-21 17:00:00,190.3820494848222
2024-08-21 18:00:00,9.008253910539966e-14
2024-08-21 19:00:00,0.0
2024-08-21 20:00:00,0.0
2024-08-21 21:00:00,0.0
2024-08-21 22:00:00,0.0
2024-08-21 23:00:00,0.0
2024-08-22 00:00:00,0.0
2024-08-22 01:00:00,0.0
2024-08-22 02:00:00,0.0
2024-08-22 03:00:00,0.0
2024-08-22 04:00:00,0.0
2024-08-22 05:00:00,0.0
2024-08-22 06:00:00,0.0
2024-08-22 07:00:00,188.40819008611388
2024-08-22 08:00:00,363.9766733771146
2024-08-22 09:00:00,514.7407478773579
2024-08-22 10:00:00,630.4260910590649
2024-08-22 11:00:00,703.1489379634718
2024-08-22 12:00:00,727.9533467542294
2024-08-22 13:00:00,703.1489379634718
2024-08-22 14:00:00,630.426091059065
2024-08-22 15:00:00,514.740747877358
2024-08-22 16:00:00,363.9766733771146
2024-08-22 17:00:00,188.40819008611405
2024-08-22 18:00:00,8.914857360311703e-14
2024-08-22 19:00:00,0.0
2024-08-22 20:00:00,0.0
2024-08-22 21:00:00,0.0
2024-08-22 22:00:00,0.0
2024-08-22 23:00:00,0.0
2024-08-23 00:00:00,0.0
2024-08-23 01:00:00,0.0
2024-08-23 02:00:00,0.0
2024-08-23 03:00:00,0.0
2024-08-23 04:00:00,0.0
2024-08-23 05:00:00,0.0
2024-08-23 06:00:00,0.0
2024-08-23 07:00:00,186.4168481089196
2024-08-23 08:00:00,360.12969608762364
2024-08-23 09:00:00,509.30030042041847
2024-08-23 10:00:00,623.762930938103
2024-08-23 11:00:00,695.717148529338
2024-08-23 12:00:00,720.2593921752475
2024-08-23 13:00:00,695.7171485293381
2024-08-23 14:00:00,623.7629309381031
2024-08-23 15:00:00,509.3003004204185
2024-08-23 16:00:00,360.12969608762364
2024-08-23 17:00:00,186.41684810891977
2024-08-23 18:00:00,8.82063359183235e-14
2024-08-23 19:00:00,0.0
2024-08-23 20:00:00,0.0
2024-08-23 21:00:00,0.0
2024-08-23 22:00:00,0.0
2024-08-23 23:00:00,0.0
2024-08-24 00:00:00,0.0
2024-08-24 01:00:00,0.0
2024-08-24 02:00:00,0.0
2024-08-24 03:00:00,0.0
2024-08-24 04:00:00,0.0
2024-08-24 05:00:00,0.0
2024-08-24 06:00:00,0.0
2024-08-24 07:00:00,184.40861363084377
2024-08-24 08:00:00,356.25008499238845
2024-08-24 09:00:00,503.81370179280367
2024-08-24 10:00:00,617.0432474075476
2024-08-24 11:00:00,688.2223154236475
2024-08-24 12:00:00,712.500169984777
2024-08-24 13:00:00,688.2223154236475
2024-08-24 14:00:00,617.0432474075477
2024-08-24 15:00:00,503.8137017928038
2024-08-24 16:00:00,356.25008499238845
2024-08-24 17:00:00,184.40861363084392
2024-08-24 18:00:00,8.725610525638024e-14
2024-08-24 19:00:00,0.0
2024-08-24 20:00:00,0.0
2024-08-24 21:00:00,0.0
2024-08-24 22:00:00,0.0
2024-08-24 23:00:00,0.0
2024-08-25 00:00:00,0.0
2024-08-25 01:00:00,0.0
2024-08-25 02:00:00,0.0
2024-08-25 03:00:00,0.0
2024-08-25 04:00:00,0.0
2024-08-25 05:00:00,0.0
2024-08-25 06:00:00,0.0
2024-08-25 07:00:00,182.38408173510336
2024-08-25 08:00:00,352.3389897039052
2024-08-25 09:00:00,498.2825777920972
2024-08-25 10:00:00,610.2690316546514
2024-08-25 11:00:00,680.6666595272006
2024-08-25 12:00:00,704.6779794078107
2024-08-25 13:00:00,680.6666595272006
2024-08-25 14:00:00,610.2690316546516
2024-08-25 15:00:00,498.2825777920973
2024-08-25 16:00:00,352.3389897039052
2024-08-25 17:00:00,182.38408173510354
2024-08-25 18:00:00,8.629816319113998e-14
2024-08-25 19:00:00,0.0
2024-08-25 20:00:00,0.0
2024-08-25 21:00:00,0.0
2024-08-25 22:00:00,0.0
2024-08-25 23:00:00,0.0
2024-08-26 00:00:00,0.0
2024-08-26 01:00:00,0.0
2024-08-26 02:00:00,0.0
2024-08-26 03:00:00,0.0
2024-08-26 04:00:00,0.0
2024-08-26 05:00:00,0.0
2024-08-26 06:00:00,0.0
2024-08-26 07:00:00,180.34385233419226
2024-08-26 08:00:00,348.3975691641166
2024-08-26 09:00:00,492.70856740971226
2024-08-26 10:00:00,603.442291025742
2024-08-26 11:00:00,673.0524197439045
2024-08-26 12:00:00,696.7951383282334
2024-08-26 13:00:00,673.0524197439046
2024-08-26 14:00:00,603.4422910257422
2024-08-26 15:00:00,492.7085674097123
2024-08-26 16:00:00,348.3975691641166
2024-08-26 17:00:00,180.34385233419243
2024-08-26 18:00:00,8.533279358151082e-14
2024-08-26 19:00:00,0.0
2024-08-26 20:00:00,0.0
2024-08-26 21:00:00,0.0
2024-08-26 22:00:00,0.0
2024-08-26 23:00:00,0.0
2024-08-27 00:00:00,0.0
2024-08-27 01:00:00,0.0
2024-08-27 02:00:00,0.0
2024-08-27 03:00:00,0.0
2024-08-27 04:00:00,0.0
2024-08-27 05:00:00,0.0
2024-08-27 06:00:00,0.0
2024-08-27 07:00:00,178.2885299921136
2024-08-27 08:00:00,344.4269913009912
2024-08-27 09:00:00,487.09332234522185
2024-08-27 10:00:00,596.5650484314004
2024-08-27 11:00:00,665.3818523373354
2024-08-27 12:00:00,688.8539826019825
2024-08-27 13:00:00,665.3818523373355
2024-08-27 14:00:00,596.5650484314006
2024-08-27 15:00:00,487.09332234522196
2024-08-27 16:00:00,344.4269913009912
2024-08-27 17:00:00,178.28852999211375
2024-08-27 18:00:00,8.436028248734245e-14
2024-08-27 19:00:00,0.0
2024-08-27 20:00:00,0.0
2024-08-27 21:00:00,0.0
2024-08-27 22:00:00,0.0
2024-08-27 23:00:00,0.0
2024-08-28 00:00:00,0.0
2024-08-28 01:00:00,0.0
2024-08-28 02:00:00,0.0
2024-08-28 03:00:00,0.0
2024-08-28 04:00:00,0.0
2024-08-28 05:00:00,0.0
2024-08-28 06:00:00,0.0
2024-08-28 07:00:00,176.21872374523483
2024-08-28 08:00:00,340.42843268244184
2024-08-28 09:00:00,481.4385065169256
2024-08-28 10:00:00,589.6393417470306
2024-08-28 11:00:00,657.6572302621604
2024-08-28 12:00:00,680.8568653648839
2024-08-28 13:00:00,657.6572302621605
2024-08-28 14:00:00,589.6393417470308
2024-08-28 15:00:00,481.4385065169257
2024-08-28 16:00:00,340.42843268244184
2024-08-28 17:00:00,176.21872374523497
2024-08-28 18:00:00,8.338091808466055e-14
2024-08-28 19:00:00,0.0
2024-08-28 20:00:00,0.0
2024-08-28 21:00:00,0.0
2024-08-28 22:00:00,0.0
2024-08-28 23:00:00,0.0
2024-08-29 00:00:00,0.0
2024-08-29 01:00:00,0.0
2024-08-29 02:00:00,0.0
2024-08-29 03:00:00,0.0
2024-08-29 04:00:00,0.0
2024-08-29 05:00:00,0.0
2024-08-29 06:00:00,0.0
2024-08-29 07:00:00,174.13504692181698
2024-08-29 08:00:00,336.4030781676833
2024-08-29 09:00:00,475.7457955687943
2024-08-29 10:00:00,582.667223208992
2024-08-29 11:00:00,649.8808424906113
2024-08-29 12:00:00,672.8061563353667
2024-08-29 13:00:00,649.8808424906114
2024-08-29 14:00:00,582.6672232089923
2024-08-29 15:00:00,475.7457955687944
2024-08-29 16:00:00,336.4030781676833
2024-08-29 17:00:00,174.13504692181712
2024-08-29 18:00:00,8.239499058027407e-14
2024-08-29 19:00:00,0.0
2024-08-29 20:00:00,0.0
2024-08-29 21:00:00,0.0
2024-08-29 22:00:00,0.0
2024-08-29 23:00:00,0.0
2024-08-30 00:00:00,0.0
2024-08-30 01:00:00,0.0
2024-08-30 02:00:00,0.0
2024-08-30 03:00:00,0.0
2024-08-30 04:00:00,0.0
2024-08-30 05:00:00,0.0
2024-08-30 06:00:00,0.0
2024-08-30 07:00:00,172.03811696027225
2024-08-30 08:00:00,332.35212055613255
2024-08-30 09:00:00,470.01687637394065
2024-08-30 10:00:00,575.6507588064783
2024-08-30 11:00:00,642.0549933342129
2024-08-30 12:00:00,664.7042411122652
2024-08-30 13:00:00,642.054993334213
2024-08-30 14:00:00,575.6507588064784
2024-08-30 15:00:00,470.01687637394076
2024-08-30 16:00:00,332.35212055613255
2024-08-30 17:00:00,172.0381169602724
2024-08-30 18:00:00,8.140279212578062e-14
2024-08-30 19:00:00,0.0
2024-08-30 20:00:00,0.0
2024-08-30 21:00:00,0.0
2024-08-30 22:00:00,0.0
2024-08-30 23:00:00,0.0
2024-08-31 00:00:00,0.0
2024-08-31 01:00:00,0.0
2024-08-31 02:00:00,0.0
2024-08-31 03:00:00,0.0
2024-08-31 04:00:00,0.0
2024-08-31 05:00:00,0.0
2024-08-31 06:00:00,0.0
2024-08-31 07:00:00,169.9285552262037
2024-08-31 08:00:00,328.2767602339567
2024-08-31 09:00:00,464.25344653476236
2024-08-31 10:00:00,568.5920276693194
2024-08-31 11:00:00,634.182001760966
2024-08-31 12:00:00,656.5535204679135
2024-08-31 13:00:00,634.1820017609662
2024-08-31 14:00:00,568.5920276693196
2024-08-31 15:00:00,464.2534465347624
2024-08-31 16:00:00,328.2767602339567
2024-08-31 17:00:00,169.92855522620388
2024-08-31 18:00:00,8.040461673099565e-14
2024-08-31 19:00:00,0.0
2024-08-31 20:00:00,0.0
2024-08-31 21:00:00,0.0
2024-08-31 22:00:00,0.0
2024-08-31 23:00:00,0.0
2024-09-01 00:00:00,0.0
2024-09-01 01:00:00,0.0
2024-09-01 02:00:00,0.0
2024-09-01 03:00:00,0.0
2024-09-01 04:00:00,0.0
2024-09-01 05:00:00,0.0
2024-09-01 06:00:00,0.0
2024-09-01 07:00:00,167.80698682828125
2024-09-01 08:00:00,324.1782048183726
2024-09-01 09:00:00,458.4572138799057
2024-09-01 10:00:00,561.4931214518912
2024-09-01 11:00:00,626.264200708187
2024-09-01 12:00:00,648.3564096367453
2024-09-01 13:00:00,626.264200708187
2024-09-01 14:00:00,561.4931214518913
2024-09-01 15:00:00,458.45721387990574
2024-09-01 16:00:00,324.1782048183726
2024-09-01 17:00:00,167.8069868282814
2024-09-01 18:00:00,7.940076017683103e-14
2024-09-01 19:00:00,0.0
2024-09-01 20:00:00,0.0
2024-09-01 21:00:00,0.0
2024-09-01 22:00:00,0.0
2024-09-01 23:00:00,0.0
2024-09-02 00:00:00,0.0
2024-09-02 01:00:00,0.0
2024-09-02 02:00:00,0.0
2024-09-02 03:00:00,0.0
2024-09-02 04:00:00,0.0
2024-09-02 05:00:00,0.0
2024-09-02 06:00:00,0.0
2024-09-02 07:00:00,165.67404043300826
2024-09-02 08:00:00,320.0576687998039
2024-09-02 09:00:00,452.629895958199
2024-09-02 10:00:00,554.3561437133126
2024-09-02 11:00:00,618.3039363912072
2024-09-02 12:00:00,640.1153375996079
2024-09-02 13:00:00,618.3039363912073
2024-09-02 14:00:00,554.3561437133128
2024-09-02 15:00:00,452.62989595819903
2024-09-02 16:00:00,320.0576687998039
2024-09-02 17:00:00,165.6740404330084
2024-09-02 18:00:00,7.839151992764873e-14
2024-09-02 19:00:00,0.0
2024-09-02 20:00:00,0.0
2024-09-02 21:00:00,0.0
2024-09-02 22:00:00,0.0
2024-09-02 23:00:00,0.0
2024-09-03 00:00:00,0.0
2024-09-03 01:00:00,0.0
2024-09-03 02:00:00,0.0
2024-09-03 03:00:00,0.0
2024-09-03 04:00:00,0.0
2024-09-03 05:00:00,0.0
2024-09-03 06:00:00,0.0
2024-09-03 07:00:00,163.53034807843463
2024-09-03 08:00:00,315.9163731820017
2024-09-03 09:00:00,446.77321952970686
2024-09-03 10:00:00,547.1832092941169
2024-09-03 11:00:00,610.3035676081415
2024-09-03 12:00:00,631.8327463640036
2024-09-03 13:00:00,610.3035676081415
2024-09-03 14:00:00,547.183209294117
2024-09-03 15:00:00,446.7732195297069
2024-09-03 16:00:00,315.9163731820017
2024-09-03 17:00:00,163.53034807843477
2024-09-03 18:00:00,7.737719504311584e-14
2024-09-03 19:00:00,0.0
2024-09-03 20:00:00,0.0
2024-09-03 21:00:00,0.0
2024-09-03 22:00:00,0.0
2024-09-03 23:00:00,0.0
2024-09-04 00:00:00,0.0
2024-09-04 01:00:00,0.0
2024-09-04 02:00:00,0.0
2024-09-04 03:00:00,0.0
2024-09-04 04:00:00,0.0
2024-09-04 05:00:00,0.0
2024-09-04 06:00:00,0.0
2024-09-04 07:00:00,161.37654498686956
2024-09-04 08:00:00,311.7555451202338
2024-09-04 09:00:00,440.88892005405216
2024-09-04 10:00:00,539.9764436895766
2024-09-04 11:00:00,602.2654650409218
2024-09-04 12:00:00,623.5110902404678
2024-09-04 13:00:00,602.2654650409218
2024-09-04 14:00:00,539.9764436895767
2024-09-04 15:00:00,440.8889200540522
2024-09-04 16:00:00,311.7555451202338
2024-09-04 17:00:00,161.3765449868697
2024-09-04 18:00:00,7.635808608958655e-14
2024-09-04 19:00:00,0.0
2024-09-04 20:00:00,0.0
2024-09-04 21:00:00,0.0
2024-09-04 22:00:00,0.0
2024-09-04 23:00:00,0.0
2024-09-05 00:00:00,0.0
2024-09-05 01:00:00,0.0
2024-09-05 02:00:00,0.0
2024-09-05 03:00:00,0.0
2024-09-05 04:00:00,0.0
2024-09-05 05:00:00,0.0
2024-09-05 06:00:00,0.0
2024-09-05 07:00:00,159.21326937665197
2024-09-05 08:00:00,307.57641755765303
2024-09-05 09:00:00,434.97874117616317
2024-09-05 10:00:00,532.7379824198752
2024-09-05 11:00:00,594.1920105528152
2024-09-05 12:00:00,615.1528351153062
2024-09-05 13:00:00,594.1920105528152
2024-09-05 14:00:00,532.7379824198753
2024-09-05 15:00:00,434.9787411761632
2024-09-05 16:00:00,307.57641755765303
2024-09-05 17:00:00,159.2132693766521
2024-09-05 18:00:00,7.533449505103792e-14
2024-09-05 19:00:00,0.0
2024-09-05 20:00:00,0.0
2024-09-05 21:00:00,0.0
2024-09-05 22:00:00,0.0
2024-09-05 23:00:00,0.0
2024-09-06 00:00:00,0.0
2024-09-06 01:00:00,0.0
2024-09-06 02:00:00,0.0
2024-09-06 03:00:00,0.0
2024-09-06 04:00:00,0.0
2024-09-06 05:00:00,0.0
2024-09-06 06:00:00,0.0
2024-09-06 07:00:00,157.04116227303248
2024-09-06 08:00:00,303.38022885994894
2024-09-06 09:00:00,429.0444342095934
2024-09-06 10:00:00,525.4699703973055
2024-09-06 11:00:00,586.0855964826259
2024-09-06 12:00:00,606.7604577198981
2024-09-06 13:00:00,586.085596482626
2024-09-06 14:00:00,525.4699703973056
2024-09-06 15:00:00,429.0444342095935
2024-09-06 16:00:00,303.38022885994894
2024-09-06 17:00:00,157.0411622730326
2024-09-06 18:00:00,7.430672523958562e-14
2024-09-06 19:00:00,0.0
2024-09-06 20:00:00,0.0
2024-09-06 21:00:00,0.0
2024-09-06 22:00:00,0.0
2024-09-06 23:00:00,0.0
2024-09-07 00:00:00,0.0
2024-09-07 01:00:00,0.0
2024-09-07 02:00:00,0.0
2024-09-07 03:00:00,0.0
2024-09-07 04:00:00,0.0
2024-09-07 05:00:00,0.0
2024-09-07 06:00:00,0.0
2024-09-07 07:00:00,154.8608673182238
2024-09-07 08:00:00,299.1682224483941
2024-09-07 09:00:00,423.08775761757005
2024-09-07 10:00:00,518.1745612906865
2024-09-07 11:00:00,577.9486249357939
2024-09-07 12:00:00,598.3364448967883
2024-09-07 13:00:00,577.9486249357939
2024-09-07 14:00:00,518.1745612906866
2024-09-07 15:00:00,423.0877576175701
2024-09-07 16:00:00,299.1682224483941
2024-09-07 17:00:00,154.86086731822394
2024-09-07 18:00:00,7.327508120560584e-14
2024-09-07 19:00:00,0.0
2024-09-07 20:00:00,0.0
2024-09-07 21:00:00,0.0
2024-09-07 22:00:00,0.0
2024-09-07 23:00:00,0.0
2024-09-08 00:00:00,0.0
2024-09-08 01:00:00,0.0
2024-09-08 02:00:00,0.0
2024-09-08 03:00:00,0.0
2024-09-08 04:00:00,0.0
2024-09-08 05:00:00,0.0
2024-09-08 06:00:00,0.0
2024-09-08 07:00:00,152.67303058067566
2024-09-08 08:00:00,294.94164643139055
2024-09-08 09:00:00,417.1104764919228
2024-09-08 10:00:00,510.85391688718425
2024-09-08 11:00:00,569.7835070725985
2024-09-08 12:00:00,589.8832928627812
2024-09-08 13:00:00,569.7835070725985
2024-09-08 14:00:00,510.85391688718437
2024-09-08 15:00:00,417.11047649192284
2024-09-08 16:00:00,294.94164643139055
2024-09-08 17:00:00,152.6730305806758
2024-09-08 18:00:00,7.223986864749057e-14
2024-09-08 19:00:00,0.0
2024-09-08 20:00:00,0.0
2024-09-08 21:00:00,0.0
2024-09-08 22:00:00,0.0
2024-09-08 23:00:00,0.0
2024-09-09 00:00:00,0.0
2024-09-09 01:00:00,0.0
2024-09-09 02:00:00,0.0
2024-09-09 03:00:00,0.0
2024-09-09 04:00:00,0.0
2024-09-09 05:00:00,0.0
2024-09-09 06:00:00,0.0
2024-09-09 07:00:00,150.47830036363078
2024-09-09 08:00:00,290.7017532346292
2024-09-09 09:00:00,411.1143620300495
2024-09-09 10:00:00,503.51020645172804
2024-09-09 11:00:00,561.5926623936803
2024-09-09 12:00:00,581.4035064692586
2024-09-09 13:00:00,561.5926623936804
2024-09-09 14:00:00,503.51020645172815
2024-09-09 15:00:00,411.11436203004956
2024-09-09 16:00:00,290.7017532346292
2024-09-09 17:00:00,150.47830036363092
2024-09-09 18:00:00,7.120139432106249e-14
2024-09-09 19:00:00,0.0
2024-09-09 20:00:00,0.0
2024-09-09 21:00:00,0.0
2024-09-09 22:00:00,0.0
2024-09-09 23:00:00,0.0
2024-09-10 00:00:00,0.0
2024-09-10 01:00:00,0.0
2024-09-10 02:00:00,0.0
2024-09-10 03:00:00,0.0
2024-09-10 04:00:00,0.0
2024-09-10 05:00:00,0.0
2024-09-10 06:00:00,0.0
2024-09-10 07:00:00,148.27732701301863
2024-09-10 08:00:00,286.44979922996873
2024-09-10 09:00:00,405.101191010072
2024-09-10 10:00:00,496.1456060842101
2024-09-10 11:00:00,553.3785180230907
2024-09-10 12:00:00,572.8995984599376
2024-09-10 13:00:00,553.3785180230907
2024-09-10 14:00:00,496.1456060842102
2024-09-10 15:00:00,405.10119101007206
2024-09-10 16:00:00,286.44979922996873
2024-09-10 17:00:00,148.27732701301878
2024-09-10 18:00:00,7.015996594867664e-14
2024-09-10 19:00:00,0.0
2024-09-10 20:00:00,0.0
2024-09-10 21:00:00,0.0
2024-09-10 22:00:00,0.0
2024-09-10 23:00:00,0.0
2024-09-11 00:00:00,0.0
2024-09-11 01:00:00,0.0
2024-09-11 02:00:00,0.0
2024-09-11 03:00:00,0.0
2024-09-11 04:00:00,0.0
2024-09-11 05:00:00,0.0
2024-09-11 06:00:00,0.0
2024-09-11 07:00:00,146.07076272474393
2024-09-11 08:00:00,282.1870443631453
2024-09-11 09:00:00,399.0727452643384
2024-09-11 10:00:00,488.7622980746604
2024-09-11 11:00:00,545.1435079890823
2024-09-11 12:00:00,564.3740887262907
2024-09-11 13:00:00,545.1435079890824
2024-09-11 14:00:00,488.7622980746605
2024-09-11 15:00:00,399.0727452643385
2024-09-11 16:00:00,282.1870443631453
2024-09-11 17:00:00,146.07076272474404
2024-09-11 18:00:00,6.911589212803563e-14
2024-09-11 19:00:00,0.0
2024-09-11 20:00:00,0.0
2024-09-11 21:00:00,0.0
2024-09-11 22:00:00,0.0
2024-09-11 23:00:00,0.0
2024-09-12 00:00:00,0.0
2024-09-12 01:00:00,0.0
2024-09-12 02:00:00,0.0
2024-09-12 03:00:00,0.0
2024-09-12 04:00:00,0.0
2024-09-12 05:00:00,0.0
2024-09-12 06:00:00,0.0
2024-09-12 07:00:00,143.85926135142677
2024-09-12 08:00:00,277.9147517804237
2024-09-12 09:00:00,393.0308111514276
2024-09-12 10:00:00,481.362470256587
2024-09-12 11:00:00,536.8900725028544
2024-09-12 12:00:00,555.8295035608476
2024-09-12 13:00:00,536.8900725028544
2024-09-12 14:00:00,481.36247025658713
2024-09-12 15:00:00,393.03081115142766
2024-09-12 16:00:00,277.9147517804237
2024-09-12 17:00:00,143.8592613514269
2024-09-12 18:00:00,6.806948224074544e-14
2024-09-12 19:00:00,0.0
2024-09-12 20:00:00,0.0
2024-09-12 21:00:00,0.0
2024-09-12 22:00:00,0.0
2024-09-12 23:00:00,0.0
2024-09-13 00:00:00,0.0
2024-09-13 01:00:00,0.0
2024-09-13 02:00:00,0.0
2024-09-13 03:00:00,0.0
2024-09-13 04:00:00,0.0
2024-09-13 05:00:00,0.0
2024-09-13 06:00:00,0.0
2024-09-13 07:00:00,141.6434782086521
2024-09-13 08:00:00,273.6341874542997
2024-09-13 09:00:00,386.9771790268126
2024-09-13 10:00:00,473.9483153586734
2024-09-13 11:00:00,528.6206572354647
2024-09-13 12:00:00,547.2683749085996
2024-09-13 13:00:00,528.6206572354648
2024-09-13 14:00:00,473.94831535867354
2024-09-13 15:00:00,386.9771790268127
2024-09-13 16:00:00,273.6341874542997
2024-09-13 17:00:00,141.64347820865223
2024-09-13 18:00:00,6.702104636063902e-14
2024-09-13 19:00:00,0.0
2024-09-13 20:00:00,0.0
2024-09-13 21:00:00,0.0
2024-09-13 22:00:00,0.0
2024-09-13 23:00:00,0.0
2024-09-14 00:00:00,0.0
2024-09-14 01:00:00,0.0
2024-09-14 02:00:00,0.0
2024-09-14 03:00:00,0.0
2024-09-14 04:00:00,0.0
2024-09-14 05:00:00,0.0
2024-09-14 06:00:00,0.0
2024-09-14 07:00:00,139.4240698807859
2024-09-14 08:00:00,269.3466198083657
2024-09-14 09:00:00,380.9136427123406
2024-09-14 10:00:00,466.5220303550272
2024-09-14 11:00:00,520.3377125931265
2024-09-14 12:00:00,538.6932396167315
2024-09-14 13:00:00,520.3377125931265
2024-09-14 14:00:00,466.5220303550273
2024-09-14 15:00:00,380.9136427123407
2024-09-14 16:00:00,269.3466198083657
2024-09-14 17:00:00,139.42406988078602
2024-09-14 18:00:00,6.597089516189485e-14
2024-09-14 19:00:00,0.0
2024-09-14 20:00:00,0.0
2024-09-14 21:00:00,0.0
2024-09-14 22:00:00,0.0
2024-09-14 23:00:00,0.0
2024-09-15 00:00:00,0.0
2024-09-15 01:00:00,0.0
2024-09-15 02:00:00,0.0
2024-09-15 03:00:00,0.0
2024-09-15 04:00:00,0.0
2024-09-15 05:00:00,0.0
2024-09-15 06:00:00,0.0
2024-09-15 07:00:00,137.20169402641432
2024-09-15 08:00:00,265.05331934144823
2024-09-15 09:00:00,374.84199896468317
2024-09-15 10:00:00,459.0858158141669
2024-09-15 11:00:00,512.0436929910975
2024-09-15 12:00:00,530.1066386828966
2024-09-15 13:00:00,512.0436929910975
2024-09-15 14:00:00,459.085815814167
2024-09-15 15:00:00,374.8419989646832
2024-09-15 16:00:00,265.05331934144823
2024-09-15 17:00:00,137.20169402641443
2024-09-15 18:00:00,6.491933982697718e-14
2024-09-15 19:00:00,0.0
2024-09-15 20:00:00,0.0
2024-09-15 21:00:00,0.0
2024-09-15 22:00:00,0.0
2024-09-15 23:00:00,0.0
2024-09-16 00:00:00,0.0
2024-09-16 01:00:00,0.0
2024-09-16 02:00:00,0.0
2024-09-16 03:00:00,0.0
2024-09-16 04:00:00,0.0
2024-09-16 05:00:00,0.0
2024-09-16 06:00:00,0.0
2024-09-16 07:00:00,134.9770091834658
2024-09-16 08:00:00,260.7555582511326
2024-09-16 09:00:00,368.76404694291944
2024-09-16 10:00:00,451.6418752469477
2024-09-16 11:00:00,503.7410561263852
2024-09-16 12:00:00,521.5111165022653
2024-09-16 13:00:00,503.74105612638533
2024-09-16 14:00:00,451.6418752469478
2024-09-16 15:00:00,368.7640469429195
2024-09-16 16:00:00,260.7555582511326
2024-09-16 17:00:00,134.97700918346592
2024-09-16 18:00:00,6.386669195442617e-14
2024-09-16 19:00:00,0.0
2024-09-16 20:00:00,0.0
2024-09-16 21:00:00,0.0
2024-09-16 22:00:00,0.0
2024-09-16 23:00:00,0.0
2024-09-17 00:00:00,0.0
2024-09-17 01:00:00,0.0
2024-09-17 02:00:00,0.0
2024-09-17 03:00:00,0.0
2024-09-17 04:00:00,0.0
2024-09-17 05:00:00,0.0
2024-09-17 06:00:00,0.0
2024-09-17 07:00:00,132.75067457407195
2024-09-17 08:00:00,256.4546100567832
2024-09-17 09:00:00,362.68158767540643
2024-09-17 10:00:00,444.1924144536129
2024-09-17 11:00:00,495.4322622494784
2024-09-17 12:00:00,512.9092201135666
2024-09-17 13:00:00,495.43226224947847
2024-09-17 14:00:00,444.192414453613
2024-09-17 15:00:00,362.6815876754065
2024-09-17 16:00:00,256.4546100567832
2024-09-17 17:00:00,132.75067457407206
2024-09-17 18:00:00,6.281326346652445e-14
2024-09-17 19:00:00,0.0
2024-09-17 20:00:00,0.0
2024-09-17 21:00:00,0.0
2024-09-17 22:00:00,0.0
2024-09-17 23:00:00,0.0
2024-09-18 00:00:00,0.0
2024-09-18 01:00:00,0.0
2024-09-18 02:00:00,0.0
2024-09-18 03:00:00,0.0
2024-09-18 04:00:00,0.0
2024-09-18 05:00:00,0.0
2024-09-18 06:00:00,0.0
2024-09-18 07:00:00,130.52334990922577
2024-09-18 08:00:00,252.1517492221721
2024-09-18 09:00:00,356.5964235260954
2024-09-18 10:00:00,436.7396408701682
2024-09-18 11:00:00,487.1197734353212
2024-09-18 12:00:00,504.3034984443443
2024-09-18 13:00:00,487.11977343532124
2024-09-18 14:00:00,436.73964087016833
2024-09-18 15:00:00,356.59642352609546
2024-09-18 16:00:00,252.1517492221721
2024-09-18 17:00:00,130.52334990922589
2024-09-18 18:00:00,6.175936651686784e-14
2024-09-18 19:00:00,0.0
2024-09-18 20:00:00,0.0
2024-09-18 21:00:00,0.0
2024-09-18 22:00:00,0.0
2024-09-18 23:00:00,0.0
2024-09-19 00:00:00,0.0
2024-09-19 01:00:00,0.0
2024-09-19 02:00:00,0.0
2024-09-19 03:00:00,0.0
2024-09-19 04:00:00,0.0
2024-09-19 05:00:00,0.0
2024-09-19 06:00:00,0.0
2024-09-19 07:00:00,128.2956951932951
2024-09-19 08:00:00,247.84825077782793
2024-09-19 09:00:00,350.51035766045237
2024-09-19 10:00:00,429.2857629142705
2024-09-19 11:00:00,478.8060528537475
2024-09-19 12:00:00,495.69650155565597
2024-09-19 13:00:00,478.80605285374753
2024-09-19 14:00:00,429.2857629142706
2024-09-19 15:00:00,350.5103576604524
2024-09-19 16:00:00,247.84825077782793
2024-09-19 17:00:00,128.29569519329522
2024-09-19 18:00:00,6.07053133978675e-14
2024-09-19 19:00:00,0.0
2024-09-19 20:00:00,0.0
2024-09-19 21:00:00,0.0
2024-09-19 22:00:00,0.0
2024-09-19 23:00:00,0.0
2024-09-20 00:00:00,0.0
2024-09-20 01:00:00,0.0
2024-09-20 02:00:00,0.0
2024-09-20 03:00:00,0.0
2024-09-20 04:00:00,0.0
2024-09-20 05:00:00,0.0
2024-09-20 06:00:00,0.0
2024-09-20 07:00:00,126.06837052844895
2024-09-20 08:00:00,243.54538994321683
2024-09-20 09:00:00,344.42519351114134
2024-09-20 10:00:00,421.83298933082585
2024-09-20 11:00:00,470.4935640395903
2024-09-20 12:00:00,487.0907798864338
2024-09-20 13:00:00,470.49356403959035
2024-09-20 14:00:00,421.83298933082597
2024-09-20 15:00:00,344.4251935111414
2024-09-20 16:00:00,243.54538994321683
2024-09-20 17:00:00,126.06837052844905
2024-09-20 18:00:00,5.965141644821091e-14
2024-09-20 19:00:00,0.0
2024-09-20 20:00:00,0.0
2024-09-20 21:00:00,0.0
2024-09-20 22:00:00,0.0
2024-09-20 23:00:00,0.0
2024-09-21 00:00:00,0.0
2024-09-21 01:00:00,0.0
2024-09-21 02:00:00,0.0
2024-09-21 03:00:00,0.0
2024-09-21 04:00:00,0.0
2024-09-21 05:00:00,0.0
2024-09-21 06:00:00,0.0
2024-09-21 07:00:00,123.84203591905506
2024-09-21 08:00:00,239.24444174886736
2024-09-21 09:00:00,338.34273424362823
2024-09-21 10:00:00,414.383528537491
2024-09-21 11:00:00,462.18477016268326
2024-09-21 12:00:00,478.48888349773483
2024-09-21 13:00:00,462.1847701626833
2024-09-21 14:00:00,414.38352853749103
2024-09-21 15:00:00,338.3427342436283
2024-09-21 16:00:00,239.24444174886736
2024-09-21 17:00:00,123.84203591905516
2024-09-21 18:00:00,5.859798796030918e-14
2024-09-21 19:00:00,0.0
2024-09-21 20:00:00,0.0
2024-09-21 21:00:00,0.0
2024-09-21 22:00:00,0.0
2024-09-21 23:00:00,0.0
2024-09-22 00:00:00,0.0
2024-09-22 01:00:00,0.0
2024-09-22 02:00:00,0.0
2024-09-22 03:00:00,0.0
2024-09-22 04:00:00,0.0
2024-09-22 05:00:00,0.0
2024-09-22 06:00:00,0.0
2024-09-22 07:00:00,121.61735107610656
2024-09-22 08:00:00,234.94668065855177
2024-09-22 09:00:00,332.26478222186455
2024-09-22 10:00:00,406.9395879702717
2024-09-22 11:00:00,453.88213329797105
2024-09-22 12:00:00,469.89336131710365
2024-09-22 13:00:00,453.8821332979711
2024-09-22 14:00:00,406.9395879702718
2024-09-22 15:00:00,332.26478222186455
2024-09-22 16:00:00,234.94668065855177
2024-09-22 17:00:00,121.61735107610666
2024-09-22 18:00:00,5.754534008775817e-14
2024-09-22 19:00:00,0.0
2024-09-22 20:00:00,0.0
2024-09-22 21:00:00,0.0
2024-09-22 22:00:00,0.0
2024-09-22 23:00:00,0.0
2024-09-23 00:00:00,0.0
2024-09-23 01:00:00,0.0
2024-09-23 02:00:00,0.0
2024-09-23 03:00:00,0.0
2024-09-23 04:00:00,0.0
2024-09-23 05:00:00,0.0
2024-09-23 06:00:00,0.0
2024-09-23 07:00:00,119.39497522173491
2024-09-23 08:00:00,230.65338019163414
2024-09-23 09:00:00,326.1931384742069
2024-09-23 10:00:00,399.5033734294112
2024-09-23 11:00:00,445.5881136959418
2024-09-23 12:00:00,461.3067603832684
2024-09-23 13:00:00,445.58811369594184
2024-09-23 14:00:00,399.50337342941134
2024-09-23 15:00:00,326.19313847420693
2024-09-23 16:00:00,230.65338019163414
2024-09-23 17:00:00,119.39497522173501
2024-09-23 18:00:00,5.649378475284047e-14
2024-09-23 19:00:00,0.0
2024-09-23 20:00:00,0.0
2024-09-23 21:00:00,0.0
2024-09-23 22:00:00,0.0
2024-09-23 23:00:00,0.0
2024-09-24 00:00:00,0.0
2024-09-24 01:00:00,0.0
2024-09-24 02:00:00,0.0
2024-09-24 03:00:00,0.0
2024-09-24 04:00:00,0.0
2024-09-24 05:00:00,0.0
2024-09-24 06:00:00,0.0
2024-09-24 07:00:00,117.17556689386869
2024-09-24 08:00:00,226.36581254570012
2024-09-24 09:00:00,320.12960215973493
2024-09-24 10:00:00,392.077088425765
2024-09-24 11:00:00,437.3051690536036
2024-09-24 12:00:00,452.73162509140036
2024-09-24 13:00:00,437.30516905360366
2024-09-24 14:00:00,392.0770884257651
2024-09-24 15:00:00,320.129602159735
2024-09-24 16:00:00,226.36581254570012
2024-09-24 17:00:00,117.1755668938688
2024-09-24 18:00:00,5.54436335540963e-14
2024-09-24 19:00:00,0.0
2024-09-24 20:00:00,0.0
2024-09-24 21:00:00,0.0
2024-09-24 22:00:00,0.0
2024-09-24 23:00:00,0.0
2024-09-25 00:00:00,0.0
2024-09-25 01:00:00,0.0
2024-09-25 02:00:00,0.0
2024-09-25 03:00:00,0.0
2024-09-25 04:00:00,0.0
2024-09-25 05:00:00,0.0
2024-09-25 06:00:00,0.0
2024-09-25 07:00:00,114.95978375109415
2024-09-25 08:00:00,222.08524821957636
2024-09-25 09:00:00,314.07597003512024
2024-09-25 10:00:00,384.6629335278518
2024-09-25 11:00:00,429.03575378621434
2024-09-25 12:00:00,444.17049643915277
2024-09-25 13:00:00,429.0357537862144
2024-09-25 14:00:00,384.6629335278519
2024-09-25 15:00:00,314.0759700351203
2024-09-25 16:00:00,222.08524821957636
2024-09-25 17:00:00,114.95978375109425
2024-09-25 18:00:00,5.4395197673989934e-14
2024-09-25 19:00:00,0.0
2024-09-25 20:00:00,0.0
2024-09-25 21:00:00,0.0
2024-09-25 22:00:00,0.0
2024-09-25 23:00:00,0.0
2024-09-26 00:00:00,0.0
2024-09-26 01:00:00,0.0
2024-09-26 02:00:00,0.0
2024-09-26 03:00:00,0.0
2024-09-26 04:00:00,0.0
2024-09-26 05:00:00,0.0
2024-09-26 06:00:00,0.0
2024-09-26 07:00:00,112.74828237777699
2024-09-26 08:00:00,217.81295563685478
2024-09-26 09:00:00,308.0340359222094
2024-09-26 10:00:00,377.26310570977836
2024-09-26 11:00:00,420.78231829998634
2024-09-26 12:00:00,435.6259112737096
2024-09-26 13:00:00,420.7823182999864
2024-09-26 14:00:00,377.2631057097785
2024-09-26 15:00:00,308.03403592220945
2024-09-26 16:00:00,217.81295563685478
2024-09-26 17:00:00,112.74828237777709
2024-09-26 18:00:00,5.334878778669974e-14
2024-09-26 19:00:00,0.0
2024-09-26 20:00:00,0.0
2024-09-26 21:00:00,0.0
2024-09-26 22:00:00,0.0
2024-09-26 23:00:00,0.0
2024-09-27 00:00:00,0.0
2024-09-27 01:00:00,0.0
2024-09-27 02:00:00,0.0
2024-09-27 03:00:00,0.0
2024-09-27 04:00:00,0.0
2024-09-27 05:00:00,0.0
2024-09-27 06:00:00,0.0
2024-09-27 07:00:00,110.54171808950227
2024-09-27 08:00:00,213.55020077003135
2024-09-27 09:00:00,302.0055901764758
2024-09-27 10:00:00,369.87979770022866
2024-09-27 11:00:00,412.547308265978
2024-09-27 12:00:00,427.10040154006276
2024-09-27 13:00:00,412.5473082659781
2024-09-27 14:00:00,369.8797977002288
2024-09-27 15:00:00,302.00559017647583
2024-09-27 16:00:00,213.55020077003135
2024-09-27 17:00:00,110.54171808950235
2024-09-27 18:00:00,5.230471396605872e-14
2024-09-27 19:00:00,0.0
2024-09-27 20:00:00,0.0
2024-09-27 21:00:00,0.0
2024-09-27 22:00:00,0.0
2024-09-27 23:00:00,0.0
2024-09-28 00:00:00,0.0
2024-09-28 01:00:00,0.0
2024-09-28 02:00:00,0.0
2024-09-28 03:00:00,0.0
2024-09-28 04:00:00,0.0
2024-09-28 05:00:00,0.0
2024-09-28 06:00:00,0.0
2024-09-28 07:00:00,108.34074473889011
2024-09-28 08:00:00,209.29824676537083
2024-09-28 09:00:00,295.9924191564983
2024-09-28 10:00:00,362.5151973327107
2024-09-28 11:00:00,404.3331638953884
2024-09-28 12:00:00,418.5964935307417
2024-09-28 13:00:00,404.33316389538845
2024-09-28 14:00:00,362.5151973327108
2024-09-28 15:00:00,295.99241915649833
2024-09-28 16:00:00,209.29824676537083
2024-09-28 17:00:00,108.34074473889021
2024-09-28 18:00:00,5.1263285593672865e-14
2024-09-28 19:00:00,0.0
2024-09-28 20:00:00,0.0
2024-09-28 21:00:00,0.0
2024-09-28 22:00:00,0.0
2024-09-28 23:00:00,0.0
2024-09-29 00:00:00,0.0
2024-09-29 01:00:00,0.0
2024-09-29 02:00:00,0.0
2024-09-29 03:00:00,0.0
2024-09-29 04:00:00,0.0
2024-09-29 05:00:00,0.0
2024-09-29 06:00:00,0.0
2024-09-29 07:00:00,106.14601452184519
2024-09-29 08:00:00,205.05835356860942
2024-09-29 09:00:00,289.9963046946249
2024-09-29 10:00:00,355.17148689725434
2024-09-29 11:00:00,396.14231921647007
2024-09-29 12:00:00,410.11670713721895
2024-09-29 13:00:00,396.1423192164701
2024-09-29 14:00:00,355.1714868972544
2024-09-29 15:00:00,289.99630469462494
2024-09-29 16:00:00,205.05835356860942
2024-09-29 17:00:00,106.14601452184527
2024-09-29 18:00:00,5.022481126724477e-14
2024-09-29 19:00:00,0.0
2024-09-29 20:00:00,0.0
2024-09-29 21:00:00,0.0
2024-09-29 22:00:00,0.0
2024-09-29 23:00:00,0.0
2024-09-30 00:00:00,0.0
2024-09-30 01:00:00,0.0
2024-09-30 02:00:00,0.0
2024-09-30 03:00:00,0.0
2024-09-30 04:00:00,0.0
2024-09-30 05:00:00,0.0
2024-09-30 06:00:00,0.0
2024-09-30 07:00:00,103.95817778429704
2024-09-30 08:00:00,200.83177755160588
2024-09-30 09:00:00,284.0190235689776
2024-09-30 10:00:00,347.8508424937521
2024-09-30 11:00:00,387.9772013532746
2024-09-30 12:00:00,401.6635551032118
2024-09-30 13:00:00,387.97720135327467
2024-09-30 14:00:00,347.85084249375217
2024-09-30 15:00:00,284.0190235689776
2024-09-30 16:00:00,200.83177755160588
2024-09-30 17:00:00,103.95817778429713
2024-09-30 18:00:00,4.918959870912949e-14
2024-09-30 19:00:00,0.0
2024-09-30 20:00:00,0.0
2024-09-30 21:00:00,0.0
2024-09-30 22:00:00,0.0
2024-09-30 23:00:00,0.0
2024-10-01 00:00:00,0.0
2024-10-01 01:00:00,0.0
2024-10-01 02:00:00,0.0
2024-10-01 03:00:00,0.0
2024-10-01 04:00:00,0.0
2024-10-01 05:00:00,0.0
2024-10-01 06:00:00,0.0
2024-10-01 07:00:00,101.77788282948838
2024-10-01 08:00:00,196.61977114005097
2024-10-01 09:00:00,278.06234697695425
2024-10-01 10:00:00,340.5554333871331
2024-10-01 11:00:00,379.8402298064426
2024-10-01 12:00:00,393.23954228010206
2024-10-01 13:00:00,379.84022980644266
2024-10-01 14:00:00,340.55543338713323
2024-10-01 15:00:00,278.0623469769543
2024-10-01 16:00:00,196.61977114005097
2024-10-01 17:00:00,101.77788282948846
2024-10-01 18:00:00,4.8157954675149726e-14
2024-10-01 19:00:00,0.0
2024-10-01 20:00:00,0.0
2024-10-01 21:00:00,0.0
2024-10-01 22:00:00,0.0
2024-10-01 23:00:00,0.0
2024-10-02 00:00:00,0.0
2024-10-02 01:00:00,0.0
2024-10-02 02:00:00,0.0
2024-10-02 03:00:00,0.0
2024-10-02 04:00:00,0.0
2024-10-02 05:00:00,0.0
2024-10-02 06:00:00,0.0
2024-10-02 07:00:00,99.60577572586888
2024-10-02 08:00:00,192.42358244234697
2024-10-02 09:00:00,272.1280400103845
2024-10-02 10:00:00,333.2874213645635
2024-10-02 11:00:00,371.7338157362534
2024-10-02 12:00:00,384.847164884694
2024-10-02 13:00:00,371.73381573625346
2024-10-02 14:00:00,333.2874213645636
2024-10-02 15:00:00,272.12804001038455
2024-10-02 16:00:00,192.42358244234697
2024-10-02 17:00:00,99.60577572586897
2024-10-02 18:00:00,4.713018486369742e-14
2024-10-02 19:00:00,0.0
2024-10-02 20:00:00,0.0
2024-10-02 21:00:00,0.0
2024-10-02 22:00:00,0.0
2024-10-02 23:00:00,0.0
2024-10-03 00:00:00,0.0
2024-10-03 01:00:00,0.0
2024-10-03 02:00:00,0.0
2024-10-03 03:00:00,0.0
2024-10-03 04:00:00,0.0
2024-10-03 05:00:00,0.0
2024-10-03 06:00:00,0.0
2024-10-03 07:00:00,97.44250011565128
2024-10-03 08:00:00,188.24445487976612
2024-10-03 09:00:00,266.21786113249544
2024-10-03 10:00:00,326.04896009486197
2024-10-03 11:00:00,363.6603612481467
2024-10-03 12:00:00,376.4889097595323
2024-10-03 13:00:00,363.6603612481468
2024-10-03 14:00:00,326.0489600948621
2024-10-03 15:00:00,266.2178611324955
2024-10-03 16:00:00,188.24445487976612
2024-10-03 17:00:00,97.44250011565137
2024-10-03 18:00:00,4.61065938251488e-14
2024-10-03 19:00:00,0.0
2024-10-03 20:00:00,0.0
2024-10-03 21:00:00,0.0
2024-10-03 22:00:00,0.0
2024-10-03 23:00:00,0.0
2024-10-04 00:00:00,0.0
2024-10-04 01:00:00,0.0
2024-10-04 02:00:00,0.0
2024-10-04 03:00:00,0.0
2024-10-04 04:00:00,0.0
2024-10-04 05:00:00,0.0
2024-10-04 06:00:00,0.0
2024-10-04 07:00:00,95.28869702408616
2024-10-04 08:00:00,184.08362681799812
2024-10-04 09:00:00,260.33356165684063
2024-10-04 10:00:00,318.8421944903215
2024-10-04 11:00:00,355.6222586809268
2024-10-04 12:00:00,368.16725363599636
2024-10-04 13:00:00,355.6222586809268
2024-10-04 14:00:00,318.8421944903216
2024-10-04 15:00:00,260.3335616568407
2024-10-04 16:00:00,184.08362681799812
2024-10-04 17:00:00,95.28869702408625
2024-10-04 18:00:00,4.508748487161947e-14
2024-10-04 19:00:00,0.0
2024-10-04 20:00:00,0.0
2024-10-04 21:00:00,0.0
2024-10-04 22:00:00,0.0
2024-10-04 23:00:00,0.0
2024-10-05 00:00:00,0.0
2024-10-05 01:00:00,0.0
2024-10-05 02:00:00,0.0
2024-10-05 03:00:00,0.0
2024-10-05 04:00:00,0.0
2024-10-05 05:00:00,0.0
2024-10-05 06:00:00,0.0
2024-10-05 07:00:00,93.14500466951253
2024-10-05 08:00:00,179.94233120019595
2024-10-05 09:00:00,254.4768852283485
2024-10-05 10:00:00,311.6692600711258
2024-10-05 11:00:00,347.621889897861
2024-10-05 12:00:00,359.88466240039196
2024-10-05 13:00:00,347.6218898978611
2024-10-05 14:00:00,311.66926007112585
2024-10-05 15:00:00,254.47688522834855
2024-10-05 16:00:00,179.94233120019595
2024-10-05 17:00:00,93.1450046695126
2024-10-05 18:00:00,4.407315998708659e-14
2024-10-05 19:00:00,0.0
2024-10-05 20:00:00,0.0
2024-10-05 21:00:00,0.0
2024-10-05 22:00:00,0.0
2024-10-05 23:00:00,0.0
2024-10-06 00:00:00,0.0
2024-10-06 01:00:00,0.0
2024-10-06 02:00:00,0.0
2024-10-06 03:00:00,0.0
2024-10-06 04:00:00,0.0
2024-10-06 05:00:00,0.0
2024-10-06 06:00:00,0.0
2024-10-06 07:00:00,91.01205827423964
2024-10-06 08:00:00,175.82179518162744
2024-10-06 09:00:00,248.64956730664207
2024-10-06 10:00:00,304.53228233254754
2024-10-06 11:00:00,339.6616255808817
2024-10-06 12:00:00,351.64359036325493
2024-10-06 13:00:00,339.6616255808817
2024-10-06 14:00:00,304.5322823325476
2024-10-06 15:00:00,248.6495673066421
2024-10-06 16:00:00,175.82179518162744
2024-10-06 17:00:00,91.0120582742397
2024-10-06 18:00:00,4.3063919737904324e-14
2024-10-06 19:00:00,0.0
2024-10-06 20:00:00,0.0
2024-10-06 21:00:00,0.0
2024-10-06 22:00:00,0.0
2024-10-06 23:00:00,0.0
2024-10-07 00:00:00,0.0
2024-10-07 01:00:00,0.0
2024-10-07 02:00:00,0.0
2024-10-07 03:00:00,0.0
2024-10-07 04:00:00,0.0
2024-10-07 05:00:00,0.0
2024-10-07 06:00:00,0.0
2024-10-07 07:00:00,88.89048987631712
2024-10-07 08:00:00,171.72323976604326
2024-10-07 09:00:00,242.85333465178525
2024-10-07 10:00:00,297.4333761151192
2024-10-07 11:00:00,331.7438245281024
2024-10-07 12:00:00,343.44647953208664
2024-10-07 13:00:00,331.74382452810244
2024-10-07 14:00:00,297.4333761151193
2024-10-07 15:00:00,242.8533346517853
2024-10-07 16:00:00,171.72323976604326
2024-10-07 17:00:00,88.8904898763172
2024-10-07 18:00:00,4.2060063183739684e-14
2024-10-07 19:00:00,0.0
2024-10-07 20:00:00,0.0
2024-10-07 21:00:00,0.0
2024-10-07 22:00:00,0.0
2024-10-07 23:00:00,0.0
2024-10-08 00:00:00,0.0
2024-10-08 01:00:00,0.0
2024-10-08 02:00:00,0.0
2024-10-08 03:00:00,0.0
2024-10-08 04:00:00,0.0
2024-10-08 05:00:00,0.0
2024-10-08 06:00:00,0.0
2024-10-08 07:00:00,86.7809281422486
2024-10-08 08:00:00,167.6478794438674
2024-10-08 09:00:00,237.08990481260696
2024-10-08 10:00:00,290.3746449779603
2024-10-08 11:00:00,323.87083295485553
2024-10-08 12:00:00,335.2957588877349
2024-10-08 13:00:00,323.8708329548556
2024-10-08 14:00:00,290.37464497796043
2024-10-08 15:00:00,237.089904812607
2024-10-08 16:00:00,167.6478794438674
2024-10-08 17:00:00,86.78092814224868
2024-10-08 18:00:00,4.106188778895473e-14
2024-10-08 19:00:00,0.0
2024-10-08 20:00:00,0.0
2024-10-08 21:00:00,0.0
2024-10-08 22:00:00,0.0
2024-10-08 23:00:00,0.0
2024-10-09 00:00:00,0.0
2024-10-09 01:00:00,0.0
2024-10-09 02:00:00,0.0
2024-10-09 03:00:00,0.0
2024-10-09 04:00:00,0.0
2024-10-09 05:00:00,0.0
2024-10-09 06:00:00,0.0
2024-10-09 07:00:00,84.68399818070388
2024-10-09 08:00:00,163.59692183231664
2024-10-09 09:00:00,231.36098561775333
2024-10-09 10:00:00,283.3581805754465
2024-10-09 11:00:00,316.0449837984572
2024-10-09 12:00:00,327.19384366463333
2024-10-09 13:00:00,316.0449837984572
2024-10-09 14:00:00,283.35818057544657
2024-10-09 15:00:00,231.36098561775336
2024-10-09 16:00:00,163.59692183231664
2024-10-09 17:00:00,84.68399818070395
2024-10-09 18:00:00,4.006968933446127e-14
2024-10-09 19:00:00,0.0
2024-10-09 20:00:00,0.0
2024-10-09 21:00:00,0.0
2024-10-09 22:00:00,0.0
2024-10-09 23:00:00,0.0
2024-10-10 00:00:00,0.0
2024-10-10 01:00:00,0.0
2024-10-10 02:00:00,0.0
2024-10-10 03:00:00,0.0
2024-10-10 04:00:00,0.0
2024-10-10 05:00:00,0.0
2024-10-10 06:00:00,0.0
2024-10-10 07:00:00,82.60032135728602
2024-10-10 08:00:00,159.57156731755808
2024-10-10 09:00:00,225.668274669622
2024-10-10 10:00:00,276.38606203740795
2024-10-10 11:00:00,308.268596026908
2024-10-10 12:00:00,319.1431346351162
2024-10-10 13:00:00,308.2685960269081
2024-10-10 14:00:00,276.386062037408
2024-10-10 15:00:00,225.66827466962206
2024-10-10 16:00:00,159.57156731755808
2024-10-10 17:00:00,82.60032135728609
2024-10-10 18:00:00,3.908376183007479e-14
2024-10-10 19:00:00,0.0
2024-10-10 20:00:00,0.0
2024-10-10 21:00:00,0.0
2024-10-10 22:00:00,0.0
2024-10-10 23:00:00,0.0
2024-10-11 00:00:00,0.0
2024-10-11 01:00:00,0.0
2024-10-11 02:00:00,0.0
2024-10-11 03:00:00,0.0
2024-10-11 04:00:00,0.0
2024-10-11 05:00:00,0.0
2024-10-11 06:00:00,0.0
2024-10-11 07:00:00,80.53051511040725
2024-10-11 08:00:00,155.57300869900877
2024-10-11 09:00:00,220.01345884132576
2024-10-11 10:00:00,269.46035535303815
2024-10-11 11:00:00,300.543973951733
2024-10-11 12:00:00,311.1460173980176
2024-10-11 13:00:00,300.54397395173305
2024-10-11 14:00:00,269.4603553530382
2024-10-11 15:00:00,220.0134588413258
2024-10-11 16:00:00,155.57300869900877
2024-10-11 17:00:00,80.53051511040732
2024-10-11 18:00:00,3.81043974273929e-14
2024-10-11 19:00:00,0.0
2024-10-11 20:00:00,0.0
2024-10-11 21:00:00,0.0
2024-10-11 22:00:00,0.0
2024-10-11 23:00:00,0.0
2024-10-12 00:00:00,0.0
2024-10-12 01:00:00,0.0
2024-10-12 02:00:00,0.0
2024-10-12 03:00:00,0.0
2024-10-12 04:00:00,0.0
2024-10-12 05:00:00,0.0
2024-10-12 06:00:00,0.0
2024-10-12 07:00:00,78.47519276832858
2024-10-12 08:00:00,151.60243083588333
2024-10-12 09:00:00,214.39821377683538
2024-10-12 10:00:00,262.5831127586966
2024-10-12 11:00:00,292.87340654516396
2024-10-12 12:00:00,303.20486167176676
2024-10-12 13:00:00,292.873406545164
2024-10-12 14:00:00,262.5831127586967
2024-10-12 15:00:00,214.39821377683543
2024-10-12 16:00:00,151.60243083588333
2024-10-12 17:00:00,78.47519276832865
2024-10-12 18:00:00,3.713188633322452e-14
2024-10-12 19:00:00,0.0
2024-10-12 20:00:00,0.0
2024-10-12 21:00:00,0.0
2024-10-12 22:00:00,0.0
2024-10-12 23:00:00,0.0
2024-10-13 00:00:00,0.0
2024-10-13 01:00:00,0.0
2024-10-13 02:00:00,0.0
2024-10-13 03:00:00,0.0
2024-10-13 04:00:00,0.0
2024-10-13 05:00:00,0.0
2024-10-13 06:00:00,0.0
2024-10-13 07:00:00,76.43496336741745
2024-10-13 08:00:00,147.66101029609467
2024-10-13 09:00:00,208.8242033944504
2024-10-13 10:00:00,255.7563721297871
2024-10-13 11:00:00,285.25916676186785
2024-10-13 12:00:00,295.3220205921894
2024-10-13 13:00:00,285.25916676186785
2024-10-13 14:00:00,255.75637212978717
2024-10-13 15:00:00,208.82420339445042
2024-10-13 16:00:00,147.66101029609467
2024-10-13 17:00:00,76.43496336741752
2024-10-13 18:00:00,3.616651672359535e-14
2024-10-13 19:00:00,0.0
2024-10-13 20:00:00,0.0
2024-10-13 21:00:00,0.0
2024-10-13 22:00:00,0.0
2024-10-13 23:00:00,0.0
2024-10-14 00:00:00,0.0
2024-10-14 01:00:00,0.0
2024-10-14 02:00:00,0.0
2024-10-14 03:00:00,0.0
2024-10-14 04:00:00,0.0
2024-10-14 05:00:00,0.0
2024-10-14 06:00:00,0.0
2024-10-14 07:00:00,74.41043147167709
2024-10-14 08:00:00,143.7499150076115
2024-10-14 09:00:00,203.29307939374394
2024-10-14 10:00:00,248.98215637689097
2024-10-14 11:00:00,277.70351086542104
2024-10-14 12:00:00,287.49983001522304
2024-10-14 13:00:00,277.70351086542104
2024-10-14 14:00:00,248.98215637689103
2024-10-14 15:00:00,203.29307939374397
2024-10-14 16:00:00,143.7499150076115
2024-10-14 17:00:00,74.41043147167716
2024-10-14 18:00:00,3.520857465835511e-14
2024-10-14 19:00:00,0.0
2024-10-14 20:00:00,0.0
2024-10-14 21:00:00,0.0
2024-10-14 22:00:00,0.0
2024-10-14 23:00:00,0.0
2024-10-15 00:00:00,0.0
2024-10-15 01:00:00,0.0
2024-10-15 02:00:00,0.0
2024-10-15 03:00:00,0.0
2024-10-15 04:00:00,0.0
2024-10-15 05:00:00,0.0
2024-10-15 06:00:00,0.0
2024-10-15 07:00:00,72.40219699360118
2024-10-15 08:00:00,139.87030391237616
2024-10-15 09:00:00,197.806480766129
2024-10-15 10:00:00,242.26247284633544
2024-10-15 11:00:00,270.2086777597302
2024-10-15 12:00:00,279.74060782475243
2024-10-15 13:00:00,270.2086777597302
2024-10-15 14:00:00,242.26247284633553
2024-10-15 15:00:00,197.80648076612906
2024-10-15 16:00:00,139.87030391237616
2024-10-15 17:00:00,72.40219699360125
2024-10-15 18:00:00,3.4258343996411805e-14
2024-10-15 19:00:00,0.0
2024-10-15 20:00:00,0.0
2024-10-15 21:00:00,0.0
2024-10-15 22:00:00,0.0
2024-10-15 23:00:00,0.0
2024-10-16 00:00:00,0.0
2024-10-16 01:00:00,0.0
2024-10-16 02:00:00,0.0
2024-10-16 03:00:00,0.0
2024-10-16 04:00:00,0.0
2024-10-16 05:00:00,0.0
2024-10-16 06:00:00,0.0
2024-10-16 07:00:00,70.41085501640691
2024-10-16 08:00:00,136.0233266228852
2024-10-16 09:00:00,192.36603330918962
2024-10-16 10:00:00,235.5993127253735
2024-10-16 11:00:00,262.77688832559653
2024-10-16 12:00:00,272.0466532457705
2024-10-16 13:00:00,262.77688832559653
2024-10-16 14:00:00,235.59931272537358
2024-10-16 15:00:00,192.36603330918965
2024-10-16 16:00:00,136.0233266228852
2024-10-16 17:00:00,70.41085501640697
2024-10-16 18:00:00,3.3316106311618275e-14
2024-10-16 19:00:00,0.0
2024-10-16 20:00:00,0.0
2024-10-16 21:00:00,0.0
2024-10-16 22:00:00,0.0
2024-10-16 23:00:00,0.0
2024-10-17 00:00:00,0.0
2024-10-17 01:00:00,0.0
2024-10-17 02:00:00,0.0
2024-10-17 03:00:00,0.0
2024-10-17 04:00:00,0.0
2024-10-17 05:00:00,0.0
2024-10-17 06:00:00,0.0
2024-10-17 07:00:00,68.43699561769876
2024-10-17 08:00:00,132.210123081534
2024-10-17 09:00:00,186.97334914492157
2024-10-17 10:00:00,228.9946504521516
2024-10-17 11:00:00,255.41034476262035
2024-10-17 12:00:00,264.42024616306804
2024-10-17 13:00:00,255.41034476262038
2024-10-17 14:00:00,228.99465045215166
2024-10-17 15:00:00,186.97334914492163
2024-10-17 16:00:00,132.210123081534
2024-10-17 17:00:00,68.43699561769883
2024-10-17 18:00:00,3.238214080933565e-14
2024-10-17 19:00:00,0.0
2024-10-17 20:00:00,0.0
2024-10-17 21:00:00,0.0
2024-10-17 22:00:00,0.0
2024-10-17 23:00:00,0.0
2024-10-18 00:00:00,0.0
2024-10-18 01:00:00,0.0
2024-10-18 02:00:00,0.0
2024-10-18 03:00:00,0.0
2024-10-18 04:00:00,0.0
2024-10-18 05:00:00,0.0
2024-10-18 06:00:00,0.0
2024-10-18 07:00:00,66.48120369461593
2024-10-18 08:00:00,128.43182322282746
2024-10-18 09:00:00,181.63002624202645
2024-10-18 10:00:00,222.4504431306416
2024-10-18 11:00:00,248.1112299366424
2024-10-18 12:00:00,256.863646445655
2024-10-18 13:00:00,248.11122993664242
2024-10-18 14:00:00,222.45044313064164
2024-10-18 15:00:00,181.63002624202647
2024-10-18 16:00:00,128.43182322282746
2024-10-18 17:00:00,66.48120369461599
2024-10-18 18:00:00,3.1456724243698876e-14
2024-10-18 19:00:00,0.0
2024-10-18 20:00:00,0.0
2024-10-18 21:00:00,0.0
2024-10-18 22:00:00,0.0
2024-10-18 23:00:00,0.0
2024-10-19 00:00:00,0.0
2024-10-19 01:00:00,0.0
2024-10-19 02:00:00,0.0
2024-10-19 03:00:00,0.0
2024-10-19 04:00:00,0.0
2024-10-19 05:00:00,0.0
2024-10-19 06:00:00,0.0
2024-10-19 07:00:00,64.54405879051467
2024-10-19 08:00:00,124.68954663855611
2024-10-19 09:00:00,176.33764794239866
2024-10-19 10:00:00,215.9686299507083
2024-10-19 11:00:00,240.88170673291333
2024-10-19 12:00:00,249.37909327711228
2024-10-19 13:00:00,240.88170673291336
2024-10-19 14:00:00,215.96862995070836
2024-10-19 15:00:00,176.3376479423987
2024-10-19 16:00:00,124.68954663855611
2024-10-19 17:00:00,64.54405879051473
2024-10-19 18:00:00,3.054013083560848e-14
2024-10-19 19:00:00,0.0
2024-10-19 20:00:00,0.0
2024-10-19 21:00:00,0.0
2024-10-19 22:00:00,0.0
2024-10-19 23:00:00,0.0
2024-10-20 00:00:00,0.0
2024-10-20 01:00:00,0.0
2024-10-20 02:00:00,0.0
2024-10-20 03:00:00,0.0
2024-10-20 04:00:00,0.0
2024-10-20 05:00:00,0.0
2024-10-20 06:00:00,0.0
2024-10-20 07:00:00,62.62613492323706
2024-10-20 08:00:00,120.98440224603682
2024-10-20 09:00:00,171.09778249194727
2024-10-20 10:00:00,209.55113161348598
2024-10-20 11:00:00,233.72391741518433
2024-10-20 12:00:00,241.9688044920737
2024-10-20 13:00:00,233.72391741518436
2024-10-20 14:00:00,209.55113161348604
2024-10-20 15:00:00,171.0977824919473
2024-10-20 16:00:00,120.98440224603682
2024-10-20 17:00:00,62.62613492323712
2024-10-20 18:00:00,2.963263219147298e-14
2024-10-20 19:00:00,0.0
2024-10-20 20:00:00,0.0
2024-10-20 21:00:00,0.0
2024-10-20 22:00:00,0.0
2024-10-20 23:00:00,0.0
2024-10-21 00:00:00,0.0
2024-10-21 01:00:00,0.0
2024-10-21 02:00:00,0.0
2024-10-21 03:00:00,0.0
2024-10-21 04:00:00,0.0
2024-10-21 05:00:00,0.0
2024-10-21 06:00:00,0.0
2024-10-21 07:00:00,60.72800041501721
2024-10-21 08:00:00,117.31748795951671
2024-10-21 09:00:00,165.91198257589087
2024-10-21 10:00:00,203.199849762233
2024-10-21 11:00:00,226.63998299090807
2024-10-21 12:00:00,234.63497591903348
2024-10-21 13:00:00,226.6399829909081
2024-10-21 14:00:00,203.19984976223301
2024-10-21 15:00:00,165.9119825758909
2024-10-21 16:00:00,117.31748795951671
2024-10-21 17:00:00,60.72800041501727
2024-10-21 18:00:00,2.8734497222726066e-14
2024-10-21 19:00:00,0.0
2024-10-21 20:00:00,0.0
2024-10-21 21:00:00,0.0
2024-10-21 22:00:00,0.0
2024-10-21 23:00:00,0.0
2024-10-22 00:00:00,0.0
2024-10-22 01:00:00,0.0
2024-10-22 02:00:00,0.0
2024-10-22 03:00:00,0.0
2024-10-22 04:00:00,0.0
2024-10-22 05:00:00,0.0
2024-10-22 06:00:00,0.0
2024-10-22 07:00:00,58.850217724074966
2024-10-22 08:00:00,113.68989036483731
2024-10-22 09:00:00,160.78178485866323
2024-10-22 10:00:00,196.91666641883361
2024-10-22 11:00:00,219.6320025827382
2024-10-22 12:00:00,227.37978072967468
2024-10-22 13:00:00,219.63200258273824
2024-10-22 14:00:00,196.91666641883364
2024-10-22 15:00:00,160.78178485866326
2024-10-22 16:00:00,113.68989036483731
2024-10-22 17:00:00,58.850217724075016
2024-10-22 18:00:00,2.7845992066142312e-14
2024-10-22 19:00:00,0.0
2024-10-22 20:00:00,0.0
2024-10-22 21:00:00,0.0
2024-10-22 22:00:00,0.0
2024-10-22 23:00:00,0.0
2024-10-23 00:00:00,0.0
2024-10-23 01:00:00,0.0
2024-10-23 02:00:00,0.0
2024-10-23 03:00:00,0.0
2024-10-23 04:00:00,0.0
2024-10-23 05:00:00,0.0
2024-10-23 06:00:00,0.0
2024-10-23 07:00:00,56.993343277947524
2024-10-23 08:00:00,110.10268439745592
2024-10-23 09:00:00,155.70870952856674
2024-10-23 10:00:00,190.70344342611475
2024-10-23 11:00:00,212.70205280651427
2024-10-23 12:00:00,220.20536879491186
2024-10-23 13:00:00,212.7020528065143
2024-10-23 14:00:00,190.7034434261148
2024-10-23 15:00:00,155.70870952856677
2024-10-23 16:00:00,110.10268439745592
2024-10-23 17:00:00,56.993343277947574
2024-10-23 18:00:00,2.6967380004975127e-14
2024-10-23 19:00:00,0.0
2024-10-23 20:00:00,0.0
2024-10-23 21:00:00,0.0
2024-10-23 22:00:00,0.0
2024-10-23 23:00:00,0.0
2024-10-24 00:00:00,0.0
2024-10-24 01:00:00,0.0
2024-10-24 02:00:00,0.0
2024-10-24 03:00:00,0.0
2024-10-24 04:00:00,0.0
2024-10-24 05:00:00,0.0
2024-10-24 06:00:00,0.0
2024-10-24 07:00:00,55.15792730860792
2024-10-24 08:00:00,106.55693302391889
2024-10-24 09:00:00,150.69425984730768
2024-10-24 10:00:00,184.5620218961415
2024-10-24 11:00:00,205.8521871559156
2024-10-24 12:00:00,213.11386604783783
2024-10-24 13:00:00,205.8521871559156
2024-10-24 14:00:00,184.56202189614154
2024-10-24 15:00:00,150.6942598473077
2024-10-24 16:00:00,106.55693302391889
2024-10-24 17:00:00,55.15792730860797
2024-10-24 18:00:00,2.609892139094024e-14
2024-10-24 19:00:00,0.0
2024-10-24 20:00:00,0.0
2024-10-24 21:00:00,0.0
2024-10-24 22:00:00,0.0
2024-10-24 23:00:00,0.0
2024-10-25 00:00:00,0.0
2024-10-25 01:00:00,0.0
2024-10-25 02:00:00,0.0
2024-10-25 03:00:00,0.0
2024-10-25 04:00:00,0.0
2024-10-25 05:00:00,0.0
2024-10-25 06:00:00,0.0
2024-10-25 07:00:00,53.3445136894193
2024-10-25 08:00:00,103.05368692688167
2024-10-25 09:00:00,145.73992170454702
2024-10-25 10:00:00,178.49422166465564
2024-10-25 11:00:00,199.08443539396632
2024-10-25 12:00:00,206.10737385376336
2024-10-25 13:00:00,199.08443539396634
2024-10-25 14:00:00,178.4942216646557
2024-10-25 15:00:00,145.73992170454704
2024-10-25 16:00:00,103.05368692688167
2024-10-25 17:00:00,53.34451368941935
2024-10-25 18:00:00,2.524087356706782e-14
2024-10-25 19:00:00,0.0
2024-10-25 20:00:00,0.0
2024-10-25 21:00:00,0.0
2024-10-25 22:00:00,0.0
2024-10-25 23:00:00,0.0
2024-10-26 00:00:00,0.0
2024-10-26 01:00:00,0.0
2024-10-26 02:00:00,0.0
2024-10-26 03:00:00,0.0
2024-10-26 04:00:00,0.0
2024-10-26 05:00:00,0.0
2024-10-26 06:00:00,0.0
2024-10-26 07:00:00,51.55363977397387
2024-10-26 08:00:00,99.59398419376933
2024-10-26 09:00:00,140.8471631776003
2024-10-26 10:00:00,172.5018407518202
2024-10-26 11:00:00,192.40080295157415
2024-10-26 12:00:00,199.18796838753872
2024-10-26 13:00:00,192.40080295157418
2024-10-26 14:00:00,172.50184075182023
2024-10-26 15:00:00,140.84716317760032
2024-10-26 16:00:00,99.59398419376933
2024-10-26 17:00:00,51.55363977397392
2024-10-26 18:00:00,2.4393490791446347e-14
2024-10-26 19:00:00,0.0
2024-10-26 20:00:00,0.0
2024-10-26 21:00:00,0.0
2024-10-26 22:00:00,0.0
2024-10-26 23:00:00,0.0
2024-10-27 00:00:00,0.0
2024-10-27 01:00:00,0.0
2024-10-27 02:00:00,0.0
2024-10-27 03:00:00,0.0
2024-10-27 04:00:00,0.0
2024-10-27 05:00:00,0.0
2024-10-27 06:00:00,0.0
2024-10-27 07:00:00,49.785836236862906
2024-10-27 08:00:00,96.17885000916804
2024-10-27 09:00:00,136.01743409641315
2024-10-27 10:00:00,166.58665482942544
2024-10-27 11:00:00,185.80327033327606
2024-10-27 12:00:00,192.35770001833612
2024-10-27 13:00:00,185.8032703332761
2024-10-27 14:00:00,166.58665482942547
2024-10-27 15:00:00,136.01743409641318
2024-10-27 16:00:00,96.17885000916804
2024-10-27 17:00:00,49.785836236862956
2024-10-27 18:00:00,2.355702416188021e-14
2024-10-27 19:00:00,0.0
2024-10-27 20:00:00,0.0
2024-10-27 21:00:00,0.0
2024-10-27 22:00:00,0.0
2024-10-27 23:00:00,0.0
2024-10-28 00:00:00,0.0
2024-10-28 01:00:00,0.0
2024-10-28 02:00:00,0.0
2024-10-28 03:00:00,0.0
2024-10-28 04:00:00,0.0
2024-10-28 05:00:00,0.0
2024-10-28 06:00:00,0.0
2024-10-28 07:00:00,48.0416269164268
2024-10-28 08:00:00,92.80929635104135
2024-10-28 09:00:00,131.25216561394652
2024-10-28 10:00:00,160.75041669472043
2024-10-28 11:00:00,179.2937925303733
2024-10-28 12:00:00,185.61859270208276
2024-10-28 13:00:00,179.29379253037334
2024-10-28 14:00:00,160.75041669472049
2024-10-28 15:00:00,131.25216561394654
2024-10-28 16:00:00,92.80929635104135
2024-10-28 17:00:00,48.04162691642684
2024-10-28 18:00:00,2.2731721541484192e-14
2024-10-28 19:00:00,0.0
2024-10-28 20:00:00,0.0
2024-10-28 21:00:00,0.0
2024-10-28 22:00:00,0.0
2024-10-28 23:00:00,0.0
2024-10-29 00:00:00,0.0
2024-10-29 01:00:00,0.0
2024-10-29 02:00:00,0.0
2024-10-29 03:00:00,0.0
2024-10-29 04:00:00,0.0
2024-10-29 05:00:00,0.0
2024-10-29 06:00:00,0.0
2024-10-29 07:00:00,46.32152865953031
2024-10-29 08:00:00,89.48632169085911
2024-10-29 09:00:00,126.55276978209466
2024-10-29 10:00:00,154.99485575102085
2024-10-29 11:00:00,172.87429844162497
2024-10-29 12:00:00,178.97264338171826
2024-10-29 13:00:00,172.874298441625
2024-10-29 14:00:00,154.9948557510209
2024-10-29 15:00:00,126.55276978209467
2024-10-29 16:00:00,89.48632169085911
2024-10-29 17:00:00,46.32152865953035
2024-10-29 18:00:00,2.19178274852362e-14
2024-10-29 19:00:00,0.0
2024-10-29 20:00:00,0.0
2024-10-29 21:00:00,0.0
2024-10-29 22:00:00,0.0
2024-10-29 23:00:00,0.0
2024-10-30 00:00:00,0.0
2024-10-30 01:00:00,0.0
2024-10-30 02:00:00,0.0
2024-10-30 03:00:00,0.0
2024-10-30 04:00:00,0.0
2024-10-30 05:00:00,0.0
2024-10-30 06:00:00,0.0
2024-10-30 07:00:00,44.626051168409695
2024-10-30 08:00:00,86.21091069772872
2024-10-30 09:00:00,121.92063913326373
2024-10-30 10:00:00,149.3216774952494
2024-10-30 11:00:00,166.54669030167344
2024-10-30 12:00:00,172.42182139545747
2024-10-30 13:00:00,166.54669030167344
2024-10-30 14:00:00,149.32167749524945
2024-10-30 15:00:00,121.92063913326375
2024-10-30 16:00:00,86.21091069772872
2024-10-30 17:00:00,44.62605116840974
2024-10-30 18:00:00,2.1115583167510362e-14
2024-10-30 19:00:00,0.0
2024-10-30 20:00:00,0.0
2024-10-30 21:00:00,0.0
2024-10-30 22:00:00,0.0
2024-10-30 23:00:00,0.0
2024-10-31 00:00:00,0.0
2024-10-31 01:00:00,0.0
2024-10-31 02:00:00,0.0
2024-10-31 03:00:00,0.0
2024-10-31 04:00:00,0.0
2024-10-31 05:00:00,0.0
2024-10-31 06:00:00,0.0
2024-10-31 07:00:00,42.95569684963701
2024-10-31 08:00:00,82.98403394661666
2024-10-31 09:00:00,117.35714626773463
2024-10-31 10:00:00,143.73256301256052
2024-10-31 11:00:00,160.31284311737164
2024-10-31 12:00:00,165.96806789323338
2024-10-31 13:00:00,160.31284311737167
2024-10-31 14:00:00,143.73256301256058
2024-10-31 15:00:00,117.35714626773466
2024-10-31 16:00:00,82.98403394661666
2024-10-31 17:00:00,42.95569684963704
2024-10-31 18:00:00,2.0325226310611885e-14
2024-10-31 19:00:00,0.0
2024-10-31 20:00:00,0.0
2024-10-31 21:00:00,0.0
2024-10-31 22:00:00,0.0
2024-10-31 23:00:00,0.0
2024-11-01 00:00:00,0.0
2024-11-01 01:00:00,0.0
2024-11-01 02:00:00,0.0
2024-11-01 03:00:00,0.0
2024-11-01 04:00:00,0.0
2024-11-01 05:00:00,0.0
2024-11-01 06:00:00,0.0
2024-11-01 07:00:00,41.310960665246064
2024-11-01 08:00:00,79.80664763074597
2024-11-01 09:00:00,112.86364344693162
2024-11-01 10:00:00,138.2291684781984
2024-11-01 11:00:00,154.1746041121777
2024-11-01 12:00:00,159.61329526149197
2024-11-01 13:00:00,154.1746041121777
2024-11-01 14:00:00,138.22916847819843
2024-11-01 15:00:00,112.86364344693163
2024-11-01 16:00:00,79.80664763074597
2024-11-01 17:00:00,41.3109606652461
2024-11-01 18:00:00,1.9546991114334756e-14
2024-11-01 19:00:00,0.0
2024-11-01 20:00:00,0.0
2024-11-01 21:00:00,0.0
2024-11-01 22:00:00,0.0
2024-11-01 23:00:00,0.0
2024-11-02 00:00:00,0.0
2024-11-02 01:00:00,0.0
2024-11-02 02:00:00,0.0
2024-11-02 03:00:00,0.0
2024-11-02 04:00:00,0.0
2024-11-02 05:00:00,0.0
2024-11-02 06:00:00,0.0
2024-11-02 07:00:00,39.69232998606464
2024-11-02 08:00:00,76.67969327825567
2024-11-02 09:00:00,108.44146219271825
2024-11-02 10:00:00,132.81312466673654
2024-11-02 11:00:00,148.1337921787829
2024-11-02 12:00:00,153.35938655651137
2024-11-02 13:00:00,148.13379217878293
2024-11-02 14:00:00,132.8131246667366
2024-11-02 15:00:00,108.44146219271828
2024-11-02 16:00:00,76.67969327825567
2024-11-02 17:00:00,39.69232998606468
2024-11-02 18:00:00,1.8781108186563328e-14
2024-11-02 19:00:00,0.0
2024-11-02 20:00:00,0.0
2024-11-02 21:00:00,0.0
2024-11-02 22:00:00,0.0
2024-11-02 23:00:00,0.0
2024-11-03 00:00:00,0.0
2024-11-03 01:00:00,0.0
2024-11-03 02:00:00,0.0
2024-11-03 03:00:00,0.0
2024-11-03 04:00:00,0.0
2024-11-03 05:00:00,0.0
2024-11-03 06:00:00,0.0
2024-11-03 07:00:00,38.10028444729589
2024-11-03 08:00:00,73.6040974732056
2024-11-03 09:00:00,104.09191289283865
2024-11-03 10:00:00,127.48603646884413
2024-11-03 11:00:00,142.19219734013453
2024-11-03 12:00:00,147.20819494641125
2024-11-03 13:00:00,142.19219734013456
2024-11-03 14:00:00,127.48603646884416
2024-11-03 15:00:00,104.09191289283866
2024-11-03 16:00:00,73.6040974732056
2024-11-03 17:00:00,38.10028444729592
2024-11-03 18:00:00,1.8027804474938212e-14
2024-11-03 19:00:00,0.0
2024-11-03 20:00:00,0.0
2024-11-03 21:00:00,0.0
2024-11-03 22:00:00,0.0
2024-11-03 23:00:00,0.0
2024-11-04 00:00:00,0.0
2024-11-04 01:00:00,0.0
2024-11-04 02:00:00,0.0
2024-11-04 03:00:00,0.0
2024-11-04 04:00:00,0.0
2024-11-04 05:00:00,0.0
2024-11-04 06:00:00,0.0
2024-11-04 07:00:00,36.53529580639209
2024-11-04 08:00:00,70.5807715810096
2024-11-04 09:00:00,99.81628441262131
2024-11-04 10:00:00,122.24948241572214
2024-11-04 11:00:00,136.3515802190134
2024-11-04 12:00:00,141.16154316201923
2024-11-04 13:00:00,136.35158021901344
2024-11-04 14:00:00,122.24948241572218
2024-11-04 15:00:00,99.81628441262134
2024-11-04 16:00:00,70.5807715810096
2024-11-04 17:00:00,36.53529580639213
2024-11-04 18:00:00,1.728730319960678e-14
2024-11-04 19:00:00,0.0
2024-11-04 20:00:00,0.0
2024-11-04 21:00:00,0.0
2024-11-04 22:00:00,0.0
2024-11-04 23:00:00,0.0
2024-11-05 00:00:00,0.0
2024-11-05 01:00:00,0.0
2024-11-05 02:00:00,0.0
2024-11-05 03:00:00,0.0
2024-11-05 04:00:00,0.0
2024-11-05 05:00:00,0.0
2024-11-05 06:00:00,0.0
2024-11-05 07:00:00,34.997827803262695
2024-11-05 08:00:00,67.61061147837806
2024-11-05 09:00:00,95.61584371306033
2024-11-05 10:00:00,117.10501421135032
2024-11-05 11:00:00,130.61367151632302
2024-11-05 12:00:00,135.22122295675615
2024-11-05 13:00:00,130.61367151632305
2024-11-05 14:00:00,117.10501421135035
2024-11-05 15:00:00,95.61584371306034
2024-11-05 16:00:00,67.61061147837806
2024-11-05 17:00:00,34.99782780326272
2024-11-05 18:00:00,1.65598237870782e-14
2024-11-05 19:00:00,0.0
2024-11-05 20:00:00,0.0
2024-11-05 21:00:00,0.0
2024-11-05 22:00:00,0.0
2024-11-05 23:00:00,0.0
2024-11-06 00:00:00,0.0
2024-11-06 01:00:00,0.0
2024-11-06 02:00:00,0.0
2024-11-06 03:00:00,0.0
2024-11-06 04:00:00,0.0
2024-11-06 05:00:00,0.0
2024-11-06 06:00:00,0.0
2024-11-06 07:00:00,33.488336022858455
2024-11-06 08:00:00,64.69449728785102
2024-11-06 09:00:00,91.49183547538836
2024-11-06 10:00:00,112.0541562726849
2024-11-06 11:00:00,124.98017149824682
2024-11-06 12:00:00,129.38899457570207
2024-11-06 13:00:00,124.98017149824683
2024-11-06 14:00:00,112.05415627268493
2024-11-06 15:00:00,91.49183547538837
2024-11-06 16:00:00,64.69449728785102
2024-11-06 17:00:00,33.48833602285848
2024-11-06 18:00:00,1.584558180520278e-14
2024-11-06 19:00:00,0.0
2024-11-06 20:00:00,0.0
2024-11-06 21:00:00,0.0
2024-11-06 22:00:00,0.0
2024-11-06 23:00:00,0.0
2024-11-07 00:00:00,0.0
2024-11-07 01:00:00,0.0
2024-11-07 02:00:00,0.0
2024-11-07 03:00:00,0.0
2024-11-07 04:00:00,0.0
2024-11-07 05:00:00,0.0
2024-11-07 06:00:00,0.0
2024-11-07 07:00:00,32.00726776017134
2024-11-07 08:00:00,61.83329311699788
2024-11-07 09:00:00,87.44548173224938
2024-11-07 10:00:00,107.09840527793928
2024-11-07 11:00:00,119.45274949242071
2024-11-07 12:00:00,123.66658623399579
2024-11-07 13:00:00,119.45274949242072
2024-11-07 14:00:00,107.0984052779393
2024-11-07 15:00:00,87.44548173224939
2024-11-07 16:00:00,61.83329311699788
2024-11-07 17:00:00,32.007267760171366
2024-11-07 18:00:00,1.514478889929431e-14
2024-11-07 19:00:00,0.0
2024-11-07 20:00:00,0.0
2024-11-07 21:00:00,0.0
2024-11-07 22:00:00,0.0
2024-11-07 23:00:00,0.0
2024-11-08 00:00:00,0.0
2024-11-08 01:00:00,0.0
2024-11-08 02:00:00,0.0
2024-11-08 03:00:00,0.0
2024-11-08 04:00:00,0.0
2024-11-08 05:00:00,0.0
2024-11-08 06:00:00,0.0
2024-11-08 07:00:00,30.555061887691604
2024-11-08 08:00:00,59.02784680236424
2024-11-08 09:00:00,83.47798150558486
2024-11-08 10:00:00,102.23922972308695
2024-11-08 11:00:00,114.03304339327647
2024-11-08 12:00:00,118.0556936047285
2024-11-08 13:00:00,114.03304339327649
2024-11-08 14:00:00,102.23922972308698
2024-11-08 15:00:00,83.47798150558488
2024-11-08 16:00:00,59.02784680236424
2024-11-08 17:00:00,30.555061887691632
2024-11-08 18:00:00,1.4457652729415142e-14
2024-11-08 19:00:00,0.0
2024-11-08 20:00:00,0.0
2024-11-08 21:00:00,0.0
2024-11-08 22:00:00,0.0
2024-11-08 23:00:00,0.0
2024-11-09 00:00:00,0.0
2024-11-09 01:00:00,0.0
2024-11-09 02:00:00,0.0
2024-11-09 03:00:00,0.0
2024-11-09 04:00:00,0.0
2024-11-09 05:00:00,0.0
2024-11-09 06:00:00,0.0
2024-11-09 07:00:00,29.13214872536055
2024-11-09 08:00:00,56.278989658239816
2024-11-09 09:00:00,79.59051045133792
2024-11-09 10:00:00,97.47806948671476
2024-11-09 11:00:00,108.72265917669847
2024-11-09 12:00:00,112.55797931647965
2024-11-09 13:00:00,108.72265917669849
2024-11-09 14:00:00,97.47806948671479
2024-11-09 15:00:00,79.59051045133793
2024-11-09 16:00:00,56.278989658239816
2024-11-09 17:00:00,29.132148725360576
2024-11-09 18:00:00,1.378437690884208e-14
2024-11-09 19:00:00,0.0
2024-11-09 20:00:00,0.0
2024-11-09 21:00:00,0.0
2024-11-09 22:00:00,0.0
2024-11-09 23:00:00,0.0
2024-11-10 00:00:00,0.0
2024-11-10 01:00:00,0.0
2024-11-10 02:00:00,0.0
2024-11-10 03:00:00,0.0
2024-11-10 04:00:00,0.0
2024-11-10 05:00:00,0.0
2024-11-10 06:00:00,0.0
2024-11-10 07:00:00,27.738949913057027
2024-11-10 08:00:00,53.587536230321355
2024-11-10 09:00:00,75.78422051108008
2024-11-10 10:00:00,92.81633540335457
2024-11-10 11:00:00,103.5231704241371
2024-11-10 12:00:00,107.17507246064272
2024-11-10 13:00:00,103.52317042413712
2024-11-10 14:00:00,92.8163354033546
2024-11-10 15:00:00,75.7842205110801
2024-11-10 16:00:00,53.587536230321355
2024-11-10 17:00:00,27.738949913057052
2024-11-10 18:00:00,1.3125160943731177e-14
2024-11-10 19:00:00,0.0
2024-11-10 20:00:00,0.0
2024-11-10 21:00:00,0.0
2024-11-10 22:00:00,0.0
2024-11-10 23:00:00,0.0
2024-11-11 00:00:00,0.0
2024-11-11 01:00:00,0.0
2024-11-11 02:00:00,0.0
2024-11-11 03:00:00,0.0
2024-11-11 04:00:00,0.0
2024-11-11 05:00:00,0.0
2024-11-11 06:00:00,0.0
2024-11-11 07:00:00,26.37587828565692
2024-11-11 08:00:00,50.95428405434609
2024-11-11 09:00:00,72.06023957066739
2024-11-11 10:00:00,88.25540884542411
2024-11-11 11:00:00,98.43611785632432
2024-11-11 12:00:00,101.9085681086922
2024-11-11 13:00:00,98.43611785632433
2024-11-11 14:00:00,88.25540884542413
2024-11-11 15:00:00,72.0602395706674
2024-11-11 16:00:00,50.95428405434609
2024-11-11 17:00:00,26.375878285656945
2024-11-11 18:00:00,1.2480200173999994e-14
2024-11-11 19:00:00,0.0
2024-11-11 20:00:00,0.0
2024-11-11 21:00:00,0.0
2024-11-11 22:00:00,0.0
2024-11-11 23:00:00,0.0
2024-11-12 00:00:00,0.0
2024-11-12 01:00:00,0.0
2024-11-12 02:00:00,0.0
2024-11-12 03:00:00,0.0
2024-11-12 04:00:00,0.0
2024-11-12 05:00:00,0.0
2024-11-12 06:00:00,0.0
2024-11-12 07:00:00,25.04333775070082
2024-11-12 08:00:00,48.3800134197638
2024-11-12 09:00:00,68.41967112602232
2024-11-12 10:00:00,83.79664131389501
2024-11-12 11:00:00,93.46300887672314
2024-11-12 12:00:00,96.76002683952761
2024-11-12 13:00:00,93.46300887672315
2024-11-12 14:00:00,83.79664131389502
2024-11-12 15:00:00,68.41967112602234
2024-11-12 16:00:00,48.3800134197638
2024-11-12 17:00:00,25.043337750700843
2024-11-12 18:00:00,1.1849685715443948e-14
2024-11-12 19:00:00,0.0
2024-11-12 20:00:00,0.0
2024-11-12 21:00:00,0.0
2024-11-12 22:00:00,0.0
2024-11-12 23:00:00,0.0
2024-11-13 00:00:00,0.0
2024-11-13 01:00:00,0.0
2024-11-13 02:00:00,0.0
2024-11-13 03:00:00,0.0
2024-11-13 04:00:00,0.0
2024-11-13 05:00:00,0.0
2024-11-13 06:00:00,0.0
2024-11-13 07:00:00,23.74172316870793
2024-11-13 08:00:00,45.865487138521026
2024-11-13 09:00:00,64.86359395614521
2024-11-13 10:00:00,79.4413540378153
2024-11-13 11:00:00,88.60531712485314
2024-11-13 12:00:00,91.73097427704208
2024-11-13 13:00:00,88.60531712485316
2024-11-13 14:00:00,79.44135403781533
2024-11-13 15:00:00,64.86359395614522
2024-11-13 16:00:00,45.865487138521026
2024-11-13 17:00:00,23.74172316870795
2024-11-13 18:00:00,1.1233804403104778e-14
2024-11-13 19:00:00,0.0
2024-11-13 20:00:00,0.0
2024-11-13 21:00:00,0.0
2024-11-13 22:00:00,0.0
2024-11-13 23:00:00,0.0
2024-11-14 00:00:00,0.0
2024-11-14 01:00:00,0.0
2024-11-14 02:00:00,0.0
2024-11-14 03:00:00,0.0
2024-11-14 04:00:00,0.0
2024-11-14 05:00:00,0.0
2024-11-14 06:00:00,0.0
2024-11-14 07:00:00,22.47142023616992
2024-11-14 08:00:00,43.41145031902262
2024-11-14 09:00:00,61.39306180344763
2024-11-14 10:00:00,75.19083758279933
2024-11-14 11:00:00,83.86448203961756
2024-11-14 12:00:00,86.82290063804527
2024-11-14 13:00:00,83.86448203961756
2024-11-14 14:00:00,75.19083758279935
2024-11-14 15:00:00,61.393061803447644
2024-11-14 16:00:00,43.41145031902262
2024-11-14 17:00:00,22.47142023616994
2024-11-14 18:00:00,1.0632738735907082e-14
2024-11-14 19:00:00,0.0
2024-11-14 20:00:00,0.0
2024-11-14 21:00:00,0.0
2024-11-14 22:00:00,0.0
2024-11-14 23:00:00,0.0
2024-11-15 00:00:00,0.0
2024-11-15 01:00:00,0.0
2024-11-15 02:00:00,0.0
2024-11-15 03:00:00,0.0
2024-11-15 04:00:00,0.0
2024-11-15 05:00:00,0.0
2024-11-15 06:00:00,0.0
2024-11-15 07:00:00,21.2328053712612
2024-11-15 08:00:00,41.01863014534087
2024-11-15 09:00:00,58.00910306150695
2024-11-15 10:00:00,71.04635146860674
2024-11-15 11:00:00,79.24190843276816
2024-11-15 12:00:00,82.03726029068176
2024-11-15 13:00:00,79.24190843276816
2024-11-15 14:00:00,71.04635146860677
2024-11-15 15:00:00,58.00910306150696
2024-11-15 16:00:00,41.01863014534087
2024-11-15 17:00:00,21.23280537126122
2024-11-15 18:00:00,1.0046666822580168e-14
2024-11-15 19:00:00,0.0
2024-11-15 20:00:00,0.0
2024-11-15 21:00:00,0.0
2024-11-15 22:00:00,0.0
2024-11-15 23:00:00,0.0
2024-11-16 00:00:00,0.0
2024-11-16 01:00:00,0.0
2024-11-16 02:00:00,0.0
2024-11-16 03:00:00,0.0
2024-11-16 04:00:00,0.0
2024-11-16 05:00:00,0.0
2024-11-16 06:00:00,0.0
2024-11-16 07:00:00,20.026245602297557
2024-11-16 08:00:00,38.68773566173416
2024-11-16 09:00:00,54.71272047032971
2024-11-16 10:00:00,67.0091237959179
2024-11-16 11:00:00,74.73896607262726
2024-11-16 12:00:00,77.37547132346833
2024-11-16 13:00:00,74.73896607262728
2024-11-16 14:00:00,67.00912379591793
2024-11-16 15:00:00,54.71272047032972
2024-11-16 16:00:00,38.68773566173416
2024-11-16 17:00:00,20.026245602297575
2024-11-16 18:00:00,9.475762328880332e-15
2024-11-16 19:00:00,0.0
2024-11-16 20:00:00,0.0
2024-11-16 21:00:00,0.0
2024-11-16 22:00:00,0.0
2024-11-16 23:00:00,0.0
2024-11-17 00:00:00,0.0
2024-11-17 01:00:00,0.0
2024-11-17 02:00:00,0.0
2024-11-17 03:00:00,0.0
2024-11-17 04:00:00,0.0
2024-11-17 05:00:00,0.0
2024-11-17 06:00:00,0.0
2024-11-17 07:00:00,18.852098458978464
2024-11-17 08:00:00,36.41945756254327
2024-11-17 09:00:00,51.50489081922009
2024-11-17 10:00:00,63.08035088242353
2024-11-17 11:00:00,70.35698927819855
2024-11-17 12:00:00,72.83891512508656
2024-11-17 13:00:00,70.35698927819855
2024-11-17 14:00:00,63.080350882423545
2024-11-17 15:00:00,51.504890819220094
2024-11-17 16:00:00,36.41945756254327
2024-11-17 17:00:00,18.852098458978478
2024-11-17 18:00:00,8.920194426130299e-15
2024-11-17 19:00:00,0.0
2024-11-17 20:00:00,0.0
2024-11-17 21:00:00,0.0
2024-11-17 22:00:00,0.0
2024-11-17 23:00:00,0.0
2024-11-18 00:00:00,0.0
2024-11-18 01:00:00,0.0
2024-11-18 02:00:00,0.0
2024-11-18 03:00:00,0.0
2024-11-18 04:00:00,0.0
2024-11-18 05:00:00,0.0
2024-11-18 06:00:00,0.0
2024-11-18 07:00:00,17.710711866442498
2024-11-18 08:00:00,34.21446798752214
2024-11-18 09:00:00,48.38656465733391
2024-11-18 10:00:00,59.26119690832722
2024-11-18 11:00:00,66.09727652377642
2024-11-18 12:00:00,68.4289359750443
2024-11-18 13:00:00,66.09727652377642
2024-11-18 14:00:00,59.261196908327236
2024-11-18 15:00:00,48.38656465733392
2024-11-18 16:00:00,34.21446798752214
2024-11-18 17:00:00,17.710711866442512
2024-11-18 18:00:00,8.380127741089715e-15
2024-11-18 19:00:00,0.0
2024-11-18 20:00:00,0.0
2024-11-18 21:00:00,0.0
2024-11-18 22:00:00,0.0
2024-11-18 23:00:00,0.0
2024-11-19 00:00:00,0.0
2024-11-19 01:00:00,0.0
2024-11-19 02:00:00,0.0
2024-11-19 03:00:00,0.0
2024-11-19 04:00:00,0.0
2024-11-19 05:00:00,0.0
2024-11-19 06:00:00,0.0
2024-11-19 07:00:00,16.602424042170263
2024-11-19 08:00:00,32.0734203226696
2024-11-19 09:00:00,45.35866601201221
2024-11-19 10:00:00,55.55279357137592
2024-11-19 11:00:00,61.96109005418247
2024-11-19 12:00:00,64.14684064533921
2024-11-19 13:00:00,61.96109005418248
2024-11-19 14:00:00,55.552793571375936
2024-11-19 15:00:00,45.358666012012215
2024-11-19 16:00:00,32.0734203226696
2024-11-19 17:00:00,16.60242404217028
2024-11-19 18:00:00,7.855722307173e-15
2024-11-19 19:00:00,0.0
2024-11-19 20:00:00,0.0
2024-11-19 21:00:00,0.0
2024-11-19 22:00:00,0.0
2024-11-19 23:00:00,0.0
2024-11-20 00:00:00,0.0
2024-11-20 01:00:00,0.0
2024-11-20 02:00:00,0.0
2024-11-20 03:00:00,0.0
2024-11-20 04:00:00,0.0
2024-11-20 05:00:00,0.0
2024-11-20 06:00:00,0.0
2024-11-20 07:00:00,15.527563395762789
2024-11-20 08:00:00,29.996949006616113
2024-11-20 09:00:00,42.42209211497066
2024-11-20 10:00:00,51.95623975151187
2024-11-20 11:00:00,57.94965551073345
2024-11-20 12:00:00,59.99389801323224
2024-11-20 13:00:00,57.94965551073346
2024-11-20 14:00:00,51.95623975151189
2024-11-20 15:00:00,42.42209211497067
2024-11-20 16:00:00,29.996949006616113
2024-11-20 17:00:00,15.527563395762803
2024-11-20 18:00:00,7.347133517027762e-15
2024-11-20 19:00:00,0.0
2024-11-20 20:00:00,0.0
2024-11-20 21:00:00,0.0
2024-11-20 22:00:00,0.0
2024-11-20 23:00:00,0.0
2024-11-21 00:00:00,0.0
2024-11-21 01:00:00,0.0
2024-11-21 02:00:00,0.0
2024-11-21 03:00:00,0.0
2024-11-21 04:00:00,0.0
2024-11-21 05:00:00,0.0
2024-11-21 06:00:00,0.0
2024-11-21 07:00:00,14.486448431627123
2024-11-21 08:00:00,27.9856693426268
2024-11-21 09:00:00,39.57771313643177
2024-11-21 10:00:00,48.47260118525232
2024-11-21 11:00:00,54.06416156805889
2024-11-21 12:00:00,55.97133868525361
2024-11-21 13:00:00,54.0641615680589
2024-11-21 14:00:00,48.47260118525234
2024-11-21 15:00:00,39.577713136431775
2024-11-21 16:00:00,27.9856693426268
2024-11-21 17:00:00,14.486448431627135
2024-11-21 18:00:00,6.8545120764888265e-15
2024-11-21 19:00:00,0.0
2024-11-21 20:00:00,0.0
2024-11-21 21:00:00,0.0
2024-11-21 22:00:00,0.0
2024-11-21 23:00:00,0.0
2024-11-22 00:00:00,0.0
2024-11-22 01:00:00,0.0
2024-11-22 02:00:00,0.0
2024-11-22 03:00:00,0.0
2024-11-22 04:00:00,0.0
2024-11-22 05:00:00,0.0
2024-11-22 06:00:00,0.0
2024-11-22 07:00:00,13.479387654596119
2024-11-22 08:00:00,26.040177316272832
2024-11-22 09:00:00,36.82637192727327
2024-11-22 10:00:00,45.10291014988712
2024-11-22 11:00:00,50.305759581869395
2024-11-22 12:00:00,52.08035463254568
2024-11-22 13:00:00,50.3057595818694
2024-11-22 14:00:00,45.10291014988714
2024-11-22 15:00:00,36.82637192727328
2024-11-22 16:00:00,26.040177316272832
2024-11-22 17:00:00,13.479387654596131
2024-11-22 18:00:00,6.37800395992061e-15
2024-11-22 19:00:00,0.0
2024-11-22 20:00:00,0.0
2024-11-22 21:00:00,0.0
2024-11-22 22:00:00,0.0
2024-11-22 23:00:00,0.0
2024-11-23 00:00:00,0.0
2024-11-23 01:00:00,0.0
2024-11-23 02:00:00,0.0
2024-11-23 03:00:00,0.0
2024-11-23 04:00:00,0.0
2024-11-23 05:00:00,0.0
2024-11-23 06:00:00,0.0
2024-11-23 07:00:00,12.50667947851227
2024-11-23 08:00:00,24.161049418828984
2024-11-23 09:00:00,34.168883769274544
2024-11-23 10:00:00,41.848165157594295
2024-11-23 11:00:00,46.67556324778681
2024-11-23 12:00:00,48.322098837657975
2024-11-23 13:00:00,46.67556324778682
2024-11-23 14:00:00,41.84816515759431
2024-11-23 15:00:00,34.16888376927455
2024-11-23 16:00:00,24.161049418828984
2024-11-23 17:00:00,12.50667947851228
2024-11-23 18:00:00,5.917750366961988e-15
2024-11-23 19:00:00,0.0
2024-11-23 20:00:00,0.0
2024-11-23 21:00:00,0.0
2024-11-23 22:00:00,0.0
2024-11-23 23:00:00,0.0
2024-11-24 00:00:00,0.0
2024-11-24 01:00:00,0.0
2024-11-24 02:00:00,0.0
2024-11-24 03:00:00,0.0
2024-11-24 04:00:00,0.0
2024-11-24 05:00:00,0.0
2024-11-24 06:00:00,0.0
2024-11-24 07:00:00,11.568612137800821
2024-11-24 08:00:00,22.348842476445995
2024-11-24 09:00:00,31.606036133529845
2024-11-24 10:00:00,38.709330659557914
2024-11-24 11:00:00,43.17464827133067
2024-11-24 12:00:00,44.697684952892004
2024-11-24 13:00:00,43.17464827133067
2024-11-24 14:00:00,38.70933065955793
2024-11-24 15:00:00,31.606036133529848
2024-11-24 16:00:00,22.348842476445995
2024-11-24 17:00:00,11.568612137800832
2024-11-24 18:00:00,5.4738876806856005e-15
2024-11-24 19:00:00,0.0
2024-11-24 20:00:00,0.0
2024-11-24 21:00:00,0.0
2024-11-24 22:00:00,0.0
2024-11-24 23:00:00,0.0
2024-11-25 00:00:00,0.0
2024-11-25 01:00:00,0.0
2024-11-25 02:00:00,0.0
2024-11-25 03:00:00,0.0
2024-11-25 04:00:00,0.0
2024-11-25 05:00:00,0.0
2024-11-25 06:00:00,0.0
2024-11-25 07:00:00,10.66546360206006
2024-11-25 08:00:00,20.604093485151683
2024-11-25 09:00:00,29.13858844710465
2024-11-25 10:00:00,35.687336760181616
2024-11-25 11:00:00,39.80405204916471
2024-11-25 12:00:00,41.20818697030337
2024-11-25 13:00:00,39.80405204916471
2024-11-25 14:00:00,35.68733676018162
2024-11-25 15:00:00,29.138588447104652
2024-11-25 16:00:00,20.604093485151683
2024-11-25 17:00:00,10.665463602060068
2024-11-25 18:00:00,5.0465474271847696e-15
2024-11-25 19:00:00,0.0
2024-11-25 20:00:00,0.0
2024-11-25 21:00:00,0.0
2024-11-25 22:00:00,0.0
2024-11-25 23:00:00,0.0
2024-11-26 00:00:00,0.0
2024-11-26 01:00:00,0.0
2024-11-26 02:00:00,0.0
2024-11-26 03:00:00,0.0
2024-11-26 04:00:00,0.0
2024-11-26 05:00:00,0.0
2024-11-26 06:00:00,0.0
2024-11-26 07:00:00,9.797501493692536
2024-11-26 08:00:00,18.927319451726678
2024-11-26 09:00:00,26.76727186799997
2024-11-26 10:00:00,32.783078941477314
2024-11-26 11:00:00,36.5647733616925
2024-11-26 12:00:00,37.85463890345336
2024-11-26 13:00:00,36.56477336169251
2024-11-26 14:00:00,32.78307894147732
2024-11-26 15:00:00,26.767271867999973
2024-11-26 16:00:00,18.927319451726678
2024-11-26 17:00:00,9.797501493692543
2024-11-26 18:00:00,4.635856236599304e-15
2024-11-26 19:00:00,0.0
2024-11-26 20:00:00,0.0
2024-11-26 21:00:00,0.0
2024-11-26 22:00:00,0.0
2024-11-26 23:00:00,0.0
2024-11-27 00:00:00,0.0
2024-11-27 01:00:00,0.0
2024-11-27 02:00:00,0.0
2024-11-27 03:00:00,0.0
2024-11-27 04:00:00,0.0
2024-11-27 05:00:00,0.0
2024-11-27 06:00:00,0.0
2024-11-27 07:00:00,8.964983008603284
2024-11-27 08:00:00,17.31901724050516
2024-11-27 09:00:00,24.49278906849586
2024-11-27 10:00:00,29.99741779771627
2024-11-27 11:00:00,33.45777207709914
2024-11-27 12:00:00,34.63803448101033
2024-11-27 13:00:00,33.45777207709914
2024-11-27 14:00:00,29.997417797716277
2024-11-27 15:00:00,24.492789068495863
2024-11-27 16:00:00,17.31901724050516
2024-11-27 17:00:00,8.96498300860329
2024-11-27 18:00:00,4.241935805592495e-15
2024-11-27 19:00:00,0.0
2024-11-27 20:00:00,0.0
2024-11-27 21:00:00,0.0
2024-11-27 22:00:00,0.0
2024-11-27 23:00:00,0.0
2024-11-28 00:00:00,0.0
2024-11-28 01:00:00,0.0
2024-11-28 02:00:00,0.0
2024-11-28 03:00:00,0.0
2024-11-28 04:00:00,0.0
2024-11-28 05:00:00,0.0
2024-11-28 06:00:00,0.0
2024-11-28 07:00:00,8.168154839986551
2024-11-28 08:00:00,15.779663426142116
2024-11-28 09:00:00,22.315814026932888
2024-11-28 10:00:00,27.331178780414533
2024-11-28 11:00:00,30.48396886691944
2024-11-28 12:00:00,31.559326852284244
2024-11-28 13:00:00,30.483968866919444
2024-11-28 14:00:00,27.33117878041454
2024-11-28 15:00:00,22.31581402693289
2024-11-28 16:00:00,15.779663426142116
2024-11-28 17:00:00,8.168154839986558
2024-11-28 18:00:00,3.864902861289501e-15
2024-11-28 19:00:00,0.0
2024-11-28 20:00:00,0.0
2024-11-28 21:00:00,0.0
2024-11-28 22:00:00,0.0
2024-11-28 23:00:00,0.0
2024-11-29 00:00:00,0.0
2024-11-29 01:00:00,0.0
2024-11-29 02:00:00,0.0
2024-11-29 03:00:00,0.0
2024-11-29 04:00:00,0.0
2024-11-29 05:00:00,0.0
2024-11-29 06:00:00,0.0
2024-11-29 07:00:00,7.407253105225725
2024-11-29 08:00:00,14.309714152394845
2024-11-29 09:00:00,20.236991827999013
2024-11-29 10:00:00,24.785151953735284
2024-11-29 11:00:00,27.644244933224737
2024-11-29 12:00:00,28.619428304789697
2024-11-29 13:00:00,27.64424493322474
2024-11-29 14:00:00,24.78515195373529
2024-11-29 15:00:00,20.236991827999017
2024-11-29 16:00:00,14.309714152394845
2024-11-29 17:00:00,7.407253105225732
2024-11-29 18:00:00,3.504869126688786e-15
2024-11-29 19:00:00,0.0
2024-11-29 20:00:00,0.0
2024-11-29 21:00:00,0.0
2024-11-29 22:00:00,0.0
2024-11-29 23:00:00,0.0
2024-11-30 00:00:00,0.0
2024-11-30 01:00:00,0.0
2024-11-30 02:00:00,0.0
2024-11-30 03:00:00,0.0
2024-11-30 04:00:00,0.0
2024-11-30 05:00:00,0.0
2024-11-30 06:00:00,0.0
2024-11-30 07:00:00,6.682503275926331
2024-11-30 08:00:00,12.90960499695709
2024-11-30 09:00:00,18.2569384715762
2024-11-30 10:00:00,22.36009176037474
2024-11-30 11:00:00,24.939441747502528
2024-11-30 12:00:00,25.819209993914182
2024-11-30 13:00:00,24.93944174750253
2024-11-30 14:00:00,22.360091760374747
2024-11-30 15:00:00,18.256938471576202
2024-11-30 16:00:00,12.90960499695709
2024-11-30 17:00:00,6.682503275926337
2024-11-30 18:00:00,3.161941287556036e-15
2024-11-30 19:00:00,0.0
2024-11-30 20:00:00,0.0
2024-11-30 21:00:00,0.0
2024-11-30 22:00:00,0.0
2024-11-30 23:00:00,0.0
2024-12-01 00:00:00,0.0
2024-12-01 01:00:00,0.0
2024-12-01 02:00:00,0.0
2024-12-01 03:00:00,0.0
2024-12-01 04:00:00,0.0
2024-12-01 05:00:00,0.0
2024-12-01 06:00:00,0.0
2024-12-01 07:00:00,5.994120111104273
2024-12-01 08:00:00,11.579750842388629
2024-12-01 09:00:00,16.376240690207275
2024-12-01 10:00:00,20.05671679800561
2024-12-01 11:00:00,22.37036080131155
2024-12-01 12:00:00,23.15950168477726
2024-12-01 13:00:00,22.37036080131155
2024-12-01 14:00:00,20.056716798005617
2024-12-01 15:00:00,16.376240690207275
2024-12-01 16:00:00,11.579750842388629
2024-12-01 17:00:00,5.994120111104278
2024-12-01 18:00:00,2.8362209608110208e-15
2024-12-01 19:00:00,0.0
2024-12-01 20:00:00,0.0
2024-12-01 21:00:00,0.0
2024-12-01 22:00:00,0.0
2024-12-01 23:00:00,0.0
2024-12-02 00:00:00,0.0
2024-12-02 01:00:00,0.0
2024-12-02 02:00:00,0.0
2024-12-02 03:00:00,0.0
2024-12-02 04:00:00,0.0
2024-12-02 05:00:00,0.0
2024-12-02 06:00:00,0.0
2024-12-02 07:00:00,5.34230759354771
2024-12-02 08:00:00,10.320545753175868
2024-12-02 09:00:00,14.595455775233363
2024-12-02 10:00:00,17.875709606339807
2024-12-02 11:00:00,19.937763368781074
2024-12-02 12:00:00,20.64109150635174
2024-12-02 13:00:00,19.937763368781077
2024-12-02 14:00:00,17.875709606339814
2024-12-02 15:00:00,14.595455775233367
2024-12-02 16:00:00,10.320545753175868
2024-12-02 17:00:00,5.342307593547715
2024-12-02 18:00:00,2.5278046644161275e-15
2024-12-02 19:00:00,0.0
2024-12-02 20:00:00,0.0
2024-12-02 21:00:00,0.0
2024-12-02 22:00:00,0.0
2024-12-02 23:00:00,0.0
2024-12-03 00:00:00,0.0
2024-12-03 01:00:00,0.0
2024-12-03 02:00:00,0.0
2024-12-03 03:00:00,0.0
2024-12-03 04:00:00,0.0
2024-12-03 05:00:00,0.0
2024-12-03 06:00:00,0.0
2024-12-03 07:00:00,4.727258869372969
2024-12-03 08:00:00,9.13236285896282
2024-12-03 09:00:00,12.915111411657557
2024-12-03 10:00:00,15.817716464878576
2024-12-03 11:00:00,17.642370281030527
2024-12-03 12:00:00,18.264725717925646
2024-12-03 13:00:00,17.642370281030527
2024-12-03 14:00:00,15.817716464878579
2024-12-03 15:00:00,12.91511141165756
2024-12-03 16:00:00,9.13236285896282
2024-12-03 17:00:00,4.727258869372974
2024-12-03 18:00:00,2.2367837887761984e-15
2024-12-03 19:00:00,0.0
2024-12-03 20:00:00,0.0
2024-12-03 21:00:00,0.0
2024-12-03 22:00:00,0.0
2024-12-03 23:00:00,0.0
2024-12-04 00:00:00,0.0
2024-12-04 01:00:00,0.0
2024-12-04 02:00:00,0.0
2024-12-04 03:00:00,0.0
2024-12-04 04:00:00,0.0
2024-12-04 05:00:00,0.0
2024-12-04 06:00:00,0.0
2024-12-04 07:00:00,4.149156190790755
2024-12-04 08:00:00,8.015554243983923
2024-12-04 09:00:00,11.335705521779287
2024-12-04 10:00:00,13.883347201404495
2024-12-04 11:00:00,15.484861712570043
2024-12-04 12:00:00,16.03110848796785
2024-12-04 13:00:00,15.484861712570044
2024-12-04 14:00:00,13.883347201404499
2024-12-04 15:00:00,11.335705521779289
2024-12-04 16:00:00,8.015554243983923
2024-12-04 17:00:00,4.149156190790759
2024-12-04 18:00:00,1.963244569657379e-15
2024-12-04 19:00:00,0.0
2024-12-04 20:00:00,0.0
2024-12-04 21:00:00,0.0
2024-12-04 22:00:00,0.0
2024-12-04 23:00:00,0.0
2024-12-05 00:00:00,0.0
2024-12-05 01:00:00,0.0
2024-12-05 02:00:00,0.0
2024-12-05 03:00:00,0.0
2024-12-05 04:00:00,0.0
2024-12-05 05:00:00,0.0
2024-12-05 06:00:00,0.0
2024-12-05 07:00:00,3.608170862101301
2024-12-05 08:00:00,6.970450842734675
2024-12-05 09:00:00,9.85770611765035
2024-12-05 10:00:00,12.073175011277756
2024-12-05 11:00:00,13.465876979751652
2024-12-05 12:00:00,13.940901685469353
2024-12-05 13:00:00,13.465876979751652
2024-12-05 14:00:00,12.073175011277758
2024-12-05 15:00:00,9.857706117650352
2024-12-05 16:00:00,6.970450842734675
2024-12-05 17:00:00,3.6081708621013044
2024-12-05 18:00:00,1.7072680626337985e-15
2024-12-05 19:00:00,0.0
2024-12-05 20:00:00,0.0
2024-12-05 21:00:00,0.0
2024-12-05 22:00:00,0.0
2024-12-05 23:00:00,0.0
2024-12-06 00:00:00,0.0
2024-12-06 01:00:00,0.0
2024-12-06 02:00:00,0.0
2024-12-06 03:00:00,0.0
2024-12-06 04:00:00,0.0
2024-12-06 05:00:00,0.0
2024-12-06 06:00:00,0.0
2024-12-06 07:00:00,3.1044631889328542
2024-12-06 08:00:00,5.997362341907923
2024-12-06 09:00:00,8.481551162391854
2024-12-06 10:00:00,10.387736287584792
2024-12-06 11:00:00,11.586014351324708
2024-12-06 12:00:00,11.99472468381585
2024-12-06 13:00:00,11.58601435132471
2024-12-06 14:00:00,10.387736287584795
2024-12-06 15:00:00,8.481551162391856
2024-12-06 16:00:00,5.997362341907923
2024-12-06 17:00:00,3.104463188932857
2024-12-06 18:00:00,1.4689301190688828e-15
2024-12-06 19:00:00,0.0
2024-12-06 20:00:00,0.0
2024-12-06 21:00:00,0.0
2024-12-06 22:00:00,0.0
2024-12-06 23:00:00,0.0
2024-12-07 00:00:00,0.0
2024-12-07 01:00:00,0.0
2024-12-07 02:00:00,0.0
2024-12-07 03:00:00,0.0
2024-12-07 04:00:00,0.0
2024-12-07 05:00:00,0.0
2024-12-07 06:00:00,0.0
2024-12-07 07:00:00,2.638182430739903
2024-12-07 08:00:00,5.096577088627484
2024-12-07 09:00:00,7.207648440416974
2024-12-07 10:00:00,8.827530462194272
2024-12-07 11:00:00,9.845830871156876
2024-12-07 12:00:00,10.193154177254971
2024-12-07 13:00:00,9.845830871156878
2024-12-07 14:00:00,8.827530462194273
2024-12-07 15:00:00,7.207648440416975
2024-12-07 16:00:00,5.096577088627484
2024-12-07 17:00:00,2.638182430739905
2024-12-07 18:00:00,1.2483013636390772e-15
2024-12-07 19:00:00,0.0
2024-12-07 20:00:00,0.0
2024-12-07 21:00:00,0.0
2024-12-07 22:00:00,0.0
2024-12-07 23:00:00,0.0
2024-12-08 00:00:00,0.0
2024-12-08 01:00:00,0.0
2024-12-08 02:00:00,0.0
2024-12-08 03:00:00,0.0
2024-12-08 04:00:00,0.0
2024-12-08 05:00:00,0.0
2024-12-08 06:00:00,0.0
2024-12-08 07:00:00,2.20946675657426
2024-12-08 08:00:00,4.268362005004438
2024-12-08 09:00:00,6.036375436595295
2024-12-08 10:00:00,7.39301985776425
2024-12-08 11:00:00,8.245842193169555
2024-12-08 12:00:00,8.536724010008879
2024-12-08 13:00:00,8.245842193169556
2024-12-08 14:00:00,7.393019857764251
2024-12-08 15:00:00,6.0363754365952955
2024-12-08 16:00:00,4.268362005004438
2024-12-08 17:00:00,2.2094667565742623
2024-12-08 18:00:00,1.045447173406173e-15
2024-12-08 19:00:00,0.0
2024-12-08 20:00:00,0.0
2024-12-08 21:00:00,0.0
2024-12-08 22:00:00,0.0
2024-12-08 23:00:00,0.0
2024-12-09 00:00:00,0.0
2024-12-09 01:00:00,0.0
2024-12-09 02:00:00,0.0
2024-12-09 03:00:00,0.0
2024-12-09 04:00:00,0.0
2024-12-09 05:00:00,0.0
2024-12-09 06:00:00,0.0
2024-12-09 07:00:00,1.8184432041426335
2024-12-09 08:00:00,3.512962509042427
2024-12-09 09:00:00,4.968079224396018
2024-12-09 10:00:00,6.084629550746125
2024-12-09 11:00:00,6.786522428538651
2024-12-09 12:00:00,7.025925018084855
2024-12-09 13:00:00,6.786522428538652
2024-12-09 14:00:00,6.0846295507461265
2024-12-09 15:00:00,4.968079224396019
2024-12-09 16:00:00,3.512962509042427
2024-12-09 17:00:00,1.8184432041426353
2024-12-09 18:00:00,8.604276584446928e-16
2024-12-09 19:00:00,0.0
2024-12-09 20:00:00,0.0
2024-12-09 21:00:00,0.0
2024-12-09 22:00:00,0.0
2024-12-09 23:00:00,0.0
2024-12-10 00:00:00,0.0
2024-12-10 01:00:00,0.0
2024-12-10 02:00:00,0.0
2024-12-10 03:00:00,0.0
2024-12-10 04:00:00,0.0
2024-12-10 05:00:00,0.0
2024-12-10 06:00:00,0.0
2024-12-10 07:00:00,1.4652276421625607
2024-12-10 08:00:00,2.8306024419149085
2024-12-10 09:00:00,4.0030763630424655
2024-12-10 10:00:00,4.902747245425153
2024-12-10 11:00:00,5.4683040052050265
2024-12-10 12:00:00,5.661204883829818
2024-12-10 13:00:00,5.4683040052050265
2024-12-10 14:00:00,4.902747245425155
2024-12-10 15:00:00,4.003076363042466
2024-12-10 16:00:00,2.8306024419149085
2024-12-10 17:00:00,1.465227642162562
2024-12-10 18:00:00,6.932976440299551e-16
2024-12-10 19:00:00,0.0
2024-12-10 20:00:00,0.0
2024-12-10 21:00:00,0.0
2024-12-10 22:00:00,0.0
2024-12-10 23:00:00,0.0
2024-12-11 00:00:00,0.0
2024-12-11 01:00:00,0.0
2024-12-11 02:00:00,0.0
2024-12-11 03:00:00,0.0
2024-12-11 04:00:00,0.0
2024-12-11 05:00:00,0.0
2024-12-11 06:00:00,0.0
2024-12-11 07:00:00,1.14992473602811
2024-12-11 08:00:00,2.2214840016363806
2024-12-11 09:00:00,3.141652803709025
2024-12-11 10:00:00,3.8477231590356347
2024-12-11 11:00:00,4.291577539737135
2024-12-11 12:00:00,4.442968003272762
2024-12-11 13:00:00,4.291577539737136
2024-12-11 14:00:00,3.8477231590356356
2024-12-11 15:00:00,3.1416528037090257
2024-12-11 16:00:00,2.2214840016363806
2024-12-11 17:00:00,1.149924736028111
2024-12-11 18:00:00,5.441066543922096e-16
2024-12-11 19:00:00,0.0
2024-12-11 20:00:00,0.0
2024-12-11 21:00:00,0.0
2024-12-11 22:00:00,0.0
2024-12-11 23:00:00,0.0
2024-12-12 00:00:00,0.0
2024-12-12 01:00:00,0.0
2024-12-12 02:00:00,0.0
2024-12-12 03:00:00,0.0
2024-12-12 04:00:00,0.0
2024-12-12 05:00:00,0.0
2024-12-12 06:00:00,0.0
2024-12-12 07:00:00,0.8726279167951247
2024-12-12 08:00:00,1.6857876831464775
2024-12-12 09:00:00,2.3840638047872673
2024-12-12 10:00:00,2.9198699179835232
2024-12-12 11:00:00,3.2566917215823916
2024-12-12 12:00:00,3.371575366292956
2024-12-12 13:00:00,3.256691721582392
2024-12-12 14:00:00,2.919869917983524
2024-12-12 15:00:00,2.3840638047872673
2024-12-12 16:00:00,1.6857876831464775
2024-12-12 17:00:00,0.8726279167951255
2024-12-12 18:00:00,4.1289889804147335e-16
2024-12-12 19:00:00,0.0
2024-12-12 20:00:00,0.0
2024-12-12 21:00:00,0.0
2024-12-12 22:00:00,0.0
2024-12-12 23:00:00,0.0
2024-12-13 00:00:00,0.0
2024-12-13 01:00:00,0.0
2024-12-13 02:00:00,0.0
2024-12-13 03:00:00,0.0
2024-12-13 04:00:00,0.0
2024-12-13 05:00:00,0.0
2024-12-13 06:00:00,0.0
2024-12-13 07:00:00,0.6334193534957127
2024-12-13 08:00:00,1.2236722248256668
2024-12-13 09:00:00,1.7305338562477175
2024-12-13 10:00:00,2.119462465208901
2024-12-13 11:00:00,2.36395320974343
2024-12-13 12:00:00,2.447344449651334
2024-12-13 13:00:00,2.3639532097434306
2024-12-13 14:00:00,2.1194624652089016
2024-12-13 15:00:00,1.730533856247718
2024-12-13 16:00:00,1.2236722248256668
2024-12-13 17:00:00,0.6334193534957132
2024-12-13 18:00:00,2.997132546676547e-16
2024-12-13 19:00:00,0.0
2024-12-13 20:00:00,0.0
2024-12-13 21:00:00,0.0
2024-12-13 22:00:00,0.0
2024-12-13 23:00:00,0.0
2024-12-14 00:00:00,0.0
2024-12-14 01:00:00,0.0
2024-12-14 02:00:00,0.0
2024-12-14 03:00:00,0.0
2024-12-14 04:00:00,0.0
2024-12-14 05:00:00,0.0
2024-12-14 06:00:00,0.0
2024-12-14 07:00:00,0.43236992878970804
2024-12-14 08:00:00,0.8352745614574884
2024-12-14 09:00:00,1.1812566131184197
2024-12-14 10:00:00,1.4467379787141825
2024-12-14 11:00:00,1.6136265419081277
2024-12-14 12:00:00,1.6705491229149771
2024-12-14 13:00:00,1.613626541908128
2024-12-14 14:00:00,1.446737978714183
2024-12-14 15:00:00,1.18125661311842
2024-12-14 16:00:00,0.8352745614574884
2024-12-14 17:00:00,0.4323699287897084
2024-12-14 18:00:00,2.045832636196245e-16
2024-12-14 19:00:00,0.0
2024-12-14 20:00:00,0.0
2024-12-14 21:00:00,0.0
2024-12-14 22:00:00,0.0
2024-12-14 23:00:00,0.0
2024-12-15 00:00:00,0.0
2024-12-15 01:00:00,0.0
2024-12-15 02:00:00,0.0
2024-12-15 03:00:00,0.0
2024-12-15 04:00:00,0.0
2024-12-15 05:00:00,0.0
2024-12-15 06:00:00,0.0
2024-12-15 07:00:00,0.26953921796066505
2024-12-15 08:00:00,0.5207097836519291
2024-12-15 09:00:00,0.7363948381009184
2024-12-15 10:00:00,0.9018958012833392
2024-12-15 11:00:00,1.0059340560615835
2024-12-15 12:00:00,1.0414195673038584
2024-12-15 13:00:00,1.0059340560615837
2024-12-15 14:00:00,0.9018958012833395
2024-12-15 15:00:00,0.7363948381009185
2024-12-15 16:00:00,0.5207097836519291
2024-12-15 17:00:00,0.26953921796066527
2024-12-15 18:00:00,1.2753711396680918e-16
2024-12-15 19:00:00,0.0
2024-12-15 20:00:00,0.0
2024-12-15 21:00:00,0.0
2024-12-15 22:00:00,0.0
2024-12-15 23:00:00,0.0
2024-12-16 00:00:00,0.0
2024-12-16 01:00:00,0.0
2024-12-16 02:00:00,0.0
2024-12-16 03:00:00,0.0
2024-12-16 04:00:00,0.0
2024-12-16 05:00:00,0.0
2024-12-16 06:00:00,0.0
2024-12-16 07:00:00,0.1449754712624155
2024-12-16 08:00:00,0.28007110374159144
2024-12-16 09:00:00,0.3960803533401608
2024-12-16 10:00:00,0.4850973814123303
2024-12-16 11:00:00,0.5410558246025763
2024-12-16 12:00:00,0.560142207483183
2024-12-16 13:00:00,0.5410558246025764
2024-12-16 14:00:00,0.4850973814123304
2024-12-16 15:00:00,0.39608035334016084
2024-12-16 16:00:00,0.28007110374159144
2024-12-16 17:00:00,0.14497547126241564
2024-12-16 18:00:00,6.859763614616127e-17
2024-12-16 19:00:00,0.0
2024-12-16 20:00:00,0.0
2024-12-16 21:00:00,0.0
2024-12-16 22:00:00,0.0
2024-12-16 23:00:00,0.0
2024-12-17 00:00:00,0.0
2024-12-17 01:00:00,0.0
2024-12-17 02:00:00,0.0
2024-12-17 03:00:00,0.0
2024-12-17 04:00:00,0.0
2024-12-17 05:00:00,0.0
2024-12-17 06:00:00,0.0
2024-12-17 07:00:00,0.058715599621335865
2024-12-17 08:00:00,0.11342982816059385
2024-12-17 09:00:00,0.1604140013623615
2024-12-17 10:00:00,0.19646622546795559
2024-12-17 11:00:00,0.21912960098369735
2024-12-17 12:00:00,0.22685965632118776
2024-12-17 13:00:00,0.21912960098369738
2024-12-17 14:00:00,0.1964662254679556
2024-12-17 15:00:00,0.16041400136236153
2024-12-17 16:00:00,0.11342982816059385
2024-12-17 17:00:00,0.05871559962133592
2024-12-17 18:00:00,2.778229519694112e-17
2024-12-17 19:00:00,0.0
2024-12-17 20:00:00,0.0
2024-12-17 21:00:00,0.0
2024-12-17 22:00:00,0.0
2024-12-17 23:00:00,0.0
2024-12-18 00:00:00,0.0
2024-12-18 01:00:00,0.0
2024-12-18 02:00:00,0.0
2024-12-18 03:00:00,0.0
2024-12-18 04:00:00,0.0
2024-12-18 05:00:00,0.0
2024-12-18 06:00:00,0.0
2024-12-18 07:00:00,0.010785163699135196
2024-12-18 08:00:00,0.02083533631550005
2024-12-18 09:00:00,0.029465615193984846
2024-12-18 10:00:00,0.036087861091231015
2024-12-18 11:00:00,0.040250778893120044
2024-12-18 12:00:00,0.041670672631000105
2024-12-18 13:00:00,0.04025077889312005
2024-12-18 14:00:00,0.03608786109123102
2024-12-18 15:00:00,0.029465615193984853
2024-12-18 16:00:00,0.02083533631550005
2024-12-18 17:00:00,0.010785163699135205
2024-12-18 18:00:00,5.10318558558715e-18
2024-12-18 19:00:00,0.0
2024-12-18 20:00:00,0.0
2024-12-18 21:00:00,0.0
2024-12-18 22:00:00,0.0
2024-12-18 23:00:00,0.0
2024-12-19 00:00:00,0.0
2024-12-19 01:00:00,0.0
2024-12-19 02:00:00,0.0
2024-12-19 03:00:00,0.0
2024-12-19 04:00:00,0.0
2024-12-19 05:00:00,0.0
2024-12-19 06:00:00,0.0
2024-12-19 07:00:00,0.0011983663183201129
2024-12-19 08:00:00,0.0023150659524406865
2024-12-19 09:00:00,0.003273997667729806
2024-12-19 10:00:00,0.004009811852500103
2024-12-19 11:00:00,0.004472363986049919
2024-12-19 12:00:00,0.004630131904881374
2024-12-19 13:00:00,0.00447236398604992
2024-12-19 14:00:00,0.004009811852500104
2024-12-19 15:00:00,0.0032739976677298066
2024-12-19 16:00:00,0.0023150659524406865
2024-12-19 17:00:00,0.001198366318320114
2024-12-19 18:00:00,5.670276216943011e-19
2024-12-19 19:00:00,0.0
2024-12-19 20:00:00,0.0
2024-12-19 21:00:00,0.0
2024-12-19 22:00:00,0.0
2024-12-19 23:00:00,0.0
2024-12-20 00:00:00,0.0
2024-12-20 01:00:00,0.0
2024-12-20 02:00:00,0.0
2024-12-20 03:00:00,0.0
2024-12-20 04:00:00,0.0
2024-12-20 05:00:00,0.0
2024-12-20 06:00:00,0.0
2024-12-20 07:00:00,0.029958048253870644
2024-12-20 08:00:00,0.05787450502725554
2024-12-20 09:00:00,0.08184690992517467
2024-12-20 10:00:00,0.10024158317010701
2024-12-20 11:00:00,0.11180495817904532
2024-12-20 12:00:00,0.1157490100545111
2024-12-20 13:00:00,0.11180495817904533
2024-12-20 14:00:00,0.10024158317010703
2024-12-20 15:00:00,0.08184690992517468
2024-12-20 16:00:00,0.05787450502725554
2024-12-20 17:00:00,0.029958048253870672
2024-12-20 18:00:00,1.4175165466773184e-17
2024-12-20 19:00:00,0.0
2024-12-20 20:00:00,0.0
2024-12-20 21:00:00,0.0
2024-12-20 22:00:00,0.0
2024-12-20 23:00:00,0.0
2024-12-21 00:00:00,0.0
2024-12-21 01:00:00,0.0
2024-12-21 02:00:00,0.0
2024-12-21 03:00:00,0.0
2024-12-21 04:00:00,0.0
2024-12-21 05:00:00,0.0
2024-12-21 06:00:00,0.0
2024-12-21 07:00:00,0.09705568739134265
2024-12-21 08:00:00,0.18749719007907223
2024-12-21 09:00:00,0.26516106911667015
2024-12-21 10:00:00,0.32475465949335236
2024-12-21 11:00:00,0.3622167565080128
2024-12-21 12:00:00,0.37499438015814457
2024-12-21 13:00:00,0.3622167565080129
2024-12-21 14:00:00,0.32475465949335247
2024-12-21 15:00:00,0.2651610691166702
2024-12-21 16:00:00,0.18749719007907223
2024-12-21 17:00:00,0.09705568739134274
2024-12-21 18:00:00,4.592356673589175e-17
2024-12-21 19:00:00,0.0
2024-12-21 20:00:00,0.0
2024-12-21 21:00:00,0.0
2024-12-21 22:00:00,0.0
2024-12-21 23:00:00,0.0
2024-12-22 00:00:00,0.0
2024-12-22 01:00:00,0.0
2024-12-22 02:00:00,0.0
2024-12-22 03:00:00,0.0
2024-12-22 04:00:00,0.0
2024-12-22 05:00:00,0.0
2024-12-22 06:00:00,0.0
2024-12-22 07:00:00,0.20247140125221577
2024-12-22 08:00:00,0.3911447111089038
2024-12-22 09:00:00,0.5531621553007181
2024-12-22 10:00:00,0.6774825127524721
2024-12-22 11:00:00,0.755633556552934
2024-12-22 12:00:00,0.7822894222178078
2024-12-22 13:00:00,0.755633556552934
2024-12-22 14:00:00,0.6774825127524723
2024-12-22 15:00:00,0.5531621553007182
2024-12-22 16:00:00,0.3911447111089038
2024-12-22 17:00:00,0.20247140125221594
2024-12-22 18:00:00,9.580282369258707e-17
2024-12-22 19:00:00,0.0
2024-12-22 20:00:00,0.0
2024-12-22 21:00:00,0.0
2024-12-22 22:00:00,0.0
2024-12-22 23:00:00,0.0
2024-12-23 00:00:00,0.0
2024-12-23 01:00:00,0.0
2024-12-23 02:00:00,0.0
2024-12-23 03:00:00,0.0
2024-12-23 04:00:00,0.0
2024-12-23 05:00:00,0.0
2024-12-23 06:00:00,0.0
2024-12-23 07:00:00,0.3461739528853804
2024-12-23 08:00:00,0.6687567229611279
2024-12-23 09:00:00,0.9457648275398138
2024-12-23 10:00:00,1.1583206220719375
2024-12-23 11:00:00,1.2919387804251943
2024-12-23 12:00:00,1.337513445922256
2024-12-23 13:00:00,1.2919387804251945
2024-12-23 14:00:00,1.1583206220719378
2024-12-23 15:00:00,0.945764827539814
2024-12-23 16:00:00,0.6687567229611279
2024-12-23 17:00:00,0.3461739528853807
2024-12-23 18:00:00,1.6379815603652374e-16
2024-12-23 19:00:00,0.0
2024-12-23 20:00:00,0.0
2024-12-23 21:00:00,0.0
2024-12-23 22:00:00,0.0
2024-12-23 23:00:00,0.0
2024-12-24 00:00:00,0.0
2024-12-24 01:00:00,0.0
2024-12-24 02:00:00,0.0
2024-12-24 03:00:00,0.0
2024-12-24 04:00:00,0.0
2024-12-24 05:00:00,0.0
2024-12-24 06:00:00,0.0
2024-12-24 07:00:00,0.5281207601234137
2024-12-24 08:00:00,1.020250963205238
2024-12-24 09:00:00,1.4428527491890615
2024-12-24 10:00:00,1.7671265047425573
2024-12-24 11:00:00,1.970973509312475
2024-12-24 12:00:00,2.0405019264104762
2024-12-24 13:00:00,1.9709735093124752
2024-12-24 14:00:00,1.7671265047425577
2024-12-24 15:00:00,1.4428527491890617
2024-12-24 16:00:00,1.020250963205238
2024-12-24 17:00:00,0.5281207601234141
2024-12-24 18:00:00,2.498894152832598e-16
2024-12-24 19:00:00,0.0
2024-12-24 20:00:00,0.0
2024-12-24 21:00:00,0.0
2024-12-24 22:00:00,0.0
2024-12-24 23:00:00,0.0
2024-12-25 00:00:00,0.0
2024-12-25 01:00:00,0.0
2024-12-25 02:00:00,0.0
2024-12-25 03:00:00,0.0
2024-12-25 04:00:00,0.0
2024-12-25 05:00:00,0.0
2024-12-25 06:00:00,0.0
2024-12-25 07:00:00,0.7482579082006409
2024-12-25 08:00:00,1.4455232765120671
2024-12-25 09:00:00,2.0442786223693594
2024-12-25 10:00:00,2.5037197584423354
2024-12-25 11:00:00,2.79253653057
2024-12-25 12:00:00,2.8910465530241347
2024-12-25 13:00:00,2.7925365305700005
2024-12-25 14:00:00,2.503719758442336
2024-12-25 15:00:00,2.04427862236936
2024-12-25 16:00:00,1.4455232765120671
2024-12-25 17:00:00,0.7482579082006415
2024-12-25 18:00:00,3.5405109073469954e-16
2024-12-25 19:00:00,0.0
2024-12-25 20:00:00,0.0
2024-12-25 21:00:00,0.0
2024-12-25 22:00:00,0.0
2024-12-25 23:00:00,0.0
2024-12-26 00:00:00,0.0
2024-12-26 01:00:00,0.0
2024-12-26 02:00:00,0.0
2024-12-26 03:00:00,0.0
2024-12-26 04:00:00,0.0
2024-12-26 05:00:00,0.0
2024-12-26 06:00:00,0.0
2024-12-26 07:00:00,1.0065201657290752
2024-12-26 08:00:00,1.944447645516933
2024-12-26 09:00:00,2.7498642316144797
2024-12-26 10:00:00,3.367882114693006
2024-12-26 11:00:00,3.756384397343555
2024-12-26 12:00:00,3.888895291033867
2024-12-26 13:00:00,3.7563843973435556
2024-12-26 14:00:00,3.367882114693007
2024-12-26 15:00:00,2.74986423161448
2024-12-26 16:00:00,1.944447645516933
2024-12-26 17:00:00,1.006520165729076
2024-12-26 18:00:00,4.76252317038384e-16
2024-12-26 19:00:00,0.0
2024-12-26 20:00:00,0.0
2024-12-26 21:00:00,0.0
2024-12-26 22:00:00,0.0
2024-12-26 23:00:00,0.0
2024-12-27 00:00:00,0.0
2024-12-27 01:00:00,0.0
2024-12-27 02:00:00,0.0
2024-12-27 03:00:00,0.0
2024-12-27 04:00:00,0.0
2024-12-27 05:00:00,0.0
2024-12-27 06:00:00,0.0
2024-12-27 07:00:00,1.3028310040281121
2024-12-27 08:00:00,2.51687622816174
2024-12-27 09:00:00,3.5594004966807744
2024-12-27 10:00:00,4.359357503538452
2024-12-27 11:00:00,4.862231500708886
2024-12-27 12:00:00,5.033752456323482
2024-12-27 13:00:00,4.862231500708887
2024-12-27 14:00:00,4.359357503538453
2024-12-27 15:00:00,3.559400496680775
2024-12-27 16:00:00,2.51687622816174
2024-12-27 17:00:00,1.3028310040281132
2024-12-27 18:00:00,6.164568833336678e-16
2024-12-27 19:00:00,0.0
2024-12-27 20:00:00,0.0
2024-12-27 21:00:00,0.0
2024-12-27 22:00:00,0.0
2024-12-27 23:00:00,0.0
2024-12-28 00:00:00,0.0
2024-12-28 01:00:00,0.0
2024-12-28 02:00:00,0.0
2024-12-28 03:00:00,0.0
2024-12-28 04:00:00,0.0
2024-12-28 05:00:00,0.0
2024-12-28 06:00:00,0.0
2024-12-28 07:00:00,1.6371026198014547
2024-12-28 08:00:00,3.162639401503436
2024-12-28 09:00:00,4.4726475345016885
2024-12-28 10:00:00,5.477852129423177
2024-12-28 11:00:00,6.109750154303143
2024-12-28 12:00:00,6.3252788030068725
2024-12-28 13:00:00,6.109750154303144
2024-12-28 14:00:00,5.477852129423178
2024-12-28 15:00:00,4.472647534501689
2024-12-28 16:00:00,3.162639401503436
2024-12-28 17:00:00,1.6371026198014562
2024-12-28 18:00:00,7.746232439816969e-16
2024-12-28 19:00:00,0.0
2024-12-28 20:00:00,0.0
2024-12-28 21:00:00,0.0
2024-12-28 22:00:00,0.0
2024-12-28 23:00:00,0.0
2024-12-29 00:00:00,0.0
2024-12-29 01:00:00,0.0
2024-12-29 02:00:00,0.0
2024-12-29 03:00:00,0.0
2024-12-29 04:00:00,0.0
2024-12-29 05:00:00,0.0
2024-12-29 06:00:00,0.0
2024-12-29 07:00:00,2.0092359611551087
2024-12-29 08:00:00,3.8815458119769155
2024-12-29 09:00:00,5.489334730270243
2024-12-29 10:00:00,6.723034558250211
2024-12-29 11:00:00,7.498570691425352
2024-12-29 12:00:00,7.763091623953833
2024-12-29 13:00:00,7.4985706914253525
2024-12-29 14:00:00,6.7230345582502125
2024-12-29 15:00:00,5.489334730270244
2024-12-29 16:00:00,3.8815458119769155
2024-12-29 17:00:00,2.0092359611551105
2024-12-29 18:00:00,9.50704530876269e-16
2024-12-29 19:00:00,0.0
2024-12-29 20:00:00,0.0
2024-12-29 21:00:00,0.0
2024-12-29 22:00:00,0.0
2024-12-29 23:00:00,0.0
2024-12-30 00:00:00,0.0
2024-12-30 01:00:00,0.0
2024-12-30 02:00:00,0.0
2024-12-30 03:00:00,0.0
2024-12-30 04:00:00,0.0
2024-12-30 05:00:00,0.0
2024-12-30 06:00:00,0.0
2024-12-30 07:00:00,2.4191207569488147
2024-12-30 08:00:00,4.673382432097638
2024-12-30 09:00:00,6.609160817628641
2024-12-30 10:00:00,8.094535815592918
2024-12-30 11:00:00,9.028281574577456
2024-12-30 12:00:00,9.34676486419528
2024-12-30 13:00:00,9.028281574577457
2024-12-30 14:00:00,8.09453581559292
2024-12-30 15:00:00,6.609160817628642
2024-12-30 16:00:00,4.673382432097638
2024-12-30 17:00:00,2.419120756948817
2024-12-30 18:00:00,1.1446485673319693e-15
2024-12-30 19:00:00,0.0
2024-12-30 20:00:00,0.0
2024-12-30 21:00:00,0.0
2024-12-30 22:00:00,0.0
2024-12-30 23:00:00,0.0
