datetime,temperature_C
2024-01-01 00:00:00,-4.77848341505657
2024-01-01 01:00:00,-4.608112546501912
2024-01-01 02:00:00,-4.108610433978763
2024-01-01 03:00:00,-3.314017320989308
2024-01-01 04:00:00,-2.2784834150565696
2024-01-01 05:00:00,-1.072578640569174
2024-01-01 06:00:00,0.22151658494342996
2024-01-01 07:00:00,1.5156118104560339
2024-01-01 08:00:00,2.7215165849434295
2024-01-01 09:00:00,3.7570504908761677
2024-01-01 10:00:00,4.551643603865623
2024-01-01 11:00:00,5.051145716388772
2024-01-01 12:00:00,5.22151658494343
2024-01-01 13:00:00,5.051145716388772
2024-01-01 14:00:00,4.551643603865624
2024-01-01 15:00:00,3.7570504908761686
2024-01-01 16:00:00,2.7215165849434295
2024-01-01 17:00:00,1.515611810456035
2024-01-01 18:00:00,0.22151658494343057
2024-01-01 19:00:00,-1.0725786405691742
2024-01-01 20:00:00,-2.2784834150565687
2024-01-01 21:00:00,-3.3140173209893056
2024-01-01 22:00:00,-4.108610433978761
2024-01-01 23:00:00,-4.608112546501912
2024-01-02 00:00:00,-4.741004551724208
2024-01-02 01:00:00,-4.57063368316955
2024-01-02 02:00:00,-4.071131570646401
2024-01-02 03:00:00,-3.2765384576569456
2024-01-02 04:00:00,-2.2410045517242074
2024-01-02 05:00:00,-1.0350997772368118
2024-01-02 06:00:00,0.25899544827579213
2024-01-02 07:00:00,1.553090673788396
2024-01-02 08:00:00,2.7589954482757917
2024-01-02 09:00:00,3.79452935420853
2024-01-02 10:00:00,4.589122467197985
2024-01-02 11:00:00,5.0886245797211345
2024-01-02 12:00:00,5.258995448275792
2024-01-02 13:00:00,5.0886245797211345
2024-01-02 14:00:00,4.589122467197986
2024-01-02 15:00:00,3.7945293542085308
2024-01-02 16:00:00,2.7589954482757917
2024-01-02 17:00:00,1.5530906737883972
2024-01-02 18:00:00,0.25899544827579274
2024-01-02 19:00:00,-1.035099777236812
2024-01-02 20:00:00,-2.2410045517242065
2024-01-02 21:00:00,-3.2765384576569434
2024-01-02 22:00:00,-4.071131570646399
2024-01-02 23:00:00,-4.57063368316955
2024-01-03 00:00:00,-4.700639218515072
2024-01-03 01:00:00,-4.530268349960414
2024-01-03 02:00:00,-4.030766237437264
2024-01-03 03:00:00,-3.2361731244478094
2024-01-03 04:00:00,-2.200639218515071
2024-01-03 05:00:00,-0.9947344440276755
2024-01-03 06:00:00,0.2993607814849284
2024-01-03 07:00:00,1.5934560069975323
2024-01-03 08:00:00,2.799360781484928
2024-01-03 09:00:00,3.834894687417666
2024-01-03 10:00:00,4.629487800407121
2024-01-03 11:00:00,5.128989912930271
2024-01-03 12:00:00,5.299360781484928
2024-01-03 13:00:00,5.128989912930271
2024-01-03 14:00:00,4.629487800407122
2024-01-03 15:00:00,3.834894687417667
2024-01-03 16:00:00,2.799360781484928
2024-01-03 17:00:00,1.5934560069975334
2024-01-03 18:00:00,0.299360781484929
2024-01-03 19:00:00,-0.9947344440276757
2024-01-03 20:00:00,-2.2006392185150703
2024-01-03 21:00:00,-3.236173124447807
2024-01-03 22:00:00,-4.030766237437263
2024-01-03 23:00:00,-4.530268349960414
2024-01-04 00:00:00,-4.65739937654855
2024-01-04 01:00:00,-4.487028507993893
2024-01-04 02:00:00,-3.987526395470743
2024-01-04 03:00:00,-3.192933282481288
2024-01-04 04:00:00,-2.15739937654855
2024-01-04 05:00:00,-0.9514946020611543
2024-01-04 06:00:00,0.3426006234514496
2024-01-04 07:00:00,1.6366958489640535
2024-01-04 08:00:00,2.842600623451449
2024-01-04 09:00:00,3.8781345293841873
2024-01-04 10:00:00,4.672727642373642
2024-01-04 11:00:00,5.172229754896792
2024-01-04 12:00:00,5.34260062345145
2024-01-04 13:00:00,5.172229754896792
2024-01-04 14:00:00,4.672727642373643
2024-01-04 15:00:00,3.8781345293841882
2024-01-04 16:00:00,2.842600623451449
2024-01-04 17:00:00,1.6366958489640546
2024-01-04 18:00:00,0.3426006234514502
2024-01-04 19:00:00,-0.9514946020611545
2024-01-04 20:00:00,-2.157399376548549
2024-01-04 21:00:00,-3.192933282481286
2024-01-04 22:00:00,-3.9875263954707414
2024-01-04 23:00:00,-4.487028507993893
2024-01-05 00:00:00,-4.611297838723008
2024-01-05 01:00:00,-4.44092697016835
2024-01-05 02:00:00,-3.9414248576452007
2024-01-05 03:00:00,-3.1468317446557457
2024-01-05 04:00:00,-2.1112978387230075
2024-01-05 05:00:00,-0.9053930642356118
2024-01-05 06:00:00,0.3887021612769921
2024-01-05 07:00:00,1.682797386789596
2024-01-05 08:00:00,2.8887021612769916
2024-01-05 09:00:00,3.92423606720973
2024-01-05 10:00:00,4.718829180199185
2024-01-05 11:00:00,5.218331292722334
2024-01-05 12:00:00,5.388702161276992
2024-01-05 13:00:00,5.218331292722334
2024-01-05 14:00:00,4.718829180199186
2024-01-05 15:00:00,3.9242360672097307
2024-01-05 16:00:00,2.8887021612769916
2024-01-05 17:00:00,1.6827973867895971
2024-01-05 18:00:00,0.3887021612769927
2024-01-05 19:00:00,-0.905393064235612
2024-01-05 20:00:00,-2.1112978387230066
2024-01-05 21:00:00,-3.1468317446557434
2024-01-05 22:00:00,-3.941424857645199
2024-01-05 23:00:00,-4.44092697016835
2024-01-06 00:00:00,-4.562348265919059
2024-01-06 01:00:00,-4.391977397364402
2024-01-06 02:00:00,-3.892475284841252
2024-01-06 03:00:00,-3.097882171851797
2024-01-06 04:00:00,-2.062348265919059
2024-01-06 05:00:00,-0.8564434914316632
2024-01-06 06:00:00,0.4376517340809407
2024-01-06 07:00:00,1.7317469595935446
2024-01-06 08:00:00,2.9376517340809403
2024-01-06 09:00:00,3.9731856400136785
2024-01-06 10:00:00,4.7677787530031335
2024-01-06 11:00:00,5.267280865526283
2024-01-06 12:00:00,5.437651734080941
2024-01-06 13:00:00,5.267280865526283
2024-01-06 14:00:00,4.767778753003134
2024-01-06 15:00:00,3.9731856400136794
2024-01-06 16:00:00,2.9376517340809403
2024-01-06 17:00:00,1.7317469595935457
2024-01-06 18:00:00,0.4376517340809413
2024-01-06 19:00:00,-0.8564434914316634
2024-01-06 20:00:00,-2.062348265919058
2024-01-06 21:00:00,-3.097882171851795
2024-01-06 22:00:00,-3.8924752848412503
2024-01-06 23:00:00,-4.391977397364402
2024-01-07 00:00:00,-4.510565162951536
2024-01-07 01:00:00,-4.340194294396879
2024-01-07 02:00:00,-3.840692181873729
2024-01-07 03:00:00,-3.046099068884274
2024-01-07 04:00:00,-2.010565162951536
2024-01-07 05:00:00,-0.8046603884641403
2024-01-07 06:00:00,0.4894348370484636
2024-01-07 07:00:00,1.7835300625610675
2024-01-07 08:00:00,2.989434837048463
2024-01-07 09:00:00,4.024968742981201
2024-01-07 10:00:00,4.819561855970656
2024-01-07 11:00:00,5.319063968493806
2024-01-07 12:00:00,5.489434837048464
2024-01-07 13:00:00,5.319063968493806
2024-01-07 14:00:00,4.819561855970657
2024-01-07 15:00:00,4.024968742981202
2024-01-07 16:00:00,2.989434837048463
2024-01-07 17:00:00,1.7835300625610686
2024-01-07 18:00:00,0.4894348370484642
2024-01-07 19:00:00,-0.8046603884641406
2024-01-07 20:00:00,-2.010565162951535
2024-01-07 21:00:00,-3.046099068884272
2024-01-07 22:00:00,-3.8406921818737274
2024-01-07 23:00:00,-4.340194294396879
2024-01-08 00:00:00,-4.455963874271426
2024-01-08 01:00:00,-4.285593005716768
2024-01-08 02:00:00,-3.7860908931936184
2024-01-08 03:00:00,-2.9914977802041633
2024-01-08 04:00:00,-1.9559638742714252
2024-01-08 05:00:00,-0.7500590997840295
2024-01-08 06:00:00,0.5440361257285744
2024-01-08 07:00:00,1.8381313512411783
2024-01-08 08:00:00,3.044036125728574
2024-01-08 09:00:00,4.079570031661312
2024-01-08 10:00:00,4.874163144650767
2024-01-08 11:00:00,5.373665257173917
2024-01-08 12:00:00,5.544036125728574
2024-01-08 13:00:00,5.373665257173917
2024-01-08 14:00:00,4.874163144650768
2024-01-08 15:00:00,4.079570031661313
2024-01-08 16:00:00,3.044036125728574
2024-01-08 17:00:00,1.8381313512411794
2024-01-08 18:00:00,0.5440361257285751
2024-01-08 19:00:00,-0.7500590997840297
2024-01-08 20:00:00,-1.9559638742714243
2024-01-08 21:00:00,-2.991497780204161
2024-01-08 22:00:00,-3.7860908931936166
2024-01-08 23:00:00,-4.285593005716768
2024-01-09 00:00:00,-4.3985605794189535
2024-01-09 01:00:00,-4.228189710864296
2024-01-09 02:00:00,-3.7286875983411463
2024-01-09 03:00:00,-2.9340944853516913
2024-01-09 04:00:00,-1.898560579418953
2024-01-09 05:00:00,-0.6926558049315574
2024-01-09 06:00:00,0.6014394205810465
2024-01-09 07:00:00,1.8955346460936504
2024-01-09 08:00:00,3.101439420581046
2024-01-09 09:00:00,4.136973326513784
2024-01-09 10:00:00,4.931566439503239
2024-01-09 11:00:00,5.431068552026389
2024-01-09 12:00:00,5.6014394205810465
2024-01-09 13:00:00,5.431068552026389
2024-01-09 14:00:00,4.93156643950324
2024-01-09 15:00:00,4.136973326513785
2024-01-09 16:00:00,3.101439420581046
2024-01-09 17:00:00,1.8955346460936515
2024-01-09 18:00:00,0.6014394205810472
2024-01-09 19:00:00,-0.6926558049315577
2024-01-09 20:00:00,-1.8985605794189522
2024-01-09 21:00:00,-2.934094485351689
2024-01-09 22:00:00,-3.7286875983411445
2024-01-09 23:00:00,-4.228189710864296
2024-01-10 00:00:00,-4.338372288229252
2024-01-10 01:00:00,-4.168001419674594
2024-01-10 02:00:00,-3.6684993071514445
2024-01-10 03:00:00,-2.8739061941619894
2024-01-10 04:00:00,-1.8383722882292513
2024-01-10 05:00:00,-0.6324675137418556
2024-01-10 06:00:00,0.6616277117707483
2024-01-10 07:00:00,1.9557229372833522
2024-01-10 08:00:00,3.161627711770748
2024-01-10 09:00:00,4.197161617703486
2024-01-10 10:00:00,4.991754730692941
2024-01-10 11:00:00,5.491256843216091
2024-01-10 12:00:00,5.661627711770748
2024-01-10 13:00:00,5.491256843216091
2024-01-10 14:00:00,4.991754730692942
2024-01-10 15:00:00,4.197161617703487
2024-01-10 16:00:00,3.161627711770748
2024-01-10 17:00:00,1.9557229372833533
2024-01-10 18:00:00,0.661627711770749
2024-01-10 19:00:00,-0.6324675137418558
2024-01-10 20:00:00,-1.8383722882292504
2024-01-10 21:00:00,-2.8739061941619872
2024-01-10 22:00:00,-3.6684993071514427
2024-01-10 23:00:00,-4.168001419674594
2024-01-11 00:00:00,-4.275416835791965
2024-01-11 01:00:00,-4.105045967237308
2024-01-11 02:00:00,-3.605543854714158
2024-01-11 03:00:00,-2.810950741724703
2024-01-11 04:00:00,-1.7754168357919649
2024-01-11 05:00:00,-0.5695120613045692
2024-01-11 06:00:00,0.7245831642080347
2024-01-11 07:00:00,2.0186783897206384
2024-01-11 08:00:00,3.2245831642080343
2024-01-11 09:00:00,4.2601170701407725
2024-01-11 10:00:00,5.0547101831302275
2024-01-11 11:00:00,5.554212295653377
2024-01-11 12:00:00,5.724583164208035
2024-01-11 13:00:00,5.554212295653377
2024-01-11 14:00:00,5.054710183130228
2024-01-11 15:00:00,4.260117070140773
2024-01-11 16:00:00,3.2245831642080343
2024-01-11 17:00:00,2.0186783897206397
2024-01-11 18:00:00,0.7245831642080354
2024-01-11 19:00:00,-0.5695120613045694
2024-01-11 20:00:00,-1.775416835791964
2024-01-11 21:00:00,-2.810950741724701
2024-01-11 22:00:00,-3.6055438547141563
2024-01-11 23:00:00,-4.105045967237308
2024-01-12 00:00:00,-4.209712877166345
2024-01-12 01:00:00,-4.039342008611687
2024-01-12 02:00:00,-3.5398398960885373
2024-01-12 03:00:00,-2.7452467830990823
2024-01-12 04:00:00,-1.7097128771663441
2024-01-12 05:00:00,-0.5038081026789485
2024-01-12 06:00:00,0.7902871228336554
2024-01-12 07:00:00,2.084382348346259
2024-01-12 08:00:00,3.290287122833655
2024-01-12 09:00:00,4.325821028766393
2024-01-12 10:00:00,5.120414141755848
2024-01-12 11:00:00,5.619916254278998
2024-01-12 12:00:00,5.790287122833655
2024-01-12 13:00:00,5.619916254278998
2024-01-12 14:00:00,5.120414141755849
2024-01-12 15:00:00,4.325821028766394
2024-01-12 16:00:00,3.290287122833655
2024-01-12 17:00:00,2.0843823483462605
2024-01-12 18:00:00,0.7902871228336561
2024-01-12 19:00:00,-0.5038081026789487
2024-01-12 20:00:00,-1.7097128771663432
2024-01-12 21:00:00,-2.74524678309908
2024-01-12 22:00:00,-3.5398398960885356
2024-01-12 23:00:00,-4.039342008611687
2024-01-13 00:00:00,-4.141279881853336
2024-01-13 01:00:00,-3.9709090132986784
2024-01-13 02:00:00,-3.471406900775529
2024-01-13 03:00:00,-2.676813787786074
2024-01-13 04:00:00,-1.6412798818533356
2024-01-13 05:00:00,-0.43537510736594
2024-01-13 06:00:00,0.8587201181466639
2024-01-13 07:00:00,2.1528153436592676
2024-01-13 08:00:00,3.3587201181466635
2024-01-13 09:00:00,4.394254024079402
2024-01-13 10:00:00,5.188847137068857
2024-01-13 11:00:00,5.688349249592006
2024-01-13 12:00:00,5.858720118146664
2024-01-13 13:00:00,5.688349249592006
2024-01-13 14:00:00,5.188847137068858
2024-01-13 15:00:00,4.394254024079403
2024-01-13 16:00:00,3.3587201181466635
2024-01-13 17:00:00,2.152815343659269
2024-01-13 18:00:00,0.8587201181466646
2024-01-13 19:00:00,-0.4353751073659402
2024-01-13 20:00:00,-1.6412798818533347
2024-01-13 21:00:00,-2.6768137877860716
2024-01-13 22:00:00,-3.471406900775527
2024-01-13 23:00:00,-3.9709090132986784
2024-01-14 00:00:00,-4.0701381280263575
2024-01-14 01:00:00,-3.8997672594717
2024-01-14 02:00:00,-3.4002651469485503
2024-01-14 03:00:00,-2.6056720339590953
2024-01-14 04:00:00,-1.570138128026357
2024-01-14 05:00:00,-0.36423335353896147
2024-01-14 06:00:00,0.9298618719736425
2024-01-14 07:00:00,2.223957097486246
2024-01-14 08:00:00,3.429861871973642
2024-01-14 09:00:00,4.46539577790638
2024-01-14 10:00:00,5.259988890895835
2024-01-14 11:00:00,5.759491003418985
2024-01-14 12:00:00,5.9298618719736425
2024-01-14 13:00:00,5.759491003418985
2024-01-14 14:00:00,5.259988890895836
2024-01-14 15:00:00,4.465395777906381
2024-01-14 16:00:00,3.429861871973642
2024-01-14 17:00:00,2.2239570974862475
2024-01-14 18:00:00,0.9298618719736431
2024-01-14 19:00:00,-0.3642333535389617
2024-01-14 20:00:00,-1.5701381280263562
2024-01-14 21:00:00,-2.605672033959093
2024-01-14 22:00:00,-3.4002651469485485
2024-01-14 23:00:00,-3.8997672594717
2024-01-15 00:00:00,-3.9963086965224317
2024-01-15 01:00:00,-3.825937827967774
2024-01-15 02:00:00,-3.3264357154446245
2024-01-15 03:00:00,-2.5318426024551695
2024-01-15 04:00:00,-1.4963086965224313
2024-01-15 05:00:00,-0.2904039220350356
2024-01-15 06:00:00,1.0036913034775683
2024-01-15 07:00:00,2.297786528990172
2024-01-15 08:00:00,3.503691303477568
2024-01-15 09:00:00,4.539225209410306
2024-01-15 10:00:00,5.333818322399761
2024-01-15 11:00:00,5.833320434922911
2024-01-15 12:00:00,6.003691303477568
2024-01-15 13:00:00,5.833320434922911
2024-01-15 14:00:00,5.333818322399762
2024-01-15 15:00:00,4.539225209410307
2024-01-15 16:00:00,3.503691303477568
2024-01-15 17:00:00,2.2977865289901733
2024-01-15 18:00:00,1.003691303477569
2024-01-15 19:00:00,-0.29040392203503584
2024-01-15 20:00:00,-1.4963086965224304
2024-01-15 21:00:00,-2.5318426024551672
2024-01-15 22:00:00,-3.3264357154446227
2024-01-15 23:00:00,-3.825937827967774
2024-01-16 00:00:00,-3.9198134645954834
2024-01-16 01:00:00,-3.7494425960408257
2024-01-16 02:00:00,-3.249940483517676
2024-01-16 03:00:00,-2.455347370528221
2024-01-16 04:00:00,-1.419813464595483
2024-01-16 05:00:00,-0.21390869010808733
2024-01-16 06:00:00,1.0801865354045166
2024-01-16 07:00:00,2.3742817609171203
2024-01-16 08:00:00,3.580186535404516
2024-01-16 09:00:00,4.615720441337254
2024-01-16 10:00:00,5.410313554326709
2024-01-16 11:00:00,5.909815666849859
2024-01-16 12:00:00,6.080186535404517
2024-01-16 13:00:00,5.909815666849859
2024-01-16 14:00:00,5.41031355432671
2024-01-16 15:00:00,4.615720441337255
2024-01-16 16:00:00,3.580186535404516
2024-01-16 17:00:00,2.3742817609171216
2024-01-16 18:00:00,1.0801865354045173
2024-01-16 19:00:00,-0.21390869010808755
2024-01-16 20:00:00,-1.419813464595482
2024-01-16 21:00:00,-2.455347370528219
2024-01-16 22:00:00,-3.2499404835176744
2024-01-16 23:00:00,-3.7494425960408257
2024-01-17 00:00:00,-3.8406750994336356
2024-01-17 01:00:00,-3.670304230878978
2024-01-17 02:00:00,-3.1708021183558284
2024-01-17 03:00:00,-2.3762090053663734
2024-01-17 04:00:00,-1.3406750994336352
2024-01-17 05:00:00,-0.13477032494623953
2024-01-17 06:00:00,1.1593249005663644
2024-01-17 07:00:00,2.453420126078968
2024-01-17 08:00:00,3.659324900566364
2024-01-17 09:00:00,4.694858806499102
2024-01-17 10:00:00,5.489451919488557
2024-01-17 11:00:00,5.988954032011707
2024-01-17 12:00:00,6.159324900566364
2024-01-17 13:00:00,5.988954032011707
2024-01-17 14:00:00,5.489451919488558
2024-01-17 15:00:00,4.694858806499103
2024-01-17 16:00:00,3.659324900566364
2024-01-17 17:00:00,2.4534201260789694
2024-01-17 18:00:00,1.159324900566365
2024-01-17 19:00:00,-0.13477032494623975
2024-01-17 20:00:00,-1.3406750994336343
2024-01-17 21:00:00,-2.376209005366371
2024-01-17 22:00:00,-3.1708021183558266
2024-01-17 23:00:00,-3.670304230878978
2024-01-18 00:00:00,-3.7589170514424275
2024-01-18 01:00:00,-3.58854618288777
2024-01-18 02:00:00,-3.0890440703646203
2024-01-18 03:00:00,-2.2944509573751652
2024-01-18 04:00:00,-1.258917051442427
2024-01-18 05:00:00,-0.05301227695503141
2024-01-18 06:00:00,1.2410829485575725
2024-01-18 07:00:00,2.535178174070176
2024-01-18 08:00:00,3.741082948557572
2024-01-18 09:00:00,4.77661685449031
2024-01-18 10:00:00,5.571209967479765
2024-01-18 11:00:00,6.070712080002915
2024-01-18 12:00:00,6.2410829485575725
2024-01-18 13:00:00,6.070712080002915
2024-01-18 14:00:00,5.571209967479766
2024-01-18 15:00:00,4.776616854490311
2024-01-18 16:00:00,3.741082948557572
2024-01-18 17:00:00,2.5351781740701775
2024-01-18 18:00:00,1.2410829485575732
2024-01-18 19:00:00,-0.053012276955031634
2024-01-18 20:00:00,-1.2589170514424262
2024-01-18 21:00:00,-2.294450957375163
2024-01-18 22:00:00,-3.0890440703646185
2024-01-18 23:00:00,-3.58854618288777
2024-01-19 00:00:00,-3.6745635472959677
2024-01-19 01:00:00,-3.50419267874131
2024-01-19 02:00:00,-3.0046905662181604
2024-01-19 03:00:00,-2.2100974532287054
2024-01-19 04:00:00,-1.1745635472959672
2024-01-19 05:00:00,0.0313412271914284
2024-01-19 06:00:00,1.3254364527040323
2024-01-19 07:00:00,2.619531678216636
2024-01-19 08:00:00,3.825436452704032
2024-01-19 09:00:00,4.86097035863677
2024-01-19 10:00:00,5.655563471626225
2024-01-19 11:00:00,6.155065584149375
2024-01-19 12:00:00,6.325436452704032
2024-01-19 13:00:00,6.155065584149375
2024-01-19 14:00:00,5.655563471626226
2024-01-19 15:00:00,4.860970358636771
2024-01-19 16:00:00,3.825436452704032
2024-01-19 17:00:00,2.6195316782166373
2024-01-19 18:00:00,1.325436452704033
2024-01-19 19:00:00,0.03134122719142818
2024-01-19 20:00:00,-1.1745635472959663
2024-01-19 21:00:00,-2.210097453228703
2024-01-19 22:00:00,-3.0046905662181587
2024-01-19 23:00:00,-3.50419267874131
2024-01-20 00:00:00,-3.5876395827580296
2024-01-20 01:00:00,-3.417268714203372
2024-01-20 02:00:00,-2.9177666016802224
2024-01-20 03:00:00,-2.1231734886907674
2024-01-20 04:00:00,-1.0876395827580292
2024-01-20 05:00:00,0.11826519172936645
2024-01-20 06:00:00,1.4123604172419704
2024-01-20 07:00:00,2.706455642754574
2024-01-20 08:00:00,3.91236041724197
2024-01-20 09:00:00,4.947894323174708
2024-01-20 10:00:00,5.742487436164163
2024-01-20 11:00:00,6.241989548687313
2024-01-20 12:00:00,6.41236041724197
2024-01-20 13:00:00,6.241989548687313
2024-01-20 14:00:00,5.742487436164164
2024-01-20 15:00:00,4.947894323174709
2024-01-20 16:00:00,3.91236041724197
2024-01-20 17:00:00,2.7064556427545754
2024-01-20 18:00:00,1.412360417241971
2024-01-20 19:00:00,0.11826519172936623
2024-01-20 20:00:00,-1.0876395827580283
2024-01-20 21:00:00,-2.123173488690765
2024-01-20 22:00:00,-2.9177666016802206
2024-01-20 23:00:00,-3.417268714203372
2024-01-21 00:00:00,-3.498170915275278
2024-01-21 01:00:00,-3.32780004672062
2024-01-21 02:00:00,-2.8282979341974706
2024-01-21 03:00:00,-2.0337048212080155
2024-01-21 04:00:00,-0.9981709152752773
2024-01-21 05:00:00,0.2077338592121183
2024-01-21 06:00:00,1.5018290847247222
2024-01-21 07:00:00,2.795924310237326
2024-01-21 08:00:00,4.001829084724722
2024-01-21 09:00:00,5.03736299065746
2024-01-21 10:00:00,5.831956103646915
2024-01-21 11:00:00,6.3314582161700645
2024-01-21 12:00:00,6.501829084724722
2024-01-21 13:00:00,6.3314582161700645
2024-01-21 14:00:00,5.831956103646916
2024-01-21 15:00:00,5.037362990657461
2024-01-21 16:00:00,4.001829084724722
2024-01-21 17:00:00,2.7959243102373272
2024-01-21 18:00:00,1.5018290847247229
2024-01-21 19:00:00,0.20773385921211807
2024-01-21 20:00:00,-0.9981709152752765
2024-01-21 21:00:00,-2.0337048212080133
2024-01-21 22:00:00,-2.8282979341974688
2024-01-21 23:00:00,-3.32780004672062
2024-01-22 00:00:00,-3.4061840563447827
2024-01-22 01:00:00,-3.235813187790125
2024-01-22 02:00:00,-2.7363110752669755
2024-01-22 03:00:00,-1.9417179622775205
2024-01-22 04:00:00,-0.9061840563447823
2024-01-22 05:00:00,0.29972071814261336
2024-01-22 06:00:00,1.5938159436552173
2024-01-22 07:00:00,2.887911169167821
2024-01-22 08:00:00,4.093815943655217
2024-01-22 09:00:00,5.129349849587955
2024-01-22 10:00:00,5.92394296257741
2024-01-22 11:00:00,6.42344507510056
2024-01-22 12:00:00,6.593815943655217
2024-01-22 13:00:00,6.42344507510056
2024-01-22 14:00:00,5.923942962577411
2024-01-22 15:00:00,5.129349849587956
2024-01-22 16:00:00,4.093815943655217
2024-01-22 17:00:00,2.8879111691678223
2024-01-22 18:00:00,1.593815943655218
2024-01-22 19:00:00,0.29972071814261314
2024-01-22 20:00:00,-0.9061840563447814
2024-01-22 21:00:00,-1.9417179622775183
2024-01-22 22:00:00,-2.7363110752669737
2024-01-22 23:00:00,-3.235813187790125
2024-01-23 00:00:00,-3.3117062636580794
2024-01-23 01:00:00,-3.1413353951034217
2024-01-23 02:00:00,-2.641833282580272
2024-01-23 03:00:00,-1.8472401695908172
2024-01-23 04:00:00,-0.811706263658079
2024-01-23 05:00:00,0.3941985108293167
2024-01-23 06:00:00,1.6882937363419206
2024-01-23 07:00:00,2.9823889618545243
2024-01-23 08:00:00,4.188293736341921
2024-01-23 09:00:00,5.223827642274658
2024-01-23 10:00:00,6.018420755264113
2024-01-23 11:00:00,6.517922867787263
2024-01-23 12:00:00,6.688293736341921
2024-01-23 13:00:00,6.517922867787263
2024-01-23 14:00:00,6.018420755264114
2024-01-23 15:00:00,5.223827642274659
2024-01-23 16:00:00,4.188293736341921
2024-01-23 17:00:00,2.9823889618545256
2024-01-23 18:00:00,1.6882937363419213
2024-01-23 19:00:00,0.39419851082931645
2024-01-23 20:00:00,-0.8117062636580781
2024-01-23 21:00:00,-1.847240169590815
2024-01-23 22:00:00,-2.6418332825802704
2024-01-23 23:00:00,-3.1413353951034217
2024-01-24 00:00:00,-3.214765533024144
2024-01-24 01:00:00,-3.044394664469486
2024-01-24 02:00:00,-2.5448925519463366
2024-01-24 03:00:00,-1.7502994389568816
2024-01-24 04:00:00,-0.7147655330241434
2024-01-24 05:00:00,0.4911392414632523
2024-01-24 06:00:00,1.7852344669758562
2024-01-24 07:00:00,3.07932969248846
2024-01-24 08:00:00,4.285234466975856
2024-01-24 09:00:00,5.320768372908594
2024-01-24 10:00:00,6.115361485898049
2024-01-24 11:00:00,6.6148635984211985
2024-01-24 12:00:00,6.785234466975856
2024-01-24 13:00:00,6.6148635984211985
2024-01-24 14:00:00,6.11536148589805
2024-01-24 15:00:00,5.320768372908595
2024-01-24 16:00:00,4.285234466975856
2024-01-24 17:00:00,3.0793296924884612
2024-01-24 18:00:00,1.7852344669758569
2024-01-24 19:00:00,0.49113924146325205
2024-01-24 20:00:00,-0.7147655330241425
2024-01-24 21:00:00,-1.7502994389568793
2024-01-24 22:00:00,-2.544892551946335
2024-01-24 23:00:00,-3.044394664469486
2024-01-25 00:00:00,-3.115390590073611
2024-01-25 01:00:00,-2.9450197215189533
2024-01-25 02:00:00,-2.4455176089958037
2024-01-25 03:00:00,-1.6509244960063487
2024-01-25 04:00:00,-0.6153905900736105
2024-01-25 05:00:00,0.5905141844137851
2024-01-25 06:00:00,1.884609409926389
2024-01-25 07:00:00,3.1787046354389927
2024-01-25 08:00:00,4.384609409926389
2024-01-25 09:00:00,5.420143315859127
2024-01-25 10:00:00,6.214736428848582
2024-01-25 11:00:00,6.714238541371731
2024-01-25 12:00:00,6.884609409926389
2024-01-25 13:00:00,6.714238541371731
2024-01-25 14:00:00,6.214736428848583
2024-01-25 15:00:00,5.420143315859128
2024-01-25 16:00:00,4.384609409926389
2024-01-25 17:00:00,3.178704635438994
2024-01-25 18:00:00,1.8846094099263897
2024-01-25 19:00:00,0.5905141844137849
2024-01-25 20:00:00,-0.6153905900736096
2024-01-25 21:00:00,-1.6509244960063465
2024-01-25 22:00:00,-2.445517608995802
2024-01-25 23:00:00,-2.9450197215189533
2024-01-26 00:00:00,-3.013610881746766
2024-01-26 01:00:00,-2.8432400131921085
2024-01-26 02:00:00,-2.343737900668959
2024-01-26 03:00:00,-1.549144787679504
2024-01-26 04:00:00,-0.5136108817467657
2024-01-26 05:00:00,0.6922938927406299
2024-01-26 06:00:00,1.9863891182532338
2024-01-26 07:00:00,3.2804843437658375
2024-01-26 08:00:00,4.486389118253234
2024-01-26 09:00:00,5.521923024185972
2024-01-26 10:00:00,6.316516137175427
2024-01-26 11:00:00,6.816018249698576
2024-01-26 12:00:00,6.986389118253234
2024-01-26 13:00:00,6.816018249698576
2024-01-26 14:00:00,6.3165161371754275
2024-01-26 15:00:00,5.5219230241859725
2024-01-26 16:00:00,4.486389118253234
2024-01-26 17:00:00,3.280484343765839
2024-01-26 18:00:00,1.9863891182532345
2024-01-26 19:00:00,0.6922938927406297
2024-01-26 20:00:00,-0.5136108817467648
2024-01-26 21:00:00,-1.5491447876795017
2024-01-26 22:00:00,-2.343737900668957
2024-01-26 23:00:00,-2.8432400131921085
2024-01-27 00:00:00,-2.909456567567773
2024-01-27 01:00:00,-2.739085699013115
2024-01-27 02:00:00,-2.2395835864899656
2024-01-27 03:00:00,-1.4449904735005106
2024-01-27 04:00:00,-0.4094565675677724
2024-01-27 05:00:00,0.7964482069196233
2024-01-27 06:00:00,2.090543432432227
2024-01-27 07:00:00,3.384638657944831
2024-01-27 08:00:00,4.590543432432227
2024-01-27 09:00:00,5.626077338364965
2024-01-27 10:00:00,6.42067045135442
2024-01-27 11:00:00,6.9201725638775695
2024-01-27 12:00:00,7.090543432432227
2024-01-27 13:00:00,6.9201725638775695
2024-01-27 14:00:00,6.420670451354421
2024-01-27 15:00:00,5.626077338364966
2024-01-27 16:00:00,4.590543432432227
2024-01-27 17:00:00,3.384638657944832
2024-01-27 18:00:00,2.0905434324322276
2024-01-27 19:00:00,0.796448206919623
2024-01-27 20:00:00,-0.4094565675677715
2024-01-27 21:00:00,-1.4449904735005084
2024-01-27 22:00:00,-2.239583586489964
2024-01-27 23:00:00,-2.739085699013115
2024-01-28 00:00:00,-2.8029585107077573
2024-01-28 01:00:00,-2.6325876421530996
2024-01-28 02:00:00,-2.13308552962995
2024-01-28 03:00:00,-1.338492416640495
2024-01-28 04:00:00,-0.3029585107077568
2024-01-28 05:00:00,0.9029462637796388
2024-01-28 06:00:00,2.1970414892922427
2024-01-28 07:00:00,3.4911367148048464
2024-01-28 08:00:00,4.697041489292243
2024-01-28 09:00:00,5.7325753952249805
2024-01-28 10:00:00,6.5271685082144355
2024-01-28 11:00:00,7.026670620737585
2024-01-28 12:00:00,7.197041489292243
2024-01-28 13:00:00,7.026670620737585
2024-01-28 14:00:00,6.527168508214436
2024-01-28 15:00:00,5.732575395224981
2024-01-28 16:00:00,4.697041489292243
2024-01-28 17:00:00,3.4911367148048478
2024-01-28 18:00:00,2.197041489292243
2024-01-28 19:00:00,0.9029462637796386
2024-01-28 20:00:00,-0.3029585107077559
2024-01-28 21:00:00,-1.3384924166404928
2024-01-28 22:00:00,-2.1330855296299482
2024-01-28 23:00:00,-2.6325876421530996
2024-01-29 00:00:00,-2.6941482688393794
2024-01-29 01:00:00,-2.5237774002847218
2024-01-29 02:00:00,-2.024275287761572
2024-01-29 03:00:00,-1.2296821747721172
2024-01-29 04:00:00,-0.19414826883937897
2024-01-29 05:00:00,1.0117565056480167
2024-01-29 06:00:00,2.3058517311606206
2024-01-29 07:00:00,3.5999469566732243
2024-01-29 08:00:00,4.805851731160621
2024-01-29 09:00:00,5.841385637093358
2024-01-29 10:00:00,6.635978750082813
2024-01-29 11:00:00,7.135480862605963
2024-01-29 12:00:00,7.305851731160621
2024-01-29 13:00:00,7.135480862605963
2024-01-29 14:00:00,6.635978750082814
2024-01-29 15:00:00,5.841385637093359
2024-01-29 16:00:00,4.805851731160621
2024-01-29 17:00:00,3.5999469566732256
2024-01-29 18:00:00,2.305851731160621
2024-01-29 19:00:00,1.0117565056480164
2024-01-29 20:00:00,-0.19414826883937808
2024-01-29 21:00:00,-1.229682174772115
2024-01-29 22:00:00,-2.0242752877615704
2024-01-29 23:00:00,-2.5237774002847218
2024-01-30 00:00:00,-2.583058084785627
2024-01-30 01:00:00,-2.412687216230969
2024-01-30 02:00:00,-1.9131851037078196
2024-01-30 03:00:00,-1.1185919907183646
2024-01-30 04:00:00,-0.08305808478562637
2024-01-30 05:00:00,1.1228466897017693
2024-01-30 06:00:00,2.416941915214373
2024-01-30 07:00:00,3.711037140726977
2024-01-30 08:00:00,4.916941915214373
2024-01-30 09:00:00,5.952475821147111
2024-01-30 10:00:00,6.747068934136566
2024-01-30 11:00:00,7.2465710466597155
2024-01-30 12:00:00,7.416941915214373
2024-01-30 13:00:00,7.2465710466597155
2024-01-30 14:00:00,6.747068934136567
2024-01-30 15:00:00,5.952475821147112
2024-01-30 16:00:00,4.916941915214373
2024-01-30 17:00:00,3.711037140726978
2024-01-30 18:00:00,2.4169419152143736
2024-01-30 19:00:00,1.122846689701769
2024-01-30 20:00:00,-0.08305808478562549
2024-01-30 21:00:00,-1.1185919907183624
2024-01-30 22:00:00,-1.9131851037078178
2024-01-30 23:00:00,-2.412687216230969
2024-01-31 00:00:00,-2.469720876965553
2024-01-31 01:00:00,-2.2993500084108955
2024-01-31 02:00:00,-1.799847895887746
2024-01-31 03:00:00,-1.005254782898291
2024-01-31 04:00:00,0.030279123034447242
2024-01-31 05:00:00,1.2361838975218429
2024-01-31 06:00:00,2.530279123034447
2024-01-31 07:00:00,3.8243743485470505
2024-01-31 08:00:00,5.030279123034447
2024-01-31 09:00:00,6.0658130289671846
2024-01-31 10:00:00,6.86040614195664
2024-01-31 11:00:00,7.359908254479789
2024-01-31 12:00:00,7.530279123034447
2024-01-31 13:00:00,7.359908254479789
2024-01-31 14:00:00,6.8604061419566404
2024-01-31 15:00:00,6.065813028967185
2024-01-31 16:00:00,5.030279123034447
2024-01-31 17:00:00,3.824374348547052
2024-01-31 18:00:00,2.5302791230344472
2024-01-31 19:00:00,1.2361838975218427
2024-01-31 20:00:00,0.03027912303444813
2024-01-31 21:00:00,-1.0052547828982887
2024-01-31 22:00:00,-1.7998478958877442
2024-01-31 23:00:00,-2.2993500084108955
2024-02-01 00:00:00,-2.3541702296398554
2024-02-01 01:00:00,-2.183799361085198
2024-02-01 02:00:00,-1.6842972485620482
2024-02-01 03:00:00,-0.8897041355725932
2024-02-01 04:00:00,0.145829770360145
2024-02-01 05:00:00,1.3517345448475406
2024-02-01 06:00:00,2.6458297703601446
2024-02-01 07:00:00,3.9399249958727482
2024-02-01 08:00:00,5.1458297703601446
2024-02-01 09:00:00,6.181363676292882
2024-02-01 10:00:00,6.975956789282337
2024-02-01 11:00:00,7.475458901805487
2024-02-01 12:00:00,7.6458297703601446
2024-02-01 13:00:00,7.475458901805487
2024-02-01 14:00:00,6.975956789282338
2024-02-01 15:00:00,6.181363676292883
2024-02-01 16:00:00,5.1458297703601446
2024-02-01 17:00:00,3.9399249958727496
2024-02-01 18:00:00,2.645829770360145
2024-02-01 19:00:00,1.3517345448475404
2024-02-01 20:00:00,0.14582977036014588
2024-02-01 21:00:00,-0.889704135572591
2024-02-01 22:00:00,-1.6842972485620464
2024-02-01 23:00:00,-2.183799361085198
2024-02-02 00:00:00,-2.236440382959125
2024-02-02 01:00:00,-2.066069514404467
2024-02-02 02:00:00,-1.5665674018813176
2024-02-02 03:00:00,-0.7719742888918626
2024-02-02 04:00:00,0.2635596170408756
2024-02-02 05:00:00,1.4694643915282712
2024-02-02 06:00:00,2.763559617040875
2024-02-02 07:00:00,4.057654842553479
2024-02-02 08:00:00,5.263559617040874
2024-02-02 09:00:00,6.299093522973613
2024-02-02 10:00:00,7.093686635963068
2024-02-02 11:00:00,7.5931887484862175
2024-02-02 12:00:00,7.763559617040875
2024-02-02 13:00:00,7.5931887484862175
2024-02-02 14:00:00,7.093686635963069
2024-02-02 15:00:00,6.299093522973614
2024-02-02 16:00:00,5.263559617040874
2024-02-02 17:00:00,4.057654842553481
2024-02-02 18:00:00,2.7635596170408756
2024-02-02 19:00:00,1.469464391528271
2024-02-02 20:00:00,0.2635596170408765
2024-02-02 21:00:00,-0.7719742888918604
2024-02-02 22:00:00,-1.5665674018813158
2024-02-02 23:00:00,-2.066069514404467
2024-02-03 00:00:00,-2.116566222817746
2024-02-03 01:00:00,-1.9461953542630885
2024-02-03 02:00:00,-1.446693241739939
2024-02-03 03:00:00,-0.652100128750484
2024-02-03 04:00:00,0.38343377718225424
2024-02-03 05:00:00,1.5893385516696499
2024-02-03 06:00:00,2.883433777182254
2024-02-03 07:00:00,4.1775290026948575
2024-02-03 08:00:00,5.383433777182253
2024-02-03 09:00:00,6.4189676831149916
2024-02-03 10:00:00,7.213560796104447
2024-02-03 11:00:00,7.713062908627596
2024-02-03 12:00:00,7.883433777182254
2024-02-03 13:00:00,7.713062908627596
2024-02-03 14:00:00,7.2135607961044474
2024-02-03 15:00:00,6.418967683114992
2024-02-03 16:00:00,5.383433777182253
2024-02-03 17:00:00,4.177529002694859
2024-02-03 18:00:00,2.8834337771822542
2024-02-03 19:00:00,1.5893385516696497
2024-02-03 20:00:00,0.38343377718225513
2024-02-03 21:00:00,-0.6521001287504817
2024-02-03 22:00:00,-1.4466932417399372
2024-02-03 23:00:00,-1.9461953542630885
2024-02-04 00:00:00,-1.994583270516471
2024-02-04 01:00:00,-1.8242124019618133
2024-02-04 02:00:00,-1.3247102894386638
2024-02-04 03:00:00,-0.5301171764492087
2024-02-04 04:00:00,0.5054167294835294
2024-02-04 05:00:00,1.711321503970925
2024-02-04 06:00:00,3.005416729483529
2024-02-04 07:00:00,4.299511954996133
2024-02-04 08:00:00,5.505416729483528
2024-02-04 09:00:00,6.540950635416267
2024-02-04 10:00:00,7.335543748405722
2024-02-04 11:00:00,7.835045860928871
2024-02-04 12:00:00,8.005416729483528
2024-02-04 13:00:00,7.835045860928871
2024-02-04 14:00:00,7.335543748405723
2024-02-04 15:00:00,6.540950635416268
2024-02-04 16:00:00,5.505416729483528
2024-02-04 17:00:00,4.2995119549961345
2024-02-04 18:00:00,3.0054167294835294
2024-02-04 19:00:00,1.7113215039709249
2024-02-04 20:00:00,0.5054167294835303
2024-02-04 21:00:00,-0.5301171764492065
2024-02-04 22:00:00,-1.324710289438662
2024-02-04 23:00:00,-1.8242124019618133
2024-02-05 00:00:00,-1.870527672236669
2024-02-05 01:00:00,-1.7001568036820114
2024-02-05 02:00:00,-1.2006546911588618
2024-02-05 03:00:00,-0.4060615781694068
2024-02-05 04:00:00,0.6294723277633314
2024-02-05 05:00:00,1.835377102250727
2024-02-05 06:00:00,3.129472327763331
2024-02-05 07:00:00,4.423567553275935
2024-02-05 08:00:00,5.629472327763331
2024-02-05 09:00:00,6.665006233696069
2024-02-05 10:00:00,7.459599346685524
2024-02-05 11:00:00,7.959101459208673
2024-02-05 12:00:00,8.129472327763331
2024-02-05 13:00:00,7.959101459208673
2024-02-05 14:00:00,7.459599346685525
2024-02-05 15:00:00,6.66500623369607
2024-02-05 16:00:00,5.629472327763331
2024-02-05 17:00:00,4.4235675532759355
2024-02-05 18:00:00,3.1294723277633314
2024-02-05 19:00:00,1.8353771022507268
2024-02-05 20:00:00,0.6294723277633323
2024-02-05 21:00:00,-0.4060615781694046
2024-02-05 22:00:00,-1.20065469115886
2024-02-05 23:00:00,-1.7001568036820114
2024-02-06 00:00:00,-1.7444361883294546
2024-02-06 01:00:00,-1.574065319774797
2024-02-06 02:00:00,-1.0745632072516473
2024-02-06 03:00:00,-0.2799700942621923
2024-02-06 04:00:00,0.7555638116705459
2024-02-06 05:00:00,1.9614685861579415
2024-02-06 06:00:00,3.2555638116705454
2024-02-06 07:00:00,4.549659037183149
2024-02-06 08:00:00,5.7555638116705445
2024-02-06 09:00:00,6.791097717603283
2024-02-06 10:00:00,7.585690830592738
2024-02-06 11:00:00,8.085192943115889
2024-02-06 12:00:00,8.255563811670545
2024-02-06 13:00:00,8.085192943115889
2024-02-06 14:00:00,7.585690830592739
2024-02-06 15:00:00,6.791097717603284
2024-02-06 16:00:00,5.7555638116705445
2024-02-06 17:00:00,4.549659037183151
2024-02-06 18:00:00,3.255563811670546
2024-02-06 19:00:00,1.9614685861579413
2024-02-06 20:00:00,0.7555638116705468
2024-02-06 21:00:00,-0.2799700942621901
2024-02-06 22:00:00,-1.0745632072516456
2024-02-06 23:00:00,-1.574065319774797
2024-02-07 00:00:00,-1.6163461824227827
2024-02-07 01:00:00,-1.445975313868125
2024-02-07 02:00:00,-0.9464732013449755
2024-02-07 03:00:00,-0.15188008835552047
2024-02-07 04:00:00,0.8836538175772177
2024-02-07 05:00:00,2.0895585920646136
2024-02-07 06:00:00,3.3836538175772173
2024-02-07 07:00:00,4.677749043089821
2024-02-07 08:00:00,5.883653817577217
2024-02-07 09:00:00,6.919187723509955
2024-02-07 10:00:00,7.71378083649941
2024-02-07 11:00:00,8.21328294902256
2024-02-07 12:00:00,8.383653817577217
2024-02-07 13:00:00,8.21328294902256
2024-02-07 14:00:00,7.713780836499411
2024-02-07 15:00:00,6.919187723509956
2024-02-07 16:00:00,5.883653817577217
2024-02-07 17:00:00,4.677749043089822
2024-02-07 18:00:00,3.3836538175772177
2024-02-07 19:00:00,2.089558592064613
2024-02-07 20:00:00,0.8836538175772186
2024-02-07 21:00:00,-0.15188008835551825
2024-02-07 22:00:00,-0.9464732013449737
2024-02-07 23:00:00,-1.445975313868125
2024-02-08 00:00:00,-1.4862956103498135
2024-02-08 01:00:00,-1.3159247417951558
2024-02-08 02:00:00,-0.8164226292720063
2024-02-08 03:00:00,-0.021829516282551253
2024-02-08 04:00:00,1.013704389650187
2024-02-08 05:00:00,2.219609164137583
2024-02-08 06:00:00,3.5137043896501865
2024-02-08 07:00:00,4.80779961516279
2024-02-08 08:00:00,6.0137043896501865
2024-02-08 09:00:00,7.049238295582924
2024-02-08 10:00:00,7.843831408572379
2024-02-08 11:00:00,8.343333521095529
2024-02-08 12:00:00,8.513704389650186
2024-02-08 13:00:00,8.343333521095529
2024-02-08 14:00:00,7.84383140857238
2024-02-08 15:00:00,7.049238295582925
2024-02-08 16:00:00,6.0137043896501865
2024-02-08 17:00:00,4.807799615162791
2024-02-08 18:00:00,3.513704389650187
2024-02-08 19:00:00,2.2196091641375824
2024-02-08 20:00:00,1.0137043896501878
2024-02-08 21:00:00,-0.021829516282549033
2024-02-08 22:00:00,-0.8164226292720045
2024-02-08 23:00:00,-1.3159247417951558
2024-02-09 00:00:00,-1.3543230089017744
2024-02-09 01:00:00,-1.1839521403471167
2024-02-09 02:00:00,-0.6844500278239671
2024-02-09 03:00:00,0.11014308516548788
2024-02-09 04:00:00,1.145676991098226
2024-02-09 05:00:00,2.351581765585622
2024-02-09 06:00:00,3.6456769910982256
2024-02-09 07:00:00,4.939772216610829
2024-02-09 08:00:00,6.145676991098226
2024-02-09 09:00:00,7.181210897030963
2024-02-09 10:00:00,7.975804010020418
2024-02-09 11:00:00,8.475306122543568
2024-02-09 12:00:00,8.645676991098226
2024-02-09 13:00:00,8.475306122543568
2024-02-09 14:00:00,7.975804010020419
2024-02-09 15:00:00,7.181210897030964
2024-02-09 16:00:00,6.145676991098226
2024-02-09 17:00:00,4.93977221661083
2024-02-09 18:00:00,3.645676991098226
2024-02-09 19:00:00,2.3515817655856215
2024-02-09 20:00:00,1.145676991098227
2024-02-09 21:00:00,0.1101430851654901
2024-02-09 22:00:00,-0.6844500278239654
2024-02-09 23:00:00,-1.1839521403471167
2024-02-10 00:00:00,-1.2204674844086743
2024-02-10 01:00:00,-1.0500966158540166
2024-02-10 02:00:00,-0.550594503330867
2024-02-10 03:00:00,0.243998609658588
2024-02-10 04:00:00,1.2795325155913262
2024-02-10 05:00:00,2.485437290078722
2024-02-10 06:00:00,3.7795325155913257
2024-02-10 07:00:00,5.0736277411039294
2024-02-10 08:00:00,6.279532515591326
2024-02-10 09:00:00,7.3150664215240635
2024-02-10 10:00:00,8.109659534513519
2024-02-10 11:00:00,8.609161647036668
2024-02-10 12:00:00,8.779532515591326
2024-02-10 13:00:00,8.609161647036668
2024-02-10 14:00:00,8.109659534513519
2024-02-10 15:00:00,7.315066421524064
2024-02-10 16:00:00,6.279532515591326
2024-02-10 17:00:00,5.07362774110393
2024-02-10 18:00:00,3.779532515591326
2024-02-10 19:00:00,2.4854372900787216
2024-02-10 20:00:00,1.279532515591327
2024-02-10 21:00:00,0.24399860965859022
2024-02-10 22:00:00,-0.5505945033308652
2024-02-10 23:00:00,-1.0500966158540166
2024-02-11 00:00:00,-1.084768701151261
2024-02-11 01:00:00,-0.9143978325966033
2024-02-11 02:00:00,-0.41489572007345377
2024-02-11 03:00:00,0.37969739291600124
2024-02-11 04:00:00,1.4152312988487394
2024-02-11 05:00:00,2.6211360733361353
2024-02-11 06:00:00,3.915231298848739
2024-02-11 07:00:00,5.209326524361343
2024-02-11 08:00:00,6.415231298848738
2024-02-11 09:00:00,7.450765204781477
2024-02-11 10:00:00,8.245358317770933
2024-02-11 11:00:00,8.744860430294082
2024-02-11 12:00:00,8.915231298848738
2024-02-11 13:00:00,8.744860430294082
2024-02-11 14:00:00,8.245358317770933
2024-02-11 15:00:00,7.450765204781478
2024-02-11 16:00:00,6.415231298848738
2024-02-11 17:00:00,5.2093265243613445
2024-02-11 18:00:00,3.9152312988487394
2024-02-11 19:00:00,2.621136073336135
2024-02-11 20:00:00,1.4152312988487403
2024-02-11 21:00:00,0.37969739291600346
2024-02-11 22:00:00,-0.414895720073452
2024-02-11 23:00:00,-0.9143978325966033
2024-02-12 00:00:00,-0.947266869607633
2024-02-12 01:00:00,-0.7768960010529753
2024-02-12 02:00:00,-0.2773938885298257
2024-02-12 03:00:00,0.5171992244596293
2024-02-12 04:00:00,1.5527331303923675
2024-02-12 05:00:00,2.7586379048797633
2024-02-12 06:00:00,4.052733130392367
2024-02-12 07:00:00,5.346828355904971
2024-02-12 08:00:00,6.552733130392367
2024-02-12 09:00:00,7.588267036325105
2024-02-12 10:00:00,8.38286014931456
2024-02-12 11:00:00,8.88236226183771
2024-02-12 12:00:00,9.052733130392367
2024-02-12 13:00:00,8.88236226183771
2024-02-12 14:00:00,8.38286014931456
2024-02-12 15:00:00,7.588267036325106
2024-02-12 16:00:00,6.552733130392367
2024-02-12 17:00:00,5.346828355904972
2024-02-12 18:00:00,4.052733130392368
2024-02-12 19:00:00,2.758637904879763
2024-02-12 20:00:00,1.5527331303923684
2024-02-12 21:00:00,0.5171992244596315
2024-02-12 22:00:00,-0.27739388852982394
2024-02-12 23:00:00,-0.7768960010529753
2024-02-13 00:00:00,-0.8080027345380083
2024-02-13 01:00:00,-0.6376318659833506
2024-02-13 02:00:00,-0.13812975346020107
2024-02-13 03:00:00,0.6564633595292539
2024-02-13 04:00:00,1.6919972654619921
2024-02-13 05:00:00,2.897902039949388
2024-02-13 06:00:00,4.191997265461992
2024-02-13 07:00:00,5.486092490974595
2024-02-13 08:00:00,6.691997265461991
2024-02-13 09:00:00,7.7275311713947294
2024-02-13 10:00:00,8.522124284384184
2024-02-13 11:00:00,9.021626396907333
2024-02-13 12:00:00,9.191997265461993
2024-02-13 13:00:00,9.021626396907333
2024-02-13 14:00:00,8.522124284384185
2024-02-13 15:00:00,7.72753117139473
2024-02-13 16:00:00,6.691997265461991
2024-02-13 17:00:00,5.486092490974597
2024-02-13 18:00:00,4.191997265461993
2024-02-13 19:00:00,2.8979020399493876
2024-02-13 20:00:00,1.691997265461993
2024-02-13 21:00:00,0.6564633595292562
2024-02-13 22:00:00,-0.1381297534601993
2024-02-13 23:00:00,-0.6376318659833506
2024-02-14 00:00:00,-0.667017562911175
2024-02-14 01:00:00,-0.4966466943565173
2024-02-14 02:00:00,0.002855418166632262
2024-02-14 03:00:00,0.7974485311560873
2024-02-14 04:00:00,1.8329824370888255
2024-02-14 05:00:00,3.0388872115762213
2024-02-14 06:00:00,4.332982437088825
2024-02-14 07:00:00,5.627077662601429
2024-02-14 08:00:00,6.832982437088825
2024-02-14 09:00:00,7.868516343021563
2024-02-14 10:00:00,8.663109456011018
2024-02-14 11:00:00,9.162611568534167
2024-02-14 12:00:00,9.332982437088825
2024-02-14 13:00:00,9.162611568534167
2024-02-14 14:00:00,8.663109456011018
2024-02-14 15:00:00,7.868516343021564
2024-02-14 16:00:00,6.832982437088825
2024-02-14 17:00:00,5.62707766260143
2024-02-14 18:00:00,4.332982437088826
2024-02-14 19:00:00,3.038887211576221
2024-02-14 20:00:00,1.8329824370888264
2024-02-14 21:00:00,0.7974485311560895
2024-02-14 22:00:00,0.0028554181666340384
2024-02-14 23:00:00,-0.4966466943565173
2024-02-15 00:00:00,-0.5243531316761967
2024-02-15 01:00:00,-0.353982263121539
2024-02-15 02:00:00,0.14551984940161056
2024-02-15 03:00:00,0.9401129623910656
2024-02-15 04:00:00,1.9756468683238038
2024-02-15 05:00:00,3.1815516428111996
2024-02-15 06:00:00,4.475646868323803
2024-02-15 07:00:00,5.769742093836407
2024-02-15 08:00:00,6.975646868323803
2024-02-15 09:00:00,8.011180774256541
2024-02-15 10:00:00,8.805773887245996
2024-02-15 11:00:00,9.305275999769146
2024-02-15 12:00:00,9.475646868323803
2024-02-15 13:00:00,9.305275999769146
2024-02-15 14:00:00,8.805773887245998
2024-02-15 15:00:00,8.011180774256541
2024-02-15 16:00:00,6.975646868323803
2024-02-15 17:00:00,5.769742093836408
2024-02-15 18:00:00,4.475646868323804
2024-02-15 19:00:00,3.181551642811199
2024-02-15 20:00:00,1.9756468683238047
2024-02-15 21:00:00,0.9401129623910678
2024-02-15 22:00:00,0.14551984940161233
2024-02-15 23:00:00,-0.353982263121539
2024-02-16 00:00:00,-0.3800517153829954
2024-02-16 01:00:00,-0.20968084682833776
2024-02-16 02:00:00,0.2898212656948118
2024-02-16 03:00:00,1.0844143786842668
2024-02-16 04:00:00,2.119948284617005
2024-02-16 05:00:00,3.325853059104401
2024-02-16 06:00:00,4.619948284617005
2024-02-16 07:00:00,5.914043510129608
2024-02-16 08:00:00,7.119948284617005
2024-02-16 09:00:00,8.155482190549742
2024-02-16 10:00:00,8.950075303539197
2024-02-16 11:00:00,9.449577416062347
2024-02-16 12:00:00,9.619948284617005
2024-02-16 13:00:00,9.449577416062347
2024-02-16 14:00:00,8.950075303539197
2024-02-16 15:00:00,8.155482190549744
2024-02-16 16:00:00,7.119948284617005
2024-02-16 17:00:00,5.914043510129609
2024-02-16 18:00:00,4.6199482846170055
2024-02-16 19:00:00,3.3258530591044004
2024-02-16 20:00:00,2.119948284617006
2024-02-16 21:00:00,1.084414378684269
2024-02-16 22:00:00,0.2898212656948136
2024-02-16 23:00:00,-0.20968084682833776
2024-02-17 00:00:00,-0.23415607365550173
2024-02-17 01:00:00,-0.06378520510084407
2024-02-17 02:00:00,0.4357169074223055
2024-02-17 03:00:00,1.2303100204117605
2024-02-17 04:00:00,2.2658439263444987
2024-02-17 05:00:00,3.4717487008318946
2024-02-17 06:00:00,4.765843926344498
2024-02-17 07:00:00,6.059939151857102
2024-02-17 08:00:00,7.265843926344498
2024-02-17 09:00:00,8.301377832277236
2024-02-17 10:00:00,9.095970945266691
2024-02-17 11:00:00,9.59547305778984
2024-02-17 12:00:00,9.765843926344498
2024-02-17 13:00:00,9.59547305778984
2024-02-17 14:00:00,9.095970945266693
2024-02-17 15:00:00,8.301377832277236
2024-02-17 16:00:00,7.265843926344498
2024-02-17 17:00:00,6.059939151857103
2024-02-17 18:00:00,4.765843926344499
2024-02-17 19:00:00,3.471748700831894
2024-02-17 20:00:00,2.2658439263444996
2024-02-17 21:00:00,1.2303100204117627
2024-02-17 22:00:00,0.4357169074223073
2024-02-17 23:00:00,-0.06378520510084407
2024-02-18 00:00:00,-0.0867094385210434
2024-02-18 01:00:00,0.08366143003361426
2024-02-18 02:00:00,0.5831635425567638
2024-02-18 03:00:00,1.3777566555462188
2024-02-18 04:00:00,2.413290561478957
2024-02-18 05:00:00,3.619195335966353
2024-02-18 06:00:00,4.913290561478957
2024-02-18 07:00:00,6.20738578699156
2024-02-18 08:00:00,7.413290561478956
2024-02-18 09:00:00,8.448824467411693
2024-02-18 10:00:00,9.24341758040115
2024-02-18 11:00:00,9.7429196929243
2024-02-18 12:00:00,9.913290561478956
2024-02-18 13:00:00,9.7429196929243
2024-02-18 14:00:00,9.24341758040115
2024-02-18 15:00:00,8.448824467411695
2024-02-18 16:00:00,7.413290561478956
2024-02-18 17:00:00,6.207385786991562
2024-02-18 18:00:00,4.9132905614789575
2024-02-18 19:00:00,3.6191953359663525
2024-02-18 20:00:00,2.413290561478958
2024-02-18 21:00:00,1.377756655546221
2024-02-18 22:00:00,0.5831635425567656
2024-02-18 23:00:00,0.08366143003361426
2024-02-19 00:00:00,0.06224449840022839
2024-02-19 01:00:00,0.23261536695488605
2024-02-19 02:00:00,0.7321174794780356
2024-02-19 03:00:00,1.5267105924674906
2024-02-19 04:00:00,2.562244498400229
2024-02-19 05:00:00,3.7681492728876247
2024-02-19 06:00:00,5.062244498400228
2024-02-19 07:00:00,6.356339723912832
2024-02-19 08:00:00,7.5622444984002275
2024-02-19 09:00:00,8.597778404332967
2024-02-19 10:00:00,9.39237151732242
2024-02-19 11:00:00,9.89187362984557
2024-02-19 12:00:00,10.06224449840023
2024-02-19 13:00:00,9.89187362984557
2024-02-19 14:00:00,9.392371517322422
2024-02-19 15:00:00,8.597778404332967
2024-02-19 16:00:00,7.5622444984002275
2024-02-19 17:00:00,6.356339723912834
2024-02-19 18:00:00,5.062244498400229
2024-02-19 19:00:00,3.7681492728876242
2024-02-19 20:00:00,2.5622444984002297
2024-02-19 21:00:00,1.5267105924674929
2024-02-19 22:00:00,0.7321174794780374
2024-02-19 23:00:00,0.23261536695488605
2024-02-20 00:00:00,0.21266159884211522
2024-02-20 01:00:00,0.3830324673967729
2024-02-20 02:00:00,0.8825345799199225
2024-02-20 03:00:00,1.6771276929093775
2024-02-20 04:00:00,2.7126615988421157
2024-02-20 05:00:00,3.9185663733295115
2024-02-20 06:00:00,5.212661598842115
2024-02-20 07:00:00,6.506756824354719
2024-02-20 08:00:00,7.712661598842114
2024-02-20 09:00:00,8.748195504774852
2024-02-20 10:00:00,9.542788617764309
2024-02-20 11:00:00,10.042290730287458
2024-02-20 12:00:00,10.212661598842114
2024-02-20 13:00:00,10.042290730287458
2024-02-20 14:00:00,9.542788617764309
2024-02-20 15:00:00,8.748195504774854
2024-02-20 16:00:00,7.712661598842114
2024-02-20 17:00:00,6.506756824354721
2024-02-20 18:00:00,5.212661598842116
2024-02-20 19:00:00,3.918566373329511
2024-02-20 20:00:00,2.7126615988421166
2024-02-20 21:00:00,1.6771276929093797
2024-02-20 22:00:00,0.8825345799199242
2024-02-20 23:00:00,0.3830324673967729
2024-02-21 00:00:00,0.3644972909714914
2024-02-21 01:00:00,0.5348681595261491
2024-02-21 02:00:00,1.0343702720492987
2024-02-21 03:00:00,1.8289633850387537
2024-02-21 04:00:00,2.864497290971492
2024-02-21 05:00:00,4.070402065458888
2024-02-21 06:00:00,5.364497290971491
2024-02-21 07:00:00,6.658592516484095
2024-02-21 08:00:00,7.8644972909714905
2024-02-21 09:00:00,8.90003119690423
2024-02-21 10:00:00,9.694624309893683
2024-02-21 11:00:00,10.194126422416833
2024-02-21 12:00:00,10.364497290971492
2024-02-21 13:00:00,10.194126422416833
2024-02-21 14:00:00,9.694624309893685
2024-02-21 15:00:00,8.90003119690423
2024-02-21 16:00:00,7.8644972909714905
2024-02-21 17:00:00,6.658592516484097
2024-02-21 18:00:00,5.364497290971492
2024-02-21 19:00:00,4.070402065458888
2024-02-21 20:00:00,2.8644972909714927
2024-02-21 21:00:00,1.8289633850387559
2024-02-21 22:00:00,1.0343702720493004
2024-02-21 23:00:00,0.5348681595261491
2024-02-22 00:00:00,0.5177065825958946
2024-02-22 01:00:00,0.6880774511505523
2024-02-22 02:00:00,1.1875795636737019
2024-02-22 03:00:00,1.9821726766631569
2024-02-22 04:00:00,3.017706582595895
2024-02-22 05:00:00,4.223611357083291
2024-02-22 06:00:00,5.517706582595895
2024-02-22 07:00:00,6.811801808108498
2024-02-22 08:00:00,8.017706582595894
2024-02-22 09:00:00,9.053240488528633
2024-02-22 10:00:00,9.847833601518087
2024-02-22 11:00:00,10.347335714041236
2024-02-22 12:00:00,10.517706582595896
2024-02-22 13:00:00,10.347335714041236
2024-02-22 14:00:00,9.847833601518088
2024-02-22 15:00:00,9.053240488528633
2024-02-22 16:00:00,8.017706582595894
2024-02-22 17:00:00,6.8118018081085
2024-02-22 18:00:00,5.5177065825958955
2024-02-22 19:00:00,4.223611357083291
2024-02-22 20:00:00,3.017706582595896
2024-02-22 21:00:00,1.982172676663159
2024-02-22 22:00:00,1.1875795636737037
2024-02-22 23:00:00,0.6880774511505523
2024-02-23 00:00:00,0.6722440744956879
2024-02-23 01:00:00,0.8426149430503456
2024-02-23 02:00:00,1.3421170555734951
2024-02-23 03:00:00,2.13671016856295
2024-02-23 04:00:00,3.1722440744956883
2024-02-23 05:00:00,4.378148848983084
2024-02-23 06:00:00,5.672244074495688
2024-02-23 07:00:00,6.966339300008292
2024-02-23 08:00:00,8.172244074495687
2024-02-23 09:00:00,9.207777980428425
2024-02-23 10:00:00,10.002371093417882
2024-02-23 11:00:00,10.501873205941031
2024-02-23 12:00:00,10.672244074495687
2024-02-23 13:00:00,10.501873205941031
2024-02-23 14:00:00,10.002371093417882
2024-02-23 15:00:00,9.207777980428427
2024-02-23 16:00:00,8.172244074495687
2024-02-23 17:00:00,6.966339300008293
2024-02-23 18:00:00,5.672244074495689
2024-02-23 19:00:00,4.378148848983084
2024-02-23 20:00:00,3.1722440744956892
2024-02-23 21:00:00,2.1367101685629524
2024-02-23 22:00:00,1.342117055573497
2024-02-23 23:00:00,0.8426149430503456
2024-02-24 00:00:00,0.8280639738768318
2024-02-24 01:00:00,0.9984348424314895
2024-02-24 02:00:00,1.497936954954639
2024-02-24 03:00:00,2.292530067944094
2024-02-24 04:00:00,3.3280639738768323
2024-02-24 05:00:00,4.533968748364228
2024-02-24 06:00:00,5.828063973876832
2024-02-24 07:00:00,7.1221591993894355
2024-02-24 08:00:00,8.328063973876832
2024-02-24 09:00:00,9.36359787980957
2024-02-24 10:00:00,10.158190992799025
2024-02-24 11:00:00,10.657693105322174
2024-02-24 12:00:00,10.828063973876832
2024-02-24 13:00:00,10.657693105322174
2024-02-24 14:00:00,10.158190992799025
2024-02-24 15:00:00,9.363597879809571
2024-02-24 16:00:00,8.328063973876832
2024-02-24 17:00:00,7.122159199389436
2024-02-24 18:00:00,5.828063973876833
2024-02-24 19:00:00,4.533968748364227
2024-02-24 20:00:00,3.328063973876833
2024-02-24 21:00:00,2.2925300679440963
2024-02-24 22:00:00,1.4979369549546409
2024-02-24 23:00:00,0.9984348424314895
2024-02-25 00:00:00,0.9851201079402694
2024-02-25 01:00:00,1.155490976494927
2024-02-25 02:00:00,1.6549930890180766
2024-02-25 03:00:00,2.4495862020075316
2024-02-25 04:00:00,3.48512010794027
2024-02-25 05:00:00,4.691024882427666
2024-02-25 06:00:00,5.985120107940269
2024-02-25 07:00:00,7.279215333452873
2024-02-25 08:00:00,8.485120107940268
2024-02-25 09:00:00,9.520654013873006
2024-02-25 10:00:00,10.315247126862463
2024-02-25 11:00:00,10.814749239385613
2024-02-25 12:00:00,10.985120107940268
2024-02-25 13:00:00,10.814749239385613
2024-02-25 14:00:00,10.315247126862463
2024-02-25 15:00:00,9.520654013873008
2024-02-25 16:00:00,8.485120107940268
2024-02-25 17:00:00,7.279215333452875
2024-02-25 18:00:00,5.98512010794027
2024-02-25 19:00:00,4.691024882427666
2024-02-25 20:00:00,3.4851201079402707
2024-02-25 21:00:00,2.449586202007534
2024-02-25 22:00:00,1.6549930890180784
2024-02-25 23:00:00,1.155490976494927
2024-02-26 00:00:00,1.1433659375639298
2024-02-26 01:00:00,1.3137368061185875
2024-02-26 02:00:00,1.813238918641737
2024-02-26 03:00:00,2.607832031631192
2024-02-26 04:00:00,3.6433659375639302
2024-02-26 05:00:00,4.849270712051326
2024-02-26 06:00:00,6.14336593756393
2024-02-26 07:00:00,7.4374611630765335
2024-02-26 08:00:00,8.64336593756393
2024-02-26 09:00:00,9.678899843496668
2024-02-26 10:00:00,10.473492956486123
2024-02-26 11:00:00,10.972995069009272
2024-02-26 12:00:00,11.14336593756393
2024-02-26 13:00:00,10.972995069009272
2024-02-26 14:00:00,10.473492956486123
2024-02-26 15:00:00,9.67889984349667
2024-02-26 16:00:00,8.64336593756393
2024-02-26 17:00:00,7.437461163076534
2024-02-26 18:00:00,6.143365937563931
2024-02-26 19:00:00,4.849270712051325
2024-02-26 20:00:00,3.643365937563931
2024-02-26 21:00:00,2.6078320316311943
2024-02-26 22:00:00,1.8132389186417388
2024-02-26 23:00:00,1.3137368061185875
2024-02-27 00:00:00,1.3027545710932689
2024-02-27 01:00:00,1.4731254396479265
2024-02-27 02:00:00,1.972627552171076
2024-02-27 03:00:00,2.767220665160531
2024-02-27 04:00:00,3.8027545710932693
2024-02-27 05:00:00,5.008659345580665
2024-02-27 06:00:00,6.302754571093269
2024-02-27 07:00:00,7.596849796605873
2024-02-27 08:00:00,8.802754571093269
2024-02-27 09:00:00,9.838288477026007
2024-02-27 10:00:00,10.632881590015462
2024-02-27 11:00:00,11.132383702538611
2024-02-27 12:00:00,11.302754571093269
2024-02-27 13:00:00,11.132383702538611
2024-02-27 14:00:00,10.632881590015462
2024-02-27 15:00:00,9.838288477026008
2024-02-27 16:00:00,8.802754571093269
2024-02-27 17:00:00,7.5968497966058735
2024-02-27 18:00:00,6.30275457109327
2024-02-27 19:00:00,5.008659345580664
2024-02-27 20:00:00,3.80275457109327
2024-02-27 21:00:00,2.7672206651605333
2024-02-27 22:00:00,1.9726275521710779
2024-02-27 23:00:00,1.4731254396479265
2024-02-28 00:00:00,1.463238778236284
2024-02-28 01:00:00,1.6336096467909416
2024-02-28 02:00:00,2.133111759314091
2024-02-28 03:00:00,2.927704872303546
2024-02-28 04:00:00,3.9632387782362843
2024-02-28 05:00:00,5.16914355272368
2024-02-28 06:00:00,6.463238778236284
2024-02-28 07:00:00,7.757334003748888
2024-02-28 08:00:00,8.963238778236283
2024-02-28 09:00:00,9.998772684169023
2024-02-28 10:00:00,10.793365797158476
2024-02-28 11:00:00,11.292867909681625
2024-02-28 12:00:00,11.463238778236285
2024-02-28 13:00:00,11.292867909681625
2024-02-28 14:00:00,10.793365797158478
2024-02-28 15:00:00,9.998772684169023
2024-02-28 16:00:00,8.963238778236283
2024-02-28 17:00:00,7.757334003748889
2024-02-28 18:00:00,6.463238778236285
2024-02-28 19:00:00,5.16914355272368
2024-02-28 20:00:00,3.9632387782362852
2024-02-28 21:00:00,2.9277048723035484
2024-02-28 22:00:00,2.133111759314093
2024-02-28 23:00:00,1.6336096467909416
2024-02-29 00:00:00,1.624771004058867
2024-02-29 01:00:00,1.7951418726135246
2024-02-29 02:00:00,2.2946439851366742
2024-02-29 03:00:00,3.0892370981261292
2024-02-29 04:00:00,4.124771004058868
2024-02-29 05:00:00,5.330675778546263
2024-02-29 06:00:00,6.624771004058867
2024-02-29 07:00:00,7.918866229571471
2024-02-29 08:00:00,9.124771004058866
2024-02-29 09:00:00,10.160304909991606
2024-02-29 10:00:00,10.954898022981059
2024-02-29 11:00:00,11.454400135504208
2024-02-29 12:00:00,11.624771004058868
2024-02-29 13:00:00,11.454400135504208
2024-02-29 14:00:00,10.95489802298106
2024-02-29 15:00:00,10.160304909991606
2024-02-29 16:00:00,9.124771004058866
2024-02-29 17:00:00,7.9188662295714725
2024-02-29 18:00:00,6.624771004058868
2024-02-29 19:00:00,5.330675778546263
2024-02-29 20:00:00,4.124771004058868
2024-02-29 21:00:00,3.0892370981261315
2024-02-29 22:00:00,2.294643985136676
2024-02-29 23:00:00,1.7951418726135246
2024-03-01 00:00:00,1.7873033830763552
2024-03-01 01:00:00,1.9576742516310128
2024-03-01 02:00:00,2.4571763641541624
2024-03-01 03:00:00,3.2517694771436174
2024-03-01 04:00:00,4.287303383076356
2024-03-01 05:00:00,5.4932081575637515
2024-03-01 06:00:00,6.787303383076355
2024-03-01 07:00:00,8.081398608588959
2024-03-01 08:00:00,9.287303383076354
2024-03-01 09:00:00,10.322837289009094
2024-03-01 10:00:00,11.117430401998547
2024-03-01 11:00:00,11.616932514521697
2024-03-01 12:00:00,11.787303383076356
2024-03-01 13:00:00,11.616932514521697
2024-03-01 14:00:00,11.117430401998549
2024-03-01 15:00:00,10.322837289009094
2024-03-01 16:00:00,9.287303383076354
2024-03-01 17:00:00,8.08139860858896
2024-03-01 18:00:00,6.787303383076356
2024-03-01 19:00:00,5.4932081575637515
2024-03-01 20:00:00,4.287303383076356
2024-03-01 21:00:00,3.2517694771436196
2024-03-01 22:00:00,2.457176364154164
2024-03-01 23:00:00,1.9576742516310128
2024-03-02 00:00:00,1.9507877534371083
2024-03-02 01:00:00,2.121158621991766
2024-03-02 02:00:00,2.6206607345149155
2024-03-02 03:00:00,3.4152538475043706
2024-03-02 04:00:00,4.450787753437108
2024-03-02 05:00:00,5.656692527924505
2024-03-02 06:00:00,6.950787753437108
2024-03-02 07:00:00,8.244882978949713
2024-03-02 08:00:00,9.450787753437108
2024-03-02 09:00:00,10.486321659369846
2024-03-02 10:00:00,11.280914772359301
2024-03-02 11:00:00,11.78041688488245
2024-03-02 12:00:00,11.950787753437108
2024-03-02 13:00:00,11.78041688488245
2024-03-02 14:00:00,11.280914772359303
2024-03-02 15:00:00,10.486321659369846
2024-03-02 16:00:00,9.450787753437108
2024-03-02 17:00:00,8.244882978949713
2024-03-02 18:00:00,6.950787753437109
2024-03-02 19:00:00,5.656692527924504
2024-03-02 20:00:00,4.45078775343711
2024-03-02 21:00:00,3.4152538475043728
2024-03-02 22:00:00,2.6206607345149173
2024-03-02 23:00:00,2.121158621991766
2024-03-03 00:00:00,2.11517567119391
2024-03-03 01:00:00,2.2855465397485677
2024-03-03 02:00:00,2.7850486522717173
2024-03-03 03:00:00,3.5796417652611723
2024-03-03 04:00:00,4.61517567119391
2024-03-03 05:00:00,5.821080445681306
2024-03-03 06:00:00,7.11517567119391
2024-03-03 07:00:00,8.409270896706515
2024-03-03 08:00:00,9.61517567119391
2024-03-03 09:00:00,10.650709577126648
2024-03-03 10:00:00,11.445302690116103
2024-03-03 11:00:00,11.944804802639252
2024-03-03 12:00:00,12.11517567119391
2024-03-03 13:00:00,11.944804802639252
2024-03-03 14:00:00,11.445302690116105
2024-03-03 15:00:00,10.650709577126648
2024-03-03 16:00:00,9.61517567119391
2024-03-03 17:00:00,8.409270896706515
2024-03-03 18:00:00,7.115175671193911
2024-03-03 19:00:00,5.8210804456813054
2024-03-03 20:00:00,4.615175671193912
2024-03-03 21:00:00,3.5796417652611745
2024-03-03 22:00:00,2.785048652271719
2024-03-03 23:00:00,2.2855465397485677
2024-03-04 00:00:00,2.2804184246589445
2024-03-04 01:00:00,2.450789293213602
2024-03-04 02:00:00,2.9502914057367517
2024-03-04 03:00:00,3.7448845187262068
2024-03-04 04:00:00,4.780418424658945
2024-03-04 05:00:00,5.986323199146341
2024-03-04 06:00:00,7.2804184246589445
2024-03-04 07:00:00,8.574513650171548
2024-03-04 08:00:00,9.780418424658944
2024-03-04 09:00:00,10.815952330591681
2024-03-04 10:00:00,11.610545443581138
2024-03-04 11:00:00,12.110047556104288
2024-03-04 12:00:00,12.280418424658944
2024-03-04 13:00:00,12.110047556104288
2024-03-04 14:00:00,11.610545443581138
2024-03-04 15:00:00,10.815952330591683
2024-03-04 16:00:00,9.780418424658944
2024-03-04 17:00:00,8.57451365017155
2024-03-04 18:00:00,7.280418424658945
2024-03-04 19:00:00,5.986323199146341
2024-03-04 20:00:00,4.780418424658945
2024-03-04 21:00:00,3.744884518726209
2024-03-04 22:00:00,2.9502914057367535
2024-03-04 23:00:00,2.450789293213602
2024-03-05 00:00:00,2.44646704883813
2024-03-05 01:00:00,2.616837917392788
2024-03-05 02:00:00,3.1163400299159374
2024-03-05 03:00:00,3.9109331429053924
2024-03-05 04:00:00,4.94646704883813
2024-03-05 05:00:00,6.1523718233255265
2024-03-05 06:00:00,7.44646704883813
2024-03-05 07:00:00,8.740562274350735
2024-03-05 08:00:00,9.94646704883813
2024-03-05 09:00:00,10.982000954770868
2024-03-05 10:00:00,11.776594067760323
2024-03-05 11:00:00,12.276096180283472
2024-03-05 12:00:00,12.44646704883813
2024-03-05 13:00:00,12.276096180283472
2024-03-05 14:00:00,11.776594067760325
2024-03-05 15:00:00,10.982000954770868
2024-03-05 16:00:00,9.94646704883813
2024-03-05 17:00:00,8.740562274350735
2024-03-05 18:00:00,7.446467048838131
2024-03-05 19:00:00,6.152371823325526
2024-03-05 20:00:00,4.946467048838132
2024-03-05 21:00:00,3.9109331429053946
2024-03-05 22:00:00,3.116340029915939
2024-03-05 23:00:00,2.616837917392788
2024-03-06 00:00:00,2.6132723399404982
2024-03-06 01:00:00,2.783643208495156
2024-03-06 02:00:00,3.2831453210183055
2024-03-06 03:00:00,4.0777384340077605
2024-03-06 04:00:00,5.113272339940499
2024-03-06 05:00:00,6.3191771144278945
2024-03-06 06:00:00,7.613272339940498
2024-03-06 07:00:00,8.907367565453102
2024-03-06 08:00:00,10.113272339940497
2024-03-06 09:00:00,11.148806245873235
2024-03-06 10:00:00,11.943399358862692
2024-03-06 11:00:00,12.442901471385841
2024-03-06 12:00:00,12.613272339940497
2024-03-06 13:00:00,12.442901471385841
2024-03-06 14:00:00,11.943399358862692
2024-03-06 15:00:00,11.148806245873237
2024-03-06 16:00:00,10.113272339940497
2024-03-06 17:00:00,8.907367565453104
2024-03-06 18:00:00,7.613272339940499
2024-03-06 19:00:00,6.3191771144278945
2024-03-06 20:00:00,5.113272339940499
2024-03-06 21:00:00,4.077738434007763
2024-03-06 22:00:00,3.2831453210183072
2024-03-06 23:00:00,2.783643208495156
2024-03-07 00:00:00,2.780784869958344
2024-03-07 01:00:00,2.951155738513002
2024-03-07 02:00:00,3.4506578510361514
2024-03-07 03:00:00,4.245250964025606
2024-03-07 04:00:00,5.280784869958344
2024-03-07 05:00:00,6.4866896444457405
2024-03-07 06:00:00,7.780784869958344
2024-03-07 07:00:00,9.074880095470949
2024-03-07 08:00:00,10.280784869958344
2024-03-07 09:00:00,11.316318775891082
2024-03-07 10:00:00,12.110911888880537
2024-03-07 11:00:00,12.610414001403687
2024-03-07 12:00:00,12.780784869958344
2024-03-07 13:00:00,12.610414001403687
2024-03-07 14:00:00,12.110911888880537
2024-03-07 15:00:00,11.316318775891084
2024-03-07 16:00:00,10.280784869958344
2024-03-07 17:00:00,9.074880095470949
2024-03-07 18:00:00,7.780784869958345
2024-03-07 19:00:00,6.48668964444574
2024-03-07 20:00:00,5.280784869958346
2024-03-07 21:00:00,4.245250964025608
2024-03-07 22:00:00,3.450657851036153
2024-03-07 23:00:00,2.951155738513002
2024-03-08 00:00:00,2.9489550013138075
2024-03-08 01:00:00,3.119325869868465
2024-03-08 02:00:00,3.6188279823916147
2024-03-08 03:00:00,4.41342109538107
2024-03-08 04:00:00,5.4489550013138075
2024-03-08 05:00:00,6.654859775801204
2024-03-08 06:00:00,7.9489550013138075
2024-03-08 07:00:00,9.243050226826412
2024-03-08 08:00:00,10.448955001313808
2024-03-08 09:00:00,11.484488907246545
2024-03-08 10:00:00,12.279082020236
2024-03-08 11:00:00,12.77858413275915
2024-03-08 12:00:00,12.948955001313808
2024-03-08 13:00:00,12.77858413275915
2024-03-08 14:00:00,12.279082020236
2024-03-08 15:00:00,11.484488907246547
2024-03-08 16:00:00,10.448955001313808
2024-03-08 17:00:00,9.243050226826412
2024-03-08 18:00:00,7.948955001313808
2024-03-08 19:00:00,6.654859775801203
2024-03-08 20:00:00,5.448955001313809
2024-03-08 21:00:00,4.4134210953810715
2024-03-08 22:00:00,3.6188279823916165
2024-03-08 23:00:00,3.119325869868465
2024-03-09 00:00:00,3.1177329015675586
2024-03-09 01:00:00,3.288103770122216
2024-03-09 02:00:00,3.787605882645366
2024-03-09 03:00:00,4.582198995634821
2024-03-09 04:00:00,5.617732901567559
2024-03-09 05:00:00,6.823637676054955
2024-03-09 06:00:00,8.117732901567559
2024-03-09 07:00:00,9.411828127080163
2024-03-09 08:00:00,10.617732901567559
2024-03-09 09:00:00,11.653266807500296
2024-03-09 10:00:00,12.447859920489751
2024-03-09 11:00:00,12.947362033012901
2024-03-09 12:00:00,13.117732901567559
2024-03-09 13:00:00,12.947362033012901
2024-03-09 14:00:00,12.447859920489751
2024-03-09 15:00:00,11.653266807500298
2024-03-09 16:00:00,10.617732901567559
2024-03-09 17:00:00,9.411828127080163
2024-03-09 18:00:00,8.117732901567559
2024-03-09 19:00:00,6.823637676054954
2024-03-09 20:00:00,5.61773290156756
2024-03-09 21:00:00,4.582198995634823
2024-03-09 22:00:00,3.7876058826453676
2024-03-09 23:00:00,3.288103770122216
2024-03-10 00:00:00,3.287068558185224
2024-03-10 01:00:00,3.4574394267398816
2024-03-10 02:00:00,3.956941539263031
2024-03-10 03:00:00,4.751534652252486
2024-03-10 04:00:00,5.787068558185224
2024-03-10 05:00:00,6.99297333267262
2024-03-10 06:00:00,8.287068558185224
2024-03-10 07:00:00,9.581163783697829
2024-03-10 08:00:00,10.787068558185224
2024-03-10 09:00:00,11.822602464117962
2024-03-10 10:00:00,12.617195577107417
2024-03-10 11:00:00,13.116697689630566
2024-03-10 12:00:00,13.287068558185224
2024-03-10 13:00:00,13.116697689630566
2024-03-10 14:00:00,12.617195577107417
2024-03-10 15:00:00,11.822602464117963
2024-03-10 16:00:00,10.787068558185224
2024-03-10 17:00:00,9.581163783697829
2024-03-10 18:00:00,8.287068558185224
2024-03-10 19:00:00,6.992973332672619
2024-03-10 20:00:00,5.787068558185226
2024-03-10 21:00:00,4.751534652252488
2024-03-10 22:00:00,3.956941539263033
2024-03-10 23:00:00,3.4574394267398816
2024-03-11 00:00:00,3.456911793357188
2024-03-11 01:00:00,3.6272826619118455
2024-03-11 02:00:00,4.126784774434995
2024-03-11 03:00:00,4.92137788742445
2024-03-11 04:00:00,5.956911793357188
2024-03-11 05:00:00,7.162816567844584
2024-03-11 06:00:00,8.456911793357188
2024-03-11 07:00:00,9.751007018869792
2024-03-11 08:00:00,10.956911793357188
2024-03-11 09:00:00,11.992445699289926
2024-03-11 10:00:00,12.78703881227938
2024-03-11 11:00:00,13.28654092480253
2024-03-11 12:00:00,13.456911793357188
2024-03-11 13:00:00,13.28654092480253
2024-03-11 14:00:00,12.78703881227938
2024-03-11 15:00:00,11.992445699289927
2024-03-11 16:00:00,10.956911793357188
2024-03-11 17:00:00,9.751007018869792
2024-03-11 18:00:00,8.456911793357188
2024-03-11 19:00:00,7.162816567844583
2024-03-11 20:00:00,5.95691179335719
2024-03-11 21:00:00,4.921377887424452
2024-03-11 22:00:00,4.126784774434997
2024-03-11 23:00:00,3.6272826619118455
2024-03-12 00:00:00,3.6272122788673524
2024-03-12 01:00:00,3.79758314742201
2024-03-12 02:00:00,4.29708525994516
2024-03-12 03:00:00,5.091678372934615
2024-03-12 04:00:00,6.127212278867352
2024-03-12 05:00:00,7.333117053354749
2024-03-12 06:00:00,8.627212278867352
2024-03-12 07:00:00,9.921307504379957
2024-03-12 08:00:00,11.127212278867352
2024-03-12 09:00:00,12.16274618480009
2024-03-12 10:00:00,12.957339297789545
2024-03-12 11:00:00,13.456841410312695
2024-03-12 12:00:00,13.627212278867352
2024-03-12 13:00:00,13.456841410312695
2024-03-12 14:00:00,12.957339297789545
2024-03-12 15:00:00,12.162746184800092
2024-03-12 16:00:00,11.127212278867352
2024-03-12 17:00:00,9.921307504379957
2024-03-12 18:00:00,8.627212278867352
2024-03-12 19:00:00,7.333117053354748
2024-03-12 20:00:00,6.127212278867354
2024-03-12 21:00:00,5.0916783729346164
2024-03-12 22:00:00,4.297085259945161
2024-03-12 23:00:00,3.79758314742201
2024-03-13 00:00:00,3.7979195510064727
2024-03-13 01:00:00,3.9682904195611304
2024-03-13 02:00:00,4.46779253208428
2024-03-13 03:00:00,5.262385645073735
2024-03-13 04:00:00,6.297919551006473
2024-03-13 05:00:00,7.503824325493869
2024-03-13 06:00:00,8.797919551006473
2024-03-13 07:00:00,10.092014776519077
2024-03-13 08:00:00,11.297919551006473
2024-03-13 09:00:00,12.33345345693921
2024-03-13 10:00:00,13.128046569928665
2024-03-13 11:00:00,13.627548682451815
2024-03-13 12:00:00,13.797919551006473
2024-03-13 13:00:00,13.627548682451815
2024-03-13 14:00:00,13.128046569928667
2024-03-13 15:00:00,12.33345345693921
2024-03-13 16:00:00,11.297919551006473
2024-03-13 17:00:00,10.092014776519077
2024-03-13 18:00:00,8.797919551006473
2024-03-13 19:00:00,7.503824325493868
2024-03-13 20:00:00,6.2979195510064745
2024-03-13 21:00:00,5.262385645073737
2024-03-13 22:00:00,4.467792532084282
2024-03-13 23:00:00,3.9682904195611304
2024-03-14 00:00:00,3.9689830255256524
2024-03-14 01:00:00,4.13935389408031
2024-03-14 02:00:00,4.63885600660346
2024-03-14 03:00:00,5.433449119592915
2024-03-14 04:00:00,6.468983025525652
2024-03-14 05:00:00,7.674887800013049
2024-03-14 06:00:00,8.968983025525652
2024-03-14 07:00:00,10.263078251038257
2024-03-14 08:00:00,11.468983025525652
2024-03-14 09:00:00,12.50451693145839
2024-03-14 10:00:00,13.299110044447845
2024-03-14 11:00:00,13.798612156970995
2024-03-14 12:00:00,13.968983025525652
2024-03-14 13:00:00,13.798612156970995
2024-03-14 14:00:00,13.299110044447847
2024-03-14 15:00:00,12.50451693145839
2024-03-14 16:00:00,11.468983025525652
2024-03-14 17:00:00,10.263078251038257
2024-03-14 18:00:00,8.968983025525652
2024-03-14 19:00:00,7.674887800013048
2024-03-14 20:00:00,6.468983025525654
2024-03-14 21:00:00,5.433449119592916
2024-03-14 22:00:00,4.638856006603461
2024-03-14 23:00:00,4.13935389408031
2024-03-15 00:00:00,4.140352012625534
2024-03-15 01:00:00,4.310722881180192
2024-03-15 02:00:00,4.810224993703342
2024-03-15 03:00:00,5.604818106692797
2024-03-15 04:00:00,6.640352012625534
2024-03-15 05:00:00,7.846256787112931
2024-03-15 06:00:00,9.140352012625534
2024-03-15 07:00:00,10.434447238138139
2024-03-15 08:00:00,11.640352012625534
2024-03-15 09:00:00,12.675885918558272
2024-03-15 10:00:00,13.470479031547727
2024-03-15 11:00:00,13.969981144070877
2024-03-15 12:00:00,14.140352012625534
2024-03-15 13:00:00,13.969981144070877
2024-03-15 14:00:00,13.470479031547729
2024-03-15 15:00:00,12.675885918558272
2024-03-15 16:00:00,11.640352012625534
2024-03-15 17:00:00,10.434447238138139
2024-03-15 18:00:00,9.140352012625534
2024-03-15 19:00:00,7.84625678711293
2024-03-15 20:00:00,6.640352012625536
2024-03-15 21:00:00,5.6048181066927985
2024-03-15 22:00:00,4.810224993703343
2024-03-15 23:00:00,4.310722881180192
2024-03-16 00:00:00,4.311975731976801
2024-03-16 01:00:00,4.482346600531459
2024-03-16 02:00:00,4.9818487130546085
2024-03-16 03:00:00,5.7764418260440635
2024-03-16 04:00:00,6.811975731976801
2024-03-16 05:00:00,8.017880506464197
2024-03-16 06:00:00,9.311975731976801
2024-03-16 07:00:00,10.606070957489406
2024-03-16 08:00:00,11.811975731976801
2024-03-16 09:00:00,12.847509637909539
2024-03-16 10:00:00,13.642102750898994
2024-03-16 11:00:00,14.141604863422144
2024-03-16 12:00:00,14.311975731976801
2024-03-16 13:00:00,14.141604863422144
2024-03-16 14:00:00,13.642102750898996
2024-03-16 15:00:00,12.847509637909539
2024-03-16 16:00:00,11.811975731976801
2024-03-16 17:00:00,10.606070957489406
2024-03-16 18:00:00,9.311975731976801
2024-03-16 19:00:00,8.017880506464197
2024-03-16 20:00:00,6.811975731976803
2024-03-16 21:00:00,5.776441826044065
2024-03-16 22:00:00,4.98184871305461
2024-03-16 23:00:00,4.482346600531459
2024-03-17 00:00:00,4.483803327767463
2024-03-17 01:00:00,4.654174196322121
2024-03-17 02:00:00,5.15367630884527
2024-03-17 03:00:00,5.948269421834725
2024-03-17 04:00:00,6.983803327767463
2024-03-17 05:00:00,8.189708102254858
2024-03-17 06:00:00,9.483803327767463
2024-03-17 07:00:00,10.777898553280068
2024-03-17 08:00:00,11.983803327767463
2024-03-17 09:00:00,13.0193372337002
2024-03-17 10:00:00,13.813930346689656
2024-03-17 11:00:00,14.313432459212805
2024-03-17 12:00:00,14.483803327767463
2024-03-17 13:00:00,14.313432459212805
2024-03-17 14:00:00,13.813930346689656
2024-03-17 15:00:00,13.019337233700202
2024-03-17 16:00:00,11.983803327767463
2024-03-17 17:00:00,10.777898553280068
2024-03-17 18:00:00,9.483803327767463
2024-03-17 19:00:00,8.189708102254858
2024-03-17 20:00:00,6.983803327767465
2024-03-17 21:00:00,5.948269421834727
2024-03-17 22:00:00,5.153676308845272
2024-03-17 23:00:00,4.654174196322121
2024-03-18 00:00:00,4.655783883772543
2024-03-18 01:00:00,4.8261547523272
2024-03-18 02:00:00,5.32565686485035
2024-03-18 03:00:00,6.120249977839805
2024-03-18 04:00:00,7.155783883772543
2024-03-18 05:00:00,8.361688658259938
2024-03-18 06:00:00,9.655783883772543
2024-03-18 07:00:00,10.949879109285147
2024-03-18 08:00:00,12.155783883772543
2024-03-18 09:00:00,13.19131778970528
2024-03-18 10:00:00,13.985910902694735
2024-03-18 11:00:00,14.485413015217885
2024-03-18 12:00:00,14.655783883772543
2024-03-18 13:00:00,14.485413015217885
2024-03-18 14:00:00,13.985910902694737
2024-03-18 15:00:00,13.19131778970528
2024-03-18 16:00:00,12.155783883772543
2024-03-18 17:00:00,10.949879109285147
2024-03-18 18:00:00,9.655783883772543
2024-03-18 19:00:00,8.361688658259938
2024-03-18 20:00:00,7.1557838837725445
2024-03-18 21:00:00,6.120249977839807
2024-03-18 22:00:00,5.325656864850352
2024-03-18 23:00:00,4.8261547523272
2024-03-19 00:00:00,4.827866438441653
2024-03-19 01:00:00,4.998237306996311
2024-03-19 02:00:00,5.49773941951946
2024-03-19 03:00:00,6.292332532508915
2024-03-19 04:00:00,7.327866438441653
2024-03-19 05:00:00,8.533771212929048
2024-03-19 06:00:00,9.827866438441653
2024-03-19 07:00:00,11.121961663954258
2024-03-19 08:00:00,12.327866438441653
2024-03-19 09:00:00,13.36340034437439
2024-03-19 10:00:00,14.157993457363846
2024-03-19 11:00:00,14.657495569886995
2024-03-19 12:00:00,14.827866438441653
2024-03-19 13:00:00,14.657495569886995
2024-03-19 14:00:00,14.157993457363848
2024-03-19 15:00:00,13.36340034437439
2024-03-19 16:00:00,12.327866438441653
2024-03-19 17:00:00,11.121961663954258
2024-03-19 18:00:00,9.827866438441653
2024-03-19 19:00:00,8.533771212929048
2024-03-19 20:00:00,7.327866438441655
2024-03-19 21:00:00,6.292332532508917
2024-03-19 22:00:00,5.497739419519462
2024-03-19 23:00:00,4.998237306996311
2024-03-20 00:00:00,5.0
2024-03-20 01:00:00,5.170370868554658
2024-03-20 02:00:00,5.669872981077807
2024-03-20 03:00:00,6.464466094067262
2024-03-20 04:00:00,7.5
2024-03-20 05:00:00,8.705904774487395
2024-03-20 06:00:00,10.0
2024-03-20 07:00:00,11.294095225512605
2024-03-20 08:00:00,12.5
2024-03-20 09:00:00,13.535533905932738
2024-03-20 10:00:00,14.330127018922193
2024-03-20 11:00:00,14.829629131445342
2024-03-20 12:00:00,15.0
2024-03-20 13:00:00,14.829629131445342
2024-03-20 14:00:00,14.330127018922195
2024-03-20 15:00:00,13.535533905932738
2024-03-20 16:00:00,12.5
2024-03-20 17:00:00,11.294095225512605
2024-03-20 18:00:00,10.0
2024-03-20 19:00:00,8.705904774487395
2024-03-20 20:00:00,7.500000000000002
2024-03-20 21:00:00,6.464466094067264
2024-03-20 22:00:00,5.669872981077809
2024-03-20 23:00:00,5.170370868554658
2024-03-21 00:00:00,5.172133561558347
2024-03-21 01:00:00,5.342504430113005
2024-03-21 02:00:00,5.842006542636154
2024-03-21 03:00:00,6.636599655625609
2024-03-21 04:00:00,7.672133561558347
2024-03-21 05:00:00,8.878038336045742
2024-03-21 06:00:00,10.172133561558347
2024-03-21 07:00:00,11.466228787070952
2024-03-21 08:00:00,12.672133561558347
2024-03-21 09:00:00,13.707667467491085
2024-03-21 10:00:00,14.50226058048054
2024-03-21 11:00:00,15.00176269300369
2024-03-21 12:00:00,15.172133561558347
2024-03-21 13:00:00,15.00176269300369
2024-03-21 14:00:00,14.502260580480542
2024-03-21 15:00:00,13.707667467491085
2024-03-21 16:00:00,12.672133561558347
2024-03-21 17:00:00,11.466228787070952
2024-03-21 18:00:00,10.172133561558347
2024-03-21 19:00:00,8.878038336045742
2024-03-21 20:00:00,7.672133561558349
2024-03-21 21:00:00,6.636599655625611
2024-03-21 22:00:00,5.842006542636156
2024-03-21 23:00:00,5.342504430113005
2024-03-22 00:00:00,5.344216116227457
2024-03-22 01:00:00,5.514586984782115
2024-03-22 02:00:00,6.0140890973052645
2024-03-22 03:00:00,6.8086822102947195
2024-03-22 04:00:00,7.844216116227457
2024-03-22 05:00:00,9.050120890714853
2024-03-22 06:00:00,10.344216116227457
2024-03-22 07:00:00,11.638311341740062
2024-03-22 08:00:00,12.844216116227457
2024-03-22 09:00:00,13.879750022160195
2024-03-22 10:00:00,14.67434313514965
2024-03-22 11:00:00,15.1738452476728
2024-03-22 12:00:00,15.344216116227457
2024-03-22 13:00:00,15.1738452476728
2024-03-22 14:00:00,14.674343135149652
2024-03-22 15:00:00,13.879750022160195
2024-03-22 16:00:00,12.844216116227457
2024-03-22 17:00:00,11.638311341740062
2024-03-22 18:00:00,10.344216116227457
2024-03-22 19:00:00,9.050120890714853
2024-03-22 20:00:00,7.844216116227459
2024-03-22 21:00:00,6.808682210294721
2024-03-22 22:00:00,6.014089097305266
2024-03-22 23:00:00,5.514586984782115
2024-03-23 00:00:00,5.516196672232537
2024-03-23 01:00:00,5.686567540787195
2024-03-23 02:00:00,6.186069653310344
2024-03-23 03:00:00,6.980662766299799
2024-03-23 04:00:00,8.016196672232537
2024-03-23 05:00:00,9.222101446719932
2024-03-23 06:00:00,10.516196672232537
2024-03-23 07:00:00,11.810291897745142
2024-03-23 08:00:00,13.016196672232537
2024-03-23 09:00:00,14.051730578165275
2024-03-23 10:00:00,14.84632369115473
2024-03-23 11:00:00,15.34582580367788
2024-03-23 12:00:00,15.516196672232537
2024-03-23 13:00:00,15.34582580367788
2024-03-23 14:00:00,14.84632369115473
2024-03-23 15:00:00,14.051730578165277
2024-03-23 16:00:00,13.016196672232537
2024-03-23 17:00:00,11.810291897745142
2024-03-23 18:00:00,10.516196672232537
2024-03-23 19:00:00,9.222101446719932
2024-03-23 20:00:00,8.016196672232539
2024-03-23 21:00:00,6.980662766299801
2024-03-23 22:00:00,6.186069653310346
2024-03-23 23:00:00,5.686567540787195
2024-03-24 00:00:00,5.688024268023199
2024-03-24 01:00:00,5.858395136577856
2024-03-24 02:00:00,6.357897249101006
2024-03-24 03:00:00,7.152490362090461
2024-03-24 04:00:00,8.188024268023199
2024-03-24 05:00:00,9.393929042510594
2024-03-24 06:00:00,10.688024268023199
2024-03-24 07:00:00,11.982119493535803
2024-03-24 08:00:00,13.188024268023199
2024-03-24 09:00:00,14.223558173955936
2024-03-24 10:00:00,15.018151286945391
2024-03-24 11:00:00,15.517653399468541
2024-03-24 12:00:00,15.688024268023199
2024-03-24 13:00:00,15.517653399468541
2024-03-24 14:00:00,15.018151286945393
2024-03-24 15:00:00,14.223558173955936
2024-03-24 16:00:00,13.188024268023199
2024-03-24 17:00:00,11.982119493535803
2024-03-24 18:00:00,10.688024268023199
2024-03-24 19:00:00,9.393929042510594
2024-03-24 20:00:00,8.1880242680232
2024-03-24 21:00:00,7.152490362090463
2024-03-24 22:00:00,6.357897249101008
2024-03-24 23:00:00,5.858395136577856
2024-03-25 00:00:00,5.859647987374466
2024-03-25 01:00:00,6.030018855929123
2024-03-25 02:00:00,6.529520968452273
2024-03-25 03:00:00,7.324114081441728
2024-03-25 04:00:00,8.359647987374466
2024-03-25 05:00:00,9.565552761861861
2024-03-25 06:00:00,10.859647987374466
2024-03-25 07:00:00,12.15374321288707
2024-03-25 08:00:00,13.359647987374466
2024-03-25 09:00:00,14.395181893307203
2024-03-25 10:00:00,15.189775006296658
2024-03-25 11:00:00,15.689277118819808
2024-03-25 12:00:00,15.859647987374466
2024-03-25 13:00:00,15.689277118819808
2024-03-25 14:00:00,15.18977500629666
2024-03-25 15:00:00,14.395181893307203
2024-03-25 16:00:00,13.359647987374466
2024-03-25 17:00:00,12.15374321288707
2024-03-25 18:00:00,10.859647987374466
2024-03-25 19:00:00,9.565552761861861
2024-03-25 20:00:00,8.359647987374467
2024-03-25 21:00:00,7.32411408144173
2024-03-25 22:00:00,6.529520968452275
2024-03-25 23:00:00,6.030018855929123
2024-03-26 00:00:00,6.031016974474348
2024-03-26 01:00:00,6.201387843029005
2024-03-26 02:00:00,6.700889955552155
2024-03-26 03:00:00,7.49548306854161
2024-03-26 04:00:00,8.531016974474348
2024-03-26 05:00:00,9.736921748961743
2024-03-26 06:00:00,11.031016974474348
2024-03-26 07:00:00,12.325112199986952
2024-03-26 08:00:00,13.531016974474348
2024-03-26 09:00:00,14.566550880407085
2024-03-26 10:00:00,15.36114399339654
2024-03-26 11:00:00,15.86064610591969
2024-03-26 12:00:00,16.031016974474348
2024-03-26 13:00:00,15.86064610591969
2024-03-26 14:00:00,15.361143993396542
2024-03-26 15:00:00,14.566550880407085
2024-03-26 16:00:00,13.531016974474348
2024-03-26 17:00:00,12.325112199986952
2024-03-26 18:00:00,11.031016974474348
2024-03-26 19:00:00,9.736921748961743
2024-03-26 20:00:00,8.53101697447435
2024-03-26 21:00:00,7.495483068541612
2024-03-26 22:00:00,6.700889955552157
2024-03-26 23:00:00,6.201387843029005
2024-03-27 00:00:00,6.202080448993527
2024-03-27 01:00:00,6.372451317548185
2024-03-27 02:00:00,6.8719534300713345
2024-03-27 03:00:00,7.6665465430607895
2024-03-27 04:00:00,8.702080448993527
2024-03-27 05:00:00,9.907985223480923
2024-03-27 06:00:00,11.202080448993527
2024-03-27 07:00:00,12.496175674506132
2024-03-27 08:00:00,13.702080448993527
2024-03-27 09:00:00,14.737614354926265
2024-03-27 10:00:00,15.53220746791572
2024-03-27 11:00:00,16.03170958043887
2024-03-27 12:00:00,16.202080448993527
2024-03-27 13:00:00,16.03170958043887
2024-03-27 14:00:00,15.532207467915722
2024-03-27 15:00:00,14.737614354926265
2024-03-27 16:00:00,13.702080448993527
2024-03-27 17:00:00,12.496175674506132
2024-03-27 18:00:00,11.202080448993527
2024-03-27 19:00:00,9.907985223480923
2024-03-27 20:00:00,8.702080448993529
2024-03-27 21:00:00,7.666546543060791
2024-03-27 22:00:00,6.871953430071336
2024-03-27 23:00:00,6.372451317548185
2024-03-28 00:00:00,6.372787721132648
2024-03-28 01:00:00,6.543158589687305
2024-03-28 02:00:00,7.042660702210455
2024-03-28 03:00:00,7.83725381519991
2024-03-28 04:00:00,8.872787721132648
2024-03-28 05:00:00,10.078692495620043
2024-03-28 06:00:00,11.372787721132648
2024-03-28 07:00:00,12.666882946645252
2024-03-28 08:00:00,13.872787721132648
2024-03-28 09:00:00,14.908321627065385
2024-03-28 10:00:00,15.70291474005484
2024-03-28 11:00:00,16.20241685257799
2024-03-28 12:00:00,16.372787721132646
2024-03-28 13:00:00,16.20241685257799
2024-03-28 14:00:00,15.70291474005484
2024-03-28 15:00:00,14.908321627065387
2024-03-28 16:00:00,13.872787721132648
2024-03-28 17:00:00,12.666882946645252
2024-03-28 18:00:00,11.372787721132648
2024-03-28 19:00:00,10.078692495620043
2024-03-28 20:00:00,8.87278772113265
2024-03-28 21:00:00,7.837253815199912
2024-03-28 22:00:00,7.042660702210457
2024-03-28 23:00:00,6.543158589687305
2024-03-29 00:00:00,6.543088206642812
2024-03-29 01:00:00,6.71345907519747
2024-03-29 02:00:00,7.2129611877206194
2024-03-29 03:00:00,8.007554300710074
2024-03-29 04:00:00,9.043088206642812
2024-03-29 05:00:00,10.248992981130208
2024-03-29 06:00:00,11.543088206642812
2024-03-29 07:00:00,12.837183432155417
2024-03-29 08:00:00,14.043088206642812
2024-03-29 09:00:00,15.07862211257555
2024-03-29 10:00:00,15.873215225565005
2024-03-29 11:00:00,16.372717338088155
2024-03-29 12:00:00,16.543088206642814
2024-03-29 13:00:00,16.372717338088155
2024-03-29 14:00:00,15.873215225565005
2024-03-29 15:00:00,15.078622112575552
2024-03-29 16:00:00,14.043088206642812
2024-03-29 17:00:00,12.837183432155417
2024-03-29 18:00:00,11.543088206642812
2024-03-29 19:00:00,10.248992981130208
2024-03-29 20:00:00,9.043088206642814
2024-03-29 21:00:00,8.007554300710076
2024-03-29 22:00:00,7.212961187720621
2024-03-29 23:00:00,6.71345907519747
2024-03-30 00:00:00,6.712931441814776
2024-03-30 01:00:00,6.883302310369434
2024-03-30 02:00:00,7.382804422892583
2024-03-30 03:00:00,8.177397535882038
2024-03-30 04:00:00,9.212931441814776
2024-03-30 05:00:00,10.418836216302171
2024-03-30 06:00:00,11.712931441814776
2024-03-30 07:00:00,13.00702666732738
2024-03-30 08:00:00,14.212931441814776
2024-03-30 09:00:00,15.248465347747514
2024-03-30 10:00:00,16.04305846073697
2024-03-30 11:00:00,16.54256057326012
2024-03-30 12:00:00,16.712931441814774
2024-03-30 13:00:00,16.54256057326012
2024-03-30 14:00:00,16.04305846073697
2024-03-30 15:00:00,15.248465347747516
2024-03-30 16:00:00,14.212931441814776
2024-03-30 17:00:00,13.00702666732738
2024-03-30 18:00:00,11.712931441814776
2024-03-30 19:00:00,10.418836216302171
2024-03-30 20:00:00,9.212931441814778
2024-03-30 21:00:00,8.17739753588204
2024-03-30 22:00:00,7.382804422892585
2024-03-30 23:00:00,6.883302310369434
2024-03-31 00:00:00,6.882267098432441
2024-03-31 01:00:00,7.052637966987099
2024-03-31 02:00:00,7.552140079510249
2024-03-31 03:00:00,8.346733192499704
2024-03-31 04:00:00,9.382267098432441
2024-03-31 05:00:00,10.588171872919837
2024-03-31 06:00:00,11.882267098432441
2024-03-31 07:00:00,13.176362323945046
2024-03-31 08:00:00,14.382267098432441
2024-03-31 09:00:00,15.41780100436518
2024-03-31 10:00:00,16.212394117354634
2024-03-31 11:00:00,16.711896229877784
2024-03-31 12:00:00,16.882267098432443
2024-03-31 13:00:00,16.711896229877784
2024-03-31 14:00:00,16.212394117354634
2024-03-31 15:00:00,15.417801004365181
2024-03-31 16:00:00,14.382267098432441
2024-03-31 17:00:00,13.176362323945046
2024-03-31 18:00:00,11.882267098432441
2024-03-31 19:00:00,10.588171872919837
2024-03-31 20:00:00,9.382267098432443
2024-03-31 21:00:00,8.346733192499705
2024-03-31 22:00:00,7.5521400795102505
2024-03-31 23:00:00,7.052637966987099
2024-04-01 00:00:00,7.0510449986861925
2024-04-01 01:00:00,7.22141586724085
2024-04-01 02:00:00,7.720917979764
2024-04-01 03:00:00,8.515511092753455
2024-04-01 04:00:00,9.551044998686192
2024-04-01 05:00:00,10.756949773173588
2024-04-01 06:00:00,12.051044998686192
2024-04-01 07:00:00,13.345140224198797
2024-04-01 08:00:00,14.551044998686192
2024-04-01 09:00:00,15.58657890461893
2024-04-01 10:00:00,16.381172017608385
2024-04-01 11:00:00,16.880674130131535
2024-04-01 12:00:00,17.051044998686194
2024-04-01 13:00:00,16.880674130131535
2024-04-01 14:00:00,16.381172017608385
2024-04-01 15:00:00,15.586578904618932
2024-04-01 16:00:00,14.551044998686192
2024-04-01 17:00:00,13.345140224198797
2024-04-01 18:00:00,12.051044998686192
2024-04-01 19:00:00,10.756949773173588
2024-04-01 20:00:00,9.551044998686194
2024-04-01 21:00:00,8.515511092753457
2024-04-01 22:00:00,7.7209179797640015
2024-04-01 23:00:00,7.22141586724085
2024-04-02 00:00:00,7.219215130041656
2024-04-02 01:00:00,7.3895859985963135
2024-04-02 02:00:00,7.889088111119463
2024-04-02 03:00:00,8.683681224108918
2024-04-02 04:00:00,9.719215130041656
2024-04-02 05:00:00,10.925119904529051
2024-04-02 06:00:00,12.219215130041656
2024-04-02 07:00:00,13.51331035555426
2024-04-02 08:00:00,14.719215130041656
2024-04-02 09:00:00,15.754749035974394
2024-04-02 10:00:00,16.54934214896385
2024-04-02 11:00:00,17.048844261486998
2024-04-02 12:00:00,17.219215130041654
2024-04-02 13:00:00,17.048844261486998
2024-04-02 14:00:00,16.54934214896385
2024-04-02 15:00:00,15.754749035974395
2024-04-02 16:00:00,14.719215130041656
2024-04-02 17:00:00,13.51331035555426
2024-04-02 18:00:00,12.219215130041656
2024-04-02 19:00:00,10.925119904529051
2024-04-02 20:00:00,9.719215130041658
2024-04-02 21:00:00,8.68368122410892
2024-04-02 22:00:00,7.889088111119465
2024-04-02 23:00:00,7.3895859985963135
2024-04-03 00:00:00,7.386727660059503
2024-04-03 01:00:00,7.55709852861416
2024-04-03 02:00:00,8.05660064113731
2024-04-03 03:00:00,8.851193754126765
2024-04-03 04:00:00,9.886727660059503
2024-04-03 05:00:00,11.092632434546898
2024-04-03 06:00:00,12.386727660059503
2024-04-03 07:00:00,13.680822885572107
2024-04-03 08:00:00,14.886727660059503
2024-04-03 09:00:00,15.92226156599224
2024-04-03 10:00:00,16.716854678981697
2024-04-03 11:00:00,17.216356791504843
2024-04-03 12:00:00,17.386727660059503
2024-04-03 13:00:00,17.216356791504843
2024-04-03 14:00:00,16.716854678981697
2024-04-03 15:00:00,15.92226156599224
2024-04-03 16:00:00,14.886727660059503
2024-04-03 17:00:00,13.680822885572107
2024-04-03 18:00:00,12.386727660059503
2024-04-03 19:00:00,11.092632434546898
2024-04-03 20:00:00,9.886727660059504
2024-04-03 21:00:00,8.851193754126767
2024-04-03 22:00:00,8.056600641137312
2024-04-03 23:00:00,7.55709852861416
2024-04-04 00:00:00,7.55353295116187
2024-04-04 01:00:00,7.7239038197165275
2024-04-04 02:00:00,8.223405932239677
2024-04-04 03:00:00,9.017999045229132
2024-04-04 04:00:00,10.05353295116187
2024-04-04 05:00:00,11.259437725649265
2024-04-04 06:00:00,12.55353295116187
2024-04-04 07:00:00,13.847628176674474
2024-04-04 08:00:00,15.05353295116187
2024-04-04 09:00:00,16.089066857094608
2024-04-04 10:00:00,16.88365997008406
2024-04-04 11:00:00,17.383162082607214
2024-04-04 12:00:00,17.55353295116187
2024-04-04 13:00:00,17.383162082607214
2024-04-04 14:00:00,16.883659970084064
2024-04-04 15:00:00,16.089066857094608
2024-04-04 16:00:00,15.05353295116187
2024-04-04 17:00:00,13.847628176674474
2024-04-04 18:00:00,12.55353295116187
2024-04-04 19:00:00,11.259437725649265
2024-04-04 20:00:00,10.053532951161872
2024-04-04 21:00:00,9.017999045229134
2024-04-04 22:00:00,8.223405932239679
2024-04-04 23:00:00,7.7239038197165275
2024-04-05 00:00:00,7.719581575341056
2024-04-05 01:00:00,7.889952443895714
2024-04-05 02:00:00,8.389454556418864
2024-04-05 03:00:00,9.184047669408319
2024-04-05 04:00:00,10.219581575341056
2024-04-05 05:00:00,11.425486349828452
2024-04-05 06:00:00,12.719581575341056
2024-04-05 07:00:00,14.013676800853661
2024-04-05 08:00:00,15.219581575341056
2024-04-05 09:00:00,16.255115481273794
2024-04-05 10:00:00,17.04970859426325
2024-04-05 11:00:00,17.549210706786397
2024-04-05 12:00:00,17.719581575341056
2024-04-05 13:00:00,17.549210706786397
2024-04-05 14:00:00,17.04970859426325
2024-04-05 15:00:00,16.255115481273794
2024-04-05 16:00:00,15.219581575341056
2024-04-05 17:00:00,14.013676800853661
2024-04-05 18:00:00,12.719581575341056
2024-04-05 19:00:00,11.425486349828452
2024-04-05 20:00:00,10.219581575341058
2024-04-05 21:00:00,9.18404766940832
2024-04-05 22:00:00,8.389454556418865
2024-04-05 23:00:00,7.889952443895714
2024-04-06 00:00:00,7.88482432880609
2024-04-06 01:00:00,8.055195197360748
2024-04-06 02:00:00,8.554697309883897
2024-04-06 03:00:00,9.349290422873352
2024-04-06 04:00:00,10.38482432880609
2024-04-06 05:00:00,11.590729103293485
2024-04-06 06:00:00,12.88482432880609
2024-04-06 07:00:00,14.178919554318695
2024-04-06 08:00:00,15.38482432880609
2024-04-06 09:00:00,16.420358234738828
2024-04-06 10:00:00,17.21495134772828
2024-04-06 11:00:00,17.714453460251434
2024-04-06 12:00:00,17.88482432880609
2024-04-06 13:00:00,17.714453460251434
2024-04-06 14:00:00,17.214951347728285
2024-04-06 15:00:00,16.420358234738828
2024-04-06 16:00:00,15.38482432880609
2024-04-06 17:00:00,14.178919554318695
2024-04-06 18:00:00,12.88482432880609
2024-04-06 19:00:00,11.590729103293485
2024-04-06 20:00:00,10.384824328806092
2024-04-06 21:00:00,9.349290422873354
2024-04-06 22:00:00,8.554697309883899
2024-04-06 23:00:00,8.055195197360748
2024-04-07 00:00:00,8.049212246562892
2024-04-07 01:00:00,8.21958311511755
2024-04-07 02:00:00,8.719085227640699
2024-04-07 03:00:00,9.513678340630154
2024-04-07 04:00:00,10.549212246562892
2024-04-07 05:00:00,11.755117021050287
2024-04-07 06:00:00,13.049212246562892
2024-04-07 07:00:00,14.343307472075496
2024-04-07 08:00:00,15.549212246562892
2024-04-07 09:00:00,16.58474615249563
2024-04-07 10:00:00,17.379339265485086
2024-04-07 11:00:00,17.878841378008232
2024-04-07 12:00:00,18.04921224656289
2024-04-07 13:00:00,17.878841378008232
2024-04-07 14:00:00,17.379339265485086
2024-04-07 15:00:00,16.58474615249563
2024-04-07 16:00:00,15.549212246562892
2024-04-07 17:00:00,14.343307472075496
2024-04-07 18:00:00,13.049212246562892
2024-04-07 19:00:00,11.755117021050287
2024-04-07 20:00:00,10.549212246562893
2024-04-07 21:00:00,9.513678340630156
2024-04-07 22:00:00,8.7190852276407
2024-04-07 23:00:00,8.21958311511755
2024-04-08 00:00:00,8.212696616923644
2024-04-08 01:00:00,8.383067485478302
2024-04-08 02:00:00,8.882569598001451
2024-04-08 03:00:00,9.677162710990906
2024-04-08 04:00:00,10.712696616923644
2024-04-08 05:00:00,11.91860139141104
2024-04-08 06:00:00,13.212696616923644
2024-04-08 07:00:00,14.506791842436249
2024-04-08 08:00:00,15.712696616923644
2024-04-08 09:00:00,16.74823052285638
2024-04-08 10:00:00,17.542823635845835
2024-04-08 11:00:00,18.042325748368988
2024-04-08 12:00:00,18.212696616923644
2024-04-08 13:00:00,18.042325748368988
2024-04-08 14:00:00,17.54282363584584
2024-04-08 15:00:00,16.74823052285638
2024-04-08 16:00:00,15.712696616923644
2024-04-08 17:00:00,14.506791842436249
2024-04-08 18:00:00,13.212696616923644
2024-04-08 19:00:00,11.91860139141104
2024-04-08 20:00:00,10.712696616923646
2024-04-08 21:00:00,9.677162710990908
2024-04-08 22:00:00,8.882569598001453
2024-04-08 23:00:00,8.383067485478302
2024-04-09 00:00:00,8.375228995941132
2024-04-09 01:00:00,8.54559986449579
2024-04-09 02:00:00,9.04510197701894
2024-04-09 03:00:00,9.839695090008394
2024-04-09 04:00:00,10.875228995941132
2024-04-09 05:00:00,12.081133770428528
2024-04-09 06:00:00,13.375228995941132
2024-04-09 07:00:00,14.669324221453737
2024-04-09 08:00:00,15.875228995941132
2024-04-09 09:00:00,16.91076290187387
2024-04-09 10:00:00,17.705356014863327
2024-04-09 11:00:00,18.204858127386473
2024-04-09 12:00:00,18.375228995941132
2024-04-09 13:00:00,18.204858127386473
2024-04-09 14:00:00,17.705356014863327
2024-04-09 15:00:00,16.91076290187387
2024-04-09 16:00:00,15.875228995941132
2024-04-09 17:00:00,14.669324221453737
2024-04-09 18:00:00,13.375228995941132
2024-04-09 19:00:00,12.081133770428528
2024-04-09 20:00:00,10.875228995941134
2024-04-09 21:00:00,9.839695090008396
2024-04-09 22:00:00,9.045101977018941
2024-04-09 23:00:00,8.54559986449579
2024-04-10 00:00:00,8.536761221763715
2024-04-10 01:00:00,8.707132090318373
2024-04-10 02:00:00,9.206634202841522
2024-04-10 03:00:00,10.001227315830977
2024-04-10 04:00:00,11.036761221763715
2024-04-10 05:00:00,12.24266599625111
2024-04-10 06:00:00,13.536761221763715
2024-04-10 07:00:00,14.83085644727632
2024-04-10 08:00:00,16.036761221763715
2024-04-10 09:00:00,17.072295127696453
2024-04-10 10:00:00,17.86688824068591
2024-04-10 11:00:00,18.366390353209056
2024-04-10 12:00:00,18.536761221763715
2024-04-10 13:00:00,18.366390353209056
2024-04-10 14:00:00,17.86688824068591
2024-04-10 15:00:00,17.072295127696453
2024-04-10 16:00:00,16.036761221763715
2024-04-10 17:00:00,14.83085644727632
2024-04-10 18:00:00,13.536761221763715
2024-04-10 19:00:00,12.24266599625111
2024-04-10 20:00:00,11.036761221763717
2024-04-10 21:00:00,10.00122731583098
2024-04-10 22:00:00,9.206634202841524
2024-04-10 23:00:00,8.707132090318373
2024-04-11 00:00:00,8.697245428906731
2024-04-11 01:00:00,8.867616297461389
2024-04-11 02:00:00,9.367118409984538
2024-04-11 03:00:00,10.161711522973993
2024-04-11 04:00:00,11.197245428906731
2024-04-11 05:00:00,12.403150203394127
2024-04-11 06:00:00,13.697245428906731
2024-04-11 07:00:00,14.991340654419336
2024-04-11 08:00:00,16.19724542890673
2024-04-11 09:00:00,17.23277933483947
2024-04-11 10:00:00,18.027372447828924
2024-04-11 11:00:00,18.526874560352073
2024-04-11 12:00:00,18.697245428906733
2024-04-11 13:00:00,18.526874560352073
2024-04-11 14:00:00,18.027372447828924
2024-04-11 15:00:00,17.23277933483947
2024-04-11 16:00:00,16.19724542890673
2024-04-11 17:00:00,14.991340654419336
2024-04-11 18:00:00,13.697245428906731
2024-04-11 19:00:00,12.403150203394127
2024-04-11 20:00:00,11.197245428906733
2024-04-11 21:00:00,10.161711522973995
2024-04-11 22:00:00,9.36711840998454
2024-04-11 23:00:00,8.867616297461389
2024-04-12 00:00:00,8.85663406243607
2024-04-12 01:00:00,9.027004930990728
2024-04-12 02:00:00,9.526507043513877
2024-04-12 03:00:00,10.321100156503332
2024-04-12 04:00:00,11.35663406243607
2024-04-12 05:00:00,12.562538836923466
2024-04-12 06:00:00,13.85663406243607
2024-04-12 07:00:00,15.150729287948675
2024-04-12 08:00:00,16.35663406243607
2024-04-12 09:00:00,17.39216796836881
2024-04-12 10:00:00,18.186761081358263
2024-04-12 11:00:00,18.686263193881413
2024-04-12 12:00:00,18.856634062436072
2024-04-12 13:00:00,18.686263193881413
2024-04-12 14:00:00,18.186761081358263
2024-04-12 15:00:00,17.39216796836881
2024-04-12 16:00:00,16.35663406243607
2024-04-12 17:00:00,15.150729287948675
2024-04-12 18:00:00,13.85663406243607
2024-04-12 19:00:00,12.562538836923466
2024-04-12 20:00:00,11.356634062436072
2024-04-12 21:00:00,10.321100156503334
2024-04-12 22:00:00,9.52650704351388
2024-04-12 23:00:00,9.027004930990728
2024-04-13 00:00:00,9.014879892059732
2024-04-13 01:00:00,9.18525076061439
2024-04-13 02:00:00,9.684752873137539
2024-04-13 03:00:00,10.479345986126994
2024-04-13 04:00:00,11.514879892059732
2024-04-13 05:00:00,12.720784666547127
2024-04-13 06:00:00,14.014879892059732
2024-04-13 07:00:00,15.308975117572336
2024-04-13 08:00:00,16.51487989205973
2024-04-13 09:00:00,17.55041379799247
2024-04-13 10:00:00,18.345006910981922
2024-04-13 11:00:00,18.844509023505076
2024-04-13 12:00:00,19.01487989205973
2024-04-13 13:00:00,18.844509023505076
2024-04-13 14:00:00,18.345006910981926
2024-04-13 15:00:00,17.55041379799247
2024-04-13 16:00:00,16.51487989205973
2024-04-13 17:00:00,15.308975117572336
2024-04-13 18:00:00,14.014879892059732
2024-04-13 19:00:00,12.720784666547127
2024-04-13 20:00:00,11.514879892059733
2024-04-13 21:00:00,10.479345986126996
2024-04-13 22:00:00,9.68475287313754
2024-04-13 23:00:00,9.18525076061439
2024-04-14 00:00:00,9.171936026123168
2024-04-14 01:00:00,9.342306894677826
2024-04-14 02:00:00,9.841809007200975
2024-04-14 03:00:00,10.63640212019043
2024-04-14 04:00:00,11.671936026123168
2024-04-14 05:00:00,12.877840800610564
2024-04-14 06:00:00,14.171936026123168
2024-04-14 07:00:00,15.466031251635773
2024-04-14 08:00:00,16.671936026123166
2024-04-14 09:00:00,17.707469932055908
2024-04-14 10:00:00,18.50206304504536
2024-04-14 11:00:00,19.00156515756851
2024-04-14 12:00:00,19.17193602612317
2024-04-14 13:00:00,19.00156515756851
2024-04-14 14:00:00,18.50206304504536
2024-04-14 15:00:00,17.707469932055908
2024-04-14 16:00:00,16.671936026123166
2024-04-14 17:00:00,15.466031251635773
2024-04-14 18:00:00,14.171936026123168
2024-04-14 19:00:00,12.877840800610564
2024-04-14 20:00:00,11.67193602612317
2024-04-14 21:00:00,10.636402120190432
2024-04-14 22:00:00,9.841809007200977
2024-04-14 23:00:00,9.342306894677826
2024-04-15 00:00:00,9.327755925504313
2024-04-15 01:00:00,9.49812679405897
2024-04-15 02:00:00,9.99762890658212
2024-04-15 03:00:00,10.792222019571575
2024-04-15 04:00:00,11.827755925504313
2024-04-15 05:00:00,13.033660699991708
2024-04-15 06:00:00,14.327755925504313
2024-04-15 07:00:00,15.621851151016918
2024-04-15 08:00:00,16.827755925504313
2024-04-15 09:00:00,17.86328983143705
2024-04-15 10:00:00,18.657882944426504
2024-04-15 11:00:00,19.157385056949657
2024-04-15 12:00:00,19.327755925504313
2024-04-15 13:00:00,19.157385056949657
2024-04-15 14:00:00,18.657882944426508
2024-04-15 15:00:00,17.86328983143705
2024-04-15 16:00:00,16.827755925504313
2024-04-15 17:00:00,15.621851151016918
2024-04-15 18:00:00,14.327755925504313
2024-04-15 19:00:00,13.033660699991708
2024-04-15 20:00:00,11.827755925504315
2024-04-15 21:00:00,10.792222019571577
2024-04-15 22:00:00,9.997628906582122
2024-04-15 23:00:00,9.49812679405897
2024-04-16 00:00:00,9.482293417404104
2024-04-16 01:00:00,9.652664285958762
2024-04-16 02:00:00,10.152166398481912
2024-04-16 03:00:00,10.946759511471367
2024-04-16 04:00:00,11.982293417404104
2024-04-16 05:00:00,13.1881981918915
2024-04-16 06:00:00,14.482293417404104
2024-04-16 07:00:00,15.776388642916709
2024-04-16 08:00:00,16.982293417404104
2024-04-16 09:00:00,18.017827323336842
2024-04-16 10:00:00,18.8124204363263
2024-04-16 11:00:00,19.311922548849445
2024-04-16 12:00:00,19.482293417404104
2024-04-16 13:00:00,19.311922548849445
2024-04-16 14:00:00,18.8124204363263
2024-04-16 15:00:00,18.017827323336842
2024-04-16 16:00:00,16.982293417404104
2024-04-16 17:00:00,15.776388642916709
2024-04-16 18:00:00,14.482293417404104
2024-04-16 19:00:00,13.1881981918915
2024-04-16 20:00:00,11.982293417404106
2024-04-16 21:00:00,10.946759511471368
2024-04-16 22:00:00,10.152166398481913
2024-04-16 23:00:00,9.652664285958762
2024-04-17 00:00:00,9.635502709028508
2024-04-17 01:00:00,9.805873577583165
2024-04-17 02:00:00,10.305375690106315
2024-04-17 03:00:00,11.09996880309577
2024-04-17 04:00:00,12.135502709028508
2024-04-17 05:00:00,13.341407483515903
2024-04-17 06:00:00,14.635502709028508
2024-04-17 07:00:00,15.929597934541112
2024-04-17 08:00:00,17.135502709028508
2024-04-17 09:00:00,18.171036614961245
2024-04-17 10:00:00,18.9656297279507
2024-04-17 11:00:00,19.465131840473852
2024-04-17 12:00:00,19.635502709028508
2024-04-17 13:00:00,19.465131840473852
2024-04-17 14:00:00,18.965629727950702
2024-04-17 15:00:00,18.171036614961245
2024-04-17 16:00:00,17.135502709028508
2024-04-17 17:00:00,15.929597934541112
2024-04-17 18:00:00,14.635502709028508
2024-04-17 19:00:00,13.341407483515903
2024-04-17 20:00:00,12.13550270902851
2024-04-17 21:00:00,11.099968803095772
2024-04-17 22:00:00,10.305375690106317
2024-04-17 23:00:00,9.805873577583165
2024-04-18 00:00:00,9.787338401157886
2024-04-18 01:00:00,9.957709269712543
2024-04-18 02:00:00,10.457211382235693
2024-04-18 03:00:00,11.251804495225148
2024-04-18 04:00:00,12.287338401157886
2024-04-18 05:00:00,13.493243175645281
2024-04-18 06:00:00,14.787338401157886
2024-04-18 07:00:00,16.08143362667049
2024-04-18 08:00:00,17.287338401157886
2024-04-18 09:00:00,18.322872307090623
2024-04-18 10:00:00,19.11746542008008
2024-04-18 11:00:00,19.616967532603226
2024-04-18 12:00:00,19.787338401157886
2024-04-18 13:00:00,19.616967532603226
2024-04-18 14:00:00,19.11746542008008
2024-04-18 15:00:00,18.322872307090623
2024-04-18 16:00:00,17.287338401157886
2024-04-18 17:00:00,16.081433626670492
2024-04-18 18:00:00,14.787338401157886
2024-04-18 19:00:00,13.493243175645281
2024-04-18 20:00:00,12.287338401157887
2024-04-18 21:00:00,11.25180449522515
2024-04-18 22:00:00,10.457211382235695
2024-04-18 23:00:00,9.957709269712543
2024-04-19 00:00:00,9.93775550159977
2024-04-19 01:00:00,10.108126370154428
2024-04-19 02:00:00,10.607628482677578
2024-04-19 03:00:00,11.402221595667033
2024-04-19 04:00:00,12.43775550159977
2024-04-19 05:00:00,13.643660276087166
2024-04-19 06:00:00,14.93775550159977
2024-04-19 07:00:00,16.231850727112374
2024-04-19 08:00:00,17.43775550159977
2024-04-19 09:00:00,18.47328940753251
2024-04-19 10:00:00,19.267882520521965
2024-04-19 11:00:00,19.76738463304511
2024-04-19 12:00:00,19.93775550159977
2024-04-19 13:00:00,19.76738463304511
2024-04-19 14:00:00,19.267882520521965
2024-04-19 15:00:00,18.47328940753251
2024-04-19 16:00:00,17.43775550159977
2024-04-19 17:00:00,16.231850727112377
2024-04-19 18:00:00,14.93775550159977
2024-04-19 19:00:00,13.643660276087166
2024-04-19 20:00:00,12.437755501599773
2024-04-19 21:00:00,11.402221595667035
2024-04-19 22:00:00,10.60762848267758
2024-04-19 23:00:00,10.108126370154428
2024-04-20 00:00:00,10.086709438521044
2024-04-20 01:00:00,10.257080307075702
2024-04-20 02:00:00,10.756582419598852
2024-04-20 03:00:00,11.551175532588307
2024-04-20 04:00:00,12.586709438521044
2024-04-20 05:00:00,13.79261421300844
2024-04-20 06:00:00,15.086709438521044
2024-04-20 07:00:00,16.380804664033647
2024-04-20 08:00:00,17.586709438521044
2024-04-20 09:00:00,18.622243344453782
2024-04-20 10:00:00,19.41683645744324
2024-04-20 11:00:00,19.916338569966385
2024-04-20 12:00:00,20.086709438521044
2024-04-20 13:00:00,19.916338569966385
2024-04-20 14:00:00,19.41683645744324
2024-04-20 15:00:00,18.622243344453782
2024-04-20 16:00:00,17.586709438521044
2024-04-20 17:00:00,16.38080466403365
2024-04-20 18:00:00,15.086709438521044
2024-04-20 19:00:00,13.79261421300844
2024-04-20 20:00:00,12.586709438521046
2024-04-20 21:00:00,11.551175532588308
2024-04-20 22:00:00,10.756582419598853
2024-04-20 23:00:00,10.257080307075702
2024-04-21 00:00:00,10.234156073655502
2024-04-21 01:00:00,10.40452694221016
2024-04-21 02:00:00,10.904029054733309
2024-04-21 03:00:00,11.698622167722764
2024-04-21 04:00:00,12.734156073655502
2024-04-21 05:00:00,13.940060848142897
2024-04-21 06:00:00,15.234156073655502
2024-04-21 07:00:00,16.528251299168105
2024-04-21 08:00:00,17.7341560736555
2024-04-21 09:00:00,18.76968997958824
2024-04-21 10:00:00,19.564283092577696
2024-04-21 11:00:00,20.063785205100842
2024-04-21 12:00:00,20.2341560736555
2024-04-21 13:00:00,20.063785205100842
2024-04-21 14:00:00,19.564283092577696
2024-04-21 15:00:00,18.76968997958824
2024-04-21 16:00:00,17.7341560736555
2024-04-21 17:00:00,16.528251299168108
2024-04-21 18:00:00,15.234156073655502
2024-04-21 19:00:00,13.940060848142897
2024-04-21 20:00:00,12.734156073655504
2024-04-21 21:00:00,11.698622167722766
2024-04-21 22:00:00,10.90402905473331
2024-04-21 23:00:00,10.40452694221016
2024-04-22 00:00:00,10.380051715382995
2024-04-22 01:00:00,10.550422583937653
2024-04-22 02:00:00,11.049924696460803
2024-04-22 03:00:00,11.844517809450258
2024-04-22 04:00:00,12.880051715382995
2024-04-22 05:00:00,14.08595648987039
2024-04-22 06:00:00,15.380051715382995
2024-04-22 07:00:00,16.6741469408956
2024-04-22 08:00:00,17.880051715382994
2024-04-22 09:00:00,18.915585621315735
2024-04-22 10:00:00,19.710178734305188
2024-04-22 11:00:00,20.209680846828338
2024-04-22 12:00:00,20.380051715382997
2024-04-22 13:00:00,20.209680846828338
2024-04-22 14:00:00,19.710178734305188
2024-04-22 15:00:00,18.915585621315735
2024-04-22 16:00:00,17.880051715382994
2024-04-22 17:00:00,16.6741469408956
2024-04-22 18:00:00,15.380051715382995
2024-04-22 19:00:00,14.08595648987039
2024-04-22 20:00:00,12.880051715382997
2024-04-22 21:00:00,11.84451780945026
2024-04-22 22:00:00,11.049924696460804
2024-04-22 23:00:00,10.550422583937653
2024-04-23 00:00:00,10.524353131676197
2024-04-23 01:00:00,10.694724000230854
2024-04-23 02:00:00,11.194226112754004
2024-04-23 03:00:00,11.988819225743459
2024-04-23 04:00:00,13.024353131676197
2024-04-23 05:00:00,14.230257906163592
2024-04-23 06:00:00,15.524353131676197
2024-04-23 07:00:00,16.8184483571888
2024-04-23 08:00:00,18.024353131676197
2024-04-23 09:00:00,19.059887037608934
2024-04-23 10:00:00,19.85448015059839
2024-04-23 11:00:00,20.353982263121537
2024-04-23 12:00:00,20.524353131676197
2024-04-23 13:00:00,20.353982263121537
2024-04-23 14:00:00,19.85448015059839
2024-04-23 15:00:00,19.059887037608934
2024-04-23 16:00:00,18.024353131676197
2024-04-23 17:00:00,16.818448357188803
2024-04-23 18:00:00,15.524353131676197
2024-04-23 19:00:00,14.230257906163592
2024-04-23 20:00:00,13.024353131676198
2024-04-23 21:00:00,11.98881922574346
2024-04-23 22:00:00,11.194226112754006
2024-04-23 23:00:00,10.694724000230854
2024-04-24 00:00:00,10.667017562911175
2024-04-24 01:00:00,10.837388431465833
2024-04-24 02:00:00,11.336890543988982
2024-04-24 03:00:00,12.131483656978437
2024-04-24 04:00:00,13.167017562911175
2024-04-24 05:00:00,14.37292233739857
2024-04-24 06:00:00,15.667017562911175
2024-04-24 07:00:00,16.96111278842378
2024-04-24 08:00:00,18.167017562911173
2024-04-24 09:00:00,19.202551468843915
2024-04-24 10:00:00,19.997144581833368
2024-04-24 11:00:00,20.496646694356517
2024-04-24 12:00:00,20.667017562911177
2024-04-24 13:00:00,20.496646694356517
2024-04-24 14:00:00,19.997144581833368
2024-04-24 15:00:00,19.202551468843915
2024-04-24 16:00:00,18.167017562911173
2024-04-24 17:00:00,16.96111278842378
2024-04-24 18:00:00,15.667017562911175
2024-04-24 19:00:00,14.37292233739857
2024-04-24 20:00:00,13.167017562911177
2024-04-24 21:00:00,12.131483656978439
2024-04-24 22:00:00,11.336890543988984
2024-04-24 23:00:00,10.837388431465833
2024-04-25 00:00:00,10.808002734538007
2024-04-25 01:00:00,10.978373603092665
2024-04-25 02:00:00,11.477875715615815
2024-04-25 03:00:00,12.27246882860527
2024-04-25 04:00:00,13.308002734538007
2024-04-25 05:00:00,14.513907509025403
2024-04-25 06:00:00,15.808002734538007
2024-04-25 07:00:00,17.10209796005061
2024-04-25 08:00:00,18.308002734538007
2024-04-25 09:00:00,19.343536640470745
2024-04-25 10:00:00,20.1381297534602
2024-04-25 11:00:00,20.63763186598335
2024-04-25 12:00:00,20.808002734538007
2024-04-25 13:00:00,20.63763186598335
2024-04-25 14:00:00,20.138129753460202
2024-04-25 15:00:00,19.343536640470745
2024-04-25 16:00:00,18.308002734538007
2024-04-25 17:00:00,17.102097960050614
2024-04-25 18:00:00,15.808002734538007
2024-04-25 19:00:00,14.513907509025403
2024-04-25 20:00:00,13.30800273453801
2024-04-25 21:00:00,12.272468828605271
2024-04-25 22:00:00,11.477875715615816
2024-04-25 23:00:00,10.978373603092665
2024-04-26 00:00:00,10.947266869607633
2024-04-26 01:00:00,11.11763773816229
2024-04-26 02:00:00,11.61713985068544
2024-04-26 03:00:00,12.411732963674895
2024-04-26 04:00:00,13.447266869607633
2024-04-26 05:00:00,14.653171644095028
2024-04-26 06:00:00,15.947266869607633
2024-04-26 07:00:00,17.241362095120238
2024-04-26 08:00:00,18.44726686960763
2024-04-26 09:00:00,19.48280077554037
2024-04-26 10:00:00,20.277393888529826
2024-04-26 11:00:00,20.776896001052975
2024-04-26 12:00:00,20.94726686960763
2024-04-26 13:00:00,20.776896001052975
2024-04-26 14:00:00,20.277393888529826
2024-04-26 15:00:00,19.482800775540372
2024-04-26 16:00:00,18.44726686960763
2024-04-26 17:00:00,17.241362095120238
2024-04-26 18:00:00,15.947266869607633
2024-04-26 19:00:00,14.653171644095028
2024-04-26 20:00:00,13.447266869607635
2024-04-26 21:00:00,12.411732963674897
2024-04-26 22:00:00,11.617139850685442
2024-04-26 23:00:00,11.11763773816229
2024-04-27 00:00:00,11.084768701151262
2024-04-27 01:00:00,11.25513956970592
2024-04-27 02:00:00,11.75464168222907
2024-04-27 03:00:00,12.549234795218524
2024-04-27 04:00:00,13.584768701151262
2024-04-27 05:00:00,14.790673475638657
2024-04-27 06:00:00,16.084768701151262
2024-04-27 07:00:00,17.378863926663865
2024-04-27 08:00:00,18.584768701151262
2024-04-27 09:00:00,19.620302607084
2024-04-27 10:00:00,20.414895720073453
2024-04-27 11:00:00,20.914397832596606
2024-04-27 12:00:00,21.084768701151262
2024-04-27 13:00:00,20.914397832596606
2024-04-27 14:00:00,20.414895720073456
2024-04-27 15:00:00,19.620302607084
2024-04-27 16:00:00,18.584768701151262
2024-04-27 17:00:00,17.37886392666387
2024-04-27 18:00:00,16.084768701151262
2024-04-27 19:00:00,14.790673475638657
2024-04-27 20:00:00,13.584768701151264
2024-04-27 21:00:00,12.549234795218526
2024-04-27 22:00:00,11.754641682229071
2024-04-27 23:00:00,11.25513956970592
2024-04-28 00:00:00,11.220467484408672
2024-04-28 01:00:00,11.39083835296333
2024-04-28 02:00:00,11.89034046548648
2024-04-28 03:00:00,12.684933578475935
2024-04-28 04:00:00,13.720467484408672
2024-04-28 05:00:00,14.926372258896068
2024-04-28 06:00:00,16.220467484408672
2024-04-28 07:00:00,17.514562709921275
2024-04-28 08:00:00,18.720467484408672
2024-04-28 09:00:00,19.75600139034141
2024-04-28 10:00:00,20.550594503330863
2024-04-28 11:00:00,21.050096615854017
2024-04-28 12:00:00,21.220467484408672
2024-04-28 13:00:00,21.050096615854017
2024-04-28 14:00:00,20.550594503330867
2024-04-28 15:00:00,19.75600139034141
2024-04-28 16:00:00,18.720467484408672
2024-04-28 17:00:00,17.51456270992128
2024-04-28 18:00:00,16.220467484408672
2024-04-28 19:00:00,14.926372258896068
2024-04-28 20:00:00,13.720467484408674
2024-04-28 21:00:00,12.684933578475936
2024-04-28 22:00:00,11.890340465486481
2024-04-28 23:00:00,11.39083835296333
2024-04-29 00:00:00,11.354323008901773
2024-04-29 01:00:00,11.52469387745643
2024-04-29 02:00:00,12.02419598997958
2024-04-29 03:00:00,12.818789102969035
2024-04-29 04:00:00,13.854323008901773
2024-04-29 05:00:00,15.060227783389168
2024-04-29 06:00:00,16.354323008901773
2024-04-29 07:00:00,17.648418234414375
2024-04-29 08:00:00,18.854323008901773
2024-04-29 09:00:00,19.88985691483451
2024-04-29 10:00:00,20.684450027823964
2024-04-29 11:00:00,21.183952140347117
2024-04-29 12:00:00,21.354323008901773
2024-04-29 13:00:00,21.183952140347117
2024-04-29 14:00:00,20.684450027823967
2024-04-29 15:00:00,19.88985691483451
2024-04-29 16:00:00,18.854323008901773
2024-04-29 17:00:00,17.64841823441438
2024-04-29 18:00:00,16.354323008901773
2024-04-29 19:00:00,15.060227783389168
2024-04-29 20:00:00,13.854323008901774
2024-04-29 21:00:00,12.818789102969037
2024-04-29 22:00:00,12.024195989979582
2024-04-29 23:00:00,11.52469387745643
2024-04-30 00:00:00,11.486295610349814
2024-04-30 01:00:00,11.656666478904471
2024-04-30 02:00:00,12.15616859142762
2024-04-30 03:00:00,12.950761704417076
2024-04-30 04:00:00,13.986295610349814
2024-04-30 05:00:00,15.192200384837209
2024-04-30 06:00:00,16.486295610349814
2024-04-30 07:00:00,17.780390835862416
2024-04-30 08:00:00,18.986295610349814
2024-04-30 09:00:00,20.02182951628255
2024-04-30 10:00:00,20.816422629272004
2024-04-30 11:00:00,21.315924741795158
2024-04-30 12:00:00,21.486295610349814
2024-04-30 13:00:00,21.315924741795158
2024-04-30 14:00:00,20.816422629272008
2024-04-30 15:00:00,20.02182951628255
2024-04-30 16:00:00,18.986295610349814
2024-04-30 17:00:00,17.78039083586242
2024-04-30 18:00:00,16.486295610349814
2024-04-30 19:00:00,15.192200384837209
2024-04-30 20:00:00,13.986295610349815
2024-04-30 21:00:00,12.950761704417078
2024-04-30 22:00:00,12.156168591427623
2024-04-30 23:00:00,11.656666478904471
2024-05-01 00:00:00,11.616346182422781
2024-05-01 01:00:00,11.786717050977439
2024-05-01 02:00:00,12.286219163500588
2024-05-01 03:00:00,13.080812276490043
2024-05-01 04:00:00,14.116346182422781
2024-05-01 05:00:00,15.322250956910176
2024-05-01 06:00:00,16.61634618242278
2024-05-01 07:00:00,17.910441407935384
2024-05-01 08:00:00,19.11634618242278
2024-05-01 09:00:00,20.15188008835552
2024-05-01 10:00:00,20.946473201344972
2024-05-01 11:00:00,21.445975313868125
2024-05-01 12:00:00,21.61634618242278
2024-05-01 13:00:00,21.445975313868125
2024-05-01 14:00:00,20.946473201344975
2024-05-01 15:00:00,20.15188008835552
2024-05-01 16:00:00,19.11634618242278
2024-05-01 17:00:00,17.910441407935387
2024-05-01 18:00:00,16.61634618242278
2024-05-01 19:00:00,15.322250956910176
2024-05-01 20:00:00,14.116346182422783
2024-05-01 21:00:00,13.080812276490045
2024-05-01 22:00:00,12.28621916350059
2024-05-01 23:00:00,11.786717050977439
2024-05-02 00:00:00,11.744436188329455
2024-05-02 01:00:00,11.914807056884113
2024-05-02 02:00:00,12.414309169407263
2024-05-02 03:00:00,13.208902282396718
2024-05-02 04:00:00,14.244436188329455
2024-05-02 05:00:00,15.45034096281685
2024-05-02 06:00:00,16.744436188329455
2024-05-02 07:00:00,18.03853141384206
2024-05-02 08:00:00,19.244436188329455
2024-05-02 09:00:00,20.279970094262193
2024-05-02 10:00:00,21.07456320725165
2024-05-02 11:00:00,21.574065319774796
2024-05-02 12:00:00,21.744436188329455
2024-05-02 13:00:00,21.574065319774796
2024-05-02 14:00:00,21.07456320725165
2024-05-02 15:00:00,20.279970094262193
2024-05-02 16:00:00,19.244436188329455
2024-05-02 17:00:00,18.038531413842062
2024-05-02 18:00:00,16.744436188329455
2024-05-02 19:00:00,15.45034096281685
2024-05-02 20:00:00,14.244436188329457
2024-05-02 21:00:00,13.20890228239672
2024-05-02 22:00:00,12.414309169407264
2024-05-02 23:00:00,11.914807056884113
2024-05-03 00:00:00,11.870527672236669
2024-05-03 01:00:00,12.040898540791327
2024-05-03 02:00:00,12.540400653314476
2024-05-03 03:00:00,13.334993766303931
2024-05-03 04:00:00,14.370527672236669
2024-05-03 05:00:00,15.576432446724064
2024-05-03 06:00:00,16.87052767223667
2024-05-03 07:00:00,18.164622897749272
2024-05-03 08:00:00,19.37052767223667
2024-05-03 09:00:00,20.406061578169407
2024-05-03 10:00:00,21.20065469115886
2024-05-03 11:00:00,21.700156803682013
2024-05-03 12:00:00,21.87052767223667
2024-05-03 13:00:00,21.700156803682013
2024-05-03 14:00:00,21.200654691158864
2024-05-03 15:00:00,20.406061578169407
2024-05-03 16:00:00,19.37052767223667
2024-05-03 17:00:00,18.164622897749275
2024-05-03 18:00:00,16.87052767223667
2024-05-03 19:00:00,15.576432446724064
2024-05-03 20:00:00,14.37052767223667
2024-05-03 21:00:00,13.334993766303933
2024-05-03 22:00:00,12.540400653314478
2024-05-03 23:00:00,12.040898540791327
2024-05-04 00:00:00,11.994583270516472
2024-05-04 01:00:00,12.16495413907113
2024-05-04 02:00:00,12.66445625159428
2024-05-04 03:00:00,13.459049364583734
2024-05-04 04:00:00,14.494583270516472
2024-05-04 05:00:00,15.700488045003867
2024-05-04 06:00:00,16.994583270516472
2024-05-04 07:00:00,18.288678496029075
2024-05-04 08:00:00,19.494583270516472
2024-05-04 09:00:00,20.53011717644921
2024-05-04 10:00:00,21.324710289438663
2024-05-04 11:00:00,21.824212401961816
2024-05-04 12:00:00,21.994583270516472
2024-05-04 13:00:00,21.824212401961816
2024-05-04 14:00:00,21.324710289438666
2024-05-04 15:00:00,20.53011717644921
2024-05-04 16:00:00,19.494583270516472
2024-05-04 17:00:00,18.28867849602908
2024-05-04 18:00:00,16.994583270516472
2024-05-04 19:00:00,15.700488045003867
2024-05-04 20:00:00,14.494583270516474
2024-05-04 21:00:00,13.459049364583736
2024-05-04 22:00:00,12.664456251594281
2024-05-04 23:00:00,12.16495413907113
2024-05-05 00:00:00,12.116566222817745
2024-05-05 01:00:00,12.286937091372403
2024-05-05 02:00:00,12.786439203895553
2024-05-05 03:00:00,13.581032316885008
2024-05-05 04:00:00,14.616566222817745
2024-05-05 05:00:00,15.82247099730514
2024-05-05 06:00:00,17.116566222817745
2024-05-05 07:00:00,18.410661448330348
2024-05-05 08:00:00,19.616566222817745
2024-05-05 09:00:00,20.652100128750483
2024-05-05 10:00:00,21.446693241739936
2024-05-05 11:00:00,21.94619535426309
2024-05-05 12:00:00,22.116566222817745
2024-05-05 13:00:00,21.94619535426309
2024-05-05 14:00:00,21.44669324173994
2024-05-05 15:00:00,20.652100128750483
2024-05-05 16:00:00,19.616566222817745
2024-05-05 17:00:00,18.41066144833035
2024-05-05 18:00:00,17.116566222817745
2024-05-05 19:00:00,15.82247099730514
2024-05-05 20:00:00,14.616566222817747
2024-05-05 21:00:00,13.58103231688501
2024-05-05 22:00:00,12.786439203895554
2024-05-05 23:00:00,12.286937091372403
2024-05-06 00:00:00,12.236440382959124
2024-05-06 01:00:00,12.406811251513782
2024-05-06 02:00:00,12.906313364036931
2024-05-06 03:00:00,13.700906477026386
2024-05-06 04:00:00,14.736440382959124
2024-05-06 05:00:00,15.94234515744652
2024-05-06 06:00:00,17.236440382959124
2024-05-06 07:00:00,18.530535608471727
2024-05-06 08:00:00,19.736440382959124
2024-05-06 09:00:00,20.77197428889186
2024-05-06 10:00:00,21.566567401881315
2024-05-06 11:00:00,22.066069514404468
2024-05-06 12:00:00,22.236440382959124
2024-05-06 13:00:00,22.066069514404468
2024-05-06 14:00:00,21.56656740188132
2024-05-06 15:00:00,20.77197428889186
2024-05-06 16:00:00,19.736440382959124
2024-05-06 17:00:00,18.53053560847173
2024-05-06 18:00:00,17.236440382959124
2024-05-06 19:00:00,15.94234515744652
2024-05-06 20:00:00,14.736440382959126
2024-05-06 21:00:00,13.700906477026388
2024-05-06 22:00:00,12.906313364036933
2024-05-06 23:00:00,12.406811251513782
2024-05-07 00:00:00,12.354170229639855
2024-05-07 01:00:00,12.524541098194513
2024-05-07 02:00:00,13.024043210717663
2024-05-07 03:00:00,13.818636323707118
2024-05-07 04:00:00,14.854170229639855
2024-05-07 05:00:00,16.060075004127253
2024-05-07 06:00:00,17.354170229639855
2024-05-07 07:00:00,18.64826545515246
2024-05-07 08:00:00,19.854170229639855
2024-05-07 09:00:00,20.889704135572593
2024-05-07 10:00:00,21.684297248562046
2024-05-07 11:00:00,22.1837993610852
2024-05-07 12:00:00,22.354170229639855
2024-05-07 13:00:00,22.1837993610852
2024-05-07 14:00:00,21.68429724856205
2024-05-07 15:00:00,20.889704135572593
2024-05-07 16:00:00,19.854170229639855
2024-05-07 17:00:00,18.648265455152462
2024-05-07 18:00:00,17.354170229639855
2024-05-07 19:00:00,16.060075004127253
2024-05-07 20:00:00,14.854170229639857
2024-05-07 21:00:00,13.81863632370712
2024-05-07 22:00:00,13.024043210717664
2024-05-07 23:00:00,12.524541098194513
2024-05-08 00:00:00,12.469720876965553
2024-05-08 01:00:00,12.64009174552021
2024-05-08 02:00:00,13.13959385804336
2024-05-08 03:00:00,13.934186971032815
2024-05-08 04:00:00,14.969720876965553
2024-05-08 05:00:00,16.17562565145295
2024-05-08 06:00:00,17.469720876965553
2024-05-08 07:00:00,18.763816102478156
2024-05-08 08:00:00,19.969720876965553
2024-05-08 09:00:00,21.00525478289829
2024-05-08 10:00:00,21.799847895887744
2024-05-08 11:00:00,22.299350008410897
2024-05-08 12:00:00,22.469720876965553
2024-05-08 13:00:00,22.299350008410897
2024-05-08 14:00:00,21.799847895887748
2024-05-08 15:00:00,21.00525478289829
2024-05-08 16:00:00,19.969720876965553
2024-05-08 17:00:00,18.76381610247816
2024-05-08 18:00:00,17.469720876965553
2024-05-08 19:00:00,16.17562565145295
2024-05-08 20:00:00,14.969720876965555
2024-05-08 21:00:00,13.934186971032817
2024-05-08 22:00:00,13.139593858043362
2024-05-08 23:00:00,12.64009174552021
2024-05-09 00:00:00,12.583058084785627
2024-05-09 01:00:00,12.753428953340284
2024-05-09 02:00:00,13.252931065863434
2024-05-09 03:00:00,14.047524178852889
2024-05-09 04:00:00,15.083058084785627
2024-05-09 05:00:00,16.288962859273024
2024-05-09 06:00:00,17.583058084785627
2024-05-09 07:00:00,18.87715331029823
2024-05-09 08:00:00,20.083058084785627
2024-05-09 09:00:00,21.118591990718365
2024-05-09 10:00:00,21.913185103707818
2024-05-09 11:00:00,22.41268721623097
2024-05-09 12:00:00,22.583058084785627
2024-05-09 13:00:00,22.41268721623097
2024-05-09 14:00:00,21.91318510370782
2024-05-09 15:00:00,21.118591990718365
2024-05-09 16:00:00,20.083058084785627
2024-05-09 17:00:00,18.877153310298233
2024-05-09 18:00:00,17.583058084785627
2024-05-09 19:00:00,16.288962859273024
2024-05-09 20:00:00,15.083058084785629
2024-05-09 21:00:00,14.04752417885289
2024-05-09 22:00:00,13.252931065863436
2024-05-09 23:00:00,12.753428953340284
2024-05-10 00:00:00,12.694148268839378
2024-05-10 01:00:00,12.864519137394035
2024-05-10 02:00:00,13.364021249917185
2024-05-10 03:00:00,14.15861436290664
2024-05-10 04:00:00,15.194148268839378
2024-05-10 05:00:00,16.400053043326775
2024-05-10 06:00:00,17.694148268839378
2024-05-10 07:00:00,18.98824349435198
2024-05-10 08:00:00,20.194148268839378
2024-05-10 09:00:00,21.229682174772115
2024-05-10 10:00:00,22.02427528776157
2024-05-10 11:00:00,22.52377740028472
2024-05-10 12:00:00,22.694148268839378
2024-05-10 13:00:00,22.52377740028472
2024-05-10 14:00:00,22.024275287761572
2024-05-10 15:00:00,21.229682174772115
2024-05-10 16:00:00,20.194148268839378
2024-05-10 17:00:00,18.988243494351984
2024-05-10 18:00:00,17.694148268839378
2024-05-10 19:00:00,16.400053043326775
2024-05-10 20:00:00,15.19414826883938
2024-05-10 21:00:00,14.158614362906642
2024-05-10 22:00:00,13.364021249917187
2024-05-10 23:00:00,12.864519137394035
2024-05-11 00:00:00,12.802958510707757
2024-05-11 01:00:00,12.973329379262415
2024-05-11 02:00:00,13.472831491785564
2024-05-11 03:00:00,14.26742460477502
2024-05-11 04:00:00,15.302958510707757
2024-05-11 05:00:00,16.508863285195154
2024-05-11 06:00:00,17.802958510707757
2024-05-11 07:00:00,19.09705373622036
2024-05-11 08:00:00,20.302958510707757
2024-05-11 09:00:00,21.338492416640495
2024-05-11 10:00:00,22.133085529629952
2024-05-11 11:00:00,22.632587642153098
2024-05-11 12:00:00,22.802958510707757
2024-05-11 13:00:00,22.632587642153098
2024-05-11 14:00:00,22.133085529629952
2024-05-11 15:00:00,21.338492416640495
2024-05-11 16:00:00,20.302958510707757
2024-05-11 17:00:00,19.097053736220364
2024-05-11 18:00:00,17.802958510707757
2024-05-11 19:00:00,16.508863285195154
2024-05-11 20:00:00,15.302958510707759
2024-05-11 21:00:00,14.267424604775021
2024-05-11 22:00:00,13.472831491785566
2024-05-11 23:00:00,12.973329379262415
2024-05-12 00:00:00,12.909456567567773
2024-05-12 01:00:00,13.07982743612243
2024-05-12 02:00:00,13.57932954864558
2024-05-12 03:00:00,14.373922661635035
2024-05-12 04:00:00,15.409456567567773
2024-05-12 05:00:00,16.61536134205517
2024-05-12 06:00:00,17.909456567567773
2024-05-12 07:00:00,19.203551793080376
2024-05-12 08:00:00,20.409456567567773
2024-05-12 09:00:00,21.44499047350051
2024-05-12 10:00:00,22.239583586489964
2024-05-12 11:00:00,22.739085699013117
2024-05-12 12:00:00,22.909456567567773
2024-05-12 13:00:00,22.739085699013117
2024-05-12 14:00:00,22.239583586489967
2024-05-12 15:00:00,21.44499047350051
2024-05-12 16:00:00,20.409456567567773
2024-05-12 17:00:00,19.20355179308038
2024-05-12 18:00:00,17.909456567567773
2024-05-12 19:00:00,16.61536134205517
2024-05-12 20:00:00,15.409456567567775
2024-05-12 21:00:00,14.373922661635037
2024-05-12 22:00:00,13.579329548645582
2024-05-12 23:00:00,13.07982743612243
2024-05-13 00:00:00,13.013610881746764
2024-05-13 01:00:00,13.183981750301422
2024-05-13 02:00:00,13.683483862824572
2024-05-13 03:00:00,14.478076975814027
2024-05-13 04:00:00,15.513610881746764
2024-05-13 05:00:00,16.71951565623416
2024-05-13 06:00:00,18.013610881746764
2024-05-13 07:00:00,19.307706107259367
2024-05-13 08:00:00,20.513610881746764
2024-05-13 09:00:00,21.549144787679502
2024-05-13 10:00:00,22.343737900668955
2024-05-13 11:00:00,22.84324001319211
2024-05-13 12:00:00,23.013610881746764
2024-05-13 13:00:00,22.84324001319211
2024-05-13 14:00:00,22.34373790066896
2024-05-13 15:00:00,21.549144787679502
2024-05-13 16:00:00,20.513610881746764
2024-05-13 17:00:00,19.30770610725937
2024-05-13 18:00:00,18.013610881746764
2024-05-13 19:00:00,16.71951565623416
2024-05-13 20:00:00,15.513610881746766
2024-05-13 21:00:00,14.478076975814028
2024-05-13 22:00:00,13.683483862824573
2024-05-13 23:00:00,13.183981750301422
2024-05-14 00:00:00,13.11539059007361
2024-05-14 01:00:00,13.285761458628267
2024-05-14 02:00:00,13.785263571151416
2024-05-14 03:00:00,14.579856684140871
2024-05-14 04:00:00,15.61539059007361
2024-05-14 05:00:00,16.821295364561006
2024-05-14 06:00:00,18.11539059007361
2024-05-14 07:00:00,19.409485815586212
2024-05-14 08:00:00,20.61539059007361
2024-05-14 09:00:00,21.650924496006347
2024-05-14 10:00:00,22.4455176089958
2024-05-14 11:00:00,22.945019721518953
2024-05-14 12:00:00,23.11539059007361
2024-05-14 13:00:00,22.945019721518953
2024-05-14 14:00:00,22.445517608995804
2024-05-14 15:00:00,21.650924496006347
2024-05-14 16:00:00,20.61539059007361
2024-05-14 17:00:00,19.409485815586216
2024-05-14 18:00:00,18.11539059007361
2024-05-14 19:00:00,16.821295364561006
2024-05-14 20:00:00,15.615390590073611
2024-05-14 21:00:00,14.579856684140873
2024-05-14 22:00:00,13.785263571151418
2024-05-14 23:00:00,13.285761458628267
2024-05-15 00:00:00,13.214765533024142
2024-05-15 01:00:00,13.3851364015788
2024-05-15 02:00:00,13.88463851410195
2024-05-15 03:00:00,14.679231627091404
2024-05-15 04:00:00,15.714765533024142
2024-05-15 05:00:00,16.92067030751154
2024-05-15 06:00:00,18.214765533024142
2024-05-15 07:00:00,19.508860758536745
2024-05-15 08:00:00,20.714765533024142
2024-05-15 09:00:00,21.75029943895688
2024-05-15 10:00:00,22.544892551946333
2024-05-15 11:00:00,23.044394664469486
2024-05-15 12:00:00,23.214765533024142
2024-05-15 13:00:00,23.044394664469486
2024-05-15 14:00:00,22.544892551946337
2024-05-15 15:00:00,21.75029943895688
2024-05-15 16:00:00,20.714765533024142
2024-05-15 17:00:00,19.50886075853675
2024-05-15 18:00:00,18.214765533024142
2024-05-15 19:00:00,16.92067030751154
2024-05-15 20:00:00,15.714765533024144
2024-05-15 21:00:00,14.679231627091406
2024-05-15 22:00:00,13.884638514101951
2024-05-15 23:00:00,13.3851364015788
2024-05-16 00:00:00,13.311706263658081
2024-05-16 01:00:00,13.482077132212739
2024-05-16 02:00:00,13.981579244735888
2024-05-16 03:00:00,14.776172357725343
2024-05-16 04:00:00,15.811706263658081
2024-05-16 05:00:00,17.01761103814548
2024-05-16 06:00:00,18.31170626365808
2024-05-16 07:00:00,19.605801489170684
2024-05-16 08:00:00,20.81170626365808
2024-05-16 09:00:00,21.84724016959082
2024-05-16 10:00:00,22.641833282580272
2024-05-16 11:00:00,23.141335395103425
2024-05-16 12:00:00,23.31170626365808
2024-05-16 13:00:00,23.141335395103425
2024-05-16 14:00:00,22.641833282580276
2024-05-16 15:00:00,21.84724016959082
2024-05-16 16:00:00,20.81170626365808
2024-05-16 17:00:00,19.605801489170688
2024-05-16 18:00:00,18.31170626365808
2024-05-16 19:00:00,17.01761103814548
2024-05-16 20:00:00,15.811706263658083
2024-05-16 21:00:00,14.776172357725345
2024-05-16 22:00:00,13.98157924473589
2024-05-16 23:00:00,13.482077132212739
2024-05-17 00:00:00,13.406184056344784
2024-05-17 01:00:00,13.576554924899442
2024-05-17 02:00:00,14.076057037422592
2024-05-17 03:00:00,14.870650150412047
2024-05-17 04:00:00,15.906184056344784
2024-05-17 05:00:00,17.11208883083218
2024-05-17 06:00:00,18.406184056344784
2024-05-17 07:00:00,19.700279281857387
2024-05-17 08:00:00,20.906184056344784
2024-05-17 09:00:00,21.941717962277522
2024-05-17 10:00:00,22.736311075266975
2024-05-17 11:00:00,23.23581318779013
2024-05-17 12:00:00,23.406184056344784
2024-05-17 13:00:00,23.23581318779013
2024-05-17 14:00:00,22.73631107526698
2024-05-17 15:00:00,21.941717962277522
2024-05-17 16:00:00,20.906184056344784
2024-05-17 17:00:00,19.70027928185739
2024-05-17 18:00:00,18.406184056344784
2024-05-17 19:00:00,17.11208883083218
2024-05-17 20:00:00,15.906184056344786
2024-05-17 21:00:00,14.870650150412049
2024-05-17 22:00:00,14.076057037422594
2024-05-17 23:00:00,13.576554924899442
2024-05-18 00:00:00,13.498170915275278
2024-05-18 01:00:00,13.668541783829935
2024-05-18 02:00:00,14.168043896353085
2024-05-18 03:00:00,14.96263700934254
2024-05-18 04:00:00,15.998170915275278
2024-05-18 05:00:00,17.204075689762675
2024-05-18 06:00:00,18.498170915275278
2024-05-18 07:00:00,19.79226614078788
2024-05-18 08:00:00,20.998170915275278
2024-05-18 09:00:00,22.033704821208016
2024-05-18 10:00:00,22.828297934197472
2024-05-18 11:00:00,23.32780004672062
2024-05-18 12:00:00,23.498170915275278
2024-05-18 13:00:00,23.32780004672062
2024-05-18 14:00:00,22.828297934197472
2024-05-18 15:00:00,22.033704821208016
2024-05-18 16:00:00,20.998170915275278
2024-05-18 17:00:00,19.792266140787884
2024-05-18 18:00:00,18.498170915275278
2024-05-18 19:00:00,17.204075689762675
2024-05-18 20:00:00,15.99817091527528
2024-05-18 21:00:00,14.962637009342542
2024-05-18 22:00:00,14.168043896353087
2024-05-18 23:00:00,13.668541783829935
2024-05-19 00:00:00,13.58763958275803
2024-05-19 01:00:00,13.758010451312687
2024-05-19 02:00:00,14.257512563835837
2024-05-19 03:00:00,15.052105676825292
2024-05-19 04:00:00,16.08763958275803
2024-05-19 05:00:00,17.293544357245427
2024-05-19 06:00:00,18.58763958275803
2024-05-19 07:00:00,19.881734808270632
2024-05-19 08:00:00,21.08763958275803
2024-05-19 09:00:00,22.123173488690767
2024-05-19 10:00:00,22.91776660168022
2024-05-19 11:00:00,23.417268714203374
2024-05-19 12:00:00,23.58763958275803
2024-05-19 13:00:00,23.417268714203374
2024-05-19 14:00:00,22.917766601680224
2024-05-19 15:00:00,22.123173488690767
2024-05-19 16:00:00,21.08763958275803
2024-05-19 17:00:00,19.881734808270636
2024-05-19 18:00:00,18.58763958275803
2024-05-19 19:00:00,17.293544357245427
2024-05-19 20:00:00,16.08763958275803
2024-05-19 21:00:00,15.052105676825294
2024-05-19 22:00:00,14.257512563835839
2024-05-19 23:00:00,13.758010451312687
2024-05-20 00:00:00,13.674563547295968
2024-05-20 01:00:00,13.844934415850625
2024-05-20 02:00:00,14.344436528373775
2024-05-20 03:00:00,15.13902964136323
2024-05-20 04:00:00,16.174563547295968
2024-05-20 05:00:00,17.380468321783365
2024-05-20 06:00:00,18.674563547295968
2024-05-20 07:00:00,19.96865877280857
2024-05-20 08:00:00,21.174563547295968
2024-05-20 09:00:00,22.210097453228705
2024-05-20 10:00:00,23.00469056621816
2024-05-20 11:00:00,23.504192678741312
2024-05-20 12:00:00,23.674563547295968
2024-05-20 13:00:00,23.504192678741312
2024-05-20 14:00:00,23.004690566218162
2024-05-20 15:00:00,22.210097453228705
2024-05-20 16:00:00,21.174563547295968
2024-05-20 17:00:00,19.968658772808574
2024-05-20 18:00:00,18.674563547295968
2024-05-20 19:00:00,17.380468321783365
2024-05-20 20:00:00,16.174563547295968
2024-05-20 21:00:00,15.139029641363232
2024-05-20 22:00:00,14.344436528373777
2024-05-20 23:00:00,13.844934415850625
2024-05-21 00:00:00,13.758917051442427
2024-05-21 01:00:00,13.929287919997085
2024-05-21 02:00:00,14.428790032520235
2024-05-21 03:00:00,15.22338314550969
2024-05-21 04:00:00,16.258917051442427
2024-05-21 05:00:00,17.464821825929825
2024-05-21 06:00:00,18.758917051442427
2024-05-21 07:00:00,20.05301227695503
2024-05-21 08:00:00,21.258917051442427
2024-05-21 09:00:00,22.294450957375165
2024-05-21 10:00:00,23.089044070364622
2024-05-21 11:00:00,23.588546182887768
2024-05-21 12:00:00,23.758917051442427
2024-05-21 13:00:00,23.588546182887768
2024-05-21 14:00:00,23.089044070364622
2024-05-21 15:00:00,22.294450957375165
2024-05-21 16:00:00,21.258917051442427
2024-05-21 17:00:00,20.053012276955034
2024-05-21 18:00:00,18.758917051442427
2024-05-21 19:00:00,17.464821825929825
2024-05-21 20:00:00,16.258917051442427
2024-05-21 21:00:00,15.223383145509692
2024-05-21 22:00:00,14.428790032520237
2024-05-21 23:00:00,13.929287919997085
2024-05-22 00:00:00,13.840675099433636
2024-05-22 01:00:00,14.011045967988293
2024-05-22 02:00:00,14.510548080511443
2024-05-22 03:00:00,15.305141193500898
2024-05-22 04:00:00,16.340675099433636
2024-05-22 05:00:00,17.546579873921033
2024-05-22 06:00:00,18.840675099433636
2024-05-22 07:00:00,20.13477032494624
2024-05-22 08:00:00,21.340675099433636
2024-05-22 09:00:00,22.376209005366373
2024-05-22 10:00:00,23.17080211835583
2024-05-22 11:00:00,23.670304230878976
2024-05-22 12:00:00,23.840675099433636
2024-05-22 13:00:00,23.670304230878976
2024-05-22 14:00:00,23.17080211835583
2024-05-22 15:00:00,22.376209005366373
2024-05-22 16:00:00,21.340675099433636
2024-05-22 17:00:00,20.134770324946242
2024-05-22 18:00:00,18.840675099433636
2024-05-22 19:00:00,17.546579873921033
2024-05-22 20:00:00,16.340675099433636
2024-05-22 21:00:00,15.3051411935009
2024-05-22 22:00:00,14.510548080511445
2024-05-22 23:00:00,14.011045967988293
2024-05-23 00:00:00,13.919813464595485
2024-05-23 01:00:00,14.090184333150143
2024-05-23 02:00:00,14.589686445673292
2024-05-23 03:00:00,15.384279558662747
2024-05-23 04:00:00,16.419813464595485
2024-05-23 05:00:00,17.625718239082882
2024-05-23 06:00:00,18.919813464595485
2024-05-23 07:00:00,20.213908690108088
2024-05-23 08:00:00,21.419813464595485
2024-05-23 09:00:00,22.455347370528223
2024-05-23 10:00:00,23.249940483517676
2024-05-23 11:00:00,23.74944259604083
2024-05-23 12:00:00,23.919813464595485
2024-05-23 13:00:00,23.74944259604083
2024-05-23 14:00:00,23.24994048351768
2024-05-23 15:00:00,22.455347370528223
2024-05-23 16:00:00,21.419813464595485
2024-05-23 17:00:00,20.21390869010809
2024-05-23 18:00:00,18.919813464595485
2024-05-23 19:00:00,17.625718239082882
2024-05-23 20:00:00,16.419813464595485
2024-05-23 21:00:00,15.38427955866275
2024-05-23 22:00:00,14.589686445673294
2024-05-23 23:00:00,14.090184333150143
2024-05-24 00:00:00,13.996308696522433
2024-05-24 01:00:00,14.166679565077091
2024-05-24 02:00:00,14.66618167760024
2024-05-24 03:00:00,15.460774790589696
2024-05-24 04:00:00,16.496308696522433
2024-05-24 05:00:00,17.70221347100983
2024-05-24 06:00:00,18.996308696522433
2024-05-24 07:00:00,20.290403922035036
2024-05-24 08:00:00,21.496308696522433
2024-05-24 09:00:00,22.53184260245517
2024-05-24 10:00:00,23.326435715444624
2024-05-24 11:00:00,23.825937827967778
2024-05-24 12:00:00,23.996308696522433
2024-05-24 13:00:00,23.825937827967778
2024-05-24 14:00:00,23.326435715444628
2024-05-24 15:00:00,22.53184260245517
2024-05-24 16:00:00,21.496308696522433
2024-05-24 17:00:00,20.29040392203504
2024-05-24 18:00:00,18.996308696522433
2024-05-24 19:00:00,17.70221347100983
2024-05-24 20:00:00,16.496308696522433
2024-05-24 21:00:00,15.460774790589698
2024-05-24 22:00:00,14.666181677600242
2024-05-24 23:00:00,14.166679565077091
2024-05-25 00:00:00,14.070138128026358
2024-05-25 01:00:00,14.240508996581015
2024-05-25 02:00:00,14.740011109104165
2024-05-25 03:00:00,15.53460422209362
2024-05-25 04:00:00,16.570138128026358
2024-05-25 05:00:00,17.776042902513755
2024-05-25 06:00:00,19.070138128026358
2024-05-25 07:00:00,20.36423335353896
2024-05-25 08:00:00,21.570138128026358
2024-05-25 09:00:00,22.605672033959095
2024-05-25 10:00:00,23.40026514694855
2024-05-25 11:00:00,23.8997672594717
2024-05-25 12:00:00,24.070138128026358
2024-05-25 13:00:00,23.8997672594717
2024-05-25 14:00:00,23.400265146948552
2024-05-25 15:00:00,22.605672033959095
2024-05-25 16:00:00,21.570138128026358
2024-05-25 17:00:00,20.364233353538964
2024-05-25 18:00:00,19.070138128026358
2024-05-25 19:00:00,17.776042902513755
2024-05-25 20:00:00,16.570138128026358
2024-05-25 21:00:00,15.534604222093622
2024-05-25 22:00:00,14.740011109104167
2024-05-25 23:00:00,14.240508996581015
2024-05-26 00:00:00,14.141279881853336
2024-05-26 01:00:00,14.311650750407994
2024-05-26 02:00:00,14.811152862931143
2024-05-26 03:00:00,15.605745975920598
2024-05-26 04:00:00,16.641279881853336
2024-05-26 05:00:00,17.847184656340733
2024-05-26 06:00:00,19.141279881853336
2024-05-26 07:00:00,20.43537510736594
2024-05-26 08:00:00,21.641279881853336
2024-05-26 09:00:00,22.676813787786074
2024-05-26 10:00:00,23.471406900775527
2024-05-26 11:00:00,23.97090901329868
2024-05-26 12:00:00,24.141279881853336
2024-05-26 13:00:00,23.97090901329868
2024-05-26 14:00:00,23.47140690077553
2024-05-26 15:00:00,22.676813787786074
2024-05-26 16:00:00,21.641279881853336
2024-05-26 17:00:00,20.435375107365942
2024-05-26 18:00:00,19.141279881853336
2024-05-26 19:00:00,17.847184656340733
2024-05-26 20:00:00,16.641279881853336
2024-05-26 21:00:00,15.6057459759206
2024-05-26 22:00:00,14.811152862931145
2024-05-26 23:00:00,14.311650750407994
2024-05-27 00:00:00,14.209712877166346
2024-05-27 01:00:00,14.380083745721004
2024-05-27 02:00:00,14.879585858244154
2024-05-27 03:00:00,15.674178971233609
2024-05-27 04:00:00,16.709712877166346
2024-05-27 05:00:00,17.915617651653744
2024-05-27 06:00:00,19.209712877166346
2024-05-27 07:00:00,20.50380810267895
2024-05-27 08:00:00,21.709712877166346
2024-05-27 09:00:00,22.745246783099084
2024-05-27 10:00:00,23.539839896088537
2024-05-27 11:00:00,24.03934200861169
2024-05-27 12:00:00,24.209712877166346
2024-05-27 13:00:00,24.03934200861169
2024-05-27 14:00:00,23.53983989608854
2024-05-27 15:00:00,22.745246783099084
2024-05-27 16:00:00,21.709712877166346
2024-05-27 17:00:00,20.503808102678953
2024-05-27 18:00:00,19.209712877166346
2024-05-27 19:00:00,17.915617651653744
2024-05-27 20:00:00,16.709712877166346
2024-05-27 21:00:00,15.67417897123361
2024-05-27 22:00:00,14.879585858244155
2024-05-27 23:00:00,14.380083745721004
2024-05-28 00:00:00,14.275416835791965
2024-05-28 01:00:00,14.445787704346623
2024-05-28 02:00:00,14.945289816869773
2024-05-28 03:00:00,15.739882929859228
2024-05-28 04:00:00,16.775416835791965
2024-05-28 05:00:00,17.981321610279362
2024-05-28 06:00:00,19.275416835791965
2024-05-28 07:00:00,20.569512061304568
2024-05-28 08:00:00,21.775416835791965
2024-05-28 09:00:00,22.810950741724703
2024-05-28 10:00:00,23.605543854714156
2024-05-28 11:00:00,24.10504596723731
2024-05-28 12:00:00,24.275416835791965
2024-05-28 13:00:00,24.10504596723731
2024-05-28 14:00:00,23.60554385471416
2024-05-28 15:00:00,22.810950741724703
2024-05-28 16:00:00,21.775416835791965
2024-05-28 17:00:00,20.56951206130457
2024-05-28 18:00:00,19.275416835791965
2024-05-28 19:00:00,17.981321610279362
2024-05-28 20:00:00,16.775416835791965
2024-05-28 21:00:00,15.73988292985923
2024-05-28 22:00:00,14.945289816869774
2024-05-28 23:00:00,14.445787704346623
2024-05-29 00:00:00,14.338372288229252
2024-05-29 01:00:00,14.50874315678391
2024-05-29 02:00:00,15.008245269307059
2024-05-29 03:00:00,15.802838382296514
2024-05-29 04:00:00,16.83837228822925
2024-05-29 05:00:00,18.04427706271665
2024-05-29 06:00:00,19.33837228822925
2024-05-29 07:00:00,20.632467513741855
2024-05-29 08:00:00,21.83837228822925
2024-05-29 09:00:00,22.87390619416199
2024-05-29 10:00:00,23.668499307151443
2024-05-29 11:00:00,24.168001419674596
2024-05-29 12:00:00,24.33837228822925
2024-05-29 13:00:00,24.168001419674596
2024-05-29 14:00:00,23.668499307151446
2024-05-29 15:00:00,22.87390619416199
2024-05-29 16:00:00,21.83837228822925
2024-05-29 17:00:00,20.632467513741858
2024-05-29 18:00:00,19.33837228822925
2024-05-29 19:00:00,18.04427706271665
2024-05-29 20:00:00,16.83837228822925
2024-05-29 21:00:00,15.802838382296516
2024-05-29 22:00:00,15.00824526930706
2024-05-29 23:00:00,14.50874315678391
2024-05-30 00:00:00,14.398560579418955
2024-05-30 01:00:00,14.568931447973613
2024-05-30 02:00:00,15.068433560496763
2024-05-30 03:00:00,15.863026673486218
2024-05-30 04:00:00,16.898560579418955
2024-05-30 05:00:00,18.104465353906352
2024-05-30 06:00:00,19.398560579418955
2024-05-30 07:00:00,20.692655804931558
2024-05-30 08:00:00,21.898560579418955
2024-05-30 09:00:00,22.934094485351693
2024-05-30 10:00:00,23.728687598341146
2024-05-30 11:00:00,24.2281897108643
2024-05-30 12:00:00,24.398560579418955
2024-05-30 13:00:00,24.2281897108643
2024-05-30 14:00:00,23.72868759834115
2024-05-30 15:00:00,22.934094485351693
2024-05-30 16:00:00,21.898560579418955
2024-05-30 17:00:00,20.69265580493156
2024-05-30 18:00:00,19.398560579418955
2024-05-30 19:00:00,18.104465353906352
2024-05-30 20:00:00,16.898560579418955
2024-05-30 21:00:00,15.86302667348622
2024-05-30 22:00:00,15.068433560496764
2024-05-30 23:00:00,14.568931447973613
2024-05-31 00:00:00,14.455963874271426
2024-05-31 01:00:00,14.626334742826083
2024-05-31 02:00:00,15.125836855349233
2024-05-31 03:00:00,15.920429968338688
2024-05-31 04:00:00,16.955963874271426
2024-05-31 05:00:00,18.161868648758823
2024-05-31 06:00:00,19.455963874271426
2024-05-31 07:00:00,20.75005909978403
2024-05-31 08:00:00,21.955963874271426
2024-05-31 09:00:00,22.991497780204163
2024-05-31 10:00:00,23.786090893193617
2024-05-31 11:00:00,24.28559300571677
2024-05-31 12:00:00,24.455963874271426
2024-05-31 13:00:00,24.28559300571677
2024-05-31 14:00:00,23.78609089319362
2024-05-31 15:00:00,22.991497780204163
2024-05-31 16:00:00,21.955963874271426
2024-05-31 17:00:00,20.750059099784032
2024-05-31 18:00:00,19.455963874271426
2024-05-31 19:00:00,18.161868648758823
2024-05-31 20:00:00,16.955963874271426
2024-05-31 21:00:00,15.92042996833869
2024-05-31 22:00:00,15.125836855349235
2024-05-31 23:00:00,14.626334742826083
2024-06-01 00:00:00,14.510565162951536
2024-06-01 01:00:00,14.680936031506194
2024-06-01 02:00:00,15.180438144029344
2024-06-01 03:00:00,15.975031257018799
2024-06-01 04:00:00,17.010565162951536
2024-06-01 05:00:00,18.216469937438934
2024-06-01 06:00:00,19.510565162951536
2024-06-01 07:00:00,20.80466038846414
2024-06-01 08:00:00,22.010565162951536
2024-06-01 09:00:00,23.046099068884274
2024-06-01 10:00:00,23.840692181873727
2024-06-01 11:00:00,24.34019429439688
2024-06-01 12:00:00,24.510565162951536
2024-06-01 13:00:00,24.34019429439688
2024-06-01 14:00:00,23.84069218187373
2024-06-01 15:00:00,23.046099068884274
2024-06-01 16:00:00,22.010565162951536
2024-06-01 17:00:00,20.804660388464143
2024-06-01 18:00:00,19.510565162951536
2024-06-01 19:00:00,18.216469937438934
2024-06-01 20:00:00,17.010565162951536
2024-06-01 21:00:00,15.9750312570188
2024-06-01 22:00:00,15.180438144029345
2024-06-01 23:00:00,14.680936031506194
2024-06-02 00:00:00,14.56234826591906
2024-06-02 01:00:00,14.732719134473717
2024-06-02 02:00:00,15.232221246996867
2024-06-02 03:00:00,16.02681435998632
2024-06-02 04:00:00,17.06234826591906
2024-06-02 05:00:00,18.268253040406456
2024-06-02 06:00:00,19.56234826591906
2024-06-02 07:00:00,20.856443491431662
2024-06-02 08:00:00,22.06234826591906
2024-06-02 09:00:00,23.097882171851797
2024-06-02 10:00:00,23.892475284841254
2024-06-02 11:00:00,24.3919773973644
2024-06-02 12:00:00,24.56234826591906
2024-06-02 13:00:00,24.3919773973644
2024-06-02 14:00:00,23.892475284841254
2024-06-02 15:00:00,23.097882171851797
2024-06-02 16:00:00,22.06234826591906
2024-06-02 17:00:00,20.856443491431666
2024-06-02 18:00:00,19.56234826591906
2024-06-02 19:00:00,18.268253040406456
2024-06-02 20:00:00,17.06234826591906
2024-06-02 21:00:00,16.026814359986325
2024-06-02 22:00:00,15.232221246996868
2024-06-02 23:00:00,14.732719134473717
2024-06-03 00:00:00,14.611297838723008
2024-06-03 01:00:00,14.781668707277666
2024-06-03 02:00:00,15.281170819800815
2024-06-03 03:00:00,16.07576393279027
2024-06-03 04:00:00,17.111297838723008
2024-06-03 05:00:00,18.317202613210405
2024-06-03 06:00:00,19.611297838723008
2024-06-03 07:00:00,20.90539306423561
2024-06-03 08:00:00,22.111297838723008
2024-06-03 09:00:00,23.146831744655746
2024-06-03 10:00:00,23.941424857645202
2024-06-03 11:00:00,24.44092697016835
2024-06-03 12:00:00,24.611297838723008
2024-06-03 13:00:00,24.44092697016835
2024-06-03 14:00:00,23.941424857645202
2024-06-03 15:00:00,23.146831744655746
2024-06-03 16:00:00,22.111297838723008
2024-06-03 17:00:00,20.905393064235614
2024-06-03 18:00:00,19.611297838723008
2024-06-03 19:00:00,18.317202613210405
2024-06-03 20:00:00,17.111297838723008
2024-06-03 21:00:00,16.075763932790274
2024-06-03 22:00:00,15.281170819800817
2024-06-03 23:00:00,14.781668707277666
2024-06-04 00:00:00,14.65739937654855
2024-06-04 01:00:00,14.827770245103208
2024-06-04 02:00:00,15.327272357626358
2024-06-04 03:00:00,16.121865470615813
2024-06-04 04:00:00,17.15739937654855
2024-06-04 05:00:00,18.363304151035948
2024-06-04 06:00:00,19.65739937654855
2024-06-04 07:00:00,20.951494602061153
2024-06-04 08:00:00,22.15739937654855
2024-06-04 09:00:00,23.192933282481288
2024-06-04 10:00:00,23.987526395470745
2024-06-04 11:00:00,24.48702850799389
2024-06-04 12:00:00,24.65739937654855
2024-06-04 13:00:00,24.48702850799389
2024-06-04 14:00:00,23.987526395470745
2024-06-04 15:00:00,23.192933282481288
2024-06-04 16:00:00,22.15739937654855
2024-06-04 17:00:00,20.951494602061157
2024-06-04 18:00:00,19.65739937654855
2024-06-04 19:00:00,18.363304151035948
2024-06-04 20:00:00,17.15739937654855
2024-06-04 21:00:00,16.121865470615816
2024-06-04 22:00:00,15.32727235762636
2024-06-04 23:00:00,14.827770245103208
2024-06-05 00:00:00,14.700639218515072
2024-06-05 01:00:00,14.87101008706973
2024-06-05 02:00:00,15.370512199592879
2024-06-05 03:00:00,16.165105312582334
2024-06-05 04:00:00,17.20063921851507
2024-06-05 05:00:00,18.40654399300247
2024-06-05 06:00:00,19.70063921851507
2024-06-05 07:00:00,20.994734444027674
2024-06-05 08:00:00,22.20063921851507
2024-06-05 09:00:00,23.23617312444781
2024-06-05 10:00:00,24.030766237437263
2024-06-05 11:00:00,24.530268349960416
2024-06-05 12:00:00,24.70063921851507
2024-06-05 13:00:00,24.530268349960416
2024-06-05 14:00:00,24.030766237437266
2024-06-05 15:00:00,23.23617312444781
2024-06-05 16:00:00,22.20063921851507
2024-06-05 17:00:00,20.994734444027678
2024-06-05 18:00:00,19.70063921851507
2024-06-05 19:00:00,18.40654399300247
2024-06-05 20:00:00,17.20063921851507
2024-06-05 21:00:00,16.165105312582337
2024-06-05 22:00:00,15.37051219959288
2024-06-05 23:00:00,14.87101008706973
2024-06-06 00:00:00,14.74100455172421
2024-06-06 01:00:00,14.911375420278867
2024-06-06 02:00:00,15.410877532802017
2024-06-06 03:00:00,16.205470645791472
2024-06-06 04:00:00,17.24100455172421
2024-06-06 05:00:00,18.446909326211607
2024-06-06 06:00:00,19.74100455172421
2024-06-06 07:00:00,21.035099777236812
2024-06-06 08:00:00,22.24100455172421
2024-06-06 09:00:00,23.276538457656947
2024-06-06 10:00:00,24.0711315706464
2024-06-06 11:00:00,24.570633683169554
2024-06-06 12:00:00,24.74100455172421
2024-06-06 13:00:00,24.570633683169554
2024-06-06 14:00:00,24.071131570646404
2024-06-06 15:00:00,23.276538457656947
2024-06-06 16:00:00,22.24100455172421
2024-06-06 17:00:00,21.035099777236816
2024-06-06 18:00:00,19.74100455172421
2024-06-06 19:00:00,18.446909326211607
2024-06-06 20:00:00,17.24100455172421
2024-06-06 21:00:00,16.205470645791475
2024-06-06 22:00:00,15.410877532802019
2024-06-06 23:00:00,14.911375420278867
2024-06-07 00:00:00,14.77848341505657
2024-06-07 01:00:00,14.948854283611228
2024-06-07 02:00:00,15.448356396134377
2024-06-07 03:00:00,16.242949509123832
2024-06-07 04:00:00,17.27848341505657
2024-06-07 05:00:00,18.484388189543967
2024-06-07 06:00:00,19.77848341505657
2024-06-07 07:00:00,21.072578640569173
2024-06-07 08:00:00,22.27848341505657
2024-06-07 09:00:00,23.314017320989308
2024-06-07 10:00:00,24.10861043397876
2024-06-07 11:00:00,24.608112546501914
2024-06-07 12:00:00,24.77848341505657
2024-06-07 13:00:00,24.608112546501914
2024-06-07 14:00:00,24.108610433978765
2024-06-07 15:00:00,23.314017320989308
2024-06-07 16:00:00,22.27848341505657
2024-06-07 17:00:00,21.072578640569176
2024-06-07 18:00:00,19.77848341505657
2024-06-07 19:00:00,18.484388189543967
2024-06-07 20:00:00,17.27848341505657
2024-06-07 21:00:00,16.242949509123836
2024-06-07 22:00:00,15.448356396134379
2024-06-07 23:00:00,14.948854283611228
2024-06-08 00:00:00,14.813064702716094
2024-06-08 01:00:00,14.983435571270752
2024-06-08 02:00:00,15.482937683793901
2024-06-08 03:00:00,16.277530796783356
2024-06-08 04:00:00,17.313064702716094
2024-06-08 05:00:00,18.51896947720349
2024-06-08 06:00:00,19.813064702716094
2024-06-08 07:00:00,21.107159928228697
2024-06-08 08:00:00,22.313064702716094
2024-06-08 09:00:00,23.34859860864883
2024-06-08 10:00:00,24.14319172163829
2024-06-08 11:00:00,24.642693834161435
2024-06-08 12:00:00,24.813064702716094
2024-06-08 13:00:00,24.642693834161435
2024-06-08 14:00:00,24.14319172163829
2024-06-08 15:00:00,23.34859860864883
2024-06-08 16:00:00,22.313064702716094
2024-06-08 17:00:00,21.1071599282287
2024-06-08 18:00:00,19.813064702716094
2024-06-08 19:00:00,18.51896947720349
2024-06-08 20:00:00,17.313064702716094
2024-06-08 21:00:00,16.27753079678336
2024-06-08 22:00:00,15.482937683793903
2024-06-08 23:00:00,14.983435571270752
2024-06-09 00:00:00,14.844738167520923
2024-06-09 01:00:00,15.01510903607558
2024-06-09 02:00:00,15.51461114859873
2024-06-09 03:00:00,16.309204261588185
2024-06-09 04:00:00,17.344738167520923
2024-06-09 05:00:00,18.55064294200832
2024-06-09 06:00:00,19.844738167520923
2024-06-09 07:00:00,21.138833393033526
2024-06-09 08:00:00,22.344738167520923
2024-06-09 09:00:00,23.38027207345366
2024-06-09 10:00:00,24.174865186443114
2024-06-09 11:00:00,24.674367298966267
2024-06-09 12:00:00,24.844738167520923
2024-06-09 13:00:00,24.674367298966267
2024-06-09 14:00:00,24.174865186443117
2024-06-09 15:00:00,23.38027207345366
2024-06-09 16:00:00,22.344738167520923
2024-06-09 17:00:00,21.13883339303353
2024-06-09 18:00:00,19.844738167520923
2024-06-09 19:00:00,18.55064294200832
2024-06-09 20:00:00,17.344738167520923
2024-06-09 21:00:00,16.30920426158819
2024-06-09 22:00:00,15.514611148598732
2024-06-09 23:00:00,15.01510903607558
2024-06-10 00:00:00,14.87349442393986
2024-06-10 01:00:00,15.043865292494518
2024-06-10 02:00:00,15.543367405017667
2024-06-10 03:00:00,16.337960518007122
2024-06-10 04:00:00,17.37349442393986
2024-06-10 05:00:00,18.579399198427257
2024-06-10 06:00:00,19.87349442393986
2024-06-10 07:00:00,21.167589649452463
2024-06-10 08:00:00,22.37349442393986
2024-06-10 09:00:00,23.409028329872598
2024-06-10 10:00:00,24.20362144286205
2024-06-10 11:00:00,24.703123555385204
2024-06-10 12:00:00,24.87349442393986
2024-06-10 13:00:00,24.703123555385204
2024-06-10 14:00:00,24.203621442862055
2024-06-10 15:00:00,23.409028329872598
2024-06-10 16:00:00,22.37349442393986
2024-06-10 17:00:00,21.167589649452466
2024-06-10 18:00:00,19.87349442393986
2024-06-10 19:00:00,18.579399198427257
2024-06-10 20:00:00,17.37349442393986
2024-06-10 21:00:00,16.337960518007126
2024-06-10 22:00:00,15.54336740501767
2024-06-10 23:00:00,15.043865292494518
2024-06-11 00:00:00,14.899324950873531
2024-06-11 01:00:00,15.069695819428189
2024-06-11 02:00:00,15.569197931951338
2024-06-11 03:00:00,16.363791044940793
2024-06-11 04:00:00,17.39932495087353
2024-06-11 05:00:00,18.60522972536093
2024-06-11 06:00:00,19.89932495087353
2024-06-11 07:00:00,21.193420176386134
2024-06-11 08:00:00,22.39932495087353
2024-06-11 09:00:00,23.43485885680627
2024-06-11 10:00:00,24.229451969795726
2024-06-11 11:00:00,24.72895408231887
2024-06-11 12:00:00,24.89932495087353
2024-06-11 13:00:00,24.72895408231887
2024-06-11 14:00:00,24.229451969795726
2024-06-11 15:00:00,23.43485885680627
2024-06-11 16:00:00,22.39932495087353
2024-06-11 17:00:00,21.193420176386137
2024-06-11 18:00:00,19.89932495087353
2024-06-11 19:00:00,18.60522972536093
2024-06-11 20:00:00,17.39932495087353
2024-06-11 21:00:00,16.363791044940797
2024-06-11 22:00:00,15.56919793195134
2024-06-11 23:00:00,15.069695819428189
2024-06-12 00:00:00,14.922222094179322
2024-06-12 01:00:00,15.09259296273398
2024-06-12 02:00:00,15.592095075257129
2024-06-12 03:00:00,16.386688188246584
2024-06-12 04:00:00,17.42222209417932
2024-06-12 05:00:00,18.62812686866672
2024-06-12 06:00:00,19.92222209417932
2024-06-12 07:00:00,21.216317319691925
2024-06-12 08:00:00,22.42222209417932
2024-06-12 09:00:00,23.45775600011206
2024-06-12 10:00:00,24.252349113101516
2024-06-12 11:00:00,24.751851225624662
2024-06-12 12:00:00,24.92222209417932
2024-06-12 13:00:00,24.751851225624662
2024-06-12 14:00:00,24.252349113101516
2024-06-12 15:00:00,23.45775600011206
2024-06-12 16:00:00,22.42222209417932
2024-06-12 17:00:00,21.216317319691928
2024-06-12 18:00:00,19.92222209417932
2024-06-12 19:00:00,18.62812686866672
2024-06-12 20:00:00,17.42222209417932
2024-06-12 21:00:00,16.386688188246588
2024-06-12 22:00:00,15.59209507525713
2024-06-12 23:00:00,15.09259296273398
2024-06-13 00:00:00,14.942179068939517
2024-06-13 01:00:00,15.112549937494174
2024-06-13 02:00:00,15.612052050017324
2024-06-13 03:00:00,16.40664516300678
2024-06-13 04:00:00,17.442179068939517
2024-06-13 05:00:00,18.648083843426914
2024-06-13 06:00:00,19.942179068939517
2024-06-13 07:00:00,21.23627429445212
2024-06-13 08:00:00,22.442179068939517
2024-06-13 09:00:00,23.477712974872254
2024-06-13 10:00:00,24.272306087861708
2024-06-13 11:00:00,24.77180820038486
2024-06-13 12:00:00,24.942179068939517
2024-06-13 13:00:00,24.77180820038486
2024-06-13 14:00:00,24.27230608786171
2024-06-13 15:00:00,23.477712974872254
2024-06-13 16:00:00,22.442179068939517
2024-06-13 17:00:00,21.236274294452123
2024-06-13 18:00:00,19.942179068939517
2024-06-13 19:00:00,18.648083843426914
2024-06-13 20:00:00,17.442179068939517
2024-06-13 21:00:00,16.406645163006782
2024-06-13 22:00:00,15.612052050017326
2024-06-13 23:00:00,15.112549937494174
2024-06-14 00:00:00,14.95918996147179
2024-06-14 01:00:00,15.129560830026447
2024-06-14 02:00:00,15.629062942549597
2024-06-14 03:00:00,16.423656055539052
2024-06-14 04:00:00,17.45918996147179
2024-06-14 05:00:00,18.665094735959187
2024-06-14 06:00:00,19.95918996147179
2024-06-14 07:00:00,21.253285186984392
2024-06-14 08:00:00,22.45918996147179
2024-06-14 09:00:00,23.494723867404527
2024-06-14 10:00:00,24.289316980393984
2024-06-14 11:00:00,24.78881909291713
2024-06-14 12:00:00,24.95918996147179
2024-06-14 13:00:00,24.78881909291713
2024-06-14 14:00:00,24.289316980393984
2024-06-14 15:00:00,23.494723867404527
2024-06-14 16:00:00,22.45918996147179
2024-06-14 17:00:00,21.253285186984396
2024-06-14 18:00:00,19.95918996147179
2024-06-14 19:00:00,18.665094735959187
2024-06-14 20:00:00,17.45918996147179
2024-06-14 21:00:00,16.423656055539055
2024-06-14 22:00:00,15.629062942549599
2024-06-14 23:00:00,15.129560830026447
2024-06-15 00:00:00,14.973249731081555
2024-06-15 01:00:00,15.143620599636213
2024-06-15 02:00:00,15.643122712159363
2024-06-15 03:00:00,16.437715825148818
2024-06-15 04:00:00,17.473249731081555
2024-06-15 05:00:00,18.679154505568953
2024-06-15 06:00:00,19.973249731081555
2024-06-15 07:00:00,21.267344956594158
2024-06-15 08:00:00,22.473249731081555
2024-06-15 09:00:00,23.508783637014293
2024-06-15 10:00:00,24.30337675000375
2024-06-15 11:00:00,24.802878862526896
2024-06-15 12:00:00,24.973249731081555
2024-06-15 13:00:00,24.802878862526896
2024-06-15 14:00:00,24.30337675000375
2024-06-15 15:00:00,23.508783637014293
2024-06-15 16:00:00,22.473249731081555
2024-06-15 17:00:00,21.26734495659416
2024-06-15 18:00:00,19.973249731081555
2024-06-15 19:00:00,18.679154505568953
2024-06-15 20:00:00,17.473249731081555
2024-06-15 21:00:00,16.43771582514882
2024-06-15 22:00:00,15.643122712159364
2024-06-15 23:00:00,15.143620599636213
2024-06-16 00:00:00,14.984354211555644
2024-06-16 01:00:00,15.154725080110302
2024-06-16 02:00:00,15.654227192633451
2024-06-16 03:00:00,16.448820305622906
2024-06-16 04:00:00,17.484354211555644
2024-06-16 05:00:00,18.69025898604304
2024-06-16 06:00:00,19.984354211555644
2024-06-16 07:00:00,21.278449437068247
2024-06-16 08:00:00,22.484354211555644
2024-06-16 09:00:00,23.51988811748838
2024-06-16 10:00:00,24.31448123047784
2024-06-16 11:00:00,24.813983343000984
2024-06-16 12:00:00,24.984354211555644
2024-06-16 13:00:00,24.813983343000984
2024-06-16 14:00:00,24.31448123047784
2024-06-16 15:00:00,23.51988811748838
2024-06-16 16:00:00,22.484354211555644
2024-06-16 17:00:00,21.27844943706825
2024-06-16 18:00:00,19.984354211555644
2024-06-16 19:00:00,18.69025898604304
2024-06-16 20:00:00,17.484354211555644
2024-06-16 21:00:00,16.44882030562291
2024-06-16 22:00:00,15.654227192633453
2024-06-16 23:00:00,15.154725080110302
2024-06-17 00:00:00,14.992500112396836
2024-06-17 01:00:00,15.162870980951494
2024-06-17 02:00:00,15.662373093474644
2024-06-17 03:00:00,16.4569662064641
2024-06-17 04:00:00,17.492500112396836
2024-06-17 05:00:00,18.698404886884234
2024-06-17 06:00:00,19.992500112396836
2024-06-17 07:00:00,21.28659533790944
2024-06-17 08:00:00,22.492500112396836
2024-06-17 09:00:00,23.528034018329574
2024-06-17 10:00:00,24.32262713131903
2024-06-17 11:00:00,24.822129243842177
2024-06-17 12:00:00,24.992500112396836
2024-06-17 13:00:00,24.822129243842177
2024-06-17 14:00:00,24.32262713131903
2024-06-17 15:00:00,23.528034018329574
2024-06-17 16:00:00,22.492500112396836
2024-06-17 17:00:00,21.286595337909443
2024-06-17 18:00:00,19.992500112396836
2024-06-17 19:00:00,18.698404886884234
2024-06-17 20:00:00,17.492500112396836
2024-06-17 21:00:00,16.456966206464102
2024-06-17 22:00:00,15.662373093474645
2024-06-17 23:00:00,15.162870980951494
2024-06-18 00:00:00,14.997685019798908
2024-06-18 01:00:00,15.168055888353566
2024-06-18 02:00:00,15.667558000876715
2024-06-18 03:00:00,16.46215111386617
2024-06-18 04:00:00,17.497685019798908
2024-06-18 05:00:00,18.703589794286305
2024-06-18 06:00:00,19.997685019798908
2024-06-18 07:00:00,21.29178024531151
2024-06-18 08:00:00,22.497685019798908
2024-06-18 09:00:00,23.533218925731646
2024-06-18 10:00:00,24.3278120387211
2024-06-18 11:00:00,24.827314151244252
2024-06-18 12:00:00,24.997685019798908
2024-06-18 13:00:00,24.827314151244252
2024-06-18 14:00:00,24.327812038721103
2024-06-18 15:00:00,23.533218925731646
2024-06-18 16:00:00,22.497685019798908
2024-06-18 17:00:00,21.291780245311514
2024-06-18 18:00:00,19.997685019798908
2024-06-18 19:00:00,18.703589794286305
2024-06-18 20:00:00,17.497685019798908
2024-06-18 21:00:00,16.462151113866174
2024-06-18 22:00:00,15.667558000876717
2024-06-18 23:00:00,15.168055888353566
2024-06-19 00:00:00,14.999907397361902
2024-06-19 01:00:00,15.17027826591656
2024-06-19 02:00:00,15.66978037843971
2024-06-19 03:00:00,16.464373491429164
2024-06-19 04:00:00,17.499907397361902
2024-06-19 05:00:00,18.7058121718493
2024-06-19 06:00:00,19.999907397361902
2024-06-19 07:00:00,21.294002622874505
2024-06-19 08:00:00,22.499907397361902
2024-06-19 09:00:00,23.53544130329464
2024-06-19 10:00:00,24.330034416284093
2024-06-19 11:00:00,24.829536528807246
2024-06-19 12:00:00,24.999907397361902
2024-06-19 13:00:00,24.829536528807246
2024-06-19 14:00:00,24.330034416284096
2024-06-19 15:00:00,23.53544130329464
2024-06-19 16:00:00,22.499907397361902
2024-06-19 17:00:00,21.29400262287451
2024-06-19 18:00:00,19.999907397361902
2024-06-19 19:00:00,18.7058121718493
2024-06-19 20:00:00,17.499907397361902
2024-06-19 21:00:00,16.464373491429168
2024-06-19 22:00:00,15.669780378439711
2024-06-19 23:00:00,15.17027826591656
2024-06-20 00:00:00,14.999166586547382
2024-06-20 01:00:00,15.16953745510204
2024-06-20 02:00:00,15.66903956762519
2024-06-20 03:00:00,16.463632680614644
2024-06-20 04:00:00,17.499166586547382
2024-06-20 05:00:00,18.70507136103478
2024-06-20 06:00:00,19.999166586547382
2024-06-20 07:00:00,21.293261812059985
2024-06-20 08:00:00,22.499166586547382
2024-06-20 09:00:00,23.53470049248012
2024-06-20 10:00:00,24.329293605469573
2024-06-20 11:00:00,24.828795717992726
2024-06-20 12:00:00,24.999166586547382
2024-06-20 13:00:00,24.828795717992726
2024-06-20 14:00:00,24.329293605469577
2024-06-20 15:00:00,23.53470049248012
2024-06-20 16:00:00,22.499166586547382
2024-06-20 17:00:00,21.29326181205999
2024-06-20 18:00:00,19.999166586547382
2024-06-20 19:00:00,18.70507136103478
2024-06-20 20:00:00,17.499166586547382
2024-06-20 21:00:00,16.463632680614648
2024-06-20 22:00:00,15.669039567625191
2024-06-20 23:00:00,15.16953745510204
2024-06-21 00:00:00,14.995462806873576
2024-06-21 01:00:00,15.165833675428233
2024-06-21 02:00:00,15.665335787951383
2024-06-21 03:00:00,16.459928900940838
2024-06-21 04:00:00,17.495462806873576
2024-06-21 05:00:00,18.701367581360973
2024-06-21 06:00:00,19.995462806873576
2024-06-21 07:00:00,21.28955803238618
2024-06-21 08:00:00,22.495462806873576
2024-06-21 09:00:00,23.530996712806314
2024-06-21 10:00:00,24.325589825795767
2024-06-21 11:00:00,24.82509193831892
2024-06-21 12:00:00,24.995462806873576
2024-06-21 13:00:00,24.82509193831892
2024-06-21 14:00:00,24.32558982579577
2024-06-21 15:00:00,23.530996712806314
2024-06-21 16:00:00,22.495462806873576
2024-06-21 17:00:00,21.289558032386182
2024-06-21 18:00:00,19.995462806873576
2024-06-21 19:00:00,18.701367581360973
2024-06-21 20:00:00,17.495462806873576
2024-06-21 21:00:00,16.45992890094084
2024-06-21 22:00:00,15.665335787951385
2024-06-21 23:00:00,15.165833675428233
2024-06-22 00:00:00,14.988797155850335
2024-06-22 01:00:00,15.159168024404993
2024-06-22 02:00:00,15.658670136928142
2024-06-22 03:00:00,16.453263249917597
2024-06-22 04:00:00,17.488797155850335
2024-06-22 05:00:00,18.694701930337732
2024-06-22 06:00:00,19.988797155850335
2024-06-22 07:00:00,21.282892381362938
2024-06-22 08:00:00,22.488797155850335
2024-06-22 09:00:00,23.524331061783073
2024-06-22 10:00:00,24.318924174772526
2024-06-22 11:00:00,24.81842628729568
2024-06-22 12:00:00,24.988797155850335
2024-06-22 13:00:00,24.81842628729568
2024-06-22 14:00:00,24.31892417477253
2024-06-22 15:00:00,23.524331061783073
2024-06-22 16:00:00,22.488797155850335
2024-06-22 17:00:00,21.28289238136294
2024-06-22 18:00:00,19.988797155850335
2024-06-22 19:00:00,18.694701930337732
2024-06-22 20:00:00,17.488797155850335
2024-06-22 21:00:00,16.4532632499176
2024-06-22 22:00:00,15.658670136928144
2024-06-22 23:00:00,15.159168024404993
2024-06-23 00:00:00,14.979171608653921
2024-06-23 01:00:00,15.149542477208579
2024-06-23 02:00:00,15.649044589731728
2024-06-23 03:00:00,16.443637702721183
2024-06-23 04:00:00,17.47917160865392
2024-06-23 05:00:00,18.68507638314132
2024-06-23 06:00:00,19.97917160865392
2024-06-23 07:00:00,21.273266834166524
2024-06-23 08:00:00,22.47917160865392
2024-06-23 09:00:00,23.51470551458666
2024-06-23 10:00:00,24.309298627576112
2024-06-23 11:00:00,24.808800740099265
2024-06-23 12:00:00,24.97917160865392
2024-06-23 13:00:00,24.808800740099265
2024-06-23 14:00:00,24.309298627576116
2024-06-23 15:00:00,23.51470551458666
2024-06-23 16:00:00,22.47917160865392
2024-06-23 17:00:00,21.273266834166527
2024-06-23 18:00:00,19.97917160865392
2024-06-23 19:00:00,18.68507638314132
2024-06-23 20:00:00,17.47917160865392
2024-06-23 21:00:00,16.443637702721187
2024-06-23 22:00:00,15.64904458973173
2024-06-23 23:00:00,15.149542477208579
2024-06-24 00:00:00,14.9665890175417
2024-06-24 01:00:00,15.136959886096358
2024-06-24 02:00:00,15.636461998619508
2024-06-24 03:00:00,16.431055111608963
2024-06-24 04:00:00,17.4665890175417
2024-06-24 05:00:00,18.672493792029098
2024-06-24 06:00:00,19.9665890175417
2024-06-24 07:00:00,21.260684243054303
2024-06-24 08:00:00,22.4665890175417
2024-06-24 09:00:00,23.502122923474438
2024-06-24 10:00:00,24.29671603646389
2024-06-24 11:00:00,24.796218148987045
2024-06-24 12:00:00,24.9665890175417
2024-06-24 13:00:00,24.796218148987045
2024-06-24 14:00:00,24.296716036463895
2024-06-24 15:00:00,23.502122923474438
2024-06-24 16:00:00,22.4665890175417
2024-06-24 17:00:00,21.260684243054307
2024-06-24 18:00:00,19.9665890175417
2024-06-24 19:00:00,18.672493792029098
2024-06-24 20:00:00,17.4665890175417
2024-06-24 21:00:00,16.431055111608966
2024-06-24 22:00:00,15.63646199861951
2024-06-24 23:00:00,15.136959886096358
2024-06-25 00:00:00,14.951053111006974
2024-06-25 01:00:00,15.121423979561632
2024-06-25 02:00:00,15.620926092084781
2024-06-25 03:00:00,16.415519205074236
2024-06-25 04:00:00,17.451053111006974
2024-06-25 05:00:00,18.65695788549437
2024-06-25 06:00:00,19.951053111006974
2024-06-25 07:00:00,21.245148336519577
2024-06-25 08:00:00,22.451053111006974
2024-06-25 09:00:00,23.486587016939712
2024-06-25 10:00:00,24.28118012992917
2024-06-25 11:00:00,24.780682242452315
2024-06-25 12:00:00,24.951053111006974
2024-06-25 13:00:00,24.780682242452315
2024-06-25 14:00:00,24.28118012992917
2024-06-25 15:00:00,23.486587016939712
2024-06-25 16:00:00,22.451053111006974
2024-06-25 17:00:00,21.24514833651958
2024-06-25 18:00:00,19.951053111006974
2024-06-25 19:00:00,18.65695788549437
2024-06-25 20:00:00,17.451053111006974
2024-06-25 21:00:00,16.41551920507424
2024-06-25 22:00:00,15.620926092084783
2024-06-25 23:00:00,15.121423979561632
2024-06-26 00:00:00,14.932568492674143
2024-06-26 01:00:00,15.1029393612288
2024-06-26 02:00:00,15.60244147375195
2024-06-26 03:00:00,16.397034586741405
2024-06-26 04:00:00,17.432568492674143
2024-06-26 05:00:00,18.63847326716154
2024-06-26 06:00:00,19.932568492674143
2024-06-26 07:00:00,21.226663718186746
2024-06-26 08:00:00,22.432568492674143
2024-06-26 09:00:00,23.46810239860688
2024-06-26 10:00:00,24.262695511596334
2024-06-26 11:00:00,24.762197624119487
2024-06-26 12:00:00,24.932568492674143
2024-06-26 13:00:00,24.762197624119487
2024-06-26 14:00:00,24.262695511596338
2024-06-26 15:00:00,23.46810239860688
2024-06-26 16:00:00,22.432568492674143
2024-06-26 17:00:00,21.22666371818675
2024-06-26 18:00:00,19.932568492674143
2024-06-26 19:00:00,18.63847326716154
2024-06-26 20:00:00,17.432568492674143
2024-06-26 21:00:00,16.39703458674141
2024-06-26 22:00:00,15.602441473751952
2024-06-26 23:00:00,15.1029393612288
2024-06-27 00:00:00,14.911140639934544
2024-06-27 01:00:00,15.081511508489202
2024-06-27 02:00:00,15.581013621012351
2024-06-27 03:00:00,16.375606734001806
2024-06-27 04:00:00,17.411140639934544
2024-06-27 05:00:00,18.61704541442194
2024-06-27 06:00:00,19.911140639934544
2024-06-27 07:00:00,21.205235865447147
2024-06-27 08:00:00,22.411140639934544
2024-06-27 09:00:00,23.446674545867282
2024-06-27 10:00:00,24.241267658856735
2024-06-27 11:00:00,24.740769771379888
2024-06-27 12:00:00,24.911140639934544
2024-06-27 13:00:00,24.740769771379888
2024-06-27 14:00:00,24.24126765885674
2024-06-27 15:00:00,23.446674545867282
2024-06-27 16:00:00,22.411140639934544
2024-06-27 17:00:00,21.20523586544715
2024-06-27 18:00:00,19.911140639934544
2024-06-27 19:00:00,18.61704541442194
2024-06-27 20:00:00,17.411140639934544
2024-06-27 21:00:00,16.37560673400181
2024-06-27 22:00:00,15.581013621012353
2024-06-27 23:00:00,15.081511508489202
2024-06-28 00:00:00,14.886775902323404
2024-06-28 01:00:00,15.057146770878061
2024-06-28 02:00:00,15.55664888340121
2024-06-28 03:00:00,16.351241996390666
2024-06-28 04:00:00,17.386775902323404
2024-06-28 05:00:00,18.5926806768108
2024-06-28 06:00:00,19.886775902323404
2024-06-28 07:00:00,21.180871127836006
2024-06-28 08:00:00,22.386775902323404
2024-06-28 09:00:00,23.42230980825614
2024-06-28 10:00:00,24.216902921245598
2024-06-28 11:00:00,24.716405033768744
2024-06-28 12:00:00,24.886775902323404
2024-06-28 13:00:00,24.716405033768744
2024-06-28 14:00:00,24.216902921245598
2024-06-28 15:00:00,23.42230980825614
2024-06-28 16:00:00,22.386775902323404
2024-06-28 17:00:00,21.18087112783601
2024-06-28 18:00:00,19.886775902323404
2024-06-28 19:00:00,18.5926806768108
2024-06-28 20:00:00,17.386775902323404
2024-06-28 21:00:00,16.35124199639067
2024-06-28 22:00:00,15.556648883401213
2024-06-28 23:00:00,15.057146770878061
2024-06-29 00:00:00,14.859481499638303
2024-06-29 01:00:00,15.02985236819296
2024-06-29 02:00:00,15.52935448071611
2024-06-29 03:00:00,16.323947593705565
2024-06-29 04:00:00,17.359481499638303
2024-06-29 05:00:00,18.5653862741257
2024-06-29 06:00:00,19.859481499638303
2024-06-29 07:00:00,21.153576725150906
2024-06-29 08:00:00,22.359481499638303
2024-06-29 09:00:00,23.39501540557104
2024-06-29 10:00:00,24.189608518560497
2024-06-29 11:00:00,24.689110631083643
2024-06-29 12:00:00,24.859481499638303
2024-06-29 13:00:00,24.689110631083643
2024-06-29 14:00:00,24.189608518560497
2024-06-29 15:00:00,23.39501540557104
2024-06-29 16:00:00,22.359481499638303
2024-06-29 17:00:00,21.15357672515091
2024-06-29 18:00:00,19.859481499638303
2024-06-29 19:00:00,18.5653862741257
2024-06-29 20:00:00,17.359481499638303
2024-06-29 21:00:00,16.32394759370557
2024-06-29 22:00:00,15.529354480716112
2024-06-29 23:00:00,15.02985236819296
2024-06-30 00:00:00,14.829265519799822
2024-06-30 01:00:00,14.99963638835448
2024-06-30 02:00:00,15.49913850087763
2024-06-30 03:00:00,16.293731613867084
2024-06-30 04:00:00,17.329265519799822
2024-06-30 05:00:00,18.53517029428722
2024-06-30 06:00:00,19.829265519799822
2024-06-30 07:00:00,21.123360745312425
2024-06-30 08:00:00,22.329265519799822
2024-06-30 09:00:00,23.36479942573256
2024-06-30 10:00:00,24.159392538722017
2024-06-30 11:00:00,24.658894651245163
2024-06-30 12:00:00,24.829265519799822
2024-06-30 13:00:00,24.658894651245163
2024-06-30 14:00:00,24.159392538722017
2024-06-30 15:00:00,23.36479942573256
2024-06-30 16:00:00,22.329265519799822
2024-06-30 17:00:00,21.12336074531243
2024-06-30 18:00:00,19.829265519799822
2024-06-30 19:00:00,18.53517029428722
2024-06-30 20:00:00,17.329265519799822
2024-06-30 21:00:00,16.293731613867088
2024-06-30 22:00:00,15.499138500877631
2024-06-30 23:00:00,14.99963638835448
2024-07-01 00:00:00,14.796136916454902
2024-07-01 01:00:00,14.96650778500956
2024-07-01 02:00:00,15.46600989753271
2024-07-01 03:00:00,16.260603010522164
2024-07-01 04:00:00,17.296136916454902
2024-07-01 05:00:00,18.5020416909423
2024-07-01 06:00:00,19.796136916454902
2024-07-01 07:00:00,21.090232141967505
2024-07-01 08:00:00,22.296136916454902
2024-07-01 09:00:00,23.33167082238764
2024-07-01 10:00:00,24.126263935377096
2024-07-01 11:00:00,24.625766047900242
2024-07-01 12:00:00,24.796136916454902
2024-07-01 13:00:00,24.625766047900242
2024-07-01 14:00:00,24.126263935377096
2024-07-01 15:00:00,23.33167082238764
2024-07-01 16:00:00,22.296136916454902
2024-07-01 17:00:00,21.09023214196751
2024-07-01 18:00:00,19.796136916454902
2024-07-01 19:00:00,18.5020416909423
2024-07-01 20:00:00,17.296136916454902
2024-07-01 21:00:00,16.260603010522168
2024-07-01 22:00:00,15.466009897532711
2024-07-01 23:00:00,14.96650778500956
2024-07-02 00:00:00,14.760105506323683
2024-07-02 01:00:00,14.93047637487834
2024-07-02 02:00:00,15.42997848740149
2024-07-02 03:00:00,16.224571600390945
2024-07-02 04:00:00,17.260105506323683
2024-07-02 05:00:00,18.46601028081108
2024-07-02 06:00:00,19.760105506323683
2024-07-02 07:00:00,21.054200731836286
2024-07-02 08:00:00,22.260105506323683
2024-07-02 09:00:00,23.29563941225642
2024-07-02 10:00:00,24.090232525245874
2024-07-02 11:00:00,24.589734637769027
2024-07-02 12:00:00,24.760105506323683
2024-07-02 13:00:00,24.589734637769027
2024-07-02 14:00:00,24.090232525245877
2024-07-02 15:00:00,23.29563941225642
2024-07-02 16:00:00,22.260105506323683
2024-07-02 17:00:00,21.05420073183629
2024-07-02 18:00:00,19.760105506323683
2024-07-02 19:00:00,18.46601028081108
2024-07-02 20:00:00,17.260105506323683
2024-07-02 21:00:00,16.22457160039095
2024-07-02 22:00:00,15.429978487401492
2024-07-02 23:00:00,14.93047637487834
2024-07-03 00:00:00,14.721181966290615
2024-07-03 01:00:00,14.891552834845273
2024-07-03 02:00:00,15.391054947368422
2024-07-03 03:00:00,16.185648060357877
2024-07-03 04:00:00,17.221181966290615
2024-07-03 05:00:00,18.427086740778012
2024-07-03 06:00:00,19.721181966290615
2024-07-03 07:00:00,21.015277191803218
2024-07-03 08:00:00,22.221181966290615
2024-07-03 09:00:00,23.256715872223353
2024-07-03 10:00:00,24.051308985212806
2024-07-03 11:00:00,24.55081109773596
2024-07-03 12:00:00,24.721181966290615
2024-07-03 13:00:00,24.55081109773596
2024-07-03 14:00:00,24.05130898521281
2024-07-03 15:00:00,23.256715872223353
2024-07-03 16:00:00,22.221181966290615
2024-07-03 17:00:00,21.01527719180322
2024-07-03 18:00:00,19.721181966290615
2024-07-03 19:00:00,18.427086740778012
2024-07-03 20:00:00,17.221181966290615
2024-07-03 21:00:00,16.18564806035788
2024-07-03 22:00:00,15.391054947368424
2024-07-03 23:00:00,14.891552834845273
2024-07-04 00:00:00,14.679377830240643
2024-07-04 01:00:00,14.8497486987953
2024-07-04 02:00:00,15.34925081131845
2024-07-04 03:00:00,16.143843924307905
2024-07-04 04:00:00,17.179377830240643
2024-07-04 05:00:00,18.38528260472804
2024-07-04 06:00:00,19.679377830240643
2024-07-04 07:00:00,20.973473055753246
2024-07-04 08:00:00,22.179377830240643
2024-07-04 09:00:00,23.21491173617338
2024-07-04 10:00:00,24.009504849162838
2024-07-04 11:00:00,24.509006961685984
2024-07-04 12:00:00,24.679377830240643
2024-07-04 13:00:00,24.509006961685984
2024-07-04 14:00:00,24.009504849162838
2024-07-04 15:00:00,23.21491173617338
2024-07-04 16:00:00,22.179377830240643
2024-07-04 17:00:00,20.97347305575325
2024-07-04 18:00:00,19.679377830240643
2024-07-04 19:00:00,18.38528260472804
2024-07-04 20:00:00,17.179377830240643
2024-07-04 21:00:00,16.14384392430791
2024-07-04 22:00:00,15.349250811318452
2024-07-04 23:00:00,14.8497486987953
2024-07-05 00:00:00,14.63470548564149
2024-07-05 01:00:00,14.805076354196148
2024-07-05 02:00:00,15.304578466719297
2024-07-05 03:00:00,16.099171579708752
2024-07-05 04:00:00,17.13470548564149
2024-07-05 05:00:00,18.340610260128887
2024-07-05 06:00:00,19.63470548564149
2024-07-05 07:00:00,20.928800711154093
2024-07-05 08:00:00,22.13470548564149
2024-07-05 09:00:00,23.170239391574228
2024-07-05 10:00:00,23.96483250456368
2024-07-05 11:00:00,24.464334617086834
2024-07-05 12:00:00,24.63470548564149
2024-07-05 13:00:00,24.464334617086834
2024-07-05 14:00:00,23.964832504563685
2024-07-05 15:00:00,23.170239391574228
2024-07-05 16:00:00,22.13470548564149
2024-07-05 17:00:00,20.928800711154096
2024-07-05 18:00:00,19.63470548564149
2024-07-05 19:00:00,18.340610260128887
2024-07-05 20:00:00,17.13470548564149
2024-07-05 21:00:00,16.099171579708756
2024-07-05 22:00:00,15.304578466719299
2024-07-05 23:00:00,14.805076354196148
2024-07-06 00:00:00,14.587178169872967
2024-07-06 01:00:00,14.757549038427625
2024-07-06 02:00:00,15.257051150950774
2024-07-06 03:00:00,16.05164426394023
2024-07-06 04:00:00,17.087178169872967
2024-07-06 05:00:00,18.293082944360364
2024-07-06 06:00:00,19.587178169872967
2024-07-06 07:00:00,20.88127339538557
2024-07-06 08:00:00,22.087178169872967
2024-07-06 09:00:00,23.122712075805705
2024-07-06 10:00:00,23.91730518879516
2024-07-06 11:00:00,24.416807301318308
2024-07-06 12:00:00,24.587178169872967
2024-07-06 13:00:00,24.416807301318308
2024-07-06 14:00:00,23.91730518879516
2024-07-06 15:00:00,23.122712075805705
2024-07-06 16:00:00,22.087178169872967
2024-07-06 17:00:00,20.881273395385573
2024-07-06 18:00:00,19.587178169872967
2024-07-06 19:00:00,18.293082944360364
2024-07-06 20:00:00,17.087178169872967
2024-07-06 21:00:00,16.051644263940233
2024-07-06 22:00:00,15.257051150950776
2024-07-06 23:00:00,14.757549038427625
2024-07-07 00:00:00,14.53680996630446
2024-07-07 01:00:00,14.707180834859118
2024-07-07 02:00:00,15.206682947382268
2024-07-07 03:00:00,16.001276060371723
2024-07-07 04:00:00,17.03680996630446
2024-07-07 05:00:00,18.242714740791858
2024-07-07 06:00:00,19.53680996630446
2024-07-07 07:00:00,20.830905191817063
2024-07-07 08:00:00,22.03680996630446
2024-07-07 09:00:00,23.072343872237198
2024-07-07 10:00:00,23.86693698522665
2024-07-07 11:00:00,24.366439097749804
2024-07-07 12:00:00,24.53680996630446
2024-07-07 13:00:00,24.366439097749804
2024-07-07 14:00:00,23.866936985226655
2024-07-07 15:00:00,23.072343872237198
2024-07-07 16:00:00,22.03680996630446
2024-07-07 17:00:00,20.830905191817067
2024-07-07 18:00:00,19.53680996630446
2024-07-07 19:00:00,18.242714740791858
2024-07-07 20:00:00,17.03680996630446
2024-07-07 21:00:00,16.001276060371726
2024-07-07 22:00:00,15.20668294738227
2024-07-07 23:00:00,14.707180834859118
2024-07-08 00:00:00,14.483615800121719
2024-07-08 01:00:00,14.653986668676376
2024-07-08 02:00:00,15.153488781199526
2024-07-08 03:00:00,15.94808189418898
2024-07-08 04:00:00,16.98361580012172
2024-07-08 05:00:00,18.189520574609116
2024-07-08 06:00:00,19.48361580012172
2024-07-08 07:00:00,20.77771102563432
2024-07-08 08:00:00,21.98361580012172
2024-07-08 09:00:00,23.019149706054456
2024-07-08 10:00:00,23.81374281904391
2024-07-08 11:00:00,24.313244931567063
2024-07-08 12:00:00,24.48361580012172
2024-07-08 13:00:00,24.313244931567063
2024-07-08 14:00:00,23.813742819043913
2024-07-08 15:00:00,23.019149706054456
2024-07-08 16:00:00,21.98361580012172
2024-07-08 17:00:00,20.777711025634325
2024-07-08 18:00:00,19.48361580012172
2024-07-08 19:00:00,18.189520574609116
2024-07-08 20:00:00,16.98361580012172
2024-07-08 21:00:00,15.948081894188983
2024-07-08 22:00:00,15.153488781199528
2024-07-08 23:00:00,14.653986668676376
2024-07-09 00:00:00,14.427611433904207
2024-07-09 01:00:00,14.597982302458865
2024-07-09 02:00:00,15.097484414982015
2024-07-09 03:00:00,15.89207752797147
2024-07-09 04:00:00,16.927611433904207
2024-07-09 05:00:00,18.133516208391605
2024-07-09 06:00:00,19.427611433904207
2024-07-09 07:00:00,20.72170665941681
2024-07-09 08:00:00,21.927611433904207
2024-07-09 09:00:00,22.963145339836945
2024-07-09 10:00:00,23.757738452826402
2024-07-09 11:00:00,24.257240565349548
2024-07-09 12:00:00,24.427611433904207
2024-07-09 13:00:00,24.257240565349548
2024-07-09 14:00:00,23.757738452826402
2024-07-09 15:00:00,22.963145339836945
2024-07-09 16:00:00,21.927611433904207
2024-07-09 17:00:00,20.721706659416814
2024-07-09 18:00:00,19.427611433904207
2024-07-09 19:00:00,18.133516208391605
2024-07-09 20:00:00,16.927611433904207
2024-07-09 21:00:00,15.892077527971471
2024-07-09 22:00:00,15.097484414982016
2024-07-09 23:00:00,14.597982302458865
2024-07-10 00:00:00,14.368813462954314
2024-07-10 01:00:00,14.539184331508972
2024-07-10 02:00:00,15.038686444032122
2024-07-10 03:00:00,15.833279557021577
2024-07-10 04:00:00,16.868813462954314
2024-07-10 05:00:00,18.07471823744171
2024-07-10 06:00:00,19.368813462954314
2024-07-10 07:00:00,20.662908688466917
2024-07-10 08:00:00,21.868813462954314
2024-07-10 09:00:00,22.904347368887052
2024-07-10 10:00:00,23.698940481876505
2024-07-10 11:00:00,24.19844259439966
2024-07-10 12:00:00,24.368813462954314
2024-07-10 13:00:00,24.19844259439966
2024-07-10 14:00:00,23.69894048187651
2024-07-10 15:00:00,22.904347368887052
2024-07-10 16:00:00,21.868813462954314
2024-07-10 17:00:00,20.66290868846692
2024-07-10 18:00:00,19.368813462954314
2024-07-10 19:00:00,18.07471823744171
2024-07-10 20:00:00,16.868813462954314
2024-07-10 21:00:00,15.833279557021578
2024-07-10 22:00:00,15.038686444032123
2024-07-10 23:00:00,14.539184331508972
2024-07-11 00:00:00,14.307239310379792
2024-07-11 01:00:00,14.47761017893445
2024-07-11 02:00:00,14.9771122914576
2024-07-11 03:00:00,15.771705404447054
2024-07-11 04:00:00,16.807239310379792
2024-07-11 05:00:00,18.01314408486719
2024-07-11 06:00:00,19.307239310379792
2024-07-11 07:00:00,20.601334535892395
2024-07-11 08:00:00,21.807239310379792
2024-07-11 09:00:00,22.84277321631253
2024-07-11 10:00:00,23.637366329301983
2024-07-11 11:00:00,24.136868441825136
2024-07-11 12:00:00,24.307239310379792
2024-07-11 13:00:00,24.136868441825136
2024-07-11 14:00:00,23.637366329301987
2024-07-11 15:00:00,22.84277321631253
2024-07-11 16:00:00,21.807239310379792
2024-07-11 17:00:00,20.6013345358924
2024-07-11 18:00:00,19.307239310379792
2024-07-11 19:00:00,18.01314408486719
2024-07-11 20:00:00,16.807239310379792
2024-07-11 21:00:00,15.771705404447056
2024-07-11 22:00:00,14.977112291457601
2024-07-11 23:00:00,14.47761017893445
2024-07-12 00:00:00,14.242907221930935
2024-07-12 01:00:00,14.413278090485592
2024-07-12 02:00:00,14.912780203008742
2024-07-12 03:00:00,15.707373315998197
2024-07-12 04:00:00,16.742907221930935
2024-07-12 05:00:00,17.948811996418332
2024-07-12 06:00:00,19.242907221930935
2024-07-12 07:00:00,20.537002447443538
2024-07-12 08:00:00,21.742907221930935
2024-07-12 09:00:00,22.778441127863672
2024-07-12 10:00:00,23.573034240853126
2024-07-12 11:00:00,24.07253635337628
2024-07-12 12:00:00,24.242907221930935
2024-07-12 13:00:00,24.07253635337628
2024-07-12 14:00:00,23.57303424085313
2024-07-12 15:00:00,22.778441127863672
2024-07-12 16:00:00,21.742907221930935
2024-07-12 17:00:00,20.53700244744354
2024-07-12 18:00:00,19.242907221930935
2024-07-12 19:00:00,17.948811996418332
2024-07-12 20:00:00,16.742907221930935
2024-07-12 21:00:00,15.707373315998199
2024-07-12 22:00:00,14.912780203008744
2024-07-12 23:00:00,14.413278090485592
2024-07-13 00:00:00,14.175836260593936
2024-07-13 01:00:00,14.346207129148594
2024-07-13 02:00:00,14.845709241671743
2024-07-13 03:00:00,15.640302354661198
2024-07-13 04:00:00,16.675836260593936
2024-07-13 05:00:00,17.881741035081333
2024-07-13 06:00:00,19.175836260593936
2024-07-13 07:00:00,20.46993148610654
2024-07-13 08:00:00,21.675836260593936
2024-07-13 09:00:00,22.711370166526674
2024-07-13 10:00:00,23.50596327951613
2024-07-13 11:00:00,24.005465392039277
2024-07-13 12:00:00,24.175836260593936
2024-07-13 13:00:00,24.005465392039277
2024-07-13 14:00:00,23.50596327951613
2024-07-13 15:00:00,22.711370166526674
2024-07-13 16:00:00,21.675836260593936
2024-07-13 17:00:00,20.469931486106542
2024-07-13 18:00:00,19.175836260593936
2024-07-13 19:00:00,17.881741035081333
2024-07-13 20:00:00,16.675836260593936
2024-07-13 21:00:00,15.6403023546612
2024-07-13 22:00:00,14.845709241671745
2024-07-13 23:00:00,14.346207129148594
2024-07-14 00:00:00,14.106046300942161
2024-07-14 01:00:00,14.276417169496819
2024-07-14 02:00:00,14.775919282019968
2024-07-14 03:00:00,15.570512395009423
2024-07-14 04:00:00,16.60604630094216
2024-07-14 05:00:00,17.81195107542956
2024-07-14 06:00:00,19.10604630094216
2024-07-14 07:00:00,20.400141526454764
2024-07-14 08:00:00,21.60604630094216
2024-07-14 09:00:00,22.6415802068749
2024-07-14 10:00:00,23.436173319864352
2024-07-14 11:00:00,23.935675432387505
2024-07-14 12:00:00,24.10604630094216
2024-07-14 13:00:00,23.935675432387505
2024-07-14 14:00:00,23.436173319864356
2024-07-14 15:00:00,22.6415802068749
2024-07-14 16:00:00,21.60604630094216
2024-07-14 17:00:00,20.400141526454767
2024-07-14 18:00:00,19.10604630094216
2024-07-14 19:00:00,17.81195107542956
2024-07-14 20:00:00,16.60604630094216
2024-07-14 21:00:00,15.570512395009425
2024-07-14 22:00:00,14.77591928201997
2024-07-14 23:00:00,14.276417169496819
2024-07-15 00:00:00,14.033558023246844
2024-07-15 01:00:00,14.203928891801501
2024-07-15 02:00:00,14.703431004324651
2024-07-15 03:00:00,15.498024117314106
2024-07-15 04:00:00,16.533558023246844
2024-07-15 05:00:00,17.73946279773424
2024-07-15 06:00:00,19.033558023246844
2024-07-15 07:00:00,20.327653248759447
2024-07-15 08:00:00,21.533558023246844
2024-07-15 09:00:00,22.56909192917958
2024-07-15 10:00:00,23.36368504216904
2024-07-15 11:00:00,23.863187154692184
2024-07-15 12:00:00,24.033558023246844
2024-07-15 13:00:00,23.863187154692184
2024-07-15 14:00:00,23.36368504216904
2024-07-15 15:00:00,22.56909192917958
2024-07-15 16:00:00,21.533558023246844
2024-07-15 17:00:00,20.32765324875945
2024-07-15 18:00:00,19.033558023246844
2024-07-15 19:00:00,17.73946279773424
2024-07-15 20:00:00,16.533558023246844
2024-07-15 21:00:00,15.498024117314108
2024-07-15 22:00:00,14.703431004324653
2024-07-15 23:00:00,14.203928891801501
2024-07-16 00:00:00,13.958392907349086
2024-07-16 01:00:00,14.128763775903744
2024-07-16 02:00:00,14.628265888426894
2024-07-16 03:00:00,15.422859001416349
2024-07-16 04:00:00,16.458392907349086
2024-07-16 05:00:00,17.664297681836484
2024-07-16 06:00:00,18.958392907349086
2024-07-16 07:00:00,20.25248813286169
2024-07-16 08:00:00,21.458392907349086
2024-07-16 09:00:00,22.493926813281824
2024-07-16 10:00:00,23.288519926271277
2024-07-16 11:00:00,23.78802203879443
2024-07-16 12:00:00,23.958392907349086
2024-07-16 13:00:00,23.78802203879443
2024-07-16 14:00:00,23.28851992627128
2024-07-16 15:00:00,22.493926813281824
2024-07-16 16:00:00,21.458392907349086
2024-07-16 17:00:00,20.252488132861693
2024-07-16 18:00:00,18.958392907349086
2024-07-16 19:00:00,17.664297681836484
2024-07-16 20:00:00,16.458392907349086
2024-07-16 21:00:00,15.42285900141635
2024-07-16 22:00:00,14.628265888426895
2024-07-16 23:00:00,14.128763775903744
2024-07-17 00:00:00,13.880573226294931
2024-07-17 01:00:00,14.050944094849589
2024-07-17 02:00:00,14.550446207372739
2024-07-17 03:00:00,15.345039320362194
2024-07-17 04:00:00,16.38057322629493
2024-07-17 05:00:00,17.58647800078233
2024-07-17 06:00:00,18.88057322629493
2024-07-17 07:00:00,20.174668451807534
2024-07-17 08:00:00,21.38057322629493
2024-07-17 09:00:00,22.41610713222767
2024-07-17 10:00:00,23.210700245217126
2024-07-17 11:00:00,23.710202357740272
2024-07-17 12:00:00,23.88057322629493
2024-07-17 13:00:00,23.710202357740272
2024-07-17 14:00:00,23.210700245217126
2024-07-17 15:00:00,22.41610713222767
2024-07-17 16:00:00,21.38057322629493
2024-07-17 17:00:00,20.174668451807538
2024-07-17 18:00:00,18.88057322629493
2024-07-17 19:00:00,17.58647800078233
2024-07-17 20:00:00,16.38057322629493
2024-07-17 21:00:00,15.345039320362195
2024-07-17 22:00:00,14.55044620737274
2024-07-17 23:00:00,14.050944094849589
2024-07-18 00:00:00,13.800122039735356
2024-07-18 01:00:00,13.970492908290014
2024-07-18 02:00:00,14.469995020813164
2024-07-18 03:00:00,15.264588133802619
2024-07-18 04:00:00,16.300122039735356
2024-07-18 05:00:00,17.506026814222754
2024-07-18 06:00:00,18.800122039735356
2024-07-18 07:00:00,20.09421726524796
2024-07-18 08:00:00,21.300122039735356
2024-07-18 09:00:00,22.335655945668094
2024-07-18 10:00:00,23.130249058657547
2024-07-18 11:00:00,23.6297511711807
2024-07-18 12:00:00,23.800122039735356
2024-07-18 13:00:00,23.6297511711807
2024-07-18 14:00:00,23.13024905865755
2024-07-18 15:00:00,22.335655945668094
2024-07-18 16:00:00,21.300122039735356
2024-07-18 17:00:00,20.094217265247963
2024-07-18 18:00:00,18.800122039735356
2024-07-18 19:00:00,17.506026814222754
2024-07-18 20:00:00,16.300122039735356
2024-07-18 21:00:00,15.26458813380262
2024-07-18 22:00:00,14.469995020813165
2024-07-18 23:00:00,13.970492908290014
2024-07-19 00:00:00,13.717063187093217
2024-07-19 01:00:00,13.887434055647875
2024-07-19 02:00:00,14.386936168171024
2024-07-19 03:00:00,15.18152928116048
2024-07-19 04:00:00,16.217063187093217
2024-07-19 05:00:00,17.422967961580614
2024-07-19 06:00:00,18.717063187093217
2024-07-19 07:00:00,20.01115841260582
2024-07-19 08:00:00,21.217063187093217
2024-07-19 09:00:00,22.252597093025955
2024-07-19 10:00:00,23.047190206015408
2024-07-19 11:00:00,23.54669231853856
2024-07-19 12:00:00,23.717063187093217
2024-07-19 13:00:00,23.54669231853856
2024-07-19 14:00:00,23.04719020601541
2024-07-19 15:00:00,22.252597093025955
2024-07-19 16:00:00,21.217063187093217
2024-07-19 17:00:00,20.011158412605823
2024-07-19 18:00:00,18.717063187093217
2024-07-19 19:00:00,17.422967961580614
2024-07-19 20:00:00,16.217063187093217
2024-07-19 21:00:00,15.181529281160481
2024-07-19 22:00:00,14.386936168171026
2024-07-19 23:00:00,13.887434055647875
2024-07-20 00:00:00,13.631421280499115
2024-07-20 01:00:00,13.801792149053773
2024-07-20 02:00:00,14.301294261576922
2024-07-20 03:00:00,15.095887374566377
2024-07-20 04:00:00,16.131421280499115
2024-07-20 05:00:00,17.337326054986512
2024-07-20 06:00:00,18.631421280499115
2024-07-20 07:00:00,19.925516506011718
2024-07-20 08:00:00,21.131421280499115
2024-07-20 09:00:00,22.166955186431853
2024-07-20 10:00:00,22.96154829942131
2024-07-20 11:00:00,23.461050411944456
2024-07-20 12:00:00,23.631421280499115
2024-07-20 13:00:00,23.461050411944456
2024-07-20 14:00:00,22.96154829942131
2024-07-20 15:00:00,22.166955186431853
2024-07-20 16:00:00,21.131421280499115
2024-07-20 17:00:00,19.92551650601172
2024-07-20 18:00:00,18.631421280499115
2024-07-20 19:00:00,17.337326054986512
2024-07-20 20:00:00,16.131421280499115
2024-07-20 21:00:00,15.095887374566379
2024-07-20 22:00:00,14.301294261576924
2024-07-20 23:00:00,13.801792149053773
2024-07-21 00:00:00,13.543221697498272
2024-07-21 01:00:00,13.71359256605293
2024-07-21 02:00:00,14.213094678576079
2024-07-21 03:00:00,15.007687791565534
2024-07-21 04:00:00,16.04322169749827
2024-07-21 05:00:00,17.24912647198567
2024-07-21 06:00:00,18.54322169749827
2024-07-21 07:00:00,19.837316923010874
2024-07-21 08:00:00,21.04322169749827
2024-07-21 09:00:00,22.07875560343101
2024-07-21 10:00:00,22.873348716420466
2024-07-21 11:00:00,23.372850828943612
2024-07-21 12:00:00,23.54322169749827
2024-07-21 13:00:00,23.372850828943612
2024-07-21 14:00:00,22.873348716420466
2024-07-21 15:00:00,22.07875560343101
2024-07-21 16:00:00,21.04322169749827
2024-07-21 17:00:00,19.837316923010878
2024-07-21 18:00:00,18.54322169749827
2024-07-21 19:00:00,17.24912647198567
2024-07-21 20:00:00,16.04322169749827
2024-07-21 21:00:00,15.007687791565536
2024-07-21 22:00:00,14.21309467857608
2024-07-21 23:00:00,13.71359256605293
2024-07-22 00:00:00,13.452490573530632
2024-07-22 01:00:00,13.62286144208529
2024-07-22 02:00:00,14.12236355460844
2024-07-22 03:00:00,14.916956667597894
2024-07-22 04:00:00,15.952490573530632
2024-07-22 05:00:00,17.15839534801803
2024-07-22 06:00:00,18.452490573530632
2024-07-22 07:00:00,19.746585799043235
2024-07-22 08:00:00,20.952490573530632
2024-07-22 09:00:00,21.98802447946337
2024-07-22 10:00:00,22.782617592452823
2024-07-22 11:00:00,23.282119704975976
2024-07-22 12:00:00,23.452490573530632
2024-07-22 13:00:00,23.282119704975976
2024-07-22 14:00:00,22.782617592452826
2024-07-22 15:00:00,21.98802447946337
2024-07-22 16:00:00,20.952490573530632
2024-07-22 17:00:00,19.74658579904324
2024-07-22 18:00:00,18.452490573530632
2024-07-22 19:00:00,17.15839534801803
2024-07-22 20:00:00,15.952490573530634
2024-07-22 21:00:00,14.916956667597896
2024-07-22 22:00:00,14.122363554608441
2024-07-22 23:00:00,13.62286144208529
2024-07-23 00:00:00,13.35925479418637
2024-07-23 01:00:00,13.529625662741028
2024-07-23 02:00:00,14.029127775264177
2024-07-23 03:00:00,14.823720888253632
2024-07-23 04:00:00,15.85925479418637
2024-07-23 05:00:00,17.065159568673767
2024-07-23 06:00:00,18.35925479418637
2024-07-23 07:00:00,19.653350019698973
2024-07-23 08:00:00,20.85925479418637
2024-07-23 09:00:00,21.894788700119108
2024-07-23 10:00:00,22.68938181310856
2024-07-23 11:00:00,23.188883925631714
2024-07-23 12:00:00,23.35925479418637
2024-07-23 13:00:00,23.188883925631714
2024-07-23 14:00:00,22.689381813108565
2024-07-23 15:00:00,21.894788700119108
2024-07-23 16:00:00,20.85925479418637
2024-07-23 17:00:00,19.653350019698976
2024-07-23 18:00:00,18.35925479418637
2024-07-23 19:00:00,17.065159568673767
2024-07-23 20:00:00,15.859254794186372
2024-07-23 21:00:00,14.823720888253634
2024-07-23 22:00:00,14.029127775264179
2024-07-23 23:00:00,13.529625662741028
2024-07-24 00:00:00,13.263541987239094
2024-07-24 01:00:00,13.433912855793752
2024-07-24 02:00:00,13.933414968316901
2024-07-24 03:00:00,14.728008081306356
2024-07-24 04:00:00,15.763541987239094
2024-07-24 05:00:00,16.96944676172649
2024-07-24 06:00:00,18.263541987239094
2024-07-24 07:00:00,19.557637212751697
2024-07-24 08:00:00,20.763541987239094
2024-07-24 09:00:00,21.799075893171832
2024-07-24 10:00:00,22.593669006161285
2024-07-24 11:00:00,23.093171118684438
2024-07-24 12:00:00,23.263541987239094
2024-07-24 13:00:00,23.093171118684438
2024-07-24 14:00:00,22.59366900616129
2024-07-24 15:00:00,21.799075893171832
2024-07-24 16:00:00,20.763541987239094
2024-07-24 17:00:00,19.5576372127517
2024-07-24 18:00:00,18.263541987239094
2024-07-24 19:00:00,16.96944676172649
2024-07-24 20:00:00,15.763541987239096
2024-07-24 21:00:00,14.728008081306358
2024-07-24 22:00:00,13.933414968316903
2024-07-24 23:00:00,13.433912855793752
2024-07-25 00:00:00,13.165380514459162
2024-07-25 01:00:00,13.33575138301382
2024-07-25 02:00:00,13.83525349553697
2024-07-25 03:00:00,14.629846608526424
2024-07-25 04:00:00,15.665380514459162
2024-07-25 05:00:00,16.87128528894656
2024-07-25 06:00:00,18.165380514459162
2024-07-25 07:00:00,19.459475739971765
2024-07-25 08:00:00,20.665380514459162
2024-07-25 09:00:00,21.7009144203919
2024-07-25 10:00:00,22.495507533381357
2024-07-25 11:00:00,22.995009645904503
2024-07-25 12:00:00,23.165380514459162
2024-07-25 13:00:00,22.995009645904503
2024-07-25 14:00:00,22.495507533381357
2024-07-25 15:00:00,21.7009144203919
2024-07-25 16:00:00,20.665380514459162
2024-07-25 17:00:00,19.45947573997177
2024-07-25 18:00:00,18.165380514459162
2024-07-25 19:00:00,16.87128528894656
2024-07-25 20:00:00,15.665380514459164
2024-07-25 21:00:00,14.629846608526426
2024-07-25 22:00:00,13.835253495536971
2024-07-25 23:00:00,13.33575138301382
2024-07-26 00:00:00,13.064799463209447
2024-07-26 01:00:00,13.235170331764104
2024-07-26 02:00:00,13.734672444287254
2024-07-26 03:00:00,14.529265557276709
2024-07-26 04:00:00,15.564799463209447
2024-07-26 05:00:00,16.770704237696844
2024-07-26 06:00:00,18.064799463209447
2024-07-26 07:00:00,19.35889468872205
2024-07-26 08:00:00,20.564799463209447
2024-07-26 09:00:00,21.600333369142184
2024-07-26 10:00:00,22.394926482131638
2024-07-26 11:00:00,22.89442859465479
2024-07-26 12:00:00,23.064799463209447
2024-07-26 13:00:00,22.89442859465479
2024-07-26 14:00:00,22.39492648213164
2024-07-26 15:00:00,21.600333369142184
2024-07-26 16:00:00,20.564799463209447
2024-07-26 17:00:00,19.358894688722053
2024-07-26 18:00:00,18.064799463209447
2024-07-26 19:00:00,16.770704237696844
2024-07-26 20:00:00,15.564799463209448
2024-07-26 21:00:00,14.52926555727671
2024-07-26 22:00:00,13.734672444287256
2024-07-26 23:00:00,13.235170331764104
2024-07-27 00:00:00,12.961828637826159
2024-07-27 01:00:00,13.132199506380816
2024-07-27 02:00:00,13.631701618903966
2024-07-27 03:00:00,14.426294731893421
2024-07-27 04:00:00,15.461828637826159
2024-07-27 05:00:00,16.667733412313556
2024-07-27 06:00:00,17.96182863782616
2024-07-27 07:00:00,19.25592386333876
2024-07-27 08:00:00,20.46182863782616
2024-07-27 09:00:00,21.497362543758896
2024-07-27 10:00:00,22.29195565674835
2024-07-27 11:00:00,22.791457769271503
2024-07-27 12:00:00,22.96182863782616
2024-07-27 13:00:00,22.791457769271503
2024-07-27 14:00:00,22.291955656748353
2024-07-27 15:00:00,21.497362543758896
2024-07-27 16:00:00,20.46182863782616
2024-07-27 17:00:00,19.255923863338765
2024-07-27 18:00:00,17.96182863782616
2024-07-27 19:00:00,16.667733412313556
2024-07-27 20:00:00,15.46182863782616
2024-07-27 21:00:00,14.426294731893423
2024-07-27 22:00:00,13.631701618903968
2024-07-27 23:00:00,13.132199506380816
2024-07-28 00:00:00,12.856498550787148
2024-07-28 01:00:00,13.026869419341805
2024-07-28 02:00:00,13.526371531864955
2024-07-28 03:00:00,14.32096464485441
2024-07-28 04:00:00,15.356498550787148
2024-07-28 05:00:00,16.562403325274545
2024-07-28 06:00:00,17.856498550787148
2024-07-28 07:00:00,19.15059377629975
2024-07-28 08:00:00,20.356498550787148
2024-07-28 09:00:00,21.392032456719885
2024-07-28 10:00:00,22.186625569709342
2024-07-28 11:00:00,22.686127682232488
2024-07-28 12:00:00,22.856498550787148
2024-07-28 13:00:00,22.686127682232488
2024-07-28 14:00:00,22.186625569709342
2024-07-28 15:00:00,21.392032456719885
2024-07-28 16:00:00,20.356498550787148
2024-07-28 17:00:00,19.150593776299754
2024-07-28 18:00:00,17.856498550787148
2024-07-28 19:00:00,16.562403325274545
2024-07-28 20:00:00,15.35649855078715
2024-07-28 21:00:00,14.320964644854412
2024-07-28 22:00:00,13.526371531864957
2024-07-28 23:00:00,13.026869419341805
2024-07-29 00:00:00,12.748840413670408
2024-07-29 01:00:00,12.919211282225065
2024-07-29 02:00:00,13.418713394748215
2024-07-29 03:00:00,14.21330650773767
2024-07-29 04:00:00,15.248840413670408
2024-07-29 05:00:00,16.454745188157805
2024-07-29 06:00:00,17.748840413670408
2024-07-29 07:00:00,19.04293563918301
2024-07-29 08:00:00,20.248840413670408
2024-07-29 09:00:00,21.284374319603145
2024-07-29 10:00:00,22.0789674325926
2024-07-29 11:00:00,22.57846954511575
2024-07-29 12:00:00,22.748840413670408
2024-07-29 13:00:00,22.57846954511575
2024-07-29 14:00:00,22.078967432592602
2024-07-29 15:00:00,21.284374319603145
2024-07-29 16:00:00,20.248840413670408
2024-07-29 17:00:00,19.042935639183014
2024-07-29 18:00:00,17.748840413670408
2024-07-29 19:00:00,16.454745188157805
2024-07-29 20:00:00,15.24884041367041
2024-07-29 21:00:00,14.213306507737672
2024-07-29 22:00:00,13.418713394748217
2024-07-29 23:00:00,12.919211282225065
2024-07-30 00:00:00,12.63888612790543
2024-07-30 01:00:00,12.809256996460087
2024-07-30 02:00:00,13.308759108983237
2024-07-30 03:00:00,14.103352221972692
2024-07-30 04:00:00,15.13888612790543
2024-07-30 05:00:00,16.344790902392827
2024-07-30 06:00:00,17.63888612790543
2024-07-30 07:00:00,18.932981353418032
2024-07-30 08:00:00,20.13888612790543
2024-07-30 09:00:00,21.174420033838167
2024-07-30 10:00:00,21.96901314682762
2024-07-30 11:00:00,22.468515259350774
2024-07-30 12:00:00,22.63888612790543
2024-07-30 13:00:00,22.468515259350774
2024-07-30 14:00:00,21.969013146827624
2024-07-30 15:00:00,21.174420033838167
2024-07-30 16:00:00,20.13888612790543
2024-07-30 17:00:00,18.932981353418036
2024-07-30 18:00:00,17.63888612790543
2024-07-30 19:00:00,16.344790902392827
2024-07-30 20:00:00,15.138886127905431
2024-07-30 21:00:00,14.103352221972694
2024-07-30 22:00:00,13.308759108983239
2024-07-30 23:00:00,12.809256996460087
2024-07-31 00:00:00,12.526668275320084
2024-07-31 01:00:00,12.697039143874742
2024-07-31 02:00:00,13.196541256397891
2024-07-31 03:00:00,13.991134369387346
2024-07-31 04:00:00,15.026668275320084
2024-07-31 05:00:00,16.23257304980748
2024-07-31 06:00:00,17.526668275320084
2024-07-31 07:00:00,18.820763500832687
2024-07-31 08:00:00,20.026668275320084
2024-07-31 09:00:00,21.06220218125282
2024-07-31 10:00:00,21.856795294242275
2024-07-31 11:00:00,22.356297406765428
2024-07-31 12:00:00,22.526668275320084
2024-07-31 13:00:00,22.356297406765428
2024-07-31 14:00:00,21.85679529424228
2024-07-31 15:00:00,21.06220218125282
2024-07-31 16:00:00,20.026668275320084
2024-07-31 17:00:00,18.82076350083269
2024-07-31 18:00:00,17.526668275320084
2024-07-31 19:00:00,16.23257304980748
2024-07-31 20:00:00,15.026668275320086
2024-07-31 21:00:00,13.991134369387348
2024-07-31 22:00:00,13.196541256397893
2024-07-31 23:00:00,12.697039143874742
2024-08-01 00:00:00,12.412220108485961
2024-08-01 01:00:00,12.582590977040619
2024-08-01 02:00:00,13.082093089563768
2024-08-01 03:00:00,13.876686202553223
2024-08-01 04:00:00,14.912220108485961
2024-08-01 05:00:00,16.11812488297336
2024-08-01 06:00:00,17.41222010848596
2024-08-01 07:00:00,18.706315333998564
2024-08-01 08:00:00,19.91222010848596
2024-08-01 09:00:00,20.9477540144187
2024-08-01 10:00:00,21.742347127408152
2024-08-01 11:00:00,22.241849239931305
2024-08-01 12:00:00,22.41222010848596
2024-08-01 13:00:00,22.241849239931305
2024-08-01 14:00:00,21.742347127408156
2024-08-01 15:00:00,20.9477540144187
2024-08-01 16:00:00,19.91222010848596
2024-08-01 17:00:00,18.706315333998567
2024-08-01 18:00:00,17.41222010848596
2024-08-01 19:00:00,16.11812488297336
2024-08-01 20:00:00,14.912220108485963
2024-08-01 21:00:00,13.876686202553225
2024-08-01 22:00:00,13.08209308956377
2024-08-01 23:00:00,12.582590977040619
2024-08-02 00:00:00,12.295575540864874
2024-08-02 01:00:00,12.465946409419532
2024-08-02 02:00:00,12.965448521942681
2024-08-02 03:00:00,13.760041634932136
2024-08-02 04:00:00,14.795575540864874
2024-08-02 05:00:00,16.00148031535227
2024-08-02 06:00:00,17.295575540864874
2024-08-02 07:00:00,18.589670766377477
2024-08-02 08:00:00,19.795575540864874
2024-08-02 09:00:00,20.831109446797612
2024-08-02 10:00:00,21.625702559787065
2024-08-02 11:00:00,22.12520467231022
2024-08-02 12:00:00,22.295575540864874
2024-08-02 13:00:00,22.12520467231022
2024-08-02 14:00:00,21.62570255978707
2024-08-02 15:00:00,20.831109446797612
2024-08-02 16:00:00,19.795575540864874
2024-08-02 17:00:00,18.58967076637748
2024-08-02 18:00:00,17.295575540864874
2024-08-02 19:00:00,16.00148031535227
2024-08-02 20:00:00,14.795575540864876
2024-08-02 21:00:00,13.760041634932138
2024-08-02 22:00:00,12.965448521942683
2024-08-02 23:00:00,12.465946409419532
2024-08-03 00:00:00,12.17676913675962
2024-08-03 01:00:00,12.347140005314278
2024-08-03 02:00:00,12.846642117837428
2024-08-03 03:00:00,13.641235230826883
2024-08-03 04:00:00,14.67676913675962
2024-08-03 05:00:00,15.882673911247016
2024-08-03 06:00:00,17.17676913675962
2024-08-03 07:00:00,18.470864362272224
2024-08-03 08:00:00,19.67676913675962
2024-08-03 09:00:00,20.71230304269236
2024-08-03 10:00:00,21.506896155681815
2024-08-03 11:00:00,22.00639826820496
2024-08-03 12:00:00,22.17676913675962
2024-08-03 13:00:00,22.00639826820496
2024-08-03 14:00:00,21.506896155681815
2024-08-03 15:00:00,20.71230304269236
2024-08-03 16:00:00,19.67676913675962
2024-08-03 17:00:00,18.470864362272227
2024-08-03 18:00:00,17.17676913675962
2024-08-03 19:00:00,15.882673911247016
2024-08-03 20:00:00,14.676769136759622
2024-08-03 21:00:00,13.641235230826885
2024-08-03 22:00:00,12.84664211783743
2024-08-03 23:00:00,12.347140005314278
2024-08-04 00:00:00,12.05583610107178
2024-08-04 01:00:00,12.226206969626437
2024-08-04 02:00:00,12.725709082149587
2024-08-04 03:00:00,13.520302195139042
2024-08-04 04:00:00,14.55583610107178
2024-08-04 05:00:00,15.761740875559175
2024-08-04 06:00:00,17.05583610107178
2024-08-04 07:00:00,18.349931326584382
2024-08-04 08:00:00,19.55583610107178
2024-08-04 09:00:00,20.591370007004517
2024-08-04 10:00:00,21.385963119993974
2024-08-04 11:00:00,21.88546523251712
2024-08-04 12:00:00,22.05583610107178
2024-08-04 13:00:00,21.88546523251712
2024-08-04 14:00:00,21.385963119993974
2024-08-04 15:00:00,20.591370007004517
2024-08-04 16:00:00,19.55583610107178
2024-08-04 17:00:00,18.349931326584386
2024-08-04 18:00:00,17.05583610107178
2024-08-04 19:00:00,15.761740875559175
2024-08-04 20:00:00,14.555836101071781
2024-08-04 21:00:00,13.520302195139044
2024-08-04 22:00:00,12.725709082149589
2024-08-04 23:00:00,12.226206969626437
2024-08-05 00:00:00,11.932812268869775
2024-08-05 01:00:00,12.103183137424432
2024-08-05 02:00:00,12.602685249947582
2024-08-05 03:00:00,13.397278362937037
2024-08-05 04:00:00,14.432812268869775
2024-08-05 05:00:00,15.63871704335717
2024-08-05 06:00:00,16.932812268869775
2024-08-05 07:00:00,18.226907494382377
2024-08-05 08:00:00,19.432812268869775
2024-08-05 09:00:00,20.468346174802512
2024-08-05 10:00:00,21.262939287791966
2024-08-05 11:00:00,21.76244140031512
2024-08-05 12:00:00,21.932812268869775
2024-08-05 13:00:00,21.76244140031512
2024-08-05 14:00:00,21.26293928779197
2024-08-05 15:00:00,20.468346174802512
2024-08-05 16:00:00,19.432812268869775
2024-08-05 17:00:00,18.22690749438238
2024-08-05 18:00:00,16.932812268869775
2024-08-05 19:00:00,15.63871704335717
2024-08-05 20:00:00,14.432812268869776
2024-08-05 21:00:00,13.397278362937039
2024-08-05 22:00:00,12.602685249947584
2024-08-05 23:00:00,12.103183137424432
2024-08-06 00:00:00,11.807734094770161
2024-08-06 01:00:00,11.978104963324819
2024-08-06 02:00:00,12.477607075847969
2024-08-06 03:00:00,13.272200188837424
2024-08-06 04:00:00,14.307734094770161
2024-08-06 05:00:00,15.513638869257557
2024-08-06 06:00:00,16.80773409477016
2024-08-06 07:00:00,18.101829320282764
2024-08-06 08:00:00,19.30773409477016
2024-08-06 09:00:00,20.3432680007029
2024-08-06 10:00:00,21.137861113692352
2024-08-06 11:00:00,21.637363226215506
2024-08-06 12:00:00,21.80773409477016
2024-08-06 13:00:00,21.637363226215506
2024-08-06 14:00:00,21.137861113692356
2024-08-06 15:00:00,20.3432680007029
2024-08-06 16:00:00,19.30773409477016
2024-08-06 17:00:00,18.101829320282768
2024-08-06 18:00:00,16.80773409477016
2024-08-06 19:00:00,15.513638869257557
2024-08-06 20:00:00,14.307734094770163
2024-08-06 21:00:00,13.272200188837425
2024-08-06 22:00:00,12.47760707584797
2024-08-06 23:00:00,11.978104963324819
2024-08-07 00:00:00,11.680638642135335
2024-08-07 01:00:00,11.851009510689993
2024-08-07 02:00:00,12.350511623213142
2024-08-07 03:00:00,13.145104736202597
2024-08-07 04:00:00,14.180638642135335
2024-08-07 05:00:00,15.38654341662273
2024-08-07 06:00:00,16.680638642135335
2024-08-07 07:00:00,17.974733867647938
2024-08-07 08:00:00,19.180638642135335
2024-08-07 09:00:00,20.216172548068073
2024-08-07 10:00:00,21.010765661057526
2024-08-07 11:00:00,21.51026777358068
2024-08-07 12:00:00,21.680638642135335
2024-08-07 13:00:00,21.51026777358068
2024-08-07 14:00:00,21.01076566105753
2024-08-07 15:00:00,20.216172548068073
2024-08-07 16:00:00,19.180638642135335
2024-08-07 17:00:00,17.97473386764794
2024-08-07 18:00:00,16.680638642135335
2024-08-07 19:00:00,15.38654341662273
2024-08-07 20:00:00,14.180638642135337
2024-08-07 21:00:00,13.1451047362026
2024-08-07 22:00:00,12.350511623213144
2024-08-07 23:00:00,11.851009510689993
2024-08-08 00:00:00,11.551563572090853
2024-08-08 01:00:00,11.72193444064551
2024-08-08 02:00:00,12.22143655316866
2024-08-08 03:00:00,13.016029666158115
2024-08-08 04:00:00,14.051563572090853
2024-08-08 05:00:00,15.257468346578248
2024-08-08 06:00:00,16.551563572090853
2024-08-08 07:00:00,17.845658797603456
2024-08-08 08:00:00,19.051563572090853
2024-08-08 09:00:00,20.08709747802359
2024-08-08 10:00:00,20.881690591013047
2024-08-08 11:00:00,21.381192703536193
2024-08-08 12:00:00,21.551563572090853
2024-08-08 13:00:00,21.381192703536193
2024-08-08 14:00:00,20.881690591013047
2024-08-08 15:00:00,20.08709747802359
2024-08-08 16:00:00,19.051563572090853
2024-08-08 17:00:00,17.84565879760346
2024-08-08 18:00:00,16.551563572090853
2024-08-08 19:00:00,15.257468346578248
2024-08-08 20:00:00,14.051563572090854
2024-08-08 21:00:00,13.016029666158117
2024-08-08 22:00:00,12.221436553168662
2024-08-08 23:00:00,11.72193444064551
2024-08-09 00:00:00,11.420547132365638
2024-08-09 01:00:00,11.590918000920295
2024-08-09 02:00:00,12.090420113443445
2024-08-09 03:00:00,12.8850132264329
2024-08-09 04:00:00,13.920547132365638
2024-08-09 05:00:00,15.126451906853033
2024-08-09 06:00:00,16.420547132365638
2024-08-09 07:00:00,17.71464235787824
2024-08-09 08:00:00,18.920547132365638
2024-08-09 09:00:00,19.956081038298375
2024-08-09 10:00:00,20.750674151287832
2024-08-09 11:00:00,21.250176263810978
2024-08-09 12:00:00,21.420547132365638
2024-08-09 13:00:00,21.250176263810978
2024-08-09 14:00:00,20.750674151287832
2024-08-09 15:00:00,19.956081038298375
2024-08-09 16:00:00,18.920547132365638
2024-08-09 17:00:00,17.714642357878244
2024-08-09 18:00:00,16.420547132365638
2024-08-09 19:00:00,15.126451906853033
2024-08-09 20:00:00,13.92054713236564
2024-08-09 21:00:00,12.885013226432902
2024-08-09 22:00:00,12.090420113443447
2024-08-09 23:00:00,11.590918000920295
2024-08-10 00:00:00,11.287628145958344
2024-08-10 01:00:00,11.457999014513002
2024-08-10 02:00:00,11.957501127036151
2024-08-10 03:00:00,12.752094240025606
2024-08-10 04:00:00,13.787628145958344
2024-08-10 05:00:00,14.99353292044574
2024-08-10 06:00:00,16.287628145958344
2024-08-10 07:00:00,17.581723371470947
2024-08-10 08:00:00,18.787628145958344
2024-08-10 09:00:00,19.82316205189108
2024-08-10 10:00:00,20.617755164880535
2024-08-10 11:00:00,21.117257277403688
2024-08-10 12:00:00,21.287628145958344
2024-08-10 13:00:00,21.117257277403688
2024-08-10 14:00:00,20.61775516488054
2024-08-10 15:00:00,19.82316205189108
2024-08-10 16:00:00,18.787628145958344
2024-08-10 17:00:00,17.58172337147095
2024-08-10 18:00:00,16.287628145958344
2024-08-10 19:00:00,14.99353292044574
2024-08-10 20:00:00,13.787628145958346
2024-08-10 21:00:00,12.752094240025608
2024-08-10 22:00:00,11.957501127036153
2024-08-10 23:00:00,11.457999014513002
2024-08-11 00:00:00,11.152845999633275
2024-08-11 01:00:00,11.323216868187933
2024-08-11 02:00:00,11.822718980711082
2024-08-11 03:00:00,12.617312093700537
2024-08-11 04:00:00,13.652845999633275
2024-08-11 05:00:00,14.85875077412067
2024-08-11 06:00:00,16.152845999633275
2024-08-11 07:00:00,17.446941225145878
2024-08-11 08:00:00,18.652845999633275
2024-08-11 09:00:00,19.688379905566013
2024-08-11 10:00:00,20.48297301855547
2024-08-11 11:00:00,20.982475131078616
2024-08-11 12:00:00,21.152845999633275
2024-08-11 13:00:00,20.982475131078616
2024-08-11 14:00:00,20.48297301855547
2024-08-11 15:00:00,19.688379905566013
2024-08-11 16:00:00,18.652845999633275
2024-08-11 17:00:00,17.44694122514588
2024-08-11 18:00:00,16.152845999633275
2024-08-11 19:00:00,14.85875077412067
2024-08-11 20:00:00,13.652845999633277
2024-08-11 21:00:00,12.617312093700539
2024-08-11 22:00:00,11.822718980711084
2024-08-11 23:00:00,11.323216868187933
2024-08-12 00:00:00,11.016240632249225
2024-08-12 01:00:00,11.186611500803883
2024-08-12 02:00:00,11.686113613327032
2024-08-12 03:00:00,12.480706726316487
2024-08-12 04:00:00,13.516240632249225
2024-08-12 05:00:00,14.72214540673662
2024-08-12 06:00:00,16.016240632249225
2024-08-12 07:00:00,17.310335857761828
2024-08-12 08:00:00,18.516240632249225
2024-08-12 09:00:00,19.551774538181963
2024-08-12 10:00:00,20.34636765117142
2024-08-12 11:00:00,20.845869763694566
2024-08-12 12:00:00,21.016240632249225
2024-08-12 13:00:00,20.845869763694566
2024-08-12 14:00:00,20.34636765117142
2024-08-12 15:00:00,19.551774538181963
2024-08-12 16:00:00,18.516240632249225
2024-08-12 17:00:00,17.31033585776183
2024-08-12 18:00:00,16.016240632249225
2024-08-12 19:00:00,14.72214540673662
2024-08-12 20:00:00,13.516240632249227
2024-08-12 21:00:00,12.48070672631649
2024-08-12 22:00:00,11.686113613327034
2024-08-12 23:00:00,11.186611500803883
2024-08-13 00:00:00,10.877852522924732
2024-08-13 01:00:00,11.04822339147939
2024-08-13 02:00:00,11.547725504002539
2024-08-13 03:00:00,12.342318616991994
2024-08-13 04:00:00,13.377852522924732
2024-08-13 05:00:00,14.583757297412127
2024-08-13 06:00:00,15.877852522924732
2024-08-13 07:00:00,17.171947748437336
2024-08-13 08:00:00,18.37785252292473
2024-08-13 09:00:00,19.41338642885747
2024-08-13 10:00:00,20.207979541846925
2024-08-13 11:00:00,20.707481654370074
2024-08-13 12:00:00,20.877852522924734
2024-08-13 13:00:00,20.707481654370074
2024-08-13 14:00:00,20.207979541846925
2024-08-13 15:00:00,19.41338642885747
2024-08-13 16:00:00,18.37785252292473
2024-08-13 17:00:00,17.171947748437336
2024-08-13 18:00:00,15.877852522924732
2024-08-13 19:00:00,14.583757297412127
2024-08-13 20:00:00,13.377852522924734
2024-08-13 21:00:00,12.342318616991996
2024-08-13 22:00:00,11.54772550400254
2024-08-13 23:00:00,11.04822339147939
2024-08-14 00:00:00,10.737722679043245
2024-08-14 01:00:00,10.908093547597902
2024-08-14 02:00:00,11.407595660121052
2024-08-14 03:00:00,12.202188773110507
2024-08-14 04:00:00,13.237722679043245
2024-08-14 05:00:00,14.44362745353064
2024-08-14 06:00:00,15.737722679043245
2024-08-14 07:00:00,17.031817904555847
2024-08-14 08:00:00,18.237722679043245
2024-08-14 09:00:00,19.273256584975982
2024-08-14 10:00:00,20.067849697965435
2024-08-14 11:00:00,20.56735181048859
2024-08-14 12:00:00,20.737722679043245
2024-08-14 13:00:00,20.56735181048859
2024-08-14 14:00:00,20.06784969796544
2024-08-14 15:00:00,19.273256584975982
2024-08-14 16:00:00,18.237722679043245
2024-08-14 17:00:00,17.03181790455585
2024-08-14 18:00:00,15.737722679043245
2024-08-14 19:00:00,14.44362745353064
2024-08-14 20:00:00,13.237722679043246
2024-08-14 21:00:00,12.202188773110509
2024-08-14 22:00:00,11.407595660121054
2024-08-14 23:00:00,10.908093547597902
2024-08-15 00:00:00,10.595892624101763
2024-08-15 01:00:00,10.766263492656421
2024-08-15 02:00:00,11.26576560517957
2024-08-15 03:00:00,12.060358718169025
2024-08-15 04:00:00,13.095892624101763
2024-08-15 05:00:00,14.301797398589159
2024-08-15 06:00:00,15.595892624101763
2024-08-15 07:00:00,16.889987849614368
2024-08-15 08:00:00,18.09589262410176
2024-08-15 09:00:00,19.131426530034503
2024-08-15 10:00:00,19.926019643023956
2024-08-15 11:00:00,20.425521755547106
2024-08-15 12:00:00,20.595892624101765
2024-08-15 13:00:00,20.425521755547106
2024-08-15 14:00:00,19.926019643023956
2024-08-15 15:00:00,19.131426530034503
2024-08-15 16:00:00,18.09589262410176
2024-08-15 17:00:00,16.889987849614368
2024-08-15 18:00:00,15.595892624101763
2024-08-15 19:00:00,14.301797398589159
2024-08-15 20:00:00,13.095892624101765
2024-08-15 21:00:00,12.060358718169027
2024-08-15 22:00:00,11.265765605179572
2024-08-15 23:00:00,10.766263492656421
2024-08-16 00:00:00,10.452404385406508
2024-08-16 01:00:00,10.622775253961166
2024-08-16 02:00:00,11.122277366484315
2024-08-16 03:00:00,11.91687047947377
2024-08-16 04:00:00,12.952404385406508
2024-08-16 05:00:00,14.158309159893903
2024-08-16 06:00:00,15.452404385406508
2024-08-16 07:00:00,16.746499610919113
2024-08-16 08:00:00,17.952404385406506
2024-08-16 09:00:00,18.987938291339248
2024-08-16 10:00:00,19.7825314043287
2024-08-16 11:00:00,20.28203351685185
2024-08-16 12:00:00,20.45240438540651
2024-08-16 13:00:00,20.28203351685185
2024-08-16 14:00:00,19.7825314043287
2024-08-16 15:00:00,18.987938291339248
2024-08-16 16:00:00,17.952404385406506
2024-08-16 17:00:00,16.746499610919113
2024-08-16 18:00:00,15.452404385406508
2024-08-16 19:00:00,14.158309159893903
2024-08-16 20:00:00,12.95240438540651
2024-08-16 21:00:00,11.916870479473772
2024-08-16 22:00:00,11.122277366484317
2024-08-16 23:00:00,10.622775253961166
2024-08-17 00:00:00,10.307300481619333
2024-08-17 01:00:00,10.47767135017399
2024-08-17 02:00:00,10.97717346269714
2024-08-17 03:00:00,11.771766575686595
2024-08-17 04:00:00,12.807300481619333
2024-08-17 05:00:00,14.013205256106728
2024-08-17 06:00:00,15.307300481619333
2024-08-17 07:00:00,16.601395707131935
2024-08-17 08:00:00,17.807300481619333
2024-08-17 09:00:00,18.84283438755207
2024-08-17 10:00:00,19.637427500541527
2024-08-17 11:00:00,20.136929613064673
2024-08-17 12:00:00,20.307300481619333
2024-08-17 13:00:00,20.136929613064673
2024-08-17 14:00:00,19.637427500541527
2024-08-17 15:00:00,18.84283438755207
2024-08-17 16:00:00,17.807300481619333
2024-08-17 17:00:00,16.60139570713194
2024-08-17 18:00:00,15.307300481619333
2024-08-17 19:00:00,14.013205256106728
2024-08-17 20:00:00,12.807300481619334
2024-08-17 21:00:00,11.771766575686597
2024-08-17 22:00:00,10.977173462697142
2024-08-17 23:00:00,10.47767135017399
2024-08-18 00:00:00,10.160623910158527
2024-08-18 01:00:00,10.330994778713185
2024-08-18 02:00:00,10.830496891236335
2024-08-18 03:00:00,11.62509000422579
2024-08-18 04:00:00,12.660623910158527
2024-08-18 05:00:00,13.866528684645923
2024-08-18 06:00:00,15.160623910158527
2024-08-18 07:00:00,16.45471913567113
2024-08-18 08:00:00,17.660623910158527
2024-08-18 09:00:00,18.696157816091265
2024-08-18 10:00:00,19.49075092908072
2024-08-18 11:00:00,19.99025304160387
2024-08-18 12:00:00,20.160623910158527
2024-08-18 13:00:00,19.99025304160387
2024-08-18 14:00:00,19.490750929080722
2024-08-18 15:00:00,18.696157816091265
2024-08-18 16:00:00,17.660623910158527
2024-08-18 17:00:00,16.454719135671134
2024-08-18 18:00:00,15.160623910158527
2024-08-18 19:00:00,13.866528684645923
2024-08-18 20:00:00,12.66062391015853
2024-08-18 21:00:00,11.625090004225791
2024-08-18 22:00:00,10.830496891236336
2024-08-18 23:00:00,10.330994778713185
2024-08-19 00:00:00,10.012418134457757
2024-08-19 01:00:00,10.182789003012415
2024-08-19 02:00:00,10.682291115535564
2024-08-19 03:00:00,11.47688422852502
2024-08-19 04:00:00,12.512418134457757
2024-08-19 05:00:00,13.718322908945153
2024-08-19 06:00:00,15.012418134457757
2024-08-19 07:00:00,16.30651335997036
2024-08-19 08:00:00,17.512418134457757
2024-08-19 09:00:00,18.547952040390495
2024-08-19 10:00:00,19.34254515337995
2024-08-19 11:00:00,19.842047265903098
2024-08-19 12:00:00,20.012418134457757
2024-08-19 13:00:00,19.842047265903098
2024-08-19 14:00:00,19.34254515337995
2024-08-19 15:00:00,18.547952040390495
2024-08-19 16:00:00,17.512418134457757
2024-08-19 17:00:00,16.306513359970364
2024-08-19 18:00:00,15.012418134457757
2024-08-19 19:00:00,13.718322908945153
2024-08-19 20:00:00,12.512418134457759
2024-08-19 21:00:00,11.476884228525021
2024-08-19 22:00:00,10.682291115535566
2024-08-19 23:00:00,10.182789003012415
2024-08-20 00:00:00,9.8627270710869
2024-08-20 01:00:00,10.033097939641557
2024-08-20 02:00:00,10.532600052164707
2024-08-20 03:00:00,11.327193165154162
2024-08-20 04:00:00,12.3627270710869
2024-08-20 05:00:00,13.568631845574295
2024-08-20 06:00:00,14.8627270710869
2024-08-20 07:00:00,16.156822296599504
2024-08-20 08:00:00,17.362727071086898
2024-08-20 09:00:00,18.39826097701964
2024-08-20 10:00:00,19.192854090009092
2024-08-20 11:00:00,19.692356202532242
2024-08-20 12:00:00,19.8627270710869
2024-08-20 13:00:00,19.692356202532242
2024-08-20 14:00:00,19.192854090009092
2024-08-20 15:00:00,18.39826097701964
2024-08-20 16:00:00,17.362727071086898
2024-08-20 17:00:00,16.156822296599504
2024-08-20 18:00:00,14.8627270710869
2024-08-20 19:00:00,13.568631845574295
2024-08-20 20:00:00,12.362727071086901
2024-08-20 21:00:00,11.327193165154164
2024-08-20 22:00:00,10.532600052164709
2024-08-20 23:00:00,10.033097939641557
2024-08-21 00:00:00,9.711595076738638
2024-08-21 01:00:00,9.881965945293295
2024-08-21 02:00:00,10.381468057816445
2024-08-21 03:00:00,11.1760611708059
2024-08-21 04:00:00,12.211595076738638
2024-08-21 05:00:00,13.417499851226033
2024-08-21 06:00:00,14.711595076738638
2024-08-21 07:00:00,16.005690302251242
2024-08-21 08:00:00,17.211595076738636
2024-08-21 09:00:00,18.247128982671377
2024-08-21 10:00:00,19.04172209566083
2024-08-21 11:00:00,19.54122420818398
2024-08-21 12:00:00,19.71159507673864
2024-08-21 13:00:00,19.54122420818398
2024-08-21 14:00:00,19.04172209566083
2024-08-21 15:00:00,18.247128982671377
2024-08-21 16:00:00,17.211595076738636
2024-08-21 17:00:00,16.005690302251242
2024-08-21 18:00:00,14.711595076738638
2024-08-21 19:00:00,13.417499851226033
2024-08-21 20:00:00,12.21159507673864
2024-08-21 21:00:00,11.176061170805902
2024-08-21 22:00:00,10.381468057816447
2024-08-21 23:00:00,9.881965945293295
2024-08-22 00:00:00,9.559066935084587
2024-08-22 01:00:00,9.729437803639245
2024-08-22 02:00:00,10.228939916162394
2024-08-22 03:00:00,11.02353302915185
2024-08-22 04:00:00,12.059066935084587
2024-08-22 05:00:00,13.264971709571983
2024-08-22 06:00:00,14.559066935084587
2024-08-22 07:00:00,15.853162160597192
2024-08-22 08:00:00,17.059066935084587
2024-08-22 09:00:00,18.094600841017325
2024-08-22 10:00:00,18.889193954006778
2024-08-22 11:00:00,19.38869606652993
2024-08-22 12:00:00,19.559066935084587
2024-08-22 13:00:00,19.38869606652993
2024-08-22 14:00:00,18.88919395400678
2024-08-22 15:00:00,18.094600841017325
2024-08-22 16:00:00,17.059066935084587
2024-08-22 17:00:00,15.853162160597192
2024-08-22 18:00:00,14.559066935084587
2024-08-22 19:00:00,13.264971709571983
2024-08-22 20:00:00,12.059066935084589
2024-08-22 21:00:00,11.023533029151851
2024-08-22 22:00:00,10.228939916162396
2024-08-22 23:00:00,9.729437803639245
2024-08-23 00:00:00,9.405187843504951
2024-08-23 01:00:00,9.575558712059609
2024-08-23 02:00:00,10.075060824582758
2024-08-23 03:00:00,10.869653937572213
2024-08-23 04:00:00,11.905187843504951
2024-08-23 05:00:00,13.111092617992346
2024-08-23 06:00:00,14.405187843504951
2024-08-23 07:00:00,15.699283069017556
2024-08-23 08:00:00,16.90518784350495
2024-08-23 09:00:00,17.94072174943769
2024-08-23 10:00:00,18.735314862427145
2024-08-23 11:00:00,19.23481697495029
2024-08-23 12:00:00,19.40518784350495
2024-08-23 13:00:00,19.23481697495029
2024-08-23 14:00:00,18.735314862427145
2024-08-23 15:00:00,17.94072174943769
2024-08-23 16:00:00,16.90518784350495
2024-08-23 17:00:00,15.699283069017556
2024-08-23 18:00:00,14.405187843504951
2024-08-23 19:00:00,13.111092617992346
2024-08-23 20:00:00,11.905187843504953
2024-08-23 21:00:00,10.869653937572215
2024-08-23 22:00:00,10.07506082458276
2024-08-23 23:00:00,9.575558712059609
2024-08-24 00:00:00,9.25000339969554
2024-08-24 01:00:00,9.420374268250198
2024-08-24 02:00:00,9.919876380773347
2024-08-24 03:00:00,10.714469493762802
2024-08-24 04:00:00,11.75000339969554
2024-08-24 05:00:00,12.955908174182936
2024-08-24 06:00:00,14.25000339969554
2024-08-24 07:00:00,15.544098625208145
2024-08-24 08:00:00,16.75000339969554
2024-08-24 09:00:00,17.785537305628278
2024-08-24 10:00:00,18.580130418617735
2024-08-24 11:00:00,19.07963253114088
2024-08-24 12:00:00,19.25000339969554
2024-08-24 13:00:00,19.07963253114088
2024-08-24 14:00:00,18.580130418617735
2024-08-24 15:00:00,17.785537305628278
2024-08-24 16:00:00,16.75000339969554
2024-08-24 17:00:00,15.544098625208145
2024-08-24 18:00:00,14.25000339969554
2024-08-24 19:00:00,12.955908174182936
2024-08-24 20:00:00,11.750003399695542
2024-08-24 21:00:00,10.714469493762804
2024-08-24 22:00:00,9.91987638077335
2024-08-24 23:00:00,9.420374268250198
2024-08-25 00:00:00,9.093559588156214
2024-08-25 01:00:00,9.263930456710872
2024-08-25 02:00:00,9.763432569234022
2024-08-25 03:00:00,10.558025682223477
2024-08-25 04:00:00,11.593559588156214
2024-08-25 05:00:00,12.79946436264361
2024-08-25 06:00:00,14.093559588156214
2024-08-25 07:00:00,15.387654813668819
2024-08-25 08:00:00,16.593559588156214
2024-08-25 09:00:00,17.629093494088952
2024-08-25 10:00:00,18.42368660707841
2024-08-25 11:00:00,18.923188719601555
2024-08-25 12:00:00,19.093559588156214
2024-08-25 13:00:00,18.923188719601555
2024-08-25 14:00:00,18.42368660707841
2024-08-25 15:00:00,17.629093494088952
2024-08-25 16:00:00,16.593559588156214
2024-08-25 17:00:00,15.387654813668819
2024-08-25 18:00:00,14.093559588156214
2024-08-25 19:00:00,12.79946436264361
2024-08-25 20:00:00,11.593559588156216
2024-08-25 21:00:00,10.558025682223478
2024-08-25 22:00:00,9.763432569234023
2024-08-25 23:00:00,9.263930456710872
2024-08-26 00:00:00,8.935902766564666
2024-08-26 01:00:00,9.106273635119324
2024-08-26 02:00:00,9.605775747642474
2024-08-26 03:00:00,10.400368860631929
2024-08-26 04:00:00,11.435902766564666
2024-08-26 05:00:00,12.641807541052062
2024-08-26 06:00:00,13.935902766564666
2024-08-26 07:00:00,15.229997992077271
2024-08-26 08:00:00,16.435902766564666
2024-08-26 09:00:00,17.471436672497404
2024-08-26 10:00:00,18.266029785486857
2024-08-26 11:00:00,18.76553189801001
2024-08-26 12:00:00,18.935902766564666
2024-08-26 13:00:00,18.76553189801001
2024-08-26 14:00:00,18.26602978548686
2024-08-26 15:00:00,17.471436672497404
2024-08-26 16:00:00,16.435902766564666
2024-08-26 17:00:00,15.229997992077271
2024-08-26 18:00:00,13.935902766564666
2024-08-26 19:00:00,12.641807541052062
2024-08-26 20:00:00,11.435902766564668
2024-08-26 21:00:00,10.40036886063193
2024-08-26 22:00:00,9.605775747642475
2024-08-26 23:00:00,9.106273635119324
2024-08-27 00:00:00,8.77707965203965
2024-08-27 01:00:00,8.947450520594307
2024-08-27 02:00:00,9.446952633117457
2024-08-27 03:00:00,10.241545746106912
2024-08-27 04:00:00,11.27707965203965
2024-08-27 05:00:00,12.482984426527045
2024-08-27 06:00:00,13.77707965203965
2024-08-27 07:00:00,15.071174877552254
2024-08-27 08:00:00,16.27707965203965
2024-08-27 09:00:00,17.312613557972387
2024-08-27 10:00:00,18.107206670961844
2024-08-27 11:00:00,18.60670878348499
2024-08-27 12:00:00,18.77707965203965
2024-08-27 13:00:00,18.60670878348499
2024-08-27 14:00:00,18.107206670961844
2024-08-27 15:00:00,17.312613557972387
2024-08-27 16:00:00,16.27707965203965
2024-08-27 17:00:00,15.071174877552254
2024-08-27 18:00:00,13.77707965203965
2024-08-27 19:00:00,12.482984426527045
2024-08-27 20:00:00,11.277079652039651
2024-08-27 21:00:00,10.241545746106913
2024-08-27 22:00:00,9.446952633117458
2024-08-27 23:00:00,8.947450520594307
2024-08-28 00:00:00,8.617137307297677
2024-08-28 01:00:00,8.787508175852334
2024-08-28 02:00:00,9.287010288375484
2024-08-28 03:00:00,10.081603401364939
2024-08-28 04:00:00,11.117137307297677
2024-08-28 05:00:00,12.323042081785072
2024-08-28 06:00:00,13.617137307297677
2024-08-28 07:00:00,14.911232532810281
2024-08-28 08:00:00,16.117137307297675
2024-08-28 09:00:00,17.152671213230413
2024-08-28 10:00:00,17.94726432621987
2024-08-28 11:00:00,18.44676643874302
2024-08-28 12:00:00,18.617137307297675
2024-08-28 13:00:00,18.44676643874302
2024-08-28 14:00:00,17.94726432621987
2024-08-28 15:00:00,17.152671213230416
2024-08-28 16:00:00,16.117137307297675
2024-08-28 17:00:00,14.911232532810281
2024-08-28 18:00:00,13.617137307297677
2024-08-28 19:00:00,12.323042081785072
2024-08-28 20:00:00,11.117137307297678
2024-08-28 21:00:00,10.08160340136494
2024-08-28 22:00:00,9.287010288375486
2024-08-28 23:00:00,8.787508175852334
2024-08-29 00:00:00,8.456123126707336
2024-08-29 01:00:00,8.626493995261994
2024-08-29 02:00:00,9.125996107785143
2024-08-29 03:00:00,9.920589220774598
2024-08-29 04:00:00,10.956123126707336
2024-08-29 05:00:00,12.162027901194731
2024-08-29 06:00:00,13.456123126707336
2024-08-29 07:00:00,14.75021835221994
2024-08-29 08:00:00,15.956123126707336
2024-08-29 09:00:00,16.991657032640074
2024-08-29 10:00:00,17.78625014562953
2024-08-29 11:00:00,18.285752258152677
2024-08-29 12:00:00,18.456123126707336
2024-08-29 13:00:00,18.285752258152677
2024-08-29 14:00:00,17.78625014562953
2024-08-29 15:00:00,16.991657032640074
2024-08-29 16:00:00,15.956123126707336
2024-08-29 17:00:00,14.75021835221994
2024-08-29 18:00:00,13.456123126707336
2024-08-29 19:00:00,12.162027901194731
2024-08-29 20:00:00,10.956123126707338
2024-08-29 21:00:00,9.9205892207746
2024-08-29 22:00:00,9.125996107785145
2024-08-29 23:00:00,8.626493995261994
2024-08-30 00:00:00,8.294084822245305
2024-08-30 01:00:00,8.464455690799962
2024-08-30 02:00:00,8.963957803323112
2024-08-30 03:00:00,9.758550916312567
2024-08-30 04:00:00,10.794084822245305
2024-08-30 05:00:00,11.9999895967327
2024-08-30 06:00:00,13.294084822245305
2024-08-30 07:00:00,14.588180047757909
2024-08-30 08:00:00,15.794084822245305
2024-08-30 09:00:00,16.82961872817804
2024-08-30 10:00:00,17.624211841167497
2024-08-30 11:00:00,18.123713953690647
2024-08-30 12:00:00,18.294084822245303
2024-08-30 13:00:00,18.123713953690647
2024-08-30 14:00:00,17.624211841167497
2024-08-30 15:00:00,16.829618728178044
2024-08-30 16:00:00,15.794084822245305
2024-08-30 17:00:00,14.588180047757909
2024-08-30 18:00:00,13.294084822245305
2024-08-30 19:00:00,11.9999895967327
2024-08-30 20:00:00,10.794084822245306
2024-08-30 21:00:00,9.758550916312569
2024-08-30 22:00:00,8.963957803323114
2024-08-30 23:00:00,8.464455690799962
2024-08-31 00:00:00,8.13107040935827
2024-08-31 01:00:00,8.301441277912927
2024-08-31 02:00:00,8.800943390436077
2024-08-31 03:00:00,9.595536503425532
2024-08-31 04:00:00,10.63107040935827
2024-08-31 05:00:00,11.836975183845665
2024-08-31 06:00:00,13.13107040935827
2024-08-31 07:00:00,14.425165634870874
2024-08-31 08:00:00,15.63107040935827
2024-08-31 09:00:00,16.666604315291007
2024-08-31 10:00:00,17.461197428280464
2024-08-31 11:00:00,17.96069954080361
2024-08-31 12:00:00,18.13107040935827
2024-08-31 13:00:00,17.96069954080361
2024-08-31 14:00:00,17.461197428280464
2024-08-31 15:00:00,16.666604315291007
2024-08-31 16:00:00,15.63107040935827
2024-08-31 17:00:00,14.425165634870874
2024-08-31 18:00:00,13.13107040935827
2024-08-31 19:00:00,11.836975183845665
2024-08-31 20:00:00,10.631070409358271
2024-08-31 21:00:00,9.595536503425533
2024-08-31 22:00:00,8.800943390436078
2024-08-31 23:00:00,8.301441277912927
2024-09-01 00:00:00,7.967128192734908
2024-09-01 01:00:00,8.137499061289565
2024-09-01 02:00:00,8.637001173812715
2024-09-01 03:00:00,9.43159428680217
2024-09-01 04:00:00,10.467128192734908
2024-09-01 05:00:00,11.673032967222303
2024-09-01 06:00:00,12.967128192734908
2024-09-01 07:00:00,14.261223418247512
2024-09-01 08:00:00,15.467128192734908
2024-09-01 09:00:00,16.502662098667646
2024-09-01 10:00:00,17.297255211657102
2024-09-01 11:00:00,17.79675732418025
2024-09-01 12:00:00,17.967128192734908
2024-09-01 13:00:00,17.79675732418025
2024-09-01 14:00:00,17.297255211657102
2024-09-01 15:00:00,16.502662098667646
2024-09-01 16:00:00,15.467128192734908
2024-09-01 17:00:00,14.261223418247512
2024-09-01 18:00:00,12.967128192734908
2024-09-01 19:00:00,11.673032967222303
2024-09-01 20:00:00,10.46712819273491
2024-09-01 21:00:00,9.431594286802172
2024-09-01 22:00:00,8.637001173812717
2024-09-01 23:00:00,8.137499061289565
2024-09-02 00:00:00,7.802306751992159
2024-09-02 01:00:00,7.972677620546817
2024-09-02 02:00:00,8.472179733069966
2024-09-02 03:00:00,9.266772846059421
2024-09-02 04:00:00,10.302306751992159
2024-09-02 05:00:00,11.508211526479554
2024-09-02 06:00:00,12.802306751992159
2024-09-02 07:00:00,14.096401977504764
2024-09-02 08:00:00,15.302306751992159
2024-09-02 09:00:00,16.337840657924897
2024-09-02 10:00:00,17.132433770914353
2024-09-02 11:00:00,17.6319358834375
2024-09-02 12:00:00,17.80230675199216
2024-09-02 13:00:00,17.6319358834375
2024-09-02 14:00:00,17.132433770914353
2024-09-02 15:00:00,16.337840657924897
2024-09-02 16:00:00,15.302306751992159
2024-09-02 17:00:00,14.096401977504764
2024-09-02 18:00:00,12.802306751992159
2024-09-02 19:00:00,11.508211526479554
2024-09-02 20:00:00,10.30230675199216
2024-09-02 21:00:00,9.266772846059423
2024-09-02 22:00:00,8.472179733069968
2024-09-02 23:00:00,7.972677620546817
2024-09-03 00:00:00,7.6366549272800714
2024-09-03 01:00:00,7.807025795834729
2024-09-03 02:00:00,8.306527908357879
2024-09-03 03:00:00,9.101121021347334
2024-09-03 04:00:00,10.136654927280071
2024-09-03 05:00:00,11.342559701767467
2024-09-03 06:00:00,12.636654927280071
2024-09-03 07:00:00,13.930750152792676
2024-09-03 08:00:00,15.136654927280071
2024-09-03 09:00:00,16.172188833212807
2024-09-03 10:00:00,16.966781946202264
2024-09-03 11:00:00,17.466284058725414
2024-09-03 12:00:00,17.63665492728007
2024-09-03 13:00:00,17.466284058725414
2024-09-03 14:00:00,16.966781946202264
2024-09-03 15:00:00,16.17218883321281
2024-09-03 16:00:00,15.136654927280071
2024-09-03 17:00:00,13.930750152792676
2024-09-03 18:00:00,12.636654927280071
2024-09-03 19:00:00,11.342559701767467
2024-09-03 20:00:00,10.136654927280073
2024-09-03 21:00:00,9.101121021347335
2024-09-03 22:00:00,8.30652790835788
2024-09-03 23:00:00,7.807025795834729
2024-09-04 00:00:00,7.470221804809356
2024-09-04 01:00:00,7.640592673364013
2024-09-04 02:00:00,8.140094785887163
2024-09-04 03:00:00,8.934687898876618
2024-09-04 04:00:00,9.970221804809356
2024-09-04 05:00:00,11.176126579296751
2024-09-04 06:00:00,12.470221804809356
2024-09-04 07:00:00,13.76431703032196
2024-09-04 08:00:00,14.970221804809356
2024-09-04 09:00:00,16.005755710742093
2024-09-04 10:00:00,16.800348823731547
2024-09-04 11:00:00,17.2998509362547
2024-09-04 12:00:00,17.470221804809356
2024-09-04 13:00:00,17.2998509362547
2024-09-04 14:00:00,16.80034882373155
2024-09-04 15:00:00,16.005755710742093
2024-09-04 16:00:00,14.970221804809356
2024-09-04 17:00:00,13.76431703032196
2024-09-04 18:00:00,12.470221804809356
2024-09-04 19:00:00,11.176126579296751
2024-09-04 20:00:00,9.970221804809357
2024-09-04 21:00:00,8.93468789887662
2024-09-04 22:00:00,8.140094785887165
2024-09-04 23:00:00,7.640592673364013
2024-09-05 00:00:00,7.303056702306122
2024-09-05 01:00:00,7.47342757086078
2024-09-05 02:00:00,7.97292968338393
2024-09-05 03:00:00,8.767522796373385
2024-09-05 04:00:00,9.803056702306122
2024-09-05 05:00:00,11.008961476793518
2024-09-05 06:00:00,12.303056702306122
2024-09-05 07:00:00,13.597151927818727
2024-09-05 08:00:00,14.803056702306122
2024-09-05 09:00:00,15.83859060823886
2024-09-05 10:00:00,16.633183721228313
2024-09-05 11:00:00,17.132685833751466
2024-09-05 12:00:00,17.303056702306122
2024-09-05 13:00:00,17.132685833751466
2024-09-05 14:00:00,16.633183721228317
2024-09-05 15:00:00,15.83859060823886
2024-09-05 16:00:00,14.803056702306122
2024-09-05 17:00:00,13.597151927818727
2024-09-05 18:00:00,12.303056702306122
2024-09-05 19:00:00,11.008961476793518
2024-09-05 20:00:00,9.803056702306124
2024-09-05 21:00:00,8.767522796373386
2024-09-05 22:00:00,7.972929683383931
2024-09-05 23:00:00,7.47342757086078
2024-09-06 00:00:00,7.1352091543979625
2024-09-06 01:00:00,7.30558002295262
2024-09-06 02:00:00,7.80508213547577
2024-09-06 03:00:00,8.599675248465225
2024-09-06 04:00:00,9.635209154397963
2024-09-06 05:00:00,10.841113928885358
2024-09-06 06:00:00,12.135209154397963
2024-09-06 07:00:00,13.429304379910567
2024-09-06 08:00:00,14.635209154397963
2024-09-06 09:00:00,15.6707430603307
2024-09-06 10:00:00,16.465336173320154
2024-09-06 11:00:00,16.964838285843307
2024-09-06 12:00:00,17.135209154397963
2024-09-06 13:00:00,16.964838285843307
2024-09-06 14:00:00,16.465336173320157
2024-09-06 15:00:00,15.6707430603307
2024-09-06 16:00:00,14.635209154397963
2024-09-06 17:00:00,13.429304379910567
2024-09-06 18:00:00,12.135209154397963
2024-09-06 19:00:00,10.841113928885358
2024-09-06 20:00:00,9.635209154397964
2024-09-06 21:00:00,8.599675248465227
2024-09-06 22:00:00,7.805082135475772
2024-09-06 23:00:00,7.30558002295262
2024-09-07 00:00:00,6.966728897935765
2024-09-07 01:00:00,7.137099766490422
2024-09-07 02:00:00,7.636601879013572
2024-09-07 03:00:00,8.431194992003027
2024-09-07 04:00:00,9.466728897935765
2024-09-07 05:00:00,10.67263367242316
2024-09-07 06:00:00,11.966728897935765
2024-09-07 07:00:00,13.26082412344837
2024-09-07 08:00:00,14.466728897935765
2024-09-07 09:00:00,15.502262803868502
2024-09-07 10:00:00,16.296855916857957
2024-09-07 11:00:00,16.796358029381107
2024-09-07 12:00:00,16.966728897935766
2024-09-07 13:00:00,16.796358029381107
2024-09-07 14:00:00,16.296855916857957
2024-09-07 15:00:00,15.502262803868504
2024-09-07 16:00:00,14.466728897935765
2024-09-07 17:00:00,13.26082412344837
2024-09-07 18:00:00,11.966728897935765
2024-09-07 19:00:00,10.67263367242316
2024-09-07 20:00:00,9.466728897935766
2024-09-07 21:00:00,8.431194992003029
2024-09-07 22:00:00,7.636601879013574
2024-09-07 23:00:00,7.137099766490422
2024-09-08 00:00:00,6.797665857255623
2024-09-08 01:00:00,6.968036725810281
2024-09-08 02:00:00,7.4675388383334305
2024-09-08 03:00:00,8.262131951322885
2024-09-08 04:00:00,9.297665857255623
2024-09-08 05:00:00,10.503570631743019
2024-09-08 06:00:00,11.797665857255623
2024-09-08 07:00:00,13.091761082768228
2024-09-08 08:00:00,14.297665857255623
2024-09-08 09:00:00,15.333199763188361
2024-09-08 10:00:00,16.127792876177814
2024-09-08 11:00:00,16.627294988700967
2024-09-08 12:00:00,16.797665857255623
2024-09-08 13:00:00,16.627294988700967
2024-09-08 14:00:00,16.127792876177818
2024-09-08 15:00:00,15.333199763188361
2024-09-08 16:00:00,14.297665857255623
2024-09-08 17:00:00,13.091761082768228
2024-09-08 18:00:00,11.797665857255623
2024-09-08 19:00:00,10.503570631743019
2024-09-08 20:00:00,9.297665857255625
2024-09-08 21:00:00,8.262131951322887
2024-09-08 22:00:00,7.467538838333432
2024-09-08 23:00:00,6.968036725810281
2024-09-09 00:00:00,6.628070129385172
2024-09-09 01:00:00,6.79844099793983
2024-09-09 02:00:00,7.297943110462979
2024-09-09 03:00:00,8.092536223452434
2024-09-09 04:00:00,9.128070129385172
2024-09-09 05:00:00,10.333974903872567
2024-09-09 06:00:00,11.628070129385172
2024-09-09 07:00:00,12.922165354897777
2024-09-09 08:00:00,14.128070129385172
2024-09-09 09:00:00,15.16360403531791
2024-09-09 10:00:00,15.958197148307365
2024-09-09 11:00:00,16.457699260830516
2024-09-09 12:00:00,16.628070129385172
2024-09-09 13:00:00,16.457699260830516
2024-09-09 14:00:00,15.958197148307367
2024-09-09 15:00:00,15.16360403531791
2024-09-09 16:00:00,14.128070129385172
2024-09-09 17:00:00,12.922165354897777
2024-09-09 18:00:00,11.628070129385172
2024-09-09 19:00:00,10.333974903872567
2024-09-09 20:00:00,9.128070129385174
2024-09-09 21:00:00,8.092536223452436
2024-09-09 22:00:00,7.297943110462981
2024-09-09 23:00:00,6.79844099793983
2024-09-10 00:00:00,6.457991969198751
2024-09-10 01:00:00,6.628362837753409
2024-09-10 02:00:00,7.1278649502765585
2024-09-10 03:00:00,7.9224580632660135
2024-09-10 04:00:00,8.957991969198751
2024-09-10 05:00:00,10.163896743686147
2024-09-10 06:00:00,11.457991969198751
2024-09-10 07:00:00,12.752087194711356
2024-09-10 08:00:00,13.957991969198751
2024-09-10 09:00:00,14.993525875131489
2024-09-10 10:00:00,15.788118988120944
2024-09-10 11:00:00,16.287621100644095
2024-09-10 12:00:00,16.45799196919875
2024-09-10 13:00:00,16.287621100644095
2024-09-10 14:00:00,15.788118988120946
2024-09-10 15:00:00,14.993525875131489
2024-09-10 16:00:00,13.957991969198751
2024-09-10 17:00:00,12.752087194711356
2024-09-10 18:00:00,11.457991969198751
2024-09-10 19:00:00,10.163896743686147
2024-09-10 20:00:00,8.957991969198753
2024-09-10 21:00:00,7.922458063266015
2024-09-10 22:00:00,7.12786495027656
2024-09-10 23:00:00,6.628362837753409
2024-09-11 00:00:00,6.287481774525814
2024-09-11 01:00:00,6.4578526430804715
2024-09-11 02:00:00,6.957354755603621
2024-09-11 03:00:00,7.751947868593076
2024-09-11 04:00:00,8.787481774525814
2024-09-11 05:00:00,9.99338654901321
2024-09-11 06:00:00,11.287481774525814
2024-09-11 07:00:00,12.581577000038418
2024-09-11 08:00:00,13.787481774525814
2024-09-11 09:00:00,14.823015680458552
2024-09-11 10:00:00,15.617608793448007
2024-09-11 11:00:00,16.117110905971156
2024-09-11 12:00:00,16.287481774525816
2024-09-11 13:00:00,16.117110905971156
2024-09-11 14:00:00,15.617608793448007
2024-09-11 15:00:00,14.823015680458553
2024-09-11 16:00:00,13.787481774525814
2024-09-11 17:00:00,12.581577000038418
2024-09-11 18:00:00,11.287481774525814
2024-09-11 19:00:00,9.99338654901321
2024-09-11 20:00:00,8.787481774525816
2024-09-11 21:00:00,7.751947868593078
2024-09-11 22:00:00,6.957354755603623
2024-09-11 23:00:00,6.4578526430804715
2024-09-12 00:00:00,6.116590071216951
2024-09-12 01:00:00,6.286960939771609
2024-09-12 02:00:00,6.786463052294758
2024-09-12 03:00:00,7.581056165284213
2024-09-12 04:00:00,8.616590071216951
2024-09-12 05:00:00,9.822494845704346
2024-09-12 06:00:00,11.116590071216951
2024-09-12 07:00:00,12.410685296729556
2024-09-12 08:00:00,13.616590071216951
2024-09-12 09:00:00,14.652123977149689
2024-09-12 10:00:00,15.446717090139144
2024-09-12 11:00:00,15.946219202662293
2024-09-12 12:00:00,16.11659007121695
2024-09-12 13:00:00,15.946219202662293
2024-09-12 14:00:00,15.446717090139146
2024-09-12 15:00:00,14.652123977149689
2024-09-12 16:00:00,13.616590071216951
2024-09-12 17:00:00,12.410685296729556
2024-09-12 18:00:00,11.116590071216951
2024-09-12 19:00:00,9.822494845704346
2024-09-12 20:00:00,8.616590071216953
2024-09-12 21:00:00,7.581056165284215
2024-09-12 22:00:00,6.78646305229476
2024-09-12 23:00:00,6.286960939771609
2024-09-13 00:00:00,5.945367498171992
2024-09-13 01:00:00,6.115738366726649
2024-09-13 02:00:00,6.615240479249799
2024-09-13 03:00:00,7.409833592239254
2024-09-13 04:00:00,8.445367498171992
2024-09-13 05:00:00,9.651272272659387
2024-09-13 06:00:00,10.945367498171992
2024-09-13 07:00:00,12.239462723684596
2024-09-13 08:00:00,13.445367498171992
2024-09-13 09:00:00,14.48090140410473
2024-09-13 10:00:00,15.275494517094184
2024-09-13 11:00:00,15.774996629617334
2024-09-13 12:00:00,15.945367498171992
2024-09-13 13:00:00,15.774996629617334
2024-09-13 14:00:00,15.275494517094184
2024-09-13 15:00:00,14.480901404104731
2024-09-13 16:00:00,13.445367498171992
2024-09-13 17:00:00,12.239462723684596
2024-09-13 18:00:00,10.945367498171992
2024-09-13 19:00:00,9.651272272659387
2024-09-13 20:00:00,8.445367498171994
2024-09-13 21:00:00,7.409833592239256
2024-09-13 22:00:00,6.615240479249801
2024-09-13 23:00:00,6.115738366726649
2024-09-14 00:00:00,5.77386479233463
2024-09-14 01:00:00,5.944235660889287
2024-09-14 02:00:00,6.443737773412437
2024-09-14 03:00:00,7.238330886401892
2024-09-14 04:00:00,8.27386479233463
2024-09-14 05:00:00,9.479769566822025
2024-09-14 06:00:00,10.77386479233463
2024-09-14 07:00:00,12.067960017847234
2024-09-14 08:00:00,13.27386479233463
2024-09-14 09:00:00,14.309398698267367
2024-09-14 10:00:00,15.103991811256822
2024-09-14 11:00:00,15.603493923779972
2024-09-14 12:00:00,15.77386479233463
2024-09-14 13:00:00,15.603493923779972
2024-09-14 14:00:00,15.103991811256822
2024-09-14 15:00:00,14.309398698267369
2024-09-14 16:00:00,13.27386479233463
2024-09-14 17:00:00,12.067960017847234
2024-09-14 18:00:00,10.77386479233463
2024-09-14 19:00:00,9.479769566822025
2024-09-14 20:00:00,8.273864792334631
2024-09-14 21:00:00,7.238330886401894
2024-09-14 22:00:00,6.443737773412439
2024-09-14 23:00:00,5.944235660889287
2024-09-15 00:00:00,5.60213277365793
2024-09-15 01:00:00,5.7725036422125875
2024-09-15 02:00:00,6.272005754735737
2024-09-15 03:00:00,7.066598867725192
2024-09-15 04:00:00,8.10213277365793
2024-09-15 05:00:00,9.308037548145325
2024-09-15 06:00:00,10.60213277365793
2024-09-15 07:00:00,11.896227999170534
2024-09-15 08:00:00,13.10213277365793
2024-09-15 09:00:00,14.137666679590668
2024-09-15 10:00:00,14.932259792580123
2024-09-15 11:00:00,15.431761905103272
2024-09-15 12:00:00,15.60213277365793
2024-09-15 13:00:00,15.431761905103272
2024-09-15 14:00:00,14.932259792580123
2024-09-15 15:00:00,14.13766667959067
2024-09-15 16:00:00,13.10213277365793
2024-09-15 17:00:00,11.896227999170534
2024-09-15 18:00:00,10.60213277365793
2024-09-15 19:00:00,9.308037548145325
2024-09-15 20:00:00,8.102132773657932
2024-09-15 21:00:00,7.066598867725194
2024-09-15 22:00:00,6.272005754735739
2024-09-15 23:00:00,5.7725036422125875
2024-09-16 00:00:00,5.430222330045305
2024-09-16 01:00:00,5.600593198599963
2024-09-16 02:00:00,6.100095311123113
2024-09-16 03:00:00,6.894688424112568
2024-09-16 04:00:00,7.930222330045305
2024-09-16 05:00:00,9.1361271045327
2024-09-16 06:00:00,10.430222330045305
2024-09-16 07:00:00,11.72431755555791
2024-09-16 08:00:00,12.930222330045305
2024-09-16 09:00:00,13.965756235978043
2024-09-16 10:00:00,14.760349348967498
2024-09-16 11:00:00,15.259851461490648
2024-09-16 12:00:00,15.430222330045305
2024-09-16 13:00:00,15.259851461490648
2024-09-16 14:00:00,14.760349348967498
2024-09-16 15:00:00,13.965756235978045
2024-09-16 16:00:00,12.930222330045305
2024-09-16 17:00:00,11.72431755555791
2024-09-16 18:00:00,10.430222330045305
2024-09-16 19:00:00,9.1361271045327
2024-09-16 20:00:00,7.930222330045307
2024-09-16 21:00:00,6.894688424112569
2024-09-16 22:00:00,6.100095311123114
2024-09-16 23:00:00,5.600593198599963
2024-09-17 00:00:00,5.258184402271331
2024-09-17 01:00:00,5.4285552708259885
2024-09-17 02:00:00,5.928057383349138
2024-09-17 03:00:00,6.722650496338593
2024-09-17 04:00:00,7.758184402271331
2024-09-17 05:00:00,8.964089176758726
2024-09-17 06:00:00,10.25818440227133
2024-09-17 07:00:00,11.552279627783935
2024-09-17 08:00:00,12.75818440227133
2024-09-17 09:00:00,13.793718308204069
2024-09-17 10:00:00,14.588311421193524
2024-09-17 11:00:00,15.087813533716673
2024-09-17 12:00:00,15.25818440227133
2024-09-17 13:00:00,15.087813533716673
2024-09-17 14:00:00,14.588311421193524
2024-09-17 15:00:00,13.79371830820407
2024-09-17 16:00:00,12.75818440227133
2024-09-17 17:00:00,11.552279627783935
2024-09-17 18:00:00,10.25818440227133
2024-09-17 19:00:00,8.964089176758726
2024-09-17 20:00:00,7.758184402271333
2024-09-17 21:00:00,6.722650496338595
2024-09-17 22:00:00,5.92805738334914
2024-09-17 23:00:00,5.4285552708259885
2024-09-18 00:00:00,5.086069968886887
2024-09-18 01:00:00,5.256440837441545
2024-09-18 02:00:00,5.755942949964695
2024-09-18 03:00:00,6.55053606295415
2024-09-18 04:00:00,7.586069968886887
2024-09-18 05:00:00,8.791974743374283
2024-09-18 06:00:00,10.086069968886887
2024-09-18 07:00:00,11.380165194399492
2024-09-18 08:00:00,12.586069968886887
2024-09-18 09:00:00,13.621603874819625
2024-09-18 10:00:00,14.41619698780908
2024-09-18 11:00:00,14.91569910033223
2024-09-18 12:00:00,15.086069968886887
2024-09-18 13:00:00,14.91569910033223
2024-09-18 14:00:00,14.41619698780908
2024-09-18 15:00:00,13.621603874819627
2024-09-18 16:00:00,12.586069968886887
2024-09-18 17:00:00,11.380165194399492
2024-09-18 18:00:00,10.086069968886887
2024-09-18 19:00:00,8.791974743374283
2024-09-18 20:00:00,7.586069968886889
2024-09-18 21:00:00,6.550536062954151
2024-09-18 22:00:00,5.755942949964696
2024-09-18 23:00:00,5.256440837441545
2024-09-19 00:00:00,4.91393003111312
2024-09-19 01:00:00,5.084300899667777
2024-09-19 02:00:00,5.583803012190927
2024-09-19 03:00:00,6.378396125180382
2024-09-19 04:00:00,7.41393003111312
2024-09-19 05:00:00,8.619834805600515
2024-09-19 06:00:00,9.91393003111312
2024-09-19 07:00:00,11.208025256625724
2024-09-19 08:00:00,12.41393003111312
2024-09-19 09:00:00,13.449463937045858
2024-09-19 10:00:00,14.244057050035313
2024-09-19 11:00:00,14.743559162558462
2024-09-19 12:00:00,14.91393003111312
2024-09-19 13:00:00,14.743559162558462
2024-09-19 14:00:00,14.244057050035313
2024-09-19 15:00:00,13.44946393704586
2024-09-19 16:00:00,12.41393003111312
2024-09-19 17:00:00,11.208025256625724
2024-09-19 18:00:00,9.91393003111312
2024-09-19 19:00:00,8.619834805600515
2024-09-19 20:00:00,7.4139300311131215
2024-09-19 21:00:00,6.378396125180384
2024-09-19 22:00:00,5.583803012190929
2024-09-19 23:00:00,5.084300899667777
2024-09-20 00:00:00,4.741815597728676
2024-09-20 01:00:00,4.912186466283334
2024-09-20 02:00:00,5.4116885788064835
2024-09-20 03:00:00,6.2062816917959385
2024-09-20 04:00:00,7.241815597728676
2024-09-20 05:00:00,8.447720372216072
2024-09-20 06:00:00,9.741815597728676
2024-09-20 07:00:00,11.03591082324128
2024-09-20 08:00:00,12.241815597728676
2024-09-20 09:00:00,13.277349503661414
2024-09-20 10:00:00,14.071942616650869
2024-09-20 11:00:00,14.571444729174019
2024-09-20 12:00:00,14.741815597728676
2024-09-20 13:00:00,14.571444729174019
2024-09-20 14:00:00,14.071942616650869
2024-09-20 15:00:00,13.277349503661416
2024-09-20 16:00:00,12.241815597728676
2024-09-20 17:00:00,11.03591082324128
2024-09-20 18:00:00,9.741815597728676
2024-09-20 19:00:00,8.447720372216072
2024-09-20 20:00:00,7.241815597728678
2024-09-20 21:00:00,6.20628169179594
2024-09-20 22:00:00,5.411688578806485
2024-09-20 23:00:00,4.912186466283334
2024-09-21 00:00:00,4.569777669954696
2024-09-21 01:00:00,4.740148538509354
2024-09-21 02:00:00,5.239650651032504
2024-09-21 03:00:00,6.034243764021959
2024-09-21 04:00:00,7.069777669954696
2024-09-21 05:00:00,8.275682444442092
2024-09-21 06:00:00,9.569777669954696
2024-09-21 07:00:00,10.863872895467301
2024-09-21 08:00:00,12.069777669954696
2024-09-21 09:00:00,13.105311575887434
2024-09-21 10:00:00,13.89990468887689
2024-09-21 11:00:00,14.399406801400039
2024-09-21 12:00:00,14.569777669954696
2024-09-21 13:00:00,14.399406801400039
2024-09-21 14:00:00,13.899904688876891
2024-09-21 15:00:00,13.105311575887434
2024-09-21 16:00:00,12.069777669954696
2024-09-21 17:00:00,10.863872895467301
2024-09-21 18:00:00,9.569777669954696
2024-09-21 19:00:00,8.275682444442092
2024-09-21 20:00:00,7.069777669954698
2024-09-21 21:00:00,6.03424376402196
2024-09-21 22:00:00,5.239650651032505
2024-09-21 23:00:00,4.740148538509354
2024-09-22 00:00:00,4.397867226342072
2024-09-22 01:00:00,4.56823809489673
2024-09-22 02:00:00,5.067740207419879
2024-09-22 03:00:00,5.862333320409334
2024-09-22 04:00:00,6.897867226342072
2024-09-22 05:00:00,8.103772000829467
2024-09-22 06:00:00,9.397867226342072
2024-09-22 07:00:00,10.691962451854677
2024-09-22 08:00:00,11.897867226342072
2024-09-22 09:00:00,12.93340113227481
2024-09-22 10:00:00,13.727994245264265
2024-09-22 11:00:00,14.227496357787414
2024-09-22 12:00:00,14.397867226342072
2024-09-22 13:00:00,14.227496357787414
2024-09-22 14:00:00,13.727994245264266
2024-09-22 15:00:00,12.93340113227481
2024-09-22 16:00:00,11.897867226342072
2024-09-22 17:00:00,10.691962451854677
2024-09-22 18:00:00,9.397867226342072
2024-09-22 19:00:00,8.103772000829467
2024-09-22 20:00:00,6.897867226342074
2024-09-22 21:00:00,5.862333320409336
2024-09-22 22:00:00,5.067740207419881
2024-09-22 23:00:00,4.56823809489673
2024-09-23 00:00:00,4.226135207665369
2024-09-23 01:00:00,4.396506076220026
2024-09-23 02:00:00,4.896008188743176
2024-09-23 03:00:00,5.690601301732631
2024-09-23 04:00:00,6.726135207665369
2024-09-23 05:00:00,7.932039982152765
2024-09-23 06:00:00,9.226135207665369
2024-09-23 07:00:00,10.520230433177973
2024-09-23 08:00:00,11.726135207665369
2024-09-23 09:00:00,12.761669113598106
2024-09-23 10:00:00,13.556262226587561
2024-09-23 11:00:00,14.055764339110711
2024-09-23 12:00:00,14.226135207665369
2024-09-23 13:00:00,14.055764339110711
2024-09-23 14:00:00,13.556262226587563
2024-09-23 15:00:00,12.761669113598106
2024-09-23 16:00:00,11.726135207665369
2024-09-23 17:00:00,10.520230433177973
2024-09-23 18:00:00,9.226135207665369
2024-09-23 19:00:00,7.932039982152764
2024-09-23 20:00:00,6.72613520766537
2024-09-23 21:00:00,5.690601301732633
2024-09-23 22:00:00,4.896008188743178
2024-09-23 23:00:00,4.396506076220026
2024-09-24 00:00:00,4.0546325018280065
2024-09-24 01:00:00,4.225003370382664
2024-09-24 02:00:00,4.724505482905814
2024-09-24 03:00:00,5.519098595895269
2024-09-24 04:00:00,6.5546325018280065
2024-09-24 05:00:00,7.760537276315403
2024-09-24 06:00:00,9.054632501828006
2024-09-24 07:00:00,10.348727727340611
2024-09-24 08:00:00,11.554632501828006
2024-09-24 09:00:00,12.590166407760744
2024-09-24 10:00:00,13.3847595207502
2024-09-24 11:00:00,13.884261633273349
2024-09-24 12:00:00,14.054632501828006
2024-09-24 13:00:00,13.884261633273349
2024-09-24 14:00:00,13.384759520750201
2024-09-24 15:00:00,12.590166407760744
2024-09-24 16:00:00,11.554632501828006
2024-09-24 17:00:00,10.348727727340611
2024-09-24 18:00:00,9.054632501828006
2024-09-24 19:00:00,7.760537276315402
2024-09-24 20:00:00,6.554632501828008
2024-09-24 21:00:00,5.5190985958952705
2024-09-24 22:00:00,4.7245054829058155
2024-09-24 23:00:00,4.225003370382664
2024-09-25 00:00:00,3.883409928783056
2024-09-25 01:00:00,4.053780797337714
2024-09-25 02:00:00,4.553282909860863
2024-09-25 03:00:00,5.347876022850318
2024-09-25 04:00:00,6.383409928783056
2024-09-25 05:00:00,7.589314703270452
2024-09-25 06:00:00,8.883409928783056
2024-09-25 07:00:00,10.17750515429566
2024-09-25 08:00:00,11.383409928783056
2024-09-25 09:00:00,12.418943834715794
2024-09-25 10:00:00,13.213536947705249
2024-09-25 11:00:00,13.713039060228398
2024-09-25 12:00:00,13.883409928783056
2024-09-25 13:00:00,13.713039060228398
2024-09-25 14:00:00,13.21353694770525
2024-09-25 15:00:00,12.418943834715794
2024-09-25 16:00:00,11.383409928783056
2024-09-25 17:00:00,10.17750515429566
2024-09-25 18:00:00,8.883409928783056
2024-09-25 19:00:00,7.5893147032704515
2024-09-25 20:00:00,6.383409928783058
2024-09-25 21:00:00,5.34787602285032
2024-09-25 22:00:00,4.553282909860865
2024-09-25 23:00:00,4.053780797337714
2024-09-26 00:00:00,3.7125182254741933
2024-09-26 01:00:00,3.882889094028851
2024-09-26 02:00:00,4.3823912065520005
2024-09-26 03:00:00,5.1769843195414555
2024-09-26 04:00:00,6.212518225474193
2024-09-26 05:00:00,7.41842299996159
2024-09-26 06:00:00,8.712518225474193
2024-09-26 07:00:00,10.006613450986798
2024-09-26 08:00:00,11.212518225474193
2024-09-26 09:00:00,12.248052131406931
2024-09-26 10:00:00,13.042645244396386
2024-09-26 11:00:00,13.542147356919536
2024-09-26 12:00:00,13.712518225474193
2024-09-26 13:00:00,13.542147356919536
2024-09-26 14:00:00,13.042645244396386
2024-09-26 15:00:00,12.248052131406933
2024-09-26 16:00:00,11.212518225474193
2024-09-26 17:00:00,10.006613450986798
2024-09-26 18:00:00,8.712518225474193
2024-09-26 19:00:00,7.418422999961589
2024-09-26 20:00:00,6.212518225474195
2024-09-26 21:00:00,5.176984319541457
2024-09-26 22:00:00,4.382391206552002
2024-09-26 23:00:00,3.882889094028851
2024-09-27 00:00:00,3.542008030801256
2024-09-27 01:00:00,3.7123788993559135
2024-09-27 02:00:00,4.211881011879063
2024-09-27 03:00:00,5.006474124868518
2024-09-27 04:00:00,6.042008030801256
2024-09-27 05:00:00,7.247912805288652
2024-09-27 06:00:00,8.542008030801256
2024-09-27 07:00:00,9.83610325631386
2024-09-27 08:00:00,11.042008030801256
2024-09-27 09:00:00,12.077541936733994
2024-09-27 10:00:00,12.872135049723449
2024-09-27 11:00:00,13.371637162246598
2024-09-27 12:00:00,13.542008030801256
2024-09-27 13:00:00,13.371637162246598
2024-09-27 14:00:00,12.87213504972345
2024-09-27 15:00:00,12.077541936733994
2024-09-27 16:00:00,11.042008030801256
2024-09-27 17:00:00,9.83610325631386
2024-09-27 18:00:00,8.542008030801256
2024-09-27 19:00:00,7.247912805288651
2024-09-27 20:00:00,6.042008030801258
2024-09-27 21:00:00,5.00647412486852
2024-09-27 22:00:00,4.211881011879065
2024-09-27 23:00:00,3.7123788993559135
2024-09-28 00:00:00,3.371929870614835
2024-09-28 01:00:00,3.5423007391694927
2024-09-28 02:00:00,4.041802851692642
2024-09-28 03:00:00,4.836395964682097
2024-09-28 04:00:00,5.871929870614835
2024-09-28 05:00:00,7.077834645102231
2024-09-28 06:00:00,8.371929870614835
2024-09-28 07:00:00,9.66602509612744
2024-09-28 08:00:00,10.871929870614835
2024-09-28 09:00:00,11.907463776547573
2024-09-28 10:00:00,12.702056889537028
2024-09-28 11:00:00,13.201559002060177
2024-09-28 12:00:00,13.371929870614835
2024-09-28 13:00:00,13.201559002060177
2024-09-28 14:00:00,12.70205688953703
2024-09-28 15:00:00,11.907463776547573
2024-09-28 16:00:00,10.871929870614835
2024-09-28 17:00:00,9.66602509612744
2024-09-28 18:00:00,8.371929870614835
2024-09-28 19:00:00,7.0778346451022305
2024-09-28 20:00:00,5.871929870614837
2024-09-28 21:00:00,4.836395964682099
2024-09-28 22:00:00,4.041802851692644
2024-09-28 23:00:00,3.5423007391694927
2024-09-29 00:00:00,3.2023341427443786
2024-09-29 01:00:00,3.372705011299036
2024-09-29 02:00:00,3.872207123822186
2024-09-29 03:00:00,4.666800236811641
2024-09-29 04:00:00,5.7023341427443786
2024-09-29 05:00:00,6.908238917231775
2024-09-29 06:00:00,8.202334142744379
2024-09-29 07:00:00,9.496429368256983
2024-09-29 08:00:00,10.702334142744379
2024-09-29 09:00:00,11.737868048677116
2024-09-29 10:00:00,12.532461161666571
2024-09-29 11:00:00,13.031963274189721
2024-09-29 12:00:00,13.202334142744379
2024-09-29 13:00:00,13.031963274189721
2024-09-29 14:00:00,12.532461161666571
2024-09-29 15:00:00,11.737868048677118
2024-09-29 16:00:00,10.702334142744379
2024-09-29 17:00:00,9.496429368256983
2024-09-29 18:00:00,8.202334142744379
2024-09-29 19:00:00,6.908238917231774
2024-09-29 20:00:00,5.70233414274438
2024-09-29 21:00:00,4.666800236811643
2024-09-29 22:00:00,3.8722071238221876
2024-09-29 23:00:00,3.372705011299036
2024-09-30 00:00:00,3.033271102064237
2024-09-30 01:00:00,3.2036419706188948
2024-09-30 02:00:00,3.7031440831420444
2024-09-30 03:00:00,4.497737196131499
2024-09-30 04:00:00,5.533271102064237
2024-09-30 05:00:00,6.739175876551633
2024-09-30 06:00:00,8.033271102064237
2024-09-30 07:00:00,9.327366327576842
2024-09-30 08:00:00,10.533271102064237
2024-09-30 09:00:00,11.568805007996975
2024-09-30 10:00:00,12.36339812098643
2024-09-30 11:00:00,12.86290023350958
2024-09-30 12:00:00,13.033271102064237
2024-09-30 13:00:00,12.86290023350958
2024-09-30 14:00:00,12.363398120986432
2024-09-30 15:00:00,11.568805007996975
2024-09-30 16:00:00,10.533271102064237
2024-09-30 17:00:00,9.327366327576842
2024-09-30 18:00:00,8.033271102064237
2024-09-30 19:00:00,6.7391758765516325
2024-09-30 20:00:00,5.533271102064239
2024-09-30 21:00:00,4.497737196131501
2024-09-30 22:00:00,3.703144083142046
2024-09-30 23:00:00,3.2036419706188948
2024-10-01 00:00:00,2.864790845602041
2024-10-01 01:00:00,3.0351617141566987
2024-10-01 02:00:00,3.5346638266798482
2024-10-01 03:00:00,4.329256939669303
2024-10-01 04:00:00,5.364790845602041
2024-10-01 05:00:00,6.570695620089437
2024-10-01 06:00:00,7.864790845602041
2024-10-01 07:00:00,9.158886071114646
2024-10-01 08:00:00,10.364790845602041
2024-10-01 09:00:00,11.400324751534779
2024-10-01 10:00:00,12.194917864524234
2024-10-01 11:00:00,12.694419977047383
2024-10-01 12:00:00,12.864790845602041
2024-10-01 13:00:00,12.694419977047383
2024-10-01 14:00:00,12.194917864524236
2024-10-01 15:00:00,11.400324751534779
2024-10-01 16:00:00,10.364790845602041
2024-10-01 17:00:00,9.158886071114646
2024-10-01 18:00:00,7.864790845602042
2024-10-01 19:00:00,6.570695620089436
2024-10-01 20:00:00,5.364790845602043
2024-10-01 21:00:00,4.329256939669305
2024-10-01 22:00:00,3.53466382667985
2024-10-01 23:00:00,3.0351617141566987
2024-10-02 00:00:00,2.6969432976938794
2024-10-02 01:00:00,2.867314166248537
2024-10-02 02:00:00,3.3668162787716867
2024-10-02 03:00:00,4.161409391761142
2024-10-02 04:00:00,5.196943297693879
2024-10-02 05:00:00,6.402848072181276
2024-10-02 06:00:00,7.696943297693879
2024-10-02 07:00:00,8.991038523206484
2024-10-02 08:00:00,10.19694329769388
2024-10-02 09:00:00,11.232477203626617
2024-10-02 10:00:00,12.027070316616072
2024-10-02 11:00:00,12.526572429139222
2024-10-02 12:00:00,12.69694329769388
2024-10-02 13:00:00,12.526572429139222
2024-10-02 14:00:00,12.027070316616072
2024-10-02 15:00:00,11.232477203626619
2024-10-02 16:00:00,10.19694329769388
2024-10-02 17:00:00,8.991038523206484
2024-10-02 18:00:00,7.69694329769388
2024-10-02 19:00:00,6.402848072181275
2024-10-02 20:00:00,5.196943297693881
2024-10-02 21:00:00,4.161409391761143
2024-10-02 22:00:00,3.3668162787716884
2024-10-02 23:00:00,2.867314166248537
2024-10-03 00:00:00,2.529778195190646
2024-10-03 01:00:00,2.700149063745304
2024-10-03 02:00:00,3.1996511762684534
2024-10-03 03:00:00,3.9942442892579084
2024-10-03 04:00:00,5.029778195190646
2024-10-03 05:00:00,6.2356829696780425
2024-10-03 06:00:00,7.529778195190646
2024-10-03 07:00:00,8.82387342070325
2024-10-03 08:00:00,10.029778195190646
2024-10-03 09:00:00,11.065312101123384
2024-10-03 10:00:00,11.859905214112839
2024-10-03 11:00:00,12.359407326635989
2024-10-03 12:00:00,12.529778195190646
2024-10-03 13:00:00,12.359407326635989
2024-10-03 14:00:00,11.859905214112839
2024-10-03 15:00:00,11.065312101123386
2024-10-03 16:00:00,10.029778195190646
2024-10-03 17:00:00,8.82387342070325
2024-10-03 18:00:00,7.529778195190647
2024-10-03 19:00:00,6.235682969678042
2024-10-03 20:00:00,5.029778195190648
2024-10-03 21:00:00,3.9942442892579106
2024-10-03 22:00:00,3.199651176268455
2024-10-03 23:00:00,2.700149063745304
2024-10-04 00:00:00,2.3633450727199268
2024-10-04 01:00:00,2.5337159412745844
2024-10-04 02:00:00,3.033218053797734
2024-10-04 03:00:00,3.827811166787189
2024-10-04 04:00:00,4.863345072719927
2024-10-04 05:00:00,6.069249847207323
2024-10-04 06:00:00,7.363345072719927
2024-10-04 07:00:00,8.657440298232531
2024-10-04 08:00:00,9.863345072719927
2024-10-04 09:00:00,10.898878978652665
2024-10-04 10:00:00,11.69347209164212
2024-10-04 11:00:00,12.19297420416527
2024-10-04 12:00:00,12.363345072719927
2024-10-04 13:00:00,12.19297420416527
2024-10-04 14:00:00,11.693472091642121
2024-10-04 15:00:00,10.898878978652665
2024-10-04 16:00:00,9.863345072719927
2024-10-04 17:00:00,8.657440298232531
2024-10-04 18:00:00,7.363345072719928
2024-10-04 19:00:00,6.069249847207322
2024-10-04 20:00:00,4.8633450727199286
2024-10-04 21:00:00,3.8278111667871912
2024-10-04 22:00:00,3.033218053797736
2024-10-04 23:00:00,2.5337159412745844
2024-10-05 00:00:00,2.1976932480078393
2024-10-05 01:00:00,2.368064116562497
2024-10-05 02:00:00,2.8675662290856465
2024-10-05 03:00:00,3.6621593420751015
2024-10-05 04:00:00,4.697693248007839
2024-10-05 05:00:00,5.903598022495236
2024-10-05 06:00:00,7.197693248007839
2024-10-05 07:00:00,8.491788473520444
2024-10-05 08:00:00,9.69769324800784
2024-10-05 09:00:00,10.733227153940577
2024-10-05 10:00:00,11.527820266930032
2024-10-05 11:00:00,12.027322379453182
2024-10-05 12:00:00,12.19769324800784
2024-10-05 13:00:00,12.027322379453182
2024-10-05 14:00:00,11.527820266930032
2024-10-05 15:00:00,10.733227153940579
2024-10-05 16:00:00,9.69769324800784
2024-10-05 17:00:00,8.491788473520444
2024-10-05 18:00:00,7.19769324800784
2024-10-05 19:00:00,5.903598022495235
2024-10-05 20:00:00,4.697693248007841
2024-10-05 21:00:00,3.6621593420751037
2024-10-05 22:00:00,2.8675662290856483
2024-10-05 23:00:00,2.368064116562497
2024-10-06 00:00:00,2.0328718072650984
2024-10-06 01:00:00,2.203242675819756
2024-10-06 02:00:00,2.7027447883429057
2024-10-06 03:00:00,3.4973379013323607
2024-10-06 04:00:00,4.532871807265099
2024-10-06 05:00:00,5.738776581752495
2024-10-06 06:00:00,7.032871807265098
2024-10-06 07:00:00,8.326967032777702
2024-10-06 08:00:00,9.532871807265098
2024-10-06 09:00:00,10.568405713197837
2024-10-06 10:00:00,11.36299882618729
2024-10-06 11:00:00,11.86250093871044
2024-10-06 12:00:00,12.0328718072651
2024-10-06 13:00:00,11.86250093871044
2024-10-06 14:00:00,11.362998826187292
2024-10-06 15:00:00,10.568405713197837
2024-10-06 16:00:00,9.532871807265098
2024-10-06 17:00:00,8.326967032777704
2024-10-06 18:00:00,7.032871807265099
2024-10-06 19:00:00,5.738776581752495
2024-10-06 20:00:00,4.532871807265099
2024-10-06 21:00:00,3.497337901332363
2024-10-06 22:00:00,2.7027447883429074
2024-10-06 23:00:00,2.203242675819756
2024-10-07 00:00:00,1.8689295906417325
2024-10-07 01:00:00,2.03930045919639
2024-10-07 02:00:00,2.5388025717195397
2024-10-07 03:00:00,3.3333956847089947
2024-10-07 04:00:00,4.3689295906417325
2024-10-07 05:00:00,5.574834365129129
2024-10-07 06:00:00,6.8689295906417325
2024-10-07 07:00:00,8.163024816154337
2024-10-07 08:00:00,9.368929590641732
2024-10-07 09:00:00,10.40446349657447
2024-10-07 10:00:00,11.199056609563925
2024-10-07 11:00:00,11.698558722087075
2024-10-07 12:00:00,11.868929590641732
2024-10-07 13:00:00,11.698558722087075
2024-10-07 14:00:00,11.199056609563925
2024-10-07 15:00:00,10.404463496574472
2024-10-07 16:00:00,9.368929590641732
2024-10-07 17:00:00,8.163024816154337
2024-10-07 18:00:00,6.868929590641733
2024-10-07 19:00:00,5.574834365129128
2024-10-07 20:00:00,4.368929590641734
2024-10-07 21:00:00,3.333395684708997
2024-10-07 22:00:00,2.5388025717195415
2024-10-07 23:00:00,2.03930045919639
2024-10-08 00:00:00,1.7059151777546973
2024-10-08 01:00:00,1.876286046309355
2024-10-08 02:00:00,2.3757881588325045
2024-10-08 03:00:00,3.1703812718219595
2024-10-08 04:00:00,4.205915177754697
2024-10-08 05:00:00,5.411819952242094
2024-10-08 06:00:00,6.705915177754697
2024-10-08 07:00:00,8.000010403267302
2024-10-08 08:00:00,9.205915177754697
2024-10-08 09:00:00,10.241449083687435
2024-10-08 10:00:00,11.03604219667689
2024-10-08 11:00:00,11.53554430920004
2024-10-08 12:00:00,11.705915177754697
2024-10-08 13:00:00,11.53554430920004
2024-10-08 14:00:00,11.036042196676892
2024-10-08 15:00:00,10.241449083687435
2024-10-08 16:00:00,9.205915177754697
2024-10-08 17:00:00,8.000010403267302
2024-10-08 18:00:00,6.705915177754698
2024-10-08 19:00:00,5.411819952242093
2024-10-08 20:00:00,4.205915177754699
2024-10-08 21:00:00,3.1703812718219617
2024-10-08 22:00:00,2.3757881588325063
2024-10-08 23:00:00,1.876286046309355
2024-10-09 00:00:00,1.5438768732926667
2024-10-09 01:00:00,1.7142477418473243
2024-10-09 02:00:00,2.213749854370474
2024-10-09 03:00:00,3.008342967359929
2024-10-09 04:00:00,4.0438768732926675
2024-10-09 05:00:00,5.249781647780063
2024-10-09 06:00:00,6.543876873292667
2024-10-09 07:00:00,7.83797209880527
2024-10-09 08:00:00,9.043876873292666
2024-10-09 09:00:00,10.079410779225405
2024-10-09 10:00:00,10.874003892214859
2024-10-09 11:00:00,11.373506004738008
2024-10-09 12:00:00,11.543876873292668
2024-10-09 13:00:00,11.373506004738008
2024-10-09 14:00:00,10.87400389221486
2024-10-09 15:00:00,10.079410779225405
2024-10-09 16:00:00,9.043876873292666
2024-10-09 17:00:00,7.837972098805272
2024-10-09 18:00:00,6.5438768732926675
2024-10-09 19:00:00,5.249781647780063
2024-10-09 20:00:00,4.0438768732926675
2024-10-09 21:00:00,3.008342967359931
2024-10-09 22:00:00,2.2137498543704757
2024-10-09 23:00:00,1.7142477418473243
2024-10-10 00:00:00,1.382862692702325
2024-10-10 01:00:00,1.5532335612569828
2024-10-10 02:00:00,2.0527356737801323
2024-10-10 03:00:00,2.8473287867695873
2024-10-10 04:00:00,3.8828626927023255
2024-10-10 05:00:00,5.088767467189721
2024-10-10 06:00:00,6.382862692702325
2024-10-10 07:00:00,7.676957918214929
2024-10-10 08:00:00,8.882862692702325
2024-10-10 09:00:00,9.918396598635063
2024-10-10 10:00:00,10.712989711624518
2024-10-10 11:00:00,11.212491824147667
2024-10-10 12:00:00,11.382862692702325
2024-10-10 13:00:00,11.212491824147667
2024-10-10 14:00:00,10.71298971162452
2024-10-10 15:00:00,9.918396598635063
2024-10-10 16:00:00,8.882862692702325
2024-10-10 17:00:00,7.67695791821493
2024-10-10 18:00:00,6.382862692702326
2024-10-10 19:00:00,5.0887674671897205
2024-10-10 20:00:00,3.8828626927023264
2024-10-10 21:00:00,2.8473287867695896
2024-10-10 22:00:00,2.052735673780134
2024-10-10 23:00:00,1.5532335612569828
2024-10-11 00:00:00,1.2229203479603523
2024-10-11 01:00:00,1.39329121651501
2024-10-11 02:00:00,1.8927933290381596
2024-10-11 03:00:00,2.6873864420276146
2024-10-11 04:00:00,3.7229203479603528
2024-10-11 05:00:00,4.928825122447749
2024-10-11 06:00:00,6.222920347960352
2024-10-11 07:00:00,7.517015573472956
2024-10-11 08:00:00,8.722920347960352
2024-10-11 09:00:00,9.75845425389309
2024-10-11 10:00:00,10.553047366882545
2024-10-11 11:00:00,11.052549479405695
2024-10-11 12:00:00,11.222920347960352
2024-10-11 13:00:00,11.052549479405695
2024-10-11 14:00:00,10.553047366882545
2024-10-11 15:00:00,9.758454253893092
2024-10-11 16:00:00,8.722920347960352
2024-10-11 17:00:00,7.517015573472957
2024-10-11 18:00:00,6.222920347960353
2024-10-11 19:00:00,4.928825122447748
2024-10-11 20:00:00,3.7229203479603536
2024-10-11 21:00:00,2.687386442027617
2024-10-11 22:00:00,1.8927933290381613
2024-10-11 23:00:00,1.39329121651501
2024-10-12 00:00:00,1.0640972334353354
2024-10-12 01:00:00,1.234468101989993
2024-10-12 02:00:00,1.7339702145131426
2024-10-12 03:00:00,2.5285633275025976
2024-10-12 04:00:00,3.564097233435336
2024-10-12 05:00:00,4.770002007922732
2024-10-12 06:00:00,6.064097233435335
2024-10-12 07:00:00,7.358192458947939
2024-10-12 08:00:00,8.564097233435335
2024-10-12 09:00:00,9.599631139368073
2024-10-12 10:00:00,10.394224252357528
2024-10-12 11:00:00,10.893726364880678
2024-10-12 12:00:00,11.064097233435335
2024-10-12 13:00:00,10.893726364880678
2024-10-12 14:00:00,10.394224252357528
2024-10-12 15:00:00,9.599631139368075
2024-10-12 16:00:00,8.564097233435335
2024-10-12 17:00:00,7.35819245894794
2024-10-12 18:00:00,6.064097233435336
2024-10-12 19:00:00,4.770002007922731
2024-10-12 20:00:00,3.5640972334353367
2024-10-12 21:00:00,2.5285633275026
2024-10-12 22:00:00,1.7339702145131444
2024-10-12 23:00:00,1.234468101989993
2024-10-13 00:00:00,0.9064404118437883
2024-10-13 01:00:00,1.076811280398446
2024-10-13 02:00:00,1.5763133929215956
2024-10-13 03:00:00,2.3709065059110506
2024-10-13 04:00:00,3.4064404118437888
2024-10-13 05:00:00,4.612345186331185
2024-10-13 06:00:00,5.906440411843788
2024-10-13 07:00:00,7.200535637356392
2024-10-13 08:00:00,8.406440411843787
2024-10-13 09:00:00,9.441974317776527
2024-10-13 10:00:00,10.23656743076598
2024-10-13 11:00:00,10.73606954328913
2024-10-13 12:00:00,10.90644041184379
2024-10-13 13:00:00,10.73606954328913
2024-10-13 14:00:00,10.236567430765982
2024-10-13 15:00:00,9.441974317776527
2024-10-13 16:00:00,8.406440411843787
2024-10-13 17:00:00,7.200535637356394
2024-10-13 18:00:00,5.906440411843789
2024-10-13 19:00:00,4.612345186331185
2024-10-13 20:00:00,3.4064404118437897
2024-10-13 21:00:00,2.370906505911053
2024-10-13 22:00:00,1.5763133929215973
2024-10-13 23:00:00,1.076811280398446
2024-10-14 00:00:00,0.7499966003044607
2024-10-14 01:00:00,0.9203674688591184
2024-10-14 02:00:00,1.419869581382268
2024-10-14 03:00:00,2.214462694371723
2024-10-14 04:00:00,3.249996600304461
2024-10-14 05:00:00,4.455901374791857
2024-10-14 06:00:00,5.749996600304461
2024-10-14 07:00:00,7.044091825817064
2024-10-14 08:00:00,8.24999660030446
2024-10-14 09:00:00,9.285530506237198
2024-10-14 10:00:00,10.080123619226654
2024-10-14 11:00:00,10.579625731749804
2024-10-14 12:00:00,10.74999660030446
2024-10-14 13:00:00,10.579625731749804
2024-10-14 14:00:00,10.080123619226654
2024-10-14 15:00:00,9.2855305062372
2024-10-14 16:00:00,8.24999660030446
2024-10-14 17:00:00,7.044091825817066
2024-10-14 18:00:00,5.749996600304462
2024-10-14 19:00:00,4.455901374791857
2024-10-14 20:00:00,3.249996600304462
2024-10-14 21:00:00,2.214462694371725
2024-10-14 22:00:00,1.4198695813822697
2024-10-14 23:00:00,0.9203674688591184
2024-10-15 00:00:00,0.5948121564950481
2024-10-15 01:00:00,0.7651830250497058
2024-10-15 02:00:00,1.2646851375728554
2024-10-15 03:00:00,2.0592782505623104
2024-10-15 04:00:00,3.0948121564950486
2024-10-15 05:00:00,4.3007169309824445
2024-10-15 06:00:00,5.594812156495048
2024-10-15 07:00:00,6.888907382007652
2024-10-15 08:00:00,8.094812156495047
2024-10-15 09:00:00,9.130346062427787
2024-10-15 10:00:00,9.92493917541724
2024-10-15 11:00:00,10.42444128794039
2024-10-15 12:00:00,10.594812156495049
2024-10-15 13:00:00,10.42444128794039
2024-10-15 14:00:00,9.924939175417242
2024-10-15 15:00:00,9.130346062427787
2024-10-15 16:00:00,8.094812156495047
2024-10-15 17:00:00,6.888907382007654
2024-10-15 18:00:00,5.594812156495049
2024-10-15 19:00:00,4.3007169309824445
2024-10-15 20:00:00,3.0948121564950495
2024-10-15 21:00:00,2.0592782505623126
2024-10-15 22:00:00,1.2646851375728572
2024-10-15 23:00:00,0.7651830250497058
2024-10-16 00:00:00,0.4409330649154102
2024-10-16 01:00:00,0.6113039334700678
2024-10-16 02:00:00,1.1108060459932174
2024-10-16 03:00:00,1.9053991589826724
2024-10-16 04:00:00,2.9409330649154106
2024-10-16 05:00:00,4.1468378394028065
2024-10-16 06:00:00,5.44093306491541
2024-10-16 07:00:00,6.735028290428014
2024-10-16 08:00:00,7.940933064915409
2024-10-16 09:00:00,8.976466970848147
2024-10-16 10:00:00,9.771060083837604
2024-10-16 11:00:00,10.270562196360753
2024-10-16 12:00:00,10.44093306491541
2024-10-16 13:00:00,10.270562196360753
2024-10-16 14:00:00,9.771060083837604
2024-10-16 15:00:00,8.976466970848149
2024-10-16 16:00:00,7.940933064915409
2024-10-16 17:00:00,6.735028290428016
2024-10-16 18:00:00,5.440933064915411
2024-10-16 19:00:00,4.1468378394028065
2024-10-16 20:00:00,2.9409330649154115
2024-10-16 21:00:00,1.9053991589826746
2024-10-16 22:00:00,1.1108060459932192
2024-10-16 23:00:00,0.6113039334700678
2024-10-17 00:00:00,0.2884049232613606
2024-10-17 01:00:00,0.45877579181601824
2024-10-17 02:00:00,0.9582779043391678
2024-10-17 03:00:00,1.7528710173286228
2024-10-17 04:00:00,2.788404923261361
2024-10-17 05:00:00,3.994309697748757
2024-10-17 06:00:00,5.288404923261361
2024-10-17 07:00:00,6.582500148773964
2024-10-17 08:00:00,7.788404923261361
2024-10-17 09:00:00,8.823938829194098
2024-10-17 10:00:00,9.618531942183553
2024-10-17 11:00:00,10.118034054706703
2024-10-17 12:00:00,10.28840492326136
2024-10-17 13:00:00,10.118034054706703
2024-10-17 14:00:00,9.618531942183555
2024-10-17 15:00:00,8.823938829194098
2024-10-17 16:00:00,7.788404923261361
2024-10-17 17:00:00,6.582500148773965
2024-10-17 18:00:00,5.2884049232613615
2024-10-17 19:00:00,3.9943096977487564
2024-10-17 20:00:00,2.788404923261362
2024-10-17 21:00:00,1.752871017328625
2024-10-17 22:00:00,0.9582779043391696
2024-10-17 23:00:00,0.45877579181601824
2024-10-18 00:00:00,0.13727292891309872
2024-10-18 01:00:00,0.3076437974677564
2024-10-18 02:00:00,0.807145909990906
2024-10-18 03:00:00,1.601739022980361
2024-10-18 04:00:00,2.637272928913099
2024-10-18 05:00:00,3.843177703400495
2024-10-18 06:00:00,5.137272928913099
2024-10-18 07:00:00,6.431368154425702
2024-10-18 08:00:00,7.637272928913099
2024-10-18 09:00:00,8.672806834845836
2024-10-18 10:00:00,9.467399947835291
2024-10-18 11:00:00,9.966902060358441
2024-10-18 12:00:00,10.137272928913099
2024-10-18 13:00:00,9.966902060358441
2024-10-18 14:00:00,9.467399947835293
2024-10-18 15:00:00,8.672806834845836
2024-10-18 16:00:00,7.637272928913099
2024-10-18 17:00:00,6.431368154425703
2024-10-18 18:00:00,5.1372729289131
2024-10-18 19:00:00,3.8431777034004946
2024-10-18 20:00:00,2.6372729289131
2024-10-18 21:00:00,1.6017390229803632
2024-10-18 22:00:00,0.8071459099909077
2024-10-18 23:00:00,0.3076437974677564
2024-10-19 00:00:00,-0.012418134457754526
2024-10-19 01:00:00,0.15795273409690314
2024-10-19 02:00:00,0.6574548466200527
2024-10-19 03:00:00,1.4520479596095077
2024-10-19 04:00:00,2.487581865542246
2024-10-19 05:00:00,3.6934866400296418
2024-10-19 06:00:00,4.9875818655422455
2024-10-19 07:00:00,6.281677091054849
2024-10-19 08:00:00,7.487581865542245
2024-10-19 09:00:00,8.523115771474984
2024-10-19 10:00:00,9.317708884464437
2024-10-19 11:00:00,9.817210996987587
2024-10-19 12:00:00,9.987581865542246
2024-10-19 13:00:00,9.817210996987587
2024-10-19 14:00:00,9.31770888446444
2024-10-19 15:00:00,8.523115771474984
2024-10-19 16:00:00,7.487581865542245
2024-10-19 17:00:00,6.281677091054851
2024-10-19 18:00:00,4.987581865542246
2024-10-19 19:00:00,3.6934866400296413
2024-10-19 20:00:00,2.487581865542247
2024-10-19 21:00:00,1.45204795960951
2024-10-19 22:00:00,0.6574548466200545
2024-10-19 23:00:00,0.15795273409690314
2024-10-20 00:00:00,-0.16062391015852562
2024-10-20 01:00:00,0.009746958396132044
2024-10-20 02:00:00,0.5092490709192816
2024-10-20 03:00:00,1.3038421839087366
2024-10-20 04:00:00,2.339376089841475
2024-10-20 05:00:00,3.5452808643288707
2024-10-20 06:00:00,4.839376089841474
2024-10-20 07:00:00,6.133471315354078
2024-10-20 08:00:00,7.339376089841474
2024-10-20 09:00:00,8.374909995774212
2024-10-20 10:00:00,9.169503108763667
2024-10-20 11:00:00,9.669005221286817
2024-10-20 12:00:00,9.839376089841474
2024-10-20 13:00:00,9.669005221286817
2024-10-20 14:00:00,9.169503108763667
2024-10-20 15:00:00,8.374909995774214
2024-10-20 16:00:00,7.339376089841474
2024-10-20 17:00:00,6.133471315354079
2024-10-20 18:00:00,4.839376089841475
2024-10-20 19:00:00,3.5452808643288702
2024-10-20 20:00:00,2.3393760898414757
2024-10-20 21:00:00,1.3038421839087388
2024-10-20 22:00:00,0.5092490709192834
2024-10-20 23:00:00,0.009746958396132044
2024-10-21 00:00:00,-0.30730048161933077
2024-10-21 01:00:00,-0.1369296130646731
2024-10-21 02:00:00,0.36257249945847647
2024-10-21 03:00:00,1.1571656124479315
2024-10-21 04:00:00,2.1926995183806697
2024-10-21 05:00:00,3.3986042928680655
2024-10-21 06:00:00,4.692699518380669
2024-10-21 07:00:00,5.986794743893273
2024-10-21 08:00:00,7.192699518380669
2024-10-21 09:00:00,8.228233424313407
2024-10-21 10:00:00,9.022826537302862
2024-10-21 11:00:00,9.522328649826012
2024-10-21 12:00:00,9.69269951838067
2024-10-21 13:00:00,9.522328649826012
2024-10-21 14:00:00,9.022826537302862
2024-10-21 15:00:00,8.228233424313409
2024-10-21 16:00:00,7.192699518380669
2024-10-21 17:00:00,5.986794743893274
2024-10-21 18:00:00,4.69269951838067
2024-10-21 19:00:00,3.398604292868065
2024-10-21 20:00:00,2.1926995183806706
2024-10-21 21:00:00,1.1571656124479337
2024-10-21 22:00:00,0.36257249945847825
2024-10-21 23:00:00,-0.1369296130646731
2024-10-22 00:00:00,-0.4524043854065063
2024-10-22 01:00:00,-0.28203351685184863
2024-10-22 02:00:00,0.21746859567130095
2024-10-22 03:00:00,1.012061708660756
2024-10-22 04:00:00,2.047595614593494
2024-10-22 05:00:00,3.25350038908089
2024-10-22 06:00:00,4.547595614593494
2024-10-22 07:00:00,5.841690840106097
2024-10-22 08:00:00,7.047595614593494
2024-10-22 09:00:00,8.083129520526231
2024-10-22 10:00:00,8.877722633515686
2024-10-22 11:00:00,9.377224746038836
2024-10-22 12:00:00,9.547595614593494
2024-10-22 13:00:00,9.377224746038836
2024-10-22 14:00:00,8.877722633515688
2024-10-22 15:00:00,8.083129520526231
2024-10-22 16:00:00,7.047595614593494
2024-10-22 17:00:00,5.841690840106098
2024-10-22 18:00:00,4.547595614593495
2024-10-22 19:00:00,3.2535003890808896
2024-10-22 20:00:00,2.047595614593495
2024-10-22 21:00:00,1.0120617086607582
2024-10-22 22:00:00,0.21746859567130272
2024-10-22 23:00:00,-0.28203351685184863
2024-10-23 00:00:00,-0.5958926241017624
2024-10-23 01:00:00,-0.4255217555471047
2024-10-23 02:00:00,0.07398035697604488
2024-10-23 03:00:00,0.8685734699654999
2024-10-23 04:00:00,1.904107375898238
2024-10-23 05:00:00,3.110012150385634
2024-10-23 06:00:00,4.404107375898238
2024-10-23 07:00:00,5.698202601410841
2024-10-23 08:00:00,6.904107375898237
2024-10-23 09:00:00,7.939641281830975
2024-10-23 10:00:00,8.73423439482043
2024-10-23 11:00:00,9.233736507343579
2024-10-23 12:00:00,9.404107375898239
2024-10-23 13:00:00,9.233736507343579
2024-10-23 14:00:00,8.734234394820431
2024-10-23 15:00:00,7.939641281830976
2024-10-23 16:00:00,6.904107375898237
2024-10-23 17:00:00,5.698202601410843
2024-10-23 18:00:00,4.4041073758982385
2024-10-23 19:00:00,3.1100121503856335
2024-10-23 20:00:00,1.904107375898239
2024-10-23 21:00:00,0.8685734699655021
2024-10-23 22:00:00,0.07398035697604666
2024-10-23 23:00:00,-0.4255217555471047
2024-10-24 00:00:00,-0.7377226790432436
2024-10-24 01:00:00,-0.567351810488586
2024-10-24 02:00:00,-0.06784969796543638
2024-10-24 03:00:00,0.7267434150240186
2024-10-24 04:00:00,1.7622773209567568
2024-10-24 05:00:00,2.9681820954441527
2024-10-24 06:00:00,4.262277320956756
2024-10-24 07:00:00,5.55637254646936
2024-10-24 08:00:00,6.7622773209567555
2024-10-24 09:00:00,7.797811226889494
2024-10-24 10:00:00,8.59240433987895
2024-10-24 11:00:00,9.0919064524021
2024-10-24 12:00:00,9.262277320956755
2024-10-24 13:00:00,9.0919064524021
2024-10-24 14:00:00,8.59240433987895
2024-10-24 15:00:00,7.797811226889495
2024-10-24 16:00:00,6.7622773209567555
2024-10-24 17:00:00,5.556372546469362
2024-10-24 18:00:00,4.262277320956757
2024-10-24 19:00:00,2.9681820954441522
2024-10-24 20:00:00,1.7622773209567577
2024-10-24 21:00:00,0.7267434150240208
2024-10-24 22:00:00,-0.06784969796543461
2024-10-24 23:00:00,-0.567351810488586
2024-10-25 00:00:00,-0.8778525229247327
2024-10-25 01:00:00,-0.707481654370075
2024-10-25 02:00:00,-0.20797954184692546
2024-10-25 03:00:00,0.5866135711425295
2024-10-25 04:00:00,1.6221474770752677
2024-10-25 05:00:00,2.8280522515626636
2024-10-25 06:00:00,4.122147477075267
2024-10-25 07:00:00,5.416242702587871
2024-10-25 08:00:00,6.622147477075266
2024-10-25 09:00:00,7.657681383008005
2024-10-25 10:00:00,8.452274495997461
2024-10-25 11:00:00,8.95177660852061
2024-10-25 12:00:00,9.122147477075266
2024-10-25 13:00:00,8.95177660852061
2024-10-25 14:00:00,8.452274495997461
2024-10-25 15:00:00,7.657681383008006
2024-10-25 16:00:00,6.622147477075266
2024-10-25 17:00:00,5.416242702587873
2024-10-25 18:00:00,4.122147477075268
2024-10-25 19:00:00,2.828052251562663
2024-10-25 20:00:00,1.6221474770752686
2024-10-25 21:00:00,0.5866135711425318
2024-10-25 22:00:00,-0.2079795418469237
2024-10-25 23:00:00,-0.707481654370075
2024-10-26 00:00:00,-1.0162406322492252
2024-10-26 01:00:00,-0.8458697636945676
2024-10-26 02:00:00,-0.346367651171418
2024-10-26 03:00:00,0.448225461818037
2024-10-26 04:00:00,1.4837593677507752
2024-10-26 05:00:00,2.689664142238171
2024-10-26 06:00:00,3.9837593677507748
2024-10-26 07:00:00,5.2778545932633785
2024-10-26 08:00:00,6.483759367750775
2024-10-26 09:00:00,7.5192932736835125
2024-10-26 10:00:00,8.313886386672968
2024-10-26 11:00:00,8.813388499196117
2024-10-26 12:00:00,8.983759367750775
2024-10-26 13:00:00,8.813388499196117
2024-10-26 14:00:00,8.31388638667297
2024-10-26 15:00:00,7.519293273683513
2024-10-26 16:00:00,6.483759367750775
2024-10-26 17:00:00,5.277854593263379
2024-10-26 18:00:00,3.983759367750775
2024-10-26 19:00:00,2.6896641422381706
2024-10-26 20:00:00,1.483759367750776
2024-10-26 21:00:00,0.44822546181803924
2024-10-26 22:00:00,-0.3463676511714162
2024-10-26 23:00:00,-0.8458697636945676
2024-10-27 00:00:00,-1.1528459996332776
2024-10-27 01:00:00,-0.98247513107862
2024-10-27 02:00:00,-0.48297301855547037
2024-10-27 03:00:00,0.31162009443398464
2024-10-27 04:00:00,1.3471540003667228
2024-10-27 05:00:00,2.5530587748541187
2024-10-27 06:00:00,3.8471540003667224
2024-10-27 07:00:00,5.141249225879326
2024-10-27 08:00:00,6.3471540003667215
2024-10-27 09:00:00,7.38268790629946
2024-10-27 10:00:00,8.177281019288916
2024-10-27 11:00:00,8.676783131812066
2024-10-27 12:00:00,8.847154000366722
2024-10-27 13:00:00,8.676783131812066
2024-10-27 14:00:00,8.177281019288916
2024-10-27 15:00:00,7.382687906299461
2024-10-27 16:00:00,6.3471540003667215
2024-10-27 17:00:00,5.141249225879328
2024-10-27 18:00:00,3.847154000366723
2024-10-27 19:00:00,2.5530587748541183
2024-10-27 20:00:00,1.3471540003667237
2024-10-27 21:00:00,0.31162009443398686
2024-10-27 22:00:00,-0.4829730185554686
2024-10-27 23:00:00,-0.98247513107862
2024-10-28 00:00:00,-1.2876281459583447
2024-10-28 01:00:00,-1.117257277403687
2024-10-28 02:00:00,-0.6177551648805375
2024-10-28 03:00:00,0.1768379481089175
2024-10-28 04:00:00,1.2123718540416557
2024-10-28 05:00:00,2.4182766285290516
2024-10-28 06:00:00,3.7123718540416553
2024-10-28 07:00:00,5.006467079554259
2024-10-28 08:00:00,6.212371854041654
2024-10-28 09:00:00,7.247905759974393
2024-10-28 10:00:00,8.042498872963847
2024-10-28 11:00:00,8.542000985486997
2024-10-28 12:00:00,8.712371854041656
2024-10-28 13:00:00,8.542000985486997
2024-10-28 14:00:00,8.042498872963849
2024-10-28 15:00:00,7.247905759974394
2024-10-28 16:00:00,6.212371854041654
2024-10-28 17:00:00,5.006467079554261
2024-10-28 18:00:00,3.7123718540416557
2024-10-28 19:00:00,2.418276628529051
2024-10-28 20:00:00,1.2123718540416566
2024-10-28 21:00:00,0.17683794810891973
2024-10-28 22:00:00,-0.6177551648805357
2024-10-28 23:00:00,-1.117257277403687
2024-10-29 00:00:00,-1.420547132365635
2024-10-29 01:00:00,-1.2501762638109772
2024-10-29 02:00:00,-0.7506741512878277
2024-10-29 03:00:00,0.043918961701627346
2024-10-29 04:00:00,1.0794528676343655
2024-10-29 05:00:00,2.2853576421217614
2024-10-29 06:00:00,3.579452867634365
2024-10-29 07:00:00,4.873548093146969
2024-10-29 08:00:00,6.079452867634364
2024-10-29 09:00:00,7.114986773567103
2024-10-29 10:00:00,7.909579886556558
2024-10-29 11:00:00,8.409081999079707
2024-10-29 12:00:00,8.579452867634366
2024-10-29 13:00:00,8.409081999079707
2024-10-29 14:00:00,7.909579886556559
2024-10-29 15:00:00,7.114986773567104
2024-10-29 16:00:00,6.079452867634364
2024-10-29 17:00:00,4.873548093146971
2024-10-29 18:00:00,3.5794528676343655
2024-10-29 19:00:00,2.285357642121761
2024-10-29 20:00:00,1.0794528676343664
2024-10-29 21:00:00,0.043918961701629566
2024-10-29 22:00:00,-0.7506741512878259
2024-10-29 23:00:00,-1.2501762638109772
2024-10-30 00:00:00,-1.551563572090851
2024-10-30 01:00:00,-1.3811927035361933
2024-10-30 02:00:00,-0.8816905910130437
2024-10-30 03:00:00,-0.08709747802358869
2024-10-30 04:00:00,0.9484364279091495
2024-10-30 05:00:00,2.1543412023965454
2024-10-30 06:00:00,3.448436427909149
2024-10-30 07:00:00,4.742531653421753
2024-10-30 08:00:00,5.948436427909149
2024-10-30 09:00:00,6.983970333841887
2024-10-30 10:00:00,7.778563446831342
2024-10-30 11:00:00,8.278065559354491
2024-10-30 12:00:00,8.448436427909149
2024-10-30 13:00:00,8.278065559354491
2024-10-30 14:00:00,7.778563446831343
2024-10-30 15:00:00,6.983970333841888
2024-10-30 16:00:00,5.948436427909149
2024-10-30 17:00:00,4.742531653421754
2024-10-30 18:00:00,3.4484364279091495
2024-10-30 19:00:00,2.154341202396545
2024-10-30 20:00:00,0.9484364279091504
2024-10-30 21:00:00,-0.08709747802358647
2024-10-30 22:00:00,-0.8816905910130419
2024-10-30 23:00:00,-1.3811927035361933
2024-10-31 00:00:00,-1.6806386421353325
2024-10-31 01:00:00,-1.5102677735806749
2024-10-31 02:00:00,-1.0107656610575253
2024-10-31 03:00:00,-0.2161725480680703
2024-10-31 04:00:00,0.8193613578646679
2024-10-31 05:00:00,2.0252661323520638
2024-10-31 06:00:00,3.3193613578646675
2024-10-31 07:00:00,4.613456583377271
2024-10-31 08:00:00,5.819361357864667
2024-10-31 09:00:00,6.854895263797405
2024-10-31 10:00:00,7.64948837678686
2024-10-31 11:00:00,8.148990489310009
2024-10-31 12:00:00,8.319361357864668
2024-10-31 13:00:00,8.148990489310009
2024-10-31 14:00:00,7.649488376786861
2024-10-31 15:00:00,6.854895263797406
2024-10-31 16:00:00,5.819361357864667
2024-10-31 17:00:00,4.613456583377273
2024-10-31 18:00:00,3.319361357864668
2024-10-31 19:00:00,2.0252661323520633
2024-10-31 20:00:00,0.8193613578646688
2024-10-31 21:00:00,-0.21617254806806807
2024-10-31 22:00:00,-1.0107656610575235
2024-10-31 23:00:00,-1.5102677735806749
2024-11-01 00:00:00,-1.8077340947701606
2024-11-01 01:00:00,-1.637363226215503
2024-11-01 02:00:00,-1.1378611136923533
2024-11-01 03:00:00,-0.3432680007028983
2024-11-01 04:00:00,0.6922659052298399
2024-11-01 05:00:00,1.8981706797172355
2024-11-01 06:00:00,3.1922659052298394
2024-11-01 07:00:00,4.486361130742443
2024-11-01 08:00:00,5.6922659052298386
2024-11-01 09:00:00,6.727799811162577
2024-11-01 10:00:00,7.522392924152032
2024-11-01 11:00:00,8.021895036675183
2024-11-01 12:00:00,8.192265905229839
2024-11-01 13:00:00,8.021895036675183
2024-11-01 14:00:00,7.522392924152033
2024-11-01 15:00:00,6.727799811162578
2024-11-01 16:00:00,5.6922659052298386
2024-11-01 17:00:00,4.486361130742445
2024-11-01 18:00:00,3.19226590522984
2024-11-01 19:00:00,1.8981706797172353
2024-11-01 20:00:00,0.6922659052298408
2024-11-01 21:00:00,-0.3432680007028961
2024-11-01 22:00:00,-1.1378611136923515
2024-11-01 23:00:00,-1.637363226215503
2024-11-02 00:00:00,-1.9328122688697729
2024-11-02 01:00:00,-1.7624414003151152
2024-11-02 02:00:00,-1.2629392877919656
2024-11-02 03:00:00,-0.4683461748025106
2024-11-02 04:00:00,0.5671877311302276
2024-11-02 05:00:00,1.7730925056176232
2024-11-02 06:00:00,3.067187731130227
2024-11-02 07:00:00,4.361282956642831
2024-11-02 08:00:00,5.567187731130227
2024-11-02 09:00:00,6.602721637062965
2024-11-02 10:00:00,7.39731475005242
2024-11-02 11:00:00,7.8968168625755695
2024-11-02 12:00:00,8.067187731130227
2024-11-02 13:00:00,7.8968168625755695
2024-11-02 14:00:00,7.397314750052421
2024-11-02 15:00:00,6.602721637062966
2024-11-02 16:00:00,5.567187731130227
2024-11-02 17:00:00,4.361282956642832
2024-11-02 18:00:00,3.0671877311302276
2024-11-02 19:00:00,1.773092505617623
2024-11-02 20:00:00,0.5671877311302285
2024-11-02 21:00:00,-0.4683461748025084
2024-11-02 22:00:00,-1.2629392877919638
2024-11-02 23:00:00,-1.7624414003151152
2024-11-03 00:00:00,-2.055836101071775
2024-11-03 01:00:00,-1.8854652325171175
2024-11-03 02:00:00,-1.385963119993968
2024-11-03 03:00:00,-0.5913700070045129
2024-11-03 04:00:00,0.4441638989282253
2024-11-03 05:00:00,1.650068673415621
2024-11-03 06:00:00,2.944163898928225
2024-11-03 07:00:00,4.2382591244408285
2024-11-03 08:00:00,5.444163898928224
2024-11-03 09:00:00,6.479697804860963
2024-11-03 10:00:00,7.274290917850418
2024-11-03 11:00:00,7.773793030373567
2024-11-03 12:00:00,7.944163898928225
2024-11-03 13:00:00,7.773793030373567
2024-11-03 14:00:00,7.2742909178504185
2024-11-03 15:00:00,6.4796978048609635
2024-11-03 16:00:00,5.444163898928224
2024-11-03 17:00:00,4.23825912444083
2024-11-03 18:00:00,2.9441638989282253
2024-11-03 19:00:00,1.6500686734156207
2024-11-03 20:00:00,0.44416389892822616
2024-11-03 21:00:00,-0.5913700070045107
2024-11-03 22:00:00,-1.3859631199939662
2024-11-03 23:00:00,-1.8854652325171175
2024-11-04 00:00:00,-2.1767691367596154
2024-11-04 01:00:00,-2.0063982682049577
2024-11-04 02:00:00,-1.5068961556818081
2024-11-04 03:00:00,-0.7123030426923531
2024-11-04 04:00:00,0.3232308632403851
2024-11-04 05:00:00,1.5291356377277807
2024-11-04 06:00:00,2.8232308632403846
2024-11-04 07:00:00,4.117326088752988
2024-11-04 08:00:00,5.323230863240385
2024-11-04 09:00:00,6.358764769173122
2024-11-04 10:00:00,7.153357882162577
2024-11-04 11:00:00,7.652859994685727
2024-11-04 12:00:00,7.823230863240385
2024-11-04 13:00:00,7.652859994685727
2024-11-04 14:00:00,7.153357882162578
2024-11-04 15:00:00,6.358764769173123
2024-11-04 16:00:00,5.323230863240385
2024-11-04 17:00:00,4.117326088752989
2024-11-04 18:00:00,2.823230863240385
2024-11-04 19:00:00,1.5291356377277805
2024-11-04 20:00:00,0.32323086324038597
2024-11-04 21:00:00,-0.7123030426923509
2024-11-04 22:00:00,-1.5068961556818063
2024-11-04 23:00:00,-2.0063982682049577
2024-11-05 00:00:00,-2.295575540864877
2024-11-05 01:00:00,-2.125204672310219
2024-11-05 02:00:00,-1.6257025597870696
2024-11-05 03:00:00,-0.8311094467976146
2024-11-05 04:00:00,0.20442445913512364
2024-11-05 05:00:00,1.4103292336225193
2024-11-05 06:00:00,2.704424459135123
2024-11-05 07:00:00,3.998519684647727
2024-11-05 08:00:00,5.204424459135122
2024-11-05 09:00:00,6.239958365067861
2024-11-05 10:00:00,7.034551478057316
2024-11-05 11:00:00,7.5340535905804655
2024-11-05 12:00:00,7.704424459135123
2024-11-05 13:00:00,7.5340535905804655
2024-11-05 14:00:00,7.034551478057317
2024-11-05 15:00:00,6.239958365067862
2024-11-05 16:00:00,5.204424459135122
2024-11-05 17:00:00,3.9985196846477282
2024-11-05 18:00:00,2.7044244591351236
2024-11-05 19:00:00,1.410329233622519
2024-11-05 20:00:00,0.20442445913512453
2024-11-05 21:00:00,-0.8311094467976123
2024-11-05 22:00:00,-1.6257025597870678
2024-11-05 23:00:00,-2.125204672310219
2024-11-06 00:00:00,-2.4122201084859585
2024-11-06 01:00:00,-2.241849239931301
2024-11-06 02:00:00,-1.7423471274081512
2024-11-06 03:00:00,-0.9477540144186962
2024-11-06 04:00:00,0.08777989151404197
2024-11-06 05:00:00,1.2936846660014376
2024-11-06 06:00:00,2.5877798915140415
2024-11-06 07:00:00,3.8818751170266452
2024-11-06 08:00:00,5.087779891514041
2024-11-06 09:00:00,6.123313797446779
2024-11-06 10:00:00,6.917906910436234
2024-11-06 11:00:00,7.417409022959384
2024-11-06 12:00:00,7.5877798915140415
2024-11-06 13:00:00,7.417409022959384
2024-11-06 14:00:00,6.917906910436235
2024-11-06 15:00:00,6.12331379744678
2024-11-06 16:00:00,5.087779891514041
2024-11-06 17:00:00,3.8818751170266466
2024-11-06 18:00:00,2.587779891514042
2024-11-06 19:00:00,1.2936846660014374
2024-11-06 20:00:00,0.08777989151404286
2024-11-06 21:00:00,-0.947754014418694
2024-11-06 22:00:00,-1.7423471274081495
2024-11-06 23:00:00,-2.241849239931301
2024-11-07 00:00:00,-2.526668275320084
2024-11-07 01:00:00,-2.3562974067654263
2024-11-07 02:00:00,-1.8567952942422767
2024-11-07 03:00:00,-1.0622021812528217
2024-11-07 04:00:00,-0.026668275320083534
2024-11-07 05:00:00,1.179236499167312
2024-11-07 06:00:00,2.473331724679916
2024-11-07 07:00:00,3.7674269501925197
2024-11-07 08:00:00,4.973331724679916
2024-11-07 09:00:00,6.008865630612654
2024-11-07 10:00:00,6.803458743602109
2024-11-07 11:00:00,7.302960856125258
2024-11-07 12:00:00,7.473331724679916
2024-11-07 13:00:00,7.302960856125258
2024-11-07 14:00:00,6.80345874360211
2024-11-07 15:00:00,6.008865630612655
2024-11-07 16:00:00,4.973331724679916
2024-11-07 17:00:00,3.767426950192521
2024-11-07 18:00:00,2.4733317246799165
2024-11-07 19:00:00,1.1792364991673119
2024-11-07 20:00:00,-0.026668275320082646
2024-11-07 21:00:00,-1.0622021812528195
2024-11-07 22:00:00,-1.856795294242275
2024-11-07 23:00:00,-2.3562974067654263
2024-11-08 00:00:00,-2.6388861279054296
2024-11-08 01:00:00,-2.468515259350772
2024-11-08 02:00:00,-1.9690131468276224
2024-11-08 03:00:00,-1.1744200338381674
2024-11-08 04:00:00,-0.1388861279054292
2024-11-08 05:00:00,1.0670186465819664
2024-11-08 06:00:00,2.3611138720945704
2024-11-08 07:00:00,3.655209097607174
2024-11-08 08:00:00,4.86111387209457
2024-11-08 09:00:00,5.896647778027308
2024-11-08 10:00:00,6.691240891016763
2024-11-08 11:00:00,7.190743003539913
2024-11-08 12:00:00,7.36111387209457
2024-11-08 13:00:00,7.190743003539913
2024-11-08 14:00:00,6.691240891016764
2024-11-08 15:00:00,5.896647778027309
2024-11-08 16:00:00,4.86111387209457
2024-11-08 17:00:00,3.6552090976071754
2024-11-08 18:00:00,2.361113872094571
2024-11-08 19:00:00,1.0670186465819662
2024-11-08 20:00:00,-0.1388861279054283
2024-11-08 21:00:00,-1.1744200338381652
2024-11-08 22:00:00,-1.9690131468276206
2024-11-08 23:00:00,-2.468515259350772
2024-11-09 00:00:00,-2.7488404136704068
2024-11-09 01:00:00,-2.578469545115749
2024-11-09 02:00:00,-2.0789674325925995
2024-11-09 03:00:00,-1.2843743196031445
2024-11-09 04:00:00,-0.24884041367040632
2024-11-09 05:00:00,0.9570643608169893
2024-11-09 06:00:00,2.2511595863295932
2024-11-09 07:00:00,3.545254811842197
2024-11-09 08:00:00,4.751159586329592
2024-11-09 09:00:00,5.786693492262331
2024-11-09 10:00:00,6.581286605251786
2024-11-09 11:00:00,7.080788717774936
2024-11-09 12:00:00,7.251159586329593
2024-11-09 13:00:00,7.080788717774936
2024-11-09 14:00:00,6.581286605251787
2024-11-09 15:00:00,5.786693492262332
2024-11-09 16:00:00,4.751159586329592
2024-11-09 17:00:00,3.5452548118421983
2024-11-09 18:00:00,2.2511595863295937
2024-11-09 19:00:00,0.9570643608169891
2024-11-09 20:00:00,-0.24884041367040544
2024-11-09 21:00:00,-1.2843743196031423
2024-11-09 22:00:00,-2.0789674325925978
2024-11-09 23:00:00,-2.578469545115749
2024-11-10 00:00:00,-2.856498550787146
2024-11-10 01:00:00,-2.686127682232488
2024-11-10 02:00:00,-2.1866255697093386
2024-11-10 03:00:00,-1.3920324567198836
2024-11-10 04:00:00,-0.35649855078714543
2024-11-10 05:00:00,0.8494062237002502
2024-11-10 06:00:00,2.143501449212854
2024-11-10 07:00:00,3.437596674725458
2024-11-10 08:00:00,4.643501449212854
2024-11-10 09:00:00,5.679035355145592
2024-11-10 10:00:00,6.473628468135047
2024-11-10 11:00:00,6.9731305806581965
2024-11-10 12:00:00,7.143501449212854
2024-11-10 13:00:00,6.9731305806581965
2024-11-10 14:00:00,6.473628468135048
2024-11-10 15:00:00,5.679035355145593
2024-11-10 16:00:00,4.643501449212854
2024-11-10 17:00:00,3.437596674725459
2024-11-10 18:00:00,2.1435014492128546
2024-11-10 19:00:00,0.84940622370025
2024-11-10 20:00:00,-0.35649855078714454
2024-11-10 21:00:00,-1.3920324567198814
2024-11-10 22:00:00,-2.186625569709337
2024-11-10 23:00:00,-2.686127682232488
2024-11-11 00:00:00,-2.961828637826156
2024-11-11 01:00:00,-2.7914577692714984
2024-11-11 02:00:00,-2.291955656748349
2024-11-11 03:00:00,-1.4973625437588938
2024-11-11 04:00:00,-0.4618286378261556
2024-11-11 05:00:00,0.7440761366612401
2024-11-11 06:00:00,2.038171362173844
2024-11-11 07:00:00,3.3322665876864477
2024-11-11 08:00:00,4.538171362173843
2024-11-11 09:00:00,5.573705268106582
2024-11-11 10:00:00,6.368298381096037
2024-11-11 11:00:00,6.867800493619186
2024-11-11 12:00:00,7.038171362173844
2024-11-11 13:00:00,6.867800493619186
2024-11-11 14:00:00,6.368298381096038
2024-11-11 15:00:00,5.573705268106583
2024-11-11 16:00:00,4.538171362173843
2024-11-11 17:00:00,3.332266587686449
2024-11-11 18:00:00,2.0381713621738444
2024-11-11 19:00:00,0.7440761366612398
2024-11-11 20:00:00,-0.4618286378261547
2024-11-11 21:00:00,-1.4973625437588916
2024-11-11 22:00:00,-2.291955656748347
2024-11-11 23:00:00,-2.7914577692714984
2024-11-12 00:00:00,-3.0647994632094484
2024-11-12 01:00:00,-2.8944285946547907
2024-11-12 02:00:00,-2.394926482131641
2024-11-12 03:00:00,-1.6003333691421862
2024-11-12 04:00:00,-0.564799463209448
2024-11-12 05:00:00,0.6411053112779477
2024-11-12 06:00:00,1.9352005367905516
2024-11-12 07:00:00,3.2292957623031553
2024-11-12 08:00:00,4.435200536790552
2024-11-12 09:00:00,5.470734442723289
2024-11-12 10:00:00,6.265327555712744
2024-11-12 11:00:00,6.764829668235894
2024-11-12 12:00:00,6.935200536790552
2024-11-12 13:00:00,6.764829668235894
2024-11-12 14:00:00,6.265327555712745
2024-11-12 15:00:00,5.47073444272329
2024-11-12 16:00:00,4.435200536790552
2024-11-12 17:00:00,3.2292957623031566
2024-11-12 18:00:00,1.9352005367905523
2024-11-12 19:00:00,0.6411053112779475
2024-11-12 20:00:00,-0.5647994632094471
2024-11-12 21:00:00,-1.600333369142184
2024-11-12 22:00:00,-2.3949264821316394
2024-11-12 23:00:00,-2.8944285946547907
2024-11-13 00:00:00,-3.1653805144591587
2024-11-13 01:00:00,-2.995009645904501
2024-11-13 02:00:00,-2.4955075333813515
2024-11-13 03:00:00,-1.7009144203918964
2024-11-13 04:00:00,-0.6653805144591582
2024-11-13 05:00:00,0.5405242600282374
2024-11-13 06:00:00,1.8346194855408413
2024-11-13 07:00:00,3.128714711053445
2024-11-13 08:00:00,4.334619485540841
2024-11-13 09:00:00,5.370153391473579
2024-11-13 10:00:00,6.164746504463034
2024-11-13 11:00:00,6.664248616986184
2024-11-13 12:00:00,6.834619485540841
2024-11-13 13:00:00,6.664248616986184
2024-11-13 14:00:00,6.164746504463035
2024-11-13 15:00:00,5.37015339147358
2024-11-13 16:00:00,4.334619485540841
2024-11-13 17:00:00,3.1287147110534463
2024-11-13 18:00:00,1.834619485540842
2024-11-13 19:00:00,0.5405242600282372
2024-11-13 20:00:00,-0.6653805144591574
2024-11-13 21:00:00,-1.7009144203918942
2024-11-13 22:00:00,-2.4955075333813497
2024-11-13 23:00:00,-2.995009645904501
2024-11-14 00:00:00,-3.263541987239094
2024-11-14 01:00:00,-3.0931711186844364
2024-11-14 02:00:00,-2.593669006161287
2024-11-14 03:00:00,-1.7990758931718318
2024-11-14 04:00:00,-0.7635419872390936
2024-11-14 05:00:00,0.442362787248302
2024-11-14 06:00:00,1.736458012760906
2024-11-14 07:00:00,3.0305532382735096
2024-11-14 08:00:00,4.236458012760906
2024-11-14 09:00:00,5.271991918693644
2024-11-14 10:00:00,6.066585031683099
2024-11-14 11:00:00,6.566087144206248
2024-11-14 12:00:00,6.736458012760906
2024-11-14 13:00:00,6.566087144206248
2024-11-14 14:00:00,6.0665850316831
2024-11-14 15:00:00,5.271991918693645
2024-11-14 16:00:00,4.236458012760906
2024-11-14 17:00:00,3.030553238273511
2024-11-14 18:00:00,1.7364580127609066
2024-11-14 19:00:00,0.4423627872483018
2024-11-14 20:00:00,-0.7635419872390927
2024-11-14 21:00:00,-1.7990758931718296
2024-11-14 22:00:00,-2.593669006161285
2024-11-14 23:00:00,-3.0931711186844364
2024-11-15 00:00:00,-3.3592547941863646
2024-11-15 01:00:00,-3.188883925631707
2024-11-15 02:00:00,-2.6893818131085574
2024-11-15 03:00:00,-1.8947887001191024
2024-11-15 04:00:00,-0.8592547941863642
2024-11-15 05:00:00,0.34664998030103145
2024-11-15 06:00:00,1.6407452058136354
2024-11-15 07:00:00,2.934840431326239
2024-11-15 08:00:00,4.140745205813635
2024-11-15 09:00:00,5.176279111746373
2024-11-15 10:00:00,5.970872224735828
2024-11-15 11:00:00,6.470374337258978
2024-11-15 12:00:00,6.640745205813635
2024-11-15 13:00:00,6.470374337258978
2024-11-15 14:00:00,5.970872224735829
2024-11-15 15:00:00,5.176279111746374
2024-11-15 16:00:00,4.140745205813635
2024-11-15 17:00:00,2.9348404313262404
2024-11-15 18:00:00,1.640745205813636
2024-11-15 19:00:00,0.3466499803010312
2024-11-15 20:00:00,-0.8592547941863633
2024-11-15 21:00:00,-1.8947887001191002
2024-11-15 22:00:00,-2.6893818131085556
2024-11-15 23:00:00,-3.188883925631707
2024-11-16 00:00:00,-3.4524905735306337
2024-11-16 01:00:00,-3.282119704975976
2024-11-16 02:00:00,-2.7826175924528265
2024-11-16 03:00:00,-1.9880244794633715
2024-11-16 04:00:00,-0.9524905735306333
2024-11-16 05:00:00,0.25341420095676237
2024-11-16 06:00:00,1.5475094264693663
2024-11-16 07:00:00,2.84160465198197
2024-11-16 08:00:00,4.047509426469366
2024-11-16 09:00:00,5.083043332402104
2024-11-16 10:00:00,5.877636445391559
2024-11-16 11:00:00,6.377138557914709
2024-11-16 12:00:00,6.547509426469366
2024-11-16 13:00:00,6.377138557914709
2024-11-16 14:00:00,5.87763644539156
2024-11-16 15:00:00,5.083043332402105
2024-11-16 16:00:00,4.047509426469366
2024-11-16 17:00:00,2.8416046519819713
2024-11-16 18:00:00,1.547509426469367
2024-11-16 19:00:00,0.25341420095676215
2024-11-16 20:00:00,-0.9524905735306324
2024-11-16 21:00:00,-1.9880244794633692
2024-11-16 22:00:00,-2.7826175924528247
2024-11-16 23:00:00,-3.282119704975976
2024-11-17 00:00:00,-3.543221697498268
2024-11-17 01:00:00,-3.3728508289436103
2024-11-17 02:00:00,-2.8733487164204607
2024-11-17 03:00:00,-2.0787556034310057
2024-11-17 04:00:00,-1.0432216974982675
2024-11-17 05:00:00,0.1626830769891281
2024-11-17 06:00:00,1.456778302501732
2024-11-17 07:00:00,2.7508735280143357
2024-11-17 08:00:00,3.9567783025017316
2024-11-17 09:00:00,4.99231220843447
2024-11-17 10:00:00,5.786905321423925
2024-11-17 11:00:00,6.286407433947074
2024-11-17 12:00:00,6.456778302501732
2024-11-17 13:00:00,6.286407433947074
2024-11-17 14:00:00,5.786905321423926
2024-11-17 15:00:00,4.992312208434471
2024-11-17 16:00:00,3.9567783025017316
2024-11-17 17:00:00,2.750873528014337
2024-11-17 18:00:00,1.4567783025017327
2024-11-17 19:00:00,0.16268307698912787
2024-11-17 20:00:00,-1.0432216974982667
2024-11-17 21:00:00,-2.0787556034310035
2024-11-17 22:00:00,-2.873348716420459
2024-11-17 23:00:00,-3.3728508289436103
2024-11-18 00:00:00,-3.631421280499115
2024-11-18 01:00:00,-3.4610504119444574
2024-11-18 02:00:00,-2.961548299421308
2024-11-18 03:00:00,-2.166955186431853
2024-11-18 04:00:00,-1.1314212804991146
2024-11-18 05:00:00,0.07448349398828102
2024-11-18 06:00:00,1.368578719500885
2024-11-18 07:00:00,2.6626739450134886
2024-11-18 08:00:00,3.8685787195008845
2024-11-18 09:00:00,4.904112625433623
2024-11-18 10:00:00,5.698705738423078
2024-11-18 11:00:00,6.198207850946227
2024-11-18 12:00:00,6.368578719500885
2024-11-18 13:00:00,6.198207850946227
2024-11-18 14:00:00,5.698705738423079
2024-11-18 15:00:00,4.904112625433624
2024-11-18 16:00:00,3.8685787195008845
2024-11-18 17:00:00,2.66267394501349
2024-11-18 18:00:00,1.3685787195008856
2024-11-18 19:00:00,0.0744834939882808
2024-11-18 20:00:00,-1.1314212804991137
2024-11-18 21:00:00,-2.1669551864318506
2024-11-18 22:00:00,-2.961548299421306
2024-11-18 23:00:00,-3.4610504119444574
2024-11-19 00:00:00,-3.717063187093215
2024-11-19 01:00:00,-3.5466923185385575
2024-11-19 02:00:00,-3.047190206015408
2024-11-19 03:00:00,-2.252597093025953
2024-11-19 04:00:00,-1.2170631870932147
2024-11-19 05:00:00,-0.011158412605819068
2024-11-19 06:00:00,1.2829368129067849
2024-11-19 07:00:00,2.5770320384193885
2024-11-19 08:00:00,3.7829368129067844
2024-11-19 09:00:00,4.818470718839523
2024-11-19 10:00:00,5.613063831828978
2024-11-19 11:00:00,6.112565944352127
2024-11-19 12:00:00,6.282936812906785
2024-11-19 13:00:00,6.112565944352127
2024-11-19 14:00:00,5.6130638318289785
2024-11-19 15:00:00,4.8184707188395235
2024-11-19 16:00:00,3.7829368129067844
2024-11-19 17:00:00,2.57703203841939
2024-11-19 18:00:00,1.2829368129067855
2024-11-19 19:00:00,-0.01115841260581929
2024-11-19 20:00:00,-1.2170631870932138
2024-11-19 21:00:00,-2.2525970930259507
2024-11-19 22:00:00,-3.047190206015406
2024-11-19 23:00:00,-3.5466923185385575
2024-11-20 00:00:00,-3.8001220397353546
2024-11-20 01:00:00,-3.629751171180697
2024-11-20 02:00:00,-3.1302490586575473
2024-11-20 03:00:00,-2.3356559456680923
2024-11-20 04:00:00,-1.3001220397353541
2024-11-20 05:00:00,-0.09421726524795848
2024-11-20 06:00:00,1.1998779602646454
2024-11-20 07:00:00,2.493973185777249
2024-11-20 08:00:00,3.699877960264645
2024-11-20 09:00:00,4.735411866197383
2024-11-20 10:00:00,5.530004979186838
2024-11-20 11:00:00,6.029507091709988
2024-11-20 12:00:00,6.199877960264645
2024-11-20 13:00:00,6.029507091709988
2024-11-20 14:00:00,5.530004979186839
2024-11-20 15:00:00,4.735411866197384
2024-11-20 16:00:00,3.699877960264645
2024-11-20 17:00:00,2.4939731857772505
2024-11-20 18:00:00,1.199877960264646
2024-11-20 19:00:00,-0.0942172652479587
2024-11-20 20:00:00,-1.3001220397353532
2024-11-20 21:00:00,-2.33565594566809
2024-11-20 22:00:00,-3.1302490586575455
2024-11-20 23:00:00,-3.629751171180697
2024-11-21 00:00:00,-3.8805732262949277
2024-11-21 01:00:00,-3.71020235774027
2024-11-21 02:00:00,-3.2107002452171205
2024-11-21 03:00:00,-2.4161071322276655
2024-11-21 04:00:00,-1.3805732262949273
2024-11-21 05:00:00,-0.17466845180753166
2024-11-21 06:00:00,1.1194267737050723
2024-11-21 07:00:00,2.413521999217676
2024-11-21 08:00:00,3.619426773705072
2024-11-21 09:00:00,4.65496067963781
2024-11-21 10:00:00,5.449553792627265
2024-11-21 11:00:00,5.949055905150415
2024-11-21 12:00:00,6.119426773705072
2024-11-21 13:00:00,5.949055905150415
2024-11-21 14:00:00,5.449553792627266
2024-11-21 15:00:00,4.654960679637811
2024-11-21 16:00:00,3.619426773705072
2024-11-21 17:00:00,2.4135219992176773
2024-11-21 18:00:00,1.119426773705073
2024-11-21 19:00:00,-0.17466845180753188
2024-11-21 20:00:00,-1.3805732262949264
2024-11-21 21:00:00,-2.4161071322276633
2024-11-21 22:00:00,-3.2107002452171187
2024-11-21 23:00:00,-3.71020235774027
2024-11-22 00:00:00,-3.9583929073490864
2024-11-22 01:00:00,-3.788022038794429
2024-11-22 02:00:00,-3.288519926271279
2024-11-22 03:00:00,-2.493926813281824
2024-11-22 04:00:00,-1.458392907349086
2024-11-22 05:00:00,-0.25248813286169036
2024-11-22 06:00:00,1.0416070926509136
2024-11-22 07:00:00,2.3357023181635173
2024-11-22 08:00:00,3.541607092650913
2024-11-22 09:00:00,4.577140998583651
2024-11-22 10:00:00,5.371734111573106
2024-11-22 11:00:00,5.871236224096256
2024-11-22 12:00:00,6.041607092650914
2024-11-22 13:00:00,5.871236224096256
2024-11-22 14:00:00,5.371734111573107
2024-11-22 15:00:00,4.577140998583652
2024-11-22 16:00:00,3.541607092650913
2024-11-22 17:00:00,2.3357023181635186
2024-11-22 18:00:00,1.0416070926509142
2024-11-22 19:00:00,-0.2524881328616906
2024-11-22 20:00:00,-1.458392907349085
2024-11-22 21:00:00,-2.493926813281822
2024-11-22 22:00:00,-3.2885199262712774
2024-11-22 23:00:00,-3.788022038794429
2024-11-23 00:00:00,-4.03355802324684
2024-11-23 01:00:00,-3.8631871546921825
2024-11-23 02:00:00,-3.363685042169033
2024-11-23 03:00:00,-2.569091929179578
2024-11-23 04:00:00,-1.5335580232468398
2024-11-23 05:00:00,-0.3276532487594441
2024-11-23 06:00:00,0.9664419767531598
2024-11-23 07:00:00,2.2605372022657635
2024-11-23 08:00:00,3.4664419767531593
2024-11-23 09:00:00,4.5019758826858975
2024-11-23 10:00:00,5.2965689956753526
2024-11-23 11:00:00,5.796071108198502
2024-11-23 12:00:00,5.96644197675316
2024-11-23 13:00:00,5.796071108198502
2024-11-23 14:00:00,5.296568995675353
2024-11-23 15:00:00,4.501975882685898
2024-11-23 16:00:00,3.4664419767531593
2024-11-23 17:00:00,2.260537202265765
2024-11-23 18:00:00,0.9664419767531605
2024-11-23 19:00:00,-0.32765324875944435
2024-11-23 20:00:00,-1.5335580232468389
2024-11-23 21:00:00,-2.5690919291795757
2024-11-23 22:00:00,-3.363685042169031
2024-11-23 23:00:00,-3.8631871546921825
2024-11-24 00:00:00,-4.106046300942159
2024-11-24 01:00:00,-3.9356754323875016
2024-11-24 02:00:00,-3.436173319864352
2024-11-24 03:00:00,-2.641580206874897
2024-11-24 04:00:00,-1.6060463009421588
2024-11-24 05:00:00,-0.4001415264547632
2024-11-24 06:00:00,0.8939536990578407
2024-11-24 07:00:00,2.1880489245704444
2024-11-24 08:00:00,3.3939536990578403
2024-11-24 09:00:00,4.4294876049905785
2024-11-24 10:00:00,5.2240807179800335
2024-11-24 11:00:00,5.723582830503183
2024-11-24 12:00:00,5.893953699057841
2024-11-24 13:00:00,5.723582830503183
2024-11-24 14:00:00,5.224080717980034
2024-11-24 15:00:00,4.429487604990579
2024-11-24 16:00:00,3.3939536990578403
2024-11-24 17:00:00,2.1880489245704458
2024-11-24 18:00:00,0.8939536990578414
2024-11-24 19:00:00,-0.4001415264547634
2024-11-24 20:00:00,-1.606046300942158
2024-11-24 21:00:00,-2.641580206874895
2024-11-24 22:00:00,-3.4361733198643503
2024-11-24 23:00:00,-3.9356754323875016
2024-11-25 00:00:00,-4.1758362605939325
2024-11-25 01:00:00,-4.005465392039275
2024-11-25 02:00:00,-3.5059632795161253
2024-11-25 03:00:00,-2.7113701665266703
2024-11-25 04:00:00,-1.675836260593932
2024-11-25 05:00:00,-0.46993148610653646
2024-11-25 06:00:00,0.8241637394060675
2024-11-25 07:00:00,2.118258964918671
2024-11-25 08:00:00,3.324163739406067
2024-11-25 09:00:00,4.359697645338805
2024-11-25 10:00:00,5.15429075832826
2024-11-25 11:00:00,5.65379287085141
2024-11-25 12:00:00,5.8241637394060675
2024-11-25 13:00:00,5.65379287085141
2024-11-25 14:00:00,5.154290758328261
2024-11-25 15:00:00,4.359697645338806
2024-11-25 16:00:00,3.324163739406067
2024-11-25 17:00:00,2.1182589649186725
2024-11-25 18:00:00,0.8241637394060681
2024-11-25 19:00:00,-0.4699314861065367
2024-11-25 20:00:00,-1.6758362605939312
2024-11-25 21:00:00,-2.711370166526668
2024-11-25 22:00:00,-3.5059632795161235
2024-11-25 23:00:00,-4.005465392039275
2024-11-26 00:00:00,-4.242907221930933
2024-11-26 01:00:00,-4.072536353376275
2024-11-26 02:00:00,-3.5730342408531257
2024-11-26 03:00:00,-2.7784411278636707
2024-11-26 04:00:00,-1.7429072219309325
2024-11-26 05:00:00,-0.5370024474435369
2024-11-26 06:00:00,0.757092778069067
2024-11-26 07:00:00,2.0511880035816707
2024-11-26 08:00:00,3.2570927780690666
2024-11-26 09:00:00,4.292626684001805
2024-11-26 10:00:00,5.08721979699126
2024-11-26 11:00:00,5.586721909514409
2024-11-26 12:00:00,5.757092778069067
2024-11-26 13:00:00,5.586721909514409
2024-11-26 14:00:00,5.087219796991261
2024-11-26 15:00:00,4.292626684001806
2024-11-26 16:00:00,3.2570927780690666
2024-11-26 17:00:00,2.051188003581672
2024-11-26 18:00:00,0.7570927780690677
2024-11-26 19:00:00,-0.5370024474435371
2024-11-26 20:00:00,-1.7429072219309316
2024-11-26 21:00:00,-2.7784411278636685
2024-11-26 22:00:00,-3.573034240853124
2024-11-26 23:00:00,-4.072536353376275
2024-11-27 00:00:00,-4.307239310379794
2024-11-27 01:00:00,-4.136868441825136
2024-11-27 02:00:00,-3.6373663293019867
2024-11-27 03:00:00,-2.8427732163125317
2024-11-27 04:00:00,-1.8072393103797935
2024-11-27 05:00:00,-0.6013345358923978
2024-11-27 06:00:00,0.6927606896202061
2024-11-27 07:00:00,1.98685591513281
2024-11-27 08:00:00,3.1927606896202056
2024-11-27 09:00:00,4.228294595552944
2024-11-27 10:00:00,5.022887708542399
2024-11-27 11:00:00,5.522389821065548
2024-11-27 12:00:00,5.692760689620206
2024-11-27 13:00:00,5.522389821065548
2024-11-27 14:00:00,5.0228877085424
2024-11-27 15:00:00,4.228294595552945
2024-11-27 16:00:00,3.1927606896202056
2024-11-27 17:00:00,1.9868559151328111
2024-11-27 18:00:00,0.6927606896202068
2024-11-27 19:00:00,-0.601334535892398
2024-11-27 20:00:00,-1.8072393103797926
2024-11-27 21:00:00,-2.8427732163125294
2024-11-27 22:00:00,-3.637366329301985
2024-11-27 23:00:00,-4.136868441825136
2024-11-28 00:00:00,-4.368813462954314
2024-11-28 01:00:00,-4.198442594399657
2024-11-28 02:00:00,-3.698940481876507
2024-11-28 03:00:00,-2.904347368887052
2024-11-28 04:00:00,-1.8688134629543138
2024-11-28 05:00:00,-0.6629086884669182
2024-11-28 06:00:00,0.6311865370456857
2024-11-28 07:00:00,1.9252817625582896
2024-11-28 08:00:00,3.1311865370456853
2024-11-28 09:00:00,4.1667204429784235
2024-11-28 10:00:00,4.9613135559678785
2024-11-28 11:00:00,5.460815668491028
2024-11-28 12:00:00,5.631186537045686
2024-11-28 13:00:00,5.460815668491028
2024-11-28 14:00:00,4.961313555967879
2024-11-28 15:00:00,4.166720442978424
2024-11-28 16:00:00,3.1311865370456853
2024-11-28 17:00:00,1.9252817625582908
2024-11-28 18:00:00,0.6311865370456864
2024-11-28 19:00:00,-0.6629086884669184
2024-11-28 20:00:00,-1.868813462954313
2024-11-28 21:00:00,-2.90434736888705
2024-11-28 22:00:00,-3.6989404818765053
2024-11-28 23:00:00,-4.198442594399657
2024-11-29 00:00:00,-4.427611433904206
2024-11-29 01:00:00,-4.257240565349548
2024-11-29 02:00:00,-3.7577384528263984
2024-11-29 03:00:00,-2.9631453398369434
2024-11-29 04:00:00,-1.9276114339042052
2024-11-29 05:00:00,-0.7217066594168096
2024-11-29 06:00:00,0.5723885660957944
2024-11-29 07:00:00,1.8664837916083983
2024-11-29 08:00:00,3.072388566095794
2024-11-29 09:00:00,4.107922472028532
2024-11-29 10:00:00,4.902515585017987
2024-11-29 11:00:00,5.402017697541137
2024-11-29 12:00:00,5.572388566095794
2024-11-29 13:00:00,5.402017697541137
2024-11-29 14:00:00,4.902515585017988
2024-11-29 15:00:00,4.107922472028533
2024-11-29 16:00:00,3.072388566095794
2024-11-29 17:00:00,1.8664837916083994
2024-11-29 18:00:00,0.572388566095795
2024-11-29 19:00:00,-0.7217066594168098
2024-11-29 20:00:00,-1.9276114339042043
2024-11-29 21:00:00,-2.963145339836941
2024-11-29 22:00:00,-3.7577384528263966
2024-11-29 23:00:00,-4.257240565349548
2024-11-30 00:00:00,-4.483615800121717
2024-11-30 01:00:00,-4.313244931567059
2024-11-30 02:00:00,-3.8137428190439095
2024-11-30 03:00:00,-3.0191497060544545
2024-11-30 04:00:00,-1.9836158001217163
2024-11-30 05:00:00,-0.7777110256343207
2024-11-30 06:00:00,0.5163841998782832
2024-11-30 07:00:00,1.8104794253908871
2024-11-30 08:00:00,3.0163841998782828
2024-11-30 09:00:00,4.051918105811021
2024-11-30 10:00:00,4.846511218800476
2024-11-30 11:00:00,5.3460133313236256
2024-11-30 12:00:00,5.516384199878283
2024-11-30 13:00:00,5.3460133313236256
2024-11-30 14:00:00,4.846511218800477
2024-11-30 15:00:00,4.051918105811022
2024-11-30 16:00:00,3.0163841998782828
2024-11-30 17:00:00,1.8104794253908882
2024-11-30 18:00:00,0.5163841998782839
2024-11-30 19:00:00,-0.7777110256343209
2024-11-30 20:00:00,-1.9836158001217155
2024-11-30 21:00:00,-3.0191497060544523
2024-11-30 22:00:00,-3.8137428190439078
2024-11-30 23:00:00,-4.313244931567059
2024-12-01 00:00:00,-4.536809966304455
2024-12-01 01:00:00,-4.366439097749797
2024-12-01 02:00:00,-3.8669369852266477
2024-12-01 03:00:00,-3.0723438722371927
2024-12-01 04:00:00,-2.0368099663044545
2024-12-01 05:00:00,-0.8309051918170589
2024-12-01 06:00:00,0.463190033695545
2024-12-01 07:00:00,1.757285259208149
2024-12-01 08:00:00,2.9631900336955446
2024-12-01 09:00:00,3.9987239396282828
2024-12-01 10:00:00,4.793317052617738
2024-12-01 11:00:00,5.292819165140887
2024-12-01 12:00:00,5.463190033695545
2024-12-01 13:00:00,5.292819165140887
2024-12-01 14:00:00,4.793317052617739
2024-12-01 15:00:00,3.9987239396282837
2024-12-01 16:00:00,2.9631900336955446
2024-12-01 17:00:00,1.75728525920815
2024-12-01 18:00:00,0.4631900336955456
2024-12-01 19:00:00,-0.8309051918170591
2024-12-01 20:00:00,-2.0368099663044537
2024-12-01 21:00:00,-3.0723438722371905
2024-12-01 22:00:00,-3.866936985226646
2024-12-01 23:00:00,-4.366439097749797
2024-12-02 00:00:00,-4.587178169872965
2024-12-02 01:00:00,-4.416807301318308
2024-12-02 02:00:00,-3.917305188795158
2024-12-02 03:00:00,-3.122712075805703
2024-12-02 04:00:00,-2.087178169872965
2024-12-02 05:00:00,-0.8812733953855691
2024-12-02 06:00:00,0.4128218301270348
2024-12-02 07:00:00,1.7069170556396387
2024-12-02 08:00:00,2.9128218301270343
2024-12-02 09:00:00,3.9483557360597725
2024-12-02 10:00:00,4.7429488490492275
2024-12-02 11:00:00,5.242450961572377
2024-12-02 12:00:00,5.412821830127035
2024-12-02 13:00:00,5.242450961572377
2024-12-02 14:00:00,4.742948849049228
2024-12-02 15:00:00,3.9483557360597734
2024-12-02 16:00:00,2.9128218301270343
2024-12-02 17:00:00,1.7069170556396398
2024-12-02 18:00:00,0.4128218301270354
2024-12-02 19:00:00,-0.8812733953855694
2024-12-02 20:00:00,-2.087178169872964
2024-12-02 21:00:00,-3.1227120758057008
2024-12-02 22:00:00,-3.917305188795156
2024-12-02 23:00:00,-4.416807301318308
2024-12-03 00:00:00,-4.634705485641486
2024-12-03 01:00:00,-4.464334617086829
2024-12-03 02:00:00,-3.964832504563679
2024-12-03 03:00:00,-3.170239391574224
2024-12-03 04:00:00,-2.134705485641486
2024-12-03 05:00:00,-0.9288007111540904
2024-12-03 06:00:00,0.36529451435851357
2024-12-03 07:00:00,1.6593897398711175
2024-12-03 08:00:00,2.865294514358513
2024-12-03 09:00:00,3.9008284202912513
2024-12-03 10:00:00,4.695421533280706
2024-12-03 11:00:00,5.194923645803856
2024-12-03 12:00:00,5.365294514358514
2024-12-03 13:00:00,5.194923645803856
2024-12-03 14:00:00,4.695421533280707
2024-12-03 15:00:00,3.900828420291252
2024-12-03 16:00:00,2.865294514358513
2024-12-03 17:00:00,1.6593897398711186
2024-12-03 18:00:00,0.3652945143585142
2024-12-03 19:00:00,-0.9288007111540906
2024-12-03 20:00:00,-2.134705485641485
2024-12-03 21:00:00,-3.170239391574222
2024-12-03 22:00:00,-3.9648325045636774
2024-12-03 23:00:00,-4.464334617086829
2024-12-04 00:00:00,-4.679377830240643
2024-12-04 01:00:00,-4.509006961685985
2024-12-04 02:00:00,-4.009504849162836
2024-12-04 03:00:00,-3.2149117361733808
2024-12-04 04:00:00,-2.1793778302406426
2024-12-04 05:00:00,-0.9734730557532469
2024-12-04 06:00:00,0.320622169759357
2024-12-04 07:00:00,1.614717395271961
2024-12-04 08:00:00,2.8206221697593565
2024-12-04 09:00:00,3.8561560756920947
2024-12-04 10:00:00,4.65074918868155
2024-12-04 11:00:00,5.150251301204699
2024-12-04 12:00:00,5.320622169759357
2024-12-04 13:00:00,5.150251301204699
2024-12-04 14:00:00,4.650749188681551
2024-12-04 15:00:00,3.8561560756920956
2024-12-04 16:00:00,2.8206221697593565
2024-12-04 17:00:00,1.614717395271962
2024-12-04 18:00:00,0.3206221697593576
2024-12-04 19:00:00,-0.9734730557532472
2024-12-04 20:00:00,-2.1793778302406417
2024-12-04 21:00:00,-3.2149117361733786
2024-12-04 22:00:00,-4.009504849162834
2024-12-04 23:00:00,-4.509006961685985
2024-12-05 00:00:00,-4.721181966290613
2024-12-05 01:00:00,-4.550811097735956
2024-12-05 02:00:00,-4.051308985212806
2024-12-05 03:00:00,-3.256715872223351
2024-12-05 04:00:00,-2.221181966290613
2024-12-05 05:00:00,-1.0152771918032173
2024-12-05 06:00:00,0.2788180337093866
2024-12-05 07:00:00,1.5729132592219905
2024-12-05 08:00:00,2.778818033709386
2024-12-05 09:00:00,3.8143519396421244
2024-12-05 10:00:00,4.608945052631579
2024-12-05 11:00:00,5.108447165154729
2024-12-05 12:00:00,5.278818033709387
2024-12-05 13:00:00,5.108447165154729
2024-12-05 14:00:00,4.60894505263158
2024-12-05 15:00:00,3.8143519396421253
2024-12-05 16:00:00,2.778818033709386
2024-12-05 17:00:00,1.5729132592219917
2024-12-05 18:00:00,0.27881803370938724
2024-12-05 19:00:00,-1.0152771918032175
2024-12-05 20:00:00,-2.221181966290612
2024-12-05 21:00:00,-3.256715872223349
2024-12-05 22:00:00,-4.051308985212804
2024-12-05 23:00:00,-4.550811097735956
2024-12-06 00:00:00,-4.760105506323683
2024-12-06 01:00:00,-4.589734637769025
2024-12-06 02:00:00,-4.0902325252458756
2024-12-06 03:00:00,-3.2956394122564205
2024-12-06 04:00:00,-2.2601055063236823
2024-12-06 05:00:00,-1.0542007318362867
2024-12-06 06:00:00,0.2398944936763172
2024-12-06 07:00:00,1.5339897191889211
2024-12-06 08:00:00,2.7398944936763168
2024-12-06 09:00:00,3.775428399609055
2024-12-06 10:00:00,4.57002151259851
2024-12-06 11:00:00,5.0695236251216595
2024-12-06 12:00:00,5.239894493676317
2024-12-06 13:00:00,5.0695236251216595
2024-12-06 14:00:00,4.570021512598511
2024-12-06 15:00:00,3.775428399609056
2024-12-06 16:00:00,2.7398944936763168
2024-12-06 17:00:00,1.5339897191889222
2024-12-06 18:00:00,0.23989449367631782
2024-12-06 19:00:00,-1.054200731836287
2024-12-06 20:00:00,-2.2601055063236815
2024-12-06 21:00:00,-3.2956394122564183
2024-12-06 22:00:00,-4.090232525245874
2024-12-06 23:00:00,-4.589734637769025
2024-12-07 00:00:00,-4.7961369164549
2024-12-07 01:00:00,-4.6257660479002425
2024-12-07 02:00:00,-4.126263935377093
2024-12-07 03:00:00,-3.331670822387638
2024-12-07 04:00:00,-2.2961369164548997
2024-12-07 05:00:00,-1.090232141967504
2024-12-07 06:00:00,0.20386308354509985
2024-12-07 07:00:00,1.4979583090577038
2024-12-07 08:00:00,2.7038630835450994
2024-12-07 09:00:00,3.7393969894778376
2024-12-07 10:00:00,4.533990102467293
2024-12-07 11:00:00,5.033492214990442
2024-12-07 12:00:00,5.2038630835451
2024-12-07 13:00:00,5.033492214990442
2024-12-07 14:00:00,4.5339901024672935
2024-12-07 15:00:00,3.7393969894778385
2024-12-07 16:00:00,2.7038630835450994
2024-12-07 17:00:00,1.4979583090577049
2024-12-07 18:00:00,0.20386308354510047
2024-12-07 19:00:00,-1.0902321419675043
2024-12-07 20:00:00,-2.296136916454899
2024-12-07 21:00:00,-3.3316708223876357
2024-12-07 22:00:00,-4.126263935377091
2024-12-07 23:00:00,-4.6257660479002425
2024-12-08 00:00:00,-4.829265519799822
2024-12-08 01:00:00,-4.6588946512451646
2024-12-08 02:00:00,-4.159392538722015
2024-12-08 03:00:00,-3.36479942573256
2024-12-08 04:00:00,-2.3292655197998218
2024-12-08 05:00:00,-1.1233607453124261
2024-12-08 06:00:00,0.17073448020017779
2024-12-08 07:00:00,1.4648297057127817
2024-12-08 08:00:00,2.6707344802001773
2024-12-08 09:00:00,3.7062683861329155
2024-12-08 10:00:00,4.5008614991223705
2024-12-08 11:00:00,5.00036361164552
2024-12-08 12:00:00,5.170734480200178
2024-12-08 13:00:00,5.00036361164552
2024-12-08 14:00:00,4.500861499122371
2024-12-08 15:00:00,3.7062683861329164
2024-12-08 16:00:00,2.6707344802001773
2024-12-08 17:00:00,1.4648297057127828
2024-12-08 18:00:00,0.1707344802001784
2024-12-08 19:00:00,-1.1233607453124264
2024-12-08 20:00:00,-2.329265519799821
2024-12-08 21:00:00,-3.3647994257325577
2024-12-08 22:00:00,-4.159392538722013
2024-12-08 23:00:00,-4.6588946512451646
2024-12-09 00:00:00,-4.859481499638303
2024-12-09 01:00:00,-4.689110631083645
2024-12-09 02:00:00,-4.189608518560496
2024-12-09 03:00:00,-3.3950154055710406
2024-12-09 04:00:00,-2.3594814996383024
2024-12-09 05:00:00,-1.1535767251509068
2024-12-09 06:00:00,0.1405185003616971
2024-12-09 07:00:00,1.434613725874301
2024-12-09 08:00:00,2.6405185003616967
2024-12-09 09:00:00,3.676052406294435
2024-12-09 10:00:00,4.47064551928389
2024-12-09 11:00:00,4.9701476318070394
2024-12-09 12:00:00,5.140518500361697
2024-12-09 13:00:00,4.9701476318070394
2024-12-09 14:00:00,4.470645519283891
2024-12-09 15:00:00,3.6760524062944357
2024-12-09 16:00:00,2.6405185003616967
2024-12-09 17:00:00,1.4346137258743021
2024-12-09 18:00:00,0.14051850036169772
2024-12-09 19:00:00,-1.153576725150907
2024-12-09 20:00:00,-2.3594814996383016
2024-12-09 21:00:00,-3.3950154055710384
2024-12-09 22:00:00,-4.189608518560494
2024-12-09 23:00:00,-4.689110631083645
2024-12-10 00:00:00,-4.886775902323404
2024-12-10 01:00:00,-4.716405033768746
2024-12-10 02:00:00,-4.216902921245596
2024-12-10 03:00:00,-3.4223098082561414
2024-12-10 04:00:00,-2.386775902323403
2024-12-10 05:00:00,-1.1808711278360076
2024-12-10 06:00:00,0.11322409767659636
2024-12-10 07:00:00,1.4073193231892003
2024-12-10 08:00:00,2.613224097676596
2024-12-10 09:00:00,3.648758003609334
2024-12-10 10:00:00,4.443351116598789
2024-12-10 11:00:00,4.942853229121939
2024-12-10 12:00:00,5.113224097676596
2024-12-10 13:00:00,4.942853229121939
2024-12-10 14:00:00,4.44335111659879
2024-12-10 15:00:00,3.648758003609335
2024-12-10 16:00:00,2.613224097676596
2024-12-10 17:00:00,1.4073193231892014
2024-12-10 18:00:00,0.11322409767659697
2024-12-10 19:00:00,-1.1808711278360078
2024-12-10 20:00:00,-2.3867759023234023
2024-12-10 21:00:00,-3.422309808256139
2024-12-10 22:00:00,-4.216902921245595
2024-12-10 23:00:00,-4.716405033768746
2024-12-11 00:00:00,-4.911140639934544
2024-12-11 01:00:00,-4.740769771379886
2024-12-11 02:00:00,-4.241267658856737
2024-12-11 03:00:00,-3.446674545867282
2024-12-11 04:00:00,-2.4111406399345436
2024-12-11 05:00:00,-1.205235865447148
2024-12-11 06:00:00,0.08885936006545592
2024-12-11 07:00:00,1.3829545855780598
2024-12-11 08:00:00,2.5888593600654555
2024-12-11 09:00:00,3.6243932659981937
2024-12-11 10:00:00,4.418986378987649
2024-12-11 11:00:00,4.918488491510798
2024-12-11 12:00:00,5.088859360065456
2024-12-11 13:00:00,4.918488491510798
2024-12-11 14:00:00,4.41898637898765
2024-12-11 15:00:00,3.6243932659981946
2024-12-11 16:00:00,2.5888593600654555
2024-12-11 17:00:00,1.382954585578061
2024-12-11 18:00:00,0.08885936006545653
2024-12-11 19:00:00,-1.2052358654471482
2024-12-11 20:00:00,-2.4111406399345428
2024-12-11 21:00:00,-3.4466745458672796
2024-12-11 22:00:00,-4.241267658856735
2024-12-11 23:00:00,-4.740769771379886
2024-12-12 00:00:00,-4.932568492674141
2024-12-12 01:00:00,-4.762197624119484
2024-12-12 02:00:00,-4.262695511596334
2024-12-12 03:00:00,-3.468102398606879
2024-12-12 04:00:00,-2.432568492674141
2024-12-12 05:00:00,-1.2266637181867452
2024-12-12 06:00:00,0.06743150732585868
2024-12-12 07:00:00,1.3615267328384626
2024-12-12 08:00:00,2.5674315073258582
2024-12-12 09:00:00,3.6029654132585964
2024-12-12 10:00:00,4.397558526248051
2024-12-12 11:00:00,4.897060638771201
2024-12-12 12:00:00,5.067431507325859
2024-12-12 13:00:00,4.897060638771201
2024-12-12 14:00:00,4.397558526248052
2024-12-12 15:00:00,3.6029654132585973
2024-12-12 16:00:00,2.5674315073258582
2024-12-12 17:00:00,1.3615267328384637
2024-12-12 18:00:00,0.06743150732585929
2024-12-12 19:00:00,-1.2266637181867455
2024-12-12 20:00:00,-2.43256849267414
2024-12-12 21:00:00,-3.468102398606877
2024-12-12 22:00:00,-4.262695511596332
2024-12-12 23:00:00,-4.762197624119484
2024-12-13 00:00:00,-4.951053111006974
2024-12-13 01:00:00,-4.7806822424523165
2024-12-13 02:00:00,-4.281180129929167
2024-12-13 03:00:00,-3.486587016939712
2024-12-13 04:00:00,-2.4510531110069738
2024-12-13 05:00:00,-1.2451483365195781
2024-12-13 06:00:00,0.048946888993025794
2024-12-13 07:00:00,1.3430421145056297
2024-12-13 08:00:00,2.5489468889930254
2024-12-13 09:00:00,3.5844807949257635
2024-12-13 10:00:00,4.3790739079152186
2024-12-13 11:00:00,4.878576020438368
2024-12-13 12:00:00,5.048946888993026
2024-12-13 13:00:00,4.878576020438368
2024-12-13 14:00:00,4.379073907915219
2024-12-13 15:00:00,3.5844807949257644
2024-12-13 16:00:00,2.5489468889930254
2024-12-13 17:00:00,1.3430421145056308
2024-12-13 18:00:00,0.048946888993026405
2024-12-13 19:00:00,-1.2451483365195783
2024-12-13 20:00:00,-2.451053111006973
2024-12-13 21:00:00,-3.4865870169397097
2024-12-13 22:00:00,-4.281180129929165
2024-12-13 23:00:00,-4.7806822424523165
2024-12-14 00:00:00,-4.9665890175417005
2024-12-14 01:00:00,-4.796218148987043
2024-12-14 02:00:00,-4.296716036463893
2024-12-14 03:00:00,-3.502122923474438
2024-12-14 04:00:00,-2.4665890175417
2024-12-14 05:00:00,-1.2606842430543044
2024-12-14 06:00:00,0.03341098245829954
2024-12-14 07:00:00,1.3275062079709035
2024-12-14 08:00:00,2.533410982458299
2024-12-14 09:00:00,3.5689448883910373
2024-12-14 10:00:00,4.363538001380492
2024-12-14 11:00:00,4.863040113903642
2024-12-14 12:00:00,5.0334109824582995
2024-12-14 13:00:00,4.863040113903642
2024-12-14 14:00:00,4.363538001380493
2024-12-14 15:00:00,3.568944888391038
2024-12-14 16:00:00,2.533410982458299
2024-12-14 17:00:00,1.3275062079709046
2024-12-14 18:00:00,0.033410982458300154
2024-12-14 19:00:00,-1.2606842430543046
2024-12-14 20:00:00,-2.466589017541699
2024-12-14 21:00:00,-3.502122923474436
2024-12-14 22:00:00,-4.296716036463891
2024-12-14 23:00:00,-4.796218148987043
2024-12-15 00:00:00,-4.979171608653923
2024-12-15 01:00:00,-4.808800740099265
2024-12-15 02:00:00,-4.309298627576116
2024-12-15 03:00:00,-3.5147055145866606
2024-12-15 04:00:00,-2.4791716086539224
2024-12-15 05:00:00,-1.2732668341665268
2024-12-15 06:00:00,0.02082839134607717
2024-12-15 07:00:00,1.314923616858681
2024-12-15 08:00:00,2.5208283913460767
2024-12-15 09:00:00,3.556362297278815
2024-12-15 10:00:00,4.35095541026827
2024-12-15 11:00:00,4.8504575227914195
2024-12-15 12:00:00,5.020828391346077
2024-12-15 13:00:00,4.8504575227914195
2024-12-15 14:00:00,4.350955410268271
2024-12-15 15:00:00,3.556362297278816
2024-12-15 16:00:00,2.5208283913460767
2024-12-15 17:00:00,1.3149236168586822
2024-12-15 18:00:00,0.02082839134607778
2024-12-15 19:00:00,-1.273266834166527
2024-12-15 20:00:00,-2.4791716086539215
2024-12-15 21:00:00,-3.5147055145866584
2024-12-15 22:00:00,-4.309298627576114
2024-12-15 23:00:00,-4.808800740099265
2024-12-16 00:00:00,-4.988797155850337
2024-12-16 01:00:00,-4.818426287295679
2024-12-16 02:00:00,-4.31892417477253
2024-12-16 03:00:00,-3.5243310617830748
2024-12-16 04:00:00,-2.4887971558503366
2024-12-16 05:00:00,-1.282892381362941
2024-12-16 06:00:00,0.011202844149662994
2024-12-16 07:00:00,1.305298069662267
2024-12-16 08:00:00,2.5112028441496625
2024-12-16 09:00:00,3.5467367500824007
2024-12-16 10:00:00,4.341329863071856
2024-12-16 11:00:00,4.840831975595005
2024-12-16 12:00:00,5.011202844149663
2024-12-16 13:00:00,4.840831975595005
2024-12-16 14:00:00,4.341329863071857
2024-12-16 15:00:00,3.5467367500824016
2024-12-16 16:00:00,2.5112028441496625
2024-12-16 17:00:00,1.305298069662268
2024-12-16 18:00:00,0.011202844149663606
2024-12-16 19:00:00,-1.2828923813629411
2024-12-16 20:00:00,-2.4887971558503357
2024-12-16 21:00:00,-3.5243310617830725
2024-12-16 22:00:00,-4.318924174772528
2024-12-16 23:00:00,-4.818426287295679
2024-12-17 00:00:00,-4.995462806873576
2024-12-17 01:00:00,-4.825091938318918
2024-12-17 02:00:00,-4.325589825795769
2024-12-17 03:00:00,-3.5309967128063136
2024-12-17 04:00:00,-2.4954628068735754
2024-12-17 05:00:00,-1.2895580323861797
2024-12-17 06:00:00,0.004537193126424199
2024-12-17 07:00:00,1.2986324186390281
2024-12-17 08:00:00,2.5045371931264238
2024-12-17 09:00:00,3.540071099059162
2024-12-17 10:00:00,4.334664212048617
2024-12-17 11:00:00,4.8341663245717665
2024-12-17 12:00:00,5.004537193126424
2024-12-17 13:00:00,4.8341663245717665
2024-12-17 14:00:00,4.334664212048618
2024-12-17 15:00:00,3.540071099059163
2024-12-17 16:00:00,2.5045371931264238
2024-12-17 17:00:00,1.2986324186390292
2024-12-17 18:00:00,0.004537193126424812
2024-12-17 19:00:00,-1.28955803238618
2024-12-17 20:00:00,-2.4954628068735745
2024-12-17 21:00:00,-3.5309967128063113
2024-12-17 22:00:00,-4.325589825795767
2024-12-17 23:00:00,-4.825091938318918
2024-12-18 00:00:00,-4.99916658654738
2024-12-18 01:00:00,-4.828795717992723
2024-12-18 02:00:00,-4.329293605469573
2024-12-18 03:00:00,-3.534700492480118
2024-12-18 04:00:00,-2.4991665865473798
2024-12-18 05:00:00,-1.2932618120599841
2024-12-18 06:00:00,0.0008334134526197801
2024-12-18 07:00:00,1.2949286389652237
2024-12-18 08:00:00,2.5008334134526193
2024-12-18 09:00:00,3.5363673193853575
2024-12-18 10:00:00,4.3309604323748125
2024-12-18 11:00:00,4.830462544897962
2024-12-18 12:00:00,5.00083341345262
2024-12-18 13:00:00,4.830462544897962
2024-12-18 14:00:00,4.330960432374813
2024-12-18 15:00:00,3.5363673193853584
2024-12-18 16:00:00,2.5008334134526193
2024-12-18 17:00:00,1.2949286389652248
2024-12-18 18:00:00,0.0008334134526203924
2024-12-18 19:00:00,-1.2932618120599844
2024-12-18 20:00:00,-2.499166586547379
2024-12-18 21:00:00,-3.5347004924801158
2024-12-18 22:00:00,-4.329293605469571
2024-12-18 23:00:00,-4.828795717992723
2024-12-19 00:00:00,-4.999907397361902
2024-12-19 01:00:00,-4.829536528807244
2024-12-19 02:00:00,-4.330034416284095
2024-12-19 03:00:00,-3.5354413032946397
2024-12-19 04:00:00,-2.4999073973619015
2024-12-19 05:00:00,-1.2940026228745058
2024-12-19 06:00:00,9.260263809807157e-05
2024-12-19 07:00:00,1.294187828150702
2024-12-19 08:00:00,2.5000926026380976
2024-12-19 09:00:00,3.535626508570836
2024-12-19 10:00:00,4.330219621560291
2024-12-19 11:00:00,4.82972173408344
2024-12-19 12:00:00,5.000092602638098
2024-12-19 13:00:00,4.82972173408344
2024-12-19 14:00:00,4.330219621560292
2024-12-19 15:00:00,3.5356265085708367
2024-12-19 16:00:00,2.5000926026380976
2024-12-19 17:00:00,1.294187828150703
2024-12-19 18:00:00,9.260263809868388e-05
2024-12-19 19:00:00,-1.294002622874506
2024-12-19 20:00:00,-2.4999073973619006
2024-12-19 21:00:00,-3.5354413032946375
2024-12-19 22:00:00,-4.330034416284093
2024-12-19 23:00:00,-4.829536528807244
2024-12-20 00:00:00,-4.99768501979891
2024-12-20 01:00:00,-4.827314151244252
2024-12-20 02:00:00,-4.3278120387211025
2024-12-20 03:00:00,-3.5332189257316475
2024-12-20 04:00:00,-2.4976850197989093
2024-12-20 05:00:00,-1.2917802453115137
2024-12-20 06:00:00,0.002314980201090222
2024-12-20 07:00:00,1.2964102057136941
2024-12-20 08:00:00,2.50231498020109
2024-12-20 09:00:00,3.537848886133828
2024-12-20 10:00:00,4.332441999123283
2024-12-20 11:00:00,4.831944111646433
2024-12-20 12:00:00,5.00231498020109
2024-12-20 13:00:00,4.831944111646433
2024-12-20 14:00:00,4.332441999123284
2024-12-20 15:00:00,3.537848886133829
2024-12-20 16:00:00,2.50231498020109
2024-12-20 17:00:00,1.2964102057136953
2024-12-20 18:00:00,0.0023149802010908344
2024-12-20 19:00:00,-1.291780245311514
2024-12-20 20:00:00,-2.4976850197989084
2024-12-20 21:00:00,-3.5332189257316453
2024-12-20 22:00:00,-4.327812038721101
2024-12-20 23:00:00,-4.827314151244252
2024-12-21 00:00:00,-4.992500112396836
2024-12-21 01:00:00,-4.822129243842179
2024-12-21 02:00:00,-4.322627131319029
2024-12-21 03:00:00,-3.528034018329574
2024-12-21 04:00:00,-2.492500112396836
2024-12-21 05:00:00,-1.2865953379094404
2024-12-21 06:00:00,0.0074998876031635575
2024-12-21 07:00:00,1.3015951131157675
2024-12-21 08:00:00,2.507499887603163
2024-12-21 09:00:00,3.5430337935359013
2024-12-21 10:00:00,4.337626906525356
2024-12-21 11:00:00,4.837129019048506
2024-12-21 12:00:00,5.007499887603164
2024-12-21 13:00:00,4.837129019048506
2024-12-21 14:00:00,4.337626906525357
2024-12-21 15:00:00,3.543033793535902
2024-12-21 16:00:00,2.507499887603163
2024-12-21 17:00:00,1.3015951131157686
2024-12-21 18:00:00,0.00749988760316417
2024-12-21 19:00:00,-1.2865953379094406
2024-12-21 20:00:00,-2.492500112396835
2024-12-21 21:00:00,-3.528034018329572
2024-12-21 22:00:00,-4.322627131319027
2024-12-21 23:00:00,-4.822129243842179
2024-12-22 00:00:00,-4.984354211555644
2024-12-22 01:00:00,-4.813983343000986
2024-12-22 02:00:00,-4.314481230477837
2024-12-22 03:00:00,-3.5198881174883816
2024-12-22 04:00:00,-2.4843542115556434
2024-12-22 05:00:00,-1.2784494370682478
2024-12-22 06:00:00,0.015645788444356157
2024-12-22 07:00:00,1.30974101395696
2024-12-22 08:00:00,2.5156457884443557
2024-12-22 09:00:00,3.551179694377094
2024-12-22 10:00:00,4.345772807366549
2024-12-22 11:00:00,4.8452749198896985
2024-12-22 12:00:00,5.015645788444356
2024-12-22 13:00:00,4.8452749198896985
2024-12-22 14:00:00,4.34577280736655
2024-12-22 15:00:00,3.551179694377095
2024-12-22 16:00:00,2.5156457884443557
2024-12-22 17:00:00,1.3097410139569612
2024-12-22 18:00:00,0.015645788444356767
2024-12-22 19:00:00,-1.278449437068248
2024-12-22 20:00:00,-2.4843542115556425
2024-12-22 21:00:00,-3.5198881174883794
2024-12-22 22:00:00,-4.314481230477835
2024-12-22 23:00:00,-4.813983343000986
2024-12-23 00:00:00,-4.973249731081555
2024-12-23 01:00:00,-4.802878862526898
2024-12-23 02:00:00,-4.303376750003748
2024-12-23 03:00:00,-3.508783637014293
2024-12-23 04:00:00,-2.473249731081555
2024-12-23 05:00:00,-1.2673449565941592
2024-12-23 06:00:00,0.026750268918444675
2024-12-23 07:00:00,1.3208454944310486
2024-12-23 08:00:00,2.5267502689184442
2024-12-23 09:00:00,3.5622841748511824
2024-12-23 10:00:00,4.356877287840637
2024-12-23 11:00:00,4.856379400363787
2024-12-23 12:00:00,5.026750268918445
2024-12-23 13:00:00,4.856379400363787
2024-12-23 14:00:00,4.356877287840638
2024-12-23 15:00:00,3.5622841748511833
2024-12-23 16:00:00,2.5267502689184442
2024-12-23 17:00:00,1.3208454944310497
2024-12-23 18:00:00,0.026750268918445286
2024-12-23 19:00:00,-1.2673449565941595
2024-12-23 20:00:00,-2.473249731081554
2024-12-23 21:00:00,-3.508783637014291
2024-12-23 22:00:00,-4.303376750003746
2024-12-23 23:00:00,-4.802878862526898
2024-12-24 00:00:00,-4.95918996147179
2024-12-24 01:00:00,-4.788819092917132
2024-12-24 02:00:00,-4.289316980393982
2024-12-24 03:00:00,-3.4947238674045273
2024-12-24 04:00:00,-2.459189961471789
2024-12-24 05:00:00,-1.2532851869843935
2024-12-24 06:00:00,0.04081003852821041
2024-12-24 07:00:00,1.3349052640408143
2024-12-24 08:00:00,2.54081003852821
2024-12-24 09:00:00,3.576343944460948
2024-12-24 10:00:00,4.370937057450403
2024-12-24 11:00:00,4.870439169973553
2024-12-24 12:00:00,5.04081003852821
2024-12-24 13:00:00,4.870439169973553
2024-12-24 14:00:00,4.370937057450404
2024-12-24 15:00:00,3.576343944460949
2024-12-24 16:00:00,2.54081003852821
2024-12-24 17:00:00,1.3349052640408154
2024-12-24 18:00:00,0.04081003852821102
2024-12-24 19:00:00,-1.2532851869843937
2024-12-24 20:00:00,-2.4591899614717883
2024-12-24 21:00:00,-3.494723867404525
2024-12-24 22:00:00,-4.289316980393981
2024-12-24 23:00:00,-4.788819092917132
2024-12-25 00:00:00,-4.942179068939517
2024-12-25 01:00:00,-4.771808200384859
2024-12-25 02:00:00,-4.272306087861709
2024-12-25 03:00:00,-3.4777129748722544
2024-12-25 04:00:00,-2.442179068939516
2024-12-25 05:00:00,-1.2362742944521206
2024-12-25 06:00:00,0.05782093106048336
2024-12-25 07:00:00,1.3519161565730873
2024-12-25 08:00:00,2.557820931060483
2024-12-25 09:00:00,3.593354836993221
2024-12-25 10:00:00,4.387947949982676
2024-12-25 11:00:00,4.887450062505826
2024-12-25 12:00:00,5.057820931060483
2024-12-25 13:00:00,4.887450062505826
2024-12-25 14:00:00,4.387947949982677
2024-12-25 15:00:00,3.593354836993222
2024-12-25 16:00:00,2.557820931060483
2024-12-25 17:00:00,1.3519161565730884
2024-12-25 18:00:00,0.05782093106048397
2024-12-25 19:00:00,-1.2362742944521208
2024-12-25 20:00:00,-2.4421790689395153
2024-12-25 21:00:00,-3.477712974872252
2024-12-25 22:00:00,-4.272306087861708
2024-12-25 23:00:00,-4.771808200384859
2024-12-26 00:00:00,-4.922222094179322
2024-12-26 01:00:00,-4.751851225624664
2024-12-26 02:00:00,-4.2523491131015145
2024-12-26 03:00:00,-3.4577560001120595
2024-12-26 04:00:00,-2.4222220941793213
2024-12-26 05:00:00,-1.2163173196919257
2024-12-26 06:00:00,0.07777790582067823
2024-12-26 07:00:00,1.3718731313332821
2024-12-26 08:00:00,2.577777905820678
2024-12-26 09:00:00,3.613311811753416
2024-12-26 10:00:00,4.407904924742871
2024-12-26 11:00:00,4.907407037266021
2024-12-26 12:00:00,5.077777905820678
2024-12-26 13:00:00,4.907407037266021
2024-12-26 14:00:00,4.407904924742872
2024-12-26 15:00:00,3.613311811753417
2024-12-26 16:00:00,2.577777905820678
2024-12-26 17:00:00,1.3718731313332833
2024-12-26 18:00:00,0.07777790582067884
2024-12-26 19:00:00,-1.216317319691926
2024-12-26 20:00:00,-2.4222220941793204
2024-12-26 21:00:00,-3.4577560001120573
2024-12-26 22:00:00,-4.252349113101513
2024-12-26 23:00:00,-4.751851225624664
2024-12-27 00:00:00,-4.899324950873531
2024-12-27 01:00:00,-4.728954082318873
2024-12-27 02:00:00,-4.229451969795724
2024-12-27 03:00:00,-3.434858856806269
2024-12-27 04:00:00,-2.3993249508735306
2024-12-27 05:00:00,-1.193420176386135
2024-12-27 06:00:00,0.10067504912646896
2024-12-27 07:00:00,1.3947702746390729
2024-12-27 08:00:00,2.6006750491264685
2024-12-27 09:00:00,3.6362089550592067
2024-12-27 10:00:00,4.430802068048662
2024-12-27 11:00:00,4.930304180571811
2024-12-27 12:00:00,5.100675049126469
2024-12-27 13:00:00,4.930304180571811
2024-12-27 14:00:00,4.430802068048663
2024-12-27 15:00:00,3.6362089550592076
2024-12-27 16:00:00,2.6006750491264685
2024-12-27 17:00:00,1.394770274639074
2024-12-27 18:00:00,0.10067504912646957
2024-12-27 19:00:00,-1.1934201763861352
2024-12-27 20:00:00,-2.3993249508735297
2024-12-27 21:00:00,-3.4348588568062666
2024-12-27 22:00:00,-4.229451969795722
2024-12-27 23:00:00,-4.728954082318873
2024-12-28 00:00:00,-4.873494423939862
2024-12-28 01:00:00,-4.703123555385204
2024-12-28 02:00:00,-4.203621442862055
2024-12-28 03:00:00,-3.4090283298725996
2024-12-28 04:00:00,-2.3734944239398614
2024-12-28 05:00:00,-1.1675896494524658
2024-12-28 06:00:00,0.12650557606013813
2024-12-28 07:00:00,1.420600801572742
2024-12-28 08:00:00,2.6265055760601377
2024-12-28 09:00:00,3.662039481992876
2024-12-28 10:00:00,4.456632594982331
2024-12-28 11:00:00,4.9561347075054805
2024-12-28 12:00:00,5.126505576060138
2024-12-28 13:00:00,4.9561347075054805
2024-12-28 14:00:00,4.456632594982332
2024-12-28 15:00:00,3.6620394819928768
2024-12-28 16:00:00,2.6265055760601377
2024-12-28 17:00:00,1.4206008015727432
2024-12-28 18:00:00,0.12650557606013874
2024-12-28 19:00:00,-1.167589649452466
2024-12-28 20:00:00,-2.3734944239398605
2024-12-28 21:00:00,-3.4090283298725974
2024-12-28 22:00:00,-4.203621442862053
2024-12-28 23:00:00,-4.703123555385204
2024-12-29 00:00:00,-4.844738167520923
2024-12-29 01:00:00,-4.674367298966265
2024-12-29 02:00:00,-4.174865186443116
2024-12-29 03:00:00,-3.3802720734536607
2024-12-29 04:00:00,-2.3447381675209225
2024-12-29 05:00:00,-1.1388333930335268
2024-12-29 06:00:00,0.1552618324790771
2024-12-29 07:00:00,1.449357057991681
2024-12-29 08:00:00,2.6552618324790767
2024-12-29 09:00:00,3.690795738411815
2024-12-29 10:00:00,4.48538885140127
2024-12-29 11:00:00,4.984890963924419
2024-12-29 12:00:00,5.155261832479077
2024-12-29 13:00:00,4.984890963924419
2024-12-29 14:00:00,4.485388851401271
2024-12-29 15:00:00,3.6907957384118157
2024-12-29 16:00:00,2.6552618324790767
2024-12-29 17:00:00,1.4493570579916821
2024-12-29 18:00:00,0.1552618324790777
2024-12-29 19:00:00,-1.138833393033527
2024-12-29 20:00:00,-2.3447381675209216
2024-12-29 21:00:00,-3.3802720734536584
2024-12-29 22:00:00,-4.174865186443114
2024-12-29 23:00:00,-4.674367298966265
2024-12-30 00:00:00,-4.813064702716094
2024-12-30 01:00:00,-4.642693834161436
2024-12-30 02:00:00,-4.143191721638287
2024-12-30 03:00:00,-3.3485986086488317
2024-12-30 04:00:00,-2.3130647027160935
2024-12-30 05:00:00,-1.107159928228698
2024-12-30 06:00:00,0.186935297283906
2024-12-30 07:00:00,1.48103052279651
2024-12-30 08:00:00,2.6869352972839056
2024-12-30 09:00:00,3.7224692032166438
2024-12-30 10:00:00,4.517062316206099
2024-12-30 11:00:00,5.016564428729248
2024-12-30 12:00:00,5.186935297283906
2024-12-30 13:00:00,5.016564428729248
2024-12-30 14:00:00,4.5170623162061
2024-12-30 15:00:00,3.7224692032166447
2024-12-30 16:00:00,2.6869352972839056
2024-12-30 17:00:00,1.481030522796511
2024-12-30 18:00:00,0.18693529728390662
2024-12-30 19:00:00,-1.1071599282286981
2024-12-30 20:00:00,-2.3130647027160927
2024-12-30 21:00:00,-3.3485986086488295
2024-12-30 22:00:00,-4.143191721638285
2024-12-30 23:00:00,-4.642693834161436
