Unnamed: 0,Mois,Demande totale de chaleur (MWh),Chauffage des locaux (MWh),Eau chaude sanitaire (MWh),Chaleur (centre énergétique) (MWh),Demande totale de froid (MWh),Refroidissement des locaux (MWh),Refroidissement de procédé (MWh),Refroidissement (centre énergétique) (MWh),Charges électriques (MWh),E-mobilité (MWh),Puissance de fonctionnement (MWh),Travail de pompe (MWh),Température de l'air (°C)
,"Lun, 01.01. 00:00",4067.2,3814.3,252.9,0,0,0,0,0,0,0,1124.3,0,0.2000000029802322
,"Lun, 01.01. 01:00",4130.6,3981.1,149.5,0,0,0,0,0,0,0,1134.2,0,0
,"Lun, 01.01. 02:00",3804.5,3724.3,80.2,0,0,0,0,0,0,0,1042.3,0,-0.2000000029802322
,"Lun, 01.01. 03:00",4118.1,4081,37.1,0,0,0,0,0,0,0,1127.6,0,-0.5
,"Lun, 01.01. 04:00",4162.6,4082.5,80.1,0,0,0,0,0,0,0,1117.5,0,0.4000000059604645
,"Lun, 01.01. 05:00",6146.1,6063.6,82.5,0,0,0,0,0,0,0,1649.2,0,-0.1000000014901161
,"Lun, 01.01. 06:00",8387.1,8278,109.1,0,0,0,0,0,0,0,2208.7,0,0.300000011920929
,"Lun, 01.01. 07:00",8108.5,7885.6,222.9,0,0,0,0,0,0,0,2224.1,0,-0.4000000059604645
,"Lun, 01.01. 08:00",7867.2,7282.4,584.8,0,0,0,0,0,0,0,2209.5,0,-0.1000000014901161
,"Lun, 01.01. 09:00",8075.1,6935.8,1139.3,0,0,0,0,0,0,0,2294.5,0,0.6000000238418579
,"Lun, 01.01. 10:00",7788.9,6558.4,1230.5,0,0,0,0,0,0,0,2178.6,0,1.5
,"Lun, 01.01. 11:00",7137.3,5921.8,1215.5,0,0,0,0,0,0,0,1955.1,0,2.5
,"Lun, 01.01. 12:00",6465.7,5381.8,1083.9,0,0,0,0,0,0,0,1702.5,0,4
,"Lun, 01.01. 13:00",6033.8,5175.7,858.1,0,0,0,0,0,0,0,1558.9,0,4.199999809265137
,"Lun, 01.01. 14:00",6396.4,5562.7,833.7,0,0,0,0,0,0,0,1636.4,0,4.400000095367432
,"Lun, 01.01. 15:00",6506,5780.7,725.3,0,0,0,0,0,0,0,1667.7,0,3.900000095367432
,"Lun, 01.01. 16:00",6310.9,5656.3,654.6,0,0,0,0,0,0,0,1631.7,0,3.400000095367432
,"Lun, 01.01. 17:00",6262,5583.5,678.5,0,0,0,0,0,0,0,1618,0,3.400000095367432
,"Lun, 01.01. 18:00",6767.2,6017.3,749.9,0,0,0,0,0,0,0,1770.3,0,2.900000095367432
,"Lun, 01.01. 19:00",7154.6,6348.5,806.1,0,0,0,0,0,0,0,1871,0,2.799999952316284
,"Lun, 01.01. 20:00",7224.3,6447.9,776.4,0,0,0,0,0,0,0,1871,0,2.900000095367432
,"Lun, 01.01. 21:00",7242.7,6540,702.7,0,0,0,0,0,0,0,1827.4,0,3.400000095367432
,"Lun, 01.01. 22:00",4347.3,3814,533.3,0,0,0,0,0,0,0,1140.4,0,3
,"Lun, 01.01. 23:00",3833,3496.6,336.4,0,0,0,0,0,0,0,1018.9,0,2.099999904632568
,"Mar, 02.01. 00:00",3476.4,3245,231.4,0,0,0,0,0,0,0,896.9,0,2.799999952316284
,"Mar, 02.01. 01:00",3508.9,3384,124.9,0,0,0,0,0,0,0,899.7,0,2.5
,"Mar, 02.01. 02:00",3219.8,3183.4,36.4,0,0,0,0,0,0,0,806.8,0,2.900000095367432
,"Mar, 02.01. 03:00",3622.9,3583.7,39.2,0,0,0,0,0,0,0,911.3,0,2.700000047683716
,"Mar, 02.01. 04:00",4129.9,4001.5,128.4,0,0,0,0,0,0,0,1048.4,0,2.700000047683716
,"Mar, 02.01. 05:00",5631.4,5296.2,335.2,0,0,0,0,0,0,0,1438.3,0,2.5
,"Mar, 02.01. 06:00",8902.4,7866.1,1036.3,0,0,0,0,0,0,0,2324.9,0,2.599999904632568
,"Mar, 02.01. 07:00",8152.8,7141.6,1011.2,0,0,0,0,0,0,0,2148.6,0,2.900000095367432
,"Mar, 02.01. 08:00",7375.5,6486.9,888.6,0,0,0,0,0,0,0,1977,0,2.5
,"Mar, 02.01. 09:00",7003.5,6270.4,733.1,0,0,0,0,0,0,0,1895.3,0,1.799999952316284
,"Mar, 02.01. 10:00",6273.2,5645.3,627.9,0,0,0,0,0,0,0,1657.3,0,2.599999904632568
,"Mar, 02.01. 11:00",6029.1,5454.2,574.9,0,0,0,0,0,0,0,1591.8,0,2.5
,"Mar, 02.01. 12:00",5385.4,4810.1,575.3,0,0,0,0,0,0,0,1321.3,0,5.400000095367432
,"Mar, 02.01. 13:00",5488.1,4915.3,572.8,0,0,0,0,0,0,0,1327,0,5.800000190734863
,"Mar, 02.01. 14:00",5013.2,4514.4,498.8,0,0,0,0,0,0,0,1216,0,5.699999809265137
,"Mar, 02.01. 15:00",5735.8,5229.5,506.3,0,0,0,0,0,0,0,1452.2,0,3.900000095367432
,"Mar, 02.01. 16:00",6215.6,5672.8,542.8,0,0,0,0,0,0,0,1632.4,0,2.5
,"Mar, 02.01. 17:00",6747.6,6055.3,692.3,0,0,0,0,0,0,0,1822.3,0,1.700000047683716
,"Mar, 02.01. 18:00",7549.1,6734.6,814.5,0,0,0,0,0,0,0,2060.7,0,1.299999952316284
,"Mar, 02.01. 19:00",7483.7,6479.4,1004.3,0,0,0,0,0,0,0,1986.4,0,2.700000047683716
,"Mar, 02.01. 20:00",7546.1,6508,1038.1,0,0,0,0,0,0,0,2006.1,0,2.5
,"Mar, 02.01. 21:00",7742.1,6693.7,1048.4,0,0,0,0,0,0,0,2076.4,0,2
,"Mar, 02.01. 22:00",4717.8,4156.4,561.4,0,0,0,0,0,0,0,1310.4,0,0.800000011920929
,"Mar, 02.01. 23:00",4581.2,4233.7,347.5,0,0,0,0,0,0,0,1307.7,0,-0.8999999761581421
,"Mer, 03.01. 00:00",4477.9,4237.3,240.6,0,0,0,0,0,0,0,1253.5,0,-0.5
,"Mer, 03.01. 01:00",3997.8,3880.3,117.5,0,0,0,0,0,0,0,1102.4,0,-0.300000011920929
,"Mer, 03.01. 02:00",4205.9,4168.8,37.1,0,0,0,0,0,0,0,1165.2,0,-0.800000011920929
,"Mer, 03.01. 03:00",4239,4204.1,34.9,0,0,0,0,0,0,0,1197.8,0,-1.700000047683716
,"Mer, 03.01. 04:00",5319.9,5195.2,124.7,0,0,0,0,0,0,0,1530.4,0,-2.200000047683716
,"Mer, 03.01. 05:00",7992.2,7607.9,384.3,0,0,0,0,0,0,0,2266.3,0,-1.600000023841858
,"Mer, 03.01. 06:00",11114.7,10058.7,1056,0,0,0,0,0,0,0,3252,0,-2.200000047683716
,"Mer, 03.01. 07:00",10635.7,9563.3,1072.4,0,0,0,0,0,0,0,3141.9,0,-2
,"Mer, 03.01. 08:00",8775.2,7904.3,870.9,0,0,0,0,0,0,0,2585,0,-1.600000023841858
,"Mer, 03.01. 09:00",7393.3,6732.8,660.5,0,0,0,0,0,0,0,2130.6,0,-0.8999999761581421
,"Mer, 03.01. 10:00",7900.6,7227.5,673.1,0,0,0,0,0,0,0,2218.4,0,0
,"Mer, 03.01. 11:00",6825.4,6244.4,581,0,0,0,0,0,0,0,1844.1,0,1.5
,"Mer, 03.01. 12:00",6548.4,5967.1,581.3,0,0,0,0,0,0,0,1721.4,0,2.599999904632568
,"Mer, 03.01. 13:00",6542.6,5975.4,567.2,0,0,0,0,0,0,0,1693.2,0,3.099999904632568
,"Mer, 03.01. 14:00",6516.2,5965.1,551.1,0,0,0,0,0,0,0,1660.4,0,3.700000047683716
,"Mer, 03.01. 15:00",6355.1,5843.6,511.5,0,0,0,0,0,0,0,1613,0,3.700000047683716
,"Mer, 03.01. 16:00",6757.7,6198.4,559.3,0,0,0,0,0,0,0,1728.8,0,3.400000095367432
,"Mer, 03.01. 17:00",7910.5,7147.6,762.9,0,0,0,0,0,0,0,2091,0,2.400000095367432
,"Mer, 03.01. 18:00",7682.5,6907.5,775,0,0,0,0,0,0,0,2054.4,0,1.899999976158142
,"Mer, 03.01. 19:00",8661.8,7616.8,1045,0,0,0,0,0,0,0,2326.9,0,2
,"Mer, 03.01. 20:00",8975.4,7895,1080.4,0,0,0,0,0,0,0,2483.1,0,0.699999988079071
,"Mer, 03.01. 21:00",7589.1,6682.7,906.4,0,0,0,0,0,0,0,2101.8,0,0.4000000059604645
,"Mer, 03.01. 22:00",5310.9,4726.8,584.1,0,0,0,0,0,0,0,1502.1,0,-0.1000000014901161
,"Mer, 03.01. 23:00",4217.2,3893.1,324.1,0,0,0,0,0,0,0,1180.8,0,-0.1000000014901161
,"Jeu, 04.01. 00:00",4422.7,4191.2,231.5,0,0,0,0,0,0,0,1254.8,0,-1
,"Jeu, 04.01. 01:00",4214.8,4096.2,118.6,0,0,0,0,0,0,0,1186.9,0,-1.100000023841858
,"Jeu, 04.01. 02:00",4649.1,4609.9,39.2,0,0,0,0,0,0,0,1312.6,0,-1.600000023841858
,"Jeu, 04.01. 03:00",4581.3,4542.8,38.5,0,0,0,0,0,0,0,1278.6,0,-1.200000047683716
,"Jeu, 04.01. 04:00",5232.9,5109.8,123.1,0,0,0,0,0,0,0,1498.5,0,-2
,"Jeu, 04.01. 05:00",7341.7,6988.6,353.1,0,0,0,0,0,0,0,2076.6,0,-1.5
,"Jeu, 04.01. 06:00",10032.1,9075,957.1,0,0,0,0,0,0,0,2906.5,0,-1.799999952316284
,"Jeu, 04.01. 07:00",10908.9,9806.4,1102.5,0,0,0,0,0,0,0,3200.1,0,-1.700000047683716
,"Jeu, 04.01. 08:00",8984.5,8104.4,880.1,0,0,0,0,0,0,0,2670.5,0,-2
,"Jeu, 04.01. 09:00",7179.4,6533.1,646.3,0,0,0,0,0,0,0,2046.6,0,-0.5
,"Jeu, 04.01. 10:00",7361.2,6740.3,620.9,0,0,0,0,0,0,0,2076.2,0,-0.2000000029802322
,"Jeu, 04.01. 11:00",6887,6293.8,593.2,0,0,0,0,0,0,0,1838,0,2
,"Jeu, 04.01. 12:00",6620,6026.6,593.4,0,0,0,0,0,0,0,1723.5,0,3
,"Jeu, 04.01. 13:00",6308.3,5752.3,556,0,0,0,0,0,0,0,1607.8,0,3.700000047683716
,"Jeu, 04.01. 14:00",5968.6,5443.5,525.1,0,0,0,0,0,0,0,1472.3,0,4.900000095367432
,"Jeu, 04.01. 15:00",6249.6,5738.1,511.5,0,0,0,0,0,0,0,1559.9,0,4.300000190734863
,"Jeu, 04.01. 16:00",7051,6469.7,581.3,0,0,0,0,0,0,0,1803.6,0,3.400000095367432
,"Jeu, 04.01. 17:00",7280.8,6581.1,699.7,0,0,0,0,0,0,0,1924.2,0,2.400000095367432
,"Jeu, 04.01. 18:00",7799.4,7024.3,775.1,0,0,0,0,0,0,0,2107.4,0,1.5
,"Jeu, 04.01. 19:00",8311.1,7347.3,963.8,0,0,0,0,0,0,0,2309.8,0,0.6000000238418579
,"Jeu, 04.01. 20:00",9076.9,8006.7,1070.2,0,0,0,0,0,0,0,2553.4,0,0
,"Jeu, 04.01. 21:00",8534.9,7547.5,987.4,0,0,0,0,0,0,0,2431.5,0,-0.699999988079071
,"Jeu, 04.01. 22:00",5142,4591.4,550.6,0,0,0,0,0,0,0,1475.2,0,-0.699999988079071
,"Jeu, 04.01. 23:00",4871.1,4513.2,357.9,0,0,0,0,0,0,0,1393.1,0,-1
,"Ven, 05.01. 00:00",4381.1,4142.7,238.4,0,0,0,0,0,0,0,1234.7,0,-0.699999988079071
,"Ven, 05.01. 01:00",4037.7,3914.3,123.4,0,0,0,0,0,0,0,1105.4,0,0
,"Ven, 05.01. 02:00",3629.1,3594.1,35,0,0,0,0,0,0,0,974.7,0,0.300000011920929
,"Ven, 05.01. 03:00",4074.6,4036.7,37.9,0,0,0,0,0,0,0,1099.8,0,0.1000000014901161
,"Ven, 05.01. 04:00",4216.9,4098.5,118.4,0,0,0,0,0,0,0,1121.8,0,0.8999999761581421
,"Ven, 05.01. 05:00",6339.7,5990.2,349.5,0,0,0,0,0,0,0,1708.7,0,0.5
,"Ven, 05.01. 06:00",8664.4,7707.3,957.1,0,0,0,0,0,0,0,2370.9,0,0.800000011920929
,"Ven, 05.01. 07:00",9362.9,8270.4,1092.5,0,0,0,0,0,0,0,2602.1,0,0.800000011920929
,"Ven, 05.01. 08:00",7135,6307.8,827.2,0,0,0,0,0,0,0,1964.3,0,1.399999976158142
,"Ven, 05.01. 09:00",6558.8,5876.3,682.5,0,0,0,0,0,0,0,1774.5,0,1.799999952316284
,"Ven, 05.01. 10:00",6874.7,6188.6,686.1,0,0,0,0,0,0,0,1811.9,0,2.700000047683716
,"Ven, 05.01. 11:00",6218.1,5594.5,623.6,0,0,0,0,0,0,0,1576.4,0,4.099999904632568
,"Ven, 05.01. 12:00",4991.8,4457.9,533.9,0,0,0,0,0,0,0,1216.2,0,5.599999904632568
,"Ven, 05.01. 13:00",5010,4482.1,527.9,0,0,0,0,0,0,0,1199.3,0,6.199999809265137
,"Ven, 05.01. 14:00",5167.3,4637.1,530.2,0,0,0,0,0,0,0,1222,0,6.599999904632568
,"Ven, 05.01. 15:00",5444.9,4948.5,496.4,0,0,0,0,0,0,0,1342,0,4.900000095367432
,"Ven, 05.01. 16:00",6038.6,5495.4,543.2,0,0,0,0,0,0,0,1547.4,0,3.5
,"Ven, 05.01. 17:00",6399.2,5721,678.2,0,0,0,0,0,0,0,1674.5,0,2.900000095367432
,"Ven, 05.01. 18:00",7375.9,6553.1,822.8,0,0,0,0,0,0,0,1946.7,0,2.599999904632568
,"Ven, 05.01. 19:00",8043.2,6967.4,1075.8,0,0,0,0,0,0,0,2126.4,0,2.799999952316284
,"Ven, 05.01. 20:00",7922.7,6823.4,1099.3,0,0,0,0,0,0,0,2074.5,0,3.099999904632568
,"Ven, 05.01. 21:00",7448.7,6410.1,1038.6,0,0,0,0,0,0,0,1935.4,0,3.200000047683716
,"Ven, 05.01. 22:00",3830.1,3313.2,516.9,0,0,0,0,0,0,0,998.7,0,3.400000095367432
,"Ven, 05.01. 23:00",3477,3149.4,327.6,0,0,0,0,0,0,0,901,0,3.099999904632568
,"Sam, 06.01. 00:00",3505.7,3247.4,258.3,0,0,0,0,0,0,0,903.8,0,2.900000095367432
,"Sam, 06.01. 01:00",3416.9,3267.1,149.8,0,0,0,0,0,0,0,867.8,0,3
,"Sam, 06.01. 02:00",3079.2,2998.2,81,0,0,0,0,0,0,0,767.9,0,3.299999952316284
,"Sam, 06.01. 03:00",3193.9,3157.9,36,0,0,0,0,0,0,0,791.7,0,3.099999904632568
,"Sam, 06.01. 04:00",4053.9,3976.2,77.7,0,0,0,0,0,0,0,1016.5,0,2.799999952316284
,"Sam, 06.01. 05:00",5510,5435.2,74.8,0,0,0,0,0,0,0,1335.7,0,3.400000095367432
,"Sam, 06.01. 06:00",7219.2,7123.7,95.5,0,0,0,0,0,0,0,1722.9,0,3.700000047683716
,"Sam, 06.01. 07:00",7058.7,6843.4,215.3,0,0,0,0,0,0,0,1730.5,0,3.700000047683716
,"Sam, 06.01. 08:00",6653.5,6092.4,561.1,0,0,0,0,0,0,0,1706.2,0,3.5
,"Sam, 06.01. 09:00",7264.2,6126.8,1137.4,0,0,0,0,0,0,0,1939.7,0,3.299999952316284
,"Sam, 06.01. 10:00",6977,5767.4,1209.6,0,0,0,0,0,0,0,1868.8,0,3.400000095367432
,"Sam, 06.01. 11:00",6349.9,5103,1246.9,0,0,0,0,0,0,0,1618.7,0,5.699999809265137
,"Sam, 06.01. 12:00",5558.3,4526,1032.3,0,0,0,0,0,0,0,1392.4,0,6.099999904632568
,"Sam, 06.01. 13:00",5245,4382.4,862.6,0,0,0,0,0,0,0,1265.7,0,7
,"Sam, 06.01. 14:00",5441.9,4630.5,811.4,0,0,0,0,0,0,0,1322.7,0,6.5
,"Sam, 06.01. 15:00",5638.6,4941.3,697.3,0,0,0,0,0,0,0,1389.8,0,5.5
,"Sam, 06.01. 16:00",5778,5120.6,657.4,0,0,0,0,0,0,0,1471.9,0,4.099999904632568
,"Sam, 06.01. 17:00",6558.3,5787.8,770.5,0,0,0,0,0,0,0,1684.2,0,3.799999952316284
,"Sam, 06.01. 18:00",7124.8,6309.8,815,0,0,0,0,0,0,0,1893.6,0,2.400000095367432
,"Sam, 06.01. 19:00",7179,6335.9,843.1,0,0,0,0,0,0,0,1880,0,2.799999952316284
,"Sam, 06.01. 20:00",7865.9,7006.4,859.5,0,0,0,0,0,0,0,2098.7,0,1.799999952316284
,"Sam, 06.01. 21:00",7396.2,6728.5,667.7,0,0,0,0,0,0,0,1988.1,0,1
,"Sam, 06.01. 22:00",4547.2,4048,499.2,0,0,0,0,0,0,0,1269.9,0,0.300000011920929
,"Sam, 06.01. 23:00",4516.6,4145.2,371.4,0,0,0,0,0,0,0,1262.2,0,0
,"Dim, 07.01. 00:00",3955.9,3723.1,232.8,0,0,0,0,0,0,0,1119.7,0,-0.800000011920929
,"Dim, 07.01. 01:00",4021.1,3874.8,146.3,0,0,0,0,0,0,0,1099.6,0,0.2000000029802322
,"Dim, 07.01. 02:00",3771.5,3689,82.5,0,0,0,0,0,0,0,1012.4,0,0.6000000238418579
,"Dim, 07.01. 03:00",3769.4,3732.3,37.1,0,0,0,0,0,0,0,988.5,0,1.200000047683716
,"Dim, 07.01. 04:00",4347.5,4261.4,86.1,0,0,0,0,0,0,0,1146.6,0,1.100000023841858
,"Dim, 07.01. 05:00",5879.6,5798.1,81.5,0,0,0,0,0,0,0,1522.9,0,1.200000047683716
,"Dim, 07.01. 06:00",8480.1,8368.6,111.5,0,0,0,0,0,0,0,2181.3,0,1.200000047683716
,"Dim, 07.01. 07:00",8302.5,8065.7,236.8,0,0,0,0,0,0,0,2166.4,0,1.5
,"Dim, 07.01. 08:00",8241.5,7604.1,637.4,0,0,0,0,0,0,0,2213.8,0,1.700000047683716
,"Dim, 07.01. 09:00",7394.1,6319.6,1074.5,0,0,0,0,0,0,0,2033.3,0,2
,"Dim, 07.01. 10:00",7186.5,6025.7,1160.8,0,0,0,0,0,0,0,1957.5,0,2.599999904632568
,"Dim, 07.01. 11:00",7229.6,5976.9,1252.7,0,0,0,0,0,0,0,1938.3,0,3.400000095367432
,"Dim, 07.01. 12:00",6737.7,5620.3,1117.4,0,0,0,0,0,0,0,1772.7,0,4
,"Dim, 07.01. 13:00",6578.9,5640.4,938.5,0,0,0,0,0,0,0,1681.7,0,4.599999904632568
,"Dim, 07.01. 14:00",5363.8,4669.7,694.1,0,0,0,0,0,0,0,1366.9,0,4.5
,"Dim, 07.01. 15:00",6522.4,5803.4,719,0,0,0,0,0,0,0,1671,0,3.900000095367432
,"Dim, 07.01. 16:00",6626.7,5958.6,668.1,0,0,0,0,0,0,0,1734.9,0,2.900000095367432
,"Dim, 07.01. 17:00",7427.4,6674.9,752.5,0,0,0,0,0,0,0,2008.5,0,1.600000023841858
,"Dim, 07.01. 18:00",8181.6,7343.9,837.7,0,0,0,0,0,0,0,2266.6,0,0.6000000238418579
,"Dim, 07.01. 19:00",8844.1,7934.7,909.4,0,0,0,0,0,0,0,2488.1,0,-0.1000000014901161
,"Dim, 07.01. 20:00",8487.2,7661.2,826,0,0,0,0,0,0,0,2381.2,0,-0.300000011920929
,"Dim, 07.01. 21:00",7761.9,7093.3,668.6,0,0,0,0,0,0,0,2155.2,0,-0.300000011920929
,"Dim, 07.01. 22:00",4606.9,4115,491.9,0,0,0,0,0,0,0,1291.6,0,0.2000000029802322
,"Dim, 07.01. 23:00",4416.8,4080.2,336.6,0,0,0,0,0,0,0,1247,0,-0.5
,"Lun, 08.01. 00:00",4646.4,4410.2,236.2,0,0,0,0,0,0,0,1334,0,-1.600000023841858
,"Lun, 08.01. 01:00",4453.2,4330.8,122.4,0,0,0,0,0,0,0,1266,0,-1.600000023841858
,"Lun, 08.01. 02:00",4093.1,4058.5,34.6,0,0,0,0,0,0,0,1155.7,0,-1.700000047683716
,"Lun, 08.01. 03:00",4118.2,4084.7,33.5,0,0,0,0,0,0,0,1169.4,0,-2
,"Lun, 08.01. 04:00",5219,5099.2,119.8,0,0,0,0,0,0,0,1513.6,0,-2.599999904632568
,"Lun, 08.01. 05:00",7923.4,7556.1,367.3,0,0,0,0,0,0,0,2296.3,0,-2.5
,"Lun, 08.01. 06:00",9912.7,8984.3,928.4,0,0,0,0,0,0,0,2901.2,0,-2.200000047683716
,"Lun, 08.01. 07:00",10453.8,9419.7,1034.1,0,0,0,0,0,0,0,3106.8,0,-2.200000047683716
,"Lun, 08.01. 08:00",8688.9,7832.1,856.8,0,0,0,0,0,0,0,2547.3,0,-1.200000047683716
,"Lun, 08.01. 09:00",8744.1,7991.5,752.6,0,0,0,0,0,0,0,2581,0,-1.700000047683716
,"Lun, 08.01. 10:00",8089.9,7437.3,652.6,0,0,0,0,0,0,0,2364.1,0,-1.399999976158142
,"Lun, 08.01. 11:00",7396,6773.2,622.8,0,0,0,0,0,0,0,2004.8,0,1.600000023841858
,"Lun, 08.01. 12:00",6349.2,5762.8,586.4,0,0,0,0,0,0,0,1610.2,0,4.199999809265137
,"Lun, 08.01. 13:00",5745.8,5213.3,532.5,0,0,0,0,0,0,0,1407.9,0,5.400000095367432
,"Lun, 08.01. 14:00",6122.6,5567.4,555.2,0,0,0,0,0,0,0,1474.1,0,6
,"Lun, 08.01. 15:00",6242.3,5732.8,509.5,0,0,0,0,0,0,0,1555.7,0,4.5
,"Lun, 08.01. 16:00",7089.4,6522.1,567.3,0,0,0,0,0,0,0,1847.9,0,2.799999952316284
,"Lun, 08.01. 17:00",7681.3,6966.9,714.4,0,0,0,0,0,0,0,2071,0,1.700000047683716
,"Lun, 08.01. 18:00",8278.6,7463.4,815.2,0,0,0,0,0,0,0,2234.7,0,1.600000023841858
,"Lun, 08.01. 19:00",8927.3,7912.4,1014.9,0,0,0,0,0,0,0,2507.6,0,0.2000000029802322
,"Lun, 08.01. 20:00",9400.8,8301.5,1099.3,0,0,0,0,0,0,0,2637.4,0,0.1000000014901161
,"Lun, 08.01. 21:00",8934.9,7926.9,1008,0,0,0,0,0,0,0,2584.6,0,-1.399999976158142
,"Lun, 08.01. 22:00",5374.1,4829.1,545,0,0,0,0,0,0,0,1583.6,0,-2
,"Lun, 08.01. 23:00",4551.7,4220.8,330.9,0,0,0,0,0,0,0,1305.7,0,-1.200000047683716
,"Mar, 09.01. 00:00",4295.3,4072.8,222.5,0,0,0,0,0,0,0,1222,0,-1.200000047683716
,"Mar, 09.01. 01:00",4128.3,4014.3,114,0,0,0,0,0,0,0,1171,0,-1.5
,"Mar, 09.01. 02:00",4695,4656.1,38.9,0,0,0,0,0,0,0,1335.5,0,-2
,"Mar, 09.01. 03:00",4917.8,4879.9,37.9,0,0,0,0,0,0,0,1435.4,0,-3.099999904632568
,"Mar, 09.01. 04:00",5288.9,5166.7,122.2,0,0,0,0,0,0,0,1526.8,0,-2.400000095367432
,"Mar, 09.01. 05:00",6964,6642.1,321.9,0,0,0,0,0,0,0,2018.1,0,-2.5
,"Mar, 09.01. 06:00",11041.6,10033.7,1007.9,0,0,0,0,0,0,0,3317,0,-3.299999952316284
,"Mar, 09.01. 07:00",11052,9987.6,1064.4,0,0,0,0,0,0,0,3368.6,0,-3.299999952316284
,"Mar, 09.01. 08:00",9359.3,8475.7,883.6,0,0,0,0,0,0,0,2850.3,0,-2.900000095367432
,"Mar, 09.01. 09:00",8858.4,8098.4,760,0,0,0,0,0,0,0,2614.6,0,-1.700000047683716
,"Mar, 09.01. 10:00",8043,7383.9,659.1,0,0,0,0,0,0,0,2314.4,0,-0.699999988079071
,"Mar, 09.01. 11:00",7332.7,6709.9,622.8,0,0,0,0,0,0,0,1969.1,0,2
,"Mar, 09.01. 12:00",6392.1,5811.7,580.4,0,0,0,0,0,0,0,1639.1,0,3.799999952316284
,"Mar, 09.01. 13:00",6157.9,5591.5,566.4,0,0,0,0,0,0,0,1511.4,0,5.300000190734863
,"Mar, 09.01. 14:00",6169.3,5614.1,555.2,0,0,0,0,0,0,0,1487.8,0,5.900000095367432
,"Mar, 09.01. 15:00",5887.4,5393.4,494,0,0,0,0,0,0,0,1433.5,0,5.400000095367432
,"Mar, 09.01. 16:00",6598.3,6058.5,539.8,0,0,0,0,0,0,0,1683.7,0,3.599999904632568
,"Mar, 09.01. 17:00",7188.7,6517,671.7,0,0,0,0,0,0,0,1922.9,0,2
,"Mar, 09.01. 18:00",8308.7,7493.5,815.2,0,0,0,0,0,0,0,2242.4,0,1.600000023841858
,"Mar, 09.01. 19:00",9205,8169.7,1035.3,0,0,0,0,0,0,0,2603.2,0,-0.1000000014901161
,"Mar, 09.01. 20:00",9177.2,8128.1,1049.1,0,0,0,0,0,0,0,2630,0,-0.800000011920929
,"Mar, 09.01. 21:00",8702.8,7704.8,998,0,0,0,0,0,0,0,2466.9,0,-0.6000000238418579
,"Mar, 09.01. 22:00",5882.5,5269.8,612.7,0,0,0,0,0,0,0,1705.7,0,-1.299999952316284
,"Mar, 09.01. 23:00",4876.4,4531.8,344.6,0,0,0,0,0,0,0,1417.7,0,-1.799999952316284
,"Mer, 10.01. 00:00",4412.1,4185.2,226.9,0,0,0,0,0,0,0,1263.9,0,-1.5
,"Mer, 10.01. 01:00",4368.3,4252.1,116.2,0,0,0,0,0,0,0,1266.3,0,-2.400000095367432
,"Mer, 10.01. 02:00",4235.5,4199.4,36.1,0,0,0,0,0,0,0,1195.8,0,-1.700000047683716
,"Mer, 10.01. 03:00",4759.3,4719.7,39.6,0,0,0,0,0,0,0,1337.5,0,-1.600000023841858
,"Mer, 10.01. 04:00",5061.7,4939.5,122.2,0,0,0,0,0,0,0,1436.7,0,-1.700000047683716
,"Mer, 10.01. 05:00",6724.9,6392.8,332.1,0,0,0,0,0,0,0,1885.8,0,-1.100000023841858
,"Mer, 10.01. 06:00",10085,9087,998,0,0,0,0,0,0,0,2867.8,0,-0.8999999761581421
,"Mer, 10.01. 07:00",9755.2,8731.3,1023.9,0,0,0,0,0,0,0,2806.9,0,-0.699999988079071
,"Mer, 10.01. 08:00",8587.4,7712.9,874.5,0,0,0,0,0,0,0,2503.3,0,-0.8999999761581421
,"Mer, 10.01. 09:00",7819.6,7096.4,723.2,0,0,0,0,0,0,0,2216.6,0,0.1000000014901161
,"Mer, 10.01. 10:00",7410.2,6751.1,659.1,0,0,0,0,0,0,0,2038.3,0,1.200000047683716
,"Mer, 10.01. 11:00",6866.5,6268.1,598.4,0,0,0,0,0,0,0,1848.3,0,1.899999976158142
,"Mer, 10.01. 12:00",6947,6324.6,622.4,0,0,0,0,0,0,0,1840.1,0,2.5
,"Mer, 10.01. 13:00",6208.5,5670.4,538.1,0,0,0,0,0,0,0,1634,0,2.700000047683716
,"Mer, 10.01. 14:00",6767.4,6201.5,565.9,0,0,0,0,0,0,0,1766.2,0,3
,"Mer, 10.01. 15:00",5857.1,5393.8,463.3,0,0,0,0,0,0,0,1527.6,0,2.799999952316284
,"Mer, 10.01. 16:00",6639.5,6093.9,545.6,0,0,0,0,0,0,0,1732.1,0,2.799999952316284
,"Mer, 10.01. 17:00",7311.6,6597.2,714.4,0,0,0,0,0,0,0,1930.6,0,2.5
,"Mer, 10.01. 18:00",8338.2,7483.5,854.7,0,0,0,0,0,0,0,2227.6,0,2.099999904632568
,"Mer, 10.01. 19:00",8437.1,7412,1025.1,0,0,0,0,0,0,0,2278.7,0,1.799999952316284
,"Mer, 10.01. 20:00",8563.6,7472.2,1091.4,0,0,0,0,0,0,0,2273.5,0,2.400000095367432
,"Mer, 10.01. 21:00",8326.9,7267.8,1059.1,0,0,0,0,0,0,0,2201.9,0,2.299999952316284
,"Mer, 10.01. 22:00",4606.6,4044.8,561.8,0,0,0,0,0,0,0,1238.7,0,2
,"Mer, 10.01. 23:00",3865.2,3527.7,337.5,0,0,0,0,0,0,0,1021.9,0,2.200000047683716
,"Jeu, 11.01. 00:00",3627.9,3391.7,236.2,0,0,0,0,0,0,0,947.3,0,2.299999952316284
,"Jeu, 11.01. 01:00",3372,3253.4,118.6,0,0,0,0,0,0,0,869.9,0,2.200000047683716
,"Jeu, 11.01. 02:00",3344.7,3307.8,36.9,0,0,0,0,0,0,0,849.4,0,2.299999952316284
,"Jeu, 11.01. 03:00",3340.4,3304.4,36,0,0,0,0,0,0,0,844.8,0,2.400000095367432
,"Jeu, 11.01. 04:00",3832.5,3714,118.5,0,0,0,0,0,0,0,979.3,0,2.400000095367432
,"Jeu, 11.01. 05:00",5766.2,5416.4,349.8,0,0,0,0,0,0,0,1474.1,0,2.5
,"Jeu, 11.01. 06:00",9219.9,8133.3,1086.6,0,0,0,0,0,0,0,2432.6,0,2.299999952316284
,"Jeu, 11.01. 07:00",8104.9,7091.3,1013.6,0,0,0,0,0,0,0,2164.1,0,2.5
,"Jeu, 11.01. 08:00",7161.8,6269.5,892.3,0,0,0,0,0,0,0,1903.7,0,3.099999904632568
,"Jeu, 11.01. 09:00",6381.3,5665.1,716.2,0,0,0,0,0,0,0,1670.4,0,3.5
,"Jeu, 11.01. 10:00",5835.1,5214.9,620.2,0,0,0,0,0,0,0,1503.7,0,3.900000095367432
,"Jeu, 11.01. 11:00",6395.4,5736,659.4,0,0,0,0,0,0,0,1629.4,0,4.199999809265137
,"Jeu, 11.01. 12:00",5747.5,5143.3,604.2,0,0,0,0,0,0,0,1451.7,0,4.5
,"Jeu, 11.01. 13:00",5756.9,5167.8,589.1,0,0,0,0,0,0,0,1439,0,4.800000190734863
,"Jeu, 11.01. 14:00",5171.1,4663.5,507.6,0,0,0,0,0,0,0,1287.1,0,4.900000095367432
,"Jeu, 11.01. 15:00",5253.5,4769.6,483.9,0,0,0,0,0,0,0,1314.7,0,4.5
,"Jeu, 11.01. 16:00",5789.8,5244.3,545.5,0,0,0,0,0,0,0,1465.9,0,4.099999904632568
,"Jeu, 11.01. 17:00",6309.1,5601.7,707.4,0,0,0,0,0,0,0,1615.3,0,3.900000095367432
,"Jeu, 11.01. 18:00",6963.9,6140.9,823,0,0,0,0,0,0,0,1793.4,0,3.700000047683716
,"Jeu, 11.01. 19:00",7463.8,6428.8,1035,0,0,0,0,0,0,0,1960.1,0,3.200000047683716
,"Jeu, 11.01. 20:00",7682.8,6602.2,1080.6,0,0,0,0,0,0,0,2042,0,2.599999904632568
,"Jeu, 11.01. 21:00",6568.9,5662.4,906.5,0,0,0,0,0,0,0,1764.3,0,2
,"Jeu, 11.01. 22:00",4582.5,3998.2,584.3,0,0,0,0,0,0,0,1236.3,0,2
,"Jeu, 11.01. 23:00",4033.9,3686.2,347.7,0,0,0,0,0,0,0,1088.3,0,1.399999976158142
,"Ven, 12.01. 00:00",3755.5,3533,222.5,0,0,0,0,0,0,0,1012.4,0,1
,"Ven, 12.01. 01:00",3484.8,3372.2,112.6,0,0,0,0,0,0,0,925.9,0,1.100000023841858
,"Ven, 12.01. 02:00",3769.7,3733.6,36.1,0,0,0,0,0,0,0,1009.7,0,0.300000011920929
,"Ven, 12.01. 03:00",4049.3,4012.2,37.1,0,0,0,0,0,0,0,1092.5,0,0
,"Ven, 12.01. 04:00",4189.9,4075,114.9,0,0,0,0,0,0,0,1119.4,0,0.699999988079071
,"Ven, 12.01. 05:00",6487.4,6137.7,349.7,0,0,0,0,0,0,0,1738.7,0,0.699999988079071
,"Ven, 12.01. 06:00",9159.3,8181.2,978.1,0,0,0,0,0,0,0,2492.7,0,0.8999999761581421
,"Ven, 12.01. 07:00",9368.4,8324.8,1043.6,0,0,0,0,0,0,0,2625.2,0,0.4000000059604645
,"Ven, 12.01. 08:00",8002.6,7136.6,866,0,0,0,0,0,0,0,2277.3,0,0.2000000029802322
,"Ven, 12.01. 09:00",7563.1,6818.1,745,0,0,0,0,0,0,0,2090.3,0,1.200000047683716
,"Ven, 12.01. 10:00",6881.1,6241.3,639.8,0,0,0,0,0,0,0,1874.6,0,1.600000023841858
,"Ven, 12.01. 11:00",7004.7,6351.3,653.4,0,0,0,0,0,0,0,1838,0,3
,"Ven, 12.01. 12:00",6249.3,5645.1,604.2,0,0,0,0,0,0,0,1605.8,0,3.799999952316284
,"Ven, 12.01. 13:00",5798.6,5243.8,554.8,0,0,0,0,0,0,0,1453.9,0,4.599999904632568
,"Ven, 12.01. 14:00",5813.5,5279.5,534,0,0,0,0,0,0,0,1451.8,0,4.699999809265137
,"Ven, 12.01. 15:00",5797.2,5303.4,493.8,0,0,0,0,0,0,0,1468.5,0,4
,"Ven, 12.01. 16:00",7283.7,6661.7,622,0,0,0,0,0,0,0,1895.3,0,3
,"Ven, 12.01. 17:00",7177.7,6470.4,707.3,0,0,0,0,0,0,0,1939.8,0,1.700000047683716
,"Ven, 12.01. 18:00",7890.7,7051.8,838.9,0,0,0,0,0,0,0,2103.4,0,2.200000047683716
,"Ven, 12.01. 19:00",7632.5,6668.6,963.9,0,0,0,0,0,0,0,2058.3,0,2
,"Ven, 12.01. 20:00",8226.3,7156.1,1070.2,0,0,0,0,0,0,0,2214.5,0,1.899999976158142
,"Ven, 12.01. 21:00",7687.6,6709.9,977.7,0,0,0,0,0,0,0,2100.2,0,1.100000023841858
,"Ven, 12.01. 22:00",5030.3,4446.2,584.1,0,0,0,0,0,0,0,1399.2,0,0.6000000238418579
,"Ven, 12.01. 23:00",4255.1,3920.9,334.2,0,0,0,0,0,0,0,1187.3,0,0
,"Sam, 13.01. 00:00",4204.1,3950.5,253.6,0,0,0,0,0,0,0,1167.7,0,-0.1000000014901161
,"Sam, 13.01. 01:00",4361.5,4208.8,152.7,0,0,0,0,0,0,0,1204.3,0,-0.300000011920929
,"Sam, 13.01. 02:00",4454,4361,93,0,0,0,0,0,0,0,1212.9,0,0
,"Sam, 13.01. 03:00",4230.8,4192.5,38.3,0,0,0,0,0,0,0,1143.1,0,0
,"Sam, 13.01. 04:00",4773.7,4698.4,75.3,0,0,0,0,0,0,0,1289.7,0,0.1000000014901161
,"Sam, 13.01. 05:00",7309.7,7229.7,80,0,0,0,0,0,0,0,1950.5,0,0
,"Sam, 13.01. 06:00",9179.5,9081.9,97.6,0,0,0,0,0,0,0,2446.5,0,-0.2000000029802322
,"Sam, 13.01. 07:00",8822.6,8607.4,215.2,0,0,0,0,0,0,0,2414.7,0,-0.4000000059604645
,"Sam, 13.01. 08:00",8151.9,7591,560.9,0,0,0,0,0,0,0,2282.9,0,-0.1000000014901161
,"Sam, 13.01. 09:00",7914.4,6864.8,1049.6,0,0,0,0,0,0,0,2239.3,0,0.6000000238418579
,"Sam, 13.01. 10:00",7852.6,6690.8,1161.8,0,0,0,0,0,0,0,2216.3,0,0.8999999761581421
,"Sam, 13.01. 11:00",7787.8,6529,1258.8,0,0,0,0,0,0,0,2136.2,0,2.299999952316284
,"Sam, 13.01. 12:00",7275.1,6177.3,1097.8,0,0,0,0,0,0,0,1973.6,0,2.5
,"Sam, 13.01. 13:00",7337.9,6377.4,960.5,0,0,0,0,0,0,0,1936.1,0,3.200000047683716
,"Sam, 13.01. 14:00",6525.8,5722.8,803,0,0,0,0,0,0,0,1690.8,0,3.799999952316284
,"Sam, 13.01. 15:00",6165.6,5517.1,648.5,0,0,0,0,0,0,0,1586.3,0,3.599999904632568
,"Sam, 13.01. 16:00",7739.7,6986.1,753.6,0,0,0,0,0,0,0,2059.5,0,2.200000047683716
,"Sam, 13.01. 17:00",7620.8,6866.3,754.5,0,0,0,0,0,0,0,2075.2,0,1.299999952316284
,"Sam, 13.01. 18:00",7372.4,6630.5,741.9,0,0,0,0,0,0,0,2008.4,0,1.200000047683716
,"Sam, 13.01. 19:00",8482.5,7613.8,868.7,0,0,0,0,0,0,0,2288.8,0,1.399999976158142
,"Sam, 13.01. 20:00",8811.1,7951.9,859.2,0,0,0,0,0,0,0,2376.4,0,1.200000047683716
,"Sam, 13.01. 21:00",8506.2,7798.4,707.8,0,0,0,0,0,0,0,2245.6,0,1.5
,"Sam, 13.01. 22:00",4668.5,4148.6,519.9,0,0,0,0,0,0,0,1261.5,0,1.600000023841858
,"Sam, 13.01. 23:00",3841.4,3508.8,332.6,0,0,0,0,0,0,0,1032,0,1.600000023841858
,"Dim, 14.01. 00:00",3835.3,3577.8,257.5,0,0,0,0,0,0,0,1023.6,0,1.600000023841858
,"Dim, 14.01. 01:00",3754.6,3606.6,148,0,0,0,0,0,0,0,992.6,0,1.5
,"Dim, 14.01. 02:00",3622.6,3539.1,83.5,0,0,0,0,0,0,0,951.7,0,1.399999976158142
,"Dim, 14.01. 03:00",3668.4,3631.8,36.6,0,0,0,0,0,0,0,955.4,0,1.399999976158142
,"Dim, 14.01. 04:00",4227.5,4141.4,86.1,0,0,0,0,0,0,0,1103.1,0,1.5
,"Dim, 14.01. 05:00",5680.7,5599.8,80.9,0,0,0,0,0,0,0,1458.4,0,1.5
,"Dim, 14.01. 06:00",7868.8,7763,105.8,0,0,0,0,0,0,0,2006,0,1.5
,"Dim, 14.01. 07:00",7199.1,6989.8,209.3,0,0,0,0,0,0,0,1873.9,0,1.600000023841858
,"Dim, 14.01. 08:00",6613.4,6097.5,515.9,0,0,0,0,0,0,0,1785.1,0,1.5
,"Dim, 14.01. 09:00",7771.7,6632.3,1139.4,0,0,0,0,0,0,0,2141.7,0,1.899999976158142
,"Dim, 14.01. 10:00",7691.9,6449.8,1242.1,0,0,0,0,0,0,0,2115.9,0,2.200000047683716
,"Dim, 14.01. 11:00",7107.1,5891.4,1215.7,0,0,0,0,0,0,0,1944.6,0,2.599999904632568
,"Dim, 14.01. 12:00",7146,5985.1,1160.9,0,0,0,0,0,0,0,1928.3,0,3
,"Dim, 14.01. 13:00",6407.8,5513.7,894.1,0,0,0,0,0,0,0,1679,0,3.599999904632568
,"Dim, 14.01. 14:00",5573.1,4847.9,725.2,0,0,0,0,0,0,0,1428.8,0,4.300000190734863
,"Dim, 14.01. 15:00",6213.7,5522.4,691.3,0,0,0,0,0,0,0,1598.5,0,3.799999952316284
,"Dim, 14.01. 16:00",6647.3,5966.1,681.2,0,0,0,0,0,0,0,1738.6,0,3
,"Dim, 14.01. 17:00",7267.3,6500.9,766.4,0,0,0,0,0,0,0,1920.8,0,2.5
,"Dim, 14.01. 18:00",7100.5,6327,773.5,0,0,0,0,0,0,0,1886.7,0,2.299999952316284
,"Dim, 14.01. 19:00",7589.8,6766.5,823.3,0,0,0,0,0,0,0,2057,0,1.399999976158142
,"Dim, 14.01. 20:00",8350.5,7484,866.5,0,0,0,0,0,0,0,2237.5,0,1.600000023841858
,"Dim, 14.01. 21:00",7690.1,6994.4,695.7,0,0,0,0,0,0,0,2068.2,0,1
,"Dim, 14.01. 22:00",5200.4,4656.6,543.8,0,0,0,0,0,0,0,1477.5,0,-0.4000000059604645
,"Dim, 14.01. 23:00",4530,4190.2,339.8,0,0,0,0,0,0,0,1292.8,0,-0.8999999761581421
,"Lun, 15.01. 00:00",4627.7,4398.5,229.2,0,0,0,0,0,0,0,1337.7,0,-1.899999976158142
,"Lun, 15.01. 01:00",4631.5,4511.6,119.9,0,0,0,0,0,0,0,1348.8,0,-2.599999904632568
,"Lun, 15.01. 02:00",4251,4216,35,0,0,0,0,0,0,0,1209.4,0,-2
,"Lun, 15.01. 03:00",4283.2,4247.9,35.3,0,0,0,0,0,0,0,1198.3,0,-1.399999976158142
,"Lun, 15.01. 04:00",5736,5604.1,131.9,0,0,0,0,0,0,0,1643.5,0,-2.099999904632568
,"Lun, 15.01. 05:00",7991,7630.6,360.4,0,0,0,0,0,0,0,2301.7,0,-2.299999952316284
,"Lun, 15.01. 06:00",10852,9874.4,977.6,0,0,0,0,0,0,0,3163.1,0,-2.099999904632568
,"Lun, 15.01. 07:00",10448.8,9456.1,992.7,0,0,0,0,0,0,0,3100.2,0,-2.200000047683716
,"Lun, 15.01. 08:00",8866,8036.1,829.9,0,0,0,0,0,0,0,2630.7,0,-1.799999952316284
,"Lun, 15.01. 09:00",8801.1,8063.6,737.5,0,0,0,0,0,0,0,2571,0,-1.299999952316284
,"Lun, 15.01. 10:00",8312.3,7653.6,658.7,0,0,0,0,0,0,0,2390.2,0,-0.699999988079071
,"Lun, 15.01. 11:00",8503.2,7850.2,653,0,0,0,0,0,0,0,2410,0,-0.300000011920929
,"Lun, 15.01. 12:00",6875.9,6337.7,538.2,0,0,0,0,0,0,0,1931.8,0,0.1000000014901161
,"Lun, 15.01. 13:00",7778,7194.9,583.1,0,0,0,0,0,0,0,2183.8,0,0
,"Lun, 15.01. 14:00",7222.8,6704.9,517.9,0,0,0,0,0,0,0,2022.8,0,0.1000000014901161
,"Lun, 15.01. 15:00",7476.4,6967.2,509.2,0,0,0,0,0,0,0,2089.9,0,0
,"Lun, 15.01. 16:00",7792.9,7242.4,550.5,0,0,0,0,0,0,0,2185,0,-0.1000000014901161
,"Lun, 15.01. 17:00",8072.1,7386.5,685.6,0,0,0,0,0,0,0,2275.1,0,-0.2000000029802322
,"Lun, 15.01. 18:00",8426.1,7666.8,759.3,0,0,0,0,0,0,0,2377.9,0,-0.300000011920929
,"Lun, 15.01. 19:00",9904.5,8839.3,1065.2,0,0,0,0,0,0,0,2818.8,0,-0.5
,"Lun, 15.01. 20:00",9073.2,8067.3,1005.9,0,0,0,0,0,0,0,2579.2,0,-0.6000000238418579
,"Lun, 15.01. 21:00",9735.1,8656.4,1078.7,0,0,0,0,0,0,0,2753.3,0,-0.6000000238418579
,"Lun, 15.01. 22:00",5416.9,4843.8,573.1,0,0,0,0,0,0,0,1539.8,0,-0.5
,"Lun, 15.01. 23:00",4732.5,4385,347.5,0,0,0,0,0,0,0,1342.7,0,-0.699999988079071
,"Mar, 16.01. 00:00",4812.2,4567.1,245.1,0,0,0,0,0,0,0,1366.1,0,-1.100000023841858
,"Mar, 16.01. 01:00",4483.1,4362.2,120.9,0,0,0,0,0,0,0,1271.8,0,-1.5
,"Mar, 16.01. 02:00",4308.8,4272,36.8,0,0,0,0,0,0,0,1196.5,0,-1
,"Mar, 16.01. 03:00",4208.7,4173.8,34.9,0,0,0,0,0,0,0,1166.2,0,-1
,"Mar, 16.01. 04:00",4884.8,4771.2,113.6,0,0,0,0,0,0,0,1375.9,0,-1.399999976158142
,"Mar, 16.01. 05:00",7613.3,7274.3,339,0,0,0,0,0,0,0,2160.1,0,-1.700000047683716
,"Mar, 16.01. 06:00",12046.7,11009.8,1036.9,0,0,0,0,0,0,0,3556.3,0,-2.700000047683716
,"Mar, 16.01. 07:00",11868.3,10794.4,1073.9,0,0,0,0,0,0,0,3582.6,0,-3
,"Mar, 16.01. 08:00",9964.5,9099.1,865.4,0,0,0,0,0,0,0,3094,0,-3.799999952316284
,"Mar, 16.01. 09:00",9190.9,8475.3,715.6,0,0,0,0,0,0,0,2796.3,0,-3.099999904632568
,"Mar, 16.01. 10:00",9050.9,8373,677.9,0,0,0,0,0,0,0,2659.3,0,-1.700000047683716
,"Mar, 16.01. 11:00",8235.7,7625.5,610.2,0,0,0,0,0,0,0,2343.6,0,-0.5
,"Mar, 16.01. 12:00",7828.3,7230.4,597.9,0,0,0,0,0,0,0,2183.7,0,0.300000011920929
,"Mar, 16.01. 13:00",7666.1,7111.7,554.4,0,0,0,0,0,0,0,2161,0,-0.2000000029802322
,"Mar, 16.01. 14:00",7558,7034.7,523.3,0,0,0,0,0,0,0,2125.2,0,-0.1000000014901161
,"Mar, 16.01. 15:00",7903.1,7373.3,529.8,0,0,0,0,0,0,0,2180.6,0,0.5
,"Mar, 16.01. 16:00",8477.6,7910.8,566.8,0,0,0,0,0,0,0,2427.7,0,-1
,"Mar, 16.01. 17:00",8868.5,8161.6,706.9,0,0,0,0,0,0,0,2575.3,0,-1.5
,"Mar, 16.01. 18:00",9432,8641.3,790.7,0,0,0,0,0,0,0,2769.5,0,-2
,"Mar, 16.01. 19:00",10165.4,9171.4,994,0,0,0,0,0,0,0,3095.4,0,-3.400000095367432
,"Mar, 16.01. 20:00",10820.4,9761.6,1058.8,0,0,0,0,0,0,0,3398.1,0,-5
,"Mar, 16.01. 21:00",10057.5,9070.5,987,0,0,0,0,0,0,0,3128.2,0,-4.699999809265137
,"Mar, 16.01. 22:00",6201.8,5640.4,561.4,0,0,0,0,0,0,0,1915.3,0,-4.199999809265137
,"Mar, 16.01. 23:00",5204.5,4870.5,334,0,0,0,0,0,0,0,1573.7,0,-3.5
,"Mer, 17.01. 00:00",5369.5,5138.1,231.4,0,0,0,0,0,0,0,1653.1,0,-4.599999904632568
,"Mer, 17.01. 01:00",4603.4,4495.7,107.7,0,0,0,0,0,0,0,1398.9,0,-4.400000095367432
,"Mer, 17.01. 02:00",5096.1,5058.5,37.6,0,0,0,0,0,0,0,1520.9,0,-3.900000095367432
,"Mer, 17.01. 03:00",4755.9,4721.4,34.5,0,0,0,0,0,0,0,1405.8,0,-3.599999904632568
,"Mer, 17.01. 04:00",5763.5,5642.7,120.8,0,0,0,0,0,0,0,1709.2,0,-3.5
,"Mer, 17.01. 05:00",8221.9,7883,338.9,0,0,0,0,0,0,0,2424,0,-3.299999952316284
,"Mer, 17.01. 06:00",11823.9,10866.5,957.4,0,0,0,0,0,0,0,3579.3,0,-3.799999952316284
,"Mer, 17.01. 07:00",12932.2,11838.8,1093.4,0,0,0,0,0,0,0,4035.9,0,-4.5
,"Mer, 17.01. 08:00",10952.2,10052.3,899.9,0,0,0,0,0,0,0,3462.8,0,-4.699999809265137
,"Mer, 17.01. 09:00",10279.6,9527.9,751.7,0,0,0,0,0,0,0,3208.9,0,-4.300000190734863
,"Mer, 17.01. 10:00",9256.2,8610.7,645.5,0,0,0,0,0,0,0,2813.1,0,-3.200000047683716
,"Mer, 17.01. 11:00",8892.2,8282.1,610.1,0,0,0,0,0,0,0,2627.1,0,-2.099999904632568
,"Mer, 17.01. 12:00",8256.7,7676.9,579.8,0,0,0,0,0,0,0,2403.9,0,-1.5
,"Mer, 17.01. 13:00",8568.5,7979.9,588.6,0,0,0,0,0,0,0,2450.2,0,-0.800000011920929
,"Mer, 17.01. 14:00",8098.9,7565.2,533.7,0,0,0,0,0,0,0,2300,0,-0.6000000238418579
,"Mer, 17.01. 15:00",8019.4,7520.5,498.9,0,0,0,0,0,0,0,2289,0,-0.8999999761581421
,"Mer, 17.01. 16:00",9247.5,8659,588.5,0,0,0,0,0,0,0,2675.6,0,-1.5
,"Mer, 17.01. 17:00",9120.8,8428.5,692.3,0,0,0,0,0,0,0,2677,0,-2
,"Mer, 17.01. 18:00",9952.3,9153.5,798.8,0,0,0,0,0,0,0,2937.4,0,-2.299999952316284
,"Mer, 17.01. 19:00",11287.8,10213,1074.8,0,0,0,0,0,0,0,3389.8,0,-2.900000095367432
,"Mer, 17.01. 20:00",11776.1,10633.1,1143,0,0,0,0,0,0,0,3582.3,0,-3.599999904632568
,"Mer, 17.01. 21:00",9813.5,8877.6,935.9,0,0,0,0,0,0,0,3023.9,0,-4.400000095367432
,"Mer, 17.01. 22:00",6546.1,5978.9,567.2,0,0,0,0,0,0,0,2055.1,0,-5
,"Mer, 17.01. 23:00",5841.1,5493.7,347.4,0,0,0,0,0,0,0,1827.6,0,-5.099999904632568
,"Jeu, 18.01. 00:00",5894.4,5656.1,238.3,0,0,0,0,0,0,0,1876.7,0,-6.099999904632568
,"Jeu, 18.01. 01:00",5446.3,5324.2,122.1,0,0,0,0,0,0,0,1690.6,0,-5.300000190734863
,"Jeu, 18.01. 02:00",5258.4,5221.6,36.8,0,0,0,0,0,0,0,1607.4,0,-5
,"Jeu, 18.01. 03:00",5580,5542.9,37.1,0,0,0,0,0,0,0,1726.5,0,-5.599999904632568
,"Jeu, 18.01. 04:00",6331.4,6209.4,122,0,0,0,0,0,0,0,1968.6,0,-5.599999904632568
,"Jeu, 18.01. 05:00",8839.2,8503.9,335.3,0,0,0,0,0,0,0,2783.4,0,-6.099999904632568
,"Jeu, 18.01. 06:00",12941.9,11955.1,986.8,0,0,0,0,0,0,0,4137.2,0,-6.300000190734863
,"Jeu, 18.01. 07:00",12354.1,11362.2,991.9,0,0,0,0,0,0,0,4024.7,0,-6.5
,"Jeu, 18.01. 08:00",11361.8,10470.6,891.2,0,0,0,0,0,0,0,3713.7,0,-6.300000190734863
,"Jeu, 18.01. 09:00",10224.6,9509.4,715.2,0,0,0,0,0,0,0,3288.4,0,-5.699999809265137
,"Jeu, 18.01. 10:00",9110.2,8510.6,599.6,0,0,0,0,0,0,0,2884.8,0,-5.099999904632568
,"Jeu, 18.01. 11:00",9588.3,8960,628.3,0,0,0,0,0,0,0,2920,0,-3.400000095367432
,"Jeu, 18.01. 12:00",8942.9,8327.3,615.6,0,0,0,0,0,0,0,2615.7,0,-1.700000047683716
,"Jeu, 18.01. 13:00",8301.2,7741,560.2,0,0,0,0,0,0,0,2378.5,0,-0.8999999761581421
,"Jeu, 18.01. 14:00",8204.2,7675.9,528.3,0,0,0,0,0,0,0,2349.5,0,-0.8999999761581421
,"Jeu, 18.01. 15:00",7761.4,7288.5,472.9,0,0,0,0,0,0,0,2225.5,0,-1.100000023841858
,"Jeu, 18.01. 16:00",9231.3,8648.2,583.1,0,0,0,0,0,0,0,2651.9,0,-1.200000047683716
,"Jeu, 18.01. 17:00",9522.1,8808.5,713.6,0,0,0,0,0,0,0,2786.5,0,-1.899999976158142
,"Jeu, 18.01. 18:00",10608.6,9770.8,837.8,0,0,0,0,0,0,0,3129.4,0,-2.299999952316284
,"Jeu, 18.01. 19:00",10514.6,9521.1,993.5,0,0,0,0,0,0,0,3125.2,0,-2.5
,"Jeu, 18.01. 20:00",10963.4,9894.8,1068.6,0,0,0,0,0,0,0,3254.6,0,-2.599999904632568
,"Jeu, 18.01. 21:00",10700.6,9653.3,1047.3,0,0,0,0,0,0,0,3146,0,-2.400000095367432
,"Jeu, 18.01. 22:00",5900.8,5345.1,555.7,0,0,0,0,0,0,0,1749.3,0,-2.400000095367432
,"Jeu, 18.01. 23:00",5343.3,4989,354.3,0,0,0,0,0,0,0,1569.4,0,-2.299999952316284
,"Ven, 19.01. 00:00",4446.7,4222.4,224.3,0,0,0,0,0,0,0,1289,0,-2
,"Ven, 19.01. 01:00",4412.9,4290.8,122.1,0,0,0,0,0,0,0,1257.9,0,-1.700000047683716
,"Ven, 19.01. 02:00",3991,3956.4,34.6,0,0,0,0,0,0,0,1120.9,0,-1.5
,"Ven, 19.01. 03:00",4667.3,4627.1,40.2,0,0,0,0,0,0,0,1293.2,0,-1
,"Ven, 19.01. 04:00",4459.6,4348.3,111.3,0,0,0,0,0,0,0,1250.5,0,-1.200000047683716
,"Ven, 19.01. 05:00",6481.3,6152.9,328.4,0,0,0,0,0,0,0,1809.6,0,-0.8999999761581421
,"Ven, 19.01. 06:00",9818.2,8821.8,996.4,0,0,0,0,0,0,0,2788.6,0,-0.800000011920929
,"Ven, 19.01. 07:00",9408.3,8396,1012.3,0,0,0,0,0,0,0,2698.5,0,-0.6000000238418579
,"Ven, 19.01. 08:00",8671.2,7762.6,908.6,0,0,0,0,0,0,0,2508.7,0,-0.6000000238418579
,"Ven, 19.01. 09:00",7627.1,6905.1,722,0,0,0,0,0,0,0,2158.4,0,0.2000000029802322
,"Ven, 19.01. 10:00",7185.1,6520.5,664.6,0,0,0,0,0,0,0,1946.3,0,1.799999952316284
,"Ven, 19.01. 11:00",6567.4,5951.3,616.1,0,0,0,0,0,0,0,1700.5,0,3.5
,"Ven, 19.01. 12:00",5909.5,5324.3,585.2,0,0,0,0,0,0,0,1477.8,0,4.800000190734863
,"Ven, 19.01. 13:00",5976.5,5393.8,582.7,0,0,0,0,0,0,0,1467.1,0,5.400000095367432
,"Ven, 19.01. 14:00",5604.9,5081.9,523,0,0,0,0,0,0,0,1374.4,0,5.400000095367432
,"Ven, 19.01. 15:00",5667,5173.6,493.4,0,0,0,0,0,0,0,1400.1,0,4.900000095367432
,"Ven, 19.01. 16:00",6338.8,5767.3,571.5,0,0,0,0,0,0,0,1566.4,0,4.900000095367432
,"Ven, 19.01. 17:00",6428.9,5758,670.9,0,0,0,0,0,0,0,1640,0,3.900000095367432
,"Ven, 19.01. 18:00",7837.2,6983.7,853.5,0,0,0,0,0,0,0,2024.5,0,3.400000095367432
,"Ven, 19.01. 19:00",7626,6663.4,962.6,0,0,0,0,0,0,0,2035.2,0,2.400000095367432
,"Ven, 19.01. 20:00",7957.3,6931.2,1026.1,0,0,0,0,0,0,0,2137,0,2
,"Ven, 19.01. 21:00",8196.2,7189.9,1006.3,0,0,0,0,0,0,0,2289.7,0,0.2000000029802322
,"Ven, 19.01. 22:00",4564.1,4019.9,544.2,0,0,0,0,0,0,0,1249.2,0,1.299999952316284
,"Ven, 19.01. 23:00",4242.4,3898.4,344,0,0,0,0,0,0,0,1164.3,0,0.699999988079071
,"Sam, 20.01. 00:00",3768,3517.6,250.4,0,0,0,0,0,0,0,1012.1,0,1.299999952316284
,"Sam, 20.01. 01:00",3746.2,3605.2,141,0,0,0,0,0,0,0,1011.7,0,0.6000000238418579
,"Sam, 20.01. 02:00",4285.3,4194.1,91.2,0,0,0,0,0,0,0,1169.8,0,-0.1000000014901161
,"Sam, 20.01. 03:00",4003.6,3965.7,37.9,0,0,0,0,0,0,0,1071.6,0,0.300000011920929
,"Sam, 20.01. 04:00",4272,4202.6,69.4,0,0,0,0,0,0,0,1159.9,0,-0.1000000014901161
,"Sam, 20.01. 05:00",6950.9,6871,79.9,0,0,0,0,0,0,0,1884.4,0,-0.6000000238418579
,"Sam, 20.01. 06:00",7947.4,7856.9,90.5,0,0,0,0,0,0,0,2162.9,0,-0.8999999761581421
,"Sam, 20.01. 07:00",8136.9,7920,216.9,0,0,0,0,0,0,0,2218.4,0,-0.2000000029802322
,"Sam, 20.01. 08:00",7707.9,7125.1,582.8,0,0,0,0,0,0,0,2125.3,0,0.6000000238418579
,"Sam, 20.01. 09:00",7192.6,6101.5,1091.1,0,0,0,0,0,0,0,1934.4,0,2.900000095367432
,"Sam, 20.01. 10:00",6884.9,5630.3,1254.6,0,0,0,0,0,0,0,1751.7,0,5.5
,"Sam, 20.01. 11:00",5992.3,4797.1,1195.2,0,0,0,0,0,0,0,1487.5,0,6.699999809265137
,"Sam, 20.01. 12:00",5071.5,3986.4,1085.1,0,0,0,0,0,0,0,1143.9,0,10.19999980926514
,"Sam, 20.01. 13:00",4986.2,4125.7,860.5,0,0,0,0,0,0,0,1149.1,0,8.699999809265137
,"Sam, 20.01. 14:00",5431.7,4638.4,793.3,0,0,0,0,0,0,0,1318.2,0,6.5
,"Sam, 20.01. 15:00",5372.1,4676.2,695.9,0,0,0,0,0,0,0,1262.7,0,7.199999809265137
,"Sam, 20.01. 16:00",5950.8,5260.4,690.4,0,0,0,0,0,0,0,1471.9,0,5.199999809265137
,"Sam, 20.01. 17:00",6123.6,5423.5,700.1,0,0,0,0,0,0,0,1576.2,0,3.599999904632568
,"Sam, 20.01. 18:00",6614.1,5865.2,748.9,0,0,0,0,0,0,0,1741.7,0,2.700000047683716
,"Sam, 20.01. 19:00",7540.1,6690.2,849.9,0,0,0,0,0,0,0,2010.8,0,2.099999904632568
,"Sam, 20.01. 20:00",8184.2,7292.7,891.5,0,0,0,0,0,0,0,2150.9,0,2.400000095367432
,"Sam, 20.01. 21:00",7239.2,6552.5,686.7,0,0,0,0,0,0,0,1830.5,0,3.299999952316284
,"Sam, 20.01. 22:00",4366.2,3836.6,529.6,0,0,0,0,0,0,0,1154.7,0,2.599999904632568
,"Sam, 20.01. 23:00",3664.5,3321.8,342.7,0,0,0,0,0,0,0,963.1,0,2.5
,"Dim, 21.01. 00:00",3635.9,3386.1,249.8,0,0,0,0,0,0,0,959.4,0,2.099999904632568
,"Dim, 21.01. 01:00",3558.5,3415.3,143.2,0,0,0,0,0,0,0,929,0,2
,"Dim, 21.01. 02:00",3619.1,3534.8,84.3,0,0,0,0,0,0,0,944.8,0,1.700000047683716
,"Dim, 21.01. 03:00",4051.3,4012.2,39.1,0,0,0,0,0,0,0,1066.8,0,1
,"Dim, 21.01. 04:00",4467.3,4379.9,87.4,0,0,0,0,0,0,0,1180.6,0,1
,"Dim, 21.01. 05:00",6074.8,5992.6,82.2,0,0,0,0,0,0,0,1594.8,0,0.699999988079071
,"Dim, 21.01. 06:00",8070,7966.1,103.9,0,0,0,0,0,0,0,2109.3,0,0.6000000238418579
,"Dim, 21.01. 07:00",7888.3,7670.6,217.7,0,0,0,0,0,0,0,2108,0,0.6000000238418579
,"Dim, 21.01. 08:00",8259.2,7646.1,613.1,0,0,0,0,0,0,0,2283.5,0,0.5
,"Dim, 21.01. 09:00",7307.9,6279.8,1028.1,0,0,0,0,0,0,0,2049.7,0,1.100000023841858
,"Dim, 21.01. 10:00",6906.8,5830.1,1076.7,0,0,0,0,0,0,0,1924.4,0,1.600000023841858
,"Dim, 21.01. 11:00",7112,5934.8,1177.2,0,0,0,0,0,0,0,1967.4,0,2.099999904632568
,"Dim, 21.01. 12:00",6805,5722.7,1082.3,0,0,0,0,0,0,0,1836.2,0,2.900000095367432
,"Dim, 21.01. 13:00",6671.1,5778.7,892.4,0,0,0,0,0,0,0,1777.3,0,2.900000095367432
,"Dim, 21.01. 14:00",6315.1,5537.2,777.9,0,0,0,0,0,0,0,1659.8,0,3.299999952316284
,"Dim, 21.01. 15:00",6436.9,5753.8,683.1,0,0,0,0,0,0,0,1688.5,0,3
,"Dim, 21.01. 16:00",6591.6,5931.2,660.4,0,0,0,0,0,0,0,1725.2,0,2.900000095367432
,"Dim, 21.01. 17:00",6949.1,6235.2,713.9,0,0,0,0,0,0,0,1845.9,0,2.299999952316284
,"Dim, 21.01. 18:00",7784.3,6948.2,836.1,0,0,0,0,0,0,0,2053.8,0,2.5
,"Dim, 21.01. 19:00",8146.9,7299.4,847.5,0,0,0,0,0,0,0,2251.5,0,0.6000000238418579
,"Dim, 21.01. 20:00",8209.5,7409.9,799.6,0,0,0,0,0,0,0,2287.4,0,0
,"Dim, 21.01. 21:00",7749.7,7075.9,673.8,0,0,0,0,0,0,0,2118.4,0,0.300000011920929
,"Dim, 21.01. 22:00",5031.4,4498.8,532.6,0,0,0,0,0,0,0,1413.5,0,0.1000000014901161
,"Dim, 21.01. 23:00",4586.2,4260.3,325.9,0,0,0,0,0,0,0,1338.1,0,-1.899999976158142
,"Lun, 22.01. 00:00",4523.3,4289.9,233.4,0,0,0,0,0,0,0,1293.1,0,-1.399999976158142
,"Lun, 22.01. 01:00",4266.2,4149,117.2,0,0,0,0,0,0,0,1216.1,0,-1.700000047683716
,"Lun, 22.01. 02:00",4364.2,4327.9,36.3,0,0,0,0,0,0,0,1244.2,0,-2.099999904632568
,"Lun, 22.01. 03:00",4693.5,4654.8,38.7,0,0,0,0,0,0,0,1322.8,0,-1.700000047683716
,"Lun, 22.01. 04:00",5112.1,4989.1,123,0,0,0,0,0,0,0,1450.9,0,-1.700000047683716
,"Lun, 22.01. 05:00",6981.5,6639.5,342,0,0,0,0,0,0,0,1965.9,0,-1.299999952316284
,"Lun, 22.01. 06:00",9770.6,8814.7,955.9,0,0,0,0,0,0,0,2802.5,0,-1.299999952316284
,"Lun, 22.01. 07:00",9519.9,8518.6,1001.3,0,0,0,0,0,0,0,2720.9,0,-0.5
,"Lun, 22.01. 08:00",8500.2,7618.9,881.3,0,0,0,0,0,0,0,2432.3,0,-0.1000000014901161
,"Lun, 22.01. 09:00",7659.3,6930.6,728.7,0,0,0,0,0,0,0,2114.7,0,1.200000047683716
,"Lun, 22.01. 10:00",7265.4,6595.1,670.3,0,0,0,0,0,0,0,1932.2,0,2.5
,"Lun, 22.01. 11:00",6965.7,6319.5,646.2,0,0,0,0,0,0,0,1782.1,0,3.900000095367432
,"Lun, 22.01. 12:00",5787.4,5226.4,561,0,0,0,0,0,0,0,1441.8,0,4.900000095367432
,"Lun, 22.01. 13:00",5742.1,5188.5,553.6,0,0,0,0,0,0,0,1391.5,0,5.800000190734863
,"Lun, 22.01. 14:00",5673.1,5135,538.1,0,0,0,0,0,0,0,1347.7,0,6.5
,"Lun, 22.01. 15:00",5940,5411.1,528.9,0,0,0,0,0,0,0,1416.4,0,6.199999809265137
,"Lun, 22.01. 16:00",6950.9,6374.2,576.7,0,0,0,0,0,0,0,1796,0,3.200000047683716
,"Lun, 22.01. 17:00",7222.2,6545,677.2,0,0,0,0,0,0,0,1973,0,1.200000047683716
,"Lun, 22.01. 18:00",8279.4,7458.4,821,0,0,0,0,0,0,0,2270.1,0,1
,"Lun, 22.01. 19:00",8615.4,7613.5,1001.9,0,0,0,0,0,0,0,2423,0,0.2000000029802322
,"Lun, 22.01. 20:00",8749.9,7693,1056.9,0,0,0,0,0,0,0,2437.1,0,0.4000000059604645
,"Lun, 22.01. 21:00",9322.5,8256,1066.5,0,0,0,0,0,0,0,2718.9,0,-1.700000047683716
,"Lun, 22.01. 22:00",5034.4,4512.6,521.8,0,0,0,0,0,0,0,1474.6,0,-1.700000047683716
,"Lun, 22.01. 23:00",5113.5,4756.4,357.1,0,0,0,0,0,0,0,1500.5,0,-2.200000047683716
,"Mar, 23.01. 00:00",4441,4221.6,219.4,0,0,0,0,0,0,0,1287.1,0,-2
,"Mar, 23.01. 01:00",4380.9,4266.2,114.7,0,0,0,0,0,0,0,1270,0,-2.400000095367432
,"Mar, 23.01. 02:00",5139.8,5099.6,40.2,0,0,0,0,0,0,0,1498.2,0,-3
,"Mar, 23.01. 03:00",4604.3,4568.1,36.2,0,0,0,0,0,0,0,1320.4,0,-2.400000095367432
,"Mar, 23.01. 04:00",5247.9,5126.1,121.8,0,0,0,0,0,0,0,1500.1,0,-2
,"Mar, 23.01. 05:00",7974.2,7618.5,355.7,0,0,0,0,0,0,0,2344.4,0,-3.099999904632568
,"Mar, 23.01. 06:00",11158.5,10163.5,995,0,0,0,0,0,0,0,3359.1,0,-3.400000095367432
,"Mar, 23.01. 07:00",10543.8,9543,1000.8,0,0,0,0,0,0,0,3188.4,0,-3
,"Mar, 23.01. 08:00",8891.6,8072.2,819.4,0,0,0,0,0,0,0,2718.5,0,-3.099999904632568
,"Mar, 23.01. 09:00",8743.9,8030,713.9,0,0,0,0,0,0,0,2650.3,0,-2.900000095367432
,"Mar, 23.01. 10:00",8618.2,7922,696.2,0,0,0,0,0,0,0,2462.5,0,-0.5
,"Mar, 23.01. 11:00",7998.9,7341.2,657.7,0,0,0,0,0,0,0,2166.8,0,1.600000023841858
,"Mar, 23.01. 12:00",6818.4,6227.7,590.7,0,0,0,0,0,0,0,1783.7,0,3
,"Mar, 23.01. 13:00",6805.5,6228.2,577.3,0,0,0,0,0,0,0,1752.2,0,3.5
,"Mar, 23.01. 14:00",6317.3,5811.1,506.2,0,0,0,0,0,0,0,1636.9,0,3.200000047683716
,"Mar, 23.01. 15:00",6775.5,6267.4,508.1,0,0,0,0,0,0,0,1771.5,0,2.700000047683716
,"Mar, 23.01. 16:00",7547.6,6971.2,576.4,0,0,0,0,0,0,0,2005.1,0,2.099999904632568
,"Mar, 23.01. 17:00",8059.9,7326.4,733.5,0,0,0,0,0,0,0,2162.3,0,1.799999952316284
,"Mar, 23.01. 18:00",7742,7008.4,733.6,0,0,0,0,0,0,0,2113.5,0,1.100000023841858
,"Mar, 23.01. 19:00",8573.6,7622.2,951.4,0,0,0,0,0,0,0,2405,0,0.2000000029802322
,"Mar, 23.01. 20:00",9231.2,8185.4,1045.8,0,0,0,0,0,0,0,2607.7,0,-0.300000011920929
,"Mar, 23.01. 21:00",8609.2,7634.7,974.5,0,0,0,0,0,0,0,2419.6,0,-0.300000011920929
,"Mar, 23.01. 22:00",5657.7,5075.1,582.6,0,0,0,0,0,0,0,1639.5,0,-1.299999952316284
,"Mar, 23.01. 23:00",4907.2,4560.1,347.1,0,0,0,0,0,0,0,1420.1,0,-1.600000023841858
,"Mer, 24.01. 00:00",4627.7,4405.9,221.8,0,0,0,0,0,0,0,1356.6,0,-2.5
,"Mer, 24.01. 01:00",4672.1,4550.2,121.9,0,0,0,0,0,0,0,1350.5,0,-2.299999952316284
,"Mer, 24.01. 02:00",4688.6,4651.5,37.1,0,0,0,0,0,0,0,1357.3,0,-2.700000047683716
,"Mer, 24.01. 03:00",4754.8,4718.6,36.2,0,0,0,0,0,0,0,1380.5,0,-2.900000095367432
,"Mer, 24.01. 04:00",5527.3,5406.7,120.6,0,0,0,0,0,0,0,1627,0,-3.200000047683716
,"Mer, 24.01. 05:00",8719.2,8346.3,372.9,0,0,0,0,0,0,0,2607.9,0,-3.799999952316284
,"Mer, 24.01. 06:00",11898.3,10874.2,1024.1,0,0,0,0,0,0,0,3611.6,0,-3.799999952316284
,"Mer, 24.01. 07:00",10912.4,9922.6,989.8,0,0,0,0,0,0,0,3368.2,0,-3.900000095367432
,"Mer, 24.01. 08:00",10363.9,9457,906.9,0,0,0,0,0,0,0,3250.3,0,-4.300000190734863
,"Mer, 24.01. 09:00",9149.9,8436.3,713.6,0,0,0,0,0,0,0,2831.4,0,-3.799999952316284
,"Mer, 24.01. 10:00",8564.4,7914.2,650.2,0,0,0,0,0,0,0,2527.8,0,-1.899999976158142
,"Mer, 24.01. 11:00",7136.5,6588.9,547.6,0,0,0,0,0,0,0,2005.5,0,0.1000000014901161
,"Mer, 24.01. 12:00",7690,7075.6,614.4,0,0,0,0,0,0,0,2102.9,0,1.200000047683716
,"Mer, 24.01. 13:00",7539.3,6946.6,592.7,0,0,0,0,0,0,0,2015.3,0,2
,"Mer, 24.01. 14:00",7254.2,6706,548.2,0,0,0,0,0,0,0,1925.9,0,2.200000047683716
,"Mer, 24.01. 15:00",7429.4,6911.2,518.2,0,0,0,0,0,0,0,2016.9,0,1.200000047683716
,"Mer, 24.01. 16:00",7718.4,7175,543.4,0,0,0,0,0,0,0,2148.5,0,0.2000000029802322
,"Mer, 24.01. 17:00",8166.1,7482.3,683.8,0,0,0,0,0,0,0,2304.8,0,-0.300000011920929
,"Mer, 24.01. 18:00",8923.4,8134.7,788.7,0,0,0,0,0,0,0,2534.8,0,-0.6000000238418579
,"Mer, 24.01. 19:00",8798.5,7867.7,930.8,0,0,0,0,0,0,0,2519.2,0,-0.699999988079071
,"Mer, 24.01. 20:00",8634.8,7684.9,949.9,0,0,0,0,0,0,0,2442.3,0,-0.4000000059604645
,"Mer, 24.01. 21:00",8903.4,7918.9,984.5,0,0,0,0,0,0,0,2493.5,0,-0.2000000029802322
,"Mer, 24.01. 22:00",5583.7,4990.2,593.5,0,0,0,0,0,0,0,1576.6,0,-0.2000000029802322
,"Mer, 24.01. 23:00",4185,3872.1,312.9,0,0,0,0,0,0,0,1171.8,0,-0.2000000029802322
,"Jeu, 25.01. 00:00",4037.3,3820.4,216.9,0,0,0,0,0,0,0,1122.9,0,-0.300000011920929
,"Jeu, 25.01. 01:00",4170,4049.3,120.7,0,0,0,0,0,0,0,1150.9,0,-0.4000000059604645
,"Jeu, 25.01. 02:00",4018.6,3982.7,35.9,0,0,0,0,0,0,0,1097.4,0,-0.4000000059604645
,"Jeu, 25.01. 03:00",4448.8,4410.4,38.4,0,0,0,0,0,0,0,1215,0,-0.5
,"Jeu, 25.01. 04:00",4836.8,4716.2,120.6,0,0,0,0,0,0,0,1328,0,-0.4000000059604645
,"Jeu, 25.01. 05:00",7029.4,6691.5,337.9,0,0,0,0,0,0,0,1940.9,0,-0.6000000238418579
,"Jeu, 25.01. 06:00",10184.8,9220.1,964.7,0,0,0,0,0,0,0,2863.3,0,-0.6000000238418579
,"Jeu, 25.01. 07:00",10735.9,9665.3,1070.6,0,0,0,0,0,0,0,3088,0,-0.800000011920929
,"Jeu, 25.01. 08:00",9115.6,8217.8,897.8,0,0,0,0,0,0,0,2621,0,-0.4000000059604645
,"Jeu, 25.01. 09:00",7554.8,6892.4,662.4,0,0,0,0,0,0,0,2152.4,0,-0.2000000029802322
,"Jeu, 25.01. 10:00",7499,6881.3,617.7,0,0,0,0,0,0,0,2115.6,0,0.1000000014901161
,"Jeu, 25.01. 11:00",7616.5,7008.3,608.2,0,0,0,0,0,0,0,2119.7,0,0.5
,"Jeu, 25.01. 12:00",7192.7,6608.4,584.3,0,0,0,0,0,0,0,1988.3,0,0.800000011920929
,"Jeu, 25.01. 13:00",7956,7335.3,620.7,0,0,0,0,0,0,0,2193.7,0,0.800000011920929
,"Jeu, 25.01. 14:00",7177.9,6635.1,542.8,0,0,0,0,0,0,0,1953,0,1.299999952316284
,"Jeu, 25.01. 15:00",6552.1,6080.4,471.7,0,0,0,0,0,0,0,1775.7,0,1.299999952316284
,"Jeu, 25.01. 16:00",7891.3,7326.2,565.1,0,0,0,0,0,0,0,2217.4,0,-0.2000000029802322
,"Jeu, 25.01. 17:00",8768.5,8028.7,739.8,0,0,0,0,0,0,0,2528.2,0,-1.100000023841858
,"Jeu, 25.01. 18:00",8793,7996.8,796.2,0,0,0,0,0,0,0,2516.2,0,-0.800000011920929
,"Jeu, 25.01. 19:00",9674.5,8623.1,1051.4,0,0,0,0,0,0,0,2779.3,0,-0.800000011920929
,"Jeu, 25.01. 20:00",8947.7,7944.8,1002.9,0,0,0,0,0,0,0,2568.1,0,-0.8999999761581421
,"Jeu, 25.01. 21:00",9356.7,8322,1034.7,0,0,0,0,0,0,0,2703.3,0,-1.399999976158142
,"Jeu, 25.01. 22:00",5750.1,5173.3,576.8,0,0,0,0,0,0,0,1693.4,0,-2
,"Jeu, 25.01. 23:00",4784,4457.8,326.2,0,0,0,0,0,0,0,1410.3,0,-2.400000095367432
,"Ven, 26.01. 00:00",4874.4,4655.4,219,0,0,0,0,0,0,0,1466.9,0,-3.599999904632568
,"Ven, 26.01. 01:00",4678.3,4564.9,113.4,0,0,0,0,0,0,0,1396.6,0,-3.599999904632568
,"Ven, 26.01. 02:00",5235.3,5197.5,37.8,0,0,0,0,0,0,0,1578.6,0,-4.400000095367432
,"Ven, 26.01. 03:00",5586.9,5548.5,38.4,0,0,0,0,0,0,0,1700.6,0,-4.900000095367432
,"Ven, 26.01. 04:00",5926.1,5806.8,119.3,0,0,0,0,0,0,0,1807.8,0,-4.699999809265137
,"Ven, 26.01. 05:00",8944.5,8592.7,351.8,0,0,0,0,0,0,0,2779.4,0,-5.5
,"Ven, 26.01. 06:00",13277.5,12224.7,1052.8,0,0,0,0,0,0,0,4180.4,0,-5.599999904632568
,"Ven, 26.01. 07:00",12513.3,11484,1029.3,0,0,0,0,0,0,0,4089,0,-6.599999904632568
,"Ven, 26.01. 08:00",11319.4,10404.7,914.7,0,0,0,0,0,0,0,3681.6,0,-6
,"Ven, 26.01. 09:00",10017,9296.7,720.3,0,0,0,0,0,0,0,3212.3,0,-5.5
,"Ven, 26.01. 10:00",8843.9,8232.9,611,0,0,0,0,0,0,0,2733.3,0,-4
,"Ven, 26.01. 11:00",8606.2,7998.1,608.1,0,0,0,0,0,0,0,2495.3,0,-1.299999952316284
,"Ven, 26.01. 12:00",8254.5,7640.8,613.7,0,0,0,0,0,0,0,2301.1,0,0.300000011920929
,"Ven, 26.01. 13:00",7216.8,6686.6,530.2,0,0,0,0,0,0,0,1961.5,0,1.299999952316284
,"Ven, 26.01. 14:00",7595.1,7052.7,542.4,0,0,0,0,0,0,0,2029.8,0,1.899999976158142
,"Ven, 26.01. 15:00",7336.9,6834.5,502.4,0,0,0,0,0,0,0,1937.3,0,2.200000047683716
,"Ven, 26.01. 16:00",8009.8,7461.3,548.5,0,0,0,0,0,0,0,2185.6,0,0.8999999761581421
,"Ven, 26.01. 17:00",9456.1,8702.9,753.2,0,0,0,0,0,0,0,2672.4,0,-0.4000000059604645
,"Ven, 26.01. 18:00",9851.2,9047.8,803.4,0,0,0,0,0,0,0,2889.8,0,-2
,"Ven, 26.01. 19:00",10733.2,9692.3,1040.9,0,0,0,0,0,0,0,3193.9,0,-2.5
,"Ven, 26.01. 20:00",10330.4,9286.1,1044.3,0,0,0,0,0,0,0,3035.4,0,-2.099999904632568
,"Ven, 26.01. 21:00",10535.5,9491.1,1044.4,0,0,0,0,0,0,0,3145.5,0,-3
,"Ven, 26.01. 22:00",6281,5710.1,570.9,0,0,0,0,0,0,0,1919.9,0,-3.700000047683716
,"Ven, 26.01. 23:00",5202.2,4869.2,333,0,0,0,0,0,0,0,1564.6,0,-3.299999952316284
,"Sam, 27.01. 00:00",5025.8,4778.6,247.2,0,0,0,0,0,0,0,1526.5,0,-4
,"Sam, 27.01. 01:00",5056.4,4912,144.4,0,0,0,0,0,0,0,1529.4,0,-4.099999904632568
,"Sam, 27.01. 02:00",5528.5,5438.6,89.9,0,0,0,0,0,0,0,1694,0,-4.800000190734863
,"Sam, 27.01. 03:00",5374.7,5338.2,36.5,0,0,0,0,0,0,0,1668.9,0,-5.699999809265137
,"Sam, 27.01. 04:00",6261.8,6188.2,73.6,0,0,0,0,0,0,0,1979.2,0,-6.400000095367432
,"Sam, 27.01. 05:00",8556.8,8482.2,74.6,0,0,0,0,0,0,0,2653.8,0,-6
,"Sam, 27.01. 06:00",11170.8,11070.9,99.9,0,0,0,0,0,0,0,3351.8,0,-4.900000095367432
,"Sam, 27.01. 07:00",10375.4,10161.2,214.2,0,0,0,0,0,0,0,3167.4,0,-4.900000095367432
,"Sam, 27.01. 08:00",9788.4,9207.3,581.1,0,0,0,0,0,0,0,2980.4,0,-3.700000047683716
,"Sam, 27.01. 09:00",9155.3,8110.4,1044.9,0,0,0,0,0,0,0,2820.7,0,-3.299999952316284
,"Sam, 27.01. 10:00",8513.1,7368.1,1145,0,0,0,0,0,0,0,2488.6,0,-0.699999988079071
,"Sam, 27.01. 11:00",8026.2,6834.5,1191.7,0,0,0,0,0,0,0,2252.1,0,1.200000047683716
,"Sam, 27.01. 12:00",7473.7,6360.1,1113.6,0,0,0,0,0,0,0,1949,0,4
,"Sam, 27.01. 13:00",7271.5,6342.2,929.3,0,0,0,0,0,0,0,1858.5,0,4.300000190734863
,"Sam, 27.01. 14:00",6802.5,5987.8,814.7,0,0,0,0,0,0,0,1710.7,0,4.800000190734863
,"Sam, 27.01. 15:00",6792.7,6098.8,693.9,0,0,0,0,0,0,0,1699,0,4.599999904632568
,"Sam, 27.01. 16:00",6782.7,6121.5,661.2,0,0,0,0,0,0,0,1709.4,0,4.199999809265137
,"Sam, 27.01. 17:00",7257.6,6544.2,713.4,0,0,0,0,0,0,0,1875.7,0,3.200000047683716
,"Sam, 27.01. 18:00",8603,7743,860,0,0,0,0,0,0,0,2213.3,0,3.299999952316284
,"Sam, 27.01. 19:00",8405.4,7575,830.4,0,0,0,0,0,0,0,2196.4,0,2.5
,"Sam, 27.01. 20:00",8855.3,8033.1,822.2,0,0,0,0,0,0,0,2340.3,0,1.799999952316284
,"Sam, 27.01. 21:00",8694.4,8003.3,691.1,0,0,0,0,0,0,0,2243.6,0,2.200000047683716
,"Sam, 27.01. 22:00",4601.4,4099.5,501.9,0,0,0,0,0,0,0,1231.4,0,1.899999976158142
,"Sam, 27.01. 23:00",3964.8,3630.1,334.7,0,0,0,0,0,0,0,1064.2,0,1.600000023841858
,"Dim, 28.01. 00:00",3917.2,3658.2,259,0,0,0,0,0,0,0,1056.4,0,1.200000047683716
,"Dim, 28.01. 01:00",3463.8,3329.7,134.1,0,0,0,0,0,0,0,924.7,0,1.100000023841858
,"Dim, 28.01. 02:00",3655.4,3571.6,83.8,0,0,0,0,0,0,0,966.4,0,1.200000047683716
,"Dim, 28.01. 03:00",3717.4,3680.5,36.9,0,0,0,0,0,0,0,976.4,0,1.100000023841858
,"Dim, 28.01. 04:00",3937.8,3857.4,80.4,0,0,0,0,0,0,0,1033.7,0,1.299999952316284
,"Dim, 28.01. 05:00",5682.7,5597.8,84.9,0,0,0,0,0,0,0,1442.8,0,1.899999976158142
,"Dim, 28.01. 06:00",8291.7,8171.2,120.5,0,0,0,0,0,0,0,2035.2,0,2.799999952316284
,"Dim, 28.01. 07:00",7383.4,7152.5,230.9,0,0,0,0,0,0,0,1858.5,0,2.799999952316284
,"Dim, 28.01. 08:00",6639.3,6080.4,558.9,0,0,0,0,0,0,0,1730.5,0,2.900000095367432
,"Dim, 28.01. 09:00",7325.4,6180.6,1144.8,0,0,0,0,0,0,0,1972.6,0,3
,"Dim, 28.01. 10:00",6868.5,5667.1,1201.4,0,0,0,0,0,0,0,1824.9,0,3.799999952316284
,"Dim, 28.01. 11:00",6639.6,5357.4,1282.2,0,0,0,0,0,0,0,1704.6,0,5.400000095367432
,"Dim, 28.01. 12:00",5903.8,4803,1100.8,0,0,0,0,0,0,0,1480.9,0,6.099999904632568
,"Dim, 28.01. 13:00",5452.2,4571.7,880.5,0,0,0,0,0,0,0,1326.3,0,6.699999809265137
,"Dim, 28.01. 14:00",4749.8,4028.3,721.5,0,0,0,0,0,0,0,1128.1,0,7.400000095367432
,"Dim, 28.01. 15:00",4889.3,4255.8,633.5,0,0,0,0,0,0,0,1162,0,6.900000095367432
,"Dim, 28.01. 16:00",5686.9,5036.1,650.8,0,0,0,0,0,0,0,1406.7,0,5.199999809265137
,"Dim, 28.01. 17:00",6324,5612.5,711.5,0,0,0,0,0,0,0,1634.7,0,3.5
,"Dim, 28.01. 18:00",7027.9,6234.3,793.6,0,0,0,0,0,0,0,1867.9,0,2.400000095367432
,"Dim, 28.01. 19:00",7969.7,7073.7,896,0,0,0,0,0,0,0,2160.5,0,1.5
,"Dim, 28.01. 20:00",7719.5,6914.3,805.2,0,0,0,0,0,0,0,2125.6,0,0.6000000238418579
,"Dim, 28.01. 21:00",7398.4,6740.2,658.2,0,0,0,0,0,0,0,2083.4,0,-0.699999988079071
,"Dim, 28.01. 22:00",4720.7,4220.9,499.8,0,0,0,0,0,0,0,1342.1,0,-0.4000000059604645
,"Dim, 28.01. 23:00",4174.2,3845.8,328.4,0,0,0,0,0,0,0,1169.2,0,-0.1000000014901161
,"Lun, 29.01. 00:00",4853.6,4602.7,250.9,0,0,0,0,0,0,0,1390.3,0,-1.5
,"Lun, 29.01. 01:00",4309.2,4187.6,121.6,0,0,0,0,0,0,0,1216,0,-1.299999952316284
,"Lun, 29.01. 02:00",3854.5,3819.6,34.9,0,0,0,0,0,0,0,1062.1,0,-0.699999988079071
,"Lun, 29.01. 03:00",4155.8,4117.1,38.7,0,0,0,0,0,0,0,1108.6,0,0.4000000059604645
,"Lun, 29.01. 04:00",4602.2,4479.6,122.6,0,0,0,0,0,0,0,1246.5,0,0.2000000029802322
,"Lun, 29.01. 05:00",6687.8,6336.5,351.3,0,0,0,0,0,0,0,1824.8,0,0
,"Lun, 29.01. 06:00",9261.2,8278.6,982.6,0,0,0,0,0,0,0,2535.6,0,0.699999988079071
,"Lun, 29.01. 07:00",8643.6,7666.1,977.5,0,0,0,0,0,0,0,2382.5,0,1.100000023841858
,"Lun, 29.01. 08:00",7885.4,7016,869.4,0,0,0,0,0,0,0,2199.1,0,1
,"Lun, 29.01. 09:00",7478.1,6729.9,748.2,0,0,0,0,0,0,0,2034.2,0,1.799999952316284
,"Lun, 29.01. 10:00",6435.2,5825.2,610,0,0,0,0,0,0,0,1723.1,0,2.299999952316284
,"Lun, 29.01. 11:00",6347.2,5764.4,582.8,0,0,0,0,0,0,0,1680.9,0,2.599999904632568
,"Lun, 29.01. 12:00",6215,5631.8,583.2,0,0,0,0,0,0,0,1629.8,0,3
,"Lun, 29.01. 13:00",6078.1,5526.4,551.7,0,0,0,0,0,0,0,1580.1,0,3.200000047683716
,"Lun, 29.01. 14:00",5538.3,5049.2,489.1,0,0,0,0,0,0,0,1419.8,0,3.700000047683716
,"Lun, 29.01. 15:00",5881.4,5384.8,496.6,0,0,0,0,0,0,0,1498.1,0,3.799999952316284
,"Lun, 29.01. 16:00",6274.8,5732.8,542,0,0,0,0,0,0,0,1613.6,0,3.400000095367432
,"Lun, 29.01. 17:00",6596.2,5921.1,675.1,0,0,0,0,0,0,0,1724.9,0,3
,"Lun, 29.01. 18:00",7774.6,6932.7,841.9,0,0,0,0,0,0,0,2035.8,0,2.900000095367432
,"Lun, 29.01. 19:00",7419.5,6461,958.5,0,0,0,0,0,0,0,1953.9,0,2.900000095367432
,"Lun, 29.01. 20:00",8474,7346.9,1127.1,0,0,0,0,0,0,0,2228.6,0,2.799999952316284
,"Lun, 29.01. 21:00",7873.3,6840.4,1032.9,0,0,0,0,0,0,0,2087.1,0,2.299999952316284
,"Lun, 29.01. 22:00",4567.6,3992.1,575.5,0,0,0,0,0,0,0,1218.1,0,2.400000095367432
,"Lun, 29.01. 23:00",3882.2,3536.4,345.8,0,0,0,0,0,0,0,1022.9,0,2.400000095367432
,"Mar, 30.01. 00:00",3299.6,3083.1,216.5,0,0,0,0,0,0,0,860,0,2.400000095367432
,"Mar, 30.01. 01:00",3422.5,3303.4,119.1,0,0,0,0,0,0,0,888.4,0,2
,"Mar, 30.01. 02:00",3723.6,3684.9,38.7,0,0,0,0,0,0,0,968.5,0,1.399999976158142
,"Mar, 30.01. 03:00",3841.5,3804.2,37.3,0,0,0,0,0,0,0,1019.8,0,0.6000000238418579
,"Mar, 30.01. 04:00",4470.6,4349.3,121.3,0,0,0,0,0,0,0,1222.3,0,-0.2000000029802322
,"Mar, 30.01. 05:00",6472.8,6111.5,361.3,0,0,0,0,0,0,0,1778.9,0,-0.2000000029802322
,"Mar, 30.01. 06:00",8306.4,7373.7,932.7,0,0,0,0,0,0,0,2347.4,0,-0.4000000059604645
,"Mar, 30.01. 07:00",7906.9,6930.2,976.7,0,0,0,0,0,0,0,2180.9,0,1.299999952316284
,"Mar, 30.01. 08:00",7339.3,6443.9,895.4,0,0,0,0,0,0,0,2014,0,1.799999952316284
,"Mar, 30.01. 09:00",6739.4,6020.6,718.8,0,0,0,0,0,0,0,1855.4,0,1.399999976158142
,"Mar, 30.01. 10:00",6371.6,5703.7,667.9,0,0,0,0,0,0,0,1682.1,0,3
,"Mar, 30.01. 11:00",5855.1,5242.4,612.7,0,0,0,0,0,0,0,1496.4,0,4.099999904632568
,"Mar, 30.01. 12:00",5431.9,4831.2,600.7,0,0,0,0,0,0,0,1345.2,0,5.300000190734863
,"Mar, 30.01. 13:00",4986.2,4423.3,562.9,0,0,0,0,0,0,0,1186.4,0,6.699999809265137
,"Mar, 30.01. 14:00",4979.2,4464.4,514.8,0,0,0,0,0,0,0,1215.3,0,5.699999809265137
,"Mar, 30.01. 15:00",5081.3,4569.8,511.5,0,0,0,0,0,0,0,1217.5,0,6.199999809265137
,"Mar, 30.01. 16:00",5689.7,5098.7,591,0,0,0,0,0,0,0,1366.6,0,6.099999904632568
,"Mar, 30.01. 17:00",5864.9,5140.9,724,0,0,0,0,0,0,0,1423.2,0,6
,"Mar, 30.01. 18:00",6151.6,5357.2,794.4,0,0,0,0,0,0,0,1505.8,0,5.699999809265137
,"Mar, 30.01. 19:00",7161.9,6072.9,1089,0,0,0,0,0,0,0,1776,0,5.5
,"Mar, 30.01. 20:00",6800.4,5747.7,1052.7,0,0,0,0,0,0,0,1697.3,0,5.099999904632568
,"Mar, 30.01. 21:00",5778.8,4868.3,910.5,0,0,0,0,0,0,0,1414.1,0,5.599999904632568
,"Mar, 30.01. 22:00",3243.3,2729.6,513.7,0,0,0,0,0,0,0,798.1,0,5.800000190734863
,"Mar, 30.01. 23:00",2463.5,2131.5,332,0,0,0,0,0,0,0,567.9,0,7.800000190734863
,"Mer, 31.01. 00:00",1958.4,1733,225.4,0,0,0,0,0,0,0,428.8,0,9.100000381469727
,"Mer, 31.01. 01:00",2154.3,2040.2,114.1,0,0,0,0,0,0,0,482.1,0,7.300000190734863
,"Mer, 31.01. 02:00",2563.3,2527.1,36.2,0,0,0,0,0,0,0,592.9,0,5.5
,"Mer, 31.01. 03:00",2693.1,2656.1,37,0,0,0,0,0,0,0,621.3,0,5.5
,"Mer, 31.01. 04:00",3809.1,3687.8,121.3,0,0,0,0,0,0,0,969.2,0,2.5
,"Mer, 31.01. 05:00",5365.1,5028.3,336.8,0,0,0,0,0,0,0,1386,0,2.200000047683716
,"Mer, 31.01. 06:00",8132,7160.7,971.3,0,0,0,0,0,0,0,2243.3,0,0.699999988079071
,"Mer, 31.01. 07:00",7799.7,6803.3,996.4,0,0,0,0,0,0,0,2155.5,0,1.299999952316284
,"Mer, 31.01. 08:00",7020.6,6160.9,859.7,0,0,0,0,0,0,0,1970.4,0,0.8999999761581421
,"Mer, 31.01. 09:00",6490.4,5757.6,732.8,0,0,0,0,0,0,0,1755.1,0,2.200000047683716
,"Mer, 31.01. 10:00",5370.9,4729.3,641.6,0,0,0,0,0,0,0,1327.1,0,5.599999904632568
,"Mer, 31.01. 11:00",5094.2,4481.8,612.4,0,0,0,0,0,0,0,1219,0,6.699999809265137
,"Mer, 31.01. 12:00",5028.4,4386.5,641.9,0,0,0,0,0,0,0,1168.2,0,7.800000190734863
,"Mer, 31.01. 13:00",4157.9,3623.7,534.2,0,0,0,0,0,0,0,939.3,0,8.699999809265137
,"Mer, 31.01. 14:00",4109.1,3589,520.1,0,0,0,0,0,0,0,914.3,0,9.199999809265137
,"Mer, 31.01. 15:00",4334.3,3807.8,526.5,0,0,0,0,0,0,0,951.5,0,9.399999618530273
,"Mer, 31.01. 16:00",4641,4105.1,535.9,0,0,0,0,0,0,0,1069,0,7.699999809265137
,"Mer, 31.01. 17:00",5392.6,4711.3,681.3,0,0,0,0,0,0,0,1322.4,0,5.699999809265137
,"Mer, 31.01. 18:00",5705.2,4958.6,746.6,0,0,0,0,0,0,0,1420.9,0,5.099999904632568
,"Mer, 31.01. 19:00",6724,5685.8,1038.2,0,0,0,0,0,0,0,1697.5,0,4.900000095367432
,"Mer, 31.01. 20:00",6718,5655.3,1062.7,0,0,0,0,0,0,0,1699.7,0,4.699999809265137
,"Mer, 31.01. 21:00",7208.5,6187.3,1021.2,0,0,0,0,0,0,0,1978.3,0,1.299999952316284
,"Mer, 31.01. 22:00",5006.9,4465.4,541.5,0,0,0,0,0,0,0,1481.1,0,-2
,"Mer, 31.01. 23:00",5317,4985.1,331.9,0,0,0,0,0,0,0,1682.9,0,-5.599999904632568
,"Jeu, 01.02. 00:00",6508.9,6279.2,229.7,0,0,0,0,0,0,0,2208.9,0,-9.100000381469727
,"Jeu, 01.02. 01:00",6475.5,6354.1,121.4,0,0,0,0,0,0,0,2199.2,0,-9.399999618530273
,"Jeu, 01.02. 02:00",6319.7,6283.8,35.9,0,0,0,0,0,0,0,2153.7,0,-9.899999618530273
,"Jeu, 01.02. 03:00",6360.1,6325,35.1,0,0,0,0,0,0,0,2170.5,0,-10
,"Jeu, 01.02. 04:00",7482.2,7363.4,118.8,0,0,0,0,0,0,0,2586.2,0,-10.39999961853027
,"Jeu, 01.02. 05:00",11046.2,10691.9,354.3,0,0,0,0,0,0,0,3837,0,-10.69999980926514
,"Jeu, 01.02. 06:00",15488.9,14469.1,1019.8,0,0,0,0,0,0,0,5393.2,0,-10.39999961853027
,"Jeu, 01.02. 07:00",14733.1,13716.8,1016.3,0,0,0,0,0,0,0,5254.6,0,-11
,"Jeu, 01.02. 08:00",13628.4,12716.8,911.6,0,0,0,0,0,0,0,4896.1,0,-11
,"Jeu, 01.02. 09:00",11961.1,11243.2,717.9,0,0,0,0,0,0,0,4176.6,0,-9.800000190734863
,"Jeu, 01.02. 10:00",11445.4,10778.4,667,0,0,0,0,0,0,0,3804.1,0,-7.400000095367432
,"Jeu, 01.02. 11:00",10404.5,9798.6,605.9,0,0,0,0,0,0,0,3299.2,0,-5.300000190734863
,"Jeu, 01.02. 12:00",9752.5,9164.8,587.7,0,0,0,0,0,0,0,3007.9,0,-4.099999904632568
,"Jeu, 01.02. 13:00",9413.3,8862.5,550.8,0,0,0,0,0,0,0,2867.5,0,-3.599999904632568
,"Jeu, 01.02. 14:00",9592.6,9057.3,535.3,0,0,0,0,0,0,0,2921.2,0,-3.599999904632568
,"Jeu, 01.02. 15:00",9844.3,9317.8,526.5,0,0,0,0,0,0,0,2966.6,0,-3.299999952316284
,"Jeu, 01.02. 16:00",10133.6,9570.7,562.9,0,0,0,0,0,0,0,3053,0,-3.299999952316284
,"Jeu, 01.02. 17:00",11091.2,10347,744.2,0,0,0,0,0,0,0,3346.8,0,-3.299999952316284
,"Jeu, 01.02. 18:00",10926.5,10148.8,777.7,0,0,0,0,0,0,0,3303.2,0,-3.400000095367432
,"Jeu, 01.02. 19:00",11424.8,10447.7,977.1,0,0,0,0,0,0,0,3459.4,0,-3.400000095367432
,"Jeu, 01.02. 20:00",11792.5,10751.5,1041,0,0,0,0,0,0,0,3563.7,0,-3.5
,"Jeu, 01.02. 21:00",11732.8,10681.8,1051,0,0,0,0,0,0,0,3467,0,-2.799999952316284
,"Jeu, 01.02. 22:00",5944.5,5409,535.5,0,0,0,0,0,0,0,1758.3,0,-2.400000095367432
,"Jeu, 01.02. 23:00",5589.4,5244.2,345.2,0,0,0,0,0,0,0,1676.2,0,-3.200000047683716
,"Ven, 02.02. 00:00",5311,5076.7,234.3,0,0,0,0,0,0,0,1615,0,-4.099999904632568
,"Ven, 02.02. 01:00",4654.9,4548.1,106.8,0,0,0,0,0,0,0,1429.9,0,-4.900000095367432
,"Ven, 02.02. 02:00",5478.2,5440.2,38,0,0,0,0,0,0,0,1692.2,0,-5.400000095367432
,"Ven, 02.02. 03:00",5271.8,5235.7,36.1,0,0,0,0,0,0,0,1612.7,0,-5.099999904632568
,"Ven, 02.02. 04:00",6324.2,6199.3,124.9,0,0,0,0,0,0,0,1960.6,0,-5.400000095367432
,"Ven, 02.02. 05:00",8185.3,7859.2,326.1,0,0,0,0,0,0,0,2544.4,0,-5.5
,"Ven, 02.02. 06:00",12428.1,11418.8,1009.3,0,0,0,0,0,0,0,3885.4,0,-5.199999809265137
,"Ven, 02.02. 07:00",12704.4,11608.6,1095.8,0,0,0,0,0,0,0,3997.9,0,-4.900000095367432
,"Ven, 02.02. 08:00",9629,8822.9,806.1,0,0,0,0,0,0,0,3061.7,0,-5
,"Ven, 02.02. 09:00",9542.6,8854.2,688.4,0,0,0,0,0,0,0,3093.9,0,-6
,"Ven, 02.02. 10:00",8324,7697.4,626.6,0,0,0,0,0,0,0,2407,0,-1
,"Ven, 02.02. 11:00",8321.4,7703.5,617.9,0,0,0,0,0,0,0,2341,0,0
,"Ven, 02.02. 12:00",8468.4,7839,629.4,0,0,0,0,0,0,0,2396.5,0,-0.300000011920929
,"Ven, 02.02. 13:00",7510.2,6965.4,544.8,0,0,0,0,0,0,0,2089.1,0,0.300000011920929
,"Ven, 02.02. 14:00",7584.4,7054.5,529.9,0,0,0,0,0,0,0,2095,0,0.6000000238418579
,"Ven, 02.02. 15:00",7767.8,7247.1,520.7,0,0,0,0,0,0,0,2120.5,0,0.8999999761581421
,"Ven, 02.02. 16:00",7812.4,7271.6,540.8,0,0,0,0,0,0,0,2145,0,0.699999988079071
,"Ven, 02.02. 17:00",8865.5,8128.9,736.6,0,0,0,0,0,0,0,2447.1,0,0.6000000238418579
,"Ven, 02.02. 18:00",8600.8,7855.2,745.6,0,0,0,0,0,0,0,2414.1,0,-0.1000000014901161
,"Ven, 02.02. 19:00",9164,8208.1,955.9,0,0,0,0,0,0,0,2568.7,0,0.1000000014901161
,"Ven, 02.02. 20:00",10015.5,8933.2,1082.3,0,0,0,0,0,0,0,2789.4,0,0.2000000029802322
,"Ven, 02.02. 21:00",9254.9,8265.2,989.7,0,0,0,0,0,0,0,2591.8,0,-0.300000011920929
,"Ven, 02.02. 22:00",5326.7,4774.8,551.9,0,0,0,0,0,0,0,1509.4,0,-0.4000000059604645
,"Ven, 02.02. 23:00",4423.8,4102.2,321.6,0,0,0,0,0,0,0,1246.1,0,-0.5
,"Sam, 03.02. 00:00",4574.1,4315.5,258.6,0,0,0,0,0,0,0,1298,0,-1
,"Sam, 03.02. 01:00",4390,4243.1,146.9,0,0,0,0,0,0,0,1228.9,0,-0.800000011920929
,"Sam, 03.02. 02:00",4395.2,4310.3,84.9,0,0,0,0,0,0,0,1233.7,0,-1.200000047683716
,"Sam, 03.02. 03:00",4200,4164.3,35.7,0,0,0,0,0,0,0,1159.4,0,-0.800000011920929
,"Sam, 03.02. 04:00",4974.3,4902.2,72.1,0,0,0,0,0,0,0,1391.8,0,-1.299999952316284
,"Sam, 03.02. 05:00",6881.9,6811.3,70.6,0,0,0,0,0,0,0,1876.3,0,-0.800000011920929
,"Sam, 03.02. 06:00",10303.6,10201,102.6,0,0,0,0,0,0,0,2806.5,0,-1
,"Sam, 03.02. 07:00",9556.1,9334.2,221.9,0,0,0,0,0,0,0,2619.5,0,-0.5
,"Sam, 03.02. 08:00",8685.2,8117.6,567.6,0,0,0,0,0,0,0,2450.3,0,-0.5
,"Sam, 03.02. 09:00",8599.9,7516.2,1083.7,0,0,0,0,0,0,0,2457.9,0,0.1000000014901161
,"Sam, 03.02. 10:00",7727.5,6622.7,1104.8,0,0,0,0,0,0,0,2171.5,0,1
,"Sam, 03.02. 11:00",7590.3,6440.4,1149.9,0,0,0,0,0,0,0,2128,0,1.299999952316284
,"Sam, 03.02. 12:00",7422.2,6355.6,1066.6,0,0,0,0,0,0,0,2031.4,0,2.099999904632568
,"Sam, 03.02. 13:00",6805,5950.5,854.5,0,0,0,0,0,0,0,1795,0,3.099999904632568
,"Sam, 03.02. 14:00",6590.1,5818,772.1,0,0,0,0,0,0,0,1716.7,0,3.5
,"Sam, 03.02. 15:00",6959,6240,719,0,0,0,0,0,0,0,1755.5,0,4.300000190734863
,"Sam, 03.02. 16:00",6912,6226.3,685.7,0,0,0,0,0,0,0,1748.2,0,4.099999904632568
,"Sam, 03.02. 17:00",7663.3,6930.3,733,0,0,0,0,0,0,0,2071,0,1.5
,"Sam, 03.02. 18:00",8301.1,7533.4,767.7,0,0,0,0,0,0,0,2349.8,0,-0.5
,"Sam, 03.02. 19:00",9853,8939.8,913.2,0,0,0,0,0,0,0,2818.2,0,-1
,"Sam, 03.02. 20:00",9381,8537.3,843.7,0,0,0,0,0,0,0,2625.9,0,-0.4000000059604645
,"Sam, 03.02. 21:00",8474.7,7832.5,642.2,0,0,0,0,0,0,0,2348.9,0,-0.5
,"Sam, 03.02. 22:00",5128.6,4644.6,484,0,0,0,0,0,0,0,1495.8,0,-1.700000047683716
,"Sam, 03.02. 23:00",5018.1,4663.9,354.2,0,0,0,0,0,0,0,1473.1,0,-2.200000047683716
,"Dim, 04.02. 00:00",4509.6,4259.2,250.4,0,0,0,0,0,0,0,1305.1,0,-1.799999952316284
,"Dim, 04.02. 01:00",4454.2,4307.9,146.3,0,0,0,0,0,0,0,1271.1,0,-1.600000023841858
,"Dim, 04.02. 02:00",3940.6,3865.5,75.1,0,0,0,0,0,0,0,1125.7,0,-1.899999976158142
,"Dim, 04.02. 03:00",4610.1,4572.2,37.9,0,0,0,0,0,0,0,1315.1,0,-2.099999904632568
,"Dim, 04.02. 04:00",4954.7,4872.2,82.5,0,0,0,0,0,0,0,1428.2,0,-2.400000095367432
,"Dim, 04.02. 05:00",6282.6,6206,76.6,0,0,0,0,0,0,0,1792.8,0,-2.5
,"Dim, 04.02. 06:00",8963.6,8855.5,108.1,0,0,0,0,0,0,0,2511.1,0,-2
,"Dim, 04.02. 07:00",9774.9,9524.7,250.2,0,0,0,0,0,0,0,2825.7,0,-2.5
,"Dim, 04.02. 08:00",8693.3,8090.6,602.7,0,0,0,0,0,0,0,2557.4,0,-2.099999904632568
,"Dim, 04.02. 09:00",8226.5,7151.4,1075.1,0,0,0,0,0,0,0,2459.4,0,-1.700000047683716
,"Dim, 04.02. 10:00",7598.5,6448.6,1149.9,0,0,0,0,0,0,0,2171.7,0,0.5
,"Dim, 04.02. 11:00",7021,5816.7,1204.3,0,0,0,0,0,0,0,1891.7,0,3.200000047683716
,"Dim, 04.02. 12:00",6746.9,5585.8,1161.1,0,0,0,0,0,0,0,1723.6,0,5.199999809265137
,"Dim, 04.02. 13:00",5659.5,4774,885.5,0,0,0,0,0,0,0,1352.6,0,7.199999809265137
,"Dim, 04.02. 14:00",5241.5,4476.8,764.7,0,0,0,0,0,0,0,1229.1,0,7.699999809265137
,"Dim, 04.02. 15:00",5436.1,4757.9,678.2,0,0,0,0,0,0,0,1272.4,0,7.300000190734863
,"Dim, 04.02. 16:00",5818.4,5176,642.4,0,0,0,0,0,0,0,1418.1,0,5.599999904632568
,"Dim, 04.02. 17:00",6440.8,5753.8,687,0,0,0,0,0,0,0,1662.8,0,3.400000095367432
,"Dim, 04.02. 18:00",7488,6697.8,790.2,0,0,0,0,0,0,0,2011.7,0,1.799999952316284
,"Dim, 04.02. 19:00",8061.3,7152.1,909.2,0,0,0,0,0,0,0,2073.9,0,3.400000095367432
,"Dim, 04.02. 20:00",7138.5,6377.2,761.3,0,0,0,0,0,0,0,1833,0,3.200000047683716
,"Dim, 04.02. 21:00",6966.8,6297.8,669,0,0,0,0,0,0,0,1745.6,0,3.599999904632568
,"Dim, 04.02. 22:00",3771.9,3295.2,476.7,0,0,0,0,0,0,0,969.4,0,3.799999952316284
,"Dim, 04.02. 23:00",3163.6,2843.2,320.4,0,0,0,0,0,0,0,789.4,0,4.599999904632568
,"Lun, 05.02. 00:00",2910.6,2692.8,217.8,0,0,0,0,0,0,0,717.4,0,4.5
,"Lun, 05.02. 01:00",3180.8,3064.6,116.2,0,0,0,0,0,0,0,805.6,0,2.900000095367432
,"Lun, 05.02. 02:00",3097.9,3062.9,35,0,0,0,0,0,0,0,774.9,0,2.799999952316284
,"Lun, 05.02. 03:00",3076.4,3041.5,34.9,0,0,0,0,0,0,0,758,0,3.299999952316284
,"Lun, 05.02. 04:00",2923.7,2811.2,112.5,0,0,0,0,0,0,0,673.6,0,6
,"Lun, 05.02. 05:00",5297.7,4937.3,360.4,0,0,0,0,0,0,0,1249.6,0,5.400000095367432
,"Lun, 05.02. 06:00",8004.4,7026.5,977.9,0,0,0,0,0,0,0,2035.9,0,3.700000047683716
,"Lun, 05.02. 07:00",8448.7,7385.2,1063.5,0,0,0,0,0,0,0,2239.3,0,2.799999952316284
,"Lun, 05.02. 08:00",7103.7,6220.5,883.2,0,0,0,0,0,0,0,1887.8,0,3.099999904632568
,"Lun, 05.02. 09:00",6265.5,5564.2,701.3,0,0,0,0,0,0,0,1639.6,0,3.5
,"Lun, 05.02. 10:00",5809.4,5195.8,613.6,0,0,0,0,0,0,0,1502,0,3.799999952316284
,"Lun, 05.02. 11:00",6133.3,5504.8,628.5,0,0,0,0,0,0,0,1566.2,0,4.099999904632568
,"Lun, 05.02. 12:00",5611.9,5025.6,586.3,0,0,0,0,0,0,0,1422,0,4.400000095367432
,"Lun, 05.02. 13:00",5342.7,4810.2,532.5,0,0,0,0,0,0,0,1356.1,0,4.199999809265137
,"Lun, 05.02. 14:00",5378.4,4860.3,518.1,0,0,0,0,0,0,0,1351.9,0,4.5
,"Lun, 05.02. 15:00",5891.9,5367.3,524.6,0,0,0,0,0,0,0,1506.4,0,3.700000047683716
,"Lun, 05.02. 16:00",6466.5,5899.5,567,0,0,0,0,0,0,0,1718,0,2.200000047683716
,"Lun, 05.02. 17:00",6426.7,5755,671.7,0,0,0,0,0,0,0,1730.2,0,1.899999976158142
,"Lun, 05.02. 18:00",7360.7,6546.2,814.5,0,0,0,0,0,0,0,1994.6,0,1.700000047683716
,"Lun, 05.02. 19:00",7142.3,6188.5,953.8,0,0,0,0,0,0,0,1933.3,0,2
,"Lun, 05.02. 20:00",7547.5,6509,1038.5,0,0,0,0,0,0,0,2040.3,0,1.899999976158142
,"Lun, 05.02. 21:00",7133.6,6146.2,987.4,0,0,0,0,0,0,0,1904.3,0,2.200000047683716
,"Lun, 05.02. 22:00",4452.3,3884.8,567.5,0,0,0,0,0,0,0,1198.3,0,2.099999904632568
,"Lun, 05.02. 23:00",3781.9,3441.2,340.7,0,0,0,0,0,0,0,998.6,0,2.299999952316284
,"Mar, 06.02. 00:00",3606.5,3393.3,213.2,0,0,0,0,0,0,0,968.1,0,1.200000047683716
,"Mar, 06.02. 01:00",4059.6,3933.6,126,0,0,0,0,0,0,0,1092.4,0,0.6000000238418579
,"Mar, 06.02. 02:00",4293.4,4254.6,38.8,0,0,0,0,0,0,0,1172.1,0,-0.4000000059604645
,"Mar, 06.02. 03:00",4425.8,4387.3,38.5,0,0,0,0,0,0,0,1217.4,0,-0.699999988079071
,"Mar, 06.02. 04:00",5079.7,4956.7,123,0,0,0,0,0,0,0,1437.7,0,-1.600000023841858
,"Mar, 06.02. 05:00",6942.2,6603.2,339,0,0,0,0,0,0,0,1979.9,0,-1.799999952316284
,"Mar, 06.02. 06:00",9266.1,8318.4,947.7,0,0,0,0,0,0,0,2585.9,0,-0.1000000014901161
,"Mar, 06.02. 07:00",9305.5,8302.8,1002.7,0,0,0,0,0,0,0,2644.6,0,-0.2000000029802322
,"Mar, 06.02. 08:00",8047.3,7199.6,847.7,0,0,0,0,0,0,0,2303.7,0,-0.1000000014901161
,"Mar, 06.02. 09:00",7539.4,6831.2,708.2,0,0,0,0,0,0,0,2132.8,0,0.2000000029802322
,"Mar, 06.02. 10:00",7455.9,6771.6,684.3,0,0,0,0,0,0,0,2018.9,0,1.799999952316284
,"Mar, 06.02. 11:00",6404.8,5800.8,604,0,0,0,0,0,0,0,1639.3,0,3.900000095367432
,"Mar, 06.02. 12:00",6072.6,5498.6,574,0,0,0,0,0,0,0,1562.2,0,3.700000047683716
,"Mar, 06.02. 13:00",6425.6,5837.3,588.3,0,0,0,0,0,0,0,1638.9,0,3.900000095367432
,"Mar, 06.02. 14:00",6054.8,5521.2,533.6,0,0,0,0,0,0,0,1534.9,0,4.099999904632568
,"Mar, 06.02. 15:00",6195.9,5681.9,514,0,0,0,0,0,0,0,1577.2,0,3.799999952316284
,"Mar, 06.02. 16:00",6560.5,5999.4,561.1,0,0,0,0,0,0,0,1676.4,0,3.599999904632568
,"Mar, 06.02. 17:00",6715.7,6044.2,671.5,0,0,0,0,0,0,0,1761.1,0,2.799999952316284
,"Mar, 06.02. 18:00",7537,6746.5,790.5,0,0,0,0,0,0,0,1999.6,0,2.400000095367432
,"Mar, 06.02. 19:00",8522.1,7488.4,1033.7,0,0,0,0,0,0,0,2341.2,0,1.200000047683716
,"Mar, 06.02. 20:00",8374,7305.3,1068.7,0,0,0,0,0,0,0,2251.3,0,1.899999976158142
,"Mar, 06.02. 21:00",7721.5,6744.3,977.2,0,0,0,0,0,0,0,2081,0,1.600000023841858
,"Mar, 06.02. 22:00",4748.4,4181.4,567,0,0,0,0,0,0,0,1292,0,1.5
,"Mar, 06.02. 23:00",3879.4,3552.2,327.2,0,0,0,0,0,0,0,1041,0,1.600000023841858
,"Mer, 07.02. 00:00",3803.9,3575.1,228.8,0,0,0,0,0,0,0,1021.3,0,1.200000047683716
,"Mer, 07.02. 01:00",3634.8,3513.9,120.9,0,0,0,0,0,0,0,955.6,0,1.5
,"Mer, 07.02. 02:00",3219.5,3186,33.5,0,0,0,0,0,0,0,833.6,0,1.600000023841858
,"Mer, 07.02. 03:00",3903.5,3864.4,39.1,0,0,0,0,0,0,0,1011.3,0,1.5
,"Mer, 07.02. 04:00",3933.5,3818.8,114.7,0,0,0,0,0,0,0,1026,0,1.600000023841858
,"Mer, 07.02. 05:00",6156.9,5804.1,352.8,0,0,0,0,0,0,0,1620.7,0,1.399999976158142
,"Mer, 07.02. 06:00",9056.4,8031.2,1025.2,0,0,0,0,0,0,0,2441.1,0,1.399999976158142
,"Mer, 07.02. 07:00",8739.1,7687.4,1051.7,0,0,0,0,0,0,0,2381.9,0,1.700000047683716
,"Mer, 07.02. 08:00",7347.3,6491.8,855.5,0,0,0,0,0,0,0,2032.4,0,1.399999976158142
,"Mer, 07.02. 09:00",7138.8,6409.3,729.5,0,0,0,0,0,0,0,1978.1,0,1.100000023841858
,"Mer, 07.02. 10:00",6199.6,5574.3,625.3,0,0,0,0,0,0,0,1637,0,2.900000095367432
,"Mer, 07.02. 11:00",5946,5336.4,609.6,0,0,0,0,0,0,0,1501.2,0,4.5
,"Mer, 07.02. 12:00",5109.8,4553.8,556,0,0,0,0,0,0,0,1246.6,0,5.800000190734863
,"Mer, 07.02. 13:00",5089.9,4541.1,548.8,0,0,0,0,0,0,0,1214.8,0,6.5
,"Mer, 07.02. 14:00",4900.5,4388.2,512.3,0,0,0,0,0,0,0,1158.6,0,6.800000190734863
,"Mer, 07.02. 15:00",5203.9,4695.4,508.5,0,0,0,0,0,0,0,1236.8,0,6.400000095367432
,"Mer, 07.02. 16:00",5755.7,5216.8,538.9,0,0,0,0,0,0,0,1445.3,0,4.400000095367432
,"Mer, 07.02. 17:00",6405.1,5699.3,705.8,0,0,0,0,0,0,0,1638.3,0,3.900000095367432
,"Mer, 07.02. 18:00",6908.1,6118.3,789.8,0,0,0,0,0,0,0,1800.1,0,3.200000047683716
,"Mer, 07.02. 19:00",6985.1,6032.6,952.5,0,0,0,0,0,0,0,1832.1,0,3.200000047683716
,"Mer, 07.02. 20:00",8055.4,6924.5,1130.9,0,0,0,0,0,0,0,2110.8,0,3.099999904632568
,"Mer, 07.02. 21:00",7505.7,6459.4,1046.3,0,0,0,0,0,0,0,1965.9,0,2.900000095367432
,"Mer, 07.02. 22:00",4295.5,3768,527.5,0,0,0,0,0,0,0,1171.1,0,1.5
,"Mer, 07.02. 23:00",3805,3468.2,336.8,0,0,0,0,0,0,0,1010.4,0,2.099999904632568
,"Jeu, 08.02. 00:00",4033.4,3802.5,230.9,0,0,0,0,0,0,0,1089.2,0,0.8999999761581421
,"Jeu, 08.02. 01:00",4180.6,4061,119.6,0,0,0,0,0,0,0,1158.5,0,-0.6000000238418579
,"Jeu, 08.02. 02:00",4282.2,4245.4,36.8,0,0,0,0,0,0,0,1194,0,-1.200000047683716
,"Jeu, 08.02. 03:00",4477.7,4440.7,37,0,0,0,0,0,0,0,1252.7,0,-1.399999976158142
,"Jeu, 08.02. 04:00",4919.8,4801.6,118.2,0,0,0,0,0,0,0,1382,0,-1.299999952316284
,"Jeu, 08.02. 05:00",7713.6,7351.1,362.5,0,0,0,0,0,0,0,2197.3,0,-1.799999952316284
,"Jeu, 08.02. 06:00",10586.5,9601.3,985.2,0,0,0,0,0,0,0,3104.3,0,-2.299999952316284
,"Jeu, 08.02. 07:00",10561.5,9530.5,1031,0,0,0,0,0,0,0,3167.7,0,-2.599999904632568
,"Jeu, 08.02. 08:00",9132.1,8251,881.1,0,0,0,0,0,0,0,2718.2,0,-1.899999976158142
,"Jeu, 08.02. 09:00",8583.6,7833.3,750.3,0,0,0,0,0,0,0,2488,0,-0.8999999761581421
,"Jeu, 08.02. 10:00",7112.1,6499.8,612.3,0,0,0,0,0,0,0,1957.7,0,1.100000023841858
,"Jeu, 08.02. 11:00",6629.1,6056.5,572.6,0,0,0,0,0,0,0,1752.2,0,2.599999904632568
,"Jeu, 08.02. 12:00",7105.2,6467,638.2,0,0,0,0,0,0,0,1835.5,0,3.5
,"Jeu, 08.02. 13:00",6801.1,6180.2,620.9,0,0,0,0,0,0,0,1677.9,0,5.099999904632568
,"Jeu, 08.02. 14:00",5629.8,5123.1,506.7,0,0,0,0,0,0,0,1357.4,0,5.900000095367432
,"Jeu, 08.02. 15:00",5672.5,5189.6,482.9,0,0,0,0,0,0,0,1364.3,0,5.800000190734863
,"Jeu, 08.02. 16:00",6218.8,5701.9,516.9,0,0,0,0,0,0,0,1567.2,0,4.099999904632568
,"Jeu, 08.02. 17:00",7416.2,6731.8,684.4,0,0,0,0,0,0,0,2002.3,0,1.600000023841858
,"Jeu, 08.02. 18:00",8303.1,7529.4,773.7,0,0,0,0,0,0,0,2346.2,0,-0.300000011920929
,"Jeu, 08.02. 19:00",9047.4,8055.3,992.1,0,0,0,0,0,0,0,2620.2,0,-1.100000023841858
,"Jeu, 08.02. 20:00",9690.4,8602.1,1088.3,0,0,0,0,0,0,0,2821.4,0,-1.5
,"Jeu, 08.02. 21:00",9746.7,8670.8,1075.9,0,0,0,0,0,0,0,2865.1,0,-2.099999904632568
,"Jeu, 08.02. 22:00",5539.1,4984.4,554.7,0,0,0,0,0,0,0,1635.7,0,-2.099999904632568
,"Jeu, 08.02. 23:00",5042.3,4695.2,347.1,0,0,0,0,0,0,0,1479,0,-2.200000047683716
,"Ven, 09.02. 00:00",5223.3,4990.2,233.1,0,0,0,0,0,0,0,1591.8,0,-4.199999809265137
,"Ven, 09.02. 01:00",4528.7,4411.5,117.2,0,0,0,0,0,0,0,1318.6,0,-2.599999904632568
,"Ven, 09.02. 02:00",4546.3,4510,36.3,0,0,0,0,0,0,0,1312,0,-2.599999904632568
,"Ven, 09.02. 03:00",5062.1,5024.7,37.4,0,0,0,0,0,0,0,1504.3,0,-3.799999952316284
,"Ven, 09.02. 04:00",5456.1,5339.1,117,0,0,0,0,0,0,0,1635,0,-4
,"Ven, 09.02. 05:00",8003.9,7645.2,358.7,0,0,0,0,0,0,0,2365.4,0,-3.299999952316284
,"Ven, 09.02. 06:00",11298.1,10274.6,1023.5,0,0,0,0,0,0,0,3404,0,-3.400000095367432
,"Ven, 09.02. 07:00",9752.2,8792.3,959.9,0,0,0,0,0,0,0,2884.4,0,-2
,"Ven, 09.02. 08:00",8984.5,8112.7,871.8,0,0,0,0,0,0,0,2650.1,0,-1.5
,"Ven, 09.02. 09:00",8215.3,7494.5,720.8,0,0,0,0,0,0,0,2361.2,0,-0.6000000238418579
,"Ven, 09.02. 10:00",7447.7,6817,630.7,0,0,0,0,0,0,0,2070.5,0,0.699999988079071
,"Ven, 09.02. 11:00",7276.1,6661.4,614.7,0,0,0,0,0,0,0,1953.3,0,2
,"Ven, 09.02. 12:00",6619.6,6041.2,578.4,0,0,0,0,0,0,0,1738.4,0,2.799999952316284
,"Ven, 09.02. 13:00",7124.7,6510.2,614.5,0,0,0,0,0,0,0,1827.1,0,3.599999904632568
,"Ven, 09.02. 14:00",6376.6,5833.8,542.8,0,0,0,0,0,0,0,1596.3,0,4.5
,"Ven, 09.02. 15:00",5776.8,5304.7,472.1,0,0,0,0,0,0,0,1428.5,0,4.800000190734863
,"Ven, 09.02. 16:00",6612.7,6058.2,554.5,0,0,0,0,0,0,0,1647.6,0,4.5
,"Ven, 09.02. 17:00",7311,6613.1,697.9,0,0,0,0,0,0,0,1909,0,2.900000095367432
,"Ven, 09.02. 18:00",7935.2,7154.6,780.6,0,0,0,0,0,0,0,2124.4,0,1.899999976158142
,"Ven, 09.02. 19:00",7570.1,6688.8,881.3,0,0,0,0,0,0,0,2057.5,0,1.5
,"Ven, 09.02. 20:00",8956.7,7890.7,1066,0,0,0,0,0,0,0,2448.5,0,1.100000023841858
,"Ven, 09.02. 21:00",8502.3,7487.5,1014.8,0,0,0,0,0,0,0,2307.9,0,1.200000047683716
,"Ven, 09.02. 22:00",5206.3,4624.3,582,0,0,0,0,0,0,0,1444.7,0,0.6000000238418579
,"Ven, 09.02. 23:00",4409.2,4059.4,349.8,0,0,0,0,0,0,0,1206.9,0,0.800000011920929
,"Sam, 10.02. 00:00",4196.4,3939.4,257,0,0,0,0,0,0,0,1140.1,0,0.800000011920929
,"Sam, 10.02. 01:00",4128.1,3982,146.1,0,0,0,0,0,0,0,1117.8,0,0.5
,"Sam, 10.02. 02:00",4053.9,3969.6,84.3,0,0,0,0,0,0,0,1089.8,0,0.5
,"Sam, 10.02. 03:00",3775.5,3741.5,34,0,0,0,0,0,0,0,1003.9,0,0.6000000238418579
,"Sam, 10.02. 04:00",4733.9,4660.3,73.6,0,0,0,0,0,0,0,1258.3,0,0.699999988079071
,"Sam, 10.02. 05:00",6946.4,6874.1,72.3,0,0,0,0,0,0,0,1826.3,0,0.5
,"Sam, 10.02. 06:00",9421,9327.9,93.1,0,0,0,0,0,0,0,2490,0,0.1000000014901161
,"Sam, 10.02. 07:00",9549.7,9330.9,218.8,0,0,0,0,0,0,0,2580.2,0,0.1000000014901161
,"Sam, 10.02. 08:00",8708.8,8144.2,564.6,0,0,0,0,0,0,0,2417.7,0,0.2000000029802322
,"Sam, 10.02. 09:00",8431,7385.2,1045.8,0,0,0,0,0,0,0,2386.2,0,0.4000000059604645
,"Sam, 10.02. 10:00",8559.6,7378.8,1180.8,0,0,0,0,0,0,0,2430.7,0,0.5
,"Sam, 10.02. 11:00",8263.9,7071.3,1192.6,0,0,0,0,0,0,0,2363.6,0,0.300000011920929
,"Sam, 10.02. 12:00",7680.8,6620,1060.8,0,0,0,0,0,0,0,2128,0,1.5
,"Sam, 10.02. 13:00",7876.4,6973.2,903.2,0,0,0,0,0,0,0,2197.8,0,0.800000011920929
,"Sam, 10.02. 14:00",7045.9,6309.7,736.2,0,0,0,0,0,0,0,1972.2,0,0.5
,"Sam, 10.02. 15:00",8307.4,7572,735.4,0,0,0,0,0,0,0,2334.3,0,0
,"Sam, 10.02. 16:00",7873.4,7205.9,667.5,0,0,0,0,0,0,0,2228.2,0,-0.4000000059604645
,"Sam, 10.02. 17:00",9007.4,8218.5,788.9,0,0,0,0,0,0,0,2579.6,0,-0.8999999761581421
,"Sam, 10.02. 18:00",8606.5,7842.5,764,0,0,0,0,0,0,0,2477.2,0,-1.200000047683716
,"Sam, 10.02. 19:00",9320.2,8489,831.2,0,0,0,0,0,0,0,2699.5,0,-1.600000023841858
,"Sam, 10.02. 20:00",10412.2,9532,880.2,0,0,0,0,0,0,0,3026.7,0,-2
,"Sam, 10.02. 21:00",9581.9,8904,677.9,0,0,0,0,0,0,0,2774,0,-2.299999952316284
,"Sam, 10.02. 22:00",6093.8,5550.1,543.7,0,0,0,0,0,0,0,1820.8,0,-2.799999952316284
,"Sam, 10.02. 23:00",5085.5,4747.2,338.3,0,0,0,0,0,0,0,1530.8,0,-3.299999952316284
,"Dim, 11.02. 00:00",5376.5,5117.7,258.8,0,0,0,0,0,0,0,1623.2,0,-3.599999904632568
,"Dim, 11.02. 01:00",5191.3,5047,144.3,0,0,0,0,0,0,0,1567.8,0,-3.900000095367432
,"Dim, 11.02. 02:00",4682.1,4606.7,75.4,0,0,0,0,0,0,0,1411.5,0,-4.099999904632568
,"Dim, 11.02. 03:00",5219.1,5183.4,35.7,0,0,0,0,0,0,0,1580.4,0,-4.5
,"Dim, 11.02. 04:00",6244.2,6158.6,85.6,0,0,0,0,0,0,0,1909.2,0,-4.900000095367432
,"Dim, 11.02. 05:00",8827.1,8743.4,83.7,0,0,0,0,0,0,0,2693.1,0,-5.300000190734863
,"Dim, 11.02. 06:00",11611.4,11507.2,104.2,0,0,0,0,0,0,0,3540.9,0,-5.5
,"Dim, 11.02. 07:00",11600.4,11376.3,224.1,0,0,0,0,0,0,0,3618,0,-5.800000190734863
,"Dim, 11.02. 08:00",10217.1,9674.2,542.9,0,0,0,0,0,0,0,3236.8,0,-5.5
,"Dim, 11.02. 09:00",9994.3,8979.5,1014.8,0,0,0,0,0,0,0,3201.4,0,-5.199999809265137
,"Dim, 11.02. 10:00",9551.1,8463.8,1087.3,0,0,0,0,0,0,0,3001,0,-4.199999809265137
,"Dim, 11.02. 11:00",9993.2,8783.6,1209.6,0,0,0,0,0,0,0,3103.6,0,-3.5
,"Dim, 11.02. 12:00",9298.3,8230.2,1068.1,0,0,0,0,0,0,0,2832.2,0,-2.799999952316284
,"Dim, 11.02. 13:00",9173.8,8275.7,898.1,0,0,0,0,0,0,0,2714.7,0,-1.899999976158142
,"Dim, 11.02. 14:00",9374.4,8537.4,837,0,0,0,0,0,0,0,2747.9,0,-1.600000023841858
,"Dim, 11.02. 15:00",8585.4,7930.7,654.7,0,0,0,0,0,0,0,2534.3,0,-2.200000047683716
,"Dim, 11.02. 16:00",9242.5,8591.5,651,0,0,0,0,0,0,0,2779.2,0,-3.099999904632568
,"Dim, 11.02. 17:00",10029.4,9302.8,726.6,0,0,0,0,0,0,0,3072.1,0,-4
,"Dim, 11.02. 18:00",10586.7,9793.1,793.6,0,0,0,0,0,0,0,3263.4,0,-4.300000190734863
,"Dim, 11.02. 19:00",11022.2,10177.2,845,0,0,0,0,0,0,0,3390,0,-4.300000190734863
,"Dim, 11.02. 20:00",11704,10850.3,853.7,0,0,0,0,0,0,0,3570.2,0,-4.199999809265137
,"Dim, 11.02. 21:00",10379.9,9714.7,665.2,0,0,0,0,0,0,0,3164.7,0,-4.5
,"Dim, 11.02. 22:00",7019.4,6462.9,556.5,0,0,0,0,0,0,0,2195,0,-4.900000095367432
,"Dim, 11.02. 23:00",5913.3,5571.7,341.6,0,0,0,0,0,0,0,1856.5,0,-5.199999809265137
,"Lun, 12.02. 00:00",5816.4,5583.8,232.6,0,0,0,0,0,0,0,1847,0,-6
,"Lun, 12.02. 01:00",5905.8,5781.9,123.9,0,0,0,0,0,0,0,1887.6,0,-6.599999904632568
,"Lun, 12.02. 02:00",5959.1,5921,38.1,0,0,0,0,0,0,0,1903.2,0,-6.900000095367432
,"Lun, 12.02. 03:00",6007.5,5970.2,37.3,0,0,0,0,0,0,0,1920.8,0,-7
,"Lun, 12.02. 04:00",6493.4,6374.4,119,0,0,0,0,0,0,0,2068.1,0,-6.599999904632568
,"Lun, 12.02. 05:00",8649.5,8326.2,323.3,0,0,0,0,0,0,0,2716.1,0,-6
,"Lun, 12.02. 06:00",12575.9,11623,952.9,0,0,0,0,0,0,0,3964,0,-5.699999809265137
,"Lun, 12.02. 07:00",12655.9,11638.2,1017.7,0,0,0,0,0,0,0,4033.5,0,-5.5
,"Lun, 12.02. 08:00",10981.7,10112.4,869.3,0,0,0,0,0,0,0,3487.5,0,-5
,"Lun, 12.02. 09:00",10345.8,9612.5,733.3,0,0,0,0,0,0,0,3227.4,0,-4.300000190734863
,"Lun, 12.02. 10:00",9973.7,9305.8,667.9,0,0,0,0,0,0,0,3057.1,0,-3.599999904632568
,"Lun, 12.02. 11:00",9629.1,8997.8,631.3,0,0,0,0,0,0,0,2882.8,0,-2.700000047683716
,"Lun, 12.02. 12:00",8694.4,8099.6,594.8,0,0,0,0,0,0,0,2517.2,0,-1.299999952316284
,"Lun, 12.02. 13:00",8733.5,8154,579.5,0,0,0,0,0,0,0,2501.2,0,-0.8999999761581421
,"Lun, 12.02. 14:00",8292.2,7761.2,531,0,0,0,0,0,0,0,2348,0,-0.5
,"Lun, 12.02. 15:00",8614.2,8092.4,521.8,0,0,0,0,0,0,0,2446.8,0,-0.699999988079071
,"Lun, 12.02. 16:00",8920.9,8373.4,547.5,0,0,0,0,0,0,0,2591.9,0,-1.700000047683716
,"Lun, 12.02. 17:00",10170.4,9432.8,737.6,0,0,0,0,0,0,0,3023.8,0,-2.599999904632568
,"Lun, 12.02. 18:00",10958.2,10125,833.2,0,0,0,0,0,0,0,3308.9,0,-3.299999952316284
,"Lun, 12.02. 19:00",10852.1,9853.3,998.8,0,0,0,0,0,0,0,3261.1,0,-3
,"Lun, 12.02. 20:00",10890.5,9847.9,1042.6,0,0,0,0,0,0,0,3238.6,0,-2.700000047683716
,"Lun, 12.02. 21:00",10153.3,9181.4,971.9,0,0,0,0,0,0,0,3004.3,0,-2.700000047683716
,"Lun, 12.02. 22:00",6030.2,5482.2,548,0,0,0,0,0,0,0,1810.6,0,-3
,"Lun, 12.02. 23:00",5631.7,5276.2,355.5,0,0,0,0,0,0,0,1685.2,0,-3.099999904632568
,"Mar, 13.02. 00:00",5209.3,4981.8,227.5,0,0,0,0,0,0,0,1571,0,-3.700000047683716
,"Mar, 13.02. 01:00",5329.7,5209.5,120.2,0,0,0,0,0,0,0,1632.2,0,-4.699999809265137
,"Mar, 13.02. 02:00",5362.5,5326.3,36.2,0,0,0,0,0,0,0,1656.7,0,-5.400000095367432
,"Mar, 13.02. 03:00",5531.4,5495.6,35.8,0,0,0,0,0,0,0,1720.1,0,-5.800000190734863
,"Mar, 13.02. 04:00",6495.3,6375.3,120,0,0,0,0,0,0,0,2046.4,0,-6.199999809265137
,"Mar, 13.02. 05:00",9578.3,9231,347.3,0,0,0,0,0,0,0,3073.8,0,-7
,"Mar, 13.02. 06:00",13372.9,12410.9,962,0,0,0,0,0,0,0,4465.6,0,-8.300000190734863
,"Mar, 13.02. 07:00",14028.9,12952.7,1076.2,0,0,0,0,0,0,0,4679.2,0,-7.699999809265137
,"Mar, 13.02. 08:00",11870.2,10975.5,894.7,0,0,0,0,0,0,0,3948.6,0,-7.099999904632568
,"Mar, 13.02. 09:00",11087.7,10326.3,761.4,0,0,0,0,0,0,0,3545,0,-5.400000095367432
,"Mar, 13.02. 10:00",9402,8786,616,0,0,0,0,0,0,0,2917.4,0,-4.199999809265137
,"Mar, 13.02. 11:00",8957.2,8356.6,600.6,0,0,0,0,0,0,0,2602.1,0,-1.399999976158142
,"Mar, 13.02. 12:00",8266.8,7695.7,571.1,0,0,0,0,0,0,0,2352.3,0,-0.6000000238418579
,"Mar, 13.02. 13:00",8610.7,8026.2,584.5,0,0,0,0,0,0,0,2391.5,0,0.300000011920929
,"Mar, 13.02. 14:00",8123.7,7588.3,535.4,0,0,0,0,0,0,0,2223.1,0,0.8999999761581421
,"Mar, 13.02. 15:00",8167.6,7661.6,506,0,0,0,0,0,0,0,2249.6,0,0.5
,"Mar, 13.02. 16:00",9255,8686.4,568.6,0,0,0,0,0,0,0,2662.2,0,-1.299999952316284
,"Mar, 13.02. 17:00",9744.7,9042.1,702.6,0,0,0,0,0,0,0,2889.5,0,-2.5
,"Mar, 13.02. 18:00",10381.7,9595.9,785.8,0,0,0,0,0,0,0,3119.6,0,-3.099999904632568
,"Mar, 13.02. 19:00",11181.1,10173.1,1008,0,0,0,0,0,0,0,3407.6,0,-3.599999904632568
,"Mar, 13.02. 20:00",10400.9,9442.7,958.2,0,0,0,0,0,0,0,3198.1,0,-4.199999809265137
,"Mar, 13.02. 21:00",11138.5,10137.2,1001.3,0,0,0,0,0,0,0,3507,0,-5.400000095367432
,"Mar, 13.02. 22:00",7016.9,6447.6,569.3,0,0,0,0,0,0,0,2258.1,0,-6.199999809265137
,"Mar, 13.02. 23:00",6264.4,5912.4,352,0,0,0,0,0,0,0,2000.2,0,-6
,"Mer, 14.02. 00:00",6011.5,5779.5,232,0,0,0,0,0,0,0,1934.9,0,-6.699999809265137
,"Mer, 14.02. 01:00",5702,5584.1,117.9,0,0,0,0,0,0,0,1828.5,0,-6.800000190734863
,"Mer, 14.02. 02:00",5740.6,5704.7,35.9,0,0,0,0,0,0,0,1849.1,0,-7.300000190734863
,"Mer, 14.02. 03:00",5743.8,5709.9,33.9,0,0,0,0,0,0,0,1879.7,0,-8.100000381469727
,"Mer, 14.02. 04:00",6961.8,6841.8,120,0,0,0,0,0,0,0,2287.8,0,-8.100000381469727
,"Mer, 14.02. 05:00",10451.6,10091,360.6,0,0,0,0,0,0,0,3472.4,0,-8.600000381469727
,"Mer, 14.02. 06:00",13356.4,12405.2,951.2,0,0,0,0,0,0,0,4418.3,0,-7.900000095367432
,"Mer, 14.02. 07:00",12939.1,11973.4,965.7,0,0,0,0,0,0,0,4374.3,0,-8.399999618530273
,"Mer, 14.02. 08:00",11092.8,10285.7,807.1,0,0,0,0,0,0,0,3769.2,0,-8.199999809265137
,"Mer, 14.02. 09:00",11276.9,10523.3,753.6,0,0,0,0,0,0,0,3651.9,0,-6
,"Mer, 14.02. 10:00",10283.7,9617.1,666.6,0,0,0,0,0,0,0,3174.9,0,-4
,"Mer, 14.02. 11:00",9280.7,8687.1,593.6,0,0,0,0,0,0,0,2777.3,0,-2.700000047683716
,"Mer, 14.02. 12:00",9173.3,8556.1,617.2,0,0,0,0,0,0,0,2638.6,0,-1
,"Mer, 14.02. 13:00",8195,7638.6,556.4,0,0,0,0,0,0,0,2242.9,0,0.8999999761581421
,"Mer, 14.02. 14:00",7619.6,7115.6,504,0,0,0,0,0,0,0,2049.2,0,1.600000023841858
,"Mer, 14.02. 15:00",8337.2,7831.6,505.6,0,0,0,0,0,0,0,2304.8,0,0.300000011920929
,"Mer, 14.02. 16:00",9325.4,8757.3,568.1,0,0,0,0,0,0,0,2665,0,-1
,"Mer, 14.02. 17:00",9683,8988.2,694.8,0,0,0,0,0,0,0,2837.3,0,-2
,"Mer, 14.02. 18:00",10221.9,9452.4,769.5,0,0,0,0,0,0,0,3033.9,0,-2.599999904632568
,"Mer, 14.02. 19:00",11398.2,10381.6,1016.6,0,0,0,0,0,0,0,3446.3,0,-3.299999952316284
,"Mer, 14.02. 20:00",12071.7,10978.8,1092.9,0,0,0,0,0,0,0,3719.3,0,-4.300000190734863
,"Mer, 14.02. 21:00",11411.8,10391.5,1020.3,0,0,0,0,0,0,0,3544.9,0,-4.900000095367432
,"Mer, 14.02. 22:00",7244.8,6654.1,590.7,0,0,0,0,0,0,0,2311.8,0,-5.800000190734863
,"Mer, 14.02. 23:00",6175.8,5830.8,345,0,0,0,0,0,0,0,1971.7,0,-6
,"Jeu, 15.02. 00:00",5820.6,5573.1,247.5,0,0,0,0,0,0,0,1791.4,0,-4.599999904632568
,"Jeu, 15.02. 01:00",5458,5331.8,126.2,0,0,0,0,0,0,0,1658.4,0,-4.400000095367432
,"Jeu, 15.02. 02:00",4680.3,4646.7,33.6,0,0,0,0,0,0,0,1404.3,0,-4.199999809265137
,"Jeu, 15.02. 03:00",5252,5215.9,36.1,0,0,0,0,0,0,0,1589.7,0,-4.599999904632568
,"Jeu, 15.02. 04:00",5929.2,5814.1,115.1,0,0,0,0,0,0,0,1833.2,0,-5.300000190734863
,"Jeu, 15.02. 05:00",8999.6,8652.7,346.9,0,0,0,0,0,0,0,2811.8,0,-5.800000190734863
,"Jeu, 15.02. 06:00",12098.5,11168.2,930.3,0,0,0,0,0,0,0,3899.8,0,-6.599999904632568
,"Jeu, 15.02. 07:00",11448.1,10513.1,935,0,0,0,0,0,0,0,3712.3,0,-6.300000190734863
,"Jeu, 15.02. 08:00",10995.4,10119.9,875.5,0,0,0,0,0,0,0,3582.5,0,-6.099999904632568
,"Jeu, 15.02. 09:00",9368,8686.7,681.3,0,0,0,0,0,0,0,2929.6,0,-4.400000095367432
,"Jeu, 15.02. 10:00",9021.7,8381.1,640.6,0,0,0,0,0,0,0,2683,0,-2.299999952316284
,"Jeu, 15.02. 11:00",8936.3,8294.5,641.8,0,0,0,0,0,0,0,2524,0,-0.2000000029802322
,"Jeu, 15.02. 12:00",7519,6943.4,575.6,0,0,0,0,0,0,0,2019.7,0,1.799999952316284
,"Jeu, 15.02. 13:00",7572.2,7005.2,567,0,0,0,0,0,0,0,2001,0,2.400000095367432
,"Jeu, 15.02. 14:00",7147.9,6623.5,524.4,0,0,0,0,0,0,0,1847.6,0,3.200000047683716
,"Jeu, 15.02. 15:00",7131.5,6636.4,495.1,0,0,0,0,0,0,0,1838.6,0,3.099999904632568
,"Jeu, 15.02. 16:00",7943.7,7397.4,546.3,0,0,0,0,0,0,0,2135.8,0,1.5
,"Jeu, 15.02. 17:00",8635.5,7969,666.5,0,0,0,0,0,0,0,2487.5,0,-1.200000047683716
,"Jeu, 15.02. 18:00",9020.4,8290.4,730,0,0,0,0,0,0,0,2631.9,0,-1.799999952316284
,"Jeu, 15.02. 19:00",10003.5,9056.8,946.7,0,0,0,0,0,0,0,3017.6,0,-3.099999904632568
,"Jeu, 15.02. 20:00",10222.3,9234.5,987.8,0,0,0,0,0,0,0,3117.9,0,-3.700000047683716
,"Jeu, 15.02. 21:00",9819.2,8859.6,959.6,0,0,0,0,0,0,0,2937.3,0,-3.099999904632568
,"Jeu, 15.02. 22:00",6279,5727.3,551.7,0,0,0,0,0,0,0,1942,0,-4.300000190734863
,"Jeu, 15.02. 23:00",5556.1,5234.7,321.4,0,0,0,0,0,0,0,1755.1,0,-5.5
,"Ven, 16.02. 00:00",4822,4608.5,213.5,0,0,0,0,0,0,0,1473,0,-4.300000190734863
,"Ven, 16.02. 01:00",5026.3,4906.3,120,0,0,0,0,0,0,0,1523.2,0,-4.300000190734863
,"Ven, 16.02. 02:00",5144.1,5106.1,38,0,0,0,0,0,0,0,1546.8,0,-4.300000190734863
,"Ven, 16.02. 03:00",5091.4,5056.1,35.3,0,0,0,0,0,0,0,1562.3,0,-5.199999809265137
,"Ven, 16.02. 04:00",5617.8,5501.7,116.1,0,0,0,0,0,0,0,1719.4,0,-4.900000095367432
,"Ven, 16.02. 05:00",7488.3,7166,322.3,0,0,0,0,0,0,0,2296,0,-4.900000095367432
,"Ven, 16.02. 06:00",11280.3,10292.6,987.7,0,0,0,0,0,0,0,3557,0,-5.400000095367432
,"Ven, 16.02. 07:00",10576.2,9602.4,973.8,0,0,0,0,0,0,0,3385.6,0,-5.5
,"Ven, 16.02. 08:00",9033.1,8210.2,822.9,0,0,0,0,0,0,0,2841,0,-4.400000095367432
,"Ven, 16.02. 09:00",7897.6,7210,687.6,0,0,0,0,0,0,0,2299.8,0,-1.100000023841858
,"Ven, 16.02. 10:00",7050.2,6442.5,607.7,0,0,0,0,0,0,0,1940.5,0,1.100000023841858
,"Ven, 16.02. 11:00",7305.9,6677.3,628.6,0,0,0,0,0,0,0,1942.6,0,2.400000095367432
,"Ven, 16.02. 12:00",6444.6,5840.4,604.2,0,0,0,0,0,0,0,1612.3,0,4.699999809265137
,"Ven, 16.02. 13:00",5959.2,5404.1,555.1,0,0,0,0,0,0,0,1449.8,0,5.599999904632568
,"Ven, 16.02. 14:00",5897.2,5352.7,544.5,0,0,0,0,0,0,0,1399.2,0,6.5
,"Ven, 16.02. 15:00",5728.4,5218.9,509.5,0,0,0,0,0,0,0,1337.9,0,6.900000095367432
,"Ven, 16.02. 16:00",6049.7,5493.3,556.4,0,0,0,0,0,0,0,1413,0,6.900000095367432
,"Ven, 16.02. 17:00",6361.7,5696,665.7,0,0,0,0,0,0,0,1545.7,0,5.599999904632568
,"Ven, 16.02. 18:00",7798.7,6999.3,799.4,0,0,0,0,0,0,0,2025,0,3.099999904632568
,"Ven, 16.02. 19:00",8805.3,7740.3,1065,0,0,0,0,0,0,0,2323.4,0,2.700000047683716
,"Ven, 16.02. 20:00",8412.1,7342.1,1070,0,0,0,0,0,0,0,2169,0,3.400000095367432
,"Ven, 16.02. 21:00",7385.4,6457.1,928.3,0,0,0,0,0,0,0,1918.4,0,2.900000095367432
,"Ven, 16.02. 22:00",4446.2,3895.3,550.9,0,0,0,0,0,0,0,1169.3,0,2.799999952316284
,"Ven, 16.02. 23:00",3786.4,3455.4,331,0,0,0,0,0,0,0,990.7,0,2.599999904632568
,"Sam, 17.02. 00:00",3666.9,3416,250.9,0,0,0,0,0,0,0,979.4,0,1.5
,"Sam, 17.02. 01:00",4013,3860.6,152.4,0,0,0,0,0,0,0,1085.8,0,0.5
,"Sam, 17.02. 02:00",4001.6,3913.2,88.4,0,0,0,0,0,0,0,1078.9,0,0.300000011920929
,"Sam, 17.02. 03:00",3264.4,3228.8,35.6,0,0,0,0,0,0,0,828.1,0,2.299999952316284
,"Sam, 17.02. 04:00",3792.1,3721,71.1,0,0,0,0,0,0,0,978,0,1.799999952316284
,"Sam, 17.02. 05:00",5302.9,5230.9,72,0,0,0,0,0,0,0,1364.4,0,1.399999976158142
,"Sam, 17.02. 06:00",7684.3,7585.1,99.2,0,0,0,0,0,0,0,2075.7,0,-0.6000000238418579
,"Sam, 17.02. 07:00",7096,6883,213,0,0,0,0,0,0,0,1934,0,-0.1000000014901161
,"Sam, 17.02. 08:00",6666.9,6072.4,594.5,0,0,0,0,0,0,0,1757.2,0,2.5
,"Sam, 17.02. 09:00",5574.8,4557.5,1017.3,0,0,0,0,0,0,0,1423.4,0,5.400000095367432
,"Sam, 17.02. 10:00",4883.3,3768.2,1115.1,0,0,0,0,0,0,0,1164.7,0,8.600000381469727
,"Sam, 17.02. 11:00",5019.3,3786.3,1233,0,0,0,0,0,0,0,1188.3,0,9.199999809265137
,"Sam, 17.02. 12:00",4418.5,3289.4,1129.1,0,0,0,0,0,0,0,986.1,0,11.30000019073486
,"Sam, 17.02. 13:00",3719.3,2857.1,862.2,0,0,0,0,0,0,0,796.2,0,12.10000038146973
,"Sam, 17.02. 14:00",3816.6,2959.2,857.4,0,0,0,0,0,0,0,800.1,0,12.69999980926514
,"Sam, 17.02. 15:00",3461.6,2791.8,669.8,0,0,0,0,0,0,0,711.5,0,12.60000038146973
,"Sam, 17.02. 16:00",3823.9,3132.9,691,0,0,0,0,0,0,0,790.3,0,12.10000038146973
,"Sam, 17.02. 17:00",4454.3,3752.6,701.7,0,0,0,0,0,0,0,1005.2,0,8.899999618530273
,"Sam, 17.02. 18:00",5307,4532.2,774.8,0,0,0,0,0,0,0,1264,0,6.800000190734863
,"Sam, 17.02. 19:00",5963.8,5104.1,859.7,0,0,0,0,0,0,0,1439.6,0,6.199999809265137
,"Sam, 17.02. 20:00",5703.5,4894.5,809,0,0,0,0,0,0,0,1339.5,0,6.900000095367432
,"Sam, 17.02. 21:00",5694.9,5053.5,641.4,0,0,0,0,0,0,0,1384.2,0,5
,"Sam, 17.02. 22:00",3614.3,3120.2,494.1,0,0,0,0,0,0,0,927.4,0,4
,"Sam, 17.02. 23:00",3202.2,2862.6,339.6,0,0,0,0,0,0,0,810.6,0,4.099999904632568
,"Dim, 18.02. 00:00",3115.9,2878.3,237.6,0,0,0,0,0,0,0,800.4,0,3.099999904632568
,"Dim, 18.02. 01:00",3264.8,3121.6,143.2,0,0,0,0,0,0,0,836,0,2.700000047683716
,"Dim, 18.02. 02:00",3164.2,3079,85.2,0,0,0,0,0,0,0,791.3,0,3.200000047683716
,"Dim, 18.02. 03:00",3005.7,2968.3,37.4,0,0,0,0,0,0,0,727.4,0,4
,"Dim, 18.02. 04:00",3855.7,3769.8,85.9,0,0,0,0,0,0,0,994.6,0,1.899999976158142
,"Dim, 18.02. 05:00",4564.9,4485.8,79.1,0,0,0,0,0,0,0,1131.3,0,2.799999952316284
,"Dim, 18.02. 06:00",6690.4,6578,112.4,0,0,0,0,0,0,0,1661.8,0,2.5
,"Dim, 18.02. 07:00",6126.4,5901.6,224.8,0,0,0,0,0,0,0,1530.4,0,3.200000047683716
,"Dim, 18.02. 08:00",5467.3,4905.9,561.4,0,0,0,0,0,0,0,1363.3,0,4.800000190734863
,"Dim, 18.02. 09:00",5075.9,4035.5,1040.4,0,0,0,0,0,0,0,1246.7,0,7.199999809265137
,"Dim, 18.02. 10:00",5097,3926.6,1170.4,0,0,0,0,0,0,0,1241.3,0,7.900000095367432
,"Dim, 18.02. 11:00",4494,3351.9,1142.1,0,0,0,0,0,0,0,1069.7,0,9.199999809265137
,"Dim, 18.02. 12:00",3929.7,2814.9,1114.8,0,0,0,0,0,0,0,865.6,0,12.30000019073486
,"Dim, 18.02. 13:00",3211.5,2414.4,797.1,0,0,0,0,0,0,0,686.7,0,12.5
,"Dim, 18.02. 14:00",3409.6,2631.6,778,0,0,0,0,0,0,0,723.6,0,12.39999961853027
,"Dim, 18.02. 15:00",3449.9,2773.5,676.4,0,0,0,0,0,0,0,722.1,0,12.10000038146973
,"Dim, 18.02. 16:00",3898.5,3264.1,634.4,0,0,0,0,0,0,0,858.9,0,9.899999618530273
,"Dim, 18.02. 17:00",5022.4,4294,728.4,0,0,0,0,0,0,0,1200.1,0,6.800000190734863
,"Dim, 18.02. 18:00",5816.5,5027.9,788.6,0,0,0,0,0,0,0,1487.1,0,4.199999809265137
,"Dim, 18.02. 19:00",5974.2,5168.3,805.9,0,0,0,0,0,0,0,1555.6,0,3.400000095367432
,"Dim, 18.02. 20:00",6179.3,5379.1,800.2,0,0,0,0,0,0,0,1588.4,0,3.599999904632568
,"Dim, 18.02. 21:00",5908.2,5213.8,694.4,0,0,0,0,0,0,0,1476.8,0,4.199999809265137
,"Dim, 18.02. 22:00",3742.4,3240.8,501.6,0,0,0,0,0,0,0,975.9,0,3.400000095367432
,"Dim, 18.02. 23:00",3519.5,3196.6,322.9,0,0,0,0,0,0,0,932.7,0,2.200000047683716
,"Lun, 19.02. 00:00",3963.7,3746.5,217.2,0,0,0,0,0,0,0,1105.5,0,-0.4000000059604645
,"Lun, 19.02. 01:00",4000.9,3870.4,130.5,0,0,0,0,0,0,0,1060.5,0,1.200000047683716
,"Lun, 19.02. 02:00",3637.6,3600.1,37.5,0,0,0,0,0,0,0,944.2,0,1.5
,"Lun, 19.02. 03:00",3563.4,3526.7,36.7,0,0,0,0,0,0,0,912.6,0,1.899999976158142
,"Lun, 19.02. 04:00",3935.9,3817.7,118.2,0,0,0,0,0,0,0,1013.9,0,2.099999904632568
,"Lun, 19.02. 05:00",5930.9,5582.2,348.7,0,0,0,0,0,0,0,1545.5,0,1.799999952316284
,"Lun, 19.02. 06:00",8150.9,7185.1,965.8,0,0,0,0,0,0,0,2137.9,0,2.5
,"Lun, 19.02. 07:00",7660.9,6690,970.9,0,0,0,0,0,0,0,2023.2,0,3
,"Lun, 19.02. 08:00",6857.6,5976.7,880.9,0,0,0,0,0,0,0,1778.2,0,4.099999904632568
,"Lun, 19.02. 09:00",5892.7,5207.3,685.4,0,0,0,0,0,0,0,1498.7,0,4.599999904632568
,"Lun, 19.02. 10:00",5675.6,5044.3,631.3,0,0,0,0,0,0,0,1415.1,0,5.199999809265137
,"Lun, 19.02. 11:00",5810.1,5171.8,638.3,0,0,0,0,0,0,0,1414.8,0,5.900000095367432
,"Lun, 19.02. 12:00",5249.3,4664.5,584.8,0,0,0,0,0,0,0,1275.6,0,6
,"Lun, 19.02. 13:00",5390.9,4816.5,574.4,0,0,0,0,0,0,0,1307.6,0,5.900000095367432
,"Lun, 19.02. 14:00",5088.4,4581.7,506.7,0,0,0,0,0,0,0,1252.7,0,5.300000190734863
,"Lun, 19.02. 15:00",4781.1,4338.6,442.5,0,0,0,0,0,0,0,1190.2,0,4.699999809265137
,"Lun, 19.02. 16:00",5960.4,5400.6,559.8,0,0,0,0,0,0,0,1508.6,0,4.099999904632568
,"Lun, 19.02. 17:00",6135.3,5444,691.3,0,0,0,0,0,0,0,1562.6,0,4.099999904632568
,"Lun, 19.02. 18:00",6293.1,5550.4,742.7,0,0,0,0,0,0,0,1620.4,0,3.700000047683716
,"Lun, 19.02. 19:00",6981.7,5999.7,982,0,0,0,0,0,0,0,1810.5,0,3.700000047683716
,"Lun, 19.02. 20:00",6835.1,5830.5,1004.6,0,0,0,0,0,0,0,1748.3,0,4.099999904632568
,"Lun, 19.02. 21:00",7226.7,6171.5,1055.2,0,0,0,0,0,0,0,1847.7,0,3.900000095367432
,"Lun, 19.02. 22:00",4011.3,3467.5,543.8,0,0,0,0,0,0,0,1044.8,0,3.400000095367432
,"Lun, 19.02. 23:00",3784.9,3431.6,353.3,0,0,0,0,0,0,0,982.7,0,3
,"Mar, 20.02. 00:00",3710.9,3471.2,239.7,0,0,0,0,0,0,0,962.4,0,2.5
,"Mar, 20.02. 01:00",3445.6,3323.8,121.8,0,0,0,0,0,0,0,879.5,0,2.599999904632568
,"Mar, 20.02. 02:00",3203.1,3168.6,34.5,0,0,0,0,0,0,0,813.3,0,2.299999952316284
,"Mar, 20.02. 03:00",3558.7,3522,36.7,0,0,0,0,0,0,0,909.6,0,2
,"Mar, 20.02. 04:00",3807.3,3696.1,111.2,0,0,0,0,0,0,0,991.1,0,1.700000047683716
,"Mar, 20.02. 05:00",5573.1,5255.7,317.4,0,0,0,0,0,0,0,1473.2,0,1.299999952316284
,"Mar, 20.02. 06:00",8617.9,7653.2,964.7,0,0,0,0,0,0,0,2352.6,0,0.8999999761581421
,"Mar, 20.02. 07:00",8342.9,7353.3,989.6,0,0,0,0,0,0,0,2305.1,0,1.100000023841858
,"Mar, 20.02. 08:00",7500.5,6629.5,871,0,0,0,0,0,0,0,2082.5,0,1.299999952316284
,"Mar, 20.02. 09:00",7196.9,6447.8,749.1,0,0,0,0,0,0,0,1967.2,0,1.700000047683716
,"Mar, 20.02. 10:00",6585.1,5884.4,700.7,0,0,0,0,0,0,0,1674.8,0,4.400000095367432
,"Mar, 20.02. 11:00",5806.3,5180.1,626.2,0,0,0,0,0,0,0,1416.8,0,5.800000190734863
,"Mar, 20.02. 12:00",5278.1,4693.8,584.3,0,0,0,0,0,0,0,1275.4,0,6.199999809265137
,"Mar, 20.02. 13:00",5145.8,4593.1,552.7,0,0,0,0,0,0,0,1231.1,0,6.400000095367432
,"Mar, 20.02. 14:00",5148.9,4616.9,532,0,0,0,0,0,0,0,1227,0,6.5
,"Mar, 20.02. 15:00",5339.4,4832,507.4,0,0,0,0,0,0,0,1294.6,0,5.699999809265137
,"Mar, 20.02. 16:00",5522.9,4985.1,537.8,0,0,0,0,0,0,0,1350.6,0,5.400000095367432
,"Mar, 20.02. 17:00",5863.5,5200.5,663,0,0,0,0,0,0,0,1473.2,0,4.599999904632568
,"Mar, 20.02. 18:00",6555.2,5790.3,764.9,0,0,0,0,0,0,0,1683,0,3.799999952316284
,"Mar, 20.02. 19:00",6903.8,5952.4,951.4,0,0,0,0,0,0,0,1798.3,0,3.5
,"Mar, 20.02. 20:00",7417,6392.7,1024.3,0,0,0,0,0,0,0,1972.1,0,2.5
,"Mar, 20.02. 21:00",6747.9,5803.8,944.1,0,0,0,0,0,0,0,1765.1,0,3
,"Mar, 20.02. 22:00",4425.5,3882.1,543.4,0,0,0,0,0,0,0,1203.1,0,1.600000023841858
,"Mar, 20.02. 23:00",3866.8,3543.8,323,0,0,0,0,0,0,0,1048.8,0,1.200000047683716
,"Mer, 21.02. 00:00",4022.1,3805.3,216.8,0,0,0,0,0,0,0,1131.5,0,-0.699999988079071
,"Mer, 21.02. 01:00",4719.2,4590.3,128.9,0,0,0,0,0,0,0,1354.3,0,-2
,"Mer, 21.02. 02:00",4397.8,4361.6,36.2,0,0,0,0,0,0,0,1265.6,0,-2.5
,"Mer, 21.02. 03:00",4503.6,4466.3,37.3,0,0,0,0,0,0,0,1278.6,0,-2
,"Mer, 21.02. 04:00",4670,4550.9,119.1,0,0,0,0,0,0,0,1306.7,0,-1.100000023841858
,"Mer, 21.02. 05:00",6229.6,5895.3,334.3,0,0,0,0,0,0,0,1738.7,0,-0.800000011920929
,"Mer, 21.02. 06:00",9248.7,8246.5,1002.2,0,0,0,0,0,0,0,2657.7,0,-1.100000023841858
,"Mer, 21.02. 07:00",8776.4,7768.1,1008.3,0,0,0,0,0,0,0,2540.6,0,-0.800000011920929
,"Mer, 21.02. 08:00",8292.5,7379.3,913.2,0,0,0,0,0,0,0,2434.4,0,-1.100000023841858
,"Mer, 21.02. 09:00",6762.4,6042.6,719.8,0,0,0,0,0,0,0,1838.5,0,1.899999976158142
,"Mer, 21.02. 10:00",5350,4777,573,0,0,0,0,0,0,0,1371.4,0,4.099999904632568
,"Mer, 21.02. 11:00",5523.4,4921.8,601.6,0,0,0,0,0,0,0,1355.6,0,5.599999904632568
,"Mer, 21.02. 12:00",4939.9,4356.2,583.7,0,0,0,0,0,0,0,1159.4,0,7.300000190734863
,"Mer, 21.02. 13:00",4830.7,4217.8,612.9,0,0,0,0,0,0,0,1060.2,0,9.600000381469727
,"Mer, 21.02. 14:00",4158.5,3632.3,526.2,0,0,0,0,0,0,0,893.5,0,10.30000019073486
,"Mer, 21.02. 15:00",4653.3,4101.3,552,0,0,0,0,0,0,0,997.9,0,10.10000038146973
,"Mer, 21.02. 16:00",4706.1,4158.2,547.9,0,0,0,0,0,0,0,1039,0,9.100000381469727
,"Mer, 21.02. 17:00",5386,4696.3,689.7,0,0,0,0,0,0,0,1257.1,0,7.400000095367432
,"Mer, 21.02. 18:00",5676,4935,741,0,0,0,0,0,0,0,1356.8,0,6.5
,"Mer, 21.02. 19:00",6278.7,5308.4,970.3,0,0,0,0,0,0,0,1513,0,6.5
,"Mer, 21.02. 20:00",6163.6,5181.7,981.9,0,0,0,0,0,0,0,1479.6,0,6.5
,"Mer, 21.02. 21:00",6798.1,5745.6,1052.5,0,0,0,0,0,0,0,1660.9,0,5.599999904632568
,"Mer, 21.02. 22:00",3806.7,3264.1,542.6,0,0,0,0,0,0,0,970.4,0,4.300000190734863
,"Mer, 21.02. 23:00",3042.2,2716.2,326,0,0,0,0,0,0,0,748.8,0,5.099999904632568
,"Jeu, 22.02. 00:00",2772,2542,230,0,0,0,0,0,0,0,668.6,0,5.400000095367432
,"Jeu, 22.02. 01:00",2602.6,2487.1,115.5,0,0,0,0,0,0,0,619.9,0,5.099999904632568
,"Jeu, 22.02. 02:00",2965,2927,38,0,0,0,0,0,0,0,714.4,0,4.099999904632568
,"Jeu, 22.02. 03:00",3009.4,2973.6,35.8,0,0,0,0,0,0,0,738.5,0,3.400000095367432
,"Jeu, 22.02. 04:00",3649,3526.4,122.6,0,0,0,0,0,0,0,919.3,0,2.900000095367432
,"Jeu, 22.02. 05:00",4951.9,4611.3,340.6,0,0,0,0,0,0,0,1262.4,0,2.799999952316284
,"Jeu, 22.02. 06:00",6854.8,5921.2,933.6,0,0,0,0,0,0,0,1825.1,0,2.400000095367432
,"Jeu, 22.02. 07:00",6785.8,5817.9,967.9,0,0,0,0,0,0,0,1837.9,0,2.299999952316284
,"Jeu, 22.02. 08:00",5465.1,4690.9,774.2,0,0,0,0,0,0,0,1461.5,0,3.099999904632568
,"Jeu, 22.02. 09:00",5009,4325.8,683.2,0,0,0,0,0,0,0,1263.2,0,5.199999809265137
,"Jeu, 22.02. 10:00",4822.8,4180.9,641.9,0,0,0,0,0,0,0,1179.3,0,6.199999809265137
,"Jeu, 22.02. 11:00",3882.7,3323.4,559.3,0,0,0,0,0,0,0,888.2,0,8.600000381469727
,"Jeu, 22.02. 12:00",3732.3,3137.6,594.7,0,0,0,0,0,0,0,818.9,0,10.19999980926514
,"Jeu, 22.02. 13:00",3485.6,2939.4,546.2,0,0,0,0,0,0,0,754.7,0,10.5
,"Jeu, 22.02. 14:00",2878.7,2363.6,515.1,0,0,0,0,0,0,0,584.1,0,13
,"Jeu, 22.02. 15:00",2932.4,2445.9,486.5,0,0,0,0,0,0,0,593.2,0,12.69999980926514
,"Jeu, 22.02. 16:00",3228.2,2707.5,520.7,0,0,0,0,0,0,0,667.1,0,11.89999961853027
,"Jeu, 22.02. 17:00",4172.2,3483.2,689,0,0,0,0,0,0,0,928.1,0,9.600000381469727
,"Jeu, 22.02. 18:00",4748.9,3977.7,771.2,0,0,0,0,0,0,0,1098.6,0,8.199999809265137
,"Jeu, 22.02. 19:00",5573.8,4535.6,1038.2,0,0,0,0,0,0,0,1324.3,0,7.599999904632568
,"Jeu, 22.02. 20:00",5850.3,4839,1011.3,0,0,0,0,0,0,0,1484.4,0,4.900000095367432
,"Jeu, 22.02. 21:00",5710.9,4719.1,991.8,0,0,0,0,0,0,0,1434.2,0,5.099999904632568
,"Jeu, 22.02. 22:00",3912.6,3343.1,569.5,0,0,0,0,0,0,0,1019,0,3.599999904632568
,"Jeu, 22.02. 23:00",3230.8,2895.5,335.3,0,0,0,0,0,0,0,819.4,0,4
,"Ven, 23.02. 00:00",3076,2850.7,225.3,0,0,0,0,0,0,0,768.8,0,4
,"Ven, 23.02. 01:00",2780.6,2660.4,120.2,0,0,0,0,0,0,0,664.4,0,5
,"Ven, 23.02. 02:00",3036.6,3000.1,36.5,0,0,0,0,0,0,0,745.3,0,3.5
,"Ven, 23.02. 03:00",2943.5,2908.4,35.1,0,0,0,0,0,0,0,716.4,0,3.700000047683716
,"Ven, 23.02. 04:00",3140.9,3030.1,110.8,0,0,0,0,0,0,0,764.8,0,4.099999904632568
,"Ven, 23.02. 05:00",4936.5,4592.6,343.9,0,0,0,0,0,0,0,1209,0,4.199999809265137
,"Ven, 23.02. 06:00",7158.8,6216.3,942.5,0,0,0,0,0,0,0,1857.4,0,3.200000047683716
,"Ven, 23.02. 07:00",6945.9,5989.2,956.7,0,0,0,0,0,0,0,1844,0,3
,"Ven, 23.02. 08:00",6202.5,5351.5,851,0,0,0,0,0,0,0,1631,0,3.700000047683716
,"Ven, 23.02. 09:00",5434.2,4716.2,718,0,0,0,0,0,0,0,1344.6,0,5.800000190734863
,"Ven, 23.02. 10:00",4907.2,4284.6,622.6,0,0,0,0,0,0,0,1189.2,0,6.400000095367432
,"Ven, 23.02. 11:00",4453.8,3877.4,576.4,0,0,0,0,0,0,0,1038.6,0,7.699999809265137
,"Ven, 23.02. 12:00",4064.9,3488.4,576.5,0,0,0,0,0,0,0,908.1,0,9.300000190734863
,"Ven, 23.02. 13:00",3574.5,3045.4,529.1,0,0,0,0,0,0,0,765.8,0,10.69999980926514
,"Ven, 23.02. 14:00",3552.4,3058.6,493.8,0,0,0,0,0,0,0,767.9,0,10.30000019073486
,"Ven, 23.02. 15:00",4289.4,3808.6,480.8,0,0,0,0,0,0,0,1002,0,7.199999809265137
,"Ven, 23.02. 16:00",4434.2,3914.2,520,0,0,0,0,0,0,0,1032,0,7.400000095367432
,"Ven, 23.02. 17:00",4930.3,4249,681.3,0,0,0,0,0,0,0,1162.8,0,7.199999809265137
,"Ven, 23.02. 18:00",5713.4,4927.9,785.5,0,0,0,0,0,0,0,1404.5,0,5.699999809265137
,"Ven, 23.02. 19:00",6660.2,5632.8,1027.4,0,0,0,0,0,0,0,1720,0,4.099999904632568
,"Ven, 23.02. 20:00",7033.7,5961.6,1072.1,0,0,0,0,0,0,0,1870.5,0,2.799999952316284
,"Ven, 23.02. 21:00",6923.5,5893.1,1030.4,0,0,0,0,0,0,0,1860.2,0,2.200000047683716
,"Ven, 23.02. 22:00",4023.7,3471.4,552.3,0,0,0,0,0,0,0,1062.4,0,3
,"Ven, 23.02. 23:00",3511.7,3169.9,341.8,0,0,0,0,0,0,0,905.8,0,3.299999952316284
,"Sam, 24.02. 00:00",3099.6,2880.5,219.1,0,0,0,0,0,0,0,812.8,0,2.200000047683716
,"Sam, 24.02. 01:00",3601.6,3453.2,148.4,0,0,0,0,0,0,0,938.1,0,2
,"Sam, 24.02. 02:00",3503.5,3417,86.5,0,0,0,0,0,0,0,898.6,0,2.200000047683716
,"Sam, 24.02. 03:00",3723.1,3686.7,36.4,0,0,0,0,0,0,0,987,0,0.699999988079071
,"Sam, 24.02. 04:00",3750.8,3678.7,72.1,0,0,0,0,0,0,0,952.7,0,2.400000095367432
,"Sam, 24.02. 05:00",5202,5129.3,72.7,0,0,0,0,0,0,0,1296.4,0,2.5
,"Sam, 24.02. 06:00",7002.7,6904.9,97.8,0,0,0,0,0,0,0,1742.4,0,2.400000095367432
,"Sam, 24.02. 07:00",6790.3,6576.8,213.5,0,0,0,0,0,0,0,1753,0,1.899999976158142
,"Sam, 24.02. 08:00",6252.1,5705.6,546.5,0,0,0,0,0,0,0,1656.9,0,2.299999952316284
,"Sam, 24.02. 09:00",6074.4,5000.9,1073.5,0,0,0,0,0,0,0,1567,0,4.900000095367432
,"Sam, 24.02. 10:00",5767.3,4580,1187.3,0,0,0,0,0,0,0,1446.7,0,6.400000095367432
,"Sam, 24.02. 11:00",5054.1,3866.5,1187.6,0,0,0,0,0,0,0,1214,0,8.5
,"Sam, 24.02. 12:00",4816.2,3685.1,1131.1,0,0,0,0,0,0,0,1109.7,0,9.899999618530273
,"Sam, 24.02. 13:00",4318.6,3411.1,907.5,0,0,0,0,0,0,0,958.7,0,10.60000038146973
,"Sam, 24.02. 14:00",3529.5,2772.4,757.1,0,0,0,0,0,0,0,746.9,0,12.19999980926514
,"Sam, 24.02. 15:00",3780,3102.2,677.8,0,0,0,0,0,0,0,795.3,0,11.60000038146973
,"Sam, 24.02. 16:00",4604.6,3878.4,726.2,0,0,0,0,0,0,0,1010.5,0,9.899999618530273
,"Sam, 24.02. 17:00",4464.7,3745.8,718.9,0,0,0,0,0,0,0,983.8,0,9.699999809265137
,"Sam, 24.02. 18:00",5146.8,4409.8,737,0,0,0,0,0,0,0,1228.2,0,6.699999809265137
,"Sam, 24.02. 19:00",5614.2,4820,794.2,0,0,0,0,0,0,0,1356.1,0,6.099999904632568
,"Sam, 24.02. 20:00",5894.4,5083.6,810.8,0,0,0,0,0,0,0,1396.2,0,6.5
,"Sam, 24.02. 21:00",5488.4,4859.6,628.8,0,0,0,0,0,0,0,1298.1,0,5.900000095367432
,"Sam, 24.02. 22:00",4017.9,3512.5,505.4,0,0,0,0,0,0,0,1063.1,0,2.700000047683716
,"Sam, 24.02. 23:00",3937,3582.8,354.2,0,0,0,0,0,0,0,1058.8,0,1.600000023841858
,"Dim, 25.02. 00:00",3405.1,3169.4,235.7,0,0,0,0,0,0,0,906.7,0,1.700000047683716
,"Dim, 25.02. 01:00",3142.7,3001.7,141,0,0,0,0,0,0,0,795,0,3.099999904632568
,"Dim, 25.02. 02:00",3442.7,3361.7,81,0,0,0,0,0,0,0,906.7,0,1.299999952316284
,"Dim, 25.02. 03:00",3801.1,3762.9,38.2,0,0,0,0,0,0,0,1002.3,0,0.8999999761581421
,"Dim, 25.02. 04:00",3830.1,3748.6,81.5,0,0,0,0,0,0,0,1005.1,0,1.299999952316284
,"Dim, 25.02. 05:00",5491.6,5404.8,86.8,0,0,0,0,0,0,0,1442.7,0,0.800000011920929
,"Dim, 25.02. 06:00",6224.6,6122.7,101.9,0,0,0,0,0,0,0,1574,0,1.899999976158142
,"Dim, 25.02. 07:00",6093.4,5877.1,216.3,0,0,0,0,0,0,0,1557.4,0,2.400000095367432
,"Dim, 25.02. 08:00",5550.5,5005,545.5,0,0,0,0,0,0,0,1421.2,0,3.799999952316284
,"Dim, 25.02. 09:00",5354.4,4300.9,1053.5,0,0,0,0,0,0,0,1344.3,0,6.300000190734863
,"Dim, 25.02. 10:00",4742.4,3638.1,1104.3,0,0,0,0,0,0,0,1145,0,8.300000190734863
,"Dim, 25.02. 11:00",4267.3,3122.1,1145.2,0,0,0,0,0,0,0,987.4,0,10.39999961853027
,"Dim, 25.02. 12:00",4118.1,3022.4,1095.7,0,0,0,0,0,0,0,928.3,0,11.19999980926514
,"Dim, 25.02. 13:00",3587,2736.3,850.7,0,0,0,0,0,0,0,778.9,0,11.80000019073486
,"Dim, 25.02. 14:00",3592.3,2775,817.3,0,0,0,0,0,0,0,762.1,0,12.39999961853027
,"Dim, 25.02. 15:00",3459.3,2808.3,651,0,0,0,0,0,0,0,735.4,0,11.5
,"Dim, 25.02. 16:00",4011.8,3389,622.8,0,0,0,0,0,0,0,901.8,0,9.100000381469727
,"Dim, 25.02. 17:00",4890.4,4174.5,715.9,0,0,0,0,0,0,0,1160,0,7.099999904632568
,"Dim, 25.02. 18:00",5197.5,4438.6,758.9,0,0,0,0,0,0,0,1262.3,0,6.199999809265137
,"Dim, 25.02. 19:00",5690.8,4850.1,840.7,0,0,0,0,0,0,0,1386,0,6
,"Dim, 25.02. 20:00",5658.7,4848.8,809.9,0,0,0,0,0,0,0,1350.8,0,6.400000095367432
,"Dim, 25.02. 21:00",5038.6,4402.5,636.1,0,0,0,0,0,0,0,1194.9,0,6.099999904632568
,"Dim, 25.02. 22:00",3475.8,2952.8,523,0,0,0,0,0,0,0,864.5,0,5.400000095367432
,"Dim, 25.02. 23:00",3078.5,2735.3,343.2,0,0,0,0,0,0,0,758.4,0,5.199999809265137
,"Lun, 26.02. 00:00",2590.4,2379.1,211.3,0,0,0,0,0,0,0,620,0,5.599999904632568
,"Lun, 26.02. 01:00",2541.9,2429.1,112.8,0,0,0,0,0,0,0,599,0,5.5
,"Lun, 26.02. 02:00",2890.2,2852.6,37.6,0,0,0,0,0,0,0,684.3,0,4.699999809265137
,"Lun, 26.02. 03:00",2675.5,2642,33.5,0,0,0,0,0,0,0,634.2,0,4.599999904632568
,"Lun, 26.02. 04:00",3286.3,3173.7,112.6,0,0,0,0,0,0,0,802.7,0,4
,"Lun, 26.02. 05:00",5338.4,4982.3,356.1,0,0,0,0,0,0,0,1313.2,0,4
,"Lun, 26.02. 06:00",7399.1,6431.3,967.8,0,0,0,0,0,0,0,1858.3,0,4.300000190734863
,"Lun, 26.02. 07:00",6544.2,5630.1,914.1,0,0,0,0,0,0,0,1658.4,0,4.699999809265137
,"Lun, 26.02. 08:00",6085.1,5254.4,830.7,0,0,0,0,0,0,0,1561.8,0,4.599999904632568
,"Lun, 26.02. 09:00",5566.8,4858.3,708.5,0,0,0,0,0,0,0,1374.8,0,5.800000190734863
,"Lun, 26.02. 10:00",5465.8,4832.7,633.1,0,0,0,0,0,0,0,1367.5,0,5.099999904632568
,"Lun, 26.02. 11:00",4852.8,4302.2,550.6,0,0,0,0,0,0,0,1192.9,0,5.599999904632568
,"Lun, 26.02. 12:00",4715.4,4164,551.4,0,0,0,0,0,0,0,1144.4,0,6.099999904632568
,"Lun, 26.02. 13:00",4499,3971.7,527.3,0,0,0,0,0,0,0,1063.1,0,7
,"Lun, 26.02. 14:00",4549.6,4036.7,512.9,0,0,0,0,0,0,0,1070.6,0,7.099999904632568
,"Lun, 26.02. 15:00",5091.6,4587.8,503.8,0,0,0,0,0,0,0,1249.4,0,5.300000190734863
,"Lun, 26.02. 16:00",5375.1,4798.5,576.6,0,0,0,0,0,0,0,1286.4,0,6.300000190734863
,"Lun, 26.02. 17:00",5775.3,5062.1,713.2,0,0,0,0,0,0,0,1426.1,0,5.400000095367432
,"Lun, 26.02. 18:00",5999.2,5216.4,782.8,0,0,0,0,0,0,0,1485.3,0,5.300000190734863
,"Lun, 26.02. 19:00",6526.9,5542.9,984,0,0,0,0,0,0,0,1662.8,0,4.5
,"Lun, 26.02. 20:00",6612.8,5626.5,986.3,0,0,0,0,0,0,0,1737.3,0,3.200000047683716
,"Lun, 26.02. 21:00",6608.2,5650.5,957.7,0,0,0,0,0,0,0,1763.7,0,2.400000095367432
,"Lun, 26.02. 22:00",4465,3941.8,523.2,0,0,0,0,0,0,0,1256.9,0,0.2000000029802322
,"Lun, 26.02. 23:00",4420.1,4069.7,350.4,0,0,0,0,0,0,0,1233.4,0,0
,"Mar, 27.02. 00:00",4255.1,4021.9,233.2,0,0,0,0,0,0,0,1186.6,0,-0.4000000059604645
,"Mar, 27.02. 01:00",4013.3,3894.9,118.4,0,0,0,0,0,0,0,1109,0,-0.5
,"Mar, 27.02. 02:00",4000.3,3964.7,35.6,0,0,0,0,0,0,0,1109.8,0,-1
,"Mar, 27.02. 03:00",4202.1,4165.3,36.8,0,0,0,0,0,0,0,1164.2,0,-1
,"Mar, 27.02. 04:00",4328.8,4210.5,118.3,0,0,0,0,0,0,0,1172.6,0,0.2000000029802322
,"Mar, 27.02. 05:00",6112.9,5777.6,335.3,0,0,0,0,0,0,0,1695.8,0,-0.6000000238418579
,"Mar, 27.02. 06:00",9287.9,8273.2,1014.7,0,0,0,0,0,0,0,2702.4,0,-1.600000023841858
,"Mar, 27.02. 07:00",8464.2,7482.5,981.7,0,0,0,0,0,0,0,2474.4,0,-1.200000047683716
,"Mar, 27.02. 08:00",7511.5,6613.2,898.3,0,0,0,0,0,0,0,2095.9,0,1.100000023841858
,"Mar, 27.02. 09:00",6032.5,5353.2,679.3,0,0,0,0,0,0,0,1599.3,0,3
,"Mar, 27.02. 10:00",5577.5,4938.8,638.7,0,0,0,0,0,0,0,1387.3,0,5.300000190734863
,"Mar, 27.02. 11:00",5052.3,4461,591.3,0,0,0,0,0,0,0,1203,0,6.800000190734863
,"Mar, 27.02. 12:00",4777.8,4186.5,591.3,0,0,0,0,0,0,0,1107.7,0,7.800000190734863
,"Mar, 27.02. 13:00",4514.7,3949.9,564.8,0,0,0,0,0,0,0,1014.9,0,8.800000190734863
,"Mar, 27.02. 14:00",3989.9,3492.8,497.1,0,0,0,0,0,0,0,877.8,0,9.5
,"Mar, 27.02. 15:00",4364.9,3851.7,513.2,0,0,0,0,0,0,0,956.1,0,9.399999618530273
,"Mar, 27.02. 16:00",4744.3,4162.9,581.4,0,0,0,0,0,0,0,1034.3,0,9.600000381469727
,"Mar, 27.02. 17:00",4915.6,4250.9,664.7,0,0,0,0,0,0,0,1127.8,0,8.100000381469727
,"Mar, 27.02. 18:00",5666.6,4923.2,743.4,0,0,0,0,0,0,0,1375.8,0,6
,"Mar, 27.02. 19:00",5976.2,5003.3,972.9,0,0,0,0,0,0,0,1413,0,7.300000190734863
,"Mar, 27.02. 20:00",5968.2,4952.4,1015.8,0,0,0,0,0,0,0,1389.8,0,7.699999809265137
,"Mar, 27.02. 21:00",5841.9,4865.8,976.1,0,0,0,0,0,0,0,1375.5,0,7.099999904632568
,"Mar, 27.02. 22:00",3691.9,3125.6,566.3,0,0,0,0,0,0,0,917.9,0,5.400000095367432
,"Mar, 27.02. 23:00",2965.4,2641.6,323.8,0,0,0,0,0,0,0,726.4,0,5.300000190734863
,"Mer, 28.02. 00:00",2917.8,2695.9,221.9,0,0,0,0,0,0,0,721.8,0,4.400000095367432
,"Mer, 28.02. 01:00",2874.8,2758.9,115.9,0,0,0,0,0,0,0,706.5,0,4
,"Mer, 28.02. 02:00",2963.2,2926.1,37.1,0,0,0,0,0,0,0,718,0,3.900000095367432
,"Mer, 28.02. 03:00",2908.9,2875.2,33.7,0,0,0,0,0,0,0,718.4,0,3.200000047683716
,"Mer, 28.02. 04:00",3691,3566.8,124.2,0,0,0,0,0,0,0,924.1,0,3.099999904632568
,"Mer, 28.02. 05:00",4873,4527.8,345.2,0,0,0,0,0,0,0,1209.8,0,3.799999952316284
,"Mer, 28.02. 06:00",7060.4,6076.1,984.3,0,0,0,0,0,0,0,1814.7,0,3.700000047683716
,"Mer, 28.02. 07:00",6445.3,5484.1,961.2,0,0,0,0,0,0,0,1664,0,4.199999809265137
,"Mer, 28.02. 08:00",5570.2,4724,846.2,0,0,0,0,0,0,0,1408.3,0,5.400000095367432
,"Mer, 28.02. 09:00",4978.1,4278.3,699.8,0,0,0,0,0,0,0,1220.3,0,6.300000190734863
,"Mer, 28.02. 10:00",4629.3,4023.4,605.9,0,0,0,0,0,0,0,1130.8,0,6.199999809265137
,"Mer, 28.02. 11:00",4860.1,4257.6,602.5,0,0,0,0,0,0,0,1189.7,0,5.900000095367432
,"Mer, 28.02. 12:00",4486.7,3890.4,596.3,0,0,0,0,0,0,0,1062.2,0,7.199999809265137
,"Mer, 28.02. 13:00",3999.8,3451.7,548.1,0,0,0,0,0,0,0,912.3,0,8.5
,"Mer, 28.02. 14:00",3775.6,3274.2,501.4,0,0,0,0,0,0,0,854.8,0,8.699999809265137
,"Mer, 28.02. 15:00",3858.4,3350.8,507.6,0,0,0,0,0,0,0,851,0,9.399999618530273
,"Mer, 28.02. 16:00",4263.3,3677.2,586.1,0,0,0,0,0,0,0,936.6,0,9.600000381469727
,"Mer, 28.02. 17:00",4549,3837.5,711.5,0,0,0,0,0,0,0,1029.5,0,8.899999618530273
,"Mer, 28.02. 18:00",5091.9,4318.8,773.1,0,0,0,0,0,0,0,1210.4,0,7.099999904632568
,"Mer, 28.02. 19:00",5516.7,4535.1,981.6,0,0,0,0,0,0,0,1332.7,0,6.900000095367432
,"Mer, 28.02. 20:00",5663.6,4649.1,1014.5,0,0,0,0,0,0,0,1385.5,0,6.300000190734863
,"Mer, 28.02. 21:00",5586,4561.8,1024.2,0,0,0,0,0,0,0,1338.1,0,6.900000095367432
,"Mer, 28.02. 22:00",3020.2,2471.2,549,0,0,0,0,0,0,0,722.8,0,7.199999809265137
,"Mer, 28.02. 23:00",2304.8,2001.1,303.7,0,0,0,0,0,0,0,539.8,0,7.199999809265137
,"Jeu, 01.03. 00:00",2283.8,2049,234.8,0,0,0,0,0,0,0,518.4,0,7.699999809265137
,"Jeu, 01.03. 01:00",2313.3,2197.6,115.7,0,0,0,0,0,0,0,530.9,0,6.400000095367432
,"Jeu, 01.03. 02:00",2550.3,2514,36.3,0,0,0,0,0,0,0,592.6,0,5.300000190734863
,"Jeu, 01.03. 03:00",2589.4,2554.5,34.9,0,0,0,0,0,0,0,607.8,0,4.900000095367432
,"Jeu, 01.03. 04:00",2944.9,2830.5,114.4,0,0,0,0,0,0,0,701.1,0,4.900000095367432
,"Jeu, 01.03. 05:00",4189.7,3851.9,337.8,0,0,0,0,0,0,0,993.6,0,5.5
,"Jeu, 01.03. 06:00",6072.9,5127.6,945.3,0,0,0,0,0,0,0,1503.9,0,5.300000190734863
,"Jeu, 01.03. 07:00",6044.4,5055.5,988.9,0,0,0,0,0,0,0,1524.3,0,5.300000190734863
,"Jeu, 01.03. 08:00",5342.5,4455.2,887.3,0,0,0,0,0,0,0,1326.1,0,6.300000190734863
,"Jeu, 01.03. 09:00",4653.7,3948,705.7,0,0,0,0,0,0,0,1128.9,0,6.800000190734863
,"Jeu, 01.03. 10:00",4288.9,3659.2,629.7,0,0,0,0,0,0,0,1016,0,7.5
,"Jeu, 01.03. 11:00",3943,3364.9,578.1,0,0,0,0,0,0,0,913.8,0,8.199999809265137
,"Jeu, 01.03. 12:00",3533,2989.3,543.7,0,0,0,0,0,0,0,804,0,8.899999618530273
,"Jeu, 01.03. 13:00",3865,3285.1,579.9,0,0,0,0,0,0,0,870.6,0,9.100000381469727
,"Jeu, 01.03. 14:00",3486.3,2990.8,495.5,0,0,0,0,0,0,0,787.9,0,8.899999618530273
,"Jeu, 01.03. 15:00",3798.9,3287.1,511.8,0,0,0,0,0,0,0,855.2,0,8.800000190734863
,"Jeu, 01.03. 16:00",3813.6,3281.8,531.8,0,0,0,0,0,0,0,859.9,0,8.800000190734863
,"Jeu, 01.03. 17:00",4377.1,3680,697.1,0,0,0,0,0,0,0,1016.9,0,8.100000381469727
,"Jeu, 01.03. 18:00",4497.4,3748.4,749,0,0,0,0,0,0,0,1050.6,0,7.900000095367432
,"Jeu, 01.03. 19:00",5385.4,4355.8,1029.6,0,0,0,0,0,0,0,1294.3,0,7.300000190734863
,"Jeu, 01.03. 20:00",5251.3,4217.5,1033.8,0,0,0,0,0,0,0,1259.3,0,7.300000190734863
,"Jeu, 01.03. 21:00",4971.2,3997.5,973.7,0,0,0,0,0,0,0,1187.9,0,7.199999809265137
,"Jeu, 01.03. 22:00",2936.5,2388.1,548.4,0,0,0,0,0,0,0,705,0,7.199999809265137
,"Jeu, 01.03. 23:00",2424.3,2101.4,322.9,0,0,0,0,0,0,0,570.4,0,7.099999904632568
,"Ven, 02.03. 00:00",2353,2118.4,234.6,0,0,0,0,0,0,0,543.3,0,7.099999904632568
,"Ven, 02.03. 01:00",2140.1,2023.2,116.9,0,0,0,0,0,0,0,483.2,0,7
,"Ven, 02.03. 02:00",2187,2149.3,37.7,0,0,0,0,0,0,0,482.2,0,7
,"Ven, 02.03. 03:00",2237.9,2200.7,37.2,0,0,0,0,0,0,0,494,0,6.900000095367432
,"Ven, 02.03. 04:00",2301.4,2189.2,112.2,0,0,0,0,0,0,0,514.5,0,7.099999904632568
,"Ven, 02.03. 05:00",3457.6,3123.5,334.1,0,0,0,0,0,0,0,784.4,0,7.199999809265137
,"Ven, 02.03. 06:00",5134.9,4152.8,982.1,0,0,0,0,0,0,0,1196.7,0,8
,"Ven, 02.03. 07:00",4518.7,3589.9,928.8,0,0,0,0,0,0,0,1062.3,0,8.5
,"Ven, 02.03. 08:00",4007,3197.2,809.8,0,0,0,0,0,0,0,950.2,0,8.5
,"Ven, 02.03. 09:00",3985.9,3245.6,740.3,0,0,0,0,0,0,0,925.3,0,8.899999618530273
,"Ven, 02.03. 10:00",3557.6,2921.6,636,0,0,0,0,0,0,0,810.7,0,9.300000190734863
,"Ven, 02.03. 11:00",3280.8,2697.5,583.3,0,0,0,0,0,0,0,734.8,0,9.800000190734863
,"Ven, 02.03. 12:00",3128.5,2539.5,589,0,0,0,0,0,0,0,689.2,0,10.5
,"Ven, 02.03. 13:00",3088.6,2531.1,557.5,0,0,0,0,0,0,0,678.8,0,10.39999961853027
,"Ven, 02.03. 14:00",2957.1,2452,505.1,0,0,0,0,0,0,0,651.2,0,10.19999980926514
,"Ven, 02.03. 15:00",3180.2,2668.7,511.5,0,0,0,0,0,0,0,698.5,0,10
,"Ven, 02.03. 16:00",3100.6,2585.1,515.5,0,0,0,0,0,0,0,682.4,0,10
,"Ven, 02.03. 17:00",3476.8,2801.2,675.6,0,0,0,0,0,0,0,778.8,0,9.899999618530273
,"Ven, 02.03. 18:00",3767.4,3018.6,748.8,0,0,0,0,0,0,0,856.1,0,9.399999618530273
,"Ven, 02.03. 19:00",4479.8,3500.7,979.1,0,0,0,0,0,0,0,1065.3,0,8.199999809265137
,"Ven, 02.03. 20:00",4608.2,3596.5,1011.7,0,0,0,0,0,0,0,1106.1,0,7.699999809265137
,"Ven, 02.03. 21:00",4198.3,3265,933.3,0,0,0,0,0,0,0,995.4,0,8
,"Ven, 02.03. 22:00",2668.8,2132.1,536.7,0,0,0,0,0,0,0,639,0,7.599999904632568
,"Ven, 02.03. 23:00",2421.1,2069.2,351.9,0,0,0,0,0,0,0,562.3,0,7.699999809265137
,"Sam, 03.03. 00:00",2075.3,1843.2,232.1,0,0,0,0,0,0,0,476.5,0,7.5
,"Sam, 03.03. 01:00",2002.3,1866.4,135.9,0,0,0,0,0,0,0,447.5,0,7.599999904632568
,"Sam, 03.03. 02:00",2099.7,2017.5,82.2,0,0,0,0,0,0,0,465.1,0,7.300000190734863
,"Sam, 03.03. 03:00",2281,2243.7,37.3,0,0,0,0,0,0,0,505.4,0,6.800000190734863
,"Sam, 03.03. 04:00",2486.7,2418.1,68.6,0,0,0,0,0,0,0,561.3,0,6.400000095367432
,"Sam, 03.03. 05:00",3728.2,3656,72.2,0,0,0,0,0,0,0,840.3,0,5.900000095367432
,"Sam, 03.03. 06:00",5189.4,5090,99.4,0,0,0,0,0,0,0,1173.5,0,5.599999904632568
,"Sam, 03.03. 07:00",4945.6,4729.9,215.7,0,0,0,0,0,0,0,1152.6,0,5.599999904632568
,"Sam, 03.03. 08:00",4628.6,4088,540.6,0,0,0,0,0,0,0,1133.8,0,5.599999904632568
,"Sam, 03.03. 09:00",4969.7,3916.2,1053.5,0,0,0,0,0,0,0,1271.9,0,5.800000190734863
,"Sam, 03.03. 10:00",4681.3,3573.1,1108.2,0,0,0,0,0,0,0,1197.3,0,6.300000190734863
,"Sam, 03.03. 11:00",4572,3394.5,1177.5,0,0,0,0,0,0,0,1152,0,7.199999809265137
,"Sam, 03.03. 12:00",4078.7,3052.5,1026.2,0,0,0,0,0,0,0,999.5,0,8.100000381469727
,"Sam, 03.03. 13:00",3311.6,2498.4,813.2,0,0,0,0,0,0,0,759.1,0,10.19999980926514
,"Sam, 03.03. 14:00",2698.8,1940.1,758.7,0,0,0,0,0,0,0,578.2,0,13.10000038146973
,"Sam, 03.03. 15:00",2514.2,1848.6,665.6,0,0,0,0,0,0,0,516.7,0,14
,"Sam, 03.03. 16:00",2501,1847.7,653.3,0,0,0,0,0,0,0,506.9,0,14.30000019073486
,"Sam, 03.03. 17:00",3162,2427.7,734.3,0,0,0,0,0,0,0,663.7,0,12.5
,"Sam, 03.03. 18:00",3925.5,3100.5,825,0,0,0,0,0,0,0,856.5,0,10.80000019073486
,"Sam, 03.03. 19:00",4467.8,3596.8,871,0,0,0,0,0,0,0,1009,0,9.300000190734863
,"Sam, 03.03. 20:00",4445.6,3641.4,804.2,0,0,0,0,0,0,0,1013.6,0,8.600000381469727
,"Sam, 03.03. 21:00",4591.2,3896.4,694.8,0,0,0,0,0,0,0,1038.9,0,8.100000381469727
,"Sam, 03.03. 22:00",2590,2078.9,511.1,0,0,0,0,0,0,0,605.5,0,8.300000190734863
,"Sam, 03.03. 23:00",2765.3,2414.3,351,0,0,0,0,0,0,0,669.8,0,6
,"Dim, 04.03. 00:00",2762.6,2519.4,243.2,0,0,0,0,0,0,0,680.2,0,4.800000190734863
,"Dim, 04.03. 01:00",2858.9,2719.2,139.7,0,0,0,0,0,0,0,707.9,0,3.900000095367432
,"Dim, 04.03. 02:00",2966.8,2888.1,78.7,0,0,0,0,0,0,0,752.1,0,2.700000047683716
,"Dim, 04.03. 03:00",2949,2914.4,34.6,0,0,0,0,0,0,0,737.4,0,2.799999952316284
,"Dim, 04.03. 04:00",3545.9,3461.5,84.4,0,0,0,0,0,0,0,905.3,0,2.299999952316284
,"Dim, 04.03. 05:00",4243.9,4164.5,79.4,0,0,0,0,0,0,0,1070.8,0,2.299999952316284
,"Dim, 04.03. 06:00",5891.7,5784.7,107,0,0,0,0,0,0,0,1533,0,1
,"Dim, 04.03. 07:00",5214,5001.5,212.5,0,0,0,0,0,0,0,1336.7,0,2.400000095367432
,"Dim, 04.03. 08:00",4768.7,4239.1,529.6,0,0,0,0,0,0,0,1227.9,0,3.799999952316284
,"Dim, 04.03. 09:00",4606.4,3583.3,1023.1,0,0,0,0,0,0,0,1166.6,0,6.400000095367432
,"Dim, 04.03. 10:00",4012.4,2906.4,1106,0,0,0,0,0,0,0,966,0,9.199999809265137
,"Dim, 04.03. 11:00",3565.4,2406.9,1158.5,0,0,0,0,0,0,0,826.8,0,11.39999961853027
,"Dim, 04.03. 12:00",2893.5,1860.3,1033.2,0,0,0,0,0,0,0,642.9,0,13.5
,"Dim, 04.03. 13:00",2280.7,1471.4,809.3,0,0,0,0,0,0,0,481.1,0,15.10000038146973
,"Dim, 04.03. 14:00",2363.4,1575.4,788,0,0,0,0,0,0,0,473.1,0,16.29999923706055
,"Dim, 04.03. 15:00",2302.2,1623.4,678.8,0,0,0,0,0,0,0,442.7,0,16.60000038146973
,"Dim, 04.03. 16:00",2290.8,1654.4,636.4,0,0,0,0,0,0,0,430.8,0,16.79999923706055
,"Dim, 04.03. 17:00",2683.5,1931.1,752.4,0,0,0,0,0,0,0,511.7,0,16.29999923706055
,"Dim, 04.03. 18:00",3441.3,2650.4,790.9,0,0,0,0,0,0,0,728.7,0,12.10000038146973
,"Dim, 04.03. 19:00",4062.8,3220.7,842.1,0,0,0,0,0,0,0,900.2,0,10.19999980926514
,"Dim, 04.03. 20:00",4297.5,3494.7,802.8,0,0,0,0,0,0,0,968.9,0,9.100000381469727
,"Dim, 04.03. 21:00",3816.1,3186.9,629.2,0,0,0,0,0,0,0,851.8,0,8.800000190734863
,"Dim, 04.03. 22:00",2714,2225.8,488.2,0,0,0,0,0,0,0,653.1,0,7.099999904632568
,"Dim, 04.03. 23:00",2216.5,1895.6,320.9,0,0,0,0,0,0,0,514.2,0,7.800000190734863
,"Lun, 05.03. 00:00",2705.3,2482.6,222.7,0,0,0,0,0,0,0,655.7,0,5.199999809265137
,"Lun, 05.03. 01:00",2215.1,2107.1,108,0,0,0,0,0,0,0,512.6,0,6.099999904632568
,"Lun, 05.03. 02:00",2263.6,2227.2,36.4,0,0,0,0,0,0,0,505.5,0,6.599999904632568
,"Lun, 05.03. 03:00",2494.5,2458.5,36,0,0,0,0,0,0,0,571.9,0,5.699999809265137
,"Lun, 05.03. 04:00",2685.7,2572.9,112.8,0,0,0,0,0,0,0,622.9,0,5.800000190734863
,"Lun, 05.03. 05:00",4120.6,3774.4,346.2,0,0,0,0,0,0,0,966.2,0,5.900000095367432
,"Lun, 05.03. 06:00",5322.4,4467.8,854.6,0,0,0,0,0,0,0,1314.8,0,5.5
,"Lun, 05.03. 07:00",5385.8,4382.2,1003.6,0,0,0,0,0,0,0,1271,0,8
,"Lun, 05.03. 08:00",4488.9,3665.4,823.5,0,0,0,0,0,0,0,1069.9,0,8
,"Lun, 05.03. 09:00",4073.5,3385.5,688,0,0,0,0,0,0,0,949.3,0,8.5
,"Lun, 05.03. 10:00",3821,3131.1,689.9,0,0,0,0,0,0,0,836.4,0,10.69999980926514
,"Lun, 05.03. 11:00",3975.8,3365.4,610.4,0,0,0,0,0,0,0,912.9,0,8.600000381469727
,"Lun, 05.03. 12:00",3441.8,2889.5,552.3,0,0,0,0,0,0,0,778.7,0,9.199999809265137
,"Lun, 05.03. 13:00",3366.3,2822,544.3,0,0,0,0,0,0,0,744.8,0,9.899999618530273
,"Lun, 05.03. 14:00",3317.7,2809.4,508.3,0,0,0,0,0,0,0,735.5,0,9.699999809265137
,"Lun, 05.03. 15:00",3417.9,2898.3,519.6,0,0,0,0,0,0,0,740.6,0,10.30000019073486
,"Lun, 05.03. 16:00",3252.6,2739.2,513.4,0,0,0,0,0,0,0,704,0,10.39999961853027
,"Lun, 05.03. 17:00",4070.5,3316.8,753.7,0,0,0,0,0,0,0,892.3,0,10.39999961853027
,"Lun, 05.03. 18:00",4655.4,3849,806.4,0,0,0,0,0,0,0,1083.3,0,8.199999809265137
,"Lun, 05.03. 19:00",5450.8,4407,1043.8,0,0,0,0,0,0,0,1329.2,0,6.800000190734863
,"Lun, 05.03. 20:00",5468.4,4450.2,1018.2,0,0,0,0,0,0,0,1379.1,0,5.400000095367432
,"Lun, 05.03. 21:00",5087.1,4127.8,959.3,0,0,0,0,0,0,0,1262.6,0,5.800000190734863
,"Lun, 05.03. 22:00",3291.5,2746.4,545.1,0,0,0,0,0,0,0,824.6,0,5.400000095367432
,"Lun, 05.03. 23:00",2831.9,2510.5,321.4,0,0,0,0,0,0,0,698.9,0,5.099999904632568
,"Mar, 06.03. 00:00",2736.2,2516.2,220,0,0,0,0,0,0,0,671.9,0,4.699999809265137
,"Mar, 06.03. 01:00",2804.8,2685,119.8,0,0,0,0,0,0,0,683,0,4.300000190734863
,"Mar, 06.03. 02:00",2845.9,2809.8,36.1,0,0,0,0,0,0,0,695.1,0,3.599999904632568
,"Mar, 06.03. 03:00",3054.6,3018.3,36.3,0,0,0,0,0,0,0,759.5,0,3
,"Mar, 06.03. 04:00",3706.1,3580.5,125.6,0,0,0,0,0,0,0,950.1,0,2.299999952316284
,"Mar, 06.03. 05:00",4222.9,3893.9,329,0,0,0,0,0,0,0,1069.6,0,3.299999952316284
,"Mar, 06.03. 06:00",6024.9,5104.9,920,0,0,0,0,0,0,0,1633.4,0,2.099999904632568
,"Mar, 06.03. 07:00",5681.3,4737.3,944,0,0,0,0,0,0,0,1520.2,0,3.200000047683716
,"Mar, 06.03. 08:00",5191.4,4326.3,865.1,0,0,0,0,0,0,0,1359.3,0,4.300000190734863
,"Mar, 06.03. 09:00",4324.8,3630.6,694.2,0,0,0,0,0,0,0,1074.4,0,6.099999904632568
,"Mar, 06.03. 10:00",3631.1,3017.3,613.8,0,0,0,0,0,0,0,850.2,0,8.300000190734863
,"Mar, 06.03. 11:00",2741.7,2185.7,556,0,0,0,0,0,0,0,589.7,0,11.60000038146973
,"Mar, 06.03. 12:00",2767.8,2130.1,637.7,0,0,0,0,0,0,0,579.6,0,13
,"Mar, 06.03. 13:00",2066.4,1506.4,560,0,0,0,0,0,0,0,412.7,0,15.30000019073486
,"Mar, 06.03. 14:00",1922.3,1414.8,507.5,0,0,0,0,0,0,0,358.7,0,17.10000038146973
,"Mar, 06.03. 15:00",1898.4,1424.4,474,0,0,0,0,0,0,0,351.2,0,16.89999961853027
,"Mar, 06.03. 16:00",2105.6,1571.9,533.7,0,0,0,0,0,0,0,413.5,0,15.30000019073486
,"Mar, 06.03. 17:00",2533.2,1833.9,699.3,0,0,0,0,0,0,0,513.6,0,14.60000038146973
,"Mar, 06.03. 18:00",2739.3,2040.4,698.9,0,0,0,0,0,0,0,570.8,0,13.19999980926514
,"Mar, 06.03. 19:00",3746.1,2733.1,1013,0,0,0,0,0,0,0,814.9,0,12
,"Mar, 06.03. 20:00",4225.6,3178.4,1047.2,0,0,0,0,0,0,0,960.7,0,10
,"Mar, 06.03. 21:00",4030.8,3024.4,1006.4,0,0,0,0,0,0,0,909.6,0,10.10000038146973
,"Mar, 06.03. 22:00",2093.7,1559.8,533.9,0,0,0,0,0,0,0,476.9,0,10.19999980926514
,"Mar, 06.03. 23:00",2159.7,1816.1,343.6,0,0,0,0,0,0,0,492.1,0,8.600000381469727
,"Mer, 07.03. 00:00",1923.9,1699.8,224.1,0,0,0,0,0,0,0,431.7,0,8.300000190734863
,"Mer, 07.03. 01:00",1411.2,1302,109.2,0,0,0,0,0,0,0,295.8,0,9.600000381469727
,"Mer, 07.03. 02:00",1389,1356.7,32.3,0,0,0,0,0,0,0,284.9,0,9.199999809265137
,"Mer, 07.03. 03:00",1608.3,1574.5,33.8,0,0,0,0,0,0,0,335.8,0,8.600000381469727
,"Mer, 07.03. 04:00",2079.4,1960,119.4,0,0,0,0,0,0,0,450.6,0,8.199999809265137
,"Mer, 07.03. 05:00",2913,2581,332,0,0,0,0,0,0,0,649.9,0,8.100000381469727
,"Mer, 07.03. 06:00",4137.7,3228.7,909,0,0,0,0,0,0,0,973.4,0,8.300000190734863
,"Mer, 07.03. 07:00",4372.5,3430.1,942.4,0,0,0,0,0,0,0,1079.7,0,7
,"Mer, 07.03. 08:00",3848.5,3001.8,846.7,0,0,0,0,0,0,0,932.8,0,8
,"Mer, 07.03. 09:00",3429.8,2715.5,714.3,0,0,0,0,0,0,0,804.4,0,8.899999618530273
,"Mer, 07.03. 10:00",3158.6,2476.9,681.7,0,0,0,0,0,0,0,711.7,0,10.30000019073486
,"Mer, 07.03. 11:00",2207,1627.6,579.4,0,0,0,0,0,0,0,469.9,0,13
,"Mer, 07.03. 12:00",2177.1,1603.7,573.4,0,0,0,0,0,0,0,465.3,0,12.89999961853027
,"Mer, 07.03. 13:00",1870,1332.5,537.5,0,0,0,0,0,0,0,391.6,0,14
,"Mer, 07.03. 14:00",1979.8,1427.2,552.6,0,0,0,0,0,0,0,413.1,0,14
,"Mer, 07.03. 15:00",2215.1,1736.5,478.6,0,0,0,0,0,0,0,471,0,12
,"Mer, 07.03. 16:00",2303.6,1791.7,511.9,0,0,0,0,0,0,0,491.1,0,12
,"Mer, 07.03. 17:00",2801.4,2130.4,671,0,0,0,0,0,0,0,619.5,0,11.10000038146973
,"Mer, 07.03. 18:00",3214.8,2456.4,758.4,0,0,0,0,0,0,0,728.3,0,10.19999980926514
,"Mer, 07.03. 19:00",3541.6,2559.3,982.3,0,0,0,0,0,0,0,814,0,10.39999961853027
,"Mer, 07.03. 20:00",3410.7,2445.5,965.2,0,0,0,0,0,0,0,785,0,10.30000019073486
,"Mer, 07.03. 21:00",3603,2627.5,975.5,0,0,0,0,0,0,0,837.9,0,9.600000381469727
,"Mer, 07.03. 22:00",2254.1,1710.1,544,0,0,0,0,0,0,0,527.3,0,9.100000381469727
,"Mer, 07.03. 23:00",1802.8,1498.8,304,0,0,0,0,0,0,0,410.1,0,8.800000190734863
,"Jeu, 08.03. 00:00",1844.8,1625.4,219.4,0,0,0,0,0,0,0,409.2,0,8.699999809265137
,"Jeu, 08.03. 01:00",1769.7,1655,114.7,0,0,0,0,0,0,0,382.6,0,8.5
,"Jeu, 08.03. 02:00",1772.9,1737.4,35.5,0,0,0,0,0,0,0,374.8,0,8.300000190734863
,"Jeu, 08.03. 03:00",1827.4,1793.3,34.1,0,0,0,0,0,0,0,389.9,0,7.900000095367432
,"Jeu, 08.03. 04:00",2130.3,2018,112.3,0,0,0,0,0,0,0,466.2,0,7.800000190734863
,"Jeu, 08.03. 05:00",3184.1,2852.5,331.6,0,0,0,0,0,0,0,709.2,0,7.900000095367432
,"Jeu, 08.03. 06:00",4917,3924.1,992.9,0,0,0,0,0,0,0,1139.2,0,8.399999618530273
,"Jeu, 08.03. 07:00",4825.7,3807,1018.7,0,0,0,0,0,0,0,1144.7,0,8.300000190734863
,"Jeu, 08.03. 08:00",3866.5,3063.3,803.2,0,0,0,0,0,0,0,921.1,0,8.399999618530273
,"Jeu, 08.03. 09:00",3455,2783.6,671.4,0,0,0,0,0,0,0,799.8,0,9.100000381469727
,"Jeu, 08.03. 10:00",3076,2476.4,599.6,0,0,0,0,0,0,0,690.3,0,10.10000038146973
,"Jeu, 08.03. 11:00",2832.9,2242.5,590.4,0,0,0,0,0,0,0,612.2,0,11.5
,"Jeu, 08.03. 12:00",2582.9,2016,566.9,0,0,0,0,0,0,0,552.7,0,12
,"Jeu, 08.03. 13:00",2437.8,1906.3,531.5,0,0,0,0,0,0,0,515.4,0,12.30000019073486
,"Jeu, 08.03. 14:00",2413.2,1891.5,521.7,0,0,0,0,0,0,0,505.8,0,12.60000038146973
,"Jeu, 08.03. 15:00",2500.4,2008.1,492.3,0,0,0,0,0,0,0,523.8,0,12.10000038146973
,"Jeu, 08.03. 16:00",2782.6,2223.7,558.9,0,0,0,0,0,0,0,586,0,12
,"Jeu, 08.03. 17:00",3265.2,2595,670.2,0,0,0,0,0,0,0,728.7,0,10.19999980926514
,"Jeu, 08.03. 18:00",3830.8,3043,787.8,0,0,0,0,0,0,0,873.9,0,9.399999618530273
,"Jeu, 08.03. 19:00",3737.1,2862.8,874.3,0,0,0,0,0,0,0,877.5,0,8.899999618530273
,"Jeu, 08.03. 20:00",4512.7,3528.8,983.9,0,0,0,0,0,0,0,1110.2,0,6.900000095367432
,"Jeu, 08.03. 21:00",4685.6,3720.9,964.7,0,0,0,0,0,0,0,1175.7,0,5.800000190734863
,"Jeu, 08.03. 22:00",3084.1,2557.1,527,0,0,0,0,0,0,0,777.1,0,5.300000190734863
,"Jeu, 08.03. 23:00",2811.3,2481.6,329.7,0,0,0,0,0,0,0,693.5,0,5.199999809265137
,"Ven, 09.03. 00:00",2927.5,2710.7,216.8,0,0,0,0,0,0,0,731.6,0,4
,"Ven, 09.03. 01:00",3225.9,3107.7,118.2,0,0,0,0,0,0,0,822.9,0,2.599999904632568
,"Ven, 09.03. 02:00",2907.4,2872.1,35.3,0,0,0,0,0,0,0,714.6,0,3.400000095367432
,"Ven, 09.03. 03:00",2942.8,2906.7,36.1,0,0,0,0,0,0,0,711.6,0,3.900000095367432
,"Ven, 09.03. 04:00",3382.8,3266,116.8,0,0,0,0,0,0,0,843.4,0,3.299999952316284
,"Ven, 09.03. 05:00",5030.1,4672.3,357.8,0,0,0,0,0,0,0,1273.7,0,3.099999904632568
,"Ven, 09.03. 06:00",6623.9,5708,915.9,0,0,0,0,0,0,0,1785,0,2
,"Ven, 09.03. 07:00",6699.5,5740.3,959.2,0,0,0,0,0,0,0,1848,0,1.600000023841858
,"Ven, 09.03. 08:00",5764.6,4895,869.6,0,0,0,0,0,0,0,1507.2,0,4.099999904632568
,"Ven, 09.03. 09:00",4990,4284.8,705.2,0,0,0,0,0,0,0,1253.4,0,5.400000095367432
,"Ven, 09.03. 10:00",3934.8,3348.7,586.1,0,0,0,0,0,0,0,921.5,0,7.900000095367432
,"Ven, 09.03. 11:00",3622.7,3044.7,578,0,0,0,0,0,0,0,804.4,0,9.800000190734863
,"Ven, 09.03. 12:00",3153.5,2581.6,571.9,0,0,0,0,0,0,0,669.2,0,11.60000038146973
,"Ven, 09.03. 13:00",2935.2,2393.9,541.3,0,0,0,0,0,0,0,609.3,0,12.30000019073486
,"Ven, 09.03. 14:00",2840.2,2334.9,505.3,0,0,0,0,0,0,0,588.1,0,12.30000019073486
,"Ven, 09.03. 15:00",3133.3,2626.7,506.6,0,0,0,0,0,0,0,652.8,0,11.69999980926514
,"Ven, 09.03. 16:00",3308.5,2777,531.5,0,0,0,0,0,0,0,698.8,0,11.19999980926514
,"Ven, 09.03. 17:00",3415.5,2814.1,601.4,0,0,0,0,0,0,0,752.2,0,10.10000038146973
,"Ven, 09.03. 18:00",4243.2,3486.8,756.4,0,0,0,0,0,0,0,953,0,9.399999618530273
,"Ven, 09.03. 19:00",4602.6,3681.1,921.5,0,0,0,0,0,0,0,1072.5,0,8.5
,"Ven, 09.03. 20:00",4530.8,3588.5,942.3,0,0,0,0,0,0,0,1047.8,0,8.699999809265137
,"Ven, 09.03. 21:00",4331.4,3416.4,915,0,0,0,0,0,0,0,987.7,0,9
,"Ven, 09.03. 22:00",2674.4,2115.6,558.8,0,0,0,0,0,0,0,621.3,0,8.699999809265137
,"Ven, 09.03. 23:00",2514.9,2185.7,329.2,0,0,0,0,0,0,0,592.6,0,7
,"Sam, 10.03. 00:00",2462.6,2242.5,220.1,0,0,0,0,0,0,0,595.8,0,5.400000095367432
,"Sam, 10.03. 01:00",2479.2,2347.3,131.9,0,0,0,0,0,0,0,589,0,5.400000095367432
,"Sam, 10.03. 02:00",2539.3,2458.4,80.9,0,0,0,0,0,0,0,593.8,0,5.5
,"Sam, 10.03. 03:00",2559.5,2523.7,35.8,0,0,0,0,0,0,0,588.5,0,5.599999904632568
,"Sam, 10.03. 04:00",2874.5,2805.9,68.6,0,0,0,0,0,0,0,670.6,0,5.300000190734863
,"Sam, 10.03. 05:00",3951.7,3884.4,67.3,0,0,0,0,0,0,0,906.5,0,5.300000190734863
,"Sam, 10.03. 06:00",5658.7,5565.7,93,0,0,0,0,0,0,0,1313.8,0,4.699999809265137
,"Sam, 10.03. 07:00",5422.9,5217.5,205.4,0,0,0,0,0,0,0,1287.3,0,4.900000095367432
,"Sam, 10.03. 08:00",5259.9,4702.4,557.5,0,0,0,0,0,0,0,1281.8,0,5.599999904632568
,"Sam, 10.03. 09:00",4982.6,3970.4,1012.2,0,0,0,0,0,0,0,1235.3,0,6.800000190734863
,"Sam, 10.03. 10:00",4774.9,3631.7,1143.2,0,0,0,0,0,0,0,1151.6,0,8.399999618530273
,"Sam, 10.03. 11:00",4397.9,3231.6,1166.3,0,0,0,0,0,0,0,1039.6,0,9.600000381469727
,"Sam, 10.03. 12:00",4052.4,2994,1058.4,0,0,0,0,0,0,0,929.4,0,10.5
,"Sam, 10.03. 13:00",3645.3,2779.5,865.8,0,0,0,0,0,0,0,803.4,0,11.30000019073486
,"Sam, 10.03. 14:00",3471.3,2681.7,789.6,0,0,0,0,0,0,0,752.5,0,11.69999980926514
,"Sam, 10.03. 15:00",3362.2,2729.9,632.3,0,0,0,0,0,0,0,728.4,0,10.89999961853027
,"Sam, 10.03. 16:00",3560,2912.9,647.1,0,0,0,0,0,0,0,767.2,0,10.89999961853027
,"Sam, 10.03. 17:00",4028.6,3330.2,698.4,0,0,0,0,0,0,0,899.5,0,9.5
,"Sam, 10.03. 18:00",4899.6,4113.6,786,0,0,0,0,0,0,0,1149.2,0,7.599999904632568
,"Sam, 10.03. 19:00",5631.1,4751.8,879.3,0,0,0,0,0,0,0,1348.2,0,6.699999809265137
,"Sam, 10.03. 20:00",5359.2,4578.7,780.5,0,0,0,0,0,0,0,1296.3,0,6
,"Sam, 10.03. 21:00",5651.4,5007.7,643.7,0,0,0,0,0,0,0,1421.5,0,3.900000095367432
,"Sam, 10.03. 22:00",3667.6,3166.1,501.5,0,0,0,0,0,0,0,947.1,0,3.799999952316284
,"Sam, 10.03. 23:00",3387.3,3052.8,334.5,0,0,0,0,0,0,0,881.4,0,3
,"Dim, 11.03. 00:00",3541.8,3298.5,243.3,0,0,0,0,0,0,0,935.3,0,2
,"Dim, 11.03. 01:00",3394.7,3265.9,128.8,0,0,0,0,0,0,0,909.3,0,0.8999999761581421
,"Dim, 11.03. 02:00",3785.1,3704,81.1,0,0,0,0,0,0,0,1026.2,0,0.2000000029802322
,"Dim, 11.03. 03:00",3897.2,3861.6,35.6,0,0,0,0,0,0,0,1058.6,0,-0.2000000029802322
,"Dim, 11.03. 04:00",4146,4068.1,77.9,0,0,0,0,0,0,0,1138.5,0,-0.5
,"Dim, 11.03. 05:00",5610,5530.5,79.5,0,0,0,0,0,0,0,1537.3,0,-0.800000011920929
,"Dim, 11.03. 06:00",7802.5,7693.3,109.2,0,0,0,0,0,0,0,2152.3,0,-1.299999952316284
,"Dim, 11.03. 07:00",7333.5,7117.1,216.4,0,0,0,0,0,0,0,2082.6,0,-1.700000047683716
,"Dim, 11.03. 08:00",6722.9,6137.6,585.3,0,0,0,0,0,0,0,1805,0,1.799999952316284
,"Dim, 11.03. 09:00",6391.6,5294.8,1096.8,0,0,0,0,0,0,0,1690.8,0,3.900000095367432
,"Dim, 11.03. 10:00",5392.1,4285.6,1106.5,0,0,0,0,0,0,0,1353.1,0,6.400000095367432
,"Dim, 11.03. 11:00",5335.7,4118.7,1217,0,0,0,0,0,0,0,1298.7,0,7.900000095367432
,"Dim, 11.03. 12:00",4861.8,3744.7,1117.1,0,0,0,0,0,0,0,1136.9,0,9.300000190734863
,"Dim, 11.03. 13:00",3752.5,2942.5,810,0,0,0,0,0,0,0,822.8,0,11.10000038146973
,"Dim, 11.03. 14:00",3350.1,2606.9,743.2,0,0,0,0,0,0,0,698.1,0,12.89999961853027
,"Dim, 11.03. 15:00",3175.2,2535.3,639.9,0,0,0,0,0,0,0,637.9,0,13.5
,"Dim, 11.03. 16:00",3237.8,2632.6,605.2,0,0,0,0,0,0,0,646.9,0,13.30000019073486
,"Dim, 11.03. 17:00",3959.4,3277.6,681.8,0,0,0,0,0,0,0,828.4,0,11.5
,"Dim, 11.03. 18:00",4403.2,3696.1,707.1,0,0,0,0,0,0,0,970.4,0,9.600000381469727
,"Dim, 11.03. 19:00",5670,4819.6,850.4,0,0,0,0,0,0,0,1312.5,0,7.699999809265137
,"Dim, 11.03. 20:00",5741.7,4947.2,794.5,0,0,0,0,0,0,0,1347.6,0,6.900000095367432
,"Dim, 11.03. 21:00",5993.1,5323.2,669.9,0,0,0,0,0,0,0,1487.7,0,4.300000190734863
,"Dim, 11.03. 22:00",3469.5,3010.7,458.8,0,0,0,0,0,0,0,894.8,0,3.799999952316284
,"Dim, 11.03. 23:00",3634,3303.5,330.5,0,0,0,0,0,0,0,952.9,0,2.599999904632568
,"Lun, 12.03. 00:00",3476.9,3243.3,233.6,0,0,0,0,0,0,0,898.7,0,2.700000047683716
,"Lun, 12.03. 01:00",3401,3284.6,116.4,0,0,0,0,0,0,0,889.5,0,1.700000047683716
,"Lun, 12.03. 02:00",3142.6,3107.2,35.4,0,0,0,0,0,0,0,792.3,0,2.5
,"Lun, 12.03. 03:00",3497.2,3463.6,33.6,0,0,0,0,0,0,0,934.8,0,0.300000011920929
,"Lun, 12.03. 04:00",4122,4004.6,117.4,0,0,0,0,0,0,0,1117.2,0,0.2000000029802322
,"Lun, 12.03. 05:00",5295.2,4959.1,336.1,0,0,0,0,0,0,0,1426.3,0,0.800000011920929
,"Lun, 12.03. 06:00",6997,6094.3,902.7,0,0,0,0,0,0,0,1968.2,0,0.2000000029802322
,"Lun, 12.03. 07:00",6810.3,5845.4,964.9,0,0,0,0,0,0,0,1874.8,0,1.700000047683716
,"Lun, 12.03. 08:00",5476.8,4686.7,790.1,0,0,0,0,0,0,0,1460.2,0,3.299999952316284
,"Lun, 12.03. 09:00",4791.9,4103.6,688.3,0,0,0,0,0,0,0,1182.2,0,6.099999904632568
,"Lun, 12.03. 10:00",4235.4,3614.4,621,0,0,0,0,0,0,0,992,0,7.900000095367432
,"Lun, 12.03. 11:00",3839.5,3240.9,598.6,0,0,0,0,0,0,0,855,0,9.699999809265137
,"Lun, 12.03. 12:00",3086,2505.1,580.9,0,0,0,0,0,0,0,642,0,12.39999961853027
,"Lun, 12.03. 13:00",2592.4,2075,517.4,0,0,0,0,0,0,0,522.1,0,13.60000038146973
,"Lun, 12.03. 14:00",2374.6,1856.3,518.3,0,0,0,0,0,0,0,459.2,0,15.30000019073486
,"Lun, 12.03. 15:00",2427.1,1927.5,499.6,0,0,0,0,0,0,0,443.6,0,16.39999961853027
,"Lun, 12.03. 16:00",2406,1902.7,503.3,0,0,0,0,0,0,0,446.3,0,16
,"Lun, 12.03. 17:00",2758.8,2113.5,645.3,0,0,0,0,0,0,0,540.1,0,14.80000019073486
,"Lun, 12.03. 18:00",3679.3,2948.7,730.6,0,0,0,0,0,0,0,777.1,0,11.69999980926514
,"Lun, 12.03. 19:00",4885.8,3900.6,985.2,0,0,0,0,0,0,0,1122.3,0,9
,"Lun, 12.03. 20:00",4713.3,3815.8,897.5,0,0,0,0,0,0,0,1136.7,0,7
,"Lun, 12.03. 21:00",5387,4408,979,0,0,0,0,0,0,0,1327.9,0,5.900000095367432
,"Lun, 12.03. 22:00",3233.6,2677.3,556.3,0,0,0,0,0,0,0,792,0,6.300000190734863
,"Lun, 12.03. 23:00",3058.4,2730.5,327.9,0,0,0,0,0,0,0,763.8,0,4.599999904632568
,"Mar, 13.03. 00:00",2680.5,2462.7,217.8,0,0,0,0,0,0,0,652.9,0,5
,"Mar, 13.03. 01:00",2799,2683.9,115.1,0,0,0,0,0,0,0,687.8,0,4
,"Mar, 13.03. 02:00",2650.1,2615.1,35,0,0,0,0,0,0,0,634.5,0,4.300000190734863
,"Mar, 13.03. 03:00",2700.6,2666.8,33.8,0,0,0,0,0,0,0,653.2,0,3.900000095367432
,"Mar, 13.03. 04:00",3127.4,3014.7,112.7,0,0,0,0,0,0,0,776,0,3.5
,"Mar, 13.03. 05:00",4828.4,4489.4,339,0,0,0,0,0,0,0,1276.8,0,1.600000023841858
,"Mar, 13.03. 06:00",6909.6,5914.5,995.1,0,0,0,0,0,0,0,1912.7,0,1.100000023841858
,"Mar, 13.03. 07:00",6433,5441,992,0,0,0,0,0,0,0,1774.1,0,1.799999952316284
,"Mar, 13.03. 08:00",5325.3,4443.7,881.6,0,0,0,0,0,0,0,1379.5,0,4.699999809265137
,"Mar, 13.03. 09:00",4273.7,3558.5,715.2,0,0,0,0,0,0,0,1028.1,0,7.400000095367432
,"Mar, 13.03. 10:00",2957.2,2399.2,558,0,0,0,0,0,0,0,654.9,0,10.5
,"Mar, 13.03. 11:00",2730.7,2167.7,563,0,0,0,0,0,0,0,578,0,12.19999980926514
,"Mar, 13.03. 12:00",2292,1723.9,568.1,0,0,0,0,0,0,0,467.9,0,14.19999980926514
,"Mar, 13.03. 13:00",2080.3,1536.6,543.7,0,0,0,0,0,0,0,407.4,0,15.69999980926514
,"Mar, 13.03. 14:00",1896.1,1413.4,482.7,0,0,0,0,0,0,0,344,0,17.70000076293945
,"Mar, 13.03. 15:00",1971.9,1497.6,474.3,0,0,0,0,0,0,0,352.7,0,17.60000038146973
,"Mar, 13.03. 16:00",2164.3,1635.4,528.9,0,0,0,0,0,0,0,392.1,0,17.29999923706055
,"Mar, 13.03. 17:00",2411.6,1746,665.6,0,0,0,0,0,0,0,462.4,0,16.20000076293945
,"Mar, 13.03. 18:00",2979.7,2227.5,752.2,0,0,0,0,0,0,0,614,0,13.5
,"Mar, 13.03. 19:00",3656.6,2702.2,954.4,0,0,0,0,0,0,0,792.9,0,11.89999961853027
,"Mar, 13.03. 20:00",4303.6,3316.7,986.9,0,0,0,0,0,0,0,999.4,0,9
,"Mar, 13.03. 21:00",4459.5,3492,967.5,0,0,0,0,0,0,0,1057,0,7.900000095367432
,"Mar, 13.03. 22:00",3138.1,2588.2,549.9,0,0,0,0,0,0,0,776.9,0,6
,"Mar, 13.03. 23:00",2918,2587.5,330.5,0,0,0,0,0,0,0,722.5,0,5
,"Mer, 14.03. 00:00",2818,2593.9,224.1,0,0,0,0,0,0,0,691.7,0,4.699999809265137
,"Mer, 14.03. 01:00",2608,2498.8,109.2,0,0,0,0,0,0,0,637.1,0,4.199999809265137
,"Mer, 14.03. 02:00",2754,2718.7,35.3,0,0,0,0,0,0,0,667.2,0,3.900000095367432
,"Mer, 14.03. 03:00",2835.2,2801.4,33.8,0,0,0,0,0,0,0,700.4,0,3.200000047683716
,"Mer, 14.03. 04:00",3547.3,3425.6,121.7,0,0,0,0,0,0,0,900,0,2.700000047683716
,"Mer, 14.03. 05:00",4639.7,4284.5,355.2,0,0,0,0,0,0,0,1177.1,0,3.200000047683716
,"Mer, 14.03. 06:00",5905.3,5005.1,900.2,0,0,0,0,0,0,0,1588.1,0,2.400000095367432
,"Mer, 14.03. 07:00",6013.1,5051.1,962,0,0,0,0,0,0,0,1632.6,0,2.5
,"Mer, 14.03. 08:00",4696.4,3866.5,829.9,0,0,0,0,0,0,0,1183.3,0,5.900000095367432
,"Mer, 14.03. 09:00",3910.1,3209.6,700.5,0,0,0,0,0,0,0,918.7,0,8.399999618530273
,"Mer, 14.03. 10:00",3079.7,2472.8,606.9,0,0,0,0,0,0,0,677.5,0,10.89999961853027
,"Mer, 14.03. 11:00",2559.4,1991.6,567.8,0,0,0,0,0,0,0,535.9,0,12.89999961853027
,"Mer, 14.03. 12:00",1925.7,1397.6,528.1,0,0,0,0,0,0,0,388.8,0,15.10000038146973
,"Mer, 14.03. 13:00",1909.2,1398.7,510.5,0,0,0,0,0,0,0,370.8,0,16
,"Mer, 14.03. 14:00",2022.8,1495.7,527.1,0,0,0,0,0,0,0,373.8,0,17.29999923706055
,"Mer, 14.03. 15:00",2061.2,1553.3,507.9,0,0,0,0,0,0,0,375,0,17.29999923706055
,"Mer, 14.03. 16:00",2047.1,1535,512.1,0,0,0,0,0,0,0,382.5,0,16.60000038146973
,"Mer, 14.03. 17:00",2330.1,1672.4,657.7,0,0,0,0,0,0,0,460.2,0,15.5
,"Mer, 14.03. 18:00",3053.2,2294.9,758.3,0,0,0,0,0,0,0,637.6,0,13
,"Mer, 14.03. 19:00",3959,2967,992,0,0,0,0,0,0,0,882.4,0,10.89999961853027
,"Mer, 14.03. 20:00",4105.4,3150.4,955,0,0,0,0,0,0,0,955.4,0,9
,"Mer, 14.03. 21:00",4414.7,3458.4,956.3,0,0,0,0,0,0,0,1057.3,0,7.599999904632568
,"Mer, 14.03. 22:00",2919.1,2385.8,533.3,0,0,0,0,0,0,0,715,0,6.5
,"Mer, 14.03. 23:00",2668.9,2348.3,320.6,0,0,0,0,0,0,0,650.3,0,5.699999809265137
,"Jeu, 15.03. 00:00",2441.6,2228.7,212.9,0,0,0,0,0,0,0,584.6,0,5.699999809265137
,"Jeu, 15.03. 01:00",2665.5,2547.2,118.3,0,0,0,0,0,0,0,640.4,0,4.800000190734863
,"Jeu, 15.03. 02:00",2766.5,2729.8,36.7,0,0,0,0,0,0,0,664.7,0,4.199999809265137
,"Jeu, 15.03. 03:00",2803.3,2769.6,33.7,0,0,0,0,0,0,0,692.5,0,3.200000047683716
,"Jeu, 15.03. 04:00",2982.9,2876.4,106.5,0,0,0,0,0,0,0,747.7,0,3.099999904632568
,"Jeu, 15.03. 05:00",3867.5,3549.6,317.9,0,0,0,0,0,0,0,962.2,0,4
,"Jeu, 15.03. 06:00",5490.8,4582.8,908,0,0,0,0,0,0,0,1436.5,0,3.599999904632568
,"Jeu, 15.03. 07:00",5971.6,4982.5,989.1,0,0,0,0,0,0,0,1625.7,0,2.5
,"Jeu, 15.03. 08:00",4612.5,3750.1,862.4,0,0,0,0,0,0,0,1156.2,0,6.300000190734863
,"Jeu, 15.03. 09:00",3948.1,3193.4,754.7,0,0,0,0,0,0,0,922.7,0,8.800000190734863
,"Jeu, 15.03. 10:00",2853.3,2241,612.3,0,0,0,0,0,0,0,623.4,0,11.39999961853027
,"Jeu, 15.03. 11:00",2298,1696.3,601.7,0,0,0,0,0,0,0,475,0,14.10000038146973
,"Jeu, 15.03. 12:00",2009.4,1419.6,589.8,0,0,0,0,0,0,0,399.6,0,15.89999961853027
,"Jeu, 15.03. 13:00",2005.2,1431.1,574.1,0,0,0,0,0,0,0,379.3,0,17.10000038146973
,"Jeu, 15.03. 14:00",1795,1293.8,501.2,0,0,0,0,0,0,0,329.4,0,18.10000038146973
,"Jeu, 15.03. 15:00",1881.5,1384,497.5,0,0,0,0,0,0,0,341.9,0,17.70000076293945
,"Jeu, 15.03. 16:00",1944.8,1423,521.8,0,0,0,0,0,0,0,363.8,0,16.89999961853027
,"Jeu, 15.03. 17:00",2353.1,1642.9,710.2,0,0,0,0,0,0,0,466.2,0,15.80000019073486
,"Jeu, 15.03. 18:00",2554.4,1856.9,697.5,0,0,0,0,0,0,0,533.5,0,13.5
,"Jeu, 15.03. 19:00",3280.1,2289.6,990.5,0,0,0,0,0,0,0,702.4,0,13.10000038146973
,"Jeu, 15.03. 20:00",3758.4,2744.7,1013.7,0,0,0,0,0,0,0,842.6,0,10.89999961853027
,"Jeu, 15.03. 21:00",3970.4,2986.3,984.1,0,0,0,0,0,0,0,915.7,0,9.399999618530273
,"Jeu, 15.03. 22:00",2761.5,2245,516.5,0,0,0,0,0,0,0,676.3,0,6.599999904632568
,"Jeu, 15.03. 23:00",2556.5,2230.2,326.3,0,0,0,0,0,0,0,614.4,0,6.300000190734863
,"Ven, 16.03. 00:00",2558.4,2335.1,223.3,0,0,0,0,0,0,0,612.6,0,5.699999809265137
,"Ven, 16.03. 01:00",2680,2561.9,118.1,0,0,0,0,0,0,0,645.4,0,4.699999809265137
,"Ven, 16.03. 02:00",2636.1,2602,34.1,0,0,0,0,0,0,0,638.5,0,3.900000095367432
,"Ven, 16.03. 03:00",2782.5,2745.5,37,0,0,0,0,0,0,0,663.8,0,4.400000095367432
,"Ven, 16.03. 04:00",3108.1,2986.8,121.3,0,0,0,0,0,0,0,753.6,0,4.300000190734863
,"Ven, 16.03. 05:00",4533.6,4182.7,350.9,0,0,0,0,0,0,0,1168.3,0,2.700000047683716
,"Ven, 16.03. 06:00",5809.2,4864.7,944.5,0,0,0,0,0,0,0,1548.1,0,2.900000095367432
,"Ven, 16.03. 07:00",5698,4720,978,0,0,0,0,0,0,0,1528.8,0,3.200000047683716
,"Ven, 16.03. 08:00",4272.4,3470.2,802.2,0,0,0,0,0,0,0,1073.8,0,6.199999809265137
,"Ven, 16.03. 09:00",3538.3,2833.3,705,0,0,0,0,0,0,0,817.5,0,9.300000190734863
,"Ven, 16.03. 10:00",2936.4,2288.1,648.3,0,0,0,0,0,0,0,639.4,0,11.60000038146973
,"Ven, 16.03. 11:00",2278.1,1683.3,594.8,0,0,0,0,0,0,0,473.6,0,13.89999961853027
,"Ven, 16.03. 12:00",1799.3,1261.5,537.8,0,0,0,0,0,0,0,366.7,0,15.30000019073486
,"Ven, 16.03. 13:00",1891.5,1339.8,551.7,0,0,0,0,0,0,0,363,0,16.79999923706055
,"Ven, 16.03. 14:00",1741.4,1246.1,495.3,0,0,0,0,0,0,0,324.6,0,17.5
,"Ven, 16.03. 15:00",1915.2,1399.2,516,0,0,0,0,0,0,0,349.9,0,17.60000038146973
,"Ven, 16.03. 16:00",1924.8,1398.5,526.3,0,0,0,0,0,0,0,357.5,0,17.20000076293945
,"Ven, 16.03. 17:00",2308.1,1598.8,709.3,0,0,0,0,0,0,0,455.3,0,16
,"Ven, 16.03. 18:00",2494.9,1768.7,726.2,0,0,0,0,0,0,0,516.6,0,14.10000038146973
,"Ven, 16.03. 19:00",3479.9,2500.6,979.3,0,0,0,0,0,0,0,767,0,11.80000019073486
,"Ven, 16.03. 20:00",3707,2694.8,1012.2,0,0,0,0,0,0,0,832.8,0,10.89999961853027
,"Ven, 16.03. 21:00",3822.9,2859.6,963.3,0,0,0,0,0,0,0,881,0,9.5
,"Ven, 16.03. 22:00",2562.8,1999.3,563.5,0,0,0,0,0,0,0,603.9,0,8.5
,"Ven, 16.03. 23:00",2192.2,1875.9,316.3,0,0,0,0,0,0,0,511.1,0,7.599999904632568
,"Sam, 17.03. 00:00",2515.5,2276,239.5,0,0,0,0,0,0,0,602.3,0,5.800000190734863
,"Sam, 17.03. 01:00",2310.4,2171.6,138.8,0,0,0,0,0,0,0,533.3,0,6.400000095367432
,"Sam, 17.03. 02:00",2702.3,2625.8,76.5,0,0,0,0,0,0,0,664.9,0,3.700000047683716
,"Sam, 17.03. 03:00",2950.9,2912.9,38,0,0,0,0,0,0,0,710.2,0,4.099999904632568
,"Sam, 17.03. 04:00",2869.8,2799.9,69.9,0,0,0,0,0,0,0,680.3,0,4.800000190734863
,"Sam, 17.03. 05:00",3615,3549.9,65.1,0,0,0,0,0,0,0,861.1,0,4.199999809265137
,"Sam, 17.03. 06:00",4995.5,4904.3,91.2,0,0,0,0,0,0,0,1209.2,0,3.5
,"Sam, 17.03. 07:00",4870.4,4658.9,211.5,0,0,0,0,0,0,0,1171.5,0,4.599999904632568
,"Sam, 17.03. 08:00",4001,3497.8,503.2,0,0,0,0,0,0,0,962.3,0,6.400000095367432
,"Sam, 17.03. 09:00",4217,3133,1084,0,0,0,0,0,0,0,1007,0,9.100000381469727
,"Sam, 17.03. 10:00",3499.6,2424.2,1075.4,0,0,0,0,0,0,0,819.3,0,10.69999980926514
,"Sam, 17.03. 11:00",3247.6,2105.2,1142.4,0,0,0,0,0,0,0,745.6,0,12.19999980926514
,"Sam, 17.03. 12:00",2827.5,1759.2,1068.3,0,0,0,0,0,0,0,627.7,0,13.89999961853027
,"Sam, 17.03. 13:00",2087.3,1315.7,771.6,0,0,0,0,0,0,0,443.8,0,15.10000038146973
,"Sam, 17.03. 14:00",2200.8,1449.6,751.2,0,0,0,0,0,0,0,466.5,0,14.69999980926514
,"Sam, 17.03. 15:00",2128.9,1471.4,657.5,0,0,0,0,0,0,0,434.7,0,15.10000038146973
,"Sam, 17.03. 16:00",2054.6,1466.7,587.9,0,0,0,0,0,0,0,419.3,0,14.60000038146973
,"Sam, 17.03. 17:00",2752.4,2025.2,727.2,0,0,0,0,0,0,0,571.5,0,13.5
,"Sam, 17.03. 18:00",3433.6,2594.1,839.5,0,0,0,0,0,0,0,726.1,0,12.39999961853027
,"Sam, 17.03. 19:00",3173.8,2426.9,746.9,0,0,0,0,0,0,0,677.3,0,11.80000019073486
,"Sam, 17.03. 20:00",3468.4,2711.6,756.8,0,0,0,0,0,0,0,742.7,0,11.19999980926514
,"Sam, 17.03. 21:00",4196,3552.5,643.5,0,0,0,0,0,0,0,966.9,0,7.599999904632568
,"Sam, 17.03. 22:00",2514.6,2068.1,446.5,0,0,0,0,0,0,0,607.4,0,6.900000095367432
,"Sam, 17.03. 23:00",2650.4,2302.7,347.7,0,0,0,0,0,0,0,635.5,0,6.400000095367432
,"Dim, 18.03. 00:00",2396.8,2170.4,226.4,0,0,0,0,0,0,0,576.8,0,5.699999809265137
,"Dim, 18.03. 01:00",2731.8,2587,144.8,0,0,0,0,0,0,0,656.3,0,5
,"Dim, 18.03. 02:00",2740.9,2660.5,80.4,0,0,0,0,0,0,0,667.3,0,4.099999904632568
,"Dim, 18.03. 03:00",2803.4,2766.8,36.6,0,0,0,0,0,0,0,671.1,0,4.300000190734863
,"Dim, 18.03. 04:00",2522.2,2447.6,74.6,0,0,0,0,0,0,0,590.9,0,5.300000190734863
,"Dim, 18.03. 05:00",3599.6,3522.7,76.9,0,0,0,0,0,0,0,856.7,0,4.300000190734863
,"Dim, 18.03. 06:00",4832.2,4731.4,100.8,0,0,0,0,0,0,0,1175,0,3.400000095367432
,"Dim, 18.03. 07:00",5001.8,4789.2,212.6,0,0,0,0,0,0,0,1277.5,0,2.5
,"Dim, 18.03. 08:00",4432.5,3869.5,563,0,0,0,0,0,0,0,1082.7,0,5.900000095367432
,"Dim, 18.03. 09:00",4072.8,3059.6,1013.2,0,0,0,0,0,0,0,1000.3,0,8
,"Dim, 18.03. 10:00",3633.3,2604.7,1028.6,0,0,0,0,0,0,0,882.9,0,9
,"Dim, 18.03. 11:00",3428.7,2293.1,1135.6,0,0,0,0,0,0,0,806.8,0,11
,"Dim, 18.03. 12:00",2796.7,1773.6,1023.1,0,0,0,0,0,0,0,631.1,0,13.10000038146973
,"Dim, 18.03. 13:00",2453.8,1610.9,842.9,0,0,0,0,0,0,0,533.3,0,13.89999961853027
,"Dim, 18.03. 14:00",2073.3,1330.4,742.9,0,0,0,0,0,0,0,407.7,0,17.29999923706055
,"Dim, 18.03. 15:00",1968.8,1342.4,626.4,0,0,0,0,0,0,0,377.8,0,17.10000038146973
,"Dim, 18.03. 16:00",2247.3,1592.1,655.2,0,0,0,0,0,0,0,459.5,0,14.69999980926514
,"Dim, 18.03. 17:00",2307.5,1673.8,633.7,0,0,0,0,0,0,0,476.6,0,13.89999961853027
,"Dim, 18.03. 18:00",2900.1,2117.7,782.4,0,0,0,0,0,0,0,602.5,0,13.5
,"Dim, 18.03. 19:00",3173.3,2339.7,833.6,0,0,0,0,0,0,0,661.1,0,13.10000038146973
,"Dim, 18.03. 20:00",3537.2,2727.2,810,0,0,0,0,0,0,0,751.3,0,11.69999980926514
,"Dim, 18.03. 21:00",3365.4,2793.3,572.1,0,0,0,0,0,0,0,761.8,0,8.5
,"Dim, 18.03. 22:00",2537.5,2049.2,488.3,0,0,0,0,0,0,0,601.7,0,7.800000190734863
,"Dim, 18.03. 23:00",2209.7,1892.3,317.4,0,0,0,0,0,0,0,513.4,0,7.699999809265137
,"Lun, 19.03. 00:00",2329.6,2111.7,217.9,0,0,0,0,0,0,0,531.8,0,7.400000095367432
,"Lun, 19.03. 01:00",2117.3,2010,107.3,0,0,0,0,0,0,0,474.5,0,7.199999809265137
,"Lun, 19.03. 02:00",2606.6,2571.3,35.3,0,0,0,0,0,0,0,602.6,0,5.5
,"Lun, 19.03. 03:00",2789.5,2754.2,35.3,0,0,0,0,0,0,0,653,0,5
,"Lun, 19.03. 04:00",3001.9,2891.3,110.6,0,0,0,0,0,0,0,705.5,0,5.300000190734863
,"Lun, 19.03. 05:00",5034,4688.1,345.9,0,0,0,0,0,0,0,1210,0,4.800000190734863
,"Lun, 19.03. 06:00",7172.7,6214.7,958,0,0,0,0,0,0,0,1768.5,0,5
,"Lun, 19.03. 07:00",6706.2,5751.7,954.5,0,0,0,0,0,0,0,1672.9,0,5.300000190734863
,"Lun, 19.03. 08:00",5909.8,5078,831.8,0,0,0,0,0,0,0,1482.9,0,5.5
,"Lun, 19.03. 09:00",5112.7,4396.8,715.9,0,0,0,0,0,0,0,1190.5,0,8.100000381469727
,"Lun, 19.03. 10:00",4540.6,3926.1,614.5,0,0,0,0,0,0,0,1033.9,0,8.699999809265137
,"Lun, 19.03. 11:00",4363.1,3776.4,586.7,0,0,0,0,0,0,0,971.7,0,9.300000190734863
,"Lun, 19.03. 12:00",4035.3,3488.8,546.5,0,0,0,0,0,0,0,902.2,0,9.199999809265137
,"Lun, 19.03. 13:00",3650,3180.8,469.2,0,0,0,0,0,0,0,819.1,0,8.899999618530273
,"Lun, 19.03. 14:00",4445.7,3922.5,523.2,0,0,0,0,0,0,0,1019.7,0,8
,"Lun, 19.03. 15:00",4698.5,4213.9,484.6,0,0,0,0,0,0,0,1123,0,6.300000190734863
,"Lun, 19.03. 16:00",5697.3,5178.4,518.9,0,0,0,0,0,0,0,1509,0,2.400000095367432
,"Lun, 19.03. 17:00",6536.9,5810.5,726.4,0,0,0,0,0,0,0,1728.9,0,2.700000047683716
,"Lun, 19.03. 18:00",6336.3,5591.1,745.2,0,0,0,0,0,0,0,1683.4,0,2.5
,"Lun, 19.03. 19:00",6958.2,6011.5,946.7,0,0,0,0,0,0,0,1913.5,0,1.399999976158142
,"Lun, 19.03. 20:00",7212.4,6214.9,997.5,0,0,0,0,0,0,0,2002.6,0,0.8999999761581421
,"Lun, 19.03. 21:00",7554.2,6518.6,1035.6,0,0,0,0,0,0,0,2096.6,0,0.800000011920929
,"Lun, 19.03. 22:00",4420.7,3891.4,529.3,0,0,0,0,0,0,0,1219.3,0,1
,"Lun, 19.03. 23:00",3834.8,3517.1,317.7,0,0,0,0,0,0,0,1039.5,0,1.200000047683716
,"Mar, 20.03. 00:00",3847.9,3632.6,215.3,0,0,0,0,0,0,0,1035.5,0,1
,"Mar, 20.03. 01:00",3692.6,3579.8,112.8,0,0,0,0,0,0,0,980.2,0,1.100000023841858
,"Mar, 20.03. 02:00",3661.7,3627.1,34.6,0,0,0,0,0,0,0,960.9,0,1.100000023841858
,"Mar, 20.03. 03:00",3909,3873,36,0,0,0,0,0,0,0,1023.7,0,1.100000023841858
,"Mar, 20.03. 04:00",4079.4,3972.6,106.8,0,0,0,0,0,0,0,1082.4,0,0.8999999761581421
,"Mar, 20.03. 05:00",6436.7,6104.7,332,0,0,0,0,0,0,0,1712.2,0,0.8999999761581421
,"Mar, 20.03. 06:00",8946,8035.7,910.3,0,0,0,0,0,0,0,2439.4,0,0.800000011920929
,"Mar, 20.03. 07:00",8867.8,7914.7,953.1,0,0,0,0,0,0,0,2459.5,0,0.800000011920929
,"Mar, 20.03. 08:00",7536.2,6738.8,797.4,0,0,0,0,0,0,0,2092.4,0,1.100000023841858
,"Mar, 20.03. 09:00",7295.8,6602.1,693.7,0,0,0,0,0,0,0,1991,0,1.600000023841858
,"Mar, 20.03. 10:00",6522.3,5933.5,588.8,0,0,0,0,0,0,0,1746.3,0,2.200000047683716
,"Mar, 20.03. 11:00",6455.4,5887.1,568.3,0,0,0,0,0,0,0,1702.5,0,2.700000047683716
,"Mar, 20.03. 12:00",6063.5,5512,551.5,0,0,0,0,0,0,0,1568.5,0,3.400000095367432
,"Mar, 20.03. 13:00",6088.7,5550.8,537.9,0,0,0,0,0,0,0,1559.3,0,3.700000047683716
,"Mar, 20.03. 14:00",5419.3,4957.1,462.2,0,0,0,0,0,0,0,1375.9,0,4
,"Mar, 20.03. 15:00",5799.2,5329.9,469.3,0,0,0,0,0,0,0,1468.6,0,3.900000095367432
,"Mar, 20.03. 16:00",6209.2,5696.7,512.5,0,0,0,0,0,0,0,1593.6,0,3.400000095367432
,"Mar, 20.03. 17:00",7087,6402,685,0,0,0,0,0,0,0,1866.7,0,2.599999904632568
,"Mar, 20.03. 18:00",7598.1,6831.9,766.2,0,0,0,0,0,0,0,2032.6,0,2
,"Mar, 20.03. 19:00",8050.1,7086.4,963.7,0,0,0,0,0,0,0,2181.5,0,1.700000047683716
,"Mar, 20.03. 20:00",8202,7195.9,1006.1,0,0,0,0,0,0,0,2228.5,0,1.399999976158142
,"Mar, 20.03. 21:00",8083.5,7087.8,995.7,0,0,0,0,0,0,0,2175.2,0,1.600000023841858
,"Mar, 20.03. 22:00",4538.7,4020.9,517.8,0,0,0,0,0,0,0,1239.3,0,1.299999952316284
,"Mar, 20.03. 23:00",4074.3,3744.1,330.2,0,0,0,0,0,0,0,1091.5,0,1.600000023841858
,"Mer, 21.03. 00:00",3581.2,3372.3,208.9,0,0,0,0,0,0,0,954.2,0,1.399999976158142
,"Mer, 21.03. 01:00",3644.7,3528.8,115.9,0,0,0,0,0,0,0,957.4,0,1.5
,"Mer, 21.03. 02:00",3487.3,3453.2,34.1,0,0,0,0,0,0,0,906.9,0,1.399999976158142
,"Mer, 21.03. 03:00",3592.3,3558.2,34.1,0,0,0,0,0,0,0,936.3,0,1.299999952316284
,"Mer, 21.03. 04:00",3974.5,3865.5,109,0,0,0,0,0,0,0,1047.8,0,1.200000047683716
,"Mer, 21.03. 05:00",6226.4,5884.8,341.6,0,0,0,0,0,0,0,1651.7,0,1.100000023841858
,"Mer, 21.03. 06:00",8157.4,7266.7,890.7,0,0,0,0,0,0,0,2218.9,0,1
,"Mer, 21.03. 07:00",8730.2,7712,1018.2,0,0,0,0,0,0,0,2386,0,1.5
,"Mer, 21.03. 08:00",7623.5,6744.2,879.3,0,0,0,0,0,0,0,2077.7,0,2
,"Mer, 21.03. 09:00",6930.1,6196.3,733.8,0,0,0,0,0,0,0,1825.5,0,3.099999904632568
,"Mer, 21.03. 10:00",6061,5436.3,624.7,0,0,0,0,0,0,0,1541.9,0,4.300000190734863
,"Mer, 21.03. 11:00",5771.1,5163.3,607.8,0,0,0,0,0,0,0,1402,0,5.900000095367432
,"Mer, 21.03. 12:00",4828.6,4283.8,544.8,0,0,0,0,0,0,0,1130.1,0,7.300000190734863
,"Mer, 21.03. 13:00",4516.2,4016.3,499.9,0,0,0,0,0,0,0,1041.3,0,7.699999809265137
,"Mer, 21.03. 14:00",4689,4207.4,481.6,0,0,0,0,0,0,0,1101.3,0,7
,"Mer, 21.03. 15:00",4954.7,4481.4,473.3,0,0,0,0,0,0,0,1172.4,0,6.5
,"Mer, 21.03. 16:00",4878.5,4387.3,491.2,0,0,0,0,0,0,0,1143.6,0,6.900000095367432
,"Mer, 21.03. 17:00",5689.6,5025.5,664.1,0,0,0,0,0,0,0,1368.1,0,6.199999809265137
,"Mer, 21.03. 18:00",6372.3,5636.7,735.6,0,0,0,0,0,0,0,1610.4,0,4.300000190734863
,"Mer, 21.03. 19:00",7032,6088.8,943.2,0,0,0,0,0,0,0,1828.3,0,3.5
,"Mer, 21.03. 20:00",7601,6576.4,1024.6,0,0,0,0,0,0,0,2014.3,0,2.599999904632568
,"Mer, 21.03. 21:00",6800.1,5882.3,917.8,0,0,0,0,0,0,0,1788.5,0,2.700000047683716
,"Mer, 21.03. 22:00",4771.5,4217.5,554,0,0,0,0,0,0,0,1310,0,1.100000023841858
,"Mer, 21.03. 23:00",3750.4,3461.7,288.7,0,0,0,0,0,0,0,1036.4,0,0.300000011920929
,"Jeu, 22.03. 00:00",4301.4,4078,223.4,0,0,0,0,0,0,0,1195,0,-0.300000011920929
,"Jeu, 22.03. 01:00",4045.1,3937.3,107.8,0,0,0,0,0,0,0,1140.6,0,-1.299999952316284
,"Jeu, 22.03. 02:00",4079.8,4046,33.8,0,0,0,0,0,0,0,1137.1,0,-1.200000047683716
,"Jeu, 22.03. 03:00",4633.6,4597.5,36.1,0,0,0,0,0,0,0,1311.6,0,-1.899999976158142
,"Jeu, 22.03. 04:00",5047.8,4934.4,113.4,0,0,0,0,0,0,0,1452.3,0,-2.299999952316284
,"Jeu, 22.03. 05:00",7101.6,6770.5,331.1,0,0,0,0,0,0,0,2034.1,0,-2
,"Jeu, 22.03. 06:00",9636.7,8738.1,898.6,0,0,0,0,0,0,0,2857.2,0,-2.700000047683716
,"Jeu, 22.03. 07:00",9064.3,8142.4,921.9,0,0,0,0,0,0,0,2633.7,0,-1.200000047683716
,"Jeu, 22.03. 08:00",8565,7687.1,877.9,0,0,0,0,0,0,0,2430.9,0,0.2000000029802322
,"Jeu, 22.03. 09:00",7224.9,6546.8,678.1,0,0,0,0,0,0,0,1979.7,0,1.399999976158142
,"Jeu, 22.03. 10:00",6959.6,6335.5,624.1,0,0,0,0,0,0,0,1862.9,0,2.200000047683716
,"Jeu, 22.03. 11:00",6374.8,5808.3,566.5,0,0,0,0,0,0,0,1658.9,0,3.200000047683716
,"Jeu, 22.03. 12:00",6048.7,5476.6,572.1,0,0,0,0,0,0,0,1512.8,0,4.699999809265137
,"Jeu, 22.03. 13:00",5163.9,4670.3,493.6,0,0,0,0,0,0,0,1244,0,6
,"Jeu, 22.03. 14:00",5482.4,4986.7,495.7,0,0,0,0,0,0,0,1330.5,0,5.699999809265137
,"Jeu, 22.03. 15:00",5568.7,5086.3,482.4,0,0,0,0,0,0,0,1335.4,0,5.900000095367432
,"Jeu, 22.03. 16:00",5826.2,5315.3,510.9,0,0,0,0,0,0,0,1421.2,0,5.300000190734863
,"Jeu, 22.03. 17:00",5976,5366,610,0,0,0,0,0,0,0,1496.5,0,4.5
,"Jeu, 22.03. 18:00",6706.8,6002.1,704.7,0,0,0,0,0,0,0,1718.5,0,3.599999904632568
,"Jeu, 22.03. 19:00",8061.5,7062.7,998.8,0,0,0,0,0,0,0,2100.8,0,3.200000047683716
,"Jeu, 22.03. 20:00",7906.4,6903.3,1003.1,0,0,0,0,0,0,0,2067.7,0,2.900000095367432
,"Jeu, 22.03. 21:00",7509.9,6565.4,944.5,0,0,0,0,0,0,0,1969.1,0,2.599999904632568
,"Jeu, 22.03. 22:00",4180.2,3679.7,500.5,0,0,0,0,0,0,0,1111.3,0,2.400000095367432
,"Jeu, 22.03. 23:00",3754.7,3441.4,313.3,0,0,0,0,0,0,0,990.5,0,2.200000047683716
,"Ven, 23.03. 00:00",3377.6,3173.7,203.9,0,0,0,0,0,0,0,881.8,0,2.200000047683716
,"Ven, 23.03. 01:00",3572.7,3457.2,115.5,0,0,0,0,0,0,0,926.5,0,2
,"Ven, 23.03. 02:00",3442.8,3408.7,34.1,0,0,0,0,0,0,0,885.8,0,1.799999952316284
,"Ven, 23.03. 03:00",3729.2,3694,35.2,0,0,0,0,0,0,0,968,0,1.399999976158142
,"Ven, 23.03. 04:00",4252.5,4136,116.5,0,0,0,0,0,0,0,1108.2,0,1.600000023841858
,"Ven, 23.03. 05:00",6297.4,5960.5,336.9,0,0,0,0,0,0,0,1654.2,0,1.399999976158142
,"Ven, 23.03. 06:00",9216.4,8236.3,980.1,0,0,0,0,0,0,0,2463.5,0,1.600000023841858
,"Ven, 23.03. 07:00",8299.9,7370.7,929.2,0,0,0,0,0,0,0,2263.5,0,1.5
,"Ven, 23.03. 08:00",7580.4,6753.6,826.8,0,0,0,0,0,0,0,2090.2,0,1.399999976158142
,"Ven, 23.03. 09:00",6925,6248,677,0,0,0,0,0,0,0,1880.7,0,1.799999952316284
,"Ven, 23.03. 10:00",6664.3,6041.1,623.2,0,0,0,0,0,0,0,1768.5,0,2.599999904632568
,"Ven, 23.03. 11:00",6052.8,5487.2,565.6,0,0,0,0,0,0,0,1553.3,0,3.799999952316284
,"Ven, 23.03. 12:00",5615.8,5072.2,543.6,0,0,0,0,0,0,0,1412.8,0,4.5
,"Ven, 23.03. 13:00",5711.6,5176.5,535.1,0,0,0,0,0,0,0,1425.4,0,4.699999809265137
,"Ven, 23.03. 14:00",4972.9,4527.4,445.5,0,0,0,0,0,0,0,1239.7,0,4.699999809265137
,"Ven, 23.03. 15:00",5713.1,5231.5,481.6,0,0,0,0,0,0,0,1429.7,0,4.400000095367432
,"Ven, 23.03. 16:00",6207.5,5681.6,525.9,0,0,0,0,0,0,0,1591.8,0,3.5
,"Ven, 23.03. 17:00",6328.5,5692.8,635.7,0,0,0,0,0,0,0,1646.5,0,3.099999904632568
,"Ven, 23.03. 18:00",7289.3,6518.8,770.5,0,0,0,0,0,0,0,1910.4,0,2.799999952316284
,"Ven, 23.03. 19:00",7054.9,6171.5,883.4,0,0,0,0,0,0,0,1873.4,0,2.5
,"Ven, 23.03. 20:00",7943.7,6922.3,1021.4,0,0,0,0,0,0,0,2114.8,0,2.299999952316284
,"Ven, 23.03. 21:00",7091.4,6186,905.4,0,0,0,0,0,0,0,1889.2,0,2.099999904632568
,"Ven, 23.03. 22:00",4552.3,4004.3,548,0,0,0,0,0,0,0,1215.8,0,2.200000047683716
,"Ven, 23.03. 23:00",3493.5,3209.1,284.4,0,0,0,0,0,0,0,936,0,1.600000023841858
,"Sam, 24.03. 00:00",3664.1,3434.3,229.8,0,0,0,0,0,0,0,982.3,0,1.299999952316284
,"Sam, 24.03. 01:00",3701.7,3564.5,137.2,0,0,0,0,0,0,0,977.7,0,1.399999976158142
,"Sam, 24.03. 02:00",3684,3608.3,75.7,0,0,0,0,0,0,0,991,0,0.4000000059604645
,"Sam, 24.03. 03:00",3801.9,3766.2,35.7,0,0,0,0,0,0,0,992.2,0,1.299999952316284
,"Sam, 24.03. 04:00",4247.7,4178.8,68.9,0,0,0,0,0,0,0,1116.4,0,1.100000023841858
,"Sam, 24.03. 05:00",6019.6,5950.6,69,0,0,0,0,0,0,0,1563.1,0,1
,"Sam, 24.03. 06:00",8168,8074.2,93.8,0,0,0,0,0,0,0,2083.6,0,1.399999976158142
,"Sam, 24.03. 07:00",8073.3,7857.8,215.5,0,0,0,0,0,0,0,2093.1,0,1.700000047683716
,"Sam, 24.03. 08:00",7202.7,6662.4,540.3,0,0,0,0,0,0,0,1914.9,0,2
,"Sam, 24.03. 09:00",6786.6,5806,980.6,0,0,0,0,0,0,0,1822.9,0,2.799999952316284
,"Sam, 24.03. 10:00",6539.1,5464.4,1074.7,0,0,0,0,0,0,0,1731.1,0,3.700000047683716
,"Sam, 24.03. 11:00",6442.7,5278.1,1164.6,0,0,0,0,0,0,0,1655,0,5.099999904632568
,"Sam, 24.03. 12:00",5714.8,4699,1015.8,0,0,0,0,0,0,0,1405.7,0,6.599999904632568
,"Sam, 24.03. 13:00",5940.2,5017.3,922.9,0,0,0,0,0,0,0,1417,0,7.199999809265137
,"Sam, 24.03. 14:00",5429.8,4649.6,780.2,0,0,0,0,0,0,0,1289,0,7.199999809265137
,"Sam, 24.03. 15:00",5279.8,4614.8,665,0,0,0,0,0,0,0,1224.4,0,7.599999904632568
,"Sam, 24.03. 16:00",5174,4560.1,613.9,0,0,0,0,0,0,0,1215.2,0,7
,"Sam, 24.03. 17:00",6310,5562.1,747.9,0,0,0,0,0,0,0,1521.3,0,6
,"Sam, 24.03. 18:00",6953.4,6161.4,792,0,0,0,0,0,0,0,1746.5,0,4.400000095367432
,"Sam, 24.03. 19:00",7355.5,6543.3,812.2,0,0,0,0,0,0,0,1911.3,0,3
,"Sam, 24.03. 20:00",7463.5,6683.9,779.6,0,0,0,0,0,0,0,1944.7,0,2.599999904632568
,"Sam, 24.03. 21:00",7164.7,6540.8,623.9,0,0,0,0,0,0,0,1867.5,0,2.099999904632568
,"Sam, 24.03. 22:00",4639.2,4138.5,500.7,0,0,0,0,0,0,0,1263.3,0,1.299999952316284
,"Sam, 24.03. 23:00",4069.3,3738.8,330.5,0,0,0,0,0,0,0,1107,0,1
,"Dim, 25.03. 00:00",3301.7,3101.2,200.5,0,0,0,0,0,0,0,907.1,0,0.300000011920929
,"Dim, 25.03. 01:00",3794.9,3661,133.9,0,0,0,0,0,0,0,1038.1,0,0.1000000014901161
,"Dim, 25.03. 02:00",3939,3858,81,0,0,0,0,0,0,0,1075.1,0,-0.1000000014901161
,"Dim, 25.03. 03:00",3954.3,3919.4,34.9,0,0,0,0,0,0,0,1079.3,0,-0.4000000059604645
,"Dim, 25.03. 04:00",4209.7,4131.1,78.6,0,0,0,0,0,0,0,1145.2,0,-0.1000000014901161
,"Dim, 25.03. 05:00",5506.5,5430.5,76,0,0,0,0,0,0,0,1497.4,0,-0.6000000238418579
,"Dim, 25.03. 06:00",7595.3,7490.5,104.8,0,0,0,0,0,0,0,2053.7,0,-0.6000000238418579
,"Dim, 25.03. 07:00",7619,7393.9,225.1,0,0,0,0,0,0,0,2101.4,0,-0.6000000238418579
,"Dim, 25.03. 08:00",6407.1,5872.1,535,0,0,0,0,0,0,0,1732.3,0,1.5
,"Dim, 25.03. 09:00",6305,5272.3,1032.7,0,0,0,0,0,0,0,1683.2,0,3.400000095367432
,"Dim, 25.03. 10:00",5763.6,4637,1126.6,0,0,0,0,0,0,0,1459.2,0,5.900000095367432
,"Dim, 25.03. 11:00",5262,4139,1123,0,0,0,0,0,0,0,1305,0,7
,"Dim, 25.03. 12:00",3867,2947.4,919.6,0,0,0,0,0,0,0,874.5,0,10.60000038146973
,"Dim, 25.03. 13:00",3487.4,2711.3,776.1,0,0,0,0,0,0,0,741,0,12.19999980926514
,"Dim, 25.03. 14:00",3441,2720.9,720.1,0,0,0,0,0,0,0,719.6,0,12.5
,"Dim, 25.03. 15:00",3476,2856.5,619.5,0,0,0,0,0,0,0,719.5,0,12.10000038146973
,"Dim, 25.03. 16:00",3756.5,3157.9,598.6,0,0,0,0,0,0,0,790.6,0,11.19999980926514
,"Dim, 25.03. 17:00",4288.3,3600.5,687.8,0,0,0,0,0,0,0,911.4,0,10.80000019073486
,"Dim, 25.03. 18:00",5227.1,4460.4,766.7,0,0,0,0,0,0,0,1191.3,0,8.300000190734863
,"Dim, 25.03. 19:00",5622.2,4821.8,800.4,0,0,0,0,0,0,0,1315.8,0,7.199999809265137
,"Dim, 25.03. 20:00",5722.6,4967.2,755.4,0,0,0,0,0,0,0,1352.9,0,6.5
,"Dim, 25.03. 21:00",5908.5,5258.9,649.6,0,0,0,0,0,0,0,1447.7,0,4.699999809265137
,"Dim, 25.03. 22:00",3710.2,3217,493.2,0,0,0,0,0,0,0,942.7,0,4.300000190734863
,"Dim, 25.03. 23:00",3561.1,3240.5,320.6,0,0,0,0,0,0,0,927.5,0,2.799999952316284
,"Lun, 26.03. 00:00",3515.9,3293.7,222.2,0,0,0,0,0,0,0,925.3,0,2
,"Lun, 26.03. 01:00",3273,3161.1,111.9,0,0,0,0,0,0,0,851.2,0,1.899999976158142
,"Lun, 26.03. 02:00",3441.1,3406.8,34.3,0,0,0,0,0,0,0,908.3,0,0.8999999761581421
,"Lun, 26.03. 03:00",3216.4,3184,32.4,0,0,0,0,0,0,0,836.3,0,1.399999976158142
,"Lun, 26.03. 04:00",4134.9,4016.7,118.2,0,0,0,0,0,0,0,1111.7,0,0.5
,"Lun, 26.03. 05:00",5250.5,4928.4,322.1,0,0,0,0,0,0,0,1442.1,0,0
,"Lun, 26.03. 06:00",6837,5954.8,882.2,0,0,0,0,0,0,0,1931,0,0
,"Lun, 26.03. 07:00",6753.7,5802.1,951.6,0,0,0,0,0,0,0,1874.8,0,1.299999952316284
,"Lun, 26.03. 08:00",5167.5,4331.4,836.1,0,0,0,0,0,0,0,1287.5,0,5.900000095367432
,"Lun, 26.03. 09:00",4237.7,3554.8,682.9,0,0,0,0,0,0,0,986.6,0,8.199999809265137
,"Lun, 26.03. 10:00",2957.2,2408.7,548.5,0,0,0,0,0,0,0,625.1,0,11.60000038146973
,"Lun, 26.03. 11:00",2532.1,1962.8,569.3,0,0,0,0,0,0,0,497.7,0,14.60000038146973
,"Lun, 26.03. 12:00",2179.7,1660.2,519.5,0,0,0,0,0,0,0,419.4,0,15.5
,"Lun, 26.03. 13:00",2324.1,1785.4,538.7,0,0,0,0,0,0,0,427.9,0,16.5
,"Lun, 26.03. 14:00",2146.5,1662.3,484.2,0,0,0,0,0,0,0,418,0,15
,"Lun, 26.03. 15:00",2453.3,2015.1,438.2,0,0,0,0,0,0,0,492.7,0,13
,"Lun, 26.03. 16:00",2931.5,2410.4,521.1,0,0,0,0,0,0,0,595.4,0,12.60000038146973
,"Lun, 26.03. 17:00",3268.7,2636.8,631.9,0,0,0,0,0,0,0,690.2,0,11.60000038146973
,"Lun, 26.03. 18:00",3689.5,2974.8,714.7,0,0,0,0,0,0,0,795.8,0,10.89999961853027
,"Lun, 26.03. 19:00",4376.8,3441.3,935.5,0,0,0,0,0,0,0,983.6,0,9.899999618530273
,"Lun, 26.03. 20:00",4779,3792.1,986.9,0,0,0,0,0,0,0,1108,0,8.600000381469727
,"Lun, 26.03. 21:00",4702.3,3782.6,919.7,0,0,0,0,0,0,0,1118.2,0,7.400000095367432
,"Lun, 26.03. 22:00",3118.3,2600.2,518.1,0,0,0,0,0,0,0,770.6,0,5.900000095367432
,"Lun, 26.03. 23:00",2901.6,2577.7,323.9,0,0,0,0,0,0,0,712.2,0,5.300000190734863
,"Mar, 27.03. 00:00",2424,2215,209,0,0,0,0,0,0,0,578.2,0,5.800000190734863
,"Mar, 27.03. 01:00",2553.2,2445.2,108,0,0,0,0,0,0,0,618.3,0,4.5
,"Mar, 27.03. 02:00",2788,2754.2,33.8,0,0,0,0,0,0,0,686.1,0,3.400000095367432
,"Mar, 27.03. 03:00",2751.2,2718,33.2,0,0,0,0,0,0,0,674.8,0,3.5
,"Mar, 27.03. 04:00",3273.8,3154.7,119.1,0,0,0,0,0,0,0,807.9,0,3.700000047683716
,"Mar, 27.03. 05:00",3830.7,3505.7,325,0,0,0,0,0,0,0,925.6,0,5
,"Mar, 27.03. 06:00",5418.5,4482.4,936.1,0,0,0,0,0,0,0,1355.8,0,5.300000190734863
,"Mar, 27.03. 07:00",5063.1,4094.2,968.9,0,0,0,0,0,0,0,1246.7,0,6.599999904632568
,"Mar, 27.03. 08:00",4209.5,3383,826.5,0,0,0,0,0,0,0,1013.9,0,7.699999809265137
,"Mar, 27.03. 09:00",3235,2606.8,628.2,0,0,0,0,0,0,0,738.5,0,9.399999618530273
,"Mar, 27.03. 10:00",2990.5,2430.6,559.9,0,0,0,0,0,0,0,670.3,0,9.800000190734863
,"Mar, 27.03. 11:00",2779.5,2216.7,562.8,0,0,0,0,0,0,0,597.2,0,11.39999961853027
,"Mar, 27.03. 12:00",2336.2,1812.3,523.9,0,0,0,0,0,0,0,491.1,0,12.5
,"Mar, 27.03. 13:00",2125,1587.1,537.9,0,0,0,0,0,0,0,432.3,0,14.10000038146973
,"Mar, 27.03. 14:00",2125.8,1603.4,522.4,0,0,0,0,0,0,0,431.5,0,14.10000038146973
,"Mar, 27.03. 15:00",1848.4,1372.4,476,0,0,0,0,0,0,0,366.3,0,15
,"Mar, 27.03. 16:00",2027.8,1497.8,530,0,0,0,0,0,0,0,402.1,0,15
,"Mar, 27.03. 17:00",2399.4,1742.4,657,0,0,0,0,0,0,0,490.1,0,14.19999980926514
,"Mar, 27.03. 18:00",2840.5,2082.9,757.6,0,0,0,0,0,0,0,588.8,0,13.5
,"Mar, 27.03. 19:00",3784.5,2812.6,971.9,0,0,0,0,0,0,0,845.8,0,10.89999961853027
,"Mar, 27.03. 20:00",3666.4,2700.7,965.7,0,0,0,0,0,0,0,818.6,0,10.89999961853027
,"Mar, 27.03. 21:00",3741.7,2804,937.7,0,0,0,0,0,0,0,847.2,0,10
,"Mar, 27.03. 22:00",2566.1,2043.6,522.5,0,0,0,0,0,0,0,610,0,7.900000095367432
,"Mar, 27.03. 23:00",2747.2,2452.4,294.8,0,0,0,0,0,0,0,690.4,0,4.400000095367432
,"Mer, 28.03. 00:00",3176.2,2948.6,227.6,0,0,0,0,0,0,0,800.2,0,3.700000047683716
,"Mer, 28.03. 01:00",2553,2444,109,0,0,0,0,0,0,0,613.9,0,4.800000190734863
,"Mer, 28.03. 02:00",2713,2680.6,32.4,0,0,0,0,0,0,0,668,0,3.400000095367432
,"Mer, 28.03. 03:00",3077.6,3043.5,34.1,0,0,0,0,0,0,0,774.4,0,2.599999904632568
,"Mer, 28.03. 04:00",3491.1,3374.4,116.7,0,0,0,0,0,0,0,882.4,0,2.799999952316284
,"Mer, 28.03. 05:00",4783,4448.9,334.1,0,0,0,0,0,0,0,1248.1,0,2.099999904632568
,"Mer, 28.03. 06:00",6752.4,5799.4,953,0,0,0,0,0,0,0,1857.7,0,1.299999952316284
,"Mer, 28.03. 07:00",6381.5,5395.5,986,0,0,0,0,0,0,0,1722.5,0,2.599999904632568
,"Mer, 28.03. 08:00",4772,3963.7,808.3,0,0,0,0,0,0,0,1196.4,0,5.800000190734863
,"Mer, 28.03. 09:00",3840.1,3199.8,640.3,0,0,0,0,0,0,0,906.7,0,7.800000190734863
,"Mer, 28.03. 10:00",3314,2731.5,582.5,0,0,0,0,0,0,0,738.2,0,9.800000190734863
,"Mer, 28.03. 11:00",2952.6,2390.7,561.9,0,0,0,0,0,0,0,628.2,0,11.5
,"Mer, 28.03. 12:00",2107.9,1584.8,523.1,0,0,0,0,0,0,0,423,0,14.5
,"Mer, 28.03. 13:00",2217.1,1654.2,562.9,0,0,0,0,0,0,0,434.2,0,15.30000019073486
,"Mer, 28.03. 14:00",1951.2,1468.8,482.4,0,0,0,0,0,0,0,376.3,0,15.69999980926514
,"Mer, 28.03. 15:00",2073.9,1589.2,484.7,0,0,0,0,0,0,0,388.6,0,16.10000038146973
,"Mer, 28.03. 16:00",2080.5,1586.6,493.9,0,0,0,0,0,0,0,391.1,0,16
,"Mer, 28.03. 17:00",2601.1,1925.6,675.5,0,0,0,0,0,0,0,519.4,0,14.60000038146973
,"Mer, 28.03. 18:00",3198.6,2478.9,719.7,0,0,0,0,0,0,0,673.2,0,12.19999980926514
,"Mer, 28.03. 19:00",3836.1,2894.1,942,0,0,0,0,0,0,0,839.5,0,11.30000019073486
,"Mer, 28.03. 20:00",4319.5,3355.5,964,0,0,0,0,0,0,0,999.6,0,9
,"Mer, 28.03. 21:00",4652.1,3678.6,973.5,0,0,0,0,0,0,0,1104.7,0,7.699999809265137
,"Mer, 28.03. 22:00",2866.2,2334,532.2,0,0,0,0,0,0,0,692,0,7.099999904632568
,"Mer, 28.03. 23:00",2834.7,2521.3,313.4,0,0,0,0,0,0,0,701.4,0,5
,"Jeu, 29.03. 00:00",2609.1,2403.1,206,0,0,0,0,0,0,0,640.4,0,4.699999809265137
,"Jeu, 29.03. 01:00",2525.5,2419.1,106.4,0,0,0,0,0,0,0,613.9,0,4.400000095367432
,"Jeu, 29.03. 02:00",2592.9,2559.1,33.8,0,0,0,0,0,0,0,623.7,0,4.199999809265137
,"Jeu, 29.03. 03:00",2894.6,2859.4,35.2,0,0,0,0,0,0,0,709.9,0,3.5
,"Jeu, 29.03. 04:00",2834.1,2724.2,109.9,0,0,0,0,0,0,0,686.2,0,4.400000095367432
,"Jeu, 29.03. 05:00",3751.7,3434.5,317.2,0,0,0,0,0,0,0,919.9,0,4.5
,"Jeu, 29.03. 06:00",4782.8,3932,850.8,0,0,0,0,0,0,0,1204.6,0,5.199999809265137
,"Jeu, 29.03. 07:00",4625.8,3688.5,937.3,0,0,0,0,0,0,0,1130.4,0,7.099999904632568
,"Jeu, 29.03. 08:00",4032.8,3201,831.8,0,0,0,0,0,0,0,968.2,0,8
,"Jeu, 29.03. 09:00",3020.6,2388.3,632.3,0,0,0,0,0,0,0,682.7,0,10
,"Jeu, 29.03. 10:00",2575,1993.3,581.7,0,0,0,0,0,0,0,554,0,11.80000019073486
,"Jeu, 29.03. 11:00",2252.3,1679.9,572.4,0,0,0,0,0,0,0,467.8,0,13.5
,"Jeu, 29.03. 12:00",2024.6,1474.7,549.9,0,0,0,0,0,0,0,418.5,0,14
,"Jeu, 29.03. 13:00",1776,1250.2,525.8,0,0,0,0,0,0,0,355.1,0,15.5
,"Jeu, 29.03. 14:00",1651.6,1174.7,476.9,0,0,0,0,0,0,0,332.1,0,15.30000019073486
,"Jeu, 29.03. 15:00",1698.7,1234.2,464.5,0,0,0,0,0,0,0,322.1,0,16.5
,"Jeu, 29.03. 16:00",1866.6,1348.1,518.5,0,0,0,0,0,0,0,366.1,0,15.60000038146973
,"Jeu, 29.03. 17:00",2465.6,1797.6,668,0,0,0,0,0,0,0,514.5,0,13.5
,"Jeu, 29.03. 18:00",3234.2,2449.7,784.5,0,0,0,0,0,0,0,701.8,0,11.60000038146973
,"Jeu, 29.03. 19:00",3647.2,2678.4,968.8,0,0,0,0,0,0,0,821.2,0,10.80000019073486
,"Jeu, 29.03. 20:00",3717.5,2666.9,1050.6,0,0,0,0,0,0,0,825.9,0,11.39999961853027
,"Jeu, 29.03. 21:00",3785.6,2813.7,971.9,0,0,0,0,0,0,0,866.6,0,9.800000190734863
,"Jeu, 29.03. 22:00",2195,1663.6,531.4,0,0,0,0,0,0,0,506.7,0,9.600000381469727
,"Jeu, 29.03. 23:00",2025.8,1719.2,306.6,0,0,0,0,0,0,0,465.9,0,8.199999809265137
,"Ven, 30.03. 00:00",2596.8,2382.5,214.3,0,0,0,0,0,0,0,621.9,0,5.599999904632568
,"Ven, 30.03. 01:00",2490.2,2380.2,110,0,0,0,0,0,0,0,590,0,5.300000190734863
,"Ven, 30.03. 02:00",2274.1,2239.2,34.9,0,0,0,0,0,0,0,512,0,6.400000095367432
,"Ven, 30.03. 03:00",2167.2,2134.6,32.6,0,0,0,0,0,0,0,485.1,0,6.5
,"Ven, 30.03. 04:00",3096.5,2983.4,113.1,0,0,0,0,0,0,0,750.5,0,4.300000190734863
,"Ven, 30.03. 05:00",4437.7,4091.7,346,0,0,0,0,0,0,0,1073.7,0,4.800000190734863
,"Ven, 30.03. 06:00",5736.3,4859.4,876.9,0,0,0,0,0,0,0,1455.9,0,4.400000095367432
,"Ven, 30.03. 07:00",6172.1,5170.4,1001.7,0,0,0,0,0,0,0,1578.9,0,4.699999809265137
,"Ven, 30.03. 08:00",4708.8,3861.9,846.9,0,0,0,0,0,0,0,1124.5,0,7.699999809265137
,"Ven, 30.03. 09:00",3811.7,3126.6,685.1,0,0,0,0,0,0,0,855.6,0,9.699999809265137
,"Ven, 30.03. 10:00",3201.5,2620.7,580.8,0,0,0,0,0,0,0,692.7,0,10.80000019073486
,"Ven, 30.03. 11:00",3227.3,2639.5,587.8,0,0,0,0,0,0,0,684.9,0,11.39999961853027
,"Ven, 30.03. 12:00",2646.4,2103.1,543.3,0,0,0,0,0,0,0,544.3,0,12.80000019073486
,"Ven, 30.03. 13:00",2566.1,2020.5,545.6,0,0,0,0,0,0,0,516.6,0,13.60000038146973
,"Ven, 30.03. 14:00",2080.3,1614,466.3,0,0,0,0,0,0,0,411.3,0,14.5
,"Ven, 30.03. 15:00",2649.2,2185.3,463.9,0,0,0,0,0,0,0,542.7,0,12.30000019073486
,"Ven, 30.03. 16:00",2770.4,2268.2,502.2,0,0,0,0,0,0,0,567,0,12.39999961853027
,"Ven, 30.03. 17:00",3463.5,2790,673.5,0,0,0,0,0,0,0,741.5,0,11.19999980926514
,"Ven, 30.03. 18:00",4739.5,3985.3,754.2,0,0,0,0,0,0,0,1145.3,0,6.599999904632568
,"Ven, 30.03. 19:00",5024.1,4094.4,929.7,0,0,0,0,0,0,0,1242.7,0,6.199999809265137
,"Ven, 30.03. 20:00",5298.6,4318.6,980,0,0,0,0,0,0,0,1332.2,0,5.5
,"Ven, 30.03. 21:00",4747.9,3909.2,838.7,0,0,0,0,0,0,0,1216.4,0,4.5
,"Ven, 30.03. 22:00",3371.4,2866.8,504.6,0,0,0,0,0,0,0,867.3,0,4.199999809265137
,"Ven, 30.03. 23:00",2666.3,2391.3,275,0,0,0,0,0,0,0,672.3,0,4.199999809265137
,"Sam, 31.03. 00:00",3023.8,2796.8,227,0,0,0,0,0,0,0,763.5,0,3.700000047683716
,"Sam, 31.03. 01:00",3283.8,3149.6,134.2,0,0,0,0,0,0,0,842.7,0,2.5
,"Sam, 31.03. 02:00",3306.9,3224.9,82,0,0,0,0,0,0,0,832.7,0,2.900000095367432
,"Sam, 31.03. 03:00",3411.3,3378,33.3,0,0,0,0,0,0,0,890.5,0,1.299999952316284
,"Sam, 31.03. 04:00",3922.8,3857.8,65,0,0,0,0,0,0,0,1050.5,0,0.4000000059604645
,"Sam, 31.03. 05:00",5422.8,5353.1,69.7,0,0,0,0,0,0,0,1411.8,0,1
,"Sam, 31.03. 06:00",7251,7159.1,91.9,0,0,0,0,0,0,0,1945,0,-0.300000011920929
,"Sam, 31.03. 07:00",6413.4,6214.8,198.6,0,0,0,0,0,0,0,1660.2,0,1.799999952316284
,"Sam, 31.03. 08:00",6034.6,5479.6,555,0,0,0,0,0,0,0,1525.9,0,4.099999904632568
,"Sam, 31.03. 09:00",5530.3,4500.7,1029.6,0,0,0,0,0,0,0,1371.6,0,6.5
,"Sam, 31.03. 10:00",5076.6,3948.5,1128.1,0,0,0,0,0,0,0,1213.7,0,8.399999618530273
,"Sam, 31.03. 11:00",4481.7,3319.3,1162.4,0,0,0,0,0,0,0,1021.8,0,10.69999980926514
,"Sam, 31.03. 12:00",3363.9,2431.1,932.8,0,0,0,0,0,0,0,721.9,0,13
,"Sam, 31.03. 13:00",3378.5,2541.1,837.4,0,0,0,0,0,0,0,701.4,0,13.39999961853027
,"Sam, 31.03. 14:00",3293.3,2588.7,704.6,0,0,0,0,0,0,0,698.9,0,12.10000038146973
,"Sam, 31.03. 15:00",3602.9,2978.5,624.4,0,0,0,0,0,0,0,770.8,0,11
,"Sam, 31.03. 16:00",4101.7,3430.9,670.8,0,0,0,0,0,0,0,883.4,0,10.60000038146973
,"Sam, 31.03. 17:00",3971.7,3316.6,655.1,0,0,0,0,0,0,0,863.6,0,10.19999980926514
,"Sam, 31.03. 18:00",4478.1,3807.7,670.4,0,0,0,0,0,0,0,1033.6,0,7.900000095367432
,"Sam, 31.03. 19:00",5089.7,4343.2,746.5,0,0,0,0,0,0,0,1193.8,0,7.199999809265137
,"Sam, 31.03. 20:00",5685.6,4922.6,763,0,0,0,0,0,0,0,1367,0,6
,"Sam, 31.03. 21:00",5501.5,4897,604.5,0,0,0,0,0,0,0,1336.2,0,5
,"Sam, 31.03. 22:00",3844,3329.7,514.3,0,0,0,0,0,0,0,976.8,0,4.300000190734863
,"Sam, 31.03. 23:00",3114.9,2801,313.9,0,0,0,0,0,0,0,789.4,0,4
,"Dim, 01.04. 00:00",3152.3,2907.6,244.7,0,0,0,0,0,0,0,783.6,0,4.300000190734863
,"Dim, 01.04. 01:00",2893.8,2758.9,134.9,0,0,0,0,0,0,0,704.1,0,4.5
,"Dim, 01.04. 02:00",2958.7,2880.2,78.5,0,0,0,0,0,0,0,723.4,0,4
,"Dim, 01.04. 03:00",3201.8,3166.5,35.3,0,0,0,0,0,0,0,790.6,0,3.299999952316284
,"Dim, 01.04. 04:00",3591.3,3513.5,77.8,0,0,0,0,0,0,0,906.6,0,2.700000047683716
,"Dim, 01.04. 05:00",5004.4,4925.9,78.5,0,0,0,0,0,0,0,1247,0,2.599999904632568
,"Dim, 01.04. 06:00",6839,6737.2,101.8,0,0,0,0,0,0,0,1727.1,0,1.899999976158142
,"Dim, 01.04. 07:00",6546.3,6334.3,212,0,0,0,0,0,0,0,1670.5,0,2.400000095367432
,"Dim, 01.04. 08:00",5866,5342.3,523.7,0,0,0,0,0,0,0,1507.8,0,3.5
,"Dim, 01.04. 09:00",5853.3,4863.2,990.1,0,0,0,0,0,0,0,1526.2,0,4.400000095367432
,"Dim, 01.04. 10:00",5548.8,4500.2,1048.6,0,0,0,0,0,0,0,1431.6,0,5.099999904632568
,"Dim, 01.04. 11:00",5331.9,4233.2,1098.7,0,0,0,0,0,0,0,1347.2,0,6.199999809265137
,"Dim, 01.04. 12:00",4672.4,3722.8,949.6,0,0,0,0,0,0,0,1142.6,0,7.300000190734863
,"Dim, 01.04. 13:00",4207.4,3431.8,775.6,0,0,0,0,0,0,0,976.4,0,8.699999809265137
,"Dim, 01.04. 14:00",4290.4,3535.6,754.8,0,0,0,0,0,0,0,967.7,0,9.5
,"Dim, 01.04. 15:00",3921.9,3309.7,612.2,0,0,0,0,0,0,0,863.9,0,9.800000190734863
,"Dim, 01.04. 16:00",4352.9,3736.8,616.1,0,0,0,0,0,0,0,974.3,0,9
,"Dim, 01.04. 17:00",4476.1,3863.6,612.5,0,0,0,0,0,0,0,1042.8,0,7.5
,"Dim, 01.04. 18:00",5842.2,5055.1,787.1,0,0,0,0,0,0,0,1405.9,0,6.300000190734863
,"Dim, 01.04. 19:00",6271.5,5433,838.5,0,0,0,0,0,0,0,1531.9,0,5.599999904632568
,"Dim, 01.04. 20:00",6309.5,5517.5,792,0,0,0,0,0,0,0,1546.8,0,5.199999809265137
,"Dim, 01.04. 21:00",5730.7,5114.2,616.5,0,0,0,0,0,0,0,1423.9,0,4.199999809265137
,"Dim, 01.04. 22:00",4146.4,3649.5,496.9,0,0,0,0,0,0,0,1097.7,0,2.599999904632568
,"Dim, 01.04. 23:00",4043.4,3701.8,341.6,0,0,0,0,0,0,0,1076.6,0,1.899999976158142
,"Lun, 02.04. 00:00",3510.7,3275.8,234.9,0,0,0,0,0,0,0,929.7,0,1.799999952316284
,"Lun, 02.04. 01:00",3607,3474.8,132.2,0,0,0,0,0,0,0,973.1,0,0.6000000238418579
,"Lun, 02.04. 02:00",3560.7,3485.5,75.2,0,0,0,0,0,0,0,964.5,0,0.2000000029802322
,"Lun, 02.04. 03:00",3784.5,3749.7,34.8,0,0,0,0,0,0,0,1020.2,0,0.1000000014901161
,"Lun, 02.04. 04:00",4081.8,4005.2,76.6,0,0,0,0,0,0,0,1118.1,0,-0.4000000059604645
,"Lun, 02.04. 05:00",5181.5,5104.8,76.7,0,0,0,0,0,0,0,1400.4,0,-0.300000011920929
,"Lun, 02.04. 06:00",6908.5,6801.1,107.4,0,0,0,0,0,0,0,1813.5,0,0.6000000238418579
,"Lun, 02.04. 07:00",5584.1,5391.7,192.4,0,0,0,0,0,0,0,1454.6,0,1.700000047683716
,"Lun, 02.04. 08:00",5391.8,4858.5,533.3,0,0,0,0,0,0,0,1368,0,4.099999904632568
,"Lun, 02.04. 09:00",5310.3,4281.3,1029,0,0,0,0,0,0,0,1341.2,0,6
,"Lun, 02.04. 10:00",4449.2,3445.1,1004.1,0,0,0,0,0,0,0,1091.6,0,7.599999904632568
,"Lun, 02.04. 11:00",4184.2,3131.7,1052.5,0,0,0,0,0,0,0,999.8,0,9
,"Lun, 02.04. 12:00",3887.5,2838.8,1048.7,0,0,0,0,0,0,0,875.4,0,11.30000019073486
,"Lun, 02.04. 13:00",3225.1,2427.2,797.9,0,0,0,0,0,0,0,693.6,0,12.30000019073486
,"Lun, 02.04. 14:00",2750.6,2032.9,717.7,0,0,0,0,0,0,0,564.9,0,14.10000038146973
,"Lun, 02.04. 15:00",2692.8,2100.2,592.6,0,0,0,0,0,0,0,545.2,0,13.60000038146973
,"Lun, 02.04. 16:00",3087.6,2490.9,596.7,0,0,0,0,0,0,0,633.9,0,12.60000038146973
,"Lun, 02.04. 17:00",3310.1,2671.3,638.8,0,0,0,0,0,0,0,685,0,12.19999980926514
,"Lun, 02.04. 18:00",3935.7,3230.7,705,0,0,0,0,0,0,0,851.3,0,10.5
,"Lun, 02.04. 19:00",4090.8,3372.3,718.5,0,0,0,0,0,0,0,897.4,0,9.899999618530273
,"Lun, 02.04. 20:00",4314.6,3622,692.6,0,0,0,0,0,0,0,959.9,0,9
,"Lun, 02.04. 21:00",4493.2,3890.5,602.7,0,0,0,0,0,0,0,1025.1,0,7.5
,"Lun, 02.04. 22:00",2646.7,2184.2,462.5,0,0,0,0,0,0,0,620.7,0,7.800000190734863
,"Lun, 02.04. 23:00",2305,1998,307,0,0,0,0,0,0,0,532.7,0,7.699999809265137
,"Mar, 03.04. 00:00",2107.8,1886.6,221.2,0,0,0,0,0,0,0,475.9,0,7.900000095367432
,"Mar, 03.04. 01:00",1878.7,1774.1,104.6,0,0,0,0,0,0,0,418.1,0,7.5
,"Mar, 03.04. 02:00",2118.8,2085,33.8,0,0,0,0,0,0,0,473.7,0,6.599999904632568
,"Mar, 03.04. 03:00",2438.1,2404.6,33.5,0,0,0,0,0,0,0,568.5,0,5.199999809265137
,"Mar, 03.04. 04:00",2684.9,2573.6,111.3,0,0,0,0,0,0,0,629.5,0,5.5
,"Mar, 03.04. 05:00",3555.3,3253.3,302,0,0,0,0,0,0,0,856.1,0,5.099999904632568
,"Mar, 03.04. 06:00",5253.6,4355.6,898,0,0,0,0,0,0,0,1320.6,0,5.099999904632568
,"Mar, 03.04. 07:00",4690.4,3769.5,920.9,0,0,0,0,0,0,0,1137.4,0,7.199999809265137
,"Mar, 03.04. 08:00",4072.2,3239.1,833.1,0,0,0,0,0,0,0,963,0,8.5
,"Mar, 03.04. 09:00",3601.4,2880.1,721.3,0,0,0,0,0,0,0,812.8,0,9.899999618530273
,"Mar, 03.04. 10:00",2993.3,2374.3,619,0,0,0,0,0,0,0,648.8,0,11.19999980926514
,"Mar, 03.04. 11:00",2522.6,1943.9,578.7,0,0,0,0,0,0,0,525.5,0,12.89999961853027
,"Mar, 03.04. 12:00",2147.6,1624.2,523.4,0,0,0,0,0,0,0,443.9,0,13.39999961853027
,"Mar, 03.04. 13:00",2159.2,1622.6,536.6,0,0,0,0,0,0,0,440.7,0,13.89999961853027
,"Mar, 03.04. 14:00",2143.3,1631.9,511.4,0,0,0,0,0,0,0,437.1,0,13.80000019073486
,"Mar, 03.04. 15:00",2413,1947.6,465.4,0,0,0,0,0,0,0,502.5,0,12.10000038146973
,"Mar, 03.04. 16:00",2631.8,2157.9,473.9,0,0,0,0,0,0,0,566.1,0,10.89999961853027
,"Mar, 03.04. 17:00",3429.4,2715.2,714.2,0,0,0,0,0,0,0,752.6,0,10.69999980926514
,"Mar, 03.04. 18:00",3422.8,2688.4,734.4,0,0,0,0,0,0,0,759.3,0,10.39999961853027
,"Mar, 03.04. 19:00",3932,2990,942,0,0,0,0,0,0,0,902.7,0,9.699999809265137
,"Mar, 03.04. 20:00",3904.1,2959.5,944.6,0,0,0,0,0,0,0,901.8,0,9.399999618530273
,"Mar, 03.04. 21:00",4119.8,3156,963.8,0,0,0,0,0,0,0,960.2,0,8.800000190734863
,"Mar, 03.04. 22:00",2649.7,2117.6,532.1,0,0,0,0,0,0,0,631.1,0,7.800000190734863
,"Mar, 03.04. 23:00",2326.6,2007,319.6,0,0,0,0,0,0,0,543.7,0,7.400000095367432
,"Mer, 04.04. 00:00",1961.4,1753,208.4,0,0,0,0,0,0,0,438.5,0,8.300000190734863
,"Mer, 04.04. 01:00",1946,1832.6,113.4,0,0,0,0,0,0,0,424.6,0,8.199999809265137
,"Mer, 04.04. 02:00",2155,2123.3,31.7,0,0,0,0,0,0,0,489.4,0,6.099999904632568
,"Mer, 04.04. 03:00",2478,2444,34,0,0,0,0,0,0,0,570.1,0,5.599999904632568
,"Mer, 04.04. 04:00",2826.7,2715.5,111.2,0,0,0,0,0,0,0,664.5,0,5.400000095367432
,"Mer, 04.04. 05:00",4122.7,3795.7,327,0,0,0,0,0,0,0,982.6,0,5.300000190734863
,"Mer, 04.04. 06:00",5513.7,4653.1,860.6,0,0,0,0,0,0,0,1369.8,0,5.199999809265137
,"Mer, 04.04. 07:00",5419.3,4509.8,909.5,0,0,0,0,0,0,0,1347,0,5.800000190734863
,"Mer, 04.04. 08:00",4651.8,3860.6,791.2,0,0,0,0,0,0,0,1138.2,0,6.699999809265137
,"Mer, 04.04. 09:00",3627.6,3054.7,572.9,0,0,0,0,0,0,0,859.7,0,7.5
,"Mer, 04.04. 10:00",3925.1,3319.2,605.9,0,0,0,0,0,0,0,905.1,0,8.300000190734863
,"Mer, 04.04. 11:00",3572.2,3000,572.2,0,0,0,0,0,0,0,793.2,0,9.600000381469727
,"Mer, 04.04. 12:00",3057.8,2529.8,528,0,0,0,0,0,0,0,663,0,10.60000038146973
,"Mer, 04.04. 13:00",3080.8,2524.3,556.5,0,0,0,0,0,0,0,646.6,0,11.69999980926514
,"Mer, 04.04. 14:00",2648,2176.1,471.9,0,0,0,0,0,0,0,550.4,0,12
,"Mer, 04.04. 15:00",2813.1,2343.7,469.4,0,0,0,0,0,0,0,582.7,0,11.80000019073486
,"Mer, 04.04. 16:00",3114.6,2636.6,478,0,0,0,0,0,0,0,674.4,0,10.19999980926514
,"Mer, 04.04. 17:00",4094.1,3426.4,667.7,0,0,0,0,0,0,0,941.1,0,8.399999618530273
,"Mer, 04.04. 18:00",4083.7,3386.8,696.9,0,0,0,0,0,0,0,946.9,0,8.199999809265137
,"Mer, 04.04. 19:00",4703.9,3772.7,931.2,0,0,0,0,0,0,0,1112.8,0,7.900000095367432
,"Mer, 04.04. 20:00",5200.9,4170.7,1030.2,0,0,0,0,0,0,0,1248.6,0,7.300000190734863
,"Mer, 04.04. 21:00",4821.9,3850.4,971.5,0,0,0,0,0,0,0,1138.9,0,7.699999809265137
,"Mer, 04.04. 22:00",3181,2644.9,536.1,0,0,0,0,0,0,0,782.4,0,6.099999904632568
,"Mer, 04.04. 23:00",2796,2492.4,303.6,0,0,0,0,0,0,0,690.8,0,5
,"Jeu, 05.04. 00:00",2442.6,2249.3,193.3,0,0,0,0,0,0,0,591.6,0,5.199999809265137
,"Jeu, 05.04. 01:00",2690.5,2572.9,117.6,0,0,0,0,0,0,0,637.2,0,5.300000190734863
,"Jeu, 05.04. 02:00",2299.1,2267.2,31.9,0,0,0,0,0,0,0,532.3,0,5.5
,"Jeu, 05.04. 03:00",2737.2,2703.2,34,0,0,0,0,0,0,0,653.8,0,4.400000095367432
,"Jeu, 05.04. 04:00",3048.7,2936.8,111.9,0,0,0,0,0,0,0,734.4,0,4.5
,"Jeu, 05.04. 05:00",4313.9,3993.6,320.3,0,0,0,0,0,0,0,1067.1,0,4
,"Jeu, 05.04. 06:00",5752.7,4866.8,885.9,0,0,0,0,0,0,0,1443.9,0,4.800000190734863
,"Jeu, 05.04. 07:00",5098.1,4227.2,870.9,0,0,0,0,0,0,0,1256.1,0,6.199999809265137
,"Jeu, 05.04. 08:00",4692.8,3862.6,830.2,0,0,0,0,0,0,0,1125.8,0,7.5
,"Jeu, 05.04. 09:00",3603.4,2978.1,625.3,0,0,0,0,0,0,0,818.8,0,9.199999809265137
,"Jeu, 05.04. 10:00",3442,2849.2,592.8,0,0,0,0,0,0,0,757.8,0,10.10000038146973
,"Jeu, 05.04. 11:00",3180.2,2620.3,559.9,0,0,0,0,0,0,0,681.2,0,11
,"Jeu, 05.04. 12:00",2898.1,2338.4,559.7,0,0,0,0,0,0,0,604.9,0,12.10000038146973
,"Jeu, 05.04. 13:00",2775.1,2260.6,514.5,0,0,0,0,0,0,0,578.3,0,12
,"Jeu, 05.04. 14:00",2427.6,1956.4,471.2,0,0,0,0,0,0,0,493.6,0,13
,"Jeu, 05.04. 15:00",2476.4,2012.5,463.9,0,0,0,0,0,0,0,496.6,0,13.19999980926514
,"Jeu, 05.04. 16:00",2799.7,2287.5,512.2,0,0,0,0,0,0,0,570.1,0,12.60000038146973
,"Jeu, 05.04. 17:00",3295,2654.6,640.4,0,0,0,0,0,0,0,703.1,0,11.30000019073486
,"Jeu, 05.04. 18:00",4483,3700.4,782.6,0,0,0,0,0,0,0,1028.5,0,8.600000381469727
,"Jeu, 05.04. 19:00",4990.4,4014.6,975.8,0,0,0,0,0,0,0,1191.1,0,7.599999904632568
,"Jeu, 05.04. 20:00",4698.7,3786.5,912.2,0,0,0,0,0,0,0,1142.1,0,6.800000190734863
,"Jeu, 05.04. 21:00",4700.3,3814.4,885.9,0,0,0,0,0,0,0,1154.4,0,6.199999809265137
,"Jeu, 05.04. 22:00",3282.3,2762.4,519.9,0,0,0,0,0,0,0,824.8,0,5.199999809265137
,"Jeu, 05.04. 23:00",2986.5,2689.6,296.9,0,0,0,0,0,0,0,760.6,0,3.799999952316284
,"Ven, 06.04. 00:00",3234.6,3018.2,216.4,0,0,0,0,0,0,0,832.9,0,2.799999952316284
,"Ven, 06.04. 01:00",3196.6,3080.4,116.2,0,0,0,0,0,0,0,810.8,0,2.799999952316284
,"Ven, 06.04. 02:00",3275.1,3240.3,34.8,0,0,0,0,0,0,0,843.3,0,1.799999952316284
,"Ven, 06.04. 03:00",3219,3183.9,35.1,0,0,0,0,0,0,0,815.2,0,2.400000095367432
,"Ven, 06.04. 04:00",3142.9,3044.5,98.4,0,0,0,0,0,0,0,816.3,0,1.799999952316284
,"Ven, 06.04. 05:00",4480.2,4170.7,309.5,0,0,0,0,0,0,0,1181.9,0,1.700000047683716
,"Ven, 06.04. 06:00",5834.7,4968.2,866.5,0,0,0,0,0,0,0,1567.8,0,2.299999952316284
,"Ven, 06.04. 07:00",5443.6,4528.1,915.5,0,0,0,0,0,0,0,1409.4,0,4.400000095367432
,"Ven, 06.04. 08:00",3929.2,3196.9,732.3,0,0,0,0,0,0,0,950.7,0,7.400000095367432
,"Ven, 06.04. 09:00",3377.5,2727.1,650.4,0,0,0,0,0,0,0,759.5,0,9.899999618530273
,"Ven, 06.04. 10:00",2750.6,2152.7,597.9,0,0,0,0,0,0,0,577.8,0,12.39999961853027
,"Ven, 06.04. 11:00",2383.9,1813.9,570,0,0,0,0,0,0,0,484.3,0,13.89999961853027
,"Ven, 06.04. 12:00",2092.7,1523.1,569.6,0,0,0,0,0,0,0,396.3,0,16.60000038146973
,"Ven, 06.04. 13:00",1782,1309.6,472.4,0,0,0,0,0,0,0,318.4,0,18.60000038146973
,"Ven, 06.04. 14:00",1989.1,1475.5,513.6,0,0,0,0,0,0,0,351.4,0,19.39999961853027
,"Ven, 06.04. 15:00",1935.6,1463.2,472.4,0,0,0,0,0,0,0,341.2,0,18.29999923706055
,"Ven, 06.04. 16:00",1941.3,1459.8,481.5,0,0,0,0,0,0,0,345.8,0,17.60000038146973
,"Ven, 06.04. 17:00",2374,1708.4,665.6,0,0,0,0,0,0,0,457.6,0,16
,"Ven, 06.04. 18:00",3070.7,2332.8,737.9,0,0,0,0,0,0,0,642.1,0,12.69999980926514
,"Ven, 06.04. 19:00",3291.5,2391.3,900.2,0,0,0,0,0,0,0,702.9,0,12.60000038146973
,"Ven, 06.04. 20:00",3962.5,3003.7,958.8,0,0,0,0,0,0,0,895.7,0,10.10000038146973
,"Ven, 06.04. 21:00",4382.7,3433.1,949.6,0,0,0,0,0,0,0,1036.5,0,8
,"Ven, 06.04. 22:00",2647.3,2138.6,508.7,0,0,0,0,0,0,0,633.4,0,7.5
,"Ven, 06.04. 23:00",2574.3,2256.6,317.7,0,0,0,0,0,0,0,615.3,0,6.400000095367432
,"Sam, 07.04. 00:00",2107.9,1881.3,226.6,0,0,0,0,0,0,0,490.2,0,7
,"Sam, 07.04. 01:00",2158.4,2018.9,139.5,0,0,0,0,0,0,0,490.1,0,7
,"Sam, 07.04. 02:00",2188,2113.2,74.8,0,0,0,0,0,0,0,506.2,0,5.800000190734863
,"Sam, 07.04. 03:00",2311.4,2276.5,34.9,0,0,0,0,0,0,0,528.2,0,5.800000190734863
,"Sam, 07.04. 04:00",2598.9,2533.3,65.6,0,0,0,0,0,0,0,616.4,0,4.800000190734863
,"Sam, 07.04. 05:00",3660.5,3589.6,70.9,0,0,0,0,0,0,0,886.1,0,3.799999952316284
,"Sam, 07.04. 06:00",3781.5,3695,86.5,0,0,0,0,0,0,0,878.2,0,5
,"Sam, 07.04. 07:00",3342.1,3133.8,208.3,0,0,0,0,0,0,0,725.9,0,8.199999809265137
,"Sam, 07.04. 08:00",2750.7,2212.4,538.3,0,0,0,0,0,0,0,599.9,0,10.89999961853027
,"Sam, 07.04. 09:00",2675.7,1617.9,1057.8,0,0,0,0,0,0,0,613.3,0,13.19999980926514
,"Sam, 07.04. 10:00",2129.4,1057.8,1071.6,0,0,0,0,0,0,0,493.7,0,15
,"Sam, 07.04. 11:00",2139.4,1024.1,1115.3,0,0,0,0,0,0,0,458.1,0,18.10000038146973
,"Sam, 07.04. 12:00",2025.5,1003.2,1022.3,0,0,0,0,0,0,0,423.4,0,18.89999961853027
,"Sam, 07.04. 13:00",1855.7,1003.5,852.2,0,0,0,0,0,0,0,371.7,0,19.70000076293945
,"Sam, 07.04. 14:00",1684.3,944,740.3,0,0,0,0,0,0,0,342.6,0,18.10000038146973
,"Sam, 07.04. 15:00",1585.9,962.1,623.8,0,0,0,0,0,0,0,322.3,0,16.89999961853027
,"Sam, 07.04. 16:00",1696.4,1052.3,644.1,0,0,0,0,0,0,0,351.5,0,16
,"Sam, 07.04. 17:00",1875.5,1158.6,716.9,0,0,0,0,0,0,0,399.4,0,15.10000038146973
,"Sam, 07.04. 18:00",2240.5,1466.5,774,0,0,0,0,0,0,0,479,0,14.10000038146973
,"Sam, 07.04. 19:00",2461.5,1660.2,801.3,0,0,0,0,0,0,0,527.5,0,13.5
,"Sam, 07.04. 20:00",2755.1,1978.2,776.9,0,0,0,0,0,0,0,595,0,12.19999980926514
,"Sam, 07.04. 21:00",2467.3,1851.7,615.6,0,0,0,0,0,0,0,516.2,0,12.30000019073486
,"Sam, 07.04. 22:00",1564.7,1099.6,465.1,0,0,0,0,0,0,0,351.9,0,11.39999961853027
,"Sam, 07.04. 23:00",1553.5,1224.2,329.3,0,0,0,0,0,0,0,343.2,0,10.5
,"Dim, 08.04. 00:00",1438.6,1210.6,228,0,0,0,0,0,0,0,311.2,0,10.19999980926514
,"Dim, 08.04. 01:00",1401.6,1273.2,128.4,0,0,0,0,0,0,0,294.7,0,9.800000190734863
,"Dim, 08.04. 02:00",1568.3,1489.2,79.1,0,0,0,0,0,0,0,328,0,9.199999809265137
,"Dim, 08.04. 03:00",1484.3,1451.7,32.6,0,0,0,0,0,0,0,305,0,9.100000381469727
,"Dim, 08.04. 04:00",2094.2,2009.5,84.7,0,0,0,0,0,0,0,449.4,0,8.199999809265137
,"Dim, 08.04. 05:00",2721,2639.7,81.3,0,0,0,0,0,0,0,581.3,0,7.800000190734863
,"Dim, 08.04. 06:00",3373.3,3270.8,102.5,0,0,0,0,0,0,0,713.4,0,7.900000095367432
,"Dim, 08.04. 07:00",3187.7,2976.4,211.3,0,0,0,0,0,0,0,686.9,0,8.5
,"Dim, 08.04. 08:00",3228.7,2669.2,559.5,0,0,0,0,0,0,0,733,0,9.199999809265137
,"Dim, 08.04. 09:00",3184.4,2195.7,988.7,0,0,0,0,0,0,0,762.4,0,10
,"Dim, 08.04. 10:00",3047.2,1967.7,1079.5,0,0,0,0,0,0,0,728.5,0,10.89999961853027
,"Dim, 08.04. 11:00",2470.7,1395.9,1074.8,0,0,0,0,0,0,0,580,0,13.10000038146973
,"Dim, 08.04. 12:00",2275.7,1297.5,978.2,0,0,0,0,0,0,0,528,0,13.39999961853027
,"Dim, 08.04. 13:00",1855.1,1048.4,806.7,0,0,0,0,0,0,0,417.2,0,14.60000038146973
,"Dim, 08.04. 14:00",1578.4,896.3,682.1,0,0,0,0,0,0,0,349.8,0,15.10000038146973
,"Dim, 08.04. 15:00",1605.2,981.4,623.8,0,0,0,0,0,0,0,346.6,0,15
,"Dim, 08.04. 16:00",1811.3,1226.6,584.7,0,0,0,0,0,0,0,387.2,0,13.89999961853027
,"Dim, 08.04. 17:00",2107.5,1468.5,639,0,0,0,0,0,0,0,454.1,0,13.10000038146973
,"Dim, 08.04. 18:00",2691.2,1928.2,763,0,0,0,0,0,0,0,589.1,0,12.10000038146973
,"Dim, 08.04. 19:00",2538.1,1826.8,711.3,0,0,0,0,0,0,0,558,0,11.80000019073486
,"Dim, 08.04. 20:00",3057.5,2327,730.5,0,0,0,0,0,0,0,687.7,0,10.19999980926514
,"Dim, 08.04. 21:00",2924.6,2346.8,577.8,0,0,0,0,0,0,0,663.6,0,9
,"Dim, 08.04. 22:00",2239.9,1773,466.9,0,0,0,0,0,0,0,528.2,0,8.300000190734863
,"Dim, 08.04. 23:00",2085.2,1784.7,300.5,0,0,0,0,0,0,0,485.9,0,7.599999904632568
,"Lun, 09.04. 00:00",1892.8,1686.3,206.5,0,0,0,0,0,0,0,427.8,0,7.900000095367432
,"Lun, 09.04. 01:00",2011.4,1901,110.4,0,0,0,0,0,0,0,453.8,0,7
,"Lun, 09.04. 02:00",1935.9,1900.6,35.3,0,0,0,0,0,0,0,421.3,0,7.400000095367432
,"Lun, 09.04. 03:00",2343,2309.8,33.2,0,0,0,0,0,0,0,546.8,0,5.099999904632568
,"Lun, 09.04. 04:00",2392,2281.8,110.2,0,0,0,0,0,0,0,553.2,0,6
,"Lun, 09.04. 05:00",3346.9,3012.9,334,0,0,0,0,0,0,0,800.7,0,5.699999809265137
,"Lun, 09.04. 06:00",4186.7,3296.7,890,0,0,0,0,0,0,0,1039.9,0,6.400000095367432
,"Lun, 09.04. 07:00",3754.4,2832,922.4,0,0,0,0,0,0,0,908.5,0,8.300000190734863
,"Lun, 09.04. 08:00",2979.5,2151.6,827.9,0,0,0,0,0,0,0,691.8,0,10.60000038146973
,"Lun, 09.04. 09:00",2341.6,1670.3,671.3,0,0,0,0,0,0,0,521.3,0,12.10000038146973
,"Lun, 09.04. 10:00",1803.8,1186.3,617.5,0,0,0,0,0,0,0,390.8,0,14.19999980926514
,"Lun, 09.04. 11:00",1387,870.6,516.4,0,0,0,0,0,0,0,291.2,0,15.80000019073486
,"Lun, 09.04. 12:00",1431.9,887.6,544.3,0,0,0,0,0,0,0,280.4,0,18.29999923706055
,"Lun, 09.04. 13:00",1371.3,861.4,509.9,0,0,0,0,0,0,0,260.5,0,19.89999961853027
,"Lun, 09.04. 14:00",1270.2,808.4,461.8,0,0,0,0,0,0,0,240.5,0,19.89999961853027
,"Lun, 09.04. 15:00",1256.6,821.2,435.4,0,0,0,0,0,0,0,237,0,19.10000038146973
,"Lun, 09.04. 16:00",1484.9,963.8,521.1,0,0,0,0,0,0,0,283.4,0,18.39999961853027
,"Lun, 09.04. 17:00",1652,1009.7,642.3,0,0,0,0,0,0,0,336.4,0,16.70000076293945
,"Lun, 09.04. 18:00",1720.6,1036.7,683.9,0,0,0,0,0,0,0,363,0,15.69999980926514
,"Lun, 09.04. 19:00",2171.2,1257,914.2,0,0,0,0,0,0,0,478.7,0,14.60000038146973
,"Lun, 09.04. 20:00",2473.9,1529.3,944.6,0,0,0,0,0,0,0,550.9,0,13.30000019073486
,"Lun, 09.04. 21:00",2492.1,1575.2,916.9,0,0,0,0,0,0,0,555,0,12.80000019073486
,"Lun, 09.04. 22:00",1975.4,1464.4,511,0,0,0,0,0,0,0,459,0,9.699999809265137
,"Lun, 09.04. 23:00",1926.4,1616.7,309.7,0,0,0,0,0,0,0,440.7,0,8.5
,"Mar, 10.04. 00:00",1804.9,1605.1,199.8,0,0,0,0,0,0,0,407.1,0,8
,"Mar, 10.04. 01:00",1982.7,1875,107.7,0,0,0,0,0,0,0,448.7,0,6.900000095367432
,"Mar, 10.04. 02:00",2108.9,2074,34.9,0,0,0,0,0,0,0,471.7,0,6.5
,"Mar, 10.04. 03:00",2048.3,2013.9,34.4,0,0,0,0,0,0,0,453.4,0,6.800000190734863
,"Mar, 10.04. 04:00",2219.1,2105,114.1,0,0,0,0,0,0,0,497,0,7.099999904632568
,"Mar, 10.04. 05:00",2808,2493.2,314.8,0,0,0,0,0,0,0,647.6,0,7.099999904632568
,"Mar, 10.04. 06:00",3509.8,2666.2,843.6,0,0,0,0,0,0,0,837.5,0,8.300000190734863
,"Mar, 10.04. 07:00",3538.5,2553.6,984.9,0,0,0,0,0,0,0,828,0,10
,"Mar, 10.04. 08:00",2735.6,1941.6,794,0,0,0,0,0,0,0,633.5,0,10.89999961853027
,"Mar, 10.04. 09:00",2004.9,1348.2,656.7,0,0,0,0,0,0,0,443.1,0,13.19999980926514
,"Mar, 10.04. 10:00",1611.8,1043.2,568.6,0,0,0,0,0,0,0,351,0,14.19999980926514
,"Mar, 10.04. 11:00",1423.4,874.5,548.9,0,0,0,0,0,0,0,306.1,0,15.30000019073486
,"Mar, 10.04. 12:00",1313.3,797,516.3,0,0,0,0,0,0,0,276.9,0,16
,"Mar, 10.04. 13:00",1336.2,822.1,514.1,0,0,0,0,0,0,0,269.9,0,17.10000038146973
,"Mar, 10.04. 14:00",1314.2,819.5,494.7,0,0,0,0,0,0,0,266.1,0,16.89999961853027
,"Mar, 10.04. 15:00",1301.7,834.6,467.1,0,0,0,0,0,0,0,263,0,16.5
,"Mar, 10.04. 16:00",1430.7,910.4,520.3,0,0,0,0,0,0,0,290.5,0,16.39999961853027
,"Mar, 10.04. 17:00",1548.8,925.7,623.1,0,0,0,0,0,0,0,334,0,15.19999980926514
,"Mar, 10.04. 18:00",1884.9,1187.6,697.3,0,0,0,0,0,0,0,410.3,0,14.10000038146973
,"Mar, 10.04. 19:00",2377.4,1474.2,903.2,0,0,0,0,0,0,0,533.5,0,13.19999980926514
,"Mar, 10.04. 20:00",2773,1820.9,952.1,0,0,0,0,0,0,0,634.5,0,11.69999980926514
,"Mar, 10.04. 21:00",2605.2,1745.1,860.1,0,0,0,0,0,0,0,597.6,0,11.19999980926514
,"Mar, 10.04. 22:00",1786.7,1281.5,505.2,0,0,0,0,0,0,0,411.7,0,10.39999961853027
,"Mar, 10.04. 23:00",1644.9,1332.2,312.7,0,0,0,0,0,0,0,366.9,0,9.800000190734863
,"Mer, 11.04. 00:00",1666.8,1461.4,205.4,0,0,0,0,0,0,0,364.7,0,9.199999809265137
,"Mer, 11.04. 01:00",2307.6,2191.3,116.3,0,0,0,0,0,0,0,527.3,0,6.5
,"Mer, 11.04. 02:00",1992.4,1959.7,32.7,0,0,0,0,0,0,0,441.6,0,6.800000190734863
,"Mer, 11.04. 03:00",2401.6,2366.5,35.1,0,0,0,0,0,0,0,548.2,0,5.800000190734863
,"Mer, 11.04. 04:00",2688,2580.6,107.4,0,0,0,0,0,0,0,640.3,0,4.900000095367432
,"Mer, 11.04. 05:00",3490.5,3192.5,298,0,0,0,0,0,0,0,854.7,0,4.599999904632568
,"Mer, 11.04. 06:00",4717.9,3857.9,860,0,0,0,0,0,0,0,1182.1,0,5.5
,"Mer, 11.04. 07:00",4698.5,3724.6,973.9,0,0,0,0,0,0,0,1145.5,0,7.300000190734863
,"Mer, 11.04. 08:00",3196.6,2467.9,728.7,0,0,0,0,0,0,0,745.4,0,9.5
,"Mer, 11.04. 09:00",2901.8,2272.4,629.4,0,0,0,0,0,0,0,656.1,0,10.30000019073486
,"Mer, 11.04. 10:00",2416.1,1830.7,585.4,0,0,0,0,0,0,0,518.8,0,12.39999961853027
,"Mer, 11.04. 11:00",2100.6,1541.4,559.2,0,0,0,0,0,0,0,439.5,0,13.69999980926514
,"Mer, 11.04. 12:00",1661.2,1145.8,515.4,0,0,0,0,0,0,0,344.9,0,14.89999961853027
,"Mer, 11.04. 13:00",1725,1196.1,528.9,0,0,0,0,0,0,0,343.2,0,16
,"Mer, 11.04. 14:00",1555.2,1090,465.2,0,0,0,0,0,0,0,314.2,0,15.5
,"Mer, 11.04. 15:00",1612.6,1155.4,457.2,0,0,0,0,0,0,0,322.3,0,15.39999961853027
,"Mer, 11.04. 16:00",1990.3,1486,504.3,0,0,0,0,0,0,0,408.3,0,13.89999961853027
,"Mer, 11.04. 17:00",2793,2138.6,654.4,0,0,0,0,0,0,0,608.4,0,11.5
,"Mer, 11.04. 18:00",3085.6,2361.3,724.3,0,0,0,0,0,0,0,683.8,0,10.89999961853027
,"Mer, 11.04. 19:00",3468.2,2548.4,919.8,0,0,0,0,0,0,0,788.8,0,10.5
,"Mer, 11.04. 20:00",3249.3,2375.3,874,0,0,0,0,0,0,0,741.7,0,10.30000019073486
,"Mer, 11.04. 21:00",3540.3,2644.9,895.4,0,0,0,0,0,0,0,821.5,0,9.300000190734863
,"Mer, 11.04. 22:00",2210.6,1716.2,494.4,0,0,0,0,0,0,0,517,0,8.800000190734863
,"Mer, 11.04. 23:00",2103.5,1803.9,299.6,0,0,0,0,0,0,0,487.8,0,7.699999809265137
,"Jeu, 12.04. 00:00",2367.8,2158.4,209.4,0,0,0,0,0,0,0,547.3,0,6.900000095367432
,"Jeu, 12.04. 01:00",2379.7,2271,108.7,0,0,0,0,0,0,0,549,0,6.199999809265137
,"Jeu, 12.04. 02:00",2250.1,2219.1,31,0,0,0,0,0,0,0,514.7,0,5.800000190734863
,"Jeu, 12.04. 03:00",2586.3,2553.3,33,0,0,0,0,0,0,0,601.9,0,5.199999809265137
,"Jeu, 12.04. 04:00",3163.5,3058.4,105.1,0,0,0,0,0,0,0,777,0,3.799999952316284
,"Jeu, 12.04. 05:00",4906,4598.8,307.2,0,0,0,0,0,0,0,1273.9,0,2.099999904632568
,"Jeu, 12.04. 06:00",6432.6,5565.4,867.2,0,0,0,0,0,0,0,1639.5,0,3.900000095367432
,"Jeu, 12.04. 07:00",6202,5275.2,926.8,0,0,0,0,0,0,0,1549,0,5.400000095367432
,"Jeu, 12.04. 08:00",5007.5,4240,767.5,0,0,0,0,0,0,0,1224,0,6.599999904632568
,"Jeu, 12.04. 09:00",5029.1,4334.9,694.2,0,0,0,0,0,0,0,1212,0,6.800000190734863
,"Jeu, 12.04. 10:00",4138.7,3560,578.7,0,0,0,0,0,0,0,951.3,0,8.399999618530273
,"Jeu, 12.04. 11:00",4379.7,3799.3,580.4,0,0,0,0,0,0,0,1010.7,0,8.100000381469727
,"Jeu, 12.04. 12:00",3584.5,3081,503.5,0,0,0,0,0,0,0,807.4,0,9
,"Jeu, 12.04. 13:00",3332.9,2835.7,497.2,0,0,0,0,0,0,0,716.5,0,10.60000038146973
,"Jeu, 12.04. 14:00",3599.2,3120.6,478.6,0,0,0,0,0,0,0,796.4,0,9.399999618530273
,"Jeu, 12.04. 15:00",3897.6,3431.8,465.8,0,0,0,0,0,0,0,880.7,0,8.399999618530273
,"Jeu, 12.04. 16:00",3969.4,3480.9,488.5,0,0,0,0,0,0,0,901,0,8.300000190734863
,"Jeu, 12.04. 17:00",4335.9,3702.2,633.7,0,0,0,0,0,0,0,993.7,0,8.300000190734863
,"Jeu, 12.04. 18:00",5296.8,4523.4,773.4,0,0,0,0,0,0,0,1254.8,0,7.099999904632568
,"Jeu, 12.04. 19:00",5303.2,4412.4,890.8,0,0,0,0,0,0,0,1291.2,0,6.400000095367432
,"Jeu, 12.04. 20:00",5860.8,4873.2,987.6,0,0,0,0,0,0,0,1450.8,0,5.699999809265137
,"Jeu, 12.04. 21:00",5578.6,4648.1,930.5,0,0,0,0,0,0,0,1380.2,0,5.5
,"Jeu, 12.04. 22:00",3775,3236,539,0,0,0,0,0,0,0,963.2,0,4.300000190734863
,"Jeu, 12.04. 23:00",3088.3,2807.3,281,0,0,0,0,0,0,0,800.5,0,3
,"Ven, 13.04. 00:00",3424.7,3211.4,213.3,0,0,0,0,0,0,0,894.1,0,2.200000047683716
,"Ven, 13.04. 01:00",3262.1,3159.1,103,0,0,0,0,0,0,0,865.2,0,1.100000023841858
,"Ven, 13.04. 02:00",3234.7,3202.3,32.4,0,0,0,0,0,0,0,838.9,0,1.5
,"Ven, 13.04. 03:00",3245.9,3213.5,32.4,0,0,0,0,0,0,0,836.7,0,1.700000047683716
,"Ven, 13.04. 04:00",3399.8,3296.1,103.7,0,0,0,0,0,0,0,875.9,0,2.099999904632568
,"Ven, 13.04. 05:00",5293,4967.6,325.4,0,0,0,0,0,0,0,1427.4,0,0.699999988079071
,"Ven, 13.04. 06:00",6681,5797.6,883.4,0,0,0,0,0,0,0,1813.5,0,1.600000023841858
,"Ven, 13.04. 07:00",5374.7,4559.8,814.9,0,0,0,0,0,0,0,1389.4,0,4.199999809265137
,"Ven, 13.04. 08:00",4910.8,4120.8,790,0,0,0,0,0,0,0,1211.1,0,6.400000095367432
,"Ven, 13.04. 09:00",4129.2,3482.4,646.8,0,0,0,0,0,0,0,965.7,0,8.199999809265137
,"Ven, 13.04. 10:00",3445.5,2856.2,589.3,0,0,0,0,0,0,0,748.4,0,10.80000019073486
,"Ven, 13.04. 11:00",3044.9,2498.8,546.1,0,0,0,0,0,0,0,638.4,0,12
,"Ven, 13.04. 12:00",2609.5,2063.7,545.8,0,0,0,0,0,0,0,526.3,0,13.80000019073486
,"Ven, 13.04. 13:00",2190.3,1704.1,486.2,0,0,0,0,0,0,0,430.4,0,14.80000019073486
,"Ven, 13.04. 14:00",2266.2,1812,454.2,0,0,0,0,0,0,0,451.3,0,14
,"Ven, 13.04. 15:00",2308.9,1830,478.9,0,0,0,0,0,0,0,438.8,0,15.39999961853027
,"Ven, 13.04. 16:00",2878.5,2331.2,547.3,0,0,0,0,0,0,0,569.5,0,13.80000019073486
,"Ven, 13.04. 17:00",3254.1,2621.4,632.7,0,0,0,0,0,0,0,678.4,0,12.10000038146973
,"Ven, 13.04. 18:00",4043.2,3314,729.2,0,0,0,0,0,0,0,889.7,0,10.10000038146973
,"Ven, 13.04. 19:00",4349.6,3497.1,852.5,0,0,0,0,0,0,0,1007.9,0,8.600000381469727
,"Ven, 13.04. 20:00",4622.5,3722.9,899.6,0,0,0,0,0,0,0,1090.6,0,7.800000190734863
,"Ven, 13.04. 21:00",4809,3898.5,910.5,0,0,0,0,0,0,0,1145.3,0,7.199999809265137
,"Ven, 13.04. 22:00",3204.5,2701.8,502.7,0,0,0,0,0,0,0,799.2,0,5.400000095367432
,"Ven, 13.04. 23:00",3184.9,2876,308.9,0,0,0,0,0,0,0,811.6,0,3.700000047683716
,"Sam, 14.04. 00:00",2998,2769.6,228.4,0,0,0,0,0,0,0,756.2,0,3.700000047683716
,"Sam, 14.04. 01:00",3146.7,3015.4,131.3,0,0,0,0,0,0,0,805.2,0,2.599999904632568
,"Sam, 14.04. 02:00",3016.5,2942.6,73.9,0,0,0,0,0,0,0,766.3,0,2.5
,"Sam, 14.04. 03:00",3309.9,3277.2,32.7,0,0,0,0,0,0,0,863.3,0,1.299999952316284
,"Sam, 14.04. 04:00",3588,3524.6,63.4,0,0,0,0,0,0,0,945.4,0,1
,"Sam, 14.04. 05:00",4565.5,4502.7,62.8,0,0,0,0,0,0,0,1204.4,0,0.6000000238418579
,"Sam, 14.04. 06:00",5374.7,5292.1,82.6,0,0,0,0,0,0,0,1363.6,0,1.799999952316284
,"Sam, 14.04. 07:00",5410.3,5196.3,214,0,0,0,0,0,0,0,1290.5,0,4.800000190734863
,"Sam, 14.04. 08:00",4446.6,3935.4,511.2,0,0,0,0,0,0,0,1060.6,0,6.5
,"Sam, 14.04. 09:00",4526.1,3480.7,1045.4,0,0,0,0,0,0,0,1079.1,0,8.699999809265137
,"Sam, 14.04. 10:00",3817.4,2716.1,1101.3,0,0,0,0,0,0,0,873.3,0,11.10000038146973
,"Sam, 14.04. 11:00",3401.6,2277.4,1124.2,0,0,0,0,0,0,0,762.9,0,12.60000038146973
,"Sam, 14.04. 12:00",3105.9,2046.4,1059.5,0,0,0,0,0,0,0,676.4,0,13.80000019073486
,"Sam, 14.04. 13:00",2329.4,1568.2,761.2,0,0,0,0,0,0,0,486.4,0,14.80000019073486
,"Sam, 14.04. 14:00",2344.4,1605.9,738.5,0,0,0,0,0,0,0,477.8,0,15.39999961853027
,"Sam, 14.04. 15:00",2328,1686.4,641.6,0,0,0,0,0,0,0,452,0,15.89999961853027
,"Sam, 14.04. 16:00",2430.7,1788.3,642.4,0,0,0,0,0,0,0,475.9,0,15.39999961853027
,"Sam, 14.04. 17:00",2837.8,2150.4,687.4,0,0,0,0,0,0,0,574.9,0,13.80000019073486
,"Sam, 14.04. 18:00",3422.6,2702.1,720.5,0,0,0,0,0,0,0,725.4,0,11.69999980926514
,"Sam, 14.04. 19:00",3840,3079.8,760.2,0,0,0,0,0,0,0,833.9,0,10.60000038146973
,"Sam, 14.04. 20:00",4029.4,3299.5,729.9,0,0,0,0,0,0,0,886.5,0,9.699999809265137
,"Sam, 14.04. 21:00",4190.7,3559.2,631.5,0,0,0,0,0,0,0,916.2,0,9.100000381469727
,"Sam, 14.04. 22:00",2351.3,1891.8,459.5,0,0,0,0,0,0,0,540.5,0,8.800000190734863
,"Sam, 14.04. 23:00",2605.1,2279.7,325.4,0,0,0,0,0,0,0,620.7,0,6.5
,"Dim, 15.04. 00:00",2969.2,2739.4,229.8,0,0,0,0,0,0,0,745.5,0,3.900000095367432
,"Dim, 15.04. 01:00",2818.8,2689.5,129.3,0,0,0,0,0,0,0,696.5,0,3.900000095367432
,"Dim, 15.04. 02:00",3076.5,2998.2,78.3,0,0,0,0,0,0,0,772.6,0,3
,"Dim, 15.04. 03:00",3029.9,2995.9,34,0,0,0,0,0,0,0,750.7,0,3.099999904632568
,"Dim, 15.04. 04:00",3212.8,3136.4,76.4,0,0,0,0,0,0,0,797.2,0,3.299999952316284
,"Dim, 15.04. 05:00",3995.4,3920.3,75.1,0,0,0,0,0,0,0,968.8,0,3.599999904632568
,"Dim, 15.04. 06:00",4905.5,4810.3,95.2,0,0,0,0,0,0,0,1162.4,0,4.199999809265137
,"Dim, 15.04. 07:00",4643.3,4432.4,210.9,0,0,0,0,0,0,0,1061.8,0,6.300000190734863
,"Dim, 15.04. 08:00",4550.5,3971.8,578.7,0,0,0,0,0,0,0,1051.6,0,7.800000190734863
,"Dim, 15.04. 09:00",4118.5,3112.1,1006.4,0,0,0,0,0,0,0,971.1,0,9.300000190734863
,"Dim, 15.04. 10:00",3653.6,2619.3,1034.3,0,0,0,0,0,0,0,848.7,0,10.5
,"Dim, 15.04. 11:00",3229.8,2178.6,1051.2,0,0,0,0,0,0,0,732.6,0,12.10000038146973
,"Dim, 15.04. 12:00",3057.8,2081.4,976.4,0,0,0,0,0,0,0,682.8,0,12.5
,"Dim, 15.04. 13:00",2720.8,1923.7,797.1,0,0,0,0,0,0,0,585.2,0,13.19999980926514
,"Dim, 15.04. 14:00",2661.2,1924.4,736.8,0,0,0,0,0,0,0,563.7,0,13.39999961853027
,"Dim, 15.04. 15:00",2574.9,1946.1,628.8,0,0,0,0,0,0,0,532.5,0,13.39999961853027
,"Dim, 15.04. 16:00",2613.1,2029.4,583.7,0,0,0,0,0,0,0,539.5,0,13
,"Dim, 15.04. 17:00",3049.8,2406.8,643,0,0,0,0,0,0,0,644.5,0,11.89999961853027
,"Dim, 15.04. 18:00",3753.3,2992.1,761.2,0,0,0,0,0,0,0,813.9,0,10.89999961853027
,"Dim, 15.04. 19:00",4107.2,3319.3,787.9,0,0,0,0,0,0,0,915.7,0,9.699999809265137
,"Dim, 15.04. 20:00",3960.1,3238.7,721.4,0,0,0,0,0,0,0,875.7,0,9.600000381469727
,"Dim, 15.04. 21:00",4442.8,3816.4,626.4,0,0,0,0,0,0,0,1041.7,0,6.800000190734863
,"Dim, 15.04. 22:00",3098.1,2608.6,489.5,0,0,0,0,0,0,0,757.8,0,6.099999904632568
,"Dim, 15.04. 23:00",2602.4,2302.6,299.8,0,0,0,0,0,0,0,628.1,0,5.900000095367432
,"Lun, 16.04. 00:00",2447.8,2237.7,210.1,0,0,0,0,0,0,0,580.1,0,6
,"Lun, 16.04. 01:00",2328.5,2218.4,110.1,0,0,0,0,0,0,0,540.2,0,6
,"Lun, 16.04. 02:00",2461,2428.3,32.7,0,0,0,0,0,0,0,580.6,0,4.800000190734863
,"Lun, 16.04. 03:00",2874.9,2840.5,34.4,0,0,0,0,0,0,0,699.6,0,3.700000047683716
,"Lun, 16.04. 04:00",3268,3162.6,105.4,0,0,0,0,0,0,0,838.8,0,2.200000047683716
,"Lun, 16.04. 05:00",3968,3663.3,304.7,0,0,0,0,0,0,0,1005,0,3.299999952316284
,"Lun, 16.04. 06:00",5442.8,4554.9,887.9,0,0,0,0,0,0,0,1416.8,0,3.799999952316284
,"Lun, 16.04. 07:00",4503.4,3628.8,874.6,0,0,0,0,0,0,0,1105.9,0,6.800000190734863
,"Lun, 16.04. 08:00",4274,3408.2,865.8,0,0,0,0,0,0,0,1023.1,0,8.199999809265137
,"Lun, 16.04. 09:00",3052.1,2415.5,636.6,0,0,0,0,0,0,0,685.7,0,10.39999961853027
,"Lun, 16.04. 10:00",2365,1801.8,563.2,0,0,0,0,0,0,0,501.2,0,12.80000019073486
,"Lun, 16.04. 11:00",2004.2,1433.3,570.9,0,0,0,0,0,0,0,410.3,0,14.89999961853027
,"Lun, 16.04. 12:00",1861.4,1313.1,548.3,0,0,0,0,0,0,0,373.7,0,15.60000038146973
,"Lun, 16.04. 13:00",1646.6,1173.3,473.3,0,0,0,0,0,0,0,321.8,0,16.20000076293945
,"Lun, 16.04. 14:00",1713.3,1233.1,480.2,0,0,0,0,0,0,0,327.9,0,16.70000076293945
,"Lun, 16.04. 15:00",1777.5,1305.7,471.8,0,0,0,0,0,0,0,335,0,16.70000076293945
,"Lun, 16.04. 16:00",1948,1423.2,524.8,0,0,0,0,0,0,0,374.1,0,16.20000076293945
,"Lun, 16.04. 17:00",2286.8,1663.7,623.1,0,0,0,0,0,0,0,473.2,0,13.89999961853027
,"Lun, 16.04. 18:00",2912.3,2201.2,711.1,0,0,0,0,0,0,0,623.7,0,12.10000038146973
,"Lun, 16.04. 19:00",3431.6,2510.6,921,0,0,0,0,0,0,0,760.2,0,11.39999961853027
,"Lun, 16.04. 20:00",3726.1,2782.7,943.4,0,0,0,0,0,0,0,850.2,0,10
,"Lun, 16.04. 21:00",3932.4,2999.1,933.3,0,0,0,0,0,0,0,916.5,0,8.899999618530273
,"Lun, 16.04. 22:00",2403.3,1878.1,525.2,0,0,0,0,0,0,0,560.4,0,8.800000190734863
,"Lun, 16.04. 23:00",2519.4,2213.1,306.3,0,0,0,0,0,0,0,605.1,0,6.199999809265137
,"Mar, 17.04. 00:00",2298.7,2090.8,207.9,0,0,0,0,0,0,0,541.2,0,6.300000190734863
,"Mar, 17.04. 01:00",2202.2,2093.5,108.7,0,0,0,0,0,0,0,508.3,0,6.199999809265137
,"Mar, 17.04. 02:00",2777.9,2742.8,35.1,0,0,0,0,0,0,0,672.6,0,3.900000095367432
,"Mar, 17.04. 03:00",2512.4,2477.3,35.1,0,0,0,0,0,0,0,585.1,0,5.199999809265137
,"Mar, 17.04. 04:00",2777.3,2668.7,108.6,0,0,0,0,0,0,0,672,0,4.400000095367432
,"Mar, 17.04. 05:00",3533.5,3216.6,316.9,0,0,0,0,0,0,0,865.3,0,4.699999809265137
,"Mar, 17.04. 06:00",4511.9,3634.3,877.6,0,0,0,0,0,0,0,1134.8,0,5.599999904632568
,"Mar, 17.04. 07:00",3952.4,3079.4,873,0,0,0,0,0,0,0,971.2,0,7.300000190734863
,"Mar, 17.04. 08:00",3309.1,2469,840.1,0,0,0,0,0,0,0,769.5,0,10.10000038146973
,"Mar, 17.04. 09:00",2414.5,1785,629.5,0,0,0,0,0,0,0,537,0,11.69999980926514
,"Mar, 17.04. 10:00",1633.8,1060,573.8,0,0,0,0,0,0,0,347.3,0,15.10000038146973
,"Mar, 17.04. 11:00",1575.2,1032.6,542.6,0,0,0,0,0,0,0,317,0,16.5
,"Mar, 17.04. 12:00",1556.6,1009.2,547.4,0,0,0,0,0,0,0,301.7,0,17.79999923706055
,"Mar, 17.04. 13:00",1507.8,989.3,518.5,0,0,0,0,0,0,0,286.4,0,18.70000076293945
,"Mar, 17.04. 14:00",1426.9,947.4,479.5,0,0,0,0,0,0,0,268.9,0,19
,"Mar, 17.04. 15:00",1460.1,993.7,466.4,0,0,0,0,0,0,0,273.9,0,18.20000076293945
,"Mar, 17.04. 16:00",1526.8,1032.4,494.4,0,0,0,0,0,0,0,288.9,0,17.70000076293945
,"Mar, 17.04. 17:00",1723.9,1102.1,621.8,0,0,0,0,0,0,0,346.5,0,16.5
,"Mar, 17.04. 18:00",2028.3,1297,731.3,0,0,0,0,0,0,0,429.7,0,14.80000019073486
,"Mar, 17.04. 19:00",2340.8,1475.7,865.1,0,0,0,0,0,0,0,510.7,0,13.89999961853027
,"Mar, 17.04. 20:00",2422.7,1500.7,922,0,0,0,0,0,0,0,526.8,0,14
,"Mar, 17.04. 21:00",2711.8,1834.5,877.3,0,0,0,0,0,0,0,604.7,0,11.89999961853027
,"Mar, 17.04. 22:00",1875.9,1371.5,504.4,0,0,0,0,0,0,0,429.9,0,10.30000019073486
,"Mar, 17.04. 23:00",1795.1,1492.2,302.9,0,0,0,0,0,0,0,404.6,0,9.100000381469727
,"Mer, 18.04. 00:00",1668.4,1459,209.4,0,0,0,0,0,0,0,367.7,0,9
,"Mer, 18.04. 01:00",1563.2,1448.3,114.9,0,0,0,0,0,0,0,329.9,0,9.300000190734863
,"Mer, 18.04. 02:00",1565,1529.7,35.3,0,0,0,0,0,0,0,323,0,9
,"Mer, 18.04. 03:00",1468.3,1435.7,32.6,0,0,0,0,0,0,0,302.5,0,9
,"Mer, 18.04. 04:00",1820.4,1710.9,109.5,0,0,0,0,0,0,0,392.4,0,8.399999618530273
,"Mer, 18.04. 05:00",2608.3,2291.9,316.4,0,0,0,0,0,0,0,593.2,0,7.699999809265137
,"Mer, 18.04. 06:00",3597.5,2703.7,893.8,0,0,0,0,0,0,0,868.5,0,8.100000381469727
,"Mer, 18.04. 07:00",3083,2193.2,889.8,0,0,0,0,0,0,0,730.1,0,9.800000190734863
,"Mer, 18.04. 08:00",2245.9,1462.7,783.2,0,0,0,0,0,0,0,513.7,0,12.39999961853027
,"Mer, 18.04. 09:00",1701.8,1047.5,654.3,0,0,0,0,0,0,0,380.1,0,14
,"Mer, 18.04. 10:00",1338.7,766,572.7,0,0,0,0,0,0,0,278.2,0,17.20000076293945
,"Mer, 18.04. 11:00",1262,731.4,530.6,0,0,0,0,0,0,0,258.6,0,17.39999961853027
,"Mer, 18.04. 12:00",1202,687.3,514.7,0,0,0,0,0,0,0,239.5,0,19.20000076293945
,"Mer, 18.04. 13:00",1099.9,638.6,461.3,0,0,0,0,0,0,0,221.7,0,18
,"Mer, 18.04. 14:00",1210.3,712.8,497.5,0,0,0,0,0,0,0,241.3,0,18.5
,"Mer, 18.04. 15:00",1185.4,719.7,465.7,0,0,0,0,0,0,0,231.4,0,18.79999923706055
,"Mer, 18.04. 16:00",1203.4,724.9,478.5,0,0,0,0,0,0,0,243.5,0,17.20000076293945
,"Mer, 18.04. 17:00",1476.5,849.1,627.4,0,0,0,0,0,0,0,326.9,0,14.80000019073486
,"Mer, 18.04. 18:00",1742.9,1005.8,737.1,0,0,0,0,0,0,0,386.5,0,14.60000038146973
,"Mer, 18.04. 19:00",2078.8,1170.2,908.6,0,0,0,0,0,0,0,471.4,0,14
,"Mer, 18.04. 20:00",2066.5,1136.8,929.7,0,0,0,0,0,0,0,468.2,0,14.10000038146973
,"Mer, 18.04. 21:00",2747.5,1826.4,921.1,0,0,0,0,0,0,0,640.7,0,10.80000019073486
,"Mer, 18.04. 22:00",2036.6,1533.2,503.4,0,0,0,0,0,0,0,479,0,9.100000381469727
,"Mer, 18.04. 23:00",1976.9,1680.6,296.3,0,0,0,0,0,0,0,459.1,0,7.800000190734863
,"Jeu, 19.04. 00:00",2057.3,1844.1,213.2,0,0,0,0,0,0,0,468.6,0,7.599999904632568
,"Jeu, 19.04. 01:00",2187.9,2077.3,110.6,0,0,0,0,0,0,0,501.5,0,6.400000095367432
,"Jeu, 19.04. 02:00",2125.3,2091.7,33.6,0,0,0,0,0,0,0,479,0,6.300000190734863
,"Jeu, 19.04. 03:00",2470.1,2434.2,35.9,0,0,0,0,0,0,0,567.4,0,5.599999904632568
,"Jeu, 19.04. 04:00",2408,2304.3,103.7,0,0,0,0,0,0,0,564.7,0,5.5
,"Jeu, 19.04. 05:00",3206.3,2900,306.3,0,0,0,0,0,0,0,772.2,0,5.400000095367432
,"Jeu, 19.04. 06:00",4233,3376.2,856.8,0,0,0,0,0,0,0,1060.8,0,5.900000095367432
,"Jeu, 19.04. 07:00",3533.7,2690.6,843.1,0,0,0,0,0,0,0,854.7,0,8.199999809265137
,"Jeu, 19.04. 08:00",2728.1,1993.7,734.4,0,0,0,0,0,0,0,631.6,0,10.5
,"Jeu, 19.04. 09:00",2535.9,1876.3,659.6,0,0,0,0,0,0,0,570,0,11.30000019073486
,"Jeu, 19.04. 10:00",1682.1,1122.1,560,0,0,0,0,0,0,0,362.6,0,14.19999980926514
,"Jeu, 19.04. 11:00",1598.8,1020,578.8,0,0,0,0,0,0,0,325.5,0,16.5
,"Jeu, 19.04. 12:00",1433.6,904.1,529.5,0,0,0,0,0,0,0,277.4,0,18.70000076293945
,"Jeu, 19.04. 13:00",1373.6,877.2,496.4,0,0,0,0,0,0,0,259.3,0,19.89999961853027
,"Jeu, 19.04. 14:00",1379.1,892,487.1,0,0,0,0,0,0,0,255.5,0,21
,"Jeu, 19.04. 15:00",1464,971.8,492.2,0,0,0,0,0,0,0,268.4,0,20.70000076293945
,"Jeu, 19.04. 16:00",1431,943.4,487.6,0,0,0,0,0,0,0,262.6,0,20.60000038146973
,"Jeu, 19.04. 17:00",1653.7,1027.5,626.2,0,0,0,0,0,0,0,314.2,0,19.60000038146973
,"Jeu, 19.04. 18:00",1885.5,1156.7,728.8,0,0,0,0,0,0,0,383,0,16.60000038146973
,"Jeu, 19.04. 19:00",2124.8,1217.8,907,0,0,0,0,0,0,0,452.6,0,15.80000019073486
,"Jeu, 19.04. 20:00",2285.6,1338.3,947.3,0,0,0,0,0,0,0,500.5,0,14.5
,"Jeu, 19.04. 21:00",2575.6,1665.3,910.3,0,0,0,0,0,0,0,572.8,0,12.60000038146973
,"Jeu, 19.04. 22:00",2138.1,1600.6,537.5,0,0,0,0,0,0,0,496.3,0,9.600000381469727
,"Jeu, 19.04. 23:00",2003.5,1686.6,316.9,0,0,0,0,0,0,0,457.7,0,8.5
,"Ven, 20.04. 00:00",1627.4,1410.6,216.8,0,0,0,0,0,0,0,354.2,0,9.5
,"Ven, 20.04. 01:00",1815.2,1702.7,112.5,0,0,0,0,0,0,0,396.8,0,8.100000381469727
,"Ven, 20.04. 02:00",2120.3,2087.4,32.9,0,0,0,0,0,0,0,482.1,0,6
,"Ven, 20.04. 03:00",1887.8,1853.3,34.5,0,0,0,0,0,0,0,407.5,0,7.599999904632568
,"Ven, 20.04. 04:00",2484,2369.6,114.4,0,0,0,0,0,0,0,574.4,0,6
,"Ven, 20.04. 05:00",2869.2,2578.6,290.6,0,0,0,0,0,0,0,688.5,0,5.599999904632568
,"Ven, 20.04. 06:00",3816.8,2943.7,873.1,0,0,0,0,0,0,0,938.8,0,7.099999904632568
,"Ven, 20.04. 07:00",3192.9,2269.5,923.4,0,0,0,0,0,0,0,747.9,0,10.19999980926514
,"Ven, 20.04. 08:00",2629.6,1770.4,859.2,0,0,0,0,0,0,0,601.4,0,12
,"Ven, 20.04. 09:00",1774.5,1063.9,710.6,0,0,0,0,0,0,0,394.1,0,14.60000038146973
,"Ven, 20.04. 10:00",1331.7,784.1,547.6,0,0,0,0,0,0,0,294.2,0,15
,"Ven, 20.04. 11:00",1322.5,788.5,534,0,0,0,0,0,0,0,268.2,0,17.39999961853027
,"Ven, 20.04. 12:00",1310.5,771.4,539.1,0,0,0,0,0,0,0,264.7,0,17.70000076293945
,"Ven, 20.04. 13:00",1229.3,733.8,495.5,0,0,0,0,0,0,0,243.4,0,18.5
,"Ven, 20.04. 14:00",1184.6,717.2,467.4,0,0,0,0,0,0,0,238.7,0,17.39999961853027
,"Ven, 20.04. 15:00",1268.4,790.6,477.8,0,0,0,0,0,0,0,248.9,0,17.79999923706055
,"Ven, 20.04. 16:00",1211.7,749.5,462.2,0,0,0,0,0,0,0,239.8,0,17.5
,"Ven, 20.04. 17:00",1500.2,868.9,631.3,0,0,0,0,0,0,0,312,0,16.70000076293945
,"Ven, 20.04. 18:00",1684,970.9,713.1,0,0,0,0,0,0,0,370.5,0,14.89999961853027
,"Ven, 20.04. 19:00",2048.8,1206.4,842.4,0,0,0,0,0,0,0,461.3,0,13.69999980926514
,"Ven, 20.04. 20:00",2254.8,1309,945.8,0,0,0,0,0,0,0,507.6,0,13.69999980926514
,"Ven, 20.04. 21:00",2584.3,1666.3,918,0,0,0,0,0,0,0,590.6,0,11.80000019073486
,"Ven, 20.04. 22:00",1349.2,872.6,476.6,0,0,0,0,0,0,0,308,0,12
,"Ven, 20.04. 23:00",1716.6,1412.4,304.2,0,0,0,0,0,0,0,386,0,9.300000190734863
,"Sam, 21.04. 00:00",1689.1,1463.3,225.8,0,0,0,0,0,0,0,375.5,0,8.899999618530273
,"Sam, 21.04. 01:00",1682.8,1553,129.8,0,0,0,0,0,0,0,366.4,0,8.5
,"Sam, 21.04. 02:00",1789.4,1717.7,71.7,0,0,0,0,0,0,0,395.9,0,7.300000190734863
,"Sam, 21.04. 03:00",2100.3,2066.2,34.1,0,0,0,0,0,0,0,469.4,0,6.5
,"Sam, 21.04. 04:00",2218.3,2152.9,65.4,0,0,0,0,0,0,0,501.3,0,6.400000095367432
,"Sam, 21.04. 05:00",2634.6,2571.3,63.3,0,0,0,0,0,0,0,593.5,0,6.199999809265137
,"Sam, 21.04. 06:00",2763.3,2679.8,83.5,0,0,0,0,0,0,0,583.4,0,8
,"Sam, 21.04. 07:00",2145.4,1957.6,187.8,0,0,0,0,0,0,0,427.5,0,11.10000038146973
,"Sam, 21.04. 08:00",1924.2,1414,510.2,0,0,0,0,0,0,0,409.4,0,13
,"Sam, 21.04. 09:00",1771.4,855.9,915.5,0,0,0,0,0,0,0,415.9,0,14.89999961853027
,"Sam, 21.04. 10:00",1756.3,773.8,982.5,0,0,0,0,0,0,0,388.5,0,17.70000076293945
,"Sam, 21.04. 11:00",2019.6,854,1165.6,0,0,0,0,0,0,0,441.2,0,18.89999961853027
,"Sam, 21.04. 12:00",1866,819,1047,0,0,0,0,0,0,0,384.9,0,21.5
,"Sam, 21.04. 13:00",1489.1,721.1,768,0,0,0,0,0,0,0,294.4,0,22.29999923706055
,"Sam, 21.04. 14:00",1299.1,654.9,644.2,0,0,0,0,0,0,0,257.1,0,21.79999923706055
,"Sam, 21.04. 15:00",1399.2,772,627.2,0,0,0,0,0,0,0,270.5,0,21.39999961853027
,"Sam, 21.04. 16:00",1504.1,850.8,653.3,0,0,0,0,0,0,0,291.4,0,20.70000076293945
,"Sam, 21.04. 17:00",1555,875.6,679.4,0,0,0,0,0,0,0,301.1,0,20.5
,"Sam, 21.04. 18:00",1674.5,948.2,726.3,0,0,0,0,0,0,0,340.5,0,17.39999961853027
,"Sam, 21.04. 19:00",1823.1,1041.1,782,0,0,0,0,0,0,0,378.6,0,16.5
,"Sam, 21.04. 20:00",1839.9,1126.2,713.7,0,0,0,0,0,0,0,396.2,0,14.39999961853027
,"Sam, 21.04. 21:00",2411.9,1811.3,600.6,0,0,0,0,0,0,0,525.2,0,11.19999980926514
,"Sam, 21.04. 22:00",1643.1,1151.7,491.4,0,0,0,0,0,0,0,372.6,0,11.19999980926514
,"Sam, 21.04. 23:00",1749,1449.5,299.5,0,0,0,0,0,0,0,398.7,0,8.800000190734863
,"Dim, 22.04. 00:00",1654.3,1425,229.3,0,0,0,0,0,0,0,366.4,0,9.100000381469727
,"Dim, 22.04. 01:00",1654.9,1531.1,123.8,0,0,0,0,0,0,0,363.6,0,8.199999809265137
,"Dim, 22.04. 02:00",1988.4,1913.4,75,0,0,0,0,0,0,0,448.2,0,6.699999809265137
,"Dim, 22.04. 03:00",2138.4,2105.1,33.3,0,0,0,0,0,0,0,486.3,0,6
,"Dim, 22.04. 04:00",2116.6,2041.7,74.9,0,0,0,0,0,0,0,477.4,0,6.599999904632568
,"Dim, 22.04. 05:00",2553.2,2472.9,80.3,0,0,0,0,0,0,0,561.2,0,7.099999904632568
,"Dim, 22.04. 06:00",2627.8,2526.9,100.9,0,0,0,0,0,0,0,545.5,0,8.699999809265137
,"Dim, 22.04. 07:00",2091.7,1891.3,200.4,0,0,0,0,0,0,0,425.4,0,10.69999980926514
,"Dim, 22.04. 08:00",1704.6,1189.1,515.5,0,0,0,0,0,0,0,367.9,0,13.30000019073486
,"Dim, 22.04. 09:00",1684.8,729.5,955.3,0,0,0,0,0,0,0,398.3,0,15.69999980926514
,"Dim, 22.04. 10:00",1739.6,696.4,1043.2,0,0,0,0,0,0,0,396.4,0,17.5
,"Dim, 22.04. 11:00",1878.3,721,1157.3,0,0,0,0,0,0,0,420.1,0,18.89999961853027
,"Dim, 22.04. 12:00",1599.2,634.3,964.9,0,0,0,0,0,0,0,337.8,0,21.5
,"Dim, 22.04. 13:00",1430.4,635,795.4,0,0,0,0,0,0,0,294.2,0,21.5
,"Dim, 22.04. 14:00",1237.1,578.5,658.6,0,0,0,0,0,0,0,250.1,0,21.79999923706055
,"Dim, 22.04. 15:00",1311.4,671.6,639.8,0,0,0,0,0,0,0,257.5,0,21.89999961853027
,"Dim, 22.04. 16:00",1310.9,699,611.9,0,0,0,0,0,0,0,256.6,0,21.29999923706055
,"Dim, 22.04. 17:00",1423.4,754.7,668.7,0,0,0,0,0,0,0,283.6,0,20.10000038146973
,"Dim, 22.04. 18:00",1518.2,801.5,716.7,0,0,0,0,0,0,0,310.9,0,18.29999923706055
,"Dim, 22.04. 19:00",1756.2,932.2,824,0,0,0,0,0,0,0,368.5,0,17.10000038146973
,"Dim, 22.04. 20:00",1633.2,892.1,741.1,0,0,0,0,0,0,0,342.7,0,16.60000038146973
,"Dim, 22.04. 21:00",1755.3,1148.6,606.7,0,0,0,0,0,0,0,378,0,13.39999961853027
,"Dim, 22.04. 22:00",1486.9,979.9,507,0,0,0,0,0,0,0,338.2,0,11.89999961853027
,"Dim, 22.04. 23:00",1139,836.5,302.5,0,0,0,0,0,0,0,249.1,0,11.80000019073486
,"Lun, 23.04. 00:00",1109.6,912.2,197.4,0,0,0,0,0,0,0,235.6,0,11
,"Lun, 23.04. 01:00",869.3,765.1,104.2,0,0,0,0,0,0,0,173.1,0,11.69999980926514
,"Lun, 23.04. 02:00",1302.8,1268.9,33.9,0,0,0,0,0,0,0,262.3,0,9.699999809265137
,"Lun, 23.04. 03:00",1357.5,1324.1,33.4,0,0,0,0,0,0,0,275.6,0,9.399999618530273
,"Lun, 23.04. 04:00",1396.3,1286.5,109.8,0,0,0,0,0,0,0,289,0,9.899999618530273
,"Lun, 23.04. 05:00",2220.3,1897.3,323,0,0,0,0,0,0,0,500.6,0,8.5
,"Lun, 23.04. 06:00",2756.5,1852.9,903.6,0,0,0,0,0,0,0,658.2,0,10
,"Lun, 23.04. 07:00",2092.6,1192.6,900,0,0,0,0,0,0,0,494.8,0,12.60000038146973
,"Lun, 23.04. 08:00",1500,723.3,776.7,0,0,0,0,0,0,0,359.6,0,14.19999980926514
,"Lun, 23.04. 09:00",1166,510.9,655.1,0,0,0,0,0,0,0,273.5,0,15.89999961853027
,"Lun, 23.04. 10:00",1106,497.4,608.6,0,0,0,0,0,0,0,244.2,0,17.60000038146973
,"Lun, 23.04. 11:00",919.6,420.9,498.7,0,0,0,0,0,0,0,193.2,0,20
,"Lun, 23.04. 12:00",907.6,408.3,499.3,0,0,0,0,0,0,0,188.6,0,20.89999961853027
,"Lun, 23.04. 13:00",901,413.1,487.9,0,0,0,0,0,0,0,187.9,0,20.29999923706055
,"Lun, 23.04. 14:00",837.8,391.6,446.2,0,0,0,0,0,0,0,174.4,0,20.20000076293945
,"Lun, 23.04. 15:00",898.4,437,461.4,0,0,0,0,0,0,0,183.9,0,20.39999961853027
,"Lun, 23.04. 16:00",953,458.9,494.1,0,0,0,0,0,0,0,200.3,0,19
,"Lun, 23.04. 17:00",1134.9,500.3,634.6,0,0,0,0,0,0,0,248.4,0,18
,"Lun, 23.04. 18:00",1152.2,498.6,653.6,0,0,0,0,0,0,0,263,0,16.60000038146973
,"Lun, 23.04. 19:00",1438.8,565,873.8,0,0,0,0,0,0,0,340.4,0,16.10000038146973
,"Lun, 23.04. 20:00",1583.3,661.3,922,0,0,0,0,0,0,0,383.6,0,14.60000038146973
,"Lun, 23.04. 21:00",1847.9,907.3,940.6,0,0,0,0,0,0,0,441.4,0,13.5
,"Lun, 23.04. 22:00",928.3,454.2,474.1,0,0,0,0,0,0,0,223,0,13.5
,"Lun, 23.04. 23:00",1004.2,725.4,278.8,0,0,0,0,0,0,0,220.9,0,11.80000019073486
,"Mar, 24.04. 00:00",963.5,748.2,215.3,0,0,0,0,0,0,0,203.4,0,12
,"Mar, 24.04. 01:00",987.6,872.8,114.8,0,0,0,0,0,0,0,197.7,0,11.5
,"Mar, 24.04. 02:00",1127.2,1093.9,33.3,0,0,0,0,0,0,0,222.4,0,10.30000019073486
,"Mar, 24.04. 03:00",1244.8,1212.2,32.6,0,0,0,0,0,0,0,250.5,0,9.699999809265137
,"Mar, 24.04. 04:00",1615.8,1504,111.8,0,0,0,0,0,0,0,344.4,0,8.899999618530273
,"Mar, 24.04. 05:00",1882.8,1585.2,297.6,0,0,0,0,0,0,0,422.6,0,8.899999618530273
,"Mar, 24.04. 06:00",2208.3,1393.9,814.4,0,0,0,0,0,0,0,529.3,0,10.69999980926514
,"Mar, 24.04. 07:00",1929.9,1031.5,898.4,0,0,0,0,0,0,0,464.3,0,12.69999980926514
,"Mar, 24.04. 08:00",1170.9,449.9,721,0,0,0,0,0,0,0,291.8,0,14.80000019073486
,"Mar, 24.04. 09:00",1050.5,403,647.5,0,0,0,0,0,0,0,245.8,0,17.10000038146973
,"Mar, 24.04. 10:00",965.4,381.2,584.2,0,0,0,0,0,0,0,212.3,0,19.60000038146973
,"Mar, 24.04. 11:00",878.7,353.8,524.9,0,0,0,0,0,0,0,186.1,0,21.29999923706055
,"Mar, 24.04. 12:00",788.7,311.4,477.3,0,0,0,0,0,0,0,165.7,0,21.89999961853027
,"Mar, 24.04. 13:00",790.8,318.9,471.9,0,0,0,0,0,0,0,162.4,0,22.70000076293945
,"Mar, 24.04. 14:00",813.2,335,478.2,0,0,0,0,0,0,0,164.9,0,23.20000076293945
,"Mar, 24.04. 15:00",776.9,334.5,442.4,0,0,0,0,0,0,0,155.8,0,23.20000076293945
,"Mar, 24.04. 16:00",875.4,372.6,502.8,0,0,0,0,0,0,0,177.1,0,22.79999923706055
,"Mar, 24.04. 17:00",1042.2,402.4,639.8,0,0,0,0,0,0,0,220.2,0,21.60000038146973
,"Mar, 24.04. 18:00",1071.8,405.5,666.3,0,0,0,0,0,0,0,232.1,0,20.39999961853027
,"Mar, 24.04. 19:00",1363.2,463.7,899.5,0,0,0,0,0,0,0,307.4,0,19.39999961853027
,"Mar, 24.04. 20:00",1450.7,483.4,967.3,0,0,0,0,0,0,0,330.2,0,18.89999961853027
,"Mar, 24.04. 21:00",1288.8,422.2,866.6,0,0,0,0,0,0,0,297.1,0,18.20000076293945
,"Mar, 24.04. 22:00",661.5,133.4,528.1,0,0,0,0,0,0,0,169.7,0,17
,"Mar, 24.04. 23:00",379.8,77.4,302.4,0,0,0,0,0,0,0,100.3,0,16.10000038146973
,"Mer, 25.04. 00:00",403.2,208.4,194.8,0,0,0,0,0,0,0,93.7,0,14.19999980926514
,"Mer, 25.04. 01:00",674.1,569.1,105,0,0,0,0,0,0,0,133.4,0,12.5
,"Mer, 25.04. 02:00",863.3,830.1,33.2,0,0,0,0,0,0,0,163.7,0,11.39999961853027
,"Mer, 25.04. 03:00",1003.1,969.9,33.2,0,0,0,0,0,0,0,194.2,0,10.80000019073486
,"Mer, 25.04. 04:00",1131.6,1017.1,114.5,0,0,0,0,0,0,0,228,0,11
,"Mer, 25.04. 05:00",1499.6,1193.3,306.3,0,0,0,0,0,0,0,328.2,0,10.5
,"Mer, 25.04. 06:00",1827.6,927.1,900.5,0,0,0,0,0,0,0,443.5,0,12.69999980926514
,"Mer, 25.04. 07:00",1459.2,571.4,887.8,0,0,0,0,0,0,0,365.9,0,14.10000038146973
,"Mer, 25.04. 08:00",1108.9,319.4,789.5,0,0,0,0,0,0,0,279.5,0,16.29999923706055
,"Mer, 25.04. 09:00",978.4,299.4,679,0,0,0,0,0,0,0,230.1,0,18.70000076293945
,"Mer, 25.04. 10:00",836.5,264.7,571.8,0,0,0,0,0,0,0,189.7,0,20.10000038146973
,"Mer, 25.04. 11:00",758.7,245.4,513.3,0,0,0,0,0,0,0,166.6,0,21.5
,"Mer, 25.04. 12:00",805.6,254.7,550.9,0,0,0,0,0,0,0,167.1,0,24.20000076293945
,"Mer, 25.04. 13:00",771.3,249.9,521.4,0,0,0,0,0,0,0,157.2,0,24.79999923706055
,"Mer, 25.04. 14:00",707.7,234.9,472.8,0,0,0,0,0,0,0,140.9,0,25.70000076293945
,"Mer, 25.04. 15:00",707.4,247,460.4,0,0,0,0,0,0,0,145.7,0,23.79999923706055
,"Mer, 25.04. 16:00",728.8,251.2,477.6,0,0,0,0,0,0,0,152.7,0,23.10000038146973
,"Mer, 25.04. 17:00",924.2,285.5,638.7,0,0,0,0,0,0,0,200.9,0,22.10000038146973
,"Mer, 25.04. 18:00",1053.8,318.5,735.3,0,0,0,0,0,0,0,237,0,20.60000038146973
,"Mer, 25.04. 19:00",1264.2,339.2,925,0,0,0,0,0,0,0,303.4,0,18.29999923706055
,"Mer, 25.04. 20:00",1335.1,350.4,984.7,0,0,0,0,0,0,0,319.9,0,18.5
,"Mer, 25.04. 21:00",1189.4,306.4,883,0,0,0,0,0,0,0,298.7,0,16.60000038146973
,"Mer, 25.04. 22:00",834.3,341.9,492.4,0,0,0,0,0,0,0,208.3,0,13.80000019073486
,"Mer, 25.04. 23:00",605.4,318.4,287,0,0,0,0,0,0,0,141.7,0,13.69999980926514
,"Jeu, 26.04. 00:00",461.3,250.6,210.7,0,0,0,0,0,0,0,105.7,0,14.10000038146973
,"Jeu, 26.04. 01:00",1179.4,1071.4,108,0,0,0,0,0,0,0,242.8,0,10.30000019073486
,"Jeu, 26.04. 02:00",1221,1186.5,34.5,0,0,0,0,0,0,0,243.3,0,10
,"Jeu, 26.04. 03:00",949.6,916.1,33.5,0,0,0,0,0,0,0,182,0,11.10000038146973
,"Jeu, 26.04. 04:00",1184.1,1073.9,110.2,0,0,0,0,0,0,0,241.2,0,10.60000038146973
,"Jeu, 26.04. 05:00",1527.2,1218.2,309,0,0,0,0,0,0,0,333.8,0,10.5
,"Jeu, 26.04. 06:00",1830.7,940.2,890.5,0,0,0,0,0,0,0,442.6,0,12.69999980926514
,"Jeu, 26.04. 07:00",1406.9,538.4,868.5,0,0,0,0,0,0,0,353.2,0,14.30000019073486
,"Jeu, 26.04. 08:00",1147.5,343.7,803.8,0,0,0,0,0,0,0,286.8,0,16.39999961853027
,"Jeu, 26.04. 09:00",956.5,304.7,651.8,0,0,0,0,0,0,0,232.5,0,17
,"Jeu, 26.04. 10:00",798.6,262.4,536.2,0,0,0,0,0,0,0,179.8,0,20.20000076293945
,"Jeu, 26.04. 11:00",819.9,275.2,544.7,0,0,0,0,0,0,0,174.7,0,22.60000038146973
,"Jeu, 26.04. 12:00",763.9,251,512.9,0,0,0,0,0,0,0,161.1,0,23.29999923706055
,"Jeu, 26.04. 13:00",738.9,248.6,490.3,0,0,0,0,0,0,0,160.9,0,21.60000038146973
,"Jeu, 26.04. 14:00",705.5,243.3,462.2,0,0,0,0,0,0,0,153.1,0,21.60000038146973
,"Jeu, 26.04. 15:00",726.8,262.9,463.9,0,0,0,0,0,0,0,154.2,0,22.10000038146973
,"Jeu, 26.04. 16:00",818,292.4,525.6,0,0,0,0,0,0,0,179.6,0,20.5
,"Jeu, 26.04. 17:00",883.2,283.4,599.8,0,0,0,0,0,0,0,202.8,0,19.29999923706055
,"Jeu, 26.04. 18:00",988,309.9,678.1,0,0,0,0,0,0,0,230,0,18.70000076293945
,"Jeu, 26.04. 19:00",1268.5,353.8,914.7,0,0,0,0,0,0,0,306.3,0,17.79999923706055
,"Jeu, 26.04. 20:00",1325.9,361.7,964.2,0,0,0,0,0,0,0,320.5,0,17.79999923706055
,"Jeu, 26.04. 21:00",1167.2,312.7,854.5,0,0,0,0,0,0,0,297.6,0,15.80000019073486
,"Jeu, 26.04. 22:00",625.9,100,525.9,0,0,0,0,0,0,0,172,0,15.19999980926514
,"Jeu, 26.04. 23:00",382.6,96.1,286.5,0,0,0,0,0,0,0,101.6,0,14.80000019073486
,"Ven, 27.04. 00:00",604.1,412,192.1,0,0,0,0,0,0,0,130.4,0,13.19999980926514
,"Ven, 27.04. 01:00",689.8,579.7,110.1,0,0,0,0,0,0,0,136.5,0,12.60000038146973
,"Ven, 27.04. 02:00",684.8,652,32.8,0,0,0,0,0,0,0,126.6,0,12.19999980926514
,"Ven, 27.04. 03:00",817.2,783.8,33.4,0,0,0,0,0,0,0,153.3,0,11.69999980926514
,"Ven, 27.04. 04:00",967,861.5,105.5,0,0,0,0,0,0,0,192.8,0,11.39999961853027
,"Ven, 27.04. 05:00",1261,965,296,0,0,0,0,0,0,0,271.6,0,11.5
,"Ven, 27.04. 06:00",1873.6,967.3,906.3,0,0,0,0,0,0,0,452,0,12.69999980926514
,"Ven, 27.04. 07:00",1535.6,632.7,902.9,0,0,0,0,0,0,0,381.8,0,14
,"Ven, 27.04. 08:00",1230.2,373.4,856.8,0,0,0,0,0,0,0,314.9,0,15.39999961853027
,"Ven, 27.04. 09:00",902.6,290.2,612.4,0,0,0,0,0,0,0,215.5,0,17.5
,"Ven, 27.04. 10:00",844.5,280.5,564,0,0,0,0,0,0,0,197.5,0,18.10000038146973
,"Ven, 27.04. 11:00",814.9,276.5,538.4,0,0,0,0,0,0,0,182.3,0,20.10000038146973
,"Ven, 27.04. 12:00",758.3,252,506.3,0,0,0,0,0,0,0,166.3,0,21.29999923706055
,"Ven, 27.04. 13:00",787.9,268.2,519.7,0,0,0,0,0,0,0,171.6,0,21.39999961853027
,"Ven, 27.04. 14:00",730,254.4,475.6,0,0,0,0,0,0,0,152.5,0,23.20000076293945
,"Ven, 27.04. 15:00",716.8,262.8,454,0,0,0,0,0,0,0,153.3,0,21.60000038146973
,"Ven, 27.04. 16:00",761,275.2,485.8,0,0,0,0,0,0,0,165.1,0,21
,"Ven, 27.04. 17:00",878.1,285.4,592.7,0,0,0,0,0,0,0,196.5,0,20.29999923706055
,"Ven, 27.04. 18:00",972.4,309.3,663.1,0,0,0,0,0,0,0,224,0,19
,"Ven, 27.04. 19:00",1223.7,346.7,877,0,0,0,0,0,0,0,291.7,0,18.20000076293945
,"Ven, 27.04. 20:00",1357.8,376.4,981.4,0,0,0,0,0,0,0,344.1,0,15.89999961853027
,"Ven, 27.04. 21:00",1307.6,355.8,951.8,0,0,0,0,0,0,0,337.3,0,15.19999980926514
,"Ven, 27.04. 22:00",1203.9,673.5,530.4,0,0,0,0,0,0,0,285.5,0,12.5
,"Ven, 27.04. 23:00",1190.1,898.1,292,0,0,0,0,0,0,0,263.6,0,11
,"Sam, 28.04. 00:00",1060.7,839.6,221.1,0,0,0,0,0,0,0,226.6,0,11.39999961853027
,"Sam, 28.04. 01:00",1238.9,1110.8,128.1,0,0,0,0,0,0,0,258.2,0,10.19999980926514
,"Sam, 28.04. 02:00",1288.9,1214.4,74.5,0,0,0,0,0,0,0,265.3,0,9.699999809265137
,"Sam, 28.04. 03:00",1337.5,1304.5,33,0,0,0,0,0,0,0,271.8,0,9.399999618530273
,"Sam, 28.04. 04:00",1533.3,1468.9,64.4,0,0,0,0,0,0,0,321.1,0,8.899999618530273
,"Sam, 28.04. 05:00",1777.1,1713.1,64,0,0,0,0,0,0,0,369.8,0,8.800000190734863
,"Sam, 28.04. 06:00",1442.2,1358.9,83.3,0,0,0,0,0,0,0,271.3,0,11.60000038146973
,"Sam, 28.04. 07:00",1147.6,950.5,197.1,0,0,0,0,0,0,0,221.4,0,13.60000038146973
,"Sam, 28.04. 08:00",1125.9,571.5,554.4,0,0,0,0,0,0,0,259.1,0,15.10000038146973
,"Sam, 28.04. 09:00",1330.3,435.1,895.2,0,0,0,0,0,0,0,309.6,0,18.60000038146973
,"Sam, 28.04. 10:00",1511.5,446.7,1064.8,0,0,0,0,0,0,0,337.4,0,21.39999961853027
,"Sam, 28.04. 11:00",1480.3,415.3,1065,0,0,0,0,0,0,0,321.1,0,23
,"Sam, 28.04. 12:00",1492.7,439.1,1053.6,0,0,0,0,0,0,0,313.3,0,24.10000038146973
,"Sam, 28.04. 13:00",1221.4,407.1,814.3,0,0,0,0,0,0,0,246.8,0,25
,"Sam, 28.04. 14:00",1144.2,401.8,742.4,0,0,0,0,0,0,0,230,0,24.89999961853027
,"Sam, 28.04. 15:00",995.9,394.2,601.7,0,0,0,0,0,0,0,194.6,0,25.10000038146973
,"Sam, 28.04. 16:00",1062.3,435,627.3,0,0,0,0,0,0,0,208.6,0,24.60000038146973
,"Sam, 28.04. 17:00",1098.5,447.1,651.4,0,0,0,0,0,0,0,221.8,0,23.20000076293945
,"Sam, 28.04. 18:00",1265.6,519.1,746.5,0,0,0,0,0,0,0,266.5,0,20.89999961853027
,"Sam, 28.04. 19:00",1294.8,537.2,757.6,0,0,0,0,0,0,0,279.9,0,19.20000076293945
,"Sam, 28.04. 20:00",1271.6,544.4,727.2,0,0,0,0,0,0,0,279.2,0,17.60000038146973
,"Sam, 28.04. 21:00",1059,494.7,564.3,0,0,0,0,0,0,0,242.6,0,15.19999980926514
,"Sam, 28.04. 22:00",738.7,262.3,476.4,0,0,0,0,0,0,0,186.3,0,14.5
,"Sam, 28.04. 23:00",804.6,495.2,309.4,0,0,0,0,0,0,0,181.7,0,13.10000038146973
,"Dim, 29.04. 00:00",822.4,588.9,233.5,0,0,0,0,0,0,0,177.1,0,12.60000038146973
,"Dim, 29.04. 01:00",1014.5,886.9,127.6,0,0,0,0,0,0,0,207.5,0,11.10000038146973
,"Dim, 29.04. 02:00",1010.1,936.8,73.3,0,0,0,0,0,0,0,201.4,0,10.80000019073486
,"Dim, 29.04. 03:00",1062.7,1030.6,32.1,0,0,0,0,0,0,0,208.7,0,10.39999961853027
,"Dim, 29.04. 04:00",1274.8,1202.3,72.5,0,0,0,0,0,0,0,262,0,9.699999809265137
,"Dim, 29.04. 05:00",1292.8,1218.1,74.7,0,0,0,0,0,0,0,256.5,0,10.5
,"Dim, 29.04. 06:00",941,843.9,97.1,0,0,0,0,0,0,0,172.8,0,13.10000038146973
,"Dim, 29.04. 07:00",588.4,392.5,195.9,0,0,0,0,0,0,0,121.3,0,15
,"Dim, 29.04. 08:00",849.4,335.3,514.1,0,0,0,0,0,0,0,194.5,0,17.5
,"Dim, 29.04. 09:00",1161.1,275,886.1,0,0,0,0,0,0,0,278.7,0,19.5
,"Dim, 29.04. 10:00",1375.3,293.8,1081.5,0,0,0,0,0,0,0,317.9,0,21.70000076293945
,"Dim, 29.04. 11:00",1219.3,246.5,972.8,0,0,0,0,0,0,0,269.4,0,23.79999923706055
,"Dim, 29.04. 12:00",1110.2,234,876.2,0,0,0,0,0,0,0,232.5,0,25.79999923706055
,"Dim, 29.04. 13:00",1051.2,257.5,793.7,0,0,0,0,0,0,0,211.1,0,26.79999923706055
,"Dim, 29.04. 14:00",966.6,254.1,712.5,0,0,0,0,0,0,0,190.7,0,27.29999923706055
,"Dim, 29.04. 15:00",824.3,246.8,577.5,0,0,0,0,0,0,0,160.6,0,27.10000038146973
,"Dim, 29.04. 16:00",902.1,285.8,616.3,0,0,0,0,0,0,0,178.2,0,26.20000076293945
,"Dim, 29.04. 17:00",935.9,294.5,641.4,0,0,0,0,0,0,0,192.1,0,24.60000038146973
,"Dim, 29.04. 18:00",1111.7,347.6,764.1,0,0,0,0,0,0,0,241.2,0,22
,"Dim, 29.04. 19:00",1133.4,356.8,776.6,0,0,0,0,0,0,0,242.1,0,22.60000038146973
,"Dim, 29.04. 20:00",1091.9,358.7,733.2,0,0,0,0,0,0,0,253.2,0,18.10000038146973
,"Dim, 29.04. 21:00",925.5,326,599.5,0,0,0,0,0,0,0,225.3,0,15.60000038146973
,"Dim, 29.04. 22:00",593.4,101.3,492.1,0,0,0,0,0,0,0,162.7,0,15.10000038146973
,"Dim, 29.04. 23:00",328.8,53.4,275.4,0,0,0,0,0,0,0,90.3,0,15.39999961853027
,"Lun, 30.04. 00:00",736,524.6,211.4,0,0,0,0,0,0,0,157.3,0,12.89999961853027
,"Lun, 30.04. 01:00",691,581.4,109.6,0,0,0,0,0,0,0,136.6,0,12.60000038146973
,"Lun, 30.04. 02:00",647.3,613.5,33.8,0,0,0,0,0,0,0,118.6,0,12.5
,"Lun, 30.04. 03:00",521.6,491.6,30,0,0,0,0,0,0,0,94.6,0,12.80000019073486
,"Lun, 30.04. 04:00",999.4,890.9,108.5,0,0,0,0,0,0,0,199.2,0,11.39999961853027
,"Lun, 30.04. 05:00",1495.6,1179.4,316.2,0,0,0,0,0,0,0,324.4,0,10.89999961853027
,"Lun, 30.04. 06:00",1706.6,839.8,866.8,0,0,0,0,0,0,0,411.8,0,13.19999980926514
,"Lun, 30.04. 07:00",1344.3,437,907.3,0,0,0,0,0,0,0,334.5,0,15.80000019073486
,"Lun, 30.04. 08:00",1126.4,351.4,775,0,0,0,0,0,0,0,267.7,0,18
,"Lun, 30.04. 09:00",957.9,316.8,641.1,0,0,0,0,0,0,0,215.6,0,20.10000038146973
,"Lun, 30.04. 10:00",860.1,293.4,566.7,0,0,0,0,0,0,0,183.9,0,22.20000076293945
,"Lun, 30.04. 11:00",814.6,284,530.6,0,0,0,0,0,0,0,171.8,0,22.70000076293945
,"Lun, 30.04. 12:00",813.5,277.9,535.6,0,0,0,0,0,0,0,166.5,0,24.20000076293945
,"Lun, 30.04. 13:00",756.6,264.7,491.9,0,0,0,0,0,0,0,153,0,24.60000038146973
,"Lun, 30.04. 14:00",700.9,250.8,450.1,0,0,0,0,0,0,0,146,0,23.10000038146973
,"Lun, 30.04. 15:00",745.5,280.3,465.2,0,0,0,0,0,0,0,160.9,0,20.89999961853027
,"Lun, 30.04. 16:00",776.3,288.1,488.2,0,0,0,0,0,0,0,184.7,0,16.5
,"Lun, 30.04. 17:00",968.6,323.7,644.9,0,0,0,0,0,0,0,242.6,0,15.39999961853027
,"Lun, 30.04. 18:00",928.7,303.6,625.1,0,0,0,0,0,0,0,234.1,0,15.19999980926514
,"Lun, 30.04. 19:00",1369.5,461.4,908.1,0,0,0,0,0,0,0,348.6,0,14.60000038146973
,"Lun, 30.04. 20:00",1408.7,544.3,864.4,0,0,0,0,0,0,0,353.6,0,14
,"Lun, 30.04. 21:00",1641.6,739.5,902.1,0,0,0,0,0,0,0,405.7,0,13.19999980926514
,"Lun, 30.04. 22:00",1238.8,716.2,522.6,0,0,0,0,0,0,0,292.5,0,12.30000019073486
,"Lun, 30.04. 23:00",1116.2,822.9,293.3,0,0,0,0,0,0,0,246.6,0,11.39999961853027
,"Mar, 01.05. 00:00",1307.1,1118.3,188.8,0,0,0,0,0,0,0,276.2,0,10.60000038146973
,"Mar, 01.05. 01:00",1191.6,1100.2,91.4,0,0,0,0,0,0,0,244.5,0,10.19999980926514
,"Mar, 01.05. 02:00",1345.1,1312.2,32.9,0,0,0,0,0,0,0,266,0,10.19999980926514
,"Mar, 01.05. 03:00",1268.2,1238.6,29.6,0,0,0,0,0,0,0,250.7,0,10.10000038146973
,"Mar, 01.05. 04:00",1675.5,1567.6,107.9,0,0,0,0,0,0,0,340.8,0,10.10000038146973
,"Mar, 01.05. 05:00",2543.4,2246.3,297.1,0,0,0,0,0,0,0,531.3,0,10
,"Mar, 01.05. 06:00",4128,3245.5,882.5,0,0,0,0,0,0,0,912.1,0,10.10000038146973
,"Mar, 01.05. 07:00",4110.4,3195.9,914.5,0,0,0,0,0,0,0,934.3,0,9.899999618530273
,"Mar, 01.05. 08:00",3689.2,2884.5,804.7,0,0,0,0,0,0,0,847.1,0,9.800000190734863
,"Mar, 01.05. 09:00",3141.9,2540.1,601.8,0,0,0,0,0,0,0,718.7,0,9.399999618530273
,"Mar, 01.05. 10:00",3158.6,2598.5,560.1,0,0,0,0,0,0,0,720.6,0,9.199999809265137
,"Mar, 01.05. 11:00",2917.7,2420.5,497.2,0,0,0,0,0,0,0,662.2,0,9.199999809265137
,"Mar, 01.05. 12:00",3103.9,2564.1,539.8,0,0,0,0,0,0,0,700.6,0,9.399999618530273
,"Mar, 01.05. 13:00",2762.7,2296.3,466.4,0,0,0,0,0,0,0,619.1,0,9.5
,"Mar, 01.05. 14:00",2850.4,2382.6,467.8,0,0,0,0,0,0,0,633.9,0,9.699999809265137
,"Mar, 01.05. 15:00",2796.9,2364.1,432.8,0,0,0,0,0,0,0,620.9,0,9.5
,"Mar, 01.05. 16:00",2837.7,2389.2,448.5,0,0,0,0,0,0,0,634.4,0,9.300000190734863
,"Mar, 01.05. 17:00",3520.8,2869.8,651,0,0,0,0,0,0,0,802.8,0,9.100000381469727
,"Mar, 01.05. 18:00",3518.4,2839,679.4,0,0,0,0,0,0,0,809.6,0,8.899999618530273
,"Mar, 01.05. 19:00",4116.5,3183.1,933.4,0,0,0,0,0,0,0,962.3,0,8.899999618530273
,"Mar, 01.05. 20:00",4218.9,3234.8,984.1,0,0,0,0,0,0,0,985.3,0,8.899999618530273
,"Mar, 01.05. 21:00",3833.7,2941.6,892.1,0,0,0,0,0,0,0,890.5,0,8.899999618530273
,"Mar, 01.05. 22:00",2366.2,1849.4,516.8,0,0,0,0,0,0,0,547.9,0,9
,"Mar, 01.05. 23:00",1818.5,1531.5,287,0,0,0,0,0,0,0,408.4,0,9
,"Mer, 02.05. 00:00",1580.3,1387.8,192.5,0,0,0,0,0,0,0,348.5,0,8.899999618530273
,"Mer, 02.05. 01:00",1540,1432,108,0,0,0,0,0,0,0,326.6,0,9.100000381469727
,"Mer, 02.05. 02:00",1432.3,1400.3,32,0,0,0,0,0,0,0,294.2,0,9.100000381469727
,"Mer, 02.05. 03:00",1380.5,1349.8,30.7,0,0,0,0,0,0,0,283.1,0,9.100000381469727
,"Mer, 02.05. 04:00",1576.3,1471.4,104.9,0,0,0,0,0,0,0,330.2,0,9.300000190734863
,"Mer, 02.05. 05:00",2328.7,2004.5,324.2,0,0,0,0,0,0,0,507.4,0,9.300000190734863
,"Mer, 02.05. 06:00",2930.1,2083.4,846.7,0,0,0,0,0,0,0,673.7,0,10.39999961853027
,"Mer, 02.05. 07:00",2905.9,1983.6,922.3,0,0,0,0,0,0,0,672,0,11.10000038146973
,"Mer, 02.05. 08:00",1908.9,1221.7,687.2,0,0,0,0,0,0,0,435.2,0,12.69999980926514
,"Mer, 02.05. 09:00",1507.6,855.8,651.8,0,0,0,0,0,0,0,338.1,0,14.80000019073486
,"Mer, 02.05. 10:00",1382.1,783.1,599,0,0,0,0,0,0,0,294.6,0,16.39999961853027
,"Mer, 02.05. 11:00",1279.3,734.7,544.6,0,0,0,0,0,0,0,257.6,0,18.20000076293945
,"Mer, 02.05. 12:00",1291.7,731.9,559.8,0,0,0,0,0,0,0,258.5,0,18.89999961853027
,"Mer, 02.05. 13:00",1177.5,677.2,500.3,0,0,0,0,0,0,0,229.7,0,20.10000038146973
,"Mer, 02.05. 14:00",1011.7,590.5,421.2,0,0,0,0,0,0,0,196.9,0,20
,"Mer, 02.05. 15:00",1166.1,702.4,463.7,0,0,0,0,0,0,0,231.9,0,17.70000076293945
,"Mer, 02.05. 16:00",1586,1109.1,476.9,0,0,0,0,0,0,0,342.3,0,13.10000038146973
,"Mer, 02.05. 17:00",1843.3,1218.4,624.9,0,0,0,0,0,0,0,407.8,0,13
,"Mer, 02.05. 18:00",1944.3,1301,643.3,0,0,0,0,0,0,0,434.6,0,12.39999961853027
,"Mer, 02.05. 19:00",2343,1499.7,843.3,0,0,0,0,0,0,0,539.7,0,11.89999961853027
,"Mer, 02.05. 20:00",2512.6,1595.4,917.2,0,0,0,0,0,0,0,580.3,0,11.80000019073486
,"Mer, 02.05. 21:00",2555.1,1656.1,899,0,0,0,0,0,0,0,590.7,0,11.39999961853027
,"Mer, 02.05. 22:00",1548.9,1052.3,496.6,0,0,0,0,0,0,0,354.5,0,11.30000019073486
,"Mer, 02.05. 23:00",1282.9,987.9,295,0,0,0,0,0,0,0,280.5,0,11.10000038146973
,"Jeu, 03.05. 00:00",1273.3,1053,220.3,0,0,0,0,0,0,0,270.7,0,10.89999961853027
,"Jeu, 03.05. 01:00",1030.4,923.7,106.7,0,0,0,0,0,0,0,207.5,0,11.10000038146973
,"Jeu, 03.05. 02:00",994.9,961.7,33.2,0,0,0,0,0,0,0,191.2,0,11
,"Jeu, 03.05. 03:00",985.5,952.4,33.1,0,0,0,0,0,0,0,188.6,0,11.10000038146973
,"Jeu, 03.05. 04:00",1059.2,961.1,98.1,0,0,0,0,0,0,0,213.2,0,10.89999961853027
,"Jeu, 03.05. 05:00",1465.7,1178.5,287.2,0,0,0,0,0,0,0,312.8,0,11
,"Jeu, 03.05. 06:00",2307.2,1470.4,836.8,0,0,0,0,0,0,0,543.2,0,11.10000038146973
,"Jeu, 03.05. 07:00",2273.6,1379.6,894,0,0,0,0,0,0,0,540.9,0,11.60000038146973
,"Jeu, 03.05. 08:00",1980.5,1208.9,771.6,0,0,0,0,0,0,0,469.9,0,11.80000019073486
,"Jeu, 03.05. 09:00",1670.6,1038.7,631.9,0,0,0,0,0,0,0,387.9,0,12.30000019073486
,"Jeu, 03.05. 10:00",1396.5,843.9,552.6,0,0,0,0,0,0,0,320.7,0,13
,"Jeu, 03.05. 11:00",1165.2,626.8,538.4,0,0,0,0,0,0,0,269.7,0,14.10000038146973
,"Jeu, 03.05. 12:00",957.2,419.2,538,0,0,0,0,0,0,0,229.7,0,15
,"Jeu, 03.05. 13:00",911.4,407.3,504.1,0,0,0,0,0,0,0,216.7,0,15.10000038146973
,"Jeu, 03.05. 14:00",873.7,398.2,475.5,0,0,0,0,0,0,0,203.6,0,15.69999980926514
,"Jeu, 03.05. 15:00",846.4,401.6,444.8,0,0,0,0,0,0,0,194.9,0,15.60000038146973
,"Jeu, 03.05. 16:00",906.9,426,480.9,0,0,0,0,0,0,0,213.2,0,15
,"Jeu, 03.05. 17:00",1136.7,488.2,648.5,0,0,0,0,0,0,0,270.5,0,15.30000019073486
,"Jeu, 03.05. 18:00",1242.3,523.5,718.8,0,0,0,0,0,0,0,296.4,0,15.30000019073486
,"Jeu, 03.05. 19:00",1375.6,525.1,850.5,0,0,0,0,0,0,0,336.4,0,15.10000038146973
,"Jeu, 03.05. 20:00",1580,646,934,0,0,0,0,0,0,0,384.7,0,14.60000038146973
,"Jeu, 03.05. 21:00",1536.3,647.2,889.1,0,0,0,0,0,0,0,371.7,0,14.39999961853027
,"Jeu, 03.05. 22:00",805.6,275.5,530.1,0,0,0,0,0,0,0,204.6,0,14.5
,"Jeu, 03.05. 23:00",470.3,175.7,294.6,0,0,0,0,0,0,0,117.4,0,14.60000038146973
,"Ven, 04.05. 00:00",336.1,128.2,207.9,0,0,0,0,0,0,0,83.9,0,14.5
,"Ven, 04.05. 01:00",269.1,164.6,104.5,0,0,0,0,0,0,0,58.7,0,14.30000019073486
,"Ven, 04.05. 02:00",149.8,119,30.8,0,0,0,0,0,0,0,28.6,0,14.5
,"Ven, 04.05. 03:00",181.3,149,32.3,0,0,0,0,0,0,0,33.9,0,14.39999961853027
,"Ven, 04.05. 04:00",331,225.6,105.4,0,0,0,0,0,0,0,69.3,0,14.10000038146973
,"Ven, 04.05. 05:00",590.3,270,320.3,0,0,0,0,0,0,0,141.6,0,14.19999980926514
,"Ven, 04.05. 06:00",1183.1,287.6,895.5,0,0,0,0,0,0,0,317.9,0,14.39999961853027
,"Ven, 04.05. 07:00",1076.5,184,892.5,0,0,0,0,0,0,0,298.2,0,14.80000019073486
,"Ven, 04.05. 08:00",936.5,158.8,777.7,0,0,0,0,0,0,0,260.1,0,14.80000019073486
,"Ven, 04.05. 09:00",791.9,110.3,681.6,0,0,0,0,0,0,0,221.2,0,15.19999980926514
,"Ven, 04.05. 10:00",638.6,92.6,546,0,0,0,0,0,0,0,176.6,0,15.5
,"Ven, 04.05. 11:00",650.6,97.1,553.5,0,0,0,0,0,0,0,176.6,0,16.20000076293945
,"Ven, 04.05. 12:00",592.1,86,506.1,0,0,0,0,0,0,0,158.1,0,16.89999961853027
,"Ven, 04.05. 13:00",569.1,85.2,483.9,0,0,0,0,0,0,0,145.4,0,18.70000076293945
,"Ven, 04.05. 14:00",539.9,83.5,456.4,0,0,0,0,0,0,0,138.3,0,18.5
,"Ven, 04.05. 15:00",521,85.9,435.1,0,0,0,0,0,0,0,131,0,19
,"Ven, 04.05. 16:00",596.1,96.7,499.4,0,0,0,0,0,0,0,150.1,0,19
,"Ven, 04.05. 17:00",753.7,106.7,647,0,0,0,0,0,0,0,192.6,0,18.79999923706055
,"Ven, 04.05. 18:00",775.9,106.8,669.1,0,0,0,0,0,0,0,203.8,0,17.70000076293945
,"Ven, 04.05. 19:00",1014.3,120.8,893.5,0,0,0,0,0,0,0,277.3,0,16.39999961853027
,"Ven, 04.05. 20:00",1044.7,121.3,923.4,0,0,0,0,0,0,0,289.4,0,15.89999961853027
,"Ven, 04.05. 21:00",1145.2,293.1,852.1,0,0,0,0,0,0,0,308,0,14.10000038146973
,"Ven, 04.05. 22:00",821,331.2,489.8,0,0,0,0,0,0,0,207,0,13.60000038146973
,"Ven, 04.05. 23:00",712.5,420.8,291.7,0,0,0,0,0,0,0,163.3,0,13.10000038146973
,"Sam, 05.05. 00:00",552.6,334.3,218.3,0,0,0,0,0,0,0,124.1,0,13.5
,"Sam, 05.05. 01:00",523.1,397.7,125.4,0,0,0,0,0,0,0,107.1,0,13.19999980926514
,"Sam, 05.05. 02:00",214.9,142.8,72.1,0,0,0,0,0,0,0,45.1,0,14.39999961853027
,"Sam, 05.05. 03:00",310.9,278.3,32.6,0,0,0,0,0,0,0,56.3,0,13.80000019073486
,"Sam, 05.05. 04:00",453.3,387.5,65.8,0,0,0,0,0,0,0,86,0,13.39999961853027
,"Sam, 05.05. 05:00",232,170,62,0,0,0,0,0,0,0,45.6,0,14.60000038146973
,"Sam, 05.05. 06:00",234.2,151.1,83.1,0,0,0,0,0,0,0,47.9,0,15
,"Sam, 05.05. 07:00",329,141.8,187.2,0,0,0,0,0,0,0,75.7,0,16.29999923706055
,"Sam, 05.05. 08:00",623,119.8,503.2,0,0,0,0,0,0,0,159,0,17.79999923706055
,"Sam, 05.05. 09:00",1005.2,101.5,903.7,0,0,0,0,0,0,0,260.7,0,19.10000038146973
,"Sam, 05.05. 10:00",1177.1,103.9,1073.2,0,0,0,0,0,0,0,297,0,20.5
,"Sam, 05.05. 11:00",1147.4,94.8,1052.6,0,0,0,0,0,0,0,292.6,0,20.20000076293945
,"Sam, 05.05. 12:00",1026.3,90,936.3,0,0,0,0,0,0,0,263.1,0,19.89999961853027
,"Sam, 05.05. 13:00",889.2,92,797.2,0,0,0,0,0,0,0,229,0,19.39999961853027
,"Sam, 05.05. 14:00",778.4,86.5,691.9,0,0,0,0,0,0,0,195.8,0,20.20000076293945
,"Sam, 05.05. 15:00",677.3,88.8,588.5,0,0,0,0,0,0,0,169.9,0,19.89999961853027
,"Sam, 05.05. 16:00",705.5,97.5,608,0,0,0,0,0,0,0,178.9,0,19.29999923706055
,"Sam, 05.05. 17:00",760.9,104.2,656.7,0,0,0,0,0,0,0,200.1,0,17.70000076293945
,"Sam, 05.05. 18:00",848.6,117.7,730.9,0,0,0,0,0,0,0,231.2,0,16.20000076293945
,"Sam, 05.05. 19:00",845.1,119.2,725.9,0,0,0,0,0,0,0,232.8,0,15.60000038146973
,"Sam, 05.05. 20:00",835.1,123.3,711.8,0,0,0,0,0,0,0,232,0,15.10000038146973
,"Sam, 05.05. 21:00",838,233.5,604.5,0,0,0,0,0,0,0,220.6,0,14.5
,"Sam, 05.05. 22:00",620.9,177.7,443.2,0,0,0,0,0,0,0,163.8,0,14.30000019073486
,"Sam, 05.05. 23:00",430.8,140.9,289.9,0,0,0,0,0,0,0,110.9,0,14.39999961853027
,"Dim, 06.05. 00:00",447.2,218.9,228.3,0,0,0,0,0,0,0,105.6,0,14.19999980926514
,"Dim, 06.05. 01:00",318.8,191.4,127.4,0,0,0,0,0,0,0,70.1,0,14.30000019073486
,"Dim, 06.05. 02:00",362.6,286.6,76,0,0,0,0,0,0,0,71,0,13.89999961853027
,"Dim, 06.05. 03:00",519.2,488.6,30.6,0,0,0,0,0,0,0,94.3,0,12.80000019073486
,"Dim, 06.05. 04:00",686.6,614.8,71.8,0,0,0,0,0,0,0,131.2,0,12.39999961853027
,"Dim, 06.05. 05:00",1038.6,965.5,73.1,0,0,0,0,0,0,0,200.5,0,11.39999961853027
,"Dim, 06.05. 06:00",1185.2,1089.5,95.7,0,0,0,0,0,0,0,227.7,0,11.60000038146973
,"Dim, 06.05. 07:00",1181.2,979.6,201.6,0,0,0,0,0,0,0,240.5,0,12
,"Dim, 06.05. 08:00",1191.2,682.7,508.5,0,0,0,0,0,0,0,277.4,0,13.10000038146973
,"Dim, 06.05. 09:00",1372.3,400.8,971.5,0,0,0,0,0,0,0,362.5,0,14.30000019073486
,"Dim, 06.05. 10:00",1322,241.7,1080.3,0,0,0,0,0,0,0,357.5,0,15.60000038146973
,"Dim, 06.05. 11:00",1276.6,220.4,1056.2,0,0,0,0,0,0,0,326.3,0,18.10000038146973
,"Dim, 06.05. 12:00",1184.8,213.9,970.9,0,0,0,0,0,0,0,287.7,0,20.20000076293945
,"Dim, 06.05. 13:00",974.9,205.7,769.2,0,0,0,0,0,0,0,226,0,21.60000038146973
,"Dim, 06.05. 14:00",929,211,718,0,0,0,0,0,0,0,208.6,0,22.60000038146973
,"Dim, 06.05. 15:00",828.4,215.6,612.8,0,0,0,0,0,0,0,184.5,0,22.20000076293945
,"Dim, 06.05. 16:00",770.5,213.1,557.4,0,0,0,0,0,0,0,173.1,0,21.5
,"Dim, 06.05. 17:00",908.8,249.2,659.6,0,0,0,0,0,0,0,211.5,0,19.79999923706055
,"Dim, 06.05. 18:00",943.9,257.8,686.1,0,0,0,0,0,0,0,232.6,0,17.20000076293945
,"Dim, 06.05. 19:00",1007.3,276.9,730.4,0,0,0,0,0,0,0,253.5,0,16.29999923706055
,"Dim, 06.05. 20:00",986.6,283.4,703.2,0,0,0,0,0,0,0,246.7,0,16.20000076293945
,"Dim, 06.05. 21:00",901.9,278.9,623,0,0,0,0,0,0,0,227.6,0,15.19999980926514
,"Dim, 06.05. 22:00",752.1,279.2,472.9,0,0,0,0,0,0,0,190,0,14.10000038146973
,"Dim, 06.05. 23:00",563.2,264.8,298.4,0,0,0,0,0,0,0,135.1,0,14
,"Lun, 07.05. 00:00",854.2,663.4,190.8,0,0,0,0,0,0,0,179,0,12.19999980926514
,"Lun, 07.05. 01:00",1134.4,1028.5,105.9,0,0,0,0,0,0,0,230.5,0,10.69999980926514
,"Lun, 07.05. 02:00",1141.4,1110.4,31,0,0,0,0,0,0,0,226.5,0,10.10000038146973
,"Lun, 07.05. 03:00",1149.4,1117.7,31.7,0,0,0,0,0,0,0,226.2,0,10.30000019073486
,"Lun, 07.05. 04:00",1616.4,1518.6,97.8,0,0,0,0,0,0,0,349.8,0,8.300000190734863
,"Lun, 07.05. 05:00",2141.3,1841.1,300.2,0,0,0,0,0,0,0,479.2,0,8.600000381469727
,"Lun, 07.05. 06:00",2517.3,1651.7,865.6,0,0,0,0,0,0,0,584.1,0,11.19999980926514
,"Lun, 07.05. 07:00",2122,1251.6,870.4,0,0,0,0,0,0,0,494.1,0,12.69999980926514
,"Lun, 07.05. 08:00",1592.7,856.9,735.8,0,0,0,0,0,0,0,373.9,0,13.80000019073486
,"Lun, 07.05. 09:00",1232.7,586.5,646.2,0,0,0,0,0,0,0,287.1,0,15.39999961853027
,"Lun, 07.05. 10:00",1126.4,548.9,577.5,0,0,0,0,0,0,0,243.8,0,17.5
,"Lun, 07.05. 11:00",1049.5,519.8,529.7,0,0,0,0,0,0,0,221.1,0,18.60000038146973
,"Lun, 07.05. 12:00",1012.3,493.4,518.9,0,0,0,0,0,0,0,206.5,0,20.70000076293945
,"Lun, 07.05. 13:00",945.7,469.3,476.4,0,0,0,0,0,0,0,191.8,0,20.70000076293945
,"Lun, 07.05. 14:00",918.1,463.6,454.5,0,0,0,0,0,0,0,190.9,0,19
,"Lun, 07.05. 15:00",891.5,467.1,424.4,0,0,0,0,0,0,0,178.6,0,20.29999923706055
,"Lun, 07.05. 16:00",973.9,505.7,468.2,0,0,0,0,0,0,0,199.1,0,19.29999923706055
,"Lun, 07.05. 17:00",1224.1,585.8,638.3,0,0,0,0,0,0,0,256.3,0,19.20000076293945
,"Lun, 07.05. 18:00",1231.7,579.2,652.5,0,0,0,0,0,0,0,265.3,0,17.70000076293945
,"Lun, 07.05. 19:00",1572.9,675,897.9,0,0,0,0,0,0,0,369.9,0,15.5
,"Lun, 07.05. 20:00",2244.3,1242.2,1002.1,0,0,0,0,0,0,0,528.1,0,12.80000019073486
,"Lun, 07.05. 21:00",2171.9,1271.3,900.6,0,0,0,0,0,0,0,510.5,0,12.10000038146973
,"Lun, 07.05. 22:00",1452.5,960.1,492.4,0,0,0,0,0,0,0,335.6,0,11.39999961853027
,"Lun, 07.05. 23:00",1412.9,1128.9,284,0,0,0,0,0,0,0,314.1,0,10.10000038146973
,"Mar, 08.05. 00:00",1304.7,1100.4,204.3,0,0,0,0,0,0,0,279.3,0,10.39999961853027
,"Mar, 08.05. 01:00",1273.8,1173.1,100.7,0,0,0,0,0,0,0,266,0,9.699999809265137
,"Mar, 08.05. 02:00",1438.4,1404.6,33.8,0,0,0,0,0,0,0,294.7,0,9.199999809265137
,"Mar, 08.05. 03:00",1680.8,1647.1,33.7,0,0,0,0,0,0,0,355.8,0,8.199999809265137
,"Mar, 08.05. 04:00",1609.4,1502.6,106.8,0,0,0,0,0,0,0,342.5,0,8.899999618530273
,"Mar, 08.05. 05:00",1876.3,1579.4,296.9,0,0,0,0,0,0,0,413.6,0,9.399999618530273
,"Mar, 08.05. 06:00",2411.6,1538.9,872.7,0,0,0,0,0,0,0,566.3,0,11.19999980926514
,"Mar, 08.05. 07:00",1760.8,935.4,825.4,0,0,0,0,0,0,0,416,0,13.39999961853027
,"Mar, 08.05. 08:00",1330.1,549.6,780.5,0,0,0,0,0,0,0,318,0,15.80000019073486
,"Mar, 08.05. 09:00",1131.1,491.9,639.2,0,0,0,0,0,0,0,252.4,0,17.70000076293945
,"Mar, 08.05. 10:00",1041.8,465.3,576.5,0,0,0,0,0,0,0,223,0,19.5
,"Mar, 08.05. 11:00",940.6,427.5,513.1,0,0,0,0,0,0,0,193.3,0,21.39999961853027
,"Mar, 08.05. 12:00",880.2,393.2,487,0,0,0,0,0,0,0,180.6,0,21.70000076293945
,"Mar, 08.05. 13:00",927.5,422.4,505.1,0,0,0,0,0,0,0,189.2,0,21.70000076293945
,"Mar, 08.05. 14:00",880.3,408.6,471.7,0,0,0,0,0,0,0,188.3,0,18.89999961853027
,"Mar, 08.05. 15:00",888,428.6,459.4,0,0,0,0,0,0,0,187.3,0,18.89999961853027
,"Mar, 08.05. 16:00",904.5,432.5,472,0,0,0,0,0,0,0,195,0,17.79999923706055
,"Mar, 08.05. 17:00",1078.3,471.8,606.5,0,0,0,0,0,0,0,240,0,17.39999961853027
,"Mar, 08.05. 18:00",1188.7,510.3,678.4,0,0,0,0,0,0,0,271.1,0,16.70000076293945
,"Mar, 08.05. 19:00",1438.1,559.3,878.8,0,0,0,0,0,0,0,349,0,15.30000019073486
,"Mar, 08.05. 20:00",1453.8,554.6,899.2,0,0,0,0,0,0,0,353.4,0,15.19999980926514
,"Mar, 08.05. 21:00",1690.7,773.6,917.1,0,0,0,0,0,0,0,405.5,0,14
,"Mar, 08.05. 22:00",864.5,358.4,506.1,0,0,0,0,0,0,0,212.9,0,14.10000038146973
,"Mar, 08.05. 23:00",622.9,347.9,275,0,0,0,0,0,0,0,143.1,0,13.69999980926514
,"Mer, 09.05. 00:00",658.1,444,214.1,0,0,0,0,0,0,0,142.7,0,13.19999980926514
,"Mer, 09.05. 01:00",446.1,332.1,114,0,0,0,0,0,0,0,90.8,0,13.69999980926514
,"Mer, 09.05. 02:00",327.9,294.7,33.2,0,0,0,0,0,0,0,59.3,0,13.80000019073486
,"Mer, 09.05. 03:00",326.2,293.9,32.3,0,0,0,0,0,0,0,58.8,0,13.80000019073486
,"Mer, 09.05. 04:00",694.4,582.4,112,0,0,0,0,0,0,0,136.8,0,12.69999980926514
,"Mer, 09.05. 05:00",1103.7,794.7,309,0,0,0,0,0,0,0,240.9,0,12
,"Mer, 09.05. 06:00",1384.9,547.7,837.2,0,0,0,0,0,0,0,351,0,13.5
,"Mer, 09.05. 07:00",1170.9,321,849.9,0,0,0,0,0,0,0,310.3,0,14.5
,"Mer, 09.05. 08:00",901,175,726,0,0,0,0,0,0,0,236.9,0,16.60000038146973
,"Mer, 09.05. 09:00",781,162.3,618.7,0,0,0,0,0,0,0,197.5,0,17.79999923706055
,"Mer, 09.05. 10:00",776.9,167.4,609.5,0,0,0,0,0,0,0,184.4,0,20.39999961853027
,"Mer, 09.05. 11:00",691.5,152.9,538.6,0,0,0,0,0,0,0,162.9,0,20.60000038146973
,"Mer, 09.05. 12:00",620.3,134.1,486.2,0,0,0,0,0,0,0,144.8,0,21.20000076293945
,"Mer, 09.05. 13:00",667.9,148.5,519.4,0,0,0,0,0,0,0,153.9,0,21.60000038146973
,"Mer, 09.05. 14:00",575.1,131.5,443.6,0,0,0,0,0,0,0,129,0,22.60000038146973
,"Mer, 09.05. 15:00",563.8,136.5,427.3,0,0,0,0,0,0,0,127.8,0,21.89999961853027
,"Mer, 09.05. 16:00",619.4,148.1,471.3,0,0,0,0,0,0,0,144.4,0,20.60000038146973
,"Mer, 09.05. 17:00",744,156.8,587.2,0,0,0,0,0,0,0,177.9,0,20.10000038146973
,"Mer, 09.05. 18:00",860.9,176.8,684.1,0,0,0,0,0,0,0,214.5,0,18.39999961853027
,"Mer, 09.05. 19:00",1058.8,190.1,868.7,0,0,0,0,0,0,0,272.3,0,17.5
,"Mer, 09.05. 20:00",1100,193.1,906.9,0,0,0,0,0,0,0,291.3,0,16.39999961853027
,"Mer, 09.05. 21:00",1073.6,184.3,889.3,0,0,0,0,0,0,0,288.1,0,15.89999961853027
,"Mer, 09.05. 22:00",610.9,134.6,476.3,0,0,0,0,0,0,0,165.6,0,14.60000038146973
,"Mer, 09.05. 23:00",711.4,399.1,312.3,0,0,0,0,0,0,0,164.5,0,13.39999961853027
,"Jeu, 10.05. 00:00",778.2,570.7,207.5,0,0,0,0,0,0,0,166.2,0,12.5
,"Jeu, 10.05. 01:00",1030.4,910.3,120.1,0,0,0,0,0,0,0,211.3,0,10.89999961853027
,"Jeu, 10.05. 02:00",1060.4,987.4,73,0,0,0,0,0,0,0,211.8,0,10.69999980926514
,"Jeu, 10.05. 03:00",1528.2,1492.6,35.6,0,0,0,0,0,0,0,314,0,9.100000381469727
,"Jeu, 10.05. 04:00",1545.2,1474.7,70.5,0,0,0,0,0,0,0,329.1,0,8.5
,"Jeu, 10.05. 05:00",1604.6,1531.7,72.9,0,0,0,0,0,0,0,328.7,0,9.399999618530273
,"Jeu, 10.05. 06:00",1293,1203.6,89.4,0,0,0,0,0,0,0,243.6,0,11.80000019073486
,"Jeu, 10.05. 07:00",963.1,754.7,208.4,0,0,0,0,0,0,0,187.9,0,14.19999980926514
,"Jeu, 10.05. 08:00",978.8,463.4,515.4,0,0,0,0,0,0,0,226.3,0,15.60000038146973
,"Jeu, 10.05. 09:00",1243.4,372.8,870.6,0,0,0,0,0,0,0,298.1,0,17.89999961853027
,"Jeu, 10.05. 10:00",1447.5,394.5,1053,0,0,0,0,0,0,0,342.2,0,19.29999923706055
,"Jeu, 10.05. 11:00",1431.1,370.9,1060.2,0,0,0,0,0,0,0,333,0,20.29999923706055
,"Jeu, 10.05. 12:00",1320.4,355.5,964.9,0,0,0,0,0,0,0,294.3,0,22
,"Jeu, 10.05. 13:00",1139.5,352.3,787.2,0,0,0,0,0,0,0,242.7,0,23.20000076293945
,"Jeu, 10.05. 14:00",994.5,328.2,666.3,0,0,0,0,0,0,0,209.8,0,23.20000076293945
,"Jeu, 10.05. 15:00",967.2,358.6,608.6,0,0,0,0,0,0,0,197.1,0,23.79999923706055
,"Jeu, 10.05. 16:00",937.5,365.4,572.1,0,0,0,0,0,0,0,189.7,0,23.60000038146973
,"Jeu, 10.05. 17:00",956.8,370.5,586.3,0,0,0,0,0,0,0,196.8,0,22.79999923706055
,"Jeu, 10.05. 18:00",1076.4,415.2,661.2,0,0,0,0,0,0,0,229.9,0,20.89999961853027
,"Jeu, 10.05. 19:00",1198.7,465.3,733.4,0,0,0,0,0,0,0,264.7,0,18.89999961853027
,"Jeu, 10.05. 20:00",1135.1,457.5,677.6,0,0,0,0,0,0,0,260,0,16.79999923706055
,"Jeu, 10.05. 21:00",1079.3,519.9,559.4,0,0,0,0,0,0,0,251.3,0,14.5
,"Jeu, 10.05. 22:00",905.3,440,465.3,0,0,0,0,0,0,0,217.3,0,13.60000038146973
,"Jeu, 10.05. 23:00",661.3,382.3,279,0,0,0,0,0,0,0,151.2,0,13.5
,"Ven, 11.05. 00:00",914.4,714.8,199.6,0,0,0,0,0,0,0,192.9,0,11.89999961853027
,"Ven, 11.05. 01:00",1006.9,900.5,106.4,0,0,0,0,0,0,0,203,0,11.10000038146973
,"Ven, 11.05. 02:00",781.7,749,32.7,0,0,0,0,0,0,0,146.2,0,11.80000019073486
,"Ven, 11.05. 03:00",926.2,894.3,31.9,0,0,0,0,0,0,0,177.4,0,11.10000038146973
,"Ven, 11.05. 04:00",1292.2,1178.4,113.8,0,0,0,0,0,0,0,264,0,10.39999961853027
,"Ven, 11.05. 05:00",1325.8,1030.5,295.3,0,0,0,0,0,0,0,286.4,0,11.19999980926514
,"Ven, 11.05. 06:00",1713.2,835.9,877.3,0,0,0,0,0,0,0,415.4,0,13.10000038146973
,"Ven, 11.05. 07:00",1318.4,401.1,917.3,0,0,0,0,0,0,0,339.3,0,15
,"Ven, 11.05. 08:00",1118.3,326.5,791.8,0,0,0,0,0,0,0,272,0,17.5
,"Ven, 11.05. 09:00",903.3,280.5,622.8,0,0,0,0,0,0,0,209.9,0,19.20000076293945
,"Ven, 11.05. 10:00",802.4,256.7,545.7,0,0,0,0,0,0,0,175.9,0,21.70000076293945
,"Ven, 11.05. 11:00",797.9,261.2,536.7,0,0,0,0,0,0,0,165.9,0,23.89999961853027
,"Ven, 11.05. 12:00",759.4,243.5,515.9,0,0,0,0,0,0,0,153.6,0,25.20000076293945
,"Ven, 11.05. 13:00",690.9,226.9,464,0,0,0,0,0,0,0,137.6,0,25.70000076293945
,"Ven, 11.05. 14:00",701,235.8,465.2,0,0,0,0,0,0,0,136.6,0,26.5
,"Ven, 11.05. 15:00",713,252,461,0,0,0,0,0,0,0,136.5,0,26.89999961853027
,"Ven, 11.05. 16:00",744,259.7,484.3,0,0,0,0,0,0,0,143.6,0,26.60000038146973
,"Ven, 11.05. 17:00",852.2,266.7,585.5,0,0,0,0,0,0,0,170.2,0,25.79999923706055
,"Ven, 11.05. 18:00",972.9,297.7,675.2,0,0,0,0,0,0,0,207.5,0,23
,"Ven, 11.05. 19:00",1129.6,307.3,822.3,0,0,0,0,0,0,0,262.4,0,19.79999923706055
,"Ven, 11.05. 20:00",1281.9,341.1,940.8,0,0,0,0,0,0,0,316,0,17.20000076293945
,"Ven, 11.05. 21:00",1093,285.5,807.5,0,0,0,0,0,0,0,275,0,16.39999961853027
,"Ven, 11.05. 22:00",573.3,88.9,484.4,0,0,0,0,0,0,0,157.4,0,15.39999961853027
,"Ven, 11.05. 23:00",484.4,199.2,285.2,0,0,0,0,0,0,0,119.3,0,14.30000019073486
,"Sam, 12.05. 00:00",582.8,358.1,224.7,0,0,0,0,0,0,0,130.1,0,13.5
,"Sam, 12.05. 01:00",586.7,455.1,131.6,0,0,0,0,0,0,0,119.2,0,13.10000038146973
,"Sam, 12.05. 02:00",512.2,435.2,77,0,0,0,0,0,0,0,98.4,0,13.19999980926514
,"Sam, 12.05. 03:00",803.6,770,33.6,0,0,0,0,0,0,0,150.8,0,11.69999980926514
,"Sam, 12.05. 04:00",750.8,686.5,64.3,0,0,0,0,0,0,0,143,0,12.10000038146973
,"Sam, 12.05. 05:00",646.5,583.9,62.6,0,0,0,0,0,0,0,120,0,12.89999961853027
,"Sam, 12.05. 06:00",419.4,342.3,77.1,0,0,0,0,0,0,0,77.7,0,14.39999961853027
,"Sam, 12.05. 07:00",410.1,224.8,185.3,0,0,0,0,0,0,0,85.8,0,16.89999961853027
,"Sam, 12.05. 08:00",681.3,188.3,493,0,0,0,0,0,0,0,160.1,0,19.5
,"Sam, 12.05. 09:00",1054.8,161,893.8,0,0,0,0,0,0,0,248.9,0,22
,"Sam, 12.05. 10:00",1273.1,171,1102.1,0,0,0,0,0,0,0,292.6,0,23.39999961853027
,"Sam, 12.05. 11:00",1191.5,150.3,1041.2,0,0,0,0,0,0,0,262.9,0,25.10000038146973
,"Sam, 12.05. 12:00",1112.4,148.9,963.5,0,0,0,0,0,0,0,234.6,0,26.70000076293945
,"Sam, 12.05. 13:00",915.6,143,772.6,0,0,0,0,0,0,0,181.5,0,28.60000038146973
,"Sam, 12.05. 14:00",778.7,130.1,648.6,0,0,0,0,0,0,0,160.8,0,27
,"Sam, 12.05. 15:00",701,136.8,564.2,0,0,0,0,0,0,0,139.2,0,28
,"Sam, 12.05. 16:00",785.3,160.5,624.8,0,0,0,0,0,0,0,159.6,0,27
,"Sam, 12.05. 17:00",872.3,176.9,695.4,0,0,0,0,0,0,0,181.8,0,26
,"Sam, 12.05. 18:00",873.8,179.2,694.6,0,0,0,0,0,0,0,190.1,0,24.20000076293945
,"Sam, 12.05. 19:00",935.4,194.6,740.8,0,0,0,0,0,0,0,211.5,0,22.5
,"Sam, 12.05. 20:00",954.6,207.3,747.3,0,0,0,0,0,0,0,230.3,0,19.39999961853027
,"Sam, 12.05. 21:00",738.4,181,557.4,0,0,0,0,0,0,0,183.7,0,17.20000076293945
,"Sam, 12.05. 22:00",484.9,51,433.9,0,0,0,0,0,0,0,132,0,16.79999923706055
,"Sam, 12.05. 23:00",347.1,33.6,313.5,0,0,0,0,0,0,0,96.9,0,16.10000038146973
,"Dim, 13.05. 00:00",236.1,8,228.1,0,0,0,0,0,0,0,68.7,0,15.69999980926514
,"Dim, 13.05. 01:00",136.6,8,128.6,0,0,0,0,0,0,0,39.8,0,15.10000038146973
,"Dim, 13.05. 02:00",186.1,113.6,72.5,0,0,0,0,0,0,0,40.4,0,14.5
,"Dim, 13.05. 03:00",404.3,372.3,32,0,0,0,0,0,0,0,73.3,0,13.30000019073486
,"Dim, 13.05. 04:00",498,424.2,73.8,0,0,0,0,0,0,0,95.8,0,13.10000038146973
,"Dim, 13.05. 05:00",116.9,40.2,76.7,0,0,0,0,0,0,0,29.2,0,15
,"Dim, 13.05. 06:00",162.5,66.9,95.6,0,0,0,0,0,0,0,37.7,0,16.10000038146973
,"Dim, 13.05. 07:00",269.3,64.1,205.2,0,0,0,0,0,0,0,66.1,0,18.20000076293945
,"Dim, 13.05. 08:00",537.6,49.6,488,0,0,0,0,0,0,0,136.2,0,20.29999923706055
,"Dim, 13.05. 09:00",957.8,44.2,913.6,0,0,0,0,0,0,0,246.7,0,20.5
,"Dim, 13.05. 10:00",1102.9,44.8,1058.1,0,0,0,0,0,0,0,266.2,0,23.20000076293945
,"Dim, 13.05. 11:00",1053.8,40,1013.8,0,0,0,0,0,0,0,237,0,25.79999923706055
,"Dim, 13.05. 12:00",1000.1,40,960.1,0,0,0,0,0,0,0,210.6,0,28
,"Dim, 13.05. 13:00",814.9,38.9,776,0,0,0,0,0,0,0,175.1,0,27.20000076293945
,"Dim, 13.05. 14:00",686.1,35.9,650.2,0,0,0,0,0,0,0,142.1,0,28.39999961853027
,"Dim, 13.05. 15:00",640.2,39.9,600.3,0,0,0,0,0,0,0,124.3,0,30.29999923706055
,"Dim, 13.05. 16:00",634,42.7,591.3,0,0,0,0,0,0,0,121.7,0,30.60000038146973
,"Dim, 13.05. 17:00",638.8,42.7,596.1,0,0,0,0,0,0,0,135.4,0,27.39999961853027
,"Dim, 13.05. 18:00",778.3,51.8,726.5,0,0,0,0,0,0,0,170.6,0,26.20000076293945
,"Dim, 13.05. 19:00",805.8,53.8,752,0,0,0,0,0,0,0,183.8,0,24.79999923706055
,"Dim, 13.05. 20:00",786.7,55.7,731,0,0,0,0,0,0,0,172.7,0,26.10000038146973
,"Dim, 13.05. 21:00",661.9,51.7,610.2,0,0,0,0,0,0,0,147.6,0,25.39999961853027
,"Dim, 13.05. 22:00",458.8,13.8,445,0,0,0,0,0,0,0,110.9,0,23.29999923706055
,"Dim, 13.05. 23:00",304.3,9.4,294.9,0,0,0,0,0,0,0,74.2,0,22.89999961853027
,"Lun, 14.05. 00:00",215.3,11,204.3,0,0,0,0,0,0,0,56.7,0,19.5
,"Lun, 14.05. 01:00",113.7,10.6,103.1,0,0,0,0,0,0,0,29.6,0,19
,"Lun, 14.05. 02:00",43.3,11.5,31.8,0,0,0,0,0,0,0,10.5,0,18.10000038146973
,"Lun, 14.05. 03:00",43.7,12.5,31.2,0,0,0,0,0,0,0,10.1,0,19.79999923706055
,"Lun, 14.05. 04:00",121.8,20,101.8,0,0,0,0,0,0,0,30.6,0,19
,"Lun, 14.05. 05:00",355.3,52.1,303.2,0,0,0,0,0,0,0,92.1,0,17.89999961853027
,"Lun, 14.05. 06:00",973.8,92.3,881.5,0,0,0,0,0,0,0,257.8,0,18.20000076293945
,"Lun, 14.05. 07:00",915,80.2,834.8,0,0,0,0,0,0,0,239.9,0,18.89999961853027
,"Lun, 14.05. 08:00",867.8,71.9,795.9,0,0,0,0,0,0,0,223.1,0,19.89999961853027
,"Lun, 14.05. 09:00",695.7,62.3,633.4,0,0,0,0,0,0,0,177.7,0,20
,"Lun, 14.05. 10:00",630.2,59,571.2,0,0,0,0,0,0,0,154,0,21.79999923706055
,"Lun, 14.05. 11:00",597.2,57.4,539.8,0,0,0,0,0,0,0,142.6,0,22.60000038146973
,"Lun, 14.05. 12:00",503.7,46.9,456.8,0,0,0,0,0,0,0,116.3,0,24
,"Lun, 14.05. 13:00",516.6,50,466.6,0,0,0,0,0,0,0,115.9,0,25
,"Lun, 14.05. 14:00",509.1,50.8,458.3,0,0,0,0,0,0,0,115.4,0,24.60000038146973
,"Lun, 14.05. 15:00",499.4,53.4,446,0,0,0,0,0,0,0,109.2,0,25.79999923706055
,"Lun, 14.05. 16:00",507,53.3,453.7,0,0,0,0,0,0,0,116.4,0,24
,"Lun, 14.05. 17:00",654.2,59.4,594.8,0,0,0,0,0,0,0,158.8,0,22
,"Lun, 14.05. 18:00",752.2,66.5,685.7,0,0,0,0,0,0,0,189.1,0,20.70000076293945
,"Lun, 14.05. 19:00",989.6,75,914.6,0,0,0,0,0,0,0,248.3,0,21
,"Lun, 14.05. 20:00",991,73.2,917.8,0,0,0,0,0,0,0,268.4,0,17.79999923706055
,"Lun, 14.05. 21:00",1069.2,212.9,856.3,0,0,0,0,0,0,0,295.2,0,14.30000019073486
,"Lun, 14.05. 22:00",834.9,357.5,477.4,0,0,0,0,0,0,0,208.6,0,13.39999961853027
,"Lun, 14.05. 23:00",974.9,687.9,287,0,0,0,0,0,0,0,216.8,0,11.80000019073486
,"Mar, 15.05. 00:00",1369.2,1159.1,210.1,0,0,0,0,0,0,0,283,0,11.39999961853027
,"Mar, 15.05. 01:00",1305.6,1197.8,107.8,0,0,0,0,0,0,0,260.8,0,11.10000038146973
,"Mar, 15.05. 02:00",1322,1289.6,32.4,0,0,0,0,0,0,0,256.8,0,10.69999980926514
,"Mar, 15.05. 03:00",1423.8,1390.7,33.1,0,0,0,0,0,0,0,276.6,0,10.60000038146973
,"Mar, 15.05. 04:00",1637.3,1532.6,104.7,0,0,0,0,0,0,0,324.7,0,10.80000019073486
,"Mar, 15.05. 05:00",2759.3,2459.9,299.4,0,0,0,0,0,0,0,554.8,0,10.89999961853027
,"Mar, 15.05. 06:00",4325.7,3504.1,821.6,0,0,0,0,0,0,0,917.7,0,10.80000019073486
,"Mar, 15.05. 07:00",4261.4,3393,868.4,0,0,0,0,0,0,0,921.3,0,11.10000038146973
,"Mar, 15.05. 08:00",3678.8,2944.5,734.3,0,0,0,0,0,0,0,815.1,0,10.69999980926514
,"Mar, 15.05. 09:00",3505.1,2878.9,626.2,0,0,0,0,0,0,0,771.3,0,10.5
,"Mar, 15.05. 10:00",3754.2,3195.3,558.9,0,0,0,0,0,0,0,863.1,0,8.5
,"Mar, 15.05. 11:00",3777.4,3270,507.4,0,0,0,0,0,0,0,889,0,7.400000095367432
,"Mar, 15.05. 12:00",4151.3,3618.1,533.2,0,0,0,0,0,0,0,998.6,0,6.5
,"Mar, 15.05. 13:00",4276.6,3757.2,519.4,0,0,0,0,0,0,0,1033.9,0,6.199999809265137
,"Mar, 15.05. 14:00",4222.6,3747,475.6,0,0,0,0,0,0,0,1031.7,0,5.699999809265137
,"Mar, 15.05. 15:00",4126.1,3680.8,445.3,0,0,0,0,0,0,0,1003.8,0,5.699999809265137
,"Mar, 15.05. 16:00",4261.3,3789.5,471.8,0,0,0,0,0,0,0,1046.4,0,5.400000095367432
,"Mar, 15.05. 17:00",4797.9,4156,641.9,0,0,0,0,0,0,0,1186,0,5.5
,"Mar, 15.05. 18:00",4609.3,3951.6,657.7,0,0,0,0,0,0,0,1141.9,0,5.5
,"Mar, 15.05. 19:00",4624.3,3824.3,800,0,0,0,0,0,0,0,1145.7,0,5.900000095367432
,"Mar, 15.05. 20:00",5309.1,4374.2,934.9,0,0,0,0,0,0,0,1322.5,0,5.599999904632568
,"Mar, 15.05. 21:00",4955.7,4083.5,872.2,0,0,0,0,0,0,0,1226.9,0,5.699999809265137
,"Mar, 15.05. 22:00",3020,2553,467,0,0,0,0,0,0,0,746.8,0,5.599999904632568
,"Mar, 15.05. 23:00",2705.9,2419.3,286.6,0,0,0,0,0,0,0,659.6,0,5.400000095367432
,"Mer, 16.05. 00:00",2518.8,2320.7,198.1,0,0,0,0,0,0,0,609,0,5.199999809265137
,"Mer, 16.05. 01:00",2599.2,2495.6,103.6,0,0,0,0,0,0,0,631.5,0,4.300000190734863
,"Mer, 16.05. 02:00",2870,2834.7,35.3,0,0,0,0,0,0,0,690.7,0,4.099999904632568
,"Mer, 16.05. 03:00",2670.2,2637.4,32.8,0,0,0,0,0,0,0,640.4,0,4.199999809265137
,"Mer, 16.05. 04:00",2850.1,2743.6,106.5,0,0,0,0,0,0,0,690.5,0,4.300000190734863
,"Mer, 16.05. 05:00",3495.3,3186.3,309,0,0,0,0,0,0,0,853.4,0,4.800000190734863
,"Mer, 16.05. 06:00",4137.3,3309.1,828.2,0,0,0,0,0,0,0,1020.6,0,6.400000095367432
,"Mer, 16.05. 07:00",3951.9,3067.8,884.1,0,0,0,0,0,0,0,960.8,0,7.699999809265137
,"Mer, 16.05. 08:00",3141.9,2348.3,793.6,0,0,0,0,0,0,0,730,0,10.10000038146973
,"Mer, 16.05. 09:00",2395.8,1782.9,612.9,0,0,0,0,0,0,0,534.3,0,11.5
,"Mer, 16.05. 10:00",1788.3,1218.8,569.5,0,0,0,0,0,0,0,383.3,0,14.10000038146973
,"Mer, 16.05. 11:00",1459.6,947.6,512,0,0,0,0,0,0,0,304.4,0,15.60000038146973
,"Mer, 16.05. 12:00",1501,963.5,537.5,0,0,0,0,0,0,0,300.8,0,16.89999961853027
,"Mer, 16.05. 13:00",1452.6,943.9,508.7,0,0,0,0,0,0,0,278.2,0,18.5
,"Mer, 16.05. 14:00",1349.3,887.5,461.8,0,0,0,0,0,0,0,251.5,0,20.10000038146973
,"Mer, 16.05. 15:00",1339.2,903.2,436,0,0,0,0,0,0,0,244.5,0,20.5
,"Mer, 16.05. 16:00",1471.1,985.7,485.4,0,0,0,0,0,0,0,270.7,0,20
,"Mer, 16.05. 17:00",1581.3,1000.8,580.5,0,0,0,0,0,0,0,299.3,0,19.39999961853027
,"Mer, 16.05. 18:00",1804.3,1127.5,676.8,0,0,0,0,0,0,0,346.7,0,18.39999961853027
,"Mer, 16.05. 19:00",2111.1,1234.4,876.7,0,0,0,0,0,0,0,433.1,0,16.70000076293945
,"Mer, 16.05. 20:00",2314,1335.2,978.8,0,0,0,0,0,0,0,494.6,0,15.39999961853027
,"Mer, 16.05. 21:00",2308.3,1419.8,888.5,0,0,0,0,0,0,0,501.9,0,13.89999961853027
,"Mer, 16.05. 22:00",1200.5,710.4,490.1,0,0,0,0,0,0,0,272.1,0,13.30000019073486
,"Mer, 16.05. 23:00",931.6,645.5,286.1,0,0,0,0,0,0,0,202.2,0,12.89999961853027
,"Jeu, 17.05. 00:00",912.7,722.8,189.9,0,0,0,0,0,0,0,192.7,0,11.69999980926514
,"Jeu, 17.05. 01:00",822.5,713.8,108.7,0,0,0,0,0,0,0,162.9,0,12
,"Jeu, 17.05. 02:00",642.2,609.9,32.3,0,0,0,0,0,0,0,117.9,0,12.39999961853027
,"Jeu, 17.05. 03:00",614.3,582.7,31.6,0,0,0,0,0,0,0,112.4,0,12.5
,"Jeu, 17.05. 04:00",743.6,636.2,107.4,0,0,0,0,0,0,0,145.7,0,12.5
,"Jeu, 17.05. 05:00",1001.4,699.6,301.8,0,0,0,0,0,0,0,216.1,0,12.69999980926514
,"Jeu, 17.05. 06:00",1376.1,549.2,826.9,0,0,0,0,0,0,0,342.4,0,14
,"Jeu, 17.05. 07:00",1215.5,332.6,882.9,0,0,0,0,0,0,0,317.9,0,15
,"Jeu, 17.05. 08:00",950.4,248.6,701.8,0,0,0,0,0,0,0,243.6,0,16.20000076293945
,"Jeu, 17.05. 09:00",839.4,233.8,605.6,0,0,0,0,0,0,0,207.3,0,17.20000076293945
,"Jeu, 17.05. 10:00",782.8,225.4,557.4,0,0,0,0,0,0,0,187.7,0,18.10000038146973
,"Jeu, 17.05. 11:00",784,231.1,552.9,0,0,0,0,0,0,0,183.8,0,19
,"Jeu, 17.05. 12:00",697.1,201.2,495.9,0,0,0,0,0,0,0,157.8,0,20.89999961853027
,"Jeu, 17.05. 13:00",714.5,211.3,503.2,0,0,0,0,0,0,0,155.3,0,22.5
,"Jeu, 17.05. 14:00",694.1,210.7,483.4,0,0,0,0,0,0,0,149.8,0,22.70000076293945
,"Jeu, 17.05. 15:00",627.3,200.8,426.5,0,0,0,0,0,0,0,134.9,0,22.39999961853027
,"Jeu, 17.05. 16:00",674.1,212.9,461.2,0,0,0,0,0,0,0,147,0,21.89999961853027
,"Jeu, 17.05. 17:00",799,225.2,573.8,0,0,0,0,0,0,0,179.4,0,21.29999923706055
,"Jeu, 17.05. 18:00",970.5,267.2,703.3,0,0,0,0,0,0,0,226.9,0,19.5
,"Jeu, 17.05. 19:00",1203.1,293,910.1,0,0,0,0,0,0,0,295,0,18
,"Jeu, 17.05. 20:00",1176.3,280.3,896,0,0,0,0,0,0,0,302.6,0,16.20000076293945
,"Jeu, 17.05. 21:00",1388.8,493,895.8,0,0,0,0,0,0,0,354.2,0,14
,"Jeu, 17.05. 22:00",840.8,379.9,460.9,0,0,0,0,0,0,0,206.6,0,13.5
,"Jeu, 17.05. 23:00",718.4,429.8,288.6,0,0,0,0,0,0,0,163.5,0,13.19999980926514
,"Ven, 18.05. 00:00",920,720.5,199.5,0,0,0,0,0,0,0,193.9,0,11.89999961853027
,"Ven, 18.05. 01:00",897.6,794,103.6,0,0,0,0,0,0,0,179.4,0,11.5
,"Ven, 18.05. 02:00",980.7,946.8,33.9,0,0,0,0,0,0,0,188,0,11.10000038146973
,"Ven, 18.05. 03:00",983.4,950.4,33,0,0,0,0,0,0,0,188.9,0,11
,"Ven, 18.05. 04:00",1057.3,961.2,96.1,0,0,0,0,0,0,0,215,0,10.60000038146973
,"Ven, 18.05. 05:00",1274.4,976.2,298.2,0,0,0,0,0,0,0,274.5,0,11.5
,"Ven, 18.05. 06:00",1483.9,700.1,783.8,0,0,0,0,0,0,0,361.3,0,13.30000019073486
,"Ven, 18.05. 07:00",1219.1,363.1,856,0,0,0,0,0,0,0,312.5,0,15.30000019073486
,"Ven, 18.05. 08:00",1118.2,319.5,798.7,0,0,0,0,0,0,0,273.8,0,17.39999961853027
,"Ven, 18.05. 09:00",894.2,271.8,622.4,0,0,0,0,0,0,0,210,0,18.79999923706055
,"Ven, 18.05. 10:00",787,247.1,539.9,0,0,0,0,0,0,0,174.5,0,21.29999923706055
,"Ven, 18.05. 11:00",805,258.2,546.8,0,0,0,0,0,0,0,170.9,0,23.10000038146973
,"Ven, 18.05. 12:00",736.6,231.4,505.2,0,0,0,0,0,0,0,154.1,0,23.89999961853027
,"Ven, 18.05. 13:00",712.3,229.1,483.2,0,0,0,0,0,0,0,144.8,0,25
,"Ven, 18.05. 14:00",659.3,217.4,441.9,0,0,0,0,0,0,0,135.2,0,24.5
,"Ven, 18.05. 15:00",699,242.4,456.6,0,0,0,0,0,0,0,140.4,0,25
,"Ven, 18.05. 16:00",700.1,239.6,460.5,0,0,0,0,0,0,0,142.7,0,24.39999961853027
,"Ven, 18.05. 17:00",826.5,253.4,573.1,0,0,0,0,0,0,0,172,0,24.10000038146973
,"Ven, 18.05. 18:00",935.1,280.3,654.8,0,0,0,0,0,0,0,202.2,0,22.5
,"Ven, 18.05. 19:00",1156.1,307.7,848.4,0,0,0,0,0,0,0,256,0,22.10000038146973
,"Ven, 18.05. 20:00",1270.7,330.8,939.9,0,0,0,0,0,0,0,291,0,20.70000076293945
,"Ven, 18.05. 21:00",1224.5,312.7,911.8,0,0,0,0,0,0,0,286.9,0,19.60000038146973
,"Ven, 18.05. 22:00",569.9,85.9,484,0,0,0,0,0,0,0,144.3,0,18.79999923706055
,"Ven, 18.05. 23:00",336.6,51.4,285.2,0,0,0,0,0,0,0,88.7,0,17.20000076293945
,"Sam, 19.05. 00:00",252.1,34.2,217.9,0,0,0,0,0,0,0,67.5,0,16.89999961853027
,"Sam, 19.05. 01:00",164.4,35.5,128.9,0,0,0,0,0,0,0,43.7,0,15.60000038146973
,"Sam, 19.05. 02:00",109.5,36.9,72.6,0,0,0,0,0,0,0,27.7,0,15
,"Sam, 19.05. 03:00",472.6,439.6,33,0,0,0,0,0,0,0,85.3,0,13.19999980926514
,"Sam, 19.05. 04:00",556.8,494.2,62.6,0,0,0,0,0,0,0,104.7,0,13
,"Sam, 19.05. 05:00",614.7,552.8,61.9,0,0,0,0,0,0,0,112.9,0,13.19999980926514
,"Sam, 19.05. 06:00",609.2,521.1,88.1,0,0,0,0,0,0,0,110.8,0,14.10000038146973
,"Sam, 19.05. 07:00",482.5,289.9,192.6,0,0,0,0,0,0,0,103.1,0,15.19999980926514
,"Sam, 19.05. 08:00",697.1,224,473.1,0,0,0,0,0,0,0,173.6,0,16
,"Sam, 19.05. 09:00",1196,218.2,977.8,0,0,0,0,0,0,0,313.4,0,16.89999961853027
,"Sam, 19.05. 10:00",1204.3,194.4,1009.9,0,0,0,0,0,0,0,314.9,0,17.39999961853027
,"Sam, 19.05. 11:00",1177.5,178.9,998.6,0,0,0,0,0,0,0,325.5,0,15.39999961853027
,"Sam, 19.05. 12:00",1114.1,178.9,935.2,0,0,0,0,0,0,0,293.3,0,17.20000076293945
,"Sam, 19.05. 13:00",912,170.2,741.8,0,0,0,0,0,0,0,237.5,0,17
,"Sam, 19.05. 14:00",802.8,159.7,643.1,0,0,0,0,0,0,0,207.8,0,17
,"Sam, 19.05. 15:00",749.4,173.4,576,0,0,0,0,0,0,0,189.2,0,17.29999923706055
,"Sam, 19.05. 16:00",784.5,189.5,595,0,0,0,0,0,0,0,200.1,0,16.70000076293945
,"Sam, 19.05. 17:00",905.1,216.8,688.3,0,0,0,0,0,0,0,237.1,0,15.69999980926514
,"Sam, 19.05. 18:00",970.4,282.9,687.5,0,0,0,0,0,0,0,253,0,14.69999980926514
,"Sam, 19.05. 19:00",1138.1,420.3,717.8,0,0,0,0,0,0,0,288.2,0,14.10000038146973
,"Sam, 19.05. 20:00",1296.7,586,710.7,0,0,0,0,0,0,0,318.9,0,13.39999961853027
,"Sam, 19.05. 21:00",1171.2,636.5,534.7,0,0,0,0,0,0,0,276.8,0,12.89999961853027
,"Sam, 19.05. 22:00",1089,632.7,456.3,0,0,0,0,0,0,0,256,0,12.39999961853027
,"Sam, 19.05. 23:00",1022.9,730.3,292.6,0,0,0,0,0,0,0,227.1,0,11.69999980926514
,"Dim, 20.05. 00:00",1149.5,932.4,217.1,0,0,0,0,0,0,0,242.5,0,11.39999961853027
,"Dim, 20.05. 01:00",951.7,829.6,122.1,0,0,0,0,0,0,0,190.1,0,11.80000019073486
,"Dim, 20.05. 02:00",794.7,722.3,72.4,0,0,0,0,0,0,0,151.1,0,12.39999961853027
,"Dim, 20.05. 03:00",780.2,747.5,32.7,0,0,0,0,0,0,0,142,0,12.5
,"Dim, 20.05. 04:00",1141.1,1071.7,69.4,0,0,0,0,0,0,0,221.8,0,11.19999980926514
,"Dim, 20.05. 05:00",1667.4,1592.8,74.6,0,0,0,0,0,0,0,313.6,0,11.39999961853027
,"Dim, 20.05. 06:00",2216.5,2122.7,93.8,0,0,0,0,0,0,0,413.4,0,11.39999961853027
,"Dim, 20.05. 07:00",2087,1899.2,187.8,0,0,0,0,0,0,0,408.2,0,11.60000038146973
,"Dim, 20.05. 08:00",1906.8,1458.4,448.4,0,0,0,0,0,0,0,406.3,0,12.30000019073486
,"Dim, 20.05. 09:00",2198.2,1238,960.2,0,0,0,0,0,0,0,507.9,0,13.69999980926514
,"Dim, 20.05. 10:00",2055.3,1077.9,977.4,0,0,0,0,0,0,0,482.9,0,13.89999961853027
,"Dim, 20.05. 11:00",2063.3,1029.1,1034.2,0,0,0,0,0,0,0,488.9,0,14.10000038146973
,"Dim, 20.05. 12:00",2132.2,1191.1,941.1,0,0,0,0,0,0,0,500.8,0,13.19999980926514
,"Dim, 20.05. 13:00",2219.1,1376.2,842.9,0,0,0,0,0,0,0,506.6,0,12.89999961853027
,"Dim, 20.05. 14:00",2363.8,1640.9,722.9,0,0,0,0,0,0,0,538.5,0,11.5
,"Dim, 20.05. 15:00",2040.2,1469.5,570.7,0,0,0,0,0,0,0,454.1,0,11.69999980926514
,"Dim, 20.05. 16:00",2145.8,1594.3,551.5,0,0,0,0,0,0,0,476.3,0,11.30000019073486
,"Dim, 20.05. 17:00",2369.2,1742,627.2,0,0,0,0,0,0,0,528.9,0,11.19999980926514
,"Dim, 20.05. 18:00",2290.3,1679.5,610.8,0,0,0,0,0,0,0,516.2,0,10.89999961853027
,"Dim, 20.05. 19:00",2735.1,2020,715.1,0,0,0,0,0,0,0,622.1,0,10.39999961853027
,"Dim, 20.05. 20:00",2900,2225.5,674.5,0,0,0,0,0,0,0,666.7,0,9.399999618530273
,"Dim, 20.05. 21:00",2655,2109.8,545.2,0,0,0,0,0,0,0,602,0,9.199999809265137
,"Dim, 20.05. 22:00",2107.5,1635.7,471.8,0,0,0,0,0,0,0,487.3,0,9.199999809265137
,"Dim, 20.05. 23:00",1680.3,1422.8,257.5,0,0,0,0,0,0,0,382.3,0,8.5
,"Lun, 21.05. 00:00",1820.7,1610.4,210.3,0,0,0,0,0,0,0,409.9,0,8.199999809265137
,"Lun, 21.05. 01:00",1754.5,1633.8,120.7,0,0,0,0,0,0,0,385.5,0,8.100000381469727
,"Lun, 21.05. 02:00",1766.1,1695.8,70.3,0,0,0,0,0,0,0,384.5,0,7.800000190734863
,"Lun, 21.05. 03:00",1892,1860,32,0,0,0,0,0,0,0,409.8,0,7.5
,"Lun, 21.05. 04:00",2017.6,1945.9,71.7,0,0,0,0,0,0,0,441.8,0,7.5
,"Lun, 21.05. 05:00",2496.3,2426.1,70.2,0,0,0,0,0,0,0,538.9,0,7.5
,"Lun, 21.05. 06:00",2901.3,2810.4,90.9,0,0,0,0,0,0,0,597.5,0,8.699999809265137
,"Lun, 21.05. 07:00",2562.3,2365,197.3,0,0,0,0,0,0,0,514.3,0,10.69999980926514
,"Lun, 21.05. 08:00",2610.8,2103.9,506.9,0,0,0,0,0,0,0,568.6,0,10.89999961853027
,"Lun, 21.05. 09:00",2625.8,1722.8,903,0,0,0,0,0,0,0,610.8,0,11.60000038146973
,"Lun, 21.05. 10:00",2659,1613,1046,0,0,0,0,0,0,0,621.3,0,12.39999961853027
,"Lun, 21.05. 11:00",2648.5,1532.9,1115.6,0,0,0,0,0,0,0,621.5,0,12.80000019073486
,"Lun, 21.05. 12:00",1799.1,896.4,902.7,0,0,0,0,0,0,0,418.2,0,14.89999961853027
,"Lun, 21.05. 13:00",1712.9,983.6,729.3,0,0,0,0,0,0,0,385,0,14.39999961853027
,"Lun, 21.05. 14:00",1578.2,909.3,668.9,0,0,0,0,0,0,0,351,0,14.80000019073486
,"Lun, 21.05. 15:00",1521.3,957.3,564,0,0,0,0,0,0,0,328.5,0,14.60000038146973
,"Lun, 21.05. 16:00",1568.5,984.1,584.4,0,0,0,0,0,0,0,329.1,0,15.5
,"Lun, 21.05. 17:00",1906.5,1280,626.5,0,0,0,0,0,0,0,407.4,0,13.89999961853027
,"Lun, 21.05. 18:00",2108.7,1472.9,635.8,0,0,0,0,0,0,0,455.7,0,12.89999961853027
,"Lun, 21.05. 19:00",2358.8,1659.3,699.5,0,0,0,0,0,0,0,510.8,0,12.60000038146973
,"Lun, 21.05. 20:00",2495.2,1842.2,653,0,0,0,0,0,0,0,542.9,0,11.60000038146973
,"Lun, 21.05. 21:00",2672.1,2075,597.1,0,0,0,0,0,0,0,578.3,0,10.89999961853027
,"Lun, 21.05. 22:00",1842.3,1415.8,426.5,0,0,0,0,0,0,0,421.2,0,9.699999809265137
,"Lun, 21.05. 23:00",2284.9,1984.8,300.1,0,0,0,0,0,0,0,534.7,0,7.199999809265137
,"Mar, 22.05. 00:00",2142.6,1948.1,194.5,0,0,0,0,0,0,0,497.9,0,6.699999809265137
,"Mar, 22.05. 01:00",1897.6,1788.7,108.9,0,0,0,0,0,0,0,415.8,0,7.900000095367432
,"Mar, 22.05. 02:00",1689.8,1660.1,29.7,0,0,0,0,0,0,0,365,0,7.599999904632568
,"Mar, 22.05. 03:00",2128.4,2097.5,30.9,0,0,0,0,0,0,0,483.2,0,6
,"Mar, 22.05. 04:00",2400.2,2293.6,106.6,0,0,0,0,0,0,0,551.2,0,6.199999809265137
,"Mar, 22.05. 05:00",2826.5,2527.1,299.4,0,0,0,0,0,0,0,651.6,0,7
,"Mar, 22.05. 06:00",3474,2652.3,821.7,0,0,0,0,0,0,0,819.3,0,8.600000381469727
,"Mar, 22.05. 07:00",3238.8,2370.5,868.3,0,0,0,0,0,0,0,756.6,0,9.899999618530273
,"Mar, 22.05. 08:00",2313.6,1564.3,749.3,0,0,0,0,0,0,0,520.3,0,12.5
,"Mar, 22.05. 09:00",1654.3,1028.2,626.1,0,0,0,0,0,0,0,362.5,0,14.60000038146973
,"Mar, 22.05. 10:00",1586.7,1022.1,564.6,0,0,0,0,0,0,0,344.1,0,14.39999961853027
,"Mar, 22.05. 11:00",1470.4,911,559.4,0,0,0,0,0,0,0,305.9,0,16.20000076293945
,"Mar, 22.05. 12:00",1294.2,791.9,502.3,0,0,0,0,0,0,0,259.5,0,17.39999961853027
,"Mar, 22.05. 13:00",1352.8,839,513.8,0,0,0,0,0,0,0,269.3,0,17.39999961853027
,"Mar, 22.05. 14:00",1183.1,743.6,439.5,0,0,0,0,0,0,0,236.6,0,17.20000076293945
,"Mar, 22.05. 15:00",1269.3,819.8,449.5,0,0,0,0,0,0,0,254.2,0,16.70000076293945
,"Mar, 22.05. 16:00",1198.5,768.5,430,0,0,0,0,0,0,0,242.6,0,16.39999961853027
,"Mar, 22.05. 17:00",1494.9,901,593.9,0,0,0,0,0,0,0,319.6,0,15.39999961853027
,"Mar, 22.05. 18:00",1710.4,1058.9,651.5,0,0,0,0,0,0,0,370.9,0,14.5
,"Mar, 22.05. 19:00",2317.2,1422,895.2,0,0,0,0,0,0,0,515.4,0,13.60000038146973
,"Mar, 22.05. 20:00",2487.5,1597.9,889.6,0,0,0,0,0,0,0,559.2,0,12.5
,"Mar, 22.05. 21:00",2875,1959.6,915.4,0,0,0,0,0,0,0,656.8,0,11.10000038146973
,"Mar, 22.05. 22:00",1602.9,1145.3,457.6,0,0,0,0,0,0,0,365,0,10.80000019073486
,"Mar, 22.05. 23:00",1632.4,1349.2,283.2,0,0,0,0,0,0,0,364,0,9.5
,"Mer, 23.05. 00:00",1729.3,1525.3,204,0,0,0,0,0,0,0,383.1,0,8.699999809265137
,"Mer, 23.05. 01:00",1490.1,1384.5,105.6,0,0,0,0,0,0,0,315.3,0,9.199999809265137
,"Mer, 23.05. 02:00",1289.8,1261.7,28.1,0,0,0,0,0,0,0,266.9,0,8.899999618530273
,"Mer, 23.05. 03:00",1659.1,1626.3,32.8,0,0,0,0,0,0,0,350,0,8.300000190734863
,"Mer, 23.05. 04:00",1833,1735.5,97.5,0,0,0,0,0,0,0,407,0,7.400000095367432
,"Mer, 23.05. 05:00",2124.9,1843.5,281.4,0,0,0,0,0,0,0,480.1,0,8.199999809265137
,"Mer, 23.05. 06:00",2498,1711.4,786.6,0,0,0,0,0,0,0,586.4,0,10.30000019073486
,"Mer, 23.05. 07:00",2307.6,1423.6,884,0,0,0,0,0,0,0,538.4,0,12.10000038146973
,"Mer, 23.05. 08:00",1794,993.5,800.5,0,0,0,0,0,0,0,419.8,0,13.60000038146973
,"Mer, 23.05. 09:00",1200.1,575,625.1,0,0,0,0,0,0,0,277.7,0,15.60000038146973
,"Mer, 23.05. 10:00",1054,517.7,536.3,0,0,0,0,0,0,0,226.6,0,17.79999923706055
,"Mer, 23.05. 11:00",1042.1,519.8,522.3,0,0,0,0,0,0,0,221.4,0,18.10000038146973
,"Mer, 23.05. 12:00",1025.6,503.3,522.3,0,0,0,0,0,0,0,215.5,0,19
,"Mer, 23.05. 13:00",948.9,474.1,474.8,0,0,0,0,0,0,0,194.7,0,20
,"Mer, 23.05. 14:00",902.5,458.9,443.6,0,0,0,0,0,0,0,186.6,0,19.39999961853027
,"Mer, 23.05. 15:00",903.9,476.6,427.3,0,0,0,0,0,0,0,183.2,0,19.70000076293945
,"Mer, 23.05. 16:00",869.3,454.1,415.2,0,0,0,0,0,0,0,180.5,0,18.39999961853027
,"Mer, 23.05. 17:00",1097.2,528.2,569,0,0,0,0,0,0,0,234.8,0,17.89999961853027
,"Mer, 23.05. 18:00",1246,589.3,656.7,0,0,0,0,0,0,0,273.8,0,17
,"Mer, 23.05. 19:00",1512.4,652.8,859.6,0,0,0,0,0,0,0,350.1,0,16
,"Mer, 23.05. 20:00",1527.2,647.5,879.7,0,0,0,0,0,0,0,355.9,0,15.80000019073486
,"Mer, 23.05. 21:00",1466.2,612.3,853.9,0,0,0,0,0,0,0,342.8,0,15.60000038146973
,"Mer, 23.05. 22:00",654.9,207.3,447.6,0,0,0,0,0,0,0,167,0,14.80000019073486
,"Mer, 23.05. 23:00",701.2,412,289.2,0,0,0,0,0,0,0,158.8,0,13.60000038146973
,"Jeu, 24.05. 00:00",781.5,605.3,176.2,0,0,0,0,0,0,0,164,0,12.19999980926514
,"Jeu, 24.05. 01:00",1040.1,938.5,101.6,0,0,0,0,0,0,0,210.5,0,10.89999961853027
,"Jeu, 24.05. 02:00",1262,1229.7,32.3,0,0,0,0,0,0,0,253.1,0,9.800000190734863
,"Jeu, 24.05. 03:00",1430.4,1398.1,32.3,0,0,0,0,0,0,0,293.6,0,9.100000381469727
,"Jeu, 24.05. 04:00",1798.8,1698.6,100.2,0,0,0,0,0,0,0,397.4,0,7.599999904632568
,"Jeu, 24.05. 05:00",1991.7,1687.2,304.5,0,0,0,0,0,0,0,444.1,0,9
,"Jeu, 24.05. 06:00",2174,1321.6,852.4,0,0,0,0,0,0,0,512.3,0,11.69999980926514
,"Jeu, 24.05. 07:00",1733.2,875.9,857.3,0,0,0,0,0,0,0,415.1,0,13.5
,"Jeu, 24.05. 08:00",1211,485.8,725.2,0,0,0,0,0,0,0,299.1,0,14.80000019073486
,"Jeu, 24.05. 09:00",1042,418,624,0,0,0,0,0,0,0,243.5,0,16.79999923706055
,"Jeu, 24.05. 10:00",1005.5,414.9,590.6,0,0,0,0,0,0,0,218.1,0,19.79999923706055
,"Jeu, 24.05. 11:00",891.1,374.7,516.4,0,0,0,0,0,0,0,191.1,0,20.10000038146973
,"Jeu, 24.05. 12:00",801,330.4,470.6,0,0,0,0,0,0,0,165.5,0,22.20000076293945
,"Jeu, 24.05. 13:00",851.7,358.8,492.9,0,0,0,0,0,0,0,170.5,0,23.5
,"Jeu, 24.05. 14:00",753,323.5,429.5,0,0,0,0,0,0,0,153.4,0,22.5
,"Jeu, 24.05. 15:00",805,360.9,444.1,0,0,0,0,0,0,0,160.2,0,23.10000038146973
,"Jeu, 24.05. 16:00",854,378.8,475.2,0,0,0,0,0,0,0,177,0,21.10000038146973
,"Jeu, 24.05. 17:00",973,392.8,580.2,0,0,0,0,0,0,0,207.8,0,20.5
,"Jeu, 24.05. 18:00",1074.5,425.1,649.4,0,0,0,0,0,0,0,233.8,0,19.70000076293945
,"Jeu, 24.05. 19:00",1360.8,485.2,875.6,0,0,0,0,0,0,0,309.3,0,18.5
,"Jeu, 24.05. 20:00",1405.3,491.2,914.1,0,0,0,0,0,0,0,324,0,17.79999923706055
,"Jeu, 24.05. 21:00",1272.7,437.2,835.5,0,0,0,0,0,0,0,295.1,0,17.5
,"Jeu, 24.05. 22:00",604.8,129.3,475.5,0,0,0,0,0,0,0,154,0,17.10000038146973
,"Jeu, 24.05. 23:00",364.5,78.7,285.8,0,0,0,0,0,0,0,93.5,0,16.89999961853027
,"Ven, 25.05. 00:00",226.1,32.2,193.9,0,0,0,0,0,0,0,60.9,0,16.5
,"Ven, 25.05. 01:00",149.7,51.4,98.3,0,0,0,0,0,0,0,37.8,0,14.89999961853027
,"Ven, 25.05. 02:00",188.3,157.8,30.5,0,0,0,0,0,0,0,34.9,0,14.39999961853027
,"Ven, 25.05. 03:00",251.8,219.2,32.6,0,0,0,0,0,0,0,45.8,0,14.19999980926514
,"Ven, 25.05. 04:00",412,306.7,105.3,0,0,0,0,0,0,0,83.2,0,13.89999961853027
,"Ven, 25.05. 05:00",765.3,457.6,307.7,0,0,0,0,0,0,0,170.7,0,13.69999980926514
,"Ven, 25.05. 06:00",1332.5,481.1,851.4,0,0,0,0,0,0,0,337.9,0,14.10000038146973
,"Ven, 25.05. 07:00",1209,283.8,925.2,0,0,0,0,0,0,0,319.7,0,15.39999961853027
,"Ven, 25.05. 08:00",933.1,209.5,723.6,0,0,0,0,0,0,0,240.9,0,16.70000076293945
,"Ven, 25.05. 09:00",812.2,194.7,617.5,0,0,0,0,0,0,0,198.5,0,18.60000038146973
,"Ven, 25.05. 10:00",681.8,169.2,512.6,0,0,0,0,0,0,0,163,0,19.39999961853027
,"Ven, 25.05. 11:00",698.9,178,520.9,0,0,0,0,0,0,0,162.6,0,20.39999961853027
,"Ven, 25.05. 12:00",639.3,159.1,480.2,0,0,0,0,0,0,0,145.2,0,21.70000076293945
,"Ven, 25.05. 13:00",681.4,174.2,507.2,0,0,0,0,0,0,0,154.9,0,21.5
,"Ven, 25.05. 14:00",587.4,154,433.4,0,0,0,0,0,0,0,135.3,0,20.79999923706055
,"Ven, 25.05. 15:00",589.9,163.6,426.3,0,0,0,0,0,0,0,137.7,0,19.70000076293945
,"Ven, 25.05. 16:00",679,185.7,493.3,0,0,0,0,0,0,0,162.6,0,18.60000038146973
,"Ven, 25.05. 17:00",812,196.6,615.4,0,0,0,0,0,0,0,196.6,0,18.79999923706055
,"Ven, 25.05. 18:00",823.3,194.7,628.6,0,0,0,0,0,0,0,206,0,17.39999961853027
,"Ven, 25.05. 19:00",1295.5,377.9,917.6,0,0,0,0,0,0,0,339.8,0,14.39999961853027
,"Ven, 25.05. 20:00",1470.9,584.9,886,0,0,0,0,0,0,0,374.6,0,13.30000019073486
,"Ven, 25.05. 21:00",1430.5,621.9,808.6,0,0,0,0,0,0,0,360.5,0,12.89999961853027
,"Ven, 25.05. 22:00",1423.4,953.3,470.1,0,0,0,0,0,0,0,333.9,0,10.80000019073486
,"Ven, 25.05. 23:00",1112.6,838.8,273.8,0,0,0,0,0,0,0,245.8,0,11.10000038146973
,"Sam, 26.05. 00:00",1306.5,1077.7,228.8,0,0,0,0,0,0,0,279.8,0,10.69999980926514
,"Sam, 26.05. 01:00",1098.1,974.3,123.8,0,0,0,0,0,0,0,224.4,0,10.89999961853027
,"Sam, 26.05. 02:00",1033.3,964.8,68.5,0,0,0,0,0,0,0,205.8,0,10.69999980926514
,"Sam, 26.05. 03:00",1027.8,995.9,31.9,0,0,0,0,0,0,0,198,0,10.89999961853027
,"Sam, 26.05. 04:00",1021.2,959.3,61.9,0,0,0,0,0,0,0,197.6,0,11.30000019073486
,"Sam, 26.05. 05:00",1175.5,1112.4,63.1,0,0,0,0,0,0,0,218.7,0,11.89999961853027
,"Sam, 26.05. 06:00",1388.3,1307.4,80.9,0,0,0,0,0,0,0,254.5,0,12.19999980926514
,"Sam, 26.05. 07:00",1381.9,1194.9,187,0,0,0,0,0,0,0,267.9,0,12.69999980926514
,"Sam, 26.05. 08:00",1228.5,774.6,453.9,0,0,0,0,0,0,0,271.8,0,13.80000019073486
,"Sam, 26.05. 09:00",1333.8,476,857.8,0,0,0,0,0,0,0,325.4,0,16
,"Sam, 26.05. 10:00",1434.8,464.3,970.5,0,0,0,0,0,0,0,349.8,0,16.70000076293945
,"Sam, 26.05. 11:00",1519.2,467.4,1051.8,0,0,0,0,0,0,0,363.7,0,17.70000076293945
,"Sam, 26.05. 12:00",1393.8,448.8,945,0,0,0,0,0,0,0,317.5,0,19.70000076293945
,"Sam, 26.05. 13:00",1046.9,380.2,666.7,0,0,0,0,0,0,0,237,0,18.79999923706055
,"Sam, 26.05. 14:00",1139.4,434.6,704.8,0,0,0,0,0,0,0,250.6,0,19.79999923706055
,"Sam, 26.05. 15:00",1006.8,430.6,576.2,0,0,0,0,0,0,0,214.4,0,20
,"Sam, 26.05. 16:00",1024.3,452.3,572,0,0,0,0,0,0,0,221.4,0,18.70000076293945
,"Sam, 26.05. 17:00",1124.2,493.7,630.5,0,0,0,0,0,0,0,255.8,0,16.60000038146973
,"Sam, 26.05. 18:00",1171.9,518.5,653.4,0,0,0,0,0,0,0,276.2,0,15.19999980926514
,"Sam, 26.05. 19:00",1610.1,832.9,777.2,0,0,0,0,0,0,0,373.5,0,14.10000038146973
,"Sam, 26.05. 20:00",1753.7,1049.8,703.9,0,0,0,0,0,0,0,400.6,0,12.89999961853027
,"Sam, 26.05. 21:00",1597.7,1062.4,535.3,0,0,0,0,0,0,0,353.6,0,12.39999961853027
,"Sam, 26.05. 22:00",1313.7,861.8,451.9,0,0,0,0,0,0,0,300.2,0,11.80000019073486
,"Sam, 26.05. 23:00",1231.7,930.5,301.2,0,0,0,0,0,0,0,270.8,0,11.19999980926514
,"Dim, 27.05. 00:00",1178.8,967.8,211,0,0,0,0,0,0,0,252,0,10.89999961853027
,"Dim, 27.05. 01:00",1439.9,1312.8,127.1,0,0,0,0,0,0,0,303.7,0,9.600000381469727
,"Dim, 27.05. 02:00",1569.6,1494.4,75.2,0,0,0,0,0,0,0,330.6,0,8.899999618530273
,"Dim, 27.05. 03:00",1595.8,1565.2,30.6,0,0,0,0,0,0,0,339.2,0,8.100000381469727
,"Dim, 27.05. 04:00",1772.2,1699.8,72.4,0,0,0,0,0,0,0,381.8,0,8.100000381469727
,"Dim, 27.05. 05:00",1808.4,1740.9,67.5,0,0,0,0,0,0,0,377.7,0,8.699999809265137
,"Dim, 27.05. 06:00",1782.7,1693.5,89.2,0,0,0,0,0,0,0,344.5,0,10.80000019073486
,"Dim, 27.05. 07:00",1578.9,1383.3,195.6,0,0,0,0,0,0,0,308.5,0,12.30000019073486
,"Dim, 27.05. 08:00",1336.3,838.3,498,0,0,0,0,0,0,0,293.3,0,14.19999980926514
,"Dim, 27.05. 09:00",1525.4,593,932.4,0,0,0,0,0,0,0,365.5,0,16.10000038146973
,"Dim, 27.05. 10:00",1552.5,554.6,997.9,0,0,0,0,0,0,0,365.3,0,17.29999923706055
,"Dim, 27.05. 11:00",1556,531.4,1024.6,0,0,0,0,0,0,0,345,0,20.5
,"Dim, 27.05. 12:00",1414.1,500.1,914,0,0,0,0,0,0,0,315.5,0,19.89999961853027
,"Dim, 27.05. 13:00",1229.1,490.6,738.5,0,0,0,0,0,0,0,263.3,0,20.60000038146973
,"Dim, 27.05. 14:00",1103.1,465.6,637.5,0,0,0,0,0,0,0,228.6,0,21.79999923706055
,"Dim, 27.05. 15:00",1059.6,494.1,565.5,0,0,0,0,0,0,0,216.3,0,21.20000076293945
,"Dim, 27.05. 16:00",1097.6,534.8,562.8,0,0,0,0,0,0,0,218.7,0,21.79999923706055
,"Dim, 27.05. 17:00",1072.7,519.1,553.6,0,0,0,0,0,0,0,219.9,0,20.10000038146973
,"Dim, 27.05. 18:00",1297.6,625.6,672,0,0,0,0,0,0,0,272.2,0,18.70000076293945
,"Dim, 27.05. 19:00",1417.6,687.4,730.2,0,0,0,0,0,0,0,308.3,0,16.89999961853027
,"Dim, 27.05. 20:00",1337.3,669.1,668.2,0,0,0,0,0,0,0,300.5,0,15.39999961853027
,"Dim, 27.05. 21:00",1362.4,787.3,575.1,0,0,0,0,0,0,0,299.5,0,14.30000019073486
,"Dim, 27.05. 22:00",1493,1029.9,463.1,0,0,0,0,0,0,0,340.1,0,11.30000019073486
,"Dim, 27.05. 23:00",1323.7,1057.1,266.6,0,0,0,0,0,0,0,292.5,0,10.30000019073486
,"Lun, 28.05. 00:00",1681.9,1469.5,212.4,0,0,0,0,0,0,0,368.4,0,9.199999809265137
,"Lun, 28.05. 01:00",1316.7,1215.8,100.9,0,0,0,0,0,0,0,274.6,0,9.699999809265137
,"Lun, 28.05. 02:00",1482.2,1451.8,30.4,0,0,0,0,0,0,0,310.8,0,8.5
,"Lun, 28.05. 03:00",1817.2,1785.5,31.7,0,0,0,0,0,0,0,394.8,0,7.400000095367432
,"Lun, 28.05. 04:00",1939.6,1839.9,99.7,0,0,0,0,0,0,0,434.5,0,7.099999904632568
,"Lun, 28.05. 05:00",2002.7,1711,291.7,0,0,0,0,0,0,0,444.3,0,9
,"Lun, 28.05. 06:00",2322.2,1507.2,815,0,0,0,0,0,0,0,539.9,0,11.30000019073486
,"Lun, 28.05. 07:00",1956.4,1086.2,870.2,0,0,0,0,0,0,0,457.6,0,13.30000019073486
,"Lun, 28.05. 08:00",1322.8,579.4,743.4,0,0,0,0,0,0,0,315.7,0,15.39999961853027
,"Lun, 28.05. 09:00",1195.7,550.2,645.5,0,0,0,0,0,0,0,262.5,0,17.79999923706055
,"Lun, 28.05. 10:00",998.6,471.4,527.2,0,0,0,0,0,0,0,210.9,0,19.5
,"Lun, 28.05. 11:00",947.9,454.7,493.2,0,0,0,0,0,0,0,195.2,0,20.5
,"Lun, 28.05. 12:00",886.5,418.3,468.2,0,0,0,0,0,0,0,178.3,0,22
,"Lun, 28.05. 13:00",944.8,453.8,491,0,0,0,0,0,0,0,182.7,0,23.79999923706055
,"Lun, 28.05. 14:00",871.7,426.6,445.1,0,0,0,0,0,0,0,167.5,0,24
,"Lun, 28.05. 15:00",889.4,451.9,437.5,0,0,0,0,0,0,0,167.7,0,24.29999923706055
,"Lun, 28.05. 16:00",923.3,464.7,458.6,0,0,0,0,0,0,0,174.9,0,24.10000038146973
,"Lun, 28.05. 17:00",1096.2,506.8,589.4,0,0,0,0,0,0,0,214.3,0,23.39999961853027
,"Lun, 28.05. 18:00",1231.7,559.2,672.5,0,0,0,0,0,0,0,253.3,0,20.89999961853027
,"Lun, 28.05. 19:00",1382.2,570.7,811.5,0,0,0,0,0,0,0,294.2,0,20.10000038146973
,"Lun, 28.05. 20:00",1469.6,595.8,873.8,0,0,0,0,0,0,0,322.7,0,18.5
,"Lun, 28.05. 21:00",1425.9,568.7,857.2,0,0,0,0,0,0,0,338.6,0,15.5
,"Lun, 28.05. 22:00",688.1,262.5,425.6,0,0,0,0,0,0,0,171.2,0,14.39999961853027
,"Lun, 28.05. 23:00",538.1,262.4,275.7,0,0,0,0,0,0,0,127.4,0,14.19999980926514
,"Mar, 29.05. 00:00",831.8,641.1,190.7,0,0,0,0,0,0,0,174.9,0,12.19999980926514
,"Mar, 29.05. 01:00",1231.1,1127.3,103.8,0,0,0,0,0,0,0,254.1,0,10.10000038146973
,"Mar, 29.05. 02:00",821.5,789.9,31.6,0,0,0,0,0,0,0,154.6,0,11.60000038146973
,"Mar, 29.05. 03:00",1082.9,1052.2,30.7,0,0,0,0,0,0,0,213.3,0,10.30000019073486
,"Mar, 29.05. 04:00",1379.6,1269.6,110,0,0,0,0,0,0,0,284.5,0,10
,"Mar, 29.05. 05:00",1507.9,1231.6,276.3,0,0,0,0,0,0,0,330.3,0,10.10000038146973
,"Mar, 29.05. 06:00",1552.6,730.4,822.2,0,0,0,0,0,0,0,375,0,13.60000038146973
,"Mar, 29.05. 07:00",1290.1,421,869.1,0,0,0,0,0,0,0,320.1,0,15.89999961853027
,"Mar, 29.05. 08:00",1104.1,346.8,757.3,0,0,0,0,0,0,0,261.3,0,18.20000076293945
,"Mar, 29.05. 09:00",949.1,316.3,632.8,0,0,0,0,0,0,0,215.7,0,19.70000076293945
,"Mar, 29.05. 10:00",802.5,276,526.5,0,0,0,0,0,0,0,171.8,0,22.20000076293945
,"Mar, 29.05. 11:00",782.8,274.8,508,0,0,0,0,0,0,0,158.1,0,24.70000076293945
,"Mar, 29.05. 12:00",728.4,250.5,477.9,0,0,0,0,0,0,0,139.3,0,27.20000076293945
,"Mar, 29.05. 13:00",756.9,266.5,490.4,0,0,0,0,0,0,0,143.9,0,27.29999923706055
,"Mar, 29.05. 14:00",701.6,252.6,449,0,0,0,0,0,0,0,131.4,0,27.79999923706055
,"Mar, 29.05. 15:00",695.2,262.7,432.5,0,0,0,0,0,0,0,128.6,0,28
,"Mar, 29.05. 16:00",746.3,278.7,467.6,0,0,0,0,0,0,0,141.7,0,26.89999961853027
,"Mar, 29.05. 17:00",922.2,309.9,612.3,0,0,0,0,0,0,0,186.4,0,24.79999923706055
,"Mar, 29.05. 18:00",980.9,322.3,658.6,0,0,0,0,0,0,0,206.1,0,23.20000076293945
,"Mar, 29.05. 19:00",1170.5,342.9,827.6,0,0,0,0,0,0,0,260,0,21.39999961853027
,"Mar, 29.05. 20:00",1260.9,361.4,899.5,0,0,0,0,0,0,0,289.8,0,19.79999923706055
,"Mar, 29.05. 21:00",1215.2,342.3,872.9,0,0,0,0,0,0,0,276.6,0,20.20000076293945
,"Mar, 29.05. 22:00",568.4,95.9,472.5,0,0,0,0,0,0,0,146.2,0,17.70000076293945
,"Mar, 29.05. 23:00",335.3,57.3,278,0,0,0,0,0,0,0,90.1,0,16.10000038146973
,"Mer, 30.05. 00:00",210,15.6,194.4,0,0,0,0,0,0,0,60.3,0,15.39999961853027
,"Mer, 30.05. 01:00",456.3,359.5,96.8,0,0,0,0,0,0,0,91.3,0,13.30000019073486
,"Mer, 30.05. 02:00",280.3,249.3,31,0,0,0,0,0,0,0,50.9,0,13.89999961853027
,"Mer, 30.05. 03:00",388.9,358,30.9,0,0,0,0,0,0,0,70.2,0,13.39999961853027
,"Mer, 30.05. 04:00",666.6,564.8,101.8,0,0,0,0,0,0,0,131.5,0,12.5
,"Mer, 30.05. 05:00",759.5,465.9,293.6,0,0,0,0,0,0,0,170.9,0,13.19999980926514
,"Mer, 30.05. 06:00",892.1,129,763.1,0,0,0,0,0,0,0,246.4,0,15.39999961853027
,"Mer, 30.05. 07:00",982.8,131.9,850.9,0,0,0,0,0,0,0,266,0,16.60000038146973
,"Mer, 30.05. 08:00",866.8,110.4,756.4,0,0,0,0,0,0,0,227.1,0,18.10000038146973
,"Mer, 30.05. 09:00",682.5,93.7,588.8,0,0,0,0,0,0,0,170.7,0,19.89999961853027
,"Mer, 30.05. 10:00",581.8,83.1,498.7,0,0,0,0,0,0,0,139.2,0,21.70000076293945
,"Mer, 30.05. 11:00",606.3,88.8,517.5,0,0,0,0,0,0,0,142.4,0,22.29999923706055
,"Mer, 30.05. 12:00",603.9,86.3,517.6,0,0,0,0,0,0,0,140.8,0,22.70000076293945
,"Mer, 30.05. 13:00",557.7,82.3,475.4,0,0,0,0,0,0,0,128.2,0,23.20000076293945
,"Mer, 30.05. 14:00",528.9,80.5,448.4,0,0,0,0,0,0,0,119.8,0,23.70000076293945
,"Mer, 30.05. 15:00",531.2,86.2,445,0,0,0,0,0,0,0,119.2,0,23.89999961853027
,"Mer, 30.05. 16:00",555.3,88.4,466.9,0,0,0,0,0,0,0,126.7,0,23.29999923706055
,"Mer, 30.05. 17:00",703.6,97.9,605.7,0,0,0,0,0,0,0,166.1,0,22.20000076293945
,"Mer, 30.05. 18:00",776,105,671,0,0,0,0,0,0,0,190.6,0,20.70000076293945
,"Mer, 30.05. 19:00",936,109.5,826.5,0,0,0,0,0,0,0,238.3,0,19.5
,"Mer, 30.05. 20:00",974,111.1,862.9,0,0,0,0,0,0,0,251.3,0,18.89999961853027
,"Mer, 30.05. 21:00",1000.7,111.6,889.1,0,0,0,0,0,0,0,262.3,0,18.20000076293945
,"Mer, 30.05. 22:00",547.6,33.3,514.3,0,0,0,0,0,0,0,151.4,0,17.20000076293945
,"Mer, 30.05. 23:00",302.1,18.9,283.2,0,0,0,0,0,0,0,84.8,0,16.5
,"Jeu, 31.05. 00:00",252.7,34.5,218.2,0,0,0,0,0,0,0,70.4,0,15.39999961853027
,"Jeu, 31.05. 01:00",615.7,491.7,124,0,0,0,0,0,0,0,124.2,0,12.89999961853027
,"Jeu, 31.05. 02:00",1040.3,966.8,73.5,0,0,0,0,0,0,0,207,0,10.80000019073486
,"Jeu, 31.05. 03:00",909.5,876.5,33,0,0,0,0,0,0,0,173,0,11.30000019073486
,"Jeu, 31.05. 04:00",1093.6,1021.6,72,0,0,0,0,0,0,0,218.7,0,10.60000038146973
,"Jeu, 31.05. 05:00",975.6,902.2,73.4,0,0,0,0,0,0,0,187,0,11.69999980926514
,"Jeu, 31.05. 06:00",529.1,430.4,98.7,0,0,0,0,0,0,0,97.8,0,14.5
,"Jeu, 31.05. 07:00",439.3,257.9,181.4,0,0,0,0,0,0,0,91.8,0,16.20000076293945
,"Jeu, 31.05. 08:00",760.4,240.8,519.6,0,0,0,0,0,0,0,181.5,0,17.70000076293945
,"Jeu, 31.05. 09:00",1088.2,196.5,891.7,0,0,0,0,0,0,0,268.3,0,19.60000038146973
,"Jeu, 31.05. 10:00",1208,195.3,1012.7,0,0,0,0,0,0,0,289.2,0,21.29999923706055
,"Jeu, 31.05. 11:00",1251.4,191.1,1060.3,0,0,0,0,0,0,0,288.5,0,23
,"Jeu, 31.05. 12:00",1060.2,169.1,891.1,0,0,0,0,0,0,0,239.4,0,23.70000076293945
,"Jeu, 31.05. 13:00",913.4,171.2,742.2,0,0,0,0,0,0,0,195.9,0,25.20000076293945
,"Jeu, 31.05. 14:00",787.1,159.3,627.8,0,0,0,0,0,0,0,167.1,0,25.39999961853027
,"Jeu, 31.05. 15:00",778.3,181.2,597.1,0,0,0,0,0,0,0,165,0,24.89999961853027
,"Jeu, 31.05. 16:00",730.1,181.2,548.9,0,0,0,0,0,0,0,150.3,0,25.79999923706055
,"Jeu, 31.05. 17:00",803.6,197.5,606.1,0,0,0,0,0,0,0,171.4,0,24.29999923706055
,"Jeu, 31.05. 18:00",885.2,216.3,668.9,0,0,0,0,0,0,0,202.6,0,21.29999923706055
,"Jeu, 31.05. 19:00",964.3,237.7,726.6,0,0,0,0,0,0,0,224.6,0,20.29999923706055
,"Jeu, 31.05. 20:00",933.4,240.8,692.6,0,0,0,0,0,0,0,221.1,0,19.20000076293945
,"Jeu, 31.05. 21:00",801.4,223.4,578,0,0,0,0,0,0,0,190.4,0,18.20000076293945
,"Jeu, 31.05. 22:00",517.8,66,451.8,0,0,0,0,0,0,0,138.9,0,16.89999961853027
,"Jeu, 31.05. 23:00",305,36.7,268.3,0,0,0,0,0,0,0,84.2,0,16.10000038146973
,"Ven, 01.06. 00:00",188.3,0,188.3,0,0,0,0,0,0,0,55.9,0,15.5
,"Ven, 01.06. 01:00",97.6,0,97.6,0,0,0,0,0,0,0,29.3,0,15
,"Ven, 01.06. 02:00",32.3,0,32.3,0,0,0,0,0,0,0,9.7,0,15
,"Ven, 01.06. 03:00",31.3,0,31.3,0,0,0,0,0,0,0,9.4,0,15.30000019073486
,"Ven, 01.06. 04:00",100.3,0,100.3,0,0,0,0,0,0,0,29.4,0,16.10000038146973
,"Ven, 01.06. 05:00",278.2,0,278.2,0,0,0,0,0,0,0,79,0,17.39999961853027
,"Ven, 01.06. 06:00",835.9,0,835.9,0,0,0,0,0,0,0,242.3,0,16.60000038146973
,"Ven, 01.06. 07:00",865.8,0,865.8,0,0,0,0,0,0,0,240.5,0,18.39999961853027
,"Ven, 01.06. 08:00",754.7,0,754.7,0,0,0,0,0,0,0,203.4,0,19.60000038146973
,"Ven, 01.06. 09:00",575.2,0,575.2,0,0,0,0,0,0,0,148.6,0,21.29999923706055
,"Ven, 01.06. 10:00",552.3,0,552.3,0,0,0,0,0,0,0,130.9,0,24.5
,"Ven, 01.06. 11:00",516.4,0,516.4,0,0,0,0,0,0,0,125.3,0,23.60000038146973
,"Ven, 01.06. 12:00",526.2,0,526.2,0,0,0,0,0,0,0,117.5,0,26.5
,"Ven, 01.06. 13:00",445.9,0,445.9,0,0,0,0,0,0,0,103.5,0,25.20000076293945
,"Ven, 01.06. 14:00",482.9,0,482.9,0,0,0,0,0,0,0,113.1,0,24.89999961853027
,"Ven, 01.06. 15:00",435.3,0,435.3,0,0,0,0,0,0,0,105.4,0,23.70000076293945
,"Ven, 01.06. 16:00",484.5,0,484.5,0,0,0,0,0,0,0,110.9,0,25.70000076293945
,"Ven, 01.06. 17:00",616.2,0,616.2,0,0,0,0,0,0,0,147.1,0,24.20000076293945
,"Ven, 01.06. 18:00",636.5,0,636.5,0,0,0,0,0,0,0,158.3,0,22.70000076293945
,"Ven, 01.06. 19:00",867.1,0,867.1,0,0,0,0,0,0,0,226.4,0,20.89999961853027
,"Ven, 01.06. 20:00",878.5,0,878.5,0,0,0,0,0,0,0,227.6,0,21.20000076293945
,"Ven, 01.06. 21:00",887,0,887,0,0,0,0,0,0,0,237.2,0,19.89999961853027
,"Ven, 01.06. 22:00",466,0,466,0,0,0,0,0,0,0,127,0,19.10000038146973
,"Ven, 01.06. 23:00",268.8,0,268.8,0,0,0,0,0,0,0,77.9,0,16.5
,"Sam, 02.06. 00:00",216.5,0,216.5,0,0,0,0,0,0,0,61.9,0,17.20000076293945
,"Sam, 02.06. 01:00",122.8,0,122.8,0,0,0,0,0,0,0,36.2,0,15.80000019073486
,"Sam, 02.06. 02:00",75,0,75,0,0,0,0,0,0,0,22.3,0,15.5
,"Sam, 02.06. 03:00",30.4,0,30.4,0,0,0,0,0,0,0,9,0,15.69999980926514
,"Sam, 02.06. 04:00",57,0,57,0,0,0,0,0,0,0,17.1,0,15.10000038146973
,"Sam, 02.06. 05:00",59,0,59,0,0,0,0,0,0,0,17.5,0,15.5
,"Sam, 02.06. 06:00",91.3,0,91.3,0,0,0,0,0,0,0,26.6,0,16.29999923706055
,"Sam, 02.06. 07:00",185.6,0,185.6,0,0,0,0,0,0,0,53.5,0,16.79999923706055
,"Sam, 02.06. 08:00",498.4,0,498.4,0,0,0,0,0,0,0,138.5,0,18.39999961853027
,"Sam, 02.06. 09:00",933.5,0,933.5,0,0,0,0,0,0,0,246.3,0,20.39999961853027
,"Sam, 02.06. 10:00",992.1,0,992.1,0,0,0,0,0,0,0,246.2,0,22.79999923706055
,"Sam, 02.06. 11:00",1063.5,0,1063.5,0,0,0,0,0,0,0,252,0,24.5
,"Sam, 02.06. 12:00",973.6,0,973.6,0,0,0,0,0,0,0,221.3,0,25.89999961853027
,"Sam, 02.06. 13:00",736.2,0,736.2,0,0,0,0,0,0,0,152.7,0,28.89999961853027
,"Sam, 02.06. 14:00",678.4,0,678.4,0,0,0,0,0,0,0,140.7,0,28.89999961853027
,"Sam, 02.06. 15:00",571.7,0,571.7,0,0,0,0,0,0,0,117.9,0,29.10000038146973
,"Sam, 02.06. 16:00",619.2,0,619.2,0,0,0,0,0,0,0,130.1,0,28.5
,"Sam, 02.06. 17:00",638,0,638,0,0,0,0,0,0,0,139.3,0,27.29999923706055
,"Sam, 02.06. 18:00",743.5,0,743.5,0,0,0,0,0,0,0,172.5,0,25.20000076293945
,"Sam, 02.06. 19:00",785.4,0,785.4,0,0,0,0,0,0,0,195.4,0,22.70000076293945
,"Sam, 02.06. 20:00",698.2,0,698.2,0,0,0,0,0,0,0,177.6,0,21.89999961853027
,"Sam, 02.06. 21:00",530.4,0,530.4,0,0,0,0,0,0,0,139.2,0,20.60000038146973
,"Sam, 02.06. 22:00",461.5,0,461.5,0,0,0,0,0,0,0,124.7,0,19.5
,"Sam, 02.06. 23:00",275.5,0,275.5,0,0,0,0,0,0,0,80.3,0,16.29999923706055
,"Dim, 03.06. 00:00",220.5,7.2,213.3,0,0,0,0,0,0,0,64.4,0,15.5
,"Dim, 03.06. 01:00",132.5,7.5,125,0,0,0,0,0,0,0,38.7,0,15
,"Dim, 03.06. 02:00",252.2,180.2,72,0,0,0,0,0,0,0,51.5,0,14.19999980926514
,"Dim, 03.06. 03:00",325.4,295.3,30.1,0,0,0,0,0,0,0,58.9,0,13.60000038146973
,"Dim, 03.06. 04:00",474.7,399.5,75.2,0,0,0,0,0,0,0,91.4,0,13.30000019073486
,"Dim, 03.06. 05:00",101.9,34.3,67.6,0,0,0,0,0,0,0,25.4,0,15.19999980926514
,"Dim, 03.06. 06:00",161.3,65.6,95.7,0,0,0,0,0,0,0,36.2,0,17.29999923706055
,"Dim, 03.06. 07:00",245.8,57.5,188.3,0,0,0,0,0,0,0,59.1,0,19.29999923706055
,"Dim, 03.06. 08:00",531.9,47.9,484,0,0,0,0,0,0,0,130.6,0,21.70000076293945
,"Dim, 03.06. 09:00",997.5,45.1,952.4,0,0,0,0,0,0,0,241.5,0,23
,"Dim, 03.06. 10:00",1081.7,43,1038.7,0,0,0,0,0,0,0,248.6,0,25
,"Dim, 03.06. 11:00",1076.5,40,1036.5,0,0,0,0,0,0,0,231.8,0,27.29999923706055
,"Dim, 03.06. 12:00",904.9,35.4,869.5,0,0,0,0,0,0,0,187.5,0,28.5
,"Dim, 03.06. 13:00",830.4,38.9,791.5,0,0,0,0,0,0,0,167.8,0,29.20000076293945
,"Dim, 03.06. 14:00",625.6,32.7,592.9,0,0,0,0,0,0,0,124.2,0,29.70000076293945
,"Dim, 03.06. 15:00",608.9,36.9,572,0,0,0,0,0,0,0,121,0,29.60000038146973
,"Dim, 03.06. 16:00",562.1,36.9,525.2,0,0,0,0,0,0,0,112.2,0,29.39999961853027
,"Dim, 03.06. 17:00",613.4,40.1,573.3,0,0,0,0,0,0,0,124.3,0,28.89999961853027
,"Dim, 03.06. 18:00",712.7,46,666.7,0,0,0,0,0,0,0,149.9,0,27.70000076293945
,"Dim, 03.06. 19:00",751.6,49.1,702.5,0,0,0,0,0,0,0,167.7,0,25.60000038146973
,"Dim, 03.06. 20:00",712.5,49.6,662.9,0,0,0,0,0,0,0,165.9,0,24
,"Dim, 03.06. 21:00",599.3,45.7,553.6,0,0,0,0,0,0,0,144.4,0,22.5
,"Dim, 03.06. 22:00",450.3,13.5,436.8,0,0,0,0,0,0,0,112.3,0,22
,"Dim, 03.06. 23:00",307.5,9.3,298.2,0,0,0,0,0,0,0,81.6,0,19.60000038146973
,"Lun, 04.06. 00:00",191.2,0,191.2,0,0,0,0,0,0,0,53.1,0,18.39999961853027
,"Lun, 04.06. 01:00",96.3,0,96.3,0,0,0,0,0,0,0,27.5,0,17.20000076293945
,"Lun, 04.06. 02:00",29.1,0,29.1,0,0,0,0,0,0,0,8.5,0,16.29999923706055
,"Lun, 04.06. 03:00",30,0,30,0,0,0,0,0,0,0,8.7,0,16.29999923706055
,"Lun, 04.06. 04:00",101.1,0,101.1,0,0,0,0,0,0,0,30.1,0,15.39999961853027
,"Lun, 04.06. 05:00",289.5,0,289.5,0,0,0,0,0,0,0,82.9,0,17.10000038146973
,"Lun, 04.06. 06:00",791.7,0,791.7,0,0,0,0,0,0,0,215.1,0,19.29999923706055
,"Lun, 04.06. 07:00",863.5,0,863.5,0,0,0,0,0,0,0,224.3,0,21.10000038146973
,"Lun, 04.06. 08:00",737.4,0,737.4,0,0,0,0,0,0,0,179.8,0,23.39999961853027
,"Lun, 04.06. 09:00",597.6,0,597.6,0,0,0,0,0,0,0,140.6,0,24.70000076293945
,"Lun, 04.06. 10:00",577.6,0,577.6,0,0,0,0,0,0,0,125.6,0,27.39999961853027
,"Lun, 04.06. 11:00",575.8,0,575.8,0,0,0,0,0,0,0,119.7,0,28.79999923706055
,"Lun, 04.06. 12:00",499.4,0,499.4,0,0,0,0,0,0,0,100.3,0,29.89999961853027
,"Lun, 04.06. 13:00",482.3,0,482.3,0,0,0,0,0,0,0,93.6,0,30.89999961853027
,"Lun, 04.06. 14:00",445.9,0,445.9,0,0,0,0,0,0,0,87.8,0,30.5
,"Lun, 04.06. 15:00",408.2,0,408.2,0,0,0,0,0,0,0,77,0,31.70000076293945
,"Lun, 04.06. 16:00",450.8,0,450.8,0,0,0,0,0,0,0,84.3,0,32
,"Lun, 04.06. 17:00",572.7,0,572.7,0,0,0,0,0,0,0,117.6,0,29.20000076293945
,"Lun, 04.06. 18:00",680.4,0,680.4,0,0,0,0,0,0,0,157.1,0,25.39999961853027
,"Lun, 04.06. 19:00",847.3,0,847.3,0,0,0,0,0,0,0,219.5,0,21.20000076293945
,"Lun, 04.06. 20:00",813.6,0,813.6,0,0,0,0,0,0,0,208.6,0,21.60000038146973
,"Lun, 04.06. 21:00",849.8,0,849.8,0,0,0,0,0,0,0,223.6,0,20.5
,"Lun, 04.06. 22:00",441.1,0,441.1,0,0,0,0,0,0,0,115.5,0,20.79999923706055
,"Lun, 04.06. 23:00",267.9,0,267.9,0,0,0,0,0,0,0,72,0,19.70000076293945
,"Mar, 05.06. 00:00",195,0,195,0,0,0,0,0,0,0,53.1,0,19.20000076293945
,"Mar, 05.06. 01:00",102.1,0,102.1,0,0,0,0,0,0,0,28.1,0,18.79999923706055
,"Mar, 05.06. 02:00",30,0,30,0,0,0,0,0,0,0,8.5,0,17.60000038146973
,"Mar, 05.06. 03:00",30,0,30,0,0,0,0,0,0,0,8.5,0,17.5
,"Mar, 05.06. 04:00",94.8,0,94.8,0,0,0,0,0,0,0,27.5,0,16.5
,"Mar, 05.06. 05:00",294.4,0,294.4,0,0,0,0,0,0,0,82.7,0,17.89999961853027
,"Mar, 05.06. 06:00",881.5,0,881.5,0,0,0,0,0,0,0,237,0,19.70000076293945
,"Mar, 05.06. 07:00",845.4,0,845.4,0,0,0,0,0,0,0,214,0,22
,"Mar, 05.06. 08:00",758.7,0,758.7,0,0,0,0,0,0,0,186,0,23.29999923706055
,"Mar, 05.06. 09:00",597,0,597,0,0,0,0,0,0,0,137.2,0,25.5
,"Mar, 05.06. 10:00",517,0,517,0,0,0,0,0,0,0,110.5,0,28
,"Mar, 05.06. 11:00",504.3,0,504.3,0,0,0,0,0,0,0,103.6,0,29.20000076293945
,"Mar, 05.06. 12:00",514.2,0,514.2,0,0,0,0,0,0,0,101.6,0,30.39999961853027
,"Mar, 05.06. 13:00",463,0,463,0,0,0,0,0,0,0,84.7,0,32.59999847412109
,"Mar, 05.06. 14:00",428,0,428,0,0,0,0,0,0,0,79.1,0,32.29999923706055
,"Mar, 05.06. 15:00",420.8,0,420.8,0,0,0,0,0,0,0,81.1,0,31.10000038146973
,"Mar, 05.06. 16:00",450.2,0,450.2,0,0,0,0,0,0,0,88.3,0,30.60000038146973
,"Mar, 05.06. 17:00",607.5,0,607.5,0,0,0,0,0,0,0,117.5,0,31
,"Mar, 05.06. 18:00",638.9,0,638.9,0,0,0,0,0,0,0,129.9,0,29.5
,"Mar, 05.06. 19:00",863.2,0,863.2,0,0,0,0,0,0,0,186.4,0,27.60000038146973
,"Mar, 05.06. 20:00",821.6,0,821.6,0,0,0,0,0,0,0,182.6,0,26.70000076293945
,"Mar, 05.06. 21:00",874.7,0,874.7,0,0,0,0,0,0,0,205.3,0,24.79999923706055
,"Mar, 05.06. 22:00",440.6,0,440.6,0,0,0,0,0,0,0,98.4,0,26.5
,"Mar, 05.06. 23:00",281.3,0,281.3,0,0,0,0,0,0,0,67.1,0,24.20000076293945
,"Mer, 06.06. 00:00",192.8,0,192.8,0,0,0,0,0,0,0,48.3,0,22.39999961853027
,"Mer, 06.06. 01:00",108.9,0,108.9,0,0,0,0,0,0,0,29.6,0,19.29999923706055
,"Mer, 06.06. 02:00",32.1,0,32.1,0,0,0,0,0,0,0,8.7,0,19.5
,"Mer, 06.06. 03:00",29.5,0,29.5,0,0,0,0,0,0,0,8.4,0,17.29999923706055
,"Mer, 06.06. 04:00",97.9,0,97.9,0,0,0,0,0,0,0,27.9,0,17.29999923706055
,"Mer, 06.06. 05:00",297.1,0,297.1,0,0,0,0,0,0,0,82.5,0,18.39999961853027
,"Mer, 06.06. 06:00",773.7,0,773.7,0,0,0,0,0,0,0,202,0,20.89999961853027
,"Mer, 06.06. 07:00",768.5,0,768.5,0,0,0,0,0,0,0,193.6,0,22.20000076293945
,"Mer, 06.06. 08:00",743.3,0,743.3,0,0,0,0,0,0,0,176.6,0,24.39999961853027
,"Mer, 06.06. 09:00",639.1,0,639.1,0,0,0,0,0,0,0,146.9,0,25.5
,"Mer, 06.06. 10:00",521.7,0,521.7,0,0,0,0,0,0,0,112.7,0,27.60000038146973
,"Mer, 06.06. 11:00",488,0,488,0,0,0,0,0,0,0,100.6,0,29.10000038146973
,"Mer, 06.06. 12:00",473.7,0,473.7,0,0,0,0,0,0,0,92.5,0,30.70000076293945
,"Mer, 06.06. 13:00",495.5,0,495.5,0,0,0,0,0,0,0,93.8,0,31.60000038146973
,"Mer, 06.06. 14:00",405.4,0,405.4,0,0,0,0,0,0,0,75.8,0,32
,"Mer, 06.06. 15:00",428.7,0,428.7,0,0,0,0,0,0,0,78.7,0,32.5
,"Mer, 06.06. 16:00",435.8,0,435.8,0,0,0,0,0,0,0,80.8,0,32.20000076293945
,"Mer, 06.06. 17:00",607,0,607,0,0,0,0,0,0,0,123.1,0,29.60000038146973
,"Mer, 06.06. 18:00",652.9,0,652.9,0,0,0,0,0,0,0,137.7,0,28.39999961853027
,"Mer, 06.06. 19:00",819.9,0,819.9,0,0,0,0,0,0,0,183.8,0,26.39999961853027
,"Mer, 06.06. 20:00",900.3,0,900.3,0,0,0,0,0,0,0,236.9,0,20.5
,"Mer, 06.06. 21:00",839.8,0,839.8,0,0,0,0,0,0,0,221.6,0,20.39999961853027
,"Mer, 06.06. 22:00",473,0,473,0,0,0,0,0,0,0,128.5,0,19.29999923706055
,"Mer, 06.06. 23:00",292.6,0,292.6,0,0,0,0,0,0,0,80.2,0,18.89999961853027
,"Jeu, 07.06. 00:00",181.4,0,181.4,0,0,0,0,0,0,0,50.4,0,18.39999961853027
,"Jeu, 07.06. 01:00",94.7,0,94.7,0,0,0,0,0,0,0,26,0,18.79999923706055
,"Jeu, 07.06. 02:00",33.5,0,33.5,0,0,0,0,0,0,0,9.1,0,19
,"Jeu, 07.06. 03:00",32.3,0,32.3,0,0,0,0,0,0,0,9.1,0,17.89999961853027
,"Jeu, 07.06. 04:00",96.8,0,96.8,0,0,0,0,0,0,0,27.7,0,17.20000076293945
,"Jeu, 07.06. 05:00",305.6,0,305.6,0,0,0,0,0,0,0,84.9,0,18.29999923706055
,"Jeu, 07.06. 06:00",764.7,0,764.7,0,0,0,0,0,0,0,204.5,0,19.89999961853027
,"Jeu, 07.06. 07:00",784.4,0,784.4,0,0,0,0,0,0,0,203.8,0,21.10000038146973
,"Jeu, 07.06. 08:00",727.9,0,727.9,0,0,0,0,0,0,0,181.5,0,22.60000038146973
,"Jeu, 07.06. 09:00",595.9,0,595.9,0,0,0,0,0,0,0,139.6,0,24.89999961853027
,"Jeu, 07.06. 10:00",542.9,0,542.9,0,0,0,0,0,0,0,123.1,0,26
,"Jeu, 07.06. 11:00",497.8,0,497.8,0,0,0,0,0,0,0,104.6,0,28.5
,"Jeu, 07.06. 12:00",487.5,0,487.5,0,0,0,0,0,0,0,101.8,0,28.70000076293945
,"Jeu, 07.06. 13:00",490.2,0,490.2,0,0,0,0,0,0,0,96.9,0,30.39999961853027
,"Jeu, 07.06. 14:00",470.9,0,470.9,0,0,0,0,0,0,0,92.7,0,30.5
,"Jeu, 07.06. 15:00",428.3,0,428.3,0,0,0,0,0,0,0,85.5,0,30.10000038146973
,"Jeu, 07.06. 16:00",449,0,449,0,0,0,0,0,0,0,101.8,0,26
,"Jeu, 07.06. 17:00",571,0,571,0,0,0,0,0,0,0,135.9,0,24.29999923706055
,"Jeu, 07.06. 18:00",645.6,0,645.6,0,0,0,0,0,0,0,155.6,0,23.89999961853027
,"Jeu, 07.06. 19:00",869.7,0,869.7,0,0,0,0,0,0,0,216.9,0,22.60000038146973
,"Jeu, 07.06. 20:00",864.1,0,864.1,0,0,0,0,0,0,0,226.8,0,20.70000076293945
,"Jeu, 07.06. 21:00",855.8,0,855.8,0,0,0,0,0,0,0,227.6,0,20.10000038146973
,"Jeu, 07.06. 22:00",509.7,0,509.7,0,0,0,0,0,0,0,133.4,0,20.79999923706055
,"Jeu, 07.06. 23:00",258.3,0,258.3,0,0,0,0,0,0,0,70.6,0,19
,"Ven, 08.06. 00:00",193.7,1.2,192.5,0,0,0,0,0,0,0,53.2,0,18.70000076293945
,"Ven, 08.06. 01:00",105,1.3,103.7,0,0,0,0,0,0,0,29.3,0,17.89999961853027
,"Ven, 08.06. 02:00",33.3,1.6,31.7,0,0,0,0,0,0,0,9.5,0,16.5
,"Ven, 08.06. 03:00",33.2,2.3,30.9,0,0,0,0,0,0,0,9.3,0,16.5
,"Ven, 08.06. 04:00",100.2,6.7,93.5,0,0,0,0,0,0,0,28.1,0,16.5
,"Ven, 08.06. 05:00",303.7,18.8,284.9,0,0,0,0,0,0,0,82.5,0,17.89999961853027
,"Ven, 08.06. 06:00",828.5,31.8,796.7,0,0,0,0,0,0,0,220.1,0,19.39999961853027
,"Ven, 08.06. 07:00",829.4,29,800.4,0,0,0,0,0,0,0,214.6,0,20.5
,"Ven, 08.06. 08:00",789.8,25.7,764.1,0,0,0,0,0,0,0,198.1,0,21.89999961853027
,"Ven, 08.06. 09:00",661.2,23.5,637.7,0,0,0,0,0,0,0,158.8,0,23.39999961853027
,"Ven, 08.06. 10:00",524.6,20,504.6,0,0,0,0,0,0,0,119.3,0,25.39999961853027
,"Ven, 08.06. 11:00",512.5,20.1,492.4,0,0,0,0,0,0,0,115.4,0,25.70000076293945
,"Ven, 08.06. 12:00",553.1,20.9,532.2,0,0,0,0,0,0,0,120.3,0,26.89999961853027
,"Ven, 08.06. 13:00",475.4,18.6,456.8,0,0,0,0,0,0,0,106.9,0,25.79999923706055
,"Ven, 08.06. 14:00",458.1,18.6,439.5,0,0,0,0,0,0,0,109.8,0,23.39999961853027
,"Ven, 08.06. 15:00",443.1,19.4,423.7,0,0,0,0,0,0,0,115.4,0,20.10000038146973
,"Ven, 08.06. 16:00",473.6,20.3,453.3,0,0,0,0,0,0,0,132.1,0,17.29999923706055
,"Ven, 08.06. 17:00",592.1,21.6,570.5,0,0,0,0,0,0,0,168.1,0,16.70000076293945
,"Ven, 08.06. 18:00",702,24.4,677.6,0,0,0,0,0,0,0,199.4,0,16.70000076293945
,"Ven, 08.06. 19:00",843.4,25,818.4,0,0,0,0,0,0,0,240.8,0,16.60000038146973
,"Ven, 08.06. 20:00",879.7,25.3,854.4,0,0,0,0,0,0,0,256.5,0,15.60000038146973
,"Ven, 08.06. 21:00",874.5,44.9,829.6,0,0,0,0,0,0,0,256.8,0,14.89999961853027
,"Ven, 08.06. 22:00",660,197.3,462.7,0,0,0,0,0,0,0,173.9,0,14.10000038146973
,"Ven, 08.06. 23:00",498.1,217.6,280.5,0,0,0,0,0,0,0,122,0,14
,"Sam, 09.06. 00:00",493.1,272,221.1,0,0,0,0,0,0,0,113.1,0,13.89999961853027
,"Sam, 09.06. 01:00",484.3,358.5,125.8,0,0,0,0,0,0,0,99.5,0,13.5
,"Sam, 09.06. 02:00",652.6,581.7,70.9,0,0,0,0,0,0,0,125.1,0,12.39999961853027
,"Sam, 09.06. 03:00",562.4,531.8,30.6,0,0,0,0,0,0,0,102.7,0,12.60000038146973
,"Sam, 09.06. 04:00",581.9,522.8,59.1,0,0,0,0,0,0,0,109.7,0,12.69999980926514
,"Sam, 09.06. 05:00",603.1,540.9,62.2,0,0,0,0,0,0,0,111.6,0,13.10000038146973
,"Sam, 09.06. 06:00",419.4,339.2,80.2,0,0,0,0,0,0,0,78.2,0,14.39999961853027
,"Sam, 09.06. 07:00",380.6,200,180.6,0,0,0,0,0,0,0,84.6,0,15.5
,"Sam, 09.06. 08:00",673.1,173.7,499.4,0,0,0,0,0,0,0,166.7,0,17.5
,"Sam, 09.06. 09:00",1025.3,144.4,880.9,0,0,0,0,0,0,0,251.6,0,20.60000038146973
,"Sam, 09.06. 10:00",1101.7,136.6,965.1,0,0,0,0,0,0,0,271.2,0,20.89999961853027
,"Sam, 09.06. 11:00",1124.8,130.5,994.3,0,0,0,0,0,0,0,270,0,22
,"Sam, 09.06. 12:00",1018.9,125.6,893.3,0,0,0,0,0,0,0,238.6,0,22.89999961853027
,"Sam, 09.06. 13:00",897.7,129.5,768.2,0,0,0,0,0,0,0,209.6,0,22.60000038146973
,"Sam, 09.06. 14:00",788.9,122,666.9,0,0,0,0,0,0,0,179.7,0,23.39999961853027
,"Sam, 09.06. 15:00",707.4,128,579.4,0,0,0,0,0,0,0,161.2,0,22.89999961853027
,"Sam, 09.06. 16:00",666.4,126.4,540,0,0,0,0,0,0,0,154.3,0,22
,"Sam, 09.06. 17:00",803.3,150.9,652.4,0,0,0,0,0,0,0,195.4,0,19.89999961853027
,"Sam, 09.06. 18:00",828.1,157.4,670.7,0,0,0,0,0,0,0,218.2,0,16.39999961853027
,"Sam, 09.06. 19:00",894.7,172.9,721.8,0,0,0,0,0,0,0,235.8,0,16.29999923706055
,"Sam, 09.06. 20:00",911.4,184,727.4,0,0,0,0,0,0,0,239.4,0,16.20000076293945
,"Sam, 09.06. 21:00",761.8,173.9,587.9,0,0,0,0,0,0,0,196.6,0,16.20000076293945
,"Sam, 09.06. 22:00",478.3,46.3,432,0,0,0,0,0,0,0,133.7,0,15.89999961853027
,"Sam, 09.06. 23:00",332.1,29.6,302.5,0,0,0,0,0,0,0,95.1,0,15.10000038146973
,"Dim, 10.06. 00:00",320.7,125.6,195.1,0,0,0,0,0,0,0,79.7,0,14.39999961853027
,"Dim, 10.06. 01:00",348.1,216.7,131.4,0,0,0,0,0,0,0,75.8,0,14.10000038146973
,"Dim, 10.06. 02:00",297.6,230.3,67.3,0,0,0,0,0,0,0,58.9,0,13.89999961853027
,"Dim, 10.06. 03:00",214.6,183,31.6,0,0,0,0,0,0,0,39.6,0,14.19999980926514
,"Dim, 10.06. 04:00",174.7,101.8,72.9,0,0,0,0,0,0,0,38.4,0,14.60000038146973
,"Dim, 10.06. 05:00",109.9,36.6,73.3,0,0,0,0,0,0,0,27.6,0,15
,"Dim, 10.06. 06:00",151.5,61,90.5,0,0,0,0,0,0,0,36.1,0,15.30000019073486
,"Dim, 10.06. 07:00",250.2,57.8,192.4,0,0,0,0,0,0,0,65.8,0,15.69999980926514
,"Dim, 10.06. 08:00",548.5,48.6,499.9,0,0,0,0,0,0,0,152.3,0,16.5
,"Dim, 10.06. 09:00",990.3,44,946.3,0,0,0,0,0,0,0,276.8,0,17.20000076293945
,"Dim, 10.06. 10:00",1032.8,40.4,992.4,0,0,0,0,0,0,0,279.9,0,18.60000038146973
,"Dim, 10.06. 11:00",1067.8,38.7,1029.1,0,0,0,0,0,0,0,275.6,0,20.70000076293945
,"Dim, 10.06. 12:00",983.7,37.5,946.2,0,0,0,0,0,0,0,246,0,21.89999961853027
,"Dim, 10.06. 13:00",747.1,34.7,712.4,0,0,0,0,0,0,0,172,0,24.79999923706055
,"Dim, 10.06. 14:00",708.7,35.8,672.9,0,0,0,0,0,0,0,161.5,0,25.10000038146973
,"Dim, 10.06. 15:00",586.4,35.2,551.2,0,0,0,0,0,0,0,128.4,0,26.39999961853027
,"Dim, 10.06. 16:00",616.4,39.9,576.5,0,0,0,0,0,0,0,135.9,0,26.10000038146973
,"Dim, 10.06. 17:00",654,42.1,611.9,0,0,0,0,0,0,0,158,0,22.70000076293945
,"Dim, 10.06. 18:00",664.8,42.4,622.4,0,0,0,0,0,0,0,165.8,0,21.5
,"Dim, 10.06. 19:00",738.1,47.5,690.6,0,0,0,0,0,0,0,186.8,0,20.89999961853027
,"Dim, 10.06. 20:00",706.2,48.1,658.1,0,0,0,0,0,0,0,180.1,0,20.39999961853027
,"Dim, 10.06. 21:00",599.6,45,554.6,0,0,0,0,0,0,0,158.3,0,18.79999923706055
,"Dim, 10.06. 22:00",438.3,12.9,425.4,0,0,0,0,0,0,0,125.5,0,16.39999961853027
,"Dim, 10.06. 23:00",293.5,8.6,284.9,0,0,0,0,0,0,0,83.6,0,16.70000076293945
,"Lun, 11.06. 00:00",190,0,190,0,0,0,0,0,0,0,54.3,0,17.20000076293945
,"Lun, 11.06. 01:00",112.5,0,112.5,0,0,0,0,0,0,0,33.1,0,15.89999961853027
,"Lun, 11.06. 02:00",30.5,0,30.5,0,0,0,0,0,0,0,8.9,0,16.20000076293945
,"Lun, 11.06. 03:00",31.2,0,31.2,0,0,0,0,0,0,0,9.1,0,16
,"Lun, 11.06. 04:00",101.4,0,101.4,0,0,0,0,0,0,0,30,0,15.69999980926514
,"Lun, 11.06. 05:00",290.2,0,290.2,0,0,0,0,0,0,0,84.9,0,16.20000076293945
,"Lun, 11.06. 06:00",843.7,0,843.7,0,0,0,0,0,0,0,237.7,0,17.79999923706055
,"Lun, 11.06. 07:00",840.2,0,840.2,0,0,0,0,0,0,0,224.7,0,19.89999961853027
,"Lun, 11.06. 08:00",732.4,0,732.4,0,0,0,0,0,0,0,193.8,0,20.29999923706055
,"Lun, 11.06. 09:00",593.7,0,593.7,0,0,0,0,0,0,0,148.4,0,22.5
,"Lun, 11.06. 10:00",529.9,0,529.9,0,0,0,0,0,0,0,123.2,0,25.10000038146973
,"Lun, 11.06. 11:00",481.1,0,481.1,0,0,0,0,0,0,0,109.1,0,26
,"Lun, 11.06. 12:00",476.3,0,476.3,0,0,0,0,0,0,0,104.2,0,27.20000076293945
,"Lun, 11.06. 13:00",465,0,465,0,0,0,0,0,0,0,100.4,0,27.60000038146973
,"Lun, 11.06. 14:00",447.2,0,447.2,0,0,0,0,0,0,0,93.4,0,28.70000076293945
,"Lun, 11.06. 15:00",422.3,0,422.3,0,0,0,0,0,0,0,94.3,0,26.5
,"Lun, 11.06. 16:00",420.2,0,420.2,0,0,0,0,0,0,0,104.8,0,22.60000038146973
,"Lun, 11.06. 17:00",580.3,0,580.3,0,0,0,0,0,0,0,143.3,0,23
,"Lun, 11.06. 18:00",616.6,0,616.6,0,0,0,0,0,0,0,151.5,0,23.20000076293945
,"Lun, 11.06. 19:00",841.3,0,841.3,0,0,0,0,0,0,0,210.9,0,22.39999961853027
,"Lun, 11.06. 20:00",869.4,0,869.4,0,0,0,0,0,0,0,239.5,0,18.70000076293945
,"Lun, 11.06. 21:00",852.6,0,852.6,0,0,0,0,0,0,0,240.8,0,17.70000076293945
,"Lun, 11.06. 22:00",479.9,0,479.9,0,0,0,0,0,0,0,136.7,0,17.29999923706055
,"Lun, 11.06. 23:00",291.3,0,291.3,0,0,0,0,0,0,0,83.2,0,17.20000076293945
,"Mar, 12.06. 00:00",182.4,0,182.4,0,0,0,0,0,0,0,53.5,0,16
,"Mar, 12.06. 01:00",98.3,0,98.3,0,0,0,0,0,0,0,29.3,0,15.39999961853027
,"Mar, 12.06. 02:00",30,0,30,0,0,0,0,0,0,0,8.9,0,15.39999961853027
,"Mar, 12.06. 03:00",122.8,90.6,32.2,0,0,0,0,0,0,0,24.3,0,14.60000038146973
,"Mar, 12.06. 04:00",102.5,0.2,102.3,0,0,0,0,0,0,0,30.2,0,15.80000019073486
,"Mar, 12.06. 05:00",279,1.1,277.9,0,0,0,0,0,0,0,80.7,0,16.60000038146973
,"Mar, 12.06. 06:00",832.8,6.4,826.4,0,0,0,0,0,0,0,233.6,0,17.79999923706055
,"Mar, 12.06. 07:00",870.4,5.8,864.6,0,0,0,0,0,0,0,233.9,0,19.60000038146973
,"Mar, 12.06. 08:00",675.4,2.1,673.3,0,0,0,0,0,0,0,174.3,0,21.29999923706055
,"Mar, 12.06. 09:00",613.4,2.1,611.3,0,0,0,0,0,0,0,152,0,22.79999923706055
,"Mar, 12.06. 10:00",558.5,1.8,556.7,0,0,0,0,0,0,0,139.5,0,22.5
,"Mar, 12.06. 11:00",501.9,1.5,500.4,0,0,0,0,0,0,0,122.3,0,23.39999961853027
,"Mar, 12.06. 12:00",522.2,1.6,520.6,0,0,0,0,0,0,0,125.7,0,23.89999961853027
,"Mar, 12.06. 13:00",503.7,1.6,502.1,0,0,0,0,0,0,0,118.1,0,24.79999923706055
,"Mar, 12.06. 14:00",434.8,1.2,433.6,0,0,0,0,0,0,0,100.3,0,25.39999961853027
,"Mar, 12.06. 15:00",427.7,1.3,426.4,0,0,0,0,0,0,0,99.8,0,25
,"Mar, 12.06. 16:00",466.7,1.6,465.1,0,0,0,0,0,0,0,105,0,26.20000076293945
,"Mar, 12.06. 17:00",564.1,1.7,562.4,0,0,0,0,0,0,0,133.8,0,24.39999961853027
,"Mar, 12.06. 18:00",677.5,2.5,675,0,0,0,0,0,0,0,162.6,0,24
,"Mar, 12.06. 19:00",869.5,3.6,865.9,0,0,0,0,0,0,0,214.3,0,23
,"Mar, 12.06. 20:00",871.9,3.2,868.7,0,0,0,0,0,0,0,224.9,0,21.29999923706055
,"Mar, 12.06. 21:00",812.1,2.4,809.7,0,0,0,0,0,0,0,214.5,0,20.29999923706055
,"Mar, 12.06. 22:00",456.3,0.1,456.2,0,0,0,0,0,0,0,121,0,20.20000076293945
,"Mar, 12.06. 23:00",268.6,0,268.6,0,0,0,0,0,0,0,71.6,0,20
,"Mer, 13.06. 00:00",197.3,0,197.3,0,0,0,0,0,0,0,53.8,0,19.20000076293945
,"Mer, 13.06. 01:00",99.2,0,99.2,0,0,0,0,0,0,0,26.7,0,19.60000038146973
,"Mer, 13.06. 02:00",29.7,0,29.7,0,0,0,0,0,0,0,8.3,0,17.89999961853027
,"Mer, 13.06. 03:00",30.8,0,30.8,0,0,0,0,0,0,0,8.9,0,16.5
,"Mer, 13.06. 04:00",95.1,0,95.1,0,0,0,0,0,0,0,28.1,0,15.69999980926514
,"Mer, 13.06. 05:00",283.4,0,283.4,0,0,0,0,0,0,0,82.4,0,16.39999961853027
,"Mer, 13.06. 06:00",785,0,785,0,0,0,0,0,0,0,223,0,17.39999961853027
,"Mer, 13.06. 07:00",863.6,0,863.6,0,0,0,0,0,0,0,237.3,0,18.79999923706055
,"Mer, 13.06. 08:00",745.7,0,745.7,0,0,0,0,0,0,0,198.3,0,20.10000038146973
,"Mer, 13.06. 09:00",598.5,0,598.5,0,0,0,0,0,0,0,150.8,0,22.20000076293945
,"Mer, 13.06. 10:00",512.9,0,512.9,0,0,0,0,0,0,0,121.5,0,24.5
,"Mer, 13.06. 11:00",510.5,0,510.5,0,0,0,0,0,0,0,115,0,26.20000076293945
,"Mer, 13.06. 12:00",465.4,0,465.4,0,0,0,0,0,0,0,101.2,0,27.39999961853027
,"Mer, 13.06. 13:00",445.4,0,445.4,0,0,0,0,0,0,0,91.3,0,29.29999923706055
,"Mer, 13.06. 14:00",407.1,0,407.1,0,0,0,0,0,0,0,92.3,0,26
,"Mer, 13.06. 15:00",400.4,0,400.4,0,0,0,0,0,0,0,88.4,0,26.89999961853027
,"Mer, 13.06. 16:00",478.7,0,478.7,0,0,0,0,0,0,0,105.7,0,26.89999961853027
,"Mer, 13.06. 17:00",591.3,0,591.3,0,0,0,0,0,0,0,133.8,0,26.10000038146973
,"Mer, 13.06. 18:00",694.3,0,694.3,0,0,0,0,0,0,0,164.9,0,24.39999961853027
,"Mer, 13.06. 19:00",798.1,0,798.1,0,0,0,0,0,0,0,196.1,0,23.20000076293945
,"Mer, 13.06. 20:00",833,0,833,0,0,0,0,0,0,0,216.4,0,21.10000038146973
,"Mer, 13.06. 21:00",910.1,0,910.1,0,0,0,0,0,0,0,244,0,19.79999923706055
,"Mer, 13.06. 22:00",469.7,0,469.7,0,0,0,0,0,0,0,127,0,19.5
,"Mer, 13.06. 23:00",284.9,0,284.9,0,0,0,0,0,0,0,79.1,0,18.29999923706055
,"Jeu, 14.06. 00:00",204.4,0,204.4,0,0,0,0,0,0,0,58.6,0,17
,"Jeu, 14.06. 01:00",98.2,0,98.2,0,0,0,0,0,0,0,28.3,0,16.79999923706055
,"Jeu, 14.06. 02:00",31.6,0,31.6,0,0,0,0,0,0,0,9.1,0,16.89999961853027
,"Jeu, 14.06. 03:00",32.9,0,32.9,0,0,0,0,0,0,0,9.5,0,16.60000038146973
,"Jeu, 14.06. 04:00",102.2,0,102.2,0,0,0,0,0,0,0,30.2,0,15.60000038146973
,"Jeu, 14.06. 05:00",286.5,0,286.5,0,0,0,0,0,0,0,84.8,0,15.69999980926514
,"Jeu, 14.06. 06:00",865.9,0,865.9,0,0,0,0,0,0,0,246,0,17.39999961853027
,"Jeu, 14.06. 07:00",896.7,0,896.7,0,0,0,0,0,0,0,244.3,0,19.10000038146973
,"Jeu, 14.06. 08:00",788.9,0,788.9,0,0,0,0,0,0,0,211.5,0,19.79999923706055
,"Jeu, 14.06. 09:00",628.5,0,628.5,0,0,0,0,0,0,0,160.7,0,21.70000076293945
,"Jeu, 14.06. 10:00",534.3,0,534.3,0,0,0,0,0,0,0,132.6,0,22.79999923706055
,"Jeu, 14.06. 11:00",479.8,0,479.8,0,0,0,0,0,0,0,125,0,21
,"Jeu, 14.06. 12:00",524.5,0,524.5,0,0,0,0,0,0,0,131.5,0,22.39999961853027
,"Jeu, 14.06. 13:00",468.2,0,468.2,0,0,0,0,0,0,0,115.3,0,23.10000038146973
,"Jeu, 14.06. 14:00",433.1,0,433.1,0,0,0,0,0,0,0,109.6,0,22
,"Jeu, 14.06. 15:00",400.2,0,400.2,0,0,0,0,0,0,0,99.8,0,22.60000038146973
,"Jeu, 14.06. 16:00",446.3,0,446.3,0,0,0,0,0,0,0,112.4,0,22.20000076293945
,"Jeu, 14.06. 17:00",602.3,0,602.3,0,0,0,0,0,0,0,154,0,21.70000076293945
,"Jeu, 14.06. 18:00",700.4,0,700.4,0,0,0,0,0,0,0,185.8,0,20.20000076293945
,"Jeu, 14.06. 19:00",831.2,0,831.2,0,0,0,0,0,0,0,230.2,0,18.5
,"Jeu, 14.06. 20:00",893.7,0,893.7,0,0,0,0,0,0,0,248.3,0,18.39999961853027
,"Jeu, 14.06. 21:00",799.9,0,799.9,0,0,0,0,0,0,0,229.2,0,17.10000038146973
,"Jeu, 14.06. 22:00",474.1,0,474.1,0,0,0,0,0,0,0,134.7,0,17.39999961853027
,"Jeu, 14.06. 23:00",276.4,0,276.4,0,0,0,0,0,0,0,80.8,0,16.20000076293945
,"Ven, 15.06. 00:00",189.5,0,189.5,0,0,0,0,0,0,0,55.4,0,16.20000076293945
,"Ven, 15.06. 01:00",99,0,99,0,0,0,0,0,0,0,29,0,16
,"Ven, 15.06. 02:00",32.4,0,32.4,0,0,0,0,0,0,0,9.7,0,15.30000019073486
,"Ven, 15.06. 03:00",31.8,0,31.8,0,0,0,0,0,0,0,9.4,0,15.69999980926514
,"Ven, 15.06. 04:00",98.9,0,98.9,0,0,0,0,0,0,0,29.3,0,15.5
,"Ven, 15.06. 05:00",268.9,0,268.9,0,0,0,0,0,0,0,78.6,0,16.20000076293945
,"Ven, 15.06. 06:00",807.8,0,807.8,0,0,0,0,0,0,0,234.1,0,16.5
,"Ven, 15.06. 07:00",812.3,0,812.3,0,0,0,0,0,0,0,228.2,0,17.89999961853027
,"Ven, 15.06. 08:00",744.5,0,744.5,0,0,0,0,0,0,0,202.9,0,19.10000038146973
,"Ven, 15.06. 09:00",616.1,0,616.1,0,0,0,0,0,0,0,163.9,0,20.10000038146973
,"Ven, 15.06. 10:00",539.1,0,539.1,0,0,0,0,0,0,0,140.7,0,20.89999961853027
,"Ven, 15.06. 11:00",529.7,0,529.7,0,0,0,0,0,0,0,138,0,21
,"Ven, 15.06. 12:00",519.2,0,519.2,0,0,0,0,0,0,0,125.1,0,23.89999961853027
,"Ven, 15.06. 13:00",454.1,0,454.1,0,0,0,0,0,0,0,106.1,0,25
,"Ven, 15.06. 14:00",441.2,0,441.2,0,0,0,0,0,0,0,108.4,0,23.20000076293945
,"Ven, 15.06. 15:00",442.3,0,442.3,0,0,0,0,0,0,0,108.9,0,23.10000038146973
,"Ven, 15.06. 16:00",477.8,0,477.8,0,0,0,0,0,0,0,122.2,0,21.70000076293945
,"Ven, 15.06. 17:00",613.3,0,613.3,0,0,0,0,0,0,0,162.7,0,20.20000076293945
,"Ven, 15.06. 18:00",647.7,0,647.7,0,0,0,0,0,0,0,176.5,0,19.20000076293945
,"Ven, 15.06. 19:00",829.7,0,829.7,0,0,0,0,0,0,0,227.9,0,18.79999923706055
,"Ven, 15.06. 20:00",857.8,0,857.8,0,0,0,0,0,0,0,237.6,0,18.5
,"Ven, 15.06. 21:00",875,0,875,0,0,0,0,0,0,0,245.1,0,18
,"Ven, 15.06. 22:00",464.4,0,464.4,0,0,0,0,0,0,0,130.8,0,17.79999923706055
,"Ven, 15.06. 23:00",284.6,0,284.6,0,0,0,0,0,0,0,81.5,0,17.10000038146973
,"Sam, 16.06. 00:00",226,0,226,0,0,0,0,0,0,0,65.5,0,16.5
,"Sam, 16.06. 01:00",115.1,0,115.1,0,0,0,0,0,0,0,33.4,0,16.60000038146973
,"Sam, 16.06. 02:00",70.5,0,70.5,0,0,0,0,0,0,0,20.6,0,16.20000076293945
,"Sam, 16.06. 03:00",31.4,0,31.4,0,0,0,0,0,0,0,9.2,0,16.10000038146973
,"Sam, 16.06. 04:00",61.8,0,61.8,0,0,0,0,0,0,0,17.9,0,16.60000038146973
,"Sam, 16.06. 05:00",59.4,0,59.4,0,0,0,0,0,0,0,17.1,0,16.79999923706055
,"Sam, 16.06. 06:00",85.5,0,85.5,0,0,0,0,0,0,0,24.1,0,17.79999923706055
,"Sam, 16.06. 07:00",188.5,0,188.5,0,0,0,0,0,0,0,51.5,0,19
,"Sam, 16.06. 08:00",467.8,0,467.8,0,0,0,0,0,0,0,126.1,0,19.60000038146973
,"Sam, 16.06. 09:00",938.2,0,938.2,0,0,0,0,0,0,0,250.2,0,20
,"Sam, 16.06. 10:00",988.7,0,988.7,0,0,0,0,0,0,0,256.1,0,21.20000076293945
,"Sam, 16.06. 11:00",978.1,0,978.1,0,0,0,0,0,0,0,244.5,0,22.5
,"Sam, 16.06. 12:00",888.5,0,888.5,0,0,0,0,0,0,0,216.2,0,23.5
,"Sam, 16.06. 13:00",748.7,0,748.7,0,0,0,0,0,0,0,191,0,21.79999923706055
,"Sam, 16.06. 14:00",682.9,0,682.9,0,0,0,0,0,0,0,173.8,0,21.89999961853027
,"Sam, 16.06. 15:00",615.8,0,615.8,0,0,0,0,0,0,0,158.7,0,21.39999961853027
,"Sam, 16.06. 16:00",536.8,0,536.8,0,0,0,0,0,0,0,142.8,0,20.10000038146973
,"Sam, 16.06. 17:00",654.9,0,654.9,0,0,0,0,0,0,0,178.4,0,19.10000038146973
,"Sam, 16.06. 18:00",660.2,0,660.2,0,0,0,0,0,0,0,180.9,0,18.89999961853027
,"Sam, 16.06. 19:00",725.1,0,725.1,0,0,0,0,0,0,0,202.5,0,18.10000038146973
,"Sam, 16.06. 20:00",695.9,0,695.9,0,0,0,0,0,0,0,193.9,0,18.20000076293945
,"Sam, 16.06. 21:00",534.8,0,534.8,0,0,0,0,0,0,0,152.4,0,17.29999923706055
,"Sam, 16.06. 22:00",433.7,0,433.7,0,0,0,0,0,0,0,123.2,0,17.39999961853027
,"Sam, 16.06. 23:00",286.4,0,286.4,0,0,0,0,0,0,0,82.3,0,16.89999961853027
,"Dim, 17.06. 00:00",199.6,7.8,191.8,0,0,0,0,0,0,0,57.4,0,16
,"Dim, 17.06. 01:00",135.2,9.4,125.8,0,0,0,0,0,0,0,38.9,0,15.39999961853027
,"Dim, 17.06. 02:00",180.2,112.1,68.1,0,0,0,0,0,0,0,38.8,0,14.5
,"Dim, 17.06. 03:00",392.4,362.4,30,0,0,0,0,0,0,0,71,0,13.30000019073486
,"Dim, 17.06. 04:00",475.7,404.8,70.9,0,0,0,0,0,0,0,91.3,0,13.19999980926514
,"Dim, 17.06. 05:00",231.3,163.8,67.5,0,0,0,0,0,0,0,46.9,0,14.39999961853027
,"Dim, 17.06. 06:00",170.3,76.7,93.6,0,0,0,0,0,0,0,38.8,0,15.80000019073486
,"Dim, 17.06. 07:00",256.3,68.5,187.8,0,0,0,0,0,0,0,65,0,16.29999923706055
,"Dim, 17.06. 08:00",529.3,56.1,473.2,0,0,0,0,0,0,0,140.2,0,18.10000038146973
,"Dim, 17.06. 09:00",955.5,51.2,904.3,0,0,0,0,0,0,0,248.4,0,20
,"Dim, 17.06. 10:00",954.4,45,909.4,0,0,0,0,0,0,0,239.5,0,21.60000038146973
,"Dim, 17.06. 11:00",1060,46.6,1013.4,0,0,0,0,0,0,0,258,0,22.79999923706055
,"Dim, 17.06. 12:00",928.9,43.1,885.8,0,0,0,0,0,0,0,222,0,23.39999961853027
,"Dim, 17.06. 13:00",796.8,44.5,752.3,0,0,0,0,0,0,0,185.3,0,24.29999923706055
,"Dim, 17.06. 14:00",664.7,40.6,624.1,0,0,0,0,0,0,0,146.8,0,26.10000038146973
,"Dim, 17.06. 15:00",651.2,46.7,604.5,0,0,0,0,0,0,0,141.4,0,26.5
,"Dim, 17.06. 16:00",585.5,45.5,540,0,0,0,0,0,0,0,129.5,0,25.79999923706055
,"Dim, 17.06. 17:00",665.8,51.4,614.4,0,0,0,0,0,0,0,153,0,24.39999961853027
,"Dim, 17.06. 18:00",755.6,57.9,697.7,0,0,0,0,0,0,0,181.5,0,22.70000076293945
,"Dim, 17.06. 19:00",820.7,63.3,757.4,0,0,0,0,0,0,0,205.3,0,21.10000038146973
,"Dim, 17.06. 20:00",800.8,65.5,735.3,0,0,0,0,0,0,0,203.8,0,20.20000076293945
,"Dim, 17.06. 21:00",605.2,54.5,550.7,0,0,0,0,0,0,0,154,0,20
,"Dim, 17.06. 22:00",438.5,15.5,423,0,0,0,0,0,0,0,119.2,0,18.5
,"Dim, 17.06. 23:00",290.7,10.3,280.4,0,0,0,0,0,0,0,80.2,0,17.89999961853027
,"Lun, 18.06. 00:00",176.6,10.5,166.1,0,0,0,0,0,0,0,48.1,0,17.89999961853027
,"Lun, 18.06. 01:00",112.7,11.9,100.8,0,0,0,0,0,0,0,31.7,0,15.69999980926514
,"Lun, 18.06. 02:00",59.8,31.4,28.4,0,0,0,0,0,0,0,13.5,0,14.89999961853027
,"Lun, 18.06. 03:00",556.9,522.4,34.5,0,0,0,0,0,0,0,101.2,0,12.89999961853027
,"Lun, 18.06. 04:00",629.8,533.9,95.9,0,0,0,0,0,0,0,124.2,0,12.5
,"Lun, 18.06. 05:00",554.4,268.8,285.6,0,0,0,0,0,0,0,131.7,0,14
,"Lun, 18.06. 06:00",970.5,196.6,773.9,0,0,0,0,0,0,0,266.4,0,14.5
,"Lun, 18.06. 07:00",911.4,92.3,819.1,0,0,0,0,0,0,0,253.3,0,16.20000076293945
,"Lun, 18.06. 08:00",781.1,74.7,706.4,0,0,0,0,0,0,0,209.2,0,17.89999961853027
,"Lun, 18.06. 09:00",678.5,70.1,608.4,0,0,0,0,0,0,0,170.5,0,20.39999961853027
,"Lun, 18.06. 10:00",591,63.8,527.2,0,0,0,0,0,0,0,146.2,0,21
,"Lun, 18.06. 11:00",537.9,59.9,478,0,0,0,0,0,0,0,124.6,0,23.5
,"Lun, 18.06. 12:00",581.1,63,518.1,0,0,0,0,0,0,0,133.6,0,23.89999961853027
,"Lun, 18.06. 13:00",493.7,55.1,438.6,0,0,0,0,0,0,0,115.2,0,23.29999923706055
,"Lun, 18.06. 14:00",507.6,58.5,449.1,0,0,0,0,0,0,0,119.6,0,22.79999923706055
,"Lun, 18.06. 15:00",508.6,62.9,445.7,0,0,0,0,0,0,0,118,0,23.29999923706055
,"Lun, 18.06. 16:00",537,64.9,472.1,0,0,0,0,0,0,0,126.4,0,22.70000076293945
,"Lun, 18.06. 17:00",658,69.1,588.9,0,0,0,0,0,0,0,157.9,0,22.20000076293945
,"Lun, 18.06. 18:00",769.9,78.4,691.5,0,0,0,0,0,0,0,188.5,0,21.5
,"Lun, 18.06. 19:00",926.7,81.6,845.1,0,0,0,0,0,0,0,240.1,0,19.39999961853027
,"Lun, 18.06. 20:00",955,81.7,873.3,0,0,0,0,0,0,0,249.6,0,19
,"Lun, 18.06. 21:00",897.2,74.8,822.4,0,0,0,0,0,0,0,240.2,0,18
,"Lun, 18.06. 22:00",509.2,22.9,486.3,0,0,0,0,0,0,0,142,0,17.20000076293945
,"Lun, 18.06. 23:00",297.3,13.4,283.9,0,0,0,0,0,0,0,84,0,16.70000076293945
,"Mar, 19.06. 00:00",200.2,0,200.2,0,0,0,0,0,0,0,58.5,0,16.20000076293945
,"Mar, 19.06. 01:00",100.8,0,100.8,0,0,0,0,0,0,0,29.5,0,16.20000076293945
,"Mar, 19.06. 02:00",30.8,0,30.8,0,0,0,0,0,0,0,9,0,16
,"Mar, 19.06. 03:00",31.5,0,31.5,0,0,0,0,0,0,0,9.3,0,15.80000019073486
,"Mar, 19.06. 04:00",95.8,0,95.8,0,0,0,0,0,0,0,28.2,0,15.89999961853027
,"Mar, 19.06. 05:00",296.9,0,296.9,0,0,0,0,0,0,0,87.1,0,16.10000038146973
,"Mar, 19.06. 06:00",838.6,0,838.6,0,0,0,0,0,0,0,245.9,0,16
,"Mar, 19.06. 07:00",860.3,0,860.3,0,0,0,0,0,0,0,247.9,0,16.79999923706055
,"Mar, 19.06. 08:00",713.3,0,713.3,0,0,0,0,0,0,0,200.4,0,17.89999961853027
,"Mar, 19.06. 09:00",626.4,0,626.4,0,0,0,0,0,0,0,171.6,0,18.89999961853027
,"Mar, 19.06. 10:00",521.3,0,521.3,0,0,0,0,0,0,0,136.1,0,20.89999961853027
,"Mar, 19.06. 11:00",528.2,0,528.2,0,0,0,0,0,0,0,132.4,0,22.39999961853027
,"Mar, 19.06. 12:00",493.2,0,493.2,0,0,0,0,0,0,0,118.8,0,23.89999961853027
,"Mar, 19.06. 13:00",475.9,0,475.9,0,0,0,0,0,0,0,114.9,0,23.79999923706055
,"Mar, 19.06. 14:00",449,0,449,0,0,0,0,0,0,0,106.9,0,24.29999923706055
,"Mar, 19.06. 15:00",407,0,407,0,0,0,0,0,0,0,96.2,0,24.60000038146973
,"Mar, 19.06. 16:00",462.9,0,462.9,0,0,0,0,0,0,0,111.3,0,24
,"Mar, 19.06. 17:00",600.2,0,600.2,0,0,0,0,0,0,0,146.4,0,23.39999961853027
,"Mar, 19.06. 18:00",652.3,0,652.3,0,0,0,0,0,0,0,169,0,21.20000076293945
,"Mar, 19.06. 19:00",811,0,811,0,0,0,0,0,0,0,220.4,0,19.29999923706055
,"Mar, 19.06. 20:00",864.2,0,864.2,0,0,0,0,0,0,0,242.8,0,17.89999961853027
,"Mar, 19.06. 21:00",830.7,0,830.7,0,0,0,0,0,0,0,234.7,0,17.60000038146973
,"Mar, 19.06. 22:00",500.2,0,500.2,0,0,0,0,0,0,0,144.1,0,16.79999923706055
,"Mar, 19.06. 23:00",280.9,0,280.9,0,0,0,0,0,0,0,81.9,0,16.29999923706055
,"Mer, 20.06. 00:00",212.1,6.7,205.4,0,0,0,0,0,0,0,61.4,0,15.89999961853027
,"Mer, 20.06. 01:00",97.5,4.8,92.7,0,0,0,0,0,0,0,28.6,0,15
,"Mer, 20.06. 02:00",194,162.3,31.7,0,0,0,0,0,0,0,36.1,0,14.30000019073486
,"Mer, 20.06. 03:00",409.8,380.1,29.7,0,0,0,0,0,0,0,74.2,0,13.19999980926514
,"Mer, 20.06. 04:00",279.7,188,91.7,0,0,0,0,0,0,0,59,0,14.10000038146973
,"Mer, 20.06. 05:00",317.1,32.1,285,0,0,0,0,0,0,0,89.9,0,15.30000019073486
,"Mer, 20.06. 06:00",850.9,53.7,797.2,0,0,0,0,0,0,0,245.3,0,15.39999961853027
,"Mer, 20.06. 07:00",903.6,52.5,851.1,0,0,0,0,0,0,0,257.5,0,16
,"Mer, 20.06. 08:00",785.2,43.2,742,0,0,0,0,0,0,0,223.6,0,16.20000076293945
,"Mer, 20.06. 09:00",633.1,37.5,595.6,0,0,0,0,0,0,0,176.7,0,16.89999961853027
,"Mer, 20.06. 10:00",561.4,34.9,526.5,0,0,0,0,0,0,0,148.8,0,19
,"Mer, 20.06. 11:00",537.6,34.6,503,0,0,0,0,0,0,0,141.2,0,19.39999961853027
,"Mer, 20.06. 12:00",499.5,31.5,468,0,0,0,0,0,0,0,129.2,0,20
,"Mer, 20.06. 13:00",478.9,31.2,447.7,0,0,0,0,0,0,0,119.1,0,21.60000038146973
,"Mer, 20.06. 14:00",457.5,30.7,426.8,0,0,0,0,0,0,0,114.3,0,21.39999961853027
,"Mer, 20.06. 15:00",470.4,33.8,436.6,0,0,0,0,0,0,0,116.7,0,21.60000038146973
,"Mer, 20.06. 16:00",493.1,34.7,458.4,0,0,0,0,0,0,0,124.9,0,20.79999923706055
,"Mer, 20.06. 17:00",576.3,34.8,541.5,0,0,0,0,0,0,0,148.1,0,20.29999923706055
,"Mer, 20.06. 18:00",678.1,39.8,638.3,0,0,0,0,0,0,0,183.3,0,18.20000076293945
,"Mer, 20.06. 19:00",888.4,44.4,844,0,0,0,0,0,0,0,243.8,0,17.79999923706055
,"Mer, 20.06. 20:00",962.7,47,915.7,0,0,0,0,0,0,0,268.1,0,17.20000076293945
,"Mer, 20.06. 21:00",845.4,40.4,805,0,0,0,0,0,0,0,239,0,16.5
,"Mer, 20.06. 22:00",475,12.1,462.9,0,0,0,0,0,0,0,140.4,0,15.10000038146973
,"Mer, 20.06. 23:00",302.3,7.9,294.4,0,0,0,0,0,0,0,88.3,0,15.60000038146973
,"Jeu, 21.06. 00:00",348.4,144.6,203.8,0,0,0,0,0,0,0,85.3,0,14.5
,"Jeu, 21.06. 01:00",587,485.1,101.9,0,0,0,0,0,0,0,116,0,12.89999961853027
,"Jeu, 21.06. 02:00",825.7,794.5,31.2,0,0,0,0,0,0,0,156,0,11.5
,"Jeu, 21.06. 03:00",675.6,644.4,31.2,0,0,0,0,0,0,0,124.6,0,12.19999980926514
,"Jeu, 21.06. 04:00",694.3,593.8,100.5,0,0,0,0,0,0,0,136.1,0,12.5
,"Jeu, 21.06. 05:00",919.7,617.4,302.3,0,0,0,0,0,0,0,201.2,0,12.89999961853027
,"Jeu, 21.06. 06:00",1202.6,389.9,812.7,0,0,0,0,0,0,0,309.9,0,14.30000019073486
,"Jeu, 21.06. 07:00",1084.9,309.3,775.6,0,0,0,0,0,0,0,285.9,0,14.5
,"Jeu, 21.06. 08:00",964.9,230.5,734.4,0,0,0,0,0,0,0,258.9,0,14.80000019073486
,"Jeu, 21.06. 09:00",760.6,165.4,595.2,0,0,0,0,0,0,0,199.5,0,16.20000076293945
,"Jeu, 21.06. 10:00",693.3,156.4,536.9,0,0,0,0,0,0,0,176.2,0,17.20000076293945
,"Jeu, 21.06. 11:00",653.7,151.1,502.6,0,0,0,0,0,0,0,161.1,0,18.39999961853027
,"Jeu, 21.06. 12:00",636.4,143.7,492.7,0,0,0,0,0,0,0,150.3,0,20.39999961853027
,"Jeu, 21.06. 13:00",625.2,145.2,480,0,0,0,0,0,0,0,141.2,0,22.20000076293945
,"Jeu, 21.06. 14:00",571.8,136.6,435.2,0,0,0,0,0,0,0,123.9,0,23.89999961853027
,"Jeu, 21.06. 15:00",521.4,131.9,389.5,0,0,0,0,0,0,0,113.4,0,23.39999961853027
,"Jeu, 21.06. 16:00",579.8,144.6,435.2,0,0,0,0,0,0,0,128.4,0,22.70000076293945
,"Jeu, 21.06. 17:00",761.3,167.6,593.7,0,0,0,0,0,0,0,176.2,0,21.39999961853027
,"Jeu, 21.06. 18:00",812.5,174.6,637.9,0,0,0,0,0,0,0,190.6,0,20.89999961853027
,"Jeu, 21.06. 19:00",977.4,184.1,793.3,0,0,0,0,0,0,0,238.3,0,19.70000076293945
,"Jeu, 21.06. 20:00",1025.2,188.3,836.9,0,0,0,0,0,0,0,252,0,19.39999961853027
,"Jeu, 21.06. 21:00",1062.8,191.6,871.2,0,0,0,0,0,0,0,271.3,0,17.70000076293945
,"Jeu, 21.06. 22:00",530.3,53.9,476.4,0,0,0,0,0,0,0,140.1,0,18.10000038146973
,"Jeu, 21.06. 23:00",313,32.5,280.5,0,0,0,0,0,0,0,83.7,0,17.70000076293945
,"Ven, 22.06. 00:00",200,7.6,192.4,0,0,0,0,0,0,0,57,0,16.39999961853027
,"Ven, 22.06. 01:00",103,7.2,95.8,0,0,0,0,0,0,0,29.8,0,15.10000038146973
,"Ven, 22.06. 02:00",80.4,50.1,30.3,0,0,0,0,0,0,0,17.1,0,14.80000019073486
,"Ven, 22.06. 03:00",363.7,332.8,30.9,0,0,0,0,0,0,0,65.7,0,13.5
,"Ven, 22.06. 04:00",595.5,493.7,101.8,0,0,0,0,0,0,0,117.7,0,12.80000019073486
,"Ven, 22.06. 05:00",346.9,58.9,288,0,0,0,0,0,0,0,95.9,0,14.89999961853027
,"Ven, 22.06. 06:00",938.5,69.1,869.4,0,0,0,0,0,0,0,261.8,0,16.5
,"Ven, 22.06. 07:00",858.3,58.2,800.1,0,0,0,0,0,0,0,234.2,0,17.60000038146973
,"Ven, 22.06. 08:00",784,50.1,733.9,0,0,0,0,0,0,0,206.6,0,19.29999923706055
,"Ven, 22.06. 09:00",632.8,44,588.8,0,0,0,0,0,0,0,158.3,0,21.29999923706055
,"Ven, 22.06. 10:00",503.1,36.2,466.9,0,0,0,0,0,0,0,120.9,0,22.79999923706055
,"Ven, 22.06. 11:00",548.2,41,507.2,0,0,0,0,0,0,0,124.5,0,24.89999961853027
,"Ven, 22.06. 12:00",461.8,33.8,428,0,0,0,0,0,0,0,99.8,0,26.70000076293945
,"Ven, 22.06. 13:00",488.1,36.3,451.8,0,0,0,0,0,0,0,102.3,0,27.70000076293945
,"Ven, 22.06. 14:00",466.5,36,430.5,0,0,0,0,0,0,0,102.4,0,26.10000038146973
,"Ven, 22.06. 15:00",442.8,36.6,406.2,0,0,0,0,0,0,0,94.5,0,27
,"Ven, 22.06. 16:00",518.2,42.5,475.7,0,0,0,0,0,0,0,114.4,0,25.79999923706055
,"Ven, 22.06. 17:00",625.7,44.1,581.6,0,0,0,0,0,0,0,144.5,0,24.29999923706055
,"Ven, 22.06. 18:00",740.6,50.8,689.8,0,0,0,0,0,0,0,175.2,0,23.39999961853027
,"Ven, 22.06. 19:00",895.3,52.3,843,0,0,0,0,0,0,0,222.7,0,21.70000076293945
,"Ven, 22.06. 20:00",960.6,54.7,905.9,0,0,0,0,0,0,0,245.7,0,20.5
,"Ven, 22.06. 21:00",904.3,50.4,853.9,0,0,0,0,0,0,0,229,0,21
,"Ven, 22.06. 22:00",461.8,13.5,448.3,0,0,0,0,0,0,0,118.8,0,20.89999961853027
,"Ven, 22.06. 23:00",277.7,8.7,269,0,0,0,0,0,0,0,74.3,0,19.29999923706055
,"Sam, 23.06. 00:00",201.5,11.9,189.6,0,0,0,0,0,0,0,55.5,0,17.39999961853027
,"Sam, 23.06. 01:00",133.7,13,120.7,0,0,0,0,0,0,0,37.5,0,15.89999961853027
,"Sam, 23.06. 02:00",242.2,175.5,66.7,0,0,0,0,0,0,0,49.1,0,14.19999980926514
,"Sam, 23.06. 03:00",260.6,229.6,31,0,0,0,0,0,0,0,47.4,0,14
,"Sam, 23.06. 04:00",310.6,252.3,58.3,0,0,0,0,0,0,0,59.7,0,13.89999961853027
,"Sam, 23.06. 05:00",366.6,308.7,57.9,0,0,0,0,0,0,0,68.9,0,13.80000019073486
,"Sam, 23.06. 06:00",410.3,329.4,80.9,0,0,0,0,0,0,0,78.5,0,14
,"Sam, 23.06. 07:00",289.5,107,182.5,0,0,0,0,0,0,0,71.5,0,15.10000038146973
,"Sam, 23.06. 08:00",568.2,88.3,479.9,0,0,0,0,0,0,0,149.2,0,17.39999961853027
,"Sam, 23.06. 09:00",996.1,79.5,916.6,0,0,0,0,0,0,0,261.8,0,19
,"Sam, 23.06. 10:00",1037.4,72.4,965,0,0,0,0,0,0,0,264.8,0,20.39999961853027
,"Sam, 23.06. 11:00",1172.1,76.4,1095.7,0,0,0,0,0,0,0,302.2,0,20.10000038146973
,"Sam, 23.06. 12:00",950.1,65.7,884.4,0,0,0,0,0,0,0,242.6,0,20.39999961853027
,"Sam, 23.06. 13:00",772.2,63.5,708.7,0,0,0,0,0,0,0,187.4,0,22.20000076293945
,"Sam, 23.06. 14:00",752.6,66.1,686.5,0,0,0,0,0,0,0,181.8,0,22.29999923706055
,"Sam, 23.06. 15:00",633.4,66.3,567.1,0,0,0,0,0,0,0,151.4,0,22.39999961853027
,"Sam, 23.06. 16:00",658.3,72.6,585.7,0,0,0,0,0,0,0,161.1,0,21.39999961853027
,"Sam, 23.06. 17:00",682.4,74.6,607.8,0,0,0,0,0,0,0,167.4,0,21.29999923706055
,"Sam, 23.06. 18:00",776.1,85.9,690.2,0,0,0,0,0,0,0,196.4,0,19.89999961853027
,"Sam, 23.06. 19:00",780.6,87.7,692.9,0,0,0,0,0,0,0,204.5,0,18.29999923706055
,"Sam, 23.06. 20:00",738.5,87.2,651.3,0,0,0,0,0,0,0,200.6,0,16.70000076293945
,"Sam, 23.06. 21:00",634.7,86,548.7,0,0,0,0,0,0,0,174.3,0,15.80000019073486
,"Sam, 23.06. 22:00",492.7,26.5,466.2,0,0,0,0,0,0,0,143.5,0,15.10000038146973
,"Sam, 23.06. 23:00",619.3,322.9,296.4,0,0,0,0,0,0,0,145.9,0,13.60000038146973
,"Dim, 24.06. 00:00",904.4,692.5,211.9,0,0,0,0,0,0,0,191,0,12.19999980926514
,"Dim, 24.06. 01:00",1079.4,955.6,123.8,0,0,0,0,0,0,0,219.3,0,11.10000038146973
,"Dim, 24.06. 02:00",1158.5,1089.3,69.2,0,0,0,0,0,0,0,233.6,0,10.30000019073486
,"Dim, 24.06. 03:00",1265.8,1234.7,31.1,0,0,0,0,0,0,0,253.5,0,9.800000190734863
,"Dim, 24.06. 04:00",1352.7,1284.9,67.8,0,0,0,0,0,0,0,277.6,0,9.600000381469727
,"Dim, 24.06. 05:00",1240.3,1174.5,65.8,0,0,0,0,0,0,0,238.9,0,11.10000038146973
,"Dim, 24.06. 06:00",1241,1148.6,92.4,0,0,0,0,0,0,0,222.1,0,13.10000038146973
,"Dim, 24.06. 07:00",941.1,752.4,188.7,0,0,0,0,0,0,0,178.9,0,14.60000038146973
,"Dim, 24.06. 08:00",1013.4,542,471.4,0,0,0,0,0,0,0,221.8,0,16.20000076293945
,"Dim, 24.06. 09:00",1463.2,517.8,945.4,0,0,0,0,0,0,0,344,0,17.39999961853027
,"Dim, 24.06. 10:00",2237.1,1293.2,943.9,0,0,0,0,0,0,0,552.3,0,11
,"Dim, 24.06. 11:00",2326.9,1317.8,1009.1,0,0,0,0,0,0,0,578.2,0,11
,"Dim, 24.06. 12:00",2182.7,1282.6,900.1,0,0,0,0,0,0,0,535.9,0,11
,"Dim, 24.06. 13:00",2081.9,1325.7,756.2,0,0,0,0,0,0,0,496.9,0,11
,"Dim, 24.06. 14:00",1033.8,399.3,634.5,0,0,0,0,0,0,0,203.2,0,25.10000038146973
,"Dim, 24.06. 15:00",1005.8,432.1,573.7,0,0,0,0,0,0,0,193.4,0,25.10000038146973
,"Dim, 24.06. 16:00",938.9,422.7,516.2,0,0,0,0,0,0,0,182.8,0,24
,"Dim, 24.06. 17:00",1085.1,485.4,599.7,0,0,0,0,0,0,0,209.2,0,24.39999961853027
,"Dim, 24.06. 18:00",1086.9,484,602.9,0,0,0,0,0,0,0,214.4,0,23.20000076293945
,"Dim, 24.06. 19:00",1289.8,577.9,711.9,0,0,0,0,0,0,0,260.6,0,21.70000076293945
,"Dim, 24.06. 20:00",1226.9,568.7,658.2,0,0,0,0,0,0,0,254,0,19.60000038146973
,"Dim, 24.06. 21:00",1086.9,532.1,554.8,0,0,0,0,0,0,0,220.8,0,19.29999923706055
,"Dim, 24.06. 22:00",550.7,146.5,404.2,0,0,0,0,0,0,0,136.5,0,16.89999961853027
,"Dim, 24.06. 23:00",390.1,99.5,290.6,0,0,0,0,0,0,0,100.2,0,16
,"Lun, 25.06. 00:00",491.3,301.3,190,0,0,0,0,0,0,0,109,0,13.69999980926514
,"Lun, 25.06. 01:00",478.2,379.9,98.3,0,0,0,0,0,0,0,95.3,0,13.30000019073486
,"Lun, 25.06. 02:00",554.1,524.1,30,0,0,0,0,0,0,0,101.3,0,12.60000038146973
,"Lun, 25.06. 03:00",471.3,440.1,31.2,0,0,0,0,0,0,0,85.2,0,13.10000038146973
,"Lun, 25.06. 04:00",744.2,638.1,106.1,0,0,0,0,0,0,0,146.2,0,12.39999961853027
,"Lun, 25.06. 05:00",685.5,409.7,275.8,0,0,0,0,0,0,0,154.2,0,13.5
,"Lun, 25.06. 06:00",1084.6,200.6,884,0,0,0,0,0,0,0,291.1,0,15.69999980926514
,"Lun, 25.06. 07:00",1005,172.9,832.1,0,0,0,0,0,0,0,261.6,0,17.29999923706055
,"Lun, 25.06. 08:00",928,151.7,776.3,0,0,0,0,0,0,0,233.8,0,19
,"Lun, 25.06. 09:00",705.8,124,581.8,0,0,0,0,0,0,0,169.8,0,20.79999923706055
,"Lun, 25.06. 10:00",655.4,119.4,536,0,0,0,0,0,0,0,152.1,0,22.10000038146973
,"Lun, 25.06. 11:00",616.9,115.5,501.4,0,0,0,0,0,0,0,136.9,0,23.89999961853027
,"Lun, 25.06. 12:00",589.3,107.7,481.6,0,0,0,0,0,0,0,126.1,0,25.39999961853027
,"Lun, 25.06. 13:00",578.5,108.9,469.6,0,0,0,0,0,0,0,118.6,0,26.89999961853027
,"Lun, 25.06. 14:00",506.5,98.2,408.3,0,0,0,0,0,0,0,104.3,0,26.70000076293945
,"Lun, 25.06. 15:00",532.2,109.7,422.5,0,0,0,0,0,0,0,107.7,0,27.10000038146973
,"Lun, 25.06. 16:00",544.7,110.4,434.3,0,0,0,0,0,0,0,112.7,0,26.29999923706055
,"Lun, 25.06. 17:00",678.3,120.7,557.6,0,0,0,0,0,0,0,144.6,0,25.5
,"Lun, 25.06. 18:00",731,126.7,604.3,0,0,0,0,0,0,0,160.7,0,24.39999961853027
,"Lun, 25.06. 19:00",991,149.4,841.6,0,0,0,0,0,0,0,231.1,0,22.39999961853027
,"Lun, 25.06. 20:00",1091.3,160.6,930.7,0,0,0,0,0,0,0,261.9,0,21.29999923706055
,"Lun, 25.06. 21:00",918,132.2,785.8,0,0,0,0,0,0,0,238.7,0,17.79999923706055
,"Lun, 25.06. 22:00",506.5,40.5,466,0,0,0,0,0,0,0,140.7,0,16.60000038146973
,"Lun, 25.06. 23:00",331.4,26.6,304.8,0,0,0,0,0,0,0,92.5,0,16.39999961853027
,"Mar, 26.06. 00:00",208,12.3,195.7,0,0,0,0,0,0,0,60.2,0,15.39999961853027
,"Mar, 26.06. 01:00",360.1,262.5,97.6,0,0,0,0,0,0,0,73.8,0,13.80000019073486
,"Mar, 26.06. 02:00",41.9,12.4,29.5,0,0,0,0,0,0,0,10.8,0,15.19999980926514
,"Mar, 26.06. 03:00",563,532.1,30.9,0,0,0,0,0,0,0,102.9,0,12.60000038146973
,"Mar, 26.06. 04:00",549.1,449.9,99.2,0,0,0,0,0,0,0,108.6,0,13
,"Mar, 26.06. 05:00",533.4,237.9,295.5,0,0,0,0,0,0,0,128.9,0,14.19999980926514
,"Mar, 26.06. 06:00",905.2,102.3,802.9,0,0,0,0,0,0,0,247.9,0,16.39999961853027
,"Mar, 26.06. 07:00",854.5,89.1,765.4,0,0,0,0,0,0,0,225,0,18.29999923706055
,"Mar, 26.06. 08:00",876.9,86.8,790.1,0,0,0,0,0,0,0,220.8,0,20.39999961853027
,"Mar, 26.06. 09:00",644.5,68.8,575.7,0,0,0,0,0,0,0,154.7,0,22.20000076293945
,"Mar, 26.06. 10:00",614.5,68.3,546.2,0,0,0,0,0,0,0,141.8,0,23.70000076293945
,"Mar, 26.06. 11:00",554.9,63.8,491.1,0,0,0,0,0,0,0,121.7,0,25.5
,"Mar, 26.06. 12:00",508.5,56.6,451.9,0,0,0,0,0,0,0,105.8,0,27.5
,"Mar, 26.06. 13:00",504.2,57.9,446.3,0,0,0,0,0,0,0,104.3,0,27.60000038146973
,"Mar, 26.06. 14:00",448.5,53.3,395.2,0,0,0,0,0,0,0,88.8,0,29.10000038146973
,"Mar, 26.06. 15:00",474.1,60.2,413.9,0,0,0,0,0,0,0,95.5,0,28.39999961853027
,"Mar, 26.06. 16:00",475.6,59.6,416,0,0,0,0,0,0,0,94.6,0,28.79999923706055
,"Mar, 26.06. 17:00",637.9,69.1,568.8,0,0,0,0,0,0,0,133.6,0,27.29999923706055
,"Mar, 26.06. 18:00",769.7,81.2,688.5,0,0,0,0,0,0,0,163.9,0,26.70000076293945
,"Mar, 26.06. 19:00",907.1,82.4,824.7,0,0,0,0,0,0,0,205.1,0,24.70000076293945
,"Mar, 26.06. 20:00",972.6,85.7,886.9,0,0,0,0,0,0,0,227.7,0,23.39999961853027
,"Mar, 26.06. 21:00",905.2,78.2,827,0,0,0,0,0,0,0,219.6,0,22
,"Mar, 26.06. 22:00",512.6,23.8,488.8,0,0,0,0,0,0,0,132.1,0,20.39999961853027
,"Mar, 26.06. 23:00",282.1,13.2,268.9,0,0,0,0,0,0,0,78.4,0,17.29999923706055
,"Mer, 27.06. 00:00",191.8,0,191.8,0,0,0,0,0,0,0,56.4,0,15.89999961853027
,"Mer, 27.06. 01:00",100.4,0,100.4,0,0,0,0,0,0,0,29.7,0,15.60000038146973
,"Mer, 27.06. 02:00",31.7,0,31.7,0,0,0,0,0,0,0,9.3,0,15.89999961853027
,"Mer, 27.06. 03:00",31.1,0,31.1,0,0,0,0,0,0,0,9.3,0,15.10000038146973
,"Mer, 27.06. 04:00",129.3,23.3,106,0,0,0,0,0,0,0,35.6,0,14.89999961853027
,"Mer, 27.06. 05:00",278.2,0,278.2,0,0,0,0,0,0,0,81.1,0,16.29999923706055
,"Mer, 27.06. 06:00",834.9,0.1,834.8,0,0,0,0,0,0,0,233.9,0,18
,"Mer, 27.06. 07:00",815.1,0.2,814.9,0,0,0,0,0,0,0,220.3,0,19.5
,"Mer, 27.06. 08:00",739.2,0.2,739,0,0,0,0,0,0,0,196.1,0,20.20000076293945
,"Mer, 27.06. 09:00",593.6,0.1,593.5,0,0,0,0,0,0,0,145.8,0,23.20000076293945
,"Mer, 27.06. 10:00",525,0.1,524.9,0,0,0,0,0,0,0,129.3,0,23.10000038146973
,"Mer, 27.06. 11:00",475.9,0.1,475.8,0,0,0,0,0,0,0,114.7,0,23.89999961853027
,"Mer, 27.06. 12:00",530.2,0.1,530.1,0,0,0,0,0,0,0,125.9,0,24.39999961853027
,"Mer, 27.06. 13:00",483.3,0.1,483.2,0,0,0,0,0,0,0,103.3,0,28
,"Mer, 27.06. 14:00",421.2,0.1,421.1,0,0,0,0,0,0,0,87,0,29
,"Mer, 27.06. 15:00",438.9,0.1,438.8,0,0,0,0,0,0,0,87.3,0,30.20000076293945
,"Mer, 27.06. 16:00",456.3,0.1,456.2,0,0,0,0,0,0,0,103.2,0,26.10000038146973
,"Mer, 27.06. 17:00",586.2,0.1,586.1,0,0,0,0,0,0,0,125.2,0,28
,"Mer, 27.06. 18:00",655.7,0.1,655.6,0,0,0,0,0,0,0,152.1,0,25.20000076293945
,"Mer, 27.06. 19:00",832.6,0.1,832.5,0,0,0,0,0,0,0,201.6,0,23.70000076293945
,"Mer, 27.06. 20:00",895.4,0.1,895.3,0,0,0,0,0,0,0,221.6,0,22.89999961853027
,"Mer, 27.06. 21:00",810.4,0.1,810.3,0,0,0,0,0,0,0,206.7,0,21.79999923706055
,"Mer, 27.06. 22:00",447.3,0,447.3,0,0,0,0,0,0,0,117.1,0,20.79999923706055
,"Mer, 27.06. 23:00",282.4,0,282.4,0,0,0,0,0,0,0,76.7,0,19.29999923706055
,"Jeu, 28.06. 00:00",178.7,0,178.7,0,0,0,0,0,0,0,51,0,17.20000076293945
,"Jeu, 28.06. 01:00",93.4,0,93.4,0,0,0,0,0,0,0,26.4,0,17.70000076293945
,"Jeu, 28.06. 02:00",28.6,0,28.6,0,0,0,0,0,0,0,8.4,0,16.10000038146973
,"Jeu, 28.06. 03:00",30,0,30,0,0,0,0,0,0,0,9,0,15
,"Jeu, 28.06. 04:00",154.6,61.3,93.3,0,0,0,0,0,0,0,38,0,14.69999980926514
,"Jeu, 28.06. 05:00",287.7,0.6,287.1,0,0,0,0,0,0,0,84.8,0,15.80000019073486
,"Jeu, 28.06. 06:00",886.3,3.5,882.8,0,0,0,0,0,0,0,249.2,0,17.79999923706055
,"Jeu, 28.06. 07:00",791.4,1.8,789.6,0,0,0,0,0,0,0,213.1,0,19.60000038146973
,"Jeu, 28.06. 08:00",754.3,1.3,753,0,0,0,0,0,0,0,195.3,0,21.20000076293945
,"Jeu, 28.06. 09:00",612.3,1,611.3,0,0,0,0,0,0,0,152.2,0,22.70000076293945
,"Jeu, 28.06. 10:00",519.8,0.8,519,0,0,0,0,0,0,0,123.4,0,24.39999961853027
,"Jeu, 28.06. 11:00",486.5,0.7,485.8,0,0,0,0,0,0,0,111,0,25.79999923706055
,"Jeu, 28.06. 12:00",466.8,0.6,466.2,0,0,0,0,0,0,0,100.6,0,27.70000076293945
,"Jeu, 28.06. 13:00",474.3,0.7,473.6,0,0,0,0,0,0,0,96.4,0,29.5
,"Jeu, 28.06. 14:00",390.8,0.5,390.3,0,0,0,0,0,0,0,79.4,0,29.5
,"Jeu, 28.06. 15:00",414.1,0.6,413.5,0,0,0,0,0,0,0,84,0,29.60000038146973
,"Jeu, 28.06. 16:00",461.8,0.8,461,0,0,0,0,0,0,0,93.1,0,29.79999923706055
,"Jeu, 28.06. 17:00",575.1,0.9,574.2,0,0,0,0,0,0,0,119.5,0,28.79999923706055
,"Jeu, 28.06. 18:00",630.5,1,629.5,0,0,0,0,0,0,0,135.8,0,27.70000076293945
,"Jeu, 28.06. 19:00",842,1.4,840.6,0,0,0,0,0,0,0,192.6,0,25.70000076293945
,"Jeu, 28.06. 20:00",904.9,1.6,903.3,0,0,0,0,0,0,0,210.3,0,25.10000038146973
,"Jeu, 28.06. 21:00",794.3,1,793.3,0,0,0,0,0,0,0,192.7,0,23.60000038146973
,"Jeu, 28.06. 22:00",460.9,0,460.9,0,0,0,0,0,0,0,115.5,0,22.39999961853027
,"Jeu, 28.06. 23:00",276.9,0,276.9,0,0,0,0,0,0,0,72.7,0,20.70000076293945
,"Ven, 29.06. 00:00",182.4,0,182.4,0,0,0,0,0,0,0,50.8,0,18.20000076293945
,"Ven, 29.06. 01:00",104.2,0,104.2,0,0,0,0,0,0,0,30.2,0,16.5
,"Ven, 29.06. 02:00",32.3,0,32.3,0,0,0,0,0,0,0,9.1,0,17.5
,"Ven, 29.06. 03:00",30.1,0,30.1,0,0,0,0,0,0,0,8.8,0,16.20000076293945
,"Ven, 29.06. 04:00",98.1,0,98.1,0,0,0,0,0,0,0,28.8,0,16
,"Ven, 29.06. 05:00",298.1,0,298.1,0,0,0,0,0,0,0,85.4,0,17
,"Ven, 29.06. 06:00",801.8,0,801.8,0,0,0,0,0,0,0,222.7,0,18.39999961853027
,"Ven, 29.06. 07:00",822.9,0,822.9,0,0,0,0,0,0,0,219.4,0,20
,"Ven, 29.06. 08:00",702.5,0,702.5,0,0,0,0,0,0,0,181.5,0,21.29999923706055
,"Ven, 29.06. 09:00",611,0,611,0,0,0,0,0,0,0,150.1,0,23.20000076293945
,"Ven, 29.06. 10:00",540.2,0,540.2,0,0,0,0,0,0,0,121.4,0,26.29999923706055
,"Ven, 29.06. 11:00",505.7,0,505.7,0,0,0,0,0,0,0,112.6,0,26.60000038146973
,"Ven, 29.06. 12:00",461.1,0,461.1,0,0,0,0,0,0,0,93.7,0,29.5
,"Ven, 29.06. 13:00",468.8,0,468.8,0,0,0,0,0,0,0,93.2,0,30.20000076293945
,"Ven, 29.06. 14:00",459.4,0,459.4,0,0,0,0,0,0,0,91,0,30.29999923706055
,"Ven, 29.06. 15:00",430.2,0,430.2,0,0,0,0,0,0,0,82.1,0,31.39999961853027
,"Ven, 29.06. 16:00",442.6,0,442.6,0,0,0,0,0,0,0,85.3,0,31.10000038146973
,"Ven, 29.06. 17:00",579.9,0,579.9,0,0,0,0,0,0,0,116.9,0,29.79999923706055
,"Ven, 29.06. 18:00",648.9,0,648.9,0,0,0,0,0,0,0,134.1,0,29
,"Ven, 29.06. 19:00",798.7,0,798.7,0,0,0,0,0,0,0,179.1,0,26.39999961853027
,"Ven, 29.06. 20:00",868.3,0,868.3,0,0,0,0,0,0,0,204.3,0,24.70000076293945
,"Ven, 29.06. 21:00",884.9,0,884.9,0,0,0,0,0,0,0,220.7,0,22.60000038146973
,"Ven, 29.06. 22:00",479,0,479,0,0,0,0,0,0,0,127.1,0,20.20000076293945
,"Ven, 29.06. 23:00",262.8,0,262.8,0,0,0,0,0,0,0,69.3,0,20.39999961853027
,"Sam, 30.06. 00:00",195.2,0,195.2,0,0,0,0,0,0,0,53.8,0,18.70000076293945
,"Sam, 30.06. 01:00",114.2,0,114.2,0,0,0,0,0,0,0,31.7,0,18.29999923706055
,"Sam, 30.06. 02:00",70.7,0,70.7,0,0,0,0,0,0,0,20.5,0,16.5
,"Sam, 30.06. 03:00",29.8,0,29.8,0,0,0,0,0,0,0,8.6,0,16.70000076293945
,"Sam, 30.06. 04:00",60,0,60,0,0,0,0,0,0,0,17.6,0,15.89999961853027
,"Sam, 30.06. 05:00",58.3,0,58.3,0,0,0,0,0,0,0,16.4,0,17.79999923706055
,"Sam, 30.06. 06:00",79.1,0,79.1,0,0,0,0,0,0,0,21.1,0,20
,"Sam, 30.06. 07:00",178.1,0,178.1,0,0,0,0,0,0,0,45.3,0,21.89999961853027
,"Sam, 30.06. 08:00",464.6,0,464.6,0,0,0,0,0,0,0,114.4,0,23.10000038146973
,"Sam, 30.06. 09:00",914.1,0,914.1,0,0,0,0,0,0,0,207.7,0,25.89999961853027
,"Sam, 30.06. 10:00",923.2,0,923.2,0,0,0,0,0,0,0,203.3,0,27
,"Sam, 30.06. 11:00",1072.3,0,1072.3,0,0,0,0,0,0,0,208.2,0,30.89999961853027
,"Sam, 30.06. 12:00",945,0,945,0,0,0,0,0,0,0,184.6,0,30.70000076293945
,"Sam, 30.06. 13:00",706.6,0,706.6,0,0,0,0,0,0,0,134.8,0,31.39999961853027
,"Sam, 30.06. 14:00",658.4,0,658.4,0,0,0,0,0,0,0,118.6,0,33
,"Sam, 30.06. 15:00",576.3,0,576.3,0,0,0,0,0,0,0,106.9,0,32.20000076293945
,"Sam, 30.06. 16:00",544,0,544,0,0,0,0,0,0,0,101.9,0,31.89999961853027
,"Sam, 30.06. 17:00",612.3,0,612.3,0,0,0,0,0,0,0,116,0,31.60000038146973
,"Sam, 30.06. 18:00",661.8,0,661.8,0,0,0,0,0,0,0,142,0,27.79999923706055
,"Sam, 30.06. 19:00",719.4,0,719.4,0,0,0,0,0,0,0,163.5,0,25.89999961853027
,"Sam, 30.06. 20:00",676.9,0,676.9,0,0,0,0,0,0,0,161.5,0,24.20000076293945
,"Sam, 30.06. 21:00",596.4,0,596.4,0,0,0,0,0,0,0,151.7,0,21.89999961853027
,"Sam, 30.06. 22:00",421.9,0,421.9,0,0,0,0,0,0,0,112.5,0,20
,"Sam, 30.06. 23:00",292.9,0,292.9,0,0,0,0,0,0,0,81.4,0,18.29999923706055
,"Dim, 01.07. 00:00",217.3,0,217.3,0,0,0,0,0,0,0,62.4,0,16.89999961853027
,"Dim, 01.07. 01:00",122.3,0,122.3,0,0,0,0,0,0,0,35.4,0,16.5
,"Dim, 01.07. 02:00",71.2,0,71.2,0,0,0,0,0,0,0,20.7,0,16.39999961853027
,"Dim, 01.07. 03:00",29.4,0,29.4,0,0,0,0,0,0,0,8.4,0,17.10000038146973
,"Dim, 01.07. 04:00",66.3,0,66.3,0,0,0,0,0,0,0,18.4,0,18.29999923706055
,"Dim, 01.07. 05:00",72.5,0,72.5,0,0,0,0,0,0,0,19.3,0,20.10000038146973
,"Dim, 01.07. 06:00",90.4,0,90.4,0,0,0,0,0,0,0,24.6,0,19.10000038146973
,"Dim, 01.07. 07:00",182.8,0,182.8,0,0,0,0,0,0,0,47.5,0,21.10000038146973
,"Dim, 01.07. 08:00",479.3,0,479.3,0,0,0,0,0,0,0,118.1,0,23.10000038146973
,"Dim, 01.07. 09:00",951.8,0,951.8,0,0,0,0,0,0,0,220.3,0,25.29999923706055
,"Dim, 01.07. 10:00",1008.8,0,1008.8,0,0,0,0,0,0,0,222.7,0,26.89999961853027
,"Dim, 01.07. 11:00",1055.8,0,1055.8,0,0,0,0,0,0,0,221.8,0,28.5
,"Dim, 01.07. 12:00",897.7,0,897.7,0,0,0,0,0,0,0,183.2,0,29.39999961853027
,"Dim, 01.07. 13:00",739.7,0,739.7,0,0,0,0,0,0,0,150,0,29.60000038146973
,"Dim, 01.07. 14:00",594.1,0,594.1,0,0,0,0,0,0,0,126.1,0,28.20000076293945
,"Dim, 01.07. 15:00",538.3,0,538.3,0,0,0,0,0,0,0,137.7,0,21.70000076293945
,"Dim, 01.07. 16:00",531,0,531,0,0,0,0,0,0,0,128.6,0,23.70000076293945
,"Dim, 01.07. 17:00",586.3,0,586.3,0,0,0,0,0,0,0,146.2,0,22.60000038146973
,"Dim, 01.07. 18:00",666.7,0,666.7,0,0,0,0,0,0,0,175,0,20.70000076293945
,"Dim, 01.07. 19:00",681.8,0,681.8,0,0,0,0,0,0,0,184.3,0,19.5
,"Dim, 01.07. 20:00",643.7,0,643.7,0,0,0,0,0,0,0,176.3,0,18.89999961853027
,"Dim, 01.07. 21:00",553.7,0,553.7,0,0,0,0,0,0,0,159.1,0,16.89999961853027
,"Dim, 01.07. 22:00",415.7,0,415.7,0,0,0,0,0,0,0,121.2,0,16.29999923706055
,"Dim, 01.07. 23:00",289.9,0,289.9,0,0,0,0,0,0,0,84,0,16.5
,"Lun, 02.07. 00:00",215.3,29.4,185.9,0,0,0,0,0,0,0,60.6,0,14.89999961853027
,"Lun, 02.07. 01:00",112.6,9,103.6,0,0,0,0,0,0,0,32.5,0,15
,"Lun, 02.07. 02:00",572.9,540,32.9,0,0,0,0,0,0,0,104.5,0,12.69999980926514
,"Lun, 02.07. 03:00",289.7,257.9,31.8,0,0,0,0,0,0,0,52.5,0,13.89999961853027
,"Lun, 02.07. 04:00",332,232,100,0,0,0,0,0,0,0,69,0,14
,"Lun, 02.07. 05:00",335.5,43.2,292.3,0,0,0,0,0,0,0,92.6,0,15.80000019073486
,"Lun, 02.07. 06:00",890.7,73.3,817.4,0,0,0,0,0,0,0,241.4,0,17.5
,"Lun, 02.07. 07:00",925.5,70.4,855.1,0,0,0,0,0,0,0,242.7,0,19.20000076293945
,"Lun, 02.07. 08:00",748.4,53.7,694.7,0,0,0,0,0,0,0,187.6,0,21.20000076293945
,"Lun, 02.07. 09:00",681.6,53.1,628.5,0,0,0,0,0,0,0,162.6,0,23
,"Lun, 02.07. 10:00",546.7,44.3,502.4,0,0,0,0,0,0,0,121.6,0,25.5
,"Lun, 02.07. 11:00",534.7,44.7,490,0,0,0,0,0,0,0,112.4,0,27.5
,"Lun, 02.07. 12:00",554.6,45.1,509.5,0,0,0,0,0,0,0,113.9,0,28.29999923706055
,"Lun, 02.07. 13:00",521.7,43.9,477.8,0,0,0,0,0,0,0,101.5,0,30
,"Lun, 02.07. 14:00",469.6,40.7,428.9,0,0,0,0,0,0,0,90.5,0,30.29999923706055
,"Lun, 02.07. 15:00",451,42,409,0,0,0,0,0,0,0,85.4,0,30.79999923706055
,"Lun, 02.07. 16:00",506.3,46.2,460.1,0,0,0,0,0,0,0,106.3,0,27.39999961853027
,"Lun, 02.07. 17:00",629,49.6,579.4,0,0,0,0,0,0,0,136.9,0,26.29999923706055
,"Lun, 02.07. 18:00",729.4,55.8,673.6,0,0,0,0,0,0,0,161.7,0,25.70000076293945
,"Lun, 02.07. 19:00",836.6,54.9,781.7,0,0,0,0,0,0,0,198.1,0,23.39999961853027
,"Lun, 02.07. 20:00",917.6,58.6,859,0,0,0,0,0,0,0,225.3,0,22
,"Lun, 02.07. 21:00",871.7,54.3,817.4,0,0,0,0,0,0,0,224.5,0,20.10000038146973
,"Lun, 02.07. 22:00",447.1,14.4,432.7,0,0,0,0,0,0,0,115.5,0,20.60000038146973
,"Lun, 02.07. 23:00",295.3,10.5,284.8,0,0,0,0,0,0,0,80.3,0,18.5
,"Mar, 03.07. 00:00",178.4,0,178.4,0,0,0,0,0,0,0,50.4,0,17.60000038146973
,"Mar, 03.07. 01:00",103.6,0,103.6,0,0,0,0,0,0,0,29.6,0,17.20000076293945
,"Mar, 03.07. 02:00",30.4,0,30.4,0,0,0,0,0,0,0,8.9,0,15.89999961853027
,"Mar, 03.07. 03:00",31.6,0,31.6,0,0,0,0,0,0,0,9.3,0,16
,"Mar, 03.07. 04:00",97.3,0,97.3,0,0,0,0,0,0,0,28.4,0,16.20000076293945
,"Mar, 03.07. 05:00",269,0,269,0,0,0,0,0,0,0,76.4,0,17.39999961853027
,"Mar, 03.07. 06:00",890.3,0,890.3,0,0,0,0,0,0,0,243.9,0,18.89999961853027
,"Mar, 03.07. 07:00",896.3,0,896.3,0,0,0,0,0,0,0,239,0,20
,"Mar, 03.07. 08:00",759.5,0,759.5,0,0,0,0,0,0,0,191.8,0,22.10000038146973
,"Mar, 03.07. 09:00",664,0,664,0,0,0,0,0,0,0,158.9,0,24.10000038146973
,"Mar, 03.07. 10:00",534.5,0,534.5,0,0,0,0,0,0,0,116.7,0,27.29999923706055
,"Mar, 03.07. 11:00",495.2,0,495.2,0,0,0,0,0,0,0,110.3,0,26.60000038146973
,"Mar, 03.07. 12:00",494.9,0,494.9,0,0,0,0,0,0,0,107.4,0,27.5
,"Mar, 03.07. 13:00",454.6,0,454.6,0,0,0,0,0,0,0,92.2,0,29.60000038146973
,"Mar, 03.07. 14:00",420,0,420,0,0,0,0,0,0,0,84,0,30
,"Mar, 03.07. 15:00",438.3,0,438.3,0,0,0,0,0,0,0,87.7,0,30
,"Mar, 03.07. 16:00",460.1,0,460.1,0,0,0,0,0,0,0,94.5,0,29.20000076293945
,"Mar, 03.07. 17:00",608.1,0,608.1,0,0,0,0,0,0,0,133.9,0,27
,"Mar, 03.07. 18:00",628.7,0,628.7,0,0,0,0,0,0,0,141.6,0,26.20000076293945
,"Mar, 03.07. 19:00",847.8,0,847.8,0,0,0,0,0,0,0,199,0,24.79999923706055
,"Mar, 03.07. 20:00",893.7,0,893.7,0,0,0,0,0,0,0,220.7,0,23
,"Mar, 03.07. 21:00",782.9,0,782.9,0,0,0,0,0,0,0,199.7,0,21.79999923706055
,"Mar, 03.07. 22:00",446.4,0,446.4,0,0,0,0,0,0,0,111.3,0,22.60000038146973
,"Mar, 03.07. 23:00",271,0,271,0,0,0,0,0,0,0,74.3,0,18.89999961853027
,"Mer, 04.07. 00:00",187.7,0,187.7,0,0,0,0,0,0,0,53.2,0,17.5
,"Mer, 04.07. 01:00",99,0,99,0,0,0,0,0,0,0,27.5,0,18.29999923706055
,"Mer, 04.07. 02:00",30.4,0,30.4,0,0,0,0,0,0,0,8.6,0,17.60000038146973
,"Mer, 04.07. 03:00",28.5,0,28.5,0,0,0,0,0,0,0,8.2,0,16.60000038146973
,"Mer, 04.07. 04:00",100,0,100,0,0,0,0,0,0,0,29.4,0,15.89999961853027
,"Mer, 04.07. 05:00",269,0,269,0,0,0,0,0,0,0,78.7,0,16.20000076293945
,"Mer, 04.07. 06:00",809.2,0,809.2,0,0,0,0,0,0,0,219.3,0,19.39999961853027
,"Mer, 04.07. 07:00",854.6,0,854.6,0,0,0,0,0,0,0,223.1,0,20.89999961853027
,"Mer, 04.07. 08:00",730.3,0,730.3,0,0,0,0,0,0,0,180.3,0,23
,"Mer, 04.07. 09:00",568.4,0,568.4,0,0,0,0,0,0,0,134.7,0,24.5
,"Mer, 04.07. 10:00",544.8,0,544.8,0,0,0,0,0,0,0,122.2,0,26.39999961853027
,"Mer, 04.07. 11:00",505,0,505,0,0,0,0,0,0,0,106.5,0,28.39999961853027
,"Mer, 04.07. 12:00",475,0,475,0,0,0,0,0,0,0,98.1,0,29
,"Mer, 04.07. 13:00",459.1,0,459.1,0,0,0,0,0,0,0,109.1,0,24.39999961853027
,"Mer, 04.07. 14:00",433.1,0,433.1,0,0,0,0,0,0,0,111.3,0,21.5
,"Mer, 04.07. 15:00",417.2,0,417.2,0,0,0,0,0,0,0,99.1,0,24.39999961853027
,"Mer, 04.07. 16:00",455.4,0,455.4,0,0,0,0,0,0,0,115.9,0,21.89999961853027
,"Mer, 04.07. 17:00",579.1,0,579.1,0,0,0,0,0,0,0,147.7,0,21.79999923706055
,"Mer, 04.07. 18:00",635.3,0,635.3,0,0,0,0,0,0,0,162.9,0,21.60000038146973
,"Mer, 04.07. 19:00",897.5,0,897.5,0,0,0,0,0,0,0,235.6,0,20.60000038146973
,"Mer, 04.07. 20:00",867.3,0,867.3,0,0,0,0,0,0,0,235.7,0,19.29999923706055
,"Mer, 04.07. 21:00",875.5,0,875.5,0,0,0,0,0,0,0,239.2,0,19
,"Mer, 04.07. 22:00",460.2,0,460.2,0,0,0,0,0,0,0,126.1,0,18.89999961853027
,"Mer, 04.07. 23:00",276.4,0,276.4,0,0,0,0,0,0,0,76.6,0,18.5
,"Jeu, 05.07. 00:00",172.5,0,172.5,0,0,0,0,0,0,0,47.9,0,18.39999961853027
,"Jeu, 05.07. 01:00",98.2,0,98.2,0,0,0,0,0,0,0,27.5,0,18
,"Jeu, 05.07. 02:00",29.1,0,29.1,0,0,0,0,0,0,0,8.2,0,17.79999923706055
,"Jeu, 05.07. 03:00",31,0,31,0,0,0,0,0,0,0,8.8,0,17.5
,"Jeu, 05.07. 04:00",95.1,0,95.1,0,0,0,0,0,0,0,26.9,0,17.60000038146973
,"Jeu, 05.07. 05:00",286.5,0,286.5,0,0,0,0,0,0,0,80.7,0,17.79999923706055
,"Jeu, 05.07. 06:00",776.5,0,776.5,0,0,0,0,0,0,0,213.3,0,18.79999923706055
,"Jeu, 05.07. 07:00",846.4,0,846.4,0,0,0,0,0,0,0,221.6,0,20.79999923706055
,"Jeu, 05.07. 08:00",701.3,0,701.3,0,0,0,0,0,0,0,174.9,0,22.60000038146973
,"Jeu, 05.07. 09:00",621.4,0,621.4,0,0,0,0,0,0,0,143.5,0,25.39999961853027
,"Jeu, 05.07. 10:00",571.6,0,571.6,0,0,0,0,0,0,0,127.3,0,26.60000038146973
,"Jeu, 05.07. 11:00",509.9,0,509.9,0,0,0,0,0,0,0,109.2,0,27.89999961853027
,"Jeu, 05.07. 12:00",504.4,0,504.4,0,0,0,0,0,0,0,111.6,0,26.79999923706055
,"Jeu, 05.07. 13:00",445,0,445,0,0,0,0,0,0,0,91.4,0,29.20000076293945
,"Jeu, 05.07. 14:00",424.2,0,424.2,0,0,0,0,0,0,0,95.1,0,26.39999961853027
,"Jeu, 05.07. 15:00",421.3,0,421.3,0,0,0,0,0,0,0,93.6,0,26.70000076293945
,"Jeu, 05.07. 16:00",477.9,0,477.9,0,0,0,0,0,0,0,107.4,0,26.29999923706055
,"Jeu, 05.07. 17:00",544,0,544,0,0,0,0,0,0,0,131.4,0,23.79999923706055
,"Jeu, 05.07. 18:00",654.2,0,654.2,0,0,0,0,0,0,0,169.9,0,21.10000038146973
,"Jeu, 05.07. 19:00",805.6,0,805.6,0,0,0,0,0,0,0,214.8,0,20
,"Jeu, 05.07. 20:00",901.7,0,901.7,0,0,0,0,0,0,0,244.4,0,19.39999961853027
,"Jeu, 05.07. 21:00",883.6,0,883.6,0,0,0,0,0,0,0,244.1,0,18.60000038146973
,"Jeu, 05.07. 22:00",441.8,0,441.8,0,0,0,0,0,0,0,121.7,0,18.70000076293945
,"Jeu, 05.07. 23:00",265.6,0,265.6,0,0,0,0,0,0,0,73.8,0,18.29999923706055
,"Ven, 06.07. 00:00",187.7,0,187.7,0,0,0,0,0,0,0,53.9,0,16.89999961853027
,"Ven, 06.07. 01:00",103.5,0,103.5,0,0,0,0,0,0,0,29.8,0,16.79999923706055
,"Ven, 06.07. 02:00",30,0,30,0,0,0,0,0,0,0,8.5,0,17.5
,"Ven, 06.07. 03:00",31,0,31,0,0,0,0,0,0,0,8.8,0,17.5
,"Ven, 06.07. 04:00",102.2,0,102.2,0,0,0,0,0,0,0,29.1,0,17.29999923706055
,"Ven, 06.07. 05:00",289.5,0,289.5,0,0,0,0,0,0,0,83.2,0,16.89999961853027
,"Ven, 06.07. 06:00",857.1,0,857.1,0,0,0,0,0,0,0,236.8,0,18.60000038146973
,"Ven, 06.07. 07:00",829.5,0,829.5,0,0,0,0,0,0,0,226.6,0,19
,"Ven, 06.07. 08:00",744.6,0,744.6,0,0,0,0,0,0,0,199.6,0,19.79999923706055
,"Ven, 06.07. 09:00",591.8,0,591.8,0,0,0,0,0,0,0,147.9,0,22.5
,"Ven, 06.07. 10:00",496.9,0,496.9,0,0,0,0,0,0,0,115.6,0,25.10000038146973
,"Ven, 06.07. 11:00",505,0,505,0,0,0,0,0,0,0,111.7,0,26.79999923706055
,"Ven, 06.07. 12:00",494.6,0,494.6,0,0,0,0,0,0,0,108.9,0,27
,"Ven, 06.07. 13:00",449.5,0,449.5,0,0,0,0,0,0,0,97.1,0,27.60000038146973
,"Ven, 06.07. 14:00",428.6,0,428.6,0,0,0,0,0,0,0,91.2,0,28.10000038146973
,"Ven, 06.07. 15:00",417,0,417,0,0,0,0,0,0,0,90.1,0,27.60000038146973
,"Ven, 06.07. 16:00",455.3,0,455.3,0,0,0,0,0,0,0,100.5,0,26.89999961853027
,"Ven, 06.07. 17:00",590.4,0,590.4,0,0,0,0,0,0,0,133,0,26.20000076293945
,"Ven, 06.07. 18:00",686.5,0,686.5,0,0,0,0,0,0,0,171.2,0,22.60000038146973
,"Ven, 06.07. 19:00",831.1,0,831.1,0,0,0,0,0,0,0,215.3,0,21.20000076293945
,"Ven, 06.07. 20:00",867,0,867,0,0,0,0,0,0,0,228.1,0,20.5
,"Ven, 06.07. 21:00",825,0,825,0,0,0,0,0,0,0,219.4,0,20.10000038146973
,"Ven, 06.07. 22:00",505.8,0,505.8,0,0,0,0,0,0,0,137.1,0,19.39999961853027
,"Ven, 06.07. 23:00",270.9,0,270.9,0,0,0,0,0,0,0,75.3,0,18.39999961853027
,"Sam, 07.07. 00:00",227.3,19.7,207.6,0,0,0,0,0,0,0,60.1,0,18.60000038146973
,"Sam, 07.07. 01:00",138.8,20,118.8,0,0,0,0,0,0,0,37,0,17
,"Sam, 07.07. 02:00",93.9,21.9,72,0,0,0,0,0,0,0,23.9,0,16.89999961853027
,"Sam, 07.07. 03:00",237.3,207.5,29.8,0,0,0,0,0,0,0,43.2,0,14.10000038146973
,"Sam, 07.07. 04:00",391,328.4,62.6,0,0,0,0,0,0,0,74.2,0,13.69999980926514
,"Sam, 07.07. 05:00",213.3,149.7,63.6,0,0,0,0,0,0,0,42.5,0,14.80000019073486
,"Sam, 07.07. 06:00",247.3,168.3,79,0,0,0,0,0,0,0,44.4,0,18.20000076293945
,"Sam, 07.07. 07:00",328.8,154.8,174,0,0,0,0,0,0,0,69.7,0,18.5
,"Sam, 07.07. 08:00",653.1,142.4,510.7,0,0,0,0,0,0,0,159.5,0,19.10000038146973
,"Sam, 07.07. 09:00",1012.4,117.6,894.8,0,0,0,0,0,0,0,251.5,0,20.70000076293945
,"Sam, 07.07. 10:00",1123.7,114.4,1009.3,0,0,0,0,0,0,0,278.9,0,21
,"Sam, 07.07. 11:00",1105.3,105.5,999.8,0,0,0,0,0,0,0,276.6,0,20.79999923706055
,"Sam, 07.07. 12:00",960,97.4,862.6,0,0,0,0,0,0,0,222.9,0,23.60000038146973
,"Sam, 07.07. 13:00",817.4,97.4,720,0,0,0,0,0,0,0,187.4,0,23.79999923706055
,"Sam, 07.07. 14:00",753.9,96.2,657.7,0,0,0,0,0,0,0,174.7,0,23.29999923706055
,"Sam, 07.07. 15:00",712.5,107.5,605,0,0,0,0,0,0,0,179.6,0,19.29999923706055
,"Sam, 07.07. 16:00",691.9,109.5,582.4,0,0,0,0,0,0,0,187.5,0,16.10000038146973
,"Sam, 07.07. 17:00",702.9,110.1,592.8,0,0,0,0,0,0,0,194.2,0,15.30000019073486
,"Sam, 07.07. 18:00",808.7,128.1,680.6,0,0,0,0,0,0,0,220.3,0,15.80000019073486
,"Sam, 07.07. 19:00",822.7,132.7,690,0,0,0,0,0,0,0,225.7,0,15.39999961853027
,"Sam, 07.07. 20:00",804.9,135.6,669.3,0,0,0,0,0,0,0,221.1,0,15.10000038146973
,"Sam, 07.07. 21:00",859.4,318.5,540.9,0,0,0,0,0,0,0,216.9,0,14.10000038146973
,"Sam, 07.07. 22:00",1118.4,684.3,434.1,0,0,0,0,0,0,0,261.6,0,12
,"Sam, 07.07. 23:00",1079.8,787.2,292.6,0,0,0,0,0,0,0,239.1,0,11.5
,"Dim, 08.07. 00:00",993.6,793,200.6,0,0,0,0,0,0,0,211.2,0,11.39999961853027
,"Dim, 08.07. 01:00",902.1,782.3,119.8,0,0,0,0,0,0,0,181.7,0,11.60000038146973
,"Dim, 08.07. 02:00",839.5,770.7,68.8,0,0,0,0,0,0,0,163,0,11.60000038146973
,"Dim, 08.07. 03:00",811.2,779.9,31.3,0,0,0,0,0,0,0,151.9,0,11.69999980926514
,"Dim, 08.07. 04:00",867.8,803,64.8,0,0,0,0,0,0,0,168.9,0,11.39999961853027
,"Dim, 08.07. 05:00",990,918.9,71.1,0,0,0,0,0,0,0,187.2,0,11.89999961853027
,"Dim, 08.07. 06:00",981.3,894.7,86.6,0,0,0,0,0,0,0,181.8,0,12.60000038146973
,"Dim, 08.07. 07:00",1021.9,833.8,188.1,0,0,0,0,0,0,0,203.8,0,12.89999961853027
,"Dim, 08.07. 08:00",861.5,406.3,455.2,0,0,0,0,0,0,0,205.6,0,14.5
,"Dim, 08.07. 09:00",1158.4,279.2,879.2,0,0,0,0,0,0,0,298.1,0,16.39999961853027
,"Dim, 08.07. 10:00",1164.7,252.9,911.8,0,0,0,0,0,0,0,290.6,0,18.10000038146973
,"Dim, 08.07. 11:00",1265.7,260.7,1005,0,0,0,0,0,0,0,311.5,0,19
,"Dim, 08.07. 12:00",1084.8,233.1,851.7,0,0,0,0,0,0,0,256.4,0,20.70000076293945
,"Dim, 08.07. 13:00",935.7,233.2,702.5,0,0,0,0,0,0,0,206.4,0,22.89999961853027
,"Dim, 08.07. 14:00",888.5,237.6,650.9,0,0,0,0,0,0,0,194.4,0,22.89999961853027
,"Dim, 08.07. 15:00",797,242.3,554.7,0,0,0,0,0,0,0,171.8,0,22.70000076293945
,"Dim, 08.07. 16:00",774.3,249.2,525.1,0,0,0,0,0,0,0,171.6,0,21
,"Dim, 08.07. 17:00",921.7,294.5,627.2,0,0,0,0,0,0,0,211,0,19.39999961853027
,"Dim, 08.07. 18:00",966.5,307,659.5,0,0,0,0,0,0,0,225.2,0,18.5
,"Dim, 08.07. 19:00",1022.5,327.3,695.2,0,0,0,0,0,0,0,247.2,0,16.79999923706055
,"Dim, 08.07. 20:00",1054.3,351.7,702.6,0,0,0,0,0,0,0,253.9,0,16.5
,"Dim, 08.07. 21:00",877.9,313.8,564.1,0,0,0,0,0,0,0,208.8,0,16.29999923706055
,"Dim, 08.07. 22:00",491.6,85,406.6,0,0,0,0,0,0,0,132.7,0,15.69999980926514
,"Dim, 08.07. 23:00",376.1,97.9,278.2,0,0,0,0,0,0,0,99.3,0,14.80000019073486
,"Lun, 09.07. 00:00",572.6,377.6,195,0,0,0,0,0,0,0,124.3,0,13.5
,"Lun, 09.07. 01:00",608.5,506.2,102.3,0,0,0,0,0,0,0,119.9,0,12.89999961853027
,"Lun, 09.07. 02:00",978.9,948.5,30.4,0,0,0,0,0,0,0,189.4,0,10.80000019073486
,"Lun, 09.07. 03:00",1201.8,1171.9,29.9,0,0,0,0,0,0,0,241.6,0,9.699999809265137
,"Lun, 09.07. 04:00",1085.7,988.6,97.1,0,0,0,0,0,0,0,219.6,0,10.69999980926514
,"Lun, 09.07. 05:00",1220.3,937.3,283,0,0,0,0,0,0,0,261.5,0,11.60000038146973
,"Lun, 09.07. 06:00",1671.4,854.9,816.5,0,0,0,0,0,0,0,403.2,0,12.80000019073486
,"Lun, 09.07. 07:00",1323.2,443.9,879.3,0,0,0,0,0,0,0,337.3,0,14.69999980926514
,"Lun, 09.07. 08:00",1024.6,294.5,730.1,0,0,0,0,0,0,0,260.1,0,16.10000038146973
,"Lun, 09.07. 09:00",870.2,266.2,604,0,0,0,0,0,0,0,202.4,0,19.29999923706055
,"Lun, 09.07. 10:00",772.8,244.3,528.5,0,0,0,0,0,0,0,170.9,0,21.39999961853027
,"Lun, 09.07. 11:00",737.8,238.2,499.6,0,0,0,0,0,0,0,154.1,0,23.79999923706055
,"Lun, 09.07. 12:00",687,217.2,469.8,0,0,0,0,0,0,0,147.5,0,22.70000076293945
,"Lun, 09.07. 13:00",705.8,228.5,477.3,0,0,0,0,0,0,0,148.5,0,23.39999961853027
,"Lun, 09.07. 14:00",666.9,221.1,445.8,0,0,0,0,0,0,0,139,0,23.70000076293945
,"Lun, 09.07. 15:00",646.8,225.5,421.3,0,0,0,0,0,0,0,135.9,0,22.89999961853027
,"Lun, 09.07. 16:00",708.3,244,464.3,0,0,0,0,0,0,0,151.8,0,22
,"Lun, 09.07. 17:00",845.7,261.1,584.6,0,0,0,0,0,0,0,193.7,0,19.70000076293945
,"Lun, 09.07. 18:00",954.8,287.9,666.9,0,0,0,0,0,0,0,219.7,0,19.60000038146973
,"Lun, 09.07. 19:00",1190.5,318.7,871.8,0,0,0,0,0,0,0,287.3,0,18.10000038146973
,"Lun, 09.07. 20:00",1198.1,313.8,884.3,0,0,0,0,0,0,0,292.3,0,17.60000038146973
,"Lun, 09.07. 21:00",1032,265.4,766.6,0,0,0,0,0,0,0,254.9,0,17.20000076293945
,"Lun, 09.07. 22:00",515.8,78.5,437.3,0,0,0,0,0,0,0,138.2,0,16.39999961853027
,"Lun, 09.07. 23:00",313.5,48,265.5,0,0,0,0,0,0,0,86.7,0,15.19999980926514
,"Mar, 10.07. 00:00",415.8,224.6,191.2,0,0,0,0,0,0,0,95.4,0,14.10000038146973
,"Mar, 10.07. 01:00",255.5,156.5,99,0,0,0,0,0,0,0,55.6,0,14.39999961853027
,"Mar, 10.07. 02:00",229.6,199.6,30,0,0,0,0,0,0,0,41.9,0,14.19999980926514
,"Mar, 10.07. 03:00",454.6,423.8,30.8,0,0,0,0,0,0,0,81.9,0,13.19999980926514
,"Mar, 10.07. 04:00",947.5,848.6,98.9,0,0,0,0,0,0,0,189.2,0,11.30000019073486
,"Mar, 10.07. 05:00",926.9,657.9,269,0,0,0,0,0,0,0,200.8,0,12.39999961853027
,"Mar, 10.07. 06:00",1161.7,369.5,792.2,0,0,0,0,0,0,0,299.4,0,14.39999961853027
,"Mar, 10.07. 07:00",1084.9,238.7,846.2,0,0,0,0,0,0,0,279.6,0,16.70000076293945
,"Mar, 10.07. 08:00",924.1,194,730.1,0,0,0,0,0,0,0,226.2,0,19.29999923706055
,"Mar, 10.07. 09:00",732.1,164.2,567.9,0,0,0,0,0,0,0,172,0,20.79999923706055
,"Mar, 10.07. 10:00",668,155.4,512.6,0,0,0,0,0,0,0,154,0,21.39999961853027
,"Mar, 10.07. 11:00",649.7,155,494.7,0,0,0,0,0,0,0,148.7,0,21.60000038146973
,"Mar, 10.07. 12:00",625.6,145.8,479.8,0,0,0,0,0,0,0,140.1,0,22.60000038146973
,"Mar, 10.07. 13:00",603.5,144.6,458.9,0,0,0,0,0,0,0,130.4,0,24
,"Mar, 10.07. 14:00",557,137.2,419.8,0,0,0,0,0,0,0,122.1,0,23.29999923706055
,"Mar, 10.07. 15:00",529.7,138.1,391.6,0,0,0,0,0,0,0,113.3,0,24
,"Mar, 10.07. 16:00",624.9,160.6,464.3,0,0,0,0,0,0,0,136.1,0,23.29999923706055
,"Mar, 10.07. 17:00",764,173.7,590.3,0,0,0,0,0,0,0,172,0,22.39999961853027
,"Mar, 10.07. 18:00",822.5,182.5,640,0,0,0,0,0,0,0,199.6,0,19.20000076293945
,"Mar, 10.07. 19:00",999.3,194.1,805.2,0,0,0,0,0,0,0,255,0,17.5
,"Mar, 10.07. 20:00",1091.6,207.3,884.3,0,0,0,0,0,0,0,285.8,0,16.60000038146973
,"Mar, 10.07. 21:00",1023.5,190.3,833.2,0,0,0,0,0,0,0,272.5,0,15.89999961853027
,"Mar, 10.07. 22:00",712.7,202.3,510.4,0,0,0,0,0,0,0,187.5,0,14.39999961853027
,"Mar, 10.07. 23:00",1056.1,796.5,259.6,0,0,0,0,0,0,0,232.5,0,11.19999980926514
,"Mer, 11.07. 00:00",720.8,521.9,198.9,0,0,0,0,0,0,0,153.1,0,12.80000019073486
,"Mer, 11.07. 01:00",521.6,419.3,102.3,0,0,0,0,0,0,0,103.6,0,13.19999980926514
,"Mer, 11.07. 02:00",417.9,388.8,29.1,0,0,0,0,0,0,0,75.5,0,13.19999980926514
,"Mer, 11.07. 03:00",392.9,363,29.9,0,0,0,0,0,0,0,70.7,0,13.39999961853027
,"Mer, 11.07. 04:00",442.5,352.5,90,0,0,0,0,0,0,0,87.6,0,13.39999961853027
,"Mer, 11.07. 05:00",688.2,416.2,272,0,0,0,0,0,0,0,154.1,0,13.5
,"Mer, 11.07. 06:00",1376.1,527.4,848.7,0,0,0,0,0,0,0,350.1,0,13.60000038146973
,"Mer, 11.07. 07:00",979.8,183.5,796.3,0,0,0,0,0,0,0,266.4,0,15.30000019073486
,"Mer, 11.07. 08:00",835.5,149,686.5,0,0,0,0,0,0,0,225.2,0,15.89999961853027
,"Mer, 11.07. 09:00",746.4,142.4,604,0,0,0,0,0,0,0,194,0,17.10000038146973
,"Mer, 11.07. 10:00",699.3,138.6,560.7,0,0,0,0,0,0,0,172.4,0,19.20000076293945
,"Mer, 11.07. 11:00",627.5,127.9,499.6,0,0,0,0,0,0,0,148,0,21
,"Mer, 11.07. 12:00",605.1,120.3,484.8,0,0,0,0,0,0,0,135.9,0,23.20000076293945
,"Mer, 11.07. 13:00",541.5,110.7,430.8,0,0,0,0,0,0,0,117.2,0,24.60000038146973
,"Mer, 11.07. 14:00",526.1,110.6,415.5,0,0,0,0,0,0,0,113.6,0,24.60000038146973
,"Mer, 11.07. 15:00",526.2,117.5,408.7,0,0,0,0,0,0,0,112.4,0,24.70000076293945
,"Mer, 11.07. 16:00",566.5,124.8,441.7,0,0,0,0,0,0,0,124.5,0,23.60000038146973
,"Mer, 11.07. 17:00",696.4,134.8,561.6,0,0,0,0,0,0,0,157.9,0,22.79999923706055
,"Mer, 11.07. 18:00",822,155.1,666.9,0,0,0,0,0,0,0,195.9,0,20.79999923706055
,"Mer, 11.07. 19:00",1014.1,166.8,847.3,0,0,0,0,0,0,0,249.2,0,19.89999961853027
,"Mer, 11.07. 20:00",991.5,159.2,832.3,0,0,0,0,0,0,0,253.9,0,18.10000038146973
,"Mer, 11.07. 21:00",998.4,157,841.4,0,0,0,0,0,0,0,253.7,0,18.5
,"Mer, 11.07. 22:00",513.8,44.9,468.9,0,0,0,0,0,0,0,143.9,0,16
,"Mer, 11.07. 23:00",475.3,185,290.3,0,0,0,0,0,0,0,118.6,0,14.30000019073486
,"Jeu, 12.07. 00:00",576.3,375.6,200.7,0,0,0,0,0,0,0,125.9,0,13.39999961853027
,"Jeu, 12.07. 01:00",419.7,317.4,102.3,0,0,0,0,0,0,0,85,0,13.60000038146973
,"Jeu, 12.07. 02:00",350,320.3,29.7,0,0,0,0,0,0,0,63.2,0,13.5
,"Jeu, 12.07. 03:00",138.6,110.1,28.5,0,0,0,0,0,0,0,26.4,0,14.5
,"Jeu, 12.07. 04:00",138.6,39.7,98.9,0,0,0,0,0,0,0,36.1,0,14.89999961853027
,"Jeu, 12.07. 05:00",320.5,45.6,274.9,0,0,0,0,0,0,0,88.7,0,15.39999961853027
,"Jeu, 12.07. 06:00",988.5,91.1,897.4,0,0,0,0,0,0,0,274.6,0,16.29999923706055
,"Jeu, 12.07. 07:00",888.4,75.7,812.7,0,0,0,0,0,0,0,243,0,17.20000076293945
,"Jeu, 12.07. 08:00",770.7,62.2,708.5,0,0,0,0,0,0,0,201.9,0,19.10000038146973
,"Jeu, 12.07. 09:00",641.7,55.8,585.9,0,0,0,0,0,0,0,156.9,0,21.89999961853027
,"Jeu, 12.07. 10:00",593.2,53.8,539.4,0,0,0,0,0,0,0,142.7,0,22.39999961853027
,"Jeu, 12.07. 11:00",545.8,51.1,494.7,0,0,0,0,0,0,0,129,0,23.10000038146973
,"Jeu, 12.07. 12:00",527.8,48,479.8,0,0,0,0,0,0,0,125.5,0,22.89999961853027
,"Jeu, 12.07. 13:00",506.3,47.4,458.9,0,0,0,0,0,0,0,115.8,0,24.29999923706055
,"Jeu, 12.07. 14:00",465.1,45.3,419.8,0,0,0,0,0,0,0,102.1,0,25.79999923706055
,"Jeu, 12.07. 15:00",460.6,47.9,412.7,0,0,0,0,0,0,0,101,0,25.70000076293945
,"Jeu, 12.07. 16:00",567.4,58.2,509.2,0,0,0,0,0,0,0,128.4,0,24.60000038146973
,"Jeu, 12.07. 17:00",660.2,58.5,601.7,0,0,0,0,0,0,0,147.9,0,25.10000038146973
,"Jeu, 12.07. 18:00",673.2,57.9,615.3,0,0,0,0,0,0,0,155.8,0,24
,"Jeu, 12.07. 19:00",923.6,68.2,855.4,0,0,0,0,0,0,0,223,0,22.5
,"Jeu, 12.07. 20:00",971.3,69.9,901.4,0,0,0,0,0,0,0,244.1,0,21
,"Jeu, 12.07. 21:00",842.2,59.3,782.9,0,0,0,0,0,0,0,218.8,0,19.60000038146973
,"Jeu, 12.07. 22:00",468.5,17.9,450.6,0,0,0,0,0,0,0,122.8,0,19.89999961853027
,"Jeu, 12.07. 23:00",270.4,10.8,259.6,0,0,0,0,0,0,0,73.2,0,18.60000038146973
,"Ven, 13.07. 00:00",182.3,0,182.3,0,0,0,0,0,0,0,50.9,0,18.10000038146973
,"Ven, 13.07. 01:00",97.4,0,97.4,0,0,0,0,0,0,0,27.7,0,17.29999923706055
,"Ven, 13.07. 02:00",30,0,30,0,0,0,0,0,0,0,8.7,0,16.39999961853027
,"Ven, 13.07. 03:00",31,0,31,0,0,0,0,0,0,0,8.8,0,17.5
,"Ven, 13.07. 04:00",98.1,0,98.1,0,0,0,0,0,0,0,28.2,0,16.89999961853027
,"Ven, 13.07. 05:00",289.5,0,289.5,0,0,0,0,0,0,0,82,0,17.5
,"Ven, 13.07. 06:00",809.1,0,809.1,0,0,0,0,0,0,0,217.5,0,19.70000076293945
,"Ven, 13.07. 07:00",837.9,0,837.9,0,0,0,0,0,0,0,216,0,21.39999961853027
,"Ven, 13.07. 08:00",686.6,0,686.6,0,0,0,0,0,0,0,172.5,0,22.29999923706055
,"Ven, 13.07. 09:00",597.9,0,597.9,0,0,0,0,0,0,0,137.5,0,25.5
,"Ven, 13.07. 10:00",528.5,0,528.5,0,0,0,0,0,0,0,113.9,0,27.70000076293945
,"Ven, 13.07. 11:00",505,0,505,0,0,0,0,0,0,0,101.4,0,29.89999961853027
,"Ven, 13.07. 12:00",484.9,0,484.9,0,0,0,0,0,0,0,89.3,0,32.40000152587891
,"Ven, 13.07. 13:00",472.9,0,472.9,0,0,0,0,0,0,0,85.2,0,33
,"Ven, 13.07. 14:00",419.8,0,419.8,0,0,0,0,0,0,0,75.9,0,32.90000152587891
,"Ven, 13.07. 15:00",412.8,0,412.8,0,0,0,0,0,0,0,79.5,0,31.10000038146973
,"Ven, 13.07. 16:00",436.9,0,436.9,0,0,0,0,0,0,0,83.4,0,31.39999961853027
,"Ven, 13.07. 17:00",573.1,0,573.1,0,0,0,0,0,0,0,113.9,0,30.20000076293945
,"Ven, 13.07. 18:00",628.4,0,628.4,0,0,0,0,0,0,0,129.8,0,29
,"Ven, 13.07. 19:00",797.3,0,797.3,0,0,0,0,0,0,0,177.2,0,26.70000076293945
,"Ven, 13.07. 20:00",832.4,0,832.4,0,0,0,0,0,0,0,202.5,0,23.5
,"Ven, 13.07. 21:00",875.1,0,875.1,0,0,0,0,0,0,0,218.2,0,22.60000038146973
,"Ven, 13.07. 22:00",437.3,0,437.3,0,0,0,0,0,0,0,111.3,0,21.89999961853027
,"Ven, 13.07. 23:00",273.6,0,273.6,0,0,0,0,0,0,0,72,0,20.5
,"Sam, 14.07. 00:00",204.9,0,204.9,0,0,0,0,0,0,0,55.5,0,19.39999961853027
,"Sam, 14.07. 01:00",110.7,0,110.7,0,0,0,0,0,0,0,29.3,0,20.29999923706055
,"Sam, 14.07. 02:00",72,0,72,0,0,0,0,0,0,0,19.4,0,19.60000038146973
,"Sam, 14.07. 03:00",30.2,0,30.2,0,0,0,0,0,0,0,8.4,0,18.5
,"Sam, 14.07. 04:00",64,0,64,0,0,0,0,0,0,0,17.1,0,19.89999961853027
,"Sam, 14.07. 05:00",63,0,63,0,0,0,0,0,0,0,16.8,0,20
,"Sam, 14.07. 06:00",83.8,0,83.8,0,0,0,0,0,0,0,21.9,0,20.79999923706055
,"Sam, 14.07. 07:00",185.2,0,185.2,0,0,0,0,0,0,0,44.9,0,23.60000038146973
,"Sam, 14.07. 08:00",482.6,0,482.6,0,0,0,0,0,0,0,113,0,24.89999961853027
,"Sam, 14.07. 09:00",895.1,0,895.1,0,0,0,0,0,0,0,207.2,0,25.29999923706055
,"Sam, 14.07. 10:00",1009.6,0,1009.6,0,0,0,0,0,0,0,228.9,0,26
,"Sam, 14.07. 11:00",1030.5,0,1030.5,0,0,0,0,0,0,0,227,0,27
,"Sam, 14.07. 12:00",862.9,0,862.9,0,0,0,0,0,0,0,182,0,28.39999961853027
,"Sam, 14.07. 13:00",779.1,0,779.1,0,0,0,0,0,0,0,155.8,0,30
,"Sam, 14.07. 14:00",677,0,677,0,0,0,0,0,0,0,122.9,0,32.79999923706055
,"Sam, 14.07. 15:00",570.7,0,570.7,0,0,0,0,0,0,0,105.5,0,32.29999923706055
,"Sam, 14.07. 16:00",543.5,0,543.5,0,0,0,0,0,0,0,106.1,0,30.70000076293945
,"Sam, 14.07. 17:00",611.6,0,611.6,0,0,0,0,0,0,0,119.9,0,30.60000038146973
,"Sam, 14.07. 18:00",693.9,0,693.9,0,0,0,0,0,0,0,145.8,0,28.5
,"Sam, 14.07. 19:00",711.4,0,711.4,0,0,0,0,0,0,0,160.9,0,26.10000038146973
,"Sam, 14.07. 20:00",689.8,0,689.8,0,0,0,0,0,0,0,165,0,24.10000038146973
,"Sam, 14.07. 21:00",589.8,0,589.8,0,0,0,0,0,0,0,141.8,0,24
,"Sam, 14.07. 22:00",412.7,0,412.7,0,0,0,0,0,0,0,103.7,0,22.29999923706055
,"Sam, 14.07. 23:00",283.5,0,283.5,0,0,0,0,0,0,0,76.6,0,19.5
,"Dim, 15.07. 00:00",207,0,207,0,0,0,0,0,0,0,55.8,0,19.60000038146973
,"Dim, 15.07. 01:00",112.8,0,112.8,0,0,0,0,0,0,0,30.2,0,19.89999961853027
,"Dim, 15.07. 02:00",68.8,0,68.8,0,0,0,0,0,0,0,18.7,0,19.20000076293945
,"Dim, 15.07. 03:00",31.1,0,31.1,0,0,0,0,0,0,0,8.7,0,17.89999961853027
,"Dim, 15.07. 04:00",68.7,0,68.7,0,0,0,0,0,0,0,18.6,0,19.39999961853027
,"Dim, 15.07. 05:00",73.1,0,73.1,0,0,0,0,0,0,0,20.1,0,18.79999923706055
,"Dim, 15.07. 06:00",90.3,0,90.3,0,0,0,0,0,0,0,23.7,0,20.70000076293945
,"Dim, 15.07. 07:00",182.7,0,182.7,0,0,0,0,0,0,0,48.3,0,20.29999923706055
,"Dim, 15.07. 08:00",474,0,474,0,0,0,0,0,0,0,119.1,0,22.29999923706055
,"Dim, 15.07. 09:00",941.9,0,941.9,0,0,0,0,0,0,0,235.5,0,22.5
,"Dim, 15.07. 10:00",960,0,960,0,0,0,0,0,0,0,233.6,0,23.5
,"Dim, 15.07. 11:00",935.9,0,935.9,0,0,0,0,0,0,0,218.7,0,25
,"Dim, 15.07. 12:00",905.7,0,905.7,0,0,0,0,0,0,0,204,0,26.20000076293945
,"Dim, 15.07. 13:00",732,0,732,0,0,0,0,0,0,0,155.4,0,28.20000076293945
,"Dim, 15.07. 14:00",631.9,0,631.9,0,0,0,0,0,0,0,132.5,0,28.60000038146973
,"Dim, 15.07. 15:00",555,0,555,0,0,0,0,0,0,0,114.4,0,29.10000038146973
,"Dim, 15.07. 16:00",519.8,0,519.8,0,0,0,0,0,0,0,108.1,0,28.79999923706055
,"Dim, 15.07. 17:00",567.7,0,567.7,0,0,0,0,0,0,0,124.5,0,27.10000038146973
,"Dim, 15.07. 18:00",705.3,0,705.3,0,0,0,0,0,0,0,162.9,0,25.39999961853027
,"Dim, 15.07. 19:00",702.3,0,702.3,0,0,0,0,0,0,0,167.2,0,24.29999923706055
,"Dim, 15.07. 20:00",669.4,0,669.4,0,0,0,0,0,0,0,169.5,0,22
,"Dim, 15.07. 21:00",536.1,0,536.1,0,0,0,0,0,0,0,142.2,0,20.20000076293945
,"Dim, 15.07. 22:00",428.4,0,428.4,0,0,0,0,0,0,0,107.6,0,22.29999923706055
,"Dim, 15.07. 23:00",297.5,0,297.5,0,0,0,0,0,0,0,77.5,0,21
,"Lun, 16.07. 00:00",199,0,199,0,0,0,0,0,0,0,51.7,0,21.10000038146973
,"Lun, 16.07. 01:00",99,0,99,0,0,0,0,0,0,0,27.1,0,18.89999961853027
,"Lun, 16.07. 02:00",31.3,0,31.3,0,0,0,0,0,0,0,8.5,0,19.20000076293945
,"Lun, 16.07. 03:00",29.4,0,29.4,0,0,0,0,0,0,0,8.1,0,18.70000076293945
,"Lun, 16.07. 04:00",103.9,0,103.9,0,0,0,0,0,0,0,29.3,0,17.79999923706055
,"Lun, 16.07. 05:00",311.9,0,311.9,0,0,0,0,0,0,0,85.2,0,19
,"Lun, 16.07. 06:00",832.5,0,832.5,0,0,0,0,0,0,0,215.1,0,21.29999923706055
,"Lun, 16.07. 07:00",836.7,0,836.7,0,0,0,0,0,0,0,205.1,0,23.29999923706055
,"Lun, 16.07. 08:00",734.9,0,734.9,0,0,0,0,0,0,0,172.1,0,24.89999961853027
,"Lun, 16.07. 09:00",594.5,0,594.5,0,0,0,0,0,0,0,132.4,0,26.60000038146973
,"Lun, 16.07. 10:00",556.6,0,556.6,0,0,0,0,0,0,0,113.6,0,29.39999961853027
,"Lun, 16.07. 11:00",535.5,0,535.5,0,0,0,0,0,0,0,103.2,0,31.10000038146973
,"Lun, 16.07. 12:00",490.8,0,490.8,0,0,0,0,0,0,0,92.3,0,31.79999923706055
,"Lun, 16.07. 13:00",469.1,0,469.1,0,0,0,0,0,0,0,84.8,0,32.90000152587891
,"Lun, 16.07. 14:00",468.5,0,468.5,0,0,0,0,0,0,0,83.5,0,33.29999923706055
,"Lun, 16.07. 15:00",435.8,0,435.8,0,0,0,0,0,0,0,78.8,0,32.90000152587891
,"Lun, 16.07. 16:00",449.3,0,449.3,0,0,0,0,0,0,0,83.7,0,32.09999847412109
,"Lun, 16.07. 17:00",590.2,0,590.2,0,0,0,0,0,0,0,113.3,0,31.20000076293945
,"Lun, 16.07. 18:00",673.4,0,673.4,0,0,0,0,0,0,0,137.4,0,29.39999961853027
,"Lun, 16.07. 19:00",798,0,798,0,0,0,0,0,0,0,176.2,0,26.89999961853027
,"Lun, 16.07. 20:00",867.4,0,867.4,0,0,0,0,0,0,0,213.1,0,23.20000076293945
,"Lun, 16.07. 21:00",775.5,0,775.5,0,0,0,0,0,0,0,188.2,0,23.60000038146973
,"Lun, 16.07. 22:00",446.4,0,446.4,0,0,0,0,0,0,0,113.6,0,21.89999961853027
,"Lun, 16.07. 23:00",284.7,0,284.7,0,0,0,0,0,0,0,72.8,0,21.70000076293945
,"Mar, 17.07. 00:00",219.2,14.9,204.3,0,0,0,0,0,0,0,57.6,0,19.29999923706055
,"Mar, 17.07. 01:00",110.3,13.8,96.5,0,0,0,0,0,0,0,27.3,0,20.5
,"Mar, 17.07. 02:00",46.6,15.5,31.1,0,0,0,0,0,0,0,10.7,0,18.79999923706055
,"Mar, 17.07. 03:00",53.1,19.9,33.2,0,0,0,0,0,0,0,11.4,0,20.5
,"Mar, 17.07. 04:00",120.8,26.8,94,0,0,0,0,0,0,0,30,0,18.10000038146973
,"Mar, 17.07. 05:00",381.1,77.7,303.4,0,0,0,0,0,0,0,95.4,0,18
,"Mar, 17.07. 06:00",934.4,125.8,808.6,0,0,0,0,0,0,0,241.3,0,18.39999961853027
,"Mar, 17.07. 07:00",899.5,112.3,787.2,0,0,0,0,0,0,0,234.3,0,18.39999961853027
,"Mar, 17.07. 08:00",850.2,100.8,749.4,0,0,0,0,0,0,0,225,0,17.89999961853027
,"Mar, 17.07. 09:00",743.3,95.2,648.1,0,0,0,0,0,0,0,190.1,0,19.20000076293945
,"Mar, 17.07. 10:00",636.4,84.9,551.5,0,0,0,0,0,0,0,153.3,0,21.60000038146973
,"Mar, 17.07. 11:00",574.5,78.9,495.6,0,0,0,0,0,0,0,132.4,0,23.29999923706055
,"Mar, 17.07. 12:00",510.5,68.4,442.1,0,0,0,0,0,0,0,118.7,0,23
,"Mar, 17.07. 13:00",501.9,69.3,432.6,0,0,0,0,0,0,0,115.7,0,23.29999923706055
,"Mar, 17.07. 14:00",501.4,71.4,430,0,0,0,0,0,0,0,122.9,0,20.70000076293945
,"Mar, 17.07. 15:00",454.6,69.1,385.5,0,0,0,0,0,0,0,120.6,0,17
,"Mar, 17.07. 16:00",570.3,85.1,485.2,0,0,0,0,0,0,0,151.5,0,17
,"Mar, 17.07. 17:00",691,89.3,601.7,0,0,0,0,0,0,0,190,0,16
,"Mar, 17.07. 18:00",861.4,168,693.4,0,0,0,0,0,0,0,236.4,0,14.69999980926514
,"Mar, 17.07. 19:00",1081.1,266.4,814.7,0,0,0,0,0,0,0,292.5,0,14.19999980926514
,"Mar, 17.07. 20:00",1386.4,484.2,902.2,0,0,0,0,0,0,0,362.9,0,13.30000019073486
,"Mar, 17.07. 21:00",1284.2,442.1,842.1,0,0,0,0,0,0,0,335.7,0,13.39999961853027
,"Mar, 17.07. 22:00",978.7,486,492.7,0,0,0,0,0,0,0,237.9,0,13
,"Mar, 17.07. 23:00",544.4,289.8,254.6,0,0,0,0,0,0,0,127.4,0,13.60000038146973
,"Mer, 18.07. 00:00",878.3,695.9,182.4,0,0,0,0,0,0,0,182.6,0,12.10000038146973
,"Mer, 18.07. 01:00",891.2,798,93.2,0,0,0,0,0,0,0,176.9,0,11.5
,"Mer, 18.07. 02:00",810.1,778.4,31.7,0,0,0,0,0,0,0,150.1,0,12
,"Mer, 18.07. 03:00",944.6,913.5,31.1,0,0,0,0,0,0,0,178.2,0,11.39999961853027
,"Mer, 18.07. 04:00",1002.1,909,93.1,0,0,0,0,0,0,0,197.5,0,11.39999961853027
,"Mer, 18.07. 05:00",1552.5,1272.1,280.4,0,0,0,0,0,0,0,324,0,11.30000019073486
,"Mer, 18.07. 06:00",2447.3,1638.6,808.7,0,0,0,0,0,0,0,559.1,0,11.39999961853027
,"Mer, 18.07. 07:00",2443.7,1581.8,861.9,0,0,0,0,0,0,0,566.3,0,11.69999980926514
,"Mer, 18.07. 08:00",2000.2,1250.6,749.6,0,0,0,0,0,0,0,460.7,0,12.5
,"Mer, 18.07. 09:00",1611.8,1064.6,547.2,0,0,0,0,0,0,0,364,0,12.39999961853027
,"Mer, 18.07. 10:00",1500.5,991.5,509,0,0,0,0,0,0,0,334.1,0,12.80000019073486
,"Mer, 18.07. 11:00",1339.8,844.1,495.7,0,0,0,0,0,0,0,297.2,0,13.60000038146973
,"Mer, 18.07. 12:00",1100.7,609.5,491.2,0,0,0,0,0,0,0,248.8,0,14.60000038146973
,"Mer, 18.07. 13:00",1026.6,538.9,487.7,0,0,0,0,0,0,0,231.4,0,15.30000019073486
,"Mer, 18.07. 14:00",848.9,453.2,395.7,0,0,0,0,0,0,0,174.6,0,18.39999961853027
,"Mer, 18.07. 15:00",899.2,496.8,402.4,0,0,0,0,0,0,0,185.3,0,17.5
,"Mer, 18.07. 16:00",1002.4,548.8,453.6,0,0,0,0,0,0,0,205.5,0,17.79999923706055
,"Mer, 18.07. 17:00",1207.2,610.9,596.3,0,0,0,0,0,0,0,267.4,0,16.10000038146973
,"Mer, 18.07. 18:00",1187.6,591.3,596.3,0,0,0,0,0,0,0,270.2,0,15.30000019073486
,"Mer, 18.07. 19:00",1918,1103.1,814.9,0,0,0,0,0,0,0,444.3,0,13
,"Mer, 18.07. 20:00",2005,1162.8,842.2,0,0,0,0,0,0,0,465.7,0,12.69999980926514
,"Mer, 18.07. 21:00",2541.2,1673.7,867.5,0,0,0,0,0,0,0,600.1,0,10.60000038146973
,"Mer, 18.07. 22:00",1687.7,1231.9,455.8,0,0,0,0,0,0,0,390.1,0,10.10000038146973
,"Mer, 18.07. 23:00",1254.6,966.7,287.9,0,0,0,0,0,0,0,273.2,0,11.19999980926514
,"Jeu, 19.07. 00:00",949.3,778.3,171,0,0,0,0,0,0,0,200.3,0,11.19999980926514
,"Jeu, 19.07. 01:00",824.3,725.1,99.2,0,0,0,0,0,0,0,163.2,0,11.80000019073486
,"Jeu, 19.07. 02:00",751.7,721.5,30.2,0,0,0,0,0,0,0,140.4,0,11.80000019073486
,"Jeu, 19.07. 03:00",680,650.4,29.6,0,0,0,0,0,0,0,125.5,0,12.10000038146973
,"Jeu, 19.07. 04:00",917.2,817.2,100,0,0,0,0,0,0,0,181.4,0,11.60000038146973
,"Jeu, 19.07. 05:00",1138.5,846.2,292.3,0,0,0,0,0,0,0,243.4,0,12.10000038146973
,"Jeu, 19.07. 06:00",1738.6,880.9,857.7,0,0,0,0,0,0,0,420.4,0,12.80000019073486
,"Jeu, 19.07. 07:00",1232.4,469.7,762.7,0,0,0,0,0,0,0,310.3,0,14.19999980926514
,"Jeu, 19.07. 08:00",999.7,278.7,721,0,0,0,0,0,0,0,260.1,0,15.30000019073486
,"Jeu, 19.07. 09:00",888.9,264,624.9,0,0,0,0,0,0,0,214.4,0,17.60000038146973
,"Jeu, 19.07. 10:00",734.8,225.6,509.2,0,0,0,0,0,0,0,168.7,0,19.70000076293945
,"Jeu, 19.07. 11:00",708.7,222.7,486,0,0,0,0,0,0,0,159.3,0,20.5
,"Jeu, 19.07. 12:00",695.4,214,481.4,0,0,0,0,0,0,0,144.9,0,24.10000038146973
,"Jeu, 19.07. 13:00",638.7,201.6,437.1,0,0,0,0,0,0,0,133.1,0,24
,"Jeu, 19.07. 14:00",597.3,192.9,404.4,0,0,0,0,0,0,0,123.2,0,24.29999923706055
,"Jeu, 19.07. 15:00",660.2,224.3,435.9,0,0,0,0,0,0,0,134.9,0,24.29999923706055
,"Jeu, 19.07. 16:00",662.3,221.8,440.5,0,0,0,0,0,0,0,137.4,0,23.70000076293945
,"Jeu, 19.07. 17:00",834.4,249.4,585,0,0,0,0,0,0,0,180.3,0,22.60000038146973
,"Jeu, 19.07. 18:00",870.2,254.4,615.8,0,0,0,0,0,0,0,197.9,0,20.29999923706055
,"Jeu, 19.07. 19:00",1089.1,282.3,806.8,0,0,0,0,0,0,0,260.2,0,18.79999923706055
,"Jeu, 19.07. 20:00",1116.7,283.1,833.6,0,0,0,0,0,0,0,275.5,0,17.39999961853027
,"Jeu, 19.07. 21:00",1155.2,287.5,867.7,0,0,0,0,0,0,0,280.9,0,18
,"Jeu, 19.07. 22:00",539.5,79.1,460.4,0,0,0,0,0,0,0,143.6,0,16.79999923706055
,"Jeu, 19.07. 23:00",353.5,52.1,301.4,0,0,0,0,0,0,0,98.3,0,15.10000038146973
,"Ven, 20.07. 00:00",746.9,553.2,193.7,0,0,0,0,0,0,0,158.1,0,12.60000038146973
,"Ven, 20.07. 01:00",546,447.7,98.3,0,0,0,0,0,0,0,108,0,13
,"Ven, 20.07. 02:00",449.7,420,29.7,0,0,0,0,0,0,0,81.3,0,13.10000038146973
,"Ven, 20.07. 03:00",563.2,533.2,30,0,0,0,0,0,0,0,102.8,0,12.60000038146973
,"Ven, 20.07. 04:00",811.4,712.4,99,0,0,0,0,0,0,0,160.1,0,11.89999961853027
,"Ven, 20.07. 05:00",794.6,502.2,292.4,0,0,0,0,0,0,0,175.8,0,13.30000019073486
,"Ven, 20.07. 06:00",1062.8,277.9,784.9,0,0,0,0,0,0,0,280.4,0,14.69999980926514
,"Ven, 20.07. 07:00",1079.4,217.4,862,0,0,0,0,0,0,0,281.8,0,16.60000038146973
,"Ven, 20.07. 08:00",919.9,176.8,743.1,0,0,0,0,0,0,0,227.8,0,19.10000038146973
,"Ven, 20.07. 09:00",764.8,157.6,607.2,0,0,0,0,0,0,0,180.8,0,20.89999961853027
,"Ven, 20.07. 10:00",655,140.2,514.8,0,0,0,0,0,0,0,145.1,0,23.39999961853027
,"Ven, 20.07. 11:00",699.5,153.7,545.8,0,0,0,0,0,0,0,151.9,0,24.10000038146973
,"Ven, 20.07. 12:00",650.4,139.5,510.9,0,0,0,0,0,0,0,134.8,0,26.10000038146973
,"Ven, 20.07. 13:00",585.3,129.1,456.2,0,0,0,0,0,0,0,117.3,0,27.29999923706055
,"Ven, 20.07. 14:00",534.6,121.4,413.2,0,0,0,0,0,0,0,104.9,0,28
,"Ven, 20.07. 15:00",568.8,136.7,432.1,0,0,0,0,0,0,0,111.8,0,27.70000076293945
,"Ven, 20.07. 16:00",594.5,140.6,453.9,0,0,0,0,0,0,0,120.1,0,26.70000076293945
,"Ven, 20.07. 17:00",665.4,138.3,527.1,0,0,0,0,0,0,0,141.2,0,25.20000076293945
,"Ven, 20.07. 18:00",788.9,159.8,629.1,0,0,0,0,0,0,0,174.8,0,23.5
,"Ven, 20.07. 19:00",1051.9,186.4,865.5,0,0,0,0,0,0,0,247.7,0,21.5
,"Ven, 20.07. 20:00",1018.9,176.3,842.6,0,0,0,0,0,0,0,257.7,0,18.29999923706055
,"Ven, 20.07. 21:00",1014.9,172,842.9,0,0,0,0,0,0,0,248.5,0,19.79999923706055
,"Ven, 20.07. 22:00",509.2,48.6,460.6,0,0,0,0,0,0,0,136.9,0,17.5
,"Ven, 20.07. 23:00",312.3,30.3,282,0,0,0,0,0,0,0,85.1,0,17.10000038146973
,"Sam, 21.07. 00:00",189.4,0.1,189.3,0,0,0,0,0,0,0,55.5,0,16
,"Sam, 21.07. 01:00",124.1,0.2,123.9,0,0,0,0,0,0,0,36.9,0,15.39999961853027
,"Sam, 21.07. 02:00",70.1,0.2,69.9,0,0,0,0,0,0,0,21,0,15
,"Sam, 21.07. 03:00",173,143.6,29.4,0,0,0,0,0,0,0,32.4,0,14.30000019073486
,"Sam, 21.07. 04:00",60.5,0.5,60,0,0,0,0,0,0,0,17.5,0,16.60000038146973
,"Sam, 21.07. 05:00",61.7,6.4,55.3,0,0,0,0,0,0,0,17.5,0,15.10000038146973
,"Sam, 21.07. 06:00",91.4,12.2,79.2,0,0,0,0,0,0,0,24.3,0,17.10000038146973
,"Sam, 21.07. 07:00",201.3,12.2,189.1,0,0,0,0,0,0,0,55.1,0,17.70000076293945
,"Sam, 21.07. 08:00",474.4,9.8,464.6,0,0,0,0,0,0,0,121.7,0,21.20000076293945
,"Sam, 21.07. 09:00",913.9,8.9,905,0,0,0,0,0,0,0,221.4,0,23.5
,"Sam, 21.07. 10:00",990.2,8.2,982,0,0,0,0,0,0,0,233.8,0,24.5
,"Sam, 21.07. 11:00",1080.9,8.4,1072.5,0,0,0,0,0,0,0,242.7,0,26.20000076293945
,"Sam, 21.07. 12:00",844.4,6.5,837.9,0,0,0,0,0,0,0,180.7,0,27.79999923706055
,"Sam, 21.07. 13:00",720.9,6.9,714,0,0,0,0,0,0,0,152.5,0,28.20000076293945
,"Sam, 21.07. 14:00",665.3,6.8,658.5,0,0,0,0,0,0,0,129.5,0,30.70000076293945
,"Sam, 21.07. 15:00",590.7,7.5,583.2,0,0,0,0,0,0,0,118.6,0,29.79999923706055
,"Sam, 21.07. 16:00",603.6,8.2,595.4,0,0,0,0,0,0,0,118.8,0,30.39999961853027
,"Sam, 21.07. 17:00",633.8,8.7,625.1,0,0,0,0,0,0,0,124.7,0,30.39999961853027
,"Sam, 21.07. 18:00",678.2,9.5,668.7,0,0,0,0,0,0,0,146.3,0,27.5
,"Sam, 21.07. 19:00",766.7,10.9,755.8,0,0,0,0,0,0,0,172.8,0,26
,"Sam, 21.07. 20:00",708.7,10.7,698,0,0,0,0,0,0,0,186.1,0,20.29999923706055
,"Sam, 21.07. 21:00",540.4,9.5,530.9,0,0,0,0,0,0,0,140.2,0,20.79999923706055
,"Sam, 21.07. 22:00",409.4,0.4,409,0,0,0,0,0,0,0,110.6,0,19.5
,"Sam, 21.07. 23:00",276,0.1,275.9,0,0,0,0,0,0,0,78,0,17.70000076293945
,"Dim, 22.07. 00:00",222,0,222,0,0,0,0,0,0,0,63.4,0,17.20000076293945
,"Dim, 22.07. 01:00",127.5,0,127.5,0,0,0,0,0,0,0,36.5,0,17.10000038146973
,"Dim, 22.07. 02:00",69.8,0,69.8,0,0,0,0,0,0,0,19.4,0,18.20000076293945
,"Dim, 22.07. 03:00",31.4,0,31.4,0,0,0,0,0,0,0,8.5,0,19.39999961853027
,"Dim, 22.07. 04:00",64.1,0,64.1,0,0,0,0,0,0,0,17.8,0,18.29999923706055
,"Dim, 22.07. 05:00",69.8,0,69.8,0,0,0,0,0,0,0,19.3,0,18.60000038146973
,"Dim, 22.07. 06:00",91.4,0,91.4,0,0,0,0,0,0,0,24.8,0,19.39999961853027
,"Dim, 22.07. 07:00",192.2,0,192.2,0,0,0,0,0,0,0,51.5,0,19.79999923706055
,"Dim, 22.07. 08:00",480,0,480,0,0,0,0,0,0,0,120.3,0,22.39999961853027
,"Dim, 22.07. 09:00",899,0,899,0,0,0,0,0,0,0,218.2,0,23.60000038146973
,"Dim, 22.07. 10:00",932.9,0,932.9,0,0,0,0,0,0,0,228.7,0,23.29999923706055
,"Dim, 22.07. 11:00",947.6,0,947.6,0,0,0,0,0,0,0,228.3,0,23.89999961853027
,"Dim, 22.07. 12:00",853.7,0,853.7,0,0,0,0,0,0,0,204.2,0,24.10000038146973
,"Dim, 22.07. 13:00",711.6,0,711.6,0,0,0,0,0,0,0,164.7,0,25.29999923706055
,"Dim, 22.07. 14:00",633.5,0,633.5,0,0,0,0,0,0,0,142.7,0,26.20000076293945
,"Dim, 22.07. 15:00",572.8,0,572.8,0,0,0,0,0,0,0,127.3,0,26.70000076293945
,"Dim, 22.07. 16:00",515.7,0,515.7,0,0,0,0,0,0,0,114.9,0,26.60000038146973
,"Dim, 22.07. 17:00",628.9,0,628.9,0,0,0,0,0,0,0,147.3,0,24.89999961853027
,"Dim, 22.07. 18:00",654.5,0,654.5,0,0,0,0,0,0,0,155.8,0,24.29999923706055
,"Dim, 22.07. 19:00",710.8,0,710.8,0,0,0,0,0,0,0,175.1,0,23.10000038146973
,"Dim, 22.07. 20:00",684.1,0,684.1,0,0,0,0,0,0,0,176.8,0,21.29999923706055
,"Dim, 22.07. 21:00",571.1,0,571.1,0,0,0,0,0,0,0,151.9,0,20.10000038146973
,"Dim, 22.07. 22:00",433.4,0,433.4,0,0,0,0,0,0,0,113.2,0,20.89999961853027
,"Dim, 22.07. 23:00",284.5,0,284.5,0,0,0,0,0,0,0,73,0,21.60000038146973
,"Lun, 23.07. 00:00",180.7,0,180.7,0,0,0,0,0,0,0,46.7,0,21.29999923706055
,"Lun, 23.07. 01:00",95.4,0,95.4,0,0,0,0,0,0,0,25.2,0,20.39999961853027
,"Lun, 23.07. 02:00",28.1,0,28.1,0,0,0,0,0,0,0,7.3,0,21
,"Lun, 23.07. 03:00",30.1,0,30.1,0,0,0,0,0,0,0,7.7,0,21.60000038146973
,"Lun, 23.07. 04:00",98.1,0,98.1,0,0,0,0,0,0,0,25.4,0,21.20000076293945
,"Lun, 23.07. 05:00",286.9,0,286.9,0,0,0,0,0,0,0,74.5,0,21.10000038146973
,"Lun, 23.07. 06:00",899.4,0,899.4,0,0,0,0,0,0,0,232.4,0,21.29999923706055
,"Lun, 23.07. 07:00",821.9,0,821.9,0,0,0,0,0,0,0,196.2,0,24.20000076293945
,"Lun, 23.07. 08:00",686.1,0,686.1,0,0,0,0,0,0,0,158.5,0,25.39999961853027
,"Lun, 23.07. 09:00",595.8,0,595.8,0,0,0,0,0,0,0,137,0,25.5
,"Lun, 23.07. 10:00",536.4,0,536.4,0,0,0,0,0,0,0,122.8,0,25.70000076293945
,"Lun, 23.07. 11:00",527,0,527,0,0,0,0,0,0,0,114.6,0,27.39999961853027
,"Lun, 23.07. 12:00",457.8,0,457.8,0,0,0,0,0,0,0,112.2,0,23.29999923706055
,"Lun, 23.07. 13:00",428.6,0,428.6,0,0,0,0,0,0,0,105.8,0,23
,"Lun, 23.07. 14:00",456.9,0,456.9,0,0,0,0,0,0,0,110.4,0,23.79999923706055
,"Lun, 23.07. 15:00",407.4,0,407.4,0,0,0,0,0,0,0,101.6,0,22.60000038146973
,"Lun, 23.07. 16:00",463.4,0,463.4,0,0,0,0,0,0,0,110.6,0,24.20000076293945
,"Lun, 23.07. 17:00",620.4,0,620.4,0,0,0,0,0,0,0,166.3,0,19.79999923706055
,"Lun, 23.07. 18:00",616.7,0,616.7,0,0,0,0,0,0,0,168.5,0,19
,"Lun, 23.07. 19:00",841.2,0,841.2,0,0,0,0,0,0,0,229.2,0,19.10000038146973
,"Lun, 23.07. 20:00",878.3,0,878.3,0,0,0,0,0,0,0,241.3,0,18.79999923706055
,"Lun, 23.07. 21:00",835.7,0,835.7,0,0,0,0,0,0,0,232.1,0,18.39999961853027
,"Lun, 23.07. 22:00",461.3,0,461.3,0,0,0,0,0,0,0,128.1,0,18.29999923706055
,"Lun, 23.07. 23:00",274.4,0,274.4,0,0,0,0,0,0,0,75.6,0,18.70000076293945
,"Mar, 24.07. 00:00",191.9,0,191.9,0,0,0,0,0,0,0,53.3,0,18.29999923706055
,"Mar, 24.07. 01:00",104.4,0,104.4,0,0,0,0,0,0,0,29.2,0,18
,"Mar, 24.07. 02:00",31.9,0,31.9,0,0,0,0,0,0,0,8.9,0,18
,"Mar, 24.07. 03:00",31.2,0,31.2,0,0,0,0,0,0,0,8.9,0,17.39999961853027
,"Mar, 24.07. 04:00",107.2,0,107.2,0,0,0,0,0,0,0,30.7,0,17.10000038146973
,"Mar, 24.07. 05:00",284,0,284,0,0,0,0,0,0,0,80.5,0,17.5
,"Mar, 24.07. 06:00",778.2,0,778.2,0,0,0,0,0,0,0,216.2,0,18.39999961853027
,"Mar, 24.07. 07:00",822.4,0,822.4,0,0,0,0,0,0,0,222.3,0,19.5
,"Mar, 24.07. 08:00",737,0,737,0,0,0,0,0,0,0,191.9,0,21
,"Mar, 24.07. 09:00",608.3,0,608.3,0,0,0,0,0,0,0,150.9,0,22.79999923706055
,"Mar, 24.07. 10:00",542.2,0,542.2,0,0,0,0,0,0,0,128.8,0,24.39999961853027
,"Mar, 24.07. 11:00",527.3,0,527.3,0,0,0,0,0,0,0,126.1,0,24.10000038146973
,"Mar, 24.07. 12:00",472.6,0,472.6,0,0,0,0,0,0,0,104.1,0,27
,"Mar, 24.07. 13:00",516.6,0,516.6,0,0,0,0,0,0,0,113.8,0,27
,"Mar, 24.07. 14:00",435.5,0,435.5,0,0,0,0,0,0,0,96.1,0,26.89999961853027
,"Mar, 24.07. 15:00",428.3,0,428.3,0,0,0,0,0,0,0,100.8,0,24.70000076293945
,"Mar, 24.07. 16:00",436.7,0,436.7,0,0,0,0,0,0,0,106,0,23.60000038146973
,"Mar, 24.07. 17:00",609.3,0,609.3,0,0,0,0,0,0,0,168.8,0,18.5
,"Mar, 24.07. 18:00",695.2,0,695.2,0,0,0,0,0,0,0,195.8,0,17.79999923706055
,"Mar, 24.07. 19:00",800,0,800,0,0,0,0,0,0,0,226.6,0,17.5
,"Mar, 24.07. 20:00",869.8,0,869.8,0,0,0,0,0,0,0,245.7,0,17.70000076293945
,"Mar, 24.07. 21:00",852.9,0,852.9,0,0,0,0,0,0,0,244.4,0,17
,"Mar, 24.07. 22:00",438.2,0,438.2,0,0,0,0,0,0,0,126.3,0,16.79999923706055
,"Mar, 24.07. 23:00",282.5,0,282.5,0,0,0,0,0,0,0,81.4,0,16.79999923706055
,"Mer, 25.07. 00:00",175.3,0.1,175.2,0,0,0,0,0,0,0,51.4,0,16.10000038146973
,"Mer, 25.07. 01:00",94.6,0.1,94.5,0,0,0,0,0,0,0,27.3,0,16.79999923706055
,"Mer, 25.07. 02:00",29.8,0.1,29.7,0,0,0,0,0,0,0,8.7,0,16.39999961853027
,"Mer, 25.07. 03:00",29.8,0.2,29.6,0,0,0,0,0,0,0,8.7,0,16.10000038146973
,"Mer, 25.07. 04:00",135.5,26.1,109.4,0,0,0,0,0,0,0,37.1,0,14.89999961853027
,"Mer, 25.07. 05:00",278.9,6.1,272.8,0,0,0,0,0,0,0,81.9,0,15.5
,"Mer, 25.07. 06:00",806.1,11.4,794.7,0,0,0,0,0,0,0,231.9,0,16.60000038146973
,"Mer, 25.07. 07:00",875.8,11.5,864.3,0,0,0,0,0,0,0,243.7,0,18
,"Mer, 25.07. 08:00",746.5,9.3,737.2,0,0,0,0,0,0,0,197.9,0,20
,"Mer, 25.07. 09:00",598.3,7.9,590.4,0,0,0,0,0,0,0,152.9,0,21.5
,"Mer, 25.07. 10:00",506.9,6.9,500,0,0,0,0,0,0,0,126.6,0,22.29999923706055
,"Mer, 25.07. 11:00",494.2,7,487.2,0,0,0,0,0,0,0,118.9,0,23.70000076293945
,"Mer, 25.07. 12:00",454,5.6,448.4,0,0,0,0,0,0,0,107.8,0,24.20000076293945
,"Mer, 25.07. 13:00",467.9,6.4,461.5,0,0,0,0,0,0,0,110,0,24.60000038146973
,"Mer, 25.07. 14:00",437.5,6.1,431.4,0,0,0,0,0,0,0,100.5,0,25.39999961853027
,"Mer, 25.07. 15:00",409.9,6.3,403.6,0,0,0,0,0,0,0,95.6,0,24.79999923706055
,"Mer, 25.07. 16:00",425.3,6.4,418.9,0,0,0,0,0,0,0,100.2,0,24.5
,"Mer, 25.07. 17:00",582.4,7.8,574.6,0,0,0,0,0,0,0,140.9,0,23.5
,"Mer, 25.07. 18:00",678.5,9.1,669.4,0,0,0,0,0,0,0,175.1,0,21.10000038146973
,"Mer, 25.07. 19:00",860.2,9.9,850.3,0,0,0,0,0,0,0,229.9,0,19.70000076293945
,"Mer, 25.07. 20:00",862.4,9.6,852.8,0,0,0,0,0,0,0,246.4,0,16.89999961853027
,"Mer, 25.07. 21:00",778,8.4,769.6,0,0,0,0,0,0,0,222.9,0,16.79999923706055
,"Mer, 25.07. 22:00",499.1,0.4,498.7,0,0,0,0,0,0,0,145.5,0,16.29999923706055
,"Mer, 25.07. 23:00",419.3,133.5,285.8,0,0,0,0,0,0,0,108.5,0,14.39999961853027
,"Jeu, 26.07. 00:00",486.2,310.9,175.3,0,0,0,0,0,0,0,106.5,0,13.60000038146973
,"Jeu, 26.07. 01:00",821.3,718.7,102.6,0,0,0,0,0,0,0,162.6,0,11.89999961853027
,"Jeu, 26.07. 02:00",605.7,576,29.7,0,0,0,0,0,0,0,111.1,0,12.39999961853027
,"Jeu, 26.07. 03:00",812.4,779.7,32.7,0,0,0,0,0,0,0,151.6,0,11.80000019073486
,"Jeu, 26.07. 04:00",1093.6,992.1,101.5,0,0,0,0,0,0,0,220.8,0,10.80000019073486
,"Jeu, 26.07. 05:00",1268.8,964.5,304.3,0,0,0,0,0,0,0,273.3,0,11.60000038146973
,"Jeu, 26.07. 06:00",1373.1,553.5,819.6,0,0,0,0,0,0,0,342.2,0,13.89999961853027
,"Jeu, 26.07. 07:00",1114.7,291.3,823.4,0,0,0,0,0,0,0,286.6,0,15.89999961853027
,"Jeu, 26.07. 08:00",974.8,244.2,730.6,0,0,0,0,0,0,0,238,0,18.29999923706055
,"Jeu, 26.07. 09:00",838.3,224,614.3,0,0,0,0,0,0,0,195.6,0,20
,"Jeu, 26.07. 10:00",713.4,197.4,516,0,0,0,0,0,0,0,159.7,0,21.70000076293945
,"Jeu, 26.07. 11:00",722.1,204.7,517.4,0,0,0,0,0,0,0,153.8,0,23.70000076293945
,"Jeu, 26.07. 12:00",715.2,198.2,517,0,0,0,0,0,0,0,146,0,25.60000038146973
,"Jeu, 26.07. 13:00",658,187.3,470.7,0,0,0,0,0,0,0,129.9,0,26.79999923706055
,"Jeu, 26.07. 14:00",646.5,188.5,458,0,0,0,0,0,0,0,126.9,0,27
,"Jeu, 26.07. 15:00",595.2,183.1,412.1,0,0,0,0,0,0,0,115.1,0,27.29999923706055
,"Jeu, 26.07. 16:00",576,174.8,401.2,0,0,0,0,0,0,0,112.5,0,26.89999961853027
,"Jeu, 26.07. 17:00",770.9,207.9,563,0,0,0,0,0,0,0,156.9,0,25.79999923706055
,"Jeu, 26.07. 18:00",847.3,222.8,624.5,0,0,0,0,0,0,0,182.7,0,23.39999961853027
,"Jeu, 26.07. 19:00",1119.1,259.9,859.2,0,0,0,0,0,0,0,258.4,0,21.10000038146973
,"Jeu, 26.07. 20:00",1149.2,260.8,888.4,0,0,0,0,0,0,0,278.4,0,18.89999961853027
,"Jeu, 26.07. 21:00",1109,247,862,0,0,0,0,0,0,0,277,0,17.5
,"Jeu, 26.07. 22:00",530.8,68.7,462.1,0,0,0,0,0,0,0,142.6,0,16.79999923706055
,"Jeu, 26.07. 23:00",425,133.3,291.7,0,0,0,0,0,0,0,109.7,0,14.60000038146973
,"Ven, 27.07. 00:00",558.1,373.2,184.9,0,0,0,0,0,0,0,121,0,13.30000019073486
,"Ven, 27.07. 01:00",862.4,760.5,101.9,0,0,0,0,0,0,0,171.8,0,11.60000038146973
,"Ven, 27.07. 02:00",53,21,32,0,0,0,0,0,0,0,12.9,0,15.10000038146973
,"Ven, 27.07. 03:00",362.2,332.5,29.7,0,0,0,0,0,0,0,65.3,0,13.5
,"Ven, 27.07. 04:00",621.6,525.9,95.7,0,0,0,0,0,0,0,122.3,0,12.60000038146973
,"Ven, 27.07. 05:00",561.2,268,293.2,0,0,0,0,0,0,0,133,0,14.19999980926514
,"Ven, 27.07. 06:00",979.5,159.6,819.9,0,0,0,0,0,0,0,261,0,16.39999961853027
,"Ven, 27.07. 07:00",999.9,151.5,848.4,0,0,0,0,0,0,0,253.5,0,18.89999961853027
,"Ven, 27.07. 08:00",862.6,124.5,738.1,0,0,0,0,0,0,0,208.4,0,21.29999923706055
,"Ven, 27.07. 09:00",763.4,118.5,644.9,0,0,0,0,0,0,0,175.4,0,23.10000038146973
,"Ven, 27.07. 10:00",635.1,102.6,532.5,0,0,0,0,0,0,0,134.1,0,26.20000076293945
,"Ven, 27.07. 11:00",609.2,101.4,507.8,0,0,0,0,0,0,0,125.3,0,27.10000038146973
,"Ven, 27.07. 12:00",576.6,93.7,482.9,0,0,0,0,0,0,0,114,0,28.60000038146973
,"Ven, 27.07. 13:00",526.8,88,438.8,0,0,0,0,0,0,0,101.1,0,29.5
,"Ven, 27.07. 14:00",537.1,92.3,444.8,0,0,0,0,0,0,0,103,0,29.5
,"Ven, 27.07. 15:00",479,87.5,391.5,0,0,0,0,0,0,0,93.7,0,28.70000076293945
,"Ven, 27.07. 16:00",522.6,94.2,428.4,0,0,0,0,0,0,0,99.7,0,29.60000038146973
,"Ven, 27.07. 17:00",661.7,103.8,557.9,0,0,0,0,0,0,0,134.3,0,27.70000076293945
,"Ven, 27.07. 18:00",768.1,117,651.1,0,0,0,0,0,0,0,164.8,0,25.70000076293945
,"Ven, 27.07. 19:00",933.2,123.6,809.6,0,0,0,0,0,0,0,204.4,0,25.20000076293945
,"Ven, 27.07. 20:00",1040.2,134.3,905.9,0,0,0,0,0,0,0,229.5,0,25
,"Ven, 27.07. 21:00",958.4,121,837.4,0,0,0,0,0,0,0,224.6,0,22.60000038146973
,"Ven, 27.07. 22:00",486.7,33.8,452.9,0,0,0,0,0,0,0,132.8,0,17.5
,"Ven, 27.07. 23:00",307.9,21.8,286.1,0,0,0,0,0,0,0,83.8,0,17.70000076293945
,"Sam, 28.07. 00:00",202.3,0,202.3,0,0,0,0,0,0,0,58,0,17.10000038146973
,"Sam, 28.07. 01:00",118.4,0,118.4,0,0,0,0,0,0,0,33.8,0,17.20000076293945
,"Sam, 28.07. 02:00",68.8,0,68.8,0,0,0,0,0,0,0,19.8,0,16.89999961853027
,"Sam, 28.07. 03:00",32,0,32,0,0,0,0,0,0,0,9.2,0,16.79999923706055
,"Sam, 28.07. 04:00",62.2,0,62.2,0,0,0,0,0,0,0,18,0,16.60000038146973
,"Sam, 28.07. 05:00",62.2,0,62.2,0,0,0,0,0,0,0,18.2,0,16.20000076293945
,"Sam, 28.07. 06:00",72.9,0,72.9,0,0,0,0,0,0,0,21.1,0,16.60000038146973
,"Sam, 28.07. 07:00",182.5,0,182.5,0,0,0,0,0,0,0,50.8,0,18.20000076293945
,"Sam, 28.07. 08:00",461.6,0,461.6,0,0,0,0,0,0,0,122.4,0,20.20000076293945
,"Sam, 28.07. 09:00",953.5,0,953.5,0,0,0,0,0,0,0,247.7,0,21.10000038146973
,"Sam, 28.07. 10:00",946.2,0,946.2,0,0,0,0,0,0,0,237.2,0,22.39999961853027
,"Sam, 28.07. 11:00",1035.7,0,1035.7,0,0,0,0,0,0,0,250.8,0,23.70000076293945
,"Sam, 28.07. 12:00",903.3,0,903.3,0,0,0,0,0,0,0,208.6,0,25.39999961853027
,"Sam, 28.07. 13:00",775.8,0,775.8,0,0,0,0,0,0,0,173.9,0,26.39999961853027
,"Sam, 28.07. 14:00",641.1,0,641.1,0,0,0,0,0,0,0,144.4,0,26.20000076293945
,"Sam, 28.07. 15:00",585,0,585,0,0,0,0,0,0,0,131.5,0,26.29999923706055
,"Sam, 28.07. 16:00",517.6,0,517.6,0,0,0,0,0,0,0,118.2,0,25.79999923706055
,"Sam, 28.07. 17:00",639.9,0,639.9,0,0,0,0,0,0,0,148.8,0,25.10000038146973
,"Sam, 28.07. 18:00",684.5,0,684.5,0,0,0,0,0,0,0,169.4,0,22.89999961853027
,"Sam, 28.07. 19:00",714.9,0,714.9,0,0,0,0,0,0,0,185.7,0,21.10000038146973
,"Sam, 28.07. 20:00",706.9,0,706.9,0,0,0,0,0,0,0,198,0,18
,"Sam, 28.07. 21:00",532.7,0,532.7,0,0,0,0,0,0,0,149.2,0,18
,"Sam, 28.07. 22:00",445,0,445,0,0,0,0,0,0,0,130.5,0,16.10000038146973
,"Sam, 28.07. 23:00",282.3,0,282.3,0,0,0,0,0,0,0,82.1,0,16.39999961853027
,"Dim, 29.07. 00:00",205.8,0,205.8,0,0,0,0,0,0,0,60.4,0,16
,"Dim, 29.07. 01:00",124.1,0,124.1,0,0,0,0,0,0,0,36.5,0,15.89999961853027
,"Dim, 29.07. 02:00",70.1,0,70.1,0,0,0,0,0,0,0,20.9,0,15.19999980926514
,"Dim, 29.07. 03:00",32,0,32,0,0,0,0,0,0,0,9.4,0,15.80000019073486
,"Dim, 29.07. 04:00",66.6,0,66.6,0,0,0,0,0,0,0,20,0,15
,"Dim, 29.07. 05:00",67.3,0,67.3,0,0,0,0,0,0,0,20,0,15.39999961853027
,"Dim, 29.07. 06:00",85.5,0,85.5,0,0,0,0,0,0,0,24.4,0,17.29999923706055
,"Dim, 29.07. 07:00",172.3,0,172.3,0,0,0,0,0,0,0,46.9,0,19.20000076293945
,"Dim, 29.07. 08:00",458.1,0,458.1,0,0,0,0,0,0,0,119.3,0,21
,"Dim, 29.07. 09:00",938.4,0,938.4,0,0,0,0,0,0,0,227.8,0,23.60000038146973
,"Dim, 29.07. 10:00",1004.1,0,1004.1,0,0,0,0,0,0,0,234.6,0,25
,"Dim, 29.07. 11:00",991.4,0,991.4,0,0,0,0,0,0,0,217.4,0,27.10000038146973
,"Dim, 29.07. 12:00",911.3,0,911.3,0,0,0,0,0,0,0,191.5,0,28.5
,"Dim, 29.07. 13:00",685.1,0,685.1,0,0,0,0,0,0,0,137,0,30
,"Dim, 29.07. 14:00",635.7,0,635.7,0,0,0,0,0,0,0,125.9,0,30.29999923706055
,"Dim, 29.07. 15:00",535.4,0,535.4,0,0,0,0,0,0,0,108.2,0,29.70000076293945
,"Dim, 29.07. 16:00",593.8,0,593.8,0,0,0,0,0,0,0,121.9,0,29.20000076293945
,"Dim, 29.07. 17:00",625.3,0,625.3,0,0,0,0,0,0,0,131.1,0,28.60000038146973
,"Dim, 29.07. 18:00",676.5,0,676.5,0,0,0,0,0,0,0,153.1,0,26.10000038146973
,"Dim, 29.07. 19:00",720.4,0,720.4,0,0,0,0,0,0,0,178.8,0,22.79999923706055
,"Dim, 29.07. 20:00",707,0,707,0,0,0,0,0,0,0,189,0,19.89999961853027
,"Dim, 29.07. 21:00",544.7,0,544.7,0,0,0,0,0,0,0,149.2,0,18.89999961853027
,"Dim, 29.07. 22:00",439.5,0,439.5,0,0,0,0,0,0,0,118.8,0,19.5
,"Dim, 29.07. 23:00",271.7,0,271.7,0,0,0,0,0,0,0,74.7,0,18.79999923706055
,"Lun, 30.07. 00:00",183.3,0,183.3,0,0,0,0,0,0,0,51.6,0,17.79999923706055
,"Lun, 30.07. 01:00",101.9,0,101.9,0,0,0,0,0,0,0,29,0,17.29999923706055
,"Lun, 30.07. 02:00",30.4,0,30.4,0,0,0,0,0,0,0,8.9,0,16.10000038146973
,"Lun, 30.07. 03:00",31.2,0,31.2,0,0,0,0,0,0,0,9.2,0,15.60000038146973
,"Lun, 30.07. 04:00",101.8,0,101.8,0,0,0,0,0,0,0,29.5,0,16.5
,"Lun, 30.07. 05:00",281.9,0,281.9,0,0,0,0,0,0,0,80.5,0,17.20000076293945
,"Lun, 30.07. 06:00",797,0,797,0,0,0,0,0,0,0,222.6,0,18.10000038146973
,"Lun, 30.07. 07:00",816.8,0,816.8,0,0,0,0,0,0,0,212.2,0,21.10000038146973
,"Lun, 30.07. 08:00",739.8,0,739.8,0,0,0,0,0,0,0,184.9,0,22.5
,"Lun, 30.07. 09:00",598.3,0,598.3,0,0,0,0,0,0,0,143.1,0,24.10000038146973
,"Lun, 30.07. 10:00",522.6,0,522.6,0,0,0,0,0,0,0,129,0,23
,"Lun, 30.07. 11:00",493.5,0,493.5,0,0,0,0,0,0,0,116.7,0,24.60000038146973
,"Lun, 30.07. 12:00",464.3,0,464.3,0,0,0,0,0,0,0,106,0,25.79999923706055
,"Lun, 30.07. 13:00",457.9,0,457.9,0,0,0,0,0,0,0,102.9,0,26.29999923706055
,"Lun, 30.07. 14:00",441.3,0,441.3,0,0,0,0,0,0,0,96.6,0,27.20000076293945
,"Lun, 30.07. 15:00",392.2,0,392.2,0,0,0,0,0,0,0,88.1,0,26.29999923706055
,"Lun, 30.07. 16:00",424.7,0,424.7,0,0,0,0,0,0,0,97.4,0,25.60000038146973
,"Lun, 30.07. 17:00",617.2,0,617.2,0,0,0,0,0,0,0,145.9,0,24.60000038146973
,"Lun, 30.07. 18:00",671.3,0,671.3,0,0,0,0,0,0,0,167,0,22.70000076293945
,"Lun, 30.07. 19:00",836.1,0,836.1,0,0,0,0,0,0,0,213.3,0,21.79999923706055
,"Lun, 30.07. 20:00",881.6,0,881.6,0,0,0,0,0,0,0,229,0,21.10000038146973
,"Lun, 30.07. 21:00",855.6,0,855.6,0,0,0,0,0,0,0,224,0,20.79999923706055
,"Lun, 30.07. 22:00",490.6,0,490.6,0,0,0,0,0,0,0,134.1,0,19
,"Lun, 30.07. 23:00",286.7,0,286.7,0,0,0,0,0,0,0,78.1,0,19.20000076293945
,"Mar, 31.07. 00:00",194.8,0,194.8,0,0,0,0,0,0,0,56.3,0,16.70000076293945
,"Mar, 31.07. 01:00",102,0,102,0,0,0,0,0,0,0,29.6,0,16.60000038146973
,"Mar, 31.07. 02:00",30.8,0,30.8,0,0,0,0,0,0,0,8.8,0,17.29999923706055
,"Mar, 31.07. 03:00",32,0,32,0,0,0,0,0,0,0,9.1,0,17.5
,"Mar, 31.07. 04:00",100.6,0,100.6,0,0,0,0,0,0,0,29,0,16.79999923706055
,"Mar, 31.07. 05:00",288.4,0,288.4,0,0,0,0,0,0,0,81.5,0,17.60000038146973
,"Mar, 31.07. 06:00",830,0,830,0,0,0,0,0,0,0,230.5,0,18.39999961853027
,"Mar, 31.07. 07:00",800.6,0,800.6,0,0,0,0,0,0,0,218.2,0,19.10000038146973
,"Mar, 31.07. 08:00",733,0,733,0,0,0,0,0,0,0,191.9,0,20.79999923706055
,"Mar, 31.07. 09:00",646.4,0,646.4,0,0,0,0,0,0,0,164.9,0,21.79999923706055
,"Mar, 31.07. 10:00",512.4,0,512.4,0,0,0,0,0,0,0,122.6,0,24.10000038146973
,"Mar, 31.07. 11:00",493.9,0,493.9,0,0,0,0,0,0,0,114.9,0,25.10000038146973
,"Mar, 31.07. 12:00",479.5,0,479.5,0,0,0,0,0,0,0,110.7,0,25.39999961853027
,"Mar, 31.07. 13:00",449.4,0,449.4,0,0,0,0,0,0,0,102.6,0,25.79999923706055
,"Mar, 31.07. 14:00",441.5,0,441.5,0,0,0,0,0,0,0,100.1,0,26
,"Mar, 31.07. 15:00",438.6,0,438.6,0,0,0,0,0,0,0,100.6,0,25.60000038146973
,"Mar, 31.07. 16:00",456.5,0,456.5,0,0,0,0,0,0,0,105.7,0,25.29999923706055
,"Mar, 31.07. 17:00",594.2,0,594.2,0,0,0,0,0,0,0,143.5,0,23.79999923706055
,"Mar, 31.07. 18:00",632.9,0,632.9,0,0,0,0,0,0,0,163.1,0,21.39999961853027
,"Mar, 31.07. 19:00",886.6,0,886.6,0,0,0,0,0,0,0,237.1,0,19.89999961853027
,"Mar, 31.07. 20:00",873.3,0,873.3,0,0,0,0,0,0,0,241.3,0,18.60000038146973
,"Mar, 31.07. 21:00",915,0,915,0,0,0,0,0,0,0,254.2,0,18.29999923706055
,"Mar, 31.07. 22:00",449.3,0,449.3,0,0,0,0,0,0,0,124.5,0,18.5
,"Mar, 31.07. 23:00",272.9,0,272.9,0,0,0,0,0,0,0,74.4,0,19.20000076293945
,"Mer, 01.08. 00:00",218.9,0,218.9,0,0,0,0,0,0,0,59.6,0,19.20000076293945
,"Mer, 01.08. 01:00",118.4,0,118.4,0,0,0,0,0,0,0,32.5,0,18.79999923706055
,"Mer, 01.08. 02:00",72.3,0,72.3,0,0,0,0,0,0,0,20.1,0,18.20000076293945
,"Mer, 01.08. 03:00",33,0,33,0,0,0,0,0,0,0,9.2,0,18.10000038146973
,"Mer, 01.08. 04:00",69.4,0,69.4,0,0,0,0,0,0,0,18.8,0,19.5
,"Mer, 01.08. 05:00",68,0,68,0,0,0,0,0,0,0,17.6,0,21.20000076293945
,"Mer, 01.08. 06:00",91.9,0,91.9,0,0,0,0,0,0,0,24.4,0,20.20000076293945
,"Mer, 01.08. 07:00",195.3,0,195.3,0,0,0,0,0,0,0,48.7,0,22.60000038146973
,"Mer, 01.08. 08:00",482.6,0,482.6,0,0,0,0,0,0,0,114.4,0,24.5
,"Mer, 01.08. 09:00",849.8,0,849.8,0,0,0,0,0,0,0,189.7,0,26.5
,"Mer, 01.08. 10:00",1034.9,0,1034.9,0,0,0,0,0,0,0,216.1,0,28.70000076293945
,"Mer, 01.08. 11:00",1043.4,0,1043.4,0,0,0,0,0,0,0,201.8,0,31
,"Mer, 01.08. 12:00",876.6,0,876.6,0,0,0,0,0,0,0,162.6,0,32.20000076293945
,"Mer, 01.08. 13:00",708.3,0,708.3,0,0,0,0,0,0,0,129,0,32.70000076293945
,"Mer, 01.08. 14:00",617.5,0,617.5,0,0,0,0,0,0,0,107,0,34
,"Mer, 01.08. 15:00",576.2,0,576.2,0,0,0,0,0,0,0,99.2,0,34.20000076293945
,"Mer, 01.08. 16:00",567.6,0,567.6,0,0,0,0,0,0,0,98.4,0,34
,"Mer, 01.08. 17:00",614.3,0,614.3,0,0,0,0,0,0,0,110.7,0,33
,"Mer, 01.08. 18:00",677.8,0,677.8,0,0,0,0,0,0,0,130.6,0,31.10000038146973
,"Mer, 01.08. 19:00",721.9,0,721.9,0,0,0,0,0,0,0,159,0,27
,"Mer, 01.08. 20:00",701.6,0,701.6,0,0,0,0,0,0,0,163.9,0,25
,"Mer, 01.08. 21:00",568.5,0,568.5,0,0,0,0,0,0,0,146.1,0,21.5
,"Mer, 01.08. 22:00",427.1,0,427.1,0,0,0,0,0,0,0,112.1,0,20.60000038146973
,"Mer, 01.08. 23:00",283,0,283,0,0,0,0,0,0,0,70.7,0,22.5
,"Jeu, 02.08. 00:00",177.9,0,177.9,0,0,0,0,0,0,0,46.8,0,20.5
,"Jeu, 02.08. 01:00",98.9,0,98.9,0,0,0,0,0,0,0,26,0,20.5
,"Jeu, 02.08. 02:00",32.1,0,32.1,0,0,0,0,0,0,0,8.7,0,19.5
,"Jeu, 02.08. 03:00",32.4,0,32.4,0,0,0,0,0,0,0,8.8,0,19.20000076293945
,"Jeu, 02.08. 04:00",100.8,0,100.8,0,0,0,0,0,0,0,27.5,0,19
,"Jeu, 02.08. 05:00",282.5,0,282.5,0,0,0,0,0,0,0,75.3,0,20
,"Jeu, 02.08. 06:00",806.8,0,806.8,0,0,0,0,0,0,0,209,0,21.20000076293945
,"Jeu, 02.08. 07:00",801.9,0,801.9,0,0,0,0,0,0,0,198,0,23
,"Jeu, 02.08. 08:00",683,0,683,0,0,0,0,0,0,0,164.2,0,24
,"Jeu, 02.08. 09:00",616.3,0,616.3,0,0,0,0,0,0,0,141,0,25.70000076293945
,"Jeu, 02.08. 10:00",544.9,0,544.9,0,0,0,0,0,0,0,114.5,0,28.5
,"Jeu, 02.08. 11:00",549.8,0,549.8,0,0,0,0,0,0,0,109.3,0,30.20000076293945
,"Jeu, 02.08. 12:00",489.9,0,489.9,0,0,0,0,0,0,0,91.6,0,32
,"Jeu, 02.08. 13:00",463.5,0,463.5,0,0,0,0,0,0,0,82.9,0,33.20000076293945
,"Jeu, 02.08. 14:00",437.6,0,437.6,0,0,0,0,0,0,0,74.4,0,34.5
,"Jeu, 02.08. 15:00",452.1,0,452.1,0,0,0,0,0,0,0,87.4,0,31
,"Jeu, 02.08. 16:00",434.5,0,434.5,0,0,0,0,0,0,0,92.8,0,28
,"Jeu, 02.08. 17:00",583.3,0,583.3,0,0,0,0,0,0,0,134.1,0,25.5
,"Jeu, 02.08. 18:00",607.4,0,607.4,0,0,0,0,0,0,0,141.9,0,25
,"Jeu, 02.08. 19:00",804.3,0,804.3,0,0,0,0,0,0,0,209.5,0,21
,"Jeu, 02.08. 20:00",857.4,0,857.4,0,0,0,0,0,0,0,225,0,20.70000076293945
,"Jeu, 02.08. 21:00",840.7,0,840.7,0,0,0,0,0,0,0,224.2,0,20
,"Jeu, 02.08. 22:00",501.2,0,501.2,0,0,0,0,0,0,0,133.7,0,20
,"Jeu, 02.08. 23:00",270.5,0,270.5,0,0,0,0,0,0,0,73.7,0,19.20000076293945
,"Ven, 03.08. 00:00",176.1,0,176.1,0,0,0,0,0,0,0,48.1,0,19
,"Ven, 03.08. 01:00",96.3,0,96.3,0,0,0,0,0,0,0,26.7,0,18.5
,"Ven, 03.08. 02:00",31.8,0,31.8,0,0,0,0,0,0,0,8.8,0,18.5
,"Ven, 03.08. 03:00",28,0,28,0,0,0,0,0,0,0,7.7,0,18.5
,"Ven, 03.08. 04:00",98.8,0,98.8,0,0,0,0,0,0,0,27.5,0,18.20000076293945
,"Ven, 03.08. 05:00",279.9,0,279.9,0,0,0,0,0,0,0,78,0,18.20000076293945
,"Ven, 03.08. 06:00",807.1,0,807.1,0,0,0,0,0,0,0,220.5,0,19
,"Ven, 03.08. 07:00",877.8,0,877.8,0,0,0,0,0,0,0,232.8,0,20.20000076293945
,"Ven, 03.08. 08:00",727.3,0,727.3,0,0,0,0,0,0,0,186,0,21.70000076293945
,"Ven, 03.08. 09:00",612.3,0,612.3,0,0,0,0,0,0,0,149,0,23.5
,"Ven, 03.08. 10:00",529.6,0,529.6,0,0,0,0,0,0,0,126.4,0,24.20000076293945
,"Ven, 03.08. 11:00",485.2,0,485.2,0,0,0,0,0,0,0,109.3,0,26.20000076293945
,"Ven, 03.08. 12:00",494.9,0,494.9,0,0,0,0,0,0,0,109,0,27
,"Ven, 03.08. 13:00",468.6,0,468.6,0,0,0,0,0,0,0,104.6,0,26.5
,"Ven, 03.08. 14:00",438,0,438,0,0,0,0,0,0,0,102.3,0,25
,"Ven, 03.08. 15:00",406,0,406,0,0,0,0,0,0,0,98.3,0,23.70000076293945
,"Ven, 03.08. 16:00",425.9,0,425.9,0,0,0,0,0,0,0,107.6,0,22.10000038146973
,"Ven, 03.08. 17:00",595.5,0,595.5,0,0,0,0,0,0,0,160.1,0,19.70000076293945
,"Ven, 03.08. 18:00",621.1,0,621.1,0,0,0,0,0,0,0,171.1,0,18.70000076293945
,"Ven, 03.08. 19:00",829.7,0,829.7,0,0,0,0,0,0,0,229.8,0,18.5
,"Ven, 03.08. 20:00",840.3,0,840.3,0,0,0,0,0,0,0,231.5,0,18.70000076293945
,"Ven, 03.08. 21:00",883.4,0,883.4,0,0,0,0,0,0,0,244.7,0,18.5
,"Ven, 03.08. 22:00",473.7,0,473.7,0,0,0,0,0,0,0,132,0,18.20000076293945
,"Ven, 03.08. 23:00",281.6,0,281.6,0,0,0,0,0,0,0,79.6,0,17.60000038146973
,"Sam, 04.08. 00:00",217.5,8,209.5,0,0,0,0,0,0,0,60.3,0,17.60000038146973
,"Sam, 04.08. 01:00",125.7,8,117.7,0,0,0,0,0,0,0,34.8,0,17.20000076293945
,"Sam, 04.08. 02:00",82,9.4,72.6,0,0,0,0,0,0,0,22.4,0,16.70000076293945
,"Sam, 04.08. 03:00",42.6,10.7,31.9,0,0,0,0,0,0,0,10.7,0,16.70000076293945
,"Sam, 04.08. 04:00",79,16,63,0,0,0,0,0,0,0,20.6,0,16.5
,"Sam, 04.08. 05:00",103,41.1,61.9,0,0,0,0,0,0,0,23.7,0,16.70000076293945
,"Sam, 04.08. 06:00",143.9,66.4,77.5,0,0,0,0,0,0,0,30.5,0,18
,"Sam, 04.08. 07:00",249.1,65.7,183.4,0,0,0,0,0,0,0,59.7,0,18.70000076293945
,"Sam, 04.08. 08:00",568.5,57.5,511,0,0,0,0,0,0,0,145.6,0,19.70000076293945
,"Sam, 04.08. 09:00",961.2,48.4,912.8,0,0,0,0,0,0,0,252.3,0,19.70000076293945
,"Sam, 04.08. 10:00",1004.7,44.1,960.6,0,0,0,0,0,0,0,261,0,20.20000076293945
,"Sam, 04.08. 11:00",1106.5,45.3,1061.2,0,0,0,0,0,0,0,291.7,0,19.70000076293945
,"Sam, 04.08. 12:00",949.2,41.4,907.8,0,0,0,0,0,0,0,272.6,0,16
,"Sam, 04.08. 13:00",751.2,38.7,712.5,0,0,0,0,0,0,0,214.9,0,16
,"Sam, 04.08. 14:00",660.6,36.5,624.1,0,0,0,0,0,0,0,184.2,0,17
,"Sam, 04.08. 15:00",592.6,39.4,553.2,0,0,0,0,0,0,0,168.3,0,16
,"Sam, 04.08. 16:00",633.6,44.7,588.9,0,0,0,0,0,0,0,179.5,0,16
,"Sam, 04.08. 17:00",704.8,49.1,655.7,0,0,0,0,0,0,0,204.7,0,15
,"Sam, 04.08. 18:00",747.1,52.7,694.4,0,0,0,0,0,0,0,216.8,0,15
,"Sam, 04.08. 19:00",743.4,53.4,690,0,0,0,0,0,0,0,215.5,0,15
,"Sam, 04.08. 20:00",724,54.7,669.3,0,0,0,0,0,0,0,209.4,0,15
,"Sam, 04.08. 21:00",802,261,541,0,0,0,0,0,0,0,208.7,0,14
,"Sam, 04.08. 22:00",656.4,226.2,430.2,0,0,0,0,0,0,0,169.2,0,14
,"Sam, 04.08. 23:00",754.3,453.2,301.1,0,0,0,0,0,0,0,172.4,0,13
,"Dim, 05.08. 00:00",679.9,475.4,204.5,0,0,0,0,0,0,0,146,0,13
,"Dim, 05.08. 01:00",794.8,678.5,116.3,0,0,0,0,0,0,0,159.1,0,12
,"Dim, 05.08. 02:00",797.9,725.3,72.6,0,0,0,0,0,0,0,153.4,0,12
,"Dim, 05.08. 03:00",730.1,699.8,30.3,0,0,0,0,0,0,0,135.1,0,12
,"Dim, 05.08. 04:00",801.7,733.3,68.4,0,0,0,0,0,0,0,153.3,0,12
,"Dim, 05.08. 05:00",1142.9,1070.9,72,0,0,0,0,0,0,0,218.2,0,11.5
,"Dim, 05.08. 06:00",1233.8,1144.4,89.4,0,0,0,0,0,0,0,231,0,12
,"Dim, 05.08. 07:00",1160.2,977.5,182.7,0,0,0,0,0,0,0,230,0,12.5
,"Dim, 05.08. 08:00",1223.1,758.1,465,0,0,0,0,0,0,0,276.7,0,13.19999980926514
,"Dim, 05.08. 09:00",1310.1,430.2,879.9,0,0,0,0,0,0,0,337.2,0,14.60000038146973
,"Dim, 05.08. 10:00",1305.6,335,970.6,0,0,0,0,0,0,0,330.5,0,16.70000076293945
,"Dim, 05.08. 11:00",1264,307.7,956.3,0,0,0,0,0,0,0,319,0,17.10000038146973
,"Dim, 05.08. 12:00",1165.8,295.4,870.4,0,0,0,0,0,0,0,292.6,0,17.10000038146973
,"Dim, 05.08. 13:00",941.6,274.9,666.7,0,0,0,0,0,0,0,223.6,0,18.5
,"Dim, 05.08. 14:00",974.9,304.2,670.7,0,0,0,0,0,0,0,219.5,0,20.5
,"Dim, 05.08. 15:00",838.8,294.9,543.9,0,0,0,0,0,0,0,184.2,0,20.70000076293945
,"Dim, 05.08. 16:00",904.8,335.8,569,0,0,0,0,0,0,0,198.5,0,20.10000038146973
,"Dim, 05.08. 17:00",956.5,352.5,604,0,0,0,0,0,0,0,214.2,0,19
,"Dim, 05.08. 18:00",1063.1,389.8,673.3,0,0,0,0,0,0,0,241.5,0,18.20000076293945
,"Dim, 05.08. 19:00",1046.5,386.3,660.2,0,0,0,0,0,0,0,247.4,0,16.5
,"Dim, 05.08. 20:00",1207.2,516.7,690.5,0,0,0,0,0,0,0,290.4,0,14.60000038146973
,"Dim, 05.08. 21:00",1008.5,449.5,559,0,0,0,0,0,0,0,238.1,0,14.69999980926514
,"Dim, 05.08. 22:00",1246.4,774.1,472.3,0,0,0,0,0,0,0,287.3,0,12.19999980926514
,"Dim, 05.08. 23:00",1074,800.9,273.1,0,0,0,0,0,0,0,235.2,0,11.5
,"Lun, 06.08. 00:00",1112.7,936.4,176.3,0,0,0,0,0,0,0,237,0,10.60000038146973
,"Lun, 06.08. 01:00",928.4,833.2,95.2,0,0,0,0,0,0,0,186.2,0,11.19999980926514
,"Lun, 06.08. 02:00",1002,972.8,29.2,0,0,0,0,0,0,0,196.2,0,10.5
,"Lun, 06.08. 03:00",1374.7,1344.6,30.1,0,0,0,0,0,0,0,283.3,0,9
,"Lun, 06.08. 04:00",1561.8,1458.4,103.4,0,0,0,0,0,0,0,331.3,0,9
,"Lun, 06.08. 05:00",1786.7,1496.9,289.8,0,0,0,0,0,0,0,393.8,0,9.5
,"Lun, 06.08. 06:00",2066.4,1199.8,866.6,0,0,0,0,0,0,0,486.7,0,12.19999980926514
,"Lun, 06.08. 07:00",1379.5,516.7,862.8,0,0,0,0,0,0,0,341.4,0,15
,"Lun, 06.08. 08:00",1106.9,399.9,707,0,0,0,0,0,0,0,269.7,0,16.10000038146973
,"Lun, 06.08. 09:00",982.8,375.3,607.5,0,0,0,0,0,0,0,221.2,0,18.70000076293945
,"Lun, 06.08. 10:00",883.6,347.5,536.1,0,0,0,0,0,0,0,192.3,0,20
,"Lun, 06.08. 11:00",829.1,333,496.1,0,0,0,0,0,0,0,171.8,0,22.20000076293945
,"Lun, 06.08. 12:00",860.1,338.9,521.2,0,0,0,0,0,0,0,174.3,0,23.5
,"Lun, 06.08. 13:00",802.3,323.2,479.1,0,0,0,0,0,0,0,159.4,0,24.20000076293945
,"Lun, 06.08. 14:00",694.2,285.7,408.5,0,0,0,0,0,0,0,136.8,0,24.5
,"Lun, 06.08. 15:00",713.6,306.6,407,0,0,0,0,0,0,0,138.4,0,24.70000076293945
,"Lun, 06.08. 16:00",741.7,315,426.7,0,0,0,0,0,0,0,144.9,0,24.5
,"Lun, 06.08. 17:00",951.1,365.7,585.4,0,0,0,0,0,0,0,192.2,0,23.70000076293945
,"Lun, 06.08. 18:00",1051.1,396.1,655,0,0,0,0,0,0,0,222.1,0,21.70000076293945
,"Lun, 06.08. 19:00",1309.5,443.7,865.8,0,0,0,0,0,0,0,287.8,0,20.60000038146973
,"Lun, 06.08. 20:00",1261.7,419.1,842.6,0,0,0,0,0,0,0,279.9,0,20.20000076293945
,"Lun, 06.08. 21:00",1264.8,412.9,851.9,0,0,0,0,0,0,0,292.5,0,18.10000038146973
,"Lun, 06.08. 22:00",565.7,114.2,451.5,0,0,0,0,0,0,0,149.5,0,15.89999961853027
,"Lun, 06.08. 23:00",369,75.4,293.6,0,0,0,0,0,0,0,97.5,0,16.10000038146973
,"Mar, 07.08. 00:00",328.9,133.1,195.8,0,0,0,0,0,0,0,81,0,14.5
,"Mar, 07.08. 01:00",396.4,297,99.4,0,0,0,0,0,0,0,80.4,0,13.69999980926514
,"Mar, 07.08. 02:00",547,516.1,30.9,0,0,0,0,0,0,0,99.7,0,12.69999980926514
,"Mar, 07.08. 03:00",528.5,498.9,29.6,0,0,0,0,0,0,0,96.3,0,12.69999980926514
,"Mar, 07.08. 04:00",791.4,698.2,93.2,0,0,0,0,0,0,0,157,0,11.69999980926514
,"Mar, 07.08. 05:00",1024.5,708.6,315.9,0,0,0,0,0,0,0,223.9,0,12.5
,"Mar, 07.08. 06:00",1028.3,202,826.3,0,0,0,0,0,0,0,274.2,0,15.69999980926514
,"Mar, 07.08. 07:00",1037.1,190,847.1,0,0,0,0,0,0,0,265.8,0,17.70000076293945
,"Mar, 07.08. 08:00",910.6,159,751.6,0,0,0,0,0,0,0,227.5,0,19.20000076293945
,"Mar, 07.08. 09:00",733.3,137.5,595.8,0,0,0,0,0,0,0,172.2,0,21.60000038146973
,"Mar, 07.08. 10:00",666.5,130,536.5,0,0,0,0,0,0,0,148.3,0,23.60000038146973
,"Mar, 07.08. 11:00",589.7,118.1,471.6,0,0,0,0,0,0,0,125.7,0,25.20000076293945
,"Mar, 07.08. 12:00",654.1,128,526.1,0,0,0,0,0,0,0,134.5,0,26.70000076293945
,"Mar, 07.08. 13:00",582.6,117.1,465.5,0,0,0,0,0,0,0,118.6,0,27
,"Mar, 07.08. 14:00",603.7,124.8,478.9,0,0,0,0,0,0,0,119.5,0,28
,"Mar, 07.08. 15:00",527,115.6,411.4,0,0,0,0,0,0,0,104.5,0,27.70000076293945
,"Mar, 07.08. 16:00",551,119,432,0,0,0,0,0,0,0,108.5,0,28
,"Mar, 07.08. 17:00",729.9,138,591.9,0,0,0,0,0,0,0,148.5,0,27.10000038146973
,"Mar, 07.08. 18:00",787.3,145.4,641.9,0,0,0,0,0,0,0,167.2,0,25.5
,"Mar, 07.08. 19:00",1062.7,170.8,891.9,0,0,0,0,0,0,0,237.4,0,24
,"Mar, 07.08. 20:00",1020.8,160,860.8,0,0,0,0,0,0,0,228.2,0,24
,"Mar, 07.08. 21:00",937.2,143.7,793.5,0,0,0,0,0,0,0,227.6,0,20.5
,"Mar, 07.08. 22:00",494.2,42.4,451.8,0,0,0,0,0,0,0,133.2,0,17.60000038146973
,"Mar, 07.08. 23:00",342.1,67.7,274.4,0,0,0,0,0,0,0,93.4,0,14.80000019073486
,"Mer, 08.08. 00:00",202.2,12,190.2,0,0,0,0,0,0,0,57.4,0,16.20000076293945
,"Mer, 08.08. 01:00",353.6,256.9,96.7,0,0,0,0,0,0,0,72.6,0,13.80000019073486
,"Mer, 08.08. 02:00",66.8,35.1,31.7,0,0,0,0,0,0,0,15.1,0,14.89999961853027
,"Mer, 08.08. 03:00",354.7,324.7,30,0,0,0,0,0,0,0,64,0,13.5
,"Mer, 08.08. 04:00",594.7,490.4,104.3,0,0,0,0,0,0,0,117.6,0,12.89999961853027
,"Mer, 08.08. 05:00",703.6,399.3,304.3,0,0,0,0,0,0,0,161.5,0,13.5
,"Mer, 08.08. 06:00",922.5,103.4,819.1,0,0,0,0,0,0,0,251.2,0,16.70000076293945
,"Mer, 08.08. 07:00",964.6,100,864.6,0,0,0,0,0,0,0,246.3,0,19.70000076293945
,"Mer, 08.08. 08:00",793.5,78,715.5,0,0,0,0,0,0,0,192.2,0,22
,"Mer, 08.08. 09:00",667.4,70.9,596.5,0,0,0,0,0,0,0,154.3,0,23.70000076293945
,"Mer, 08.08. 10:00",640.3,70.9,569.4,0,0,0,0,0,0,0,138.9,0,26
,"Mer, 08.08. 11:00",567.1,64.8,502.3,0,0,0,0,0,0,0,119.1,0,27.10000038146973
,"Mer, 08.08. 12:00",565,63.1,501.9,0,0,0,0,0,0,0,114.1,0,28.5
,"Mer, 08.08. 13:00",531.6,61.1,470.5,0,0,0,0,0,0,0,103.7,0,29.60000038146973
,"Mer, 08.08. 14:00",499.3,59.2,440.1,0,0,0,0,0,0,0,94.7,0,30.5
,"Mer, 08.08. 15:00",486.4,61.6,424.8,0,0,0,0,0,0,0,90.5,0,31
,"Mer, 08.08. 16:00",519.9,64.6,455.3,0,0,0,0,0,0,0,99.2,0,30.20000076293945
,"Mer, 08.08. 17:00",650.1,69.9,580.2,0,0,0,0,0,0,0,127.3,0,29.5
,"Mer, 08.08. 18:00",717.8,75,642.8,0,0,0,0,0,0,0,149.5,0,27.5
,"Mer, 08.08. 19:00",879.1,79.1,800,0,0,0,0,0,0,0,210.7,0,22.5
,"Mer, 08.08. 20:00",1040,91.1,948.9,0,0,0,0,0,0,0,251.2,0,22.20000076293945
,"Mer, 08.08. 21:00",914.8,78.2,836.6,0,0,0,0,0,0,0,238.2,0,19.20000076293945
,"Mer, 08.08. 22:00",484,22.3,461.7,0,0,0,0,0,0,0,130.5,0,18.60000038146973
,"Mer, 08.08. 23:00",296.4,13.7,282.7,0,0,0,0,0,0,0,80.6,0,18.20000076293945
,"Jeu, 09.08. 00:00",200,0,200,0,0,0,0,0,0,0,59.7,0,15.19999980926514
,"Jeu, 09.08. 01:00",98.6,0,98.6,0,0,0,0,0,0,0,29.5,0,15.10000038146973
,"Jeu, 09.08. 02:00",53.7,22.5,31.2,0,0,0,0,0,0,0,13,0,14.89999961853027
,"Jeu, 09.08. 03:00",95.6,64.7,30.9,0,0,0,0,0,0,0,19.7,0,14.69999980926514
,"Jeu, 09.08. 04:00",107.6,0.2,107.4,0,0,0,0,0,0,0,32.2,0,15.10000038146973
,"Jeu, 09.08. 05:00",310.1,1.4,308.7,0,0,0,0,0,0,0,90.8,0,16
,"Jeu, 09.08. 06:00",884.3,7,877.3,0,0,0,0,0,0,0,245.3,0,18.20000076293945
,"Jeu, 09.08. 07:00",845.7,5.4,840.3,0,0,0,0,0,0,0,221.3,0,20.70000076293945
,"Jeu, 09.08. 08:00",755.7,2.8,752.9,0,0,0,0,0,0,0,186.3,0,23
,"Jeu, 09.08. 09:00",641.5,2.4,639.1,0,0,0,0,0,0,0,148.6,0,25.20000076293945
,"Jeu, 09.08. 10:00",561,1.8,559.2,0,0,0,0,0,0,0,123.5,0,27
,"Jeu, 09.08. 11:00",489,1.4,487.6,0,0,0,0,0,0,0,102.4,0,28.60000038146973
,"Jeu, 09.08. 12:00",494.2,1.3,492.9,0,0,0,0,0,0,0,100.4,0,29.5
,"Jeu, 09.08. 13:00",439.6,1.1,438.5,0,0,0,0,0,0,0,83.5,0,31.5
,"Jeu, 09.08. 14:00",463.8,1.4,462.4,0,0,0,0,0,0,0,86,0,32.20000076293945
,"Jeu, 09.08. 15:00",417.6,1.3,416.3,0,0,0,0,0,0,0,77.4,0,32.20000076293945
,"Jeu, 09.08. 16:00",489.1,1.8,487.3,0,0,0,0,0,0,0,91.4,0,32
,"Jeu, 09.08. 17:00",571,1.8,569.2,0,0,0,0,0,0,0,111.9,0,30.60000038146973
,"Jeu, 09.08. 18:00",672.7,2.5,670.2,0,0,0,0,0,0,0,140.3,0,28.70000076293945
,"Jeu, 09.08. 19:00",794.5,2.5,792,0,0,0,0,0,0,0,184.5,0,25.10000038146973
,"Jeu, 09.08. 20:00",919.1,4.1,915,0,0,0,0,0,0,0,231,0,22.20000076293945
,"Jeu, 09.08. 21:00",900,3.5,896.5,0,0,0,0,0,0,0,242.8,0,19.5
,"Jeu, 09.08. 22:00",462.3,0.1,462.2,0,0,0,0,0,0,0,133.2,0,16.79999923706055
,"Jeu, 09.08. 23:00",255.2,0,255.2,0,0,0,0,0,0,0,73.8,0,16.70000076293945
,"Ven, 10.08. 00:00",185.6,0.7,184.9,0,0,0,0,0,0,0,53.1,0,17
,"Ven, 10.08. 01:00",98.6,0.7,97.9,0,0,0,0,0,0,0,29.2,0,15.5
,"Ven, 10.08. 02:00",31.7,1,30.7,0,0,0,0,0,0,0,9.4,0,15
,"Ven, 10.08. 03:00",95.8,65.8,30,0,0,0,0,0,0,0,19.6,0,14.69999980926514
,"Ven, 10.08. 04:00",425.4,320,105.4,0,0,0,0,0,0,0,86.4,0,13.60000038146973
,"Ven, 10.08. 05:00",309.3,15.9,293.4,0,0,0,0,0,0,0,90,0,15.19999980926514
,"Ven, 10.08. 06:00",763.2,24.5,738.7,0,0,0,0,0,0,0,209,0,18.20000076293945
,"Ven, 10.08. 07:00",892.6,26.4,866.2,0,0,0,0,0,0,0,228.6,0,21.10000038146973
,"Ven, 10.08. 08:00",768.2,21.9,746.3,0,0,0,0,0,0,0,184.7,0,23.5
,"Ven, 10.08. 09:00",604.3,18.8,585.5,0,0,0,0,0,0,0,137.2,0,25.5
,"Ven, 10.08. 10:00",550.6,17.8,532.8,0,0,0,0,0,0,0,117.3,0,27.70000076293945
,"Ven, 10.08. 11:00",515.3,17,498.3,0,0,0,0,0,0,0,103.6,0,29.5
,"Ven, 10.08. 12:00",483.7,15.1,468.6,0,0,0,0,0,0,0,94.3,0,30.5
,"Ven, 10.08. 13:00",506.8,16.7,490.1,0,0,0,0,0,0,0,94.7,0,31.70000076293945
,"Ven, 10.08. 14:00",433.7,14.6,419.1,0,0,0,0,0,0,0,78.3,0,32.70000076293945
,"Ven, 10.08. 15:00",437.1,15.8,421.3,0,0,0,0,0,0,0,80.3,0,32.20000076293945
,"Ven, 10.08. 16:00",506.4,18.7,487.7,0,0,0,0,0,0,0,94.5,0,31.70000076293945
,"Ven, 10.08. 17:00",576,18,558,0,0,0,0,0,0,0,111.4,0,30.70000076293945
,"Ven, 10.08. 18:00",691.9,21.1,670.8,0,0,0,0,0,0,0,145.5,0,28.10000038146973
,"Ven, 10.08. 19:00",909,23.3,885.7,0,0,0,0,0,0,0,188,0,28.70000076293945
,"Ven, 10.08. 20:00",885.3,22.1,863.2,0,0,0,0,0,0,0,194.7,0,26.70000076293945
,"Ven, 10.08. 21:00",884.9,21.6,863.3,0,0,0,0,0,0,0,216,0,23
,"Ven, 10.08. 22:00",458.2,5.1,453.1,0,0,0,0,0,0,0,118.3,0,21.10000038146973
,"Ven, 10.08. 23:00",287.7,1.2,286.5,0,0,0,0,0,0,0,77.4,0,19.60000038146973
,"Sam, 11.08. 00:00",202.4,0,202.4,0,0,0,0,0,0,0,55.1,0,19.20000076293945
,"Sam, 11.08. 01:00",119.8,0,119.8,0,0,0,0,0,0,0,32.7,0,19
,"Sam, 11.08. 02:00",70.4,0,70.4,0,0,0,0,0,0,0,20,0,17.39999961853027
,"Sam, 11.08. 03:00",28.2,0,28.2,0,0,0,0,0,0,0,8,0,17.39999961853027
,"Sam, 11.08. 04:00",60.9,0,60.9,0,0,0,0,0,0,0,17.4,0,17.20000076293945
,"Sam, 11.08. 05:00",61,0,61,0,0,0,0,0,0,0,16.9,0,18.5
,"Sam, 11.08. 06:00",83.6,0,83.6,0,0,0,0,0,0,0,22,0,20.5
,"Sam, 11.08. 07:00",195.5,0,195.5,0,0,0,0,0,0,0,50.7,0,21.20000076293945
,"Sam, 11.08. 08:00",471.6,0,471.6,0,0,0,0,0,0,0,112.8,0,24.10000038146973
,"Sam, 11.08. 09:00",882.4,0,882.4,0,0,0,0,0,0,0,198.7,0,26.20000076293945
,"Sam, 11.08. 10:00",966.8,0,966.8,0,0,0,0,0,0,0,203.1,0,28.5
,"Sam, 11.08. 11:00",1006.4,0,1006.4,0,0,0,0,0,0,0,198.1,0,30.5
,"Sam, 11.08. 12:00",922.7,0,922.7,0,0,0,0,0,0,0,190.6,0,29
,"Sam, 11.08. 13:00",664.9,0,664.9,0,0,0,0,0,0,0,149.8,0,26.20000076293945
,"Sam, 11.08. 14:00",701.6,0,701.6,0,0,0,0,0,0,0,163.2,0,25.10000038146973
,"Sam, 11.08. 15:00",609.1,0,609.1,0,0,0,0,0,0,0,144.3,0,24.5
,"Sam, 11.08. 16:00",615.7,0,615.7,0,0,0,0,0,0,0,139.3,0,26.10000038146973
,"Sam, 11.08. 17:00",576.6,0,576.6,0,0,0,0,0,0,0,134.1,0,25.10000038146973
,"Sam, 11.08. 18:00",658.3,0,658.3,0,0,0,0,0,0,0,156,0,24.5
,"Sam, 11.08. 19:00",745,0,745,0,0,0,0,0,0,0,186.3,0,22.5
,"Sam, 11.08. 20:00",722.1,0,722.1,0,0,0,0,0,0,0,190,0,20.5
,"Sam, 11.08. 21:00",583.5,0,583.5,0,0,0,0,0,0,0,160.7,0,18.70000076293945
,"Sam, 11.08. 22:00",445.7,0,445.7,0,0,0,0,0,0,0,122.5,0,18.79999923706055
,"Sam, 11.08. 23:00",285.7,0,285.7,0,0,0,0,0,0,0,78.7,0,18.70000076293945
,"Dim, 12.08. 00:00",187.5,0,187.5,0,0,0,0,0,0,0,52.2,0,18.20000076293945
,"Dim, 12.08. 01:00",118.3,0,118.3,0,0,0,0,0,0,0,33.4,0,17.70000076293945
,"Dim, 12.08. 02:00",73.7,0,73.7,0,0,0,0,0,0,0,21.4,0,16.60000038146973
,"Dim, 12.08. 03:00",32,0,32,0,0,0,0,0,0,0,9.4,0,16
,"Dim, 12.08. 04:00",69.4,0,69.4,0,0,0,0,0,0,0,20.5,0,15.69999980926514
,"Dim, 12.08. 05:00",73.7,0,73.7,0,0,0,0,0,0,0,21.6,0,16
,"Dim, 12.08. 06:00",90.9,0,90.9,0,0,0,0,0,0,0,25.5,0,18
,"Dim, 12.08. 07:00",183.8,0,183.8,0,0,0,0,0,0,0,49.7,0,19.5
,"Dim, 12.08. 08:00",501.8,0,501.8,0,0,0,0,0,0,0,129,0,21.5
,"Dim, 12.08. 09:00",903.9,0,903.9,0,0,0,0,0,0,0,219.9,0,23.5
,"Dim, 12.08. 10:00",947.7,0,947.7,0,0,0,0,0,0,0,219.9,0,25.20000076293945
,"Dim, 12.08. 11:00",1002.7,0,1002.7,0,0,0,0,0,0,0,216.6,0,27.60000038146973
,"Dim, 12.08. 12:00",1004.1,0,1004.1,0,0,0,0,0,0,0,217.8,0,27.5
,"Dim, 12.08. 13:00",759.6,0,759.6,0,0,0,0,0,0,0,153.5,0,29.70000076293945
,"Dim, 12.08. 14:00",636.6,0,636.6,0,0,0,0,0,0,0,124.3,0,30.70000076293945
,"Dim, 12.08. 15:00",558.8,0,558.8,0,0,0,0,0,0,0,108.1,0,31
,"Dim, 12.08. 16:00",534.4,0,534.4,0,0,0,0,0,0,0,109.7,0,29.20000076293945
,"Dim, 12.08. 17:00",601.9,0,601.9,0,0,0,0,0,0,0,124.4,0,29
,"Dim, 12.08. 18:00",644.9,0,644.9,0,0,0,0,0,0,0,143.3,0,26.70000076293945
,"Dim, 12.08. 19:00",707.3,0,707.3,0,0,0,0,0,0,0,165.2,0,25
,"Dim, 12.08. 20:00",660.6,0,660.6,0,0,0,0,0,0,0,167.2,0,22
,"Dim, 12.08. 21:00",562.6,0,562.6,0,0,0,0,0,0,0,145.7,0,21.20000076293945
,"Dim, 12.08. 22:00",396.9,0,396.9,0,0,0,0,0,0,0,103.1,0,21.10000038146973
,"Dim, 12.08. 23:00",277.6,0,277.6,0,0,0,0,0,0,0,74.6,0,19.70000076293945
,"Lun, 13.08. 00:00",195,0,195,0,0,0,0,0,0,0,53.1,0,19.20000076293945
,"Lun, 13.08. 01:00",101,0,101,0,0,0,0,0,0,0,28.2,0,18.10000038146973
,"Lun, 13.08. 02:00",32.4,0,32.4,0,0,0,0,0,0,0,9.4,0,16.70000076293945
,"Lun, 13.08. 03:00",28.7,0,28.7,0,0,0,0,0,0,0,8.2,0,17
,"Lun, 13.08. 04:00",104.8,0,104.8,0,0,0,0,0,0,0,29.6,0,17.60000038146973
,"Lun, 13.08. 05:00",297.3,0,297.3,0,0,0,0,0,0,0,85.2,0,17.10000038146973
,"Lun, 13.08. 06:00",880.7,0,880.7,0,0,0,0,0,0,0,236.7,0,19.70000076293945
,"Lun, 13.08. 07:00",911,0,911,0,0,0,0,0,0,0,230.6,0,22
,"Lun, 13.08. 08:00",741.2,0,741.2,0,0,0,0,0,0,0,179.5,0,23.70000076293945
,"Lun, 13.08. 09:00",587.2,0,587.2,0,0,0,0,0,0,0,134.4,0,25.70000076293945
,"Lun, 13.08. 10:00",582.5,0,582.5,0,0,0,0,0,0,0,124.5,0,28
,"Lun, 13.08. 11:00",535.1,0,535.1,0,0,0,0,0,0,0,106.4,0,30.20000076293945
,"Lun, 13.08. 12:00",470.1,0,470.1,0,0,0,0,0,0,0,90.2,0,31.20000076293945
,"Lun, 13.08. 13:00",468.3,0,468.3,0,0,0,0,0,0,0,91.5,0,30.70000076293945
,"Lun, 13.08. 14:00",442.3,0,442.3,0,0,0,0,0,0,0,91.4,0,29
,"Lun, 13.08. 15:00",452.4,0,452.4,0,0,0,0,0,0,0,93.3,0,29.10000038146973
,"Lun, 13.08. 16:00",484.8,0,484.8,0,0,0,0,0,0,0,106.3,0,27.10000038146973
,"Lun, 13.08. 17:00",606.9,0,606.9,0,0,0,0,0,0,0,142.8,0,24.70000076293945
,"Lun, 13.08. 18:00",626.6,0,626.6,0,0,0,0,0,0,0,168.9,0,19.60000038146973
,"Lun, 13.08. 19:00",880,0,880,0,0,0,0,0,0,0,237.8,0,19.5
,"Lun, 13.08. 20:00",874.6,0,874.6,0,0,0,0,0,0,0,236.4,0,19.5
,"Lun, 13.08. 21:00",832.1,0,832.1,0,0,0,0,0,0,0,224.3,0,19.60000038146973
,"Lun, 13.08. 22:00",473.4,0,473.4,0,0,0,0,0,0,0,129.3,0,19
,"Lun, 13.08. 23:00",270.5,0,270.5,0,0,0,0,0,0,0,75.1,0,18.29999923706055
,"Mar, 14.08. 00:00",185.6,0,185.6,0,0,0,0,0,0,0,52.4,0,17.70000076293945
,"Mar, 14.08. 01:00",105.2,0,105.2,0,0,0,0,0,0,0,29.8,0,17.5
,"Mar, 14.08. 02:00",31.6,0,31.6,0,0,0,0,0,0,0,8.9,0,17.60000038146973
,"Mar, 14.08. 03:00",33.2,0,33.2,0,0,0,0,0,0,0,9.5,0,17
,"Mar, 14.08. 04:00",102.1,0,102.1,0,0,0,0,0,0,0,29.5,0,16.70000076293945
,"Mar, 14.08. 05:00",289.3,0,289.3,0,0,0,0,0,0,0,82.6,0,17.20000076293945
,"Mar, 14.08. 06:00",865.1,0,865.1,0,0,0,0,0,0,0,250,0,16.70000076293945
,"Mar, 14.08. 07:00",819.1,0,819.1,0,0,0,0,0,0,0,220.2,0,19.70000076293945
,"Mar, 14.08. 08:00",719.1,0,719.1,0,0,0,0,0,0,0,193.3,0,19.70000076293945
,"Mar, 14.08. 09:00",593.9,0,593.9,0,0,0,0,0,0,0,160.5,0,19.5
,"Mar, 14.08. 10:00",513.3,0,513.3,0,0,0,0,0,0,0,126.1,0,23.20000076293945
,"Mar, 14.08. 11:00",500.3,0,500.3,0,0,0,0,0,0,0,116.3,0,25.10000038146973
,"Mar, 14.08. 12:00",470.3,0,470.3,0,0,0,0,0,0,0,104.5,0,26.70000076293945
,"Mar, 14.08. 13:00",492.3,0,492.3,0,0,0,0,0,0,0,106.8,0,27.5
,"Mar, 14.08. 14:00",464.4,0,464.4,0,0,0,0,0,0,0,96,0,29
,"Mar, 14.08. 15:00",444.2,0,444.2,0,0,0,0,0,0,0,92.7,0,28.70000076293945
,"Mar, 14.08. 16:00",453.2,0,453.2,0,0,0,0,0,0,0,96.8,0,28
,"Mar, 14.08. 17:00",613.3,0,613.3,0,0,0,0,0,0,0,141,0,25.5
,"Mar, 14.08. 18:00",686.8,0,686.8,0,0,0,0,0,0,0,161.6,0,24.70000076293945
,"Mar, 14.08. 19:00",881.1,0,881.1,0,0,0,0,0,0,0,236.9,0,19.70000076293945
,"Mar, 14.08. 20:00",884.4,0,884.4,0,0,0,0,0,0,0,241,0,19.10000038146973
,"Mar, 14.08. 21:00",841.3,0,841.3,0,0,0,0,0,0,0,233.1,0,18.5
,"Mar, 14.08. 22:00",455.1,0,455.1,0,0,0,0,0,0,0,125.4,0,18.70000076293945
,"Mar, 14.08. 23:00",293.1,0,293.1,0,0,0,0,0,0,0,81.7,0,18.20000076293945
,"Mer, 15.08. 00:00",195.3,0,195.3,0,0,0,0,0,0,0,54.7,0,18
,"Mer, 15.08. 01:00",104.2,0,104.2,0,0,0,0,0,0,0,29.2,0,18
,"Mer, 15.08. 02:00",30.4,0,30.4,0,0,0,0,0,0,0,8.6,0,17.70000076293945
,"Mer, 15.08. 03:00",30.8,0,30.8,0,0,0,0,0,0,0,8.7,0,17.60000038146973
,"Mer, 15.08. 04:00",102.3,0,102.3,0,0,0,0,0,0,0,29,0,17.5
,"Mer, 15.08. 05:00",294.7,0,294.7,0,0,0,0,0,0,0,84.4,0,17
,"Mer, 15.08. 06:00",816.7,0,816.7,0,0,0,0,0,0,0,228.1,0,18.10000038146973
,"Mer, 15.08. 07:00",836.8,0,836.8,0,0,0,0,0,0,0,231.2,0,18.60000038146973
,"Mer, 15.08. 08:00",742.8,0,742.8,0,0,0,0,0,0,0,197.5,0,20.10000038146973
,"Mer, 15.08. 09:00",606.9,0,606.9,0,0,0,0,0,0,0,157.2,0,21.20000076293945
,"Mer, 15.08. 10:00",551.9,0,551.9,0,0,0,0,0,0,0,136.3,0,23
,"Mer, 15.08. 11:00",475.6,0,475.6,0,0,0,0,0,0,0,110.4,0,25.20000076293945
,"Mer, 15.08. 12:00",491.1,0,491.1,0,0,0,0,0,0,0,110.6,0,26.20000076293945
,"Mer, 15.08. 13:00",464.4,0,464.4,0,0,0,0,0,0,0,108.5,0,25
,"Mer, 15.08. 14:00",469.5,0,469.5,0,0,0,0,0,0,0,112.9,0,24
,"Mer, 15.08. 15:00",419.1,0,419.1,0,0,0,0,0,0,0,101.5,0,23.70000076293945
,"Mer, 15.08. 16:00",485.8,0,485.8,0,0,0,0,0,0,0,121.2,0,22.60000038146973
,"Mer, 15.08. 17:00",549.4,0,549.4,0,0,0,0,0,0,0,135.6,0,23
,"Mer, 15.08. 18:00",654.5,0,654.5,0,0,0,0,0,0,0,167.4,0,21.70000076293945
,"Mer, 15.08. 19:00",797.2,0,797.2,0,0,0,0,0,0,0,201.3,0,22.10000038146973
,"Mer, 15.08. 20:00",956.1,0,956.1,0,0,0,0,0,0,0,249,0,21
,"Mer, 15.08. 21:00",833.8,0,833.8,0,0,0,0,0,0,0,222.4,0,20
,"Mer, 15.08. 22:00",460.2,0,460.2,0,0,0,0,0,0,0,133,0,16.70000076293945
,"Mer, 15.08. 23:00",287.9,0,287.9,0,0,0,0,0,0,0,82.3,0,17.20000076293945
,"Jeu, 16.08. 00:00",183.1,0.7,182.4,0,0,0,0,0,0,0,52.4,0,17.10000038146973
,"Jeu, 16.08. 01:00",105.3,1,104.3,0,0,0,0,0,0,0,31.1,0,15.69999980926514
,"Jeu, 16.08. 02:00",33.5,1.2,32.3,0,0,0,0,0,0,0,9.8,0,15.5
,"Jeu, 16.08. 03:00",140.3,109.5,30.8,0,0,0,0,0,0,0,27,0,14.5
,"Jeu, 16.08. 04:00",267.5,170.2,97.3,0,0,0,0,0,0,0,57.6,0,14.19999980926514
,"Jeu, 16.08. 05:00",374,111.1,262.9,0,0,0,0,0,0,0,97.8,0,14.5
,"Jeu, 16.08. 06:00",863.5,29.6,833.9,0,0,0,0,0,0,0,243,0,17.10000038146973
,"Jeu, 16.08. 07:00",856.1,26.8,829.3,0,0,0,0,0,0,0,232.2,0,18.70000076293945
,"Jeu, 16.08. 08:00",683,20.5,662.5,0,0,0,0,0,0,0,176.8,0,20.70000076293945
,"Jeu, 16.08. 09:00",652.9,21.3,631.6,0,0,0,0,0,0,0,158.5,0,23.10000038146973
,"Jeu, 16.08. 10:00",572,19.6,552.4,0,0,0,0,0,0,0,132.7,0,24.70000076293945
,"Jeu, 16.08. 11:00",556.6,19.8,536.8,0,0,0,0,0,0,0,120.9,0,27
,"Jeu, 16.08. 12:00",539.9,18.5,521.4,0,0,0,0,0,0,0,114.9,0,27.70000076293945
,"Jeu, 16.08. 13:00",516.4,18.3,498.1,0,0,0,0,0,0,0,108.3,0,28.20000076293945
,"Jeu, 16.08. 14:00",450.9,15.9,435,0,0,0,0,0,0,0,93,0,28.70000076293945
,"Jeu, 16.08. 15:00",450,17.6,432.4,0,0,0,0,0,0,0,93.2,0,28.5
,"Jeu, 16.08. 16:00",462.7,17.8,444.9,0,0,0,0,0,0,0,98.3,0,27.70000076293945
,"Jeu, 16.08. 17:00",605.5,20.1,585.4,0,0,0,0,0,0,0,134.6,0,26.20000076293945
,"Jeu, 16.08. 18:00",642.8,20.5,622.3,0,0,0,0,0,0,0,149.9,0,24.60000038146973
,"Jeu, 16.08. 19:00",942.2,25,917.2,0,0,0,0,0,0,0,226,0,23.60000038146973
,"Jeu, 16.08. 20:00",946.3,24.5,921.8,0,0,0,0,0,0,0,240.2,0,21.5
,"Jeu, 16.08. 21:00",891.3,22.7,868.6,0,0,0,0,0,0,0,237.7,0,19.5
,"Jeu, 16.08. 22:00",481.1,6.3,474.8,0,0,0,0,0,0,0,135,0,17.70000076293945
,"Jeu, 16.08. 23:00",278,1.2,276.8,0,0,0,0,0,0,0,81.1,0,16.20000076293945
,"Ven, 17.08. 00:00",194.9,0.9,194,0,0,0,0,0,0,0,58.1,0,15.19999980926514
,"Ven, 17.08. 01:00",99.2,0.9,98.3,0,0,0,0,0,0,0,28.9,0,16.20000076293945
,"Ven, 17.08. 02:00",32,1.1,30.9,0,0,0,0,0,0,0,9.5,0,15
,"Ven, 17.08. 03:00",31.6,1.5,30.1,0,0,0,0,0,0,0,9.1,0,16
,"Ven, 17.08. 04:00",324.5,222.2,102.3,0,0,0,0,0,0,0,68.1,0,14
,"Ven, 17.08. 05:00",446.8,174.6,272.2,0,0,0,0,0,0,0,111.7,0,14.19999980926514
,"Ven, 17.08. 06:00",847.2,28.9,818.3,0,0,0,0,0,0,0,237.8,0,17.20000076293945
,"Ven, 17.08. 07:00",839.2,25.9,813.3,0,0,0,0,0,0,0,220.5,0,20
,"Ven, 17.08. 08:00",782.4,23.2,759.2,0,0,0,0,0,0,0,194.5,0,22.20000076293945
,"Ven, 17.08. 09:00",628.8,20.5,608.3,0,0,0,0,0,0,0,145,0,25
,"Ven, 17.08. 10:00",567.5,19.5,548,0,0,0,0,0,0,0,126.7,0,26.10000038146973
,"Ven, 17.08. 11:00",499.2,17.5,481.7,0,0,0,0,0,0,0,109.9,0,26.5
,"Ven, 17.08. 12:00",514.5,17.5,497,0,0,0,0,0,0,0,112.8,0,26.70000076293945
,"Ven, 17.08. 13:00",477.6,16.5,461.1,0,0,0,0,0,0,0,102.3,0,27.5
,"Ven, 17.08. 14:00",442.1,15.5,426.6,0,0,0,0,0,0,0,94.1,0,27.70000076293945
,"Ven, 17.08. 15:00",450.4,17.6,432.8,0,0,0,0,0,0,0,94.9,0,28
,"Ven, 17.08. 16:00",501.9,19.5,482.4,0,0,0,0,0,0,0,108.5,0,27.10000038146973
,"Ven, 17.08. 17:00",618.3,20.5,597.8,0,0,0,0,0,0,0,144.5,0,24.5
,"Ven, 17.08. 18:00",643.4,20.5,622.9,0,0,0,0,0,0,0,166.7,0,20.5
,"Ven, 17.08. 19:00",838.5,22.6,815.9,0,0,0,0,0,0,0,217.2,0,20.60000038146973
,"Ven, 17.08. 20:00",901.9,23.4,878.5,0,0,0,0,0,0,0,236.2,0,20.20000076293945
,"Ven, 17.08. 21:00",927.4,23.5,903.9,0,0,0,0,0,0,0,261.4,0,17.20000076293945
,"Ven, 17.08. 22:00",515.1,6.9,508.2,0,0,0,0,0,0,0,146.1,0,17.20000076293945
,"Ven, 17.08. 23:00",295.4,1.5,293.9,0,0,0,0,0,0,0,84.2,0,17.20000076293945
,"Sam, 18.08. 00:00",212.6,0,212.6,0,0,0,0,0,0,0,60.9,0,17
,"Sam, 18.08. 01:00",118.3,0,118.3,0,0,0,0,0,0,0,33.9,0,17.10000038146973
,"Sam, 18.08. 02:00",73,0,73,0,0,0,0,0,0,0,21.1,0,16.70000076293945
,"Sam, 18.08. 03:00",29.8,0,29.8,0,0,0,0,0,0,0,8.6,0,16.70000076293945
,"Sam, 18.08. 04:00",61.6,0,61.6,0,0,0,0,0,0,0,17.9,0,16.60000038146973
,"Sam, 18.08. 05:00",65.9,0,65.9,0,0,0,0,0,0,0,18.9,0,17
,"Sam, 18.08. 06:00",84.3,0,84.3,0,0,0,0,0,0,0,24.2,0,17
,"Sam, 18.08. 07:00",182.5,0,182.5,0,0,0,0,0,0,0,51.5,0,17.60000038146973
,"Sam, 18.08. 08:00",479.7,0,479.7,0,0,0,0,0,0,0,132.2,0,18.70000076293945
,"Sam, 18.08. 09:00",953.4,0,953.4,0,0,0,0,0,0,0,244.4,0,21.60000038146973
,"Sam, 18.08. 10:00",1023.8,0,1023.8,0,0,0,0,0,0,0,262.5,0,21.60000038146973
,"Sam, 18.08. 11:00",1086.3,0,1086.3,0,0,0,0,0,0,0,274.3,0,22.10000038146973
,"Sam, 18.08. 12:00",893,0,893,0,0,0,0,0,0,0,208.6,0,25
,"Sam, 18.08. 13:00",790.2,0,790.2,0,0,0,0,0,0,0,183.4,0,25.20000076293945
,"Sam, 18.08. 14:00",706.9,0,706.9,0,0,0,0,0,0,0,162.5,0,25.5
,"Sam, 18.08. 15:00",596,0,596,0,0,0,0,0,0,0,141.2,0,24.5
,"Sam, 18.08. 16:00",562.1,0,562.1,0,0,0,0,0,0,0,138.1,0,23.20000076293945
,"Sam, 18.08. 17:00",677.7,0,677.7,0,0,0,0,0,0,0,167.3,0,23
,"Sam, 18.08. 18:00",670,0,670,0,0,0,0,0,0,0,172.2,0,21.5
,"Sam, 18.08. 19:00",751,0,751,0,0,0,0,0,0,0,199.2,0,20.20000076293945
,"Sam, 18.08. 20:00",664.8,0,664.8,0,0,0,0,0,0,0,176.3,0,20.20000076293945
,"Sam, 18.08. 21:00",610.4,0,610.4,0,0,0,0,0,0,0,178.5,0,16.20000076293945
,"Sam, 18.08. 22:00",405.3,0,405.3,0,0,0,0,0,0,0,116.1,0,17
,"Sam, 18.08. 23:00",293.7,0,293.7,0,0,0,0,0,0,0,85.1,0,16.5
,"Dim, 19.08. 00:00",203.9,0,203.9,0,0,0,0,0,0,0,61,0,15.10000038146973
,"Dim, 19.08. 01:00",119.2,0,119.2,0,0,0,0,0,0,0,34.9,0,16.20000076293945
,"Dim, 19.08. 02:00",72.2,0,72.2,0,0,0,0,0,0,0,21.4,0,15.5
,"Dim, 19.08. 03:00",31.2,0,31.2,0,0,0,0,0,0,0,9.3,0,15.19999980926514
,"Dim, 19.08. 04:00",66.5,0,66.5,0,0,0,0,0,0,0,19.7,0,15.5
,"Dim, 19.08. 05:00",69.9,0,69.9,0,0,0,0,0,0,0,20.7,0,15.5
,"Dim, 19.08. 06:00",92.6,0,92.6,0,0,0,0,0,0,0,26.8,0,16.5
,"Dim, 19.08. 07:00",190.8,0,190.8,0,0,0,0,0,0,0,54.1,0,17.5
,"Dim, 19.08. 08:00",481.2,0,481.2,0,0,0,0,0,0,0,134.8,0,18
,"Dim, 19.08. 09:00",874.1,0,874.1,0,0,0,0,0,0,0,227.6,0,21
,"Dim, 19.08. 10:00",1033.6,0,1033.6,0,0,0,0,0,0,0,258.4,0,22.5
,"Dim, 19.08. 11:00",959.3,0,959.3,0,0,0,0,0,0,0,232.3,0,23.70000076293945
,"Dim, 19.08. 12:00",892.1,0,892.1,0,0,0,0,0,0,0,204.6,0,25.60000038146973
,"Dim, 19.08. 13:00",713.5,0,713.5,0,0,0,0,0,0,0,156.5,0,27.10000038146973
,"Dim, 19.08. 14:00",628.3,0,628.3,0,0,0,0,0,0,0,138.4,0,27
,"Dim, 19.08. 15:00",570.2,0,570.2,0,0,0,0,0,0,0,128.4,0,26.20000076293945
,"Dim, 19.08. 16:00",566.5,0,566.5,0,0,0,0,0,0,0,135.2,0,24.20000076293945
,"Dim, 19.08. 17:00",631.3,0,631.3,0,0,0,0,0,0,0,149.6,0,24.5
,"Dim, 19.08. 18:00",656.4,0,656.4,0,0,0,0,0,0,0,165.3,0,22.20000076293945
,"Dim, 19.08. 19:00",705.7,0,705.7,0,0,0,0,0,0,0,182.8,0,21.20000076293945
,"Dim, 19.08. 20:00",679.7,0,679.7,0,0,0,0,0,0,0,189.8,0,18.10000038146973
,"Dim, 19.08. 21:00",578.8,0,578.8,0,0,0,0,0,0,0,153.5,0,20.20000076293945
,"Dim, 19.08. 22:00",425.8,0,425.8,0,0,0,0,0,0,0,114.5,0,19.70000076293945
,"Dim, 19.08. 23:00",279.8,0,279.8,0,0,0,0,0,0,0,79.3,0,17.5
,"Lun, 20.08. 00:00",184.8,5.6,179.2,0,0,0,0,0,0,0,53.4,0,16
,"Lun, 20.08. 01:00",110.5,6.7,103.8,0,0,0,0,0,0,0,31.9,0,15.39999961853027
,"Lun, 20.08. 02:00",261.8,229.4,32.4,0,0,0,0,0,0,0,47.8,0,14
,"Lun, 20.08. 03:00",288.8,260.1,28.7,0,0,0,0,0,0,0,52.3,0,13.69999980926514
,"Lun, 20.08. 04:00",120.3,13.7,106.6,0,0,0,0,0,0,0,34,0,15.10000038146973
,"Lun, 20.08. 05:00",605,311.3,293.7,0,0,0,0,0,0,0,142.5,0,13.69999980926514
,"Lun, 20.08. 06:00",834.4,54.5,779.9,0,0,0,0,0,0,0,233.8,0,16.5
,"Lun, 20.08. 07:00",904.7,54.5,850.2,0,0,0,0,0,0,0,244.4,0,18.20000076293945
,"Lun, 20.08. 08:00",729.7,41.7,688,0,0,0,0,0,0,0,188.4,0,20.20000076293945
,"Lun, 20.08. 09:00",643.9,39.7,604.2,0,0,0,0,0,0,0,157.8,0,22.20000076293945
,"Lun, 20.08. 10:00",558.3,36,522.3,0,0,0,0,0,0,0,130.6,0,24
,"Lun, 20.08. 11:00",572.4,38.1,534.3,0,0,0,0,0,0,0,124,0,26.70000076293945
,"Lun, 20.08. 12:00",565.1,36.4,528.7,0,0,0,0,0,0,0,113.5,0,29.20000076293945
,"Lun, 20.08. 13:00",536,35.9,500.1,0,0,0,0,0,0,0,111.3,0,28.10000038146973
,"Lun, 20.08. 14:00",465.2,32.7,432.5,0,0,0,0,0,0,0,92.4,0,29.5
,"Lun, 20.08. 15:00",469.5,34.9,434.6,0,0,0,0,0,0,0,91.6,0,30
,"Lun, 20.08. 16:00",512.1,37.2,474.9,0,0,0,0,0,0,0,107.4,0,27.70000076293945
,"Lun, 20.08. 17:00",608.2,37.9,570.3,0,0,0,0,0,0,0,131.9,0,26.70000076293945
,"Lun, 20.08. 18:00",665.5,40.4,625.1,0,0,0,0,0,0,0,146.9,0,26.10000038146973
,"Lun, 20.08. 19:00",845.8,44,801.8,0,0,0,0,0,0,0,195.5,0,24.60000038146973
,"Lun, 20.08. 20:00",918.8,46.3,872.5,0,0,0,0,0,0,0,215.9,0,24
,"Lun, 20.08. 21:00",908.8,44.6,864.2,0,0,0,0,0,0,0,238.2,0,19.70000076293945
,"Lun, 20.08. 22:00",509.3,13.2,496.1,0,0,0,0,0,0,0,136.9,0,19.10000038146973
,"Lun, 20.08. 23:00",276.5,7.5,269,0,0,0,0,0,0,0,72.6,0,20.10000038146973
,"Mar, 21.08. 00:00",183.4,0,183.4,0,0,0,0,0,0,0,50.1,0,19
,"Mar, 21.08. 01:00",103.9,0,103.9,0,0,0,0,0,0,0,27.8,0,19.79999923706055
,"Mar, 21.08. 02:00",29.8,0,29.8,0,0,0,0,0,0,0,8,0,19.79999923706055
,"Mar, 21.08. 03:00",30,0,30,0,0,0,0,0,0,0,8.3,0,18.5
,"Mar, 21.08. 04:00",107.8,0,107.8,0,0,0,0,0,0,0,30.5,0,17.60000038146973
,"Mar, 21.08. 05:00",282.1,0,282.1,0,0,0,0,0,0,0,79.5,0,17.79999923706055
,"Mar, 21.08. 06:00",797.4,0,797.4,0,0,0,0,0,0,0,214.9,0,19.60000038146973
,"Mar, 21.08. 07:00",834.1,0,834.1,0,0,0,0,0,0,0,211.2,0,22
,"Mar, 21.08. 08:00",710.9,0,710.9,0,0,0,0,0,0,0,168.5,0,24.5
,"Mar, 21.08. 09:00",580.4,0,580.4,0,0,0,0,0,0,0,129,0,26.70000076293945
,"Mar, 21.08. 10:00",555.6,0,555.6,0,0,0,0,0,0,0,114.1,0,29.20000076293945
,"Mar, 21.08. 11:00",555.1,0,555.1,0,0,0,0,0,0,0,109.3,0,30.5
,"Mar, 21.08. 12:00",484.2,0,484.2,0,0,0,0,0,0,0,90.2,0,32.09999847412109
,"Mar, 21.08. 13:00",458.5,0,458.5,0,0,0,0,0,0,0,82.3,0,33.09999847412109
,"Mar, 21.08. 14:00",455.1,0,455.1,0,0,0,0,0,0,0,82,0,33
,"Mar, 21.08. 15:00",417.9,0,417.9,0,0,0,0,0,0,0,76.4,0,32.59999847412109
,"Mar, 21.08. 16:00",461.6,0,461.6,0,0,0,0,0,0,0,84.4,0,32.59999847412109
,"Mar, 21.08. 17:00",618.4,0,618.4,0,0,0,0,0,0,0,118.7,0,31.20000076293945
,"Mar, 21.08. 18:00",685.6,0,685.6,0,0,0,0,0,0,0,144,0,28.5
,"Mar, 21.08. 19:00",811.4,0,811.4,0,0,0,0,0,0,0,181.1,0,26.5
,"Mar, 21.08. 20:00",882.3,0,882.3,0,0,0,0,0,0,0,209.1,0,24.5
,"Mar, 21.08. 21:00",831.3,0,831.3,0,0,0,0,0,0,0,201.8,0,23.60000038146973
,"Mar, 21.08. 22:00",487,0,487,0,0,0,0,0,0,0,126.2,0,21.20000076293945
,"Mar, 21.08. 23:00",304,0,304,0,0,0,0,0,0,0,81.1,0,20
,"Mer, 22.08. 00:00",195,0,195,0,0,0,0,0,0,0,53.1,0,19.20000076293945
,"Mer, 22.08. 01:00",106,0,106,0,0,0,0,0,0,0,28.5,0,19.70000076293945
,"Mer, 22.08. 02:00",29.6,0,29.6,0,0,0,0,0,0,0,7.8,0,20.39999961853027
,"Mer, 22.08. 03:00",31.8,0,31.8,0,0,0,0,0,0,0,8.8,0,18.5
,"Mer, 22.08. 04:00",101,0,101,0,0,0,0,0,0,0,27.3,0,19.5
,"Mer, 22.08. 05:00",303.4,0,303.4,0,0,0,0,0,0,0,83.8,0,18.60000038146973
,"Mer, 22.08. 06:00",790.1,0,790.1,0,0,0,0,0,0,0,207.9,0,20.5
,"Mer, 22.08. 07:00",852.4,0,852.4,0,0,0,0,0,0,0,206.9,0,23.60000038146973
,"Mer, 22.08. 08:00",689.8,0,689.8,0,0,0,0,0,0,0,160.4,0,25.10000038146973
,"Mer, 22.08. 09:00",612.1,0,612.1,0,0,0,0,0,0,0,130.8,0,28
,"Mer, 22.08. 10:00",550.8,0,550.8,0,0,0,0,0,0,0,108.4,0,30.5
,"Mer, 22.08. 11:00",525.3,0,525.3,0,0,0,0,0,0,0,94.7,0,33
,"Mer, 22.08. 12:00",484.9,0,484.9,0,0,0,0,0,0,0,83.7,0,34.09999847412109
,"Mer, 22.08. 13:00",463.5,0,463.5,0,0,0,0,0,0,0,77.3,0,35
,"Mer, 22.08. 14:00",437.7,0,437.7,0,0,0,0,0,0,0,77.3,0,33.5
,"Mer, 22.08. 15:00",405.2,0,405.2,0,0,0,0,0,0,0,71.6,0,33.5
,"Mer, 22.08. 16:00",494.5,0,494.5,0,0,0,0,0,0,0,90.1,0,32.70000076293945
,"Mer, 22.08. 17:00",571.6,0,571.6,0,0,0,0,0,0,0,110.1,0,31.10000038146973
,"Mer, 22.08. 18:00",679.9,0,679.9,0,0,0,0,0,0,0,137.3,0,29.70000076293945
,"Mer, 22.08. 19:00",820.7,0,820.7,0,0,0,0,0,0,0,172.4,0,28.5
,"Mer, 22.08. 20:00",892.8,0,892.8,0,0,0,0,0,0,0,211.6,0,24.5
,"Mer, 22.08. 21:00",892.3,0,892.3,0,0,0,0,0,0,0,222,0,22.70000076293945
,"Mer, 22.08. 22:00",468.6,0,468.6,0,0,0,0,0,0,0,118.6,0,22
,"Mer, 22.08. 23:00",298.6,0,298.6,0,0,0,0,0,0,0,78.4,0,20.60000038146973
,"Jeu, 23.08. 00:00",193.6,0,193.6,0,0,0,0,0,0,0,51.3,0,20.20000076293945
,"Jeu, 23.08. 01:00",103.6,0,103.6,0,0,0,0,0,0,0,28,0,19.5
,"Jeu, 23.08. 02:00",33.2,0,33.2,0,0,0,0,0,0,0,9.2,0,18.60000038146973
,"Jeu, 23.08. 03:00",33.8,0,33.8,0,0,0,0,0,0,0,9.2,0,19
,"Jeu, 23.08. 04:00",105.9,0,105.9,0,0,0,0,0,0,0,28.9,0,19.10000038146973
,"Jeu, 23.08. 05:00",292,0,292,0,0,0,0,0,0,0,77.5,0,20.20000076293945
,"Jeu, 23.08. 06:00",824.6,0,824.6,0,0,0,0,0,0,0,205.6,0,22.60000038146973
,"Jeu, 23.08. 07:00",896,0,896,0,0,0,0,0,0,0,224,0,22.5
,"Jeu, 23.08. 08:00",779.7,0,779.7,0,0,0,0,0,0,0,200.4,0,21.5
,"Jeu, 23.08. 09:00",655.3,0,655.3,0,0,0,0,0,0,0,165.9,0,22
,"Jeu, 23.08. 10:00",535.2,0,535.2,0,0,0,0,0,0,0,125.1,0,25
,"Jeu, 23.08. 11:00",541.3,0,541.3,0,0,0,0,0,0,0,117.4,0,27.5
,"Jeu, 23.08. 12:00",475.5,0,475.5,0,0,0,0,0,0,0,101.6,0,28
,"Jeu, 23.08. 13:00",497.6,0,497.6,0,0,0,0,0,0,0,106.3,0,28
,"Jeu, 23.08. 14:00",438.4,0,438.4,0,0,0,0,0,0,0,93.7,0,28
,"Jeu, 23.08. 15:00",423.2,0,423.2,0,0,0,0,0,0,0,91.2,0,27.70000076293945
,"Jeu, 23.08. 16:00",471.9,0,471.9,0,0,0,0,0,0,0,104.9,0,26.70000076293945
,"Jeu, 23.08. 17:00",578.3,0,578.3,0,0,0,0,0,0,0,132.9,0,25.5
,"Jeu, 23.08. 18:00",654.1,0,654.1,0,0,0,0,0,0,0,158.4,0,23.70000076293945
,"Jeu, 23.08. 19:00",856.1,0,856.1,0,0,0,0,0,0,0,211.4,0,23
,"Jeu, 23.08. 20:00",929.5,0,929.5,0,0,0,0,0,0,0,229.5,0,23
,"Jeu, 23.08. 21:00",859.1,0,859.1,0,0,0,0,0,0,0,214.8,0,22.5
,"Jeu, 23.08. 22:00",450.3,0,450.3,0,0,0,0,0,0,0,114,0,22
,"Jeu, 23.08. 23:00",296.1,0,296.1,0,0,0,0,0,0,0,75.9,0,21.60000038146973
,"Ven, 24.08. 00:00",197.5,0,197.5,0,0,0,0,0,0,0,50.8,0,21.5
,"Ven, 24.08. 01:00",106.2,0,106.2,0,0,0,0,0,0,0,27.3,0,21.5
,"Ven, 24.08. 02:00",33.8,0,33.8,0,0,0,0,0,0,0,8.9,0,20.70000076293945
,"Ven, 24.08. 03:00",30.8,0,30.8,0,0,0,0,0,0,0,8.2,0,20.10000038146973
,"Ven, 24.08. 04:00",104.1,0,104.1,0,0,0,0,0,0,0,28.8,0,18.60000038146973
,"Ven, 24.08. 05:00",321.8,0,321.8,0,0,0,0,0,0,0,88.7,0,18.70000076293945
,"Ven, 24.08. 06:00",817.3,0,817.3,0,0,0,0,0,0,0,230.9,0,17.70000076293945
,"Ven, 24.08. 07:00",846.1,0,846.1,0,0,0,0,0,0,0,217.5,0,21.5
,"Ven, 24.08. 08:00",713.6,0,713.6,0,0,0,0,0,0,0,178,0,22.60000038146973
,"Ven, 24.08. 09:00",650.2,0,650.2,0,0,0,0,0,0,0,163.8,0,22.20000076293945
,"Ven, 24.08. 10:00",525,0,525,0,0,0,0,0,0,0,124.4,0,24.5
,"Ven, 24.08. 11:00",470.5,0,470.5,0,0,0,0,0,0,0,107.7,0,25.70000076293945
,"Ven, 24.08. 12:00",506.1,0,506.1,0,0,0,0,0,0,0,113,0,26.5
,"Ven, 24.08. 13:00",484,0,484,0,0,0,0,0,0,0,109,0,26.20000076293945
,"Ven, 24.08. 14:00",416.8,0,416.8,0,0,0,0,0,0,0,92.8,0,26.60000038146973
,"Ven, 24.08. 15:00",466.8,0,466.8,0,0,0,0,0,0,0,105.1,0,26.20000076293945
,"Ven, 24.08. 16:00",430.9,0,430.9,0,0,0,0,0,0,0,99,0,25.5
,"Ven, 24.08. 17:00",572.8,0,572.8,0,0,0,0,0,0,0,137.7,0,24
,"Ven, 24.08. 18:00",681.5,0,681.5,0,0,0,0,0,0,0,174.3,0,21.70000076293945
,"Ven, 24.08. 19:00",883.2,0,883.2,0,0,0,0,0,0,0,225.9,0,21.70000076293945
,"Ven, 24.08. 20:00",859.2,0,859.2,0,0,0,0,0,0,0,223.8,0,21
,"Ven, 24.08. 21:00",911.6,0,911.6,0,0,0,0,0,0,0,243.1,0,20
,"Ven, 24.08. 22:00",498.6,0,498.6,0,0,0,0,0,0,0,135.9,0,19.10000038146973
,"Ven, 24.08. 23:00",273.8,0,273.8,0,0,0,0,0,0,0,75.6,0,18.60000038146973
,"Sam, 25.08. 00:00",216.1,8,208.1,0,0,0,0,0,0,0,59.1,0,18.20000076293945
,"Sam, 25.08. 01:00",134.2,8.6,125.6,0,0,0,0,0,0,0,36.7,0,17.60000038146973
,"Sam, 25.08. 02:00",86.4,9.9,76.5,0,0,0,0,0,0,0,23.9,0,16.10000038146973
,"Sam, 25.08. 03:00",42.2,10.7,31.5,0,0,0,0,0,0,0,11,0,15.19999980926514
,"Sam, 25.08. 04:00",534.6,476.4,58.2,0,0,0,0,0,0,0,101.4,0,12.69999980926514
,"Sam, 25.08. 05:00",526.3,459.2,67.1,0,0,0,0,0,0,0,99.2,0,13.19999980926514
,"Sam, 25.08. 06:00",144.2,66.7,77.5,0,0,0,0,0,0,0,32.8,0,15.60000038146973
,"Sam, 25.08. 07:00",244.8,64.7,180.1,0,0,0,0,0,0,0,61.7,0,16.60000038146973
,"Sam, 25.08. 08:00",554.9,56.2,498.7,0,0,0,0,0,0,0,143.9,0,19.20000076293945
,"Sam, 25.08. 09:00",954.2,48.1,906.1,0,0,0,0,0,0,0,241.5,0,21.20000076293945
,"Sam, 25.08. 10:00",1090.3,47.6,1042.7,0,0,0,0,0,0,0,266,0,22.70000076293945
,"Sam, 25.08. 11:00",1164.1,47.5,1116.6,0,0,0,0,0,0,0,269.3,0,24.70000076293945
,"Sam, 25.08. 12:00",922.2,40.1,882.1,0,0,0,0,0,0,0,210.7,0,25.10000038146973
,"Sam, 25.08. 13:00",809,42,767,0,0,0,0,0,0,0,177,0,26.5
,"Sam, 25.08. 14:00",683.6,38.1,645.5,0,0,0,0,0,0,0,151.6,0,26
,"Sam, 25.08. 15:00",620.4,41.4,579,0,0,0,0,0,0,0,136.1,0,26.20000076293945
,"Sam, 25.08. 16:00",660.5,46.4,614.1,0,0,0,0,0,0,0,147.6,0,25.5
,"Sam, 25.08. 17:00",700.5,49,651.5,0,0,0,0,0,0,0,163.3,0,24
,"Sam, 25.08. 18:00",749.4,52.9,696.5,0,0,0,0,0,0,0,187.7,0,21.20000076293945
,"Sam, 25.08. 19:00",831.8,60,771.8,0,0,0,0,0,0,0,208.6,0,21.10000038146973
,"Sam, 25.08. 20:00",756.2,57.4,698.8,0,0,0,0,0,0,0,196,0,19.60000038146973
,"Sam, 25.08. 21:00",625.2,54.9,570.3,0,0,0,0,0,0,0,174.5,0,16.20000076293945
,"Sam, 25.08. 22:00",440.8,14.4,426.4,0,0,0,0,0,0,0,122.7,0,17.5
,"Sam, 25.08. 23:00",312.1,10.1,302,0,0,0,0,0,0,0,92,0,15.10000038146973
,"Dim, 26.08. 00:00",668.2,441.3,226.9,0,0,0,0,0,0,0,146.2,0,13.19999980926514
,"Dim, 26.08. 01:00",731.9,605.3,126.6,0,0,0,0,0,0,0,147,0,12.39999961853027
,"Dim, 26.08. 02:00",848.3,776.7,71.6,0,0,0,0,0,0,0,165.7,0,11.5
,"Dim, 26.08. 03:00",600.4,568.9,31.5,0,0,0,0,0,0,0,109.9,0,12.5
,"Dim, 26.08. 04:00",785.5,708.5,77,0,0,0,0,0,0,0,150.5,0,12.19999980926514
,"Dim, 26.08. 05:00",896.7,823.3,73.4,0,0,0,0,0,0,0,170.4,0,12
,"Dim, 26.08. 06:00",611.5,512.5,99,0,0,0,0,0,0,0,112.8,0,14.10000038146973
,"Dim, 26.08. 07:00",441.1,256,185.1,0,0,0,0,0,0,0,89.4,0,17.20000076293945
,"Dim, 26.08. 08:00",704.4,218.8,485.6,0,0,0,0,0,0,0,165.1,0,18.70000076293945
,"Dim, 26.08. 09:00",1183.6,208.9,974.7,0,0,0,0,0,0,0,285.4,0,20.60000038146973
,"Dim, 26.08. 10:00",1203.2,190.2,1013,0,0,0,0,0,0,0,287.1,0,21.5
,"Dim, 26.08. 11:00",1125.2,167.4,957.8,0,0,0,0,0,0,0,253.5,0,24
,"Dim, 26.08. 12:00",1066.2,166.1,900.1,0,0,0,0,0,0,0,244.3,0,23.20000076293945
,"Dim, 26.08. 13:00",926.9,169.7,757.2,0,0,0,0,0,0,0,193.9,0,26.20000076293945
,"Dim, 26.08. 14:00",815.2,161,654.2,0,0,0,0,0,0,0,176.3,0,24.70000076293945
,"Dim, 26.08. 15:00",750.6,170.8,579.8,0,0,0,0,0,0,0,156.9,0,25.5
,"Dim, 26.08. 16:00",732.5,177.7,554.8,0,0,0,0,0,0,0,149.9,0,26.10000038146973
,"Dim, 26.08. 17:00",806.1,193.9,612.2,0,0,0,0,0,0,0,169.5,0,25
,"Dim, 26.08. 18:00",914.9,218.8,696.1,0,0,0,0,0,0,0,197.5,0,23.89999961853027
,"Dim, 26.08. 19:00",1024.3,246.8,777.5,0,0,0,0,0,0,0,239.2,0,20.29999923706055
,"Dim, 26.08. 20:00",945.1,238.7,706.4,0,0,0,0,0,0,0,214.9,0,21.20000076293945
,"Dim, 26.08. 21:00",755,206.1,548.9,0,0,0,0,0,0,0,177,0,19
,"Dim, 26.08. 22:00",505.3,62.3,443,0,0,0,0,0,0,0,135.3,0,17.10000038146973
,"Dim, 26.08. 23:00",493.8,208.6,285.2,0,0,0,0,0,0,0,121.2,0,14.19999980926514
,"Lun, 27.08. 00:00",461,260.6,200.4,0,0,0,0,0,0,0,104.8,0,13.89999961853027
,"Lun, 27.08. 01:00",362.1,263.5,98.6,0,0,0,0,0,0,0,74.3,0,13.80000019073486
,"Lun, 27.08. 02:00",286,256.5,29.5,0,0,0,0,0,0,0,51.8,0,13.80000019073486
,"Lun, 27.08. 03:00",729.4,696.3,33.1,0,0,0,0,0,0,0,135.4,0,12
,"Lun, 27.08. 04:00",428.9,328.4,100.5,0,0,0,0,0,0,0,86.2,0,13.60000038146973
,"Lun, 27.08. 05:00",804.7,520.2,284.5,0,0,0,0,0,0,0,179,0,12.89999961853027
,"Lun, 27.08. 06:00",929,150.3,778.7,0,0,0,0,0,0,0,253.4,0,15.5
,"Lun, 27.08. 07:00",1009.7,151.5,858.2,0,0,0,0,0,0,0,263.6,0,17.70000076293945
,"Lun, 27.08. 08:00",870.9,124.4,746.5,0,0,0,0,0,0,0,209,0,21.60000038146973
,"Lun, 27.08. 09:00",713.3,109.8,603.5,0,0,0,0,0,0,0,159.3,0,24.20000076293945
,"Lun, 27.08. 10:00",634.3,101.6,532.7,0,0,0,0,0,0,0,132.3,0,26.70000076293945
,"Lun, 27.08. 11:00",572,94.5,477.5,0,0,0,0,0,0,0,112.6,0,28.70000076293945
,"Lun, 27.08. 12:00",582,93.6,488.4,0,0,0,0,0,0,0,110.2,0,30.10000038146973
,"Lun, 27.08. 13:00",536.3,88.6,447.7,0,0,0,0,0,0,0,101,0,30.20000076293945
,"Lun, 27.08. 14:00",510.2,87.1,423.1,0,0,0,0,0,0,0,97.4,0,29.70000076293945
,"Lun, 27.08. 15:00",498.1,90.2,407.9,0,0,0,0,0,0,0,94.7,0,29.70000076293945
,"Lun, 27.08. 16:00",543.4,97,446.4,0,0,0,0,0,0,0,107,0,28.5
,"Lun, 27.08. 17:00",716.5,111.2,605.3,0,0,0,0,0,0,0,149.6,0,26.70000076293945
,"Lun, 27.08. 18:00",806.3,122,684.3,0,0,0,0,0,0,0,176.4,0,25
,"Lun, 27.08. 19:00",1030.2,135,895.2,0,0,0,0,0,0,0,230.3,0,24.5
,"Lun, 27.08. 20:00",1061.1,135.4,925.7,0,0,0,0,0,0,0,242.1,0,23.70000076293945
,"Lun, 27.08. 21:00",1056.2,132.1,924.1,0,0,0,0,0,0,0,250,0,22.20000076293945
,"Lun, 27.08. 22:00",532.2,36.3,495.9,0,0,0,0,0,0,0,133.9,0,21
,"Lun, 27.08. 23:00",301.6,21.1,280.5,0,0,0,0,0,0,0,75.9,0,21
,"Mar, 28.08. 00:00",199,14,185,0,0,0,0,0,0,0,55.7,0,16.5
,"Mar, 28.08. 01:00",112.1,14.2,97.9,0,0,0,0,0,0,0,31.5,0,15.19999980926514
,"Mar, 28.08. 02:00",340,309,31,0,0,0,0,0,0,0,61.5,0,13.60000038146973
,"Mar, 28.08. 03:00",535.7,504.5,31.2,0,0,0,0,0,0,0,97.8,0,12.69999980926514
,"Mar, 28.08. 04:00",527.1,422.3,104.8,0,0,0,0,0,0,0,104.8,0,13.19999980926514
,"Mar, 28.08. 05:00",949.8,653,296.8,0,0,0,0,0,0,0,209.8,0,12.30000019073486
,"Mar, 28.08. 06:00",1019.2,138.9,880.3,0,0,0,0,0,0,0,284.6,0,15.10000038146973
,"Mar, 28.08. 07:00",993.6,125.7,867.9,0,0,0,0,0,0,0,265.9,0,17.20000076293945
,"Mar, 28.08. 08:00",866.5,103.9,762.6,0,0,0,0,0,0,0,225,0,18.70000076293945
,"Mar, 28.08. 09:00",729.9,94.7,635.2,0,0,0,0,0,0,0,176.6,0,21.5
,"Mar, 28.08. 10:00",654.8,88.3,566.5,0,0,0,0,0,0,0,152.2,0,23
,"Mar, 28.08. 11:00",609.3,84.9,524.4,0,0,0,0,0,0,0,134.2,0,25
,"Mar, 28.08. 12:00",559.2,75.8,483.4,0,0,0,0,0,0,0,124.8,0,24.60000038146973
,"Mar, 28.08. 13:00",565.5,79,486.5,0,0,0,0,0,0,0,117.5,0,27.10000038146973
,"Mar, 28.08. 14:00",542,78.1,463.9,0,0,0,0,0,0,0,110.7,0,27.70000076293945
,"Mar, 28.08. 15:00",544.5,83.7,460.8,0,0,0,0,0,0,0,110.8,0,27.70000076293945
,"Mar, 28.08. 16:00",548.6,82.9,465.7,0,0,0,0,0,0,0,112.3,0,27.5
,"Mar, 28.08. 17:00",656.2,85.9,570.3,0,0,0,0,0,0,0,140.7,0,26.10000038146973
,"Mar, 28.08. 18:00",708.1,90,618.1,0,0,0,0,0,0,0,161.9,0,23.70000076293945
,"Mar, 28.08. 19:00",900.5,99,801.5,0,0,0,0,0,0,0,213.2,0,22.60000038146973
,"Mar, 28.08. 20:00",1027.6,109.9,917.7,0,0,0,0,0,0,0,249.3,0,21.70000076293945
,"Mar, 28.08. 21:00",1014.2,106.1,908.1,0,0,0,0,0,0,0,264.1,0,18.70000076293945
,"Mar, 28.08. 22:00",547.1,31.6,515.5,0,0,0,0,0,0,0,150.2,0,17.5
,"Mar, 28.08. 23:00",295.1,17.1,278,0,0,0,0,0,0,0,83.8,0,16.20000076293945
,"Mer, 29.08. 00:00",216.4,21.4,195,0,0,0,0,0,0,0,60.2,0,16.20000076293945
,"Mer, 29.08. 01:00",435.7,334.7,101,0,0,0,0,0,0,0,87.8,0,13.5
,"Mer, 29.08. 02:00",364,333.2,30.8,0,0,0,0,0,0,0,65.8,0,13.5
,"Mer, 29.08. 03:00",609.7,577.3,32.4,0,0,0,0,0,0,0,111.7,0,12.5
,"Mer, 29.08. 04:00",867.7,762.7,105,0,0,0,0,0,0,0,172.5,0,11.69999980926514
,"Mer, 29.08. 05:00",771.2,488.8,282.4,0,0,0,0,0,0,0,171.6,0,13.10000038146973
,"Mer, 29.08. 06:00",1146.2,280.7,865.5,0,0,0,0,0,0,0,306.3,0,14.60000038146973
,"Mer, 29.08. 07:00",1028.1,174.6,853.5,0,0,0,0,0,0,0,273.1,0,16.60000038146973
,"Mer, 29.08. 08:00",932,150.4,781.6,0,0,0,0,0,0,0,238.1,0,18.5
,"Mer, 29.08. 09:00",714.1,123.8,590.3,0,0,0,0,0,0,0,174.6,0,20.10000038146973
,"Mer, 29.08. 10:00",663,119.1,543.9,0,0,0,0,0,0,0,159.5,0,20.60000038146973
,"Mer, 29.08. 11:00",687.8,127.1,560.7,0,0,0,0,0,0,0,163.1,0,21.20000076293945
,"Mer, 29.08. 12:00",639.4,115.1,524.3,0,0,0,0,0,0,0,153.8,0,20.70000076293945
,"Mer, 29.08. 13:00",591.5,109.8,481.7,0,0,0,0,0,0,0,143.9,0,20
,"Mer, 29.08. 14:00",572.9,109.5,463.4,0,0,0,0,0,0,0,140.8,0,19.5
,"Mer, 29.08. 15:00",494.3,100.3,394,0,0,0,0,0,0,0,123.4,0,18.5
,"Mer, 29.08. 16:00",597.5,119.7,477.8,0,0,0,0,0,0,0,150.4,0,18.10000038146973
,"Mer, 29.08. 17:00",700.4,122.9,577.5,0,0,0,0,0,0,0,180.4,0,17.70000076293945
,"Mer, 29.08. 18:00",803.4,137.1,666.3,0,0,0,0,0,0,0,210.6,0,17
,"Mer, 29.08. 19:00",1034.2,153.8,880.4,0,0,0,0,0,0,0,276.5,0,16.70000076293945
,"Mer, 29.08. 20:00",969.6,140.7,828.9,0,0,0,0,0,0,0,263.6,0,16.10000038146973
,"Mer, 29.08. 21:00",989.1,140.5,848.6,0,0,0,0,0,0,0,272.5,0,15.5
,"Mer, 29.08. 22:00",523.9,41.2,482.7,0,0,0,0,0,0,0,151.2,0,15
,"Mer, 29.08. 23:00",405.7,127.4,278.3,0,0,0,0,0,0,0,105.1,0,14.5
,"Jeu, 30.08. 00:00",378.1,186.9,191.2,0,0,0,0,0,0,0,89,0,14.19999980926514
,"Jeu, 30.08. 01:00",314.8,204.2,110.6,0,0,0,0,0,0,0,67.2,0,14.19999980926514
,"Jeu, 30.08. 02:00",221.8,190.5,31.3,0,0,0,0,0,0,0,40.7,0,14.19999980926514
,"Jeu, 30.08. 03:00",259.1,228.7,30.4,0,0,0,0,0,0,0,47,0,14
,"Jeu, 30.08. 04:00",324,230.2,93.8,0,0,0,0,0,0,0,66.7,0,14
,"Jeu, 30.08. 05:00",586.7,292,294.7,0,0,0,0,0,0,0,137.6,0,14.10000038146973
,"Jeu, 30.08. 06:00",1128.7,329.5,799.2,0,0,0,0,0,0,0,297.3,0,14.19999980926514
,"Jeu, 30.08. 07:00",1180.4,282.7,897.7,0,0,0,0,0,0,0,318.6,0,14.5
,"Jeu, 30.08. 08:00",932.7,195.4,737.3,0,0,0,0,0,0,0,254.7,0,14.69999980926514
,"Jeu, 30.08. 09:00",800.5,184.1,616.4,0,0,0,0,0,0,0,216.2,0,14.69999980926514
,"Jeu, 30.08. 10:00",741.3,180,561.3,0,0,0,0,0,0,0,198.8,0,14.69999980926514
,"Jeu, 30.08. 11:00",630.4,110.4,520,0,0,0,0,0,0,0,174,0,15
,"Jeu, 30.08. 12:00",621.1,106.1,515,0,0,0,0,0,0,0,167.4,0,16
,"Jeu, 30.08. 13:00",521,91.6,429.4,0,0,0,0,0,0,0,139.9,0,16.10000038146973
,"Jeu, 30.08. 14:00",566.9,102.6,464.3,0,0,0,0,0,0,0,151.5,0,16.20000076293945
,"Jeu, 30.08. 15:00",554.1,107,447.1,0,0,0,0,0,0,0,147,0,16.20000076293945
,"Jeu, 30.08. 16:00",596.5,113.3,483.2,0,0,0,0,0,0,0,158.5,0,16.20000076293945
,"Jeu, 30.08. 17:00",643.2,107.1,536.1,0,0,0,0,0,0,0,172.9,0,16.20000076293945
,"Jeu, 30.08. 18:00",780.1,126.2,653.9,0,0,0,0,0,0,0,212.7,0,15.69999980926514
,"Jeu, 30.08. 19:00",1048.9,201.6,847.3,0,0,0,0,0,0,0,288,0,14.69999980926514
,"Jeu, 30.08. 20:00",1152.4,250.4,902,0,0,0,0,0,0,0,314,0,14.5
,"Jeu, 30.08. 21:00",1184.2,308.2,876,0,0,0,0,0,0,0,317.3,0,14.19999980926514
,"Jeu, 30.08. 22:00",687.6,209.2,478.4,0,0,0,0,0,0,0,180.2,0,14.19999980926514
,"Jeu, 30.08. 23:00",513.5,231.8,281.7,0,0,0,0,0,0,0,124.6,0,14
,"Ven, 31.08. 00:00",598.3,406.8,191.5,0,0,0,0,0,0,0,128,0,13.5
,"Ven, 31.08. 01:00",600.9,494.7,106.2,0,0,0,0,0,0,0,117.9,0,13.19999980926514
,"Ven, 31.08. 02:00",520.2,488.5,31.7,0,0,0,0,0,0,0,93.4,0,13.19999980926514
,"Ven, 31.08. 03:00",482.6,453.9,28.7,0,0,0,0,0,0,0,86.3,0,13.19999980926514
,"Ven, 31.08. 04:00",697.9,597.9,100,0,0,0,0,0,0,0,134.2,0,13
,"Ven, 31.08. 05:00",1356.7,1073.6,283.1,0,0,0,0,0,0,0,281,0,12
,"Ven, 31.08. 06:00",2145.9,1396.3,749.6,0,0,0,0,0,0,0,492.3,0,11.60000038146973
,"Ven, 31.08. 07:00",2454.2,1563.6,890.6,0,0,0,0,0,0,0,573.2,0,11.60000038146973
,"Ven, 31.08. 08:00",2173.2,1412.4,760.8,0,0,0,0,0,0,0,508.5,0,11.5
,"Ven, 31.08. 09:00",1962.2,1357.6,604.6,0,0,0,0,0,0,0,451.4,0,11.19999980926514
,"Ven, 31.08. 10:00",1918.4,1361.8,556.6,0,0,0,0,0,0,0,436,0,11.19999980926514
,"Ven, 31.08. 11:00",1871.4,1329.6,541.8,0,0,0,0,0,0,0,421.1,0,11.5
,"Ven, 31.08. 12:00",1624.9,1073.5,551.4,0,0,0,0,0,0,0,363.2,0,12.69999980926514
,"Ven, 31.08. 13:00",1224.4,760.5,463.9,0,0,0,0,0,0,0,273,0,13.60000038146973
,"Ven, 31.08. 14:00",1176.7,711.9,464.8,0,0,0,0,0,0,0,262.2,0,14
,"Ven, 31.08. 15:00",921.9,491.9,430,0,0,0,0,0,0,0,207.7,0,15.10000038146973
,"Ven, 31.08. 16:00",1027,543,484,0,0,0,0,0,0,0,231,0,15.19999980926514
,"Ven, 31.08. 17:00",1238.9,647.6,591.3,0,0,0,0,0,0,0,284,0,14.60000038146973
,"Ven, 31.08. 18:00",1758.9,1110.7,648.2,0,0,0,0,0,0,0,400.4,0,12.5
,"Ven, 31.08. 19:00",2205.1,1322.1,883,0,0,0,0,0,0,0,516.9,0,12.10000038146973
,"Ven, 31.08. 20:00",2274.7,1352.9,921.8,0,0,0,0,0,0,0,535.3,0,12
,"Ven, 31.08. 21:00",1902.6,1086.3,816.3,0,0,0,0,0,0,0,444.3,0,12.60000038146973
,"Ven, 31.08. 22:00",1097.7,584.7,513,0,0,0,0,0,0,0,257.8,0,13.30000019073486
,"Ven, 31.08. 23:00",615.8,345,270.8,0,0,0,0,0,0,0,140.8,0,13.80000019073486
,"Sam, 01.09. 00:00",491.6,283.6,208,0,0,0,0,0,0,0,111.4,0,13.80000019073486
,"Sam, 01.09. 01:00",495.5,373.9,121.6,0,0,0,0,0,0,0,101.1,0,13.39999961853027
,"Sam, 01.09. 02:00",510.4,441.7,68.7,0,0,0,0,0,0,0,97.6,0,13
,"Sam, 01.09. 03:00",555.8,524.6,31.2,0,0,0,0,0,0,0,101.2,0,12.69999980926514
,"Sam, 01.09. 04:00",520.2,458.1,62.1,0,0,0,0,0,0,0,97.5,0,13.19999980926514
,"Sam, 01.09. 05:00",480.7,420.7,60,0,0,0,0,0,0,0,87.2,0,13.89999961853027
,"Sam, 01.09. 06:00",905.1,823.6,81.5,0,0,0,0,0,0,0,167.3,0,12.69999980926514
,"Sam, 01.09. 07:00",574.6,388.8,185.8,0,0,0,0,0,0,0,118.6,0,14.69999980926514
,"Sam, 01.09. 08:00",788.9,280.4,508.5,0,0,0,0,0,0,0,194.9,0,15.60000038146973
,"Sam, 01.09. 09:00",1200.4,247.5,952.9,0,0,0,0,0,0,0,309.6,0,17
,"Sam, 01.09. 10:00",1202.7,220.2,982.5,0,0,0,0,0,0,0,298.9,0,19.10000038146973
,"Sam, 01.09. 11:00",1338.2,230.7,1107.5,0,0,0,0,0,0,0,323.1,0,20.70000076293945
,"Sam, 01.09. 12:00",1158.2,210.9,947.3,0,0,0,0,0,0,0,270.6,0,21.89999961853027
,"Sam, 01.09. 13:00",1010.9,213,797.9,0,0,0,0,0,0,0,235.5,0,21.39999961853027
,"Sam, 01.09. 14:00",875.3,196.2,679.1,0,0,0,0,0,0,0,199,0,22.10000038146973
,"Sam, 01.09. 15:00",788,204.2,583.8,0,0,0,0,0,0,0,180.7,0,21
,"Sam, 01.09. 16:00",809.7,218.8,590.9,0,0,0,0,0,0,0,183.6,0,21.20000076293945
,"Sam, 01.09. 17:00",801.1,215,586.1,0,0,0,0,0,0,0,185.3,0,20.20000076293945
,"Sam, 01.09. 18:00",955.5,259.1,696.4,0,0,0,0,0,0,0,235.7,0,17.20000076293945
,"Sam, 01.09. 19:00",1116.1,306.9,809.2,0,0,0,0,0,0,0,289.9,0,15.10000038146973
,"Sam, 01.09. 20:00",1142.8,458.7,684.1,0,0,0,0,0,0,0,283.5,0,14.10000038146973
,"Sam, 01.09. 21:00",1285.8,715.6,570.2,0,0,0,0,0,0,0,301.2,0,12.89999961853027
,"Sam, 01.09. 22:00",902.1,467.1,435,0,0,0,0,0,0,0,215.5,0,13.10000038146973
,"Sam, 01.09. 23:00",911.9,615.9,296,0,0,0,0,0,0,0,203.2,0,12.30000019073486
,"Dim, 02.09. 00:00",1146.8,937.1,209.7,0,0,0,0,0,0,0,245.7,0,10.89999961853027
,"Dim, 02.09. 01:00",1371.2,1243.4,127.8,0,0,0,0,0,0,0,288.1,0,9.800000190734863
,"Dim, 02.09. 02:00",1382.6,1312.7,69.9,0,0,0,0,0,0,0,289.6,0,9.100000381469727
,"Dim, 02.09. 03:00",1507.1,1473.5,33.6,0,0,0,0,0,0,0,310.8,0,9
,"Dim, 02.09. 04:00",1723,1643.7,79.3,0,0,0,0,0,0,0,363.3,0,8.800000190734863
,"Dim, 02.09. 05:00",1927.3,1852.9,74.4,0,0,0,0,0,0,0,404.6,0,8.600000381469727
,"Dim, 02.09. 06:00",2066.9,1972.6,94.3,0,0,0,0,0,0,0,420.8,0,9.399999618530273
,"Dim, 02.09. 07:00",1657.9,1457.4,200.5,0,0,0,0,0,0,0,331.6,0,11.60000038146973
,"Dim, 02.09. 08:00",1300.6,815.1,485.5,0,0,0,0,0,0,0,288.9,0,13.80000019073486
,"Dim, 02.09. 09:00",1471.2,523.9,947.3,0,0,0,0,0,0,0,364.7,0,15.5
,"Dim, 02.09. 10:00",1563.3,509.8,1053.5,0,0,0,0,0,0,0,373.3,0,17.39999961853027
,"Dim, 02.09. 11:00",1615.7,502.7,1113,0,0,0,0,0,0,0,376.7,0,18.89999961853027
,"Dim, 02.09. 12:00",1425.5,459.9,965.6,0,0,0,0,0,0,0,317.9,0,20.79999923706055
,"Dim, 02.09. 13:00",1219.4,447,772.4,0,0,0,0,0,0,0,256.4,0,22.39999961853027
,"Dim, 02.09. 14:00",1167.2,453.7,713.5,0,0,0,0,0,0,0,241.5,0,22.70000076293945
,"Dim, 02.09. 15:00",1011.1,437,574.1,0,0,0,0,0,0,0,202.7,0,23.10000038146973
,"Dim, 02.09. 16:00",1023.2,463.2,560,0,0,0,0,0,0,0,204.5,0,22.60000038146973
,"Dim, 02.09. 17:00",1112.4,500.3,612.1,0,0,0,0,0,0,0,229.2,0,21
,"Dim, 02.09. 18:00",1235.4,553.1,682.3,0,0,0,0,0,0,0,266.6,0,18.39999961853027
,"Dim, 02.09. 19:00",1362.2,613.4,748.8,0,0,0,0,0,0,0,294.2,0,18
,"Dim, 02.09. 20:00",1374.7,640,734.7,0,0,0,0,0,0,0,309.8,0,16
,"Dim, 02.09. 21:00",1148.6,564.9,583.7,0,0,0,0,0,0,0,251.4,0,16.20000076293945
,"Dim, 02.09. 22:00",747.7,282.3,465.4,0,0,0,0,0,0,0,186.3,0,14.5
,"Dim, 02.09. 23:00",841.7,536.5,305.2,0,0,0,0,0,0,0,187.6,0,13.10000038146973
,"Lun, 03.09. 00:00",808.5,616,192.5,0,0,0,0,0,0,0,170.5,0,12.30000019073486
,"Lun, 03.09. 01:00",798.7,700.1,98.6,0,0,0,0,0,0,0,158.6,0,11.80000019073486
,"Lun, 03.09. 02:00",650.6,618.6,32,0,0,0,0,0,0,0,119.4,0,12.39999961853027
,"Lun, 03.09. 03:00",1056.5,1022.1,34.4,0,0,0,0,0,0,0,203.8,0,10.89999961853027
,"Lun, 03.09. 04:00",1293,1190.3,102.7,0,0,0,0,0,0,0,267.8,0,9.899999618530273
,"Lun, 03.09. 05:00",1639.8,1337.2,302.6,0,0,0,0,0,0,0,359.4,0,10.10000038146973
,"Lun, 03.09. 06:00",2017.3,1213.2,804.1,0,0,0,0,0,0,0,484.7,0,11.19999980926514
,"Lun, 03.09. 07:00",1606.7,790.3,816.4,0,0,0,0,0,0,0,391.3,0,13.10000038146973
,"Lun, 03.09. 08:00",1147.9,368.5,779.4,0,0,0,0,0,0,0,292.4,0,15.30000019073486
,"Lun, 03.09. 09:00",920.4,313.2,607.2,0,0,0,0,0,0,0,222.2,0,16.79999923706055
,"Lun, 03.09. 10:00",818.2,287.3,530.9,0,0,0,0,0,0,0,188.7,0,18.39999961853027
,"Lun, 03.09. 11:00",840.6,301.8,538.8,0,0,0,0,0,0,0,185.9,0,20.20000076293945
,"Lun, 03.09. 12:00",821.6,288.4,533.2,0,0,0,0,0,0,0,178.6,0,21.29999923706055
,"Lun, 03.09. 13:00",696.5,250.2,446.3,0,0,0,0,0,0,0,148,0,22.10000038146973
,"Lun, 03.09. 14:00",745.1,273.9,471.2,0,0,0,0,0,0,0,155,0,23
,"Lun, 03.09. 15:00",775,298.8,476.2,0,0,0,0,0,0,0,159.2,0,23.10000038146973
,"Lun, 03.09. 16:00",786.1,299.9,486.2,0,0,0,0,0,0,0,165.1,0,22
,"Lun, 03.09. 17:00",913.5,313.6,599.9,0,0,0,0,0,0,0,200.4,0,20.89999961853027
,"Lun, 03.09. 18:00",980.8,329.4,651.4,0,0,0,0,0,0,0,222.2,0,19.39999961853027
,"Lun, 03.09. 19:00",1192,357.7,834.3,0,0,0,0,0,0,0,282.8,0,18
,"Lun, 03.09. 20:00",1233.7,362.4,871.3,0,0,0,0,0,0,0,300.3,0,17
,"Lun, 03.09. 21:00",1250.8,360.9,889.9,0,0,0,0,0,0,0,303.1,0,17.20000076293945
,"Lun, 03.09. 22:00",611.6,106.1,505.5,0,0,0,0,0,0,0,164.1,0,15.89999961853027
,"Lun, 03.09. 23:00",398.3,120.7,277.6,0,0,0,0,0,0,0,103.1,0,14.69999980926514
,"Mar, 04.09. 00:00",429.6,226.9,202.7,0,0,0,0,0,0,0,99.3,0,14.10000038146973
,"Mar, 04.09. 01:00",540.2,443.4,96.8,0,0,0,0,0,0,0,107.2,0,12.89999961853027
,"Mar, 04.09. 02:00",421.5,389.9,31.6,0,0,0,0,0,0,0,76.2,0,13.30000019073486
,"Mar, 04.09. 03:00",579.2,547.5,31.7,0,0,0,0,0,0,0,105.8,0,12.60000038146973
,"Mar, 04.09. 04:00",704.6,608,96.6,0,0,0,0,0,0,0,138.9,0,12.19999980926514
,"Mar, 04.09. 05:00",1011.9,720.6,291.3,0,0,0,0,0,0,0,220.3,0,12.19999980926514
,"Mar, 04.09. 06:00",1712.2,856.1,856.1,0,0,0,0,0,0,0,423.6,0,12.19999980926514
,"Mar, 04.09. 07:00",1181.2,251.2,930,0,0,0,0,0,0,0,310.8,0,16
,"Mar, 04.09. 08:00",979.2,198.5,780.7,0,0,0,0,0,0,0,256.5,0,16.5
,"Mar, 04.09. 09:00",809.1,175.7,633.4,0,0,0,0,0,0,0,201,0,18.29999923706055
,"Mar, 04.09. 10:00",729.5,164.1,565.4,0,0,0,0,0,0,0,174.3,0,19.89999961853027
,"Mar, 04.09. 11:00",708.3,163.4,544.9,0,0,0,0,0,0,0,165.2,0,20.89999961853027
,"Mar, 04.09. 12:00",675.8,152.1,523.7,0,0,0,0,0,0,0,156.3,0,21.39999961853027
,"Mar, 04.09. 13:00",695.2,161,534.2,0,0,0,0,0,0,0,157.4,0,22.10000038146973
,"Mar, 04.09. 14:00",607.4,144.7,462.7,0,0,0,0,0,0,0,138,0,21.89999961853027
,"Mar, 04.09. 15:00",590.6,149.1,441.5,0,0,0,0,0,0,0,127.6,0,23.70000076293945
,"Mar, 04.09. 16:00",635.3,158.1,477.2,0,0,0,0,0,0,0,137.7,0,23.60000038146973
,"Mar, 04.09. 17:00",778,171,607,0,0,0,0,0,0,0,173,0,23.10000038146973
,"Mar, 04.09. 18:00",838.3,179.6,658.7,0,0,0,0,0,0,0,194.4,0,21.39999961853027
,"Mar, 04.09. 19:00",1104.3,207.3,897,0,0,0,0,0,0,0,278.2,0,18.20000076293945
,"Mar, 04.09. 20:00",1113.3,204.2,909.1,0,0,0,0,0,0,0,288.7,0,17.10000038146973
,"Mar, 04.09. 21:00",1118,200.7,917.3,0,0,0,0,0,0,0,287.4,0,17.39999961853027
,"Mar, 04.09. 22:00",542.1,55.2,486.9,0,0,0,0,0,0,0,150.7,0,16
,"Mar, 04.09. 23:00",326,33.4,292.6,0,0,0,0,0,0,0,90.7,0,16
,"Mer, 05.09. 00:00",199,5.9,193.1,0,0,0,0,0,0,0,58.9,0,15
,"Mer, 05.09. 01:00",243.2,137.2,106,0,0,0,0,0,0,0,54.5,0,14.39999961853027
,"Mer, 05.09. 02:00",36.9,6.5,30.4,0,0,0,0,0,0,0,10.1,0,15.30000019073486
,"Mer, 05.09. 03:00",39.4,8.2,31.2,0,0,0,0,0,0,0,10.6,0,15.19999980926514
,"Mer, 05.09. 04:00",203.8,98.8,105,0,0,0,0,0,0,0,47.7,0,14.60000038146973
,"Mer, 05.09. 05:00",579.5,273.1,306.4,0,0,0,0,0,0,0,139.4,0,13.89999961853027
,"Mer, 05.09. 06:00",966.6,100.8,865.8,0,0,0,0,0,0,0,276.5,0,14.80000019073486
,"Mer, 05.09. 07:00",915.1,52.5,862.6,0,0,0,0,0,0,0,258.5,0,16.39999961853027
,"Mer, 05.09. 08:00",834.8,45.3,789.5,0,0,0,0,0,0,0,237.8,0,16.20000076293945
,"Mer, 05.09. 09:00",720.4,42.3,678.1,0,0,0,0,0,0,0,202.3,0,16.70000076293945
,"Mer, 05.09. 10:00",615.1,37.5,577.6,0,0,0,0,0,0,0,168.1,0,17.79999923706055
,"Mer, 05.09. 11:00",560,35.4,524.6,0,0,0,0,0,0,0,143.8,0,20.29999923706055
,"Mer, 05.09. 12:00",531.7,33.1,498.6,0,0,0,0,0,0,0,137.6,0,20
,"Mer, 05.09. 13:00",520.4,33.5,486.9,0,0,0,0,0,0,0,130.5,0,21.29999923706055
,"Mer, 05.09. 14:00",482,32.1,449.9,0,0,0,0,0,0,0,119.9,0,21.60000038146973
,"Mer, 05.09. 15:00",523.3,36.7,486.6,0,0,0,0,0,0,0,127.7,0,22.20000076293945
,"Mer, 05.09. 16:00",498.5,34.7,463.8,0,0,0,0,0,0,0,124.1,0,21.5
,"Mer, 05.09. 17:00",665.7,39.6,626.1,0,0,0,0,0,0,0,179,0,18.5
,"Mer, 05.09. 18:00",656.5,37.7,618.8,0,0,0,0,0,0,0,181.1,0,17.39999961853027
,"Mer, 05.09. 19:00",953.8,47.2,906.6,0,0,0,0,0,0,0,270.4,0,16.39999961853027
,"Mer, 05.09. 20:00",956.3,45.8,910.5,0,0,0,0,0,0,0,278.7,0,15.30000019073486
,"Mer, 05.09. 21:00",970.3,86.5,883.8,0,0,0,0,0,0,0,279.7,0,14.80000019073486
,"Mer, 05.09. 22:00",542.9,55.4,487.5,0,0,0,0,0,0,0,155.6,0,14.80000019073486
,"Mer, 05.09. 23:00",510.4,194.1,316.3,0,0,0,0,0,0,0,128.4,0,14.19999980926514
,"Jeu, 06.09. 00:00",311,115.8,195.2,0,0,0,0,0,0,0,78,0,14.5
,"Jeu, 06.09. 01:00",306.8,202.6,104.2,0,0,0,0,0,0,0,65.2,0,14.10000038146973
,"Jeu, 06.09. 02:00",324.1,291.8,32.3,0,0,0,0,0,0,0,58.8,0,13.69999980926514
,"Jeu, 06.09. 03:00",307.3,274.7,32.6,0,0,0,0,0,0,0,55.8,0,13.80000019073486
,"Jeu, 06.09. 04:00",310.7,208.5,102.2,0,0,0,0,0,0,0,65.5,0,14.10000038146973
,"Jeu, 06.09. 05:00",513.5,230.8,282.7,0,0,0,0,0,0,0,124.1,0,14.10000038146973
,"Jeu, 06.09. 06:00",895.1,87.4,807.7,0,0,0,0,0,0,0,255.1,0,15.10000038146973
,"Jeu, 06.09. 07:00",949.3,85.7,863.6,0,0,0,0,0,0,0,262.9,0,16.60000038146973
,"Jeu, 06.09. 08:00",856.1,73,783.1,0,0,0,0,0,0,0,231.7,0,17.60000038146973
,"Jeu, 06.09. 09:00",672,61.9,610.1,0,0,0,0,0,0,0,175.5,0,19
,"Jeu, 06.09. 10:00",633.9,60.9,573,0,0,0,0,0,0,0,158.5,0,20.79999923706055
,"Jeu, 06.09. 11:00",553.8,54.9,498.9,0,0,0,0,0,0,0,131.5,0,22.79999923706055
,"Jeu, 06.09. 12:00",615.7,59.4,556.3,0,0,0,0,0,0,0,138.5,0,24.89999961853027
,"Jeu, 06.09. 13:00",562.8,56,506.8,0,0,0,0,0,0,0,124.8,0,25.39999961853027
,"Jeu, 06.09. 14:00",542.8,55.7,487.1,0,0,0,0,0,0,0,117.4,0,26.20000076293945
,"Jeu, 06.09. 15:00",512.6,56.4,456.2,0,0,0,0,0,0,0,110.5,0,26.20000076293945
,"Jeu, 06.09. 16:00",526.1,56.8,469.3,0,0,0,0,0,0,0,115.4,0,25.60000038146973
,"Jeu, 06.09. 17:00",651.4,61,590.4,0,0,0,0,0,0,0,149.6,0,24.10000038146973
,"Jeu, 06.09. 18:00",734.1,66.7,667.4,0,0,0,0,0,0,0,179.8,0,21.70000076293945
,"Jeu, 06.09. 19:00",947.3,74,873.3,0,0,0,0,0,0,0,246.1,0,19.5
,"Jeu, 06.09. 20:00",947.5,72.2,875.3,0,0,0,0,0,0,0,248.2,0,19.20000076293945
,"Jeu, 06.09. 21:00",993.9,73.9,920,0,0,0,0,0,0,0,261.8,0,18.89999961853027
,"Jeu, 06.09. 22:00",498.8,20.2,478.6,0,0,0,0,0,0,0,138.2,0,17.5
,"Jeu, 06.09. 23:00",300.1,12.2,287.9,0,0,0,0,0,0,0,85.2,0,16.60000038146973
,"Ven, 07.09. 00:00",211.6,10.3,201.3,0,0,0,0,0,0,0,61.9,0,15.10000038146973
,"Ven, 07.09. 01:00",116.8,10.4,106.4,0,0,0,0,0,0,0,33.5,0,15.10000038146973
,"Ven, 07.09. 02:00",65.5,32.8,32.7,0,0,0,0,0,0,0,15.1,0,14.89999961853027
,"Ven, 07.09. 03:00",267.6,234.3,33.3,0,0,0,0,0,0,0,48.9,0,14
,"Ven, 07.09. 04:00",321.3,215.1,106.2,0,0,0,0,0,0,0,67.8,0,14.10000038146973
,"Ven, 07.09. 05:00",838.4,521.8,316.6,0,0,0,0,0,0,0,189.6,0,12.89999961853027
,"Ven, 07.09. 06:00",1182,321.7,860.3,0,0,0,0,0,0,0,317.6,0,13.89999961853027
,"Ven, 07.09. 07:00",933.5,77.2,856.3,0,0,0,0,0,0,0,258.8,0,16.70000076293945
,"Ven, 07.09. 08:00",842.6,65.7,776.9,0,0,0,0,0,0,0,221.7,0,19
,"Ven, 07.09. 09:00",653.3,55.1,598.2,0,0,0,0,0,0,0,164.4,0,20.79999923706055
,"Ven, 07.09. 10:00",579.8,51.3,528.5,0,0,0,0,0,0,0,144.1,0,21.20000076293945
,"Ven, 07.09. 11:00",614.6,55.7,558.9,0,0,0,0,0,0,0,143.7,0,23.5
,"Ven, 07.09. 12:00",594.4,52.8,541.6,0,0,0,0,0,0,0,133.3,0,25.10000038146973
,"Ven, 07.09. 13:00",515.3,46.8,468.5,0,0,0,0,0,0,0,109.9,0,26.89999961853027
,"Ven, 07.09. 14:00",508.4,47.7,460.7,0,0,0,0,0,0,0,108.3,0,26.89999961853027
,"Ven, 07.09. 15:00",493.4,49.9,443.5,0,0,0,0,0,0,0,107.4,0,26
,"Ven, 07.09. 16:00",548.4,54.6,493.8,0,0,0,0,0,0,0,117.2,0,26.70000076293945
,"Ven, 07.09. 17:00",653.6,56.1,597.5,0,0,0,0,0,0,0,147.9,0,24.79999923706055
,"Ven, 07.09. 18:00",692.4,57.9,634.5,0,0,0,0,0,0,0,165.7,0,22.70000076293945
,"Ven, 07.09. 19:00",914.2,65.7,848.5,0,0,0,0,0,0,0,238.3,0,19.5
,"Ven, 07.09. 20:00",962,66.9,895.1,0,0,0,0,0,0,0,259,0,18.10000038146973
,"Ven, 07.09. 21:00",951,64.8,886.2,0,0,0,0,0,0,0,255.4,0,18.20000076293945
,"Ven, 07.09. 22:00",488.2,18.2,470,0,0,0,0,0,0,0,139.6,0,16.29999923706055
,"Ven, 07.09. 23:00",296.5,11.3,285.2,0,0,0,0,0,0,0,86.9,0,15.30000019073486
,"Sam, 08.09. 00:00",320.1,112.1,208,0,0,0,0,0,0,0,81.3,0,14.5
,"Sam, 08.09. 01:00",244.2,118.6,125.6,0,0,0,0,0,0,0,57.4,0,14.5
,"Sam, 08.09. 02:00",339,266,73,0,0,0,0,0,0,0,66.8,0,13.80000019073486
,"Sam, 08.09. 03:00",185.4,151.1,34.3,0,0,0,0,0,0,0,34.9,0,14.39999961853027
,"Sam, 08.09. 04:00",252.1,190,62.1,0,0,0,0,0,0,0,50,0,14.19999980926514
,"Sam, 08.09. 05:00",527.2,461.3,65.9,0,0,0,0,0,0,0,99.1,0,13.19999980926514
,"Sam, 08.09. 06:00",275.6,196.5,79.1,0,0,0,0,0,0,0,55.2,0,14.5
,"Sam, 08.09. 07:00",265.4,89.1,176.3,0,0,0,0,0,0,0,64.3,0,16.5
,"Sam, 08.09. 08:00",584.3,80.2,504.1,0,0,0,0,0,0,0,150,0,18.79999923706055
,"Sam, 08.09. 09:00",974.4,68.1,906.3,0,0,0,0,0,0,0,246.3,0,20.89999961853027
,"Sam, 08.09. 10:00",1013.5,61.7,951.8,0,0,0,0,0,0,0,243.6,0,23
,"Sam, 08.09. 11:00",1129.9,64.3,1065.6,0,0,0,0,0,0,0,252.2,0,25.79999923706055
,"Sam, 08.09. 12:00",998.7,60.2,938.5,0,0,0,0,0,0,0,212.3,0,27.39999961853027
,"Sam, 08.09. 13:00",843.2,60.3,782.9,0,0,0,0,0,0,0,178.5,0,27.39999961853027
,"Sam, 08.09. 14:00",751.2,57.9,693.3,0,0,0,0,0,0,0,157.4,0,27.70000076293945
,"Sam, 08.09. 15:00",643,59.1,583.9,0,0,0,0,0,0,0,133.1,0,27.89999961853027
,"Sam, 08.09. 16:00",641.3,62.1,579.2,0,0,0,0,0,0,0,136.1,0,27
,"Sam, 08.09. 17:00",691.5,66.3,625.2,0,0,0,0,0,0,0,155.1,0,25
,"Sam, 08.09. 18:00",802.8,77.8,725,0,0,0,0,0,0,0,193.3,0,22.20000076293945
,"Sam, 08.09. 19:00",873.9,86.2,787.7,0,0,0,0,0,0,0,210.6,0,22.10000038146973
,"Sam, 08.09. 20:00",803.9,83.6,720.3,0,0,0,0,0,0,0,198.2,0,21.10000038146973
,"Sam, 08.09. 21:00",667.8,79.8,588,0,0,0,0,0,0,0,174.3,0,18.20000076293945
,"Sam, 08.09. 22:00",480.5,22.5,458,0,0,0,0,0,0,0,128.7,0,18.79999923706055
,"Sam, 08.09. 23:00",323.1,13.7,309.4,0,0,0,0,0,0,0,88.3,0,18.10000038146973
,"Dim, 09.09. 00:00",227.3,0,227.3,0,0,0,0,0,0,0,63.1,0,18.29999923706055
,"Dim, 09.09. 01:00",119,0,119,0,0,0,0,0,0,0,33.6,0,17.70000076293945
,"Dim, 09.09. 02:00",70.7,0,70.7,0,0,0,0,0,0,0,20.7,0,16.20000076293945
,"Dim, 09.09. 03:00",30.4,0,30.4,0,0,0,0,0,0,0,8.7,0,17.20000076293945
,"Dim, 09.09. 04:00",74.4,0,74.4,0,0,0,0,0,0,0,21.4,0,16.79999923706055
,"Dim, 09.09. 05:00",78.7,0,78.7,0,0,0,0,0,0,0,22.8,0,16.70000076293945
,"Dim, 09.09. 06:00",92.5,0,92.5,0,0,0,0,0,0,0,26.6,0,16.89999961853027
,"Dim, 09.09. 07:00",198.7,0,198.7,0,0,0,0,0,0,0,56.3,0,17.5
,"Dim, 09.09. 08:00",536,0,536,0,0,0,0,0,0,0,149.3,0,18.20000076293945
,"Dim, 09.09. 09:00",938.2,0,938.2,0,0,0,0,0,0,0,255.6,0,19.10000038146973
,"Dim, 09.09. 10:00",1074.7,0,1074.7,0,0,0,0,0,0,0,282.1,0,20.60000038146973
,"Dim, 09.09. 11:00",1094,0,1094,0,0,0,0,0,0,0,282.7,0,21.29999923706055
,"Dim, 09.09. 12:00",966.2,0,966.2,0,0,0,0,0,0,0,243.4,0,22.20000076293945
,"Dim, 09.09. 13:00",834.3,0,834.3,0,0,0,0,0,0,0,206.5,0,22.89999961853027
,"Dim, 09.09. 14:00",701.3,0,701.3,0,0,0,0,0,0,0,173.2,0,23
,"Dim, 09.09. 15:00",550.7,0,550.7,0,0,0,0,0,0,0,138,0,22.39999961853027
,"Dim, 09.09. 16:00",577.7,0,577.7,0,0,0,0,0,0,0,149.3,0,21.29999923706055
,"Dim, 09.09. 17:00",662.9,0,662.9,0,0,0,0,0,0,0,175.8,0,20.20000076293945
,"Dim, 09.09. 18:00",669.1,0,669.1,0,0,0,0,0,0,0,181.3,0,19.39999961853027
,"Dim, 09.09. 19:00",756.7,0,756.7,0,0,0,0,0,0,0,210.8,0,18.20000076293945
,"Dim, 09.09. 20:00",686,0,686,0,0,0,0,0,0,0,192.2,0,18
,"Dim, 09.09. 21:00",578.2,0,578.2,0,0,0,0,0,0,0,165.2,0,17.20000076293945
,"Dim, 09.09. 22:00",456.9,0,456.9,0,0,0,0,0,0,0,132.8,0,16.39999961853027
,"Dim, 09.09. 23:00",293.9,0,293.9,0,0,0,0,0,0,0,85.2,0,16.5
,"Lun, 10.09. 00:00",192.6,0,192.6,0,0,0,0,0,0,0,55.8,0,16.5
,"Lun, 10.09. 01:00",105,0,105,0,0,0,0,0,0,0,30.2,0,16.89999961853027
,"Lun, 10.09. 02:00",32,0,32,0,0,0,0,0,0,0,9.3,0,16.70000076293945
,"Lun, 10.09. 03:00",31.7,0,31.7,0,0,0,0,0,0,0,9.2,0,16.70000076293945
,"Lun, 10.09. 04:00",104.9,0,104.9,0,0,0,0,0,0,0,30.4,0,16.60000038146973
,"Lun, 10.09. 05:00",299.6,0,299.6,0,0,0,0,0,0,0,86.8,0,16.5
,"Lun, 10.09. 06:00",872.6,0,872.6,0,0,0,0,0,0,0,250,0,17
,"Lun, 10.09. 07:00",869,0,869,0,0,0,0,0,0,0,247.6,0,17.29999923706055
,"Lun, 10.09. 08:00",795.5,0,795.5,0,0,0,0,0,0,0,219.8,0,18.60000038146973
,"Lun, 10.09. 09:00",633,0,633,0,0,0,0,0,0,0,169.2,0,19.89999961853027
,"Lun, 10.09. 10:00",553.6,0,553.6,0,0,0,0,0,0,0,142.7,0,21.39999961853027
,"Lun, 10.09. 11:00",491.6,0,491.6,0,0,0,0,0,0,0,122.9,0,22.5
,"Lun, 10.09. 12:00",492.5,0,492.5,0,0,0,0,0,0,0,117,0,24.39999961853027
,"Lun, 10.09. 13:00",480.6,0,480.6,0,0,0,0,0,0,0,112.6,0,24.89999961853027
,"Lun, 10.09. 14:00",476,0,476,0,0,0,0,0,0,0,109.4,0,25.5
,"Lun, 10.09. 15:00",432.3,0,432.3,0,0,0,0,0,0,0,102.7,0,24.39999961853027
,"Lun, 10.09. 16:00",486.6,0,486.6,0,0,0,0,0,0,0,117,0,24
,"Lun, 10.09. 17:00",612.5,0,612.5,0,0,0,0,0,0,0,155.1,0,22
,"Lun, 10.09. 18:00",699.1,0,699.1,0,0,0,0,0,0,0,182.1,0,21
,"Lun, 10.09. 19:00",905.2,0,905.2,0,0,0,0,0,0,0,242.7,0,19.79999923706055
,"Lun, 10.09. 20:00",982,0,982,0,0,0,0,0,0,0,272,0,18.5
,"Lun, 10.09. 21:00",864,0,864,0,0,0,0,0,0,0,239.3,0,18.5
,"Lun, 10.09. 22:00",511,0,511,0,0,0,0,0,0,0,146.8,0,16.89999961853027
,"Lun, 10.09. 23:00",315.8,0,315.8,0,0,0,0,0,0,0,92.6,0,16.10000038146973
,"Mar, 11.09. 00:00",200.9,0.1,200.8,0,0,0,0,0,0,0,59.4,0,15.69999980926514
,"Mar, 11.09. 01:00",103.4,0.1,103.3,0,0,0,0,0,0,0,30.2,0,16.20000076293945
,"Mar, 11.09. 02:00",31.9,0.1,31.8,0,0,0,0,0,0,0,9.4,0,15.80000019073486
,"Mar, 11.09. 03:00",35.3,0.1,35.2,0,0,0,0,0,0,0,10.3,0,16.20000076293945
,"Mar, 11.09. 04:00",102.2,0.3,101.9,0,0,0,0,0,0,0,29.6,0,16.5
,"Mar, 11.09. 05:00",301.6,4.3,297.3,0,0,0,0,0,0,0,86.8,0,16.5
,"Mar, 11.09. 06:00",884.7,10.5,874.2,0,0,0,0,0,0,0,257.9,0,16
,"Mar, 11.09. 07:00",826.6,8.9,817.7,0,0,0,0,0,0,0,238.3,0,16.60000038146973
,"Mar, 11.09. 08:00",789.6,7.8,781.8,0,0,0,0,0,0,0,221.3,0,17.79999923706055
,"Mar, 11.09. 09:00",666.1,7,659.1,0,0,0,0,0,0,0,181.1,0,19
,"Mar, 11.09. 10:00",571.6,5.9,565.7,0,0,0,0,0,0,0,150.1,0,20.39999961853027
,"Mar, 11.09. 11:00",524,5.1,518.9,0,0,0,0,0,0,0,133.5,0,21.70000076293945
,"Mar, 11.09. 12:00",512.7,4.2,508.5,0,0,0,0,0,0,0,124.6,0,23.39999961853027
,"Mar, 11.09. 13:00",495.5,4.2,491.3,0,0,0,0,0,0,0,119.6,0,23.70000076293945
,"Mar, 11.09. 14:00",481.4,4.4,477,0,0,0,0,0,0,0,114.5,0,24.20000076293945
,"Mar, 11.09. 15:00",460.2,4.9,455.3,0,0,0,0,0,0,0,111.7,0,23.39999961853027
,"Mar, 11.09. 16:00",473.2,5.1,468.1,0,0,0,0,0,0,0,117.2,0,22.70000076293945
,"Mar, 11.09. 17:00",632.7,6.7,626,0,0,0,0,0,0,0,165.2,0,20.60000038146973
,"Mar, 11.09. 18:00",721.3,7.7,713.6,0,0,0,0,0,0,0,195.5,0,19.10000038146973
,"Mar, 11.09. 19:00",835.1,7.5,827.6,0,0,0,0,0,0,0,234.8,0,17.70000076293945
,"Mar, 11.09. 20:00",1011.2,9.2,1002,0,0,0,0,0,0,0,296.1,0,15.89999961853027
,"Mar, 11.09. 21:00",944.6,8.3,936.3,0,0,0,0,0,0,0,272.5,0,16.60000038146973
,"Mar, 11.09. 22:00",614.2,112,502.2,0,0,0,0,0,0,0,170.7,0,14.5
,"Mar, 11.09. 23:00",290.1,21.1,269,0,0,0,0,0,0,0,84.4,0,14.89999961853027
,"Mer, 12.09. 00:00",479.4,290.1,189.3,0,0,0,0,0,0,0,106.8,0,13.80000019073486
,"Mer, 12.09. 01:00",996.3,885.7,110.6,0,0,0,0,0,0,0,200.1,0,11.30000019073486
,"Mer, 12.09. 02:00",823.4,792.3,31.1,0,0,0,0,0,0,0,156.1,0,11.39999961853027
,"Mer, 12.09. 03:00",818.8,787.6,31.2,0,0,0,0,0,0,0,154.6,0,11.5
,"Mer, 12.09. 04:00",1263.3,1153.9,109.4,0,0,0,0,0,0,0,259,0,10.30000019073486
,"Mer, 12.09. 05:00",1467.1,1166.4,300.7,0,0,0,0,0,0,0,319,0,10.69999980926514
,"Mer, 12.09. 06:00",2262.8,1396,866.8,0,0,0,0,0,0,0,549.6,0,10.60000038146973
,"Mer, 12.09. 07:00",1698.5,782.7,915.8,0,0,0,0,0,0,0,417.6,0,13.39999961853027
,"Mer, 12.09. 08:00",1105.7,338.2,767.5,0,0,0,0,0,0,0,286,0,15
,"Mer, 12.09. 09:00",931,302.5,628.5,0,0,0,0,0,0,0,228.5,0,16.5
,"Mer, 12.09. 10:00",844.4,283.2,561.2,0,0,0,0,0,0,0,197.5,0,18.10000038146973
,"Mer, 12.09. 11:00",806.7,276,530.7,0,0,0,0,0,0,0,182.4,0,19.60000038146973
,"Mer, 12.09. 12:00",743.1,249.2,493.9,0,0,0,0,0,0,0,166.9,0,20.10000038146973
,"Mer, 12.09. 13:00",749,257,492,0,0,0,0,0,0,0,164.9,0,20.89999961853027
,"Mer, 12.09. 14:00",701.7,246.7,455,0,0,0,0,0,0,0,155.9,0,20.20000076293945
,"Mer, 12.09. 15:00",701.5,259,442.5,0,0,0,0,0,0,0,157.1,0,19.29999923706055
,"Mer, 12.09. 16:00",790.1,287.8,502.3,0,0,0,0,0,0,0,177.7,0,19.20000076293945
,"Mer, 12.09. 17:00",958.9,314.2,644.7,0,0,0,0,0,0,0,223.3,0,18.29999923706055
,"Mer, 12.09. 18:00",1052,337.1,714.9,0,0,0,0,0,0,0,249.1,0,17.60000038146973
,"Mer, 12.09. 19:00",1221.3,348.5,872.8,0,0,0,0,0,0,0,302.5,0,16.70000076293945
,"Mer, 12.09. 20:00",1264,352.6,911.4,0,0,0,0,0,0,0,315.7,0,16.39999961853027
,"Mer, 12.09. 21:00",1242.9,340.8,902.1,0,0,0,0,0,0,0,313.3,0,16.10000038146973
,"Mer, 12.09. 22:00",630.4,103.4,527,0,0,0,0,0,0,0,169.5,0,16
,"Mer, 12.09. 23:00",365.4,60.4,305,0,0,0,0,0,0,0,99.5,0,15.60000038146973
,"Jeu, 13.09. 00:00",474.5,279,195.5,0,0,0,0,0,0,0,106.5,0,13.89999961853027
,"Jeu, 13.09. 01:00",527.3,415.4,111.9,0,0,0,0,0,0,0,105.3,0,13.39999961853027
,"Jeu, 13.09. 02:00",719.1,687.2,31.9,0,0,0,0,0,0,0,133.6,0,12
,"Jeu, 13.09. 03:00",936.9,903.6,33.3,0,0,0,0,0,0,0,178.7,0,11.19999980926514
,"Jeu, 13.09. 04:00",1252.6,1142,110.6,0,0,0,0,0,0,0,256,0,10.39999961853027
,"Jeu, 13.09. 05:00",1778,1468,310,0,0,0,0,0,0,0,395.1,0,9.5
,"Jeu, 13.09. 06:00",2327.3,1476.1,851.2,0,0,0,0,0,0,0,568,0,10.10000038146973
,"Jeu, 13.09. 07:00",1842,942,900,0,0,0,0,0,0,0,450.4,0,12.60000038146973
,"Jeu, 13.09. 08:00",1105.6,352.6,753,0,0,0,0,0,0,0,284.9,0,14.89999961853027
,"Jeu, 13.09. 09:00",940.9,305.3,635.6,0,0,0,0,0,0,0,230,0,16.70000076293945
,"Jeu, 13.09. 10:00",922.4,309.1,613.3,0,0,0,0,0,0,0,214.9,0,18.39999961853027
,"Jeu, 13.09. 11:00",791.4,270.7,520.7,0,0,0,0,0,0,0,177.9,0,19.89999961853027
,"Jeu, 13.09. 12:00",791,265.2,525.8,0,0,0,0,0,0,0,171.3,0,21.89999961853027
,"Jeu, 13.09. 13:00",712.6,244.5,468.1,0,0,0,0,0,0,0,150.6,0,22.79999923706055
,"Jeu, 13.09. 14:00",730.6,256.4,474.2,0,0,0,0,0,0,0,153.6,0,22.89999961853027
,"Jeu, 13.09. 15:00",702.5,259.1,443.4,0,0,0,0,0,0,0,145.8,0,23
,"Jeu, 13.09. 16:00",738.7,269,469.7,0,0,0,0,0,0,0,154.8,0,22.60000038146973
,"Jeu, 13.09. 17:00",924,302.4,621.6,0,0,0,0,0,0,0,203.2,0,21.20000076293945
,"Jeu, 13.09. 18:00",992.8,317.9,674.9,0,0,0,0,0,0,0,225,0,19.79999923706055
,"Jeu, 13.09. 19:00",1222.9,348.6,874.3,0,0,0,0,0,0,0,292.8,0,18
,"Jeu, 13.09. 20:00",1240.6,346.3,894.3,0,0,0,0,0,0,0,302.5,0,17.29999923706055
,"Jeu, 13.09. 21:00",1208.2,330.6,877.6,0,0,0,0,0,0,0,305.9,0,15.89999961853027
,"Jeu, 13.09. 22:00",590.8,96.6,494.2,0,0,0,0,0,0,0,161.5,0,15.39999961853027
,"Jeu, 13.09. 23:00",337.5,55.7,281.8,0,0,0,0,0,0,0,91.9,0,15.69999980926514
,"Ven, 14.09. 00:00",205.2,3.5,201.7,0,0,0,0,0,0,0,60.2,0,15.60000038146973
,"Ven, 14.09. 01:00",159.8,49.8,110,0,0,0,0,0,0,0,41.1,0,14.80000019073486
,"Ven, 14.09. 02:00",37.1,4.8,32.3,0,0,0,0,0,0,0,10.4,0,15.10000038146973
,"Ven, 14.09. 03:00",42.3,7.4,34.9,0,0,0,0,0,0,0,11.6,0,15.10000038146973
,"Ven, 14.09. 04:00",120.1,11.4,108.7,0,0,0,0,0,0,0,34.2,0,15.30000019073486
,"Ven, 14.09. 05:00",384,88.4,295.6,0,0,0,0,0,0,0,103.3,0,14.69999980926514
,"Ven, 14.09. 06:00",1132.5,262.7,869.8,0,0,0,0,0,0,0,309.9,0,14
,"Ven, 14.09. 07:00",955.1,45.2,909.9,0,0,0,0,0,0,0,278.7,0,15.19999980926514
,"Ven, 14.09. 08:00",789.9,35.3,754.6,0,0,0,0,0,0,0,225.4,0,16.29999923706055
,"Ven, 14.09. 09:00",683.1,33.6,649.5,0,0,0,0,0,0,0,185.2,0,18.39999961853027
,"Ven, 14.09. 10:00",587.4,30,557.4,0,0,0,0,0,0,0,150.9,0,20.5
,"Ven, 14.09. 11:00",527.7,27.7,500,0,0,0,0,0,0,0,130.1,0,22.10000038146973
,"Ven, 14.09. 12:00",521.9,26.3,495.6,0,0,0,0,0,0,0,128.8,0,22.10000038146973
,"Ven, 14.09. 13:00",531.4,28,503.4,0,0,0,0,0,0,0,128.2,0,23
,"Ven, 14.09. 14:00",472.8,25.6,447.2,0,0,0,0,0,0,0,115.4,0,22.5
,"Ven, 14.09. 15:00",495.9,29.3,466.6,0,0,0,0,0,0,0,123.7,0,21.60000038146973
,"Ven, 14.09. 16:00",494,28.6,465.4,0,0,0,0,0,0,0,121.8,0,22
,"Ven, 14.09. 17:00",655.5,32.7,622.8,0,0,0,0,0,0,0,169.7,0,20.20000076293945
,"Ven, 14.09. 18:00",738.8,35.1,703.7,0,0,0,0,0,0,0,195,0,19.5
,"Ven, 14.09. 19:00",931.2,37.8,893.4,0,0,0,0,0,0,0,251.3,0,18.70000076293945
,"Ven, 14.09. 20:00",999.8,39.8,960,0,0,0,0,0,0,0,279.8,0,17.20000076293945
,"Ven, 14.09. 21:00",913.2,35.1,878.1,0,0,0,0,0,0,0,259.4,0,16.5
,"Ven, 14.09. 22:00",662.7,162.8,499.9,0,0,0,0,0,0,0,178.8,0,14.30000019073486
,"Ven, 14.09. 23:00",445.7,154.1,291.6,0,0,0,0,0,0,0,114,0,14.30000019073486
,"Sam, 15.09. 00:00",563.2,337.5,225.7,0,0,0,0,0,0,0,126.5,0,13.60000038146973
,"Sam, 15.09. 01:00",458.6,325.3,133.3,0,0,0,0,0,0,0,95.6,0,13.69999980926514
,"Sam, 15.09. 02:00",515.1,440.5,74.6,0,0,0,0,0,0,0,98.9,0,13.10000038146973
,"Sam, 15.09. 03:00",519.3,489,30.3,0,0,0,0,0,0,0,94.7,0,12.69999980926514
,"Sam, 15.09. 04:00",784.3,717,67.3,0,0,0,0,0,0,0,149.4,0,12.10000038146973
,"Sam, 15.09. 05:00",985.7,919.7,66,0,0,0,0,0,0,0,188.3,0,11.60000038146973
,"Sam, 15.09. 06:00",988.2,902.8,85.4,0,0,0,0,0,0,0,186.8,0,12.10000038146973
,"Sam, 15.09. 07:00",533.1,337.5,195.6,0,0,0,0,0,0,0,113.3,0,14.69999980926514
,"Sam, 15.09. 08:00",718.9,218.9,500,0,0,0,0,0,0,0,180.7,0,16
,"Sam, 15.09. 09:00",1162.8,198.8,964,0,0,0,0,0,0,0,300.8,0,17.60000038146973
,"Sam, 15.09. 10:00",1182.9,178.9,1004,0,0,0,0,0,0,0,297.4,0,19.39999961853027
,"Sam, 15.09. 11:00",1281.4,182.1,1099.3,0,0,0,0,0,0,0,303.8,0,22
,"Sam, 15.09. 12:00",1116.3,167.6,948.7,0,0,0,0,0,0,0,253.6,0,23.60000038146973
,"Sam, 15.09. 13:00",959.6,167.8,791.8,0,0,0,0,0,0,0,216.5,0,23.39999961853027
,"Sam, 15.09. 14:00",810.6,151.3,659.3,0,0,0,0,0,0,0,178.4,0,24.20000076293945
,"Sam, 15.09. 15:00",793.6,172.7,620.9,0,0,0,0,0,0,0,170,0,24.70000076293945
,"Sam, 15.09. 16:00",774.3,176.3,598,0,0,0,0,0,0,0,175.2,0,22.20000076293945
,"Sam, 15.09. 17:00",860,193.9,666.1,0,0,0,0,0,0,0,195.4,0,22
,"Sam, 15.09. 18:00",958.9,218.7,740.2,0,0,0,0,0,0,0,221.3,0,21.29999923706055
,"Sam, 15.09. 19:00",957.4,221.7,735.7,0,0,0,0,0,0,0,227.9,0,19.70000076293945
,"Sam, 15.09. 20:00",998.8,241.1,757.7,0,0,0,0,0,0,0,243.5,0,18.20000076293945
,"Sam, 15.09. 21:00",752.2,204.2,548,0,0,0,0,0,0,0,181.7,0,17.70000076293945
,"Sam, 15.09. 22:00",536.4,64,472.4,0,0,0,0,0,0,0,144.5,0,16.89999961853027
,"Sam, 15.09. 23:00",356.7,38.9,317.8,0,0,0,0,0,0,0,101.2,0,15.10000038146973
,"Dim, 16.09. 00:00",379.3,166.9,212.4,0,0,0,0,0,0,0,91.9,0,14.30000019073486
,"Dim, 16.09. 01:00",514.3,376.1,138.2,0,0,0,0,0,0,0,106.4,0,13.5
,"Dim, 16.09. 02:00",460.4,383,77.4,0,0,0,0,0,0,0,88.9,0,13.39999961853027
,"Dim, 16.09. 03:00",483.2,449.4,33.8,0,0,0,0,0,0,0,87.6,0,13.10000038146973
,"Dim, 16.09. 04:00",662.5,587.4,75.1,0,0,0,0,0,0,0,127,0,12.5
,"Dim, 16.09. 05:00",800.3,721.4,78.9,0,0,0,0,0,0,0,151.6,0,12.39999961853027
,"Dim, 16.09. 06:00",794.6,705,89.6,0,0,0,0,0,0,0,151.1,0,12.5
,"Dim, 16.09. 07:00",459.9,253.3,206.6,0,0,0,0,0,0,0,102.7,0,14.80000019073486
,"Dim, 16.09. 08:00",666.5,165,501.5,0,0,0,0,0,0,0,169.3,0,16.79999923706055
,"Dim, 16.09. 09:00",1197.1,161.9,1035.2,0,0,0,0,0,0,0,305.1,0,19.10000038146973
,"Dim, 16.09. 10:00",1224.4,147.5,1076.9,0,0,0,0,0,0,0,298.2,0,21.39999961853027
,"Dim, 16.09. 11:00",1055.4,119.6,935.8,0,0,0,0,0,0,0,251.3,0,22.39999961853027
,"Dim, 16.09. 12:00",1174.1,139.4,1034.7,0,0,0,0,0,0,0,263.9,0,24.60000038146973
,"Dim, 16.09. 13:00",900.9,126.7,774.2,0,0,0,0,0,0,0,197.5,0,25.10000038146973
,"Dim, 16.09. 14:00",804.6,122.8,681.8,0,0,0,0,0,0,0,171.6,0,26
,"Dim, 16.09. 15:00",713.2,126.5,586.7,0,0,0,0,0,0,0,153.9,0,25.10000038146973
,"Dim, 16.09. 16:00",763.6,144.8,618.8,0,0,0,0,0,0,0,166.6,0,24.5
,"Dim, 16.09. 17:00",786.4,147.7,638.7,0,0,0,0,0,0,0,180.4,0,22.39999961853027
,"Dim, 16.09. 18:00",883.5,164.6,718.9,0,0,0,0,0,0,0,216.5,0,19.60000038146973
,"Dim, 16.09. 19:00",887,166.9,720.1,0,0,0,0,0,0,0,221.7,0,18.60000038146973
,"Dim, 16.09. 20:00",918.3,181.9,736.4,0,0,0,0,0,0,0,235.5,0,17.20000076293945
,"Dim, 16.09. 21:00",791.4,170.3,621.1,0,0,0,0,0,0,0,201.8,0,16.89999961853027
,"Dim, 16.09. 22:00",535.2,50.1,485.1,0,0,0,0,0,0,0,146.7,0,16.79999923706055
,"Dim, 16.09. 23:00",339.4,30.3,309.1,0,0,0,0,0,0,0,93.9,0,16.5
,"Lun, 17.09. 00:00",205.8,10.9,194.9,0,0,0,0,0,0,0,59.5,0,15.5
,"Lun, 17.09. 01:00",206.2,98.2,108,0,0,0,0,0,0,0,48.5,0,14.60000038146973
,"Lun, 17.09. 02:00",443.6,408.2,35.4,0,0,0,0,0,0,0,80.5,0,13.30000019073486
,"Lun, 17.09. 03:00",304.3,273.6,30.7,0,0,0,0,0,0,0,55.2,0,13.69999980926514
,"Lun, 17.09. 04:00",245.3,143.5,101.8,0,0,0,0,0,0,0,54.2,0,14.39999961853027
,"Lun, 17.09. 05:00",537.2,240.1,297.1,0,0,0,0,0,0,0,130.1,0,14.10000038146973
,"Lun, 17.09. 06:00",1220.9,320.8,900.1,0,0,0,0,0,0,0,328.5,0,14
,"Lun, 17.09. 07:00",986.9,90.3,896.6,0,0,0,0,0,0,0,281.8,0,15.30000019073486
,"Lun, 17.09. 08:00",821.7,71,750.7,0,0,0,0,0,0,0,227.7,0,16.70000076293945
,"Lun, 17.09. 09:00",678,63.5,614.5,0,0,0,0,0,0,0,179.7,0,18.39999961853027
,"Lun, 17.09. 10:00",633.3,61.7,571.6,0,0,0,0,0,0,0,155.2,0,21.60000038146973
,"Lun, 17.09. 11:00",624.5,63,561.5,0,0,0,0,0,0,0,151,0,22
,"Lun, 17.09. 12:00",580.9,56.7,524.2,0,0,0,0,0,0,0,134.8,0,23.70000076293945
,"Lun, 17.09. 13:00",573.7,57.9,515.8,0,0,0,0,0,0,0,132.9,0,23.70000076293945
,"Lun, 17.09. 14:00",537.8,56,481.8,0,0,0,0,0,0,0,123.1,0,24.10000038146973
,"Lun, 17.09. 15:00",492.4,55.1,437.3,0,0,0,0,0,0,0,112.3,0,24.10000038146973
,"Lun, 17.09. 16:00",558.4,61.4,497,0,0,0,0,0,0,0,130.9,0,23.10000038146973
,"Lun, 17.09. 17:00",710.7,67.6,643.1,0,0,0,0,0,0,0,170.9,0,22.29999923706055
,"Lun, 17.09. 18:00",763.9,70.6,693.3,0,0,0,0,0,0,0,194.1,0,20.10000038146973
,"Lun, 17.09. 19:00",965.5,76.6,888.9,0,0,0,0,0,0,0,254.6,0,18.79999923706055
,"Lun, 17.09. 20:00",945.2,73,872.2,0,0,0,0,0,0,0,247.4,0,19.20000076293945
,"Lun, 17.09. 21:00",993.6,74.9,918.7,0,0,0,0,0,0,0,265.7,0,18.20000076293945
,"Lun, 17.09. 22:00",508,20.8,487.2,0,0,0,0,0,0,0,148,0,15.39999961853027
,"Lun, 17.09. 23:00",317.4,13,304.4,0,0,0,0,0,0,0,91.5,0,15.89999961853027
,"Mar, 18.09. 00:00",195,0,195,0,0,0,0,0,0,0,55.9,0,17
,"Mar, 18.09. 01:00",104.1,0,104.1,0,0,0,0,0,0,0,30.3,0,16.29999923706055
,"Mar, 18.09. 02:00",31.8,0,31.8,0,0,0,0,0,0,0,9.2,0,16.70000076293945
,"Mar, 18.09. 03:00",32.2,0,32.2,0,0,0,0,0,0,0,9.5,0,15.60000038146973
,"Mar, 18.09. 04:00",110.4,0,110.4,0,0,0,0,0,0,0,33.2,0,15
,"Mar, 18.09. 05:00",276.2,0,276.2,0,0,0,0,0,0,0,80.5,0,16.29999923706055
,"Mar, 18.09. 06:00",849.4,0,849.4,0,0,0,0,0,0,0,247.6,0,16.29999923706055
,"Mar, 18.09. 07:00",880.5,0,880.5,0,0,0,0,0,0,0,252.3,0,17
,"Mar, 18.09. 08:00",774.9,0,774.9,0,0,0,0,0,0,0,215.3,0,18.39999961853027
,"Mar, 18.09. 09:00",583.2,0,583.2,0,0,0,0,0,0,0,155.1,0,20.10000038146973
,"Mar, 18.09. 10:00",555.2,0,555.2,0,0,0,0,0,0,0,145.3,0,20.79999923706055
,"Mar, 18.09. 11:00",519.7,0,519.7,0,0,0,0,0,0,0,133.6,0,21.5
,"Mar, 18.09. 12:00",551.4,0,551.4,0,0,0,0,0,0,0,142.1,0,21.39999961853027
,"Mar, 18.09. 13:00",462.1,0,462.1,0,0,0,0,0,0,0,118.2,0,21.70000076293945
,"Mar, 18.09. 14:00",450.1,0,450.1,0,0,0,0,0,0,0,115.4,0,21.60000038146973
,"Mar, 18.09. 15:00",460.5,0,460.5,0,0,0,0,0,0,0,114.6,0,22.70000076293945
,"Mar, 18.09. 16:00",493,0,493,0,0,0,0,0,0,0,126.4,0,21.60000038146973
,"Mar, 18.09. 17:00",589.6,0,589.6,0,0,0,0,0,0,0,155.6,0,20.39999961853027
,"Mar, 18.09. 18:00",653,0,653,0,0,0,0,0,0,0,176,0,19.60000038146973
,"Mar, 18.09. 19:00",837.1,0,837.1,0,0,0,0,0,0,0,242.6,0,16.60000038146973
,"Mar, 18.09. 20:00",948,0,948,0,0,0,0,0,0,0,278,0,16
,"Mar, 18.09. 21:00",893.4,0,893.4,0,0,0,0,0,0,0,251.7,0,17.79999923706055
,"Mar, 18.09. 22:00",517.8,0,517.8,0,0,0,0,0,0,0,149.2,0,16.79999923706055
,"Mar, 18.09. 23:00",290.6,0,290.6,0,0,0,0,0,0,0,84.7,0,16.29999923706055
,"Mer, 19.09. 00:00",201.5,0.2,201.3,0,0,0,0,0,0,0,59.6,0,15.60000038146973
,"Mer, 19.09. 01:00",113.1,0.2,112.9,0,0,0,0,0,0,0,33.3,0,15.80000019073486
,"Mer, 19.09. 02:00",34.1,0.2,33.9,0,0,0,0,0,0,0,10,0,15.89999961853027
,"Mer, 19.09. 03:00",74.4,43.1,31.3,0,0,0,0,0,0,0,16.3,0,14.80000019073486
,"Mer, 19.09. 04:00",155.1,46.6,108.5,0,0,0,0,0,0,0,40.1,0,14.80000019073486
,"Mer, 19.09. 05:00",389.2,91.1,298.1,0,0,0,0,0,0,0,104.9,0,14.60000038146973
,"Mer, 19.09. 06:00",926.5,14.8,911.7,0,0,0,0,0,0,0,272.8,0,15.5
,"Mer, 19.09. 07:00",886.4,13.4,873,0,0,0,0,0,0,0,258,0,16.10000038146973
,"Mer, 19.09. 08:00",748.6,11.2,737.4,0,0,0,0,0,0,0,213.6,0,16.89999961853027
,"Mer, 19.09. 09:00",659.2,10.7,648.5,0,0,0,0,0,0,0,183.2,0,18
,"Mer, 19.09. 10:00",595.2,10.3,584.9,0,0,0,0,0,0,0,161.7,0,18.89999961853027
,"Mer, 19.09. 11:00",513.5,9,504.5,0,0,0,0,0,0,0,132,0,21.20000076293945
,"Mer, 19.09. 12:00",502.7,8.4,494.3,0,0,0,0,0,0,0,126,0,22.10000038146973
,"Mer, 19.09. 13:00",501.4,8.8,492.6,0,0,0,0,0,0,0,120.5,0,23.70000076293945
,"Mer, 19.09. 14:00",449.4,8,441.4,0,0,0,0,0,0,0,101.2,0,26
,"Mer, 19.09. 15:00",456.8,9,447.8,0,0,0,0,0,0,0,105.4,0,25.10000038146973
,"Mer, 19.09. 16:00",508.6,9.9,498.7,0,0,0,0,0,0,0,122.7,0,23.5
,"Mer, 19.09. 17:00",612.8,10.3,602.5,0,0,0,0,0,0,0,159.6,0,20.60000038146973
,"Mer, 19.09. 18:00",657.9,10.6,647.3,0,0,0,0,0,0,0,174.5,0,19.89999961853027
,"Mer, 19.09. 19:00",939.9,12.3,927.6,0,0,0,0,0,0,0,251.7,0,19.60000038146973
,"Mer, 19.09. 20:00",933.8,12,921.8,0,0,0,0,0,0,0,259.1,0,18.10000038146973
,"Mer, 19.09. 21:00",888.5,11.2,877.3,0,0,0,0,0,0,0,254.4,0,16.79999923706055
,"Mer, 19.09. 22:00",484.6,0.7,483.9,0,0,0,0,0,0,0,140.8,0,16.39999961853027
,"Mer, 19.09. 23:00",291.8,21.4,270.4,0,0,0,0,0,0,0,84.8,0,14.89999961853027
,"Jeu, 20.09. 00:00",203.9,0,203.9,0,0,0,0,0,0,0,60.3,0,15.69999980926514
,"Jeu, 20.09. 01:00",106.4,0,106.4,0,0,0,0,0,0,0,31,0,16.29999923706055
,"Jeu, 20.09. 02:00",31.2,0,31.2,0,0,0,0,0,0,0,9.2,0,16
,"Jeu, 20.09. 03:00",33.4,0,33.4,0,0,0,0,0,0,0,9.9,0,15.60000038146973
,"Jeu, 20.09. 04:00",110.9,0,110.9,0,0,0,0,0,0,0,33,0,15.39999961853027
,"Jeu, 20.09. 05:00",295.4,0,295.4,0,0,0,0,0,0,0,88.2,0,15.30000019073486
,"Jeu, 20.09. 06:00",919.3,23.6,895.7,0,0,0,0,0,0,0,273.5,0,14.89999961853027
,"Jeu, 20.09. 07:00",910.3,0.2,910.1,0,0,0,0,0,0,0,266.9,0,16.10000038146973
,"Jeu, 20.09. 08:00",785.5,0.1,785.4,0,0,0,0,0,0,0,222.5,0,17.5
,"Jeu, 20.09. 09:00",631,0.1,630.9,0,0,0,0,0,0,0,171.9,0,19.10000038146973
,"Jeu, 20.09. 10:00",591.8,0.1,591.7,0,0,0,0,0,0,0,152.9,0,21.29999923706055
,"Jeu, 20.09. 11:00",516,0.1,515.9,0,0,0,0,0,0,0,129,0,22.5
,"Jeu, 20.09. 12:00",547.9,0.1,547.8,0,0,0,0,0,0,0,129.5,0,24.60000038146973
,"Jeu, 20.09. 13:00",488.8,0.1,488.7,0,0,0,0,0,0,0,118.1,0,23.79999923706055
,"Jeu, 20.09. 14:00",474.9,0.1,474.8,0,0,0,0,0,0,0,116.4,0,23.29999923706055
,"Jeu, 20.09. 15:00",471.4,0.1,471.3,0,0,0,0,0,0,0,115,0,23.39999961853027
,"Jeu, 20.09. 16:00",494.8,0.1,494.7,0,0,0,0,0,0,0,125.9,0,21.89999961853027
,"Jeu, 20.09. 17:00",597.9,0.1,597.8,0,0,0,0,0,0,0,153.3,0,21.60000038146973
,"Jeu, 20.09. 18:00",739,0.1,738.9,0,0,0,0,0,0,0,198.1,0,19.79999923706055
,"Jeu, 20.09. 19:00",866.8,0.1,866.7,0,0,0,0,0,0,0,240.8,0,18.39999961853027
,"Jeu, 20.09. 20:00",932.9,0.1,932.8,0,0,0,0,0,0,0,263.5,0,17.60000038146973
,"Jeu, 20.09. 21:00",860.6,0.1,860.5,0,0,0,0,0,0,0,243.8,0,17.5
,"Jeu, 20.09. 22:00",509.6,0,509.6,0,0,0,0,0,0,0,144.8,0,17.39999961853027
,"Jeu, 20.09. 23:00",297.2,0,297.2,0,0,0,0,0,0,0,86.9,0,16.20000076293945
,"Ven, 21.09. 00:00",194.2,2.1,192.1,0,0,0,0,0,0,0,56,0,16.5
,"Ven, 21.09. 01:00",108,2.4,105.6,0,0,0,0,0,0,0,31.9,0,15.39999961853027
,"Ven, 21.09. 02:00",35.3,2.9,32.4,0,0,0,0,0,0,0,10.1,0,15.39999961853027
,"Ven, 21.09. 03:00",41.3,6.2,35.1,0,0,0,0,0,0,0,11.4,0,15.30000019073486
,"Ven, 21.09. 04:00",116.6,10.1,106.5,0,0,0,0,0,0,0,33.5,0,15.10000038146973
,"Ven, 21.09. 05:00",335.9,24.5,311.4,0,0,0,0,0,0,0,96.6,0,15.30000019073486
,"Ven, 21.09. 06:00",958.7,43.9,914.8,0,0,0,0,0,0,0,278.8,0,15.39999961853027
,"Ven, 21.09. 07:00",961.3,40.6,920.7,0,0,0,0,0,0,0,272.8,0,16.60000038146973
,"Ven, 21.09. 08:00",819.9,33.1,786.8,0,0,0,0,0,0,0,229,0,17.29999923706055
,"Ven, 21.09. 09:00",660.4,28.6,631.8,0,0,0,0,0,0,0,185.3,0,17
,"Ven, 21.09. 10:00",620.8,28.1,592.7,0,0,0,0,0,0,0,172.4,0,17.39999961853027
,"Ven, 21.09. 11:00",547.7,25.4,522.3,0,0,0,0,0,0,0,150.3,0,17.89999961853027
,"Ven, 21.09. 12:00",547.2,24.7,522.5,0,0,0,0,0,0,0,143.6,0,19.79999923706055
,"Ven, 21.09. 13:00",518.6,24.3,494.3,0,0,0,0,0,0,0,140.8,0,18.39999961853027
,"Ven, 21.09. 14:00",475.5,23.2,452.3,0,0,0,0,0,0,0,131.8,0,17.39999961853027
,"Ven, 21.09. 15:00",478.7,24.8,453.9,0,0,0,0,0,0,0,131,0,17.89999961853027
,"Ven, 21.09. 16:00",542.5,27.8,514.7,0,0,0,0,0,0,0,149.8,0,17.5
,"Ven, 21.09. 17:00",652.6,28.9,623.7,0,0,0,0,0,0,0,181.8,0,17.29999923706055
,"Ven, 21.09. 18:00",764,73.1,690.9,0,0,0,0,0,0,0,219.7,0,14.80000019073486
,"Ven, 21.09. 19:00",919.3,33.5,885.8,0,0,0,0,0,0,0,269.6,0,15.30000019073486
,"Ven, 21.09. 20:00",1096.3,162.3,934,0,0,0,0,0,0,0,310.1,0,14.39999961853027
,"Ven, 21.09. 21:00",1025.6,118.6,907,0,0,0,0,0,0,0,293.7,0,14.60000038146973
,"Ven, 21.09. 22:00",662,176.3,485.7,0,0,0,0,0,0,0,177.3,0,14.19999980926514
,"Ven, 21.09. 23:00",448,138.7,309.3,0,0,0,0,0,0,0,116.5,0,14.39999961853027
,"Sam, 22.09. 00:00",416.6,199.6,217,0,0,0,0,0,0,0,98.7,0,14.30000019073486
,"Sam, 22.09. 01:00",366.9,234.5,132.4,0,0,0,0,0,0,0,79.1,0,14.19999980926514
,"Sam, 22.09. 02:00",319.3,246.1,73.2,0,0,0,0,0,0,0,63,0,14.10000038146973
,"Sam, 22.09. 03:00",240.9,209.4,31.5,0,0,0,0,0,0,0,43.7,0,14.30000019073486
,"Sam, 22.09. 04:00",374.5,312.3,62.2,0,0,0,0,0,0,0,70.6,0,14
,"Sam, 22.09. 05:00",708.1,641.9,66.2,0,0,0,0,0,0,0,127.9,0,13.39999961853027
,"Sam, 22.09. 06:00",967.7,877.3,90.4,0,0,0,0,0,0,0,173.8,0,13.39999961853027
,"Sam, 22.09. 07:00",825.1,637,188.1,0,0,0,0,0,0,0,162.7,0,14.10000038146973
,"Sam, 22.09. 08:00",877.7,376.9,500.8,0,0,0,0,0,0,0,207.1,0,15.80000019073486
,"Sam, 22.09. 09:00",1348.1,353.4,994.7,0,0,0,0,0,0,0,336.1,0,17.20000076293945
,"Sam, 22.09. 10:00",1327.7,311.5,1016.2,0,0,0,0,0,0,0,321.8,0,19
,"Sam, 22.09. 11:00",1372.6,304.4,1068.2,0,0,0,0,0,0,0,331.8,0,19.5
,"Sam, 22.09. 12:00",1278,298.2,979.8,0,0,0,0,0,0,0,299.2,0,20.70000076293945
,"Sam, 22.09. 13:00",1082.8,289.6,793.2,0,0,0,0,0,0,0,248.4,0,20.79999923706055
,"Sam, 22.09. 14:00",940.4,266.6,673.8,0,0,0,0,0,0,0,217.5,0,20
,"Sam, 22.09. 15:00",937.9,303.6,634.3,0,0,0,0,0,0,0,207.9,0,21
,"Sam, 22.09. 16:00",948,318.8,629.2,0,0,0,0,0,0,0,215.5,0,19.39999961853027
,"Sam, 22.09. 17:00",1062,354.9,707.1,0,0,0,0,0,0,0,255.8,0,16.79999923706055
,"Sam, 22.09. 18:00",1086.4,366.3,720.1,0,0,0,0,0,0,0,266.4,0,16
,"Sam, 22.09. 19:00",1543.7,837.5,706.2,0,0,0,0,0,0,0,369.5,0,12.60000038146973
,"Sam, 22.09. 20:00",2105.4,1353.7,751.7,0,0,0,0,0,0,0,502.2,0,10.69999980926514
,"Sam, 22.09. 21:00",1913,1323.4,589.6,0,0,0,0,0,0,0,444.1,0,10.60000038146973
,"Sam, 22.09. 22:00",1371.2,939.6,431.6,0,0,0,0,0,0,0,318.5,0,10.80000019073486
,"Sam, 22.09. 23:00",1379.1,1085.1,294,0,0,0,0,0,0,0,309.7,0,10
,"Dim, 23.09. 00:00",1571.1,1376.5,194.6,0,0,0,0,0,0,0,352.9,0,8.399999618530273
,"Dim, 23.09. 01:00",1826.2,1692.8,133.4,0,0,0,0,0,0,0,401,0,8.199999809265137
,"Dim, 23.09. 02:00",1597,1523.3,73.7,0,0,0,0,0,0,0,340,0,8.600000381469727
,"Dim, 23.09. 03:00",1923.7,1891.7,32,0,0,0,0,0,0,0,425.2,0,6.900000095367432
,"Dim, 23.09. 04:00",2224.1,2148.2,75.9,0,0,0,0,0,0,0,501.2,0,6.599999904632568
,"Dim, 23.09. 05:00",2357.5,2286.8,70.7,0,0,0,0,0,0,0,511.8,0,7.400000095367432
,"Dim, 23.09. 06:00",3083.3,2987.7,95.6,0,0,0,0,0,0,0,667.5,0,7.300000190734863
,"Dim, 23.09. 07:00",2982,2766.5,215.5,0,0,0,0,0,0,0,638.7,0,8.800000190734863
,"Dim, 23.09. 08:00",2511.8,1978.7,533.1,0,0,0,0,0,0,0,550.6,0,11
,"Dim, 23.09. 09:00",2319,1329.8,989.2,0,0,0,0,0,0,0,539.5,0,13.30000019073486
,"Dim, 23.09. 10:00",2071.6,950.8,1120.8,0,0,0,0,0,0,0,476.5,0,16
,"Dim, 23.09. 11:00",1966.8,869.4,1097.4,0,0,0,0,0,0,0,435.1,0,17.60000038146973
,"Dim, 23.09. 12:00",1851,842.8,1008.2,0,0,0,0,0,0,0,394.2,0,19.29999923706055
,"Dim, 23.09. 13:00",1625.6,818.8,806.8,0,0,0,0,0,0,0,330.9,0,20.10000038146973
,"Dim, 23.09. 14:00",1401.7,739.2,662.5,0,0,0,0,0,0,0,287.1,0,19
,"Dim, 23.09. 15:00",1287.7,736.2,551.5,0,0,0,0,0,0,0,254.3,0,19.39999961853027
,"Dim, 23.09. 16:00",1362.7,806.6,556.1,0,0,0,0,0,0,0,270.8,0,18
,"Dim, 23.09. 17:00",1635.4,963.7,671.7,0,0,0,0,0,0,0,342.6,0,16.20000076293945
,"Dim, 23.09. 18:00",1782.5,1055.4,727.1,0,0,0,0,0,0,0,387.4,0,14.89999961853027
,"Dim, 23.09. 19:00",2490.4,1731.3,759.1,0,0,0,0,0,0,0,553,0,12
,"Dim, 23.09. 20:00",2469.6,1746,723.6,0,0,0,0,0,0,0,541.7,0,12
,"Dim, 23.09. 21:00",2492,1900.4,591.6,0,0,0,0,0,0,0,548.1,0,10.69999980926514
,"Dim, 23.09. 22:00",1885.4,1380.8,504.6,0,0,0,0,0,0,0,429.3,0,10.5
,"Dim, 23.09. 23:00",1641.4,1355.3,286.1,0,0,0,0,0,0,0,368.6,0,9.300000190734863
,"Lun, 24.09. 00:00",1560.3,1361.1,199.2,0,0,0,0,0,0,0,343,0,9.100000381469727
,"Lun, 24.09. 01:00",1565.1,1454.4,110.7,0,0,0,0,0,0,0,333.4,0,9
,"Lun, 24.09. 02:00",1458.5,1428.1,30.4,0,0,0,0,0,0,0,306.9,0,8.399999618530273
,"Lun, 24.09. 03:00",1562.8,1528.9,33.9,0,0,0,0,0,0,0,324.1,0,8.800000190734863
,"Lun, 24.09. 04:00",1744.5,1638.6,105.9,0,0,0,0,0,0,0,376.2,0,8.399999618530273
,"Lun, 24.09. 05:00",2299.2,1998.6,300.6,0,0,0,0,0,0,0,518.3,0,8.199999809265137
,"Lun, 24.09. 06:00",3322.4,2473.2,849.2,0,0,0,0,0,0,0,809.8,0,7.900000095367432
,"Lun, 24.09. 07:00",3160.4,2198.8,961.6,0,0,0,0,0,0,0,753.6,0,9.899999618530273
,"Lun, 24.09. 08:00",2233.3,1458.2,775.1,0,0,0,0,0,0,0,518.8,0,11.80000019073486
,"Lun, 24.09. 09:00",1496,815.9,680.1,0,0,0,0,0,0,0,341.7,0,14.69999980926514
,"Lun, 24.09. 10:00",1234.3,661.6,572.7,0,0,0,0,0,0,0,270.8,0,16.20000076293945
,"Lun, 24.09. 11:00",1090.9,593.2,497.7,0,0,0,0,0,0,0,228.7,0,17.39999961853027
,"Lun, 24.09. 12:00",1108.3,593.6,514.7,0,0,0,0,0,0,0,237.3,0,16.89999961853027
,"Lun, 24.09. 13:00",1102.1,600,502.1,0,0,0,0,0,0,0,229.8,0,17.5
,"Lun, 24.09. 14:00",1081.4,598.5,482.9,0,0,0,0,0,0,0,229.9,0,16.79999923706055
,"Lun, 24.09. 15:00",1054.2,602.6,451.6,0,0,0,0,0,0,0,224.4,0,16.29999923706055
,"Lun, 24.09. 16:00",1049,595,454,0,0,0,0,0,0,0,231.1,0,15.30000019073486
,"Lun, 24.09. 17:00",1257.7,662.1,595.6,0,0,0,0,0,0,0,284.4,0,15.10000038146973
,"Lun, 24.09. 18:00",1786.8,1037.1,749.7,0,0,0,0,0,0,0,402.4,0,14
,"Lun, 24.09. 19:00",1835.9,999.4,836.5,0,0,0,0,0,0,0,424.1,0,13.80000019073486
,"Lun, 24.09. 20:00",2062.4,1095.1,967.3,0,0,0,0,0,0,0,476.4,0,13.89999961853027
,"Lun, 24.09. 21:00",2124.1,1194.6,929.5,0,0,0,0,0,0,0,489.5,0,13.19999980926514
,"Lun, 24.09. 22:00",1228,695,533,0,0,0,0,0,0,0,285.6,0,13
,"Lun, 24.09. 23:00",693.8,433.7,260.1,0,0,0,0,0,0,0,154.9,0,13.30000019073486
,"Mar, 25.09. 00:00",601.1,405.8,195.3,0,0,0,0,0,0,0,129.5,0,13.39999961853027
,"Mar, 25.09. 01:00",585.3,475.4,109.9,0,0,0,0,0,0,0,115.8,0,13.19999980926514
,"Mar, 25.09. 02:00",537.8,504.1,33.7,0,0,0,0,0,0,0,97.2,0,13.10000038146973
,"Mar, 25.09. 03:00",650.9,616.6,34.3,0,0,0,0,0,0,0,118.3,0,12.69999980926514
,"Mar, 25.09. 04:00",804.5,693.7,110.8,0,0,0,0,0,0,0,156.5,0,12.60000038146973
,"Mar, 25.09. 05:00",1723.1,1418.9,304.2,0,0,0,0,0,0,0,373.8,0,10.19999980926514
,"Mar, 25.09. 06:00",2645.3,1768,877.3,0,0,0,0,0,0,0,631.6,0,10.10000038146973
,"Mar, 25.09. 07:00",2345.6,1418.3,927.3,0,0,0,0,0,0,0,557.9,0,11.69999980926514
,"Mar, 25.09. 08:00",1755.5,955.5,800,0,0,0,0,0,0,0,416.7,0,13.19999980926514
,"Mar, 25.09. 09:00",1250.3,543.3,707,0,0,0,0,0,0,0,301.3,0,15
,"Mar, 25.09. 10:00",1004.4,448.1,556.3,0,0,0,0,0,0,0,233,0,16
,"Mar, 25.09. 11:00",1062.9,482.7,580.2,0,0,0,0,0,0,0,236.8,0,17.20000076293945
,"Mar, 25.09. 12:00",988.3,441.1,547.2,0,0,0,0,0,0,0,210.4,0,19.60000038146973
,"Mar, 25.09. 13:00",895.3,407.4,487.9,0,0,0,0,0,0,0,189.5,0,19.60000038146973
,"Mar, 25.09. 14:00",884.8,410.6,474.2,0,0,0,0,0,0,0,186.2,0,19.70000076293945
,"Mar, 25.09. 15:00",857.6,414.3,443.3,0,0,0,0,0,0,0,180.5,0,18.89999961853027
,"Mar, 25.09. 16:00",974.5,465.9,508.6,0,0,0,0,0,0,0,208.4,0,18.10000038146973
,"Mar, 25.09. 17:00",1138.9,498.3,640.6,0,0,0,0,0,0,0,261.8,0,16.29999923706055
,"Mar, 25.09. 18:00",1244.3,534.6,709.7,0,0,0,0,0,0,0,295.5,0,15.30000019073486
,"Mar, 25.09. 19:00",1721.3,847.5,873.8,0,0,0,0,0,0,0,412.1,0,13.60000038146973
,"Mar, 25.09. 20:00",2476,1498,978,0,0,0,0,0,0,0,597.6,0,11
,"Mar, 25.09. 21:00",2105.6,1264.8,840.8,0,0,0,0,0,0,0,505.1,0,11.19999980926514
,"Mar, 25.09. 22:00",1703.7,1224.9,478.8,0,0,0,0,0,0,0,400.2,0,9.800000190734863
,"Mar, 25.09. 23:00",1434.7,1137.9,296.8,0,0,0,0,0,0,0,320.1,0,10.10000038146973
,"Mer, 26.09. 00:00",1548.2,1344.2,204,0,0,0,0,0,0,0,337.7,0,9.399999618530273
,"Mer, 26.09. 01:00",1616.4,1510.9,105.5,0,0,0,0,0,0,0,349.1,0,8.5
,"Mer, 26.09. 02:00",1502.6,1472.6,30,0,0,0,0,0,0,0,318.4,0,8.199999809265137
,"Mer, 26.09. 03:00",1685.2,1651.6,33.6,0,0,0,0,0,0,0,355.4,0,8.300000190734863
,"Mer, 26.09. 04:00",2043.4,1935.9,107.5,0,0,0,0,0,0,0,454.6,0,7.300000190734863
,"Mer, 26.09. 05:00",2517.5,2208.5,309,0,0,0,0,0,0,0,569,0,7.900000095367432
,"Mer, 26.09. 06:00",3684.7,2771.1,913.6,0,0,0,0,0,0,0,886.8,0,8.199999809265137
,"Mer, 26.09. 07:00",3127.4,2244.2,883.2,0,0,0,0,0,0,0,742.9,0,9.600000381469727
,"Mer, 26.09. 08:00",2286.3,1564.3,722,0,0,0,0,0,0,0,528.3,0,11.39999961853027
,"Mer, 26.09. 09:00",1788.4,1138.5,649.9,0,0,0,0,0,0,0,398.6,0,13.60000038146973
,"Mer, 26.09. 10:00",1271.5,731.7,539.8,0,0,0,0,0,0,0,274.8,0,15.89999961853027
,"Mer, 26.09. 11:00",1459,850.9,608.1,0,0,0,0,0,0,0,300.3,0,17.20000076293945
,"Mer, 26.09. 12:00",1215.5,699.2,516.3,0,0,0,0,0,0,0,242.5,0,18.89999961853027
,"Mer, 26.09. 13:00",1210.4,706.9,503.5,0,0,0,0,0,0,0,233.6,0,20.5
,"Mer, 26.09. 14:00",1177.5,697.5,480,0,0,0,0,0,0,0,225.4,0,20.89999961853027
,"Mer, 26.09. 15:00",1152.1,703.6,448.5,0,0,0,0,0,0,0,220.2,0,20
,"Mer, 26.09. 16:00",1255.3,760.5,494.8,0,0,0,0,0,0,0,243,0,19.29999923706055
,"Mer, 26.09. 17:00",1449.8,820.7,629.1,0,0,0,0,0,0,0,296.7,0,17.39999961853027
,"Mer, 26.09. 18:00",1589.5,914,675.5,0,0,0,0,0,0,0,351.7,0,14.69999980926514
,"Mer, 26.09. 19:00",2162,1286.6,875.4,0,0,0,0,0,0,0,490.9,0,13.30000019073486
,"Mer, 26.09. 20:00",2668.4,1660.2,1008.2,0,0,0,0,0,0,0,611.8,0,12.30000019073486
,"Mer, 26.09. 21:00",2530.6,1607,923.6,0,0,0,0,0,0,0,579.8,0,11.89999961853027
,"Mer, 26.09. 22:00",1675.2,1165.4,509.8,0,0,0,0,0,0,0,385.2,0,10.89999961853027
,"Mer, 26.09. 23:00",1239.5,966.2,273.3,0,0,0,0,0,0,0,272.3,0,10.80000019073486
,"Jeu, 27.09. 00:00",1237.7,1023.3,214.4,0,0,0,0,0,0,0,263.3,0,10.89999961853027
,"Jeu, 27.09. 01:00",1072.6,965.9,106.7,0,0,0,0,0,0,0,217.4,0,10.89999961853027
,"Jeu, 27.09. 02:00",1286.6,1250.7,35.9,0,0,0,0,0,0,0,255.4,0,10.10000038146973
,"Jeu, 27.09. 03:00",1287.8,1253.8,34,0,0,0,0,0,0,0,257.3,0,9.899999618530273
,"Jeu, 27.09. 04:00",1710.3,1600.2,110.1,0,0,0,0,0,0,0,367.2,0,8.600000381469727
,"Jeu, 27.09. 05:00",2044.5,1732.9,311.6,0,0,0,0,0,0,0,452.1,0,9.199999809265137
,"Jeu, 27.09. 06:00",2891,2037.2,853.8,0,0,0,0,0,0,0,696,0,9.100000381469727
,"Jeu, 27.09. 07:00",2801.1,1862.2,938.9,0,0,0,0,0,0,0,670.9,0,10.30000019073486
,"Jeu, 27.09. 08:00",1841.6,1023,818.6,0,0,0,0,0,0,0,432.1,0,13.39999961853027
,"Jeu, 27.09. 09:00",1255.5,591.6,663.9,0,0,0,0,0,0,0,293.3,0,15.39999961853027
,"Jeu, 27.09. 10:00",1124.6,543.2,581.4,0,0,0,0,0,0,0,243,0,17.70000076293945
,"Jeu, 27.09. 11:00",1111,545.4,565.6,0,0,0,0,0,0,0,229.4,0,19.89999961853027
,"Jeu, 27.09. 12:00",1020.6,493,527.6,0,0,0,0,0,0,0,205,0,21.70000076293945
,"Jeu, 27.09. 13:00",1032.5,507.8,524.7,0,0,0,0,0,0,0,202.6,0,22.60000038146973
,"Jeu, 27.09. 14:00",943.8,472.6,471.2,0,0,0,0,0,0,0,184.9,0,22.5
,"Jeu, 27.09. 15:00",973.3,505.8,467.5,0,0,0,0,0,0,0,188.6,0,22.39999961853027
,"Jeu, 27.09. 16:00",1072.4,552.1,520.3,0,0,0,0,0,0,0,210.9,0,21.70000076293945
,"Jeu, 27.09. 17:00",1173.6,556,617.6,0,0,0,0,0,0,0,247.5,0,18.89999961853027
,"Jeu, 27.09. 18:00",1306.8,608.6,698.2,0,0,0,0,0,0,0,298.3,0,15.89999961853027
,"Jeu, 27.09. 19:00",1684.4,753.1,931.3,0,0,0,0,0,0,0,401.3,0,14.69999980926514
,"Jeu, 27.09. 20:00",1882.4,976.5,905.9,0,0,0,0,0,0,0,444.4,0,13.39999961853027
,"Jeu, 27.09. 21:00",1990.3,1119.5,870.8,0,0,0,0,0,0,0,468.5,0,12.5
,"Jeu, 27.09. 22:00",1013.4,517.6,495.8,0,0,0,0,0,0,0,240.6,0,13.39999961853027
,"Jeu, 27.09. 23:00",944.5,643.9,300.6,0,0,0,0,0,0,0,208.3,0,12.5
,"Ven, 28.09. 00:00",1071.7,869,202.7,0,0,0,0,0,0,0,226.9,0,11.30000019073486
,"Ven, 28.09. 01:00",1059.1,945.6,113.5,0,0,0,0,0,0,0,213,0,11.19999980926514
,"Ven, 28.09. 02:00",1039.5,1006.6,32.9,0,0,0,0,0,0,0,202.1,0,10.69999980926514
,"Ven, 28.09. 03:00",1243.7,1211.7,32,0,0,0,0,0,0,0,250.1,0,9.699999809265137
,"Ven, 28.09. 04:00",1298.7,1198.4,100.3,0,0,0,0,0,0,0,269.4,0,9.800000190734863
,"Ven, 28.09. 05:00",1740.4,1431.3,309.1,0,0,0,0,0,0,0,376.3,0,10.30000019073486
,"Ven, 28.09. 06:00",2954.2,2028.1,926.1,0,0,0,0,0,0,0,710.3,0,9.5
,"Ven, 28.09. 07:00",2590.3,1631.5,958.8,0,0,0,0,0,0,0,617.7,0,11.10000038146973
,"Ven, 28.09. 08:00",1668,824.7,843.3,0,0,0,0,0,0,0,397.6,0,14.10000038146973
,"Ven, 28.09. 09:00",1221.3,543.1,678.2,0,0,0,0,0,0,0,280.9,0,16.39999961853027
,"Ven, 28.09. 10:00",1146.8,523.3,623.5,0,0,0,0,0,0,0,247.1,0,18.70000076293945
,"Ven, 28.09. 11:00",905.5,420.4,485.1,0,0,0,0,0,0,0,183.1,0,21.89999961853027
,"Ven, 28.09. 12:00",953.2,435.1,518.1,0,0,0,0,0,0,0,191.4,0,22.39999961853027
,"Ven, 28.09. 13:00",935.7,435.2,500.5,0,0,0,0,0,0,0,183.9,0,23.29999923706055
,"Ven, 28.09. 14:00",879.5,417.2,462.3,0,0,0,0,0,0,0,170.5,0,23.79999923706055
,"Ven, 28.09. 15:00",969.7,478.3,491.4,0,0,0,0,0,0,0,185,0,24
,"Ven, 28.09. 16:00",941.6,459.8,481.8,0,0,0,0,0,0,0,183.3,0,23
,"Ven, 28.09. 17:00",1108.7,496.4,612.3,0,0,0,0,0,0,0,235.6,0,19.39999961853027
,"Ven, 28.09. 18:00",1171.7,515.1,656.6,0,0,0,0,0,0,0,267.5,0,16.39999961853027
,"Ven, 28.09. 19:00",1371.7,547.4,824.3,0,0,0,0,0,0,0,327,0,15.69999980926514
,"Ven, 28.09. 20:00",1581.4,692.7,888.7,0,0,0,0,0,0,0,380.4,0,14.39999961853027
,"Ven, 28.09. 21:00",1809.2,937,872.2,0,0,0,0,0,0,0,429.7,0,13.10000038146973
,"Ven, 28.09. 22:00",1293.5,761.6,531.9,0,0,0,0,0,0,0,302.1,0,12.39999961853027
,"Ven, 28.09. 23:00",1289,963.7,325.3,0,0,0,0,0,0,0,284,0,11.30000019073486
,"Sam, 29.09. 00:00",1212.6,970.2,242.4,0,0,0,0,0,0,0,260.3,0,11.10000038146973
,"Sam, 29.09. 01:00",849.8,724.9,124.9,0,0,0,0,0,0,0,171.7,0,11.80000019073486
,"Sam, 29.09. 02:00",1153.6,1076.7,76.9,0,0,0,0,0,0,0,232.6,0,10.39999961853027
,"Sam, 29.09. 03:00",1235.9,1200.1,35.8,0,0,0,0,0,0,0,244.5,0,10.19999980926514
,"Sam, 29.09. 04:00",1063.6,998,65.6,0,0,0,0,0,0,0,208.5,0,11
,"Sam, 29.09. 05:00",1501,1433.4,67.6,0,0,0,0,0,0,0,298.2,0,10.19999980926514
,"Sam, 29.09. 06:00",1761.4,1674.9,86.5,0,0,0,0,0,0,0,351.7,0,10
,"Sam, 29.09. 07:00",1671.9,1473.4,198.5,0,0,0,0,0,0,0,342.8,0,10.89999961853027
,"Sam, 29.09. 08:00",1036.7,560.7,476,0,0,0,0,0,0,0,238,0,14.39999961853027
,"Sam, 29.09. 09:00",1363.2,415.2,948,0,0,0,0,0,0,0,344.8,0,15.80000019073486
,"Sam, 29.09. 10:00",1431,392.2,1038.8,0,0,0,0,0,0,0,343.6,0,18.5
,"Sam, 29.09. 11:00",1371.3,356.3,1015,0,0,0,0,0,0,0,312.5,0,21.29999923706055
,"Sam, 29.09. 12:00",1255.4,342.5,912.9,0,0,0,0,0,0,0,272.2,0,23.20000076293945
,"Sam, 29.09. 13:00",1176.1,365.3,810.8,0,0,0,0,0,0,0,251.8,0,22.89999961853027
,"Sam, 29.09. 14:00",1089.1,356.7,732.4,0,0,0,0,0,0,0,223.4,0,24.5
,"Sam, 29.09. 15:00",1001,371.3,629.7,0,0,0,0,0,0,0,209,0,22.60000038146973
,"Sam, 29.09. 16:00",1014.1,389.8,624.3,0,0,0,0,0,0,0,216,0,21.29999923706055
,"Sam, 29.09. 17:00",1081,412.8,668.2,0,0,0,0,0,0,0,234.3,0,20.29999923706055
,"Sam, 29.09. 18:00",1161.8,447.5,714.3,0,0,0,0,0,0,0,257.7,0,18.89999961853027
,"Sam, 29.09. 19:00",1234.6,481.2,753.4,0,0,0,0,0,0,0,275.2,0,18.29999923706055
,"Sam, 29.09. 20:00",1199.3,482.8,716.5,0,0,0,0,0,0,0,272.4,0,17.10000038146973
,"Sam, 29.09. 21:00",1068.2,471.2,597,0,0,0,0,0,0,0,245.8,0,15.60000038146973
,"Sam, 29.09. 22:00",704.3,239.4,464.9,0,0,0,0,0,0,0,179.2,0,14.5
,"Sam, 29.09. 23:00",395.4,82.3,313.1,0,0,0,0,0,0,0,103.5,0,16.29999923706055
,"Dim, 30.09. 00:00",257.8,33.7,224.1,0,0,0,0,0,0,0,72,0,15.39999961853027
,"Dim, 30.09. 01:00",348,213.1,134.9,0,0,0,0,0,0,0,76.2,0,14.19999980926514
,"Dim, 30.09. 02:00",395.2,313.8,81.4,0,0,0,0,0,0,0,77.5,0,13.80000019073486
,"Dim, 30.09. 03:00",282.9,252.4,30.5,0,0,0,0,0,0,0,51.2,0,13.89999961853027
,"Dim, 30.09. 04:00",393.1,313.9,79.2,0,0,0,0,0,0,0,76.5,0,13.89999961853027
,"Dim, 30.09. 05:00",389.7,315,74.7,0,0,0,0,0,0,0,73.3,0,14.30000019073486
,"Dim, 30.09. 06:00",563.8,465.9,97.9,0,0,0,0,0,0,0,104.5,0,14.19999980926514
,"Dim, 30.09. 07:00",502.8,288.7,214.1,0,0,0,0,0,0,0,109.8,0,15.10000038146973
,"Dim, 30.09. 08:00",686.9,209.6,477.3,0,0,0,0,0,0,0,173.3,0,15.89999961853027
,"Dim, 30.09. 09:00",1198.5,207.3,991.2,0,0,0,0,0,0,0,321.7,0,16.20000076293945
,"Dim, 30.09. 10:00",1241.7,191.9,1049.8,0,0,0,0,0,0,0,339.6,0,15.80000019073486
,"Dim, 30.09. 11:00",1338.2,194.9,1143.3,0,0,0,0,0,0,0,365.4,0,16
,"Dim, 30.09. 12:00",1145.7,174.6,971.1,0,0,0,0,0,0,0,312.8,0,15.89999961853027
,"Dim, 30.09. 13:00",975.8,175.3,800.5,0,0,0,0,0,0,0,260.1,0,16.29999923706055
,"Dim, 30.09. 14:00",866,167.7,698.3,0,0,0,0,0,0,0,225.6,0,16.89999961853027
,"Dim, 30.09. 15:00",734.5,164,570.5,0,0,0,0,0,0,0,186.3,0,17.29999923706055
,"Dim, 30.09. 16:00",785.3,186.9,598.4,0,0,0,0,0,0,0,198.9,0,17
,"Dim, 30.09. 17:00",889.9,210,679.9,0,0,0,0,0,0,0,229.8,0,16.29999923706055
,"Dim, 30.09. 18:00",895.9,210.1,685.8,0,0,0,0,0,0,0,238.4,0,15.10000038146973
,"Dim, 30.09. 19:00",1101,294.3,806.7,0,0,0,0,0,0,0,289.5,0,14.80000019073486
,"Dim, 30.09. 20:00",1070.1,329.8,740.3,0,0,0,0,0,0,0,276.4,0,14.60000038146973
,"Dim, 30.09. 21:00",1315.8,687.4,628.4,0,0,0,0,0,0,0,315,0,12.89999961853027
,"Dim, 30.09. 22:00",1397.1,919.4,477.7,0,0,0,0,0,0,0,327,0,11.10000038146973
,"Dim, 30.09. 23:00",1706.4,1396.2,310.2,0,0,0,0,0,0,0,390.3,0,8.899999618530273
,"Lun, 01.10. 00:00",1998.3,1794.5,203.8,0,0,0,0,0,0,0,458.6,0,7.300000190734863
,"Lun, 01.10. 01:00",2087.8,1973.8,114,0,0,0,0,0,0,0,470.8,0,7
,"Lun, 01.10. 02:00",1869.2,1837.3,31.9,0,0,0,0,0,0,0,413.2,0,6.900000095367432
,"Lun, 01.10. 03:00",1829.4,1797.6,31.8,0,0,0,0,0,0,0,399.6,0,7.199999809265137
,"Lun, 01.10. 04:00",2086.2,1976.4,109.8,0,0,0,0,0,0,0,464.2,0,7.300000190734863
,"Lun, 01.10. 05:00",2588.4,2262.2,326.2,0,0,0,0,0,0,0,576.9,0,8.399999618530273
,"Lun, 01.10. 06:00",3914.9,3011,903.9,0,0,0,0,0,0,0,957.8,0,7.300000190734863
,"Lun, 01.10. 07:00",3511.8,2611.7,900.1,0,0,0,0,0,0,0,851.3,0,8.399999618530273
,"Lun, 01.10. 08:00",2620.1,1843.4,776.7,0,0,0,0,0,0,0,608.6,0,10.89999961853027
,"Lun, 01.10. 09:00",2009.5,1360.7,648.8,0,0,0,0,0,0,0,447.1,0,12.80000019073486
,"Lun, 01.10. 10:00",1585.2,1029,556.2,0,0,0,0,0,0,0,347.7,0,13.89999961853027
,"Lun, 01.10. 11:00",1366,818.3,547.7,0,0,0,0,0,0,0,292.8,0,15.69999980926514
,"Lun, 01.10. 12:00",1353,799.9,553.1,0,0,0,0,0,0,0,284.3,0,16.39999961853027
,"Lun, 01.10. 13:00",1345.6,807.1,538.5,0,0,0,0,0,0,0,282.9,0,16.20000076293945
,"Lun, 01.10. 14:00",1198.8,729.1,469.7,0,0,0,0,0,0,0,252.1,0,16.10000038146973
,"Lun, 01.10. 15:00",1222.5,765.5,457,0,0,0,0,0,0,0,260,0,15.30000019073486
,"Lun, 01.10. 16:00",1406.5,882.4,524.1,0,0,0,0,0,0,0,302.2,0,14.89999961853027
,"Lun, 01.10. 17:00",1604.4,1002.1,602.3,0,0,0,0,0,0,0,350.8,0,14.19999980926514
,"Lun, 01.10. 18:00",1784.1,1102.6,681.5,0,0,0,0,0,0,0,391.3,0,14.10000038146973
,"Lun, 01.10. 19:00",1996.2,1195,801.2,0,0,0,0,0,0,0,449.9,0,13.5
,"Lun, 01.10. 20:00",2298.4,1348.4,950,0,0,0,0,0,0,0,517.2,0,13.60000038146973
,"Lun, 01.10. 21:00",2193.4,1298.2,895.2,0,0,0,0,0,0,0,491.9,0,13.39999961853027
,"Lun, 01.10. 22:00",1299.2,794.8,504.4,0,0,0,0,0,0,0,297.4,0,12.60000038146973
,"Lun, 01.10. 23:00",1115.4,812.5,302.9,0,0,0,0,0,0,0,243,0,12
,"Mar, 02.10. 00:00",893.4,693.6,199.8,0,0,0,0,0,0,0,188.4,0,12
,"Mar, 02.10. 01:00",849.2,736.9,112.3,0,0,0,0,0,0,0,168.4,0,12
,"Mar, 02.10. 02:00",813,779.8,33.2,0,0,0,0,0,0,0,152.6,0,11.69999980926514
,"Mar, 02.10. 03:00",847,816.2,30.8,0,0,0,0,0,0,0,161,0,11.30000019073486
,"Mar, 02.10. 04:00",910.6,803,107.6,0,0,0,0,0,0,0,179.1,0,11.89999961853027
,"Mar, 02.10. 05:00",1469.1,1145.2,323.9,0,0,0,0,0,0,0,311.6,0,11.60000038146973
,"Mar, 02.10. 06:00",2198,1372.3,825.7,0,0,0,0,0,0,0,520.1,0,11.19999980926514
,"Mar, 02.10. 07:00",2128.2,1199.5,928.7,0,0,0,0,0,0,0,507,0,12.39999961853027
,"Mar, 02.10. 08:00",1546.3,800.2,746.1,0,0,0,0,0,0,0,369.8,0,13.39999961853027
,"Mar, 02.10. 09:00",1283.7,594.4,689.3,0,0,0,0,0,0,0,307.9,0,14.5
,"Mar, 02.10. 10:00",1079.8,505.1,574.7,0,0,0,0,0,0,0,257,0,14.60000038146973
,"Mar, 02.10. 11:00",945.3,407.7,537.6,0,0,0,0,0,0,0,217.4,0,16.5
,"Mar, 02.10. 12:00",961.1,407,554.1,0,0,0,0,0,0,0,213.3,0,18
,"Mar, 02.10. 13:00",879,380,499,0,0,0,0,0,0,0,192.6,0,18.39999961853027
,"Mar, 02.10. 14:00",901.6,397.7,503.9,0,0,0,0,0,0,0,196.8,0,18.39999961853027
,"Mar, 02.10. 15:00",839.8,386.4,453.4,0,0,0,0,0,0,0,185.9,0,17.20000076293945
,"Mar, 02.10. 16:00",935.7,426.3,509.4,0,0,0,0,0,0,0,216.5,0,15.80000019073486
,"Mar, 02.10. 17:00",1009.2,430.7,578.5,0,0,0,0,0,0,0,243.2,0,14.89999961853027
,"Mar, 02.10. 18:00",1235.7,574.2,661.5,0,0,0,0,0,0,0,294.3,0,14.39999961853027
,"Mar, 02.10. 19:00",1575,708.4,866.6,0,0,0,0,0,0,0,381.9,0,14
,"Mar, 02.10. 20:00",1674,750.6,923.4,0,0,0,0,0,0,0,406.5,0,13.89999961853027
,"Mar, 02.10. 21:00",1895,1007.5,887.5,0,0,0,0,0,0,0,454.6,0,12.5
,"Mar, 02.10. 22:00",1363,862.9,500.1,0,0,0,0,0,0,0,317.8,0,11.60000038146973
,"Mar, 02.10. 23:00",1216.9,910.6,306.3,0,0,0,0,0,0,0,268.7,0,11.19999980926514
,"Mer, 03.10. 00:00",1258.8,1050.2,208.6,0,0,0,0,0,0,0,268.1,0,10.69999980926514
,"Mer, 03.10. 01:00",1040,937.5,102.5,0,0,0,0,0,0,0,210.7,0,10.89999961853027
,"Mer, 03.10. 02:00",1019.9,987.1,32.8,0,0,0,0,0,0,0,197,0,10.89999961853027
,"Mer, 03.10. 03:00",1303.1,1270.8,32.3,0,0,0,0,0,0,0,262.7,0,9.600000381469727
,"Mer, 03.10. 04:00",1589.7,1485.1,104.6,0,0,0,0,0,0,0,337.9,0,8.899999618530273
,"Mer, 03.10. 05:00",2010.5,1705.1,305.4,0,0,0,0,0,0,0,437.6,0,9.600000381469727
,"Mer, 03.10. 06:00",3309.8,2384.4,925.4,0,0,0,0,0,0,0,788.6,0,9.100000381469727
,"Mer, 03.10. 07:00",2925.3,1985.7,939.6,0,0,0,0,0,0,0,690.5,0,10.5
,"Mer, 03.10. 08:00",2201,1358.1,842.9,0,0,0,0,0,0,0,508.2,0,12.69999980926514
,"Mer, 03.10. 09:00",1611.3,960.2,651.1,0,0,0,0,0,0,0,365.3,0,13.80000019073486
,"Mer, 03.10. 10:00",1306.1,695,611.1,0,0,0,0,0,0,0,296.2,0,15.10000038146973
,"Mer, 03.10. 11:00",1296.7,757.9,538.8,0,0,0,0,0,0,0,290.1,0,14.39999961853027
,"Mer, 03.10. 12:00",1174.3,625.1,549.2,0,0,0,0,0,0,0,242.4,0,18.39999961853027
,"Mer, 03.10. 13:00",1044.3,565,479.3,0,0,0,0,0,0,0,210.6,0,19.39999961853027
,"Mer, 03.10. 14:00",1015.6,558.5,457.1,0,0,0,0,0,0,0,206.3,0,18.70000076293945
,"Mer, 03.10. 15:00",1149.6,653.7,495.9,0,0,0,0,0,0,0,241.6,0,16.70000076293945
,"Mer, 03.10. 16:00",1239.8,699.4,540.4,0,0,0,0,0,0,0,275.6,0,15
,"Mer, 03.10. 17:00",1585.7,968,617.7,0,0,0,0,0,0,0,355.4,0,13.60000038146973
,"Mer, 03.10. 18:00",1895.8,1183.5,712.3,0,0,0,0,0,0,0,427.9,0,13
,"Mer, 03.10. 19:00",2360.3,1401,959.3,0,0,0,0,0,0,0,547.9,0,12.60000038146973
,"Mer, 03.10. 20:00",2134.2,1256.6,877.6,0,0,0,0,0,0,0,495.9,0,12.5
,"Mer, 03.10. 21:00",2383.3,1448.4,934.9,0,0,0,0,0,0,0,554.2,0,12
,"Mer, 03.10. 22:00",1598,1066.7,531.3,0,0,0,0,0,0,0,368.5,0,11.30000019073486
,"Mer, 03.10. 23:00",1346.5,1036.9,309.6,0,0,0,0,0,0,0,296.7,0,10.89999961853027
,"Jeu, 04.10. 00:00",1414.8,1212.1,202.7,0,0,0,0,0,0,0,300.7,0,10.39999961853027
,"Jeu, 04.10. 01:00",1494.4,1383.9,110.5,0,0,0,0,0,0,0,310.5,0,9.800000190734863
,"Jeu, 04.10. 02:00",1420.5,1389,31.5,0,0,0,0,0,0,0,288.8,0,9.399999618530273
,"Jeu, 04.10. 03:00",1561.5,1530,31.5,0,0,0,0,0,0,0,322.3,0,8.899999618530273
,"Jeu, 04.10. 04:00",2003.9,1896,107.9,0,0,0,0,0,0,0,430.1,0,8.399999618530273
,"Jeu, 04.10. 05:00",3055.5,2743.3,312.2,0,0,0,0,0,0,0,677.8,0,8
,"Jeu, 04.10. 06:00",4745.1,3818.5,926.6,0,0,0,0,0,0,0,1109.3,0,8
,"Jeu, 04.10. 07:00",4372.6,3477,895.6,0,0,0,0,0,0,0,1042.1,0,8
,"Jeu, 04.10. 08:00",4041,3220.5,820.5,0,0,0,0,0,0,0,963.3,0,8.300000190734863
,"Jeu, 04.10. 09:00",3326,2686.8,639.2,0,0,0,0,0,0,0,766.9,0,9.199999809265137
,"Jeu, 04.10. 10:00",2804.6,2216.3,588.3,0,0,0,0,0,0,0,610.9,0,11.30000019073486
,"Jeu, 04.10. 11:00",2395.9,1840,555.9,0,0,0,0,0,0,0,502.8,0,12.89999961853027
,"Jeu, 04.10. 12:00",2312.5,1772.9,539.6,0,0,0,0,0,0,0,486.1,0,12.80000019073486
,"Jeu, 04.10. 13:00",2108.7,1603.1,505.6,0,0,0,0,0,0,0,436.4,0,13.39999961853027
,"Jeu, 04.10. 14:00",2248.5,1757.2,491.3,0,0,0,0,0,0,0,468.2,0,12.80000019073486
,"Jeu, 04.10. 15:00",2727.8,2240.3,487.5,0,0,0,0,0,0,0,583.9,0,11.10000038146973
,"Jeu, 04.10. 16:00",2897.7,2396.2,501.5,0,0,0,0,0,0,0,633.8,0,10.30000019073486
,"Jeu, 04.10. 17:00",3393.6,2755.6,638,0,0,0,0,0,0,0,775.5,0,9.100000381469727
,"Jeu, 04.10. 18:00",3796.3,3068.6,727.7,0,0,0,0,0,0,0,883.8,0,8.5
,"Jeu, 04.10. 19:00",4276.3,3352.1,924.2,0,0,0,0,0,0,0,1029.5,0,7.699999809265137
,"Jeu, 04.10. 20:00",4447.2,3491.8,955.4,0,0,0,0,0,0,0,1088.4,0,7
,"Jeu, 04.10. 21:00",4329.6,3365.6,964,0,0,0,0,0,0,0,1034.2,0,7.800000190734863
,"Jeu, 04.10. 22:00",2725.7,2203.6,522.1,0,0,0,0,0,0,0,655.1,0,7.300000190734863
,"Jeu, 04.10. 23:00",2436.4,2128.1,308.3,0,0,0,0,0,0,0,579.2,0,6.599999904632568
,"Ven, 05.10. 00:00",2333.2,2136.4,196.8,0,0,0,0,0,0,0,547.9,0,6.300000190734863
,"Ven, 05.10. 01:00",2427.5,2317.9,109.6,0,0,0,0,0,0,0,563,0,6
,"Ven, 05.10. 02:00",2251.2,2220.2,31,0,0,0,0,0,0,0,517,0,5.699999809265137
,"Ven, 05.10. 03:00",2685.5,2651.7,33.8,0,0,0,0,0,0,0,628.4,0,5
,"Ven, 05.10. 04:00",2969.7,2863.9,105.8,0,0,0,0,0,0,0,710.1,0,4.699999809265137
,"Ven, 05.10. 05:00",4051.2,3751.3,299.9,0,0,0,0,0,0,0,962.3,0,5.300000190734863
,"Ven, 05.10. 06:00",6225.3,5323.8,901.5,0,0,0,0,0,0,0,1532,0,5.300000190734863
,"Ven, 05.10. 07:00",6120.4,5177.2,943.2,0,0,0,0,0,0,0,1521.6,0,5.599999904632568
,"Ven, 05.10. 08:00",5240.8,4442.9,797.9,0,0,0,0,0,0,0,1304.7,0,5.900000095367432
,"Ven, 05.10. 09:00",4668.9,4015.9,653,0,0,0,0,0,0,0,1132.5,0,6.599999904632568
,"Ven, 05.10. 10:00",4394.3,3787,607.3,0,0,0,0,0,0,0,1029.7,0,7.699999809265137
,"Ven, 05.10. 11:00",3873.5,3327.4,546.1,0,0,0,0,0,0,0,878.4,0,8.800000190734863
,"Ven, 05.10. 12:00",3307.3,2761.5,545.8,0,0,0,0,0,0,0,704,0,11.19999980926514
,"Ven, 05.10. 13:00",3252.6,2715.5,537.1,0,0,0,0,0,0,0,680.6,0,11.69999980926514
,"Ven, 05.10. 14:00",3116.2,2624.1,492.1,0,0,0,0,0,0,0,651.7,0,11.60000038146973
,"Ven, 05.10. 15:00",3324.9,2836.7,488.2,0,0,0,0,0,0,0,695.4,0,11.30000019073486
,"Ven, 05.10. 16:00",3691.5,3184.1,507.4,0,0,0,0,0,0,0,805,0,9.800000190734863
,"Ven, 05.10. 17:00",4722,4025.5,696.5,0,0,0,0,0,0,0,1091.9,0,8
,"Ven, 05.10. 18:00",4702.3,4008.7,693.6,0,0,0,0,0,0,0,1123.8,0,6.800000190734863
,"Ven, 05.10. 19:00",5707.9,4727.1,980.8,0,0,0,0,0,0,0,1392.8,0,6.400000095367432
,"Ven, 05.10. 20:00",5759.8,4812.2,947.6,0,0,0,0,0,0,0,1471.4,0,4.5
,"Ven, 05.10. 21:00",5717.6,4816.4,901.2,0,0,0,0,0,0,0,1491.9,0,3.5
,"Ven, 05.10. 22:00",3609.1,3116.6,492.5,0,0,0,0,0,0,0,941.4,0,3.400000095367432
,"Ven, 05.10. 23:00",3397,3064.5,332.5,0,0,0,0,0,0,0,858.8,0,4
,"Sam, 06.10. 00:00",3107.8,2887.6,220.2,0,0,0,0,0,0,0,804.5,0,2.700000047683716
,"Sam, 06.10. 01:00",3133.2,3008.1,125.1,0,0,0,0,0,0,0,814.9,0,2
,"Sam, 06.10. 02:00",3056.9,2984.3,72.6,0,0,0,0,0,0,0,786.7,0,2.099999904632568
,"Sam, 06.10. 03:00",3208.1,3175.1,33,0,0,0,0,0,0,0,822.1,0,1.899999976158142
,"Sam, 06.10. 04:00",3711.8,3645.5,66.3,0,0,0,0,0,0,0,971.4,0,1.299999952316284
,"Sam, 06.10. 05:00",4326.6,4264,62.6,0,0,0,0,0,0,0,1097.7,0,2
,"Sam, 06.10. 06:00",5440.6,5359.5,81.1,0,0,0,0,0,0,0,1385.4,0,1.700000047683716
,"Sam, 06.10. 07:00",5561.8,5367.1,194.7,0,0,0,0,0,0,0,1414.1,0,2.5
,"Sam, 06.10. 08:00",4905.5,4392.6,512.9,0,0,0,0,0,0,0,1215.9,0,5
,"Sam, 06.10. 09:00",4630.7,3651.3,979.4,0,0,0,0,0,0,0,1134.3,0,7.400000095367432
,"Sam, 06.10. 10:00",4147.6,3063.9,1083.7,0,0,0,0,0,0,0,971.5,0,9.800000190734863
,"Sam, 06.10. 11:00",3464.9,2392.6,1072.3,0,0,0,0,0,0,0,781.3,0,12
,"Sam, 06.10. 12:00",3078.3,2055.2,1023.1,0,0,0,0,0,0,0,664.5,0,13.89999961853027
,"Sam, 06.10. 13:00",2634.2,1805.4,828.8,0,0,0,0,0,0,0,545.7,0,14.80000019073486
,"Sam, 06.10. 14:00",2400.1,1673.5,726.6,0,0,0,0,0,0,0,488.1,0,15.19999980926514
,"Sam, 06.10. 15:00",2364.9,1740.4,624.5,0,0,0,0,0,0,0,463.8,0,15.39999961853027
,"Sam, 06.10. 16:00",2981.1,2317.9,663.2,0,0,0,0,0,0,0,606.4,0,13.39999961853027
,"Sam, 06.10. 17:00",3342.1,2686.6,655.5,0,0,0,0,0,0,0,715.9,0,11.19999980926514
,"Sam, 06.10. 18:00",3895.9,3180.3,715.6,0,0,0,0,0,0,0,862.2,0,9.899999618530273
,"Sam, 06.10. 19:00",4708.1,3850.9,857.2,0,0,0,0,0,0,0,1045.6,0,9.600000381469727
,"Sam, 06.10. 20:00",4513.8,3720.7,793.1,0,0,0,0,0,0,0,989.4,0,9.699999809265137
,"Sam, 06.10. 21:00",3830.3,3238.4,591.9,0,0,0,0,0,0,0,810.6,0,10.10000038146973
,"Sam, 06.10. 22:00",2288.2,1817.5,470.7,0,0,0,0,0,0,0,517,0,9.5
,"Sam, 06.10. 23:00",2160,1836.7,323.3,0,0,0,0,0,0,0,491.1,0,8.5
,"Dim, 07.10. 00:00",1963,1733.8,229.2,0,0,0,0,0,0,0,446.1,0,7.900000095367432
,"Dim, 07.10. 01:00",2000.7,1870.2,130.5,0,0,0,0,0,0,0,451.5,0,7.199999809265137
,"Dim, 07.10. 02:00",2312.1,2233.8,78.3,0,0,0,0,0,0,0,535.2,0,5.800000190734863
,"Dim, 07.10. 03:00",2317.7,2284.4,33.3,0,0,0,0,0,0,0,537.1,0,5.400000095367432
,"Dim, 07.10. 04:00",2707.2,2629,78.2,0,0,0,0,0,0,0,643.6,0,4.800000190734863
,"Dim, 07.10. 05:00",3352,3276.5,75.5,0,0,0,0,0,0,0,802.4,0,4.199999809265137
,"Dim, 07.10. 06:00",3945.5,3848.4,97.1,0,0,0,0,0,0,0,923,0,4.800000190734863
,"Dim, 07.10. 07:00",3632.4,3422.1,210.3,0,0,0,0,0,0,0,823,0,6.800000190734863
,"Dim, 07.10. 08:00",3274.6,2739,535.6,0,0,0,0,0,0,0,750.9,0,8.699999809265137
,"Dim, 07.10. 09:00",3120.7,2117.1,1003.6,0,0,0,0,0,0,0,734.6,0,10.80000019073486
,"Dim, 07.10. 10:00",2555.8,1577.9,977.9,0,0,0,0,0,0,0,597.2,0,12.19999980926514
,"Dim, 07.10. 11:00",2610.6,1508.4,1102.2,0,0,0,0,0,0,0,610.5,0,13
,"Dim, 07.10. 12:00",2410.3,1397.5,1012.8,0,0,0,0,0,0,0,556.3,0,13.39999961853027
,"Dim, 07.10. 13:00",1847.5,1029.2,818.3,0,0,0,0,0,0,0,413.1,0,15
,"Dim, 07.10. 14:00",1700.7,987.1,713.6,0,0,0,0,0,0,0,366.2,0,15.80000019073486
,"Dim, 07.10. 15:00",1697.1,1057.5,639.6,0,0,0,0,0,0,0,349.7,0,16.20000076293945
,"Dim, 07.10. 16:00",1610.2,1034.6,575.6,0,0,0,0,0,0,0,325.6,0,16.29999923706055
,"Dim, 07.10. 17:00",2010.2,1361.4,648.8,0,0,0,0,0,0,0,426.6,0,14
,"Dim, 07.10. 18:00",2518.4,1773.2,745.2,0,0,0,0,0,0,0,542.6,0,12.89999961853027
,"Dim, 07.10. 19:00",2532,1777.8,754.2,0,0,0,0,0,0,0,543.9,0,12.89999961853027
,"Dim, 07.10. 20:00",2785.5,2014.5,771,0,0,0,0,0,0,0,593.8,0,12.5
,"Dim, 07.10. 21:00",2443.8,1831.4,612.4,0,0,0,0,0,0,0,509.7,0,12.39999961853027
,"Dim, 07.10. 22:00",1575.4,1096.5,478.9,0,0,0,0,0,0,0,352.5,0,11.69999980926514
,"Dim, 07.10. 23:00",1212.2,903.3,308.9,0,0,0,0,0,0,0,262.5,0,11.89999961853027
,"Lun, 08.10. 00:00",965.3,775.8,189.5,0,0,0,0,0,0,0,202.6,0,11.69999980926514
,"Lun, 08.10. 01:00",1221.6,1113.9,107.7,0,0,0,0,0,0,0,250.3,0,10.39999961853027
,"Lun, 08.10. 02:00",1330.9,1298.9,32,0,0,0,0,0,0,0,270.6,0,9.399999618530273
,"Lun, 08.10. 03:00",1822.1,1787,35.1,0,0,0,0,0,0,0,389,0,7.900000095367432
,"Lun, 08.10. 04:00",2014.2,1901,113.2,0,0,0,0,0,0,0,441.8,0,7.800000190734863
,"Lun, 08.10. 05:00",2703.5,2369.9,333.6,0,0,0,0,0,0,0,609.4,0,8
,"Lun, 08.10. 06:00",3715.8,2827.5,888.3,0,0,0,0,0,0,0,901.7,0,7.699999809265137
,"Lun, 08.10. 07:00",3234.2,2369.1,865.1,0,0,0,0,0,0,0,778,0,8.899999618530273
,"Lun, 08.10. 08:00",2694.7,1852.5,842.2,0,0,0,0,0,0,0,621.7,0,11.39999961853027
,"Lun, 08.10. 09:00",1912.1,1222.2,689.9,0,0,0,0,0,0,0,424.2,0,13.69999980926514
,"Lun, 08.10. 10:00",1548.4,908.3,640.1,0,0,0,0,0,0,0,338.9,0,15.30000019073486
,"Lun, 08.10. 11:00",1407,835.9,571.1,0,0,0,0,0,0,0,281.3,0,18
,"Lun, 08.10. 12:00",1274.1,747.1,527,0,0,0,0,0,0,0,251.8,0,19
,"Lun, 08.10. 13:00",1307.6,777.9,529.7,0,0,0,0,0,0,0,255.3,0,19.39999961853027
,"Lun, 08.10. 14:00",1150.5,694.2,456.3,0,0,0,0,0,0,0,219,0,20.79999923706055
,"Lun, 08.10. 15:00",1222.4,759.6,462.8,0,0,0,0,0,0,0,233.5,0,19.60000038146973
,"Lun, 08.10. 16:00",1317.7,812.7,505,0,0,0,0,0,0,0,259.8,0,17.60000038146973
,"Lun, 08.10. 17:00",1534.6,885.9,648.7,0,0,0,0,0,0,0,333.2,0,15.39999961853027
,"Lun, 08.10. 18:00",2051.2,1368.6,682.6,0,0,0,0,0,0,0,455.3,0,12.69999980926514
,"Lun, 08.10. 19:00",2820.5,1834.3,986.2,0,0,0,0,0,0,0,648.1,0,11.80000019073486
,"Lun, 08.10. 20:00",3385.7,2385.1,1000.6,0,0,0,0,0,0,0,814.3,0,9.199999809265137
,"Lun, 08.10. 21:00",2830.2,1970.1,860.1,0,0,0,0,0,0,0,670.8,0,9.699999809265137
,"Lun, 08.10. 22:00",1714.1,1234.5,479.6,0,0,0,0,0,0,0,396.9,0,10.19999980926514
,"Lun, 08.10. 23:00",1387.1,1083.6,303.5,0,0,0,0,0,0,0,305.6,0,10.69999980926514
,"Mar, 09.10. 00:00",1403.8,1203.6,200.2,0,0,0,0,0,0,0,304.1,0,9.800000190734863
,"Mar, 09.10. 01:00",1869.9,1760.9,109,0,0,0,0,0,0,0,417.1,0,7.400000095367432
,"Mar, 09.10. 02:00",1381.6,1350.8,30.8,0,0,0,0,0,0,0,287,0,8.800000190734863
,"Mar, 09.10. 03:00",1152.5,1120.5,32,0,0,0,0,0,0,0,226.9,0,10.30000019073486
,"Mar, 09.10. 04:00",1450,1336.6,113.4,0,0,0,0,0,0,0,296.7,0,10.19999980926514
,"Mar, 09.10. 05:00",1911.1,1608.8,302.3,0,0,0,0,0,0,0,407.3,0,10.30000019073486
,"Mar, 09.10. 06:00",2926.8,2091,835.8,0,0,0,0,0,0,0,680,0,10
,"Mar, 09.10. 07:00",3097.5,2157.4,940.1,0,0,0,0,0,0,0,728.5,0,10.30000019073486
,"Mar, 09.10. 08:00",2406.2,1634.6,771.6,0,0,0,0,0,0,0,558.8,0,11.30000019073486
,"Mar, 09.10. 09:00",1992.5,1308.2,684.3,0,0,0,0,0,0,0,447.6,0,12.89999961853027
,"Mar, 09.10. 10:00",1390.7,785.5,605.2,0,0,0,0,0,0,0,306,0,15.5
,"Mar, 09.10. 11:00",1337.8,765.7,572.1,0,0,0,0,0,0,0,281.6,0,16.70000076293945
,"Mar, 09.10. 12:00",1274.9,719.7,555.2,0,0,0,0,0,0,0,258.1,0,18.29999923706055
,"Mar, 09.10. 13:00",1255.4,719.7,535.7,0,0,0,0,0,0,0,260.9,0,17
,"Mar, 09.10. 14:00",1196.8,696.4,500.4,0,0,0,0,0,0,0,248.6,0,16.89999961853027
,"Mar, 09.10. 15:00",1124,674.8,449.2,0,0,0,0,0,0,0,232.9,0,16.5
,"Mar, 09.10. 16:00",1238.8,737.9,500.9,0,0,0,0,0,0,0,262.5,0,15.89999961853027
,"Mar, 09.10. 17:00",1360.5,755.9,604.6,0,0,0,0,0,0,0,303.1,0,15
,"Mar, 09.10. 18:00",1983.2,1227.4,755.8,0,0,0,0,0,0,0,441.3,0,13.60000038146973
,"Mar, 09.10. 19:00",2490.1,1557.8,932.3,0,0,0,0,0,0,0,573.4,0,12.19999980926514
,"Mar, 09.10. 20:00",3023.7,1983,1040.7,0,0,0,0,0,0,0,710.4,0,10.89999961853027
,"Mar, 09.10. 21:00",2882.7,1975,907.7,0,0,0,0,0,0,0,685.5,0,9.800000190734863
,"Mar, 09.10. 22:00",1825.9,1319.9,506,0,0,0,0,0,0,0,424.7,0,10
,"Mar, 09.10. 23:00",1562.1,1254.6,307.5,0,0,0,0,0,0,0,348.9,0,9.899999618530273
,"Mer, 10.10. 00:00",1339.1,1124,215.1,0,0,0,0,0,0,0,288.3,0,10.30000019073486
,"Mer, 10.10. 01:00",1060.6,953.6,107,0,0,0,0,0,0,0,215.6,0,10.80000019073486
,"Mer, 10.10. 02:00",933.1,898.5,34.6,0,0,0,0,0,0,0,177.7,0,11.30000019073486
,"Mer, 10.10. 03:00",909.4,876.2,33.2,0,0,0,0,0,0,0,172.9,0,11.30000019073486
,"Mer, 10.10. 04:00",1162,1048.5,113.5,0,0,0,0,0,0,0,233.5,0,11
,"Mer, 10.10. 05:00",1463.2,1157.3,305.9,0,0,0,0,0,0,0,311.5,0,11.30000019073486
,"Mer, 10.10. 06:00",2380.9,1471.8,909.1,0,0,0,0,0,0,0,560.2,0,11.5
,"Mer, 10.10. 07:00",2253,1328.7,924.3,0,0,0,0,0,0,0,536.5,0,11.89999961853027
,"Mer, 10.10. 08:00",1725.8,945,780.8,0,0,0,0,0,0,0,410.7,0,13
,"Mer, 10.10. 09:00",1244.7,579.1,665.6,0,0,0,0,0,0,0,297.4,0,14.60000038146973
,"Mer, 10.10. 10:00",1088.9,476.5,612.4,0,0,0,0,0,0,0,253.4,0,16.10000038146973
,"Mer, 10.10. 11:00",1012.9,451,561.9,0,0,0,0,0,0,0,221.5,0,18.10000038146973
,"Mer, 10.10. 12:00",892.1,390.6,501.5,0,0,0,0,0,0,0,192.3,0,19.10000038146973
,"Mer, 10.10. 13:00",922.8,412,510.8,0,0,0,0,0,0,0,196.2,0,19.60000038146973
,"Mer, 10.10. 14:00",902.6,411.1,491.5,0,0,0,0,0,0,0,190.8,0,19.70000076293945
,"Mer, 10.10. 15:00",883.9,419.6,464.3,0,0,0,0,0,0,0,187.6,0,18.70000076293945
,"Mer, 10.10. 16:00",974.8,457.7,517.1,0,0,0,0,0,0,0,211.2,0,17.70000076293945
,"Mer, 10.10. 17:00",1127.9,484.6,643.3,0,0,0,0,0,0,0,260.4,0,16.29999923706055
,"Mer, 10.10. 18:00",1318,604.5,713.5,0,0,0,0,0,0,0,313.6,0,14.60000038146973
,"Mer, 10.10. 19:00",1744.5,866.1,878.4,0,0,0,0,0,0,0,418.7,0,13.39999961853027
,"Mer, 10.10. 20:00",2403.6,1428.6,975,0,0,0,0,0,0,0,581.7,0,11.10000038146973
,"Mer, 10.10. 21:00",1919.1,935.7,983.4,0,0,0,0,0,0,0,459.9,0,13.39999961853027
,"Mer, 10.10. 22:00",1019.1,512.3,506.8,0,0,0,0,0,0,0,244,0,13.30000019073486
,"Mer, 10.10. 23:00",817.1,478.7,338.4,0,0,0,0,0,0,0,186,0,13.39999961853027
,"Jeu, 11.10. 00:00",676.8,463.4,213.4,0,0,0,0,0,0,0,145.4,0,13.30000019073486
,"Jeu, 11.10. 01:00",496.8,387.2,109.6,0,0,0,0,0,0,0,99.3,0,13.60000038146973
,"Jeu, 11.10. 02:00",453.9,420,33.9,0,0,0,0,0,0,0,81.6,0,13.5
,"Jeu, 11.10. 03:00",737.1,704.7,32.4,0,0,0,0,0,0,0,136.1,0,12.10000038146973
,"Jeu, 11.10. 04:00",1316.3,1204.5,111.8,0,0,0,0,0,0,0,269.4,0,10.30000019073486
,"Jeu, 11.10. 05:00",1711,1411.1,299.9,0,0,0,0,0,0,0,370.7,0,10.19999980926514
,"Jeu, 11.10. 06:00",2594.7,1747.2,847.5,0,0,0,0,0,0,0,617.4,0,10.10000038146973
,"Jeu, 11.10. 07:00",2410.9,1568.9,842,0,0,0,0,0,0,0,578.4,0,10.5
,"Jeu, 11.10. 08:00",1719.6,946.2,773.4,0,0,0,0,0,0,0,405.7,0,13.30000019073486
,"Jeu, 11.10. 09:00",1191.9,545.1,646.8,0,0,0,0,0,0,0,282.6,0,15.10000038146973
,"Jeu, 11.10. 10:00",1144.3,536.7,607.6,0,0,0,0,0,0,0,256.7,0,16.70000076293945
,"Jeu, 11.10. 11:00",980.5,467.8,512.7,0,0,0,0,0,0,0,207.1,0,19
,"Jeu, 11.10. 12:00",1029,483.1,545.9,0,0,0,0,0,0,0,214.4,0,20
,"Jeu, 11.10. 13:00",940.7,449.7,491,0,0,0,0,0,0,0,193.4,0,20.39999961853027
,"Jeu, 11.10. 14:00",979,476.8,502.2,0,0,0,0,0,0,0,201.3,0,20.20000076293945
,"Jeu, 11.10. 15:00",1026.9,519.8,507.1,0,0,0,0,0,0,0,213.9,0,18.70000076293945
,"Jeu, 11.10. 16:00",1017.8,510.1,507.7,0,0,0,0,0,0,0,218.8,0,17.29999923706055
,"Jeu, 11.10. 17:00",1173,540.2,632.8,0,0,0,0,0,0,0,271.4,0,15.60000038146973
,"Jeu, 11.10. 18:00",1676.8,947.3,729.5,0,0,0,0,0,0,0,387.4,0,13.39999961853027
,"Jeu, 11.10. 19:00",2172.2,1245.9,926.3,0,0,0,0,0,0,0,515.9,0,12.19999980926514
,"Jeu, 11.10. 20:00",2298.4,1370.3,928.1,0,0,0,0,0,0,0,551,0,11.39999961853027
,"Jeu, 11.10. 21:00",2429.1,1472.1,957,0,0,0,0,0,0,0,580.6,0,11.19999980926514
,"Jeu, 11.10. 22:00",1800.3,1277.1,523.2,0,0,0,0,0,0,0,422.4,0,10
,"Jeu, 11.10. 23:00",1331.4,1048.2,283.2,0,0,0,0,0,0,0,297.1,0,10.19999980926514
,"Ven, 12.10. 00:00",1448.6,1245.1,203.5,0,0,0,0,0,0,0,313.6,0,9.800000190734863
,"Ven, 12.10. 01:00",1596,1490.7,105.3,0,0,0,0,0,0,0,345,0,8.5
,"Ven, 12.10. 02:00",1732,1697,35,0,0,0,0,0,0,0,367.2,0,8.199999809265137
,"Ven, 12.10. 03:00",1891,1858.4,32.6,0,0,0,0,0,0,0,416.2,0,7
,"Ven, 12.10. 04:00",1815.3,1704.6,110.7,0,0,0,0,0,0,0,389,0,8.600000381469727
,"Ven, 12.10. 05:00",2729.7,2419.9,309.8,0,0,0,0,0,0,0,625.6,0,7.300000190734863
,"Ven, 12.10. 06:00",4785.5,3818.9,966.6,0,0,0,0,0,0,0,1227.3,0,5.099999904632568
,"Ven, 12.10. 07:00",3851.4,2934.1,917.3,0,0,0,0,0,0,0,949.1,0,7.5
,"Ven, 12.10. 08:00",2669.5,1886.1,783.4,0,0,0,0,0,0,0,615.1,0,11.10000038146973
,"Ven, 12.10. 09:00",1981.1,1286.4,694.7,0,0,0,0,0,0,0,435.4,0,13.89999961853027
,"Ven, 12.10. 10:00",1505,920.4,584.6,0,0,0,0,0,0,0,310,0,16.70000076293945
,"Ven, 12.10. 11:00",1478.7,914.7,564,0,0,0,0,0,0,0,288.7,0,18.60000038146973
,"Ven, 12.10. 12:00",1294,790.8,503.2,0,0,0,0,0,0,0,246.6,0,20.39999961853027
,"Ven, 12.10. 13:00",1333.1,825.8,507.3,0,0,0,0,0,0,0,251.1,0,20.79999923706055
,"Ven, 12.10. 14:00",1337.8,839.7,498.1,0,0,0,0,0,0,0,250.9,0,20.89999961853027
,"Ven, 12.10. 15:00",1339.4,864.3,475.1,0,0,0,0,0,0,0,249,0,20.39999961853027
,"Ven, 12.10. 16:00",1330.9,852.6,478.3,0,0,0,0,0,0,0,252.4,0,19.20000076293945
,"Ven, 12.10. 17:00",1609,968.6,640.4,0,0,0,0,0,0,0,338.4,0,15.89999961853027
,"Ven, 12.10. 18:00",2035.2,1297.1,738.1,0,0,0,0,0,0,0,442.5,0,14
,"Ven, 12.10. 19:00",2860.1,1913.1,947,0,0,0,0,0,0,0,653.9,0,11.60000038146973
,"Ven, 12.10. 20:00",3027.9,2039.8,988.1,0,0,0,0,0,0,0,698.2,0,11.10000038146973
,"Ven, 12.10. 21:00",3341.5,2363.7,977.8,0,0,0,0,0,0,0,789.1,0,9.600000381469727
,"Ven, 12.10. 22:00",1987.7,1468.9,518.8,0,0,0,0,0,0,0,462.4,0,9.699999809265137
,"Ven, 12.10. 23:00",1832.2,1505,327.2,0,0,0,0,0,0,0,412.3,0,9.300000190734863
,"Sam, 13.10. 00:00",1928.4,1701.1,227.3,0,0,0,0,0,0,0,440.9,0,7.699999809265137
,"Sam, 13.10. 01:00",1522.8,1389.6,133.2,0,0,0,0,0,0,0,324.4,0,9.300000190734863
,"Sam, 13.10. 02:00",1585.8,1504.6,81.2,0,0,0,0,0,0,0,332.5,0,9.100000381469727
,"Sam, 13.10. 03:00",1777.1,1741.7,35.4,0,0,0,0,0,0,0,377.8,0,8.100000381469727
,"Sam, 13.10. 04:00",2109.2,2040.6,68.6,0,0,0,0,0,0,0,465,0,7.199999809265137
,"Sam, 13.10. 05:00",2446.3,2379.7,66.6,0,0,0,0,0,0,0,526,0,7.599999904632568
,"Sam, 13.10. 06:00",3142.4,3052.2,90.2,0,0,0,0,0,0,0,677.2,0,7.400000095367432
,"Sam, 13.10. 07:00",2944.6,2743.5,201.1,0,0,0,0,0,0,0,639.6,0,8.300000190734863
,"Sam, 13.10. 08:00",2595.4,2029.1,566.3,0,0,0,0,0,0,0,567.1,0,11.19999980926514
,"Sam, 13.10. 09:00",2171.5,1190.4,981.1,0,0,0,0,0,0,0,505.7,0,13.80000019073486
,"Sam, 13.10. 10:00",1745.6,789.7,955.9,0,0,0,0,0,0,0,400.8,0,16.20000076293945
,"Sam, 13.10. 11:00",1858.6,807.3,1051.3,0,0,0,0,0,0,0,407.3,0,18.39999961853027
,"Sam, 13.10. 12:00",1830.5,825,1005.5,0,0,0,0,0,0,0,379.9,0,20.79999923706055
,"Sam, 13.10. 13:00",1501.1,744.8,756.3,0,0,0,0,0,0,0,304.4,0,20.5
,"Sam, 13.10. 14:00",1641,846.6,794.4,0,0,0,0,0,0,0,336.2,0,19.39999961853027
,"Sam, 13.10. 15:00",1505.2,848.4,656.8,0,0,0,0,0,0,0,301.7,0,18.70000076293945
,"Sam, 13.10. 16:00",1393.3,804.2,589.1,0,0,0,0,0,0,0,284.5,0,17.29999923706055
,"Sam, 13.10. 17:00",1707.7,981.6,726.1,0,0,0,0,0,0,0,362.9,0,16
,"Sam, 13.10. 18:00",2217.2,1456.1,761.1,0,0,0,0,0,0,0,488.3,0,13.10000038146973
,"Sam, 13.10. 19:00",2651,1863.1,787.9,0,0,0,0,0,0,0,596.9,0,11.39999961853027
,"Sam, 13.10. 20:00",2578.3,1806.3,772,0,0,0,0,0,0,0,569,0,11.89999961853027
,"Sam, 13.10. 21:00",2367.5,1768.3,599.2,0,0,0,0,0,0,0,511.3,0,11.5
,"Sam, 13.10. 22:00",1439,953.3,485.7,0,0,0,0,0,0,0,325.2,0,12
,"Sam, 13.10. 23:00",1336.6,1022.2,314.4,0,0,0,0,0,0,0,294.4,0,11
,"Dim, 14.10. 00:00",1177.9,953,224.9,0,0,0,0,0,0,0,253.6,0,10.89999961853027
,"Dim, 14.10. 01:00",1184,1048.2,135.8,0,0,0,0,0,0,0,244.2,0,10.69999980926514
,"Dim, 14.10. 02:00",1324.1,1245.2,78.9,0,0,0,0,0,0,0,272,0,9.800000190734863
,"Dim, 14.10. 03:00",1446,1414.7,31.3,0,0,0,0,0,0,0,304.3,0,8.399999618530273
,"Dim, 14.10. 04:00",1489.6,1417.7,71.9,0,0,0,0,0,0,0,314.4,0,8.800000190734863
,"Dim, 14.10. 05:00",2009.6,1927.7,81.9,0,0,0,0,0,0,0,417.4,0,8.899999618530273
,"Dim, 14.10. 06:00",1922.7,1830.5,92.2,0,0,0,0,0,0,0,384.5,0,9.899999618530273
,"Dim, 14.10. 07:00",2117,1895.5,221.5,0,0,0,0,0,0,0,435.9,0,10.5
,"Dim, 14.10. 08:00",2043.4,1485.4,558,0,0,0,0,0,0,0,455.1,0,11.60000038146973
,"Dim, 14.10. 09:00",1820.1,824.6,995.5,0,0,0,0,0,0,0,444.6,0,14
,"Dim, 14.10. 10:00",1673.2,585.7,1087.5,0,0,0,0,0,0,0,402.1,0,16.70000076293945
,"Dim, 14.10. 11:00",1810.9,606.2,1204.7,0,0,0,0,0,0,0,423.1,0,18.10000038146973
,"Dim, 14.10. 12:00",1523.2,528.2,995,0,0,0,0,0,0,0,341,0,19.89999961853027
,"Dim, 14.10. 13:00",1375.8,539.2,836.6,0,0,0,0,0,0,0,295.2,0,20.79999923706055
,"Dim, 14.10. 14:00",1173.2,486.6,686.6,0,0,0,0,0,0,0,252.9,0,19.89999961853027
,"Dim, 14.10. 15:00",1172.3,538,634.3,0,0,0,0,0,0,0,244.4,0,20.20000076293945
,"Dim, 14.10. 16:00",1130.8,542.2,588.6,0,0,0,0,0,0,0,237.6,0,19
,"Dim, 14.10. 17:00",1356.8,647,709.8,0,0,0,0,0,0,0,298.6,0,16.89999961853027
,"Dim, 14.10. 18:00",1420.9,696.5,724.4,0,0,0,0,0,0,0,329.6,0,14.80000019073486
,"Dim, 14.10. 19:00",1570.1,782.7,787.4,0,0,0,0,0,0,0,362.3,0,14.69999980926514
,"Dim, 14.10. 20:00",1642.3,854.6,787.7,0,0,0,0,0,0,0,373.4,0,14.60000038146973
,"Dim, 14.10. 21:00",1935,1309,626,0,0,0,0,0,0,0,431.1,0,12
,"Dim, 14.10. 22:00",1273.8,793.9,479.9,0,0,0,0,0,0,0,293.2,0,12.19999980926514
,"Dim, 14.10. 23:00",901.2,598.5,302.7,0,0,0,0,0,0,0,199.9,0,12.69999980926514
,"Lun, 15.10. 00:00",785.8,575.1,210.7,0,0,0,0,0,0,0,166.9,0,12.69999980926514
,"Lun, 15.10. 01:00",798.8,689.8,109,0,0,0,0,0,0,0,158.4,0,12.10000038146973
,"Lun, 15.10. 02:00",1061.5,1028.3,33.2,0,0,0,0,0,0,0,208.1,0,10.5
,"Lun, 15.10. 03:00",1128.7,1095.2,33.5,0,0,0,0,0,0,0,222.6,0,10.30000019073486
,"Lun, 15.10. 04:00",1456.2,1343.9,112.3,0,0,0,0,0,0,0,304.2,0,9.600000381469727
,"Lun, 15.10. 05:00",1775,1434.7,340.3,0,0,0,0,0,0,0,381.8,0,10.69999980926514
,"Lun, 15.10. 06:00",2766.3,1886.3,880,0,0,0,0,0,0,0,669.1,0,9.399999618530273
,"Lun, 15.10. 07:00",2652.8,1667.6,985.2,0,0,0,0,0,0,0,637.4,0,10.89999961853027
,"Lun, 15.10. 08:00",1744,943.3,800.7,0,0,0,0,0,0,0,414.4,0,13.19999980926514
,"Lun, 15.10. 09:00",1144.1,496.9,647.2,0,0,0,0,0,0,0,274.2,0,15.10000038146973
,"Lun, 15.10. 10:00",956.2,426.7,529.5,0,0,0,0,0,0,0,209.2,0,18
,"Lun, 15.10. 11:00",999.8,454.8,545,0,0,0,0,0,0,0,213.1,0,19.20000076293945
,"Lun, 15.10. 12:00",1075.2,480.7,594.5,0,0,0,0,0,0,0,226.2,0,20.10000038146973
,"Lun, 15.10. 13:00",958.2,436.9,521.3,0,0,0,0,0,0,0,198.9,0,20.5
,"Lun, 15.10. 14:00",910.5,423.1,487.4,0,0,0,0,0,0,0,185.4,0,21.39999961853027
,"Lun, 15.10. 15:00",919.7,444.8,474.9,0,0,0,0,0,0,0,185.3,0,21.29999923706055
,"Lun, 15.10. 16:00",1004.9,480.6,524.3,0,0,0,0,0,0,0,207.9,0,19.89999961853027
,"Lun, 15.10. 17:00",1154.3,504.4,649.9,0,0,0,0,0,0,0,251.3,0,18.29999923706055
,"Lun, 15.10. 18:00",1303.4,627.3,676.1,0,0,0,0,0,0,0,307.5,0,14.39999961853027
,"Lun, 15.10. 19:00",1638.3,715.1,923.2,0,0,0,0,0,0,0,395.8,0,14.39999961853027
,"Lun, 15.10. 20:00",1917.5,943.9,973.6,0,0,0,0,0,0,0,460,0,13.39999961853027
,"Lun, 15.10. 21:00",1649.4,713.7,935.7,0,0,0,0,0,0,0,397.7,0,14.30000019073486
,"Lun, 15.10. 22:00",1271.3,765.3,506,0,0,0,0,0,0,0,297.4,0,12.10000038146973
,"Lun, 15.10. 23:00",1179.2,869.3,309.9,0,0,0,0,0,0,0,260.7,0,11.39999961853027
,"Mar, 16.10. 00:00",1208.2,1001.3,206.9,0,0,0,0,0,0,0,258.4,0,10.69999980926514
,"Mar, 16.10. 01:00",1343.3,1222.6,120.7,0,0,0,0,0,0,0,277.6,0,10.19999980926514
,"Mar, 16.10. 02:00",1270.7,1236.9,33.8,0,0,0,0,0,0,0,256.2,0,9.699999809265137
,"Mar, 16.10. 03:00",1060,1026.5,33.5,0,0,0,0,0,0,0,206,0,10.69999980926514
,"Mar, 16.10. 04:00",1263.8,1157,106.8,0,0,0,0,0,0,0,258.8,0,10.30000019073486
,"Mar, 16.10. 05:00",1830.7,1508.9,321.8,0,0,0,0,0,0,0,395.2,0,10.30000019073486
,"Mar, 16.10. 06:00",3140.1,2213.6,926.5,0,0,0,0,0,0,0,760.9,0,8.899999618530273
,"Mar, 16.10. 07:00",2683.1,1807.8,875.3,0,0,0,0,0,0,0,648.3,0,9.800000190734863
,"Mar, 16.10. 08:00",1983.9,1190,793.9,0,0,0,0,0,0,0,465.6,0,12.39999961853027
,"Mar, 16.10. 09:00",1442,726.8,715.2,0,0,0,0,0,0,0,336.6,0,14.60000038146973
,"Mar, 16.10. 10:00",1162.3,560.5,601.8,0,0,0,0,0,0,0,257.9,0,16.70000076293945
,"Mar, 16.10. 11:00",1039.9,510.6,529.3,0,0,0,0,0,0,0,216.9,0,19.10000038146973
,"Mar, 16.10. 12:00",1067.7,516,551.7,0,0,0,0,0,0,0,219.9,0,20.10000038146973
,"Mar, 16.10. 13:00",1048.7,516.3,532.4,0,0,0,0,0,0,0,209.6,0,21.5
,"Mar, 16.10. 14:00",891.5,446.9,444.6,0,0,0,0,0,0,0,176.6,0,21.79999923706055
,"Mar, 16.10. 15:00",981,510.1,470.9,0,0,0,0,0,0,0,194.6,0,21
,"Mar, 16.10. 16:00",1029.8,530.3,499.5,0,0,0,0,0,0,0,209.9,0,19.5
,"Mar, 16.10. 17:00",1272.3,602.5,669.8,0,0,0,0,0,0,0,271.7,0,18.10000038146973
,"Mar, 16.10. 18:00",1348.1,627,721.1,0,0,0,0,0,0,0,301.6,0,16.5
,"Mar, 16.10. 19:00",1712.1,787.2,924.9,0,0,0,0,0,0,0,407.5,0,14.5
,"Mar, 16.10. 20:00",2067.8,1034,1033.8,0,0,0,0,0,0,0,489.4,0,13.69999980926514
,"Mar, 16.10. 21:00",1977.7,1068.3,909.4,0,0,0,0,0,0,0,466.7,0,12.89999961853027
,"Mar, 16.10. 22:00",1298.8,807.4,491.4,0,0,0,0,0,0,0,302.1,0,11.89999961853027
,"Mar, 16.10. 23:00",1152.3,841.8,310.5,0,0,0,0,0,0,0,253.9,0,11.60000038146973
,"Mer, 17.10. 00:00",1123.6,906,217.6,0,0,0,0,0,0,0,237.7,0,11.39999961853027
,"Mer, 17.10. 01:00",1372.5,1256.4,116.1,0,0,0,0,0,0,0,285.7,0,9.899999618530273
,"Mer, 17.10. 02:00",1143.4,1108.4,35,0,0,0,0,0,0,0,224,0,10.5
,"Mer, 17.10. 03:00",1030.4,997.5,32.9,0,0,0,0,0,0,0,199.4,0,10.80000019073486
,"Mer, 17.10. 04:00",1242.9,1128.1,114.8,0,0,0,0,0,0,0,250.1,0,10.89999961853027
,"Mer, 17.10. 05:00",2098.3,1763.3,335,0,0,0,0,0,0,0,457.4,0,9.699999809265137
,"Mer, 17.10. 06:00",2985.8,2039.4,946.4,0,0,0,0,0,0,0,700.5,0,10.30000019073486
,"Mer, 17.10. 07:00",2429.7,1571.4,858.3,0,0,0,0,0,0,0,571.8,0,11.19999980926514
,"Mer, 17.10. 08:00",2034.4,1264.1,770.3,0,0,0,0,0,0,0,474.1,0,12.19999980926514
,"Mer, 17.10. 09:00",1728.2,998.5,729.7,0,0,0,0,0,0,0,394.8,0,13.80000019073486
,"Mer, 17.10. 10:00",1350.3,759.4,590.9,0,0,0,0,0,0,0,306.3,0,14.30000019073486
,"Mer, 17.10. 11:00",1422.5,814.2,608.3,0,0,0,0,0,0,0,320.6,0,14.30000019073486
,"Mer, 17.10. 12:00",1155.5,619.5,536,0,0,0,0,0,0,0,263.3,0,14.69999980926514
,"Mer, 17.10. 13:00",1010,523.2,486.8,0,0,0,0,0,0,0,230.8,0,15
,"Mer, 17.10. 14:00",1054.8,556,498.8,0,0,0,0,0,0,0,238,0,15.30000019073486
,"Mer, 17.10. 15:00",1028.6,561.6,467,0,0,0,0,0,0,0,230.1,0,15.10000038146973
,"Mer, 17.10. 16:00",1208.4,728,480.4,0,0,0,0,0,0,0,267.7,0,14.19999980926514
,"Mer, 17.10. 17:00",1583.6,939.3,644.3,0,0,0,0,0,0,0,358.2,0,13.60000038146973
,"Mer, 17.10. 18:00",1825.4,1117.9,707.5,0,0,0,0,0,0,0,416.2,0,12.89999961853027
,"Mer, 17.10. 19:00",2128.2,1192.6,935.6,0,0,0,0,0,0,0,497.6,0,13
,"Mer, 17.10. 20:00",2090.7,1162.7,928,0,0,0,0,0,0,0,490.3,0,12.89999961853027
,"Mer, 17.10. 21:00",2286.9,1329.3,957.6,0,0,0,0,0,0,0,535.5,0,12.30000019073486
,"Mer, 17.10. 22:00",1360.9,853.2,507.7,0,0,0,0,0,0,0,315.3,0,11.89999961853027
,"Mer, 17.10. 23:00",1281.5,951.5,330,0,0,0,0,0,0,0,282.2,0,11.39999961853027
,"Jeu, 18.10. 00:00",1041.7,840.6,201.1,0,0,0,0,0,0,0,218.6,0,11.69999980926514
,"Jeu, 18.10. 01:00",1095.8,980.7,115.1,0,0,0,0,0,0,0,219.2,0,11.39999961853027
,"Jeu, 18.10. 02:00",1003.3,971.1,32.2,0,0,0,0,0,0,0,192.9,0,11.10000038146973
,"Jeu, 18.10. 03:00",1196.8,1160,36.8,0,0,0,0,0,0,0,230,0,11
,"Jeu, 18.10. 04:00",1421.2,1305.1,116.1,0,0,0,0,0,0,0,285.3,0,10.80000019073486
,"Jeu, 18.10. 05:00",2258.1,1925.5,332.6,0,0,0,0,0,0,0,473.6,0,10.5
,"Jeu, 18.10. 06:00",3812.1,2864.1,948,0,0,0,0,0,0,0,881.4,0,9.399999618530273
,"Jeu, 18.10. 07:00",3622.9,2670,952.9,0,0,0,0,0,0,0,849.9,0,9.600000381469727
,"Jeu, 18.10. 08:00",2715.7,1927.2,788.5,0,0,0,0,0,0,0,618.9,0,11.30000019073486
,"Jeu, 18.10. 09:00",2575.5,1864.6,710.9,0,0,0,0,0,0,0,571.8,0,11.80000019073486
,"Jeu, 18.10. 10:00",1897.7,1287.8,609.9,0,0,0,0,0,0,0,407.2,0,13.80000019073486
,"Jeu, 18.10. 11:00",1727.3,1145.7,581.6,0,0,0,0,0,0,0,367.2,0,14.39999961853027
,"Jeu, 18.10. 12:00",1385.6,870.4,515.2,0,0,0,0,0,0,0,295.1,0,15.10000038146973
,"Jeu, 18.10. 13:00",1455.5,926.5,529,0,0,0,0,0,0,0,304.1,0,15.5
,"Jeu, 18.10. 14:00",1419,914.8,504.2,0,0,0,0,0,0,0,293.9,0,15.69999980926514
,"Jeu, 18.10. 15:00",1534.4,1052.5,481.9,0,0,0,0,0,0,0,320.6,0,14.5
,"Jeu, 18.10. 16:00",1906,1404.5,501.5,0,0,0,0,0,0,0,404.4,0,12.89999961853027
,"Jeu, 18.10. 17:00",2606.6,1921.5,685.1,0,0,0,0,0,0,0,578.1,0,11.39999961853027
,"Jeu, 18.10. 18:00",2908.1,2155.1,753,0,0,0,0,0,0,0,659.2,0,10.60000038146973
,"Jeu, 18.10. 19:00",3633,2733.1,899.9,0,0,0,0,0,0,0,894,0,7.599999904632568
,"Jeu, 18.10. 20:00",4249.1,3241.4,1007.7,0,0,0,0,0,0,0,1076.5,0,6.300000190734863
,"Jeu, 18.10. 21:00",3909.7,2950.1,959.6,0,0,0,0,0,0,0,969.1,0,7.099999904632568
,"Jeu, 18.10. 22:00",2704.1,2200.6,503.5,0,0,0,0,0,0,0,672.3,0,6.099999904632568
,"Jeu, 18.10. 23:00",2522,2197.6,324.4,0,0,0,0,0,0,0,608,0,6.199999809265137
,"Ven, 19.10. 00:00",2203.9,1994,209.9,0,0,0,0,0,0,0,511.5,0,6.900000095367432
,"Ven, 19.10. 01:00",2239.1,2125.8,113.3,0,0,0,0,0,0,0,512.6,0,6.5
,"Ven, 19.10. 02:00",2292.8,2258.4,34.4,0,0,0,0,0,0,0,523.6,0,5.900000095367432
,"Ven, 19.10. 03:00",2549.2,2516.6,32.6,0,0,0,0,0,0,0,610,0,4.300000190734863
,"Ven, 19.10. 04:00",3046.7,2929.3,117.4,0,0,0,0,0,0,0,734.5,0,4.5
,"Ven, 19.10. 05:00",3714.6,3410.8,303.8,0,0,0,0,0,0,0,914.7,0,4.300000190734863
,"Ven, 19.10. 06:00",5157.9,4317.6,840.3,0,0,0,0,0,0,0,1344.3,0,3.700000047683716
,"Ven, 19.10. 07:00",5805.6,4832.6,973,0,0,0,0,0,0,0,1549.1,0,3.299999952316284
,"Ven, 19.10. 08:00",4252.2,3470.7,781.5,0,0,0,0,0,0,0,1059.9,0,6.300000190734863
,"Ven, 19.10. 09:00",3420.9,2769.3,651.6,0,0,0,0,0,0,0,789.2,0,9
,"Ven, 19.10. 10:00",3010.6,2388.9,621.7,0,0,0,0,0,0,0,654.9,0,11.10000038146973
,"Ven, 19.10. 11:00",2376.4,1821.9,554.5,0,0,0,0,0,0,0,494.6,0,13
,"Ven, 19.10. 12:00",2060.4,1494.2,566.2,0,0,0,0,0,0,0,420.6,0,14.5
,"Ven, 19.10. 13:00",1911.9,1371.7,540.2,0,0,0,0,0,0,0,378.7,0,15.5
,"Ven, 19.10. 14:00",1833.4,1328.3,505.1,0,0,0,0,0,0,0,360.3,0,15.69999980926514
,"Ven, 19.10. 15:00",1866.6,1426.2,440.4,0,0,0,0,0,0,0,375.2,0,14.10000038146973
,"Ven, 19.10. 16:00",2214.2,1707.1,507.1,0,0,0,0,0,0,0,449.5,0,13.60000038146973
,"Ven, 19.10. 17:00",2556.6,1961.7,594.9,0,0,0,0,0,0,0,543.9,0,12.10000038146973
,"Ven, 19.10. 18:00",3061.4,2358.6,702.8,0,0,0,0,0,0,0,665.7,0,11.30000019073486
,"Ven, 19.10. 19:00",3354.3,2481.2,873.1,0,0,0,0,0,0,0,747.9,0,11
,"Ven, 19.10. 20:00",3710.2,2759.9,950.3,0,0,0,0,0,0,0,840.1,0,10.30000019073486
,"Ven, 19.10. 21:00",3823.1,2880.6,942.5,0,0,0,0,0,0,0,875.6,0,9.600000381469727
,"Ven, 19.10. 22:00",2471.6,1936,535.6,0,0,0,0,0,0,0,579.8,0,8.600000381469727
,"Ven, 19.10. 23:00",2238,1916.3,321.7,0,0,0,0,0,0,0,518.4,0,7.800000190734863
,"Sam, 20.10. 00:00",2001.3,1766.4,234.9,0,0,0,0,0,0,0,454,0,8
,"Sam, 20.10. 01:00",2208.7,2069.8,138.9,0,0,0,0,0,0,0,503.4,0,6.900000095367432
,"Sam, 20.10. 02:00",2219.1,2137.7,81.4,0,0,0,0,0,0,0,500.7,0,6.699999809265137
,"Sam, 20.10. 03:00",2259,2224.6,34.4,0,0,0,0,0,0,0,511.8,0,6.099999904632568
,"Sam, 20.10. 04:00",2957.3,2890.6,66.7,0,0,0,0,0,0,0,724.1,0,3.700000047683716
,"Sam, 20.10. 05:00",3653.2,3584.5,68.7,0,0,0,0,0,0,0,862.7,0,4.5
,"Sam, 20.10. 06:00",4864.5,4766.8,97.7,0,0,0,0,0,0,0,1135.9,0,4.699999809265137
,"Sam, 20.10. 07:00",4217.7,4008.1,209.6,0,0,0,0,0,0,0,959.8,0,6.5
,"Sam, 20.10. 08:00",3479.1,2975.3,503.8,0,0,0,0,0,0,0,799.7,0,8.300000190734863
,"Sam, 20.10. 09:00",3240.2,2278,962.2,0,0,0,0,0,0,0,751.3,0,10.89999961853027
,"Sam, 20.10. 10:00",2924.5,1826.2,1098.3,0,0,0,0,0,0,0,663.4,0,13.10000038146973
,"Sam, 20.10. 11:00",2551.3,1430.9,1120.4,0,0,0,0,0,0,0,576,0,14.60000038146973
,"Sam, 20.10. 12:00",2324,1306.6,1017.4,0,0,0,0,0,0,0,495.4,0,16.39999961853027
,"Sam, 20.10. 13:00",2008.8,1218.6,790.2,0,0,0,0,0,0,0,396.8,0,17.89999961853027
,"Sam, 20.10. 14:00",1986,1242.1,743.9,0,0,0,0,0,0,0,390.1,0,17.60000038146973
,"Sam, 20.10. 15:00",1833.9,1226.7,607.2,0,0,0,0,0,0,0,356,0,17
,"Sam, 20.10. 16:00",2030.9,1383.6,647.3,0,0,0,0,0,0,0,408.9,0,15.69999980926514
,"Sam, 20.10. 17:00",3011.5,2262.9,748.6,0,0,0,0,0,0,0,649.9,0,12
,"Sam, 20.10. 18:00",3165.3,2440.1,725.2,0,0,0,0,0,0,0,701.7,0,10.69999980926514
,"Sam, 20.10. 19:00",3908.2,3078.7,829.5,0,0,0,0,0,0,0,893.1,0,9.300000190734863
,"Sam, 20.10. 20:00",3921,3101.3,819.7,0,0,0,0,0,0,0,879.3,0,9.699999809265137
,"Sam, 20.10. 21:00",3523.9,2929.8,594.1,0,0,0,0,0,0,0,794.2,0,8.600000381469727
,"Sam, 20.10. 22:00",2436.4,1954.6,481.8,0,0,0,0,0,0,0,574.3,0,8.100000381469727
,"Sam, 20.10. 23:00",2237.9,1922.8,315.1,0,0,0,0,0,0,0,526.9,0,7.199999809265137
,"Dim, 21.10. 00:00",2415.3,2185.4,229.9,0,0,0,0,0,0,0,581.1,0,5.699999809265137
,"Dim, 21.10. 01:00",2369,2233.1,135.9,0,0,0,0,0,0,0,556.1,0,5.800000190734863
,"Dim, 21.10. 02:00",2199.8,2119,80.8,0,0,0,0,0,0,0,499.1,0,6.5
,"Dim, 21.10. 03:00",2408.7,2374,34.7,0,0,0,0,0,0,0,559.5,0,5.300000190734863
,"Dim, 21.10. 04:00",2992.5,2908.8,83.7,0,0,0,0,0,0,0,721.6,0,4.300000190734863
,"Dim, 21.10. 05:00",3162.1,3089.5,72.6,0,0,0,0,0,0,0,749.2,0,4.5
,"Dim, 21.10. 06:00",4144.7,4038.5,106.2,0,0,0,0,0,0,0,938.5,0,5.800000190734863
,"Dim, 21.10. 07:00",4039.2,3817.2,222,0,0,0,0,0,0,0,934,0,6.099999904632568
,"Dim, 21.10. 08:00",3922.1,3352.1,570,0,0,0,0,0,0,0,937.2,0,7
,"Dim, 21.10. 09:00",3175.2,2147.8,1027.4,0,0,0,0,0,0,0,742,0,11.10000038146973
,"Dim, 21.10. 10:00",2724.5,1581.6,1142.9,0,0,0,0,0,0,0,625.5,0,13.60000038146973
,"Dim, 21.10. 11:00",2205.6,1121.9,1083.7,0,0,0,0,0,0,0,491.6,0,16.10000038146973
,"Dim, 21.10. 12:00",2085.3,1088.8,996.5,0,0,0,0,0,0,0,445.1,0,17.20000076293945
,"Dim, 21.10. 13:00",2026.7,1155.8,870.9,0,0,0,0,0,0,0,407.5,0,18.39999961853027
,"Dim, 21.10. 14:00",1779.4,1055.6,723.8,0,0,0,0,0,0,0,351.3,0,18.70000076293945
,"Dim, 21.10. 15:00",1622.7,1031.5,591.2,0,0,0,0,0,0,0,323.6,0,16.89999961853027
,"Dim, 21.10. 16:00",1706.9,1117.7,589.2,0,0,0,0,0,0,0,348.6,0,15.80000019073486
,"Dim, 21.10. 17:00",2465.8,1774.4,691.4,0,0,0,0,0,0,0,528.7,0,12.80000019073486
,"Dim, 21.10. 18:00",3229.1,2436.9,792.2,0,0,0,0,0,0,0,720.7,0,10.80000019073486
,"Dim, 21.10. 19:00",3200.3,2380,820.3,0,0,0,0,0,0,0,707.3,0,11.19999980926514
,"Dim, 21.10. 20:00",3002.9,2244.1,758.8,0,0,0,0,0,0,0,649.6,0,11.60000038146973
,"Dim, 21.10. 21:00",2700,2059.8,640.2,0,0,0,0,0,0,0,566.2,0,12
,"Dim, 21.10. 22:00",1798.4,1313.1,485.3,0,0,0,0,0,0,0,405.7,0,10.80000019073486
,"Dim, 21.10. 23:00",1695.1,1376.6,318.5,0,0,0,0,0,0,0,377.2,0,9.899999618530273
,"Lun, 22.10. 00:00",1704,1507.7,196.3,0,0,0,0,0,0,0,385.4,0,8
,"Lun, 22.10. 01:00",1841.2,1722.9,118.3,0,0,0,0,0,0,0,403.9,0,8
,"Lun, 22.10. 02:00",1614.8,1579.8,35,0,0,0,0,0,0,0,340.3,0,8.399999618530273
,"Lun, 22.10. 03:00",1451.7,1416.4,35.3,0,0,0,0,0,0,0,296.2,0,9.300000190734863
,"Lun, 22.10. 04:00",1482.5,1370.1,112.4,0,0,0,0,0,0,0,307.4,0,9.800000190734863
,"Lun, 22.10. 05:00",2172.2,1843.8,328.4,0,0,0,0,0,0,0,474,0,9.5
,"Lun, 22.10. 06:00",3566.2,2620.9,945.3,0,0,0,0,0,0,0,863.7,0,8.300000190734863
,"Lun, 22.10. 07:00",3000.3,2106.8,893.5,0,0,0,0,0,0,0,719.9,0,9.5
,"Lun, 22.10. 08:00",2286.5,1525.2,761.3,0,0,0,0,0,0,0,533.6,0,11.30000019073486
,"Lun, 22.10. 09:00",2227.8,1519,708.8,0,0,0,0,0,0,0,506.8,0,11.80000019073486
,"Lun, 22.10. 10:00",1350.8,742.8,608,0,0,0,0,0,0,0,304.1,0,14.89999961853027
,"Lun, 22.10. 11:00",1328.9,732.3,596.6,0,0,0,0,0,0,0,283.4,0,16.60000038146973
,"Lun, 22.10. 12:00",1196.7,650.4,546.3,0,0,0,0,0,0,0,251.5,0,17.20000076293945
,"Lun, 22.10. 13:00",1201.7,663.9,537.8,0,0,0,0,0,0,0,252.4,0,17
,"Lun, 22.10. 14:00",1045.2,586.7,458.5,0,0,0,0,0,0,0,218.2,0,17.10000038146973
,"Lun, 22.10. 15:00",1120.3,649.4,470.9,0,0,0,0,0,0,0,237.3,0,16.20000076293945
,"Lun, 22.10. 16:00",1174.3,674.9,499.4,0,0,0,0,0,0,0,254.9,0,15.5
,"Lun, 22.10. 17:00",1384.4,766.8,617.6,0,0,0,0,0,0,0,310.9,0,14.69999980926514
,"Lun, 22.10. 18:00",1656.8,965.5,691.3,0,0,0,0,0,0,0,372,0,14
,"Lun, 22.10. 19:00",2210.1,1285.4,924.7,0,0,0,0,0,0,0,510.4,0,13
,"Lun, 22.10. 20:00",2010.3,1084.3,926,0,0,0,0,0,0,0,463.5,0,13.80000019073486
,"Lun, 22.10. 21:00",2279.2,1285.3,993.9,0,0,0,0,0,0,0,524.5,0,13.19999980926514
,"Lun, 22.10. 22:00",1350.2,806.7,543.5,0,0,0,0,0,0,0,312.7,0,12.5
,"Lun, 22.10. 23:00",1016.3,715.1,301.2,0,0,0,0,0,0,0,223.4,0,12.19999980926514
,"Mar, 23.10. 00:00",1204.4,995.2,209.2,0,0,0,0,0,0,0,255.5,0,11
,"Mar, 23.10. 01:00",1235.9,1125.3,110.6,0,0,0,0,0,0,0,253.7,0,10.39999961853027
,"Mar, 23.10. 02:00",909.7,877.6,32.1,0,0,0,0,0,0,0,172.9,0,11.39999961853027
,"Mar, 23.10. 03:00",1179.7,1144.4,35.3,0,0,0,0,0,0,0,229.2,0,10.69999980926514
,"Mar, 23.10. 04:00",1409.2,1303.5,105.7,0,0,0,0,0,0,0,289.9,0,10
,"Mar, 23.10. 05:00",2283.9,1958.5,325.4,0,0,0,0,0,0,0,493.4,0,9.600000381469727
,"Mar, 23.10. 06:00",3244.9,2362.7,882.2,0,0,0,0,0,0,0,749.9,0,9.899999618530273
,"Mar, 23.10. 07:00",3180.7,2248,932.7,0,0,0,0,0,0,0,740.8,0,10.39999961853027
,"Mar, 23.10. 08:00",2401.7,1590.4,811.3,0,0,0,0,0,0,0,544.2,0,12.39999961853027
,"Mar, 23.10. 09:00",1566.4,930.6,635.8,0,0,0,0,0,0,0,344.4,0,14.80000019073486
,"Mar, 23.10. 10:00",1474.8,877.8,597,0,0,0,0,0,0,0,292.2,0,18.10000038146973
,"Mar, 23.10. 11:00",1535.5,926.6,608.9,0,0,0,0,0,0,0,301.5,0,18.39999961853027
,"Mar, 23.10. 12:00",1313.3,782.9,530.4,0,0,0,0,0,0,0,258.8,0,18.5
,"Mar, 23.10. 13:00",1296.8,784.5,512.3,0,0,0,0,0,0,0,269.2,0,16.29999923706055
,"Mar, 23.10. 14:00",1323.9,820.3,503.6,0,0,0,0,0,0,0,285.9,0,14.89999961853027
,"Mar, 23.10. 15:00",1764.5,1268.8,495.7,0,0,0,0,0,0,0,376.1,0,13.10000038146973
,"Mar, 23.10. 16:00",1947,1461.8,485.2,0,0,0,0,0,0,0,423.4,0,11.80000019073486
,"Mar, 23.10. 17:00",2498.3,1827.2,671.1,0,0,0,0,0,0,0,562.9,0,11
,"Mar, 23.10. 18:00",2992.8,2212.1,780.7,0,0,0,0,0,0,0,691.3,0,10
,"Mar, 23.10. 19:00",3078.9,2171.9,907,0,0,0,0,0,0,0,733.1,0,9.600000381469727
,"Mar, 23.10. 20:00",3329.5,2323.2,1006.3,0,0,0,0,0,0,0,793.8,0,9.600000381469727
,"Mar, 23.10. 21:00",3198.6,2269.4,929.2,0,0,0,0,0,0,0,765.6,0,9.100000381469727
,"Mar, 23.10. 22:00",2338.8,1804.9,533.9,0,0,0,0,0,0,0,559.9,0,8.199999809265137
,"Mar, 23.10. 23:00",2133.2,1803,330.2,0,0,0,0,0,0,0,494.9,0,7.900000095367432
,"Mer, 24.10. 00:00",2064.1,1852.3,211.8,0,0,0,0,0,0,0,467.6,0,7.800000190734863
,"Mer, 24.10. 01:00",1961.2,1846.1,115.1,0,0,0,0,0,0,0,429.5,0,8.100000381469727
,"Mer, 24.10. 02:00",2062.9,2027.2,35.7,0,0,0,0,0,0,0,448.8,0,7.5
,"Mer, 24.10. 03:00",1909.4,1877,32.4,0,0,0,0,0,0,0,412.9,0,7.599999904632568
,"Mer, 24.10. 04:00",2587,2467.5,119.5,0,0,0,0,0,0,0,578.4,0,7.099999904632568
,"Mer, 24.10. 05:00",3517.2,3197.8,319.4,0,0,0,0,0,0,0,794.7,0,7.199999809265137
,"Mer, 24.10. 06:00",5570.4,4648.9,921.5,0,0,0,0,0,0,0,1358.4,0,6
,"Mer, 24.10. 07:00",5706.6,4734.7,971.9,0,0,0,0,0,0,0,1434.1,0,5.5
,"Mer, 24.10. 08:00",4869.1,4006.7,862.4,0,0,0,0,0,0,0,1185.5,0,7
,"Mer, 24.10. 09:00",4064.2,3332.7,731.5,0,0,0,0,0,0,0,920.4,0,9.399999618530273
,"Mer, 24.10. 10:00",3112.5,2532.9,579.6,0,0,0,0,0,0,0,673.9,0,10.89999961853027
,"Mer, 24.10. 11:00",2906.2,2324.5,581.7,0,0,0,0,0,0,0,603.3,0,12.39999961853027
,"Mer, 24.10. 12:00",2905.2,2346.3,558.9,0,0,0,0,0,0,0,614.7,0,11.69999980926514
,"Mer, 24.10. 13:00",2627.6,2119.7,507.9,0,0,0,0,0,0,0,546.5,0,12.19999980926514
,"Mer, 24.10. 14:00",2769.9,2299.8,470.1,0,0,0,0,0,0,0,591.6,0,11
,"Mer, 24.10. 15:00",2874.5,2416.5,458,0,0,0,0,0,0,0,612.7,0,10.80000019073486
,"Mer, 24.10. 16:00",3479.7,2968.2,511.5,0,0,0,0,0,0,0,777.3,0,9.100000381469727
,"Mer, 24.10. 17:00",4136.8,3451.4,685.4,0,0,0,0,0,0,0,959.2,0,8.199999809265137
,"Mer, 24.10. 18:00",4537,3769.8,767.2,0,0,0,0,0,0,0,1073,0,7.5
,"Mer, 24.10. 19:00",4929.4,4001.8,927.6,0,0,0,0,0,0,0,1221.3,0,6.199999809265137
,"Mer, 24.10. 20:00",4926.7,3968.4,958.3,0,0,0,0,0,0,0,1216.8,0,6.300000190734863
,"Mer, 24.10. 21:00",5279.7,4320.1,959.6,0,0,0,0,0,0,0,1345.3,0,4.800000190734863
,"Mer, 24.10. 22:00",3246.3,2722.3,524,0,0,0,0,0,0,0,817,0,5.199999809265137
,"Mer, 24.10. 23:00",2943.3,2640.9,302.4,0,0,0,0,0,0,0,746.3,0,4
,"Jeu, 25.10. 00:00",2797,2582.8,214.2,0,0,0,0,0,0,0,693.7,0,4.300000190734863
,"Jeu, 25.10. 01:00",2703,2593,110,0,0,0,0,0,0,0,665.8,0,3.900000095367432
,"Jeu, 25.10. 02:00",2628,2594.3,33.7,0,0,0,0,0,0,0,636.2,0,4
,"Jeu, 25.10. 03:00",2861.6,2825.5,36.1,0,0,0,0,0,0,0,691.7,0,4
,"Jeu, 25.10. 04:00",3142.9,3024.4,118.5,0,0,0,0,0,0,0,766.9,0,4.099999904632568
,"Jeu, 25.10. 05:00",3781,3441.6,339.4,0,0,0,0,0,0,0,893.6,0,5.800000190734863
,"Jeu, 25.10. 06:00",5318.3,4377.5,940.8,0,0,0,0,0,0,0,1321.2,0,5.599999904632568
,"Jeu, 25.10. 07:00",4922.1,3986.4,935.7,0,0,0,0,0,0,0,1225.7,0,6.199999809265137
,"Jeu, 25.10. 08:00",4079.2,3265.4,813.8,0,0,0,0,0,0,0,981.9,0,7.800000190734863
,"Jeu, 25.10. 09:00",3309.6,2671.8,637.8,0,0,0,0,0,0,0,761.8,0,9.100000381469727
,"Jeu, 25.10. 10:00",2937.5,2344.9,592.6,0,0,0,0,0,0,0,645.5,0,10.69999980926514
,"Jeu, 25.10. 11:00",2369.3,1809.4,559.9,0,0,0,0,0,0,0,492.4,0,13.10000038146973
,"Jeu, 25.10. 12:00",1811,1284.4,526.6,0,0,0,0,0,0,0,361.1,0,15.5
,"Jeu, 25.10. 13:00",1869.7,1340,529.7,0,0,0,0,0,0,0,375.8,0,15.10000038146973
,"Jeu, 25.10. 14:00",1757.5,1271.8,485.7,0,0,0,0,0,0,0,351.3,0,15.19999980926514
,"Jeu, 25.10. 15:00",1954.2,1471.3,482.9,0,0,0,0,0,0,0,391.1,0,14.5
,"Jeu, 25.10. 16:00",2185.5,1662.8,522.7,0,0,0,0,0,0,0,441,0,14
,"Jeu, 25.10. 17:00",2787.4,2159.8,627.6,0,0,0,0,0,0,0,600.2,0,11.60000038146973
,"Jeu, 25.10. 18:00",3130.8,2413.8,717,0,0,0,0,0,0,0,682.7,0,11.19999980926514
,"Jeu, 25.10. 19:00",3636.7,2754.7,882,0,0,0,0,0,0,0,836.6,0,9.699999809265137
,"Jeu, 25.10. 20:00",4060.5,3060.9,999.6,0,0,0,0,0,0,0,937.4,0,9.5
,"Jeu, 25.10. 21:00",3796.7,2902.4,894.3,0,0,0,0,0,0,0,889.1,0,8.699999809265137
,"Jeu, 25.10. 22:00",2389.3,1853.6,535.7,0,0,0,0,0,0,0,558,0,8.899999618530273
,"Jeu, 25.10. 23:00",1966,1634.7,331.3,0,0,0,0,0,0,0,442.4,0,9.199999809265137
,"Ven, 26.10. 00:00",1633.5,1423.3,210.2,0,0,0,0,0,0,0,357.4,0,9.300000190734863
,"Ven, 26.10. 01:00",1630.9,1522.1,108.8,0,0,0,0,0,0,0,351,0,8.699999809265137
,"Ven, 26.10. 02:00",1731.7,1697.2,34.5,0,0,0,0,0,0,0,367.9,0,8.199999809265137
,"Ven, 26.10. 03:00",2295.6,2257.1,38.5,0,0,0,0,0,0,0,507.6,0,6.900000095367432
,"Ven, 26.10. 04:00",2214,2104.1,109.9,0,0,0,0,0,0,0,497.4,0,7
,"Ven, 26.10. 05:00",2844.2,2535.8,308.4,0,0,0,0,0,0,0,640.2,0,7.699999809265137
,"Ven, 26.10. 06:00",4310.9,3405.5,905.4,0,0,0,0,0,0,0,1023.3,0,7.800000190734863
,"Ven, 26.10. 07:00",4218.3,3262.4,955.9,0,0,0,0,0,0,0,1004.2,0,8.399999618530273
,"Ven, 26.10. 08:00",3225.3,2434.6,790.7,0,0,0,0,0,0,0,743.5,0,10.10000038146973
,"Ven, 26.10. 09:00",2515.6,1876.9,638.7,0,0,0,0,0,0,0,549.7,0,11.89999961853027
,"Ven, 26.10. 10:00",2305.7,1682.2,623.5,0,0,0,0,0,0,0,488.2,0,13.19999980926514
,"Ven, 26.10. 11:00",2047,1423.9,623.1,0,0,0,0,0,0,0,423.9,0,14.60000038146973
,"Ven, 26.10. 12:00",1738.7,1172.2,566.5,0,0,0,0,0,0,0,357.4,0,15.30000019073486
,"Ven, 26.10. 13:00",1653.1,1127.4,525.7,0,0,0,0,0,0,0,335.3,0,15.5
,"Ven, 26.10. 14:00",1913.6,1402.8,510.8,0,0,0,0,0,0,0,397.4,0,13.80000019073486
,"Ven, 26.10. 15:00",2033,1563.7,469.3,0,0,0,0,0,0,0,423.3,0,12.89999961853027
,"Ven, 26.10. 16:00",2516,1992.4,523.6,0,0,0,0,0,0,0,539.4,0,11.5
,"Ven, 26.10. 17:00",3181.6,2487.1,694.5,0,0,0,0,0,0,0,716.5,0,10.10000038146973
,"Ven, 26.10. 18:00",3571.3,2816,755.3,0,0,0,0,0,0,0,832.2,0,8.800000190734863
,"Ven, 26.10. 19:00",3769.2,2876.4,892.8,0,0,0,0,0,0,0,910.3,0,8
,"Ven, 26.10. 20:00",4551.1,3510.1,1041,0,0,0,0,0,0,0,1129.3,0,6.800000190734863
,"Ven, 26.10. 21:00",3977.9,3025,952.9,0,0,0,0,0,0,0,960.5,0,7.800000190734863
,"Ven, 26.10. 22:00",2426.3,1874,552.3,0,0,0,0,0,0,0,571.3,0,8.699999809265137
,"Ven, 26.10. 23:00",1640.2,1349.2,291,0,0,0,0,0,0,0,368.1,0,9.399999618530273
,"Sam, 27.10. 00:00",1646.8,1418.8,228,0,0,0,0,0,0,0,363.7,0,9.199999809265137
,"Sam, 27.10. 01:00",1545.8,1408.3,137.5,0,0,0,0,0,0,0,326.8,0,9.600000381469727
,"Sam, 27.10. 02:00",1603.7,1523.5,80.2,0,0,0,0,0,0,0,336.3,0,9.100000381469727
,"Sam, 27.10. 03:00",1503.8,1471.2,32.6,0,0,0,0,0,0,0,310,0,9
,"Sam, 27.10. 04:00",1871.7,1801.7,70,0,0,0,0,0,0,0,390.9,0,8.899999618530273
,"Sam, 27.10. 05:00",2545.7,2479,66.7,0,0,0,0,0,0,0,528.7,0,8.5
,"Sam, 27.10. 06:00",3556.6,3468.2,88.4,0,0,0,0,0,0,0,756.9,0,7.599999904632568
,"Sam, 27.10. 07:00",3451.2,3261.8,189.4,0,0,0,0,0,0,0,770.1,0,7.199999809265137
,"Sam, 27.10. 08:00",3860.6,3308,552.6,0,0,0,0,0,0,0,914.9,0,7.199999809265137
,"Sam, 27.10. 09:00",3545.4,2562,983.4,0,0,0,0,0,0,0,858.7,0,9
,"Sam, 27.10. 10:00",3186.7,2053.2,1133.5,0,0,0,0,0,0,0,745.9,0,11.60000038146973
,"Sam, 27.10. 11:00",2593.2,1436.3,1156.9,0,0,0,0,0,0,0,595.6,0,14.10000038146973
,"Sam, 27.10. 12:00",2123.3,1135.3,988,0,0,0,0,0,0,0,475.3,0,15.39999961853027
,"Sam, 27.10. 13:00",2081.7,1206.5,875.2,0,0,0,0,0,0,0,420.5,0,17.60000038146973
,"Sam, 27.10. 14:00",1857.6,1112.5,745.1,0,0,0,0,0,0,0,370.7,0,17.70000076293945
,"Sam, 27.10. 15:00",1779.1,1145.2,633.9,0,0,0,0,0,0,0,363.4,0,16
,"Sam, 27.10. 16:00",2094.9,1485.5,609.4,0,0,0,0,0,0,0,445.1,0,13.39999961853027
,"Sam, 27.10. 17:00",2563.9,1870.9,693,0,0,0,0,0,0,0,555,0,12.30000019073486
,"Sam, 27.10. 18:00",3284.9,2559.1,725.8,0,0,0,0,0,0,0,756.9,0,9.300000190734863
,"Sam, 27.10. 19:00",3759.6,2937.1,822.5,0,0,0,0,0,0,0,874.1,0,8.899999618530273
,"Sam, 27.10. 20:00",4064.6,3251.4,813.2,0,0,0,0,0,0,0,956.5,0,8
,"Sam, 27.10. 21:00",3549.1,2929.5,619.6,0,0,0,0,0,0,0,811.2,0,8.300000190734863
,"Sam, 27.10. 22:00",2455.9,1973.5,482.4,0,0,0,0,0,0,0,584.7,0,7.699999809265137
,"Sam, 27.10. 23:00",2125.4,1813.7,311.7,0,0,0,0,0,0,0,499,0,7.400000095367432
,"Dim, 28.10. 00:00",2299.4,2052.5,246.9,0,0,0,0,0,0,0,535.3,0,7
,"Dim, 28.10. 01:00",2421.6,2292.1,129.5,0,0,0,0,0,0,0,581.4,0,5
,"Dim, 28.10. 02:00",2332.6,2255,77.6,0,0,0,0,0,0,0,545.5,0,5.5
,"Dim, 28.10. 03:00",2137.1,2103,34.1,0,0,0,0,0,0,0,479.7,0,6.400000095367432
,"Dim, 28.10. 04:00",2469.2,2387,82.2,0,0,0,0,0,0,0,557.6,0,6.5
,"Dim, 28.10. 05:00",3055.4,2978.8,76.6,0,0,0,0,0,0,0,684.5,0,6.300000190734863
,"Dim, 28.10. 06:00",4208.2,4106.7,101.5,0,0,0,0,0,0,0,961,0,5.5
,"Dim, 28.10. 07:00",3915.7,3702.1,213.6,0,0,0,0,0,0,0,885.2,0,6.800000190734863
,"Dim, 28.10. 08:00",3937.5,3377.3,560.2,0,0,0,0,0,0,0,930.8,0,7.300000190734863
,"Dim, 28.10. 09:00",3917.7,2840,1077.7,0,0,0,0,0,0,0,943,0,9.199999809265137
,"Dim, 28.10. 10:00",3174.7,2128.7,1046,0,0,0,0,0,0,0,748.9,0,10.89999961853027
,"Dim, 28.10. 11:00",2732.8,1682.5,1050.3,0,0,0,0,0,0,0,632.7,0,12.60000038146973
,"Dim, 28.10. 12:00",2464.9,1497.7,967.2,0,0,0,0,0,0,0,559.7,0,13.39999961853027
,"Dim, 28.10. 13:00",2373.6,1559.2,814.4,0,0,0,0,0,0,0,524.5,0,13.30000019073486
,"Dim, 28.10. 14:00",2176.2,1458.9,717.3,0,0,0,0,0,0,0,473.4,0,13.60000038146973
,"Dim, 28.10. 15:00",2300.6,1644.7,655.9,0,0,0,0,0,0,0,489.9,0,13.30000019073486
,"Dim, 28.10. 16:00",2407,1773.4,633.6,0,0,0,0,0,0,0,509.5,0,13
,"Dim, 28.10. 17:00",2681.8,1982.6,699.2,0,0,0,0,0,0,0,572,0,12.60000038146973
,"Dim, 28.10. 18:00",3070.4,2321.3,749.1,0,0,0,0,0,0,0,671.4,0,11.39999961853027
,"Dim, 28.10. 19:00",3427.2,2613.8,813.4,0,0,0,0,0,0,0,757.8,0,10.80000019073486
,"Dim, 28.10. 20:00",3362.3,2617.3,745,0,0,0,0,0,0,0,742.4,0,10.39999961853027
,"Dim, 28.10. 21:00",3434.1,2774.2,659.9,0,0,0,0,0,0,0,754.5,0,9.800000190734863
,"Dim, 28.10. 22:00",2011.8,1535.3,476.5,0,0,0,0,0,0,0,459.4,0,9.800000190734863
,"Dim, 28.10. 23:00",1635.9,1338.8,297.1,0,0,0,0,0,0,0,364.7,0,9.699999809265137
,"Lun, 29.10. 00:00",1540.4,1336,204.4,0,0,0,0,0,0,0,331.4,0,9.899999618530273
,"Lun, 29.10. 01:00",1600,1488.1,111.9,0,0,0,0,0,0,0,336.5,0,9.399999618530273
,"Lun, 29.10. 02:00",1616.4,1581.1,35.3,0,0,0,0,0,0,0,330,0,9.300000190734863
,"Lun, 29.10. 03:00",1739.4,1703.2,36.2,0,0,0,0,0,0,0,355.6,0,9.199999809265137
,"Lun, 29.10. 04:00",2130.2,2007.4,122.8,0,0,0,0,0,0,0,446.2,0,9.199999809265137
,"Lun, 29.10. 05:00",3003.7,2684.9,318.8,0,0,0,0,0,0,0,636.2,0,9.399999618530273
,"Lun, 29.10. 06:00",5151.3,4157.3,994,0,0,0,0,0,0,0,1148.6,0,9.399999618530273
,"Lun, 29.10. 07:00",4630.7,3705.7,925,0,0,0,0,0,0,0,1068.6,0,9
,"Lun, 29.10. 08:00",4148.4,3334.4,814,0,0,0,0,0,0,0,969.7,0,8.899999618530273
,"Lun, 29.10. 09:00",3384,2766,618,0,0,0,0,0,0,0,770,0,9.5
,"Lun, 29.10. 10:00",3582.6,2962.6,620,0,0,0,0,0,0,0,807.4,0,9.600000381469727
,"Lun, 29.10. 11:00",3697.1,3088.6,608.5,0,0,0,0,0,0,0,832.5,0,9.399999618530273
,"Lun, 29.10. 12:00",3541.6,2979.1,562.5,0,0,0,0,0,0,0,812.1,0,8.699999809265137
,"Lun, 29.10. 13:00",3617.4,3090.1,527.3,0,0,0,0,0,0,0,841.7,0,7.900000095367432
,"Lun, 29.10. 14:00",3445.5,2968.1,477.4,0,0,0,0,0,0,0,802.2,0,7.800000190734863
,"Lun, 29.10. 15:00",3827.7,3329.2,498.5,0,0,0,0,0,0,0,893.3,0,7.5
,"Lun, 29.10. 16:00",3911.4,3388.3,523.1,0,0,0,0,0,0,0,919.2,0,7.300000190734863
,"Lun, 29.10. 17:00",4321.3,3642.8,678.5,0,0,0,0,0,0,0,1035.4,0,7
,"Lun, 29.10. 18:00",4578.2,3819.2,759,0,0,0,0,0,0,0,1103.1,0,6.900000095367432
,"Lun, 29.10. 19:00",4925.8,3981.1,944.7,0,0,0,0,0,0,0,1215.3,0,6.400000095367432
,"Lun, 29.10. 20:00",5408.1,4362.2,1045.9,0,0,0,0,0,0,0,1348.9,0,5.900000095367432
,"Lun, 29.10. 21:00",4795.1,3876,919.1,0,0,0,0,0,0,0,1192.7,0,5.800000190734863
,"Lun, 29.10. 22:00",3004.9,2487.1,517.8,0,0,0,0,0,0,0,742.3,0,6
,"Lun, 29.10. 23:00",2829.6,2493.2,336.4,0,0,0,0,0,0,0,685.8,0,5.800000190734863
,"Mar, 30.10. 00:00",2597.4,2388,209.4,0,0,0,0,0,0,0,620.2,0,5.699999809265137
,"Mar, 30.10. 01:00",2456.2,2346.6,109.6,0,0,0,0,0,0,0,573,0,5.800000190734863
,"Mar, 30.10. 02:00",2585.6,2550.3,35.3,0,0,0,0,0,0,0,595.3,0,5.599999904632568
,"Mar, 30.10. 03:00",2717.3,2680.5,36.8,0,0,0,0,0,0,0,620.3,0,5.800000190734863
,"Mar, 30.10. 04:00",3083.8,2965.4,118.4,0,0,0,0,0,0,0,711.6,0,5.900000095367432
,"Mar, 30.10. 05:00",4783.7,4444.5,339.2,0,0,0,0,0,0,0,1127,0,5.5
,"Mar, 30.10. 06:00",6968.7,6038.7,930,0,0,0,0,0,0,0,1718.1,0,5
,"Mar, 30.10. 07:00",6593.3,5667.5,925.8,0,0,0,0,0,0,0,1661.8,0,4.900000095367432
,"Mar, 30.10. 08:00",6039.1,5198.8,840.3,0,0,0,0,0,0,0,1526.6,0,5.199999809265137
,"Mar, 30.10. 09:00",5071.6,4445.2,626.4,0,0,0,0,0,0,0,1274.7,0,5.099999904632568
,"Mar, 30.10. 10:00",5307,4692.5,614.5,0,0,0,0,0,0,0,1324.4,0,5.199999809265137
,"Mar, 30.10. 11:00",5329.6,4737.2,592.4,0,0,0,0,0,0,0,1324.6,0,5.199999809265137
,"Mar, 30.10. 12:00",5096.4,4516,580.4,0,0,0,0,0,0,0,1251.5,0,5.599999904632568
,"Mar, 30.10. 13:00",5001.5,4430.8,570.7,0,0,0,0,0,0,0,1196,0,6.5
,"Mar, 30.10. 14:00",4766.3,4258.4,507.9,0,0,0,0,0,0,0,1153.6,0,6
,"Mar, 30.10. 15:00",5005.4,4496.6,508.8,0,0,0,0,0,0,0,1205.5,0,6
,"Mar, 30.10. 16:00",5184.9,4660.8,524.1,0,0,0,0,0,0,0,1283.1,0,5
,"Mar, 30.10. 17:00",5675.3,4996.1,679.2,0,0,0,0,0,0,0,1425.6,0,4.699999809265137
,"Mar, 30.10. 18:00",6329,5524.2,804.8,0,0,0,0,0,0,0,1591.1,0,4.699999809265137
,"Mar, 30.10. 19:00",6655.6,5661.6,994,0,0,0,0,0,0,0,1704.3,0,4.300000190734863
,"Mar, 30.10. 20:00",6168.3,5230.5,937.8,0,0,0,0,0,0,0,1591.6,0,3.900000095367432
,"Mar, 30.10. 21:00",6429.7,5461.2,968.5,0,0,0,0,0,0,0,1659.4,0,3.700000047683716
,"Mar, 30.10. 22:00",3816,3292.2,523.8,0,0,0,0,0,0,0,989.2,0,3.599999904632568
,"Mar, 30.10. 23:00",3501.6,3174,327.6,0,0,0,0,0,0,0,903.4,0,3.200000047683716
,"Mer, 31.10. 00:00",3389.2,3164.4,224.8,0,0,0,0,0,0,0,861.5,0,3.299999952316284
,"Mer, 31.10. 01:00",3333.2,3214.5,118.7,0,0,0,0,0,0,0,838.3,0,3.099999904632568
,"Mer, 31.10. 02:00",3039.9,3006.2,33.7,0,0,0,0,0,0,0,753.8,0,3.099999904632568
,"Mer, 31.10. 03:00",3151.4,3116.6,34.8,0,0,0,0,0,0,0,773.2,0,3.400000095367432
,"Mer, 31.10. 04:00",3282.2,3174.9,107.3,0,0,0,0,0,0,0,801.1,0,4
,"Mer, 31.10. 05:00",5036.5,4723.1,313.4,0,0,0,0,0,0,0,1243.3,0,3.799999952316284
,"Mer, 31.10. 06:00",7710.7,6787.5,923.2,0,0,0,0,0,0,0,1971,0,3.5
,"Mer, 31.10. 07:00",8053.1,7078.3,974.8,0,0,0,0,0,0,0,2177.8,0,2
,"Mer, 31.10. 08:00",7464.8,6573.3,891.5,0,0,0,0,0,0,0,2017.6,0,2.400000095367432
,"Mer, 31.10. 09:00",6528.3,5818.6,709.7,0,0,0,0,0,0,0,1717.8,0,3.200000047683716
,"Mer, 31.10. 10:00",5811.5,5196.1,615.4,0,0,0,0,0,0,0,1476.9,0,4.400000095367432
,"Mer, 31.10. 11:00",5208.2,4655.4,552.8,0,0,0,0,0,0,0,1281.4,0,5.5
,"Mer, 31.10. 12:00",5109,4550.4,558.6,0,0,0,0,0,0,0,1239.8,0,6
,"Mer, 31.10. 13:00",5026.5,4497.6,528.9,0,0,0,0,0,0,0,1215.6,0,6
,"Mer, 31.10. 14:00",5029.1,4525.2,503.9,0,0,0,0,0,0,0,1216.7,0,5.900000095367432
,"Mer, 31.10. 15:00",5130.6,4645.2,485.4,0,0,0,0,0,0,0,1243.2,0,5.699999809265137
,"Mer, 31.10. 16:00",5518.8,4983.9,534.9,0,0,0,0,0,0,0,1348.9,0,5.400000095367432
,"Mer, 31.10. 17:00",5625.8,4985.3,640.5,0,0,0,0,0,0,0,1401.3,0,4.900000095367432
,"Mer, 31.10. 18:00",6739.6,5948.3,791.3,0,0,0,0,0,0,0,1715,0,4.099999904632568
,"Mer, 31.10. 19:00",6810.9,5872.9,938,0,0,0,0,0,0,0,1766.4,0,3.599999904632568
,"Mer, 31.10. 20:00",7231.2,6222,1009.2,0,0,0,0,0,0,0,1901.5,0,3
,"Mer, 31.10. 21:00",6652.8,5740.7,912.1,0,0,0,0,0,0,0,1759.6,0,2.5
,"Mer, 31.10. 22:00",4269.4,3750,519.4,0,0,0,0,0,0,0,1153.3,0,1.799999952316284
,"Mer, 31.10. 23:00",3722.6,3413.6,309,0,0,0,0,0,0,0,1000.8,0,1.5
,"Jeu, 01.11. 00:00",3998.8,3738.7,260.1,0,0,0,0,0,0,0,1078.7,0,1.100000023841858
,"Jeu, 01.11. 01:00",3528.9,3395.9,133,0,0,0,0,0,0,0,948.7,0,0.800000011920929
,"Jeu, 01.11. 02:00",3697.5,3616.3,81.2,0,0,0,0,0,0,0,990.5,0,0.6000000238418579
,"Jeu, 01.11. 03:00",3725.3,3689.9,35.4,0,0,0,0,0,0,0,995.3,0,0.4000000059604645
,"Jeu, 01.11. 04:00",3673.4,3600.3,73.1,0,0,0,0,0,0,0,983.5,0,0.5
,"Jeu, 01.11. 05:00",5299.7,5217.7,82,0,0,0,0,0,0,0,1386,0,0.8999999761581421
,"Jeu, 01.11. 06:00",6881.6,6776.4,105.2,0,0,0,0,0,0,0,1805.1,0,0.6000000238418579
,"Jeu, 01.11. 07:00",6696,6474.5,221.5,0,0,0,0,0,0,0,1774.3,0,1
,"Jeu, 01.11. 08:00",6026.1,5483.2,542.9,0,0,0,0,0,0,0,1613.1,0,2
,"Jeu, 01.11. 09:00",5775.5,4708.9,1066.6,0,0,0,0,0,0,0,1484.9,0,5.199999809265137
,"Jeu, 01.11. 10:00",5166,4036.2,1129.8,0,0,0,0,0,0,0,1273.5,0,7.300000190734863
,"Jeu, 01.11. 11:00",4509.7,3349.5,1160.2,0,0,0,0,0,0,0,1053.2,0,9.899999618530273
,"Jeu, 01.11. 12:00",4045.7,3010.7,1035,0,0,0,0,0,0,0,917.5,0,10.80000019073486
,"Jeu, 01.11. 13:00",3454.2,2634.6,819.6,0,0,0,0,0,0,0,742.5,0,12.10000038146973
,"Jeu, 01.11. 14:00",3516.7,2750.7,766,0,0,0,0,0,0,0,751.4,0,12
,"Jeu, 01.11. 15:00",3467.1,2826.5,640.6,0,0,0,0,0,0,0,735.4,0,11.5
,"Jeu, 01.11. 16:00",3726.2,3113.8,612.4,0,0,0,0,0,0,0,804.9,0,10.5
,"Jeu, 01.11. 17:00",4220.4,3530.9,689.5,0,0,0,0,0,0,0,928.6,0,9.800000190734863
,"Jeu, 01.11. 18:00",4658.6,3905.2,753.4,0,0,0,0,0,0,0,1047.7,0,9
,"Jeu, 01.11. 19:00",5096.7,4286.3,810.4,0,0,0,0,0,0,0,1165.1,0,8.300000190734863
,"Jeu, 01.11. 20:00",5346.3,4566.2,780.1,0,0,0,0,0,0,0,1240.6,0,7.400000095367432
,"Jeu, 01.11. 21:00",5198.9,4535,663.9,0,0,0,0,0,0,0,1204.7,0,6.900000095367432
,"Jeu, 01.11. 22:00",3196.3,2682.4,513.9,0,0,0,0,0,0,0,769.1,0,6.699999809265137
,"Jeu, 01.11. 23:00",2711.9,2387.5,324.4,0,0,0,0,0,0,0,647.1,0,6.400000095367432
,"Ven, 02.11. 00:00",1990.6,1769.4,221.2,0,0,0,0,0,0,0,443.9,0,8.399999618530273
,"Ven, 02.11. 01:00",1780.8,1671.9,108.9,0,0,0,0,0,0,0,387.1,0,8.300000190734863
,"Ven, 02.11. 02:00",2323.9,2287.7,36.2,0,0,0,0,0,0,0,523.9,0,6.300000190734863
,"Ven, 02.11. 03:00",2721.9,2684.7,37.2,0,0,0,0,0,0,0,634.9,0,5.099999904632568
,"Ven, 02.11. 04:00",2973.9,2862.7,111.2,0,0,0,0,0,0,0,722.8,0,4.199999809265137
,"Ven, 02.11. 05:00",4236.7,3902.5,334.2,0,0,0,0,0,0,0,1038.4,0,4.400000095367432
,"Ven, 02.11. 06:00",5969,5043.2,925.8,0,0,0,0,0,0,0,1539.4,0,3.900000095367432
,"Ven, 02.11. 07:00",6185,5226.1,958.9,0,0,0,0,0,0,0,1671.7,0,2.599999904632568
,"Ven, 02.11. 08:00",5110.3,4282.8,827.5,0,0,0,0,0,0,0,1320.5,0,4.699999809265137
,"Ven, 02.11. 09:00",4534.8,3815.8,719,0,0,0,0,0,0,0,1102.7,0,6.800000190734863
,"Ven, 02.11. 10:00",3967.3,3343.6,623.7,0,0,0,0,0,0,0,932,0,7.900000095367432
,"Ven, 02.11. 11:00",3707.8,3095.6,612.2,0,0,0,0,0,0,0,835.2,0,9.399999618530273
,"Ven, 02.11. 12:00",3021.6,2472.8,548.8,0,0,0,0,0,0,0,659.4,0,10.69999980926514
,"Ven, 02.11. 13:00",2610,2101.1,508.9,0,0,0,0,0,0,0,547.8,0,12.10000038146973
,"Ven, 02.11. 14:00",2637.5,2157.1,480.4,0,0,0,0,0,0,0,557.7,0,11.69999980926514
,"Ven, 02.11. 15:00",3011.9,2505.7,506.2,0,0,0,0,0,0,0,637.5,0,11.30000019073486
,"Ven, 02.11. 16:00",2905.2,2363.4,541.8,0,0,0,0,0,0,0,601,0,12.30000019073486
,"Ven, 02.11. 17:00",3231.7,2582.4,649.3,0,0,0,0,0,0,0,696.4,0,11.19999980926514
,"Ven, 02.11. 18:00",3687.9,2961.8,726.1,0,0,0,0,0,0,0,819.1,0,10.10000038146973
,"Ven, 02.11. 19:00",4463.2,3464.7,998.5,0,0,0,0,0,0,0,1018.8,0,9.600000381469727
,"Ven, 02.11. 20:00",4460.1,3487.9,972.2,0,0,0,0,0,0,0,1044.4,0,8.5
,"Ven, 02.11. 21:00",4463.4,3490.5,972.9,0,0,0,0,0,0,0,1039.3,0,8.5
,"Ven, 02.11. 22:00",2695.7,2142.7,553,0,0,0,0,0,0,0,635.2,0,8.199999809265137
,"Ven, 02.11. 23:00",2126.9,1804.3,322.6,0,0,0,0,0,0,0,485.2,0,8.399999618530273
,"Sam, 03.11. 00:00",1921.5,1688.4,233.1,0,0,0,0,0,0,0,436.1,0,8
,"Sam, 03.11. 01:00",1884.2,1748,136.2,0,0,0,0,0,0,0,416.9,0,7.900000095367432
,"Sam, 03.11. 02:00",1800.8,1719.9,80.9,0,0,0,0,0,0,0,388.3,0,8.199999809265137
,"Sam, 03.11. 03:00",1965,1929.2,35.8,0,0,0,0,0,0,0,425.6,0,7.5
,"Sam, 03.11. 04:00",2099.3,2032.5,66.8,0,0,0,0,0,0,0,461,0,7.300000190734863
,"Sam, 03.11. 05:00",2995.3,2924.5,70.8,0,0,0,0,0,0,0,652.2,0,7.099999904632568
,"Sam, 03.11. 06:00",3690.7,3600.1,90.6,0,0,0,0,0,0,0,795.5,0,7.199999809265137
,"Sam, 03.11. 07:00",3974.5,3755.7,218.8,0,0,0,0,0,0,0,890.3,0,7.099999904632568
,"Sam, 03.11. 08:00",3566.6,3024.1,542.5,0,0,0,0,0,0,0,827.5,0,8.100000381469727
,"Sam, 03.11. 09:00",3572.4,2526.1,1046.3,0,0,0,0,0,0,0,851.9,0,9.800000190734863
,"Sam, 03.11. 10:00",3133.9,2043.9,1090,0,0,0,0,0,0,0,739.2,0,11.19999980926514
,"Sam, 03.11. 11:00",3008.3,1850.8,1157.5,0,0,0,0,0,0,0,705.5,0,12.10000038146973
,"Sam, 03.11. 12:00",2752.6,1691.6,1061,0,0,0,0,0,0,0,632.5,0,12.80000019073486
,"Sam, 03.11. 13:00",2143.2,1317.9,825.3,0,0,0,0,0,0,0,473.8,0,14.10000038146973
,"Sam, 03.11. 14:00",2254.9,1471.1,783.8,0,0,0,0,0,0,0,495.4,0,13.60000038146973
,"Sam, 03.11. 15:00",1936.2,1288.8,647.4,0,0,0,0,0,0,0,410.6,0,14.39999961853027
,"Sam, 03.11. 16:00",2448.4,1806.5,641.9,0,0,0,0,0,0,0,530.4,0,12.19999980926514
,"Sam, 03.11. 17:00",2926.1,2196.5,729.6,0,0,0,0,0,0,0,647.5,0,11.19999980926514
,"Sam, 03.11. 18:00",2774.1,2048.1,726,0,0,0,0,0,0,0,607.2,0,11.69999980926514
,"Sam, 03.11. 19:00",3217.2,2328.1,889.1,0,0,0,0,0,0,0,690.8,0,12.39999961853027
,"Sam, 03.11. 20:00",3128.3,2329.8,798.5,0,0,0,0,0,0,0,672.3,0,11.80000019073486
,"Sam, 03.11. 21:00",3041.1,2383.4,657.7,0,0,0,0,0,0,0,641.4,0,11.39999961853027
,"Sam, 03.11. 22:00",2134.7,1612.2,522.5,0,0,0,0,0,0,0,488.2,0,9.899999618530273
,"Sam, 03.11. 23:00",1782,1483.4,298.6,0,0,0,0,0,0,0,407.7,0,8.600000381469727
,"Dim, 04.11. 00:00",2078.3,1826.1,252.2,0,0,0,0,0,0,0,475.4,0,7.800000190734863
,"Dim, 04.11. 01:00",2050.3,1909.9,140.4,0,0,0,0,0,0,0,463.4,0,7.199999809265137
,"Dim, 04.11. 02:00",1751.7,1670.8,80.9,0,0,0,0,0,0,0,378.2,0,8.199999809265137
,"Dim, 04.11. 03:00",1583.2,1547.6,35.6,0,0,0,0,0,0,0,327.9,0,8.899999618530273
,"Dim, 04.11. 04:00",2041.4,1960.6,80.8,0,0,0,0,0,0,0,446.8,0,7.599999904632568
,"Dim, 04.11. 05:00",2635.4,2556.3,79.1,0,0,0,0,0,0,0,575,0,7.199999809265137
,"Dim, 04.11. 06:00",3491.4,3386.9,104.5,0,0,0,0,0,0,0,767.5,0,6.800000190734863
,"Dim, 04.11. 07:00",3458.2,3235.8,222.4,0,0,0,0,0,0,0,776.5,0,7.199999809265137
,"Dim, 04.11. 08:00",3227.5,2683.3,544.2,0,0,0,0,0,0,0,755.9,0,8.100000381469727
,"Dim, 04.11. 09:00",3153.8,2051.3,1102.5,0,0,0,0,0,0,0,747.5,0,11.10000038146973
,"Dim, 04.11. 10:00",2692.7,1535.5,1157.2,0,0,0,0,0,0,0,634.6,0,12.89999961853027
,"Dim, 04.11. 11:00",2105.8,975.3,1130.5,0,0,0,0,0,0,0,486.5,0,15.80000019073486
,"Dim, 04.11. 12:00",1847,879.7,967.3,0,0,0,0,0,0,0,407,0,17.10000038146973
,"Dim, 04.11. 13:00",1679.7,881.9,797.8,0,0,0,0,0,0,0,343.8,0,19
,"Dim, 04.11. 14:00",1736.9,952.9,784,0,0,0,0,0,0,0,354.9,0,18.29999923706055
,"Dim, 04.11. 15:00",1578.3,934.9,643.4,0,0,0,0,0,0,0,319.8,0,17.29999923706055
,"Dim, 04.11. 16:00",1602.7,981.4,621.3,0,0,0,0,0,0,0,333.3,0,16.10000038146973
,"Dim, 04.11. 17:00",2129.9,1395.5,734.4,0,0,0,0,0,0,0,460.1,0,13.89999961853027
,"Dim, 04.11. 18:00",2807.9,2020.6,787.3,0,0,0,0,0,0,0,628.2,0,11.39999961853027
,"Dim, 04.11. 19:00",2858.5,2068.9,789.6,0,0,0,0,0,0,0,643.7,0,11
,"Dim, 04.11. 20:00",2946.1,2146.9,799.2,0,0,0,0,0,0,0,652,0,11.30000019073486
,"Dim, 04.11. 21:00",2814.7,2154.1,660.6,0,0,0,0,0,0,0,617.4,0,10.69999980926514
,"Dim, 04.11. 22:00",1824.8,1348.1,476.7,0,0,0,0,0,0,0,419.4,0,10.10000038146973
,"Dim, 04.11. 23:00",1506.4,1190.1,316.3,0,0,0,0,0,0,0,333.7,0,10.39999961853027
,"Lun, 05.11. 00:00",1302.6,1089.1,213.5,0,0,0,0,0,0,0,279.1,0,10.5
,"Lun, 05.11. 01:00",1319.3,1201.9,117.4,0,0,0,0,0,0,0,272.5,0,10.19999980926514
,"Lun, 05.11. 02:00",967.1,933.3,33.8,0,0,0,0,0,0,0,184.8,0,11.19999980926514
,"Lun, 05.11. 03:00",1157.5,1123.7,33.8,0,0,0,0,0,0,0,227,0,10.39999961853027
,"Lun, 05.11. 04:00",1332.6,1218.7,113.9,0,0,0,0,0,0,0,269.9,0,10.60000038146973
,"Lun, 05.11. 05:00",2227.5,1905.2,322.3,0,0,0,0,0,0,0,486.8,0,9.300000190734863
,"Lun, 05.11. 06:00",3265.6,2317.6,948,0,0,0,0,0,0,0,756.1,0,10.19999980926514
,"Lun, 05.11. 07:00",3215.7,2281.3,934.4,0,0,0,0,0,0,0,767.1,0,9.600000381469727
,"Lun, 05.11. 08:00",2722.8,1908.6,814.2,0,0,0,0,0,0,0,641.5,0,10.39999961853027
,"Lun, 05.11. 09:00",2171.4,1504.9,666.5,0,0,0,0,0,0,0,492.1,0,11.80000019073486
,"Lun, 05.11. 10:00",1746.6,1126.2,620.4,0,0,0,0,0,0,0,386.2,0,13.60000038146973
,"Lun, 05.11. 11:00",1351.9,783.3,568.6,0,0,0,0,0,0,0,298.9,0,15
,"Lun, 05.11. 12:00",1300.9,743.7,557.2,0,0,0,0,0,0,0,275,0,16.5
,"Lun, 05.11. 13:00",1269.6,736.8,532.8,0,0,0,0,0,0,0,262.4,0,17
,"Lun, 05.11. 14:00",1320.7,777.8,542.9,0,0,0,0,0,0,0,271.9,0,17
,"Lun, 05.11. 15:00",1220.2,740.9,479.3,0,0,0,0,0,0,0,261.2,0,15.39999961853027
,"Lun, 05.11. 16:00",1487.7,964.2,523.5,0,0,0,0,0,0,0,321.1,0,14.19999980926514
,"Lun, 05.11. 17:00",2008.1,1363.3,644.8,0,0,0,0,0,0,0,447.3,0,12.39999961853027
,"Lun, 05.11. 18:00",2440.7,1681.2,759.5,0,0,0,0,0,0,0,552.7,0,11.60000038146973
,"Lun, 05.11. 19:00",2740,1794.7,945.3,0,0,0,0,0,0,0,639.6,0,11.19999980926514
,"Lun, 05.11. 20:00",2803.8,1877.5,926.3,0,0,0,0,0,0,0,664.7,0,10.30000019073486
,"Lun, 05.11. 21:00",3046.4,2059.4,987,0,0,0,0,0,0,0,721.7,0,10.10000038146973
,"Lun, 05.11. 22:00",1851.1,1333.1,518,0,0,0,0,0,0,0,432.9,0,9.899999618530273
,"Lun, 05.11. 23:00",1587.3,1278.4,308.9,0,0,0,0,0,0,0,357.3,0,9.600000381469727
,"Mar, 06.11. 00:00",1662.8,1444.7,218.1,0,0,0,0,0,0,0,362.8,0,9.399999618530273
,"Mar, 06.11. 01:00",1681.6,1564,117.6,0,0,0,0,0,0,0,358.6,0,9
,"Mar, 06.11. 02:00",1737.1,1700,37.1,0,0,0,0,0,0,0,362.2,0,8.699999809265137
,"Mar, 06.11. 03:00",1635.4,1602.5,32.9,0,0,0,0,0,0,0,343.6,0,8.399999618530273
,"Mar, 06.11. 04:00",2074.1,1959.1,115,0,0,0,0,0,0,0,450.6,0,8.100000381469727
,"Mar, 06.11. 05:00",3136.3,2803.3,333,0,0,0,0,0,0,0,707.6,0,7.599999904632568
,"Mar, 06.11. 06:00",4467.1,3555.3,911.8,0,0,0,0,0,0,0,1063.9,0,7.599999904632568
,"Mar, 06.11. 07:00",4920.6,3888.4,1032.2,0,0,0,0,0,0,0,1204,0,7.199999809265137
,"Mar, 06.11. 08:00",4181.6,3298.9,882.7,0,0,0,0,0,0,0,1011.7,0,7.900000095367432
,"Mar, 06.11. 09:00",3389.9,2687.9,702,0,0,0,0,0,0,0,783.1,0,9.399999618530273
,"Mar, 06.11. 10:00",2856.7,2241.9,614.8,0,0,0,0,0,0,0,634.2,0,10.80000019073486
,"Mar, 06.11. 11:00",2480.2,1881.6,598.6,0,0,0,0,0,0,0,528.4,0,12.60000038146973
,"Mar, 06.11. 12:00",1847.8,1307,540.8,0,0,0,0,0,0,0,384.5,0,14.39999961853027
,"Mar, 06.11. 13:00",1726.7,1198.3,528.4,0,0,0,0,0,0,0,355.6,0,15
,"Mar, 06.11. 14:00",1982.9,1439.2,543.7,0,0,0,0,0,0,0,409.2,0,14.30000019073486
,"Mar, 06.11. 15:00",2052.2,1572.2,480,0,0,0,0,0,0,0,424.1,0,13.30000019073486
,"Mar, 06.11. 16:00",2814.8,2269.6,545.2,0,0,0,0,0,0,0,612.2,0,10.89999961853027
,"Mar, 06.11. 17:00",3190.3,2517.2,673.1,0,0,0,0,0,0,0,721.6,0,9.899999618530273
,"Mar, 06.11. 18:00",3368,2660.2,707.8,0,0,0,0,0,0,0,780.6,0,9
,"Mar, 06.11. 19:00",3890.4,2943.2,947.2,0,0,0,0,0,0,0,921.2,0,8.800000190734863
,"Mar, 06.11. 20:00",4237.4,3188.8,1048.6,0,0,0,0,0,0,0,1007.1,0,8.600000381469727
,"Mar, 06.11. 21:00",4015.7,3046.6,969.1,0,0,0,0,0,0,0,959.1,0,8.199999809265137
,"Mar, 06.11. 22:00",2675.6,2140.9,534.7,0,0,0,0,0,0,0,647.9,0,7.199999809265137
,"Mar, 06.11. 23:00",2438.2,2116.8,321.4,0,0,0,0,0,0,0,582.9,0,6.5
,"Mer, 07.11. 00:00",2159.7,1954.6,205.1,0,0,0,0,0,0,0,494.5,0,7.300000190734863
,"Mer, 07.11. 01:00",2423.2,2300.8,122.4,0,0,0,0,0,0,0,548.6,0,6.900000095367432
,"Mer, 07.11. 02:00",2283.2,2247.8,35.4,0,0,0,0,0,0,0,508.3,0,6.699999809265137
,"Mer, 07.11. 03:00",2295.3,2261.7,33.6,0,0,0,0,0,0,0,514.3,0,6.400000095367432
,"Mer, 07.11. 04:00",2922.8,2807.6,115.2,0,0,0,0,0,0,0,677.1,0,5.800000190734863
,"Mer, 07.11. 05:00",4436.6,4100,336.6,0,0,0,0,0,0,0,1034.5,0,5.900000095367432
,"Mer, 07.11. 06:00",6518.6,5576.8,941.8,0,0,0,0,0,0,0,1578.8,0,5.800000190734863
,"Mer, 07.11. 07:00",6319.3,5353.2,966.1,0,0,0,0,0,0,0,1557.5,0,5.900000095367432
,"Mer, 07.11. 08:00",6036,5126.7,909.3,0,0,0,0,0,0,0,1499.9,0,6
,"Mer, 07.11. 09:00",5853.5,5101.5,752,0,0,0,0,0,0,0,1482.2,0,4.900000095367432
,"Mer, 07.11. 10:00",5410.5,4769.8,640.7,0,0,0,0,0,0,0,1373.3,0,4.599999904632568
,"Mer, 07.11. 11:00",4896.3,4325.8,570.5,0,0,0,0,0,0,0,1219.5,0,5.199999809265137
,"Mer, 07.11. 12:00",4803.3,4232.2,571.1,0,0,0,0,0,0,0,1186.8,0,5.5
,"Mer, 07.11. 13:00",4688.4,4121.7,566.7,0,0,0,0,0,0,0,1118.6,0,6.699999809265137
,"Mer, 07.11. 14:00",4249.4,3740.4,509,0,0,0,0,0,0,0,993.7,0,7.400000095367432
,"Mer, 07.11. 15:00",4163.2,3692.5,470.7,0,0,0,0,0,0,0,972.7,0,7.199999809265137
,"Mer, 07.11. 16:00",4295,3796.2,498.8,0,0,0,0,0,0,0,1010.7,0,7
,"Mer, 07.11. 17:00",5256.6,4542.1,714.5,0,0,0,0,0,0,0,1260.7,0,6.599999904632568
,"Mer, 07.11. 18:00",5586.1,4801.6,784.5,0,0,0,0,0,0,0,1362.7,0,6
,"Mer, 07.11. 19:00",5949.4,5000.7,948.7,0,0,0,0,0,0,0,1510.6,0,4.800000190734863
,"Mer, 07.11. 20:00",6344.3,5294,1050.3,0,0,0,0,0,0,0,1598.5,0,5
,"Mer, 07.11. 21:00",6259.9,5240.9,1019,0,0,0,0,0,0,0,1585.2,0,4.599999904632568
,"Mer, 07.11. 22:00",3578,3058.4,519.6,0,0,0,0,0,0,0,919.4,0,4.099999904632568
,"Mer, 07.11. 23:00",3087.7,2788.7,299,0,0,0,0,0,0,0,793,0,3.400000095367432
,"Jeu, 08.11. 00:00",3237.9,3021.4,216.5,0,0,0,0,0,0,0,831.6,0,2.900000095367432
,"Jeu, 08.11. 01:00",3401.7,3282.7,119,0,0,0,0,0,0,0,874.9,0,2.299999952316284
,"Jeu, 08.11. 02:00",3364.6,3327.6,37,0,0,0,0,0,0,0,852.2,0,2.400000095367432
,"Jeu, 08.11. 03:00",3456.8,3419.2,37.6,0,0,0,0,0,0,0,868.3,0,2.599999904632568
,"Jeu, 08.11. 04:00",3284.2,3175.6,108.6,0,0,0,0,0,0,0,818.3,0,3.299999952316284
,"Jeu, 08.11. 05:00",5425.1,5067.8,357.3,0,0,0,0,0,0,0,1368.8,0,3.099999904632568
,"Jeu, 08.11. 06:00",6614.5,5737.4,877.1,0,0,0,0,0,0,0,1696.2,0,3.599999904632568
,"Jeu, 08.11. 07:00",7160.8,6154.7,1006.1,0,0,0,0,0,0,0,1862.5,0,3.799999952316284
,"Jeu, 08.11. 08:00",5762.3,4944.6,817.7,0,0,0,0,0,0,0,1473.6,0,4.800000190734863
,"Jeu, 08.11. 09:00",5449.7,4723.9,725.8,0,0,0,0,0,0,0,1338,0,6.099999904632568
,"Jeu, 08.11. 10:00",4752.6,4142.1,610.5,0,0,0,0,0,0,0,1139.4,0,6.800000190734863
,"Jeu, 08.11. 11:00",4721.6,4092,629.6,0,0,0,0,0,0,0,1080.4,0,8.399999618530273
,"Jeu, 08.11. 12:00",4230.2,3642.2,588,0,0,0,0,0,0,0,953.1,0,9
,"Jeu, 08.11. 13:00",3801,3249.6,551.4,0,0,0,0,0,0,0,820.6,0,10.39999961853027
,"Jeu, 08.11. 14:00",3602.6,3087.9,514.7,0,0,0,0,0,0,0,767.6,0,10.80000019073486
,"Jeu, 08.11. 15:00",3775.2,3269.3,505.9,0,0,0,0,0,0,0,803.3,0,10.60000038146973
,"Jeu, 08.11. 16:00",4288.5,3767.9,520.6,0,0,0,0,0,0,0,976.4,0,8.199999809265137
,"Jeu, 08.11. 17:00",5073.7,4405.4,668.3,0,0,0,0,0,0,0,1229.2,0,6.199999809265137
,"Jeu, 08.11. 18:00",5588.1,4817.5,770.6,0,0,0,0,0,0,0,1364.4,0,5.900000095367432
,"Jeu, 08.11. 19:00",5748.5,4818.5,930,0,0,0,0,0,0,0,1427.2,0,5.599999904632568
,"Jeu, 08.11. 20:00",5882.8,4932.7,950.1,0,0,0,0,0,0,0,1491.5,0,4.699999809265137
,"Jeu, 08.11. 21:00",6075.1,5112.7,962.4,0,0,0,0,0,0,0,1552.2,0,4.199999809265137
,"Jeu, 08.11. 22:00",3856.1,3308.1,548,0,0,0,0,0,0,0,998.2,0,3.799999952316284
,"Jeu, 08.11. 23:00",3190.2,2884.2,306,0,0,0,0,0,0,0,822.2,0,3.299999952316284
,"Ven, 09.11. 00:00",3149.3,2954.3,195,0,0,0,0,0,0,0,836.2,0,1.600000023841858
,"Ven, 09.11. 01:00",3437.8,3315.1,122.7,0,0,0,0,0,0,0,878.6,0,2.5
,"Ven, 09.11. 02:00",3424.8,3387.5,37.3,0,0,0,0,0,0,0,870.9,0,2.200000047683716
,"Ven, 09.11. 03:00",3590.2,3554.8,35.4,0,0,0,0,0,0,0,942.2,0,1
,"Ven, 09.11. 04:00",3894.5,3777.7,116.8,0,0,0,0,0,0,0,1018.8,0,1.5
,"Ven, 09.11. 05:00",5284.4,4946.9,337.5,0,0,0,0,0,0,0,1375.8,0,2
,"Ven, 09.11. 06:00",7848.3,6866.1,982.2,0,0,0,0,0,0,0,2154.1,0,1
,"Ven, 09.11. 07:00",7501.9,6504,997.9,0,0,0,0,0,0,0,2069.3,0,1.399999976158142
,"Ven, 09.11. 08:00",5936.3,5117.2,819.1,0,0,0,0,0,0,0,1570,0,3.5
,"Ven, 09.11. 09:00",5559,4846.8,712.2,0,0,0,0,0,0,0,1415.2,0,4.699999809265137
,"Ven, 09.11. 10:00",4917.1,4288.2,628.9,0,0,0,0,0,0,0,1196.3,0,6.300000190734863
,"Ven, 09.11. 11:00",4307.2,3717.7,589.5,0,0,0,0,0,0,0,984.8,0,8.5
,"Ven, 09.11. 12:00",3597.7,3054,543.7,0,0,0,0,0,0,0,788.2,0,10.10000038146973
,"Ven, 09.11. 13:00",3531.9,2974.2,557.7,0,0,0,0,0,0,0,743.5,0,11.39999961853027
,"Ven, 09.11. 14:00",3492.1,2971.2,520.9,0,0,0,0,0,0,0,739.7,0,11.10000038146973
,"Ven, 09.11. 15:00",3708.5,3211.6,496.9,0,0,0,0,0,0,0,799,0,10.19999980926514
,"Ven, 09.11. 16:00",4184.4,3631.9,552.5,0,0,0,0,0,0,0,922,0,9.399999618530273
,"Ven, 09.11. 17:00",4533.5,3844,689.5,0,0,0,0,0,0,0,1023.5,0,8.899999618530273
,"Ven, 09.11. 18:00",4812.5,4056.1,756.4,0,0,0,0,0,0,0,1099.2,0,8.5
,"Ven, 09.11. 19:00",5379.9,4409.6,970.3,0,0,0,0,0,0,0,1260.7,0,7.900000095367432
,"Ven, 09.11. 20:00",5579.2,4586.9,992.3,0,0,0,0,0,0,0,1342.2,0,6.800000190734863
,"Ven, 09.11. 21:00",5249.9,4315.7,934.2,0,0,0,0,0,0,0,1255.6,0,6.800000190734863
,"Ven, 09.11. 22:00",3065.9,2534,531.9,0,0,0,0,0,0,0,739.1,0,6.800000190734863
,"Ven, 09.11. 23:00",2580.9,2255,325.9,0,0,0,0,0,0,0,608.9,0,6.900000095367432
,"Sam, 10.11. 00:00",2379.3,2134.3,245,0,0,0,0,0,0,0,560.1,0,6.5
,"Sam, 10.11. 01:00",1978.4,1846.2,132.2,0,0,0,0,0,0,0,445.5,0,7.300000190734863
,"Sam, 10.11. 02:00",1925.5,1849.6,75.9,0,0,0,0,0,0,0,427.7,0,7.199999809265137
,"Sam, 10.11. 03:00",2066.7,2033.2,33.5,0,0,0,0,0,0,0,462,0,6.5
,"Sam, 10.11. 04:00",2520.4,2449.6,70.8,0,0,0,0,0,0,0,571.4,0,6.300000190734863
,"Sam, 10.11. 05:00",3126.7,3061.3,65.4,0,0,0,0,0,0,0,700.3,0,6.199999809265137
,"Sam, 10.11. 06:00",4637.3,4544,93.3,0,0,0,0,0,0,0,1072,0,5
,"Sam, 10.11. 07:00",4649.1,4443.1,206,0,0,0,0,0,0,0,1125.6,0,4.400000095367432
,"Sam, 10.11. 08:00",4455.7,3924.1,531.6,0,0,0,0,0,0,0,1118.4,0,4.800000190734863
,"Sam, 10.11. 09:00",4585.8,3495.9,1089.9,0,0,0,0,0,0,0,1148.6,0,7.099999904632568
,"Sam, 10.11. 10:00",3730.1,2583.8,1146.3,0,0,0,0,0,0,0,883.2,0,10.30000019073486
,"Sam, 10.11. 11:00",3231.4,2073.9,1157.5,0,0,0,0,0,0,0,746.6,0,12.10000038146973
,"Sam, 10.11. 12:00",2689.6,1670.3,1019.3,0,0,0,0,0,0,0,602.4,0,13.60000038146973
,"Sam, 10.11. 13:00",2390.6,1505.3,885.3,0,0,0,0,0,0,0,514.8,0,14.69999980926514
,"Sam, 10.11. 14:00",2428,1628.5,799.5,0,0,0,0,0,0,0,521.5,0,14
,"Sam, 10.11. 15:00",2186.6,1552.7,633.9,0,0,0,0,0,0,0,456.6,0,14
,"Sam, 10.11. 16:00",2877.6,2195.9,681.7,0,0,0,0,0,0,0,618.2,0,12
,"Sam, 10.11. 17:00",3260.2,2530.6,729.6,0,0,0,0,0,0,0,719.6,0,10.80000019073486
,"Sam, 10.11. 18:00",3412.3,2662.8,749.5,0,0,0,0,0,0,0,761.4,0,10.30000019073486
,"Sam, 10.11. 19:00",3688.1,2881.4,806.7,0,0,0,0,0,0,0,824.6,0,10.10000038146973
,"Sam, 10.11. 20:00",3877.2,3070.6,806.6,0,0,0,0,0,0,0,862.6,0,9.899999618530273
,"Sam, 10.11. 21:00",3570.7,2925.2,645.5,0,0,0,0,0,0,0,772,0,10
,"Sam, 10.11. 22:00",2168.8,1661.4,507.4,0,0,0,0,0,0,0,493.7,0,9.800000190734863
,"Sam, 10.11. 23:00",1732.3,1383.8,348.5,0,0,0,0,0,0,0,382.8,0,10.30000019073486
,"Dim, 11.11. 00:00",1518.7,1274,244.7,0,0,0,0,0,0,0,330.8,0,10
,"Dim, 11.11. 01:00",1545.2,1409.1,136.1,0,0,0,0,0,0,0,331,0,9.199999809265137
,"Dim, 11.11. 02:00",1552.2,1467,85.2,0,0,0,0,0,0,0,322.6,0,9.399999618530273
,"Dim, 11.11. 03:00",1461.3,1424.8,36.5,0,0,0,0,0,0,0,295,0,9.600000381469727
,"Dim, 11.11. 04:00",1616.1,1535.3,80.8,0,0,0,0,0,0,0,332.8,0,9.5
,"Dim, 11.11. 05:00",2095.3,2015.2,80.1,0,0,0,0,0,0,0,418.3,0,9.800000190734863
,"Dim, 11.11. 06:00",2852.8,2748.3,104.5,0,0,0,0,0,0,0,567.3,0,9.699999809265137
,"Dim, 11.11. 07:00",3009.9,2780.9,229,0,0,0,0,0,0,0,627.9,0,9.600000381469727
,"Dim, 11.11. 08:00",2827.6,2288.9,538.7,0,0,0,0,0,0,0,635.6,0,9.800000190734863
,"Dim, 11.11. 09:00",3156.5,2106.3,1050.2,0,0,0,0,0,0,0,756.5,0,10.39999961853027
,"Dim, 11.11. 10:00",2990.9,1855.7,1135.2,0,0,0,0,0,0,0,715.9,0,11.30000019073486
,"Dim, 11.11. 11:00",2696.2,1589.2,1107,0,0,0,0,0,0,0,645.3,0,11.89999961853027
,"Dim, 11.11. 12:00",2573.3,1502.4,1070.9,0,0,0,0,0,0,0,606.2,0,12.60000038146973
,"Dim, 11.11. 13:00",2307.3,1425.1,882.2,0,0,0,0,0,0,0,526.1,0,13
,"Dim, 11.11. 14:00",2063.7,1301.5,762.2,0,0,0,0,0,0,0,463.5,0,13.30000019073486
,"Dim, 11.11. 15:00",2002.1,1358.8,643.3,0,0,0,0,0,0,0,439.6,0,13
,"Dim, 11.11. 16:00",2349.8,1671.6,678.2,0,0,0,0,0,0,0,514,0,12.39999961853027
,"Dim, 11.11. 17:00",2324.9,1646.3,678.6,0,0,0,0,0,0,0,511.3,0,12.19999980926514
,"Dim, 11.11. 18:00",2408,1704.8,703.2,0,0,0,0,0,0,0,533.3,0,11.89999961853027
,"Dim, 11.11. 19:00",2620.2,1773.2,847,0,0,0,0,0,0,0,569.5,0,13
,"Dim, 11.11. 20:00",3076.2,2300.2,776,0,0,0,0,0,0,0,694.9,0,10.30000019073486
,"Dim, 11.11. 21:00",3099.8,2419.4,680.4,0,0,0,0,0,0,0,693.8,0,9.800000190734863
,"Dim, 11.11. 22:00",2042.8,1556.6,486.2,0,0,0,0,0,0,0,476.3,0,9.199999809265137
,"Dim, 11.11. 23:00",1756.5,1443.5,313,0,0,0,0,0,0,0,397.9,0,9.100000381469727
,"Lun, 12.11. 00:00",1845.4,1618.9,226.5,0,0,0,0,0,0,0,407.6,0,8.899999618530273
,"Lun, 12.11. 01:00",1707.2,1589.8,117.4,0,0,0,0,0,0,0,365,0,8.899999618530273
,"Lun, 12.11. 02:00",1587.1,1551.4,35.7,0,0,0,0,0,0,0,326.5,0,9.100000381469727
,"Lun, 12.11. 03:00",1613.4,1579.9,33.5,0,0,0,0,0,0,0,335.5,0,8.699999809265137
,"Lun, 12.11. 04:00",1958.5,1842.5,116,0,0,0,0,0,0,0,416.2,0,8.800000190734863
,"Lun, 12.11. 05:00",2820.8,2502.2,318.6,0,0,0,0,0,0,0,613.6,0,8.800000190734863
,"Lun, 12.11. 06:00",4944.4,3929.6,1014.8,0,0,0,0,0,0,0,1152.4,0,8.300000190734863
,"Lun, 12.11. 07:00",4630.5,3628.3,1002.2,0,0,0,0,0,0,0,1097.4,0,8.399999618530273
,"Lun, 12.11. 08:00",3822.8,3008.9,813.9,0,0,0,0,0,0,0,910.9,0,8.5
,"Lun, 12.11. 09:00",3596.1,2909,687.1,0,0,0,0,0,0,0,846.1,0,8.5
,"Lun, 12.11. 10:00",3285.5,2677.9,607.6,0,0,0,0,0,0,0,757.8,0,9
,"Lun, 12.11. 11:00",3368.6,2753.2,615.4,0,0,0,0,0,0,0,765.1,0,9.399999618530273
,"Lun, 12.11. 12:00",2963,2395,568,0,0,0,0,0,0,0,663.6,0,10
,"Lun, 12.11. 13:00",3025.5,2443.7,581.8,0,0,0,0,0,0,0,666.5,0,10.5
,"Lun, 12.11. 14:00",2792.3,2284.8,507.5,0,0,0,0,0,0,0,616,0,10.30000019073486
,"Lun, 12.11. 15:00",2859,2350.4,508.6,0,0,0,0,0,0,0,622.3,0,10.60000038146973
,"Lun, 12.11. 16:00",2686.3,2199.9,486.4,0,0,0,0,0,0,0,588.5,0,10.39999961853027
,"Lun, 12.11. 17:00",3131.5,2479.6,651.9,0,0,0,0,0,0,0,702.1,0,10.10000038146973
,"Lun, 12.11. 18:00",3697.2,2907.5,789.7,0,0,0,0,0,0,0,839.6,0,9.699999809265137
,"Lun, 12.11. 19:00",3931.4,2957.7,973.7,0,0,0,0,0,0,0,910.3,0,9.600000381469727
,"Lun, 12.11. 20:00",3854.6,2868.2,986.4,0,0,0,0,0,0,0,889.4,0,9.699999809265137
,"Lun, 12.11. 21:00",3891.8,2934.2,957.6,0,0,0,0,0,0,0,908,0,9
,"Lun, 12.11. 22:00",2414.5,1859.1,555.4,0,0,0,0,0,0,0,564.9,0,8.899999618530273
,"Lun, 12.11. 23:00",1999.3,1668.8,330.5,0,0,0,0,0,0,0,454,0,8.800000190734863
,"Mar, 13.11. 00:00",1801.1,1580.6,220.5,0,0,0,0,0,0,0,398.9,0,8.800000190734863
,"Mar, 13.11. 01:00",1760.5,1642.9,117.6,0,0,0,0,0,0,0,379.7,0,8.600000381469727
,"Mar, 13.11. 02:00",1725.7,1690,35.7,0,0,0,0,0,0,0,363.3,0,8.399999618530273
,"Mar, 13.11. 03:00",1809.4,1773.8,35.6,0,0,0,0,0,0,0,382.8,0,8.199999809265137
,"Mar, 13.11. 04:00",2040.7,1923.3,117.4,0,0,0,0,0,0,0,438.9,0,8.399999618530273
,"Mar, 13.11. 05:00",3103.4,2747.2,356.2,0,0,0,0,0,0,0,678.3,0,8.699999809265137
,"Mar, 13.11. 06:00",4355,3433.4,921.6,0,0,0,0,0,0,0,1015.1,0,8.399999618530273
,"Mar, 13.11. 07:00",4524,3530.5,993.5,0,0,0,0,0,0,0,1081.6,0,8.199999809265137
,"Mar, 13.11. 08:00",3907.2,3041.2,866,0,0,0,0,0,0,0,926.8,0,8.800000190734863
,"Mar, 13.11. 09:00",3429.1,2720,709.1,0,0,0,0,0,0,0,791.4,0,9.399999618530273
,"Mar, 13.11. 10:00",2985.6,2359.5,626.1,0,0,0,0,0,0,0,666.2,0,10.5
,"Mar, 13.11. 11:00",2732.7,2157.7,575,0,0,0,0,0,0,0,599.7,0,11
,"Mar, 13.11. 12:00",2606.4,2048.5,557.9,0,0,0,0,0,0,0,571.2,0,11.10000038146973
,"Mar, 13.11. 13:00",2446.2,1918.1,528.1,0,0,0,0,0,0,0,527.4,0,11.60000038146973
,"Mar, 13.11. 14:00",2243.5,1755.4,488.1,0,0,0,0,0,0,0,477,0,12.10000038146973
,"Mar, 13.11. 15:00",2454.5,1979.8,474.7,0,0,0,0,0,0,0,526.6,0,11.30000019073486
,"Mar, 13.11. 16:00",2896.1,2345.6,550.5,0,0,0,0,0,0,0,631.5,0,10.69999980926514
,"Mar, 13.11. 17:00",3326.6,2626.4,700.2,0,0,0,0,0,0,0,751.8,0,9.899999618530273
,"Mar, 13.11. 18:00",3408.2,2647.7,760.5,0,0,0,0,0,0,0,770.5,0,10
,"Mar, 13.11. 19:00",3692.5,2766,926.5,0,0,0,0,0,0,0,861.6,0,9.399999618530273
,"Mar, 13.11. 20:00",3634.1,2707.5,926.6,0,0,0,0,0,0,0,851.8,0,9.199999809265137
,"Mar, 13.11. 21:00",4052,3014.7,1037.3,0,0,0,0,0,0,0,941.2,0,9.300000190734863
,"Mar, 13.11. 22:00",2365.1,1820,545.1,0,0,0,0,0,0,0,555,0,8.800000190734863
,"Mar, 13.11. 23:00",1961.9,1631,330.9,0,0,0,0,0,0,0,445,0,8.899999618530273
,"Mer, 14.11. 00:00",1955.7,1734.8,220.9,0,0,0,0,0,0,0,434.2,0,8.600000381469727
,"Mer, 14.11. 01:00",1862.7,1749.5,113.2,0,0,0,0,0,0,0,405.1,0,8.300000190734863
,"Mer, 14.11. 02:00",1772.7,1738.3,34.4,0,0,0,0,0,0,0,373.6,0,8.399999618530273
,"Mer, 14.11. 03:00",2503.7,2465.2,38.5,0,0,0,0,0,0,0,559.1,0,6.5
,"Mer, 14.11. 04:00",2847.2,2734.2,113,0,0,0,0,0,0,0,672.7,0,5.199999809265137
,"Mer, 14.11. 05:00",4374,4040.5,333.5,0,0,0,0,0,0,0,1069.9,0,4.400000095367432
,"Mer, 14.11. 06:00",6697.1,5708.4,988.7,0,0,0,0,0,0,0,1725.5,0,3.799999952316284
,"Mer, 14.11. 07:00",6442.4,5457.2,985.2,0,0,0,0,0,0,0,1702.2,0,3.400000095367432
,"Mer, 14.11. 08:00",5182.2,4383.1,799.1,0,0,0,0,0,0,0,1342,0,4.5
,"Mer, 14.11. 09:00",4830,4154.9,675.1,0,0,0,0,0,0,0,1225.1,0,5
,"Mer, 14.11. 10:00",4227.6,3587,640.6,0,0,0,0,0,0,0,987.1,0,8.100000381469727
,"Mer, 14.11. 11:00",3712.1,3112.7,599.4,0,0,0,0,0,0,0,823.4,0,9.899999618530273
,"Mer, 14.11. 12:00",3350.7,2751.9,598.8,0,0,0,0,0,0,0,717.2,0,11.30000019073486
,"Mer, 14.11. 13:00",2988.3,2437.8,550.5,0,0,0,0,0,0,0,622.2,0,12.19999980926514
,"Mer, 14.11. 14:00",2660,2161.1,498.9,0,0,0,0,0,0,0,544.2,0,12.89999961853027
,"Mer, 14.11. 15:00",2994.6,2514.2,480.4,0,0,0,0,0,0,0,627.5,0,11.5
,"Mer, 14.11. 16:00",3719.5,3194.7,524.8,0,0,0,0,0,0,0,834.3,0,9
,"Mer, 14.11. 17:00",4584.6,3883.4,701.2,0,0,0,0,0,0,0,1086.6,0,7.300000190734863
,"Mer, 14.11. 18:00",5221.3,4399,822.3,0,0,0,0,0,0,0,1259.4,0,6.699999809265137
,"Mer, 14.11. 19:00",5732.7,4707.2,1025.5,0,0,0,0,0,0,0,1434.8,0,5.699999809265137
,"Mer, 14.11. 20:00",5540.5,4511,1029.5,0,0,0,0,0,0,0,1375.6,0,5.900000095367432
,"Mer, 14.11. 21:00",5626.8,4637.2,989.6,0,0,0,0,0,0,0,1436.4,0,4.599999904632568
,"Mer, 14.11. 22:00",3403.2,2862.4,540.8,0,0,0,0,0,0,0,861.2,0,4.900000095367432
,"Mer, 14.11. 23:00",3028,2719,309,0,0,0,0,0,0,0,773.5,0,3.700000047683716
,"Jeu, 15.11. 00:00",3160.7,2944.2,216.5,0,0,0,0,0,0,0,807.7,0,3.099999904632568
,"Jeu, 15.11. 01:00",2955.3,2841.1,114.2,0,0,0,0,0,0,0,733.2,0,3.599999904632568
,"Jeu, 15.11. 02:00",2931.5,2896.3,35.2,0,0,0,0,0,0,0,719.4,0,3.5
,"Jeu, 15.11. 03:00",2979.4,2945,34.4,0,0,0,0,0,0,0,734,0,3.299999952316284
,"Jeu, 15.11. 04:00",3478,3367.1,110.9,0,0,0,0,0,0,0,884.9,0,2.5
,"Jeu, 15.11. 05:00",5313.1,4976.2,336.9,0,0,0,0,0,0,0,1385.6,0,1.899999976158142
,"Jeu, 15.11. 06:00",7229.5,6286.7,942.8,0,0,0,0,0,0,0,1906.4,0,2.599999904632568
,"Jeu, 15.11. 07:00",7077.4,6101.3,976.1,0,0,0,0,0,0,0,1886.5,0,2.799999952316284
,"Jeu, 15.11. 08:00",6483.2,5615.1,868.1,0,0,0,0,0,0,0,1741.2,0,2.799999952316284
,"Jeu, 15.11. 09:00",6270.4,5495.8,774.6,0,0,0,0,0,0,0,1628.1,0,3.900000095367432
,"Jeu, 15.11. 10:00",4644.2,4034.2,610,0,0,0,0,0,0,0,1109.5,0,7
,"Jeu, 15.11. 11:00",4029.6,3447.2,582.4,0,0,0,0,0,0,0,891.8,0,9.699999809265137
,"Jeu, 15.11. 12:00",3603,3020.6,582.4,0,0,0,0,0,0,0,761.8,0,11.39999961853027
,"Jeu, 15.11. 13:00",3253.9,2697.2,556.7,0,0,0,0,0,0,0,659.8,0,12.80000019073486
,"Jeu, 15.11. 14:00",2997.9,2488.4,509.5,0,0,0,0,0,0,0,601.3,0,13.19999980926514
,"Jeu, 15.11. 15:00",3066.7,2620.6,446.1,0,0,0,0,0,0,0,633.5,0,11.69999980926514
,"Jeu, 15.11. 16:00",4377.3,3836,541.3,0,0,0,0,0,0,0,994.7,0,8.300000190734863
,"Jeu, 15.11. 17:00",5047.1,4358.8,688.3,0,0,0,0,0,0,0,1207.6,0,6.699999809265137
,"Jeu, 15.11. 18:00",5446.5,4691.5,755,0,0,0,0,0,0,0,1339.7,0,5.699999809265137
,"Jeu, 15.11. 19:00",6563.1,5536.1,1027,0,0,0,0,0,0,0,1687.1,0,4.300000190734863
,"Jeu, 15.11. 20:00",6261.5,5251.1,1010.4,0,0,0,0,0,0,0,1605.6,0,4.300000190734863
,"Jeu, 15.11. 21:00",6207.2,5235.9,971.3,0,0,0,0,0,0,0,1617.3,0,3.5
,"Jeu, 15.11. 22:00",3925.4,3377.4,548,0,0,0,0,0,0,0,1029.3,0,3.299999952316284
,"Jeu, 15.11. 23:00",3378,3052.8,325.2,0,0,0,0,0,0,0,872.7,0,3.200000047683716
,"Ven, 16.11. 00:00",3587.4,3352.8,234.6,0,0,0,0,0,0,0,928.8,0,2.599999904632568
,"Ven, 16.11. 01:00",3471.1,3348.4,122.7,0,0,0,0,0,0,0,887.4,0,2.5
,"Ven, 16.11. 02:00",3495.9,3458.9,37,0,0,0,0,0,0,0,897,0,1.899999976158142
,"Ven, 16.11. 03:00",3552.6,3515.6,37,0,0,0,0,0,0,0,908,0,2
,"Ven, 16.11. 04:00",4324.9,4199.8,125.1,0,0,0,0,0,0,0,1141,0,1.200000047683716
,"Ven, 16.11. 05:00",5830.6,5496.6,334,0,0,0,0,0,0,0,1577.9,0,0.4000000059604645
,"Ven, 16.11. 06:00",8225.4,7262.3,963.1,0,0,0,0,0,0,0,2266.5,0,0.699999988079071
,"Ven, 16.11. 07:00",7895.6,6917.8,977.8,0,0,0,0,0,0,0,2196.9,0,0.8999999761581421
,"Ven, 16.11. 08:00",7696.3,6758.8,937.5,0,0,0,0,0,0,0,2132.2,0,1.399999976158142
,"Ven, 16.11. 09:00",5953,5283.3,669.7,0,0,0,0,0,0,0,1589.9,0,2.700000047683716
,"Ven, 16.11. 10:00",5173.7,4550.1,623.6,0,0,0,0,0,0,0,1255.5,0,6.300000190734863
,"Ven, 16.11. 11:00",4587.9,3981,606.9,0,0,0,0,0,0,0,1025.5,0,9.199999809265137
,"Ven, 16.11. 12:00",3971.3,3382.4,588.9,0,0,0,0,0,0,0,842,0,11.10000038146973
,"Ven, 16.11. 13:00",3674.1,3122.4,551.7,0,0,0,0,0,0,0,758.1,0,11.89999961853027
,"Ven, 16.11. 14:00",3423.1,2918,505.1,0,0,0,0,0,0,0,699.5,0,12.19999980926514
,"Ven, 16.11. 15:00",3797.3,3300.6,496.7,0,0,0,0,0,0,0,793.3,0,11.10000038146973
,"Ven, 16.11. 16:00",4971.5,4419.1,552.4,0,0,0,0,0,0,0,1156.5,0,7.300000190734863
,"Ven, 16.11. 17:00",5338.8,4635.7,703.1,0,0,0,0,0,0,0,1254.9,0,7.199999809265137
,"Ven, 16.11. 18:00",5827.3,5071.4,755.9,0,0,0,0,0,0,0,1439,0,5.400000095367432
,"Ven, 16.11. 19:00",6860.6,5871.4,989.2,0,0,0,0,0,0,0,1796.1,0,3.400000095367432
,"Ven, 16.11. 20:00",6882.8,5880.7,1002.1,0,0,0,0,0,0,0,1830.2,0,2.700000047683716
,"Ven, 16.11. 21:00",7063.7,6051.8,1011.9,0,0,0,0,0,0,0,1886.8,0,2.299999952316284
,"Ven, 16.11. 22:00",4156.9,3636.1,520.8,0,0,0,0,0,0,0,1129.8,0,1.700000047683716
,"Ven, 16.11. 23:00",3859.3,3540.2,319.1,0,0,0,0,0,0,0,1053.1,0,0.8999999761581421
,"Sam, 17.11. 00:00",3657.6,3427.5,230.1,0,0,0,0,0,0,0,993.9,0,0.800000011920929
,"Sam, 17.11. 01:00",3683,3546.9,136.1,0,0,0,0,0,0,0,990.1,0,0.800000011920929
,"Sam, 17.11. 02:00",3887,3800.4,86.6,0,0,0,0,0,0,0,1025.8,0,1.200000047683716
,"Sam, 17.11. 03:00",3986.2,3949.9,36.3,0,0,0,0,0,0,0,1074.3,0,0.1000000014901161
,"Sam, 17.11. 04:00",4709.9,4636.3,73.6,0,0,0,0,0,0,0,1287.6,0,-0.4000000059604645
,"Sam, 17.11. 05:00",5930.9,5860.8,70.1,0,0,0,0,0,0,0,1551.4,0,0.800000011920929
,"Sam, 17.11. 06:00",8450,8351.9,98.1,0,0,0,0,0,0,0,2217.6,0,0.4000000059604645
,"Sam, 17.11. 07:00",8269.4,8053.1,216.3,0,0,0,0,0,0,0,2258.9,0,-0.300000011920929
,"Sam, 17.11. 08:00",7641.1,7082.4,558.7,0,0,0,0,0,0,0,2136.7,0,0
,"Sam, 17.11. 09:00",8364.9,7213.9,1151,0,0,0,0,0,0,0,2402.1,0,0.1000000014901161
,"Sam, 17.11. 10:00",6370.4,5247.7,1122.7,0,0,0,0,0,0,0,1641.6,0,4.900000095367432
,"Sam, 17.11. 11:00",5405.9,4297.3,1108.6,0,0,0,0,0,0,0,1303.7,0,7.800000190734863
,"Sam, 17.11. 12:00",5034.6,3995,1039.6,0,0,0,0,0,0,0,1151.6,0,9.600000381469727
,"Sam, 17.11. 13:00",4541.6,3717.5,824.1,0,0,0,0,0,0,0,1006.8,0,10.10000038146973
,"Sam, 17.11. 14:00",4419.4,3666.7,752.7,0,0,0,0,0,0,0,968.7,0,10.30000019073486
,"Sam, 17.11. 15:00",4550.4,3910.3,640.1,0,0,0,0,0,0,0,1005.4,0,9.399999618530273
,"Sam, 17.11. 16:00",5255,4613.6,641.4,0,0,0,0,0,0,0,1240.9,0,6.900000095367432
,"Sam, 17.11. 17:00",5859.1,5152.1,707,0,0,0,0,0,0,0,1429.6,0,5.599999904632568
,"Sam, 17.11. 18:00",7255.8,6420.9,834.9,0,0,0,0,0,0,0,1859.9,0,3.700000047683716
,"Sam, 17.11. 19:00",7729.9,6848.3,881.6,0,0,0,0,0,0,0,2012.4,0,3
,"Sam, 17.11. 20:00",7102.4,6344.7,757.7,0,0,0,0,0,0,0,1872.6,0,2.200000047683716
,"Sam, 17.11. 21:00",7150.2,6518.7,631.5,0,0,0,0,0,0,0,1894.8,0,1.5
,"Sam, 17.11. 22:00",4240.3,3768.4,471.9,0,0,0,0,0,0,0,1156.6,0,1.299999952316284
,"Sam, 17.11. 23:00",4058.4,3720.2,338.2,0,0,0,0,0,0,0,1107.9,0,0.8999999761581421
,"Dim, 18.11. 00:00",3885,3647.6,237.4,0,0,0,0,0,0,0,1068.4,0,0.300000011920929
,"Dim, 18.11. 01:00",4102.7,3955.5,147.2,0,0,0,0,0,0,0,1116,0,0.300000011920929
,"Dim, 18.11. 02:00",4078.9,3993.1,85.8,0,0,0,0,0,0,0,1106.8,0,0.2000000029802322
,"Dim, 18.11. 03:00",3952.9,3918.9,34,0,0,0,0,0,0,0,1094.6,0,-0.8999999761581421
,"Dim, 18.11. 04:00",4695.3,4611.1,84.2,0,0,0,0,0,0,0,1298.8,0,-0.699999988079071
,"Dim, 18.11. 05:00",6392.4,6309.3,83.1,0,0,0,0,0,0,0,1748.7,0,-0.800000011920929
,"Dim, 18.11. 06:00",8306.4,8200,106.4,0,0,0,0,0,0,0,2220.2,0,-0.2000000029802322
,"Dim, 18.11. 07:00",8466.3,8241.9,224.4,0,0,0,0,0,0,0,2400.8,0,-1.700000047683716
,"Dim, 18.11. 08:00",8201.8,7607.9,593.9,0,0,0,0,0,0,0,2347.4,0,-0.8999999761581421
,"Dim, 18.11. 09:00",6984.4,6030.2,954.2,0,0,0,0,0,0,0,2028.8,0,-0.4000000059604645
,"Dim, 18.11. 10:00",6972,5803.8,1168.2,0,0,0,0,0,0,0,1860.8,0,3.5
,"Dim, 18.11. 11:00",5813.7,4684.7,1129,0,0,0,0,0,0,0,1447.7,0,6.5
,"Dim, 18.11. 12:00",6208.7,5032.4,1176.3,0,0,0,0,0,0,0,1504.1,0,7.400000095367432
,"Dim, 18.11. 13:00",5088.8,4241.1,847.7,0,0,0,0,0,0,0,1184.4,0,8.300000190734863
,"Dim, 18.11. 14:00",5153.4,4354.1,799.3,0,0,0,0,0,0,0,1179.1,0,8.699999809265137
,"Dim, 18.11. 15:00",4787.6,4139.6,648,0,0,0,0,0,0,0,1076.8,0,8.800000190734863
,"Dim, 18.11. 16:00",5629.9,4983.5,646.4,0,0,0,0,0,0,0,1353.1,0,6.199999809265137
,"Dim, 18.11. 17:00",6304.9,5591.7,713.2,0,0,0,0,0,0,0,1574.9,0,4.699999809265137
,"Dim, 18.11. 18:00",7069,6281.9,787.1,0,0,0,0,0,0,0,1839.5,0,3.099999904632568
,"Dim, 18.11. 19:00",6837.6,6074.2,763.4,0,0,0,0,0,0,0,1801.7,0,2.5
,"Dim, 18.11. 20:00",7467.7,6676.6,791.1,0,0,0,0,0,0,0,1962.2,0,2.400000095367432
,"Dim, 18.11. 21:00",6972.6,6346.3,626.3,0,0,0,0,0,0,0,1879.6,0,0.8999999761581421
,"Dim, 18.11. 22:00",4760.4,4234.3,526.1,0,0,0,0,0,0,0,1302.7,0,1.200000047683716
,"Dim, 18.11. 23:00",3811.2,3488.9,322.3,0,0,0,0,0,0,0,1017.9,0,1.799999952316284
,"Lun, 19.11. 00:00",3696.3,3485.3,211,0,0,0,0,0,0,0,1006.1,0,0.6000000238418579
,"Lun, 19.11. 01:00",3972,3851.2,120.8,0,0,0,0,0,0,0,1075.5,0,0.300000011920929
,"Lun, 19.11. 02:00",3865.6,3828.5,37.1,0,0,0,0,0,0,0,1027.9,0,0.6000000238418579
,"Lun, 19.11. 03:00",4143.9,4107.7,36.2,0,0,0,0,0,0,0,1134,0,-0.6000000238418579
,"Lun, 19.11. 04:00",4730.2,4609.6,120.6,0,0,0,0,0,0,0,1311,0,-0.699999988079071
,"Lun, 19.11. 05:00",6135.1,5806.5,328.6,0,0,0,0,0,0,0,1675.5,0,0
,"Lun, 19.11. 06:00",8622.5,7704,918.5,0,0,0,0,0,0,0,2429.3,0,-0.4000000059604645
,"Lun, 19.11. 07:00",9297.3,8266.7,1030.6,0,0,0,0,0,0,0,2693.5,0,-0.8999999761581421
,"Lun, 19.11. 08:00",7531.6,6693.3,838.3,0,0,0,0,0,0,0,2130.7,0,0.4000000059604645
,"Lun, 19.11. 09:00",6550.9,5871.6,679.3,0,0,0,0,0,0,0,1772.6,0,2.099999904632568
,"Lun, 19.11. 10:00",5298.5,4723.4,575.1,0,0,0,0,0,0,0,1312.5,0,5.400000095367432
,"Lun, 19.11. 11:00",5344,4734.8,609.2,0,0,0,0,0,0,0,1242.6,0,7.599999904632568
,"Lun, 19.11. 12:00",5093.6,4467.8,625.8,0,0,0,0,0,0,0,1139.3,0,9
,"Lun, 19.11. 13:00",4342.7,3805.2,537.5,0,0,0,0,0,0,0,943.3,0,9.899999618530273
,"Lun, 19.11. 14:00",4090,3598.3,491.7,0,0,0,0,0,0,0,881.5,0,10.10000038146973
,"Lun, 19.11. 15:00",4618.9,4115.7,503.2,0,0,0,0,0,0,0,1014.8,0,9.199999809265137
,"Lun, 19.11. 16:00",5291.9,4769.1,522.8,0,0,0,0,0,0,0,1265.4,0,6.199999809265137
,"Lun, 19.11. 17:00",6246.9,5555,691.9,0,0,0,0,0,0,0,1571.1,0,4.5
,"Lun, 19.11. 18:00",7243.7,6439.1,804.6,0,0,0,0,0,0,0,1903.6,0,2.799999952316284
,"Lun, 19.11. 19:00",7375.9,6403,972.9,0,0,0,0,0,0,0,1962,0,2.599999904632568
,"Lun, 19.11. 20:00",7546.1,6561,985.1,0,0,0,0,0,0,0,2076.1,0,1.100000023841858
,"Lun, 19.11. 21:00",8289.5,7195.2,1094.3,0,0,0,0,0,0,0,2241.9,0,1.600000023841858
,"Lun, 19.11. 22:00",4685.8,4130.8,555,0,0,0,0,0,0,0,1287.8,0,1.100000023841858
,"Lun, 19.11. 23:00",4529.9,4176.6,353.3,0,0,0,0,0,0,0,1261,0,0.1000000014901161
,"Mar, 20.11. 00:00",3953.8,3724.9,228.9,0,0,0,0,0,0,0,1065,0,1
,"Mar, 20.11. 01:00",4025.5,3909.3,116.2,0,0,0,0,0,0,0,1112.6,0,-0.5
,"Mar, 20.11. 02:00",3748.4,3714.6,33.8,0,0,0,0,0,0,0,1020.2,0,-0.300000011920929
,"Mar, 20.11. 03:00",4530,4491.6,38.4,0,0,0,0,0,0,0,1255,0,-1
,"Mar, 20.11. 04:00",4857.7,4740.4,117.3,0,0,0,0,0,0,0,1374.8,0,-1.600000023841858
,"Mar, 20.11. 05:00",6918.5,6575.8,342.7,0,0,0,0,0,0,0,1964.6,0,-1.600000023841858
,"Mar, 20.11. 06:00",9632.6,8674.7,957.9,0,0,0,0,0,0,0,2815.1,0,-2
,"Mar, 20.11. 07:00",9616.5,8604.1,1012.4,0,0,0,0,0,0,0,2837.8,0,-1.799999952316284
,"Mar, 20.11. 08:00",8236.2,7362.5,873.7,0,0,0,0,0,0,0,2366,0,-0.300000011920929
,"Mar, 20.11. 09:00",7826.2,7082.6,743.6,0,0,0,0,0,0,0,2214,0,0.2000000029802322
,"Mar, 20.11. 10:00",6894.4,6223.9,670.5,0,0,0,0,0,0,0,1804.3,0,3.200000047683716
,"Mar, 20.11. 11:00",5407.5,4851.5,556,0,0,0,0,0,0,0,1313,0,5.900000095367432
,"Mar, 20.11. 12:00",4965.2,4402.5,562.7,0,0,0,0,0,0,0,1138.8,0,8
,"Mar, 20.11. 13:00",4723.9,4169.4,554.5,0,0,0,0,0,0,0,1031.8,0,9.600000381469727
,"Mar, 20.11. 14:00",4445.9,3953.6,492.3,0,0,0,0,0,0,0,981.7,0,9.199999809265137
,"Mar, 20.11. 15:00",4924.2,4430.3,493.9,0,0,0,0,0,0,0,1111.4,0,8.199999809265137
,"Mar, 20.11. 16:00",5894,5333.4,560.6,0,0,0,0,0,0,0,1409.8,0,6.099999904632568
,"Mar, 20.11. 17:00",5970.8,5319,651.8,0,0,0,0,0,0,0,1480.2,0,5
,"Mar, 20.11. 18:00",6868.4,6124.1,744.3,0,0,0,0,0,0,0,1795.4,0,3
,"Mar, 20.11. 19:00",7675,6720.9,954.1,0,0,0,0,0,0,0,2088.3,0,1.600000023841858
,"Mar, 20.11. 20:00",8291,7243.3,1047.7,0,0,0,0,0,0,0,2281.6,0,1
,"Mar, 20.11. 21:00",7919.2,6912.3,1006.9,0,0,0,0,0,0,0,2155.2,0,1.299999952316284
,"Mar, 20.11. 22:00",4954.4,4398.7,555.7,0,0,0,0,0,0,0,1390.7,0,0.2000000029802322
,"Mar, 20.11. 23:00",4215.8,3894.9,320.9,0,0,0,0,0,0,0,1180.7,0,-0.2000000029802322
,"Mer, 21.11. 00:00",4090.1,3874.8,215.3,0,0,0,0,0,0,0,1152.6,0,-0.800000011920929
,"Mer, 21.11. 01:00",3842.4,3727.3,115.1,0,0,0,0,0,0,0,1047.6,0,0.1000000014901161
,"Mer, 21.11. 02:00",4073.9,4037,36.9,0,0,0,0,0,0,0,1111.9,0,-0.4000000059604645
,"Mer, 21.11. 03:00",4067.5,4032.2,35.3,0,0,0,0,0,0,0,1118.7,0,-0.699999988079071
,"Mer, 21.11. 04:00",4836.9,4717.1,119.8,0,0,0,0,0,0,0,1356.1,0,-1.200000047683716
,"Mer, 21.11. 05:00",6201.9,5886,315.9,0,0,0,0,0,0,0,1741.3,0,-1.100000023841858
,"Mer, 21.11. 06:00",9362.3,8393.6,968.7,0,0,0,0,0,0,0,2669.5,0,-0.8999999761581421
,"Mer, 21.11. 07:00",8523.5,7598.3,925.2,0,0,0,0,0,0,0,2479.2,0,-1.100000023841858
,"Mer, 21.11. 08:00",8285.4,7385.1,900.3,0,0,0,0,0,0,0,2362.7,0,0.1000000014901161
,"Mer, 21.11. 09:00",7166.2,6478.2,688,0,0,0,0,0,0,0,2032.5,0,0.1000000014901161
,"Mer, 21.11. 10:00",6229.2,5614.8,614.4,0,0,0,0,0,0,0,1631,0,3.200000047683716
,"Mer, 21.11. 11:00",5576.9,4978,598.9,0,0,0,0,0,0,0,1330.8,0,6.599999904632568
,"Mer, 21.11. 12:00",4749.1,4181,568.1,0,0,0,0,0,0,0,1063.9,0,8.899999618530273
,"Mer, 21.11. 13:00",4697,4125.2,571.8,0,0,0,0,0,0,0,1015,0,10
,"Mer, 21.11. 14:00",4538.9,4004.9,534,0,0,0,0,0,0,0,977,0,10.10000038146973
,"Mer, 21.11. 15:00",4790.6,4291,499.6,0,0,0,0,0,0,0,1066.4,0,8.699999809265137
,"Mer, 21.11. 16:00",5712.3,5156.1,556.2,0,0,0,0,0,0,0,1361.1,0,6.300000190734863
,"Mer, 21.11. 17:00",6308.5,5621.9,686.6,0,0,0,0,0,0,0,1585.1,0,4.5
,"Mer, 21.11. 18:00",6897.8,6137.2,760.6,0,0,0,0,0,0,0,1797.9,0,3.099999904632568
,"Mer, 21.11. 19:00",7661,6675.8,985.2,0,0,0,0,0,0,0,2050.6,0,2.299999952316284
,"Mer, 21.11. 20:00",8202.7,7143.1,1059.6,0,0,0,0,0,0,0,2245.9,0,1.299999952316284
,"Mer, 21.11. 21:00",7377.3,6418.3,959,0,0,0,0,0,0,0,1992.7,0,1.600000023841858
,"Mer, 21.11. 22:00",4350.6,3843.6,507,0,0,0,0,0,0,0,1200.2,0,0.8999999761581421
,"Mer, 21.11. 23:00",3987.7,3676.4,311.3,0,0,0,0,0,0,0,1107.5,0,0.2000000029802322
,"Jeu, 22.11. 00:00",4202,3988.1,213.9,0,0,0,0,0,0,0,1209.1,0,-1.700000047683716
,"Jeu, 22.11. 01:00",4206.4,4086.3,120.1,0,0,0,0,0,0,0,1178.9,0,-1
,"Jeu, 22.11. 02:00",3596.3,3562.6,33.7,0,0,0,0,0,0,0,971.8,0,0
,"Jeu, 22.11. 03:00",3868.8,3831.6,37.2,0,0,0,0,0,0,0,1018.2,0,0.8999999761581421
,"Jeu, 22.11. 04:00",4128.4,4013.3,115.1,0,0,0,0,0,0,0,1096.2,0,0.8999999761581421
,"Jeu, 22.11. 05:00",5945.6,5609.1,336.5,0,0,0,0,0,0,0,1578.6,0,1.100000023841858
,"Jeu, 22.11. 06:00",8799.7,7858.6,941.1,0,0,0,0,0,0,0,2520,0,-1
,"Jeu, 22.11. 07:00",8836.7,7851.5,985.2,0,0,0,0,0,0,0,2591.3,0,-1.399999976158142
,"Jeu, 22.11. 08:00",7959,7057.6,901.4,0,0,0,0,0,0,0,2253.2,0,0.4000000059604645
,"Jeu, 22.11. 09:00",7038.1,6320.8,717.3,0,0,0,0,0,0,0,1954,0,1
,"Jeu, 22.11. 10:00",5696.2,5100.2,596,0,0,0,0,0,0,0,1466.4,0,3.900000095367432
,"Jeu, 22.11. 11:00",5255,4643.9,611.1,0,0,0,0,0,0,0,1223.2,0,7.599999904632568
,"Jeu, 22.11. 12:00",5033.4,4446.1,587.3,0,0,0,0,0,0,0,1177.6,0,7.400000095367432
,"Jeu, 22.11. 13:00",4999.2,4432.2,567,0,0,0,0,0,0,0,1158.9,0,7.599999904632568
,"Jeu, 22.11. 14:00",4797.7,4278.6,519.1,0,0,0,0,0,0,0,1113.3,0,7.5
,"Jeu, 22.11. 15:00",5048.6,4538.4,510.2,0,0,0,0,0,0,0,1178.1,0,7.099999904632568
,"Jeu, 22.11. 16:00",5314.8,4779.5,535.3,0,0,0,0,0,0,0,1272,0,6.199999809265137
,"Jeu, 22.11. 17:00",5698.2,5031.4,666.8,0,0,0,0,0,0,0,1398.6,0,5.5
,"Jeu, 22.11. 18:00",6130.3,5391.5,738.8,0,0,0,0,0,0,0,1536.1,0,4.699999809265137
,"Jeu, 22.11. 19:00",6530.3,5573.8,956.5,0,0,0,0,0,0,0,1619.1,0,5.400000095367432
,"Jeu, 22.11. 20:00",6973.3,5922.9,1050.4,0,0,0,0,0,0,0,1726.3,0,5.300000190734863
,"Jeu, 22.11. 21:00",6222.8,5302.5,920.3,0,0,0,0,0,0,0,1555.9,0,4.699999809265137
,"Jeu, 22.11. 22:00",4061.6,3488,573.6,0,0,0,0,0,0,0,1034.6,0,4.300000190734863
,"Jeu, 22.11. 23:00",3132.1,2810.5,321.6,0,0,0,0,0,0,0,780.7,0,4.599999904632568
,"Ven, 23.11. 00:00",2600.6,2399.9,200.7,0,0,0,0,0,0,0,637.9,0,4.699999809265137
,"Ven, 23.11. 01:00",2860.3,2741.3,119,0,0,0,0,0,0,0,692.5,0,4.5
,"Ven, 23.11. 02:00",2659.8,2624.6,35.2,0,0,0,0,0,0,0,629.6,0,4.699999809265137
,"Ven, 23.11. 03:00",3107.9,3069,38.9,0,0,0,0,0,0,0,741.2,0,4.400000095367432
,"Ven, 23.11. 04:00",3423,3300.6,122.4,0,0,0,0,0,0,0,828.5,0,4.300000190734863
,"Ven, 23.11. 05:00",5030,4686.1,343.9,0,0,0,0,0,0,0,1249.5,0,3.700000047683716
,"Ven, 23.11. 06:00",7160.8,6208.9,951.9,0,0,0,0,0,0,0,1847.8,0,3.400000095367432
,"Ven, 23.11. 07:00",7121,6115.1,1005.9,0,0,0,0,0,0,0,1857.2,0,3.700000047683716
,"Ven, 23.11. 08:00",6372.1,5469.5,902.6,0,0,0,0,0,0,0,1642.3,0,4.5
,"Ven, 23.11. 09:00",5369.1,4679.5,689.6,0,0,0,0,0,0,0,1356.5,0,5
,"Ven, 23.11. 10:00",5726.4,5053.5,672.9,0,0,0,0,0,0,0,1456.6,0,4.5
,"Ven, 23.11. 11:00",5278.2,4660.2,618,0,0,0,0,0,0,0,1308.3,0,5.400000095367432
,"Ven, 23.11. 12:00",4089.5,3507.1,582.4,0,0,0,0,0,0,0,913.9,0,9.300000190734863
,"Ven, 23.11. 13:00",3663.1,3134,529.1,0,0,0,0,0,0,0,796.1,0,10.19999980926514
,"Ven, 23.11. 14:00",3832,3296.8,535.2,0,0,0,0,0,0,0,828.6,0,10.30000019073486
,"Ven, 23.11. 15:00",3632.7,3166.9,465.8,0,0,0,0,0,0,0,792.9,0,9.699999809265137
,"Ven, 23.11. 16:00",4422.9,3881.7,541.2,0,0,0,0,0,0,0,1007.7,0,8.199999809265137
,"Ven, 23.11. 17:00",5238,4535.9,702.1,0,0,0,0,0,0,0,1262,0,6.400000095367432
,"Ven, 23.11. 18:00",5746.9,4969.1,777.8,0,0,0,0,0,0,0,1431.3,0,5.199999809265137
,"Ven, 23.11. 19:00",6338,5350.3,987.7,0,0,0,0,0,0,0,1628.6,0,4.300000190734863
,"Ven, 23.11. 20:00",6345.5,5304.4,1041.1,0,0,0,0,0,0,0,1601.8,0,4.900000095367432
,"Ven, 23.11. 21:00",6289,5308,981,0,0,0,0,0,0,0,1638,0,3.5
,"Ven, 23.11. 22:00",4396,3811,585,0,0,0,0,0,0,0,1177.5,0,2.400000095367432
,"Ven, 23.11. 23:00",3473.3,3161.2,312.1,0,0,0,0,0,0,0,924.7,0,2
,"Sam, 24.11. 00:00",3495.7,3239.1,256.6,0,0,0,0,0,0,0,902.7,0,2.799999952316284
,"Sam, 24.11. 01:00",3092.2,2956.3,135.9,0,0,0,0,0,0,0,784.7,0,3
,"Sam, 24.11. 02:00",3269.1,3186,83.1,0,0,0,0,0,0,0,828.4,0,2.700000047683716
,"Sam, 24.11. 03:00",3668.8,3630.5,38.3,0,0,0,0,0,0,0,943.1,0,1.799999952316284
,"Sam, 24.11. 04:00",3861.5,3790,71.5,0,0,0,0,0,0,0,995.8,0,1.799999952316284
,"Sam, 24.11. 05:00",5274,5202.4,71.6,0,0,0,0,0,0,0,1337.8,0,1.899999976158142
,"Sam, 24.11. 06:00",7190.3,7092.3,98,0,0,0,0,0,0,0,1812.8,0,1.899999976158142
,"Sam, 24.11. 07:00",6615.9,6406.2,209.7,0,0,0,0,0,0,0,1686.5,0,2.400000095367432
,"Sam, 24.11. 08:00",7003.5,6406.6,596.9,0,0,0,0,0,0,0,1877.8,0,1.799999952316284
,"Sam, 24.11. 09:00",6160.6,5127.6,1033,0,0,0,0,0,0,0,1637.3,0,3.599999904632568
,"Sam, 24.11. 10:00",6043.7,4853.9,1189.8,0,0,0,0,0,0,0,1552.7,0,5.400000095367432
,"Sam, 24.11. 11:00",5391,4164.4,1226.6,0,0,0,0,0,0,0,1310.8,0,7.900000095367432
,"Sam, 24.11. 12:00",4290,3295,995,0,0,0,0,0,0,0,988.8,0,9.800000190734863
,"Sam, 24.11. 13:00",4029.3,3189.6,839.7,0,0,0,0,0,0,0,893.5,0,10.60000038146973
,"Sam, 24.11. 14:00",4011.4,3236.8,774.6,0,0,0,0,0,0,0,884.9,0,10.5
,"Sam, 24.11. 15:00",4048.3,3403,645.3,0,0,0,0,0,0,0,898.7,0,9.600000381469727
,"Sam, 24.11. 16:00",4482.6,3849.3,633.3,0,0,0,0,0,0,0,1040.1,0,7.800000190734863
,"Sam, 24.11. 17:00",5169.7,4434.3,735.4,0,0,0,0,0,0,0,1222.5,0,7.099999904632568
,"Sam, 24.11. 18:00",5110,4395.1,714.9,0,0,0,0,0,0,0,1232.2,0,6.300000190734863
,"Sam, 24.11. 19:00",6203.8,5348.6,855.2,0,0,0,0,0,0,0,1516.9,0,5.599999904632568
,"Sam, 24.11. 20:00",5819.9,5031.4,788.5,0,0,0,0,0,0,0,1386.5,0,6.300000190734863
,"Sam, 24.11. 21:00",5352,4740.5,611.5,0,0,0,0,0,0,0,1262.6,0,6
,"Sam, 24.11. 22:00",3512.7,2990.7,522,0,0,0,0,0,0,0,865.1,0,5.599999904632568
,"Sam, 24.11. 23:00",2908.6,2574.1,334.5,0,0,0,0,0,0,0,713,0,5.400000095367432
,"Dim, 25.11. 00:00",2488.6,2259.3,229.3,0,0,0,0,0,0,0,598.9,0,5.699999809265137
,"Dim, 25.11. 01:00",3048.2,2899.7,148.5,0,0,0,0,0,0,0,749.3,0,4.199999809265137
,"Dim, 25.11. 02:00",2695.7,2616.8,78.9,0,0,0,0,0,0,0,652,0,4.400000095367432
,"Dim, 25.11. 03:00",3065.9,3029.7,36.2,0,0,0,0,0,0,0,757.1,0,3.299999952316284
,"Dim, 25.11. 04:00",3732.2,3644.3,87.9,0,0,0,0,0,0,0,936.7,0,2.900000095367432
,"Dim, 25.11. 05:00",5152.3,5064.3,88,0,0,0,0,0,0,0,1288,0,2.5
,"Dim, 25.11. 06:00",6813.2,6702.4,110.8,0,0,0,0,0,0,0,1738.5,0,1.600000023841858
,"Dim, 25.11. 07:00",6632.6,6404.3,228.3,0,0,0,0,0,0,0,1739.3,0,1.399999976158142
,"Dim, 25.11. 08:00",6301.5,5719.5,582,0,0,0,0,0,0,0,1688.7,0,2
,"Dim, 25.11. 09:00",6376.4,5232.8,1143.6,0,0,0,0,0,0,0,1698.4,0,3.799999952316284
,"Dim, 25.11. 10:00",5256.2,4146.8,1109.4,0,0,0,0,0,0,0,1341.3,0,5.900000095367432
,"Dim, 25.11. 11:00",4706.7,3532.7,1174,0,0,0,0,0,0,0,1130,0,8.800000190734863
,"Dim, 25.11. 12:00",4590.4,3457.7,1132.7,0,0,0,0,0,0,0,1071.6,0,9.699999809265137
,"Dim, 25.11. 13:00",3872.8,3018,854.8,0,0,0,0,0,0,0,867.6,0,10.5
,"Dim, 25.11. 14:00",3559.7,2845.1,714.6,0,0,0,0,0,0,0,794.5,0,10.30000019073486
,"Dim, 25.11. 15:00",4138.6,3457.5,681.1,0,0,0,0,0,0,0,936.6,0,9.100000381469727
,"Dim, 25.11. 16:00",4183.4,3564.3,619.1,0,0,0,0,0,0,0,966.8,0,8.100000381469727
,"Dim, 25.11. 17:00",4313,3636.6,676.4,0,0,0,0,0,0,0,985.9,0,8.5
,"Dim, 25.11. 18:00",4631.4,3853.8,777.6,0,0,0,0,0,0,0,1034.4,0,9.300000190734863
,"Dim, 25.11. 19:00",5330.7,4527.6,803.1,0,0,0,0,0,0,0,1284.2,0,6.400000095367432
,"Dim, 25.11. 20:00",5943.5,5122.1,821.4,0,0,0,0,0,0,0,1459.3,0,5.400000095367432
,"Dim, 25.11. 21:00",5469.7,4804.4,665.3,0,0,0,0,0,0,0,1333.8,0,5.099999904632568
,"Dim, 25.11. 22:00",3478.1,2952.9,525.2,0,0,0,0,0,0,0,865.3,0,5.400000095367432
,"Dim, 25.11. 23:00",2633.7,2315.4,318.3,0,0,0,0,0,0,0,633.3,0,6.199999809265137
,"Lun, 26.11. 00:00",2480,2254,226,0,0,0,0,0,0,0,582.2,0,6.400000095367432
,"Lun, 26.11. 01:00",2654.6,2530.3,124.3,0,0,0,0,0,0,0,623.2,0,5.599999904632568
,"Lun, 26.11. 02:00",2782.6,2747.3,35.3,0,0,0,0,0,0,0,677.1,0,3.799999952316284
,"Lun, 26.11. 03:00",3081.1,3044.9,36.2,0,0,0,0,0,0,0,762.5,0,3.099999904632568
,"Lun, 26.11. 04:00",3333.4,3220,113.4,0,0,0,0,0,0,0,839.9,0,2.900000095367432
,"Lun, 26.11. 05:00",4593.7,4255.7,338,0,0,0,0,0,0,0,1142.5,0,3.799999952316284
,"Lun, 26.11. 06:00",6579.6,5605.5,974.1,0,0,0,0,0,0,0,1675.1,0,4.199999809265137
,"Lun, 26.11. 07:00",6377.6,5378.1,999.5,0,0,0,0,0,0,0,1644,0,4.400000095367432
,"Lun, 26.11. 08:00",5619.8,4757.2,862.6,0,0,0,0,0,0,0,1452,0,4.599999904632568
,"Lun, 26.11. 09:00",5278.7,4544,734.7,0,0,0,0,0,0,0,1335.2,0,5.099999904632568
,"Lun, 26.11. 10:00",3975.5,3383.1,592.4,0,0,0,0,0,0,0,929.2,0,8
,"Lun, 26.11. 11:00",4124.9,3510.9,614,0,0,0,0,0,0,0,942.9,0,8.699999809265137
,"Lun, 26.11. 12:00",3921.8,3308.2,613.6,0,0,0,0,0,0,0,879.8,0,9.399999618530273
,"Lun, 26.11. 13:00",3576,3039.7,536.3,0,0,0,0,0,0,0,800.4,0,9.300000190734863
,"Lun, 26.11. 14:00",3526.1,2999.3,526.8,0,0,0,0,0,0,0,776.1,0,9.899999618530273
,"Lun, 26.11. 15:00",3649,3151.5,497.5,0,0,0,0,0,0,0,812.5,0,9.199999809265137
,"Lun, 26.11. 16:00",4025,3476.5,548.5,0,0,0,0,0,0,0,911.8,0,8.600000381469727
,"Lun, 26.11. 17:00",4280,3596.3,683.7,0,0,0,0,0,0,0,984.8,0,8.399999618530273
,"Lun, 26.11. 18:00",4408.4,3651.3,757.1,0,0,0,0,0,0,0,1005.7,0,8.800000190734863
,"Lun, 26.11. 19:00",4854.5,3893.5,961,0,0,0,0,0,0,0,1132.5,0,8.399999618530273
,"Lun, 26.11. 20:00",5164,4129.8,1034.2,0,0,0,0,0,0,0,1214,0,8
,"Lun, 26.11. 21:00",5205,4201.1,1003.9,0,0,0,0,0,0,0,1246.3,0,7.099999904632568
,"Lun, 26.11. 22:00",3096.1,2514.8,581.3,0,0,0,0,0,0,0,741.7,0,7.300000190734863
,"Lun, 26.11. 23:00",2363.1,2030.1,333,0,0,0,0,0,0,0,547.7,0,7.699999809265137
,"Mar, 27.11. 00:00",2061.2,1837.1,224.1,0,0,0,0,0,0,0,472.1,0,7.5
,"Mar, 27.11. 01:00",1777,1664.5,112.5,0,0,0,0,0,0,0,391,0,7.900000095367432
,"Mar, 27.11. 02:00",1931.1,1894,37.1,0,0,0,0,0,0,0,419,0,7.5
,"Mar, 27.11. 03:00",2053.7,2016.3,37.4,0,0,0,0,0,0,0,448.8,0,7.199999809265137
,"Mar, 27.11. 04:00",2164.5,2048.8,115.7,0,0,0,0,0,0,0,481.7,0,7.300000190734863
,"Mar, 27.11. 05:00",2893.5,2572,321.5,0,0,0,0,0,0,0,659.4,0,7.400000095367432
,"Mar, 27.11. 06:00",4507.8,3513.1,994.7,0,0,0,0,0,0,0,1073.4,0,7.900000095367432
,"Mar, 27.11. 07:00",4272.6,3291.7,980.9,0,0,0,0,0,0,0,1039.1,0,7.800000190734863
,"Mar, 27.11. 08:00",3599,2770,829,0,0,0,0,0,0,0,867.3,0,8.399999618530273
,"Mar, 27.11. 09:00",3317.2,2581.7,735.5,0,0,0,0,0,0,0,769.9,0,9.5
,"Mar, 27.11. 10:00",2812.2,2117.1,695.1,0,0,0,0,0,0,0,618.9,0,11.69999980926514
,"Mar, 27.11. 11:00",2068.4,1489.4,579,0,0,0,0,0,0,0,440,0,13.39999961853027
,"Mar, 27.11. 12:00",1692.7,1137,555.7,0,0,0,0,0,0,0,357.2,0,14.69999980926514
,"Mar, 27.11. 13:00",1780.4,1188.4,592,0,0,0,0,0,0,0,365.1,0,15.60000038146973
,"Mar, 27.11. 14:00",1591.4,1074.5,516.9,0,0,0,0,0,0,0,329.2,0,15.30000019073486
,"Mar, 27.11. 15:00",1884,1375.9,508.1,0,0,0,0,0,0,0,391.1,0,13.89999961853027
,"Mar, 27.11. 16:00",2191.3,1647.6,543.7,0,0,0,0,0,0,0,462.3,0,12.89999961853027
,"Mar, 27.11. 17:00",2702.2,2017.9,684.3,0,0,0,0,0,0,0,595.4,0,11.5
,"Mar, 27.11. 18:00",3401.5,2550.6,850.9,0,0,0,0,0,0,0,765,0,10.69999980926514
,"Mar, 27.11. 19:00",3773.4,2722,1051.4,0,0,0,0,0,0,0,876.7,0,10.10000038146973
,"Mar, 27.11. 20:00",3454.4,2511.4,943,0,0,0,0,0,0,0,815.3,0,9.300000190734863
,"Mar, 27.11. 21:00",3575.2,2560.1,1015.1,0,0,0,0,0,0,0,827,0,10
,"Mar, 27.11. 22:00",2168.2,1629.9,538.3,0,0,0,0,0,0,0,508.3,0,9.199999809265137
,"Mar, 27.11. 23:00",2022.1,1682.3,339.8,0,0,0,0,0,0,0,462.9,0,8.600000381469727
,"Mer, 28.11. 00:00",2036,1818.6,217.4,0,0,0,0,0,0,0,456.6,0,8.199999809265137
,"Mer, 28.11. 01:00",2036.7,1915.9,120.8,0,0,0,0,0,0,0,444.4,0,8.199999809265137
,"Mer, 28.11. 02:00",2057.8,2023.2,34.6,0,0,0,0,0,0,0,450.8,0,7.199999809265137
,"Mer, 28.11. 03:00",2122,2086.4,35.6,0,0,0,0,0,0,0,459.4,0,7.5
,"Mer, 28.11. 04:00",2662.9,2539.9,123,0,0,0,0,0,0,0,589,0,7.400000095367432
,"Mer, 28.11. 05:00",4117.4,3771.8,345.6,0,0,0,0,0,0,0,925.7,0,7.199999809265137
,"Mer, 28.11. 06:00",6497.7,5482.5,1015.2,0,0,0,0,0,0,0,1524.7,0,7.099999904632568
,"Mer, 28.11. 07:00",5634.6,4722.3,912.3,0,0,0,0,0,0,0,1368.2,0,6.599999904632568
,"Mer, 28.11. 08:00",5865.2,4948.9,916.3,0,0,0,0,0,0,0,1456.8,0,6.099999904632568
,"Mer, 28.11. 09:00",5190.6,4475.8,714.8,0,0,0,0,0,0,0,1287.2,0,5.800000190734863
,"Mer, 28.11. 10:00",5003.4,4364.6,638.8,0,0,0,0,0,0,0,1239.6,0,5.599999904632568
,"Mer, 28.11. 11:00",5050.5,4429.1,621.4,0,0,0,0,0,0,0,1244.5,0,5.699999809265137
,"Mer, 28.11. 12:00",4424.6,3874.2,550.4,0,0,0,0,0,0,0,1085.8,0,5.800000190734863
,"Mer, 28.11. 13:00",4681.7,4110.9,570.8,0,0,0,0,0,0,0,1134.4,0,6.199999809265137
,"Mer, 28.11. 14:00",4437.1,3929.9,507.2,0,0,0,0,0,0,0,1082.9,0,5.800000190734863
,"Mer, 28.11. 15:00",4397,3923.8,473.2,0,0,0,0,0,0,0,1077.5,0,5.5
,"Mer, 28.11. 16:00",5297.7,4704.9,592.8,0,0,0,0,0,0,0,1299.8,0,5.5
,"Mer, 28.11. 17:00",5434.5,4721.8,712.7,0,0,0,0,0,0,0,1361.4,0,5
,"Mer, 28.11. 18:00",5599.3,4825,774.3,0,0,0,0,0,0,0,1411.9,0,4.800000190734863
,"Mer, 28.11. 19:00",5976.6,4993.8,982.8,0,0,0,0,0,0,0,1521.5,0,4.800000190734863
,"Mer, 28.11. 20:00",6401.6,5323.7,1077.9,0,0,0,0,0,0,0,1634.3,0,4.599999904632568
,"Mer, 28.11. 21:00",6312,5255.9,1056.1,0,0,0,0,0,0,0,1606.5,0,4.5
,"Mer, 28.11. 22:00",3613.3,3058.1,555.2,0,0,0,0,0,0,0,919.6,0,4.599999904632568
,"Mer, 28.11. 23:00",3163.4,2826.6,336.8,0,0,0,0,0,0,0,794.3,0,4.400000095367432
,"Jeu, 29.11. 00:00",2688.9,2486.8,202.1,0,0,0,0,0,0,0,662.6,0,4.5
,"Jeu, 29.11. 01:00",2849.8,2733.6,116.2,0,0,0,0,0,0,0,692.8,0,4.400000095367432
,"Jeu, 29.11. 02:00",2786.5,2750.8,35.7,0,0,0,0,0,0,0,663.4,0,4.5
,"Jeu, 29.11. 03:00",2776.3,2741.8,34.5,0,0,0,0,0,0,0,659.4,0,4.5
,"Jeu, 29.11. 04:00",3218.4,3104.6,113.8,0,0,0,0,0,0,0,774.1,0,4.5
,"Jeu, 29.11. 05:00",5580,5203.3,376.7,0,0,0,0,0,0,0,1351.1,0,4.5
,"Jeu, 29.11. 06:00",8097,7052,1045,0,0,0,0,0,0,0,2031.3,0,4.300000190734863
,"Jeu, 29.11. 07:00",7258,6275,983,0,0,0,0,0,0,0,1866.5,0,4.099999904632568
,"Jeu, 29.11. 08:00",6278.2,5447.8,830.4,0,0,0,0,0,0,0,1635.2,0,4
,"Jeu, 29.11. 09:00",6142.6,5420,722.6,0,0,0,0,0,0,0,1588.7,0,4
,"Jeu, 29.11. 10:00",6087.7,5416.8,670.9,0,0,0,0,0,0,0,1562.3,0,4.099999904632568
,"Jeu, 29.11. 11:00",5576.9,4984.9,592,0,0,0,0,0,0,0,1422,0,4.199999809265137
,"Jeu, 29.11. 12:00",5656.4,5047,609.4,0,0,0,0,0,0,0,1434.8,0,4.400000095367432
,"Jeu, 29.11. 13:00",5110.5,4572.4,538.1,0,0,0,0,0,0,0,1278.5,0,4.800000190734863
,"Jeu, 29.11. 14:00",5004.9,4517.9,487,0,0,0,0,0,0,0,1276.7,0,4
,"Jeu, 29.11. 15:00",5254.8,4761.1,493.7,0,0,0,0,0,0,0,1323.3,0,4.300000190734863
,"Jeu, 29.11. 16:00",5342.9,4824.7,518.2,0,0,0,0,0,0,0,1354,0,4.099999904632568
,"Jeu, 29.11. 17:00",5775.7,5104,671.7,0,0,0,0,0,0,0,1473.5,0,4.099999904632568
,"Jeu, 29.11. 18:00",6147.6,5388.1,759.5,0,0,0,0,0,0,0,1569.4,0,4.099999904632568
,"Jeu, 29.11. 19:00",6957.4,5933.6,1023.8,0,0,0,0,0,0,0,1789.9,0,4.099999904632568
,"Jeu, 29.11. 20:00",6924.6,5876.8,1047.8,0,0,0,0,0,0,0,1781.2,0,4
,"Jeu, 29.11. 21:00",6575.4,5577.9,997.5,0,0,0,0,0,0,0,1677.4,0,4.099999904632568
,"Jeu, 29.11. 22:00",3730,3201.4,528.6,0,0,0,0,0,0,0,961.6,0,3.900000095367432
,"Jeu, 29.11. 23:00",3140.6,2826.3,314.3,0,0,0,0,0,0,0,797,0,3.900000095367432
,"Ven, 30.11. 00:00",3038.3,2820.4,217.9,0,0,0,0,0,0,0,760.7,0,3.900000095367432
,"Ven, 30.11. 01:00",3022.2,2904.6,117.6,0,0,0,0,0,0,0,747.4,0,3.799999952316284
,"Ven, 30.11. 02:00",3026.5,2989.4,37.1,0,0,0,0,0,0,0,732.3,0,4
,"Ven, 30.11. 03:00",2953.1,2917.1,36,0,0,0,0,0,0,0,705.8,0,4.300000190734863
,"Ven, 30.11. 04:00",3418.2,3302.1,116.1,0,0,0,0,0,0,0,834.9,0,4
,"Ven, 30.11. 05:00",5241,4901.7,339.3,0,0,0,0,0,0,0,1295.6,0,3.799999952316284
,"Ven, 30.11. 06:00",7259.7,6349.3,910.4,0,0,0,0,0,0,0,1845.7,0,3.799999952316284
,"Ven, 30.11. 07:00",7164.2,6210.3,953.9,0,0,0,0,0,0,0,1846.1,0,4
,"Ven, 30.11. 08:00",6610.1,5744.1,866,0,0,0,0,0,0,0,1715.8,0,4.099999904632568
,"Ven, 30.11. 09:00",6028.7,5305.3,723.4,0,0,0,0,0,0,0,1522.6,0,4.900000095367432
,"Ven, 30.11. 10:00",5783.4,5124.5,658.9,0,0,0,0,0,0,0,1438.5,0,5.300000190734863
,"Ven, 30.11. 11:00",5627.8,4999.3,628.5,0,0,0,0,0,0,0,1375.3,0,5.800000190734863
,"Ven, 30.11. 12:00",5257.1,4664.5,592.6,0,0,0,0,0,0,0,1284.3,0,5.800000190734863
,"Ven, 30.11. 13:00",4978.2,4445.3,532.9,0,0,0,0,0,0,0,1222.8,0,5.5
,"Ven, 30.11. 14:00",4997.5,4494.4,503.1,0,0,0,0,0,0,0,1237.7,0,5.099999904632568
,"Ven, 30.11. 15:00",5528.9,5008.9,520,0,0,0,0,0,0,0,1381.6,0,4.599999904632568
,"Ven, 30.11. 16:00",5752,5201.4,550.6,0,0,0,0,0,0,0,1456.9,0,4.099999904632568
,"Ven, 30.11. 17:00",5817.1,5165.2,651.9,0,0,0,0,0,0,0,1509.3,0,3.400000095367432
,"Ven, 30.11. 18:00",7065.7,6243.4,822.3,0,0,0,0,0,0,0,1868.7,0,2.700000047683716
,"Ven, 30.11. 19:00",7053.8,6078.9,974.9,0,0,0,0,0,0,0,1885.6,0,2.5
,"Ven, 30.11. 20:00",7344.4,6305.5,1038.9,0,0,0,0,0,0,0,1973.7,0,2.200000047683716
,"Ven, 30.11. 21:00",7149.5,6141.4,1008.1,0,0,0,0,0,0,0,1911.7,0,2.200000047683716
,"Ven, 30.11. 22:00",4068.4,3545,523.4,0,0,0,0,0,0,0,1091.5,0,2.200000047683716
,"Ven, 30.11. 23:00",3891.2,3540.2,351,0,0,0,0,0,0,0,1027.4,0,2.299999952316284
,"Sam, 01.12. 00:00",3365.1,3123.7,241.4,0,0,0,0,0,0,0,872.2,0,2.700000047683716
,"Sam, 01.12. 01:00",3327.3,3187.4,139.9,0,0,0,0,0,0,0,853,0,2.599999904632568
,"Sam, 01.12. 02:00",3430.5,3344.9,85.6,0,0,0,0,0,0,0,869.7,0,2.700000047683716
,"Sam, 01.12. 03:00",3507.1,3469.1,38,0,0,0,0,0,0,0,880.5,0,2.700000047683716
,"Sam, 01.12. 04:00",3771.1,3699.9,71.2,0,0,0,0,0,0,0,945.5,0,2.799999952316284
,"Sam, 01.12. 05:00",5507.5,5434.8,72.7,0,0,0,0,0,0,0,1352.8,0,3
,"Sam, 01.12. 06:00",7330.6,7236.8,93.8,0,0,0,0,0,0,0,1792.1,0,2.900000095367432
,"Sam, 01.12. 07:00",7374.7,7155.1,219.6,0,0,0,0,0,0,0,1829.6,0,3.299999952316284
,"Sam, 01.12. 08:00",6640.6,6089.8,550.8,0,0,0,0,0,0,0,1711,0,3.299999952316284
,"Sam, 01.12. 09:00",6457.8,5428,1029.8,0,0,0,0,0,0,0,1684.2,0,4.199999809265137
,"Sam, 01.12. 10:00",6021.6,4930.4,1091.2,0,0,0,0,0,0,0,1547.1,0,5.099999904632568
,"Sam, 01.12. 11:00",6390.8,5143.1,1247.7,0,0,0,0,0,0,0,1621.5,0,5.800000190734863
,"Sam, 01.12. 12:00",5835.1,4757.4,1077.7,0,0,0,0,0,0,0,1457.6,0,6.199999809265137
,"Sam, 01.12. 13:00",5597.3,4707.3,890,0,0,0,0,0,0,0,1369.2,0,6.400000095367432
,"Sam, 01.12. 14:00",5524.6,4728.6,796,0,0,0,0,0,0,0,1362,0,5.900000095367432
,"Sam, 01.12. 15:00",5813.5,5115.6,697.9,0,0,0,0,0,0,0,1449.9,0,5
,"Sam, 01.12. 16:00",6040.6,5348.3,692.3,0,0,0,0,0,0,0,1518.1,0,4.599999904632568
,"Sam, 01.12. 17:00",6804.3,5988.4,815.9,0,0,0,0,0,0,0,1704.3,0,4.699999809265137
,"Sam, 01.12. 18:00",6717.8,5901.8,816,0,0,0,0,0,0,0,1684.2,0,4.599999904632568
,"Sam, 01.12. 19:00",7256.3,6394.7,861.6,0,0,0,0,0,0,0,1867.5,0,3.5
,"Sam, 01.12. 20:00",8474.3,7573.6,900.7,0,0,0,0,0,0,0,2297.5,0,1.200000047683716
,"Sam, 01.12. 21:00",7127.8,6485.3,642.5,0,0,0,0,0,0,0,1903,0,1.299999952316284
,"Sam, 01.12. 22:00",4354.3,3869.8,484.5,0,0,0,0,0,0,0,1198.4,0,0.8999999761581421
,"Sam, 01.12. 23:00",4126.6,3772.4,354.2,0,0,0,0,0,0,0,1122.5,0,1.100000023841858
,"Dim, 02.12. 00:00",3670.9,3425.1,245.8,0,0,0,0,0,0,0,973.8,0,1.799999952316284
,"Dim, 02.12. 01:00",3428.6,3293.6,135,0,0,0,0,0,0,0,898.4,0,1.799999952316284
,"Dim, 02.12. 02:00",3704.4,3616,88.4,0,0,0,0,0,0,0,950.6,0,2.299999952316284
,"Dim, 02.12. 03:00",3842.4,3804.1,38.3,0,0,0,0,0,0,0,995.9,0,1.600000023841858
,"Dim, 02.12. 04:00",4071.5,3989.7,81.8,0,0,0,0,0,0,0,1059.3,0,1.600000023841858
,"Dim, 02.12. 05:00",6180.8,6098.1,82.7,0,0,0,0,0,0,0,1646.4,0,0.2000000029802322
,"Dim, 02.12. 06:00",7838.6,7735.6,103,0,0,0,0,0,0,0,2021.1,0,1.100000023841858
,"Dim, 02.12. 07:00",8373,8138.2,234.8,0,0,0,0,0,0,0,2228.5,0,0.800000011920929
,"Dim, 02.12. 08:00",6642.4,6141.6,500.8,0,0,0,0,0,0,0,1825,0,0.800000011920929
,"Dim, 02.12. 09:00",7550.4,6484.5,1065.9,0,0,0,0,0,0,0,2123.1,0,1
,"Dim, 02.12. 10:00",6802,5720.4,1081.6,0,0,0,0,0,0,0,1875.7,0,2.099999904632568
,"Dim, 02.12. 11:00",6843.9,5661.4,1182.5,0,0,0,0,0,0,0,1841.4,0,3.299999952316284
,"Dim, 02.12. 12:00",6312.8,5258.2,1054.6,0,0,0,0,0,0,0,1652.3,0,4.199999809265137
,"Dim, 02.12. 13:00",6086.4,5208.2,878.2,0,0,0,0,0,0,0,1543.7,0,4.900000095367432
,"Dim, 02.12. 14:00",5168.1,4478.9,689.2,0,0,0,0,0,0,0,1290.8,0,5.300000190734863
,"Dim, 02.12. 15:00",5902.7,5230.2,672.5,0,0,0,0,0,0,0,1477.6,0,4.800000190734863
,"Dim, 02.12. 16:00",6314.5,5671.2,643.3,0,0,0,0,0,0,0,1641,0,3.200000047683716
,"Dim, 02.12. 17:00",6957.1,6225.8,731.3,0,0,0,0,0,0,0,1824,0,2.799999952316284
,"Dim, 02.12. 18:00",8004.4,7189.5,814.9,0,0,0,0,0,0,0,2226.3,0,0.4000000059604645
,"Dim, 02.12. 19:00",7475.1,6682.8,792.3,0,0,0,0,0,0,0,2045.4,0,1
,"Dim, 02.12. 20:00",8408.8,7581.4,827.4,0,0,0,0,0,0,0,2339.8,0,0.1000000014901161
,"Dim, 02.12. 21:00",8124.1,7406.7,717.4,0,0,0,0,0,0,0,2207.4,0,0.6000000238418579
,"Dim, 02.12. 22:00",4886.5,4357.1,529.4,0,0,0,0,0,0,0,1352.8,0,0.699999988079071
,"Dim, 02.12. 23:00",3979.2,3655.1,324.1,0,0,0,0,0,0,0,1084.1,0,1
,"Lun, 03.12. 00:00",3920.9,3699.9,221,0,0,0,0,0,0,0,1079.1,0,0.2000000029802322
,"Lun, 03.12. 01:00",3933.1,3811.6,121.5,0,0,0,0,0,0,0,1062.9,0,0.4000000059604645
,"Lun, 03.12. 02:00",3788.5,3753.1,35.4,0,0,0,0,0,0,0,1023.9,0,0
,"Lun, 03.12. 03:00",3981,3945.2,35.8,0,0,0,0,0,0,0,1081.7,0,-0.300000011920929
,"Lun, 03.12. 04:00",4976.2,4852.6,123.6,0,0,0,0,0,0,0,1402.4,0,-1.399999976158142
,"Lun, 03.12. 05:00",6488.5,6154.8,333.7,0,0,0,0,0,0,0,1826.2,0,-1.200000047683716
,"Lun, 03.12. 06:00",9390.5,8399.8,990.7,0,0,0,0,0,0,0,2656.2,0,-0.6000000238418579
,"Lun, 03.12. 07:00",8830.6,7834.2,996.4,0,0,0,0,0,0,0,2503.1,0,0
,"Lun, 03.12. 08:00",8096.5,7193.3,903.2,0,0,0,0,0,0,0,2282,0,0.6000000238418579
,"Lun, 03.12. 09:00",6720.8,6045.5,675.3,0,0,0,0,0,0,0,1858.1,0,1.200000047683716
,"Lun, 03.12. 10:00",6638.3,5978.1,660.2,0,0,0,0,0,0,0,1742.5,0,3.099999904632568
,"Lun, 03.12. 11:00",5690.2,5101.8,588.4,0,0,0,0,0,0,0,1406.2,0,5.300000190734863
,"Lun, 03.12. 12:00",5430.1,4865.3,564.8,0,0,0,0,0,0,0,1345.9,0,5.199999809265137
,"Lun, 03.12. 13:00",5207.3,4667.2,540.1,0,0,0,0,0,0,0,1255,0,6.099999904632568
,"Lun, 03.12. 14:00",5297.3,4766.9,530.4,0,0,0,0,0,0,0,1269.4,0,6.300000190734863
,"Lun, 03.12. 15:00",5336.3,4830.4,505.9,0,0,0,0,0,0,0,1275.3,0,6.199999809265137
,"Lun, 03.12. 16:00",5660,5129.3,530.7,0,0,0,0,0,0,0,1397,0,5
,"Lun, 03.12. 17:00",6332.3,5637,695.3,0,0,0,0,0,0,0,1597.8,0,4.400000095367432
,"Lun, 03.12. 18:00",6863.2,6077.4,785.8,0,0,0,0,0,0,0,1753.7,0,3.900000095367432
,"Lun, 03.12. 19:00",7097.5,6129.3,968.2,0,0,0,0,0,0,0,1825.4,0,3.900000095367432
,"Lun, 03.12. 20:00",7817.4,6723.5,1093.9,0,0,0,0,0,0,0,2014.7,0,3.700000047683716
,"Lun, 03.12. 21:00",7131.1,6129.9,1001.2,0,0,0,0,0,0,0,1823.4,0,3.799999952316284
,"Lun, 03.12. 22:00",3971.4,3435.5,535.9,0,0,0,0,0,0,0,1027.6,0,3.599999904632568
,"Lun, 03.12. 23:00",3841.6,3486.4,355.2,0,0,0,0,0,0,0,997.2,0,3
,"Mar, 04.12. 00:00",3173.3,2965.7,207.6,0,0,0,0,0,0,0,820.2,0,2.700000047683716
,"Mar, 04.12. 01:00",3247.1,3131.6,115.5,0,0,0,0,0,0,0,827.4,0,2.700000047683716
,"Mar, 04.12. 02:00",3365,3328,37,0,0,0,0,0,0,0,847.3,0,2.599999904632568
,"Mar, 04.12. 03:00",3452,3415.9,36.1,0,0,0,0,0,0,0,874.7,0,2.299999952316284
,"Mar, 04.12. 04:00",4066.9,3945.5,121.4,0,0,0,0,0,0,0,1042.9,0,2.200000047683716
,"Mar, 04.12. 05:00",6340.6,5968.7,371.9,0,0,0,0,0,0,0,1626.6,0,2.400000095367432
,"Mar, 04.12. 06:00",8241,7288.1,952.9,0,0,0,0,0,0,0,2140.3,0,2.799999952316284
,"Mar, 04.12. 07:00",8145.5,7148,997.5,0,0,0,0,0,0,0,2150.4,0,2.900000095367432
,"Mar, 04.12. 08:00",7290.5,6412.4,878.1,0,0,0,0,0,0,0,1941.7,0,3
,"Mar, 04.12. 09:00",6718.2,5992.1,726.1,0,0,0,0,0,0,0,1764.8,0,3.299999952316284
,"Mar, 04.12. 10:00",6375.1,5713.7,661.4,0,0,0,0,0,0,0,1632.7,0,4.099999904632568
,"Mar, 04.12. 11:00",5813.6,5212.7,600.9,0,0,0,0,0,0,0,1444.6,0,5.099999904632568
,"Mar, 04.12. 12:00",5521.9,4938.8,583.1,0,0,0,0,0,0,0,1362,0,5.400000095367432
,"Mar, 04.12. 13:00",4922.9,4393.4,529.5,0,0,0,0,0,0,0,1164.7,0,6.800000190734863
,"Mar, 04.12. 14:00",5139.1,4618.4,520.7,0,0,0,0,0,0,0,1227.2,0,6.400000095367432
,"Mar, 04.12. 15:00",5712.7,5175.9,536.8,0,0,0,0,0,0,0,1379,0,5.800000190734863
,"Mar, 04.12. 16:00",5848.5,5306.6,541.9,0,0,0,0,0,0,0,1462.5,0,4.5
,"Mar, 04.12. 17:00",6948.3,6210.8,737.5,0,0,0,0,0,0,0,1808.9,0,3.200000047683716
,"Mar, 04.12. 18:00",6995,6239.4,755.6,0,0,0,0,0,0,0,1885.4,0,1.799999952316284
,"Mar, 04.12. 19:00",8343.3,7314.4,1028.9,0,0,0,0,0,0,0,2360.6,0,0.1000000014901161
,"Mar, 04.12. 20:00",8315.1,7272.5,1042.6,0,0,0,0,0,0,0,2376,0,-0.5
,"Mar, 04.12. 21:00",7626.4,6684.1,942.3,0,0,0,0,0,0,0,2193,0,-0.8999999761581421
,"Mar, 04.12. 22:00",5339.7,4758.9,580.8,0,0,0,0,0,0,0,1542.3,0,-1
,"Mar, 04.12. 23:00",4490.3,4168,322.3,0,0,0,0,0,0,0,1305.8,0,-1.799999952316284
,"Mer, 05.12. 00:00",4473,4251.6,221.4,0,0,0,0,0,0,0,1292.8,0,-1.899999976158142
,"Mer, 05.12. 01:00",4139.5,4022.6,116.9,0,0,0,0,0,0,0,1154.9,0,-0.800000011920929
,"Mer, 05.12. 02:00",4369.1,4332,37.1,0,0,0,0,0,0,0,1224.5,0,-1.399999976158142
,"Mer, 05.12. 03:00",4723.8,4685.5,38.3,0,0,0,0,0,0,0,1331.3,0,-1.700000047683716
,"Mer, 05.12. 04:00",4500.1,4389,111.1,0,0,0,0,0,0,0,1247,0,-0.699999988079071
,"Mer, 05.12. 05:00",7812.7,7444.2,368.5,0,0,0,0,0,0,0,2214.7,0,-1.600000023841858
,"Mer, 05.12. 06:00",9976.7,9042.3,934.4,0,0,0,0,0,0,0,2898.8,0,-1.899999976158142
,"Mer, 05.12. 07:00",9249.5,8321.1,928.4,0,0,0,0,0,0,0,2686.3,0,-1.200000047683716
,"Mer, 05.12. 08:00",8997.7,8110.4,887.3,0,0,0,0,0,0,0,2619.8,0,-0.8999999761581421
,"Mer, 05.12. 09:00",8199.5,7473.4,726.1,0,0,0,0,0,0,0,2340.6,0,-0.300000011920929
,"Mer, 05.12. 10:00",7724.5,7069,655.5,0,0,0,0,0,0,0,2147.6,0,0.699999988079071
,"Mer, 05.12. 11:00",7187.4,6561.8,625.6,0,0,0,0,0,0,0,1884.7,0,2.900000095367432
,"Mer, 05.12. 12:00",6445.8,5868.3,577.5,0,0,0,0,0,0,0,1665,0,3.5
,"Mer, 05.12. 13:00",6453,5895,558,0,0,0,0,0,0,0,1655,0,3.599999904632568
,"Mer, 05.12. 14:00",5700,5210.2,489.8,0,0,0,0,0,0,0,1420,0,4.699999809265137
,"Mer, 05.12. 15:00",6535.3,6023.6,511.7,0,0,0,0,0,0,0,1674,0,3.5
,"Mer, 05.12. 16:00",7097.6,6544.5,553.1,0,0,0,0,0,0,0,1878.7,0,2.200000047683716
,"Mer, 05.12. 17:00",8072.4,7362.1,710.3,0,0,0,0,0,0,0,2266.8,0,0
,"Mer, 05.12. 18:00",8322.1,7550.4,771.7,0,0,0,0,0,0,0,2358.1,0,-0.4000000059604645
,"Mer, 05.12. 19:00",8846.4,7866.8,979.6,0,0,0,0,0,0,0,2528.1,0,-0.6000000238418579
,"Mer, 05.12. 20:00",9190,8115,1075,0,0,0,0,0,0,0,2561.1,0,0.300000011920929
,"Mer, 05.12. 21:00",8496.1,7503.7,992.4,0,0,0,0,0,0,0,2355.6,0,0.300000011920929
,"Mer, 05.12. 22:00",4579.3,4086.5,492.8,0,0,0,0,0,0,0,1296.7,0,-0.300000011920929
,"Mer, 05.12. 23:00",4610.5,4271.4,339.1,0,0,0,0,0,0,0,1308,0,-0.699999988079071
,"Jeu, 06.12. 00:00",3910.8,3684.8,226,0,0,0,0,0,0,0,1071.9,0,0.300000011920929
,"Jeu, 06.12. 01:00",3765.2,3645.7,119.5,0,0,0,0,0,0,0,1015.5,0,0.5
,"Jeu, 06.12. 02:00",3283.8,3250.1,33.7,0,0,0,0,0,0,0,859.9,0,1.200000047683716
,"Jeu, 06.12. 03:00",3297.2,3263.6,33.6,0,0,0,0,0,0,0,854.3,0,1.5
,"Jeu, 06.12. 04:00",4080.7,3960.2,120.5,0,0,0,0,0,0,0,1069.6,0,1.399999976158142
,"Jeu, 06.12. 05:00",6313.2,5940.7,372.5,0,0,0,0,0,0,0,1678.7,0,1.100000023841858
,"Jeu, 06.12. 06:00",8110.4,7175.4,935,0,0,0,0,0,0,0,2262.8,0,0.2000000029802322
,"Jeu, 06.12. 07:00",7705.6,6726.4,979.2,0,0,0,0,0,0,0,2093.5,0,1.899999976158142
,"Jeu, 06.12. 08:00",7046.5,6167,879.5,0,0,0,0,0,0,0,1916.5,0,2.200000047683716
,"Jeu, 06.12. 09:00",6839,6053.7,785.3,0,0,0,0,0,0,0,1800.6,0,3.299999952316284
,"Jeu, 06.12. 10:00",5871.4,5221.6,649.8,0,0,0,0,0,0,0,1503.2,0,4.199999809265137
,"Jeu, 06.12. 11:00",4988.3,4428.5,559.8,0,0,0,0,0,0,0,1226,0,5.599999904632568
,"Jeu, 06.12. 12:00",5150.9,4531.7,619.2,0,0,0,0,0,0,0,1221.2,0,7
,"Jeu, 06.12. 13:00",4902.3,4316.1,586.2,0,0,0,0,0,0,0,1135.5,0,7.699999809265137
,"Jeu, 06.12. 14:00",4908.5,4334.8,573.7,0,0,0,0,0,0,0,1124.2,0,8.100000381469727
,"Jeu, 06.12. 15:00",4886.6,4354,532.6,0,0,0,0,0,0,0,1123.3,0,7.699999809265137
,"Jeu, 06.12. 16:00",5019.7,4498.4,521.3,0,0,0,0,0,0,0,1215.7,0,5.800000190734863
,"Jeu, 06.12. 17:00",6200.1,5440,760.1,0,0,0,0,0,0,0,1526,0,5.5
,"Jeu, 06.12. 18:00",5804,5039.5,764.5,0,0,0,0,0,0,0,1412.7,0,5.900000095367432
,"Jeu, 06.12. 19:00",6146.6,5206.4,940.2,0,0,0,0,0,0,0,1533,0,5.300000190734863
,"Jeu, 06.12. 20:00",6861.4,5775.1,1086.3,0,0,0,0,0,0,0,1702.2,0,5.400000095367432
,"Jeu, 06.12. 21:00",6270.3,5266.7,1003.6,0,0,0,0,0,0,0,1534.4,0,5.699999809265137
,"Jeu, 06.12. 22:00",3608.7,3049,559.7,0,0,0,0,0,0,0,898,0,5.400000095367432
,"Jeu, 06.12. 23:00",2936.1,2606.5,329.6,0,0,0,0,0,0,0,716.7,0,5.5
,"Ven, 07.12. 00:00",2642.4,2420.5,221.9,0,0,0,0,0,0,0,637.6,0,5.400000095367432
,"Ven, 07.12. 01:00",2494.4,2378.6,115.8,0,0,0,0,0,0,0,588,0,5.5
,"Ven, 07.12. 02:00",2629.6,2592.9,36.7,0,0,0,0,0,0,0,617.1,0,5
,"Ven, 07.12. 03:00",2552,2517.6,34.4,0,0,0,0,0,0,0,599.1,0,4.900000095367432
,"Ven, 07.12. 04:00",3177.3,3053,124.3,0,0,0,0,0,0,0,754.7,0,5
,"Ven, 07.12. 05:00",4615.7,4253.4,362.3,0,0,0,0,0,0,0,1096.5,0,5.400000095367432
,"Ven, 07.12. 06:00",6371.7,5416.4,955.3,0,0,0,0,0,0,0,1581.3,0,5.099999904632568
,"Ven, 07.12. 07:00",6378.1,5368.1,1010,0,0,0,0,0,0,0,1609.6,0,5.199999809265137
,"Ven, 07.12. 08:00",5768.8,4880,888.8,0,0,0,0,0,0,0,1471.1,0,5.099999904632568
,"Ven, 07.12. 09:00",5285.1,4535.4,749.7,0,0,0,0,0,0,0,1309.4,0,5.900000095367432
,"Ven, 07.12. 10:00",4400.1,3795,605.1,0,0,0,0,0,0,0,1062.8,0,6.699999809265137
,"Ven, 07.12. 11:00",4446.4,3856,590.4,0,0,0,0,0,0,0,1065.8,0,6.800000190734863
,"Ven, 07.12. 12:00",4110.4,3549.5,560.9,0,0,0,0,0,0,0,974.9,0,7.199999809265137
,"Ven, 07.12. 13:00",4063.3,3521.4,541.9,0,0,0,0,0,0,0,952.8,0,7.5
,"Ven, 07.12. 14:00",4001.7,3485.3,516.4,0,0,0,0,0,0,0,931.1,0,7.699999809265137
,"Ven, 07.12. 15:00",4291.6,3768.5,523.1,0,0,0,0,0,0,0,998.6,0,7.5
,"Ven, 07.12. 16:00",4063.8,3553.1,510.7,0,0,0,0,0,0,0,949.7,0,7.400000095367432
,"Ven, 07.12. 17:00",4729.9,4039,690.9,0,0,0,0,0,0,0,1131.4,0,6.900000095367432
,"Ven, 07.12. 18:00",5287,4451.6,835.4,0,0,0,0,0,0,0,1249.7,0,7.400000095367432
,"Ven, 07.12. 19:00",5756,4674.6,1081.4,0,0,0,0,0,0,0,1368.8,0,7.599999904632568
,"Ven, 07.12. 20:00",5512.3,4467,1045.3,0,0,0,0,0,0,0,1324.6,0,7.099999904632568
,"Ven, 07.12. 21:00",5114.2,4160,954.2,0,0,0,0,0,0,0,1234.3,0,6.699999809265137
,"Ven, 07.12. 22:00",3304.1,2716.4,587.7,0,0,0,0,0,0,0,803.8,0,6.599999904632568
,"Ven, 07.12. 23:00",2470.5,2157.4,313.1,0,0,0,0,0,0,0,589.4,0,6.5
,"Sam, 08.12. 00:00",2732.4,2474.9,257.5,0,0,0,0,0,0,0,651.1,0,6
,"Sam, 08.12. 01:00",2532.3,2388.8,143.5,0,0,0,0,0,0,0,590,0,6.099999904632568
,"Sam, 08.12. 02:00",2534.8,2450.3,84.5,0,0,0,0,0,0,0,584.7,0,6
,"Sam, 08.12. 03:00",2350.2,2316.4,33.8,0,0,0,0,0,0,0,535.6,0,5.900000095367432
,"Sam, 08.12. 04:00",2864.3,2795,69.3,0,0,0,0,0,0,0,660.9,0,5.699999809265137
,"Sam, 08.12. 05:00",4116.6,4045.7,70.9,0,0,0,0,0,0,0,906.8,0,6.5
,"Sam, 08.12. 06:00",5528.3,5440.6,87.7,0,0,0,0,0,0,0,1250,0,5.5
,"Sam, 08.12. 07:00",6261.1,6033.4,227.7,0,0,0,0,0,0,0,1459.1,0,5.5
,"Sam, 08.12. 08:00",5642.4,5071.1,571.3,0,0,0,0,0,0,0,1364.8,0,5.800000190734863
,"Sam, 08.12. 09:00",6026,4968.1,1057.9,0,0,0,0,0,0,0,1583.5,0,4.199999809265137
,"Sam, 08.12. 10:00",6214.2,5031.4,1182.8,0,0,0,0,0,0,0,1661.7,0,3.799999952316284
,"Sam, 08.12. 11:00",5344.7,4138.2,1206.5,0,0,0,0,0,0,0,1330.2,0,7.099999904632568
,"Sam, 08.12. 12:00",5101.7,3963.2,1138.5,0,0,0,0,0,0,0,1220,0,8.399999618530273
,"Sam, 08.12. 13:00",4348.9,3497.8,851.1,0,0,0,0,0,0,0,1011.7,0,8.800000190734863
,"Sam, 08.12. 14:00",4297.9,3520.9,777,0,0,0,0,0,0,0,996.1,0,8.699999809265137
,"Sam, 08.12. 15:00",5119.5,4389.8,729.7,0,0,0,0,0,0,0,1230.1,0,6.699999809265137
,"Sam, 08.12. 16:00",5045.9,4383.6,662.3,0,0,0,0,0,0,0,1246.9,0,5.5
,"Sam, 08.12. 17:00",5374.5,4644.2,730.3,0,0,0,0,0,0,0,1334.4,0,5.300000190734863
,"Sam, 08.12. 18:00",5903,5097.8,805.2,0,0,0,0,0,0,0,1478.8,0,4.900000095367432
,"Sam, 08.12. 19:00",6105.3,5264.2,841.1,0,0,0,0,0,0,0,1529.2,0,4.800000190734863
,"Sam, 08.12. 20:00",6562.9,5723,839.9,0,0,0,0,0,0,0,1670.3,0,3.900000095367432
,"Sam, 08.12. 21:00",5970.7,5338.6,632.1,0,0,0,0,0,0,0,1524.6,0,3.200000047683716
,"Sam, 08.12. 22:00",3849.5,3346.3,503.2,0,0,0,0,0,0,0,1009.2,0,3.099999904632568
,"Sam, 08.12. 23:00",3572.4,3213.1,359.3,0,0,0,0,0,0,0,924.9,0,3.200000047683716
,"Dim, 09.12. 00:00",3464,3211.5,252.5,0,0,0,0,0,0,0,889.7,0,3.099999904632568
,"Dim, 09.12. 01:00",3460.5,3317.3,143.2,0,0,0,0,0,0,0,890.3,0,2.5
,"Dim, 09.12. 02:00",3358.7,3277.8,80.9,0,0,0,0,0,0,0,862,0,2.299999952316284
,"Dim, 09.12. 03:00",3906,3868.2,37.8,0,0,0,0,0,0,0,1028.4,0,1
,"Dim, 09.12. 04:00",3897.6,3822.7,74.9,0,0,0,0,0,0,0,1041.3,0,0.6000000238418579
,"Dim, 09.12. 05:00",6155.3,6074.4,80.9,0,0,0,0,0,0,0,1667.4,0,-0.5
,"Dim, 09.12. 06:00",7877.4,7778.3,99.1,0,0,0,0,0,0,0,2125.4,0,-0.6000000238418579
,"Dim, 09.12. 07:00",8588.8,8354.7,234.1,0,0,0,0,0,0,0,2355.6,0,-0.4000000059604645
,"Dim, 09.12. 08:00",7746.1,7173.5,572.6,0,0,0,0,0,0,0,2168.6,0,0
,"Dim, 09.12. 09:00",8070.9,6944.2,1126.7,0,0,0,0,0,0,0,2296.9,0,0.5
,"Dim, 09.12. 10:00",7853.5,6636.7,1216.8,0,0,0,0,0,0,0,2214.4,0,1.100000023841858
,"Dim, 09.12. 11:00",6564.7,5375,1189.7,0,0,0,0,0,0,0,1707.2,0,4.699999809265137
,"Dim, 09.12. 12:00",5988.4,4916.3,1072.1,0,0,0,0,0,0,0,1496.5,0,6.099999904632568
,"Dim, 09.12. 13:00",5442.2,4593.6,848.6,0,0,0,0,0,0,0,1313.3,0,6.900000095367432
,"Dim, 09.12. 14:00",5575.1,4781.5,793.6,0,0,0,0,0,0,0,1337.5,0,6.900000095367432
,"Dim, 09.12. 15:00",6550.1,5812.6,737.5,0,0,0,0,0,0,0,1657.6,0,4.400000095367432
,"Dim, 09.12. 16:00",6729.8,6030.3,699.5,0,0,0,0,0,0,0,1726.8,0,3.700000047683716
,"Dim, 09.12. 17:00",7017.4,6295.9,721.5,0,0,0,0,0,0,0,1880.2,0,2
,"Dim, 09.12. 18:00",7160,6387.5,772.5,0,0,0,0,0,0,0,1901.5,0,2.299999952316284
,"Dim, 09.12. 19:00",7420,6640.1,779.9,0,0,0,0,0,0,0,2051.8,0,0.6000000238418579
,"Dim, 09.12. 20:00",8102.9,7294.7,808.2,0,0,0,0,0,0,0,2230.9,0,0.5
,"Dim, 09.12. 21:00",7330,6689.4,640.6,0,0,0,0,0,0,0,2018.4,0,0.1000000014901161
,"Dim, 09.12. 22:00",5215.6,4678,537.6,0,0,0,0,0,0,0,1483.6,0,-0.5
,"Dim, 09.12. 23:00",4426.6,4107.2,319.4,0,0,0,0,0,0,0,1279.6,0,-1.5
,"Lun, 10.12. 00:00",4530.1,4292,238.1,0,0,0,0,0,0,0,1286.2,0,-1.100000023841858
,"Lun, 10.12. 01:00",4364.5,4243.6,120.9,0,0,0,0,0,0,0,1240.5,0,-1.600000023841858
,"Lun, 10.12. 02:00",4609.2,4570,39.2,0,0,0,0,0,0,0,1301.1,0,-1.700000047683716
,"Lun, 10.12. 03:00",4081,4045.4,35.6,0,0,0,0,0,0,0,1125,0,-0.800000011920929
,"Lun, 10.12. 04:00",5076.5,4953.5,123,0,0,0,0,0,0,0,1444.1,0,-1.799999952316284
,"Lun, 10.12. 05:00",7175.6,6812.5,363.1,0,0,0,0,0,0,0,2018.4,0,-1.200000047683716
,"Lun, 10.12. 06:00",10284.6,9229.3,1055.3,0,0,0,0,0,0,0,2930.7,0,-0.8999999761581421
,"Lun, 10.12. 07:00",9542.6,8510.1,1032.5,0,0,0,0,0,0,0,2761.6,0,-0.8999999761581421
,"Lun, 10.12. 08:00",8454.2,7563,891.2,0,0,0,0,0,0,0,2461,0,-0.800000011920929
,"Lun, 10.12. 09:00",7151.4,6450.4,701,0,0,0,0,0,0,0,1983.7,0,1
,"Lun, 10.12. 10:00",6833.6,6181.8,651.8,0,0,0,0,0,0,0,1827,0,2.400000095367432
,"Lun, 10.12. 11:00",5773,5211.4,561.6,0,0,0,0,0,0,0,1467.6,0,4.199999809265137
,"Lun, 10.12. 12:00",5571.4,4997.4,574,0,0,0,0,0,0,0,1369,0,5.5
,"Lun, 10.12. 13:00",5582.9,4977.8,605.1,0,0,0,0,0,0,0,1286.8,0,7.699999809265137
,"Lun, 10.12. 14:00",4792.6,4300.9,491.7,0,0,0,0,0,0,0,1113.3,0,7.400000095367432
,"Lun, 10.12. 15:00",5730.8,5211.4,519.4,0,0,0,0,0,0,0,1389.2,0,5.599999904632568
,"Lun, 10.12. 16:00",6452.1,5874.8,577.3,0,0,0,0,0,0,0,1620.7,0,4.300000190734863
,"Lun, 10.12. 17:00",6835.8,6115.3,720.5,0,0,0,0,0,0,0,1751.1,0,3.799999952316284
,"Lun, 10.12. 18:00",6667.7,5908.4,759.3,0,0,0,0,0,0,0,1680.3,0,4.400000095367432
,"Lun, 10.12. 19:00",7871.2,6847.4,1023.8,0,0,0,0,0,0,0,2070.4,0,3
,"Lun, 10.12. 20:00",7886.7,6870.4,1016.3,0,0,0,0,0,0,0,2145.6,0,1.5
,"Lun, 10.12. 21:00",7302.9,6336.2,966.7,0,0,0,0,0,0,0,1925,0,2.5
,"Lun, 10.12. 22:00",4326.3,3770.6,555.7,0,0,0,0,0,0,0,1140.9,0,2.799999952316284
,"Lun, 10.12. 23:00",4127.3,3766.8,360.5,0,0,0,0,0,0,0,1095.5,0,2.099999904632568
,"Mar, 11.12. 00:00",3651.8,3429.3,222.5,0,0,0,0,0,0,0,978.3,0,1.299999952316284
,"Mar, 11.12. 01:00",3573.3,3461.6,111.7,0,0,0,0,0,0,0,967.8,0,0.300000011920929
,"Mar, 11.12. 02:00",3447.5,3411.4,36.1,0,0,0,0,0,0,0,892.5,0,1.600000023841858
,"Mar, 11.12. 03:00",4009,3971.4,37.6,0,0,0,0,0,0,0,1079.3,0,0.1000000014901161
,"Mar, 11.12. 04:00",4473.8,4355.3,118.5,0,0,0,0,0,0,0,1231.6,0,-0.5
,"Mar, 11.12. 05:00",6295.2,5956,339.2,0,0,0,0,0,0,0,1757,0,-0.800000011920929
,"Mar, 11.12. 06:00",9238.1,8221.1,1017,0,0,0,0,0,0,0,2612.7,0,-0.5
,"Mar, 11.12. 07:00",8203.9,7240.5,963.4,0,0,0,0,0,0,0,2330.2,0,0
,"Mar, 11.12. 08:00",7440.3,6583.6,856.7,0,0,0,0,0,0,0,2108.1,0,0.4000000059604645
,"Mar, 11.12. 09:00",6846.8,6123.8,723,0,0,0,0,0,0,0,1875.9,0,1.600000023841858
,"Mar, 11.12. 10:00",6987.4,6302.6,684.8,0,0,0,0,0,0,0,1911.5,0,1.5
,"Mar, 11.12. 11:00",5563.5,4971.1,592.4,0,0,0,0,0,0,0,1388.3,0,5
,"Mar, 11.12. 12:00",5452.9,4824.9,628,0,0,0,0,0,0,0,1301.1,0,6.699999809265137
,"Mar, 11.12. 13:00",4575.7,4043.2,532.5,0,0,0,0,0,0,0,1055.7,0,7.800000190734863
,"Mar, 11.12. 14:00",4829.6,4295.7,533.9,0,0,0,0,0,0,0,1119.2,0,7.599999904632568
,"Mar, 11.12. 15:00",4490.3,4026.7,463.6,0,0,0,0,0,0,0,1045,0,7.199999809265137
,"Mar, 11.12. 16:00",5066.7,4543.3,523.4,0,0,0,0,0,0,0,1205.9,0,6.400000095367432
,"Mar, 11.12. 17:00",6068.2,5354.2,714,0,0,0,0,0,0,0,1502.9,0,5.199999809265137
,"Mar, 11.12. 18:00",5927.8,5199.3,728.5,0,0,0,0,0,0,0,1483.3,0,4.800000190734863
,"Mar, 11.12. 19:00",6726.2,5701.5,1024.7,0,0,0,0,0,0,0,1638.2,0,6.099999904632568
,"Mar, 11.12. 20:00",6899.2,5829.6,1069.6,0,0,0,0,0,0,0,1693.4,0,5.699999809265137
,"Mar, 11.12. 21:00",6487.8,5489.9,997.9,0,0,0,0,0,0,0,1595.4,0,5.400000095367432
,"Mar, 11.12. 22:00",3795.4,3244.8,550.6,0,0,0,0,0,0,0,963,0,4.5
,"Mar, 11.12. 23:00",3421,3080.3,340.7,0,0,0,0,0,0,0,868.1,0,3.900000095367432
,"Mer, 12.12. 00:00",3155.3,2930.5,224.8,0,0,0,0,0,0,0,790,0,3.900000095367432
,"Mer, 12.12. 01:00",3226.9,3108.2,118.7,0,0,0,0,0,0,0,812.4,0,3.099999904632568
,"Mer, 12.12. 02:00",3429.3,3392.2,37.1,0,0,0,0,0,0,0,870.9,0,2.299999952316284
,"Mer, 12.12. 03:00",3432.1,3395,37.1,0,0,0,0,0,0,0,860.5,0,2.700000047683716
,"Mer, 12.12. 04:00",3793.2,3674.7,118.5,0,0,0,0,0,0,0,954.8,0,2.900000095367432
,"Mer, 12.12. 05:00",6193.2,5825.9,367.3,0,0,0,0,0,0,0,1581.9,0,2.5
,"Mer, 12.12. 06:00",8827.3,7809.6,1017.7,0,0,0,0,0,0,0,2321.4,0,2.400000095367432
,"Mer, 12.12. 07:00",7792,6828,964,0,0,0,0,0,0,0,2055,0,3
,"Mer, 12.12. 08:00",7306.2,6422.5,883.7,0,0,0,0,0,0,0,1949.4,0,2.900000095367432
,"Mer, 12.12. 09:00",6733.4,6009.7,723.7,0,0,0,0,0,0,0,1785.6,0,2.900000095367432
,"Mer, 12.12. 10:00",6359.9,5719.8,640.1,0,0,0,0,0,0,0,1676.7,0,3
,"Mer, 12.12. 11:00",6408.7,5785.9,622.8,0,0,0,0,0,0,0,1673.6,0,3.200000047683716
,"Mer, 12.12. 12:00",5898.3,5305.5,592.8,0,0,0,0,0,0,0,1511.9,0,3.900000095367432
,"Mer, 12.12. 13:00",6018.8,5435.3,583.5,0,0,0,0,0,0,0,1535,0,4
,"Mer, 12.12. 14:00",5586.7,5073.7,513,0,0,0,0,0,0,0,1430.9,0,3.799999952316284
,"Mer, 12.12. 15:00",6201.9,5666.8,535.1,0,0,0,0,0,0,0,1596.1,0,3.400000095367432
,"Mer, 12.12. 16:00",6439.6,5872.3,567.3,0,0,0,0,0,0,0,1680.1,0,2.900000095367432
,"Mer, 12.12. 17:00",6658.8,5958.1,700.7,0,0,0,0,0,0,0,1757.1,0,2.700000047683716
,"Mer, 12.12. 18:00",7380.1,6564.9,815.2,0,0,0,0,0,0,0,1966.5,0,2.299999952316284
,"Mer, 12.12. 19:00",7538.9,6543.7,995.2,0,0,0,0,0,0,0,2021.4,0,2.299999952316284
,"Mer, 12.12. 20:00",7764.8,6715.4,1049.4,0,0,0,0,0,0,0,2092.6,0,2
,"Mer, 12.12. 21:00",7895.2,6836.2,1059,0,0,0,0,0,0,0,2124.3,0,1.799999952316284
,"Mer, 12.12. 22:00",4653.4,4085.6,567.8,0,0,0,0,0,0,0,1270.4,0,1.399999976158142
,"Mer, 12.12. 23:00",3675.6,3360.9,314.7,0,0,0,0,0,0,0,989.6,0,1.5
,"Jeu, 13.12. 00:00",4164.6,3921.5,243.1,0,0,0,0,0,0,0,1119.8,0,1.100000023841858
,"Jeu, 13.12. 01:00",3707.8,3597.2,110.6,0,0,0,0,0,0,0,1013.4,0,0
,"Jeu, 13.12. 02:00",3868.9,3831.9,37,0,0,0,0,0,0,0,1029.2,0,0.6000000238418579
,"Jeu, 13.12. 03:00",4200.5,4162.3,38.2,0,0,0,0,0,0,0,1122.9,0,0.300000011920929
,"Jeu, 13.12. 04:00",4903.6,4773.8,129.8,0,0,0,0,0,0,0,1316,0,0.5
,"Jeu, 13.12. 05:00",6721.8,6382.2,339.6,0,0,0,0,0,0,0,1831.7,0,0
,"Jeu, 13.12. 06:00",10674.8,9617.4,1057.4,0,0,0,0,0,0,0,2985.6,0,-0.300000011920929
,"Jeu, 13.12. 07:00",9365,8380.4,984.6,0,0,0,0,0,0,0,2653.6,0,-0.1000000014901161
,"Jeu, 13.12. 08:00",8840.9,7930.3,910.6,0,0,0,0,0,0,0,2521.6,0,0
,"Jeu, 13.12. 09:00",7724.3,7000,724.3,0,0,0,0,0,0,0,2139.9,0,1
,"Jeu, 13.12. 10:00",7103.7,6469.4,634.3,0,0,0,0,0,0,0,1929.8,0,1.700000047683716
,"Jeu, 13.12. 11:00",6625.1,6038.1,587,0,0,0,0,0,0,0,1742,0,2.799999952316284
,"Jeu, 13.12. 12:00",6350.2,5774.8,575.4,0,0,0,0,0,0,0,1653.4,0,3.200000047683716
,"Jeu, 13.12. 13:00",6166.2,5627.2,539,0,0,0,0,0,0,0,1597.5,0,3.299999952316284
,"Jeu, 13.12. 14:00",6745.9,6190.3,555.6,0,0,0,0,0,0,0,1762.5,0,2.900000095367432
,"Jeu, 13.12. 15:00",6370.8,5881,489.8,0,0,0,0,0,0,0,1683.5,0,2.299999952316284
,"Jeu, 13.12. 16:00",6848.3,6313.4,534.9,0,0,0,0,0,0,0,1842.5,0,1.600000023841858
,"Jeu, 13.12. 17:00",7649.6,6934.6,715,0,0,0,0,0,0,0,2076,0,1.399999976158142
,"Jeu, 13.12. 18:00",8428,7604.3,823.7,0,0,0,0,0,0,0,2324.5,0,0.800000011920929
,"Jeu, 13.12. 19:00",8284.4,7338.4,946,0,0,0,0,0,0,0,2349.3,0,-0.2000000029802322
,"Jeu, 13.12. 20:00",8307.9,7320.7,987.2,0,0,0,0,0,0,0,2333.3,0,0.1000000014901161
,"Jeu, 13.12. 21:00",9009,7969.5,1039.5,0,0,0,0,0,0,0,2584.4,0,-1
,"Jeu, 13.12. 22:00",5393.1,4848,545.1,0,0,0,0,0,0,0,1593.4,0,-2.099999904632568
,"Jeu, 13.12. 23:00",4941.2,4603.2,338,0,0,0,0,0,0,0,1459.7,0,-2.5
,"Ven, 14.12. 00:00",4552.6,4322.9,229.7,0,0,0,0,0,0,0,1294.7,0,-1.200000047683716
,"Ven, 14.12. 01:00",4535.6,4416.7,118.9,0,0,0,0,0,0,0,1302.4,0,-2
,"Ven, 14.12. 02:00",4647.4,4608.5,38.9,0,0,0,0,0,0,0,1296.2,0,-1.200000047683716
,"Ven, 14.12. 03:00",5002.3,4964.4,37.9,0,0,0,0,0,0,0,1448.9,0,-2.799999952316284
,"Ven, 14.12. 04:00",5646,5522.4,123.6,0,0,0,0,0,0,0,1645.3,0,-2.799999952316284
,"Ven, 14.12. 05:00",8299.6,7942.2,357.4,0,0,0,0,0,0,0,2425.2,0,-2.900000095367432
,"Ven, 14.12. 06:00",10975.3,10044.7,930.6,0,0,0,0,0,0,0,3303.8,0,-3.5
,"Ven, 14.12. 07:00",11635,10569.1,1065.9,0,0,0,0,0,0,0,3465,0,-2.400000095367432
,"Ven, 14.12. 08:00",9775.6,8908.3,867.3,0,0,0,0,0,0,0,2964.6,0,-2.799999952316284
,"Ven, 14.12. 09:00",9060.5,8350.4,710.1,0,0,0,0,0,0,0,2737.2,0,-2.799999952316284
,"Ven, 14.12. 10:00",8683.3,8042.5,640.8,0,0,0,0,0,0,0,2584.4,0,-2.299999952316284
,"Ven, 14.12. 11:00",8571.2,7917.1,654.1,0,0,0,0,0,0,0,2377,0,0.6000000238418579
,"Ven, 14.12. 12:00",7918.4,7283.4,635,0,0,0,0,0,0,0,2121.2,0,2
,"Ven, 14.12. 13:00",6694.9,6161.3,533.6,0,0,0,0,0,0,0,1737.2,0,3.099999904632568
,"Ven, 14.12. 14:00",6760.4,6251.6,508.8,0,0,0,0,0,0,0,1773,0,2.700000047683716
,"Ven, 14.12. 15:00",7430.7,6935.5,495.2,0,0,0,0,0,0,0,2058.4,0,0.300000011920929
,"Ven, 14.12. 16:00",7651.9,7122,529.9,0,0,0,0,0,0,0,2119.7,0,0.300000011920929
,"Ven, 14.12. 17:00",8866.1,8171.7,694.4,0,0,0,0,0,0,0,2616.4,0,-2.200000047683716
,"Ven, 14.12. 18:00",8621.6,7915.3,706.3,0,0,0,0,0,0,0,2590.5,0,-3
,"Ven, 14.12. 19:00",10046.8,9060.2,986.6,0,0,0,0,0,0,0,3043.7,0,-3.200000047683716
,"Ven, 14.12. 20:00",10578.4,9506.8,1071.6,0,0,0,0,0,0,0,3200.7,0,-3.299999952316284
,"Ven, 14.12. 21:00",9589.9,8620.3,969.6,0,0,0,0,0,0,0,2888.3,0,-3.299999952316284
,"Ven, 14.12. 22:00",6331.9,5780,551.9,0,0,0,0,0,0,0,1999.8,0,-5.199999809265137
,"Ven, 14.12. 23:00",5749.7,5391.3,358.4,0,0,0,0,0,0,0,1759.9,0,-4.099999904632568
,"Sam, 15.12. 00:00",5703.9,5444.9,259,0,0,0,0,0,0,0,1776,0,-5.099999904632568
,"Sam, 15.12. 01:00",5745.9,5597.3,148.6,0,0,0,0,0,0,0,1802.4,0,-5.699999809265137
,"Sam, 15.12. 02:00",5538.2,5456,82.2,0,0,0,0,0,0,0,1747.9,0,-6.199999809265137
,"Sam, 15.12. 03:00",5870.9,5832.6,38.3,0,0,0,0,0,0,0,1823.4,0,-5.699999809265137
,"Sam, 15.12. 04:00",6775,6700.1,74.9,0,0,0,0,0,0,0,2152.4,0,-6.599999904632568
,"Sam, 15.12. 05:00",9445.9,9371,74.9,0,0,0,0,0,0,0,2901.2,0,-5.699999809265137
,"Sam, 15.12. 06:00",12453.7,12357.9,95.8,0,0,0,0,0,0,0,3847.3,0,-6.199999809265137
,"Sam, 15.12. 07:00",12412.8,12190.6,222.2,0,0,0,0,0,0,0,3879,0,-5.900000095367432
,"Sam, 15.12. 08:00",10057.7,9546.3,511.4,0,0,0,0,0,0,0,3199.8,0,-5.800000190734863
,"Sam, 15.12. 09:00",11532.8,10404.4,1128.4,0,0,0,0,0,0,0,3733.6,0,-5.800000190734863
,"Sam, 15.12. 10:00",10548.9,9395.6,1153.3,0,0,0,0,0,0,0,3408,0,-5.5
,"Sam, 15.12. 11:00",9473.1,8309.4,1163.7,0,0,0,0,0,0,0,2866.9,0,-2.400000095367432
,"Sam, 15.12. 12:00",9092,8034.9,1057.1,0,0,0,0,0,0,0,2680.6,0,-1.399999976158142
,"Sam, 15.12. 13:00",9179.5,8261.5,918,0,0,0,0,0,0,0,2631.2,0,-0.6000000238418579
,"Sam, 15.12. 14:00",7958.7,7225.2,733.5,0,0,0,0,0,0,0,2270.8,0,-0.5
,"Sam, 15.12. 15:00",8110.5,7473.8,636.7,0,0,0,0,0,0,0,2311.9,0,-0.699999988079071
,"Sam, 15.12. 16:00",9513.7,8813.7,700,0,0,0,0,0,0,0,2787.6,0,-2
,"Sam, 15.12. 17:00",10523.3,9728.8,794.5,0,0,0,0,0,0,0,3137.3,0,-2.799999952316284
,"Sam, 15.12. 18:00",10783.2,9974,809.2,0,0,0,0,0,0,0,3296.2,0,-4
,"Sam, 15.12. 19:00",11479.4,10599.5,879.9,0,0,0,0,0,0,0,3471,0,-3.599999904632568
,"Sam, 15.12. 20:00",11131.1,10303.2,827.9,0,0,0,0,0,0,0,3281.9,0,-2.799999952316284
,"Sam, 15.12. 21:00",11182.1,10473.1,709,0,0,0,0,0,0,0,3221.9,0,-2.299999952316284
,"Sam, 15.12. 22:00",6113.6,5587.3,526.3,0,0,0,0,0,0,0,1805.9,0,-2.400000095367432
,"Sam, 15.12. 23:00",4783.5,4463.9,319.6,0,0,0,0,0,0,0,1409.6,0,-2.400000095367432
,"Dim, 16.12. 00:00",5179.7,4918.8,260.9,0,0,0,0,0,0,0,1541.5,0,-3
,"Dim, 16.12. 01:00",4647.2,4508.9,138.3,0,0,0,0,0,0,0,1366,0,-2.799999952316284
,"Dim, 16.12. 02:00",4902.4,4816.8,85.6,0,0,0,0,0,0,0,1433.4,0,-2.799999952316284
,"Dim, 16.12. 03:00",5006.3,4968.8,37.5,0,0,0,0,0,0,0,1457.8,0,-2.900000095367432
,"Dim, 16.12. 04:00",5815.6,5727.8,87.8,0,0,0,0,0,0,0,1701,0,-3
,"Dim, 16.12. 05:00",8149.3,8062.9,86.4,0,0,0,0,0,0,0,2339.1,0,-2.799999952316284
,"Dim, 16.12. 06:00",11511.4,11396.6,114.8,0,0,0,0,0,0,0,3275.4,0,-2.700000047683716
,"Dim, 16.12. 07:00",9602.2,9394.5,207.7,0,0,0,0,0,0,0,2777.3,0,-2.599999904632568
,"Dim, 16.12. 08:00",10202.4,9598.3,604.1,0,0,0,0,0,0,0,3019,0,-2.5
,"Dim, 16.12. 09:00",9444.3,8377.3,1067,0,0,0,0,0,0,0,2836.4,0,-2.200000047683716
,"Dim, 16.12. 10:00",9050.1,7932.1,1118,0,0,0,0,0,0,0,2732.4,0,-2.299999952316284
,"Dim, 16.12. 11:00",9334.7,8102.7,1232,0,0,0,0,0,0,0,2777.4,0,-1.5
,"Dim, 16.12. 12:00",8319.6,7264.2,1055.4,0,0,0,0,0,0,0,2406,0,-0.4000000059604645
,"Dim, 16.12. 13:00",8555,7640.7,914.3,0,0,0,0,0,0,0,2434.4,0,-0.1000000014901161
,"Dim, 16.12. 14:00",7940.9,7182.1,758.8,0,0,0,0,0,0,0,2276,0,-0.6000000238418579
,"Dim, 16.12. 15:00",8381.2,7701.2,680,0,0,0,0,0,0,0,2433,0,-1.399999976158142
,"Dim, 16.12. 16:00",9199.4,8516.4,683,0,0,0,0,0,0,0,2744.3,0,-2.700000047683716
,"Dim, 16.12. 17:00",9694.8,8955.3,739.5,0,0,0,0,0,0,0,2950.7,0,-3.599999904632568
,"Dim, 16.12. 18:00",10452.2,9644,808.2,0,0,0,0,0,0,0,3268.2,0,-4.900000095367432
,"Dim, 16.12. 19:00",10925.8,10057,868.8,0,0,0,0,0,0,0,3398.6,0,-4.699999809265137
,"Dim, 16.12. 20:00",11335.2,10490.7,844.5,0,0,0,0,0,0,0,3563.4,0,-5.400000095367432
,"Dim, 16.12. 21:00",10404.1,9712.7,691.4,0,0,0,0,0,0,0,3202.2,0,-4.900000095367432
,"Dim, 16.12. 22:00",6385.5,5855.4,530.1,0,0,0,0,0,0,0,1973.8,0,-4.300000190734863
,"Dim, 16.12. 23:00",5120.8,4803.3,317.5,0,0,0,0,0,0,0,1564.1,0,-3.900000095367432
,"Lun, 17.12. 00:00",5228.6,4998.4,230.2,0,0,0,0,0,0,0,1581.6,0,-3.799999952316284
,"Lun, 17.12. 01:00",5483.4,5353.2,130.2,0,0,0,0,0,0,0,1645.8,0,-3.799999952316284
,"Lun, 17.12. 02:00",5416.9,5377.6,39.3,0,0,0,0,0,0,0,1612.8,0,-3.799999952316284
,"Lun, 17.12. 03:00",5141.6,5105.5,36.1,0,0,0,0,0,0,0,1531.8,0,-4
,"Lun, 17.12. 04:00",5898.5,5778.5,120,0,0,0,0,0,0,0,1762.6,0,-3.799999952316284
,"Lun, 17.12. 05:00",8763.6,8416.1,347.5,0,0,0,0,0,0,0,2616,0,-3.799999952316284
,"Lun, 17.12. 06:00",12765.3,11763.7,1001.6,0,0,0,0,0,0,0,3868.2,0,-3.900000095367432
,"Lun, 17.12. 07:00",11987,10989.9,997.1,0,0,0,0,0,0,0,3680.9,0,-3.799999952316284
,"Lun, 17.12. 08:00",11080.6,10176.4,904.2,0,0,0,0,0,0,0,3426.1,0,-3.700000047683716
,"Lun, 17.12. 09:00",10600.3,9830.6,769.7,0,0,0,0,0,0,0,3245.7,0,-3.400000095367432
,"Lun, 17.12. 10:00",9845,9170.5,674.5,0,0,0,0,0,0,0,2962.4,0,-2.799999952316284
,"Lun, 17.12. 11:00",9678.9,9042.6,636.3,0,0,0,0,0,0,0,2898.1,0,-2.700000047683716
,"Lun, 17.12. 12:00",9269.5,8645.3,624.2,0,0,0,0,0,0,0,2735.5,0,-2.099999904632568
,"Lun, 17.12. 13:00",8703.1,8145.8,557.3,0,0,0,0,0,0,0,2585.8,0,-2.5
,"Lun, 17.12. 14:00",8285.9,7771.1,514.8,0,0,0,0,0,0,0,2421,0,-1.799999952316284
,"Lun, 17.12. 15:00",8910.3,8394,516.3,0,0,0,0,0,0,0,2643.8,0,-2.599999904632568
,"Lun, 17.12. 16:00",9712.4,9132.2,580.2,0,0,0,0,0,0,0,2908.3,0,-3
,"Lun, 17.12. 17:00",10441.2,9710.3,730.9,0,0,0,0,0,0,0,3234.4,0,-4.400000095367432
,"Lun, 17.12. 18:00",10992.8,10191.2,801.6,0,0,0,0,0,0,0,3490,0,-5.5
,"Lun, 17.12. 19:00",12447.2,11358.2,1089,0,0,0,0,0,0,0,3982,0,-5.800000190734863
,"Lun, 17.12. 20:00",11525.2,10493.5,1031.7,0,0,0,0,0,0,0,3724.3,0,-6.400000095367432
,"Lun, 17.12. 21:00",10466.5,9535.8,930.7,0,0,0,0,0,0,0,3385.4,0,-6.599999904632568
,"Lun, 17.12. 22:00",7124.4,6532.5,591.9,0,0,0,0,0,0,0,2275,0,-5.800000190734863
,"Lun, 17.12. 23:00",5878.8,5540,338.8,0,0,0,0,0,0,0,1858.1,0,-5.599999904632568
,"Mar, 18.12. 00:00",5514.3,5286.4,227.9,0,0,0,0,0,0,0,1728.1,0,-5.400000095367432
,"Mar, 18.12. 01:00",5338.2,5219,119.2,0,0,0,0,0,0,0,1657,0,-5.300000190734863
,"Mar, 18.12. 02:00",5268.3,5231.2,37.1,0,0,0,0,0,0,0,1606.4,0,-4.800000190734863
,"Mar, 18.12. 03:00",5061,5026.2,34.8,0,0,0,0,0,0,0,1535.8,0,-4.699999809265137
,"Mar, 18.12. 04:00",5667.3,5554.2,113.1,0,0,0,0,0,0,0,1720.4,0,-4.5
,"Mar, 18.12. 05:00",8920.8,8576.5,344.3,0,0,0,0,0,0,0,2749.4,0,-5.199999809265137
,"Mar, 18.12. 06:00",13471.1,12439.8,1031.3,0,0,0,0,0,0,0,4257.9,0,-5.800000190734863
,"Mar, 18.12. 07:00",11911,10943.5,967.5,0,0,0,0,0,0,0,3799.5,0,-5.599999904632568
,"Mar, 18.12. 08:00",10497.5,9663.3,834.2,0,0,0,0,0,0,0,3368.5,0,-5.400000095367432
,"Mar, 18.12. 09:00",9846.5,9149.1,697.4,0,0,0,0,0,0,0,3111.4,0,-4.900000095367432
,"Mar, 18.12. 10:00",10673.6,9966.4,707.2,0,0,0,0,0,0,0,3346.2,0,-4.599999904632568
,"Mar, 18.12. 11:00",9137,8523.8,613.2,0,0,0,0,0,0,0,2703.7,0,-2.200000047683716
,"Mar, 18.12. 12:00",8350.7,7785.5,565.2,0,0,0,0,0,0,0,2469.6,0,-2.200000047683716
,"Mar, 18.12. 13:00",8513.6,7950.6,563,0,0,0,0,0,0,0,2472.1,0,-1.5
,"Mar, 18.12. 14:00",8252.3,7737.1,515.2,0,0,0,0,0,0,0,2417.1,0,-1.899999976158142
,"Mar, 18.12. 15:00",8915.3,8393.3,522,0,0,0,0,0,0,0,2639.3,0,-2.5
,"Mar, 18.12. 16:00",9259.6,8701,558.6,0,0,0,0,0,0,0,2767.4,0,-2.900000095367432
,"Mar, 18.12. 17:00",9643.7,8940.3,703.4,0,0,0,0,0,0,0,2888.8,0,-2.900000095367432
,"Mar, 18.12. 18:00",10180.5,9393.6,786.9,0,0,0,0,0,0,0,3061.2,0,-3.099999904632568
,"Mar, 18.12. 19:00",10920.9,9902,1018.9,0,0,0,0,0,0,0,3276.7,0,-2.900000095367432
,"Mar, 18.12. 20:00",10003.3,9034.4,968.9,0,0,0,0,0,0,0,2976.4,0,-2.700000047683716
,"Mar, 18.12. 21:00",10411.1,9408.9,1002.2,0,0,0,0,0,0,0,3103.4,0,-3
,"Mar, 18.12. 22:00",6001.9,5443,558.9,0,0,0,0,0,0,0,1786.9,0,-2.599999904632568
,"Mar, 18.12. 23:00",5122.3,4790,332.3,0,0,0,0,0,0,0,1519.3,0,-2.700000047683716
,"Mer, 19.12. 00:00",4916,4692.6,223.4,0,0,0,0,0,0,0,1457.7,0,-3
,"Mer, 19.12. 01:00",4601.1,4487.7,113.4,0,0,0,0,0,0,0,1350.2,0,-2.900000095367432
,"Mer, 19.12. 02:00",5031.2,4992.8,38.4,0,0,0,0,0,0,0,1456.8,0,-2.700000047683716
,"Mer, 19.12. 03:00",4915,4879.1,35.9,0,0,0,0,0,0,0,1434.6,0,-3.099999904632568
,"Mer, 19.12. 04:00",5447.7,5334.5,113.2,0,0,0,0,0,0,0,1603,0,-3.200000047683716
,"Mer, 19.12. 05:00",9741.3,9358.4,382.9,0,0,0,0,0,0,0,2914.2,0,-3.900000095367432
,"Mer, 19.12. 06:00",12783.2,11790.6,992.6,0,0,0,0,0,0,0,3873.9,0,-4
,"Mer, 19.12. 07:00",13364.7,12275.7,1089,0,0,0,0,0,0,0,4165.9,0,-4.5
,"Mer, 19.12. 08:00",10184.6,9376,808.6,0,0,0,0,0,0,0,3217.6,0,-4.699999809265137
,"Mer, 19.12. 09:00",9808.5,9110.7,697.8,0,0,0,0,0,0,0,3037.8,0,-4
,"Mer, 19.12. 10:00",9280.9,8670.6,610.3,0,0,0,0,0,0,0,2887.6,0,-4.300000190734863
,"Mer, 19.12. 11:00",10133.1,9483.3,649.8,0,0,0,0,0,0,0,3091.1,0,-3.5
,"Mer, 19.12. 12:00",9257.8,8650.8,607,0,0,0,0,0,0,0,2782.4,0,-2.900000095367432
,"Mer, 19.12. 13:00",8839.3,8281.4,557.9,0,0,0,0,0,0,0,2644.7,0,-2.799999952316284
,"Mer, 19.12. 14:00",8697,8181.6,515.4,0,0,0,0,0,0,0,2639.4,0,-3.400000095367432
,"Mer, 19.12. 15:00",9728.9,9191.4,537.5,0,0,0,0,0,0,0,3000.7,0,-4.300000190734863
,"Mer, 19.12. 16:00",9460.3,8923.4,536.9,0,0,0,0,0,0,0,2955.4,0,-4.900000095367432
,"Mer, 19.12. 17:00",9987.9,9305.5,682.4,0,0,0,0,0,0,0,3150.4,0,-5.199999809265137
,"Mer, 19.12. 18:00",11148.5,10337.4,811.1,0,0,0,0,0,0,0,3521.4,0,-5.300000190734863
,"Mer, 19.12. 19:00",11766.4,10736.6,1029.8,0,0,0,0,0,0,0,3734.5,0,-5.400000095367432
,"Mer, 19.12. 20:00",11610.7,10567.3,1043.4,0,0,0,0,0,0,0,3701,0,-5.800000190734863
,"Mer, 19.12. 21:00",11791.7,10738.3,1053.4,0,0,0,0,0,0,0,3763,0,-6
,"Mer, 19.12. 22:00",6540.6,6004.1,536.5,0,0,0,0,0,0,0,2104.4,0,-6.099999904632568
,"Mer, 19.12. 23:00",6281.6,5935.7,345.9,0,0,0,0,0,0,0,2038.4,0,-6.800000190734863
,"Jeu, 20.12. 00:00",6258.7,6018.9,239.8,0,0,0,0,0,0,0,2025,0,-6.900000095367432
,"Jeu, 20.12. 01:00",5807.8,5689.6,118.2,0,0,0,0,0,0,0,1878.3,0,-7.199999809265137
,"Jeu, 20.12. 02:00",6330.9,6292.1,38.8,0,0,0,0,0,0,0,2057.2,0,-7.699999809265137
,"Jeu, 20.12. 03:00",6695.6,6656.6,39,0,0,0,0,0,0,0,2204.6,0,-8.300000190734863
,"Jeu, 20.12. 04:00",6931.6,6816.1,115.5,0,0,0,0,0,0,0,2317.8,0,-8.899999618530273
,"Jeu, 20.12. 05:00",10857.1,10498.5,358.6,0,0,0,0,0,0,0,3669.9,0,-9.5
,"Jeu, 20.12. 06:00",14798.8,13805.7,993.1,0,0,0,0,0,0,0,5048.2,0,-9.5
,"Jeu, 20.12. 07:00",14040.6,13051.9,988.7,0,0,0,0,0,0,0,4907.2,0,-10
,"Jeu, 20.12. 08:00",12381.3,11528.6,852.7,0,0,0,0,0,0,0,4324,0,-9.600000381469727
,"Jeu, 20.12. 09:00",11260.9,10570.2,690.7,0,0,0,0,0,0,0,3866.1,0,-8.899999618530273
,"Jeu, 20.12. 10:00",11572,10903.2,668.8,0,0,0,0,0,0,0,3899.7,0,-8.100000381469727
,"Jeu, 20.12. 11:00",10317.9,9722.4,595.5,0,0,0,0,0,0,0,3323.8,0,-6
,"Jeu, 20.12. 12:00",10054.5,9453,601.5,0,0,0,0,0,0,0,3145.9,0,-4.699999809265137
,"Jeu, 20.12. 13:00",9029.3,8505.1,524.2,0,0,0,0,0,0,0,2785.6,0,-4.199999809265137
,"Jeu, 20.12. 14:00",9139.3,8628.7,510.6,0,0,0,0,0,0,0,2798,0,-3.799999952316284
,"Jeu, 20.12. 15:00",9328.7,8831.8,496.9,0,0,0,0,0,0,0,2839.1,0,-3.700000047683716
,"Jeu, 20.12. 16:00",9952.7,9398.9,553.8,0,0,0,0,0,0,0,3014.5,0,-3.5
,"Jeu, 20.12. 17:00",10015.2,9339.4,675.8,0,0,0,0,0,0,0,3022.6,0,-3.299999952316284
,"Jeu, 20.12. 18:00",11179.4,10383.9,795.5,0,0,0,0,0,0,0,3403.3,0,-3.700000047683716
,"Jeu, 20.12. 19:00",12529.9,11479.4,1050.5,0,0,0,0,0,0,0,3919.5,0,-4.800000190734863
,"Jeu, 20.12. 20:00",11450,10458.8,991.2,0,0,0,0,0,0,0,3567.9,0,-4.900000095367432
,"Jeu, 20.12. 21:00",11428.9,10436.2,992.7,0,0,0,0,0,0,0,3533.1,0,-4.699999809265137
,"Jeu, 20.12. 22:00",7199.5,6600.9,598.6,0,0,0,0,0,0,0,2250.8,0,-4.900000095367432
,"Jeu, 20.12. 23:00",5555.6,5229.7,325.9,0,0,0,0,0,0,0,1719.9,0,-4.599999904632568
,"Ven, 21.12. 00:00",5463.2,5228.1,235.1,0,0,0,0,0,0,0,1693,0,-4.900000095367432
,"Ven, 21.12. 01:00",4904,4789.4,114.6,0,0,0,0,0,0,0,1504.1,0,-4.699999809265137
,"Ven, 21.12. 02:00",5020.9,4984.6,36.3,0,0,0,0,0,0,0,1526,0,-4.599999904632568
,"Ven, 21.12. 03:00",5269.5,5231.1,38.4,0,0,0,0,0,0,0,1569.9,0,-3.799999952316284
,"Ven, 21.12. 04:00",5448.7,5334.3,114.4,0,0,0,0,0,0,0,1640,0,-4.099999904632568
,"Ven, 21.12. 05:00",8042.4,7711.9,330.5,0,0,0,0,0,0,0,2488.4,0,-5.300000190734863
,"Ven, 21.12. 06:00",11188.4,10254.6,933.8,0,0,0,0,0,0,0,3525.1,0,-5.5
,"Ven, 21.12. 07:00",10733.3,9806.6,926.7,0,0,0,0,0,0,0,3505.8,0,-6.599999904632568
,"Ven, 21.12. 08:00",10400.7,9480.5,920.2,0,0,0,0,0,0,0,3224.6,0,-4
,"Ven, 21.12. 09:00",8841.6,8140.4,701.2,0,0,0,0,0,0,0,2686.2,0,-3.299999952316284
,"Ven, 21.12. 10:00",7938.4,7338.9,599.5,0,0,0,0,0,0,0,2347.1,0,-2.299999952316284
,"Ven, 21.12. 11:00",8049.1,7440.2,608.9,0,0,0,0,0,0,0,2277.3,0,-0.5
,"Ven, 21.12. 12:00",7380.5,6795.3,585.2,0,0,0,0,0,0,0,2019.3,0,0.8999999761581421
,"Ven, 21.12. 13:00",7360.1,6795.3,564.8,0,0,0,0,0,0,0,1997.3,0,1.200000047683716
,"Ven, 21.12. 14:00",7846.2,7265.8,580.4,0,0,0,0,0,0,0,2111.8,0,1.5
,"Ven, 21.12. 15:00",7204,6684.1,519.9,0,0,0,0,0,0,0,1892.9,0,2.299999952316284
,"Ven, 21.12. 16:00",6890.8,6366.5,524.3,0,0,0,0,0,0,0,1786.2,0,2.799999952316284
,"Ven, 21.12. 17:00",7523.2,6819.4,703.8,0,0,0,0,0,0,0,1917.7,0,3.599999904632568
,"Ven, 21.12. 18:00",7693.7,6953.2,740.5,0,0,0,0,0,0,0,2014.7,0,2.599999904632568
,"Ven, 21.12. 19:00",8249.2,7299.1,950.1,0,0,0,0,0,0,0,2159.4,0,2.799999952316284
,"Ven, 21.12. 20:00",9242,8176.8,1065.2,0,0,0,0,0,0,0,2488.9,0,1.600000023841858
,"Ven, 21.12. 21:00",9175.4,8151.3,1024.1,0,0,0,0,0,0,0,2547,0,0.2000000029802322
,"Ven, 21.12. 22:00",5098.4,4555.5,542.9,0,0,0,0,0,0,0,1439.4,0,-0.1000000014901161
,"Ven, 21.12. 23:00",4287.2,3961.1,326.1,0,0,0,0,0,0,0,1191.7,0,0.2000000029802322
,"Sam, 22.12. 00:00",4159.5,3909.5,250,0,0,0,0,0,0,0,1156.9,0,-0.1000000014901161
,"Sam, 22.12. 01:00",4398.9,4246.8,152.1,0,0,0,0,0,0,0,1221.5,0,-0.5
,"Sam, 22.12. 02:00",3912.6,3829.2,83.4,0,0,0,0,0,0,0,1054.8,0,0.4000000059604645
,"Sam, 22.12. 03:00",4201.7,4163.9,37.8,0,0,0,0,0,0,0,1139.6,0,-0.1000000014901161
,"Sam, 22.12. 04:00",4964.9,4887.6,77.3,0,0,0,0,0,0,0,1352.1,0,-0.2000000029802322
,"Sam, 22.12. 05:00",7006.9,6929.6,77.3,0,0,0,0,0,0,0,1862.5,0,0.2000000029802322
,"Sam, 22.12. 06:00",9225,9125.1,99.9,0,0,0,0,0,0,0,2418.8,0,0.4000000059604645
,"Sam, 22.12. 07:00",8697.7,8479,218.7,0,0,0,0,0,0,0,2320.9,0,0.6000000238418579
,"Sam, 22.12. 08:00",7547.7,7017.3,530.4,0,0,0,0,0,0,0,2082.9,0,0.5
,"Sam, 22.12. 09:00",7503.8,6491.2,1012.6,0,0,0,0,0,0,0,2098.9,0,1.100000023841858
,"Sam, 22.12. 10:00",7806.3,6637,1169.3,0,0,0,0,0,0,0,2192.2,0,1.200000047683716
,"Sam, 22.12. 11:00",7935.9,6670,1265.9,0,0,0,0,0,0,0,2211.3,0,1.700000047683716
,"Sam, 22.12. 12:00",7159.1,6087.4,1071.7,0,0,0,0,0,0,0,1965.7,0,2.099999904632568
,"Sam, 22.12. 13:00",6524.7,5675.2,849.5,0,0,0,0,0,0,0,1735,0,2.900000095367432
,"Sam, 22.12. 14:00",6556.5,5772.7,783.8,0,0,0,0,0,0,0,1740.8,0,2.799999952316284
,"Sam, 22.12. 15:00",6813.6,6119.3,694.3,0,0,0,0,0,0,0,1804.5,0,2.5
,"Sam, 22.12. 16:00",7091,6395.2,695.8,0,0,0,0,0,0,0,1884.3,0,2.299999952316284
,"Sam, 22.12. 17:00",7087.8,6351.2,736.6,0,0,0,0,0,0,0,1856.7,0,2.799999952316284
,"Sam, 22.12. 18:00",7980.6,7143.9,836.7,0,0,0,0,0,0,0,2102.2,0,2.5
,"Sam, 22.12. 19:00",8236.4,7370.8,865.6,0,0,0,0,0,0,0,2180.7,0,2.200000047683716
,"Sam, 22.12. 20:00",8325.1,7485.8,839.3,0,0,0,0,0,0,0,2183.6,0,2.299999952316284
,"Sam, 22.12. 21:00",8190.3,7491.9,698.4,0,0,0,0,0,0,0,2123,0,2.200000047683716
,"Sam, 22.12. 22:00",4631.8,4113.8,518,0,0,0,0,0,0,0,1250.9,0,1.700000047683716
,"Sam, 22.12. 23:00",4105.1,3742.4,362.7,0,0,0,0,0,0,0,1093.8,0,2
,"Dim, 23.12. 00:00",3518.8,3266.5,252.3,0,0,0,0,0,0,0,917.5,0,2.5
,"Dim, 23.12. 01:00",3530.9,3383.5,147.4,0,0,0,0,0,0,0,914,0,2.299999952316284
,"Dim, 23.12. 02:00",3334,3252.6,81.4,0,0,0,0,0,0,0,857.2,0,2.200000047683716
,"Dim, 23.12. 03:00",3600.4,3563,37.4,0,0,0,0,0,0,0,927.4,0,1.799999952316284
,"Dim, 23.12. 04:00",3968,3882.9,85.1,0,0,0,0,0,0,0,1019.7,0,2.099999904632568
,"Dim, 23.12. 05:00",5867.9,5780.6,87.3,0,0,0,0,0,0,0,1493.7,0,1.799999952316284
,"Dim, 23.12. 06:00",7729.8,7619.8,110,0,0,0,0,0,0,0,1949,0,1.899999976158142
,"Dim, 23.12. 07:00",7494.8,7265.8,229,0,0,0,0,0,0,0,1935.3,0,1.899999976158142
,"Dim, 23.12. 08:00",6955.7,6389.8,565.9,0,0,0,0,0,0,0,1871.3,0,1.700000047683716
,"Dim, 23.12. 09:00",6512.8,5507.7,1005.1,0,0,0,0,0,0,0,1772.2,0,2.5
,"Dim, 23.12. 10:00",6568.1,5434.3,1133.8,0,0,0,0,0,0,0,1766.7,0,3.299999952316284
,"Dim, 23.12. 11:00",6916.8,5656.1,1260.7,0,0,0,0,0,0,0,1851.5,0,3.599999904632568
,"Dim, 23.12. 12:00",6380,5266.2,1113.8,0,0,0,0,0,0,0,1675.8,0,4.199999809265137
,"Dim, 23.12. 13:00",6081.3,5172.6,908.7,0,0,0,0,0,0,0,1559.5,0,4.599999904632568
,"Dim, 23.12. 14:00",5769,4984.5,784.5,0,0,0,0,0,0,0,1471.3,0,4.599999904632568
,"Dim, 23.12. 15:00",5716.3,5040.8,675.5,0,0,0,0,0,0,0,1445.2,0,4.5
,"Dim, 23.12. 16:00",6021.5,5362,659.5,0,0,0,0,0,0,0,1540.1,0,3.900000095367432
,"Dim, 23.12. 17:00",6890.3,6104.8,785.5,0,0,0,0,0,0,0,1767.8,0,3.799999952316284
,"Dim, 23.12. 18:00",6454.7,5707.7,747,0,0,0,0,0,0,0,1683.4,0,3.099999904632568
,"Dim, 23.12. 19:00",6880.8,6076.8,804,0,0,0,0,0,0,0,1810.5,0,2.700000047683716
,"Dim, 23.12. 20:00",6489.6,5772.6,717,0,0,0,0,0,0,0,1701.5,0,2.5
,"Dim, 23.12. 21:00",7325.4,6611.2,714.2,0,0,0,0,0,0,0,1909.3,0,2.299999952316284
,"Dim, 23.12. 22:00",4435.9,3903.9,532,0,0,0,0,0,0,0,1186.4,0,2.200000047683716
,"Dim, 23.12. 23:00",3824.4,3478.7,345.7,0,0,0,0,0,0,0,1009.5,0,2.400000095367432
,"Lun, 24.12. 00:00",3239.7,2995.2,244.5,0,0,0,0,0,0,0,837.1,0,2.900000095367432
,"Lun, 24.12. 01:00",3076,2933,143,0,0,0,0,0,0,0,771.5,0,3.5
,"Lun, 24.12. 02:00",3257.4,3169.1,88.3,0,0,0,0,0,0,0,813.1,0,3.299999952316284
,"Lun, 24.12. 03:00",3365,3326.6,38.4,0,0,0,0,0,0,0,842.1,0,2.799999952316284
,"Lun, 24.12. 04:00",4063.9,3974.2,89.7,0,0,0,0,0,0,0,1048.4,0,1.899999976158142
,"Lun, 24.12. 05:00",4842.5,4761.7,80.8,0,0,0,0,0,0,0,1209.7,0,2.5
,"Lun, 24.12. 06:00",6337.6,6237.5,100.1,0,0,0,0,0,0,0,1601,0,1.899999976158142
,"Lun, 24.12. 07:00",6931.5,6700.1,231.4,0,0,0,0,0,0,0,1813.1,0,1.5
,"Lun, 24.12. 08:00",6614.3,6025.1,589.2,0,0,0,0,0,0,0,1777.7,0,1.799999952316284
,"Lun, 24.12. 09:00",6137.6,5066.6,1071,0,0,0,0,0,0,0,1631.5,0,3.799999952316284
,"Lun, 24.12. 10:00",6153.6,4960.9,1192.7,0,0,0,0,0,0,0,1622.7,0,4.400000095367432
,"Lun, 24.12. 11:00",5973.1,4699.8,1273.3,0,0,0,0,0,0,0,1530.3,0,5.800000190734863
,"Lun, 24.12. 12:00",4923.1,3863.5,1059.6,0,0,0,0,0,0,0,1204.6,0,7.5
,"Lun, 24.12. 13:00",4687.3,3813.2,874.1,0,0,0,0,0,0,0,1114.4,0,7.900000095367432
,"Lun, 24.12. 14:00",4332.2,3585.9,746.3,0,0,0,0,0,0,0,1018.8,0,8.100000381469727
,"Lun, 24.12. 15:00",4454.8,3799,655.8,0,0,0,0,0,0,0,1046.1,0,7.599999904632568
,"Lun, 24.12. 16:00",5078,4398.7,679.3,0,0,0,0,0,0,0,1214.1,0,6.699999809265137
,"Lun, 24.12. 17:00",5397.6,4669.8,727.8,0,0,0,0,0,0,0,1316.8,0,5.900000095367432
,"Lun, 24.12. 18:00",5859.7,5040.3,819.4,0,0,0,0,0,0,0,1429.3,0,5.900000095367432
,"Lun, 24.12. 19:00",5665,4860.7,804.3,0,0,0,0,0,0,0,1382.2,0,5.800000190734863
,"Lun, 24.12. 20:00",6203.8,5388.5,815.3,0,0,0,0,0,0,0,1534.1,0,5
,"Lun, 24.12. 21:00",5532.2,4838.3,693.9,0,0,0,0,0,0,0,1281.8,0,6.800000190734863
,"Lun, 24.12. 22:00",3228.2,2711.9,516.3,0,0,0,0,0,0,0,782.8,0,6.400000095367432
,"Lun, 24.12. 23:00",2765.8,2436.7,329.1,0,0,0,0,0,0,0,668.4,0,6
,"Mar, 25.12. 00:00",2425.7,2185.9,239.8,0,0,0,0,0,0,0,570.6,0,6.599999904632568
,"Mar, 25.12. 01:00",2453.2,2316,137.2,0,0,0,0,0,0,0,574.7,0,6
,"Mar, 25.12. 02:00",2531.2,2448.9,82.3,0,0,0,0,0,0,0,588.1,0,5.800000190734863
,"Mar, 25.12. 03:00",2899.3,2858.9,40.4,0,0,0,0,0,0,0,667.4,0,5.699999809265137
,"Mar, 25.12. 04:00",3016.7,2935.9,80.8,0,0,0,0,0,0,0,710.8,0,5.099999904632568
,"Mar, 25.12. 05:00",4450.9,4367.6,83.3,0,0,0,0,0,0,0,1016.1,0,5.5
,"Mar, 25.12. 06:00",6640.8,6524.5,116.3,0,0,0,0,0,0,0,1488.2,0,5.800000190734863
,"Mar, 25.12. 07:00",6094.2,5860.2,234,0,0,0,0,0,0,0,1388.3,0,6.300000190734863
,"Mar, 25.12. 08:00",5960,5364.9,595.1,0,0,0,0,0,0,0,1450.1,0,5.599999904632568
,"Mar, 25.12. 09:00",5647.5,4608.6,1038.9,0,0,0,0,0,0,0,1427.1,0,5.800000190734863
,"Mar, 25.12. 10:00",5808,4626.8,1181.2,0,0,0,0,0,0,0,1465.7,0,6.199999809265137
,"Mar, 25.12. 11:00",5795.2,4582.1,1213.1,0,0,0,0,0,0,0,1481.9,0,5.800000190734863
,"Mar, 25.12. 12:00",5050.9,4023.5,1027.4,0,0,0,0,0,0,0,1260.1,0,6.599999904632568
,"Mar, 25.12. 13:00",4828.7,3981,847.7,0,0,0,0,0,0,0,1173,0,7
,"Mar, 25.12. 14:00",4936.2,4158.5,777.7,0,0,0,0,0,0,0,1202.6,0,6.599999904632568
,"Mar, 25.12. 15:00",5325.4,4628.8,696.6,0,0,0,0,0,0,0,1322.1,0,5.400000095367432
,"Mar, 25.12. 16:00",5438.4,4785.8,652.6,0,0,0,0,0,0,0,1371.4,0,4.599999904632568
,"Mar, 25.12. 17:00",5840.8,5112.8,728,0,0,0,0,0,0,0,1480.8,0,4.400000095367432
,"Mar, 25.12. 18:00",6863.2,6035.6,827.6,0,0,0,0,0,0,0,1834.3,0,2.299999952316284
,"Mar, 25.12. 19:00",7064.3,6191.3,873,0,0,0,0,0,0,0,1885,0,2.299999952316284
,"Mar, 25.12. 20:00",7240.6,6441.3,799.3,0,0,0,0,0,0,0,2022.7,0,0.2000000029802322
,"Mar, 25.12. 21:00",7045.2,6357.5,687.7,0,0,0,0,0,0,0,1947.3,0,0.2000000029802322
,"Mar, 25.12. 22:00",4539.2,4069.4,469.8,0,0,0,0,0,0,0,1328.5,0,-1.600000023841858
,"Mar, 25.12. 23:00",4929.7,4583.8,345.9,0,0,0,0,0,0,0,1472.5,0,-2.900000095367432
,"Mer, 26.12. 00:00",4574.1,4334.2,239.9,0,0,0,0,0,0,0,1345.8,0,-2.5
,"Mer, 26.12. 01:00",4907.1,4763.9,143.2,0,0,0,0,0,0,0,1470.4,0,-3.599999904632568
,"Mer, 26.12. 02:00",5162.7,5074.4,88.3,0,0,0,0,0,0,0,1539.1,0,-3.599999904632568
,"Mer, 26.12. 03:00",5411.6,5371.9,39.7,0,0,0,0,0,0,0,1607.6,0,-3.700000047683716
,"Mer, 26.12. 04:00",5474.8,5394,80.8,0,0,0,0,0,0,0,1651.7,0,-4.300000190734863
,"Mer, 26.12. 05:00",6934.3,6859.6,74.7,0,0,0,0,0,0,0,2033,0,-3.599999904632568
,"Mer, 26.12. 06:00",10291.9,10184.1,107.8,0,0,0,0,0,0,0,2937.5,0,-2.799999952316284
,"Mer, 26.12. 07:00",9691.2,9477.8,213.4,0,0,0,0,0,0,0,2907.7,0,-4.099999904632568
,"Mer, 26.12. 08:00",9646,9050.8,595.2,0,0,0,0,0,0,0,2863.8,0,-2.599999904632568
,"Mer, 26.12. 09:00",10370.4,9145.5,1224.9,0,0,0,0,0,0,0,3106.8,0,-2
,"Mer, 26.12. 10:00",8609.1,7473.9,1135.2,0,0,0,0,0,0,0,2543.6,0,-1.200000047683716
,"Mer, 26.12. 11:00",8931.3,7669.3,1262,0,0,0,0,0,0,0,2590.9,0,-0.300000011920929
,"Mer, 26.12. 12:00",7083.7,6121.9,961.8,0,0,0,0,0,0,0,2002.2,0,0.699999988079071
,"Mer, 26.12. 13:00",7681.5,6798.3,883.2,0,0,0,0,0,0,0,2126.8,0,1.100000023841858
,"Mer, 26.12. 14:00",7591.8,6790.3,801.5,0,0,0,0,0,0,0,2075,0,1.5
,"Mer, 26.12. 15:00",7879.2,7161.9,717.3,0,0,0,0,0,0,0,2147.7,0,1.299999952316284
,"Mer, 26.12. 16:00",7779.9,7119.5,660.4,0,0,0,0,0,0,0,2140.2,0,0.800000011920929
,"Mer, 26.12. 17:00",8679.5,7921.5,758,0,0,0,0,0,0,0,2420.2,0,0.2000000029802322
,"Mer, 26.12. 18:00",8864.6,8068.4,796.2,0,0,0,0,0,0,0,2490.9,0,-0.2000000029802322
,"Mer, 26.12. 19:00",9428.5,8572.6,855.9,0,0,0,0,0,0,0,2666.5,0,-0.6000000238418579
,"Mer, 26.12. 20:00",9375.8,8576.2,799.6,0,0,0,0,0,0,0,2670.8,0,-1.100000023841858
,"Mer, 26.12. 21:00",8977.3,8310.3,667,0,0,0,0,0,0,0,2573.3,0,-1.799999952316284
,"Mer, 26.12. 22:00",5777.9,5271.6,506.3,0,0,0,0,0,0,0,1754.2,0,-3.400000095367432
,"Mer, 26.12. 23:00",4685.7,4366.8,318.9,0,0,0,0,0,0,0,1373,0,-2.099999904632568
,"Jeu, 27.12. 00:00",5118.7,4878.6,240.1,0,0,0,0,0,0,0,1520.3,0,-3
,"Jeu, 27.12. 01:00",4595.2,4476.8,118.4,0,0,0,0,0,0,0,1340.8,0,-2.599999904632568
,"Jeu, 27.12. 02:00",4452.2,4417.2,35,0,0,0,0,0,0,0,1298.5,0,-2.900000095367432
,"Jeu, 27.12. 03:00",5015.8,4977.9,37.9,0,0,0,0,0,0,0,1471.2,0,-3.200000047683716
,"Jeu, 27.12. 04:00",5785.7,5663.8,121.9,0,0,0,0,0,0,0,1745.6,0,-4.199999809265137
,"Jeu, 27.12. 05:00",8191,7838.5,352.5,0,0,0,0,0,0,0,2456.5,0,-4
,"Jeu, 27.12. 06:00",10748.4,9802.6,945.8,0,0,0,0,0,0,0,3230.2,0,-3.400000095367432
,"Jeu, 27.12. 07:00",11448.5,10408.2,1040.3,0,0,0,0,0,0,0,3581.9,0,-4.599999904632568
,"Jeu, 27.12. 08:00",9564.6,8721.2,843.4,0,0,0,0,0,0,0,3016.1,0,-4.699999809265137
,"Jeu, 27.12. 09:00",9409.8,8670.8,739,0,0,0,0,0,0,0,2916.2,0,-4.199999809265137
,"Jeu, 27.12. 10:00",8916.8,8231.9,684.9,0,0,0,0,0,0,0,2626.9,0,-2.099999904632568
,"Jeu, 27.12. 11:00",8061,7438.4,622.6,0,0,0,0,0,0,0,2266.7,0,-0.2000000029802322
,"Jeu, 27.12. 12:00",7163.3,6570.9,592.4,0,0,0,0,0,0,0,1912.7,0,1.899999976158142
,"Jeu, 27.12. 13:00",7127.4,6566.9,560.5,0,0,0,0,0,0,0,1914.3,0,1.600000023841858
,"Jeu, 27.12. 14:00",6767.3,6258.9,508.4,0,0,0,0,0,0,0,1817.2,0,1.600000023841858
,"Jeu, 27.12. 15:00",7091.3,6585.8,505.5,0,0,0,0,0,0,0,1902.9,0,1.5
,"Jeu, 27.12. 16:00",7077,6557,520,0,0,0,0,0,0,0,1915.2,0,1.200000047683716
,"Jeu, 27.12. 17:00",7744.1,7060,684.1,0,0,0,0,0,0,0,2108.5,0,1.100000023841858
,"Jeu, 27.12. 18:00",8810.3,7973.2,837.1,0,0,0,0,0,0,0,2368.5,0,1.600000023841858
,"Jeu, 27.12. 19:00",8567.7,7554.7,1013,0,0,0,0,0,0,0,2218.7,0,3.299999952316284
,"Jeu, 27.12. 20:00",9980.3,8817.1,1163.2,0,0,0,0,0,0,0,2697.4,0,1.5
,"Jeu, 27.12. 21:00",8924.2,7887.6,1036.6,0,0,0,0,0,0,0,2412.4,0,1.299999952316284
,"Jeu, 27.12. 22:00",5473.8,4879.2,594.6,0,0,0,0,0,0,0,1535.5,0,0.2000000029802322
,"Jeu, 27.12. 23:00",4491,4150.7,340.3,0,0,0,0,0,0,0,1253.5,0,0
,"Ven, 28.12. 00:00",4410.1,4172,238.1,0,0,0,0,0,0,0,1232.2,0,-0.4000000059604645
,"Ven, 28.12. 01:00",4512.2,4387.5,124.7,0,0,0,0,0,0,0,1282.2,0,-1.5
,"Ven, 28.12. 02:00",4486.6,4448.3,38.3,0,0,0,0,0,0,0,1263.8,0,-1.5
,"Ven, 28.12. 03:00",4595.3,4557.4,37.9,0,0,0,0,0,0,0,1298.5,0,-1.700000047683716
,"Ven, 28.12. 04:00",5379.1,5250.8,128.3,0,0,0,0,0,0,0,1532.5,0,-1.799999952316284
,"Ven, 28.12. 05:00",7693,7316.2,376.8,0,0,0,0,0,0,0,2150.9,0,-1
,"Ven, 28.12. 06:00",9887.3,8901.7,985.6,0,0,0,0,0,0,0,2743.8,0,0
,"Ven, 28.12. 07:00",9717.2,8697,1020.2,0,0,0,0,0,0,0,2751.7,0,-0.2000000029802322
,"Ven, 28.12. 08:00",8764.2,7840.7,923.5,0,0,0,0,0,0,0,2447.4,0,0.699999988079071
,"Ven, 28.12. 09:00",7966.2,7205.1,761.1,0,0,0,0,0,0,0,2166.2,0,1.5
,"Ven, 28.12. 10:00",7179,6519.7,659.3,0,0,0,0,0,0,0,1892.9,0,2.5
,"Ven, 28.12. 11:00",6766.6,6168.3,598.3,0,0,0,0,0,0,0,1774.2,0,2.700000047683716
,"Ven, 28.12. 12:00",6538.1,5951.4,586.7,0,0,0,0,0,0,0,1705.1,0,2.900000095367432
,"Ven, 28.12. 13:00",6861.7,6283.9,577.8,0,0,0,0,0,0,0,1817.4,0,2.200000047683716
,"Ven, 28.12. 14:00",6960.6,6431.1,529.5,0,0,0,0,0,0,0,1923.4,0,0.5
,"Ven, 28.12. 15:00",7013.1,6507.4,505.7,0,0,0,0,0,0,0,1939.7,0,0.300000011920929
,"Ven, 28.12. 16:00",7128.9,6586.8,542.1,0,0,0,0,0,0,0,1955.9,0,0.699999988079071
,"Ven, 28.12. 17:00",7736.3,7023.7,712.6,0,0,0,0,0,0,0,2129,0,0.800000011920929
,"Ven, 28.12. 18:00",8524.8,7687.4,837.4,0,0,0,0,0,0,0,2336.7,0,0.8999999761581421
,"Ven, 28.12. 19:00",8977.6,7923.6,1054,0,0,0,0,0,0,0,2475.4,0,0.8999999761581421
,"Ven, 28.12. 20:00",8716.3,7658.4,1057.9,0,0,0,0,0,0,0,2392.4,0,1
,"Ven, 28.12. 21:00",8170.4,7184.3,986.1,0,0,0,0,0,0,0,2244.7,0,0.800000011920929
,"Ven, 28.12. 22:00",4959.2,4386.7,572.5,0,0,0,0,0,0,0,1365.8,0,1
,"Ven, 28.12. 23:00",4248.2,3897.4,350.8,0,0,0,0,0,0,0,1150.8,0,1.299999952316284
,"Sam, 29.12. 00:00",3942.3,3684.4,257.9,0,0,0,0,0,0,0,1062.7,0,1.200000047683716
,"Sam, 29.12. 01:00",3846.2,3699.9,146.3,0,0,0,0,0,0,0,1028.8,0,1
,"Sam, 29.12. 02:00",3872.2,3784.4,87.8,0,0,0,0,0,0,0,1023.6,0,1.200000047683716
,"Sam, 29.12. 03:00",3656.7,3620.7,36,0,0,0,0,0,0,0,958.3,0,1.200000047683716
,"Sam, 29.12. 04:00",4380.6,4305.3,75.3,0,0,0,0,0,0,0,1147.7,0,1.299999952316284
,"Sam, 29.12. 05:00",6198.7,6126.2,72.5,0,0,0,0,0,0,0,1629,0,0.6000000238418579
,"Sam, 29.12. 06:00",8544.5,8445.3,99.2,0,0,0,0,0,0,0,2205.3,0,1
,"Sam, 29.12. 07:00",7921.9,7709.4,212.5,0,0,0,0,0,0,0,2087.4,0,1.100000023841858
,"Sam, 29.12. 08:00",7541.1,6975.1,566,0,0,0,0,0,0,0,2049.3,0,1.200000047683716
,"Sam, 29.12. 09:00",7190.6,6164.4,1026.2,0,0,0,0,0,0,0,1993,0,1.600000023841858
,"Sam, 29.12. 10:00",7553.6,6334.1,1219.5,0,0,0,0,0,0,0,2069.2,0,2.400000095367432
,"Sam, 29.12. 11:00",7146.7,5902,1244.7,0,0,0,0,0,0,0,1923.8,0,3.299999952316284
,"Sam, 29.12. 12:00",6802.1,5682.9,1119.2,0,0,0,0,0,0,0,1798.2,0,3.799999952316284
,"Sam, 29.12. 13:00",6644.1,5711.5,932.6,0,0,0,0,0,0,0,1728.4,0,3.900000095367432
,"Sam, 29.12. 14:00",6218.5,5416.8,801.7,0,0,0,0,0,0,0,1616.4,0,3.799999952316284
,"Sam, 29.12. 15:00",6540.9,5823.7,717.2,0,0,0,0,0,0,0,1697.5,0,3.400000095367432
,"Sam, 29.12. 16:00",6696.8,5992.4,704.4,0,0,0,0,0,0,0,1746.8,0,3.099999904632568
,"Sam, 29.12. 17:00",6961.5,6192.1,769.4,0,0,0,0,0,0,0,1807.3,0,3.299999952316284
,"Sam, 29.12. 18:00",7392.7,6553.9,838.8,0,0,0,0,0,0,0,1897.5,0,3.599999904632568
,"Sam, 29.12. 19:00",7745.2,6877.4,867.8,0,0,0,0,0,0,0,2024.1,0,2.799999952316284
,"Sam, 29.12. 20:00",7352.6,6552.5,800.1,0,0,0,0,0,0,0,1885.4,0,3.299999952316284
,"Sam, 29.12. 21:00",7345,6658,687,0,0,0,0,0,0,0,1833.7,0,3.700000047683716
,"Sam, 29.12. 22:00",4368.3,3812.3,556,0,0,0,0,0,0,0,1122.5,0,3.799999952316284
,"Sam, 29.12. 23:00",3572.9,3219.4,353.5,0,0,0,0,0,0,0,914.5,0,3.599999904632568
,"Dim, 30.12. 00:00",2816.6,2594.3,222.3,0,0,0,0,0,0,0,713.4,0,3.700000047683716
,"Dim, 30.12. 01:00",3108.2,2962.1,146.1,0,0,0,0,0,0,0,773.6,0,3.799999952316284
,"Dim, 30.12. 02:00",2918,2836.4,81.6,0,0,0,0,0,0,0,715.9,0,3.900000095367432
,"Dim, 30.12. 03:00",2954.4,2916.2,38.2,0,0,0,0,0,0,0,700.3,0,4.699999809265137
,"Dim, 30.12. 04:00",3344.2,3259.9,84.3,0,0,0,0,0,0,0,806.5,0,4.300000190734863
,"Dim, 30.12. 05:00",4989,4902.9,86.1,0,0,0,0,0,0,0,1193.2,0,4
,"Dim, 30.12. 06:00",6853.2,6739.8,113.4,0,0,0,0,0,0,0,1596.3,0,4.599999904632568
,"Dim, 30.12. 07:00",6809.2,6570.3,238.9,0,0,0,0,0,0,0,1650.5,0,4.199999809265137
,"Dim, 30.12. 08:00",5753.9,5209.9,544,0,0,0,0,0,0,0,1441.1,0,4.5
,"Dim, 30.12. 09:00",5518.3,4554.4,963.9,0,0,0,0,0,0,0,1431.3,0,4.699999809265137
,"Dim, 30.12. 10:00",6010.7,4850.8,1159.9,0,0,0,0,0,0,0,1554.5,0,5.099999904632568
,"Dim, 30.12. 11:00",5848.2,4681.9,1166.3,0,0,0,0,0,0,0,1529.8,0,4.800000190734863
,"Dim, 30.12. 12:00",5329.7,4311.8,1017.9,0,0,0,0,0,0,0,1369.7,0,5.300000190734863
,"Dim, 30.12. 13:00",5429.6,4545.3,884.3,0,0,0,0,0,0,0,1367.6,0,5.5
,"Dim, 30.12. 14:00",5351.6,4557,794.6,0,0,0,0,0,0,0,1339.6,0,5.5
,"Dim, 30.12. 15:00",5220.2,4543.1,677.1,0,0,0,0,0,0,0,1291.6,0,5.5
,"Dim, 30.12. 16:00",6072.7,5352.5,720.2,0,0,0,0,0,0,0,1530.3,0,4.599999904632568
,"Dim, 30.12. 17:00",5874.1,5137.5,736.6,0,0,0,0,0,0,0,1468.2,0,4.900000095367432
,"Dim, 30.12. 18:00",5877,5136,741,0,0,0,0,0,0,0,1504,0,4
,"Dim, 30.12. 19:00",6597.3,5774.5,822.8,0,0,0,0,0,0,0,1729.5,0,3
,"Dim, 30.12. 20:00",7616,6741.9,874.1,0,0,0,0,0,0,0,2036.3,0,1.899999976158142
,"Dim, 30.12. 21:00",6533.9,5879.7,654.2,0,0,0,0,0,0,0,1748.2,0,1.399999976158142
,"Dim, 30.12. 22:00",4373.6,3850.9,522.7,0,0,0,0,0,0,0,1188.9,0,1.600000023841858
,"Dim, 30.12. 23:00",3523,3200.1,322.9,0,0,0,0,0,0,0,931.8,0,2.299999952316284
,"Lun, 31.12. 00:00",3561.8,3319.2,242.6,0,0,0,0,0,0,0,915.7,0,3
,"Lun, 31.12. 01:00",3086.2,2970.1,116.1,0,0,0,0,0,0,0,777.2,0,3.200000047683716
,"Lun, 31.12. 02:00",3102.1,3066.8,35.3,0,0,0,0,0,0,0,778.5,0,2.799999952316284
,"Lun, 31.12. 03:00",3217.8,3181.5,36.3,0,0,0,0,0,0,0,798.9,0,3.099999904632568
,"Lun, 31.12. 04:00",3771.1,3645.2,125.9,0,0,0,0,0,0,0,932.2,0,3.599999904632568
,"Lun, 31.12. 05:00",5311.2,4968.8,342.4,0,0,0,0,0,0,0,1315.3,0,3.700000047683716
,"Lun, 31.12. 06:00",8029.2,7042.9,986.3,0,0,0,0,0,0,0,2069.7,0,3.200000047683716
,"Lun, 31.12. 07:00",7689.1,6688.2,1000.9,0,0,0,0,0,0,0,2012.8,0,3.299999952316284
,"Lun, 31.12. 08:00",6496.6,5661.2,835.4,0,0,0,0,0,0,0,1704.7,0,3.5
,"Lun, 31.12. 09:00",6235.1,5517,718.1,0,0,0,0,0,0,0,1613,0,3.700000047683716
,"Lun, 31.12. 10:00",5938,5297.4,640.6,0,0,0,0,0,0,0,1524.9,0,3.799999952316284
,"Lun, 31.12. 11:00",5702.4,5109.6,592.8,0,0,0,0,0,0,0,1452.7,0,4
,"Lun, 31.12. 12:00",5238.5,4675.4,563.1,0,0,0,0,0,0,0,1310.5,0,4.699999809265137
,"Lun, 31.12. 13:00",5335.4,4779.7,555.7,0,0,0,0,0,0,0,1324.1,0,4.900000095367432
,"Lun, 31.12. 14:00",5585.9,5029.6,556.3,0,0,0,0,0,0,0,1385,0,4.900000095367432
,"Lun, 31.12. 15:00",5298.9,4798,500.9,0,0,0,0,0,0,0,1312.2,0,4.800000190734863
,"Lun, 31.12. 16:00",5678.7,5141.8,536.9,0,0,0,0,0,0,0,1446.3,0,3.799999952316284
,"Lun, 31.12. 17:00",6462.8,5735.6,727.2,0,0,0,0,0,0,0,1670.4,0,3.5
,"Lun, 31.12. 18:00",6990,6160,830,0,0,0,0,0,0,0,1817.7,0,3.299999952316284
,"Lun, 31.12. 19:00",7135.4,6141.4,994,0,0,0,0,0,0,0,1892,0,2.799999952316284
,"Lun, 31.12. 20:00",7360,6290.8,1069.2,0,0,0,0,0,0,0,1929.5,0,3.200000047683716
,"Lun, 31.12. 21:00",6743.5,5777,966.5,0,0,0,0,0,0,0,1775,0,2.799999952316284
,"Lun, 31.12. 22:00",4317,3749.7,567.3,0,0,0,0,0,0,0,1151.3,0,2.5
,"Lun, 31.12. 23:00",4081.7,3721,360.7,0,0,0,0,0,0,0,1091.8,0,1.799999952316284
