datetime,irradiance_W_m2
2023-01-01 01:00:00,0.0
2023-01-01 02:00:00,0.0
2023-01-01 03:00:00,0.0
2023-01-01 04:00:00,0.0
2023-01-01 05:00:00,0.0
2023-01-01 06:00:00,0.0
2023-01-01 07:00:00,0.0
2023-01-01 08:00:00,7.50987012987013
2023-01-01 09:00:00,72.13467532467533
2023-01-01 10:00:00,158.9955844155844
2023-01-01 11:00:00,301.3315584415584
2023-01-01 12:00:00,359.18233766233766
2023-01-01 13:00:00,341.00766233766234
2023-01-01 14:00:00,234.81090909090906
2023-01-01 15:00:00,67.64181818181818
2023-01-01 16:00:00,8.290000000000001
2023-01-01 17:00:00,0.0
2023-01-01 18:00:00,0.0
2023-01-01 19:00:00,0.0
2023-01-01 20:00:00,0.0
2023-01-01 21:00:00,0.0
2023-01-01 22:00:00,0.0
2023-01-01 23:00:00,0.0
2023-01-02 00:00:00,0.0
2023-01-02 01:00:00,0.0
2023-01-02 02:00:00,0.0
2023-01-02 03:00:00,0.0
2023-01-02 04:00:00,0.0
2023-01-02 05:00:00,0.0
2023-01-02 06:00:00,0.0
2023-01-02 07:00:00,0.0
2023-01-02 08:00:00,6.603116883116883
2023-01-02 09:00:00,56.81766233766234
2023-01-02 10:00:00,146.0877922077922
2023-01-02 11:00:00,254.13298701298703
2023-01-02 12:00:00,278.9942857142857
2023-01-02 13:00:00,237.9135064935065
2023-01-02 14:00:00,155.8174025974026
2023-01-02 15:00:00,51.08194805194805
2023-01-02 16:00:00,9.426623376623377
2023-01-02 17:00:00,0.0
2023-01-02 18:00:00,0.0
2023-01-02 19:00:00,0.0
2023-01-02 20:00:00,0.0
2023-01-02 21:00:00,0.0
2023-01-02 22:00:00,0.0
2023-01-02 23:00:00,0.0
2023-01-03 00:00:00,0.0
2023-01-03 01:00:00,0.0
2023-01-03 02:00:00,0.0
2023-01-03 03:00:00,0.0
2023-01-03 04:00:00,0.0
2023-01-03 05:00:00,0.0
2023-01-03 06:00:00,0.0
2023-01-03 07:00:00,0.0
2023-01-03 08:00:00,5.700129870129871
2023-01-03 09:00:00,34.76311688311688
2023-01-03 10:00:00,83.67948051948052
2023-01-03 11:00:00,144.61662337662338
2023-01-03 12:00:00,141.81272727272727
2023-01-03 13:00:00,116.99805194805195
2023-01-03 14:00:00,78.34389610389611
2023-01-03 15:00:00,53.198311688311684
2023-01-03 16:00:00,10.767532467532467
2023-01-03 17:00:00,0.0
2023-01-03 18:00:00,0.0
2023-01-03 19:00:00,0.0
2023-01-03 20:00:00,0.0
2023-01-03 21:00:00,0.0
2023-01-03 22:00:00,0.0
2023-01-03 23:00:00,0.0
2023-01-04 00:00:00,0.0
2023-01-04 01:00:00,0.0
2023-01-04 02:00:00,0.0
2023-01-04 03:00:00,0.0
2023-01-04 04:00:00,0.0
2023-01-04 05:00:00,0.0
2023-01-04 06:00:00,0.0
2023-01-04 07:00:00,0.0
2023-01-04 08:00:00,10.732467532467533
2023-01-04 09:00:00,140.30675324675326
2023-01-04 10:00:00,359.6714285714285
2023-01-04 11:00:00,652.9923376623377
2023-01-04 12:00:00,689.1402597402598
2023-01-04 13:00:00,560.7290909090909
2023-01-04 14:00:00,313.96467532467534
2023-01-04 15:00:00,120.0103896103896
2023-01-04 16:00:00,13.7687012987013
2023-01-04 17:00:00,0.0
2023-01-04 18:00:00,0.0
2023-01-04 19:00:00,0.0
2023-01-04 20:00:00,0.0
2023-01-04 21:00:00,0.0
2023-01-04 22:00:00,0.0
2023-01-04 23:00:00,0.0
2023-01-05 00:00:00,0.0
2023-01-05 01:00:00,0.0
2023-01-05 02:00:00,0.0
2023-01-05 03:00:00,0.0
2023-01-05 04:00:00,0.0
2023-01-05 05:00:00,0.0
2023-01-05 06:00:00,0.0
2023-01-05 07:00:00,0.0
2023-01-05 08:00:00,8.79012987012987
2023-01-05 09:00:00,82.87181818181818
2023-01-05 10:00:00,206.0625974025974
2023-01-05 11:00:00,415.65337662337663
2023-01-05 12:00:00,495.52506493506496
2023-01-05 13:00:00,476.2316883116883
2023-01-05 14:00:00,437.16220779220777
2023-01-05 15:00:00,150.9603896103896
2023-01-05 16:00:00,11.94025974025974
2023-01-05 17:00:00,0.0
2023-01-05 18:00:00,0.0
2023-01-05 19:00:00,0.0
2023-01-05 20:00:00,0.0
2023-01-05 21:00:00,0.0
2023-01-05 22:00:00,0.0
2023-01-05 23:00:00,0.0
2023-01-06 00:00:00,0.0
2023-01-06 01:00:00,0.0
2023-01-06 02:00:00,0.0
2023-01-06 03:00:00,0.0
2023-01-06 04:00:00,0.0
2023-01-06 05:00:00,0.0
2023-01-06 06:00:00,0.0
2023-01-06 07:00:00,0.0
2023-01-06 08:00:00,9.505844155844157
2023-01-06 09:00:00,162.952987012987
2023-01-06 10:00:00,466.28558441558437
2023-01-06 11:00:00,858.209090909091
2023-01-06 12:00:00,981.0292207792207
2023-01-06 13:00:00,966.3264935064935
2023-01-06 14:00:00,723.8987012987012
2023-01-06 15:00:00,243.41896103896102
2023-01-06 16:00:00,11.544935064935066
2023-01-06 17:00:00,0.0
2023-01-06 18:00:00,0.0
2023-01-06 19:00:00,0.0
2023-01-06 20:00:00,0.0
2023-01-06 21:00:00,0.0
2023-01-06 22:00:00,0.0
2023-01-06 23:00:00,0.0
2023-01-07 00:00:00,0.0
2023-01-07 01:00:00,0.0
2023-01-07 02:00:00,0.0
2023-01-07 03:00:00,0.0
2023-01-07 04:00:00,0.0
2023-01-07 05:00:00,0.0
2023-01-07 06:00:00,0.0
2023-01-07 07:00:00,0.0
2023-01-07 08:00:00,9.0287012987013
2023-01-07 09:00:00,156.48142857142858
2023-01-07 10:00:00,427.5898701298701
2023-01-07 11:00:00,783.8490909090909
2023-01-07 12:00:00,887.1590909090909
2023-01-07 13:00:00,797.9341558441558
2023-01-07 14:00:00,640.3055844155843
2023-01-07 15:00:00,195.40662337662337
2023-01-07 16:00:00,10.400519480519481
2023-01-07 17:00:00,0.0
2023-01-07 18:00:00,0.0
2023-01-07 19:00:00,0.0
2023-01-07 20:00:00,0.0
2023-01-07 21:00:00,0.0
2023-01-07 22:00:00,0.0
2023-01-07 23:00:00,0.0
2023-01-08 00:00:00,0.0
2023-01-08 01:00:00,0.0
2023-01-08 02:00:00,0.0
2023-01-08 03:00:00,0.0
2023-01-08 04:00:00,0.0
2023-01-08 05:00:00,0.0
2023-01-08 06:00:00,0.0
2023-01-08 07:00:00,0.0
2023-01-08 08:00:00,5.586493506493507
2023-01-08 09:00:00,35.63857142857143
2023-01-08 10:00:00,56.792467532467526
2023-01-08 11:00:00,77.77181818181818
2023-01-08 12:00:00,118.43467532467531
2023-01-08 13:00:00,177.3218181818182
2023-01-08 14:00:00,183.51883116883116
2023-01-08 15:00:00,115.69987012987012
2023-01-08 16:00:00,10.685844155844157
2023-01-08 17:00:00,0.0
2023-01-08 18:00:00,0.0
2023-01-08 19:00:00,0.0
2023-01-08 20:00:00,0.0
2023-01-08 21:00:00,0.0
2023-01-08 22:00:00,0.0
2023-01-08 23:00:00,0.0
2023-01-09 00:00:00,0.0
2023-01-09 01:00:00,0.0
2023-01-09 02:00:00,0.0
2023-01-09 03:00:00,0.0
2023-01-09 04:00:00,0.0
2023-01-09 05:00:00,0.0
2023-01-09 06:00:00,0.0
2023-01-09 07:00:00,0.0
2023-01-09 08:00:00,10.638051948051949
2023-01-09 09:00:00,157.0151948051948
2023-01-09 10:00:00,424.925974025974
2023-01-09 11:00:00,788.8949350649351
2023-01-09 12:00:00,914.27012987013
2023-01-09 13:00:00,827.5475324675325
2023-01-09 14:00:00,526.8601298701299
2023-01-09 15:00:00,239.6805194805195
2023-01-09 16:00:00,14.84142857142857
2023-01-09 17:00:00,0.0
2023-01-09 18:00:00,0.0
2023-01-09 19:00:00,0.0
2023-01-09 20:00:00,0.0
2023-01-09 21:00:00,0.0
2023-01-09 22:00:00,0.0
2023-01-09 23:00:00,0.0
2023-01-10 00:00:00,0.0
2023-01-10 01:00:00,0.0
2023-01-10 02:00:00,0.0
2023-01-10 03:00:00,0.0
2023-01-10 04:00:00,0.0
2023-01-10 05:00:00,0.0
2023-01-10 06:00:00,0.0
2023-01-10 07:00:00,0.0
2023-01-10 08:00:00,10.36987012987013
2023-01-10 09:00:00,134.22181818181818
2023-01-10 10:00:00,408.66467532467533
2023-01-10 11:00:00,767.7858441558442
2023-01-10 12:00:00,944.2587012987012
2023-01-10 13:00:00,953.8741558441558
2023-01-10 14:00:00,773.6306493506493
2023-01-10 15:00:00,306.8077922077922
2023-01-10 16:00:00,12.98090909090909
2023-01-10 17:00:00,0.0
2023-01-10 18:00:00,0.0
2023-01-10 19:00:00,0.0
2023-01-10 20:00:00,0.0
2023-01-10 21:00:00,0.0
2023-01-10 22:00:00,0.0
2023-01-10 23:00:00,0.0
2023-01-11 00:00:00,0.0
2023-01-11 01:00:00,0.0
2023-01-11 02:00:00,0.0
2023-01-11 03:00:00,0.0
2023-01-11 04:00:00,0.0
2023-01-11 05:00:00,0.0
2023-01-11 06:00:00,0.0
2023-01-11 07:00:00,0.0
2023-01-11 08:00:00,13.426493506493506
2023-01-11 09:00:00,92.79558441558441
2023-01-11 10:00:00,290.7961038961039
2023-01-11 11:00:00,517.0998701298702
2023-01-11 12:00:00,535.8533766233766
2023-01-11 13:00:00,467.89363636363635
2023-01-11 14:00:00,268.0363636363636
2023-01-11 15:00:00,100.9561038961039
2023-01-11 16:00:00,16.26012987012987
2023-01-11 17:00:00,0.0
2023-01-11 18:00:00,0.0
2023-01-11 19:00:00,0.0
2023-01-11 20:00:00,0.0
2023-01-11 21:00:00,0.0
2023-01-11 22:00:00,0.0
2023-01-11 23:00:00,0.0
2023-01-12 00:00:00,0.0
2023-01-12 01:00:00,0.0
2023-01-12 02:00:00,0.0
2023-01-12 03:00:00,0.0
2023-01-12 04:00:00,0.0
2023-01-12 05:00:00,0.0
2023-01-12 06:00:00,0.0
2023-01-12 07:00:00,0.0
2023-01-12 08:00:00,12.356493506493505
2023-01-12 09:00:00,119.17805194805196
2023-01-12 10:00:00,307.7446753246753
2023-01-12 11:00:00,582.1803896103896
2023-01-12 12:00:00,668.6715584415584
2023-01-12 13:00:00,445.34285714285716
2023-01-12 14:00:00,225.5184415584416
2023-01-12 15:00:00,180.72532467532469
2023-01-12 16:00:00,20.35701298701299
2023-01-12 17:00:00,0.0
2023-01-12 18:00:00,0.0
2023-01-12 19:00:00,0.0
2023-01-12 20:00:00,0.0
2023-01-12 21:00:00,0.0
2023-01-12 22:00:00,0.0
2023-01-12 23:00:00,0.0
2023-01-13 00:00:00,0.0
2023-01-13 01:00:00,0.0
2023-01-13 02:00:00,0.0
2023-01-13 03:00:00,0.0
2023-01-13 04:00:00,0.0
2023-01-13 05:00:00,0.0
2023-01-13 06:00:00,0.0
2023-01-13 07:00:00,0.0
2023-01-13 08:00:00,12.808961038961039
2023-01-13 09:00:00,95.64337662337662
2023-01-13 10:00:00,378.88480519480515
2023-01-13 11:00:00,746.645064935065
2023-01-13 12:00:00,833.5663636363637
2023-01-13 13:00:00,801.2463636363636
2023-01-13 14:00:00,686.3028571428572
2023-01-13 15:00:00,254.33116883116884
2023-01-13 16:00:00,16.715064935064934
2023-01-13 17:00:00,0.0
2023-01-13 18:00:00,0.0
2023-01-13 19:00:00,0.0
2023-01-13 20:00:00,0.0
2023-01-13 21:00:00,0.0
2023-01-13 22:00:00,0.0
2023-01-13 23:00:00,0.0
2023-01-14 00:00:00,0.0
2023-01-14 01:00:00,0.0
2023-01-14 02:00:00,0.0
2023-01-14 03:00:00,0.0
2023-01-14 04:00:00,0.0
2023-01-14 05:00:00,0.0
2023-01-14 06:00:00,0.0
2023-01-14 07:00:00,0.0
2023-01-14 08:00:00,11.914935064935065
2023-01-14 09:00:00,122.23948051948052
2023-01-14 10:00:00,330.2267532467532
2023-01-14 11:00:00,572.3111688311689
2023-01-14 12:00:00,670.5085714285715
2023-01-14 13:00:00,429.0557142857143
2023-01-14 14:00:00,317.062987012987
2023-01-14 15:00:00,214.30389610389614
2023-01-14 16:00:00,18.534415584415587
2023-01-14 17:00:00,0.0
2023-01-14 18:00:00,0.0
2023-01-14 19:00:00,0.0
2023-01-14 20:00:00,0.0
2023-01-14 21:00:00,0.0
2023-01-14 22:00:00,0.0
2023-01-14 23:00:00,0.0
2023-01-15 00:00:00,0.0
2023-01-15 01:00:00,0.0
2023-01-15 02:00:00,0.0
2023-01-15 03:00:00,0.0
2023-01-15 04:00:00,0.0
2023-01-15 05:00:00,0.0
2023-01-15 06:00:00,0.0
2023-01-15 07:00:00,0.0
2023-01-15 08:00:00,9.73974025974026
2023-01-15 09:00:00,92.87194805194805
2023-01-15 10:00:00,215.74090909090907
2023-01-15 11:00:00,347.0435064935065
2023-01-15 12:00:00,289.6090909090909
2023-01-15 13:00:00,326.7232467532467
2023-01-15 14:00:00,154.50675324675325
2023-01-15 15:00:00,58.02623376623377
2023-01-15 16:00:00,12.03883116883117
2023-01-15 17:00:00,0.0
2023-01-15 18:00:00,0.0
2023-01-15 19:00:00,0.0
2023-01-15 20:00:00,0.0
2023-01-15 21:00:00,0.0
2023-01-15 22:00:00,0.0
2023-01-15 23:00:00,0.0
2023-01-16 00:00:00,0.0
2023-01-16 01:00:00,0.0
2023-01-16 02:00:00,0.0
2023-01-16 03:00:00,0.0
2023-01-16 04:00:00,0.0
2023-01-16 05:00:00,0.0
2023-01-16 06:00:00,0.0
2023-01-16 07:00:00,0.0
2023-01-16 08:00:00,16.380909090909093
2023-01-16 09:00:00,80.9051948051948
2023-01-16 10:00:00,108.09935064935064
2023-01-16 11:00:00,147.18064935064933
2023-01-16 12:00:00,485.42948051948053
2023-01-16 13:00:00,341.84506493506495
2023-01-16 14:00:00,200.04493506493506
2023-01-16 15:00:00,83.29597402597402
2023-01-16 16:00:00,22.016363636363636
2023-01-16 17:00:00,0.0
2023-01-16 18:00:00,0.0
2023-01-16 19:00:00,0.0
2023-01-16 20:00:00,0.0
2023-01-16 21:00:00,0.0
2023-01-16 22:00:00,0.0
2023-01-16 23:00:00,0.0
2023-01-17 00:00:00,0.0
2023-01-17 01:00:00,0.0
2023-01-17 02:00:00,0.0
2023-01-17 03:00:00,0.0
2023-01-17 04:00:00,0.0
2023-01-17 05:00:00,0.0
2023-01-17 06:00:00,0.0
2023-01-17 07:00:00,0.0
2023-01-17 08:00:00,14.864675324675323
2023-01-17 09:00:00,62.05285714285714
2023-01-17 10:00:00,146.23207792207793
2023-01-17 11:00:00,250.13779220779222
2023-01-17 12:00:00,271.17220779220776
2023-01-17 13:00:00,279.5964935064935
2023-01-17 14:00:00,273.78051948051944
2023-01-17 15:00:00,71.08857142857143
2023-01-17 16:00:00,18.88974025974026
2023-01-17 17:00:00,0.0
2023-01-17 18:00:00,0.0
2023-01-17 19:00:00,0.0
2023-01-17 20:00:00,0.0
2023-01-17 21:00:00,0.0
2023-01-17 22:00:00,0.0
2023-01-17 23:00:00,0.0
2023-01-18 00:00:00,0.0
2023-01-18 01:00:00,0.0
2023-01-18 02:00:00,0.0
2023-01-18 03:00:00,0.0
2023-01-18 04:00:00,0.0
2023-01-18 05:00:00,0.0
2023-01-18 06:00:00,0.0
2023-01-18 07:00:00,0.0
2023-01-18 08:00:00,10.703376623376624
2023-01-18 09:00:00,118.24922077922079
2023-01-18 10:00:00,325.21376623376625
2023-01-18 11:00:00,463.3792207792208
2023-01-18 12:00:00,498.575974025974
2023-01-18 13:00:00,468.5533766233766
2023-01-18 14:00:00,304.46233766233763
2023-01-18 15:00:00,163.84922077922076
2023-01-18 16:00:00,26.104805194805195
2023-01-18 17:00:00,0.0
2023-01-18 18:00:00,0.0
2023-01-18 19:00:00,0.0
2023-01-18 20:00:00,0.0
2023-01-18 21:00:00,0.0
2023-01-18 22:00:00,0.0
2023-01-18 23:00:00,0.0
2023-01-19 00:00:00,0.0
2023-01-19 01:00:00,0.0
2023-01-19 02:00:00,0.0
2023-01-19 03:00:00,0.0
2023-01-19 04:00:00,0.0
2023-01-19 05:00:00,0.0
2023-01-19 06:00:00,0.0
2023-01-19 07:00:00,0.0
2023-01-19 08:00:00,18.942337662337664
2023-01-19 09:00:00,118.41532467532467
2023-01-19 10:00:00,411.8122077922078
2023-01-19 11:00:00,676.4154545454546
2023-01-19 12:00:00,829.0401298701299
2023-01-19 13:00:00,803.1296103896103
2023-01-19 14:00:00,727.101948051948
2023-01-19 15:00:00,348.177012987013
2023-01-19 16:00:00,25.470259740259742
2023-01-19 17:00:00,0.0
2023-01-19 18:00:00,0.0
2023-01-19 19:00:00,0.0
2023-01-19 20:00:00,0.0
2023-01-19 21:00:00,0.0
2023-01-19 22:00:00,0.0
2023-01-19 23:00:00,0.0
2023-01-20 00:00:00,0.0
2023-01-20 01:00:00,0.0
2023-01-20 02:00:00,0.0
2023-01-20 03:00:00,0.0
2023-01-20 04:00:00,0.0
2023-01-20 05:00:00,0.0
2023-01-20 06:00:00,0.0
2023-01-20 07:00:00,0.0
2023-01-20 08:00:00,15.833116883116885
2023-01-20 09:00:00,147.39727272727274
2023-01-20 10:00:00,514.4809090909091
2023-01-20 11:00:00,749.6487012987012
2023-01-20 12:00:00,944.2248051948052
2023-01-20 13:00:00,934.8794805194806
2023-01-20 14:00:00,598.754935064935
2023-01-20 15:00:00,354.5177922077922
2023-01-20 16:00:00,28.5012987012987
2023-01-20 17:00:00,0.0
2023-01-20 18:00:00,0.0
2023-01-20 19:00:00,0.0
2023-01-20 20:00:00,0.0
2023-01-20 21:00:00,0.0
2023-01-20 22:00:00,0.0
2023-01-20 23:00:00,0.0
2023-01-21 00:00:00,0.0
2023-01-21 01:00:00,0.0
2023-01-21 02:00:00,0.0
2023-01-21 03:00:00,0.0
2023-01-21 04:00:00,0.0
2023-01-21 05:00:00,0.0
2023-01-21 06:00:00,0.0
2023-01-21 07:00:00,0.0
2023-01-21 08:00:00,16.976103896103897
2023-01-21 09:00:00,146.27493506493508
2023-01-21 10:00:00,525.4687012987013
2023-01-21 11:00:00,692.2346753246753
2023-01-21 12:00:00,799.7698701298701
2023-01-21 13:00:00,855.2318181818183
2023-01-21 14:00:00,659.4328571428571
2023-01-21 15:00:00,319.02870129870126
2023-01-21 16:00:00,37.80168831168831
2023-01-21 17:00:00,0.0
2023-01-21 18:00:00,0.0
2023-01-21 19:00:00,0.0
2023-01-21 20:00:00,0.0
2023-01-21 21:00:00,0.0
2023-01-21 22:00:00,0.0
2023-01-21 23:00:00,0.0
2023-01-22 00:00:00,0.0
2023-01-22 01:00:00,0.0
2023-01-22 02:00:00,0.0
2023-01-22 03:00:00,0.0
2023-01-22 04:00:00,0.0
2023-01-22 05:00:00,0.0
2023-01-22 06:00:00,0.0
2023-01-22 07:00:00,0.0
2023-01-22 08:00:00,19.49077922077922
2023-01-22 09:00:00,122.83532467532467
2023-01-22 10:00:00,470.1897402597403
2023-01-22 11:00:00,761.7553246753246
2023-01-22 12:00:00,844.2064935064935
2023-01-22 13:00:00,792.5855844155843
2023-01-22 14:00:00,694.7420779220779
2023-01-22 15:00:00,356.3472727272727
2023-01-22 16:00:00,47.99792207792208
2023-01-22 17:00:00,0.0
2023-01-22 18:00:00,0.0
2023-01-22 19:00:00,0.0
2023-01-22 20:00:00,0.0
2023-01-22 21:00:00,0.0
2023-01-22 22:00:00,0.0
2023-01-22 23:00:00,0.0
2023-01-23 00:00:00,0.0
2023-01-23 01:00:00,0.0
2023-01-23 02:00:00,0.0
2023-01-23 03:00:00,0.0
2023-01-23 04:00:00,0.0
2023-01-23 05:00:00,0.0
2023-01-23 06:00:00,0.0
2023-01-23 07:00:00,0.0
2023-01-23 08:00:00,18.244545454545452
2023-01-23 09:00:00,110.81000000000002
2023-01-23 10:00:00,210.77142857142857
2023-01-23 11:00:00,278.0424675324675
2023-01-23 12:00:00,246.28181818181818
2023-01-23 13:00:00,217.44454545454545
2023-01-23 14:00:00,240.63740259740257
2023-01-23 15:00:00,175.91155844155844
2023-01-23 16:00:00,46.997532467532466
2023-01-23 17:00:00,0.0
2023-01-23 18:00:00,0.0
2023-01-23 19:00:00,0.0
2023-01-23 20:00:00,0.0
2023-01-23 21:00:00,0.0
2023-01-23 22:00:00,0.0
2023-01-23 23:00:00,0.0
2023-01-24 00:00:00,0.0
2023-01-24 01:00:00,0.0
2023-01-24 02:00:00,0.0
2023-01-24 03:00:00,0.0
2023-01-24 04:00:00,0.0
2023-01-24 05:00:00,0.0
2023-01-24 06:00:00,0.0
2023-01-24 07:00:00,0.0
2023-01-24 08:00:00,16.40727272727273
2023-01-24 09:00:00,167.4096103896104
2023-01-24 10:00:00,550.1657142857143
2023-01-24 11:00:00,826.8174025974026
2023-01-24 12:00:00,787.8723376623377
2023-01-24 13:00:00,700.2846753246753
2023-01-24 14:00:00,650.4867532467533
2023-01-24 15:00:00,339.6605194805195
2023-01-24 16:00:00,84.69896103896103
2023-01-24 17:00:00,0.0
2023-01-24 18:00:00,0.0
2023-01-24 19:00:00,0.0
2023-01-24 20:00:00,0.0
2023-01-24 21:00:00,0.0
2023-01-24 22:00:00,0.0
2023-01-24 23:00:00,0.0
2023-01-25 00:00:00,0.0
2023-01-25 01:00:00,0.0
2023-01-25 02:00:00,0.0
2023-01-25 03:00:00,0.0
2023-01-25 04:00:00,0.0
2023-01-25 05:00:00,0.0
2023-01-25 06:00:00,0.0
2023-01-25 07:00:00,0.0
2023-01-25 08:00:00,18.904285714285717
2023-01-25 09:00:00,183.2564935064935
2023-01-25 10:00:00,703.929090909091
2023-01-25 11:00:00,924.5972727272728
2023-01-25 12:00:00,1026.4657142857143
2023-01-25 13:00:00,941.0123376623376
2023-01-25 14:00:00,596.1501298701298
2023-01-25 15:00:00,296.84999999999997
2023-01-25 16:00:00,59.117662337662345
2023-01-25 17:00:00,0.0
2023-01-25 18:00:00,0.0
2023-01-25 19:00:00,0.0
2023-01-25 20:00:00,0.0
2023-01-25 21:00:00,0.0
2023-01-25 22:00:00,0.0
2023-01-25 23:00:00,0.0
2023-01-26 00:00:00,0.0
2023-01-26 01:00:00,0.0
2023-01-26 02:00:00,0.0
2023-01-26 03:00:00,0.0
2023-01-26 04:00:00,0.0
2023-01-26 05:00:00,0.0
2023-01-26 06:00:00,0.0
2023-01-26 07:00:00,0.0
2023-01-26 08:00:00,18.53883116883117
2023-01-26 09:00:00,151.35662337662336
2023-01-26 10:00:00,421.0957142857143
2023-01-26 11:00:00,482.7280519480519
2023-01-26 12:00:00,595.2828571428571
2023-01-26 13:00:00,602.1277922077923
2023-01-26 14:00:00,489.25441558441554
2023-01-26 15:00:00,286.108961038961
2023-01-26 16:00:00,96.0187012987013
2023-01-26 17:00:00,0.0
2023-01-26 18:00:00,0.0
2023-01-26 19:00:00,0.0
2023-01-26 20:00:00,0.0
2023-01-26 21:00:00,0.0
2023-01-26 22:00:00,0.0
2023-01-26 23:00:00,0.0
2023-01-27 00:00:00,0.0
2023-01-27 01:00:00,0.0
2023-01-27 02:00:00,0.0
2023-01-27 03:00:00,0.0
2023-01-27 04:00:00,0.0
2023-01-27 05:00:00,0.0
2023-01-27 06:00:00,0.0
2023-01-27 07:00:00,0.0
2023-01-27 08:00:00,14.11831168831169
2023-01-27 09:00:00,174.67844155844156
2023-01-27 10:00:00,470.8444155844155
2023-01-27 11:00:00,610.6649350649351
2023-01-27 12:00:00,697.4355844155845
2023-01-27 13:00:00,717.5101298701298
2023-01-27 14:00:00,562.4436363636364
2023-01-27 15:00:00,213.3887012987013
2023-01-27 16:00:00,69.93714285714286
2023-01-27 17:00:00,0.0
2023-01-27 18:00:00,0.0
2023-01-27 19:00:00,0.0
2023-01-27 20:00:00,0.0
2023-01-27 21:00:00,0.0
2023-01-27 22:00:00,0.0
2023-01-27 23:00:00,0.0
2023-01-28 00:00:00,0.0
2023-01-28 01:00:00,0.0
2023-01-28 02:00:00,0.0
2023-01-28 03:00:00,0.0
2023-01-28 04:00:00,0.0
2023-01-28 05:00:00,0.0
2023-01-28 06:00:00,0.0
2023-01-28 07:00:00,0.0
2023-01-28 08:00:00,23.198701298701298
2023-01-28 09:00:00,159.47155844155844
2023-01-28 10:00:00,505.9010389610389
2023-01-28 11:00:00,659.012987012987
2023-01-28 12:00:00,881.238961038961
2023-01-28 13:00:00,850.808961038961
2023-01-28 14:00:00,775.9963636363636
2023-01-28 15:00:00,378.57584415584415
2023-01-28 16:00:00,156.84493506493507
2023-01-28 17:00:00,0.0
2023-01-28 18:00:00,0.0
2023-01-28 19:00:00,0.0
2023-01-28 20:00:00,0.0
2023-01-28 21:00:00,0.0
2023-01-28 22:00:00,0.0
2023-01-28 23:00:00,0.0
2023-01-29 00:00:00,0.0
2023-01-29 01:00:00,0.0
2023-01-29 02:00:00,0.0
2023-01-29 03:00:00,0.0
2023-01-29 04:00:00,0.0
2023-01-29 05:00:00,0.0
2023-01-29 06:00:00,0.0
2023-01-29 07:00:00,0.0
2023-01-29 08:00:00,26.246233766233768
2023-01-29 09:00:00,203.54272727272726
2023-01-29 10:00:00,657.768961038961
2023-01-29 11:00:00,909.0459740259739
2023-01-29 12:00:00,1003.0048051948052
2023-01-29 13:00:00,993.7372727272727
2023-01-29 14:00:00,807.5466233766233
2023-01-29 15:00:00,430.4679220779221
2023-01-29 16:00:00,142.43285714285713
2023-01-29 17:00:00,0.0
2023-01-29 18:00:00,0.0
2023-01-29 19:00:00,0.0
2023-01-29 20:00:00,0.0
2023-01-29 21:00:00,0.0
2023-01-29 22:00:00,0.0
2023-01-29 23:00:00,0.0
2023-01-30 00:00:00,0.0
2023-01-30 01:00:00,0.0
2023-01-30 02:00:00,0.0
2023-01-30 03:00:00,0.0
2023-01-30 04:00:00,0.0
2023-01-30 05:00:00,0.0
2023-01-30 06:00:00,0.0
2023-01-30 07:00:00,0.0
2023-01-30 08:00:00,36.07909090909091
2023-01-30 09:00:00,225.5042857142857
2023-01-30 10:00:00,735.6581818181818
2023-01-30 11:00:00,949.1538961038962
2023-01-30 12:00:00,1042.2274025974025
2023-01-30 13:00:00,1010.4297402597402
2023-01-30 14:00:00,865.7310389610388
2023-01-30 15:00:00,434.9885714285714
2023-01-30 16:00:00,188.83506493506493
2023-01-30 17:00:00,0.0
2023-01-30 18:00:00,0.0
2023-01-30 19:00:00,0.0
2023-01-30 20:00:00,0.0
2023-01-30 21:00:00,0.0
2023-01-30 22:00:00,0.0
2023-01-30 23:00:00,0.0
2023-01-31 00:00:00,0.0
2023-01-31 01:00:00,0.0
2023-01-31 02:00:00,0.0
2023-01-31 03:00:00,0.0
2023-01-31 04:00:00,0.0
2023-01-31 05:00:00,0.0
2023-01-31 06:00:00,0.0
2023-01-31 07:00:00,0.0
2023-01-31 08:00:00,38.633896103896106
2023-01-31 09:00:00,214.53675324675328
2023-01-31 10:00:00,648.3101298701299
2023-01-31 11:00:00,944.3911688311688
2023-01-31 12:00:00,976.9606493506494
2023-01-31 13:00:00,993.1475324675325
2023-01-31 14:00:00,849.1118181818182
2023-01-31 15:00:00,439.75415584415583
2023-01-31 16:00:00,168.9864935064935
2023-01-31 17:00:00,0.0
2023-01-31 18:00:00,0.0
2023-01-31 19:00:00,0.0
2023-01-31 20:00:00,0.0
2023-01-31 21:00:00,0.0
2023-01-31 22:00:00,0.0
2023-01-31 23:00:00,0.0
2023-02-01 00:00:00,0.0
2023-02-01 01:00:00,0.0
2023-02-01 02:00:00,0.0
2023-02-01 03:00:00,0.0
2023-02-01 04:00:00,0.0
2023-02-01 05:00:00,0.0
2023-02-01 06:00:00,0.0
2023-02-01 07:00:00,0.0
2023-02-01 08:00:00,40.78584415584416
2023-02-01 09:00:00,222.5364935064935
2023-02-01 10:00:00,651.4633766233766
2023-02-01 11:00:00,840.7633766233766
2023-02-01 12:00:00,982.4477922077922
2023-02-01 13:00:00,998.6085714285714
2023-02-01 14:00:00,898.8229870129869
2023-02-01 15:00:00,427.3364935064935
2023-02-01 16:00:00,207.53688311688313
2023-02-01 17:00:00,0.0
2023-02-01 18:00:00,0.0
2023-02-01 19:00:00,0.0
2023-02-01 20:00:00,0.0
2023-02-01 21:00:00,0.0
2023-02-01 22:00:00,0.0
2023-02-01 23:00:00,0.0
2023-02-02 00:00:00,0.0
2023-02-02 01:00:00,0.0
2023-02-02 02:00:00,0.0
2023-02-02 03:00:00,0.0
2023-02-02 04:00:00,0.0
2023-02-02 05:00:00,0.0
2023-02-02 06:00:00,0.0
2023-02-02 07:00:00,0.0
2023-02-02 08:00:00,32.57597402597403
2023-02-02 09:00:00,148.65051948051948
2023-02-02 10:00:00,487.9737662337663
2023-02-02 11:00:00,631.5931168831169
2023-02-02 12:00:00,736.9720779220779
2023-02-02 13:00:00,697.9437662337662
2023-02-02 14:00:00,574.622987012987
2023-02-02 15:00:00,357.0387012987013
2023-02-02 16:00:00,160.6348051948052
2023-02-02 17:00:00,0.0
2023-02-02 18:00:00,0.0
2023-02-02 19:00:00,0.0
2023-02-02 20:00:00,0.0
2023-02-02 21:00:00,0.0
2023-02-02 22:00:00,0.0
2023-02-02 23:00:00,0.0
2023-02-03 00:00:00,0.0
2023-02-03 01:00:00,0.0
2023-02-03 02:00:00,0.0
2023-02-03 03:00:00,0.0
2023-02-03 04:00:00,0.0
2023-02-03 05:00:00,0.0
2023-02-03 06:00:00,0.0
2023-02-03 07:00:00,0.0
2023-02-03 08:00:00,45.848181818181814
2023-02-03 09:00:00,231.25038961038965
2023-02-03 10:00:00,737.707922077922
2023-02-03 11:00:00,954.4145454545454
2023-02-03 12:00:00,1022.2496103896104
2023-02-03 13:00:00,1021.1161038961039
2023-02-03 14:00:00,881.9668831168831
2023-02-03 15:00:00,494.29597402597403
2023-02-03 16:00:00,218.18766233766235
2023-02-03 17:00:00,0.0
2023-02-03 18:00:00,0.0
2023-02-03 19:00:00,0.0
2023-02-03 20:00:00,0.0
2023-02-03 21:00:00,0.0
2023-02-03 22:00:00,0.0
2023-02-03 23:00:00,0.0
2023-02-04 00:00:00,0.0
2023-02-04 01:00:00,0.0
2023-02-04 02:00:00,0.0
2023-02-04 03:00:00,0.0
2023-02-04 04:00:00,0.0
2023-02-04 05:00:00,0.0
2023-02-04 06:00:00,0.0
2023-02-04 07:00:00,0.0
2023-02-04 08:00:00,27.082467532467533
2023-02-04 09:00:00,110.28571428571429
2023-02-04 10:00:00,275.9676623376623
2023-02-04 11:00:00,361.20103896103893
2023-02-04 12:00:00,428.2811688311688
2023-02-04 13:00:00,539.4902597402597
2023-02-04 14:00:00,470.3963636363636
2023-02-04 15:00:00,261.9963636363636
2023-02-04 16:00:00,123.46623376623376
2023-02-04 17:00:00,4.988441558441559
2023-02-04 18:00:00,0.0
2023-02-04 19:00:00,0.0
2023-02-04 20:00:00,0.0
2023-02-04 21:00:00,0.0
2023-02-04 22:00:00,0.0
2023-02-04 23:00:00,0.0
2023-02-05 00:00:00,0.0
2023-02-05 01:00:00,0.0
2023-02-05 02:00:00,0.0
2023-02-05 03:00:00,0.0
2023-02-05 04:00:00,0.0
2023-02-05 05:00:00,0.0
2023-02-05 06:00:00,0.0
2023-02-05 07:00:00,0.0
2023-02-05 08:00:00,44.74311688311688
2023-02-05 09:00:00,201.87818181818182
2023-02-05 10:00:00,616.6345454545454
2023-02-05 11:00:00,839.8579220779221
2023-02-05 12:00:00,910.1559740259739
2023-02-05 13:00:00,692.7446753246753
2023-02-05 14:00:00,554.248961038961
2023-02-05 15:00:00,304.3309090909091
2023-02-05 16:00:00,142.32467532467533
2023-02-05 17:00:00,4.408441558441559
2023-02-05 18:00:00,0.0
2023-02-05 19:00:00,0.0
2023-02-05 20:00:00,0.0
2023-02-05 21:00:00,0.0
2023-02-05 22:00:00,0.0
2023-02-05 23:00:00,0.0
2023-02-06 00:00:00,0.0
2023-02-06 01:00:00,0.0
2023-02-06 02:00:00,0.0
2023-02-06 03:00:00,0.0
2023-02-06 04:00:00,0.0
2023-02-06 05:00:00,0.0
2023-02-06 06:00:00,0.0
2023-02-06 07:00:00,0.0
2023-02-06 08:00:00,38.86805194805195
2023-02-06 09:00:00,181.30194805194805
2023-02-06 10:00:00,553.8846753246753
2023-02-06 11:00:00,792.017012987013
2023-02-06 12:00:00,785.070909090909
2023-02-06 13:00:00,750.9424675324675
2023-02-06 14:00:00,595.6825974025974
2023-02-06 15:00:00,406.082987012987
2023-02-06 16:00:00,168.13376623376624
2023-02-06 17:00:00,4.570129870129871
2023-02-06 18:00:00,0.0
2023-02-06 19:00:00,0.0
2023-02-06 20:00:00,0.0
2023-02-06 21:00:00,0.0
2023-02-06 22:00:00,0.0
2023-02-06 23:00:00,0.0
2023-02-07 00:00:00,0.0
2023-02-07 01:00:00,0.0
2023-02-07 02:00:00,0.0
2023-02-07 03:00:00,0.0
2023-02-07 04:00:00,0.0
2023-02-07 05:00:00,0.0
2023-02-07 06:00:00,0.0
2023-02-07 07:00:00,0.0
2023-02-07 08:00:00,50.83922077922078
2023-02-07 09:00:00,234.12428571428572
2023-02-07 10:00:00,688.1696103896104
2023-02-07 11:00:00,957.3055844155843
2023-02-07 12:00:00,1091.4241558441558
2023-02-07 13:00:00,1064.0618181818184
2023-02-07 14:00:00,926.5024675324676
2023-02-07 15:00:00,563.9187012987013
2023-02-07 16:00:00,236.3712987012987
2023-02-07 17:00:00,6.864805194805196
2023-02-07 18:00:00,0.0
2023-02-07 19:00:00,0.0
2023-02-07 20:00:00,0.0
2023-02-07 21:00:00,0.0
2023-02-07 22:00:00,0.0
2023-02-07 23:00:00,0.0
2023-02-08 00:00:00,0.0
2023-02-08 01:00:00,0.0
2023-02-08 02:00:00,0.0
2023-02-08 03:00:00,0.0
2023-02-08 04:00:00,0.0
2023-02-08 05:00:00,0.0
2023-02-08 06:00:00,0.0
2023-02-08 07:00:00,0.0
2023-02-08 08:00:00,52.56077922077922
2023-02-08 09:00:00,262.79844155844154
2023-02-08 10:00:00,770.3368831168831
2023-02-08 11:00:00,986.2605194805194
2023-02-08 12:00:00,1045.5105194805194
2023-02-08 13:00:00,1045.1271428571429
2023-02-08 14:00:00,851.5197402597403
2023-02-08 15:00:00,450.5224675324676
2023-02-08 16:00:00,209.24129870129872
2023-02-08 17:00:00,7.529090909090909
2023-02-08 18:00:00,0.0
2023-02-08 19:00:00,0.0
2023-02-08 20:00:00,0.0
2023-02-08 21:00:00,0.0
2023-02-08 22:00:00,0.0
2023-02-08 23:00:00,0.0
2023-02-09 00:00:00,0.0
2023-02-09 01:00:00,0.0
2023-02-09 02:00:00,0.0
2023-02-09 03:00:00,0.0
2023-02-09 04:00:00,0.0
2023-02-09 05:00:00,0.0
2023-02-09 06:00:00,0.0
2023-02-09 07:00:00,0.0
2023-02-09 08:00:00,48.07272727272727
2023-02-09 09:00:00,271.5803896103896
2023-02-09 10:00:00,631.1390909090909
2023-02-09 11:00:00,870.4098701298701
2023-02-09 12:00:00,812.6201298701299
2023-02-09 13:00:00,979.8081818181818
2023-02-09 14:00:00,854.5718181818181
2023-02-09 15:00:00,548.854935064935
2023-02-09 16:00:00,242.33441558441558
2023-02-09 17:00:00,8.232727272727274
2023-02-09 18:00:00,0.0
2023-02-09 19:00:00,0.0
2023-02-09 20:00:00,0.0
2023-02-09 21:00:00,0.0
2023-02-09 22:00:00,0.0
2023-02-09 23:00:00,0.0
2023-02-10 00:00:00,0.0
2023-02-10 01:00:00,0.0
2023-02-10 02:00:00,0.0
2023-02-10 03:00:00,0.0
2023-02-10 04:00:00,0.0
2023-02-10 05:00:00,0.0
2023-02-10 06:00:00,0.0
2023-02-10 07:00:00,0.0
2023-02-10 08:00:00,62.88428571428572
2023-02-10 09:00:00,307.0420779220779
2023-02-10 10:00:00,800.1641558441559
2023-02-10 11:00:00,995.8551948051949
2023-02-10 12:00:00,1093.2397402597403
2023-02-10 13:00:00,1064.4967532467533
2023-02-10 14:00:00,931.165974025974
2023-02-10 15:00:00,612.9718181818182
2023-02-10 16:00:00,254.9776623376623
2023-02-10 17:00:00,8.654805194805194
2023-02-10 18:00:00,0.0
2023-02-10 19:00:00,0.0
2023-02-10 20:00:00,0.0
2023-02-10 21:00:00,0.0
2023-02-10 22:00:00,0.0
2023-02-10 23:00:00,0.0
2023-02-11 00:00:00,0.0
2023-02-11 01:00:00,0.0
2023-02-11 02:00:00,0.0
2023-02-11 03:00:00,0.0
2023-02-11 04:00:00,0.0
2023-02-11 05:00:00,0.0
2023-02-11 06:00:00,0.0
2023-02-11 07:00:00,0.0
2023-02-11 08:00:00,65.06974025974026
2023-02-11 09:00:00,284.6027272727273
2023-02-11 10:00:00,745.7290909090909
2023-02-11 11:00:00,968.8602597402598
2023-02-11 12:00:00,1021.1322077922079
2023-02-11 13:00:00,1026.621168831169
2023-02-11 14:00:00,890.092987012987
2023-02-11 15:00:00,592.7702597402598
2023-02-11 16:00:00,246.4857142857143
2023-02-11 17:00:00,8.99883116883117
2023-02-11 18:00:00,0.0
2023-02-11 19:00:00,0.0
2023-02-11 20:00:00,0.0
2023-02-11 21:00:00,0.0
2023-02-11 22:00:00,0.0
2023-02-11 23:00:00,0.0
2023-02-12 00:00:00,0.0
2023-02-12 01:00:00,0.0
2023-02-12 02:00:00,0.0
2023-02-12 03:00:00,0.0
2023-02-12 04:00:00,0.0
2023-02-12 05:00:00,0.0
2023-02-12 06:00:00,0.0
2023-02-12 07:00:00,0.0
2023-02-12 08:00:00,66.50506493506492
2023-02-12 09:00:00,316.40844155844155
2023-02-12 10:00:00,793.0277922077922
2023-02-12 11:00:00,984.4055844155844
2023-02-12 12:00:00,1060.1687012987013
2023-02-12 13:00:00,1030.199090909091
2023-02-12 14:00:00,901.0103896103897
2023-02-12 15:00:00,602.9549350649351
2023-02-12 16:00:00,258.2487012987013
2023-02-12 17:00:00,9.700909090909091
2023-02-12 18:00:00,0.0
2023-02-12 19:00:00,0.0
2023-02-12 20:00:00,0.0
2023-02-12 21:00:00,0.0
2023-02-12 22:00:00,0.0
2023-02-12 23:00:00,0.0
2023-02-13 00:00:00,0.0
2023-02-13 01:00:00,0.0
2023-02-13 02:00:00,0.0
2023-02-13 03:00:00,0.0
2023-02-13 04:00:00,0.0
2023-02-13 05:00:00,0.0
2023-02-13 06:00:00,0.0
2023-02-13 07:00:00,0.0
2023-02-13 08:00:00,67.26298701298701
2023-02-13 09:00:00,315.74792207792206
2023-02-13 10:00:00,798.2358441558442
2023-02-13 11:00:00,1001.0931168831169
2023-02-13 12:00:00,1094.552987012987
2023-02-13 13:00:00,1050.736753246753
2023-02-13 14:00:00,919.3872727272728
2023-02-13 15:00:00,619.265064935065
2023-02-13 16:00:00,273.5511688311688
2023-02-13 17:00:00,10.489090909090908
2023-02-13 18:00:00,0.0
2023-02-13 19:00:00,0.0
2023-02-13 20:00:00,0.0
2023-02-13 21:00:00,0.0
2023-02-13 22:00:00,0.0
2023-02-13 23:00:00,0.0
2023-02-14 00:00:00,0.0
2023-02-14 01:00:00,0.0
2023-02-14 02:00:00,0.0
2023-02-14 03:00:00,0.0
2023-02-14 04:00:00,0.0
2023-02-14 05:00:00,0.0
2023-02-14 06:00:00,0.0
2023-02-14 07:00:00,0.0
2023-02-14 08:00:00,70.54454545454544
2023-02-14 09:00:00,335.4616883116883
2023-02-14 10:00:00,788.5514285714286
2023-02-14 11:00:00,1015.9390909090909
2023-02-14 12:00:00,1108.0725974025975
2023-02-14 13:00:00,1075.2418181818182
2023-02-14 14:00:00,929.6050649350649
2023-02-14 15:00:00,625.4758441558441
2023-02-14 16:00:00,278.5524675324675
2023-02-14 17:00:00,11.146883116883117
2023-02-14 18:00:00,0.0
2023-02-14 19:00:00,0.0
2023-02-14 20:00:00,0.0
2023-02-14 21:00:00,0.0
2023-02-14 22:00:00,0.0
2023-02-14 23:00:00,0.0
2023-02-15 00:00:00,0.0
2023-02-15 01:00:00,0.0
2023-02-15 02:00:00,0.0
2023-02-15 03:00:00,0.0
2023-02-15 04:00:00,0.0
2023-02-15 05:00:00,0.0
2023-02-15 06:00:00,0.0
2023-02-15 07:00:00,0.0
2023-02-15 08:00:00,72.3503896103896
2023-02-15 09:00:00,362.3172727272727
2023-02-15 10:00:00,826.9124675324675
2023-02-15 11:00:00,1007.2083116883116
2023-02-15 12:00:00,1096.9827272727273
2023-02-15 13:00:00,1067.7892207792206
2023-02-15 14:00:00,922.8349350649349
2023-02-15 15:00:00,657.321038961039
2023-02-15 16:00:00,277.0715584415584
2023-02-15 17:00:00,11.636883116883116
2023-02-15 18:00:00,0.0
2023-02-15 19:00:00,0.0
2023-02-15 20:00:00,0.0
2023-02-15 21:00:00,0.0
2023-02-15 22:00:00,0.0
2023-02-15 23:00:00,0.0
2023-02-16 00:00:00,0.0
2023-02-16 01:00:00,0.0
2023-02-16 02:00:00,0.0
2023-02-16 03:00:00,0.0
2023-02-16 04:00:00,0.0
2023-02-16 05:00:00,0.0
2023-02-16 06:00:00,0.0
2023-02-16 07:00:00,0.0
2023-02-16 08:00:00,73.53818181818183
2023-02-16 09:00:00,328.48883116883115
2023-02-16 10:00:00,808.0338961038962
2023-02-16 11:00:00,1018.7437662337663
2023-02-16 12:00:00,1111.354805194805
2023-02-16 13:00:00,1080.6190909090908
2023-02-16 14:00:00,949.7215584415584
2023-02-16 15:00:00,706.2222077922078
2023-02-16 16:00:00,278.61766233766235
2023-02-16 17:00:00,14.22116883116883
2023-02-16 18:00:00,0.0
2023-02-16 19:00:00,0.0
2023-02-16 20:00:00,0.0
2023-02-16 21:00:00,0.0
2023-02-16 22:00:00,0.0
2023-02-16 23:00:00,0.0
2023-02-17 00:00:00,0.0
2023-02-17 01:00:00,0.0
2023-02-17 02:00:00,0.0
2023-02-17 03:00:00,0.0
2023-02-17 04:00:00,0.0
2023-02-17 05:00:00,0.0
2023-02-17 06:00:00,0.0
2023-02-17 07:00:00,0.0
2023-02-17 08:00:00,58.092727272727274
2023-02-17 09:00:00,245.7812987012987
2023-02-17 10:00:00,571.6838961038961
2023-02-17 11:00:00,746.1892207792208
2023-02-17 12:00:00,793.8884415584415
2023-02-17 13:00:00,759.0237662337663
2023-02-17 14:00:00,695.2776623376623
2023-02-17 15:00:00,542.558961038961
2023-02-17 16:00:00,242.22155844155847
2023-02-17 17:00:00,13.406363636363636
2023-02-17 18:00:00,0.0
2023-02-17 19:00:00,0.0
2023-02-17 20:00:00,0.0
2023-02-17 21:00:00,0.0
2023-02-17 22:00:00,0.0
2023-02-17 23:00:00,0.0
2023-02-18 00:00:00,0.0
2023-02-18 01:00:00,0.0
2023-02-18 02:00:00,0.0
2023-02-18 03:00:00,0.0
2023-02-18 04:00:00,0.0
2023-02-18 05:00:00,0.0
2023-02-18 06:00:00,0.0
2023-02-18 07:00:00,0.0
2023-02-18 08:00:00,73.5577922077922
2023-02-18 09:00:00,370.18324675324675
2023-02-18 10:00:00,824.2931168831169
2023-02-18 11:00:00,961.0789610389611
2023-02-18 12:00:00,1031.8570129870131
2023-02-18 13:00:00,1008.0372727272727
2023-02-18 14:00:00,902.1137662337661
2023-02-18 15:00:00,644.8435064935065
2023-02-18 16:00:00,270.22402597402595
2023-02-18 17:00:00,15.415064935064935
2023-02-18 18:00:00,0.0
2023-02-18 19:00:00,0.0
2023-02-18 20:00:00,0.0
2023-02-18 21:00:00,0.0
2023-02-18 22:00:00,0.0
2023-02-18 23:00:00,0.0
2023-02-19 00:00:00,0.0
2023-02-19 01:00:00,0.0
2023-02-19 02:00:00,0.0
2023-02-19 03:00:00,0.0
2023-02-19 04:00:00,0.0
2023-02-19 05:00:00,0.0
2023-02-19 06:00:00,0.0
2023-02-19 07:00:00,0.0
2023-02-19 08:00:00,62.89636363636363
2023-02-19 09:00:00,335.2453246753247
2023-02-19 10:00:00,728.5497402597402
2023-02-19 11:00:00,851.3918181818182
2023-02-19 12:00:00,947.7337662337662
2023-02-19 13:00:00,989.1954545454546
2023-02-19 14:00:00,949.0224675324674
2023-02-19 15:00:00,683.9201298701298
2023-02-19 16:00:00,291.46649350649346
2023-02-19 17:00:00,14.684805194805195
2023-02-19 18:00:00,0.0
2023-02-19 19:00:00,0.0
2023-02-19 20:00:00,0.0
2023-02-19 21:00:00,0.0
2023-02-19 22:00:00,0.0
2023-02-19 23:00:00,0.0
2023-02-20 00:00:00,0.0
2023-02-20 01:00:00,0.0
2023-02-20 02:00:00,0.0
2023-02-20 03:00:00,0.0
2023-02-20 04:00:00,0.0
2023-02-20 05:00:00,0.0
2023-02-20 06:00:00,0.0
2023-02-20 07:00:00,6.500649350649351
2023-02-20 08:00:00,75.54883116883117
2023-02-20 09:00:00,359.6711688311688
2023-02-20 10:00:00,835.0097402597403
2023-02-20 11:00:00,978.8293506493507
2023-02-20 12:00:00,1064.3909090909092
2023-02-20 13:00:00,1029.2867532467533
2023-02-20 14:00:00,876.2327272727273
2023-02-20 15:00:00,652.6115584415584
2023-02-20 16:00:00,265.9877922077922
2023-02-20 17:00:00,16.746753246753247
2023-02-20 18:00:00,0.0
2023-02-20 19:00:00,0.0
2023-02-20 20:00:00,0.0
2023-02-20 21:00:00,0.0
2023-02-20 22:00:00,0.0
2023-02-20 23:00:00,0.0
2023-02-21 00:00:00,0.0
2023-02-21 01:00:00,0.0
2023-02-21 02:00:00,0.0
2023-02-21 03:00:00,0.0
2023-02-21 04:00:00,0.0
2023-02-21 05:00:00,0.0
2023-02-21 06:00:00,0.0
2023-02-21 07:00:00,6.1463636363636365
2023-02-21 08:00:00,66.76493506493507
2023-02-21 09:00:00,331.7522077922078
2023-02-21 10:00:00,641.5937662337661
2023-02-21 11:00:00,841.5898701298702
2023-02-21 12:00:00,817.4972727272727
2023-02-21 13:00:00,815.6107792207792
2023-02-21 14:00:00,773.4928571428572
2023-02-21 15:00:00,541.8657142857144
2023-02-21 16:00:00,228.11675324675326
2023-02-21 17:00:00,40.18909090909091
2023-02-21 18:00:00,0.0
2023-02-21 19:00:00,0.0
2023-02-21 20:00:00,0.0
2023-02-21 21:00:00,0.0
2023-02-21 22:00:00,0.0
2023-02-21 23:00:00,0.0
2023-02-22 00:00:00,0.0
2023-02-22 01:00:00,0.0
2023-02-22 02:00:00,0.0
2023-02-22 03:00:00,0.0
2023-02-22 04:00:00,0.0
2023-02-22 05:00:00,0.0
2023-02-22 06:00:00,0.0
2023-02-22 07:00:00,5.465974025974026
2023-02-22 08:00:00,50.33
2023-02-22 09:00:00,262.12740259740264
2023-02-22 10:00:00,491.12896103896105
2023-02-22 11:00:00,531.5084415584416
2023-02-22 12:00:00,408.10532467532465
2023-02-22 13:00:00,513.8418181818182
2023-02-22 14:00:00,225.37207792207795
2023-02-22 15:00:00,127.32454545454546
2023-02-22 16:00:00,75.16142857142857
2023-02-22 17:00:00,14.91844155844156
2023-02-22 18:00:00,0.0
2023-02-22 19:00:00,0.0
2023-02-22 20:00:00,0.0
2023-02-22 21:00:00,0.0
2023-02-22 22:00:00,0.0
2023-02-22 23:00:00,0.0
2023-02-23 00:00:00,0.0
2023-02-23 01:00:00,0.0
2023-02-23 02:00:00,0.0
2023-02-23 03:00:00,0.0
2023-02-23 04:00:00,0.0
2023-02-23 05:00:00,0.0
2023-02-23 06:00:00,0.0
2023-02-23 07:00:00,8.469999999999999
2023-02-23 08:00:00,77.63467532467533
2023-02-23 09:00:00,313.4802597402597
2023-02-23 10:00:00,615.0838961038961
2023-02-23 11:00:00,694.1054545454546
2023-02-23 12:00:00,672.6151948051948
2023-02-23 13:00:00,597.5809090909091
2023-02-23 14:00:00,509.21285714285716
2023-02-23 15:00:00,406.5518181818182
2023-02-23 16:00:00,114.23311688311689
2023-02-23 17:00:00,33.19792207792207
2023-02-23 18:00:00,0.0
2023-02-23 19:00:00,0.0
2023-02-23 20:00:00,0.0
2023-02-23 21:00:00,0.0
2023-02-23 22:00:00,0.0
2023-02-23 23:00:00,0.0
2023-02-24 00:00:00,0.0
2023-02-24 01:00:00,0.0
2023-02-24 02:00:00,0.0
2023-02-24 03:00:00,0.0
2023-02-24 04:00:00,0.0
2023-02-24 05:00:00,0.0
2023-02-24 06:00:00,0.0
2023-02-24 07:00:00,8.941948051948053
2023-02-24 08:00:00,63.59961038961039
2023-02-24 09:00:00,220.26428571428573
2023-02-24 10:00:00,405.55805194805197
2023-02-24 11:00:00,531.0248051948051
2023-02-24 12:00:00,617.09
2023-02-24 13:00:00,701.0211688311688
2023-02-24 14:00:00,757.985974025974
2023-02-24 15:00:00,513.2188311688311
2023-02-24 16:00:00,225.16428571428568
2023-02-24 17:00:00,37.11194805194805
2023-02-24 18:00:00,0.0
2023-02-24 19:00:00,0.0
2023-02-24 20:00:00,0.0
2023-02-24 21:00:00,0.0
2023-02-24 22:00:00,0.0
2023-02-24 23:00:00,0.0
2023-02-25 00:00:00,0.0
2023-02-25 01:00:00,0.0
2023-02-25 02:00:00,0.0
2023-02-25 03:00:00,0.0
2023-02-25 04:00:00,0.0
2023-02-25 05:00:00,0.0
2023-02-25 06:00:00,0.0
2023-02-25 07:00:00,8.316623376623376
2023-02-25 08:00:00,66.66090909090909
2023-02-25 09:00:00,272.6448051948052
2023-02-25 10:00:00,691.361948051948
2023-02-25 11:00:00,906.1612987012987
2023-02-25 12:00:00,927.3672727272727
2023-02-25 13:00:00,942.7115584415584
2023-02-25 14:00:00,774.1842857142857
2023-02-25 15:00:00,563.0780519480519
2023-02-25 16:00:00,242.8996103896104
2023-02-25 17:00:00,50.42597402597402
2023-02-25 18:00:00,0.0
2023-02-25 19:00:00,0.0
2023-02-25 20:00:00,0.0
2023-02-25 21:00:00,0.0
2023-02-25 22:00:00,0.0
2023-02-25 23:00:00,0.0
2023-02-26 00:00:00,0.0
2023-02-26 01:00:00,0.0
2023-02-26 02:00:00,0.0
2023-02-26 03:00:00,0.0
2023-02-26 04:00:00,0.0
2023-02-26 05:00:00,0.0
2023-02-26 06:00:00,0.0
2023-02-26 07:00:00,12.461558441558442
2023-02-26 08:00:00,85.24000000000001
2023-02-26 09:00:00,239.79805194805195
2023-02-26 10:00:00,347.5736363636364
2023-02-26 11:00:00,411.13051948051947
2023-02-26 12:00:00,402.41220779220777
2023-02-26 13:00:00,308.4141558441558
2023-02-26 14:00:00,358.30168831168834
2023-02-26 15:00:00,272.1296103896104
2023-02-26 16:00:00,91.78363636363635
2023-02-26 17:00:00,21.34194805194805
2023-02-26 18:00:00,0.0
2023-02-26 19:00:00,0.0
2023-02-26 20:00:00,0.0
2023-02-26 21:00:00,0.0
2023-02-26 22:00:00,0.0
2023-02-26 23:00:00,0.0
2023-02-27 00:00:00,0.0
2023-02-27 01:00:00,0.0
2023-02-27 02:00:00,0.0
2023-02-27 03:00:00,0.0
2023-02-27 04:00:00,0.0
2023-02-27 05:00:00,0.0
2023-02-27 06:00:00,0.0
2023-02-27 07:00:00,14.097272727272728
2023-02-27 08:00:00,80.9012987012987
2023-02-27 09:00:00,305.67610389610394
2023-02-27 10:00:00,623.4512987012987
2023-02-27 11:00:00,762.8233766233766
2023-02-27 12:00:00,785.0155844155844
2023-02-27 13:00:00,811.0348051948052
2023-02-27 14:00:00,514.7003896103896
2023-02-27 15:00:00,519.7831168831169
2023-02-27 16:00:00,194.46272727272725
2023-02-27 17:00:00,51.29948051948052
2023-02-27 18:00:00,0.0
2023-02-27 19:00:00,0.0
2023-02-27 20:00:00,0.0
2023-02-27 21:00:00,0.0
2023-02-27 22:00:00,0.0
2023-02-27 23:00:00,0.0
2023-02-28 00:00:00,0.0
2023-02-28 01:00:00,0.0
2023-02-28 02:00:00,0.0
2023-02-28 03:00:00,0.0
2023-02-28 04:00:00,0.0
2023-02-28 05:00:00,0.0
2023-02-28 06:00:00,0.0
2023-02-28 07:00:00,12.907792207792209
2023-02-28 08:00:00,81.60792207792208
2023-02-28 09:00:00,422.5766233766234
2023-02-28 10:00:00,691.478051948052
2023-02-28 11:00:00,903.6122077922078
2023-02-28 12:00:00,984.7055844155844
2023-02-28 13:00:00,932.0735064935066
2023-02-28 14:00:00,853.0042857142857
2023-02-28 15:00:00,511.1246753246753
2023-02-28 16:00:00,267.31987012987014
2023-02-28 17:00:00,68.94025974025973
2023-02-28 18:00:00,0.0
2023-02-28 19:00:00,0.0
2023-02-28 20:00:00,0.0
2023-02-28 21:00:00,0.0
2023-02-28 22:00:00,0.0
2023-02-28 23:00:00,0.0
2023-03-01 00:00:00,0.0
2023-03-01 01:00:00,0.0
2023-03-01 02:00:00,0.0
2023-03-01 03:00:00,0.0
2023-03-01 04:00:00,0.0
2023-03-01 05:00:00,0.0
2023-03-01 06:00:00,0.0
2023-03-01 07:00:00,15.562337662337661
2023-03-01 08:00:00,107.31675324675324
2023-03-01 09:00:00,488.005974025974
2023-03-01 10:00:00,676.7024675324676
2023-03-01 11:00:00,772.6672727272727
2023-03-01 12:00:00,862.4419480519481
2023-03-01 13:00:00,819.6531168831169
2023-03-01 14:00:00,604.7123376623376
2023-03-01 15:00:00,365.37987012987014
2023-03-01 16:00:00,127.72025974025973
2023-03-01 17:00:00,34.40701298701299
2023-03-01 18:00:00,0.0
2023-03-01 19:00:00,0.0
2023-03-01 20:00:00,0.0
2023-03-01 21:00:00,0.0
2023-03-01 22:00:00,0.0
2023-03-01 23:00:00,0.0
2023-03-02 00:00:00,0.0
2023-03-02 01:00:00,0.0
2023-03-02 02:00:00,0.0
2023-03-02 03:00:00,0.0
2023-03-02 04:00:00,0.0
2023-03-02 05:00:00,0.0
2023-03-02 06:00:00,0.0
2023-03-02 07:00:00,19.10935064935065
2023-03-02 08:00:00,96.08454545454545
2023-03-02 09:00:00,372.1888311688312
2023-03-02 10:00:00,745.3535064935065
2023-03-02 11:00:00,1008.6706493506493
2023-03-02 12:00:00,1096.6085714285714
2023-03-02 13:00:00,1024.6836363636364
2023-03-02 14:00:00,903.5427272727272
2023-03-02 15:00:00,719.0874025974025
2023-03-02 16:00:00,291.0968831168831
2023-03-02 17:00:00,80.80077922077922
2023-03-02 18:00:00,0.0
2023-03-02 19:00:00,0.0
2023-03-02 20:00:00,0.0
2023-03-02 21:00:00,0.0
2023-03-02 22:00:00,0.0
2023-03-02 23:00:00,0.0
2023-03-03 00:00:00,0.0
2023-03-03 01:00:00,0.0
2023-03-03 02:00:00,0.0
2023-03-03 03:00:00,0.0
2023-03-03 04:00:00,0.0
2023-03-03 05:00:00,0.0
2023-03-03 06:00:00,0.0
2023-03-03 07:00:00,21.385454545454547
2023-03-03 08:00:00,108.86727272727273
2023-03-03 09:00:00,635.6241558441558
2023-03-03 10:00:00,878.7390909090909
2023-03-03 11:00:00,1030.682727272727
2023-03-03 12:00:00,1108.247922077922
2023-03-03 13:00:00,1071.6566233766234
2023-03-03 14:00:00,947.8557142857143
2023-03-03 15:00:00,753.86
2023-03-03 16:00:00,348.6144155844156
2023-03-03 17:00:00,82.19792207792207
2023-03-03 18:00:00,0.0
2023-03-03 19:00:00,0.0
2023-03-03 20:00:00,0.0
2023-03-03 21:00:00,0.0
2023-03-03 22:00:00,0.0
2023-03-03 23:00:00,0.0
2023-03-04 00:00:00,0.0
2023-03-04 01:00:00,0.0
2023-03-04 02:00:00,0.0
2023-03-04 03:00:00,0.0
2023-03-04 04:00:00,0.0
2023-03-04 05:00:00,0.0
2023-03-04 06:00:00,0.0
2023-03-04 07:00:00,22.741818181818182
2023-03-04 08:00:00,111.13805194805197
2023-03-04 09:00:00,569.4281818181818
2023-03-04 10:00:00,827.8302597402597
2023-03-04 11:00:00,1015.1496103896103
2023-03-04 12:00:00,1081.319090909091
2023-03-04 13:00:00,1105.5366233766233
2023-03-04 14:00:00,945.5438961038961
2023-03-04 15:00:00,694.2133766233766
2023-03-04 16:00:00,332.5124675324675
2023-03-04 17:00:00,81.7761038961039
2023-03-04 18:00:00,0.0
2023-03-04 19:00:00,0.0
2023-03-04 20:00:00,0.0
2023-03-04 21:00:00,0.0
2023-03-04 22:00:00,0.0
2023-03-04 23:00:00,0.0
2023-03-05 00:00:00,0.0
2023-03-05 01:00:00,0.0
2023-03-05 02:00:00,0.0
2023-03-05 03:00:00,0.0
2023-03-05 04:00:00,0.0
2023-03-05 05:00:00,0.0
2023-03-05 06:00:00,0.0
2023-03-05 07:00:00,24.944805194805195
2023-03-05 08:00:00,119.61662337662337
2023-03-05 09:00:00,619.2081818181819
2023-03-05 10:00:00,873.4464935064935
2023-03-05 11:00:00,1027.8309090909092
2023-03-05 12:00:00,1075.5387012987012
2023-03-05 13:00:00,1099.4683116883116
2023-03-05 14:00:00,979.5024675324676
2023-03-05 15:00:00,725.7920779220779
2023-03-05 16:00:00,350.03285714285715
2023-03-05 17:00:00,89.04753246753246
2023-03-05 18:00:00,0.0
2023-03-05 19:00:00,0.0
2023-03-05 20:00:00,0.0
2023-03-05 21:00:00,0.0
2023-03-05 22:00:00,0.0
2023-03-05 23:00:00,0.0
2023-03-06 00:00:00,0.0
2023-03-06 01:00:00,0.0
2023-03-06 02:00:00,0.0
2023-03-06 03:00:00,0.0
2023-03-06 04:00:00,0.0
2023-03-06 05:00:00,0.0
2023-03-06 06:00:00,0.0
2023-03-06 07:00:00,22.71935064935065
2023-03-06 08:00:00,121.43194805194805
2023-03-06 09:00:00,550.8463636363637
2023-03-06 10:00:00,847.1601298701299
2023-03-06 11:00:00,937.8761038961038
2023-03-06 12:00:00,995.3866233766234
2023-03-06 13:00:00,852.2277922077922
2023-03-06 14:00:00,771.4107792207792
2023-03-06 15:00:00,621.0601298701298
2023-03-06 16:00:00,282.1431168831169
2023-03-06 17:00:00,82.35
2023-03-06 18:00:00,0.0
2023-03-06 19:00:00,0.0
2023-03-06 20:00:00,0.0
2023-03-06 21:00:00,0.0
2023-03-06 22:00:00,0.0
2023-03-06 23:00:00,0.0
2023-03-07 00:00:00,0.0
2023-03-07 01:00:00,0.0
2023-03-07 02:00:00,0.0
2023-03-07 03:00:00,0.0
2023-03-07 04:00:00,0.0
2023-03-07 05:00:00,0.0
2023-03-07 06:00:00,0.0
2023-03-07 07:00:00,23.17688311688312
2023-03-07 08:00:00,106.77818181818182
2023-03-07 09:00:00,476.7342857142857
2023-03-07 10:00:00,730.4663636363637
2023-03-07 11:00:00,860.4411688311689
2023-03-07 12:00:00,868.3497402597402
2023-03-07 13:00:00,655.0437662337662
2023-03-07 14:00:00,691.6015584415584
2023-03-07 15:00:00,296.3253246753247
2023-03-07 16:00:00,111.35493506493506
2023-03-07 17:00:00,32.49831168831169
2023-03-07 18:00:00,0.0
2023-03-07 19:00:00,0.0
2023-03-07 20:00:00,0.0
2023-03-07 21:00:00,0.0
2023-03-07 22:00:00,0.0
2023-03-07 23:00:00,0.0
2023-03-08 00:00:00,0.0
2023-03-08 01:00:00,0.0
2023-03-08 02:00:00,0.0
2023-03-08 03:00:00,0.0
2023-03-08 04:00:00,0.0
2023-03-08 05:00:00,0.0
2023-03-08 06:00:00,0.0
2023-03-08 07:00:00,26.238701298701297
2023-03-08 08:00:00,80.8535064935065
2023-03-08 09:00:00,314.5566233766234
2023-03-08 10:00:00,424.19701298701295
2023-03-08 11:00:00,736.2763636363637
2023-03-08 12:00:00,700.9112987012987
2023-03-08 13:00:00,557.9163636363636
2023-03-08 14:00:00,511.3416883116883
2023-03-08 15:00:00,201.60545454545456
2023-03-08 16:00:00,133.03766233766234
2023-03-08 17:00:00,43.494285714285716
2023-03-08 18:00:00,0.0
2023-03-08 19:00:00,0.0
2023-03-08 20:00:00,0.0
2023-03-08 21:00:00,0.0
2023-03-08 22:00:00,0.0
2023-03-08 23:00:00,0.0
2023-03-09 00:00:00,0.0
2023-03-09 01:00:00,0.0
2023-03-09 02:00:00,0.0
2023-03-09 03:00:00,0.0
2023-03-09 04:00:00,0.0
2023-03-09 05:00:00,0.0
2023-03-09 06:00:00,0.0
2023-03-09 07:00:00,29.660909090909094
2023-03-09 08:00:00,139.24493506493505
2023-03-09 09:00:00,638.2501298701299
2023-03-09 10:00:00,879.6583116883118
2023-03-09 11:00:00,1020.5012987012988
2023-03-09 12:00:00,1082.8496103896105
2023-03-09 13:00:00,1082.1849350649352
2023-03-09 14:00:00,974.9707792207793
2023-03-09 15:00:00,776.8701298701299
2023-03-09 16:00:00,358.28
2023-03-09 17:00:00,88.25844155844156
2023-03-09 18:00:00,0.0
2023-03-09 19:00:00,0.0
2023-03-09 20:00:00,0.0
2023-03-09 21:00:00,0.0
2023-03-09 22:00:00,0.0
2023-03-09 23:00:00,0.0
2023-03-10 00:00:00,0.0
2023-03-10 01:00:00,0.0
2023-03-10 02:00:00,0.0
2023-03-10 03:00:00,0.0
2023-03-10 04:00:00,0.0
2023-03-10 05:00:00,0.0
2023-03-10 06:00:00,0.0
2023-03-10 07:00:00,20.74987012987013
2023-03-10 08:00:00,48.10220779220779
2023-03-10 09:00:00,100.01649350649352
2023-03-10 10:00:00,198.10298701298703
2023-03-10 11:00:00,364.6787012987013
2023-03-10 12:00:00,397.15376623376625
2023-03-10 13:00:00,429.757012987013
2023-03-10 14:00:00,406.1409090909091
2023-03-10 15:00:00,527.9992207792208
2023-03-10 16:00:00,295.78415584415586
2023-03-10 17:00:00,47.407662337662344
2023-03-10 18:00:00,0.0
2023-03-10 19:00:00,0.0
2023-03-10 20:00:00,0.0
2023-03-10 21:00:00,0.0
2023-03-10 22:00:00,0.0
2023-03-10 23:00:00,0.0
2023-03-11 00:00:00,0.0
2023-03-11 01:00:00,0.0
2023-03-11 02:00:00,0.0
2023-03-11 03:00:00,0.0
2023-03-11 04:00:00,0.0
2023-03-11 05:00:00,0.0
2023-03-11 06:00:00,0.0
2023-03-11 07:00:00,25.70714285714286
2023-03-11 08:00:00,95.96805194805196
2023-03-11 09:00:00,186.12272727272727
2023-03-11 10:00:00,299.70584415584415
2023-03-11 11:00:00,350.5605194805195
2023-03-11 12:00:00,379.0311688311688
2023-03-11 13:00:00,397.55909090909097
2023-03-11 14:00:00,351.87298701298704
2023-03-11 15:00:00,288.35753246753245
2023-03-11 16:00:00,167.0742857142857
2023-03-11 17:00:00,49.31766233766234
2023-03-11 18:00:00,0.0
2023-03-11 19:00:00,0.0
2023-03-11 20:00:00,0.0
2023-03-11 21:00:00,0.0
2023-03-11 22:00:00,0.0
2023-03-11 23:00:00,0.0
2023-03-12 00:00:00,0.0
2023-03-12 01:00:00,0.0
2023-03-12 02:00:00,0.0
2023-03-12 03:00:00,0.0
2023-03-12 04:00:00,0.0
2023-03-12 05:00:00,0.0
2023-03-12 06:00:00,0.0
2023-03-12 07:00:00,37.12441558441559
2023-03-12 08:00:00,124.39649350649351
2023-03-12 09:00:00,299.048051948052
2023-03-12 10:00:00,375.1372727272727
2023-03-12 11:00:00,560.9084415584416
2023-03-12 12:00:00,841.7746753246754
2023-03-12 13:00:00,854.2702597402597
2023-03-12 14:00:00,830.3051948051948
2023-03-12 15:00:00,674.1933766233766
2023-03-12 16:00:00,364.6675324675325
2023-03-12 17:00:00,94.36311688311689
2023-03-12 18:00:00,0.0
2023-03-12 19:00:00,0.0
2023-03-12 20:00:00,0.0
2023-03-12 21:00:00,0.0
2023-03-12 22:00:00,0.0
2023-03-12 23:00:00,0.0
2023-03-13 00:00:00,0.0
2023-03-13 01:00:00,0.0
2023-03-13 02:00:00,0.0
2023-03-13 03:00:00,0.0
2023-03-13 04:00:00,0.0
2023-03-13 05:00:00,0.0
2023-03-13 06:00:00,0.0
2023-03-13 07:00:00,27.060909090909092
2023-03-13 08:00:00,120.92922077922077
2023-03-13 09:00:00,493.4944155844156
2023-03-13 10:00:00,723.9541558441558
2023-03-13 11:00:00,919.0990909090909
2023-03-13 12:00:00,919.2719480519481
2023-03-13 13:00:00,880.1133766233766
2023-03-13 14:00:00,733.6997402597402
2023-03-13 15:00:00,498.20000000000005
2023-03-13 16:00:00,215.0646753246753
2023-03-13 17:00:00,56.67181818181819
2023-03-13 18:00:00,0.0
2023-03-13 19:00:00,0.0
2023-03-13 20:00:00,0.0
2023-03-13 21:00:00,0.0
2023-03-13 22:00:00,0.0
2023-03-13 23:00:00,0.0
2023-03-14 00:00:00,0.0
2023-03-14 01:00:00,0.0
2023-03-14 02:00:00,0.0
2023-03-14 03:00:00,0.0
2023-03-14 04:00:00,0.0
2023-03-14 05:00:00,0.0
2023-03-14 06:00:00,0.0
2023-03-14 07:00:00,29.781688311688313
2023-03-14 08:00:00,135.97025974025973
2023-03-14 09:00:00,362.78753246753246
2023-03-14 10:00:00,442.62831168831167
2023-03-14 11:00:00,444.1720779220779
2023-03-14 12:00:00,579.8905194805195
2023-03-14 13:00:00,599.1483116883117
2023-03-14 14:00:00,737.94
2023-03-14 15:00:00,532.9385714285714
2023-03-14 16:00:00,280.49324675324675
2023-03-14 17:00:00,77.3
2023-03-14 18:00:00,0.0
2023-03-14 19:00:00,0.0
2023-03-14 20:00:00,0.0
2023-03-14 21:00:00,0.0
2023-03-14 22:00:00,0.0
2023-03-14 23:00:00,0.0
2023-03-15 00:00:00,0.0
2023-03-15 01:00:00,0.0
2023-03-15 02:00:00,0.0
2023-03-15 03:00:00,0.0
2023-03-15 04:00:00,0.0
2023-03-15 05:00:00,0.0
2023-03-15 06:00:00,0.0
2023-03-15 07:00:00,47.36155844155844
2023-03-15 08:00:00,204.62194805194804
2023-03-15 09:00:00,679.7953246753247
2023-03-15 10:00:00,885.4090909090909
2023-03-15 11:00:00,1097.7010389610389
2023-03-15 12:00:00,1151.2033766233767
2023-03-15 13:00:00,1121.4464935064937
2023-03-15 14:00:00,947.9101298701299
2023-03-15 15:00:00,672.9574025974026
2023-03-15 16:00:00,387.6284415584415
2023-03-15 17:00:00,99.63337662337663
2023-03-15 18:00:00,0.0
2023-03-15 19:00:00,0.0
2023-03-15 20:00:00,0.0
2023-03-15 21:00:00,0.0
2023-03-15 22:00:00,0.0
2023-03-15 23:00:00,0.0
2023-03-16 00:00:00,0.0
2023-03-16 01:00:00,0.0
2023-03-16 02:00:00,0.0
2023-03-16 03:00:00,0.0
2023-03-16 04:00:00,0.0
2023-03-16 05:00:00,0.0
2023-03-16 06:00:00,0.0
2023-03-16 07:00:00,44.5551948051948
2023-03-16 08:00:00,218.05376623376623
2023-03-16 09:00:00,673.2390909090909
2023-03-16 10:00:00,883.4955844155845
2023-03-16 11:00:00,1017.0727272727273
2023-03-16 12:00:00,1080.186883116883
2023-03-16 13:00:00,1065.474935064935
2023-03-16 14:00:00,951.291038961039
2023-03-16 15:00:00,764.7079220779221
2023-03-16 16:00:00,383.2766233766234
2023-03-16 17:00:00,100.87272727272727
2023-03-16 18:00:00,5.8954545454545455
2023-03-16 19:00:00,0.0
2023-03-16 20:00:00,0.0
2023-03-16 21:00:00,0.0
2023-03-16 22:00:00,0.0
2023-03-16 23:00:00,0.0
2023-03-17 00:00:00,0.0
2023-03-17 01:00:00,0.0
2023-03-17 02:00:00,0.0
2023-03-17 03:00:00,0.0
2023-03-17 04:00:00,0.0
2023-03-17 05:00:00,0.0
2023-03-17 06:00:00,0.0
2023-03-17 07:00:00,46.70207792207792
2023-03-17 08:00:00,213.33883116883118
2023-03-17 09:00:00,630.5764935064935
2023-03-17 10:00:00,831.52
2023-03-17 11:00:00,957.6135064935064
2023-03-17 12:00:00,1022.6154545454546
2023-03-17 13:00:00,940.3714285714286
2023-03-17 14:00:00,804.7593506493506
2023-03-17 15:00:00,630.4201298701298
2023-03-17 16:00:00,334.2066233766234
2023-03-17 17:00:00,92.12922077922077
2023-03-17 18:00:00,6.855584415584415
2023-03-17 19:00:00,0.0
2023-03-17 20:00:00,0.0
2023-03-17 21:00:00,0.0
2023-03-17 22:00:00,0.0
2023-03-17 23:00:00,0.0
2023-03-18 00:00:00,0.0
2023-03-18 01:00:00,0.0
2023-03-18 02:00:00,0.0
2023-03-18 03:00:00,0.0
2023-03-18 04:00:00,0.0
2023-03-18 05:00:00,0.0
2023-03-18 06:00:00,0.0
2023-03-18 07:00:00,47.68363636363637
2023-03-18 08:00:00,222.01051948051946
2023-03-18 09:00:00,652.377012987013
2023-03-18 10:00:00,886.9683116883117
2023-03-18 11:00:00,1053.4012987012986
2023-03-18 12:00:00,1071.6636363636362
2023-03-18 13:00:00,975.0896103896104
2023-03-18 14:00:00,829.1372727272727
2023-03-18 15:00:00,615.0487012987013
2023-03-18 16:00:00,314.7767532467533
2023-03-18 17:00:00,91.58831168831169
2023-03-18 18:00:00,6.826493506493506
2023-03-18 19:00:00,0.0
2023-03-18 20:00:00,0.0
2023-03-18 21:00:00,0.0
2023-03-18 22:00:00,0.0
2023-03-18 23:00:00,0.0
2023-03-19 00:00:00,0.0
2023-03-19 01:00:00,0.0
2023-03-19 02:00:00,0.0
2023-03-19 03:00:00,0.0
2023-03-19 04:00:00,0.0
2023-03-19 05:00:00,0.0
2023-03-19 06:00:00,0.0
2023-03-19 07:00:00,50.69337662337663
2023-03-19 08:00:00,153.88467532467533
2023-03-19 09:00:00,446.19779220779213
2023-03-19 10:00:00,626.878051948052
2023-03-19 11:00:00,716.5084415584416
2023-03-19 12:00:00,687.6661038961039
2023-03-19 13:00:00,277.83688311688314
2023-03-19 14:00:00,201.8050649350649
2023-03-19 15:00:00,222.2350649350649
2023-03-19 16:00:00,162.94987012987013
2023-03-19 17:00:00,72.42142857142856
2023-03-19 18:00:00,5.677792207792208
2023-03-19 19:00:00,0.0
2023-03-19 20:00:00,0.0
2023-03-19 21:00:00,0.0
2023-03-19 22:00:00,0.0
2023-03-19 23:00:00,0.0
2023-03-20 00:00:00,0.0
2023-03-20 01:00:00,0.0
2023-03-20 02:00:00,0.0
2023-03-20 03:00:00,0.0
2023-03-20 04:00:00,0.0
2023-03-20 05:00:00,0.0
2023-03-20 06:00:00,0.0
2023-03-20 07:00:00,51.259740259740255
2023-03-20 08:00:00,195.81467532467533
2023-03-20 09:00:00,625.0368831168831
2023-03-20 10:00:00,926.6254545454545
2023-03-20 11:00:00,1071.803116883117
2023-03-20 12:00:00,1083.506883116883
2023-03-20 13:00:00,1076.5275324675326
2023-03-20 14:00:00,911.2541558441558
2023-03-20 15:00:00,782.0720779220779
2023-03-20 16:00:00,384.4338961038961
2023-03-20 17:00:00,106.30909090909091
2023-03-20 18:00:00,7.411428571428571
2023-03-20 19:00:00,0.0
2023-03-20 20:00:00,0.0
2023-03-20 21:00:00,0.0
2023-03-20 22:00:00,0.0
2023-03-20 23:00:00,0.0
2023-03-21 00:00:00,0.0
2023-03-21 01:00:00,0.0
2023-03-21 02:00:00,0.0
2023-03-21 03:00:00,0.0
2023-03-21 04:00:00,0.0
2023-03-21 05:00:00,0.0
2023-03-21 06:00:00,0.0
2023-03-21 07:00:00,54.343636363636364
2023-03-21 08:00:00,226.7046753246753
2023-03-21 09:00:00,616.8118181818182
2023-03-21 10:00:00,839.4311688311687
2023-03-21 11:00:00,954.3276623376623
2023-03-21 12:00:00,1006.9224675324675
2023-03-21 13:00:00,884.7284415584415
2023-03-21 14:00:00,782.8403896103896
2023-03-21 15:00:00,552.8455844155844
2023-03-21 16:00:00,260.5863636363636
2023-03-21 17:00:00,86.22857142857143
2023-03-21 18:00:00,9.676493506493506
2023-03-21 19:00:00,0.0
2023-03-21 20:00:00,0.0
2023-03-21 21:00:00,0.0
2023-03-21 22:00:00,0.0
2023-03-21 23:00:00,0.0
2023-03-22 00:00:00,0.0
2023-03-22 01:00:00,0.0
2023-03-22 02:00:00,0.0
2023-03-22 03:00:00,0.0
2023-03-22 04:00:00,0.0
2023-03-22 05:00:00,0.0
2023-03-22 06:00:00,0.0
2023-03-22 07:00:00,51.91870129870129
2023-03-22 08:00:00,240.98116883116882
2023-03-22 09:00:00,686.0354545454545
2023-03-22 10:00:00,878.6188311688311
2023-03-22 11:00:00,1015.1006493506494
2023-03-22 12:00:00,1100.118961038961
2023-03-22 13:00:00,1065.965974025974
2023-03-22 14:00:00,939.7488311688312
2023-03-22 15:00:00,732.1071428571429
2023-03-22 16:00:00,362.50480519480516
2023-03-22 17:00:00,97.92818181818183
2023-03-22 18:00:00,8.173896103896103
2023-03-22 19:00:00,0.0
2023-03-22 20:00:00,0.0
2023-03-22 21:00:00,0.0
2023-03-22 22:00:00,0.0
2023-03-22 23:00:00,0.0
2023-03-23 00:00:00,0.0
2023-03-23 01:00:00,0.0
2023-03-23 02:00:00,0.0
2023-03-23 03:00:00,0.0
2023-03-23 04:00:00,0.0
2023-03-23 05:00:00,0.0
2023-03-23 06:00:00,0.0
2023-03-23 07:00:00,55.90246753246753
2023-03-23 08:00:00,244.35480519480518
2023-03-23 09:00:00,576.001038961039
2023-03-23 10:00:00,801.8275324675325
2023-03-23 11:00:00,880.61
2023-03-23 12:00:00,937.8228571428572
2023-03-23 13:00:00,849.6384415584416
2023-03-23 14:00:00,728.1979220779222
2023-03-23 15:00:00,552.1288311688312
2023-03-23 16:00:00,232.23883116883115
2023-03-23 17:00:00,72.98350649350648
2023-03-23 18:00:00,7.733246753246754
2023-03-23 19:00:00,0.0
2023-03-23 20:00:00,0.0
2023-03-23 21:00:00,0.0
2023-03-23 22:00:00,0.0
2023-03-23 23:00:00,0.0
2023-03-24 00:00:00,0.0
2023-03-24 01:00:00,0.0
2023-03-24 02:00:00,0.0
2023-03-24 03:00:00,0.0
2023-03-24 04:00:00,0.0
2023-03-24 05:00:00,0.0
2023-03-24 06:00:00,4.236233766233767
2023-03-24 07:00:00,41.75181818181818
2023-03-24 08:00:00,97.0174025974026
2023-03-24 09:00:00,232.1487012987013
2023-03-24 10:00:00,399.1416883116883
2023-03-24 11:00:00,561.5100000000001
2023-03-24 12:00:00,397.07142857142856
2023-03-24 13:00:00,367.4706493506493
2023-03-24 14:00:00,268.8492207792208
2023-03-24 15:00:00,130.66402597402598
2023-03-24 16:00:00,90.23974025974026
2023-03-24 17:00:00,31.153896103896102
2023-03-24 18:00:00,3.5567532467532468
2023-03-24 19:00:00,0.0
2023-03-24 20:00:00,0.0
2023-03-24 21:00:00,0.0
2023-03-24 22:00:00,0.0
2023-03-24 23:00:00,0.0
2023-03-25 00:00:00,0.0
2023-03-25 01:00:00,0.0
2023-03-25 02:00:00,0.0
2023-03-25 03:00:00,0.0
2023-03-25 04:00:00,0.0
2023-03-25 05:00:00,0.0
2023-03-25 06:00:00,6.069220779220779
2023-03-25 07:00:00,58.058701298701294
2023-03-25 08:00:00,218.61350649350652
2023-03-25 09:00:00,492.2775324675325
2023-03-25 10:00:00,646.8774025974026
2023-03-25 11:00:00,626.1097402597402
2023-03-25 12:00:00,664.8735064935064
2023-03-25 13:00:00,677.1185714285714
2023-03-25 14:00:00,774.5622077922078
2023-03-25 15:00:00,601.4522077922078
2023-03-25 16:00:00,375.25779220779225
2023-03-25 17:00:00,106.55922077922077
2023-03-25 18:00:00,9.438051948051948
2023-03-25 19:00:00,0.0
2023-03-25 20:00:00,0.0
2023-03-25 21:00:00,0.0
2023-03-25 22:00:00,0.0
2023-03-25 23:00:00,0.0
2023-03-26 00:00:00,0.0
2023-03-26 01:00:00,0.0
2023-03-26 03:00:00,0.0
2023-03-26 04:00:00,0.0
2023-03-26 05:00:00,0.0
2023-03-26 06:00:00,0.0
2023-03-26 07:00:00,7.6400000000000015
2023-03-26 08:00:00,49.944025974025976
2023-03-26 09:00:00,156.34662337662337
2023-03-26 10:00:00,357.5161038961039
2023-03-26 11:00:00,458.15402597402596
2023-03-26 12:00:00,318.6950649350649
2023-03-26 13:00:00,442.98220779220776
2023-03-26 14:00:00,718.1427272727274
2023-03-26 15:00:00,728.6235064935065
2023-03-26 16:00:00,589.6901298701299
2023-03-26 17:00:00,284.8761038961039
2023-03-26 18:00:00,84.86116883116884
2023-03-26 19:00:00,10.286883116883118
2023-03-26 20:00:00,0.0
2023-03-26 21:00:00,0.0
2023-03-26 22:00:00,0.0
2023-03-26 23:00:00,0.0
2023-03-27 00:00:00,0.0
2023-03-27 01:00:00,0.0
2023-03-27 02:00:00,0.0
2023-03-27 03:00:00,0.0
2023-03-27 04:00:00,0.0
2023-03-27 05:00:00,0.0
2023-03-27 06:00:00,0.0
2023-03-27 07:00:00,6.736363636363637
2023-03-27 08:00:00,50.95077922077922
2023-03-27 09:00:00,156.76493506493506
2023-03-27 10:00:00,379.15623376623375
2023-03-27 11:00:00,565.1438961038962
2023-03-27 12:00:00,771.0648051948052
2023-03-27 13:00:00,838.6190909090909
2023-03-27 14:00:00,906.9906493506494
2023-03-27 15:00:00,879.4441558441558
2023-03-27 16:00:00,614.2661038961039
2023-03-27 17:00:00,334.81675324675325
2023-03-27 18:00:00,110.79532467532468
2023-03-27 19:00:00,10.602727272727272
2023-03-27 20:00:00,0.0
2023-03-27 21:00:00,0.0
2023-03-27 22:00:00,0.0
2023-03-27 23:00:00,0.0
2023-03-28 00:00:00,0.0
2023-03-28 01:00:00,0.0
2023-03-28 02:00:00,0.0
2023-03-28 03:00:00,0.0
2023-03-28 04:00:00,0.0
2023-03-28 05:00:00,0.0
2023-03-28 06:00:00,0.0
2023-03-28 07:00:00,10.112597402597402
2023-03-28 08:00:00,67.55168831168831
2023-03-28 09:00:00,296.6224675324675
2023-03-28 10:00:00,721.7255844155844
2023-03-28 11:00:00,957.3997402597403
2023-03-28 12:00:00,1087.25987012987
2023-03-28 13:00:00,1073.175844155844
2023-03-28 14:00:00,904.6166233766234
2023-03-28 15:00:00,552.0748051948052
2023-03-28 16:00:00,407.0566233766234
2023-03-28 17:00:00,227.70883116883118
2023-03-28 18:00:00,99.32571428571428
2023-03-28 19:00:00,11.165454545454546
2023-03-28 20:00:00,0.0
2023-03-28 21:00:00,0.0
2023-03-28 22:00:00,0.0
2023-03-28 23:00:00,0.0
2023-03-29 00:00:00,0.0
2023-03-29 01:00:00,0.0
2023-03-29 02:00:00,0.0
2023-03-29 03:00:00,0.0
2023-03-29 04:00:00,0.0
2023-03-29 05:00:00,0.0
2023-03-29 06:00:00,0.0
2023-03-29 07:00:00,7.652727272727272
2023-03-29 08:00:00,56.35493506493506
2023-03-29 09:00:00,152.96974025974026
2023-03-29 10:00:00,361.8177922077922
2023-03-29 11:00:00,578.1497402597403
2023-03-29 12:00:00,827.5981818181818
2023-03-29 13:00:00,1011.1310389610389
2023-03-29 14:00:00,845.3631168831168
2023-03-29 15:00:00,661.2063636363637
2023-03-29 16:00:00,454.2922077922078
2023-03-29 17:00:00,330.5719480519481
2023-03-29 18:00:00,112.69220779220778
2023-03-29 19:00:00,10.438961038961038
2023-03-29 20:00:00,0.0
2023-03-29 21:00:00,0.0
2023-03-29 22:00:00,0.0
2023-03-29 23:00:00,0.0
2023-03-30 00:00:00,0.0
2023-03-30 01:00:00,0.0
2023-03-30 02:00:00,0.0
2023-03-30 03:00:00,0.0
2023-03-30 04:00:00,0.0
2023-03-30 05:00:00,0.0
2023-03-30 06:00:00,0.0
2023-03-30 07:00:00,13.112727272727271
2023-03-30 08:00:00,47.362337662337666
2023-03-30 09:00:00,168.53961038961037
2023-03-30 10:00:00,352.2022077922078
2023-03-30 11:00:00,583.7874025974025
2023-03-30 12:00:00,587.527012987013
2023-03-30 13:00:00,569.2966233766234
2023-03-30 14:00:00,409.1690909090909
2023-03-30 15:00:00,457.2020779220779
2023-03-30 16:00:00,335.85064935064935
2023-03-30 17:00:00,205.46038961038963
2023-03-30 18:00:00,78.33090909090909
2023-03-30 19:00:00,11.758181818181818
2023-03-30 20:00:00,0.0
2023-03-30 21:00:00,0.0
2023-03-30 22:00:00,0.0
2023-03-30 23:00:00,0.0
2023-03-31 00:00:00,0.0
2023-03-31 01:00:00,0.0
2023-03-31 02:00:00,0.0
2023-03-31 03:00:00,0.0
2023-03-31 04:00:00,0.0
2023-03-31 05:00:00,0.0
2023-03-31 06:00:00,0.0
2023-03-31 07:00:00,7.532467532467533
2023-03-31 08:00:00,52.572077922077916
2023-03-31 09:00:00,149.82727272727274
2023-03-31 10:00:00,209.56428571428572
2023-03-31 11:00:00,245.2922077922078
2023-03-31 12:00:00,365.67168831168834
2023-03-31 13:00:00,656.9741558441559
2023-03-31 14:00:00,637.3455844155844
2023-03-31 15:00:00,392.1683116883117
2023-03-31 16:00:00,334.8325974025974
2023-03-31 17:00:00,173.97506493506492
2023-03-31 18:00:00,87.77623376623377
2023-03-31 19:00:00,16.017922077922076
2023-03-31 20:00:00,0.0
2023-03-31 21:00:00,0.0
2023-03-31 22:00:00,0.0
2023-03-31 23:00:00,0.0
2023-04-01 00:00:00,0.0
2023-04-01 01:00:00,0.0
2023-04-01 02:00:00,0.0
2023-04-01 03:00:00,0.0
2023-04-01 04:00:00,0.0
2023-04-01 05:00:00,0.0
2023-04-01 06:00:00,0.0
2023-04-01 07:00:00,13.182467532467532
2023-04-01 08:00:00,71.82974025974026
2023-04-01 09:00:00,268.5712987012987
2023-04-01 10:00:00,645.0037662337662
2023-04-01 11:00:00,796.0857142857143
2023-04-01 12:00:00,990.5283116883116
2023-04-01 13:00:00,1035.1912987012986
2023-04-01 14:00:00,900.039090909091
2023-04-01 15:00:00,852.0297402597404
2023-04-01 16:00:00,602.1864935064935
2023-04-01 17:00:00,352.49
2023-04-01 18:00:00,128.71818181818182
2023-04-01 19:00:00,15.176233766233766
2023-04-01 20:00:00,0.0
2023-04-01 21:00:00,0.0
2023-04-01 22:00:00,0.0
2023-04-01 23:00:00,0.0
2023-04-02 00:00:00,0.0
2023-04-02 01:00:00,0.0
2023-04-02 02:00:00,0.0
2023-04-02 03:00:00,0.0
2023-04-02 04:00:00,0.0
2023-04-02 05:00:00,0.0
2023-04-02 06:00:00,0.0
2023-04-02 07:00:00,13.555064935064935
2023-04-02 08:00:00,82.40428571428572
2023-04-02 09:00:00,309.38103896103894
2023-04-02 10:00:00,583.3883116883117
2023-04-02 11:00:00,853.1536363636363
2023-04-02 12:00:00,933.2877922077922
2023-04-02 13:00:00,1035.604155844156
2023-04-02 14:00:00,987.4362337662337
2023-04-02 15:00:00,791.562077922078
2023-04-02 16:00:00,670.0755844155844
2023-04-02 17:00:00,368.8190909090909
2023-04-02 18:00:00,127.39051948051947
2023-04-02 19:00:00,14.88922077922078
2023-04-02 20:00:00,0.0
2023-04-02 21:00:00,0.0
2023-04-02 22:00:00,0.0
2023-04-02 23:00:00,0.0
2023-04-03 00:00:00,0.0
2023-04-03 01:00:00,0.0
2023-04-03 02:00:00,0.0
2023-04-03 03:00:00,0.0
2023-04-03 04:00:00,0.0
2023-04-03 05:00:00,0.0
2023-04-03 06:00:00,0.0
2023-04-03 07:00:00,13.788571428571428
2023-04-03 08:00:00,74.69311688311689
2023-04-03 09:00:00,295.3190909090909
2023-04-03 10:00:00,612.4193506493506
2023-04-03 11:00:00,854.7002597402598
2023-04-03 12:00:00,1027.3590909090908
2023-04-03 13:00:00,1084.827012987013
2023-04-03 14:00:00,1038.7257142857143
2023-04-03 15:00:00,904.1599999999999
2023-04-03 16:00:00,646.2153246753247
2023-04-03 17:00:00,434.2305194805195
2023-04-03 18:00:00,123.68064935064935
2023-04-03 19:00:00,15.234805194805194
2023-04-03 20:00:00,0.0
2023-04-03 21:00:00,0.0
2023-04-03 22:00:00,0.0
2023-04-03 23:00:00,0.0
2023-04-04 00:00:00,0.0
2023-04-04 01:00:00,0.0
2023-04-04 02:00:00,0.0
2023-04-04 03:00:00,0.0
2023-04-04 04:00:00,0.0
2023-04-04 05:00:00,0.0
2023-04-04 06:00:00,0.0
2023-04-04 07:00:00,17.876753246753246
2023-04-04 08:00:00,79.73324675324676
2023-04-04 09:00:00,335.75116883116885
2023-04-04 10:00:00,667.6359740259741
2023-04-04 11:00:00,912.5479220779221
2023-04-04 12:00:00,993.8898701298701
2023-04-04 13:00:00,1031.0996103896105
2023-04-04 14:00:00,1056.7776623376624
2023-04-04 15:00:00,842.8423376623376
2023-04-04 16:00:00,752.4462337662337
2023-04-04 17:00:00,475.34935064935064
2023-04-04 18:00:00,136.50415584415583
2023-04-04 19:00:00,14.332077922077922
2023-04-04 20:00:00,0.0
2023-04-04 21:00:00,0.0
2023-04-04 22:00:00,0.0
2023-04-04 23:00:00,0.0
2023-04-05 00:00:00,0.0
2023-04-05 01:00:00,0.0
2023-04-05 02:00:00,0.0
2023-04-05 03:00:00,0.0
2023-04-05 04:00:00,0.0
2023-04-05 05:00:00,0.0
2023-04-05 06:00:00,0.0
2023-04-05 07:00:00,18.450259740259742
2023-04-05 08:00:00,83.61454545454545
2023-04-05 09:00:00,321.6018181818182
2023-04-05 10:00:00,612.4889610389611
2023-04-05 11:00:00,764.8697402597403
2023-04-05 12:00:00,878.9002597402598
2023-04-05 13:00:00,982.012987012987
2023-04-05 14:00:00,966.9636363636363
2023-04-05 15:00:00,946.6080519480521
2023-04-05 16:00:00,728.355064935065
2023-04-05 17:00:00,427.0555844155844
2023-04-05 18:00:00,133.59454545454545
2023-04-05 19:00:00,15.71948051948052
2023-04-05 20:00:00,0.0
2023-04-05 21:00:00,0.0
2023-04-05 22:00:00,0.0
2023-04-05 23:00:00,0.0
2023-04-06 00:00:00,0.0
2023-04-06 01:00:00,0.0
2023-04-06 02:00:00,0.0
2023-04-06 03:00:00,0.0
2023-04-06 04:00:00,0.0
2023-04-06 05:00:00,0.0
2023-04-06 06:00:00,0.0
2023-04-06 07:00:00,15.65038961038961
2023-04-06 08:00:00,76.71415584415584
2023-04-06 09:00:00,387.08025974025975
2023-04-06 10:00:00,720.3255844155843
2023-04-06 11:00:00,940.4881818181818
2023-04-06 12:00:00,1059.0180519480518
2023-04-06 13:00:00,1085.4002597402598
2023-04-06 14:00:00,983.8896103896104
2023-04-06 15:00:00,833.2925974025974
2023-04-06 16:00:00,609.922987012987
2023-04-06 17:00:00,325.1044155844156
2023-04-06 18:00:00,110.12753246753246
2023-04-06 19:00:00,20.05909090909091
2023-04-06 20:00:00,0.0
2023-04-06 21:00:00,0.0
2023-04-06 22:00:00,0.0
2023-04-06 23:00:00,0.0
2023-04-07 00:00:00,0.0
2023-04-07 01:00:00,0.0
2023-04-07 02:00:00,0.0
2023-04-07 03:00:00,0.0
2023-04-07 04:00:00,0.0
2023-04-07 05:00:00,0.0
2023-04-07 06:00:00,0.0
2023-04-07 07:00:00,19.915064935064937
2023-04-07 08:00:00,80.02233766233766
2023-04-07 09:00:00,186.55142857142857
2023-04-07 10:00:00,248.49363636363634
2023-04-07 11:00:00,288.66597402597404
2023-04-07 12:00:00,234.67597402597406
2023-04-07 13:00:00,335.8609090909091
2023-04-07 14:00:00,473.28142857142853
2023-04-07 15:00:00,447.4650649350649
2023-04-07 16:00:00,391.45870129870127
2023-04-07 17:00:00,220.85155844155844
2023-04-07 18:00:00,83.40883116883116
2023-04-07 19:00:00,19.626753246753246
2023-04-07 20:00:00,0.0
2023-04-07 21:00:00,0.0
2023-04-07 22:00:00,0.0
2023-04-07 23:00:00,0.0
2023-04-08 00:00:00,0.0
2023-04-08 01:00:00,0.0
2023-04-08 02:00:00,0.0
2023-04-08 03:00:00,0.0
2023-04-08 04:00:00,0.0
2023-04-08 05:00:00,0.0
2023-04-08 06:00:00,0.0
2023-04-08 07:00:00,22.16
2023-04-08 08:00:00,84.89155844155843
2023-04-08 09:00:00,379.40025974025974
2023-04-08 10:00:00,714.8328571428572
2023-04-08 11:00:00,934.8554545454544
2023-04-08 12:00:00,1021.4441558441558
2023-04-08 13:00:00,1055.1085714285714
2023-04-08 14:00:00,963.6137662337661
2023-04-08 15:00:00,835.4594805194805
2023-04-08 16:00:00,517.9571428571428
2023-04-08 17:00:00,273.4416883116883
2023-04-08 18:00:00,131.31077922077924
2023-04-08 19:00:00,17.786233766233767
2023-04-08 20:00:00,0.0
2023-04-08 21:00:00,0.0
2023-04-08 22:00:00,0.0
2023-04-08 23:00:00,0.0
2023-04-09 00:00:00,0.0
2023-04-09 01:00:00,0.0
2023-04-09 02:00:00,0.0
2023-04-09 03:00:00,0.0
2023-04-09 04:00:00,0.0
2023-04-09 05:00:00,0.0
2023-04-09 06:00:00,0.0
2023-04-09 07:00:00,23.69974025974026
2023-04-09 08:00:00,98.89987012987014
2023-04-09 09:00:00,390.534025974026
2023-04-09 10:00:00,719.3487012987014
2023-04-09 11:00:00,887.6051948051949
2023-04-09 12:00:00,853.040909090909
2023-04-09 13:00:00,975.9288311688313
2023-04-09 14:00:00,1064.6442857142856
2023-04-09 15:00:00,903.0551948051948
2023-04-09 16:00:00,732.8822077922079
2023-04-09 17:00:00,432.8950649350649
2023-04-09 18:00:00,136.68922077922076
2023-04-09 19:00:00,17.094415584415586
2023-04-09 20:00:00,0.0
2023-04-09 21:00:00,0.0
2023-04-09 22:00:00,0.0
2023-04-09 23:00:00,0.0
2023-04-10 00:00:00,0.0
2023-04-10 01:00:00,0.0
2023-04-10 02:00:00,0.0
2023-04-10 03:00:00,0.0
2023-04-10 04:00:00,0.0
2023-04-10 05:00:00,0.0
2023-04-10 06:00:00,0.0
2023-04-10 07:00:00,26.2287012987013
2023-04-10 08:00:00,92.03766233766234
2023-04-10 09:00:00,338.7836363636364
2023-04-10 10:00:00,664.7336363636364
2023-04-10 11:00:00,834.7632467532467
2023-04-10 12:00:00,1008.4681818181818
2023-04-10 13:00:00,914.5283116883116
2023-04-10 14:00:00,856.8799999999999
2023-04-10 15:00:00,690.850909090909
2023-04-10 16:00:00,410.27207792207787
2023-04-10 17:00:00,245.41194805194806
2023-04-10 18:00:00,117.23636363636365
2023-04-10 19:00:00,25.02961038961039
2023-04-10 20:00:00,0.0
2023-04-10 21:00:00,0.0
2023-04-10 22:00:00,0.0
2023-04-10 23:00:00,0.0
2023-04-11 00:00:00,0.0
2023-04-11 01:00:00,0.0
2023-04-11 02:00:00,0.0
2023-04-11 03:00:00,0.0
2023-04-11 04:00:00,0.0
2023-04-11 05:00:00,0.0
2023-04-11 06:00:00,0.0
2023-04-11 07:00:00,26.53272727272727
2023-04-11 08:00:00,72.47064935064935
2023-04-11 09:00:00,159.86649350649353
2023-04-11 10:00:00,231.74688311688308
2023-04-11 11:00:00,362.701948051948
2023-04-11 12:00:00,487.67740259740265
2023-04-11 13:00:00,633.525064935065
2023-04-11 14:00:00,613.9744155844156
2023-04-11 15:00:00,553.0793506493505
2023-04-11 16:00:00,529.1920779220779
2023-04-11 17:00:00,334.1627272727273
2023-04-11 18:00:00,123.8648051948052
2023-04-11 19:00:00,25.247922077922077
2023-04-11 20:00:00,0.0
2023-04-11 21:00:00,0.0
2023-04-11 22:00:00,0.0
2023-04-11 23:00:00,0.0
2023-04-12 00:00:00,0.0
2023-04-12 01:00:00,0.0
2023-04-12 02:00:00,0.0
2023-04-12 03:00:00,0.0
2023-04-12 04:00:00,0.0
2023-04-12 05:00:00,0.0
2023-04-12 06:00:00,0.0
2023-04-12 07:00:00,19.41220779220779
2023-04-12 08:00:00,88.40714285714284
2023-04-12 09:00:00,263.14974025974027
2023-04-12 10:00:00,406.5461038961039
2023-04-12 11:00:00,605.6633766233766
2023-04-12 12:00:00,692.0544155844157
2023-04-12 13:00:00,696.758961038961
2023-04-12 14:00:00,751.2541558441559
2023-04-12 15:00:00,452.28727272727275
2023-04-12 16:00:00,380.9509090909091
2023-04-12 17:00:00,162.00675324675325
2023-04-12 18:00:00,72.28025974025974
2023-04-12 19:00:00,9.951558441558442
2023-04-12 20:00:00,0.0
2023-04-12 21:00:00,0.0
2023-04-12 22:00:00,0.0
2023-04-12 23:00:00,0.0
2023-04-13 00:00:00,0.0
2023-04-13 01:00:00,0.0
2023-04-13 02:00:00,0.0
2023-04-13 03:00:00,0.0
2023-04-13 04:00:00,0.0
2023-04-13 05:00:00,0.0
2023-04-13 06:00:00,0.0
2023-04-13 07:00:00,18.905454545454546
2023-04-13 08:00:00,80.85571428571428
2023-04-13 09:00:00,221.85753246753245
2023-04-13 10:00:00,602.0133766233768
2023-04-13 11:00:00,811.5972727272728
2023-04-13 12:00:00,596.5849350649352
2023-04-13 13:00:00,569.5918181818182
2023-04-13 14:00:00,494.6472727272727
2023-04-13 15:00:00,296.837012987013
2023-04-13 16:00:00,238.12961038961038
2023-04-13 17:00:00,168.59415584415584
2023-04-13 18:00:00,107.50727272727272
2023-04-13 19:00:00,31.637142857142855
2023-04-13 20:00:00,0.0
2023-04-13 21:00:00,0.0
2023-04-13 22:00:00,0.0
2023-04-13 23:00:00,0.0
2023-04-14 00:00:00,0.0
2023-04-14 01:00:00,0.0
2023-04-14 02:00:00,0.0
2023-04-14 03:00:00,0.0
2023-04-14 04:00:00,0.0
2023-04-14 05:00:00,0.0
2023-04-14 06:00:00,0.0
2023-04-14 07:00:00,31.74948051948052
2023-04-14 08:00:00,108.25207792207792
2023-04-14 09:00:00,347.54571428571427
2023-04-14 10:00:00,463.15025974025974
2023-04-14 11:00:00,727.4270129870131
2023-04-14 12:00:00,891.7832467532468
2023-04-14 13:00:00,1010.861038961039
2023-04-14 14:00:00,1023.2972727272727
2023-04-14 15:00:00,896.7214285714286
2023-04-14 16:00:00,710.8005194805195
2023-04-14 17:00:00,452.62870129870134
2023-04-14 18:00:00,149.82103896103897
2023-04-14 19:00:00,27.264025974025973
2023-04-14 20:00:00,0.0
2023-04-14 21:00:00,0.0
2023-04-14 22:00:00,0.0
2023-04-14 23:00:00,0.0
2023-04-15 00:00:00,0.0
2023-04-15 01:00:00,0.0
2023-04-15 02:00:00,0.0
2023-04-15 03:00:00,0.0
2023-04-15 04:00:00,0.0
2023-04-15 05:00:00,0.0
2023-04-15 06:00:00,0.0
2023-04-15 07:00:00,25.87844155844156
2023-04-15 08:00:00,99.72883116883116
2023-04-15 09:00:00,223.47805194805196
2023-04-15 10:00:00,461.521038961039
2023-04-15 11:00:00,570.7381818181818
2023-04-15 12:00:00,557.5984415584416
2023-04-15 13:00:00,522.1155844155844
2023-04-15 14:00:00,448.5312987012986
2023-04-15 15:00:00,342.34155844155845
2023-04-15 16:00:00,383.8002597402597
2023-04-15 17:00:00,251.21077922077922
2023-04-15 18:00:00,89.55883116883116
2023-04-15 19:00:00,24.64896103896104
2023-04-15 20:00:00,0.0
2023-04-15 21:00:00,0.0
2023-04-15 22:00:00,0.0
2023-04-15 23:00:00,0.0
2023-04-16 00:00:00,0.0
2023-04-16 01:00:00,0.0
2023-04-16 02:00:00,0.0
2023-04-16 03:00:00,0.0
2023-04-16 04:00:00,0.0
2023-04-16 05:00:00,0.0
2023-04-16 06:00:00,0.0
2023-04-16 07:00:00,31.495584415584414
2023-04-16 08:00:00,110.08649350649351
2023-04-16 09:00:00,302.7690909090909
2023-04-16 10:00:00,516.3393506493506
2023-04-16 11:00:00,567.0823376623377
2023-04-16 12:00:00,633.3722077922077
2023-04-16 13:00:00,748.1448051948053
2023-04-16 14:00:00,755.9053246753247
2023-04-16 15:00:00,698.0057142857144
2023-04-16 16:00:00,489.19987012987013
2023-04-16 17:00:00,317.8131168831169
2023-04-16 18:00:00,123.21233766233766
2023-04-16 19:00:00,25.077272727272728
2023-04-16 20:00:00,0.0
2023-04-16 21:00:00,0.0
2023-04-16 22:00:00,0.0
2023-04-16 23:00:00,0.0
2023-04-17 00:00:00,0.0
2023-04-17 01:00:00,0.0
2023-04-17 02:00:00,0.0
2023-04-17 03:00:00,0.0
2023-04-17 04:00:00,0.0
2023-04-17 05:00:00,0.0
2023-04-17 06:00:00,0.0
2023-04-17 07:00:00,36.85688311688312
2023-04-17 08:00:00,121.96753246753246
2023-04-17 09:00:00,397.91311688311686
2023-04-17 10:00:00,627.3962337662338
2023-04-17 11:00:00,740.6802597402598
2023-04-17 12:00:00,898.5064935064935
2023-04-17 13:00:00,954.1694805194805
2023-04-17 14:00:00,857.5720779220779
2023-04-17 15:00:00,776.2649350649351
2023-04-17 16:00:00,560.1771428571428
2023-04-17 17:00:00,406.8511688311688
2023-04-17 18:00:00,146.1157142857143
2023-04-17 19:00:00,27.950519480519482
2023-04-17 20:00:00,0.0
2023-04-17 21:00:00,0.0
2023-04-17 22:00:00,0.0
2023-04-17 23:00:00,0.0
2023-04-18 00:00:00,0.0
2023-04-18 01:00:00,0.0
2023-04-18 02:00:00,0.0
2023-04-18 03:00:00,0.0
2023-04-18 04:00:00,0.0
2023-04-18 05:00:00,0.0
2023-04-18 06:00:00,0.0
2023-04-18 07:00:00,36.48922077922078
2023-04-18 08:00:00,132.8335064935065
2023-04-18 09:00:00,463.44207792207794
2023-04-18 10:00:00,695.0581818181818
2023-04-18 11:00:00,941.9688311688312
2023-04-18 12:00:00,1051.7983116883117
2023-04-18 13:00:00,915.505064935065
2023-04-18 14:00:00,1022.7992207792207
2023-04-18 15:00:00,865.9238961038961
2023-04-18 16:00:00,650.3532467532467
2023-04-18 17:00:00,406.49779220779226
2023-04-18 18:00:00,141.25844155844155
2023-04-18 19:00:00,30.99974025974026
2023-04-18 20:00:00,0.0
2023-04-18 21:00:00,0.0
2023-04-18 22:00:00,0.0
2023-04-18 23:00:00,0.0
2023-04-19 00:00:00,0.0
2023-04-19 01:00:00,0.0
2023-04-19 02:00:00,0.0
2023-04-19 03:00:00,0.0
2023-04-19 04:00:00,0.0
2023-04-19 05:00:00,0.0
2023-04-19 06:00:00,0.0
2023-04-19 07:00:00,30.99077922077922
2023-04-19 08:00:00,133.10415584415585
2023-04-19 09:00:00,485.8976623376624
2023-04-19 10:00:00,743.5823376623376
2023-04-19 11:00:00,940.0432467532468
2023-04-19 12:00:00,1071.1807792207792
2023-04-19 13:00:00,1116.195714285714
2023-04-19 14:00:00,1042.3025974025975
2023-04-19 15:00:00,873.888051948052
2023-04-19 16:00:00,659.2418181818182
2023-04-19 17:00:00,403.4231168831169
2023-04-19 18:00:00,132.88246753246753
2023-04-19 19:00:00,22.513116883116883
2023-04-19 20:00:00,0.0
2023-04-19 21:00:00,0.0
2023-04-19 22:00:00,0.0
2023-04-19 23:00:00,0.0
2023-04-20 00:00:00,0.0
2023-04-20 01:00:00,0.0
2023-04-20 02:00:00,0.0
2023-04-20 03:00:00,0.0
2023-04-20 04:00:00,0.0
2023-04-20 05:00:00,0.0
2023-04-20 06:00:00,0.0
2023-04-20 07:00:00,23.193766233766233
2023-04-20 08:00:00,80.34116883116884
2023-04-20 09:00:00,221.31948051948055
2023-04-20 10:00:00,352.87025974025977
2023-04-20 11:00:00,382.54636363636365
2023-04-20 12:00:00,424.5520779220779
2023-04-20 13:00:00,357.7301298701299
2023-04-20 14:00:00,424.79454545454547
2023-04-20 15:00:00,397.5342857142857
2023-04-20 16:00:00,230.97246753246753
2023-04-20 17:00:00,139.17311688311688
2023-04-20 18:00:00,54.37922077922077
2023-04-20 19:00:00,16.654415584415585
2023-04-20 20:00:00,0.0
2023-04-20 21:00:00,0.0
2023-04-20 22:00:00,0.0
2023-04-20 23:00:00,0.0
2023-04-21 00:00:00,0.0
2023-04-21 01:00:00,0.0
2023-04-21 02:00:00,0.0
2023-04-21 03:00:00,0.0
2023-04-21 04:00:00,0.0
2023-04-21 05:00:00,0.0
2023-04-21 06:00:00,0.0
2023-04-21 07:00:00,21.83207792207792
2023-04-21 08:00:00,112.37818181818183
2023-04-21 09:00:00,280.3503896103896
2023-04-21 10:00:00,444.0446753246754
2023-04-21 11:00:00,543.0627272727273
2023-04-21 12:00:00,510.73194805194805
2023-04-21 13:00:00,426.1098701298701
2023-04-21 14:00:00,462.4093506493506
2023-04-21 15:00:00,467.11480519480523
2023-04-21 16:00:00,352.74415584415584
2023-04-21 17:00:00,245.89272727272729
2023-04-21 18:00:00,120.61597402597403
2023-04-21 19:00:00,39.041948051948054
2023-04-21 20:00:00,0.0
2023-04-21 21:00:00,0.0
2023-04-21 22:00:00,0.0
2023-04-21 23:00:00,0.0
2023-04-22 00:00:00,0.0
2023-04-22 01:00:00,0.0
2023-04-22 02:00:00,0.0
2023-04-22 03:00:00,0.0
2023-04-22 04:00:00,0.0
2023-04-22 05:00:00,0.0
2023-04-22 06:00:00,0.0
2023-04-22 07:00:00,48.82844155844156
2023-04-22 08:00:00,133.79883116883119
2023-04-22 09:00:00,316.7937662337663
2023-04-22 10:00:00,393.68467532467537
2023-04-22 11:00:00,513.417012987013
2023-04-22 12:00:00,709.00987012987
2023-04-22 13:00:00,689.5454545454546
2023-04-22 14:00:00,619.0312987012987
2023-04-22 15:00:00,376.0348051948052
2023-04-22 16:00:00,226.87233766233769
2023-04-22 17:00:00,216.42545454545453
2023-04-22 18:00:00,126.42415584415585
2023-04-22 19:00:00,41.143896103896104
2023-04-22 20:00:00,0.0
2023-04-22 21:00:00,0.0
2023-04-22 22:00:00,0.0
2023-04-22 23:00:00,0.0
2023-04-23 00:00:00,0.0
2023-04-23 01:00:00,0.0
2023-04-23 02:00:00,0.0
2023-04-23 03:00:00,0.0
2023-04-23 04:00:00,0.0
2023-04-23 05:00:00,0.0
2023-04-23 06:00:00,0.0
2023-04-23 07:00:00,35.196883116883114
2023-04-23 08:00:00,128.18896103896105
2023-04-23 09:00:00,332.8762337662338
2023-04-23 10:00:00,382.95935064935065
2023-04-23 11:00:00,553.8249350649351
2023-04-23 12:00:00,794.8758441558442
2023-04-23 13:00:00,682.9607792207793
2023-04-23 14:00:00,572.9927272727273
2023-04-23 15:00:00,533.5205194805195
2023-04-23 16:00:00,358.8690909090909
2023-04-23 17:00:00,238.30454545454546
2023-04-23 18:00:00,119.9374025974026
2023-04-23 19:00:00,33.3412987012987
2023-04-23 20:00:00,0.0
2023-04-23 21:00:00,0.0
2023-04-23 22:00:00,0.0
2023-04-23 23:00:00,0.0
2023-04-24 00:00:00,0.0
2023-04-24 01:00:00,0.0
2023-04-24 02:00:00,0.0
2023-04-24 03:00:00,0.0
2023-04-24 04:00:00,0.0
2023-04-24 05:00:00,0.0
2023-04-24 06:00:00,0.0
2023-04-24 07:00:00,37.90792207792208
2023-04-24 08:00:00,124.83181818181819
2023-04-24 09:00:00,365.8772727272727
2023-04-24 10:00:00,553.0453246753247
2023-04-24 11:00:00,751.6462337662338
2023-04-24 12:00:00,882.9394805194805
2023-04-24 13:00:00,944.317922077922
2023-04-24 14:00:00,951.1187012987012
2023-04-24 15:00:00,808.4211688311689
2023-04-24 16:00:00,618.1850649350649
2023-04-24 17:00:00,392.28220779220777
2023-04-24 18:00:00,144.57610389610392
2023-04-24 19:00:00,33.663116883116885
2023-04-24 20:00:00,0.0
2023-04-24 21:00:00,0.0
2023-04-24 22:00:00,0.0
2023-04-24 23:00:00,0.0
2023-04-25 00:00:00,0.0
2023-04-25 01:00:00,0.0
2023-04-25 02:00:00,0.0
2023-04-25 03:00:00,0.0
2023-04-25 04:00:00,0.0
2023-04-25 05:00:00,0.0
2023-04-25 06:00:00,5.459480519480519
2023-04-25 07:00:00,40.31454545454545
2023-04-25 08:00:00,128.36376623376623
2023-04-25 09:00:00,340.488051948052
2023-04-25 10:00:00,508.26207792207794
2023-04-25 11:00:00,656.3287012987013
2023-04-25 12:00:00,862.1749350649351
2023-04-25 13:00:00,782.762987012987
2023-04-25 14:00:00,804.5571428571428
2023-04-25 15:00:00,812.0705194805195
2023-04-25 16:00:00,650.9046753246754
2023-04-25 17:00:00,408.6623376623377
2023-04-25 18:00:00,149.8148051948052
2023-04-25 19:00:00,32.02974025974026
2023-04-25 20:00:00,0.0
2023-04-25 21:00:00,0.0
2023-04-25 22:00:00,0.0
2023-04-25 23:00:00,0.0
2023-04-26 00:00:00,0.0
2023-04-26 01:00:00,0.0
2023-04-26 02:00:00,0.0
2023-04-26 03:00:00,0.0
2023-04-26 04:00:00,0.0
2023-04-26 05:00:00,0.0
2023-04-26 06:00:00,6.729480519480519
2023-04-26 07:00:00,53.280779220779216
2023-04-26 08:00:00,169.59974025974026
2023-04-26 09:00:00,474.1801298701299
2023-04-26 10:00:00,739.5329870129871
2023-04-26 11:00:00,904.8368831168832
2023-04-26 12:00:00,978.5558441558442
2023-04-26 13:00:00,1022.9648051948051
2023-04-26 14:00:00,996.5476623376624
2023-04-26 15:00:00,850.7896103896104
2023-04-26 16:00:00,615.8150649350649
2023-04-26 17:00:00,378.74727272727273
2023-04-26 18:00:00,144.54233766233767
2023-04-26 19:00:00,41.559480519480516
2023-04-26 20:00:00,0.0
2023-04-26 21:00:00,0.0
2023-04-26 22:00:00,0.0
2023-04-26 23:00:00,0.0
2023-04-27 00:00:00,0.0
2023-04-27 01:00:00,0.0
2023-04-27 02:00:00,0.0
2023-04-27 03:00:00,0.0
2023-04-27 04:00:00,0.0
2023-04-27 05:00:00,0.0
2023-04-27 06:00:00,5.85064935064935
2023-04-27 07:00:00,35.335064935064935
2023-04-27 08:00:00,165.03532467532466
2023-04-27 09:00:00,444.77272727272725
2023-04-27 10:00:00,656.1041558441559
2023-04-27 11:00:00,845.9022077922078
2023-04-27 12:00:00,959.0562337662338
2023-04-27 13:00:00,930.3845454545454
2023-04-27 14:00:00,912.9793506493507
2023-04-27 15:00:00,786.5158441558442
2023-04-27 16:00:00,524.2396103896103
2023-04-27 17:00:00,376.14935064935065
2023-04-27 18:00:00,146.93714285714285
2023-04-27 19:00:00,31.495584415584414
2023-04-27 20:00:00,0.0
2023-04-27 21:00:00,0.0
2023-04-27 22:00:00,0.0
2023-04-27 23:00:00,0.0
2023-04-28 00:00:00,0.0
2023-04-28 01:00:00,0.0
2023-04-28 02:00:00,0.0
2023-04-28 03:00:00,0.0
2023-04-28 04:00:00,0.0
2023-04-28 05:00:00,0.0
2023-04-28 06:00:00,6.637922077922078
2023-04-28 07:00:00,47.49649350649351
2023-04-28 08:00:00,111.08311688311687
2023-04-28 09:00:00,272.1033766233766
2023-04-28 10:00:00,455.2779220779221
2023-04-28 11:00:00,505.928961038961
2023-04-28 12:00:00,489.39233766233764
2023-04-28 13:00:00,629.7768831168831
2023-04-28 14:00:00,613.1171428571428
2023-04-28 15:00:00,615.8822077922079
2023-04-28 16:00:00,471.7585714285714
2023-04-28 17:00:00,346.60571428571427
2023-04-28 18:00:00,133.69571428571427
2023-04-28 19:00:00,35.384935064935064
2023-04-28 20:00:00,0.0
2023-04-28 21:00:00,0.0
2023-04-28 22:00:00,0.0
2023-04-28 23:00:00,0.0
2023-04-29 00:00:00,0.0
2023-04-29 01:00:00,0.0
2023-04-29 02:00:00,0.0
2023-04-29 03:00:00,0.0
2023-04-29 04:00:00,0.0
2023-04-29 05:00:00,0.0
2023-04-29 06:00:00,4.0101298701298695
2023-04-29 07:00:00,33.73025974025974
2023-04-29 08:00:00,98.10441558441559
2023-04-29 09:00:00,166.76168831168832
2023-04-29 10:00:00,419.0042857142857
2023-04-29 11:00:00,679.048961038961
2023-04-29 12:00:00,856.2879220779221
2023-04-29 13:00:00,763.7133766233766
2023-04-29 14:00:00,791.474935064935
2023-04-29 15:00:00,625.3094805194804
2023-04-29 16:00:00,544.4732467532467
2023-04-29 17:00:00,349.15337662337663
2023-04-29 18:00:00,145.80519480519482
2023-04-29 19:00:00,42.5787012987013
2023-04-29 20:00:00,0.0
2023-04-29 21:00:00,0.0
2023-04-29 22:00:00,0.0
2023-04-29 23:00:00,0.0
2023-04-30 00:00:00,0.0
2023-04-30 01:00:00,0.0
2023-04-30 02:00:00,0.0
2023-04-30 03:00:00,0.0
2023-04-30 04:00:00,0.0
2023-04-30 05:00:00,0.0
2023-04-30 06:00:00,6.631298701298702
2023-04-30 07:00:00,39.067142857142855
2023-04-30 08:00:00,135.99584415584417
2023-04-30 09:00:00,230.06441558441557
2023-04-30 10:00:00,373.7376623376623
2023-04-30 11:00:00,475.2557142857143
2023-04-30 12:00:00,361.56896103896105
2023-04-30 13:00:00,489.7316883116883
2023-04-30 14:00:00,409.3261038961039
2023-04-30 15:00:00,237.60246753246753
2023-04-30 16:00:00,135.02298701298702
2023-04-30 17:00:00,172.48662337662338
2023-04-30 18:00:00,76.50025974025975
2023-04-30 19:00:00,34.9125974025974
2023-04-30 20:00:00,0.0
2023-04-30 21:00:00,0.0
2023-04-30 22:00:00,0.0
2023-04-30 23:00:00,0.0
2023-05-01 00:00:00,0.0
2023-05-01 01:00:00,0.0
2023-05-01 02:00:00,0.0
2023-05-01 03:00:00,0.0
2023-05-01 04:00:00,0.0
2023-05-01 05:00:00,0.0
2023-05-01 06:00:00,1.8231168831168831
2023-05-01 07:00:00,6.780000000000001
2023-05-01 08:00:00,58.84857142857143
2023-05-01 09:00:00,60.06454545454546
2023-05-01 10:00:00,121.53792207792208
2023-05-01 11:00:00,136.4555844155844
2023-05-01 12:00:00,149.76935064935063
2023-05-01 13:00:00,185.58688311688312
2023-05-01 14:00:00,199.42233766233767
2023-05-01 15:00:00,159.46168831168833
2023-05-01 16:00:00,127.2731168831169
2023-05-01 17:00:00,101.32103896103895
2023-05-01 18:00:00,91.33272727272727
2023-05-01 19:00:00,38.75623376623377
2023-05-01 20:00:00,3.3105194805194804
2023-05-01 21:00:00,0.0
2023-05-01 22:00:00,0.0
2023-05-01 23:00:00,0.0
2023-05-02 00:00:00,0.0
2023-05-02 01:00:00,0.0
2023-05-02 02:00:00,0.0
2023-05-02 03:00:00,0.0
2023-05-02 04:00:00,0.0
2023-05-02 05:00:00,0.0
2023-05-02 06:00:00,10.818571428571428
2023-05-02 07:00:00,59.18155844155844
2023-05-02 08:00:00,152.04246753246753
2023-05-02 09:00:00,369.0172727272727
2023-05-02 10:00:00,576.8641558441559
2023-05-02 11:00:00,776.7301298701299
2023-05-02 12:00:00,852.6402597402598
2023-05-02 13:00:00,898.2745454545454
2023-05-02 14:00:00,863.8141558441558
2023-05-02 15:00:00,792.4522077922078
2023-05-02 16:00:00,639.6897402597402
2023-05-02 17:00:00,397.6281818181818
2023-05-02 18:00:00,148.23402597402597
2023-05-02 19:00:00,38.56324675324675
2023-05-02 20:00:00,5.522987012987013
2023-05-02 21:00:00,0.0
2023-05-02 22:00:00,0.0
2023-05-02 23:00:00,0.0
2023-05-03 00:00:00,0.0
2023-05-03 01:00:00,0.0
2023-05-03 02:00:00,0.0
2023-05-03 03:00:00,0.0
2023-05-03 04:00:00,0.0
2023-05-03 05:00:00,0.0
2023-05-03 06:00:00,9.508571428571429
2023-05-03 07:00:00,49.6512987012987
2023-05-03 08:00:00,194.6187012987013
2023-05-03 09:00:00,473.6077922077923
2023-05-03 10:00:00,724.7123376623376
2023-05-03 11:00:00,909.5577922077922
2023-05-03 12:00:00,1021.1267532467532
2023-05-03 13:00:00,1039.046753246753
2023-05-03 14:00:00,968.2636363636364
2023-05-03 15:00:00,853.4767532467533
2023-05-03 16:00:00,672.9755844155843
2023-05-03 17:00:00,422.96935064935064
2023-05-03 18:00:00,148.1477922077922
2023-05-03 19:00:00,35.77077922077922
2023-05-03 20:00:00,5.897142857142857
2023-05-03 21:00:00,0.0
2023-05-03 22:00:00,0.0
2023-05-03 23:00:00,0.0
2023-05-04 00:00:00,0.0
2023-05-04 01:00:00,0.0
2023-05-04 02:00:00,0.0
2023-05-04 03:00:00,0.0
2023-05-04 04:00:00,0.0
2023-05-04 05:00:00,0.0
2023-05-04 06:00:00,9.773116883116883
2023-05-04 07:00:00,60.76168831168831
2023-05-04 08:00:00,140.78935064935064
2023-05-04 09:00:00,356.44805194805195
2023-05-04 10:00:00,565.938051948052
2023-05-04 11:00:00,744.3075324675325
2023-05-04 12:00:00,834.2142857142857
2023-05-04 13:00:00,837.124025974026
2023-05-04 14:00:00,856.7461038961038
2023-05-04 15:00:00,725.724935064935
2023-05-04 16:00:00,615.1088311688312
2023-05-04 17:00:00,404.5920779220779
2023-05-04 18:00:00,149.61246753246752
2023-05-04 19:00:00,44.17974025974026
2023-05-04 20:00:00,6.614545454545454
2023-05-04 21:00:00,0.0
2023-05-04 22:00:00,0.0
2023-05-04 23:00:00,0.0
2023-05-05 00:00:00,0.0
2023-05-05 01:00:00,0.0
2023-05-05 02:00:00,0.0
2023-05-05 03:00:00,0.0
2023-05-05 04:00:00,0.0
2023-05-05 05:00:00,0.0
2023-05-05 06:00:00,11.037272727272727
2023-05-05 07:00:00,46.6987012987013
2023-05-05 08:00:00,178.31571428571428
2023-05-05 09:00:00,437.1262337662338
2023-05-05 10:00:00,663.5715584415585
2023-05-05 11:00:00,802.5215584415585
2023-05-05 12:00:00,871.8790909090909
2023-05-05 13:00:00,693.9709090909091
2023-05-05 14:00:00,708.5914285714285
2023-05-05 15:00:00,613.107012987013
2023-05-05 16:00:00,428.355974025974
2023-05-05 17:00:00,299.8190909090909
2023-05-05 18:00:00,154.0292207792208
2023-05-05 19:00:00,53.00805194805195
2023-05-05 20:00:00,6.742467532467532
2023-05-05 21:00:00,0.0
2023-05-05 22:00:00,0.0
2023-05-05 23:00:00,0.0
2023-05-06 00:00:00,0.0
2023-05-06 01:00:00,0.0
2023-05-06 02:00:00,0.0
2023-05-06 03:00:00,0.0
2023-05-06 04:00:00,0.0
2023-05-06 05:00:00,0.0
2023-05-06 06:00:00,11.233636363636364
2023-05-06 07:00:00,47.26298701298701
2023-05-06 08:00:00,171.70636363636365
2023-05-06 09:00:00,395.8231168831168
2023-05-06 10:00:00,619.8983116883117
2023-05-06 11:00:00,815.0685714285714
2023-05-06 12:00:00,948.919090909091
2023-05-06 13:00:00,936.7306493506493
2023-05-06 14:00:00,842.5616883116883
2023-05-06 15:00:00,646.7927272727272
2023-05-06 16:00:00,518.8371428571428
2023-05-06 17:00:00,316.57922077922075
2023-05-06 18:00:00,141.12142857142857
2023-05-06 19:00:00,40.41142857142857
2023-05-06 20:00:00,6.326363636363636
2023-05-06 21:00:00,0.0
2023-05-06 22:00:00,0.0
2023-05-06 23:00:00,0.0
2023-05-07 00:00:00,0.0
2023-05-07 01:00:00,0.0
2023-05-07 02:00:00,0.0
2023-05-07 03:00:00,0.0
2023-05-07 04:00:00,0.0
2023-05-07 05:00:00,0.0
2023-05-07 06:00:00,14.027922077922076
2023-05-07 07:00:00,60.82415584415585
2023-05-07 08:00:00,157.0892207792208
2023-05-07 09:00:00,383.1645454545454
2023-05-07 10:00:00,569.5059740259741
2023-05-07 11:00:00,736.587012987013
2023-05-07 12:00:00,740.3250649350649
2023-05-07 13:00:00,522.7674025974026
2023-05-07 14:00:00,401.3076623376623
2023-05-07 15:00:00,293.43999999999994
2023-05-07 16:00:00,233.8690909090909
2023-05-07 17:00:00,161.9324675324675
2023-05-07 18:00:00,96.37779220779221
2023-05-07 19:00:00,27.75363636363636
2023-05-07 20:00:00,3.353636363636364
2023-05-07 21:00:00,0.0
2023-05-07 22:00:00,0.0
2023-05-07 23:00:00,0.0
2023-05-08 00:00:00,0.0
2023-05-08 01:00:00,0.0
2023-05-08 02:00:00,0.0
2023-05-08 03:00:00,0.0
2023-05-08 04:00:00,0.0
2023-05-08 05:00:00,0.0
2023-05-08 06:00:00,9.33025974025974
2023-05-08 07:00:00,55.67155844155844
2023-05-08 08:00:00,149.94285714285712
2023-05-08 09:00:00,406.27415584415587
2023-05-08 10:00:00,524.1068831168832
2023-05-08 11:00:00,589.9954545454545
2023-05-08 12:00:00,749.3220779220779
2023-05-08 13:00:00,746.3629870129871
2023-05-08 14:00:00,653.8953246753247
2023-05-08 15:00:00,581.7483116883117
2023-05-08 16:00:00,415.1862337662338
2023-05-08 17:00:00,282.13272727272727
2023-05-08 18:00:00,127.31233766233765
2023-05-08 19:00:00,46.60181818181818
2023-05-08 20:00:00,8.451428571428572
2023-05-08 21:00:00,0.0
2023-05-08 22:00:00,0.0
2023-05-08 23:00:00,0.0
2023-05-09 00:00:00,0.0
2023-05-09 01:00:00,0.0
2023-05-09 02:00:00,0.0
2023-05-09 03:00:00,0.0
2023-05-09 04:00:00,0.0
2023-05-09 05:00:00,0.0
2023-05-09 06:00:00,12.459999999999999
2023-05-09 07:00:00,52.231688311688316
2023-05-09 08:00:00,135.9609090909091
2023-05-09 09:00:00,264.71688311688314
2023-05-09 10:00:00,537.8550649350649
2023-05-09 11:00:00,520.0042857142857
2023-05-09 12:00:00,620.4670129870129
2023-05-09 13:00:00,498.1874025974026
2023-05-09 14:00:00,524.1954545454546
2023-05-09 15:00:00,384.58818181818185
2023-05-09 16:00:00,252.61454545454546
2023-05-09 17:00:00,115.33064935064934
2023-05-09 18:00:00,41.40038961038962
2023-05-09 19:00:00,11.175064935064935
2023-05-09 20:00:00,2.1610389610389613
2023-05-09 21:00:00,0.0
2023-05-09 22:00:00,0.0
2023-05-09 23:00:00,0.0
2023-05-10 00:00:00,0.0
2023-05-10 01:00:00,0.0
2023-05-10 02:00:00,0.0
2023-05-10 03:00:00,0.0
2023-05-10 04:00:00,0.0
2023-05-10 05:00:00,0.0
2023-05-10 06:00:00,7.0757142857142865
2023-05-10 07:00:00,38.32545454545455
2023-05-10 08:00:00,100.08
2023-05-10 09:00:00,187.57194805194806
2023-05-10 10:00:00,244.39519480519482
2023-05-10 11:00:00,377.87896103896105
2023-05-10 12:00:00,607.7825974025974
2023-05-10 13:00:00,599.8157142857143
2023-05-10 14:00:00,685.6745454545455
2023-05-10 15:00:00,599.2919480519481
2023-05-10 16:00:00,489.95558441558444
2023-05-10 17:00:00,279.9622077922078
2023-05-10 18:00:00,125.06545454545456
2023-05-10 19:00:00,48.57233766233767
2023-05-10 20:00:00,7.998311688311689
2023-05-10 21:00:00,0.0
2023-05-10 22:00:00,0.0
2023-05-10 23:00:00,0.0
2023-05-11 00:00:00,0.0
2023-05-11 01:00:00,0.0
2023-05-11 02:00:00,0.0
2023-05-11 03:00:00,0.0
2023-05-11 04:00:00,0.0
2023-05-11 05:00:00,0.0
2023-05-11 06:00:00,14.374805194805193
2023-05-11 07:00:00,60.85077922077922
2023-05-11 08:00:00,159.7574025974026
2023-05-11 09:00:00,324.3771428571428
2023-05-11 10:00:00,448.4959740259741
2023-05-11 11:00:00,547.9192207792207
2023-05-11 12:00:00,605.4333766233766
2023-05-11 13:00:00,583.6919480519481
2023-05-11 14:00:00,669.9772727272726
2023-05-11 15:00:00,602.9251948051948
2023-05-11 16:00:00,449.20584415584415
2023-05-11 17:00:00,294.1350649350649
2023-05-11 18:00:00,90.08389610389611
2023-05-11 19:00:00,47.72324675324675
2023-05-11 20:00:00,7.888051948051948
2023-05-11 21:00:00,0.0
2023-05-11 22:00:00,0.0
2023-05-11 23:00:00,0.0
2023-05-12 00:00:00,0.0
2023-05-12 01:00:00,0.0
2023-05-12 02:00:00,0.0
2023-05-12 03:00:00,0.0
2023-05-12 04:00:00,0.0
2023-05-12 05:00:00,0.0
2023-05-12 06:00:00,15.751688311688314
2023-05-12 07:00:00,54.374025974025976
2023-05-12 08:00:00,134.6275324675325
2023-05-12 09:00:00,330.5631168831169
2023-05-12 10:00:00,444.2163636363636
2023-05-12 11:00:00,669.1896103896105
2023-05-12 12:00:00,809.0650649350648
2023-05-12 13:00:00,641.555064935065
2023-05-12 14:00:00,606.0655844155845
2023-05-12 15:00:00,510.1818181818182
2023-05-12 16:00:00,313.2725974025974
2023-05-12 17:00:00,221.0033766233766
2023-05-12 18:00:00,120.62402597402597
2023-05-12 19:00:00,53.71844155844157
2023-05-12 20:00:00,10.737792207792209
2023-05-12 21:00:00,0.0
2023-05-12 22:00:00,0.0
2023-05-12 23:00:00,0.0
2023-05-13 00:00:00,0.0
2023-05-13 01:00:00,0.0
2023-05-13 02:00:00,0.0
2023-05-13 03:00:00,0.0
2023-05-13 04:00:00,0.0
2023-05-13 05:00:00,0.0
2023-05-13 06:00:00,10.933506493506494
2023-05-13 07:00:00,48.25805194805195
2023-05-13 08:00:00,132.0168831168831
2023-05-13 09:00:00,315.298961038961
2023-05-13 10:00:00,446.99584415584417
2023-05-13 11:00:00,670.1710389610389
2023-05-13 12:00:00,627.0676623376623
2023-05-13 13:00:00,594.3298701298702
2023-05-13 14:00:00,503.75480519480516
2023-05-13 15:00:00,540.7414285714285
2023-05-13 16:00:00,376.1316883116883
2023-05-13 17:00:00,247.5003896103896
2023-05-13 18:00:00,139.95987012987013
2023-05-13 19:00:00,52.19974025974026
2023-05-13 20:00:00,10.135454545454545
2023-05-13 21:00:00,0.0
2023-05-13 22:00:00,0.0
2023-05-13 23:00:00,0.0
2023-05-14 00:00:00,0.0
2023-05-14 01:00:00,0.0
2023-05-14 02:00:00,0.0
2023-05-14 03:00:00,0.0
2023-05-14 04:00:00,0.0
2023-05-14 05:00:00,0.0
2023-05-14 06:00:00,15.62064935064935
2023-05-14 07:00:00,59.22441558441558
2023-05-14 08:00:00,121.2942857142857
2023-05-14 09:00:00,344.3350649350649
2023-05-14 10:00:00,543.6123376623376
2023-05-14 11:00:00,598.5706493506494
2023-05-14 12:00:00,808.9616883116884
2023-05-14 13:00:00,869.86987012987
2023-05-14 14:00:00,639.4716883116884
2023-05-14 15:00:00,527.5823376623377
2023-05-14 16:00:00,480.1187012987013
2023-05-14 17:00:00,318.85675324675327
2023-05-14 18:00:00,131.04597402597403
2023-05-14 19:00:00,44.166753246753245
2023-05-14 20:00:00,9.805714285714286
2023-05-14 21:00:00,0.0
2023-05-14 22:00:00,0.0
2023-05-14 23:00:00,0.0
2023-05-15 00:00:00,0.0
2023-05-15 01:00:00,0.0
2023-05-15 02:00:00,0.0
2023-05-15 03:00:00,0.0
2023-05-15 04:00:00,0.0
2023-05-15 05:00:00,0.0
2023-05-15 06:00:00,17.252727272727274
2023-05-15 07:00:00,68.90857142857143
2023-05-15 08:00:00,178.33025974025975
2023-05-15 09:00:00,413.05012987012987
2023-05-15 10:00:00,626.4666233766234
2023-05-15 11:00:00,747.5522077922077
2023-05-15 12:00:00,894.0541558441558
2023-05-15 13:00:00,893.4012987012986
2023-05-15 14:00:00,797.5912987012987
2023-05-15 15:00:00,732.7671428571429
2023-05-15 16:00:00,542.6681818181818
2023-05-15 17:00:00,344.4196103896104
2023-05-15 18:00:00,140.9503896103896
2023-05-15 19:00:00,50.89805194805195
2023-05-15 20:00:00,11.992597402597402
2023-05-15 21:00:00,0.0
2023-05-15 22:00:00,0.0
2023-05-15 23:00:00,0.0
2023-05-16 00:00:00,0.0
2023-05-16 01:00:00,0.0
2023-05-16 02:00:00,0.0
2023-05-16 03:00:00,0.0
2023-05-16 04:00:00,0.0
2023-05-16 05:00:00,0.0
2023-05-16 06:00:00,17.770779220779218
2023-05-16 07:00:00,62.69779220779221
2023-05-16 08:00:00,164.65675324675325
2023-05-16 09:00:00,357.2622077922078
2023-05-16 10:00:00,479.1466233766234
2023-05-16 11:00:00,610.0937662337664
2023-05-16 12:00:00,614.2692207792209
2023-05-16 13:00:00,483.9511688311688
2023-05-16 14:00:00,293.96714285714285
2023-05-16 15:00:00,277.0577922077922
2023-05-16 16:00:00,181.4438961038961
2023-05-16 17:00:00,131.8596103896104
2023-05-16 18:00:00,54.88012987012986
2023-05-16 19:00:00,28.520389610389607
2023-05-16 20:00:00,7.816883116883116
2023-05-16 21:00:00,0.0
2023-05-16 22:00:00,0.0
2023-05-16 23:00:00,0.0
2023-05-17 00:00:00,0.0
2023-05-17 01:00:00,0.0
2023-05-17 02:00:00,0.0
2023-05-17 03:00:00,0.0
2023-05-17 04:00:00,0.0
2023-05-17 05:00:00,0.0
2023-05-17 06:00:00,17.530519480519484
2023-05-17 07:00:00,69.05662337662338
2023-05-17 08:00:00,165.97779220779222
2023-05-17 09:00:00,269.78844155844155
2023-05-17 10:00:00,429.66298701298706
2023-05-17 11:00:00,395.6698701298701
2023-05-17 12:00:00,449.4659740259741
2023-05-17 13:00:00,386.6266233766234
2023-05-17 14:00:00,385.0623376623377
2023-05-17 15:00:00,258.1272727272727
2023-05-17 16:00:00,181.04883116883119
2023-05-17 17:00:00,149.50740259740257
2023-05-17 18:00:00,71.0657142857143
2023-05-17 19:00:00,35.08610389610389
2023-05-17 20:00:00,8.562857142857144
2023-05-17 21:00:00,0.0
2023-05-17 22:00:00,0.0
2023-05-17 23:00:00,0.0
2023-05-18 00:00:00,0.0
2023-05-18 01:00:00,0.0
2023-05-18 02:00:00,0.0
2023-05-18 03:00:00,0.0
2023-05-18 04:00:00,0.0
2023-05-18 05:00:00,0.0
2023-05-18 06:00:00,16.36077922077922
2023-05-18 07:00:00,56.760909090909095
2023-05-18 08:00:00,127.37207792207792
2023-05-18 09:00:00,255.57727272727274
2023-05-18 10:00:00,341.9342857142857
2023-05-18 11:00:00,310.8005194805195
2023-05-18 12:00:00,238.14077922077922
2023-05-18 13:00:00,232.85532467532468
2023-05-18 14:00:00,173.62649350649352
2023-05-18 15:00:00,243.93584415584417
2023-05-18 16:00:00,202.93844155844155
2023-05-18 17:00:00,185.49441558441558
2023-05-18 18:00:00,128.6292207792208
2023-05-18 19:00:00,41.48207792207792
2023-05-18 20:00:00,9.337402597402596
2023-05-18 21:00:00,0.0
2023-05-18 22:00:00,0.0
2023-05-18 23:00:00,0.0
2023-05-19 00:00:00,0.0
2023-05-19 01:00:00,0.0
2023-05-19 02:00:00,0.0
2023-05-19 03:00:00,0.0
2023-05-19 04:00:00,0.0
2023-05-19 05:00:00,0.0
2023-05-19 06:00:00,10.386623376623376
2023-05-19 07:00:00,41.866103896103894
2023-05-19 08:00:00,117.53012987012987
2023-05-19 09:00:00,204.3677922077922
2023-05-19 10:00:00,319.47857142857146
2023-05-19 11:00:00,322.17766233766235
2023-05-19 12:00:00,363.8262337662338
2023-05-19 13:00:00,384.07740259740257
2023-05-19 14:00:00,381.55298701298705
2023-05-19 15:00:00,294.995064935065
2023-05-19 16:00:00,214.85506493506495
2023-05-19 17:00:00,97.04116883116883
2023-05-19 18:00:00,48.18883116883117
2023-05-19 19:00:00,24.04168831168831
2023-05-19 20:00:00,4.3225974025974025
2023-05-19 21:00:00,0.0
2023-05-19 22:00:00,0.0
2023-05-19 23:00:00,0.0
2023-05-20 00:00:00,0.0
2023-05-20 01:00:00,0.0
2023-05-20 02:00:00,0.0
2023-05-20 03:00:00,0.0
2023-05-20 04:00:00,0.0
2023-05-20 05:00:00,0.0
2023-05-20 06:00:00,10.877402597402597
2023-05-20 07:00:00,38.43883116883117
2023-05-20 08:00:00,151.75207792207792
2023-05-20 09:00:00,287.5115584415584
2023-05-20 10:00:00,422.4136363636364
2023-05-20 11:00:00,394.0611688311688
2023-05-20 12:00:00,405.4031168831169
2023-05-20 13:00:00,355.3511688311688
2023-05-20 14:00:00,296.71740259740255
2023-05-20 15:00:00,276.87714285714287
2023-05-20 16:00:00,174.26285714285714
2023-05-20 17:00:00,102.58948051948052
2023-05-20 18:00:00,74.83129870129869
2023-05-20 19:00:00,32.82597402597403
2023-05-20 20:00:00,7.49935064935065
2023-05-20 21:00:00,0.0
2023-05-20 22:00:00,0.0
2023-05-20 23:00:00,0.0
2023-05-21 00:00:00,0.0
2023-05-21 01:00:00,0.0
2023-05-21 02:00:00,0.0
2023-05-21 03:00:00,0.0
2023-05-21 04:00:00,0.0
2023-05-21 05:00:00,0.0
2023-05-21 06:00:00,15.397402597402596
2023-05-21 07:00:00,38.394805194805194
2023-05-21 08:00:00,93.55532467532468
2023-05-21 09:00:00,175.40207792207792
2023-05-21 10:00:00,235.0833766233766
2023-05-21 11:00:00,316.9903896103896
2023-05-21 12:00:00,406.0409090909091
2023-05-21 13:00:00,418.20389610389606
2023-05-21 14:00:00,444.5684415584415
2023-05-21 15:00:00,385.81532467532463
2023-05-21 16:00:00,317.70337662337664
2023-05-21 17:00:00,285.31935064935067
2023-05-21 18:00:00,142.69753246753245
2023-05-21 19:00:00,49.75532467532467
2023-05-21 20:00:00,13.977792207792207
2023-05-21 21:00:00,0.0
2023-05-21 22:00:00,0.0
2023-05-21 23:00:00,0.0
2023-05-22 00:00:00,0.0
2023-05-22 01:00:00,0.0
2023-05-22 02:00:00,0.0
2023-05-22 03:00:00,0.0
2023-05-22 04:00:00,0.0
2023-05-22 05:00:00,0.0
2023-05-22 06:00:00,21.58961038961039
2023-05-22 07:00:00,55.57194805194805
2023-05-22 08:00:00,156.51675324675327
2023-05-22 09:00:00,337.56428571428575
2023-05-22 10:00:00,586.5176623376624
2023-05-22 11:00:00,772.9320779220778
2023-05-22 12:00:00,850.0114285714286
2023-05-22 13:00:00,783.802987012987
2023-05-22 14:00:00,717.4790909090909
2023-05-22 15:00:00,585.625974025974
2023-05-22 16:00:00,370.57922077922075
2023-05-22 17:00:00,203.5287012987013
2023-05-22 18:00:00,130.3603896103896
2023-05-22 19:00:00,53.882337662337655
2023-05-22 20:00:00,13.170389610389611
2023-05-22 21:00:00,0.0
2023-05-22 22:00:00,0.0
2023-05-22 23:00:00,0.0
2023-05-23 00:00:00,0.0
2023-05-23 01:00:00,0.0
2023-05-23 02:00:00,0.0
2023-05-23 03:00:00,0.0
2023-05-23 04:00:00,0.0
2023-05-23 05:00:00,0.0
2023-05-23 06:00:00,21.778181818181817
2023-05-23 07:00:00,60.70779220779221
2023-05-23 08:00:00,186.28077922077924
2023-05-23 09:00:00,418.5205194805195
2023-05-23 10:00:00,631.9996103896104
2023-05-23 11:00:00,720.5450649350649
2023-05-23 12:00:00,807.6167532467532
2023-05-23 13:00:00,827.5524675324675
2023-05-23 14:00:00,703.9966233766235
2023-05-23 15:00:00,626.3085714285714
2023-05-23 16:00:00,462.20597402597406
2023-05-23 17:00:00,259.21194805194807
2023-05-23 18:00:00,114.82402597402599
2023-05-23 19:00:00,49.56584415584416
2023-05-23 20:00:00,15.022987012987013
2023-05-23 21:00:00,0.0
2023-05-23 22:00:00,0.0
2023-05-23 23:00:00,0.0
2023-05-24 00:00:00,0.0
2023-05-24 01:00:00,0.0
2023-05-24 02:00:00,0.0
2023-05-24 03:00:00,0.0
2023-05-24 04:00:00,0.0
2023-05-24 05:00:00,0.0
2023-05-24 06:00:00,18.636103896103897
2023-05-24 07:00:00,60.29493506493507
2023-05-24 08:00:00,128.51376623376623
2023-05-24 09:00:00,290.6806493506494
2023-05-24 10:00:00,438.5933766233766
2023-05-24 11:00:00,532.8523376623376
2023-05-24 12:00:00,381.6783116883117
2023-05-24 13:00:00,339.63233766233765
2023-05-24 14:00:00,468.5963636363636
2023-05-24 15:00:00,469.00324675324674
2023-05-24 16:00:00,274.73
2023-05-24 17:00:00,211.01896103896104
2023-05-24 18:00:00,86.69376623376624
2023-05-24 19:00:00,26.90168831168831
2023-05-24 20:00:00,6.783766233766234
2023-05-24 21:00:00,0.0
2023-05-24 22:00:00,0.0
2023-05-24 23:00:00,0.0
2023-05-25 00:00:00,0.0
2023-05-25 01:00:00,0.0
2023-05-25 02:00:00,0.0
2023-05-25 03:00:00,0.0
2023-05-25 04:00:00,0.0
2023-05-25 05:00:00,0.0
2023-05-25 06:00:00,8.655454545454546
2023-05-25 07:00:00,22.03298701298701
2023-05-25 08:00:00,44.92597402597403
2023-05-25 09:00:00,104.95675324675325
2023-05-25 10:00:00,253.69233766233768
2023-05-25 11:00:00,493.51610389610386
2023-05-25 12:00:00,499.89480519480514
2023-05-25 13:00:00,670.4389610389611
2023-05-25 14:00:00,627.9638961038961
2023-05-25 15:00:00,608.3716883116883
2023-05-25 16:00:00,482.39649350649347
2023-05-25 17:00:00,312.7236363636364
2023-05-25 18:00:00,152.03181818181818
2023-05-25 19:00:00,54.606103896103896
2023-05-25 20:00:00,15.953896103896104
2023-05-25 21:00:00,0.0
2023-05-25 22:00:00,0.0
2023-05-25 23:00:00,0.0
2023-05-26 00:00:00,0.0
2023-05-26 01:00:00,0.0
2023-05-26 02:00:00,0.0
2023-05-26 03:00:00,0.0
2023-05-26 04:00:00,0.0
2023-05-26 05:00:00,0.0
2023-05-26 06:00:00,23.865844155844158
2023-05-26 07:00:00,59.09246753246753
2023-05-26 08:00:00,196.4861038961039
2023-05-26 09:00:00,410.9745454545455
2023-05-26 10:00:00,628.5485714285714
2023-05-26 11:00:00,719.2963636363636
2023-05-26 12:00:00,832.5280519480519
2023-05-26 13:00:00,832.4780519480519
2023-05-26 14:00:00,845.0728571428572
2023-05-26 15:00:00,648.3987012987012
2023-05-26 16:00:00,477.17155844155843
2023-05-26 17:00:00,319.5577922077922
2023-05-26 18:00:00,139.3935064935065
2023-05-26 19:00:00,39.73142857142857
2023-05-26 20:00:00,13.38844155844156
2023-05-26 21:00:00,0.0
2023-05-26 22:00:00,0.0
2023-05-26 23:00:00,0.0
2023-05-27 00:00:00,0.0
2023-05-27 01:00:00,0.0
2023-05-27 02:00:00,0.0
2023-05-27 03:00:00,0.0
2023-05-27 04:00:00,0.0
2023-05-27 05:00:00,0.0
2023-05-27 06:00:00,19.61844155844156
2023-05-27 07:00:00,54.25766233766234
2023-05-27 08:00:00,173.16337662337662
2023-05-27 09:00:00,274.1702597402597
2023-05-27 10:00:00,449.21
2023-05-27 11:00:00,554.2231168831169
2023-05-27 12:00:00,615.6941558441558
2023-05-27 13:00:00,623.222987012987
2023-05-27 14:00:00,560.5267532467532
2023-05-27 15:00:00,551.0946753246753
2023-05-27 16:00:00,503.2153246753247
2023-05-27 17:00:00,340.01181818181817
2023-05-27 18:00:00,136.88285714285715
2023-05-27 19:00:00,51.38623376623377
2023-05-27 20:00:00,13.181558441558442
2023-05-27 21:00:00,0.0
2023-05-27 22:00:00,0.0
2023-05-27 23:00:00,0.0
2023-05-28 00:00:00,0.0
2023-05-28 01:00:00,0.0
2023-05-28 02:00:00,0.0
2023-05-28 03:00:00,0.0
2023-05-28 04:00:00,0.0
2023-05-28 05:00:00,0.0
2023-05-28 06:00:00,20.547532467532466
2023-05-28 07:00:00,52.62246753246753
2023-05-28 08:00:00,160.18870129870132
2023-05-28 09:00:00,320.3141558441559
2023-05-28 10:00:00,506.9367532467533
2023-05-28 11:00:00,637.0281818181818
2023-05-28 12:00:00,783.7874025974025
2023-05-28 13:00:00,718.7685714285715
2023-05-28 14:00:00,772.8851948051948
2023-05-28 15:00:00,641.1011688311688
2023-05-28 16:00:00,550.8898701298701
2023-05-28 17:00:00,361.4561038961039
2023-05-28 18:00:00,141.55246753246752
2023-05-28 19:00:00,48.374155844155844
2023-05-28 20:00:00,12.825064935064935
2023-05-28 21:00:00,0.0
2023-05-28 22:00:00,0.0
2023-05-28 23:00:00,0.0
2023-05-29 00:00:00,0.0
2023-05-29 01:00:00,0.0
2023-05-29 02:00:00,0.0
2023-05-29 03:00:00,0.0
2023-05-29 04:00:00,0.0
2023-05-29 05:00:00,0.0
2023-05-29 06:00:00,20.953506493506495
2023-05-29 07:00:00,57.929870129870125
2023-05-29 08:00:00,197.60246753246753
2023-05-29 09:00:00,355.1487012987013
2023-05-29 10:00:00,482.3812987012987
2023-05-29 11:00:00,597.7583116883117
2023-05-29 12:00:00,660.8494805194806
2023-05-29 13:00:00,683.8887012987013
2023-05-29 14:00:00,601.2475324675326
2023-05-29 15:00:00,580.2918181818181
2023-05-29 16:00:00,402.95909090909095
2023-05-29 17:00:00,258.0536363636363
2023-05-29 18:00:00,129.98792207792206
2023-05-29 19:00:00,52.16376623376623
2023-05-29 20:00:00,15.422727272727272
2023-05-29 21:00:00,0.0
2023-05-29 22:00:00,0.0
2023-05-29 23:00:00,0.0
2023-05-30 00:00:00,0.0
2023-05-30 01:00:00,0.0
2023-05-30 02:00:00,0.0
2023-05-30 03:00:00,0.0
2023-05-30 04:00:00,0.0
2023-05-30 05:00:00,0.0
2023-05-30 06:00:00,27.858831168831163
2023-05-30 07:00:00,75.18285714285715
2023-05-30 08:00:00,194.64545454545456
2023-05-30 09:00:00,387.89714285714285
2023-05-30 10:00:00,524.8051948051948
2023-05-30 11:00:00,592.920909090909
2023-05-30 12:00:00,664.7048051948052
2023-05-30 13:00:00,690.4480519480519
2023-05-30 14:00:00,716.8128571428572
2023-05-30 15:00:00,685.8171428571428
2023-05-30 16:00:00,434.6864935064935
2023-05-30 17:00:00,319.9364935064935
2023-05-30 18:00:00,131.33415584415584
2023-05-30 19:00:00,49.28896103896104
2023-05-30 20:00:00,14.981428571428571
2023-05-30 21:00:00,0.0
2023-05-30 22:00:00,0.0
2023-05-30 23:00:00,0.0
2023-05-31 00:00:00,0.0
2023-05-31 01:00:00,0.0
2023-05-31 02:00:00,0.0
2023-05-31 03:00:00,0.0
2023-05-31 04:00:00,0.0
2023-05-31 05:00:00,0.0
2023-05-31 06:00:00,18.782857142857143
2023-05-31 07:00:00,57.997142857142855
2023-05-31 08:00:00,118.51012987012987
2023-05-31 09:00:00,200.72584415584416
2023-05-31 10:00:00,278.5346753246753
2023-05-31 11:00:00,313.12324675324675
2023-05-31 12:00:00,429.5055844155844
2023-05-31 13:00:00,563.6646753246753
2023-05-31 14:00:00,632.9112987012987
2023-05-31 15:00:00,544.3488311688311
2023-05-31 16:00:00,370.11350649350646
2023-05-31 17:00:00,270.3312987012987
2023-05-31 18:00:00,138.75883116883116
2023-05-31 19:00:00,56.34272727272727
2023-05-31 20:00:00,15.438831168831168
2023-05-31 21:00:00,0.0
2023-05-31 22:00:00,0.0
2023-05-31 23:00:00,0.0
2023-06-01 00:00:00,0.0
2023-06-01 01:00:00,0.0
2023-06-01 02:00:00,0.0
2023-06-01 03:00:00,0.0
2023-06-01 04:00:00,0.0
2023-06-01 05:00:00,0.0
2023-06-01 06:00:00,26.120259740259744
2023-06-01 07:00:00,64.7387012987013
2023-06-01 08:00:00,193.4025974025974
2023-06-01 09:00:00,398.62324675324675
2023-06-01 10:00:00,587.081038961039
2023-06-01 11:00:00,719.9846753246753
2023-06-01 12:00:00,764.3372727272728
2023-06-01 13:00:00,836.4596103896104
2023-06-01 14:00:00,746.8358441558441
2023-06-01 15:00:00,611.3284415584416
2023-06-01 16:00:00,396.9161038961039
2023-06-01 17:00:00,260.96623376623376
2023-06-01 18:00:00,125.86558441558441
2023-06-01 19:00:00,52.32233766233766
2023-06-01 20:00:00,17.374415584415583
2023-06-01 21:00:00,0.0
2023-06-01 22:00:00,0.0
2023-06-01 23:00:00,0.0
2023-06-02 00:00:00,0.0
2023-06-02 01:00:00,0.0
2023-06-02 02:00:00,0.0
2023-06-02 03:00:00,0.0
2023-06-02 04:00:00,0.0
2023-06-02 05:00:00,0.0
2023-06-02 06:00:00,26.318181818181817
2023-06-02 07:00:00,59.25129870129871
2023-06-02 08:00:00,187.01376623376623
2023-06-02 09:00:00,379.49142857142857
2023-06-02 10:00:00,572.6572727272727
2023-06-02 11:00:00,734.2509090909091
2023-06-02 12:00:00,755.2175324675325
2023-06-02 13:00:00,704.501948051948
2023-06-02 14:00:00,645.1383116883117
2023-06-02 15:00:00,621.811948051948
2023-06-02 16:00:00,424.8027272727272
2023-06-02 17:00:00,274.92922077922077
2023-06-02 18:00:00,131.2
2023-06-02 19:00:00,58.231818181818184
2023-06-02 20:00:00,18.312727272727273
2023-06-02 21:00:00,0.0
2023-06-02 22:00:00,0.0
2023-06-02 23:00:00,0.0
2023-06-03 00:00:00,0.0
2023-06-03 01:00:00,0.0
2023-06-03 02:00:00,0.0
2023-06-03 03:00:00,0.0
2023-06-03 04:00:00,0.0
2023-06-03 05:00:00,0.0
2023-06-03 06:00:00,25.227792207792206
2023-06-03 07:00:00,68.19883116883118
2023-06-03 08:00:00,169.52467532467531
2023-06-03 09:00:00,380.04727272727274
2023-06-03 10:00:00,600.2694805194806
2023-06-03 11:00:00,717.6683116883116
2023-06-03 12:00:00,694.3716883116882
2023-06-03 13:00:00,609.5920779220779
2023-06-03 14:00:00,501.2298701298701
2023-06-03 15:00:00,344.8776623376623
2023-06-03 16:00:00,235.96415584415587
2023-06-03 17:00:00,115.01649350649352
2023-06-03 18:00:00,107.28116883116883
2023-06-03 19:00:00,62.53402597402597
2023-06-03 20:00:00,16.186493506493505
2023-06-03 21:00:00,0.0
2023-06-03 22:00:00,0.0
2023-06-03 23:00:00,0.0
2023-06-04 00:00:00,0.0
2023-06-04 01:00:00,0.0
2023-06-04 02:00:00,0.0
2023-06-04 03:00:00,0.0
2023-06-04 04:00:00,0.0
2023-06-04 05:00:00,0.0
2023-06-04 06:00:00,17.433246753246756
2023-06-04 07:00:00,53.35636363636363
2023-06-04 08:00:00,154.93376623376622
2023-06-04 09:00:00,218.07428571428574
2023-06-04 10:00:00,340.0281818181818
2023-06-04 11:00:00,431.6554545454546
2023-06-04 12:00:00,535.0367532467532
2023-06-04 13:00:00,582.0376623376624
2023-06-04 14:00:00,466.8775324675325
2023-06-04 15:00:00,359.0751948051948
2023-06-04 16:00:00,253.82506493506492
2023-06-04 17:00:00,235.5594805194805
2023-06-04 18:00:00,113.99987012987013
2023-06-04 19:00:00,52.0848051948052
2023-06-04 20:00:00,18.52155844155844
2023-06-04 21:00:00,0.0
2023-06-04 22:00:00,0.0
2023-06-04 23:00:00,0.0
2023-06-05 00:00:00,0.0
2023-06-05 01:00:00,0.0
2023-06-05 02:00:00,0.0
2023-06-05 03:00:00,0.0
2023-06-05 04:00:00,0.0
2023-06-05 05:00:00,0.0
2023-06-05 06:00:00,26.32311688311688
2023-06-05 07:00:00,62.87558441558441
2023-06-05 08:00:00,136.13714285714286
2023-06-05 09:00:00,302.1962337662338
2023-06-05 10:00:00,527.0437662337662
2023-06-05 11:00:00,680.2309090909091
2023-06-05 12:00:00,729.7648051948051
2023-06-05 13:00:00,858.0493506493507
2023-06-05 14:00:00,693.0557142857143
2023-06-05 15:00:00,486.15000000000003
2023-06-05 16:00:00,394.4322077922078
2023-06-05 17:00:00,273.00272727272727
2023-06-05 18:00:00,130.26610389610389
2023-06-05 19:00:00,47.551298701298705
2023-06-05 20:00:00,18.36974025974026
2023-06-05 21:00:00,0.0
2023-06-05 22:00:00,0.0
2023-06-05 23:00:00,0.0
2023-06-06 00:00:00,0.0
2023-06-06 01:00:00,0.0
2023-06-06 02:00:00,0.0
2023-06-06 03:00:00,0.0
2023-06-06 04:00:00,0.0
2023-06-06 05:00:00,0.0
2023-06-06 06:00:00,25.91714285714286
2023-06-06 07:00:00,72.55922077922078
2023-06-06 08:00:00,192.41792207792207
2023-06-06 09:00:00,365.9488311688312
2023-06-06 10:00:00,537.4544155844155
2023-06-06 11:00:00,726.7524675324674
2023-06-06 12:00:00,868.9076623376624
2023-06-06 13:00:00,848.3814285714286
2023-06-06 14:00:00,790.1494805194806
2023-06-06 15:00:00,620.5841558441558
2023-06-06 16:00:00,516.1818181818181
2023-06-06 17:00:00,326.2666233766234
2023-06-06 18:00:00,139.61272727272728
2023-06-06 19:00:00,53.15662337662338
2023-06-06 20:00:00,19.532337662337664
2023-06-06 21:00:00,0.0
2023-06-06 22:00:00,0.0
2023-06-06 23:00:00,0.0
2023-06-07 00:00:00,0.0
2023-06-07 01:00:00,0.0
2023-06-07 02:00:00,0.0
2023-06-07 03:00:00,0.0
2023-06-07 04:00:00,0.0
2023-06-07 05:00:00,0.0
2023-06-07 06:00:00,22.114155844155842
2023-06-07 07:00:00,46.48441558441558
2023-06-07 08:00:00,179.49090909090907
2023-06-07 09:00:00,398.01896103896104
2023-06-07 10:00:00,537.0572727272728
2023-06-07 11:00:00,719.178961038961
2023-06-07 12:00:00,791.6192207792208
2023-06-07 13:00:00,650.2044155844155
2023-06-07 14:00:00,582.9419480519481
2023-06-07 15:00:00,506.5912987012987
2023-06-07 16:00:00,406.0402597402597
2023-06-07 17:00:00,299.54506493506494
2023-06-07 18:00:00,135.54506493506491
2023-06-07 19:00:00,45.547012987012984
2023-06-07 20:00:00,18.72
2023-06-07 21:00:00,0.0
2023-06-07 22:00:00,0.0
2023-06-07 23:00:00,0.0
2023-06-08 00:00:00,0.0
2023-06-08 01:00:00,0.0
2023-06-08 02:00:00,0.0
2023-06-08 03:00:00,0.0
2023-06-08 04:00:00,0.0
2023-06-08 05:00:00,0.0
2023-06-08 06:00:00,27.47116883116883
2023-06-08 07:00:00,68.20220779220779
2023-06-08 08:00:00,186.87974025974026
2023-06-08 09:00:00,384.4303896103896
2023-06-08 10:00:00,578.8751948051948
2023-06-08 11:00:00,701.8397402597403
2023-06-08 12:00:00,740.5181818181817
2023-06-08 13:00:00,671.7390909090908
2023-06-08 14:00:00,496.928961038961
2023-06-08 15:00:00,397.3820779220779
2023-06-08 16:00:00,462.41194805194806
2023-06-08 17:00:00,273.41467532467533
2023-06-08 18:00:00,135.87441558441557
2023-06-08 19:00:00,45.0787012987013
2023-06-08 20:00:00,20.233116883116885
2023-06-08 21:00:00,0.0
2023-06-08 22:00:00,0.0
2023-06-08 23:00:00,0.0
2023-06-09 00:00:00,0.0
2023-06-09 01:00:00,0.0
2023-06-09 02:00:00,0.0
2023-06-09 03:00:00,0.0
2023-06-09 04:00:00,0.0
2023-06-09 05:00:00,0.0
2023-06-09 06:00:00,30.44701298701299
2023-06-09 07:00:00,79.77987012987015
2023-06-09 08:00:00,169.42376623376623
2023-06-09 09:00:00,309.7519480519481
2023-06-09 10:00:00,486.0542857142857
2023-06-09 11:00:00,520.2911688311688
2023-06-09 12:00:00,790.8909090909091
2023-06-09 13:00:00,653.3590909090909
2023-06-09 14:00:00,595.7776623376623
2023-06-09 15:00:00,492.3432467532468
2023-06-09 16:00:00,366.9154545454545
2023-06-09 17:00:00,254.91909090909093
2023-06-09 18:00:00,126.16818181818182
2023-06-09 19:00:00,56.26688311688312
2023-06-09 20:00:00,15.728441558441558
2023-06-09 21:00:00,0.0
2023-06-09 22:00:00,0.0
2023-06-09 23:00:00,0.0
2023-06-10 00:00:00,0.0
2023-06-10 01:00:00,0.0
2023-06-10 02:00:00,0.0
2023-06-10 03:00:00,0.0
2023-06-10 04:00:00,0.0
2023-06-10 05:00:00,0.0
2023-06-10 06:00:00,20.276753246753245
2023-06-10 07:00:00,29.38038961038961
2023-06-10 08:00:00,102.09571428571428
2023-06-10 09:00:00,77.89883116883118
2023-06-10 10:00:00,216.0205194805195
2023-06-10 11:00:00,277.8181818181818
2023-06-10 12:00:00,405.93
2023-06-10 13:00:00,556.183116883117
2023-06-10 14:00:00,633.6415584415583
2023-06-10 15:00:00,561.1111688311688
2023-06-10 16:00:00,391.3533766233766
2023-06-10 17:00:00,282.7836363636364
2023-06-10 18:00:00,146.17389610389608
2023-06-10 19:00:00,51.06467532467533
2023-06-10 20:00:00,22.874155844155847
2023-06-10 21:00:00,0.0
2023-06-10 22:00:00,0.0
2023-06-10 23:00:00,0.0
2023-06-11 00:00:00,0.0
2023-06-11 01:00:00,0.0
2023-06-11 02:00:00,0.0
2023-06-11 03:00:00,0.0
2023-06-11 04:00:00,0.0
2023-06-11 05:00:00,0.0
2023-06-11 06:00:00,26.76103896103896
2023-06-11 07:00:00,79.74428571428572
2023-06-11 08:00:00,180.93805194805196
2023-06-11 09:00:00,378.77961038961035
2023-06-11 10:00:00,542.3516883116883
2023-06-11 11:00:00,706.8387012987013
2023-06-11 12:00:00,726.05
2023-06-11 13:00:00,761.4112987012987
2023-06-11 14:00:00,698.0138961038961
2023-06-11 15:00:00,591.3493506493505
2023-06-11 16:00:00,432.32909090909084
2023-06-11 17:00:00,252.69597402597404
2023-06-11 18:00:00,126.71051948051947
2023-06-11 19:00:00,38.52363636363636
2023-06-11 20:00:00,20.07922077922078
2023-06-11 21:00:00,0.0
2023-06-11 22:00:00,0.0
2023-06-11 23:00:00,0.0
2023-06-12 00:00:00,0.0
2023-06-12 01:00:00,0.0
2023-06-12 02:00:00,0.0
2023-06-12 03:00:00,0.0
2023-06-12 04:00:00,0.0
2023-06-12 05:00:00,0.0
2023-06-12 06:00:00,18.717142857142857
2023-06-12 07:00:00,68.27831168831167
2023-06-12 08:00:00,171.57428571428574
2023-06-12 09:00:00,324.5951948051948
2023-06-12 10:00:00,515.6155844155844
2023-06-12 11:00:00,704.1611688311689
2023-06-12 12:00:00,742.1061038961038
2023-06-12 13:00:00,741.0205194805195
2023-06-12 14:00:00,658.8835064935065
2023-06-12 15:00:00,440.16688311688307
2023-06-12 16:00:00,395.17727272727274
2023-06-12 17:00:00,255.50584415584416
2023-06-12 18:00:00,117.58025974025975
2023-06-12 19:00:00,53.18025974025974
2023-06-12 20:00:00,17.45831168831169
2023-06-12 21:00:00,0.0
2023-06-12 22:00:00,0.0
2023-06-12 23:00:00,0.0
2023-06-13 00:00:00,0.0
2023-06-13 01:00:00,0.0
2023-06-13 02:00:00,0.0
2023-06-13 03:00:00,0.0
2023-06-13 04:00:00,0.0
2023-06-13 05:00:00,0.0
2023-06-13 06:00:00,12.994805194805195
2023-06-13 07:00:00,40.36961038961039
2023-06-13 08:00:00,82.48402597402597
2023-06-13 09:00:00,105.81272727272727
2023-06-13 10:00:00,127.79207792207792
2023-06-13 11:00:00,129.0464935064935
2023-06-13 12:00:00,154.204025974026
2023-06-13 13:00:00,217.3735064935065
2023-06-13 14:00:00,310.4818181818182
2023-06-13 15:00:00,235.7703896103896
2023-06-13 16:00:00,169.52285714285713
2023-06-13 17:00:00,185.59948051948052
2023-06-13 18:00:00,117.47792207792207
2023-06-13 19:00:00,57.032467532467535
2023-06-13 20:00:00,20.401948051948054
2023-06-13 21:00:00,0.0
2023-06-13 22:00:00,0.0
2023-06-13 23:00:00,0.0
2023-06-14 00:00:00,0.0
2023-06-14 01:00:00,0.0
2023-06-14 02:00:00,0.0
2023-06-14 03:00:00,0.0
2023-06-14 04:00:00,0.0
2023-06-14 05:00:00,0.0
2023-06-14 06:00:00,28.73155844155844
2023-06-14 07:00:00,71.53194805194805
2023-06-14 08:00:00,143.11623376623376
2023-06-14 09:00:00,279.56168831168833
2023-06-14 10:00:00,455.59935064935064
2023-06-14 11:00:00,519.7883116883118
2023-06-14 12:00:00,606.5594805194805
2023-06-14 13:00:00,704.1366233766234
2023-06-14 14:00:00,689.5046753246753
2023-06-14 15:00:00,610.2590909090909
2023-06-14 16:00:00,538.1814285714286
2023-06-14 17:00:00,321.6805194805195
2023-06-14 18:00:00,139.4946753246753
2023-06-14 19:00:00,50.57571428571429
2023-06-14 20:00:00,22.88038961038961
2023-06-14 21:00:00,0.0
2023-06-14 22:00:00,0.0
2023-06-14 23:00:00,0.0
2023-06-15 00:00:00,0.0
2023-06-15 01:00:00,0.0
2023-06-15 02:00:00,0.0
2023-06-15 03:00:00,0.0
2023-06-15 04:00:00,0.0
2023-06-15 05:00:00,0.0
2023-06-15 06:00:00,25.515844155844157
2023-06-15 07:00:00,55.35077922077922
2023-06-15 08:00:00,176.49974025974026
2023-06-15 09:00:00,377.53441558441557
2023-06-15 10:00:00,563.3196103896104
2023-06-15 11:00:00,665.9154545454545
2023-06-15 12:00:00,728.1176623376623
2023-06-15 13:00:00,700.9302597402598
2023-06-15 14:00:00,816.5363636363637
2023-06-15 15:00:00,620.0485714285714
2023-06-15 16:00:00,496.11506493506494
2023-06-15 17:00:00,273.33558441558444
2023-06-15 18:00:00,156.1742857142857
2023-06-15 19:00:00,52.07493506493506
2023-06-15 20:00:00,23.733246753246753
2023-06-15 21:00:00,0.0
2023-06-15 22:00:00,0.0
2023-06-15 23:00:00,0.0
2023-06-16 00:00:00,0.0
2023-06-16 01:00:00,0.0
2023-06-16 02:00:00,0.0
2023-06-16 03:00:00,0.0
2023-06-16 04:00:00,0.0
2023-06-16 05:00:00,0.0
2023-06-16 06:00:00,25.477402597402598
2023-06-16 07:00:00,49.996233766233765
2023-06-16 08:00:00,175.41337662337662
2023-06-16 09:00:00,379.7679220779221
2023-06-16 10:00:00,516.8170129870131
2023-06-16 11:00:00,707.4172727272728
2023-06-16 12:00:00,785.8390909090909
2023-06-16 13:00:00,760.8520779220779
2023-06-16 14:00:00,733.1767532467533
2023-06-16 15:00:00,695.7692207792207
2023-06-16 16:00:00,556.5687012987013
2023-06-16 17:00:00,348.9233766233766
2023-06-16 18:00:00,156.60740259740257
2023-06-16 19:00:00,54.593636363636364
2023-06-16 20:00:00,24.375454545454545
2023-06-16 21:00:00,0.0
2023-06-16 22:00:00,0.0
2023-06-16 23:00:00,0.0
2023-06-17 00:00:00,0.0
2023-06-17 01:00:00,0.0
2023-06-17 02:00:00,0.0
2023-06-17 03:00:00,0.0
2023-06-17 04:00:00,0.0
2023-06-17 05:00:00,0.0
2023-06-17 06:00:00,25.60220779220779
2023-06-17 07:00:00,48.78350649350649
2023-06-17 08:00:00,175.9738961038961
2023-06-17 09:00:00,393.4528571428571
2023-06-17 10:00:00,594.9262337662337
2023-06-17 11:00:00,751.4993506493506
2023-06-17 12:00:00,812.9570129870131
2023-06-17 13:00:00,750.3887012987013
2023-06-17 14:00:00,777.797012987013
2023-06-17 15:00:00,658.6111688311688
2023-06-17 16:00:00,555.4476623376623
2023-06-17 17:00:00,344.3638961038961
2023-06-17 18:00:00,156.70233766233767
2023-06-17 19:00:00,47.35584415584415
2023-06-17 20:00:00,23.597272727272724
2023-06-17 21:00:00,0.0
2023-06-17 22:00:00,0.0
2023-06-17 23:00:00,0.0
2023-06-18 00:00:00,0.0
2023-06-18 01:00:00,0.0
2023-06-18 02:00:00,0.0
2023-06-18 03:00:00,0.0
2023-06-18 04:00:00,0.0
2023-06-18 05:00:00,0.0
2023-06-18 06:00:00,25.364935064935068
2023-06-18 07:00:00,48.321558441558444
2023-06-18 08:00:00,159.9790909090909
2023-06-18 09:00:00,325.61090909090905
2023-06-18 10:00:00,485.23376623376623
2023-06-18 11:00:00,574.4874025974026
2023-06-18 12:00:00,695.6527272727272
2023-06-18 13:00:00,718.6397402597402
2023-06-18 14:00:00,515.5918181818182
2023-06-18 15:00:00,470.422987012987
2023-06-18 16:00:00,326.1049350649351
2023-06-18 17:00:00,215.1766233766234
2023-06-18 18:00:00,127.43779220779221
2023-06-18 19:00:00,49.6512987012987
2023-06-18 20:00:00,24.642727272727274
2023-06-18 21:00:00,0.0
2023-06-18 22:00:00,0.0
2023-06-18 23:00:00,0.0
2023-06-19 00:00:00,0.0
2023-06-19 01:00:00,0.0
2023-06-19 02:00:00,0.0
2023-06-19 03:00:00,0.0
2023-06-19 04:00:00,0.0
2023-06-19 05:00:00,0.0
2023-06-19 06:00:00,26.435194805194804
2023-06-19 07:00:00,73.9112987012987
2023-06-19 08:00:00,168.97688311688313
2023-06-19 09:00:00,325.44298701298703
2023-06-19 10:00:00,498.8310389610389
2023-06-19 11:00:00,644.8506493506494
2023-06-19 12:00:00,711.5835064935065
2023-06-19 13:00:00,652.3136363636363
2023-06-19 14:00:00,523.4474025974026
2023-06-19 15:00:00,374.0620779220779
2023-06-19 16:00:00,237.1212987012987
2023-06-19 17:00:00,129.6061038961039
2023-06-19 18:00:00,119.02363636363636
2023-06-19 19:00:00,59.24012987012987
2023-06-19 20:00:00,24.869740259740258
2023-06-19 21:00:00,0.0
2023-06-19 22:00:00,0.0
2023-06-19 23:00:00,0.0
2023-06-20 00:00:00,0.0
2023-06-20 01:00:00,0.0
2023-06-20 02:00:00,0.0
2023-06-20 03:00:00,0.0
2023-06-20 04:00:00,0.0
2023-06-20 05:00:00,0.0
2023-06-20 06:00:00,23.62948051948052
2023-06-20 07:00:00,66.17246753246754
2023-06-20 08:00:00,118.70636363636363
2023-06-20 09:00:00,241.74506493506493
2023-06-20 10:00:00,371.43363636363637
2023-06-20 11:00:00,499.77272727272725
2023-06-20 12:00:00,546.680909090909
2023-06-20 13:00:00,480.3625974025974
2023-06-20 14:00:00,464.06493506493507
2023-06-20 15:00:00,437.2292207792208
2023-06-20 16:00:00,359.4692207792208
2023-06-20 17:00:00,176.962987012987
2023-06-20 18:00:00,95.87038961038962
2023-06-20 19:00:00,68.06753246753246
2023-06-20 20:00:00,20.01662337662338
2023-06-20 21:00:00,0.0
2023-06-20 22:00:00,0.0
2023-06-20 23:00:00,0.0
2023-06-21 00:00:00,0.0
2023-06-21 01:00:00,0.0
2023-06-21 02:00:00,0.0
2023-06-21 03:00:00,0.0
2023-06-21 04:00:00,0.0
2023-06-21 05:00:00,0.0
2023-06-21 06:00:00,27.22805194805195
2023-06-21 07:00:00,66.56116883116883
2023-06-21 08:00:00,172.98272727272726
2023-06-21 09:00:00,353.4564935064935
2023-06-21 10:00:00,571.5771428571428
2023-06-21 11:00:00,684.101948051948
2023-06-21 12:00:00,725.888051948052
2023-06-21 13:00:00,708.8858441558441
2023-06-21 14:00:00,430.4455844155844
2023-06-21 15:00:00,440.09584415584413
2023-06-21 16:00:00,250.87818181818182
2023-06-21 17:00:00,112.4938961038961
2023-06-21 18:00:00,89.15649350649349
2023-06-21 19:00:00,63.282207792207785
2023-06-21 20:00:00,25.664415584415586
2023-06-21 21:00:00,0.0
2023-06-21 22:00:00,0.0
2023-06-21 23:00:00,0.0
2023-06-22 00:00:00,0.0
2023-06-22 01:00:00,0.0
2023-06-22 02:00:00,0.0
2023-06-22 03:00:00,0.0
2023-06-22 04:00:00,0.0
2023-06-22 05:00:00,0.0
2023-06-22 06:00:00,29.503246753246753
2023-06-22 07:00:00,64.88545454545455
2023-06-22 08:00:00,167.91792207792207
2023-06-22 09:00:00,292.73974025974024
2023-06-22 10:00:00,388.8454545454545
2023-06-22 11:00:00,486.105064935065
2023-06-22 12:00:00,493.24792207792206
2023-06-22 13:00:00,474.0398701298701
2023-06-22 14:00:00,495.1253246753247
2023-06-22 15:00:00,439.7481818181818
2023-06-22 16:00:00,471.37714285714287
2023-06-22 17:00:00,279.76207792207794
2023-06-22 18:00:00,133.93324675324675
2023-06-22 19:00:00,48.91168831168831
2023-06-22 20:00:00,20.333506493506494
2023-06-22 21:00:00,0.0
2023-06-22 22:00:00,0.0
2023-06-22 23:00:00,0.0
2023-06-23 00:00:00,0.0
2023-06-23 01:00:00,0.0
2023-06-23 02:00:00,0.0
2023-06-23 03:00:00,0.0
2023-06-23 04:00:00,0.0
2023-06-23 05:00:00,0.0
2023-06-23 06:00:00,21.73207792207792
2023-06-23 07:00:00,50.34558441558442
2023-06-23 08:00:00,158.92597402597403
2023-06-23 09:00:00,311.8049350649351
2023-06-23 10:00:00,513.735974025974
2023-06-23 11:00:00,669.1723376623377
2023-06-23 12:00:00,788.7994805194805
2023-06-23 13:00:00,855.0996103896103
2023-06-23 14:00:00,789.9494805194804
2023-06-23 15:00:00,713.6637662337663
2023-06-23 16:00:00,572.7124675324675
2023-06-23 17:00:00,382.84064935064936
2023-06-23 18:00:00,158.7135064935065
2023-06-23 19:00:00,52.68441558441558
2023-06-23 20:00:00,23.393246753246757
2023-06-23 21:00:00,0.0
2023-06-23 22:00:00,0.0
2023-06-23 23:00:00,0.0
2023-06-24 00:00:00,0.0
2023-06-24 01:00:00,0.0
2023-06-24 02:00:00,0.0
2023-06-24 03:00:00,0.0
2023-06-24 04:00:00,0.0
2023-06-24 05:00:00,0.0
2023-06-24 06:00:00,25.28909090909091
2023-06-24 07:00:00,53.429220779220785
2023-06-24 08:00:00,172.7838961038961
2023-06-24 09:00:00,388.35974025974025
2023-06-24 10:00:00,587.4858441558442
2023-06-24 11:00:00,747.474935064935
2023-06-24 12:00:00,850.034025974026
2023-06-24 13:00:00,876.8776623376624
2023-06-24 14:00:00,826.8758441558442
2023-06-24 15:00:00,738.4298701298701
2023-06-24 16:00:00,578.2551948051948
2023-06-24 17:00:00,370.50363636363636
2023-06-24 18:00:00,159.74220779220778
2023-06-24 19:00:00,46.93415584415584
2023-06-24 20:00:00,23.857142857142858
2023-06-24 21:00:00,0.0
2023-06-24 22:00:00,0.0
2023-06-24 23:00:00,0.0
2023-06-25 00:00:00,0.0
2023-06-25 01:00:00,0.0
2023-06-25 02:00:00,0.0
2023-06-25 03:00:00,0.0
2023-06-25 04:00:00,0.0
2023-06-25 05:00:00,0.0
2023-06-25 06:00:00,25.17233766233766
2023-06-25 07:00:00,58.714025974025965
2023-06-25 08:00:00,171.50558441558442
2023-06-25 09:00:00,380.0066233766234
2023-06-25 10:00:00,568.4532467532467
2023-06-25 11:00:00,738.319090909091
2023-06-25 12:00:00,810.7119480519481
2023-06-25 13:00:00,860.3253246753247
2023-06-25 14:00:00,799.7925974025974
2023-06-25 15:00:00,697.0457142857143
2023-06-25 16:00:00,516.2922077922078
2023-06-25 17:00:00,341.4833766233766
2023-06-25 18:00:00,151.04246753246753
2023-06-25 19:00:00,42.7412987012987
2023-06-25 20:00:00,23.280519480519484
2023-06-25 21:00:00,0.0
2023-06-25 22:00:00,0.0
2023-06-25 23:00:00,0.0
2023-06-26 00:00:00,0.0
2023-06-26 01:00:00,0.0
2023-06-26 02:00:00,0.0
2023-06-26 03:00:00,0.0
2023-06-26 04:00:00,0.0
2023-06-26 05:00:00,0.0
2023-06-26 06:00:00,23.69545454545455
2023-06-26 07:00:00,68.4261038961039
2023-06-26 08:00:00,168.6135064935065
2023-06-26 09:00:00,381.1709090909091
2023-06-26 10:00:00,567.7138961038961
2023-06-26 11:00:00,715.8962337662336
2023-06-26 12:00:00,800.371948051948
2023-06-26 13:00:00,819.7402597402597
2023-06-26 14:00:00,744.0314285714286
2023-06-26 15:00:00,592.8716883116882
2023-06-26 16:00:00,456.6363636363636
2023-06-26 17:00:00,283.9125974025974
2023-06-26 18:00:00,149.707012987013
2023-06-26 19:00:00,46.6235064935065
2023-06-26 20:00:00,19.78935064935065
2023-06-26 21:00:00,0.0
2023-06-26 22:00:00,0.0
2023-06-26 23:00:00,0.0
2023-06-27 00:00:00,0.0
2023-06-27 01:00:00,0.0
2023-06-27 02:00:00,0.0
2023-06-27 03:00:00,0.0
2023-06-27 04:00:00,0.0
2023-06-27 05:00:00,0.0
2023-06-27 06:00:00,21.55181818181818
2023-06-27 07:00:00,59.62727272727273
2023-06-27 08:00:00,138.9861038961039
2023-06-27 09:00:00,288.77363636363634
2023-06-27 10:00:00,492.5468831168831
2023-06-27 11:00:00,581.7509090909091
2023-06-27 12:00:00,664.9877922077922
2023-06-27 13:00:00,726.0537662337663
2023-06-27 14:00:00,597.1301298701298
2023-06-27 15:00:00,575.8694805194805
2023-06-27 16:00:00,489.9923376623376
2023-06-27 17:00:00,299.9209090909091
2023-06-27 18:00:00,161.45506493506494
2023-06-27 19:00:00,61.03441558441558
2023-06-27 20:00:00,26.30207792207792
2023-06-27 21:00:00,0.0
2023-06-27 22:00:00,0.0
2023-06-27 23:00:00,0.0
2023-06-28 00:00:00,0.0
2023-06-28 01:00:00,0.0
2023-06-28 02:00:00,0.0
2023-06-28 03:00:00,0.0
2023-06-28 04:00:00,0.0
2023-06-28 05:00:00,0.0
2023-06-28 06:00:00,25.69168831168831
2023-06-28 07:00:00,57.960259740259744
2023-06-28 08:00:00,167.0661038961039
2023-06-28 09:00:00,375.85285714285715
2023-06-28 10:00:00,563.2579220779221
2023-06-28 11:00:00,683.0975324675325
2023-06-28 12:00:00,733.424025974026
2023-06-28 13:00:00,702.7290909090909
2023-06-28 14:00:00,621.3668831168832
2023-06-28 15:00:00,592.7714285714285
2023-06-28 16:00:00,431.32220779220773
2023-06-28 17:00:00,333.96000000000004
2023-06-28 18:00:00,145.6561038961039
2023-06-28 19:00:00,48.91337662337662
2023-06-28 20:00:00,23.167142857142856
2023-06-28 21:00:00,0.0
2023-06-28 22:00:00,0.0
2023-06-28 23:00:00,0.0
2023-06-29 00:00:00,0.0
2023-06-29 01:00:00,0.0
2023-06-29 02:00:00,0.0
2023-06-29 03:00:00,0.0
2023-06-29 04:00:00,0.0
2023-06-29 05:00:00,0.0
2023-06-29 06:00:00,16.992597402597404
2023-06-29 07:00:00,48.34064935064935
2023-06-29 08:00:00,135.42142857142858
2023-06-29 09:00:00,285.988051948052
2023-06-29 10:00:00,390.8563636363636
2023-06-29 11:00:00,526.2327272727273
2023-06-29 12:00:00,485.7628571428571
2023-06-29 13:00:00,419.61298701298705
2023-06-29 14:00:00,311.5433766233766
2023-06-29 15:00:00,178.32402597402597
2023-06-29 16:00:00,111.71480519480521
2023-06-29 17:00:00,57.38727272727272
2023-06-29 18:00:00,86.58402597402596
2023-06-29 19:00:00,48.49064935064935
2023-06-29 20:00:00,7.381428571428572
2023-06-29 21:00:00,0.0
2023-06-29 22:00:00,0.0
2023-06-29 23:00:00,0.0
2023-06-30 00:00:00,0.0
2023-06-30 01:00:00,0.0
2023-06-30 02:00:00,0.0
2023-06-30 03:00:00,0.0
2023-06-30 04:00:00,0.0
2023-06-30 05:00:00,0.0
2023-06-30 06:00:00,22.81935064935065
2023-06-30 07:00:00,65.26298701298701
2023-06-30 08:00:00,62.12909090909091
2023-06-30 09:00:00,65.49103896103897
2023-06-30 10:00:00,71.8761038961039
2023-06-30 11:00:00,113.32
2023-06-30 12:00:00,151.55532467532464
2023-06-30 13:00:00,251.29675324675324
2023-06-30 14:00:00,203.55363636363637
2023-06-30 15:00:00,150.7283116883117
2023-06-30 16:00:00,164.4709090909091
2023-06-30 17:00:00,157.02337662337663
2023-06-30 18:00:00,91.5387012987013
2023-06-30 19:00:00,34.753766233766235
2023-06-30 20:00:00,10.077532467532468
2023-06-30 21:00:00,0.0
2023-06-30 22:00:00,0.0
2023-06-30 23:00:00,0.0
2023-07-01 00:00:00,0.0
2023-07-01 01:00:00,0.0
2023-07-01 02:00:00,0.0
2023-07-01 03:00:00,0.0
2023-07-01 04:00:00,0.0
2023-07-01 05:00:00,0.0
2023-07-01 06:00:00,18.07155844155844
2023-07-01 07:00:00,45.3738961038961
2023-07-01 08:00:00,156.52155844155843
2023-07-01 09:00:00,317.28753246753246
2023-07-01 10:00:00,501.7714285714286
2023-07-01 11:00:00,640.0436363636363
2023-07-01 12:00:00,696.5427272727272
2023-07-01 13:00:00,795.5663636363636
2023-07-01 14:00:00,776.1481818181819
2023-07-01 15:00:00,577.2912987012987
2023-07-01 16:00:00,365.522987012987
2023-07-01 17:00:00,285.3923376623377
2023-07-01 18:00:00,115.54805194805196
2023-07-01 19:00:00,45.8
2023-07-01 20:00:00,14.6674025974026
2023-07-01 21:00:00,0.0
2023-07-01 22:00:00,0.0
2023-07-01 23:00:00,0.0
2023-07-02 00:00:00,0.0
2023-07-02 01:00:00,0.0
2023-07-02 02:00:00,0.0
2023-07-02 03:00:00,0.0
2023-07-02 04:00:00,0.0
2023-07-02 05:00:00,0.0
2023-07-02 06:00:00,13.939999999999998
2023-07-02 07:00:00,38.25012987012987
2023-07-02 08:00:00,86.94142857142857
2023-07-02 09:00:00,222.5525974025974
2023-07-02 10:00:00,354.16025974025973
2023-07-02 11:00:00,453.28545454545457
2023-07-02 12:00:00,524.5787012987013
2023-07-02 13:00:00,495.75480519480516
2023-07-02 14:00:00,459.9031168831169
2023-07-02 15:00:00,481.11324675324676
2023-07-02 16:00:00,275.1171428571429
2023-07-02 17:00:00,272.8724675324675
2023-07-02 18:00:00,147.82389610389612
2023-07-02 19:00:00,54.332857142857144
2023-07-02 20:00:00,23.097792207792207
2023-07-02 21:00:00,0.0
2023-07-02 22:00:00,0.0
2023-07-02 23:00:00,0.0
2023-07-03 00:00:00,0.0
2023-07-03 01:00:00,0.0
2023-07-03 02:00:00,0.0
2023-07-03 03:00:00,0.0
2023-07-03 04:00:00,0.0
2023-07-03 05:00:00,0.0
2023-07-03 06:00:00,19.957272727272727
2023-07-03 07:00:00,52.4864935064935
2023-07-03 08:00:00,141.5379220779221
2023-07-03 09:00:00,273.1009090909091
2023-07-03 10:00:00,396.0351948051948
2023-07-03 11:00:00,547.7845454545455
2023-07-03 12:00:00,692.224025974026
2023-07-03 13:00:00,748.5493506493507
2023-07-03 14:00:00,785.0206493506494
2023-07-03 15:00:00,650.7584415584416
2023-07-03 16:00:00,485.2648051948052
2023-07-03 17:00:00,353.10857142857145
2023-07-03 18:00:00,148.20012987012987
2023-07-03 19:00:00,53.68844155844156
2023-07-03 20:00:00,23.437792207792207
2023-07-03 21:00:00,0.0
2023-07-03 22:00:00,0.0
2023-07-03 23:00:00,0.0
2023-07-04 00:00:00,0.0
2023-07-04 01:00:00,0.0
2023-07-04 02:00:00,0.0
2023-07-04 03:00:00,0.0
2023-07-04 04:00:00,0.0
2023-07-04 05:00:00,0.0
2023-07-04 06:00:00,19.724025974025974
2023-07-04 07:00:00,54.428831168831174
2023-07-04 08:00:00,137.44428571428574
2023-07-04 09:00:00,316.6383116883117
2023-07-04 10:00:00,502.3181818181818
2023-07-04 11:00:00,613.9003896103897
2023-07-04 12:00:00,725.7032467532467
2023-07-04 13:00:00,737.7483116883117
2023-07-04 14:00:00,702.187922077922
2023-07-04 15:00:00,353.6992207792208
2023-07-04 16:00:00,352.7914285714286
2023-07-04 17:00:00,279.5266233766234
2023-07-04 18:00:00,146.4918181818182
2023-07-04 19:00:00,55.348311688311696
2023-07-04 20:00:00,22.94935064935065
2023-07-04 21:00:00,0.0
2023-07-04 22:00:00,0.0
2023-07-04 23:00:00,0.0
2023-07-05 00:00:00,0.0
2023-07-05 01:00:00,0.0
2023-07-05 02:00:00,0.0
2023-07-05 03:00:00,0.0
2023-07-05 04:00:00,0.0
2023-07-05 05:00:00,0.0
2023-07-05 06:00:00,17.975844155844158
2023-07-05 07:00:00,51.6822077922078
2023-07-05 08:00:00,133.96688311688314
2023-07-05 09:00:00,258.76675324675324
2023-07-05 10:00:00,340.74792207792206
2023-07-05 11:00:00,517.3233766233766
2023-07-05 12:00:00,658.5335064935065
2023-07-05 13:00:00,703.9123376623378
2023-07-05 14:00:00,618.7067532467532
2023-07-05 15:00:00,532.4251948051949
2023-07-05 16:00:00,319.1496103896104
2023-07-05 17:00:00,265.8627272727273
2023-07-05 18:00:00,148.95077922077922
2023-07-05 19:00:00,54.085064935064935
2023-07-05 20:00:00,23.535064935064934
2023-07-05 21:00:00,0.0
2023-07-05 22:00:00,0.0
2023-07-05 23:00:00,0.0
2023-07-06 00:00:00,0.0
2023-07-06 01:00:00,0.0
2023-07-06 02:00:00,0.0
2023-07-06 03:00:00,0.0
2023-07-06 04:00:00,0.0
2023-07-06 05:00:00,0.0
2023-07-06 06:00:00,22.344935064935065
2023-07-06 07:00:00,52.86272727272727
2023-07-06 08:00:00,164.18272727272728
2023-07-06 09:00:00,363.1357142857143
2023-07-06 10:00:00,451.50233766233765
2023-07-06 11:00:00,616.0138961038961
2023-07-06 12:00:00,697.8997402597403
2023-07-06 13:00:00,626.354025974026
2023-07-06 14:00:00,657.2809090909091
2023-07-06 15:00:00,543.7438961038962
2023-07-06 16:00:00,340.7766233766234
2023-07-06 17:00:00,273.5590909090909
2023-07-06 18:00:00,131.78987012987014
2023-07-06 19:00:00,61.4825974025974
2023-07-06 20:00:00,21.715324675324677
2023-07-06 21:00:00,0.0
2023-07-06 22:00:00,0.0
2023-07-06 23:00:00,0.0
2023-07-07 00:00:00,0.0
2023-07-07 01:00:00,0.0
2023-07-07 02:00:00,0.0
2023-07-07 03:00:00,0.0
2023-07-07 04:00:00,0.0
2023-07-07 05:00:00,0.0
2023-07-07 06:00:00,21.224155844155845
2023-07-07 07:00:00,55.44740259740261
2023-07-07 08:00:00,162.1751948051948
2023-07-07 09:00:00,383.33337662337664
2023-07-07 10:00:00,588.0198701298701
2023-07-07 11:00:00,740.0967532467533
2023-07-07 12:00:00,808.8525974025974
2023-07-07 13:00:00,811.0945454545455
2023-07-07 14:00:00,729.5338961038962
2023-07-07 15:00:00,641.8981818181819
2023-07-07 16:00:00,524.3388311688312
2023-07-07 17:00:00,291.5115584415584
2023-07-07 18:00:00,160.64831168831168
2023-07-07 19:00:00,50.63675324675325
2023-07-07 20:00:00,23.71090909090909
2023-07-07 21:00:00,0.0
2023-07-07 22:00:00,0.0
2023-07-07 23:00:00,0.0
2023-07-08 00:00:00,0.0
2023-07-08 01:00:00,0.0
2023-07-08 02:00:00,0.0
2023-07-08 03:00:00,0.0
2023-07-08 04:00:00,0.0
2023-07-08 05:00:00,0.0
2023-07-08 06:00:00,18.605454545454545
2023-07-08 07:00:00,56.99493506493506
2023-07-08 08:00:00,92.42584415584416
2023-07-08 09:00:00,177.72857142857143
2023-07-08 10:00:00,201.2177922077922
2023-07-08 11:00:00,339.07155844155847
2023-07-08 12:00:00,552.7363636363636
2023-07-08 13:00:00,649.8446753246753
2023-07-08 14:00:00,679.6824675324675
2023-07-08 15:00:00,645.5753246753246
2023-07-08 16:00:00,480.0124675324675
2023-07-08 17:00:00,296.13909090909095
2023-07-08 18:00:00,153.4085714285714
2023-07-08 19:00:00,42.77740259740259
2023-07-08 20:00:00,21.323896103896104
2023-07-08 21:00:00,0.0
2023-07-08 22:00:00,0.0
2023-07-08 23:00:00,0.0
2023-07-09 00:00:00,0.0
2023-07-09 01:00:00,0.0
2023-07-09 02:00:00,0.0
2023-07-09 03:00:00,0.0
2023-07-09 04:00:00,0.0
2023-07-09 05:00:00,0.0
2023-07-09 06:00:00,20.63077922077922
2023-07-09 07:00:00,60.40454545454545
2023-07-09 08:00:00,166.12649350649352
2023-07-09 09:00:00,373.6111688311688
2023-07-09 10:00:00,579.7202597402597
2023-07-09 11:00:00,729.8631168831168
2023-07-09 12:00:00,822.3112987012987
2023-07-09 13:00:00,836.1431168831168
2023-07-09 14:00:00,709.167012987013
2023-07-09 15:00:00,652.7509090909091
2023-07-09 16:00:00,507.59363636363634
2023-07-09 17:00:00,327.6233766233766
2023-07-09 18:00:00,155.19168831168832
2023-07-09 19:00:00,49.04272727272727
2023-07-09 20:00:00,21.460129870129872
2023-07-09 21:00:00,0.0
2023-07-09 22:00:00,0.0
2023-07-09 23:00:00,0.0
2023-07-10 00:00:00,0.0
2023-07-10 01:00:00,0.0
2023-07-10 02:00:00,0.0
2023-07-10 03:00:00,0.0
2023-07-10 04:00:00,0.0
2023-07-10 05:00:00,0.0
2023-07-10 06:00:00,20.062207792207793
2023-07-10 07:00:00,46.197662337662344
2023-07-10 08:00:00,148.37935064935064
2023-07-10 09:00:00,339.7076623376624
2023-07-10 10:00:00,551.9083116883118
2023-07-10 11:00:00,687.7807792207792
2023-07-10 12:00:00,769.4809090909091
2023-07-10 13:00:00,792.2294805194805
2023-07-10 14:00:00,670.237012987013
2023-07-10 15:00:00,539.1815584415585
2023-07-10 16:00:00,476.9290909090909
2023-07-10 17:00:00,346.1964935064935
2023-07-10 18:00:00,156.9579220779221
2023-07-10 19:00:00,48.95545454545454
2023-07-10 20:00:00,21.332467532467533
2023-07-10 21:00:00,0.0
2023-07-10 22:00:00,0.0
2023-07-10 23:00:00,0.0
2023-07-11 00:00:00,0.0
2023-07-11 01:00:00,0.0
2023-07-11 02:00:00,0.0
2023-07-11 03:00:00,0.0
2023-07-11 04:00:00,0.0
2023-07-11 05:00:00,0.0
2023-07-11 06:00:00,18.179350649350653
2023-07-11 07:00:00,42.050000000000004
2023-07-11 08:00:00,146.85675324675327
2023-07-11 09:00:00,336.4451948051948
2023-07-11 10:00:00,530.9041558441559
2023-07-11 11:00:00,739.3893506493507
2023-07-11 12:00:00,761.6153246753247
2023-07-11 13:00:00,820.3971428571429
2023-07-11 14:00:00,752.5358441558442
2023-07-11 15:00:00,690.9420779220779
2023-07-11 16:00:00,525.6361038961038
2023-07-11 17:00:00,356.23818181818183
2023-07-11 18:00:00,168.26480519480518
2023-07-11 19:00:00,57.131818181818176
2023-07-11 20:00:00,27.02558441558442
2023-07-11 21:00:00,0.0
2023-07-11 22:00:00,0.0
2023-07-11 23:00:00,0.0
2023-07-12 00:00:00,0.0
2023-07-12 01:00:00,0.0
2023-07-12 02:00:00,0.0
2023-07-12 03:00:00,0.0
2023-07-12 04:00:00,0.0
2023-07-12 05:00:00,0.0
2023-07-12 06:00:00,15.642337662337663
2023-07-12 07:00:00,41.645194805194805
2023-07-12 08:00:00,132.16987012987013
2023-07-12 09:00:00,215.2425974025974
2023-07-12 10:00:00,333.4044155844156
2023-07-12 11:00:00,462.5976623376623
2023-07-12 12:00:00,252.5477922077922
2023-07-12 13:00:00,256.8031168831169
2023-07-12 14:00:00,416.005974025974
2023-07-12 15:00:00,516.5028571428571
2023-07-12 16:00:00,345.0398701298701
2023-07-12 17:00:00,157.05025974025975
2023-07-12 18:00:00,70.83389610389611
2023-07-12 19:00:00,33.76805194805195
2023-07-12 20:00:00,10.967012987012986
2023-07-12 21:00:00,0.0
2023-07-12 22:00:00,0.0
2023-07-12 23:00:00,0.0
2023-07-13 00:00:00,0.0
2023-07-13 01:00:00,0.0
2023-07-13 02:00:00,0.0
2023-07-13 03:00:00,0.0
2023-07-13 04:00:00,0.0
2023-07-13 05:00:00,0.0
2023-07-13 06:00:00,11.021428571428572
2023-07-13 07:00:00,46.12545454545455
2023-07-13 08:00:00,113.27909090909091
2023-07-13 09:00:00,223.63805194805195
2023-07-13 10:00:00,347.402077922078
2023-07-13 11:00:00,491.84935064935064
2023-07-13 12:00:00,487.6727272727273
2023-07-13 13:00:00,669.222987012987
2023-07-13 14:00:00,711.0764935064935
2023-07-13 15:00:00,581.4920779220779
2023-07-13 16:00:00,449.25935064935067
2023-07-13 17:00:00,357.37480519480516
2023-07-13 18:00:00,166.69688311688313
2023-07-13 19:00:00,44.910000000000004
2023-07-13 20:00:00,21.666363636363634
2023-07-13 21:00:00,0.0
2023-07-13 22:00:00,0.0
2023-07-13 23:00:00,0.0
2023-07-14 00:00:00,0.0
2023-07-14 01:00:00,0.0
2023-07-14 02:00:00,0.0
2023-07-14 03:00:00,0.0
2023-07-14 04:00:00,0.0
2023-07-14 05:00:00,0.0
2023-07-14 06:00:00,20.383636363636363
2023-07-14 07:00:00,55.6335064935065
2023-07-14 08:00:00,146.63896103896104
2023-07-14 09:00:00,235.58064935064934
2023-07-14 10:00:00,366.10155844155844
2023-07-14 11:00:00,379.12389610389613
2023-07-14 12:00:00,422.09883116883117
2023-07-14 13:00:00,536.6362337662338
2023-07-14 14:00:00,575.1277922077921
2023-07-14 15:00:00,470.391038961039
2023-07-14 16:00:00,364.1625974025974
2023-07-14 17:00:00,217.10025974025976
2023-07-14 18:00:00,121.72194805194805
2023-07-14 19:00:00,38.25948051948052
2023-07-14 20:00:00,16.90896103896104
2023-07-14 21:00:00,0.0
2023-07-14 22:00:00,0.0
2023-07-14 23:00:00,0.0
2023-07-15 00:00:00,0.0
2023-07-15 01:00:00,0.0
2023-07-15 02:00:00,0.0
2023-07-15 03:00:00,0.0
2023-07-15 04:00:00,0.0
2023-07-15 05:00:00,0.0
2023-07-15 06:00:00,17.62961038961039
2023-07-15 07:00:00,53.9448051948052
2023-07-15 08:00:00,115.77207792207793
2023-07-15 09:00:00,244.37688311688314
2023-07-15 10:00:00,391.6387012987013
2023-07-15 11:00:00,582.7931168831169
2023-07-15 12:00:00,702.1216883116882
2023-07-15 13:00:00,617.8015584415584
2023-07-15 14:00:00,626.2668831168832
2023-07-15 15:00:00,528.170909090909
2023-07-15 16:00:00,380.7666233766234
2023-07-15 17:00:00,259.42259740259743
2023-07-15 18:00:00,136.63142857142856
2023-07-15 19:00:00,53.50480519480519
2023-07-15 20:00:00,17.397662337662336
2023-07-15 21:00:00,0.0
2023-07-15 22:00:00,0.0
2023-07-15 23:00:00,0.0
2023-07-16 00:00:00,0.0
2023-07-16 01:00:00,0.0
2023-07-16 02:00:00,0.0
2023-07-16 03:00:00,0.0
2023-07-16 04:00:00,0.0
2023-07-16 05:00:00,0.0
2023-07-16 06:00:00,9.886753246753246
2023-07-16 07:00:00,43.331818181818186
2023-07-16 08:00:00,106.4309090909091
2023-07-16 09:00:00,287.928961038961
2023-07-16 10:00:00,409.2535064935065
2023-07-16 11:00:00,501.5164935064935
2023-07-16 12:00:00,616.6636363636364
2023-07-16 13:00:00,550.071038961039
2023-07-16 14:00:00,526.4236363636364
2023-07-16 15:00:00,420.50116883116885
2023-07-16 16:00:00,293.37259740259736
2023-07-16 17:00:00,200.55649350649352
2023-07-16 18:00:00,105.75103896103896
2023-07-16 19:00:00,49.683246753246756
2023-07-16 20:00:00,14.974935064935064
2023-07-16 21:00:00,0.0
2023-07-16 22:00:00,0.0
2023-07-16 23:00:00,0.0
2023-07-17 00:00:00,0.0
2023-07-17 01:00:00,0.0
2023-07-17 02:00:00,0.0
2023-07-17 03:00:00,0.0
2023-07-17 04:00:00,0.0
2023-07-17 05:00:00,0.0
2023-07-17 06:00:00,14.589090909090912
2023-07-17 07:00:00,57.427532467532465
2023-07-17 08:00:00,146.6827272727273
2023-07-17 09:00:00,321.05194805194805
2023-07-17 10:00:00,458.32168831168826
2023-07-17 11:00:00,627.251038961039
2023-07-17 12:00:00,640.1825974025974
2023-07-17 13:00:00,689.4225974025974
2023-07-17 14:00:00,653.8718181818182
2023-07-17 15:00:00,546.9389610389611
2023-07-17 16:00:00,500.07025974025976
2023-07-17 17:00:00,330.8784415584415
2023-07-17 18:00:00,151.53012987012985
2023-07-17 19:00:00,41.772207792207794
2023-07-17 20:00:00,17.38987012987013
2023-07-17 21:00:00,0.0
2023-07-17 22:00:00,0.0
2023-07-17 23:00:00,0.0
2023-07-18 00:00:00,0.0
2023-07-18 01:00:00,0.0
2023-07-18 02:00:00,0.0
2023-07-18 03:00:00,0.0
2023-07-18 04:00:00,0.0
2023-07-18 05:00:00,0.0
2023-07-18 06:00:00,16.597142857142856
2023-07-18 07:00:00,54.05571428571429
2023-07-18 08:00:00,165.63909090909092
2023-07-18 09:00:00,348.91285714285715
2023-07-18 10:00:00,561.8592207792208
2023-07-18 11:00:00,712.3446753246753
2023-07-18 12:00:00,811.9922077922079
2023-07-18 13:00:00,788.775064935065
2023-07-18 14:00:00,762.6680519480519
2023-07-18 15:00:00,437.5777922077922
2023-07-18 16:00:00,425.64740259740256
2023-07-18 17:00:00,365.26467532467535
2023-07-18 18:00:00,159.39311688311687
2023-07-18 19:00:00,42.56909090909091
2023-07-18 20:00:00,19.46792207792208
2023-07-18 21:00:00,0.0
2023-07-18 22:00:00,0.0
2023-07-18 23:00:00,0.0
2023-07-19 00:00:00,0.0
2023-07-19 01:00:00,0.0
2023-07-19 02:00:00,0.0
2023-07-19 03:00:00,0.0
2023-07-19 04:00:00,0.0
2023-07-19 05:00:00,0.0
2023-07-19 06:00:00,14.419610389610389
2023-07-19 07:00:00,46.43519480519481
2023-07-19 08:00:00,138.63701298701298
2023-07-19 09:00:00,350.2894805194805
2023-07-19 10:00:00,506.6244155844156
2023-07-19 11:00:00,599.5110389610389
2023-07-19 12:00:00,647.4788311688312
2023-07-19 13:00:00,733.5822077922078
2023-07-19 14:00:00,634.5462337662339
2023-07-19 15:00:00,559.8858441558441
2023-07-19 16:00:00,443.5320779220779
2023-07-19 17:00:00,287.83064935064937
2023-07-19 18:00:00,144.66779220779222
2023-07-19 19:00:00,43.583636363636366
2023-07-19 20:00:00,16.768961038961038
2023-07-19 21:00:00,0.0
2023-07-19 22:00:00,0.0
2023-07-19 23:00:00,0.0
2023-07-20 00:00:00,0.0
2023-07-20 01:00:00,0.0
2023-07-20 02:00:00,0.0
2023-07-20 03:00:00,0.0
2023-07-20 04:00:00,0.0
2023-07-20 05:00:00,0.0
2023-07-20 06:00:00,12.587272727272726
2023-07-20 07:00:00,46.03688311688312
2023-07-20 08:00:00,150.14363636363638
2023-07-20 09:00:00,349.40493506493505
2023-07-20 10:00:00,557.2445454545455
2023-07-20 11:00:00,681.2089610389611
2023-07-20 12:00:00,724.9593506493505
2023-07-20 13:00:00,726.5751948051948
2023-07-20 14:00:00,755.3380519480519
2023-07-20 15:00:00,653.8380519480519
2023-07-20 16:00:00,507.8033766233766
2023-07-20 17:00:00,321.5766233766234
2023-07-20 18:00:00,147.57103896103897
2023-07-20 19:00:00,45.29337662337662
2023-07-20 20:00:00,16.747272727272726
2023-07-20 21:00:00,0.0
2023-07-20 22:00:00,0.0
2023-07-20 23:00:00,0.0
2023-07-21 00:00:00,0.0
2023-07-21 01:00:00,0.0
2023-07-21 02:00:00,0.0
2023-07-21 03:00:00,0.0
2023-07-21 04:00:00,0.0
2023-07-21 05:00:00,0.0
2023-07-21 06:00:00,14.61974025974026
2023-07-21 07:00:00,44.42558441558442
2023-07-21 08:00:00,133.89597402597403
2023-07-21 09:00:00,283.45337662337664
2023-07-21 10:00:00,441.85259740259744
2023-07-21 11:00:00,434.7451948051948
2023-07-21 12:00:00,621.9422077922077
2023-07-21 13:00:00,556.407012987013
2023-07-21 14:00:00,546.9832467532468
2023-07-21 15:00:00,613.3736363636364
2023-07-21 16:00:00,489.46337662337663
2023-07-21 17:00:00,299.4161038961039
2023-07-21 18:00:00,142.42090909090908
2023-07-21 19:00:00,45.93935064935065
2023-07-21 20:00:00,15.847662337662337
2023-07-21 21:00:00,0.0
2023-07-21 22:00:00,0.0
2023-07-21 23:00:00,0.0
2023-07-22 00:00:00,0.0
2023-07-22 01:00:00,0.0
2023-07-22 02:00:00,0.0
2023-07-22 03:00:00,0.0
2023-07-22 04:00:00,0.0
2023-07-22 05:00:00,0.0
2023-07-22 06:00:00,13.674935064935065
2023-07-22 07:00:00,39.21636363636363
2023-07-22 08:00:00,116.24012987012986
2023-07-22 09:00:00,289.24
2023-07-22 10:00:00,489.3835064935065
2023-07-22 11:00:00,643.9706493506493
2023-07-22 12:00:00,766.051038961039
2023-07-22 13:00:00,753.1546753246754
2023-07-22 14:00:00,796.4137662337662
2023-07-22 15:00:00,662.6146753246753
2023-07-22 16:00:00,552.4566233766234
2023-07-22 17:00:00,367.1415584415584
2023-07-22 18:00:00,158.36766233766235
2023-07-22 19:00:00,43.98155844155844
2023-07-22 20:00:00,17.255194805194808
2023-07-22 21:00:00,0.0
2023-07-22 22:00:00,0.0
2023-07-22 23:00:00,0.0
2023-07-23 00:00:00,0.0
2023-07-23 01:00:00,0.0
2023-07-23 02:00:00,0.0
2023-07-23 03:00:00,0.0
2023-07-23 04:00:00,0.0
2023-07-23 05:00:00,0.0
2023-07-23 06:00:00,12.124545454545453
2023-07-23 07:00:00,40.828311688311686
2023-07-23 08:00:00,137.08805194805197
2023-07-23 09:00:00,336.25805194805196
2023-07-23 10:00:00,568.5676623376623
2023-07-23 11:00:00,730.7467532467532
2023-07-23 12:00:00,868.077012987013
2023-07-23 13:00:00,807.9605194805195
2023-07-23 14:00:00,747.7014285714286
2023-07-23 15:00:00,589.2094805194806
2023-07-23 16:00:00,467.8757142857143
2023-07-23 17:00:00,349.53142857142853
2023-07-23 18:00:00,160.58805194805197
2023-07-23 19:00:00,40.87012987012987
2023-07-23 20:00:00,15.133506493506493
2023-07-23 21:00:00,0.0
2023-07-23 22:00:00,0.0
2023-07-23 23:00:00,0.0
2023-07-24 00:00:00,0.0
2023-07-24 01:00:00,0.0
2023-07-24 02:00:00,0.0
2023-07-24 03:00:00,0.0
2023-07-24 04:00:00,0.0
2023-07-24 05:00:00,0.0
2023-07-24 06:00:00,11.948051948051948
2023-07-24 07:00:00,58.77415584415585
2023-07-24 08:00:00,127.87844155844155
2023-07-24 09:00:00,289.17675324675326
2023-07-24 10:00:00,241.9444155844156
2023-07-24 11:00:00,377.39844155844156
2023-07-24 12:00:00,550.9797402597403
2023-07-24 13:00:00,566.4246753246753
2023-07-24 14:00:00,277.7190909090909
2023-07-24 15:00:00,122.65844155844154
2023-07-24 16:00:00,106.71324675324675
2023-07-24 17:00:00,175.52675324675323
2023-07-24 18:00:00,125.55909090909093
2023-07-24 19:00:00,55.19844155844156
2023-07-24 20:00:00,14.757272727272726
2023-07-24 21:00:00,0.0
2023-07-24 22:00:00,0.0
2023-07-24 23:00:00,0.0
2023-07-25 00:00:00,0.0
2023-07-25 01:00:00,0.0
2023-07-25 02:00:00,0.0
2023-07-25 03:00:00,0.0
2023-07-25 04:00:00,0.0
2023-07-25 05:00:00,0.0
2023-07-25 06:00:00,7.63012987012987
2023-07-25 07:00:00,35.40909090909091
2023-07-25 08:00:00,62.79883116883117
2023-07-25 09:00:00,253.79194805194805
2023-07-25 10:00:00,527.5645454545455
2023-07-25 11:00:00,657.0457142857142
2023-07-25 12:00:00,748.7006493506493
2023-07-25 13:00:00,754.8011688311688
2023-07-25 14:00:00,579.4401298701299
2023-07-25 15:00:00,639.3418181818182
2023-07-25 16:00:00,477.685974025974
2023-07-25 17:00:00,279.56233766233765
2023-07-25 18:00:00,161.14935064935065
2023-07-25 19:00:00,51.306883116883114
2023-07-25 20:00:00,13.157662337662337
2023-07-25 21:00:00,0.0
2023-07-25 22:00:00,0.0
2023-07-25 23:00:00,0.0
2023-07-26 00:00:00,0.0
2023-07-26 01:00:00,0.0
2023-07-26 02:00:00,0.0
2023-07-26 03:00:00,0.0
2023-07-26 04:00:00,0.0
2023-07-26 05:00:00,0.0
2023-07-26 06:00:00,11.155844155844155
2023-07-26 07:00:00,43.829220779220776
2023-07-26 08:00:00,128.22805194805193
2023-07-26 09:00:00,326.74142857142857
2023-07-26 10:00:00,482.31558441558445
2023-07-26 11:00:00,675.9011688311688
2023-07-26 12:00:00,759.8061038961039
2023-07-26 13:00:00,816.6094805194805
2023-07-26 14:00:00,746.2342857142858
2023-07-26 15:00:00,678.0018181818182
2023-07-26 16:00:00,545.1164935064935
2023-07-26 17:00:00,343.44116883116885
2023-07-26 18:00:00,173.5309090909091
2023-07-26 19:00:00,41.29779220779221
2023-07-26 20:00:00,15.065064935064935
2023-07-26 21:00:00,0.0
2023-07-26 22:00:00,0.0
2023-07-26 23:00:00,0.0
2023-07-27 00:00:00,0.0
2023-07-27 01:00:00,0.0
2023-07-27 02:00:00,0.0
2023-07-27 03:00:00,0.0
2023-07-27 04:00:00,0.0
2023-07-27 05:00:00,0.0
2023-07-27 06:00:00,12.833116883116885
2023-07-27 07:00:00,44.3525974025974
2023-07-27 08:00:00,131.67155844155843
2023-07-27 09:00:00,323.04454545454547
2023-07-27 10:00:00,396.2776623376624
2023-07-27 11:00:00,548.5590909090909
2023-07-27 12:00:00,798.4507792207792
2023-07-27 13:00:00,850.0181818181817
2023-07-27 14:00:00,767.7676623376624
2023-07-27 15:00:00,616.4699999999999
2023-07-27 16:00:00,509.7519480519481
2023-07-27 17:00:00,308.3046753246753
2023-07-27 18:00:00,167.78428571428572
2023-07-27 19:00:00,47.329610389610394
2023-07-27 20:00:00,15.064805194805196
2023-07-27 21:00:00,0.0
2023-07-27 22:00:00,0.0
2023-07-27 23:00:00,0.0
2023-07-28 00:00:00,0.0
2023-07-28 01:00:00,0.0
2023-07-28 02:00:00,0.0
2023-07-28 03:00:00,0.0
2023-07-28 04:00:00,0.0
2023-07-28 05:00:00,0.0
2023-07-28 06:00:00,10.041298701298702
2023-07-28 07:00:00,41.63779220779221
2023-07-28 08:00:00,133.00974025974025
2023-07-28 09:00:00,337.1718181818182
2023-07-28 10:00:00,478.9866233766234
2023-07-28 11:00:00,637.437922077922
2023-07-28 12:00:00,695.1190909090909
2023-07-28 13:00:00,556.8188311688313
2023-07-28 14:00:00,676.6766233766234
2023-07-28 15:00:00,502.3261038961039
2023-07-28 16:00:00,426.37701298701296
2023-07-28 17:00:00,325.35025974025973
2023-07-28 18:00:00,159.4874025974026
2023-07-28 19:00:00,59.42597402597403
2023-07-28 20:00:00,17.366363636363637
2023-07-28 21:00:00,0.0
2023-07-28 22:00:00,0.0
2023-07-28 23:00:00,0.0
2023-07-29 00:00:00,0.0
2023-07-29 01:00:00,0.0
2023-07-29 02:00:00,0.0
2023-07-29 03:00:00,0.0
2023-07-29 04:00:00,0.0
2023-07-29 05:00:00,0.0
2023-07-29 06:00:00,10.831038961038962
2023-07-29 07:00:00,41.89701298701299
2023-07-29 08:00:00,130.5974025974026
2023-07-29 09:00:00,304.18805194805196
2023-07-29 10:00:00,564.1454545454546
2023-07-29 11:00:00,625.9841558441558
2023-07-29 12:00:00,667.3472727272728
2023-07-29 13:00:00,772.6805194805195
2023-07-29 14:00:00,516.6814285714286
2023-07-29 15:00:00,313.42571428571426
2023-07-29 16:00:00,259.9112987012987
2023-07-29 17:00:00,201.75233766233765
2023-07-29 18:00:00,131.88896103896104
2023-07-29 19:00:00,40.14142857142857
2023-07-29 20:00:00,10.127012987012987
2023-07-29 21:00:00,0.0
2023-07-29 22:00:00,0.0
2023-07-29 23:00:00,0.0
2023-07-30 00:00:00,0.0
2023-07-30 01:00:00,0.0
2023-07-30 02:00:00,0.0
2023-07-30 03:00:00,0.0
2023-07-30 04:00:00,0.0
2023-07-30 05:00:00,0.0
2023-07-30 06:00:00,10.686103896103896
2023-07-30 07:00:00,49.86714285714286
2023-07-30 08:00:00,128.60792207792207
2023-07-30 09:00:00,276.135064935065
2023-07-30 10:00:00,399.4831168831169
2023-07-30 11:00:00,601.7757142857143
2023-07-30 12:00:00,583.4784415584415
2023-07-30 13:00:00,655.8415584415585
2023-07-30 14:00:00,686.5823376623377
2023-07-30 15:00:00,611.029090909091
2023-07-30 16:00:00,470.29506493506494
2023-07-30 17:00:00,383.425974025974
2023-07-30 18:00:00,158.1344155844156
2023-07-30 19:00:00,40.61584415584416
2023-07-30 20:00:00,13.48194805194805
2023-07-30 21:00:00,0.0
2023-07-30 22:00:00,0.0
2023-07-30 23:00:00,0.0
2023-07-31 00:00:00,0.0
2023-07-31 01:00:00,0.0
2023-07-31 02:00:00,0.0
2023-07-31 03:00:00,0.0
2023-07-31 04:00:00,0.0
2023-07-31 05:00:00,0.0
2023-07-31 06:00:00,13.9174025974026
2023-07-31 07:00:00,63.28350649350649
2023-07-31 08:00:00,144.4803896103896
2023-07-31 09:00:00,352.86207792207796
2023-07-31 10:00:00,487.43467532467537
2023-07-31 11:00:00,743.5699999999999
2023-07-31 12:00:00,858.2938961038961
2023-07-31 13:00:00,880.1149350649351
2023-07-31 14:00:00,847.2967532467533
2023-07-31 15:00:00,633.0748051948052
2023-07-31 16:00:00,414.1568831168831
2023-07-31 17:00:00,317.7125974025974
2023-07-31 18:00:00,154.25207792207792
2023-07-31 19:00:00,45.18844155844155
2023-07-31 20:00:00,11.36831168831169
2023-07-31 21:00:00,0.0
2023-07-31 22:00:00,0.0
2023-07-31 23:00:00,0.0
2023-08-01 00:00:00,0.0
2023-08-01 01:00:00,0.0
2023-08-01 02:00:00,0.0
2023-08-01 03:00:00,0.0
2023-08-01 04:00:00,0.0
2023-08-01 05:00:00,0.0
2023-08-01 06:00:00,6.511428571428572
2023-08-01 07:00:00,35.75532467532467
2023-08-01 08:00:00,114.66324675324675
2023-08-01 09:00:00,222.55025974025972
2023-08-01 10:00:00,211.28337662337663
2023-08-01 11:00:00,386.3864935064935
2023-08-01 12:00:00,459.978961038961
2023-08-01 13:00:00,359.6784415584416
2023-08-01 14:00:00,470.46129870129874
2023-08-01 15:00:00,437.2501298701299
2023-08-01 16:00:00,391.50324675324674
2023-08-01 17:00:00,238.10818181818183
2023-08-01 18:00:00,148.26363636363635
2023-08-01 19:00:00,58.39753246753248
2023-08-01 20:00:00,12.470779220779221
2023-08-01 21:00:00,0.0
2023-08-01 22:00:00,0.0
2023-08-01 23:00:00,0.0
2023-08-02 00:00:00,0.0
2023-08-02 01:00:00,0.0
2023-08-02 02:00:00,0.0
2023-08-02 03:00:00,0.0
2023-08-02 04:00:00,0.0
2023-08-02 05:00:00,0.0
2023-08-02 06:00:00,2.7676623376623377
2023-08-02 07:00:00,24.90077922077922
2023-08-02 08:00:00,87.66584415584416
2023-08-02 09:00:00,235.5909090909091
2023-08-02 10:00:00,392.3022077922078
2023-08-02 11:00:00,482.7641558441559
2023-08-02 12:00:00,491.54597402597403
2023-08-02 13:00:00,493.4835064935065
2023-08-02 14:00:00,656.9883116883118
2023-08-02 15:00:00,613.701038961039
2023-08-02 16:00:00,478.32298701298697
2023-08-02 17:00:00,313.4123376623377
2023-08-02 18:00:00,144.26467532467535
2023-08-02 19:00:00,34.54129870129871
2023-08-02 20:00:00,6.852077922077922
2023-08-02 21:00:00,0.0
2023-08-02 22:00:00,0.0
2023-08-02 23:00:00,0.0
2023-08-03 00:00:00,0.0
2023-08-03 01:00:00,0.0
2023-08-03 02:00:00,0.0
2023-08-03 03:00:00,0.0
2023-08-03 04:00:00,0.0
2023-08-03 05:00:00,0.0
2023-08-03 06:00:00,6.118181818181818
2023-08-03 07:00:00,36.54194805194805
2023-08-03 08:00:00,104.74571428571429
2023-08-03 09:00:00,312.3374025974026
2023-08-03 10:00:00,489.41987012987016
2023-08-03 11:00:00,749.3933766233766
2023-08-03 12:00:00,816.4468831168831
2023-08-03 13:00:00,848.0623376623377
2023-08-03 14:00:00,743.8906493506494
2023-08-03 15:00:00,694.4419480519481
2023-08-03 16:00:00,571.7971428571428
2023-08-03 17:00:00,354.88896103896104
2023-08-03 18:00:00,144.6681818181818
2023-08-03 19:00:00,37.43662337662337
2023-08-03 20:00:00,8.816233766233765
2023-08-03 21:00:00,0.0
2023-08-03 22:00:00,0.0
2023-08-03 23:00:00,0.0
2023-08-04 00:00:00,0.0
2023-08-04 01:00:00,0.0
2023-08-04 02:00:00,0.0
2023-08-04 03:00:00,0.0
2023-08-04 04:00:00,0.0
2023-08-04 05:00:00,0.0
2023-08-04 06:00:00,7.235194805194805
2023-08-04 07:00:00,37.73883116883117
2023-08-04 08:00:00,121.97337662337661
2023-08-04 09:00:00,294.4442857142857
2023-08-04 10:00:00,401.03441558441557
2023-08-04 11:00:00,565.742987012987
2023-08-04 12:00:00,572.6412987012988
2023-08-04 13:00:00,509.74857142857144
2023-08-04 14:00:00,435.86922077922077
2023-08-04 15:00:00,431.65000000000003
2023-08-04 16:00:00,269.4792207792207
2023-08-04 17:00:00,201.06506493506492
2023-08-04 18:00:00,107.4938961038961
2023-08-04 19:00:00,34.11116883116884
2023-08-04 20:00:00,8.08909090909091
2023-08-04 21:00:00,0.0
2023-08-04 22:00:00,0.0
2023-08-04 23:00:00,0.0
2023-08-05 00:00:00,0.0
2023-08-05 01:00:00,0.0
2023-08-05 02:00:00,0.0
2023-08-05 03:00:00,0.0
2023-08-05 04:00:00,0.0
2023-08-05 05:00:00,0.0
2023-08-05 06:00:00,5.222857142857142
2023-08-05 07:00:00,31.191168831168834
2023-08-05 08:00:00,96.27753246753247
2023-08-05 09:00:00,241.58571428571426
2023-08-05 10:00:00,378.0923376623377
2023-08-05 11:00:00,493.97701298701304
2023-08-05 12:00:00,615.1197402597403
2023-08-05 13:00:00,702.4912987012988
2023-08-05 14:00:00,702.5827272727273
2023-08-05 15:00:00,730.454025974026
2023-08-05 16:00:00,519.1103896103896
2023-08-05 17:00:00,369.12766233766234
2023-08-05 18:00:00,157.50753246753246
2023-08-05 19:00:00,36.98818181818182
2023-08-05 20:00:00,9.822987012987014
2023-08-05 21:00:00,0.0
2023-08-05 22:00:00,0.0
2023-08-05 23:00:00,0.0
2023-08-06 00:00:00,0.0
2023-08-06 01:00:00,0.0
2023-08-06 02:00:00,0.0
2023-08-06 03:00:00,0.0
2023-08-06 04:00:00,0.0
2023-08-06 05:00:00,0.0
2023-08-06 06:00:00,7.333376623376623
2023-08-06 07:00:00,37.352077922077925
2023-08-06 08:00:00,115.44129870129869
2023-08-06 09:00:00,335.02909090909094
2023-08-06 10:00:00,423.2167532467533
2023-08-06 11:00:00,546.9522077922078
2023-08-06 12:00:00,669.1418181818182
2023-08-06 13:00:00,642.2896103896103
2023-08-06 14:00:00,633.8151948051948
2023-08-06 15:00:00,558.4750649350649
2023-08-06 16:00:00,446.38766233766233
2023-08-06 17:00:00,314.0923376623377
2023-08-06 18:00:00,148.59415584415584
2023-08-06 19:00:00,44.81831168831169
2023-08-06 20:00:00,7.656363636363636
2023-08-06 21:00:00,0.0
2023-08-06 22:00:00,0.0
2023-08-06 23:00:00,0.0
2023-08-07 00:00:00,0.0
2023-08-07 01:00:00,0.0
2023-08-07 02:00:00,0.0
2023-08-07 03:00:00,0.0
2023-08-07 04:00:00,0.0
2023-08-07 05:00:00,0.0
2023-08-07 06:00:00,6.741298701298702
2023-08-07 07:00:00,41.39935064935066
2023-08-07 08:00:00,131.49818181818182
2023-08-07 09:00:00,381.6603896103896
2023-08-07 10:00:00,569.3223376623376
2023-08-07 11:00:00,712.3124675324675
2023-08-07 12:00:00,876.2302597402597
2023-08-07 13:00:00,854.2445454545455
2023-08-07 14:00:00,801.4028571428571
2023-08-07 15:00:00,700.0993506493506
2023-08-07 16:00:00,588.6053246753247
2023-08-07 17:00:00,393.831038961039
2023-08-07 18:00:00,160.52519480519481
2023-08-07 19:00:00,38.091818181818184
2023-08-07 20:00:00,8.98090909090909
2023-08-07 21:00:00,0.0
2023-08-07 22:00:00,0.0
2023-08-07 23:00:00,0.0
2023-08-08 00:00:00,0.0
2023-08-08 01:00:00,0.0
2023-08-08 02:00:00,0.0
2023-08-08 03:00:00,0.0
2023-08-08 04:00:00,0.0
2023-08-08 05:00:00,0.0
2023-08-08 06:00:00,6.996753246753247
2023-08-08 07:00:00,46.901038961038964
2023-08-08 08:00:00,138.94363636363636
2023-08-08 09:00:00,364.4711688311688
2023-08-08 10:00:00,594.6316883116882
2023-08-08 11:00:00,793.9711688311688
2023-08-08 12:00:00,853.7115584415585
2023-08-08 13:00:00,837.0429870129869
2023-08-08 14:00:00,829.7041558441558
2023-08-08 15:00:00,674.8411688311688
2023-08-08 16:00:00,515.3563636363637
2023-08-08 17:00:00,343.8262337662338
2023-08-08 18:00:00,124.48675324675324
2023-08-08 19:00:00,39.25441558441559
2023-08-08 20:00:00,10.877792207792206
2023-08-08 21:00:00,0.0
2023-08-08 22:00:00,0.0
2023-08-08 23:00:00,0.0
2023-08-09 00:00:00,0.0
2023-08-09 01:00:00,0.0
2023-08-09 02:00:00,0.0
2023-08-09 03:00:00,0.0
2023-08-09 04:00:00,0.0
2023-08-09 05:00:00,0.0
2023-08-09 06:00:00,7.220389610389611
2023-08-09 07:00:00,51.22701298701299
2023-08-09 08:00:00,135.0518181818182
2023-08-09 09:00:00,288.63077922077923
2023-08-09 10:00:00,422.5367532467532
2023-08-09 11:00:00,536.2867532467533
2023-08-09 12:00:00,567.6796103896104
2023-08-09 13:00:00,640.2144155844156
2023-08-09 14:00:00,708.3406493506494
2023-08-09 15:00:00,575.6198701298702
2023-08-09 16:00:00,508.3745454545455
2023-08-09 17:00:00,357.9877922077922
2023-08-09 18:00:00,136.10766233766236
2023-08-09 19:00:00,33.507922077922075
2023-08-09 20:00:00,5.552727272727273
2023-08-09 21:00:00,0.0
2023-08-09 22:00:00,0.0
2023-08-09 23:00:00,0.0
2023-08-10 00:00:00,0.0
2023-08-10 01:00:00,0.0
2023-08-10 02:00:00,0.0
2023-08-10 03:00:00,0.0
2023-08-10 04:00:00,0.0
2023-08-10 05:00:00,0.0
2023-08-10 06:00:00,6.215454545454546
2023-08-10 07:00:00,47.95922077922078
2023-08-10 08:00:00,135.00701298701298
2023-08-10 09:00:00,400.69649350649354
2023-08-10 10:00:00,621.2818181818182
2023-08-10 11:00:00,802.8592207792208
2023-08-10 12:00:00,913.0546753246754
2023-08-10 13:00:00,916.0311688311688
2023-08-10 14:00:00,905.6442857142857
2023-08-10 15:00:00,805.2049350649351
2023-08-10 16:00:00,627.9006493506494
2023-08-10 17:00:00,397.2312987012987
2023-08-10 18:00:00,150.95753246753247
2023-08-10 19:00:00,33.08584415584416
2023-08-10 20:00:00,8.008181818181818
2023-08-10 21:00:00,0.0
2023-08-10 22:00:00,0.0
2023-08-10 23:00:00,0.0
2023-08-11 00:00:00,0.0
2023-08-11 01:00:00,0.0
2023-08-11 02:00:00,0.0
2023-08-11 03:00:00,0.0
2023-08-11 04:00:00,0.0
2023-08-11 05:00:00,0.0
2023-08-11 06:00:00,5.124935064935065
2023-08-11 07:00:00,38.18051948051948
2023-08-11 08:00:00,129.2655844155844
2023-08-11 09:00:00,374.4983116883117
2023-08-11 10:00:00,570.4080519480519
2023-08-11 11:00:00,701.6883116883117
2023-08-11 12:00:00,822.2698701298701
2023-08-11 13:00:00,892.13012987013
2023-08-11 14:00:00,791.604935064935
2023-08-11 15:00:00,755.3474025974026
2023-08-11 16:00:00,532.8414285714285
2023-08-11 17:00:00,327.29415584415585
2023-08-11 18:00:00,134.83194805194805
2023-08-11 19:00:00,35.90025974025974
2023-08-11 20:00:00,6.718701298701298
2023-08-11 21:00:00,0.0
2023-08-11 22:00:00,0.0
2023-08-11 23:00:00,0.0
2023-08-12 00:00:00,0.0
2023-08-12 01:00:00,0.0
2023-08-12 02:00:00,0.0
2023-08-12 03:00:00,0.0
2023-08-12 04:00:00,0.0
2023-08-12 05:00:00,0.0
2023-08-12 06:00:00,4.051298701298701
2023-08-12 07:00:00,31.940909090909088
2023-08-12 08:00:00,105.66909090909091
2023-08-12 09:00:00,247.7331168831169
2023-08-12 10:00:00,502.09272727272736
2023-08-12 11:00:00,523.4250649350649
2023-08-12 12:00:00,676.3054545454546
2023-08-12 13:00:00,702.0490909090909
2023-08-12 14:00:00,706.8074025974025
2023-08-12 15:00:00,518.3697402597402
2023-08-12 16:00:00,265.461038961039
2023-08-12 17:00:00,196.29623376623377
2023-08-12 18:00:00,109.07077922077923
2023-08-12 19:00:00,36.01948051948052
2023-08-12 20:00:00,5.909740259740259
2023-08-12 21:00:00,0.0
2023-08-12 22:00:00,0.0
2023-08-12 23:00:00,0.0
2023-08-13 00:00:00,0.0
2023-08-13 01:00:00,0.0
2023-08-13 02:00:00,0.0
2023-08-13 03:00:00,0.0
2023-08-13 04:00:00,0.0
2023-08-13 05:00:00,0.0
2023-08-13 06:00:00,5.005454545454546
2023-08-13 07:00:00,39.4925974025974
2023-08-13 08:00:00,130.14207792207793
2023-08-13 09:00:00,384.1116883116883
2023-08-13 10:00:00,606.8689610389611
2023-08-13 11:00:00,667.1612987012987
2023-08-13 12:00:00,753.8902597402597
2023-08-13 13:00:00,738.5101298701298
2023-08-13 14:00:00,619.8612987012987
2023-08-13 15:00:00,494.5554545454545
2023-08-13 16:00:00,362.1255844155844
2023-08-13 17:00:00,221.6103896103896
2023-08-13 18:00:00,115.32753246753246
2023-08-13 19:00:00,30.305714285714284
2023-08-13 20:00:00,4.677272727272727
2023-08-13 21:00:00,0.0
2023-08-13 22:00:00,0.0
2023-08-13 23:00:00,0.0
2023-08-14 00:00:00,0.0
2023-08-14 01:00:00,0.0
2023-08-14 02:00:00,0.0
2023-08-14 03:00:00,0.0
2023-08-14 04:00:00,0.0
2023-08-14 05:00:00,0.0
2023-08-14 06:00:00,0.2057142857142857
2023-08-14 07:00:00,37.49077922077922
2023-08-14 08:00:00,115.78012987012987
2023-08-14 09:00:00,291.89740259740256
2023-08-14 10:00:00,474.3835064935065
2023-08-14 11:00:00,505.32350649350656
2023-08-14 12:00:00,635.282077922078
2023-08-14 13:00:00,565.5906493506493
2023-08-14 14:00:00,548.9022077922078
2023-08-14 15:00:00,446.45649350649353
2023-08-14 16:00:00,351.9803896103896
2023-08-14 17:00:00,219.79298701298703
2023-08-14 18:00:00,127.25831168831171
2023-08-14 19:00:00,33.554025974025976
2023-08-14 20:00:00,4.675064935064935
2023-08-14 21:00:00,0.0
2023-08-14 22:00:00,0.0
2023-08-14 23:00:00,0.0
2023-08-15 00:00:00,0.0
2023-08-15 01:00:00,0.0
2023-08-15 02:00:00,0.0
2023-08-15 03:00:00,0.0
2023-08-15 04:00:00,0.0
2023-08-15 05:00:00,0.0
2023-08-15 06:00:00,0.0
2023-08-15 07:00:00,31.46025974025974
2023-08-15 08:00:00,122.6096103896104
2023-08-15 09:00:00,303.9083116883117
2023-08-15 10:00:00,506.8461038961039
2023-08-15 11:00:00,697.2627272727273
2023-08-15 12:00:00,800.5838961038961
2023-08-15 13:00:00,710.7388311688312
2023-08-15 14:00:00,478.39233766233764
2023-08-15 15:00:00,335.2524675324675
2023-08-15 16:00:00,237.54116883116882
2023-08-15 17:00:00,134.79831168831168
2023-08-15 18:00:00,111.02350649350649
2023-08-15 19:00:00,39.83012987012987
2023-08-15 20:00:00,5.068961038961039
2023-08-15 21:00:00,0.0
2023-08-15 22:00:00,0.0
2023-08-15 23:00:00,0.0
2023-08-16 00:00:00,0.0
2023-08-16 01:00:00,0.0
2023-08-16 02:00:00,0.0
2023-08-16 03:00:00,0.0
2023-08-16 04:00:00,0.0
2023-08-16 05:00:00,0.0
2023-08-16 06:00:00,0.0
2023-08-16 07:00:00,33.01883116883117
2023-08-16 08:00:00,125.0487012987013
2023-08-16 09:00:00,402.1753246753247
2023-08-16 10:00:00,625.3774025974026
2023-08-16 11:00:00,775.5254545454545
2023-08-16 12:00:00,849.415064935065
2023-08-16 13:00:00,788.3842857142857
2023-08-16 14:00:00,626.4705194805196
2023-08-16 15:00:00,455.1158441558441
2023-08-16 16:00:00,320.2983116883117
2023-08-16 17:00:00,221.5594805194805
2023-08-16 18:00:00,123.0274025974026
2023-08-16 19:00:00,33.81506493506494
2023-08-16 20:00:00,3.9745454545454546
2023-08-16 21:00:00,0.0
2023-08-16 22:00:00,0.0
2023-08-16 23:00:00,0.0
2023-08-17 00:00:00,0.0
2023-08-17 01:00:00,0.0
2023-08-17 02:00:00,0.0
2023-08-17 03:00:00,0.0
2023-08-17 04:00:00,0.0
2023-08-17 05:00:00,0.0
2023-08-17 06:00:00,0.0
2023-08-17 07:00:00,34.931558441558444
2023-08-17 08:00:00,119.92454545454547
2023-08-17 09:00:00,313.23532467532465
2023-08-17 10:00:00,331.22155844155844
2023-08-17 11:00:00,526.0425974025974
2023-08-17 12:00:00,565.6167532467533
2023-08-17 13:00:00,585.4603896103897
2023-08-17 14:00:00,700.328961038961
2023-08-17 15:00:00,366.9935064935065
2023-08-17 16:00:00,197.44246753246753
2023-08-17 17:00:00,181.76142857142858
2023-08-17 18:00:00,104.95051948051949
2023-08-17 19:00:00,31.660000000000004
2023-08-17 20:00:00,4.706623376623377
2023-08-17 21:00:00,0.0
2023-08-17 22:00:00,0.0
2023-08-17 23:00:00,0.0
2023-08-18 00:00:00,0.0
2023-08-18 01:00:00,0.0
2023-08-18 02:00:00,0.0
2023-08-18 03:00:00,0.0
2023-08-18 04:00:00,0.0
2023-08-18 05:00:00,0.0
2023-08-18 06:00:00,0.0
2023-08-18 07:00:00,29.347532467532464
2023-08-18 08:00:00,126.46883116883117
2023-08-18 09:00:00,409.0549350649351
2023-08-18 10:00:00,630.8397402597402
2023-08-18 11:00:00,735.8927272727273
2023-08-18 12:00:00,831.9596103896104
2023-08-18 13:00:00,902.211038961039
2023-08-18 14:00:00,796.8497402597403
2023-08-18 15:00:00,594.8450649350649
2023-08-18 16:00:00,511.4007792207792
2023-08-18 17:00:00,284.8116883116883
2023-08-18 18:00:00,127.00883116883118
2023-08-18 19:00:00,31.044415584415585
2023-08-18 20:00:00,0.0
2023-08-18 21:00:00,0.0
2023-08-18 22:00:00,0.0
2023-08-18 23:00:00,0.0
2023-08-19 00:00:00,0.0
2023-08-19 01:00:00,0.0
2023-08-19 02:00:00,0.0
2023-08-19 03:00:00,0.0
2023-08-19 04:00:00,0.0
2023-08-19 05:00:00,0.0
2023-08-19 06:00:00,0.0
2023-08-19 07:00:00,31.462987012987007
2023-08-19 08:00:00,120.55545454545455
2023-08-19 09:00:00,387.28506493506495
2023-08-19 10:00:00,633.4472727272727
2023-08-19 11:00:00,809.0206493506494
2023-08-19 12:00:00,827.584025974026
2023-08-19 13:00:00,878.7545454545456
2023-08-19 14:00:00,741.4263636363637
2023-08-19 15:00:00,625.3472727272728
2023-08-19 16:00:00,525.464935064935
2023-08-19 17:00:00,322.22974025974025
2023-08-19 18:00:00,129.12740259740258
2023-08-19 19:00:00,27.211038961038962
2023-08-19 20:00:00,0.0
2023-08-19 21:00:00,0.0
2023-08-19 22:00:00,0.0
2023-08-19 23:00:00,0.0
2023-08-20 00:00:00,0.0
2023-08-20 01:00:00,0.0
2023-08-20 02:00:00,0.0
2023-08-20 03:00:00,0.0
2023-08-20 04:00:00,0.0
2023-08-20 05:00:00,0.0
2023-08-20 06:00:00,0.0
2023-08-20 07:00:00,28.485974025974027
2023-08-20 08:00:00,115.08818181818181
2023-08-20 09:00:00,402.2992207792207
2023-08-20 10:00:00,624.4109090909091
2023-08-20 11:00:00,808.9163636363636
2023-08-20 12:00:00,908.0948051948052
2023-08-20 13:00:00,839.0824675324676
2023-08-20 14:00:00,764.5719480519481
2023-08-20 15:00:00,678.4897402597403
2023-08-20 16:00:00,511.8820779220779
2023-08-20 17:00:00,350.1654545454545
2023-08-20 18:00:00,127.49870129870129
2023-08-20 19:00:00,26.929870129870128
2023-08-20 20:00:00,0.0
2023-08-20 21:00:00,0.0
2023-08-20 22:00:00,0.0
2023-08-20 23:00:00,0.0
2023-08-21 00:00:00,0.0
2023-08-21 01:00:00,0.0
2023-08-21 02:00:00,0.0
2023-08-21 03:00:00,0.0
2023-08-21 04:00:00,0.0
2023-08-21 05:00:00,0.0
2023-08-21 06:00:00,0.0
2023-08-21 07:00:00,34.30623376623377
2023-08-21 08:00:00,106.29714285714286
2023-08-21 09:00:00,344.6864935064935
2023-08-21 10:00:00,617.9092207792207
2023-08-21 11:00:00,772.7014285714286
2023-08-21 12:00:00,856.6892207792208
2023-08-21 13:00:00,829.2272727272726
2023-08-21 14:00:00,766.5432467532466
2023-08-21 15:00:00,656.595064935065
2023-08-21 16:00:00,590.2838961038962
2023-08-21 17:00:00,357.7176623376624
2023-08-21 18:00:00,129.59493506493507
2023-08-21 19:00:00,24.78831168831169
2023-08-21 20:00:00,0.0
2023-08-21 21:00:00,0.0
2023-08-21 22:00:00,0.0
2023-08-21 23:00:00,0.0
2023-08-22 00:00:00,0.0
2023-08-22 01:00:00,0.0
2023-08-22 02:00:00,0.0
2023-08-22 03:00:00,0.0
2023-08-22 04:00:00,0.0
2023-08-22 05:00:00,0.0
2023-08-22 06:00:00,0.0
2023-08-22 07:00:00,32.49649350649351
2023-08-22 08:00:00,111.95116883116883
2023-08-22 09:00:00,382.33753246753247
2023-08-22 10:00:00,633.2731168831168
2023-08-22 11:00:00,788.2011688311688
2023-08-22 12:00:00,827.851038961039
2023-08-22 13:00:00,911.4251948051949
2023-08-22 14:00:00,813.8890909090909
2023-08-22 15:00:00,657.3203896103896
2023-08-22 16:00:00,533.0444155844156
2023-08-22 17:00:00,330.262987012987
2023-08-22 18:00:00,118.16675324675325
2023-08-22 19:00:00,23.654285714285717
2023-08-22 20:00:00,0.0
2023-08-22 21:00:00,0.0
2023-08-22 22:00:00,0.0
2023-08-22 23:00:00,0.0
2023-08-23 00:00:00,0.0
2023-08-23 01:00:00,0.0
2023-08-23 02:00:00,0.0
2023-08-23 03:00:00,0.0
2023-08-23 04:00:00,0.0
2023-08-23 05:00:00,0.0
2023-08-23 06:00:00,0.0
2023-08-23 07:00:00,32.78948051948052
2023-08-23 08:00:00,108.65623376623377
2023-08-23 09:00:00,401.3609090909091
2023-08-23 10:00:00,627.3736363636364
2023-08-23 11:00:00,808.3977922077921
2023-08-23 12:00:00,926.7266233766234
2023-08-23 13:00:00,922.3876623376624
2023-08-23 14:00:00,937.5077922077922
2023-08-23 15:00:00,652.2757142857143
2023-08-23 16:00:00,509.3354545454546
2023-08-23 17:00:00,376.06883116883114
2023-08-23 18:00:00,135.77220779220778
2023-08-23 19:00:00,28.484545454545454
2023-08-23 20:00:00,0.0
2023-08-23 21:00:00,0.0
2023-08-23 22:00:00,0.0
2023-08-23 23:00:00,0.0
2023-08-24 00:00:00,0.0
2023-08-24 01:00:00,0.0
2023-08-24 02:00:00,0.0
2023-08-24 03:00:00,0.0
2023-08-24 04:00:00,0.0
2023-08-24 05:00:00,0.0
2023-08-24 06:00:00,0.0
2023-08-24 07:00:00,24.955584415584415
2023-08-24 08:00:00,107.1761038961039
2023-08-24 09:00:00,390.1153246753247
2023-08-24 10:00:00,634.2946753246754
2023-08-24 11:00:00,796.3803896103897
2023-08-24 12:00:00,857.1784415584416
2023-08-24 13:00:00,792.1188311688312
2023-08-24 14:00:00,878.208051948052
2023-08-24 15:00:00,666.5775324675324
2023-08-24 16:00:00,439.8675324675325
2023-08-24 17:00:00,287.38324675324674
2023-08-24 18:00:00,103.14857142857143
2023-08-24 19:00:00,22.9425974025974
2023-08-24 20:00:00,0.0
2023-08-24 21:00:00,0.0
2023-08-24 22:00:00,0.0
2023-08-24 23:00:00,0.0
2023-08-25 00:00:00,0.0
2023-08-25 01:00:00,0.0
2023-08-25 02:00:00,0.0
2023-08-25 03:00:00,0.0
2023-08-25 04:00:00,0.0
2023-08-25 05:00:00,0.0
2023-08-25 06:00:00,0.0
2023-08-25 07:00:00,25.24077922077922
2023-08-25 08:00:00,104.43662337662337
2023-08-25 09:00:00,370.42779220779227
2023-08-25 10:00:00,577.8915584415585
2023-08-25 11:00:00,591.0484415584415
2023-08-25 12:00:00,519.289090909091
2023-08-25 13:00:00,588.1412987012986
2023-08-25 14:00:00,379.1579220779221
2023-08-25 15:00:00,276.1692207792208
2023-08-25 16:00:00,296.92207792207785
2023-08-25 17:00:00,320.07675324675324
2023-08-25 18:00:00,95.68363636363637
2023-08-25 19:00:00,19.887792207792206
2023-08-25 20:00:00,0.0
2023-08-25 21:00:00,0.0
2023-08-25 22:00:00,0.0
2023-08-25 23:00:00,0.0
2023-08-26 00:00:00,0.0
2023-08-26 01:00:00,0.0
2023-08-26 02:00:00,0.0
2023-08-26 03:00:00,0.0
2023-08-26 04:00:00,0.0
2023-08-26 05:00:00,0.0
2023-08-26 06:00:00,0.0
2023-08-26 07:00:00,23.66974025974026
2023-08-26 08:00:00,83.62090909090908
2023-08-26 09:00:00,169.26805194805198
2023-08-26 10:00:00,326.6745454545454
2023-08-26 11:00:00,315.9041558441558
2023-08-26 12:00:00,237.45805194805195
2023-08-26 13:00:00,124.62792207792208
2023-08-26 14:00:00,110.07298701298703
2023-08-26 15:00:00,121.28571428571429
2023-08-26 16:00:00,109.90623376623377
2023-08-26 17:00:00,177.68584415584414
2023-08-26 18:00:00,82.80363636363637
2023-08-26 19:00:00,19.061558441558443
2023-08-26 20:00:00,0.0
2023-08-26 21:00:00,0.0
2023-08-26 22:00:00,0.0
2023-08-26 23:00:00,0.0
2023-08-27 00:00:00,0.0
2023-08-27 01:00:00,0.0
2023-08-27 02:00:00,0.0
2023-08-27 03:00:00,0.0
2023-08-27 04:00:00,0.0
2023-08-27 05:00:00,0.0
2023-08-27 06:00:00,0.0
2023-08-27 07:00:00,12.484415584415585
2023-08-27 08:00:00,39.24584415584415
2023-08-27 09:00:00,51.55012987012987
2023-08-27 10:00:00,79.16441558441558
2023-08-27 11:00:00,70.46935064935064
2023-08-27 12:00:00,86.04558441558441
2023-08-27 13:00:00,132.78532467532466
2023-08-27 14:00:00,206.15233766233766
2023-08-27 15:00:00,66.09233766233767
2023-08-27 16:00:00,61.75714285714286
2023-08-27 17:00:00,16.651168831168828
2023-08-27 18:00:00,15.04779220779221
2023-08-27 19:00:00,4.64064935064935
2023-08-27 20:00:00,0.0
2023-08-27 21:00:00,0.0
2023-08-27 22:00:00,0.0
2023-08-27 23:00:00,0.0
2023-08-28 00:00:00,0.0
2023-08-28 01:00:00,0.0
2023-08-28 02:00:00,0.0
2023-08-28 03:00:00,0.0
2023-08-28 04:00:00,0.0
2023-08-28 05:00:00,0.0
2023-08-28 06:00:00,0.0
2023-08-28 07:00:00,6.252597402597403
2023-08-28 08:00:00,6.522207792207792
2023-08-28 09:00:00,19.91948051948052
2023-08-28 10:00:00,40.57272727272727
2023-08-28 11:00:00,55.33519480519481
2023-08-28 12:00:00,47.18337662337663
2023-08-28 13:00:00,56.254155844155854
2023-08-28 14:00:00,187.50883116883116
2023-08-28 15:00:00,91.51116883116883
2023-08-28 16:00:00,41.69272727272727
2023-08-28 17:00:00,31.038051948051947
2023-08-28 18:00:00,27.14168831168831
2023-08-28 19:00:00,5.837012987012987
2023-08-28 20:00:00,0.0
2023-08-28 21:00:00,0.0
2023-08-28 22:00:00,0.0
2023-08-28 23:00:00,0.0
2023-08-29 00:00:00,0.0
2023-08-29 01:00:00,0.0
2023-08-29 02:00:00,0.0
2023-08-29 03:00:00,0.0
2023-08-29 04:00:00,0.0
2023-08-29 05:00:00,0.0
2023-08-29 06:00:00,0.0
2023-08-29 07:00:00,20.53792207792208
2023-08-29 08:00:00,64.18402597402597
2023-08-29 09:00:00,211.89064935064934
2023-08-29 10:00:00,392.7358441558442
2023-08-29 11:00:00,541.3941558441559
2023-08-29 12:00:00,556.6161038961039
2023-08-29 13:00:00,584.1651948051947
2023-08-29 14:00:00,543.9609090909091
2023-08-29 15:00:00,442.7964935064935
2023-08-29 16:00:00,409.6680519480519
2023-08-29 17:00:00,264.0112987012987
2023-08-29 18:00:00,103.75623376623376
2023-08-29 19:00:00,26.408311688311688
2023-08-29 20:00:00,0.0
2023-08-29 21:00:00,0.0
2023-08-29 22:00:00,0.0
2023-08-29 23:00:00,0.0
2023-08-30 00:00:00,0.0
2023-08-30 01:00:00,0.0
2023-08-30 02:00:00,0.0
2023-08-30 03:00:00,0.0
2023-08-30 04:00:00,0.0
2023-08-30 05:00:00,0.0
2023-08-30 06:00:00,0.0
2023-08-30 07:00:00,26.134545454545453
2023-08-30 08:00:00,87.99727272727273
2023-08-30 09:00:00,354.77064935064936
2023-08-30 10:00:00,576.6144155844156
2023-08-30 11:00:00,718.0798701298702
2023-08-30 12:00:00,776.4461038961039
2023-08-30 13:00:00,790.127012987013
2023-08-30 14:00:00,651.4992207792208
2023-08-30 15:00:00,528.0931168831169
2023-08-30 16:00:00,430.07948051948057
2023-08-30 17:00:00,280.17324675324676
2023-08-30 18:00:00,103.27207792207793
2023-08-30 19:00:00,18.709220779220782
2023-08-30 20:00:00,0.0
2023-08-30 21:00:00,0.0
2023-08-30 22:00:00,0.0
2023-08-30 23:00:00,0.0
2023-08-31 00:00:00,0.0
2023-08-31 01:00:00,0.0
2023-08-31 02:00:00,0.0
2023-08-31 03:00:00,0.0
2023-08-31 04:00:00,0.0
2023-08-31 05:00:00,0.0
2023-08-31 06:00:00,0.0
2023-08-31 07:00:00,26.903506493506494
2023-08-31 08:00:00,94.31064935064936
2023-08-31 09:00:00,334.16883116883116
2023-08-31 10:00:00,582.0868831168832
2023-08-31 11:00:00,748.502987012987
2023-08-31 12:00:00,739.552077922078
2023-08-31 13:00:00,863.851038961039
2023-08-31 14:00:00,619.2849350649351
2023-08-31 15:00:00,525.7305194805194
2023-08-31 16:00:00,422.12636363636364
2023-08-31 17:00:00,177.94571428571427
2023-08-31 18:00:00,66.3425974025974
2023-08-31 19:00:00,11.545454545454545
2023-08-31 20:00:00,0.0
2023-08-31 21:00:00,0.0
2023-08-31 22:00:00,0.0
2023-08-31 23:00:00,0.0
2023-09-01 00:00:00,0.0
2023-09-01 01:00:00,0.0
2023-09-01 02:00:00,0.0
2023-09-01 03:00:00,0.0
2023-09-01 04:00:00,0.0
2023-09-01 05:00:00,0.0
2023-09-01 06:00:00,0.0
2023-09-01 07:00:00,18.315844155844157
2023-09-01 08:00:00,68.33740259740259
2023-09-01 09:00:00,295.09909090909093
2023-09-01 10:00:00,566.1503896103897
2023-09-01 11:00:00,751.5948051948052
2023-09-01 12:00:00,667.0058441558441
2023-09-01 13:00:00,789.1093506493506
2023-09-01 14:00:00,728.2475324675324
2023-09-01 15:00:00,688.1338961038961
2023-09-01 16:00:00,495.77506493506496
2023-09-01 17:00:00,292.3263636363636
2023-09-01 18:00:00,100.29766233766233
2023-09-01 19:00:00,18.66922077922078
2023-09-01 20:00:00,0.0
2023-09-01 21:00:00,0.0
2023-09-01 22:00:00,0.0
2023-09-01 23:00:00,0.0
2023-09-02 00:00:00,0.0
2023-09-02 01:00:00,0.0
2023-09-02 02:00:00,0.0
2023-09-02 03:00:00,0.0
2023-09-02 04:00:00,0.0
2023-09-02 05:00:00,0.0
2023-09-02 06:00:00,0.0
2023-09-02 07:00:00,20.006103896103898
2023-09-02 08:00:00,65.80883116883116
2023-09-02 09:00:00,231.77662337662338
2023-09-02 10:00:00,427.96818181818173
2023-09-02 11:00:00,674.5109090909091
2023-09-02 12:00:00,664.414025974026
2023-09-02 13:00:00,685.2951948051948
2023-09-02 14:00:00,647.7663636363636
2023-09-02 15:00:00,469.6068831168832
2023-09-02 16:00:00,435.0990909090909
2023-09-02 17:00:00,296.38051948051947
2023-09-02 18:00:00,91.36246753246753
2023-09-02 19:00:00,13.612987012987013
2023-09-02 20:00:00,0.0
2023-09-02 21:00:00,0.0
2023-09-02 22:00:00,0.0
2023-09-02 23:00:00,0.0
2023-09-03 00:00:00,0.0
2023-09-03 01:00:00,0.0
2023-09-03 02:00:00,0.0
2023-09-03 03:00:00,0.0
2023-09-03 04:00:00,0.0
2023-09-03 05:00:00,0.0
2023-09-03 06:00:00,0.0
2023-09-03 07:00:00,24.48207792207792
2023-09-03 08:00:00,96.6496103896104
2023-09-03 09:00:00,279.17792207792206
2023-09-03 10:00:00,500.6302597402597
2023-09-03 11:00:00,785.4272727272728
2023-09-03 12:00:00,942.2035064935064
2023-09-03 13:00:00,924.6516883116882
2023-09-03 14:00:00,899.902077922078
2023-09-03 15:00:00,728.1331168831168
2023-09-03 16:00:00,513.1190909090909
2023-09-03 17:00:00,329.4576623376624
2023-09-03 18:00:00,108.96116883116883
2023-09-03 19:00:00,21.920909090909092
2023-09-03 20:00:00,0.0
2023-09-03 21:00:00,0.0
2023-09-03 22:00:00,0.0
2023-09-03 23:00:00,0.0
2023-09-04 00:00:00,0.0
2023-09-04 01:00:00,0.0
2023-09-04 02:00:00,0.0
2023-09-04 03:00:00,0.0
2023-09-04 04:00:00,0.0
2023-09-04 05:00:00,0.0
2023-09-04 06:00:00,0.0
2023-09-04 07:00:00,26.57090909090909
2023-09-04 08:00:00,89.15662337662339
2023-09-04 09:00:00,329.05259740259737
2023-09-04 10:00:00,621.4107792207792
2023-09-04 11:00:00,782.8875324675324
2023-09-04 12:00:00,833.0623376623377
2023-09-04 13:00:00,798.7159740259741
2023-09-04 14:00:00,756.0383116883116
2023-09-04 15:00:00,616.601038961039
2023-09-04 16:00:00,492.74649350649355
2023-09-04 17:00:00,273.97285714285715
2023-09-04 18:00:00,88.08
2023-09-04 19:00:00,12.055844155844158
2023-09-04 20:00:00,0.0
2023-09-04 21:00:00,0.0
2023-09-04 22:00:00,0.0
2023-09-04 23:00:00,0.0
2023-09-05 00:00:00,0.0
2023-09-05 01:00:00,0.0
2023-09-05 02:00:00,0.0
2023-09-05 03:00:00,0.0
2023-09-05 04:00:00,0.0
2023-09-05 05:00:00,0.0
2023-09-05 06:00:00,0.0
2023-09-05 07:00:00,15.835584415584414
2023-09-05 08:00:00,72.10883116883117
2023-09-05 09:00:00,243.59272727272727
2023-09-05 10:00:00,546.7854545454545
2023-09-05 11:00:00,699.9928571428572
2023-09-05 12:00:00,746.079090909091
2023-09-05 13:00:00,871.2702597402597
2023-09-05 14:00:00,926.0018181818182
2023-09-05 15:00:00,839.1353246753247
2023-09-05 16:00:00,625.491038961039
2023-09-05 17:00:00,376.81883116883114
2023-09-05 18:00:00,104.02090909090909
2023-09-05 19:00:00,13.277532467532467
2023-09-05 20:00:00,0.0
2023-09-05 21:00:00,0.0
2023-09-05 22:00:00,0.0
2023-09-05 23:00:00,0.0
2023-09-06 00:00:00,0.0
2023-09-06 01:00:00,0.0
2023-09-06 02:00:00,0.0
2023-09-06 03:00:00,0.0
2023-09-06 04:00:00,0.0
2023-09-06 05:00:00,0.0
2023-09-06 06:00:00,0.0
2023-09-06 07:00:00,20.29077922077922
2023-09-06 08:00:00,82.01454545454546
2023-09-06 09:00:00,317.4994805194805
2023-09-06 10:00:00,627.4807792207793
2023-09-06 11:00:00,869.386883116883
2023-09-06 12:00:00,973.9723376623376
2023-09-06 13:00:00,1017.0715584415584
2023-09-06 14:00:00,968.446103896104
2023-09-06 15:00:00,803.1272727272727
2023-09-06 16:00:00,595.3345454545455
2023-09-06 17:00:00,349.41025974025973
2023-09-06 18:00:00,96.02350649350649
2023-09-06 19:00:00,13.331428571428571
2023-09-06 20:00:00,0.0
2023-09-06 21:00:00,0.0
2023-09-06 22:00:00,0.0
2023-09-06 23:00:00,0.0
2023-09-07 00:00:00,0.0
2023-09-07 01:00:00,0.0
2023-09-07 02:00:00,0.0
2023-09-07 03:00:00,0.0
2023-09-07 04:00:00,0.0
2023-09-07 05:00:00,0.0
2023-09-07 06:00:00,0.0
2023-09-07 07:00:00,17.078961038961037
2023-09-07 08:00:00,79.14402597402596
2023-09-07 09:00:00,361.8236363636364
2023-09-07 10:00:00,676.2112987012987
2023-09-07 11:00:00,870.2674025974026
2023-09-07 12:00:00,980.4614285714285
2023-09-07 13:00:00,1009.5284415584416
2023-09-07 14:00:00,962.3499999999999
2023-09-07 15:00:00,825.3998701298701
2023-09-07 16:00:00,599.9825974025973
2023-09-07 17:00:00,330.49285714285713
2023-09-07 18:00:00,81.89337662337662
2023-09-07 19:00:00,11.59
2023-09-07 20:00:00,0.0
2023-09-07 21:00:00,0.0
2023-09-07 22:00:00,0.0
2023-09-07 23:00:00,0.0
2023-09-08 00:00:00,0.0
2023-09-08 01:00:00,0.0
2023-09-08 02:00:00,0.0
2023-09-08 03:00:00,0.0
2023-09-08 04:00:00,0.0
2023-09-08 05:00:00,0.0
2023-09-08 06:00:00,0.0
2023-09-08 07:00:00,15.60051948051948
2023-09-08 08:00:00,53.946363636363635
2023-09-08 09:00:00,250.39623376623373
2023-09-08 10:00:00,441.20558441558444
2023-09-08 11:00:00,669.9424675324675
2023-09-08 12:00:00,838.3019480519481
2023-09-08 13:00:00,859.0785714285714
2023-09-08 14:00:00,761.8053246753246
2023-09-08 15:00:00,705.0727272727272
2023-09-08 16:00:00,516.8503896103896
2023-09-08 17:00:00,239.15389610389607
2023-09-08 18:00:00,72.55805194805195
2023-09-08 19:00:00,10.824805194805196
2023-09-08 20:00:00,0.0
2023-09-08 21:00:00,0.0
2023-09-08 22:00:00,0.0
2023-09-08 23:00:00,0.0
2023-09-09 00:00:00,0.0
2023-09-09 01:00:00,0.0
2023-09-09 02:00:00,0.0
2023-09-09 03:00:00,0.0
2023-09-09 04:00:00,0.0
2023-09-09 05:00:00,0.0
2023-09-09 06:00:00,0.0
2023-09-09 07:00:00,15.133506493506493
2023-09-09 08:00:00,67.6961038961039
2023-09-09 09:00:00,281.4209090909091
2023-09-09 10:00:00,551.4241558441558
2023-09-09 11:00:00,784.8514285714285
2023-09-09 12:00:00,865.2703896103897
2023-09-09 13:00:00,812.8842857142857
2023-09-09 14:00:00,712.0796103896104
2023-09-09 15:00:00,641.7105194805195
2023-09-09 16:00:00,480.47792207792213
2023-09-09 17:00:00,264.672987012987
2023-09-09 18:00:00,73.42766233766234
2023-09-09 19:00:00,10.262987012987013
2023-09-09 20:00:00,0.0
2023-09-09 21:00:00,0.0
2023-09-09 22:00:00,0.0
2023-09-09 23:00:00,0.0
2023-09-10 00:00:00,0.0
2023-09-10 01:00:00,0.0
2023-09-10 02:00:00,0.0
2023-09-10 03:00:00,0.0
2023-09-10 04:00:00,0.0
2023-09-10 05:00:00,0.0
2023-09-10 06:00:00,0.0
2023-09-10 07:00:00,14.326233766233765
2023-09-10 08:00:00,59.83675324675325
2023-09-10 09:00:00,274.5414285714286
2023-09-10 10:00:00,579.9925974025974
2023-09-10 11:00:00,789.0064935064935
2023-09-10 12:00:00,895.0081818181819
2023-09-10 13:00:00,956.3515584415585
2023-09-10 14:00:00,867.9836363636364
2023-09-10 15:00:00,723.9964935064935
2023-09-10 16:00:00,504.8198701298701
2023-09-10 17:00:00,261.93545454545455
2023-09-10 18:00:00,69.78064935064936
2023-09-10 19:00:00,9.19
2023-09-10 20:00:00,0.0
2023-09-10 21:00:00,0.0
2023-09-10 22:00:00,0.0
2023-09-10 23:00:00,0.0
2023-09-11 00:00:00,0.0
2023-09-11 01:00:00,0.0
2023-09-11 02:00:00,0.0
2023-09-11 03:00:00,0.0
2023-09-11 04:00:00,0.0
2023-09-11 05:00:00,0.0
2023-09-11 06:00:00,0.0
2023-09-11 07:00:00,15.778571428571428
2023-09-11 08:00:00,76.45025974025974
2023-09-11 09:00:00,306.5885714285714
2023-09-11 10:00:00,544.9707792207793
2023-09-11 11:00:00,739.2714285714286
2023-09-11 12:00:00,794.2975324675324
2023-09-11 13:00:00,769.4319480519481
2023-09-11 14:00:00,783.7267532467532
2023-09-11 15:00:00,653.2532467532468
2023-09-11 16:00:00,447.6181818181818
2023-09-11 17:00:00,188.06688311688313
2023-09-11 18:00:00,72.85116883116883
2023-09-11 19:00:00,9.055194805194805
2023-09-11 20:00:00,0.0
2023-09-11 21:00:00,0.0
2023-09-11 22:00:00,0.0
2023-09-11 23:00:00,0.0
2023-09-12 00:00:00,0.0
2023-09-12 01:00:00,0.0
2023-09-12 02:00:00,0.0
2023-09-12 03:00:00,0.0
2023-09-12 04:00:00,0.0
2023-09-12 05:00:00,0.0
2023-09-12 06:00:00,0.0
2023-09-12 07:00:00,16.966753246753246
2023-09-12 08:00:00,76.25220779220778
2023-09-12 09:00:00,162.27233766233766
2023-09-12 10:00:00,418.5007792207792
2023-09-12 11:00:00,494.32831168831166
2023-09-12 12:00:00,526.6602597402597
2023-09-12 13:00:00,620.7990909090909
2023-09-12 14:00:00,528.1938961038961
2023-09-12 15:00:00,450.072987012987
2023-09-12 16:00:00,214.1594805194805
2023-09-12 17:00:00,114.73103896103898
2023-09-12 18:00:00,29.026233766233766
2023-09-12 19:00:00,6.111038961038962
2023-09-12 20:00:00,0.0
2023-09-12 21:00:00,0.0
2023-09-12 22:00:00,0.0
2023-09-12 23:00:00,0.0
2023-09-13 00:00:00,0.0
2023-09-13 01:00:00,0.0
2023-09-13 02:00:00,0.0
2023-09-13 03:00:00,0.0
2023-09-13 04:00:00,0.0
2023-09-13 05:00:00,0.0
2023-09-13 06:00:00,0.0
2023-09-13 07:00:00,12.502337662337663
2023-09-13 08:00:00,37.32896103896104
2023-09-13 09:00:00,63.90441558441559
2023-09-13 10:00:00,87.4916883116883
2023-09-13 11:00:00,80.36987012987012
2023-09-13 12:00:00,197.76285714285714
2023-09-13 13:00:00,161.84090909090907
2023-09-13 14:00:00,63.85857142857142
2023-09-13 15:00:00,53.02389610389611
2023-09-13 16:00:00,47.04662337662338
2023-09-13 17:00:00,55.46662337662338
2023-09-13 18:00:00,29.583766233766237
2023-09-13 19:00:00,3.8466233766233766
2023-09-13 20:00:00,0.0
2023-09-13 21:00:00,0.0
2023-09-13 22:00:00,0.0
2023-09-13 23:00:00,0.0
2023-09-14 00:00:00,0.0
2023-09-14 01:00:00,0.0
2023-09-14 02:00:00,0.0
2023-09-14 03:00:00,0.0
2023-09-14 04:00:00,0.0
2023-09-14 05:00:00,0.0
2023-09-14 06:00:00,0.0
2023-09-14 07:00:00,7.614285714285714
2023-09-14 08:00:00,46.36298701298701
2023-09-14 09:00:00,163.66090909090912
2023-09-14 10:00:00,414.5057142857143
2023-09-14 11:00:00,594.2600000000001
2023-09-14 12:00:00,456.5709090909091
2023-09-14 13:00:00,504.09571428571434
2023-09-14 14:00:00,593.2958441558442
2023-09-14 15:00:00,434.47597402597404
2023-09-14 16:00:00,303.74454545454546
2023-09-14 17:00:00,143.9955844155844
2023-09-14 18:00:00,39.87467532467532
2023-09-14 19:00:00,3.439090909090909
2023-09-14 20:00:00,0.0
2023-09-14 21:00:00,0.0
2023-09-14 22:00:00,0.0
2023-09-14 23:00:00,0.0
2023-09-15 00:00:00,0.0
2023-09-15 01:00:00,0.0
2023-09-15 02:00:00,0.0
2023-09-15 03:00:00,0.0
2023-09-15 04:00:00,0.0
2023-09-15 05:00:00,0.0
2023-09-15 06:00:00,0.0
2023-09-15 07:00:00,8.912337662337663
2023-09-15 08:00:00,33.625064935064934
2023-09-15 09:00:00,107.57025974025974
2023-09-15 10:00:00,221.85000000000002
2023-09-15 11:00:00,250.83987012987012
2023-09-15 12:00:00,238.17363636363635
2023-09-15 13:00:00,486.3236363636364
2023-09-15 14:00:00,388.5277922077922
2023-09-15 15:00:00,399.1441558441559
2023-09-15 16:00:00,301.8142857142857
2023-09-15 17:00:00,173.44480519480518
2023-09-15 18:00:00,49.3925974025974
2023-09-15 19:00:00,5.312987012987013
2023-09-15 20:00:00,0.0
2023-09-15 21:00:00,0.0
2023-09-15 22:00:00,0.0
2023-09-15 23:00:00,0.0
2023-09-16 00:00:00,0.0
2023-09-16 01:00:00,0.0
2023-09-16 02:00:00,0.0
2023-09-16 03:00:00,0.0
2023-09-16 04:00:00,0.0
2023-09-16 05:00:00,0.0
2023-09-16 06:00:00,0.0
2023-09-16 07:00:00,6.8207792207792215
2023-09-16 08:00:00,33.00636363636363
2023-09-16 09:00:00,72.21532467532468
2023-09-16 10:00:00,182.9277922077922
2023-09-16 11:00:00,347.25961038961043
2023-09-16 12:00:00,499.98207792207796
2023-09-16 13:00:00,540.518961038961
2023-09-16 14:00:00,421.33961038961036
2023-09-16 15:00:00,376.1809090909091
2023-09-16 16:00:00,213.26337662337662
2023-09-16 17:00:00,112.5038961038961
2023-09-16 18:00:00,35.34701298701298
2023-09-16 19:00:00,3.38
2023-09-16 20:00:00,0.0
2023-09-16 21:00:00,0.0
2023-09-16 22:00:00,0.0
2023-09-16 23:00:00,0.0
2023-09-17 00:00:00,0.0
2023-09-17 01:00:00,0.0
2023-09-17 02:00:00,0.0
2023-09-17 03:00:00,0.0
2023-09-17 04:00:00,0.0
2023-09-17 05:00:00,0.0
2023-09-17 06:00:00,0.0
2023-09-17 07:00:00,12.253116883116883
2023-09-17 08:00:00,56.90428571428571
2023-09-17 09:00:00,162.4351948051948
2023-09-17 10:00:00,302.7883116883117
2023-09-17 11:00:00,467.3455844155844
2023-09-17 12:00:00,580.5805194805196
2023-09-17 13:00:00,512.0585714285714
2023-09-17 14:00:00,601.5107792207792
2023-09-17 15:00:00,476.01896103896104
2023-09-17 16:00:00,443.94597402597395
2023-09-17 17:00:00,218.41675324675325
2023-09-17 18:00:00,51.55649350649351
2023-09-17 19:00:00,4.013246753246753
2023-09-17 20:00:00,0.0
2023-09-17 21:00:00,0.0
2023-09-17 22:00:00,0.0
2023-09-17 23:00:00,0.0
2023-09-18 00:00:00,0.0
2023-09-18 01:00:00,0.0
2023-09-18 02:00:00,0.0
2023-09-18 03:00:00,0.0
2023-09-18 04:00:00,0.0
2023-09-18 05:00:00,0.0
2023-09-18 06:00:00,0.0
2023-09-18 07:00:00,8.269480519480519
2023-09-18 08:00:00,9.594675324675324
2023-09-18 09:00:00,11.794545454545453
2023-09-18 10:00:00,75.25727272727272
2023-09-18 11:00:00,104.09233766233766
2023-09-18 12:00:00,154.44311688311686
2023-09-18 13:00:00,299.6284415584415
2023-09-18 14:00:00,244.32285714285715
2023-09-18 15:00:00,265.20896103896104
2023-09-18 16:00:00,193.8009090909091
2023-09-18 17:00:00,100.81220779220779
2023-09-18 18:00:00,43.44623376623377
2023-09-18 19:00:00,0.0
2023-09-18 20:00:00,0.0
2023-09-18 21:00:00,0.0
2023-09-18 22:00:00,0.0
2023-09-18 23:00:00,0.0
2023-09-19 00:00:00,0.0
2023-09-19 01:00:00,0.0
2023-09-19 02:00:00,0.0
2023-09-19 03:00:00,0.0
2023-09-19 04:00:00,0.0
2023-09-19 05:00:00,0.0
2023-09-19 06:00:00,0.0
2023-09-19 07:00:00,9.642207792207794
2023-09-19 08:00:00,47.257402597402596
2023-09-19 09:00:00,238.6512987012987
2023-09-19 10:00:00,454.278961038961
2023-09-19 11:00:00,611.2122077922078
2023-09-19 12:00:00,773.4236363636363
2023-09-19 13:00:00,817.7246753246752
2023-09-19 14:00:00,801.4145454545454
2023-09-19 15:00:00,579.8063636363636
2023-09-19 16:00:00,479.64714285714285
2023-09-19 17:00:00,205.55207792207793
2023-09-19 18:00:00,57.9025974025974
2023-09-19 19:00:00,0.0
2023-09-19 20:00:00,0.0
2023-09-19 21:00:00,0.0
2023-09-19 22:00:00,0.0
2023-09-19 23:00:00,0.0
2023-09-20 00:00:00,0.0
2023-09-20 01:00:00,0.0
2023-09-20 02:00:00,0.0
2023-09-20 03:00:00,0.0
2023-09-20 04:00:00,0.0
2023-09-20 05:00:00,0.0
2023-09-20 06:00:00,0.0
2023-09-20 07:00:00,7.217142857142857
2023-09-20 08:00:00,63.088181818181816
2023-09-20 09:00:00,187.80571428571426
2023-09-20 10:00:00,507.89441558441564
2023-09-20 11:00:00,592.6471428571427
2023-09-20 12:00:00,462.5583116883117
2023-09-20 13:00:00,572.7450649350649
2023-09-20 14:00:00,524.353116883117
2023-09-20 15:00:00,432.17649350649344
2023-09-20 16:00:00,308.5861038961039
2023-09-20 17:00:00,177.2096103896104
2023-09-20 18:00:00,39.23701298701299
2023-09-20 19:00:00,0.0
2023-09-20 20:00:00,0.0
2023-09-20 21:00:00,0.0
2023-09-20 22:00:00,0.0
2023-09-20 23:00:00,0.0
2023-09-21 00:00:00,0.0
2023-09-21 01:00:00,0.0
2023-09-21 02:00:00,0.0
2023-09-21 03:00:00,0.0
2023-09-21 04:00:00,0.0
2023-09-21 05:00:00,0.0
2023-09-21 06:00:00,0.0
2023-09-21 07:00:00,5.368701298701298
2023-09-21 08:00:00,26.711168831168827
2023-09-21 09:00:00,74.59207792207792
2023-09-21 10:00:00,175.19480519480518
2023-09-21 11:00:00,351.8812987012987
2023-09-21 12:00:00,333.37636363636364
2023-09-21 13:00:00,430.52558441558443
2023-09-21 14:00:00,328.6412987012987
2023-09-21 15:00:00,116.29636363636364
2023-09-21 16:00:00,94.88532467532468
2023-09-21 17:00:00,60.898311688311686
2023-09-21 18:00:00,23.967142857142857
2023-09-21 19:00:00,0.0
2023-09-21 20:00:00,0.0
2023-09-21 21:00:00,0.0
2023-09-21 22:00:00,0.0
2023-09-21 23:00:00,0.0
2023-09-22 00:00:00,0.0
2023-09-22 01:00:00,0.0
2023-09-22 02:00:00,0.0
2023-09-22 03:00:00,0.0
2023-09-22 04:00:00,0.0
2023-09-22 05:00:00,0.0
2023-09-22 06:00:00,0.0
2023-09-22 07:00:00,1.8764935064935067
2023-09-22 08:00:00,15.283116883116882
2023-09-22 09:00:00,68.33649350649351
2023-09-22 10:00:00,205.08363636363637
2023-09-22 11:00:00,339.80077922077925
2023-09-22 12:00:00,427.0571428571429
2023-09-22 13:00:00,403.58909090909094
2023-09-22 14:00:00,415.4406493506494
2023-09-22 15:00:00,426.6598701298701
2023-09-22 16:00:00,263.9254545454545
2023-09-22 17:00:00,146.58454545454546
2023-09-22 18:00:00,38.607532467532465
2023-09-22 19:00:00,0.0
2023-09-22 20:00:00,0.0
2023-09-22 21:00:00,0.0
2023-09-22 22:00:00,0.0
2023-09-22 23:00:00,0.0
2023-09-23 00:00:00,0.0
2023-09-23 01:00:00,0.0
2023-09-23 02:00:00,0.0
2023-09-23 03:00:00,0.0
2023-09-23 04:00:00,0.0
2023-09-23 05:00:00,0.0
2023-09-23 06:00:00,0.0
2023-09-23 07:00:00,5.944545454545454
2023-09-23 08:00:00,28.118961038961043
2023-09-23 09:00:00,113.81792207792208
2023-09-23 10:00:00,199.89766233766235
2023-09-23 11:00:00,365.4718181818182
2023-09-23 12:00:00,545.5042857142857
2023-09-23 13:00:00,549.9503896103896
2023-09-23 14:00:00,586.793896103896
2023-09-23 15:00:00,641.6807792207792
2023-09-23 16:00:00,506.7044155844156
2023-09-23 17:00:00,258.89740259740256
2023-09-23 18:00:00,53.71142857142857
2023-09-23 19:00:00,0.0
2023-09-23 20:00:00,0.0
2023-09-23 21:00:00,0.0
2023-09-23 22:00:00,0.0
2023-09-23 23:00:00,0.0
2023-09-24 00:00:00,0.0
2023-09-24 01:00:00,0.0
2023-09-24 02:00:00,0.0
2023-09-24 03:00:00,0.0
2023-09-24 04:00:00,0.0
2023-09-24 05:00:00,0.0
2023-09-24 06:00:00,0.0
2023-09-24 07:00:00,8.095194805194804
2023-09-24 08:00:00,61.75584415584415
2023-09-24 09:00:00,294.7785714285714
2023-09-24 10:00:00,712.934025974026
2023-09-24 11:00:00,945.9584415584416
2023-09-24 12:00:00,1040.1299999999999
2023-09-24 13:00:00,1072.311038961039
2023-09-24 14:00:00,1022.8709090909091
2023-09-24 15:00:00,870.3290909090908
2023-09-24 16:00:00,648.3866233766233
2023-09-24 17:00:00,282.59155844155845
2023-09-24 18:00:00,52.95714285714286
2023-09-24 19:00:00,0.0
2023-09-24 20:00:00,0.0
2023-09-24 21:00:00,0.0
2023-09-24 22:00:00,0.0
2023-09-24 23:00:00,0.0
2023-09-25 00:00:00,0.0
2023-09-25 01:00:00,0.0
2023-09-25 02:00:00,0.0
2023-09-25 03:00:00,0.0
2023-09-25 04:00:00,0.0
2023-09-25 05:00:00,0.0
2023-09-25 06:00:00,0.0
2023-09-25 07:00:00,7.518311688311689
2023-09-25 08:00:00,62.918961038961044
2023-09-25 09:00:00,304.46584415584414
2023-09-25 10:00:00,725.6250649350649
2023-09-25 11:00:00,937.1161038961039
2023-09-25 12:00:00,1041.327142857143
2023-09-25 13:00:00,1064.8524675324675
2023-09-25 14:00:00,1003.2980519480519
2023-09-25 15:00:00,857.6366233766234
2023-09-25 16:00:00,638.9396103896104
2023-09-25 17:00:00,272.451948051948
2023-09-25 18:00:00,51.221038961038964
2023-09-25 19:00:00,0.0
2023-09-25 20:00:00,0.0
2023-09-25 21:00:00,0.0
2023-09-25 22:00:00,0.0
2023-09-25 23:00:00,0.0
2023-09-26 00:00:00,0.0
2023-09-26 01:00:00,0.0
2023-09-26 02:00:00,0.0
2023-09-26 03:00:00,0.0
2023-09-26 04:00:00,0.0
2023-09-26 05:00:00,0.0
2023-09-26 06:00:00,0.0
2023-09-26 07:00:00,6.864545454545453
2023-09-26 08:00:00,60.037142857142854
2023-09-26 09:00:00,286.8006493506494
2023-09-26 10:00:00,710.0302597402598
2023-09-26 11:00:00,906.7445454545455
2023-09-26 12:00:00,1011.7344155844156
2023-09-26 13:00:00,1034.3975324675325
2023-09-26 14:00:00,972.7015584415585
2023-09-26 15:00:00,831.967922077922
2023-09-26 16:00:00,618.0853246753247
2023-09-26 17:00:00,262.0646753246753
2023-09-26 18:00:00,48.43038961038961
2023-09-26 19:00:00,0.0
2023-09-26 20:00:00,0.0
2023-09-26 21:00:00,0.0
2023-09-26 22:00:00,0.0
2023-09-26 23:00:00,0.0
2023-09-27 00:00:00,0.0
2023-09-27 01:00:00,0.0
2023-09-27 02:00:00,0.0
2023-09-27 03:00:00,0.0
2023-09-27 04:00:00,0.0
2023-09-27 05:00:00,0.0
2023-09-27 06:00:00,0.0
2023-09-27 07:00:00,7.207662337662338
2023-09-27 08:00:00,60.01792207792208
2023-09-27 09:00:00,233.74688311688314
2023-09-27 10:00:00,609.7784415584416
2023-09-27 11:00:00,890.1094805194806
2023-09-27 12:00:00,1010.1435064935065
2023-09-27 13:00:00,1031.0693506493506
2023-09-27 14:00:00,968.2620779220779
2023-09-27 15:00:00,821.8662337662338
2023-09-27 16:00:00,569.6059740259741
2023-09-27 17:00:00,255.2572727272727
2023-09-27 18:00:00,43.268311688311684
2023-09-27 19:00:00,0.0
2023-09-27 20:00:00,0.0
2023-09-27 21:00:00,0.0
2023-09-27 22:00:00,0.0
2023-09-27 23:00:00,0.0
2023-09-28 00:00:00,0.0
2023-09-28 01:00:00,0.0
2023-09-28 02:00:00,0.0
2023-09-28 03:00:00,0.0
2023-09-28 04:00:00,0.0
2023-09-28 05:00:00,0.0
2023-09-28 06:00:00,0.0
2023-09-28 07:00:00,5.457012987012987
2023-09-28 08:00:00,57.42311688311688
2023-09-28 09:00:00,251.62402597402595
2023-09-28 10:00:00,579.1093506493506
2023-09-28 11:00:00,880.1088311688312
2023-09-28 12:00:00,962.6451948051947
2023-09-28 13:00:00,971.9022077922078
2023-09-28 14:00:00,895.8588311688312
2023-09-28 15:00:00,736.6677922077922
2023-09-28 16:00:00,508.324935064935
2023-09-28 17:00:00,209.41168831168832
2023-09-28 18:00:00,42.68493506493506
2023-09-28 19:00:00,0.0
2023-09-28 20:00:00,0.0
2023-09-28 21:00:00,0.0
2023-09-28 22:00:00,0.0
2023-09-28 23:00:00,0.0
2023-09-29 00:00:00,0.0
2023-09-29 01:00:00,0.0
2023-09-29 02:00:00,0.0
2023-09-29 03:00:00,0.0
2023-09-29 04:00:00,0.0
2023-09-29 05:00:00,0.0
2023-09-29 06:00:00,0.0
2023-09-29 07:00:00,5.115454545454545
2023-09-29 08:00:00,57.092727272727274
2023-09-29 09:00:00,249.6187012987013
2023-09-29 10:00:00,654.9184415584416
2023-09-29 11:00:00,875.2037662337663
2023-09-29 12:00:00,978.6687012987014
2023-09-29 13:00:00,1007.7296103896105
2023-09-29 14:00:00,954.6471428571429
2023-09-29 15:00:00,825.7524675324676
2023-09-29 16:00:00,589.0392207792207
2023-09-29 17:00:00,211.34805194805196
2023-09-29 18:00:00,42.02961038961039
2023-09-29 19:00:00,0.0
2023-09-29 20:00:00,0.0
2023-09-29 21:00:00,0.0
2023-09-29 22:00:00,0.0
2023-09-29 23:00:00,0.0
2023-09-30 00:00:00,0.0
2023-09-30 01:00:00,0.0
2023-09-30 02:00:00,0.0
2023-09-30 03:00:00,0.0
2023-09-30 04:00:00,0.0
2023-09-30 05:00:00,0.0
2023-09-30 06:00:00,0.0
2023-09-30 07:00:00,3.3170129870129874
2023-09-30 08:00:00,45.19038961038961
2023-09-30 09:00:00,171.67584415584417
2023-09-30 10:00:00,505.53818181818184
2023-09-30 11:00:00,582.1754545454546
2023-09-30 12:00:00,841.508961038961
2023-09-30 13:00:00,849.09
2023-09-30 14:00:00,805.2035064935064
2023-09-30 15:00:00,697.7925974025974
2023-09-30 16:00:00,526.8023376623377
2023-09-30 17:00:00,185.65714285714287
2023-09-30 18:00:00,35.12272727272727
2023-09-30 19:00:00,0.0
2023-09-30 20:00:00,0.0
2023-09-30 21:00:00,0.0
2023-09-30 22:00:00,0.0
2023-09-30 23:00:00,0.0
2023-10-01 00:00:00,0.0
2023-10-01 01:00:00,0.0
2023-10-01 02:00:00,0.0
2023-10-01 03:00:00,0.0
2023-10-01 04:00:00,0.0
2023-10-01 05:00:00,0.0
2023-10-01 06:00:00,0.0
2023-10-01 07:00:00,2.9406493506493505
2023-10-01 08:00:00,52.28402597402597
2023-10-01 09:00:00,266.5116883116883
2023-10-01 10:00:00,638.5680519480519
2023-10-01 11:00:00,849.4242857142858
2023-10-01 12:00:00,914.664935064935
2023-10-01 13:00:00,929.6511688311688
2023-10-01 14:00:00,873.097012987013
2023-10-01 15:00:00,693.0185714285715
2023-10-01 16:00:00,543.861038961039
2023-10-01 17:00:00,227.99428571428572
2023-10-01 18:00:00,41.36961038961039
2023-10-01 19:00:00,0.0
2023-10-01 20:00:00,0.0
2023-10-01 21:00:00,0.0
2023-10-01 22:00:00,0.0
2023-10-01 23:00:00,0.0
2023-10-02 00:00:00,0.0
2023-10-02 01:00:00,0.0
2023-10-02 02:00:00,0.0
2023-10-02 03:00:00,0.0
2023-10-02 04:00:00,0.0
2023-10-02 05:00:00,0.0
2023-10-02 06:00:00,0.0
2023-10-02 07:00:00,0.0
2023-10-02 08:00:00,55.193636363636365
2023-10-02 09:00:00,272.5124675324675
2023-10-02 10:00:00,646.187922077922
2023-10-02 11:00:00,812.7224675324675
2023-10-02 12:00:00,1004.5325974025974
2023-10-02 13:00:00,1018.5854545454546
2023-10-02 14:00:00,956.9976623376624
2023-10-02 15:00:00,802.0707792207792
2023-10-02 16:00:00,602.2288311688312
2023-10-02 17:00:00,220.44402597402595
2023-10-02 18:00:00,38.3487012987013
2023-10-02 19:00:00,0.0
2023-10-02 20:00:00,0.0
2023-10-02 21:00:00,0.0
2023-10-02 22:00:00,0.0
2023-10-02 23:00:00,0.0
2023-10-03 00:00:00,0.0
2023-10-03 01:00:00,0.0
2023-10-03 02:00:00,0.0
2023-10-03 03:00:00,0.0
2023-10-03 04:00:00,0.0
2023-10-03 05:00:00,0.0
2023-10-03 06:00:00,0.0
2023-10-03 07:00:00,0.0
2023-10-03 08:00:00,50.494285714285716
2023-10-03 09:00:00,226.05129870129872
2023-10-03 10:00:00,630.8714285714285
2023-10-03 11:00:00,798.2729870129871
2023-10-03 12:00:00,943.7129870129869
2023-10-03 13:00:00,960.9419480519481
2023-10-03 14:00:00,929.6222077922079
2023-10-03 15:00:00,783.4288311688313
2023-10-03 16:00:00,566.4671428571429
2023-10-03 17:00:00,186.4075324675325
2023-10-03 18:00:00,28.455324675324675
2023-10-03 19:00:00,0.0
2023-10-03 20:00:00,0.0
2023-10-03 21:00:00,0.0
2023-10-03 22:00:00,0.0
2023-10-03 23:00:00,0.0
2023-10-04 00:00:00,0.0
2023-10-04 01:00:00,0.0
2023-10-04 02:00:00,0.0
2023-10-04 03:00:00,0.0
2023-10-04 04:00:00,0.0
2023-10-04 05:00:00,0.0
2023-10-04 06:00:00,0.0
2023-10-04 07:00:00,0.0
2023-10-04 08:00:00,33.703116883116884
2023-10-04 09:00:00,177.3422077922078
2023-10-04 10:00:00,533.0600000000001
2023-10-04 11:00:00,775.2714285714286
2023-10-04 12:00:00,972.5432467532468
2023-10-04 13:00:00,1009.6998701298701
2023-10-04 14:00:00,939.9525974025975
2023-10-04 15:00:00,786.3079220779221
2023-10-04 16:00:00,440.2924675324676
2023-10-04 17:00:00,151.83155844155843
2023-10-04 18:00:00,25.886363636363637
2023-10-04 19:00:00,0.0
2023-10-04 20:00:00,0.0
2023-10-04 21:00:00,0.0
2023-10-04 22:00:00,0.0
2023-10-04 23:00:00,0.0
2023-10-05 00:00:00,0.0
2023-10-05 01:00:00,0.0
2023-10-05 02:00:00,0.0
2023-10-05 03:00:00,0.0
2023-10-05 04:00:00,0.0
2023-10-05 05:00:00,0.0
2023-10-05 06:00:00,0.0
2023-10-05 07:00:00,0.0
2023-10-05 08:00:00,42.707142857142856
2023-10-05 09:00:00,215.7838961038961
2023-10-05 10:00:00,586.9468831168831
2023-10-05 11:00:00,625.3127272727273
2023-10-05 12:00:00,741.9792207792208
2023-10-05 13:00:00,844.8422077922078
2023-10-05 14:00:00,938.2144155844155
2023-10-05 15:00:00,788.772987012987
2023-10-05 16:00:00,552.2936363636363
2023-10-05 17:00:00,202.3209090909091
2023-10-05 18:00:00,23.694415584415584
2023-10-05 19:00:00,0.0
2023-10-05 20:00:00,0.0
2023-10-05 21:00:00,0.0
2023-10-05 22:00:00,0.0
2023-10-05 23:00:00,0.0
2023-10-06 00:00:00,0.0
2023-10-06 01:00:00,0.0
2023-10-06 02:00:00,0.0
2023-10-06 03:00:00,0.0
2023-10-06 04:00:00,0.0
2023-10-06 05:00:00,0.0
2023-10-06 06:00:00,0.0
2023-10-06 07:00:00,0.0
2023-10-06 08:00:00,52.56883116883117
2023-10-06 09:00:00,251.50103896103894
2023-10-06 10:00:00,686.9297402597404
2023-10-06 11:00:00,853.2933766233766
2023-10-06 12:00:00,967.917012987013
2023-10-06 13:00:00,905.2248051948052
2023-10-06 14:00:00,853.657142857143
2023-10-06 15:00:00,757.5512987012987
2023-10-06 16:00:00,548.6936363636363
2023-10-06 17:00:00,219.40935064935064
2023-10-06 18:00:00,15.567532467532468
2023-10-06 19:00:00,0.0
2023-10-06 20:00:00,0.0
2023-10-06 21:00:00,0.0
2023-10-06 22:00:00,0.0
2023-10-06 23:00:00,0.0
2023-10-07 00:00:00,0.0
2023-10-07 01:00:00,0.0
2023-10-07 02:00:00,0.0
2023-10-07 03:00:00,0.0
2023-10-07 04:00:00,0.0
2023-10-07 05:00:00,0.0
2023-10-07 06:00:00,0.0
2023-10-07 07:00:00,0.0
2023-10-07 08:00:00,52.97857142857143
2023-10-07 09:00:00,269.2324675324675
2023-10-07 10:00:00,736.8536363636363
2023-10-07 11:00:00,905.0163636363636
2023-10-07 12:00:00,1021.2963636363637
2023-10-07 13:00:00,1031.2475324675324
2023-10-07 14:00:00,963.0358441558441
2023-10-07 15:00:00,818.9264935064936
2023-10-07 16:00:00,546.6167532467532
2023-10-07 17:00:00,206.41948051948054
2023-10-07 18:00:00,12.893766233766234
2023-10-07 19:00:00,0.0
2023-10-07 20:00:00,0.0
2023-10-07 21:00:00,0.0
2023-10-07 22:00:00,0.0
2023-10-07 23:00:00,0.0
2023-10-08 00:00:00,0.0
2023-10-08 01:00:00,0.0
2023-10-08 02:00:00,0.0
2023-10-08 03:00:00,0.0
2023-10-08 04:00:00,0.0
2023-10-08 05:00:00,0.0
2023-10-08 06:00:00,0.0
2023-10-08 07:00:00,0.0
2023-10-08 08:00:00,49.69610389610389
2023-10-08 09:00:00,252.48116883116882
2023-10-08 10:00:00,698.265974025974
2023-10-08 11:00:00,872.5671428571428
2023-10-08 12:00:00,983.4972727272726
2023-10-08 13:00:00,985.3427272727273
2023-10-08 14:00:00,943.4794805194805
2023-10-08 15:00:00,756.2892207792208
2023-10-08 16:00:00,504.927012987013
2023-10-08 17:00:00,188.56428571428572
2023-10-08 18:00:00,11.472987012987012
2023-10-08 19:00:00,0.0
2023-10-08 20:00:00,0.0
2023-10-08 21:00:00,0.0
2023-10-08 22:00:00,0.0
2023-10-08 23:00:00,0.0
2023-10-09 00:00:00,0.0
2023-10-09 01:00:00,0.0
2023-10-09 02:00:00,0.0
2023-10-09 03:00:00,0.0
2023-10-09 04:00:00,0.0
2023-10-09 05:00:00,0.0
2023-10-09 06:00:00,0.0
2023-10-09 07:00:00,0.0
2023-10-09 08:00:00,49.91285714285714
2023-10-09 09:00:00,258.1877922077922
2023-10-09 10:00:00,715.4583116883117
2023-10-09 11:00:00,886.9800000000001
2023-10-09 12:00:00,1013.0058441558441
2023-10-09 13:00:00,989.7810389610389
2023-10-09 14:00:00,960.878051948052
2023-10-09 15:00:00,814.334025974026
2023-10-09 16:00:00,529.1063636363637
2023-10-09 17:00:00,204.0220779220779
2023-10-09 18:00:00,10.696623376623377
2023-10-09 19:00:00,0.0
2023-10-09 20:00:00,0.0
2023-10-09 21:00:00,0.0
2023-10-09 22:00:00,0.0
2023-10-09 23:00:00,0.0
2023-10-10 00:00:00,0.0
2023-10-10 01:00:00,0.0
2023-10-10 02:00:00,0.0
2023-10-10 03:00:00,0.0
2023-10-10 04:00:00,0.0
2023-10-10 05:00:00,0.0
2023-10-10 06:00:00,0.0
2023-10-10 07:00:00,0.0
2023-10-10 08:00:00,49.255194805194805
2023-10-10 09:00:00,252.73077922077923
2023-10-10 10:00:00,703.9372727272727
2023-10-10 11:00:00,857.1687012987014
2023-10-10 12:00:00,971.7092207792208
2023-10-10 13:00:00,998.9038961038962
2023-10-10 14:00:00,933.5501298701299
2023-10-10 15:00:00,770.354025974026
2023-10-10 16:00:00,461.8735064935065
2023-10-10 17:00:00,188.3590909090909
2023-10-10 18:00:00,10.307272727272727
2023-10-10 19:00:00,0.0
2023-10-10 20:00:00,0.0
2023-10-10 21:00:00,0.0
2023-10-10 22:00:00,0.0
2023-10-10 23:00:00,0.0
2023-10-11 00:00:00,0.0
2023-10-11 01:00:00,0.0
2023-10-11 02:00:00,0.0
2023-10-11 03:00:00,0.0
2023-10-11 04:00:00,0.0
2023-10-11 05:00:00,0.0
2023-10-11 06:00:00,0.0
2023-10-11 07:00:00,0.0
2023-10-11 08:00:00,47.24636363636363
2023-10-11 09:00:00,238.38896103896104
2023-10-11 10:00:00,680.9818181818182
2023-10-11 11:00:00,888.6415584415583
2023-10-11 12:00:00,1008.9012987012986
2023-10-11 13:00:00,1028.6557142857143
2023-10-11 14:00:00,960.2584415584415
2023-10-11 15:00:00,812.8767532467533
2023-10-11 16:00:00,510.78285714285715
2023-10-11 17:00:00,192.4338961038961
2023-10-11 18:00:00,8.957142857142857
2023-10-11 19:00:00,0.0
2023-10-11 20:00:00,0.0
2023-10-11 21:00:00,0.0
2023-10-11 22:00:00,0.0
2023-10-11 23:00:00,0.0
2023-10-12 00:00:00,0.0
2023-10-12 01:00:00,0.0
2023-10-12 02:00:00,0.0
2023-10-12 03:00:00,0.0
2023-10-12 04:00:00,0.0
2023-10-12 05:00:00,0.0
2023-10-12 06:00:00,0.0
2023-10-12 07:00:00,0.0
2023-10-12 08:00:00,42.057792207792204
2023-10-12 09:00:00,184.56922077922079
2023-10-12 10:00:00,466.0487012987013
2023-10-12 11:00:00,728.3353246753247
2023-10-12 12:00:00,925.0351948051949
2023-10-12 13:00:00,955.057012987013
2023-10-12 14:00:00,960.7551948051947
2023-10-12 15:00:00,840.8505194805196
2023-10-12 16:00:00,520.9762337662337
2023-10-12 17:00:00,188.94
2023-10-12 18:00:00,9.599350649350649
2023-10-12 19:00:00,0.0
2023-10-12 20:00:00,0.0
2023-10-12 21:00:00,0.0
2023-10-12 22:00:00,0.0
2023-10-12 23:00:00,0.0
2023-10-13 00:00:00,0.0
2023-10-13 01:00:00,0.0
2023-10-13 02:00:00,0.0
2023-10-13 03:00:00,0.0
2023-10-13 04:00:00,0.0
2023-10-13 05:00:00,0.0
2023-10-13 06:00:00,0.0
2023-10-13 07:00:00,0.0
2023-10-13 08:00:00,40.46766233766234
2023-10-13 09:00:00,186.3620779220779
2023-10-13 10:00:00,491.75922077922075
2023-10-13 11:00:00,648.9067532467533
2023-10-13 12:00:00,862.5090909090909
2023-10-13 13:00:00,831.424025974026
2023-10-13 14:00:00,781.5455844155845
2023-10-13 15:00:00,628.8296103896105
2023-10-13 16:00:00,278.09142857142854
2023-10-13 17:00:00,127.9518181818182
2023-10-13 18:00:00,7.4575324675324675
2023-10-13 19:00:00,0.0
2023-10-13 20:00:00,0.0
2023-10-13 21:00:00,0.0
2023-10-13 22:00:00,0.0
2023-10-13 23:00:00,0.0
2023-10-14 00:00:00,0.0
2023-10-14 01:00:00,0.0
2023-10-14 02:00:00,0.0
2023-10-14 03:00:00,0.0
2023-10-14 04:00:00,0.0
2023-10-14 05:00:00,0.0
2023-10-14 06:00:00,0.0
2023-10-14 07:00:00,0.0
2023-10-14 08:00:00,13.615844155844156
2023-10-14 09:00:00,41.92688311688312
2023-10-14 10:00:00,185.55051948051948
2023-10-14 11:00:00,322.74
2023-10-14 12:00:00,528.9914285714286
2023-10-14 13:00:00,499.19077922077923
2023-10-14 14:00:00,668.3671428571428
2023-10-14 15:00:00,533.4336363636363
2023-10-14 16:00:00,302.4723376623376
2023-10-14 17:00:00,88.57506493506493
2023-10-14 18:00:00,6.245454545454546
2023-10-14 19:00:00,0.0
2023-10-14 20:00:00,0.0
2023-10-14 21:00:00,0.0
2023-10-14 22:00:00,0.0
2023-10-14 23:00:00,0.0
2023-10-15 00:00:00,0.0
2023-10-15 01:00:00,0.0
2023-10-15 02:00:00,0.0
2023-10-15 03:00:00,0.0
2023-10-15 04:00:00,0.0
2023-10-15 05:00:00,0.0
2023-10-15 06:00:00,0.0
2023-10-15 07:00:00,0.0
2023-10-15 08:00:00,23.266233766233768
2023-10-15 09:00:00,105.02506493506493
2023-10-15 10:00:00,375.2863636363636
2023-10-15 11:00:00,667.2581818181819
2023-10-15 12:00:00,694.5335064935065
2023-10-15 13:00:00,686.0262337662338
2023-10-15 14:00:00,665.6807792207792
2023-10-15 15:00:00,656.2341558441558
2023-10-15 16:00:00,339.2961038961039
2023-10-15 17:00:00,121.6387012987013
2023-10-15 18:00:00,8.918051948051948
2023-10-15 19:00:00,0.0
2023-10-15 20:00:00,0.0
2023-10-15 21:00:00,0.0
2023-10-15 22:00:00,0.0
2023-10-15 23:00:00,0.0
2023-10-16 00:00:00,0.0
2023-10-16 01:00:00,0.0
2023-10-16 02:00:00,0.0
2023-10-16 03:00:00,0.0
2023-10-16 04:00:00,0.0
2023-10-16 05:00:00,0.0
2023-10-16 06:00:00,0.0
2023-10-16 07:00:00,0.0
2023-10-16 08:00:00,24.8325974025974
2023-10-16 09:00:00,113.77181818181819
2023-10-16 10:00:00,287.7979220779221
2023-10-16 11:00:00,391.06922077922076
2023-10-16 12:00:00,507.69090909090914
2023-10-16 13:00:00,673.8688311688312
2023-10-16 14:00:00,656.2748051948053
2023-10-16 15:00:00,647.0316883116883
2023-10-16 16:00:00,337.71259740259745
2023-10-16 17:00:00,136.81207792207792
2023-10-16 18:00:00,7.177402597402597
2023-10-16 19:00:00,0.0
2023-10-16 20:00:00,0.0
2023-10-16 21:00:00,0.0
2023-10-16 22:00:00,0.0
2023-10-16 23:00:00,0.0
2023-10-17 00:00:00,0.0
2023-10-17 01:00:00,0.0
2023-10-17 02:00:00,0.0
2023-10-17 03:00:00,0.0
2023-10-17 04:00:00,0.0
2023-10-17 05:00:00,0.0
2023-10-17 06:00:00,0.0
2023-10-17 07:00:00,0.0
2023-10-17 08:00:00,38.630779220779225
2023-10-17 09:00:00,172.66285714285715
2023-10-17 10:00:00,618.2270129870129
2023-10-17 11:00:00,788.7744155844157
2023-10-17 12:00:00,953.1433766233765
2023-10-17 13:00:00,971.8401298701299
2023-10-17 14:00:00,825.5135064935065
2023-10-17 15:00:00,621.0861038961039
2023-10-17 16:00:00,322.2271428571429
2023-10-17 17:00:00,118.73662337662337
2023-10-17 18:00:00,7.681168831168832
2023-10-17 19:00:00,0.0
2023-10-17 20:00:00,0.0
2023-10-17 21:00:00,0.0
2023-10-17 22:00:00,0.0
2023-10-17 23:00:00,0.0
2023-10-18 00:00:00,0.0
2023-10-18 01:00:00,0.0
2023-10-18 02:00:00,0.0
2023-10-18 03:00:00,0.0
2023-10-18 04:00:00,0.0
2023-10-18 05:00:00,0.0
2023-10-18 06:00:00,0.0
2023-10-18 07:00:00,0.0
2023-10-18 08:00:00,23.356363636363636
2023-10-18 09:00:00,94.64376623376623
2023-10-18 10:00:00,380.6193506493507
2023-10-18 11:00:00,363.9322077922078
2023-10-18 12:00:00,414.61701298701297
2023-10-18 13:00:00,318.3848051948052
2023-10-18 14:00:00,223.8374025974026
2023-10-18 15:00:00,199.1509090909091
2023-10-18 16:00:00,69.75181818181818
2023-10-18 17:00:00,33.260389610389616
2023-10-18 18:00:00,3.600779220779221
2023-10-18 19:00:00,0.0
2023-10-18 20:00:00,0.0
2023-10-18 21:00:00,0.0
2023-10-18 22:00:00,0.0
2023-10-18 23:00:00,0.0
2023-10-19 00:00:00,0.0
2023-10-19 01:00:00,0.0
2023-10-19 02:00:00,0.0
2023-10-19 03:00:00,0.0
2023-10-19 04:00:00,0.0
2023-10-19 05:00:00,0.0
2023-10-19 06:00:00,0.0
2023-10-19 07:00:00,0.0
2023-10-19 08:00:00,13.002467532467533
2023-10-19 09:00:00,81.4422077922078
2023-10-19 10:00:00,207.42246753246755
2023-10-19 11:00:00,300.7198701298701
2023-10-19 12:00:00,246.0223376623377
2023-10-19 13:00:00,324.23
2023-10-19 14:00:00,370.0109090909091
2023-10-19 15:00:00,281.9918181818182
2023-10-19 16:00:00,82.12493506493506
2023-10-19 17:00:00,21.104285714285712
2023-10-19 18:00:00,2.516493506493507
2023-10-19 19:00:00,0.0
2023-10-19 20:00:00,0.0
2023-10-19 21:00:00,0.0
2023-10-19 22:00:00,0.0
2023-10-19 23:00:00,0.0
2023-10-20 00:00:00,0.0
2023-10-20 01:00:00,0.0
2023-10-20 02:00:00,0.0
2023-10-20 03:00:00,0.0
2023-10-20 04:00:00,0.0
2023-10-20 05:00:00,0.0
2023-10-20 06:00:00,0.0
2023-10-20 07:00:00,0.0
2023-10-20 08:00:00,8.567012987012987
2023-10-20 09:00:00,18.631298701298704
2023-10-20 10:00:00,35.23558441558441
2023-10-20 11:00:00,29.065454545454546
2023-10-20 12:00:00,32.87883116883117
2023-10-20 13:00:00,29.848961038961036
2023-10-20 14:00:00,50.67597402597403
2023-10-20 15:00:00,75.17064935064936
2023-10-20 16:00:00,164.59623376623375
2023-10-20 17:00:00,53.429480519480514
2023-10-20 18:00:00,0.0
2023-10-20 19:00:00,0.0
2023-10-20 20:00:00,0.0
2023-10-20 21:00:00,0.0
2023-10-20 22:00:00,0.0
2023-10-20 23:00:00,0.0
2023-10-21 00:00:00,0.0
2023-10-21 01:00:00,0.0
2023-10-21 02:00:00,0.0
2023-10-21 03:00:00,0.0
2023-10-21 04:00:00,0.0
2023-10-21 05:00:00,0.0
2023-10-21 06:00:00,0.0
2023-10-21 07:00:00,0.0
2023-10-21 08:00:00,15.717142857142857
2023-10-21 09:00:00,99.77493506493506
2023-10-21 10:00:00,138.5894805194805
2023-10-21 11:00:00,146.4972727272727
2023-10-21 12:00:00,154.7487012987013
2023-10-21 13:00:00,251.14857142857147
2023-10-21 14:00:00,482.56662337662334
2023-10-21 15:00:00,280.35246753246753
2023-10-21 16:00:00,125.65038961038961
2023-10-21 17:00:00,24.2412987012987
2023-10-21 18:00:00,0.0
2023-10-21 19:00:00,0.0
2023-10-21 20:00:00,0.0
2023-10-21 21:00:00,0.0
2023-10-21 22:00:00,0.0
2023-10-21 23:00:00,0.0
2023-10-22 00:00:00,0.0
2023-10-22 01:00:00,0.0
2023-10-22 02:00:00,0.0
2023-10-22 03:00:00,0.0
2023-10-22 04:00:00,0.0
2023-10-22 05:00:00,0.0
2023-10-22 06:00:00,0.0
2023-10-22 07:00:00,0.0
2023-10-22 08:00:00,29.305324675324673
2023-10-22 09:00:00,161.90675324675325
2023-10-22 10:00:00,553.4312987012987
2023-10-22 11:00:00,794.6037662337662
2023-10-22 12:00:00,888.1824675324676
2023-10-22 13:00:00,874.3324675324676
2023-10-22 14:00:00,773.6364935064935
2023-10-22 15:00:00,686.0887012987013
2023-10-22 16:00:00,263.6003896103896
2023-10-22 17:00:00,69.30272727272727
2023-10-22 18:00:00,0.0
2023-10-22 19:00:00,0.0
2023-10-22 20:00:00,0.0
2023-10-22 21:00:00,0.0
2023-10-22 22:00:00,0.0
2023-10-22 23:00:00,0.0
2023-10-23 00:00:00,0.0
2023-10-23 01:00:00,0.0
2023-10-23 02:00:00,0.0
2023-10-23 03:00:00,0.0
2023-10-23 04:00:00,0.0
2023-10-23 05:00:00,0.0
2023-10-23 06:00:00,0.0
2023-10-23 07:00:00,0.0
2023-10-23 08:00:00,16.275584415584415
2023-10-23 09:00:00,77.95675324675325
2023-10-23 10:00:00,124.29337662337663
2023-10-23 11:00:00,176.87961038961038
2023-10-23 12:00:00,359.07831168831166
2023-10-23 13:00:00,240.5864935064935
2023-10-23 14:00:00,274.06987012987014
2023-10-23 15:00:00,218.81350649350648
2023-10-23 16:00:00,106.04311688311688
2023-10-23 17:00:00,34.17727272727273
2023-10-23 18:00:00,0.0
2023-10-23 19:00:00,0.0
2023-10-23 20:00:00,0.0
2023-10-23 21:00:00,0.0
2023-10-23 22:00:00,0.0
2023-10-23 23:00:00,0.0
2023-10-24 00:00:00,0.0
2023-10-24 01:00:00,0.0
2023-10-24 02:00:00,0.0
2023-10-24 03:00:00,0.0
2023-10-24 04:00:00,0.0
2023-10-24 05:00:00,0.0
2023-10-24 06:00:00,0.0
2023-10-24 07:00:00,0.0
2023-10-24 08:00:00,3.2550649350649348
2023-10-24 09:00:00,15.63025974025974
2023-10-24 10:00:00,28.587922077922077
2023-10-24 11:00:00,61.89064935064935
2023-10-24 12:00:00,100.33402597402598
2023-10-24 13:00:00,88.39077922077922
2023-10-24 14:00:00,126.52766233766232
2023-10-24 15:00:00,78.48961038961039
2023-10-24 16:00:00,36.96012987012987
2023-10-24 17:00:00,20.268961038961038
2023-10-24 18:00:00,0.0
2023-10-24 19:00:00,0.0
2023-10-24 20:00:00,0.0
2023-10-24 21:00:00,0.0
2023-10-24 22:00:00,0.0
2023-10-24 23:00:00,0.0
2023-10-25 00:00:00,0.0
2023-10-25 01:00:00,0.0
2023-10-25 02:00:00,0.0
2023-10-25 03:00:00,0.0
2023-10-25 04:00:00,0.0
2023-10-25 05:00:00,0.0
2023-10-25 06:00:00,0.0
2023-10-25 07:00:00,0.0
2023-10-25 08:00:00,19.756233766233766
2023-10-25 09:00:00,133.0474025974026
2023-10-25 10:00:00,277.1494805194805
2023-10-25 11:00:00,533.3711688311688
2023-10-25 12:00:00,844.3325974025975
2023-10-25 13:00:00,848.9628571428572
2023-10-25 14:00:00,743.6944155844157
2023-10-25 15:00:00,307.7438961038961
2023-10-25 16:00:00,216.58181818181816
2023-10-25 17:00:00,48.13844155844156
2023-10-25 18:00:00,0.0
2023-10-25 19:00:00,0.0
2023-10-25 20:00:00,0.0
2023-10-25 21:00:00,0.0
2023-10-25 22:00:00,0.0
2023-10-25 23:00:00,0.0
2023-10-26 00:00:00,0.0
2023-10-26 01:00:00,0.0
2023-10-26 02:00:00,0.0
2023-10-26 03:00:00,0.0
2023-10-26 04:00:00,0.0
2023-10-26 05:00:00,0.0
2023-10-26 06:00:00,0.0
2023-10-26 07:00:00,0.0
2023-10-26 08:00:00,17.131038961038964
2023-10-26 09:00:00,95.96012987012988
2023-10-26 10:00:00,210.80363636363634
2023-10-26 11:00:00,213.22415584415583
2023-10-26 12:00:00,315.2577922077922
2023-10-26 13:00:00,366.46623376623376
2023-10-26 14:00:00,367.2242857142857
2023-10-26 15:00:00,224.80441558441558
2023-10-26 16:00:00,85.79922077922078
2023-10-26 17:00:00,13.597142857142858
2023-10-26 18:00:00,0.0
2023-10-26 19:00:00,0.0
2023-10-26 20:00:00,0.0
2023-10-26 21:00:00,0.0
2023-10-26 22:00:00,0.0
2023-10-26 23:00:00,0.0
2023-10-27 00:00:00,0.0
2023-10-27 01:00:00,0.0
2023-10-27 02:00:00,0.0
2023-10-27 03:00:00,0.0
2023-10-27 04:00:00,0.0
2023-10-27 05:00:00,0.0
2023-10-27 06:00:00,0.0
2023-10-27 07:00:00,0.0
2023-10-27 08:00:00,15.720519480519481
2023-10-27 09:00:00,113.72000000000001
2023-10-27 10:00:00,467.7968831168831
2023-10-27 11:00:00,789.550909090909
2023-10-27 12:00:00,828.2570129870129
2023-10-27 13:00:00,960.2197402597402
2023-10-27 14:00:00,925.2683116883118
2023-10-27 15:00:00,720.3676623376623
2023-10-27 16:00:00,368.4268831168831
2023-10-27 17:00:00,119.03103896103896
2023-10-27 18:00:00,0.0
2023-10-27 19:00:00,0.0
2023-10-27 20:00:00,0.0
2023-10-27 21:00:00,0.0
2023-10-27 22:00:00,0.0
2023-10-27 23:00:00,0.0
2023-10-28 00:00:00,0.0
2023-10-28 01:00:00,0.0
2023-10-28 02:00:00,0.0
2023-10-28 03:00:00,0.0
2023-10-28 04:00:00,0.0
2023-10-28 05:00:00,0.0
2023-10-28 06:00:00,0.0
2023-10-28 07:00:00,0.0
2023-10-28 08:00:00,15.02909090909091
2023-10-28 09:00:00,130.27597402597402
2023-10-28 10:00:00,550.077012987013
2023-10-28 11:00:00,703.4970129870129
2023-10-28 12:00:00,629.5981818181818
2023-10-28 13:00:00,665.7480519480521
2023-10-28 14:00:00,665.1498701298701
2023-10-28 15:00:00,674.2927272727272
2023-10-28 16:00:00,313.7728571428571
2023-10-28 17:00:00,102.14077922077922
2023-10-28 18:00:00,0.0
2023-10-28 19:00:00,0.0
2023-10-28 20:00:00,0.0
2023-10-28 21:00:00,0.0
2023-10-28 22:00:00,0.0
2023-10-28 23:00:00,0.0
2023-10-29 00:00:00,0.0
2023-10-29 01:00:00,0.0
2023-10-29 02:00:00,0.0
2023-10-29 03:00:00,0.0
2023-10-29 04:00:00,0.0
2023-10-29 05:00:00,0.0
2023-10-29 06:00:00,0.0
2023-10-29 07:00:00,7.852467532467532
2023-10-29 08:00:00,67.85181818181819
2023-10-29 09:00:00,187.05454545454543
2023-10-29 10:00:00,324.0336363636364
2023-10-29 11:00:00,270.89272727272726
2023-10-29 12:00:00,276.61194805194805
2023-10-29 13:00:00,177.9090909090909
2023-10-29 14:00:00,142.92675324675326
2023-10-29 15:00:00,93.2525974025974
2023-10-29 16:00:00,27.361428571428572
2023-10-29 17:00:00,0.0
2023-10-29 18:00:00,0.0
2023-10-29 19:00:00,0.0
2023-10-29 20:00:00,0.0
2023-10-29 21:00:00,0.0
2023-10-29 22:00:00,0.0
2023-10-29 23:00:00,0.0
2023-10-30 00:00:00,0.0
2023-10-30 01:00:00,0.0
2023-10-30 02:00:00,0.0
2023-10-30 03:00:00,0.0
2023-10-30 04:00:00,0.0
2023-10-30 05:00:00,0.0
2023-10-30 06:00:00,0.0
2023-10-30 07:00:00,8.124025974025974
2023-10-30 08:00:00,72.26701298701298
2023-10-30 09:00:00,139.50259740259742
2023-10-30 10:00:00,258.1262337662338
2023-10-30 11:00:00,185.2772727272727
2023-10-30 12:00:00,153.97155844155847
2023-10-30 13:00:00,107.31376623376623
2023-10-30 14:00:00,69.74337662337662
2023-10-30 15:00:00,39.22402597402598
2023-10-30 16:00:00,8.691818181818181
2023-10-30 17:00:00,0.0
2023-10-30 18:00:00,0.0
2023-10-30 19:00:00,0.0
2023-10-30 20:00:00,0.0
2023-10-30 21:00:00,0.0
2023-10-30 22:00:00,0.0
2023-10-30 23:00:00,0.0
2023-10-31 00:00:00,0.0
2023-10-31 01:00:00,0.0
2023-10-31 02:00:00,0.0
2023-10-31 03:00:00,0.0
2023-10-31 04:00:00,0.0
2023-10-31 05:00:00,0.0
2023-10-31 06:00:00,0.0
2023-10-31 07:00:00,7.068311688311688
2023-10-31 08:00:00,40.72584415584416
2023-10-31 09:00:00,147.7205194805195
2023-10-31 10:00:00,198.4074025974026
2023-10-31 11:00:00,475.13000000000005
2023-10-31 12:00:00,626.2215584415584
2023-10-31 13:00:00,597.3496103896103
2023-10-31 14:00:00,429.21753246753246
2023-10-31 15:00:00,170.152987012987
2023-10-31 16:00:00,71.97311688311689
2023-10-31 17:00:00,0.0
2023-10-31 18:00:00,0.0
2023-10-31 19:00:00,0.0
2023-10-31 20:00:00,0.0
2023-10-31 21:00:00,0.0
2023-10-31 22:00:00,0.0
2023-10-31 23:00:00,0.0
2023-11-01 00:00:00,0.0
2023-11-01 01:00:00,0.0
2023-11-01 02:00:00,0.0
2023-11-01 03:00:00,0.0
2023-11-01 04:00:00,0.0
2023-11-01 05:00:00,0.0
2023-11-01 06:00:00,0.0
2023-11-01 07:00:00,12.925974025974027
2023-11-01 08:00:00,95.02441558441559
2023-11-01 09:00:00,279.77506493506496
2023-11-01 10:00:00,315.62259740259736
2023-11-01 11:00:00,342.0179220779221
2023-11-01 12:00:00,352.4054545454545
2023-11-01 13:00:00,352.6638961038961
2023-11-01 14:00:00,210.3257142857143
2023-11-01 15:00:00,81.73285714285714
2023-11-01 16:00:00,23.745454545454546
2023-11-01 17:00:00,0.0
2023-11-01 18:00:00,0.0
2023-11-01 19:00:00,0.0
2023-11-01 20:00:00,0.0
2023-11-01 21:00:00,0.0
2023-11-01 22:00:00,0.0
2023-11-01 23:00:00,0.0
2023-11-02 00:00:00,0.0
2023-11-02 01:00:00,0.0
2023-11-02 02:00:00,0.0
2023-11-02 03:00:00,0.0
2023-11-02 04:00:00,0.0
2023-11-02 05:00:00,0.0
2023-11-02 06:00:00,0.0
2023-11-02 07:00:00,6.510519480519481
2023-11-02 08:00:00,23.855324675324674
2023-11-02 09:00:00,47.71636363636363
2023-11-02 10:00:00,56.41363636363637
2023-11-02 11:00:00,90.32441558441559
2023-11-02 12:00:00,52.85103896103896
2023-11-02 13:00:00,33.75675324675325
2023-11-02 14:00:00,43.83194805194806
2023-11-02 15:00:00,37.244805194805195
2023-11-02 16:00:00,8.903766233766234
2023-11-02 17:00:00,0.0
2023-11-02 18:00:00,0.0
2023-11-02 19:00:00,0.0
2023-11-02 20:00:00,0.0
2023-11-02 21:00:00,0.0
2023-11-02 22:00:00,0.0
2023-11-02 23:00:00,0.0
2023-11-03 00:00:00,0.0
2023-11-03 01:00:00,0.0
2023-11-03 02:00:00,0.0
2023-11-03 03:00:00,0.0
2023-11-03 04:00:00,0.0
2023-11-03 05:00:00,0.0
2023-11-03 06:00:00,0.0
2023-11-03 07:00:00,5.000519480519481
2023-11-03 08:00:00,50.85688311688311
2023-11-03 09:00:00,95.22051948051949
2023-11-03 10:00:00,188.73649350649353
2023-11-03 11:00:00,437.04636363636365
2023-11-03 12:00:00,804.8488311688312
2023-11-03 13:00:00,796.1084415584415
2023-11-03 14:00:00,516.5816883116884
2023-11-03 15:00:00,215.01142857142858
2023-11-03 16:00:00,42.9825974025974
2023-11-03 17:00:00,0.0
2023-11-03 18:00:00,0.0
2023-11-03 19:00:00,0.0
2023-11-03 20:00:00,0.0
2023-11-03 21:00:00,0.0
2023-11-03 22:00:00,0.0
2023-11-03 23:00:00,0.0
2023-11-04 00:00:00,0.0
2023-11-04 01:00:00,0.0
2023-11-04 02:00:00,0.0
2023-11-04 03:00:00,0.0
2023-11-04 04:00:00,0.0
2023-11-04 05:00:00,0.0
2023-11-04 06:00:00,0.0
2023-11-04 07:00:00,11.206103896103896
2023-11-04 08:00:00,75.54727272727273
2023-11-04 09:00:00,194.67077922077922
2023-11-04 10:00:00,158.9216883116883
2023-11-04 11:00:00,205.6364935064935
2023-11-04 12:00:00,278.9287012987013
2023-11-04 13:00:00,362.35883116883116
2023-11-04 14:00:00,120.54493506493507
2023-11-04 15:00:00,35.28402597402597
2023-11-04 16:00:00,10.057792207792208
2023-11-04 17:00:00,0.0
2023-11-04 18:00:00,0.0
2023-11-04 19:00:00,0.0
2023-11-04 20:00:00,0.0
2023-11-04 21:00:00,0.0
2023-11-04 22:00:00,0.0
2023-11-04 23:00:00,0.0
2023-11-05 00:00:00,0.0
2023-11-05 01:00:00,0.0
2023-11-05 02:00:00,0.0
2023-11-05 03:00:00,0.0
2023-11-05 04:00:00,0.0
2023-11-05 05:00:00,0.0
2023-11-05 06:00:00,0.0
2023-11-05 07:00:00,9.41103896103896
2023-11-05 08:00:00,66.89025974025974
2023-11-05 09:00:00,153.68103896103898
2023-11-05 10:00:00,341.13922077922075
2023-11-05 11:00:00,602.5642857142857
2023-11-05 12:00:00,688.6293506493506
2023-11-05 13:00:00,726.6797402597402
2023-11-05 14:00:00,503.2984415584416
2023-11-05 15:00:00,263.6048051948052
2023-11-05 16:00:00,20.4612987012987
2023-11-05 17:00:00,0.0
2023-11-05 18:00:00,0.0
2023-11-05 19:00:00,0.0
2023-11-05 20:00:00,0.0
2023-11-05 21:00:00,0.0
2023-11-05 22:00:00,0.0
2023-11-05 23:00:00,0.0
2023-11-06 00:00:00,0.0
2023-11-06 01:00:00,0.0
2023-11-06 02:00:00,0.0
2023-11-06 03:00:00,0.0
2023-11-06 04:00:00,0.0
2023-11-06 05:00:00,0.0
2023-11-06 06:00:00,0.0
2023-11-06 07:00:00,7.645584415584414
2023-11-06 08:00:00,107.27766233766235
2023-11-06 09:00:00,307.46948051948056
2023-11-06 10:00:00,704.5088311688312
2023-11-06 11:00:00,846.5996103896103
2023-11-06 12:00:00,899.8175324675324
2023-11-06 13:00:00,852.2641558441558
2023-11-06 14:00:00,706.939090909091
2023-11-06 15:00:00,313.3907792207792
2023-11-06 16:00:00,14.686623376623375
2023-11-06 17:00:00,0.0
2023-11-06 18:00:00,0.0
2023-11-06 19:00:00,0.0
2023-11-06 20:00:00,0.0
2023-11-06 21:00:00,0.0
2023-11-06 22:00:00,0.0
2023-11-06 23:00:00,0.0
2023-11-07 00:00:00,0.0
2023-11-07 01:00:00,0.0
2023-11-07 02:00:00,0.0
2023-11-07 03:00:00,0.0
2023-11-07 04:00:00,0.0
2023-11-07 05:00:00,0.0
2023-11-07 06:00:00,0.0
2023-11-07 07:00:00,6.009740259740259
2023-11-07 08:00:00,79.58922077922078
2023-11-07 09:00:00,239.08974025974027
2023-11-07 10:00:00,405.6250649350649
2023-11-07 11:00:00,609.9518181818182
2023-11-07 12:00:00,641.7445454545455
2023-11-07 13:00:00,685.1359740259741
2023-11-07 14:00:00,486.1702597402597
2023-11-07 15:00:00,248.5054545454545
2023-11-07 16:00:00,15.783636363636365
2023-11-07 17:00:00,0.0
2023-11-07 18:00:00,0.0
2023-11-07 19:00:00,0.0
2023-11-07 20:00:00,0.0
2023-11-07 21:00:00,0.0
2023-11-07 22:00:00,0.0
2023-11-07 23:00:00,0.0
2023-11-08 00:00:00,0.0
2023-11-08 01:00:00,0.0
2023-11-08 02:00:00,0.0
2023-11-08 03:00:00,0.0
2023-11-08 04:00:00,0.0
2023-11-08 05:00:00,0.0
2023-11-08 06:00:00,0.0
2023-11-08 07:00:00,7.421688311688312
2023-11-08 08:00:00,97.99974025974026
2023-11-08 09:00:00,358.0418181818182
2023-11-08 10:00:00,832.1681818181818
2023-11-08 11:00:00,980.4302597402598
2023-11-08 12:00:00,1021.6884415584415
2023-11-08 13:00:00,933.4248051948052
2023-11-08 14:00:00,751.6674025974025
2023-11-08 15:00:00,332.5512987012988
2023-11-08 16:00:00,12.911818181818182
2023-11-08 17:00:00,0.0
2023-11-08 18:00:00,0.0
2023-11-08 19:00:00,0.0
2023-11-08 20:00:00,0.0
2023-11-08 21:00:00,0.0
2023-11-08 22:00:00,0.0
2023-11-08 23:00:00,0.0
2023-11-09 00:00:00,0.0
2023-11-09 01:00:00,0.0
2023-11-09 02:00:00,0.0
2023-11-09 03:00:00,0.0
2023-11-09 04:00:00,0.0
2023-11-09 05:00:00,0.0
2023-11-09 06:00:00,0.0
2023-11-09 07:00:00,5.547142857142857
2023-11-09 08:00:00,35.40610389610389
2023-11-09 09:00:00,69.15493506493507
2023-11-09 10:00:00,105.66233766233766
2023-11-09 11:00:00,127.13142857142856
2023-11-09 12:00:00,109.4322077922078
2023-11-09 13:00:00,109.3996103896104
2023-11-09 14:00:00,61.71727272727272
2023-11-09 15:00:00,48.08779220779221
2023-11-09 16:00:00,10.124935064935064
2023-11-09 17:00:00,0.0
2023-11-09 18:00:00,0.0
2023-11-09 19:00:00,0.0
2023-11-09 20:00:00,0.0
2023-11-09 21:00:00,0.0
2023-11-09 22:00:00,0.0
2023-11-09 23:00:00,0.0
2023-11-10 00:00:00,0.0
2023-11-10 01:00:00,0.0
2023-11-10 02:00:00,0.0
2023-11-10 03:00:00,0.0
2023-11-10 04:00:00,0.0
2023-11-10 05:00:00,0.0
2023-11-10 06:00:00,0.0
2023-11-10 07:00:00,2.6536363636363633
2023-11-10 08:00:00,32.95935064935065
2023-11-10 09:00:00,38.701428571428565
2023-11-10 10:00:00,155.2587012987013
2023-11-10 11:00:00,342.22662337662337
2023-11-10 12:00:00,315.58532467532467
2023-11-10 13:00:00,306.40129870129874
2023-11-10 14:00:00,445.49857142857144
2023-11-10 15:00:00,265.7654545454546
2023-11-10 16:00:00,15.572597402597404
2023-11-10 17:00:00,0.0
2023-11-10 18:00:00,0.0
2023-11-10 19:00:00,0.0
2023-11-10 20:00:00,0.0
2023-11-10 21:00:00,0.0
2023-11-10 22:00:00,0.0
2023-11-10 23:00:00,0.0
2023-11-11 00:00:00,0.0
2023-11-11 01:00:00,0.0
2023-11-11 02:00:00,0.0
2023-11-11 03:00:00,0.0
2023-11-11 04:00:00,0.0
2023-11-11 05:00:00,0.0
2023-11-11 06:00:00,0.0
2023-11-11 07:00:00,5.9354545454545455
2023-11-11 08:00:00,73.4512987012987
2023-11-11 09:00:00,307.41285714285715
2023-11-11 10:00:00,605.7306493506494
2023-11-11 11:00:00,756.6745454545455
2023-11-11 12:00:00,825.4216883116883
2023-11-11 13:00:00,637.3861038961038
2023-11-11 14:00:00,573.3766233766233
2023-11-11 15:00:00,302.2577922077922
2023-11-11 16:00:00,14.753766233766234
2023-11-11 17:00:00,0.0
2023-11-11 18:00:00,0.0
2023-11-11 19:00:00,0.0
2023-11-11 20:00:00,0.0
2023-11-11 21:00:00,0.0
2023-11-11 22:00:00,0.0
2023-11-11 23:00:00,0.0
2023-11-12 00:00:00,0.0
2023-11-12 01:00:00,0.0
2023-11-12 02:00:00,0.0
2023-11-12 03:00:00,0.0
2023-11-12 04:00:00,0.0
2023-11-12 05:00:00,0.0
2023-11-12 06:00:00,0.0
2023-11-12 07:00:00,0.0
2023-11-12 08:00:00,56.39051948051948
2023-11-12 09:00:00,153.33376623376626
2023-11-12 10:00:00,176.5855844155844
2023-11-12 11:00:00,227.8164935064935
2023-11-12 12:00:00,348.99896103896106
2023-11-12 13:00:00,377.8483116883117
2023-11-12 14:00:00,186.38064935064935
2023-11-12 15:00:00,56.60909090909092
2023-11-12 16:00:00,11.535194805194806
2023-11-12 17:00:00,0.0
2023-11-12 18:00:00,0.0
2023-11-12 19:00:00,0.0
2023-11-12 20:00:00,0.0
2023-11-12 21:00:00,0.0
2023-11-12 22:00:00,0.0
2023-11-12 23:00:00,0.0
2023-11-13 00:00:00,0.0
2023-11-13 01:00:00,0.0
2023-11-13 02:00:00,0.0
2023-11-13 03:00:00,0.0
2023-11-13 04:00:00,0.0
2023-11-13 05:00:00,0.0
2023-11-13 06:00:00,0.0
2023-11-13 07:00:00,0.0
2023-11-13 08:00:00,38.013116883116886
2023-11-13 09:00:00,150.30597402597402
2023-11-13 10:00:00,436.0536363636363
2023-11-13 11:00:00,609.7387012987012
2023-11-13 12:00:00,806.6054545454546
2023-11-13 13:00:00,630.4188311688312
2023-11-13 14:00:00,327.9525974025974
2023-11-13 15:00:00,165.49883116883117
2023-11-13 16:00:00,16.17090909090909
2023-11-13 17:00:00,0.0
2023-11-13 18:00:00,0.0
2023-11-13 19:00:00,0.0
2023-11-13 20:00:00,0.0
2023-11-13 21:00:00,0.0
2023-11-13 22:00:00,0.0
2023-11-13 23:00:00,0.0
2023-11-14 00:00:00,0.0
2023-11-14 01:00:00,0.0
2023-11-14 02:00:00,0.0
2023-11-14 03:00:00,0.0
2023-11-14 04:00:00,0.0
2023-11-14 05:00:00,0.0
2023-11-14 06:00:00,0.0
2023-11-14 07:00:00,0.0
2023-11-14 08:00:00,19.89077922077922
2023-11-14 09:00:00,70.49142857142857
2023-11-14 10:00:00,126.73506493506494
2023-11-14 11:00:00,249.40454545454548
2023-11-14 12:00:00,381.7138961038961
2023-11-14 13:00:00,341.29285714285714
2023-11-14 14:00:00,209.89727272727274
2023-11-14 15:00:00,116.17441558441558
2023-11-14 16:00:00,5.546493506493507
2023-11-14 17:00:00,0.0
2023-11-14 18:00:00,0.0
2023-11-14 19:00:00,0.0
2023-11-14 20:00:00,0.0
2023-11-14 21:00:00,0.0
2023-11-14 22:00:00,0.0
2023-11-14 23:00:00,0.0
2023-11-15 00:00:00,0.0
2023-11-15 01:00:00,0.0
2023-11-15 02:00:00,0.0
2023-11-15 03:00:00,0.0
2023-11-15 04:00:00,0.0
2023-11-15 05:00:00,0.0
2023-11-15 06:00:00,0.0
2023-11-15 07:00:00,0.0
2023-11-15 08:00:00,64.03233766233765
2023-11-15 09:00:00,187.68324675324675
2023-11-15 10:00:00,600.784935064935
2023-11-15 11:00:00,695.4238961038961
2023-11-15 12:00:00,766.6933766233766
2023-11-15 13:00:00,843.2087012987013
2023-11-15 14:00:00,612.5594805194805
2023-11-15 15:00:00,295.2198701298701
2023-11-15 16:00:00,10.981818181818182
2023-11-15 17:00:00,0.0
2023-11-15 18:00:00,0.0
2023-11-15 19:00:00,0.0
2023-11-15 20:00:00,0.0
2023-11-15 21:00:00,0.0
2023-11-15 22:00:00,0.0
2023-11-15 23:00:00,0.0
2023-11-16 00:00:00,0.0
2023-11-16 01:00:00,0.0
2023-11-16 02:00:00,0.0
2023-11-16 03:00:00,0.0
2023-11-16 04:00:00,0.0
2023-11-16 05:00:00,0.0
2023-11-16 06:00:00,0.0
2023-11-16 07:00:00,0.0
2023-11-16 08:00:00,66.60623376623377
2023-11-16 09:00:00,116.05857142857143
2023-11-16 10:00:00,135.49532467532467
2023-11-16 11:00:00,227.56428571428572
2023-11-16 12:00:00,248.0585714285714
2023-11-16 13:00:00,498.67610389610394
2023-11-16 14:00:00,267.9668831168831
2023-11-16 15:00:00,189.39714285714285
2023-11-16 16:00:00,11.124025974025974
2023-11-16 17:00:00,0.0
2023-11-16 18:00:00,0.0
2023-11-16 19:00:00,0.0
2023-11-16 20:00:00,0.0
2023-11-16 21:00:00,0.0
2023-11-16 22:00:00,0.0
2023-11-16 23:00:00,0.0
2023-11-17 00:00:00,0.0
2023-11-17 01:00:00,0.0
2023-11-17 02:00:00,0.0
2023-11-17 03:00:00,0.0
2023-11-17 04:00:00,0.0
2023-11-17 05:00:00,0.0
2023-11-17 06:00:00,0.0
2023-11-17 07:00:00,0.0
2023-11-17 08:00:00,40.79454545454545
2023-11-17 09:00:00,138.32324675324674
2023-11-17 10:00:00,345.86896103896106
2023-11-17 11:00:00,538.9319480519481
2023-11-17 12:00:00,596.6633766233766
2023-11-17 13:00:00,618.7844155844156
2023-11-17 14:00:00,464.35714285714283
2023-11-17 15:00:00,197.95233766233767
2023-11-17 16:00:00,10.963896103896104
2023-11-17 17:00:00,0.0
2023-11-17 18:00:00,0.0
2023-11-17 19:00:00,0.0
2023-11-17 20:00:00,0.0
2023-11-17 21:00:00,0.0
2023-11-17 22:00:00,0.0
2023-11-17 23:00:00,0.0
2023-11-18 00:00:00,0.0
2023-11-18 01:00:00,0.0
2023-11-18 02:00:00,0.0
2023-11-18 03:00:00,0.0
2023-11-18 04:00:00,0.0
2023-11-18 05:00:00,0.0
2023-11-18 06:00:00,0.0
2023-11-18 07:00:00,0.0
2023-11-18 08:00:00,64.61376623376624
2023-11-18 09:00:00,203.15714285714287
2023-11-18 10:00:00,411.9442857142857
2023-11-18 11:00:00,397.3715584415585
2023-11-18 12:00:00,278.61545454545455
2023-11-18 13:00:00,314.091948051948
2023-11-18 14:00:00,92.96688311688311
2023-11-18 15:00:00,43.37103896103896
2023-11-18 16:00:00,9.490649350649353
2023-11-18 17:00:00,0.0
2023-11-18 18:00:00,0.0
2023-11-18 19:00:00,0.0
2023-11-18 20:00:00,0.0
2023-11-18 21:00:00,0.0
2023-11-18 22:00:00,0.0
2023-11-18 23:00:00,0.0
2023-11-19 00:00:00,0.0
2023-11-19 01:00:00,0.0
2023-11-19 02:00:00,0.0
2023-11-19 03:00:00,0.0
2023-11-19 04:00:00,0.0
2023-11-19 05:00:00,0.0
2023-11-19 06:00:00,0.0
2023-11-19 07:00:00,0.0
2023-11-19 08:00:00,42.97428571428571
2023-11-19 09:00:00,145.5861038961039
2023-11-19 10:00:00,256.0637662337662
2023-11-19 11:00:00,486.4236363636364
2023-11-19 12:00:00,595.128961038961
2023-11-19 13:00:00,426.5740259740259
2023-11-19 14:00:00,334.83272727272725
2023-11-19 15:00:00,178.51298701298703
2023-11-19 16:00:00,9.73103896103896
2023-11-19 17:00:00,0.0
2023-11-19 18:00:00,0.0
2023-11-19 19:00:00,0.0
2023-11-19 20:00:00,0.0
2023-11-19 21:00:00,0.0
2023-11-19 22:00:00,0.0
2023-11-19 23:00:00,0.0
2023-11-20 00:00:00,0.0
2023-11-20 01:00:00,0.0
2023-11-20 02:00:00,0.0
2023-11-20 03:00:00,0.0
2023-11-20 04:00:00,0.0
2023-11-20 05:00:00,0.0
2023-11-20 06:00:00,0.0
2023-11-20 07:00:00,0.0
2023-11-20 08:00:00,56.970909090909096
2023-11-20 09:00:00,241.8890909090909
2023-11-20 10:00:00,654.3827272727273
2023-11-20 11:00:00,896.447012987013
2023-11-20 12:00:00,961.1298701298701
2023-11-20 13:00:00,878.5923376623376
2023-11-20 14:00:00,655.4719480519481
2023-11-20 15:00:00,236.6614285714286
2023-11-20 16:00:00,9.01896103896104
2023-11-20 17:00:00,0.0
2023-11-20 18:00:00,0.0
2023-11-20 19:00:00,0.0
2023-11-20 20:00:00,0.0
2023-11-20 21:00:00,0.0
2023-11-20 22:00:00,0.0
2023-11-20 23:00:00,0.0
2023-11-21 00:00:00,0.0
2023-11-21 01:00:00,0.0
2023-11-21 02:00:00,0.0
2023-11-21 03:00:00,0.0
2023-11-21 04:00:00,0.0
2023-11-21 05:00:00,0.0
2023-11-21 06:00:00,0.0
2023-11-21 07:00:00,0.0
2023-11-21 08:00:00,47.880519480519474
2023-11-21 09:00:00,200.46818181818182
2023-11-21 10:00:00,473.01909090909095
2023-11-21 11:00:00,651.2537662337662
2023-11-21 12:00:00,767.3055844155843
2023-11-21 13:00:00,556.5014285714286
2023-11-21 14:00:00,470.5338961038961
2023-11-21 15:00:00,212.1648051948052
2023-11-21 16:00:00,9.5
2023-11-21 17:00:00,0.0
2023-11-21 18:00:00,0.0
2023-11-21 19:00:00,0.0
2023-11-21 20:00:00,0.0
2023-11-21 21:00:00,0.0
2023-11-21 22:00:00,0.0
2023-11-21 23:00:00,0.0
2023-11-22 00:00:00,0.0
2023-11-22 01:00:00,0.0
2023-11-22 02:00:00,0.0
2023-11-22 03:00:00,0.0
2023-11-22 04:00:00,0.0
2023-11-22 05:00:00,0.0
2023-11-22 06:00:00,0.0
2023-11-22 07:00:00,0.0
2023-11-22 08:00:00,46.74831168831169
2023-11-22 09:00:00,141.76077922077923
2023-11-22 10:00:00,439.64142857142855
2023-11-22 11:00:00,622.9628571428572
2023-11-22 12:00:00,758.2792207792207
2023-11-22 13:00:00,782.2205194805196
2023-11-22 14:00:00,612.1971428571428
2023-11-22 15:00:00,262.17064935064934
2023-11-22 16:00:00,6.858311688311687
2023-11-22 17:00:00,0.0
2023-11-22 18:00:00,0.0
2023-11-22 19:00:00,0.0
2023-11-22 20:00:00,0.0
2023-11-22 21:00:00,0.0
2023-11-22 22:00:00,0.0
2023-11-22 23:00:00,0.0
2023-11-23 00:00:00,0.0
2023-11-23 01:00:00,0.0
2023-11-23 02:00:00,0.0
2023-11-23 03:00:00,0.0
2023-11-23 04:00:00,0.0
2023-11-23 05:00:00,0.0
2023-11-23 06:00:00,0.0
2023-11-23 07:00:00,0.0
2023-11-23 08:00:00,55.47233766233766
2023-11-23 09:00:00,267.53597402597404
2023-11-23 10:00:00,738.2814285714286
2023-11-23 11:00:00,856.2197402597402
2023-11-23 12:00:00,950.9240259740259
2023-11-23 13:00:00,847.7545454545455
2023-11-23 14:00:00,663.1527272727272
2023-11-23 15:00:00,284.134025974026
2023-11-23 16:00:00,7.150649350649351
2023-11-23 17:00:00,0.0
2023-11-23 18:00:00,0.0
2023-11-23 19:00:00,0.0
2023-11-23 20:00:00,0.0
2023-11-23 21:00:00,0.0
2023-11-23 22:00:00,0.0
2023-11-23 23:00:00,0.0
2023-11-24 00:00:00,0.0
2023-11-24 01:00:00,0.0
2023-11-24 02:00:00,0.0
2023-11-24 03:00:00,0.0
2023-11-24 04:00:00,0.0
2023-11-24 05:00:00,0.0
2023-11-24 06:00:00,0.0
2023-11-24 07:00:00,0.0
2023-11-24 08:00:00,54.353896103896105
2023-11-24 09:00:00,210.82883116883116
2023-11-24 10:00:00,598.6231168831168
2023-11-24 11:00:00,606.4306493506494
2023-11-24 12:00:00,685.9922077922078
2023-11-24 13:00:00,669.5872727272728
2023-11-24 14:00:00,458.5498701298701
2023-11-24 15:00:00,155.62103896103895
2023-11-24 16:00:00,5.8994805194805195
2023-11-24 17:00:00,0.0
2023-11-24 18:00:00,0.0
2023-11-24 19:00:00,0.0
2023-11-24 20:00:00,0.0
2023-11-24 21:00:00,0.0
2023-11-24 22:00:00,0.0
2023-11-24 23:00:00,0.0
2023-11-25 00:00:00,0.0
2023-11-25 01:00:00,0.0
2023-11-25 02:00:00,0.0
2023-11-25 03:00:00,0.0
2023-11-25 04:00:00,0.0
2023-11-25 05:00:00,0.0
2023-11-25 06:00:00,0.0
2023-11-25 07:00:00,0.0
2023-11-25 08:00:00,42.146493506493506
2023-11-25 09:00:00,128.55999999999997
2023-11-25 10:00:00,345.47441558441557
2023-11-25 11:00:00,447.8263636363636
2023-11-25 12:00:00,677.0967532467533
2023-11-25 13:00:00,571.6846753246754
2023-11-25 14:00:00,453.8601298701299
2023-11-25 15:00:00,117.56246753246752
2023-11-25 16:00:00,6.933246753246753
2023-11-25 17:00:00,0.0
2023-11-25 18:00:00,0.0
2023-11-25 19:00:00,0.0
2023-11-25 20:00:00,0.0
2023-11-25 21:00:00,0.0
2023-11-25 22:00:00,0.0
2023-11-25 23:00:00,0.0
2023-11-26 00:00:00,0.0
2023-11-26 01:00:00,0.0
2023-11-26 02:00:00,0.0
2023-11-26 03:00:00,0.0
2023-11-26 04:00:00,0.0
2023-11-26 05:00:00,0.0
2023-11-26 06:00:00,0.0
2023-11-26 07:00:00,0.0
2023-11-26 08:00:00,46.75779220779221
2023-11-26 09:00:00,167.03350649350648
2023-11-26 10:00:00,526.8345454545455
2023-11-26 11:00:00,733.2035064935066
2023-11-26 12:00:00,877.8325974025975
2023-11-26 13:00:00,845.9976623376623
2023-11-26 14:00:00,635.0815584415585
2023-11-26 15:00:00,228.8094805194805
2023-11-26 16:00:00,8.331168831168831
2023-11-26 17:00:00,0.0
2023-11-26 18:00:00,0.0
2023-11-26 19:00:00,0.0
2023-11-26 20:00:00,0.0
2023-11-26 21:00:00,0.0
2023-11-26 22:00:00,0.0
2023-11-26 23:00:00,0.0
2023-11-27 00:00:00,0.0
2023-11-27 01:00:00,0.0
2023-11-27 02:00:00,0.0
2023-11-27 03:00:00,0.0
2023-11-27 04:00:00,0.0
2023-11-27 05:00:00,0.0
2023-11-27 06:00:00,0.0
2023-11-27 07:00:00,0.0
2023-11-27 08:00:00,53.4022077922078
2023-11-27 09:00:00,228.2855844155844
2023-11-27 10:00:00,674.257012987013
2023-11-27 11:00:00,721.6814285714286
2023-11-27 12:00:00,481.7166233766234
2023-11-27 13:00:00,332.4516883116884
2023-11-27 14:00:00,185.83883116883118
2023-11-27 15:00:00,85.28324675324674
2023-11-27 16:00:00,8.468441558441558
2023-11-27 17:00:00,0.0
2023-11-27 18:00:00,0.0
2023-11-27 19:00:00,0.0
2023-11-27 20:00:00,0.0
2023-11-27 21:00:00,0.0
2023-11-27 22:00:00,0.0
2023-11-27 23:00:00,0.0
2023-11-28 00:00:00,0.0
2023-11-28 01:00:00,0.0
2023-11-28 02:00:00,0.0
2023-11-28 03:00:00,0.0
2023-11-28 04:00:00,0.0
2023-11-28 05:00:00,0.0
2023-11-28 06:00:00,0.0
2023-11-28 07:00:00,0.0
2023-11-28 08:00:00,28.675844155844157
2023-11-28 09:00:00,133.1192207792208
2023-11-28 10:00:00,453.831948051948
2023-11-28 11:00:00,480.62103896103895
2023-11-28 12:00:00,448.30207792207796
2023-11-28 13:00:00,403.95337662337664
2023-11-28 14:00:00,296.6361038961039
2023-11-28 15:00:00,126.04701298701299
2023-11-28 16:00:00,7.094935064935066
2023-11-28 17:00:00,0.0
2023-11-28 18:00:00,0.0
2023-11-28 19:00:00,0.0
2023-11-28 20:00:00,0.0
2023-11-28 21:00:00,0.0
2023-11-28 22:00:00,0.0
2023-11-28 23:00:00,0.0
2023-11-29 00:00:00,0.0
2023-11-29 01:00:00,0.0
2023-11-29 02:00:00,0.0
2023-11-29 03:00:00,0.0
2023-11-29 04:00:00,0.0
2023-11-29 05:00:00,0.0
2023-11-29 06:00:00,0.0
2023-11-29 07:00:00,0.0
2023-11-29 08:00:00,59.836883116883115
2023-11-29 09:00:00,276.7835064935065
2023-11-29 10:00:00,773.1925974025974
2023-11-29 11:00:00,945.1585714285713
2023-11-29 12:00:00,1017.2389610389612
2023-11-29 13:00:00,942.33
2023-11-29 14:00:00,593.1915584415584
2023-11-29 15:00:00,200.7851948051948
2023-11-29 16:00:00,9.510779220779222
2023-11-29 17:00:00,0.0
2023-11-29 18:00:00,0.0
2023-11-29 19:00:00,0.0
2023-11-29 20:00:00,0.0
2023-11-29 21:00:00,0.0
2023-11-29 22:00:00,0.0
2023-11-29 23:00:00,0.0
2023-11-30 00:00:00,0.0
2023-11-30 01:00:00,0.0
2023-11-30 02:00:00,0.0
2023-11-30 03:00:00,0.0
2023-11-30 04:00:00,0.0
2023-11-30 05:00:00,0.0
2023-11-30 06:00:00,0.0
2023-11-30 07:00:00,0.0
2023-11-30 08:00:00,12.967922077922077
2023-11-30 09:00:00,30.712857142857146
2023-11-30 10:00:00,54.24233766233766
2023-11-30 11:00:00,76.48324675324676
2023-11-30 12:00:00,134.517012987013
2023-11-30 13:00:00,153.93896103896103
2023-11-30 14:00:00,99.11506493506494
2023-11-30 15:00:00,58.03636363636364
2023-11-30 16:00:00,7.544935064935065
2023-11-30 17:00:00,0.0
2023-11-30 18:00:00,0.0
2023-11-30 19:00:00,0.0
2023-11-30 20:00:00,0.0
2023-11-30 21:00:00,0.0
2023-11-30 22:00:00,0.0
2023-11-30 23:00:00,0.0
2023-12-01 00:00:00,0.0
2023-12-01 01:00:00,0.0
2023-12-01 02:00:00,0.0
2023-12-01 03:00:00,0.0
2023-12-01 04:00:00,0.0
2023-12-01 05:00:00,0.0
2023-12-01 06:00:00,0.0
2023-12-01 07:00:00,0.0
2023-12-01 08:00:00,14.746363636363636
2023-12-01 09:00:00,50.22038961038961
2023-12-01 10:00:00,93.35519480519481
2023-12-01 11:00:00,154.4168831168831
2023-12-01 12:00:00,91.05597402597402
2023-12-01 13:00:00,62.446883116883114
2023-12-01 14:00:00,39.06909090909091
2023-12-01 15:00:00,26.554415584415587
2023-12-01 16:00:00,2.884155844155844
2023-12-01 17:00:00,0.0
2023-12-01 18:00:00,0.0
2023-12-01 19:00:00,0.0
2023-12-01 20:00:00,0.0
2023-12-01 21:00:00,0.0
2023-12-01 22:00:00,0.0
2023-12-01 23:00:00,0.0
2023-12-02 00:00:00,0.0
2023-12-02 01:00:00,0.0
2023-12-02 02:00:00,0.0
2023-12-02 03:00:00,0.0
2023-12-02 04:00:00,0.0
2023-12-02 05:00:00,0.0
2023-12-02 06:00:00,0.0
2023-12-02 07:00:00,0.0
2023-12-02 08:00:00,16.797272727272727
2023-12-02 09:00:00,54.51610389610389
2023-12-02 10:00:00,100.52753246753247
2023-12-02 11:00:00,184.8848051948052
2023-12-02 12:00:00,168.17857142857142
2023-12-02 13:00:00,211.1861038961039
2023-12-02 14:00:00,265.85909090909087
2023-12-02 15:00:00,118.18857142857144
2023-12-02 16:00:00,7.347922077922077
2023-12-02 17:00:00,0.0
2023-12-02 18:00:00,0.0
2023-12-02 19:00:00,0.0
2023-12-02 20:00:00,0.0
2023-12-02 21:00:00,0.0
2023-12-02 22:00:00,0.0
2023-12-02 23:00:00,0.0
2023-12-03 00:00:00,0.0
2023-12-03 01:00:00,0.0
2023-12-03 02:00:00,0.0
2023-12-03 03:00:00,0.0
2023-12-03 04:00:00,0.0
2023-12-03 05:00:00,0.0
2023-12-03 06:00:00,0.0
2023-12-03 07:00:00,0.0
2023-12-03 08:00:00,45.21896103896104
2023-12-03 09:00:00,252.71428571428572
2023-12-03 10:00:00,707.6314285714286
2023-12-03 11:00:00,948.4945454545455
2023-12-03 12:00:00,1020.9883116883118
2023-12-03 13:00:00,928.3635064935065
2023-12-03 14:00:00,584.4675324675325
2023-12-03 15:00:00,185.93103896103898
2023-12-03 16:00:00,6.52051948051948
2023-12-03 17:00:00,0.0
2023-12-03 18:00:00,0.0
2023-12-03 19:00:00,0.0
2023-12-03 20:00:00,0.0
2023-12-03 21:00:00,0.0
2023-12-03 22:00:00,0.0
2023-12-03 23:00:00,0.0
2023-12-04 00:00:00,0.0
2023-12-04 01:00:00,0.0
2023-12-04 02:00:00,0.0
2023-12-04 03:00:00,0.0
2023-12-04 04:00:00,0.0
2023-12-04 05:00:00,0.0
2023-12-04 06:00:00,0.0
2023-12-04 07:00:00,0.0
2023-12-04 08:00:00,23.425324675324674
2023-12-04 09:00:00,92.98883116883117
2023-12-04 10:00:00,238.66779220779225
2023-12-04 11:00:00,418.1784415584416
2023-12-04 12:00:00,350.6566233766234
2023-12-04 13:00:00,202.7431168831169
2023-12-04 14:00:00,108.64532467532469
2023-12-04 15:00:00,40.31103896103896
2023-12-04 16:00:00,5.343636363636364
2023-12-04 17:00:00,0.0
2023-12-04 18:00:00,0.0
2023-12-04 19:00:00,0.0
2023-12-04 20:00:00,0.0
2023-12-04 21:00:00,0.0
2023-12-04 22:00:00,0.0
2023-12-04 23:00:00,0.0
2023-12-05 00:00:00,0.0
2023-12-05 01:00:00,0.0
2023-12-05 02:00:00,0.0
2023-12-05 03:00:00,0.0
2023-12-05 04:00:00,0.0
2023-12-05 05:00:00,0.0
2023-12-05 06:00:00,0.0
2023-12-05 07:00:00,0.0
2023-12-05 08:00:00,29.470000000000002
2023-12-05 09:00:00,116.56896103896104
2023-12-05 10:00:00,357.1576623376623
2023-12-05 11:00:00,642.9771428571428
2023-12-05 12:00:00,682.0336363636363
2023-12-05 13:00:00,714.8214285714286
2023-12-05 14:00:00,433.0046753246753
2023-12-05 15:00:00,135.26792207792207
2023-12-05 16:00:00,7.411428571428571
2023-12-05 17:00:00,0.0
2023-12-05 18:00:00,0.0
2023-12-05 19:00:00,0.0
2023-12-05 20:00:00,0.0
2023-12-05 21:00:00,0.0
2023-12-05 22:00:00,0.0
2023-12-05 23:00:00,0.0
2023-12-06 00:00:00,0.0
2023-12-06 01:00:00,0.0
2023-12-06 02:00:00,0.0
2023-12-06 03:00:00,0.0
2023-12-06 04:00:00,0.0
2023-12-06 05:00:00,0.0
2023-12-06 06:00:00,0.0
2023-12-06 07:00:00,0.0
2023-12-06 08:00:00,35.787922077922076
2023-12-06 09:00:00,148.31493506493507
2023-12-06 10:00:00,487.1524675324675
2023-12-06 11:00:00,630.6694805194804
2023-12-06 12:00:00,645.7871428571428
2023-12-06 13:00:00,671.1087012987014
2023-12-06 14:00:00,416.6381818181818
2023-12-06 15:00:00,79.69454545454546
2023-12-06 16:00:00,6.894285714285714
2023-12-06 17:00:00,0.0
2023-12-06 18:00:00,0.0
2023-12-06 19:00:00,0.0
2023-12-06 20:00:00,0.0
2023-12-06 21:00:00,0.0
2023-12-06 22:00:00,0.0
2023-12-06 23:00:00,0.0
2023-12-07 00:00:00,0.0
2023-12-07 01:00:00,0.0
2023-12-07 02:00:00,0.0
2023-12-07 03:00:00,0.0
2023-12-07 04:00:00,0.0
2023-12-07 05:00:00,0.0
2023-12-07 06:00:00,0.0
2023-12-07 07:00:00,0.0
2023-12-07 08:00:00,36.144805194805194
2023-12-07 09:00:00,201.31415584415586
2023-12-07 10:00:00,591.3625974025974
2023-12-07 11:00:00,892.3566233766235
2023-12-07 12:00:00,940.5106493506495
2023-12-07 13:00:00,843.1618181818181
2023-12-07 14:00:00,493.3542857142857
2023-12-07 15:00:00,71.38753246753247
2023-12-07 16:00:00,6.783116883116882
2023-12-07 17:00:00,0.0
2023-12-07 18:00:00,0.0
2023-12-07 19:00:00,0.0
2023-12-07 20:00:00,0.0
2023-12-07 21:00:00,0.0
2023-12-07 22:00:00,0.0
2023-12-07 23:00:00,0.0
2023-12-08 00:00:00,0.0
2023-12-08 01:00:00,0.0
2023-12-08 02:00:00,0.0
2023-12-08 03:00:00,0.0
2023-12-08 04:00:00,0.0
2023-12-08 05:00:00,0.0
2023-12-08 06:00:00,0.0
2023-12-08 07:00:00,0.0
2023-12-08 08:00:00,9.657012987012987
2023-12-08 09:00:00,44.25142857142857
2023-12-08 10:00:00,88.4312987012987
2023-12-08 11:00:00,155.367012987013
2023-12-08 12:00:00,157.74753246753247
2023-12-08 13:00:00,115.12337662337663
2023-12-08 14:00:00,73.65662337662337
2023-12-08 15:00:00,35.25259740259741
2023-12-08 16:00:00,4.5842857142857145
2023-12-08 17:00:00,0.0
2023-12-08 18:00:00,0.0
2023-12-08 19:00:00,0.0
2023-12-08 20:00:00,0.0
2023-12-08 21:00:00,0.0
2023-12-08 22:00:00,0.0
2023-12-08 23:00:00,0.0
2023-12-09 00:00:00,0.0
2023-12-09 01:00:00,0.0
2023-12-09 02:00:00,0.0
2023-12-09 03:00:00,0.0
2023-12-09 04:00:00,0.0
2023-12-09 05:00:00,0.0
2023-12-09 06:00:00,0.0
2023-12-09 07:00:00,0.0
2023-12-09 08:00:00,22.535194805194806
2023-12-09 09:00:00,93.24142857142857
2023-12-09 10:00:00,130.20142857142858
2023-12-09 11:00:00,93.03623376623376
2023-12-09 12:00:00,95.03818181818181
2023-12-09 13:00:00,79.12168831168832
2023-12-09 14:00:00,88.69493506493505
2023-12-09 15:00:00,33.52753246753247
2023-12-09 16:00:00,3.8763636363636365
2023-12-09 17:00:00,0.0
2023-12-09 18:00:00,0.0
2023-12-09 19:00:00,0.0
2023-12-09 20:00:00,0.0
2023-12-09 21:00:00,0.0
2023-12-09 22:00:00,0.0
2023-12-09 23:00:00,0.0
2023-12-10 00:00:00,0.0
2023-12-10 01:00:00,0.0
2023-12-10 02:00:00,0.0
2023-12-10 03:00:00,0.0
2023-12-10 04:00:00,0.0
2023-12-10 05:00:00,0.0
2023-12-10 06:00:00,0.0
2023-12-10 07:00:00,0.0
2023-12-10 08:00:00,17.40805194805195
2023-12-10 09:00:00,86.20285714285714
2023-12-10 10:00:00,294.2790909090909
2023-12-10 11:00:00,427.1872727272727
2023-12-10 12:00:00,356.8498701298701
2023-12-10 13:00:00,502.17649350649356
2023-12-10 14:00:00,443.2844155844156
2023-12-10 15:00:00,85.08324675324677
2023-12-10 16:00:00,7.524805194805196
2023-12-10 17:00:00,0.0
2023-12-10 18:00:00,0.0
2023-12-10 19:00:00,0.0
2023-12-10 20:00:00,0.0
2023-12-10 21:00:00,0.0
2023-12-10 22:00:00,0.0
2023-12-10 23:00:00,0.0
2023-12-11 00:00:00,0.0
2023-12-11 01:00:00,0.0
2023-12-11 02:00:00,0.0
2023-12-11 03:00:00,0.0
2023-12-11 04:00:00,0.0
2023-12-11 05:00:00,0.0
2023-12-11 06:00:00,0.0
2023-12-11 07:00:00,0.0
2023-12-11 08:00:00,11.223766233766234
2023-12-11 09:00:00,41.12792207792208
2023-12-11 10:00:00,99.93103896103896
2023-12-11 11:00:00,182.04142857142858
2023-12-11 12:00:00,204.7007792207792
2023-12-11 13:00:00,151.5938961038961
2023-12-11 14:00:00,155.27948051948053
2023-12-11 15:00:00,49.09922077922078
2023-12-11 16:00:00,5.576493506493506
2023-12-11 17:00:00,0.0
2023-12-11 18:00:00,0.0
2023-12-11 19:00:00,0.0
2023-12-11 20:00:00,0.0
2023-12-11 21:00:00,0.0
2023-12-11 22:00:00,0.0
2023-12-11 23:00:00,0.0
2023-12-12 00:00:00,0.0
2023-12-12 01:00:00,0.0
2023-12-12 02:00:00,0.0
2023-12-12 03:00:00,0.0
2023-12-12 04:00:00,0.0
2023-12-12 05:00:00,0.0
2023-12-12 06:00:00,0.0
2023-12-12 07:00:00,0.0
2023-12-12 08:00:00,13.523116883116883
2023-12-12 09:00:00,63.22324675324676
2023-12-12 10:00:00,265.1362337662338
2023-12-12 11:00:00,439.39181818181817
2023-12-12 12:00:00,510.6523376623377
2023-12-12 13:00:00,456.5706493506494
2023-12-12 14:00:00,363.1033766233766
2023-12-12 15:00:00,67.2309090909091
2023-12-12 16:00:00,5.410909090909091
2023-12-12 17:00:00,0.0
2023-12-12 18:00:00,0.0
2023-12-12 19:00:00,0.0
2023-12-12 20:00:00,0.0
2023-12-12 21:00:00,0.0
2023-12-12 22:00:00,0.0
2023-12-12 23:00:00,0.0
2023-12-13 00:00:00,0.0
2023-12-13 01:00:00,0.0
2023-12-13 02:00:00,0.0
2023-12-13 03:00:00,0.0
2023-12-13 04:00:00,0.0
2023-12-13 05:00:00,0.0
2023-12-13 06:00:00,0.0
2023-12-13 07:00:00,0.0
2023-12-13 08:00:00,13.37116883116883
2023-12-13 09:00:00,48.70142857142857
2023-12-13 10:00:00,138.69896103896104
2023-12-13 11:00:00,270.1698701298701
2023-12-13 12:00:00,408.0777922077922
2023-12-13 13:00:00,510.1098701298701
2023-12-13 14:00:00,280.45051948051946
2023-12-13 15:00:00,67.53233766233765
2023-12-13 16:00:00,5.514025974025974
2023-12-13 17:00:00,0.0
2023-12-13 18:00:00,0.0
2023-12-13 19:00:00,0.0
2023-12-13 20:00:00,0.0
2023-12-13 21:00:00,0.0
2023-12-13 22:00:00,0.0
2023-12-13 23:00:00,0.0
2023-12-14 00:00:00,0.0
2023-12-14 01:00:00,0.0
2023-12-14 02:00:00,0.0
2023-12-14 03:00:00,0.0
2023-12-14 04:00:00,0.0
2023-12-14 05:00:00,0.0
2023-12-14 06:00:00,0.0
2023-12-14 07:00:00,0.0
2023-12-14 08:00:00,10.023376623376624
2023-12-14 09:00:00,97.66363636363637
2023-12-14 10:00:00,294.6162337662338
2023-12-14 11:00:00,444.44792207792204
2023-12-14 12:00:00,446.61922077922077
2023-12-14 13:00:00,435.93415584415584
2023-12-14 14:00:00,173.49883116883117
2023-12-14 15:00:00,53.37714285714286
2023-12-14 16:00:00,4.095324675324676
2023-12-14 17:00:00,0.0
2023-12-14 18:00:00,0.0
2023-12-14 19:00:00,0.0
2023-12-14 20:00:00,0.0
2023-12-14 21:00:00,0.0
2023-12-14 22:00:00,0.0
2023-12-14 23:00:00,0.0
2023-12-15 00:00:00,0.0
2023-12-15 01:00:00,0.0
2023-12-15 02:00:00,0.0
2023-12-15 03:00:00,0.0
2023-12-15 04:00:00,0.0
2023-12-15 05:00:00,0.0
2023-12-15 06:00:00,0.0
2023-12-15 07:00:00,0.0
2023-12-15 08:00:00,11.854805194805195
2023-12-15 09:00:00,99.15298701298703
2023-12-15 10:00:00,335.34246753246754
2023-12-15 11:00:00,637.8233766233766
2023-12-15 12:00:00,720.4214285714286
2023-12-15 13:00:00,659.5481818181818
2023-12-15 14:00:00,282.4309090909091
2023-12-15 15:00:00,69.85779220779222
2023-12-15 16:00:00,5.526363636363636
2023-12-15 17:00:00,0.0
2023-12-15 18:00:00,0.0
2023-12-15 19:00:00,0.0
2023-12-15 20:00:00,0.0
2023-12-15 21:00:00,0.0
2023-12-15 22:00:00,0.0
2023-12-15 23:00:00,0.0
2023-12-16 00:00:00,0.0
2023-12-16 01:00:00,0.0
2023-12-16 02:00:00,0.0
2023-12-16 03:00:00,0.0
2023-12-16 04:00:00,0.0
2023-12-16 05:00:00,0.0
2023-12-16 06:00:00,0.0
2023-12-16 07:00:00,0.0
2023-12-16 08:00:00,9.515194805194804
2023-12-16 09:00:00,172.50948051948052
2023-12-16 10:00:00,482.8445454545454
2023-12-16 11:00:00,843.844935064935
2023-12-16 12:00:00,891.952857142857
2023-12-16 13:00:00,779.1601298701299
2023-12-16 14:00:00,380.37103896103895
2023-12-16 15:00:00,76.71922077922078
2023-12-16 16:00:00,4.970779220779221
2023-12-16 17:00:00,0.0
2023-12-16 18:00:00,0.0
2023-12-16 19:00:00,0.0
2023-12-16 20:00:00,0.0
2023-12-16 21:00:00,0.0
2023-12-16 22:00:00,0.0
2023-12-16 23:00:00,0.0
2023-12-17 00:00:00,0.0
2023-12-17 01:00:00,0.0
2023-12-17 02:00:00,0.0
2023-12-17 03:00:00,0.0
2023-12-17 04:00:00,0.0
2023-12-17 05:00:00,0.0
2023-12-17 06:00:00,0.0
2023-12-17 07:00:00,0.0
2023-12-17 08:00:00,7.173636363636364
2023-12-17 09:00:00,160.14129870129872
2023-12-17 10:00:00,455.57818181818186
2023-12-17 11:00:00,744.1818181818181
2023-12-17 12:00:00,817.0854545454546
2023-12-17 13:00:00,752.1905194805195
2023-12-17 14:00:00,369.6418181818182
2023-12-17 15:00:00,74.02662337662338
2023-12-17 16:00:00,4.601948051948052
2023-12-17 17:00:00,0.0
2023-12-17 18:00:00,0.0
2023-12-17 19:00:00,0.0
2023-12-17 20:00:00,0.0
2023-12-17 21:00:00,0.0
2023-12-17 22:00:00,0.0
2023-12-17 23:00:00,0.0
2023-12-18 00:00:00,0.0
2023-12-18 01:00:00,0.0
2023-12-18 02:00:00,0.0
2023-12-18 03:00:00,0.0
2023-12-18 04:00:00,0.0
2023-12-18 05:00:00,0.0
2023-12-18 06:00:00,0.0
2023-12-18 07:00:00,0.0
2023-12-18 08:00:00,8.024935064935066
2023-12-18 09:00:00,172.39194805194805
2023-12-18 10:00:00,478.1957142857143
2023-12-18 11:00:00,832.2394805194806
2023-12-18 12:00:00,882.5846753246753
2023-12-18 13:00:00,780.2133766233766
2023-12-18 14:00:00,391.7393506493506
2023-12-18 15:00:00,75.76051948051948
2023-12-18 16:00:00,4.789870129870129
2023-12-18 17:00:00,0.0
2023-12-18 18:00:00,0.0
2023-12-18 19:00:00,0.0
2023-12-18 20:00:00,0.0
2023-12-18 21:00:00,0.0
2023-12-18 22:00:00,0.0
2023-12-18 23:00:00,0.0
2023-12-19 00:00:00,0.0
2023-12-19 01:00:00,0.0
2023-12-19 02:00:00,0.0
2023-12-19 03:00:00,0.0
2023-12-19 04:00:00,0.0
2023-12-19 05:00:00,0.0
2023-12-19 06:00:00,0.0
2023-12-19 07:00:00,0.0
2023-12-19 08:00:00,9.309870129870129
2023-12-19 09:00:00,183.45012987012987
2023-12-19 10:00:00,497.6038961038961
2023-12-19 11:00:00,865.4227272727273
2023-12-19 12:00:00,924.2184415584417
2023-12-19 13:00:00,810.098051948052
2023-12-19 14:00:00,433.77000000000004
2023-12-19 15:00:00,83.19324675324675
2023-12-19 16:00:00,5.64025974025974
2023-12-19 17:00:00,0.0
2023-12-19 18:00:00,0.0
2023-12-19 19:00:00,0.0
2023-12-19 20:00:00,0.0
2023-12-19 21:00:00,0.0
2023-12-19 22:00:00,0.0
2023-12-19 23:00:00,0.0
2023-12-20 00:00:00,0.0
2023-12-20 01:00:00,0.0
2023-12-20 02:00:00,0.0
2023-12-20 03:00:00,0.0
2023-12-20 04:00:00,0.0
2023-12-20 05:00:00,0.0
2023-12-20 06:00:00,0.0
2023-12-20 07:00:00,0.0
2023-12-20 08:00:00,10.991688311688312
2023-12-20 09:00:00,102.06155844155843
2023-12-20 10:00:00,283.1061038961039
2023-12-20 11:00:00,503.445064935065
2023-12-20 12:00:00,448.59948051948055
2023-12-20 13:00:00,434.1254545454546
2023-12-20 14:00:00,253.66103896103897
2023-12-20 15:00:00,67.65298701298701
2023-12-20 16:00:00,6.234285714285715
2023-12-20 17:00:00,0.0
2023-12-20 18:00:00,0.0
2023-12-20 19:00:00,0.0
2023-12-20 20:00:00,0.0
2023-12-20 21:00:00,0.0
2023-12-20 22:00:00,0.0
2023-12-20 23:00:00,0.0
2023-12-21 00:00:00,0.0
2023-12-21 01:00:00,0.0
2023-12-21 02:00:00,0.0
2023-12-21 03:00:00,0.0
2023-12-21 04:00:00,0.0
2023-12-21 05:00:00,0.0
2023-12-21 06:00:00,0.0
2023-12-21 07:00:00,0.0
2023-12-21 08:00:00,9.105714285714285
2023-12-21 09:00:00,88.11999999999999
2023-12-21 10:00:00,242.11753246753247
2023-12-21 11:00:00,174.5168831168831
2023-12-21 12:00:00,127.53623376623378
2023-12-21 13:00:00,94.06077922077922
2023-12-21 14:00:00,66.44207792207793
2023-12-21 15:00:00,28.08012987012987
2023-12-21 16:00:00,3.4158441558441557
2023-12-21 17:00:00,0.0
2023-12-21 18:00:00,0.0
2023-12-21 19:00:00,0.0
2023-12-21 20:00:00,0.0
2023-12-21 21:00:00,0.0
2023-12-21 22:00:00,0.0
2023-12-21 23:00:00,0.0
2023-12-22 00:00:00,0.0
2023-12-22 01:00:00,0.0
2023-12-22 02:00:00,0.0
2023-12-22 03:00:00,0.0
2023-12-22 04:00:00,0.0
2023-12-22 05:00:00,0.0
2023-12-22 06:00:00,0.0
2023-12-22 07:00:00,0.0
2023-12-22 08:00:00,4.4935064935064934
2023-12-22 09:00:00,31.71701298701299
2023-12-22 10:00:00,79.12896103896104
2023-12-22 11:00:00,204.02350649350652
2023-12-22 12:00:00,230.247012987013
2023-12-22 13:00:00,95.17779220779221
2023-12-22 14:00:00,75.94857142857143
2023-12-22 15:00:00,34.97480519480519
2023-12-22 16:00:00,4.435064935064935
2023-12-22 17:00:00,0.0
2023-12-22 18:00:00,0.0
2023-12-22 19:00:00,0.0
2023-12-22 20:00:00,0.0
2023-12-22 21:00:00,0.0
2023-12-22 22:00:00,0.0
2023-12-22 23:00:00,0.0
2023-12-23 00:00:00,0.0
2023-12-23 01:00:00,0.0
2023-12-23 02:00:00,0.0
2023-12-23 03:00:00,0.0
2023-12-23 04:00:00,0.0
2023-12-23 05:00:00,0.0
2023-12-23 06:00:00,0.0
2023-12-23 07:00:00,0.0
2023-12-23 08:00:00,7.99922077922078
2023-12-23 09:00:00,107.83766233766234
2023-12-23 10:00:00,347.8871428571428
2023-12-23 11:00:00,538.0692207792208
2023-12-23 12:00:00,765.461038961039
2023-12-23 13:00:00,682.1824675324675
2023-12-23 14:00:00,402.615974025974
2023-12-23 15:00:00,81.66012987012986
2023-12-23 16:00:00,6.258181818181819
2023-12-23 17:00:00,0.0
2023-12-23 18:00:00,0.0
2023-12-23 19:00:00,0.0
2023-12-23 20:00:00,0.0
2023-12-23 21:00:00,0.0
2023-12-23 22:00:00,0.0
2023-12-23 23:00:00,0.0
2023-12-24 00:00:00,0.0
2023-12-24 01:00:00,0.0
2023-12-24 02:00:00,0.0
2023-12-24 03:00:00,0.0
2023-12-24 04:00:00,0.0
2023-12-24 05:00:00,0.0
2023-12-24 06:00:00,0.0
2023-12-24 07:00:00,0.0
2023-12-24 08:00:00,7.1463636363636365
2023-12-24 09:00:00,159.66532467532468
2023-12-24 10:00:00,458.8479220779221
2023-12-24 11:00:00,756.3703896103896
2023-12-24 12:00:00,805.1971428571428
2023-12-24 13:00:00,643.5663636363637
2023-12-24 14:00:00,292.75584415584416
2023-12-24 15:00:00,52.852597402597404
2023-12-24 16:00:00,4.760519480519481
2023-12-24 17:00:00,0.0
2023-12-24 18:00:00,0.0
2023-12-24 19:00:00,0.0
2023-12-24 20:00:00,0.0
2023-12-24 21:00:00,0.0
2023-12-24 22:00:00,0.0
2023-12-24 23:00:00,0.0
2023-12-25 00:00:00,0.0
2023-12-25 01:00:00,0.0
2023-12-25 02:00:00,0.0
2023-12-25 03:00:00,0.0
2023-12-25 04:00:00,0.0
2023-12-25 05:00:00,0.0
2023-12-25 06:00:00,0.0
2023-12-25 07:00:00,0.0
2023-12-25 08:00:00,7.237402597402597
2023-12-25 09:00:00,143.07116883116882
2023-12-25 10:00:00,385.7638961038961
2023-12-25 11:00:00,675.7323376623376
2023-12-25 12:00:00,772.1928571428572
2023-12-25 13:00:00,735.0885714285714
2023-12-25 14:00:00,438.9418181818181
2023-12-25 15:00:00,92.51207792207792
2023-12-25 16:00:00,5.657012987012988
2023-12-25 17:00:00,0.0
2023-12-25 18:00:00,0.0
2023-12-25 19:00:00,0.0
2023-12-25 20:00:00,0.0
2023-12-25 21:00:00,0.0
2023-12-25 22:00:00,0.0
2023-12-25 23:00:00,0.0
2023-12-26 00:00:00,0.0
2023-12-26 01:00:00,0.0
2023-12-26 02:00:00,0.0
2023-12-26 03:00:00,0.0
2023-12-26 04:00:00,0.0
2023-12-26 05:00:00,0.0
2023-12-26 06:00:00,0.0
2023-12-26 07:00:00,0.0
2023-12-26 08:00:00,7.0429870129870125
2023-12-26 09:00:00,132.36363636363637
2023-12-26 10:00:00,326.7505194805195
2023-12-26 11:00:00,491.04999999999995
2023-12-26 12:00:00,329.78142857142853
2023-12-26 13:00:00,330.3307792207792
2023-12-26 14:00:00,267.9463636363636
2023-12-26 15:00:00,82.86987012987012
2023-12-26 16:00:00,5.239610389610389
2023-12-26 17:00:00,0.0
2023-12-26 18:00:00,0.0
2023-12-26 19:00:00,0.0
2023-12-26 20:00:00,0.0
2023-12-26 21:00:00,0.0
2023-12-26 22:00:00,0.0
2023-12-26 23:00:00,0.0
2023-12-27 00:00:00,0.0
2023-12-27 01:00:00,0.0
2023-12-27 02:00:00,0.0
2023-12-27 03:00:00,0.0
2023-12-27 04:00:00,0.0
2023-12-27 05:00:00,0.0
2023-12-27 06:00:00,0.0
2023-12-27 07:00:00,0.0
2023-12-27 08:00:00,6.167662337662337
2023-12-27 09:00:00,150.20584415584415
2023-12-27 10:00:00,384.0690909090909
2023-12-27 11:00:00,707.371038961039
2023-12-27 12:00:00,712.550909090909
2023-12-27 13:00:00,656.717922077922
2023-12-27 14:00:00,470.8550649350649
2023-12-27 15:00:00,95.78363636363636
2023-12-27 16:00:00,7.9354545454545455
2023-12-27 17:00:00,0.0
2023-12-27 18:00:00,0.0
2023-12-27 19:00:00,0.0
2023-12-27 20:00:00,0.0
2023-12-27 21:00:00,0.0
2023-12-27 22:00:00,0.0
2023-12-27 23:00:00,0.0
2023-12-28 00:00:00,0.0
2023-12-28 01:00:00,0.0
2023-12-28 02:00:00,0.0
2023-12-28 03:00:00,0.0
2023-12-28 04:00:00,0.0
2023-12-28 05:00:00,0.0
2023-12-28 06:00:00,0.0
2023-12-28 07:00:00,0.0
2023-12-28 08:00:00,5.538701298701299
2023-12-28 09:00:00,115.78701298701299
2023-12-28 10:00:00,237.7625974025974
2023-12-28 11:00:00,285.7845454545455
2023-12-28 12:00:00,249.65298701298704
2023-12-28 13:00:00,177.2733766233766
2023-12-28 14:00:00,110.9612987012987
2023-12-28 15:00:00,42.51155844155844
2023-12-28 16:00:00,6.844415584415584
2023-12-28 17:00:00,0.0
2023-12-28 18:00:00,0.0
2023-12-28 19:00:00,0.0
2023-12-28 20:00:00,0.0
2023-12-28 21:00:00,0.0
2023-12-28 22:00:00,0.0
2023-12-28 23:00:00,0.0
2023-12-29 00:00:00,0.0
2023-12-29 01:00:00,0.0
2023-12-29 02:00:00,0.0
2023-12-29 03:00:00,0.0
2023-12-29 04:00:00,0.0
2023-12-29 05:00:00,0.0
2023-12-29 06:00:00,0.0
2023-12-29 07:00:00,0.0
2023-12-29 08:00:00,4.121298701298701
2023-12-29 09:00:00,31.7687012987013
2023-12-29 10:00:00,50.403766233766234
2023-12-29 11:00:00,178.4344155844156
2023-12-29 12:00:00,225.46545454545455
2023-12-29 13:00:00,187.2642857142857
2023-12-29 14:00:00,202.67194805194805
2023-12-29 15:00:00,50.271818181818176
2023-12-29 16:00:00,6.396233766233767
2023-12-29 17:00:00,0.0
2023-12-29 18:00:00,0.0
2023-12-29 19:00:00,0.0
2023-12-29 20:00:00,0.0
2023-12-29 21:00:00,0.0
2023-12-29 22:00:00,0.0
2023-12-29 23:00:00,0.0
2023-12-30 00:00:00,0.0
2023-12-30 01:00:00,0.0
2023-12-30 02:00:00,0.0
2023-12-30 03:00:00,0.0
2023-12-30 04:00:00,0.0
2023-12-30 05:00:00,0.0
2023-12-30 06:00:00,0.0
2023-12-30 07:00:00,0.0
2023-12-30 08:00:00,8.926753246753247
2023-12-30 09:00:00,103.16285714285715
2023-12-30 10:00:00,302.7925974025974
2023-12-30 11:00:00,643.8171428571428
2023-12-30 12:00:00,699.5128571428571
2023-12-30 13:00:00,788.3651948051948
2023-12-30 14:00:00,488.23948051948054
2023-12-30 15:00:00,117.64792207792208
2023-12-30 16:00:00,8.26
2023-12-30 17:00:00,0.0
2023-12-30 18:00:00,0.0
2023-12-30 19:00:00,0.0
2023-12-30 20:00:00,0.0
2023-12-30 21:00:00,0.0
2023-12-30 22:00:00,0.0
2023-12-30 23:00:00,0.0
2023-12-31 00:00:00,0.0
2023-12-31 01:00:00,0.0
2023-12-31 02:00:00,0.0
2023-12-31 03:00:00,0.0
2023-12-31 04:00:00,0.0
2023-12-31 05:00:00,0.0
2023-12-31 06:00:00,0.0
2023-12-31 07:00:00,0.0
2023-12-31 08:00:00,8.222467532467533
2023-12-31 09:00:00,75.23714285714286
2023-12-31 10:00:00,161.5577922077922
2023-12-31 11:00:00,280.9890909090909
2023-12-31 12:00:00,301.464025974026
2023-12-31 13:00:00,304.5790909090909
2023-12-31 14:00:00,131.12493506493507
2023-12-31 15:00:00,45.98753246753247
2023-12-31 16:00:00,6.174935064935065
2023-12-31 17:00:00,0.0
2023-12-31 18:00:00,0.0
2023-12-31 19:00:00,0.0
2023-12-31 20:00:00,0.0
2023-12-31 21:00:00,0.0
2023-12-31 22:00:00,0.0
2023-12-31 23:00:00,0.0
2024-01-01 00:00:00,0.0
