time,poa_global_w_m2,temp_air_c,wind_speed_m_s,temp_cell_c,production_mw,production_mwh
2023-01-01 01:00:00+01:00,0.0,-3.68,0.34,-3.68,0.0,0.0
2023-01-01 02:00:00+01:00,0.0,-3.36,0.34,-3.36,0.0,0.0
2023-01-01 03:00:00+01:00,0.0,-3.09,0.34,-3.09,0.0,0.0
2023-01-01 04:00:00+01:00,0.0,-3.61,0.34,-3.61,0.0,0.0
2023-01-01 05:00:00+01:00,0.0,-4.58,0.28,-4.58,0.0,0.0
2023-01-01 06:00:00+01:00,0.0,-4.28,0.28,-4.28,0.0,0.0
2023-01-01 07:00:00+01:00,0.0,-4.63,0.28,-4.63,0.0,0.0
2023-01-01 08:00:00+01:00,8.4,-4.88,0.34,-4.572595953977222,0.024502560882180086,0.024502560882180086
2023-01-01 09:00:00+01:00,40.949999999999996,-4.68,0.28,-3.15855486862442,0.29083009715134717,0.29083009715134717
2023-01-01 10:00:00+01:00,260.56,-3.52,0.41,5.8511786623699855,2.0208440300780848,2.0208440300780848
2023-01-01 11:00:00+01:00,405.49,-2.3,0.41,12.283663017364159,3.0943522664934076,3.0943522664934076
2023-01-01 12:00:00+01:00,452.91999999999996,-1.39,0.41,14.899508135403028,3.428178481220944,3.428178481220944
2023-01-01 13:00:00+01:00,448.04999999999995,-0.37,0.41,15.74435600120844,3.3813862745868097,3.3813862745868097
2023-01-01 14:00:00+01:00,327.17,0.05,0.41,11.816842657996578,2.495426945506681,2.495426945506681
2023-01-01 15:00:00+01:00,223.01,0.17,0.41,8.190672987009249,1.710824468875456,1.710824468875456
2023-01-01 16:00:00+01:00,9.67,-0.72,0.41,-0.3722133187553049,0.03389805711235046,0.03389805711235046
2023-01-01 17:00:00+01:00,0.0,-1.59,0.41,-1.59,0.0,0.0
2023-01-01 18:00:00+01:00,0.0,-2.31,0.41,-2.31,0.0,0.0
2023-01-01 19:00:00+01:00,0.0,-2.88,0.41,-2.88,0.0,0.0
2023-01-01 20:00:00+01:00,0.0,-2.31,0.41,-2.31,0.0,0.0
2023-01-01 21:00:00+01:00,0.0,-3.02,0.48,-3.02,0.0,0.0
2023-01-01 22:00:00+01:00,0.0,-3.61,0.48,-3.61,0.0,0.0
2023-01-01 23:00:00+01:00,0.0,-3.4,0.48,-3.4,0.0,0.0
2023-01-02 00:00:00+01:00,0.0,-3.68,0.48,-3.68,0.0,0.0
2023-01-02 01:00:00+01:00,0.0,-3.89,0.48,-3.89,0.0,0.0
2023-01-02 02:00:00+01:00,0.0,-4.24,0.48,-4.24,0.0,0.0
2023-01-02 03:00:00+01:00,0.0,-4.68,0.48,-4.68,0.0,0.0
2023-01-02 04:00:00+01:00,0.0,-4.39,0.48,-4.39,0.0,0.0
2023-01-02 05:00:00+01:00,0.0,-4.3,0.48,-4.3,0.0,0.0
2023-01-02 06:00:00+01:00,0.0,-4.16,0.48,-4.16,0.0,0.0
2023-01-02 07:00:00+01:00,0.0,-4.09,0.48,-4.09,0.0,0.0
2023-01-02 08:00:00+01:00,7.78,-3.05,0.55,-2.779504206939712,0.019033511586174674,0.019033511586174674
2023-01-02 09:00:00+01:00,40.09,-2.79,0.55,-1.3961469995132465,0.28194635152340775,0.28194635152340775
2023-01-02 10:00:00+01:00,240.92,-1.93,0.55,6.446329879702384,1.8621006323635494,1.8621006323635494
2023-01-02 11:00:00+01:00,364.69,-1.05,0.62,11.421956991600776,2.7886041517897064,2.7886041517897064
2023-01-02 12:00:00+01:00,382.35999999999996,-0.27,0.69,12.595583655230891,2.913404780882808,2.913404780882808
2023-01-02 13:00:00+01:00,336.19,-0.02,0.69,11.29206341942691,2.5696049793410003,2.5696049793410003
2023-01-02 14:00:00+01:00,222.59,0.55,0.48,8.420042993720655,1.7062078265008804,1.7062078265008804
2023-01-02 15:00:00+01:00,111.37,0.56,0.48,4.49767324772303,0.8444267936238034,0.8444267936238034
2023-01-02 16:00:00+01:00,11.87,0.31,0.41,0.7369108486426608,0.051424951760834614,0.051424951760834614
2023-01-02 17:00:00+01:00,0.0,-0.29,0.21,-0.29,0.0,0.0
2023-01-02 18:00:00+01:00,0.0,-0.76,0.21,-0.76,0.0,0.0
2023-01-02 19:00:00+01:00,0.0,-1.33,0.14,-1.33,0.0,0.0
2023-01-02 20:00:00+01:00,0.0,-1.55,0.0,-1.55,0.0,0.0
2023-01-02 21:00:00+01:00,0.0,-1.94,0.07,-1.94,0.0,0.0
2023-01-02 22:00:00+01:00,0.0,-2.25,0.0,-2.25,0.0,0.0
2023-01-02 23:00:00+01:00,0.0,-2.24,0.0,-2.24,0.0,0.0
2023-01-03 00:00:00+01:00,0.0,-2.07,0.07,-2.07,0.0,0.0
2023-01-03 01:00:00+01:00,0.0,-1.78,0.07,-1.78,0.0,0.0
2023-01-03 02:00:00+01:00,0.0,-1.03,0.07,-1.03,0.0,0.0
2023-01-03 03:00:00+01:00,0.0,-0.96,0.07,-0.96,0.0,0.0
2023-01-03 04:00:00+01:00,0.0,-0.96,0.07,-0.96,0.0,0.0
2023-01-03 05:00:00+01:00,0.0,-1.05,0.07,-1.05,0.0,0.0
2023-01-03 06:00:00+01:00,0.0,-1.01,0.14,-1.01,0.0,0.0
2023-01-03 07:00:00+01:00,0.0,-1.16,0.14,-1.16,0.0,0.0
2023-01-03 08:00:00+01:00,6.19,-1.39,0.14,-1.1515341942244275,0.005753046303533106,0.005753046303533106
2023-01-03 09:00:00+01:00,36.17,-1.28,0.14,0.113426202730607,0.2486062890357642,0.2486062890357642
2023-01-03 10:00:00+01:00,104.73,-0.9,0.14,3.1346565167812126,0.7952310282205807,0.7952310282205807
2023-01-03 11:00:00+01:00,176.19,-0.44,0.21,6.22467446399661,1.3523932164685777,1.3523932164685777
2023-01-03 12:00:00+01:00,147.35000000000002,0.48,0.41,5.779520939131936,1.1260090382970125,1.1260090382970125
2023-01-03 13:00:00+01:00,144.26000000000002,0.86,0.48,5.960554392713696,1.100842906327193,1.100842906327193
2023-01-03 14:00:00+01:00,82.35000000000001,1.09,0.48,4.001622447247836,0.6141534000655888,0.6141534000655888
2023-01-03 15:00:00+01:00,79.42999999999999,0.98,0.55,3.74162992837772,0.5913633486207086,0.5913633486207086
2023-01-03 16:00:00+01:00,10.66,0.92,0.55,1.2906279118281065,0.04147716738079479,0.04147716738079479
2023-01-03 17:00:00+01:00,0.0,0.5,0.41,0.5,0.0,0.0
2023-01-03 18:00:00+01:00,0.0,0.0,0.41,0.0,0.0,0.0
2023-01-03 19:00:00+01:00,0.0,-0.55,0.41,-0.55,0.0,0.0
2023-01-03 20:00:00+01:00,0.0,-1.26,0.28,-1.26,0.0,0.0
2023-01-03 21:00:00+01:00,0.0,-2.34,0.28,-2.34,0.0,0.0
2023-01-03 22:00:00+01:00,0.0,-3.12,0.28,-3.12,0.0,0.0
2023-01-03 23:00:00+01:00,0.0,-3.8,0.28,-3.8,0.0,0.0
2023-01-04 00:00:00+01:00,0.0,-4.79,0.21,-4.79,0.0,0.0
2023-01-04 01:00:00+01:00,0.0,-6.34,0.28,-6.34,0.0,0.0
2023-01-04 02:00:00+01:00,0.0,-7.26,0.34,-7.26,0.0,0.0
2023-01-04 03:00:00+01:00,0.0,-7.95,0.34,-7.95,0.0,0.0
2023-01-04 04:00:00+01:00,0.0,-8.13,0.34,-8.13,0.0,0.0
2023-01-04 05:00:00+01:00,0.0,-8.11,0.34,-8.11,0.0,0.0
2023-01-04 06:00:00+01:00,0.0,-8.12,0.34,-8.12,0.0,0.0
2023-01-04 07:00:00+01:00,0.0,-8.1,0.41,-8.1,0.0,0.0
2023-01-04 08:00:00+01:00,10.84,-8.4,0.41,-8.010133647911841,0.045564080243692844,0.045564080243692844
2023-01-04 09:00:00+01:00,47.08,-7.7,0.34,-5.977073513481864,0.3444700662039485,0.3444700662039485
2023-01-04 10:00:00+01:00,578.9499999999999,-5.96,0.34,15.227091957724621,4.3800869536566,4.3800869536566
2023-01-04 11:00:00+01:00,703.1099999999999,-3.6,0.34,22.13081652369938,5.193753105443398,5.193753105443398
2023-01-04 12:00:00+01:00,691.3800000000001,-1.18,0.41,23.685848570729817,5.07993390998395,5.07993390998395
2023-01-04 13:00:00+01:00,584.2,0.14,0.48,20.795371386547494,4.336506298538586,4.336506298538586
2023-01-04 14:00:00+01:00,338.04,0.68,0.48,12.631971488374724,2.5722124257598566,2.5722124257598566
2023-01-04 15:00:00+01:00,225.08,0.43,0.55,8.255603226479383,1.7266762858931075,1.7266762858931075
2023-01-04 16:00:00+01:00,13.93,0.0,0.62,0.47638915487948347,0.06819222624269672,0.06819222624269672
2023-01-04 17:00:00+01:00,0.0,-0.66,0.69,-0.66,0.0,0.0
2023-01-04 18:00:00+01:00,0.0,-1.19,0.69,-1.19,0.0,0.0
2023-01-04 19:00:00+01:00,0.0,-1.57,0.69,-1.57,0.0,0.0
2023-01-04 20:00:00+01:00,0.0,-0.23,0.69,-0.23,0.0,0.0
2023-01-04 21:00:00+01:00,0.0,-0.69,0.69,-0.69,0.0,0.0
2023-01-04 22:00:00+01:00,0.0,-1.03,0.69,-1.03,0.0,0.0
2023-01-04 23:00:00+01:00,0.0,-1.46,0.69,-1.46,0.0,0.0
2023-01-05 00:00:00+01:00,0.0,-1.6,0.62,-1.6,0.0,0.0
2023-01-05 01:00:00+01:00,0.0,-1.62,0.69,-1.62,0.0,0.0
2023-01-05 02:00:00+01:00,0.0,-1.55,0.69,-1.55,0.0,0.0
2023-01-05 03:00:00+01:00,0.0,-1.54,0.69,-1.54,0.0,0.0
2023-01-05 04:00:00+01:00,0.0,-1.62,0.69,-1.62,0.0,0.0
2023-01-05 05:00:00+01:00,0.0,-1.75,0.76,-1.75,0.0,0.0
2023-01-05 06:00:00+01:00,0.0,-1.93,0.76,-1.93,0.0,0.0
2023-01-05 07:00:00+01:00,0.0,-2.01,0.83,-2.01,0.0,0.0
2023-01-05 08:00:00+01:00,8.36,-1.91,0.76,-1.6331641411465507,0.023531510446434534,0.023531510446434534
2023-01-05 09:00:00+01:00,42.150000000000006,-2.55,0.83,-1.1760154120975834,0.298474528608109,0.298474528608109
2023-01-05 10:00:00+01:00,260.15000000000003,-1.58,0.83,6.9002393960335375,2.010544702252017,2.010544702252017
2023-01-05 11:00:00+01:00,391.56000000000006,-0.69,0.9,11.877723712928491,2.991341988835492,2.991341988835492
2023-01-05 12:00:00+01:00,451.42,0.1,0.97,14.369728273926183,3.422917057687674,3.422917057687674
2023-01-05 13:00:00+01:00,456.15999999999997,0.5,1.03,14.73489321333616,3.4547585134092667,3.4547585134092667
2023-01-05 14:00:00+01:00,470.14,0.82,0.97,15.68148165943834,3.5497016634838343,3.5497016634838343
2023-01-05 15:00:00+01:00,283.61,1.41,0.9,10.51290152779561,2.168458110874795,2.168458110874795
2023-01-05 16:00:00+01:00,12.46,1.13,0.76,1.5426046413054997,0.05593809777962669,0.05593809777962669
2023-01-05 17:00:00+01:00,0.0,0.17,0.62,0.17,0.0,0.0
2023-01-05 18:00:00+01:00,0.0,-0.89,0.55,-0.89,0.0,0.0
2023-01-05 19:00:00+01:00,0.0,-2.92,0.48,-2.92,0.0,0.0
2023-01-05 20:00:00+01:00,0.0,-4.37,0.55,-4.37,0.0,0.0
2023-01-05 21:00:00+01:00,0.0,-4.99,0.48,-4.99,0.0,0.0
2023-01-05 22:00:00+01:00,0.0,-5.35,0.41,-5.35,0.0,0.0
2023-01-05 23:00:00+01:00,0.0,-6.07,0.34,-6.07,0.0,0.0
2023-01-06 00:00:00+01:00,0.0,-6.87,0.28,-6.87,0.0,0.0
2023-01-06 01:00:00+01:00,0.0,-6.4,0.21,-6.4,0.0,0.0
2023-01-06 02:00:00+01:00,0.0,-6.21,0.14,-6.21,0.0,0.0
2023-01-06 03:00:00+01:00,0.0,-6.37,0.14,-6.37,0.0,0.0
2023-01-06 04:00:00+01:00,0.0,-6.02,0.07,-6.02,0.0,0.0
2023-01-06 05:00:00+01:00,0.0,-5.91,0.14,-5.91,0.0,0.0
2023-01-06 06:00:00+01:00,0.0,-5.5,0.14,-5.5,0.0,0.0
2023-01-06 07:00:00+01:00,0.0,-5.4,0.14,-5.4,0.0,0.0
2023-01-06 08:00:00+01:00,9.469999999999999,-6.01,0.21,-5.651781785719689,0.033578963911780675,0.033578963911780675
2023-01-06 09:00:00+01:00,39.17,-5.72,0.14,-4.2110007088482755,0.2773324234881527,0.2773324234881527
2023-01-06 10:00:00+01:00,776.93,-4.69,0.14,25.24073319567294,5.675066088685036,5.675066088685036
2023-01-06 11:00:00+01:00,963.9,-2.61,0.14,34.523633309705055,5.7,5.7
2023-01-06 12:00:00+01:00,1050.42,-0.39,0.14,40.07676117977009,5.7,5.7
2023-01-06 13:00:00+01:00,1006.68,1.18,0.14,39.96170555059019,5.7,5.7
2023-01-06 14:00:00+01:00,844.16,1.51,0.07,34.6418586432642,5.7,5.7
2023-01-06 15:00:00+01:00,589.95,0.83,0.07,23.984544170055106,4.331014341730623,4.331014341730623
2023-01-06 16:00:00+01:00,12.22,-0.03,0.07,0.44961442454118716,0.05434941611859837,0.05434941611859837
2023-01-06 17:00:00+01:00,0.0,-1.26,0.07,-1.26,0.0,0.0
2023-01-06 18:00:00+01:00,0.0,-2.35,0.07,-2.35,0.0,0.0
2023-01-06 19:00:00+01:00,0.0,-3.1,0.0,-3.1,0.0,0.0
2023-01-06 20:00:00+01:00,0.0,-3.79,0.0,-3.79,0.0,0.0
2023-01-06 21:00:00+01:00,0.0,-4.09,0.0,-4.09,0.0,0.0
2023-01-06 22:00:00+01:00,0.0,-4.32,0.0,-4.32,0.0,0.0
2023-01-06 23:00:00+01:00,0.0,-4.43,0.07,-4.43,0.0,0.0
2023-01-07 00:00:00+01:00,0.0,-4.97,0.07,-4.97,0.0,0.0
2023-01-07 01:00:00+01:00,0.0,-5.99,0.0,-5.99,0.0,0.0
2023-01-07 02:00:00+01:00,0.0,-7.57,0.0,-7.57,0.0,0.0
2023-01-07 03:00:00+01:00,0.0,-7.88,0.07,-7.88,0.0,0.0
2023-01-07 04:00:00+01:00,0.0,-8.32,0.07,-8.32,0.0,0.0
2023-01-07 05:00:00+01:00,0.0,-8.48,0.07,-8.48,0.0,0.0
2023-01-07 06:00:00+01:00,0.0,-8.59,0.14,-8.59,0.0,0.0
2023-01-07 07:00:00+01:00,0.0,-8.98,0.14,-8.98,0.0,0.0
2023-01-07 08:00:00+01:00,9.19,-7.29,0.21,-6.942373242952899,0.03157552610288102,0.03157552610288102
2023-01-07 09:00:00+01:00,35.85,-7.12,0.28,-5.788038877660207,0.2515327083616326,0.2515327083616326
2023-01-07 10:00:00+01:00,710.05,-6.71,0.34,19.27479081886582,5.296560236557746,5.296560236557746
2023-01-07 11:00:00+01:00,910.31,-5.13,0.41,27.60978219274647,5.7,5.7
2023-01-07 12:00:00+01:00,988.38,-3.24,0.41,32.30761116945519,5.7,5.7
2023-01-07 13:00:00+01:00,877.72,-2.04,0.48,28.993263562821745,5.7,5.7
2023-01-07 14:00:00+01:00,744.3599999999999,-1.97,0.48,24.34809696215421,5.455186771683037,5.455186771683037
2023-01-07 15:00:00+01:00,478.29,-2.51,0.48,14.400745601629238,3.627242202330208,3.627242202330208
2023-01-07 16:00:00+01:00,11.899999999999999,-3.34,0.41,-2.912010185438276,0.052801547343557756,0.052801547343557756
2023-01-07 17:00:00+01:00,0.0,-4.5,0.41,-4.5,0.0,0.0
2023-01-07 18:00:00+01:00,0.0,-5.35,0.34,-5.35,0.0,0.0
2023-01-07 19:00:00+01:00,0.0,-6.17,0.34,-6.17,0.0,0.0
2023-01-07 20:00:00+01:00,0.0,-6.3,0.41,-6.3,0.0,0.0
2023-01-07 21:00:00+01:00,0.0,-6.57,0.41,-6.57,0.0,0.0
2023-01-07 22:00:00+01:00,0.0,-6.74,0.48,-6.74,0.0,0.0
2023-01-07 23:00:00+01:00,0.0,-6.91,0.48,-6.91,0.0,0.0
2023-01-08 00:00:00+01:00,0.0,-7.02,0.48,-7.02,0.0,0.0
2023-01-08 01:00:00+01:00,0.0,-7.02,0.55,-7.02,0.0,0.0
2023-01-08 02:00:00+01:00,0.0,-7.07,0.62,-7.07,0.0,0.0
2023-01-08 03:00:00+01:00,0.0,-7.28,0.48,-7.28,0.0,0.0
2023-01-08 04:00:00+01:00,0.0,-7.69,0.48,-7.69,0.0,0.0
2023-01-08 05:00:00+01:00,0.0,-7.97,0.48,-7.97,0.0,0.0
2023-01-08 06:00:00+01:00,0.0,-7.7,0.41,-7.7,0.0,0.0
2023-01-08 07:00:00+01:00,0.0,-7.68,0.41,-7.68,0.0,0.0
2023-01-08 08:00:00+01:00,6.16,-8.31,0.41,-8.088452331285696,0.006624679311574284,0.006624679311574284
2023-01-08 09:00:00+01:00,39.03,-7.62,0.48,-6.240028851049386,0.27824808696023806,0.27824808696023806
2023-01-08 10:00:00+01:00,63.94,-6.71,0.41,-4.410363971170031,0.48105276235717004,0.48105276235717004
2023-01-08 11:00:00+01:00,88.91999999999999,-5.92,0.62,-2.8790435282208424,0.6825639558064893,0.6825639558064893
2023-01-08 12:00:00+01:00,147.35999999999999,-5.09,0.62,-0.05046619791524254,1.148412633389696,1.148412633389696
2023-01-08 13:00:00+01:00,225.08999999999997,-4.65,0.62,3.047805805586713,1.7571334412642108,1.7571334412642108
2023-01-08 14:00:00+01:00,225.03999999999996,-4.31,0.76,3.142050439758397,1.7561851996239481,1.7561851996239481
2023-01-08 15:00:00+01:00,264.14,-4.23,0.76,4.51682102363039,2.058212737900658,2.058212737900658
2023-01-08 16:00:00+01:00,12.49,-4.38,0.76,-3.9664019285789975,0.057976847878977646,0.057976847878977646
2023-01-08 17:00:00+01:00,0.0,-4.37,0.69,-4.37,0.0,0.0
2023-01-08 18:00:00+01:00,0.0,-4.61,0.62,-4.61,0.0,0.0
2023-01-08 19:00:00+01:00,0.0,-4.6,0.55,-4.6,0.0,0.0
2023-01-08 20:00:00+01:00,0.0,-4.94,0.55,-4.94,0.0,0.0
2023-01-08 21:00:00+01:00,0.0,-5.07,0.55,-5.07,0.0,0.0
2023-01-08 22:00:00+01:00,0.0,-5.05,0.48,-5.05,0.0,0.0
2023-01-08 23:00:00+01:00,0.0,-5.08,0.21,-5.08,0.0,0.0
2023-01-09 00:00:00+01:00,0.0,-5.23,0.0,-5.23,0.0,0.0
2023-01-09 01:00:00+01:00,0.0,-5.61,0.21,-5.61,0.0,0.0
2023-01-09 02:00:00+01:00,0.0,-5.08,0.34,-5.08,0.0,0.0
2023-01-09 03:00:00+01:00,0.0,-5.41,0.41,-5.41,0.0,0.0
2023-01-09 04:00:00+01:00,0.0,-6.13,0.69,-6.13,0.0,0.0
2023-01-09 05:00:00+01:00,0.0,-7.68,1.03,-7.68,0.0,0.0
2023-01-09 06:00:00+01:00,0.0,-8.39,0.97,-8.39,0.0,0.0
2023-01-09 07:00:00+01:00,0.0,-8.76,0.97,-8.76,0.0,0.0
2023-01-09 08:00:00+01:00,10.19,-5.35,0.97,-5.02788637829226,0.03936095566129519,0.03936095566129519
2023-01-09 09:00:00+01:00,47.8,-5.7,0.9,-4.165785081525228,0.34815832668741964,0.34815832668741964
2023-01-09 10:00:00+01:00,663.92,-5.46,0.83,16.182131615662446,5.005898905822806,5.005898905822806
2023-01-09 11:00:00+01:00,836.38,-4.5,0.83,22.7638963138748,5.7,5.7
2023-01-09 12:00:00+01:00,937.13,-4.16,1.03,25.084005342453782,5.7,5.7
2023-01-09 13:00:00+01:00,814.81,-4.51,1.17,20.179117287018066,5.7,5.7
2023-01-09 14:00:00+01:00,513.14,-4.5,1.17,11.048377713406135,3.9365775673513728,3.9365775673513728
2023-01-09 15:00:00+01:00,408.78,-4.67,1.03,8.086356646237189,3.1638270268745594,3.1638270268745594
2023-01-09 16:00:00+01:00,15.17,-5.15,1.1,-4.683575206001722,0.08027956835325771,0.08027956835325771
2023-01-09 17:00:00+01:00,0.0,-5.92,1.03,-5.92,0.0,0.0
2023-01-09 18:00:00+01:00,0.0,-6.69,1.17,-6.69,0.0,0.0
2023-01-09 19:00:00+01:00,0.0,-7.07,1.17,-7.07,0.0,0.0
2023-01-09 20:00:00+01:00,0.0,-7.3,1.31,-7.3,0.0,0.0
2023-01-09 21:00:00+01:00,0.0,-7.76,1.24,-7.76,0.0,0.0
2023-01-09 22:00:00+01:00,0.0,-7.27,1.17,-7.27,0.0,0.0
2023-01-09 23:00:00+01:00,0.0,-7.68,1.1,-7.68,0.0,0.0
2023-01-10 00:00:00+01:00,0.0,-8.56,1.1,-8.56,0.0,0.0
2023-01-10 01:00:00+01:00,0.0,-9.25,1.17,-9.25,0.0,0.0
2023-01-10 02:00:00+01:00,0.0,-9.73,1.24,-9.73,0.0,0.0
2023-01-10 03:00:00+01:00,0.0,-9.5,1.17,-9.5,0.0,0.0
2023-01-10 04:00:00+01:00,0.0,-9.32,1.17,-9.32,0.0,0.0
2023-01-10 05:00:00+01:00,0.0,-9.38,1.17,-9.38,0.0,0.0
2023-01-10 06:00:00+01:00,0.0,-9.36,1.17,-9.36,0.0,0.0
2023-01-10 07:00:00+01:00,0.0,-9.22,1.1,-9.22,0.0,0.0
2023-01-10 08:00:00+01:00,9.88,-7.66,1.17,-7.360631461572957,0.03740690598798809,0.03740690598798809
2023-01-10 09:00:00+01:00,49.69,-7.66,1.1,-6.132205140819088,0.3662243961056729,0.3662243961056729
2023-01-10 10:00:00+01:00,633.35,-7.32,1.1,12.15331201574222,4.841084347764187,4.841084347764187
2023-01-10 11:00:00+01:00,832.74,-6.76,1.03,19.226419182904145,5.7,5.7
2023-01-10 12:00:00+01:00,992.54,-6.15,1.1,24.36715656130857,5.7,5.7
2023-01-10 13:00:00+01:00,983.26,-5.78,1.1,24.45182880334522,5.7,5.7
2023-01-10 14:00:00+01:00,811.8499999999999,-5.25,1.03,20.08452747993459,5.7,5.7
2023-01-10 15:00:00+01:00,518.1,-5.16,0.83,11.728764294003366,3.9656695909793878,3.9656695909793878
2023-01-10 16:00:00+01:00,200.69,-5.52,0.76,1.1257163293419525,1.5725171643718603,1.5725171643718603
2023-01-10 17:00:00+01:00,0.0,-6.03,0.69,-6.03,0.0,0.0
2023-01-10 18:00:00+01:00,0.0,-6.18,0.69,-6.18,0.0,0.0
2023-01-10 19:00:00+01:00,0.0,-6.06,0.69,-6.06,0.0,0.0
2023-01-10 20:00:00+01:00,0.0,-6.15,0.62,-6.15,0.0,0.0
2023-01-10 21:00:00+01:00,0.0,-5.79,0.69,-5.79,0.0,0.0
2023-01-10 22:00:00+01:00,0.0,-5.35,0.62,-5.35,0.0,0.0
2023-01-10 23:00:00+01:00,0.0,-5.1,0.48,-5.1,0.0,0.0
2023-01-11 00:00:00+01:00,0.0,-5.08,0.48,-5.08,0.0,0.0
2023-01-11 01:00:00+01:00,0.0,-5.29,0.48,-5.29,0.0,0.0
2023-01-11 02:00:00+01:00,0.0,-5.59,0.48,-5.59,0.0,0.0
2023-01-11 03:00:00+01:00,0.0,-5.81,0.48,-5.81,0.0,0.0
2023-01-11 04:00:00+01:00,0.0,-5.92,0.48,-5.92,0.0,0.0
2023-01-11 05:00:00+01:00,0.0,-6.07,0.48,-6.07,0.0,0.0
2023-01-11 06:00:00+01:00,0.0,-6.61,0.41,-6.61,0.0,0.0
2023-01-11 07:00:00+01:00,0.0,-8.55,0.41,-8.55,0.0,0.0
2023-01-11 08:00:00+01:00,13.08,-9.68,0.48,-9.217534649544605,0.06461774599356801,0.06461774599356801
2023-01-11 09:00:00+01:00,64.42,-9.39,0.41,-7.07310051646502,0.4894650209346948,0.4894650209346948
2023-01-11 10:00:00+01:00,423.59999999999997,-9.0,0.41,6.234998777171956,3.2994673647725516,3.2994673647725516
2023-01-11 11:00:00+01:00,544.7600000000001,-6.94,0.41,12.65258246896175,4.157179823088498,4.157179823088498
2023-01-11 12:00:00+01:00,544.33,-4.05,0.41,15.527117290788507,4.113780791410513,4.113780791410513
2023-01-11 13:00:00+01:00,452.54,-2.48,0.41,13.795841233761564,3.4381327342421852,3.4381327342421852
2023-01-11 14:00:00+01:00,259.28999999999996,-2.07,0.48,7.097633082536628,2.002456671504292,2.002456671504292
2023-01-11 15:00:00+01:00,130.0,-2.15,0.48,2.4463681620184423,0.9997475231351909,0.9997475231351909
2023-01-11 16:00:00+01:00,31.22,-2.41,0.62,-1.3423137533856804,0.20967883091959,0.20967883091959
2023-01-11 17:00:00+01:00,0.0,-2.93,0.76,-2.93,0.0,0.0
2023-01-11 18:00:00+01:00,0.0,-3.15,0.97,-3.15,0.0,0.0
2023-01-11 19:00:00+01:00,0.0,-3.22,0.97,-3.22,0.0,0.0
2023-01-11 20:00:00+01:00,0.0,-3.41,1.03,-3.41,0.0,0.0
2023-01-11 21:00:00+01:00,0.0,-3.47,1.1,-3.47,0.0,0.0
2023-01-11 22:00:00+01:00,0.0,-3.6,1.1,-3.6,0.0,0.0
2023-01-11 23:00:00+01:00,0.0,-4.05,0.97,-4.05,0.0,0.0
2023-01-12 00:00:00+01:00,0.0,-4.06,0.97,-4.06,0.0,0.0
2023-01-12 01:00:00+01:00,0.0,-3.99,1.03,-3.99,0.0,0.0
2023-01-12 02:00:00+01:00,0.0,-4.37,0.97,-4.37,0.0,0.0
2023-01-12 03:00:00+01:00,0.0,-5.0,0.9,-5.0,0.0,0.0
2023-01-12 04:00:00+01:00,0.0,-5.73,0.83,-5.73,0.0,0.0
2023-01-12 05:00:00+01:00,0.0,-6.97,0.76,-6.97,0.0,0.0
2023-01-12 06:00:00+01:00,0.0,-8.84,0.62,-8.84,0.0,0.0
2023-01-12 07:00:00+01:00,0.0,-10.15,0.55,-10.15,0.0,0.0
2023-01-12 08:00:00+01:00,12.01,-10.68,0.55,-10.262435157499478,0.056007323196761265,0.056007323196761265
2023-01-12 09:00:00+01:00,54.68,-10.35,0.55,-8.448880467283221,0.4107485462680899,0.4107485462680899
2023-01-12 10:00:00+01:00,433.08000000000004,-8.81,0.55,6.247367359710729,3.3735981318237793,3.3735981318237793
2023-01-12 11:00:00+01:00,637.6,-6.62,0.55,15.548138516097627,4.818195834825771,4.818195834825771
2023-01-12 12:00:00+01:00,697.04,-4.57,0.48,20.075018951179498,5.18562150587786,5.18562150587786
2023-01-12 13:00:00+01:00,426.01,-3.24,0.41,12.081675706003365,3.254248927472765,3.254248927472765
2023-01-12 14:00:00+01:00,212.04,-2.99,0.34,4.769756418889246,1.643597967761196,1.643597967761196
2023-01-12 15:00:00+01:00,244.42,-2.97,0.34,5.974725824867521,1.8926677731610642,1.8926677731610642
2023-01-12 16:00:00+01:00,65.84,-3.22,0.34,-0.8105378106976611,0.4904795725110646,0.4904795725110646
2023-01-12 17:00:00+01:00,0.0,-3.7,0.34,-3.7,0.0,0.0
2023-01-12 18:00:00+01:00,0.0,-4.31,0.41,-4.31,0.0,0.0
2023-01-12 19:00:00+01:00,0.0,-4.81,0.41,-4.81,0.0,0.0
2023-01-12 20:00:00+01:00,0.0,-4.89,0.34,-4.89,0.0,0.0
2023-01-12 21:00:00+01:00,0.0,-5.25,0.34,-5.25,0.0,0.0
2023-01-12 22:00:00+01:00,0.0,-5.55,0.34,-5.55,0.0,0.0
2023-01-12 23:00:00+01:00,0.0,-5.84,0.34,-5.84,0.0,0.0
2023-01-13 00:00:00+01:00,0.0,-6.09,0.34,-6.09,0.0,0.0
2023-01-13 01:00:00+01:00,0.0,-6.34,0.34,-6.34,0.0,0.0
2023-01-13 02:00:00+01:00,0.0,-6.11,0.41,-6.11,0.0,0.0
2023-01-13 03:00:00+01:00,0.0,-6.37,0.48,-6.37,0.0,0.0
2023-01-13 04:00:00+01:00,0.0,-6.65,0.55,-6.65,0.0,0.0
2023-01-13 05:00:00+01:00,0.0,-6.91,0.55,-6.91,0.0,0.0
2023-01-13 06:00:00+01:00,0.0,-7.17,0.55,-7.17,0.0,0.0
2023-01-13 07:00:00+01:00,0.0,-7.54,0.48,-7.54,0.0,0.0
2023-01-13 08:00:00+01:00,12.110000000000001,-8.12,0.55,-7.69895834782004,0.0560348425788638,0.0560348425788638
2023-01-13 09:00:00+01:00,51.86000000000001,-7.49,0.62,-5.716450712702799,0.38358926626885287,0.38358926626885287
2023-01-13 10:00:00+01:00,573.19,-6.93,0.62,12.672404858964189,4.374000275885453,4.374000275885453
2023-01-13 11:00:00+01:00,768.9,-4.97,0.69,20.90181523304486,5.7,5.7
2023-01-13 12:00:00+01:00,806.3000000000001,-2.74,0.69,24.390244014051333,5.7,5.7
2023-01-13 13:00:00+01:00,774.84,-1.49,0.76,24.16831302320653,5.68103056809679,5.68103056809679
2023-01-13 14:00:00+01:00,715.36,-1.11,0.9,21.85058544100655,5.289035640638538,5.289035640638538
2023-01-13 15:00:00+01:00,368.39,-1.34,0.9,10.484046732571576,2.8260768526312496,2.8260768526312496
2023-01-13 16:00:00+01:00,154.13,-2.11,0.9,2.8370406984208505,1.1915118366708641,1.1915118366708641
2023-01-13 17:00:00+01:00,0.0,-2.91,1.03,-2.91,0.0,0.0
2023-01-13 18:00:00+01:00,0.0,-3.55,0.97,-3.55,0.0,0.0
2023-01-13 19:00:00+01:00,0.0,-4.14,0.9,-4.14,0.0,0.0
2023-01-13 20:00:00+01:00,0.0,-4.5,0.97,-4.5,0.0,0.0
2023-01-13 21:00:00+01:00,0.0,-5.03,0.97,-5.03,0.0,0.0
2023-01-13 22:00:00+01:00,0.0,-5.33,0.97,-5.33,0.0,0.0
2023-01-13 23:00:00+01:00,0.0,-5.29,0.9,-5.29,0.0,0.0
2023-01-14 00:00:00+01:00,0.0,-5.23,0.83,-5.23,0.0,0.0
2023-01-14 01:00:00+01:00,0.0,-5.63,0.83,-5.63,0.0,0.0
2023-01-14 02:00:00+01:00,0.0,-6.79,0.76,-6.79,0.0,0.0
2023-01-14 03:00:00+01:00,0.0,-8.02,0.62,-8.02,0.0,0.0
2023-01-14 04:00:00+01:00,0.0,-9.68,0.62,-9.68,0.0,0.0
2023-01-14 05:00:00+01:00,0.0,-10.03,0.55,-10.03,0.0,0.0
2023-01-14 06:00:00+01:00,0.0,-10.97,0.55,-10.97,0.0,0.0
2023-01-14 07:00:00+01:00,0.0,-10.72,0.48,-10.72,0.0,0.0
2023-01-14 08:00:00+01:00,11.67,-9.44,0.34,-9.012927950346928,0.05277709896846103,0.05277709896846103
2023-01-14 09:00:00+01:00,52.55,-9.26,0.28,-7.307571632386161,0.39146174872465567,0.39146174872465567
2023-01-14 10:00:00+01:00,448.33000000000004,-8.15,0.28,8.507130543336109,3.46696239564549,3.46696239564549
2023-01-14 11:00:00+01:00,564.2299999999999,-5.44,0.21,15.902921123904914,4.258905536223913,4.258905536223913
2023-01-14 12:00:00+01:00,628.96,-2.83,0.21,20.96143907642493,4.665954951217953,4.665954951217953
2023-01-14 13:00:00+01:00,391.73999999999995,-1.44,0.34,12.8960072605908,2.982448195104192,2.982448195104192
2023-01-14 14:00:00+01:00,295.19,-1.24,0.48,9.196937828817106,2.268402417131287,2.268402417131287
2023-01-14 15:00:00+01:00,328.34999999999997,-1.59,0.48,10.019365276913502,2.519778850224752,2.519778850224752
2023-01-14 16:00:00+01:00,188.39000000000001,-2.12,0.34,4.774267646456071,1.4559007703640723,1.4559007703640723
2023-01-14 17:00:00+01:00,0.0,-2.94,0.21,-2.94,0.0,0.0
2023-01-14 18:00:00+01:00,0.0,-3.68,0.14,-3.68,0.0,0.0
2023-01-14 19:00:00+01:00,0.0,-4.26,0.14,-4.26,0.0,0.0
2023-01-14 20:00:00+01:00,0.0,-3.89,0.28,-3.89,0.0,0.0
2023-01-14 21:00:00+01:00,0.0,-4.53,0.28,-4.53,0.0,0.0
2023-01-14 22:00:00+01:00,0.0,-4.87,0.34,-4.87,0.0,0.0
2023-01-14 23:00:00+01:00,0.0,-5.06,0.34,-5.06,0.0,0.0
2023-01-15 00:00:00+01:00,0.0,-5.07,0.28,-5.07,0.0,0.0
2023-01-15 01:00:00+01:00,0.0,-4.88,0.21,-4.88,0.0,0.0
2023-01-15 02:00:00+01:00,0.0,-5.26,0.21,-5.26,0.0,0.0
2023-01-15 03:00:00+01:00,0.0,-5.2,0.21,-5.2,0.0,0.0
2023-01-15 04:00:00+01:00,0.0,-5.06,0.14,-5.06,0.0,0.0
2023-01-15 05:00:00+01:00,0.0,-5.09,0.14,-5.09,0.0,0.0
2023-01-15 06:00:00+01:00,0.0,-5.01,0.14,-5.01,0.0,0.0
2023-01-15 07:00:00+01:00,0.0,-4.81,0.14,-4.81,0.0,0.0
2023-01-15 08:00:00+01:00,10.6,-4.6,0.21,-4.1990376904570965,0.042511851545075946,0.042511851545075946
2023-01-15 09:00:00+01:00,56.739999999999995,-4.5,0.21,-2.353716844956197,0.4188725809636604,0.4188725809636604
2023-01-15 10:00:00+01:00,301.0,-3.94,0.21,7.445816525699415,2.327314293841268,2.327314293841268
2023-01-15 11:00:00+01:00,381.79,-3.42,0.07,11.564614660031086,2.9191711801570417,2.9191711801570417
2023-01-15 12:00:00+01:00,286.15,-3.13,0.41,7.161536591330868,2.2129821203436673,2.2129821203436673
2023-01-15 13:00:00+01:00,279.92,-3.13,0.69,6.288700117094444,2.170390173501085,2.170390173501085
2023-01-15 14:00:00+01:00,145.09,-2.76,0.97,1.8264048452969517,1.1230050712681645,1.1230050712681645
2023-01-15 15:00:00+01:00,65.37,-3.0,0.97,-0.9336047643734111,0.4868735449942325,0.4868735449942325
2023-01-15 16:00:00+01:00,55.010000000000005,-3.71,1.03,-1.9933622508207156,0.40423646485068865,0.40423646485068865
2023-01-15 17:00:00+01:00,0.0,-3.74,0.97,-3.74,0.0,0.0
2023-01-15 18:00:00+01:00,0.0,-4.19,0.83,-4.19,0.0,0.0
2023-01-15 19:00:00+01:00,0.0,-5.64,0.69,-5.64,0.0,0.0
2023-01-15 20:00:00+01:00,0.0,-6.89,0.69,-6.89,0.0,0.0
2023-01-15 21:00:00+01:00,0.0,-8.14,0.62,-8.14,0.0,0.0
2023-01-15 22:00:00+01:00,0.0,-8.05,0.55,-8.05,0.0,0.0
2023-01-15 23:00:00+01:00,0.0,-8.79,0.55,-8.79,0.0,0.0
2023-01-16 00:00:00+01:00,0.0,-10.22,0.48,-10.22,0.0,0.0
2023-01-16 01:00:00+01:00,0.0,-11.67,0.48,-11.67,0.0,0.0
2023-01-16 02:00:00+01:00,0.0,-12.78,0.41,-12.78,0.0,0.0
2023-01-16 03:00:00+01:00,0.0,-13.3,0.41,-13.3,0.0,0.0
2023-01-16 04:00:00+01:00,0.0,-13.09,0.28,-13.09,0.0,0.0
2023-01-16 05:00:00+01:00,0.0,-13.0,0.14,-13.0,0.0,0.0
2023-01-16 06:00:00+01:00,0.0,-13.05,0.14,-13.05,0.0,0.0
2023-01-16 07:00:00+01:00,0.0,-12.89,0.14,-12.89,0.0,0.0
2023-01-16 08:00:00+01:00,16.59,-12.82,0.14,-12.18088082103122,0.09521895433782825,0.09521895433782825
2023-01-16 09:00:00+01:00,63.11,-12.02,0.28,-9.675228272500297,0.48289560513973906,0.48289560513973906
2023-01-16 10:00:00+01:00,112.28,-9.65,0.34,-5.541032584828879,0.8810019384032642,0.8810019384032642
2023-01-16 11:00:00+01:00,156.45,-7.86,0.41,-2.23319273208557,1.2306724992587539,1.2306724992587539
2023-01-16 12:00:00+01:00,539.13,-7.13,0.55,11.614524024754886,4.128507946178518,4.128507946178518
2023-01-16 13:00:00+01:00,347.25,-6.71,0.69,4.974208401189787,2.7117075940212003,2.7117075940212003
2023-01-16 14:00:00+01:00,242.76,-6.72,0.41,2.0109922170591696,1.9044865016609094,1.9044865016609094
2023-01-16 15:00:00+01:00,127.46000000000001,-6.8,0.07,-1.7974096111276818,0.9934527853577084,0.9934527853577084
2023-01-16 16:00:00+01:00,26.72,-7.26,0.21,-6.2492723668880785,0.17645687385458192,0.17645687385458192
2023-01-16 17:00:00+01:00,0.0,-7.78,0.34,-7.78,0.0,0.0
2023-01-16 18:00:00+01:00,0.0,-8.07,0.41,-8.07,0.0,0.0
2023-01-16 19:00:00+01:00,0.0,-8.29,0.41,-8.29,0.0,0.0
2023-01-16 20:00:00+01:00,0.0,-8.79,0.41,-8.79,0.0,0.0
2023-01-16 21:00:00+01:00,0.0,-9.22,0.34,-9.22,0.0,0.0
2023-01-16 22:00:00+01:00,0.0,-9.67,0.41,-9.67,0.0,0.0
2023-01-16 23:00:00+01:00,0.0,-10.16,0.41,-10.16,0.0,0.0
2023-01-17 00:00:00+01:00,0.0,-10.57,0.41,-10.57,0.0,0.0
2023-01-17 01:00:00+01:00,0.0,-10.94,0.41,-10.94,0.0,0.0
2023-01-17 02:00:00+01:00,0.0,-11.42,0.41,-11.42,0.0,0.0
2023-01-17 03:00:00+01:00,0.0,-12.4,0.34,-12.4,0.0,0.0
2023-01-17 04:00:00+01:00,0.0,-12.73,0.34,-12.73,0.0,0.0
2023-01-17 05:00:00+01:00,0.0,-12.92,0.28,-12.92,0.0,0.0
2023-01-17 06:00:00+01:00,0.0,-13.07,0.07,-13.07,0.0,0.0
2023-01-17 07:00:00+01:00,0.0,-12.64,0.21,-12.64,0.0,0.0
2023-01-17 08:00:00+01:00,14.56,-11.81,0.21,-11.259244223873145,0.07775624209941709,0.07775624209941709
2023-01-17 09:00:00+01:00,51.96,-11.51,0.21,-9.54452815058026,0.38960020992858996,0.38960020992858996
2023-01-17 10:00:00+01:00,189.70999999999998,-10.06,0.28,-3.011566401141363,1.5047020679691314,1.5047020679691314
2023-01-17 11:00:00+01:00,309.06,-8.75,0.48,2.1773349550263053,2.4325566553062474,2.4325566553062474
2023-01-17 12:00:00+01:00,297.96,-7.66,0.62,2.5298716861371773,2.3413443882785123,2.3413443882785123
2023-01-17 13:00:00+01:00,334.99999999999994,-7.33,0.83,3.590162205155618,2.6270152964811446,2.6270152964811446
2023-01-17 14:00:00+01:00,343.01,-6.92,0.62,4.810527208557906,2.6797047812046193,2.6797047812046193
2023-01-17 15:00:00+01:00,92.96,-6.54,0.34,-3.1380618906812665,0.7161764674934101,0.7161764674934101
2023-01-17 16:00:00+01:00,69.02,-6.9,0.07,-4.191081212615979,0.5223743520201621,0.5223743520201621
2023-01-17 17:00:00+01:00,0.0,-7.32,0.07,-7.32,0.0,0.0
2023-01-17 18:00:00+01:00,0.0,-7.83,0.21,-7.83,0.0,0.0
2023-01-17 19:00:00+01:00,0.0,-8.51,0.21,-8.51,0.0,0.0
2023-01-17 20:00:00+01:00,0.0,-9.61,0.21,-9.61,0.0,0.0
2023-01-17 21:00:00+01:00,0.0,-10.39,0.28,-10.39,0.0,0.0
2023-01-17 22:00:00+01:00,0.0,-11.51,0.34,-11.51,0.0,0.0
2023-01-17 23:00:00+01:00,0.0,-12.34,0.41,-12.34,0.0,0.0
2023-01-18 00:00:00+01:00,0.0,-12.73,0.48,-12.73,0.0,0.0
2023-01-18 01:00:00+01:00,0.0,-12.61,0.55,-12.61,0.0,0.0
2023-01-18 02:00:00+01:00,0.0,-12.04,0.55,-12.04,0.0,0.0
2023-01-18 03:00:00+01:00,0.0,-12.06,0.55,-12.06,0.0,0.0
2023-01-18 04:00:00+01:00,0.0,-11.85,0.48,-11.85,0.0,0.0
2023-01-18 05:00:00+01:00,0.0,-11.75,0.41,-11.75,0.0,0.0
2023-01-18 06:00:00+01:00,0.0,-11.55,0.41,-11.55,0.0,0.0
2023-01-18 07:00:00+01:00,0.0,-11.45,0.41,-11.45,0.0,0.0
2023-01-18 08:00:00+01:00,9.639999999999999,-12.9,0.48,-12.559161622447249,0.03672212928117737,0.03672212928117737
2023-01-18 09:00:00+01:00,50.96,-12.22,0.41,-10.38719655881803,0.38236994272528246,0.38236994272528246
2023-01-18 10:00:00+01:00,466.53000000000003,-10.71,0.41,6.068999007351355,3.6375810606390693,3.6375810606390693
2023-01-18 11:00:00+01:00,536.4,-8.84,0.41,10.451910632849476,4.1235620311203185,4.1235620311203185
2023-01-18 12:00:00+01:00,541.0600000000001,-7.57,0.48,11.560084290320756,4.144061997793446,4.144061997793446
2023-01-18 13:00:00+01:00,501.07,-6.74,0.62,10.395988071461792,3.8521386886071487,3.8521386886071487
2023-01-18 14:00:00+01:00,305.24,-6.4,0.69,3.8706631314015,2.3887490076959277,2.3887490076959277
2023-01-18 15:00:00+01:00,199.82,-6.71,0.62,0.12360236382041467,1.5707250473964194,1.5707250473964194
2023-01-18 16:00:00+01:00,107.38000000000001,-7.15,0.69,-3.5368961897199154,0.8350842860505765,0.8350842860505765
2023-01-18 17:00:00+01:00,0.0,-7.79,0.76,-7.79,0.0,0.0
2023-01-18 18:00:00+01:00,0.0,-8.15,0.9,-8.15,0.0,0.0
2023-01-18 19:00:00+01:00,0.0,-8.53,0.97,-8.53,0.0,0.0
2023-01-18 20:00:00+01:00,0.0,-8.81,0.9,-8.81,0.0,0.0
2023-01-18 21:00:00+01:00,0.0,-9.21,0.97,-9.21,0.0,0.0
2023-01-18 22:00:00+01:00,0.0,-9.46,1.03,-9.46,0.0,0.0
2023-01-18 23:00:00+01:00,0.0,-9.64,1.03,-9.64,0.0,0.0
2023-01-19 00:00:00+01:00,0.0,-10.1,1.1,-10.1,0.0,0.0
2023-01-19 01:00:00+01:00,0.0,-10.62,1.1,-10.62,0.0,0.0
2023-01-19 02:00:00+01:00,0.0,-11.99,1.1,-11.99,0.0,0.0
2023-01-19 03:00:00+01:00,0.0,-12.06,1.03,-12.06,0.0,0.0
2023-01-19 04:00:00+01:00,0.0,-12.65,1.03,-12.65,0.0,0.0
2023-01-19 05:00:00+01:00,0.0,-13.22,1.03,-13.22,0.0,0.0
2023-01-19 06:00:00+01:00,0.0,-13.83,1.03,-13.83,0.0,0.0
2023-01-19 07:00:00+01:00,0.0,-14.39,0.97,-14.39,0.0,0.0
2023-01-19 08:00:00+01:00,18.099999999999998,-15.84,0.9,-15.25905250994993,0.10940141737923245,0.10940141737923245
2023-01-19 09:00:00+01:00,76.15,-16.21,0.83,-13.727700442022089,0.5997878032147577,0.5997878032147577
2023-01-19 10:00:00+01:00,548.9399999999999,-15.49,0.83,2.404071166860076,4.333258030244203,4.333258030244203
2023-01-19 11:00:00+01:00,744.4599999999999,-14.67,0.9,9.224594941584284,5.7,5.7
2023-01-19 12:00:00+01:00,895.84,-14.1,1.03,13.85551283811616,5.7,5.7
2023-01-19 13:00:00+01:00,892.4599999999999,-12.07,1.03,15.780036822987526,5.7,5.7
2023-01-19 14:00:00+01:00,817.51,-10.55,0.97,15.292110587074994,5.7,5.7
2023-01-19 15:00:00+01:00,603.52,-10.18,0.9,9.19090769033252,4.659112168739078,4.659112168739078
2023-01-19 16:00:00+01:00,305.40000000000003,-10.56,0.69,-0.2839532160594356,2.4228018571511765,2.4228018571511765
2023-01-19 17:00:00+01:00,0.0,-11.32,0.62,-11.32,0.0,0.0
2023-01-19 18:00:00+01:00,0.0,-12.34,0.48,-12.34,0.0,0.0
2023-01-19 19:00:00+01:00,0.0,-13.36,0.41,-13.36,0.0,0.0
2023-01-19 20:00:00+01:00,0.0,-15.74,0.41,-15.74,0.0,0.0
2023-01-19 21:00:00+01:00,0.0,-18.07,0.34,-18.07,0.0,0.0
2023-01-19 22:00:00+01:00,0.0,-19.05,0.28,-19.05,0.0,0.0
2023-01-19 23:00:00+01:00,0.0,-19.33,0.28,-19.33,0.0,0.0
2023-01-20 00:00:00+01:00,0.0,-19.99,0.34,-19.99,0.0,0.0
2023-01-20 01:00:00+01:00,0.0,-20.13,0.34,-20.13,0.0,0.0
2023-01-20 02:00:00+01:00,0.0,-20.22,0.34,-20.22,0.0,0.0
2023-01-20 03:00:00+01:00,0.0,-20.51,0.41,-20.51,0.0,0.0
2023-01-20 04:00:00+01:00,0.0,-19.55,0.48,-19.55,0.0,0.0
2023-01-20 05:00:00+01:00,0.0,-19.27,0.62,-19.27,0.0,0.0
2023-01-20 06:00:00+01:00,0.0,-18.63,0.76,-18.63,0.0,0.0
2023-01-20 07:00:00+01:00,0.0,-17.95,0.76,-17.95,0.0,0.0
2023-01-20 08:00:00+01:00,15.63,-19.77,0.76,-19.252422909823036,0.0900120717525783,0.0900120717525783
2023-01-20 09:00:00+01:00,58.019999999999996,-19.0,0.76,-17.07870615661757,0.451587997165747,0.451587997165747
2023-01-20 10:00:00+01:00,620.6,-17.14,0.83,3.0900079537897867,4.887536780595423,4.887536780595423
2023-01-20 11:00:00+01:00,797.09,-14.92,0.83,11.063140573455206,5.7,5.7
2023-01-20 12:00:00+01:00,989.23,-13.09,1.03,17.77983385967321,5.7,5.7
2023-01-20 13:00:00+01:00,991.7399999999999,-12.03,1.1,18.462559340794485,5.7,5.7
2023-01-20 14:00:00+01:00,593.61,-11.62,1.17,6.366655677700075,4.625565561553177,4.625565561553177
2023-01-20 15:00:00+01:00,545.46,-11.9,1.03,5.121582015403243,4.267800803592026,4.267800803592026
2023-01-20 16:00:00+01:00,220.7,-12.62,1.03,-5.732853095003308,1.7723504014121458,1.7723504014121458
2023-01-20 17:00:00+01:00,0.0,-13.71,1.03,-13.71,0.0,0.0
2023-01-20 18:00:00+01:00,0.0,-14.56,0.97,-14.56,0.0,0.0
2023-01-20 19:00:00+01:00,0.0,-17.11,0.83,-17.11,0.0,0.0
2023-01-20 20:00:00+01:00,0.0,-14.52,0.97,-14.52,0.0,0.0
2023-01-20 21:00:00+01:00,0.0,-15.08,0.9,-15.08,0.0,0.0
2023-01-20 22:00:00+01:00,0.0,-15.76,0.83,-15.76,0.0,0.0
2023-01-20 23:00:00+01:00,0.0,-16.8,0.76,-16.8,0.0,0.0
2023-01-21 00:00:00+01:00,0.0,-18.26,0.69,-18.26,0.0,0.0
2023-01-21 01:00:00+01:00,0.0,-19.65,0.62,-19.65,0.0,0.0
2023-01-21 02:00:00+01:00,0.0,-21.59,0.62,-21.59,0.0,0.0
2023-01-21 03:00:00+01:00,0.0,-22.07,0.69,-22.07,0.0,0.0
2023-01-21 04:00:00+01:00,0.0,-22.34,0.69,-22.34,0.0,0.0
2023-01-21 05:00:00+01:00,0.0,-22.84,0.69,-22.84,0.0,0.0
2023-01-21 06:00:00+01:00,0.0,-22.68,0.69,-22.68,0.0,0.0
2023-01-21 07:00:00+01:00,0.0,-22.79,0.62,-22.79,0.0,0.0
2023-01-21 08:00:00+01:00,17.0,-22.59,0.55,-21.998942354495515,0.10303211693588954,0.10303211693588954
2023-01-21 09:00:00+01:00,64.25,-21.87,0.48,-19.59833342761781,0.5090282502810637,0.5090282502810637
2023-01-21 10:00:00+01:00,613.6899999999999,-20.25,0.48,1.4480398257622866,4.858971412567057,4.858971412567057
2023-01-21 11:00:00+01:00,698.5699999999999,-17.49,0.48,7.209114668778639,5.42613791409829,5.42613791409829
2023-01-21 12:00:00+01:00,773.8399999999999,-15.68,0.62,10.784392219091131,5.7,5.7
2023-01-21 13:00:00+01:00,861.4100000000001,-14.3,0.76,14.225021193175799,5.7,5.7
2023-01-21 14:00:00+01:00,683.87,-13.23,0.9,8.719865194505072,5.286061900587569,5.286061900587569
2023-01-21 15:00:00+01:00,473.78999999999996,-13.08,0.9,2.127022724354859,3.7423751716863745,3.7423751716863745
2023-01-21 16:00:00+01:00,225.43,-13.44,0.9,-6.204475542431633,1.813886382730078,1.813886382730078
2023-01-21 17:00:00+01:00,0.0,-13.83,0.9,-13.83,0.0,0.0
2023-01-21 18:00:00+01:00,0.0,-14.21,0.83,-14.21,0.0,0.0
2023-01-21 19:00:00+01:00,0.0,-14.51,0.83,-14.51,0.0,0.0
2023-01-21 20:00:00+01:00,0.0,-14.92,0.69,-14.92,0.0,0.0
2023-01-21 21:00:00+01:00,0.0,-15.1,0.69,-15.1,0.0,0.0
2023-01-21 22:00:00+01:00,0.0,-15.68,0.69,-15.68,0.0,0.0
2023-01-21 23:00:00+01:00,0.0,-16.2,0.62,-16.2,0.0,0.0
2023-01-22 00:00:00+01:00,0.0,-16.56,0.62,-16.56,0.0,0.0
2023-01-22 01:00:00+01:00,0.0,-17.43,0.69,-17.43,0.0,0.0
2023-01-22 02:00:00+01:00,0.0,-18.16,0.69,-18.16,0.0,0.0
2023-01-22 03:00:00+01:00,0.0,-18.02,0.62,-18.02,0.0,0.0
2023-01-22 04:00:00+01:00,0.0,-18.38,0.62,-18.38,0.0,0.0
2023-01-22 05:00:00+01:00,0.0,-18.13,0.62,-18.13,0.0,0.0
2023-01-22 06:00:00+01:00,0.0,-18.07,0.62,-18.07,0.0,0.0
2023-01-22 07:00:00+01:00,0.0,-17.85,0.55,-17.85,0.0,0.0
2023-01-22 08:00:00+01:00,18.75,-18.86,0.48,-18.19706228432426,0.11637033679454604,0.11637033679454604
2023-01-22 09:00:00+01:00,66.82,-18.73,0.48,-16.367466764722522,0.525522853215399,0.525522853215399
2023-01-22 10:00:00+01:00,522.84,-16.38,0.41,2.424218037432926,4.126783176190703,4.126783176190703
2023-01-22 11:00:00+01:00,768.14,-14.55,0.34,13.560636179992386,5.7,5.7
2023-01-22 12:00:00+01:00,842.8299999999999,-12.44,0.48,17.359669061492333,5.7,5.7
2023-01-22 13:00:00+01:00,792.29,-11.15,0.62,15.94535990807365,5.7,5.7
2023-01-22 14:00:00+01:00,717.57,-10.45,0.69,13.69467220285603,5.454494386974053,5.454494386974053
2023-01-22 15:00:00+01:00,507.13,-10.43,0.69,6.6338232008506175,3.947810131620962,3.947810131620962
2023-01-22 16:00:00+01:00,263.66999999999996,-10.97,0.55,-1.8026959182254387,2.0976059842117674,2.0976059842117674
2023-01-22 17:00:00+01:00,0.0,-11.77,0.55,-11.77,0.0,0.0
2023-01-22 18:00:00+01:00,0.0,-12.71,0.55,-12.71,0.0,0.0
2023-01-22 19:00:00+01:00,0.0,-13.39,0.55,-13.39,0.0,0.0
2023-01-22 20:00:00+01:00,0.0,-12.9,0.55,-12.9,0.0,0.0
2023-01-22 21:00:00+01:00,0.0,-13.26,0.62,-13.26,0.0,0.0
2023-01-22 22:00:00+01:00,0.0,-13.81,0.48,-13.81,0.0,0.0
2023-01-22 23:00:00+01:00,0.0,-14.26,0.41,-14.26,0.0,0.0
2023-01-23 00:00:00+01:00,0.0,-15.42,0.41,-15.42,0.0,0.0
2023-01-23 01:00:00+01:00,0.0,-16.56,0.34,-16.56,0.0,0.0
2023-01-23 02:00:00+01:00,0.0,-17.32,0.34,-17.32,0.0,0.0
2023-01-23 03:00:00+01:00,0.0,-17.46,0.41,-17.46,0.0,0.0
2023-01-23 04:00:00+01:00,0.0,-17.55,0.41,-17.55,0.0,0.0
2023-01-23 05:00:00+01:00,0.0,-17.58,0.48,-17.58,0.0,0.0
2023-01-23 06:00:00+01:00,0.0,-17.66,0.55,-17.66,0.0,0.0
2023-01-23 07:00:00+01:00,0.0,-17.47,0.48,-17.47,0.0,0.0
2023-01-23 08:00:00+01:00,17.45,-17.07,0.55,-16.463296710938042,0.10441890532144446,0.10441890532144446
2023-01-23 09:00:00+01:00,203.72,-16.33,0.48,-9.127137523335406,1.6510030067072101,1.6510030067072101
2023-01-23 10:00:00+01:00,243.20000000000002,-14.24,0.48,-5.641255869208576,1.956192420149718,1.956192420149718
2023-01-23 11:00:00+01:00,301.01,-12.77,0.41,-1.944015623426509,2.4004370394068073,2.4004370394068073
2023-01-23 12:00:00+01:00,241.80999999999997,-10.84,0.34,-1.9907890037181257,1.9219505941086263,1.9219505941086263
2023-01-23 13:00:00+01:00,226.02,-9.49,0.21,-0.9404244148219867,1.787905191326636,1.787905191326636
2023-01-23 14:00:00+01:00,216.88000000000002,-9.02,0.21,-0.8161598402203012,1.7133886889759327,1.7133886889759327
2023-01-23 15:00:00+01:00,181.45000000000002,-8.56,0.14,-1.5697543686627418,1.4306746333147107,1.4306746333147107
2023-01-23 16:00:00+01:00,146.15,-8.5,0.07,-2.7638585804668976,1.1489462697924149,1.1489462697924149
2023-01-23 17:00:00+01:00,0.0,-8.61,0.07,-8.61,0.0,0.0
2023-01-23 18:00:00+01:00,0.0,-9.01,0.14,-9.01,0.0,0.0
2023-01-23 19:00:00+01:00,0.0,-9.44,0.21,-9.44,0.0,0.0
2023-01-23 20:00:00+01:00,0.0,-9.55,0.21,-9.55,0.0,0.0
2023-01-23 21:00:00+01:00,0.0,-9.63,0.28,-9.63,0.0,0.0
2023-01-23 22:00:00+01:00,0.0,-9.46,0.34,-9.46,0.0,0.0
2023-01-23 23:00:00+01:00,0.0,-9.23,0.34,-9.23,0.0,0.0
2023-01-24 00:00:00+01:00,0.0,-9.52,0.34,-9.52,0.0,0.0
2023-01-24 01:00:00+01:00,0.0,-9.65,0.34,-9.65,0.0,0.0
2023-01-24 02:00:00+01:00,0.0,-9.21,0.34,-9.21,0.0,0.0
2023-01-24 03:00:00+01:00,0.0,-9.23,0.34,-9.23,0.0,0.0
2023-01-24 04:00:00+01:00,0.0,-9.11,0.28,-9.11,0.0,0.0
2023-01-24 05:00:00+01:00,0.0,-9.22,0.21,-9.22,0.0,0.0
2023-01-24 06:00:00+01:00,0.0,-9.56,0.21,-9.56,0.0,0.0
2023-01-24 07:00:00+01:00,0.0,-9.28,0.14,-9.28,0.0,0.0
2023-01-24 08:00:00+01:00,16.240000000000002,-9.64,0.14,-9.014364348013684,0.09092614787332659,0.09092614787332659
2023-01-24 09:00:00+01:00,429.31,-9.92,0.07,6.929694648099597,3.336530290912021,3.336530290912021
2023-01-24 10:00:00+01:00,615.75,-9.27,0.07,14.897150729233715,4.663562480154168,4.663562480154168
2023-01-24 11:00:00+01:00,868.5500000000001,-6.72,0.14,26.74033531605388,5.7,5.7
2023-01-24 12:00:00+01:00,831.8299999999999,-5.3,0.21,26.16532810821443,5.7,5.7
2023-01-24 13:00:00+01:00,726.68,-4.44,0.28,22.558870526691237,5.359285391228501,5.359285391228501
2023-01-24 14:00:00+01:00,690.62,-4.11,0.21,22.013829265709404,5.10383951900956,5.10383951900956
2023-01-24 15:00:00+01:00,519.3199999999999,-4.5,0.21,15.144127036964186,3.929519235794406,3.929519235794406
2023-01-24 16:00:00+01:00,262.03000000000003,-5.21,0.14,4.884538786328476,2.038998705527924,2.038998705527924
2023-01-24 17:00:00+01:00,0.0,-6.31,0.07,-6.31,0.0,0.0
2023-01-24 18:00:00+01:00,0.0,-7.54,0.07,-7.54,0.0,0.0
2023-01-24 19:00:00+01:00,0.0,-8.48,0.07,-8.48,0.0,0.0
2023-01-24 20:00:00+01:00,0.0,-8.87,0.14,-8.87,0.0,0.0
2023-01-24 21:00:00+01:00,0.0,-9.39,0.14,-9.39,0.0,0.0
2023-01-24 22:00:00+01:00,0.0,-9.89,0.14,-9.89,0.0,0.0
2023-01-24 23:00:00+01:00,0.0,-10.32,0.14,-10.32,0.0,0.0
2023-01-25 00:00:00+01:00,0.0,-11.28,0.14,-11.28,0.0,0.0
2023-01-25 01:00:00+01:00,0.0,-12.2,0.14,-12.2,0.0,0.0
2023-01-25 02:00:00+01:00,0.0,-12.86,0.14,-12.86,0.0,0.0
2023-01-25 03:00:00+01:00,0.0,-13.14,0.14,-13.14,0.0,0.0
2023-01-25 04:00:00+01:00,0.0,-13.29,0.14,-13.29,0.0,0.0
2023-01-25 05:00:00+01:00,0.0,-13.41,0.14,-13.41,0.0,0.0
2023-01-25 06:00:00+01:00,0.0,-13.49,0.07,-13.49,0.0,0.0
2023-01-25 07:00:00+01:00,0.0,-13.64,0.07,-13.64,0.0,0.0
2023-01-25 08:00:00+01:00,18.51,-11.91,0.14,-11.196914044441705,0.11092743009139569,0.11092743009139569
2023-01-25 09:00:00+01:00,496.6700000000001,-11.17,0.14,7.963895275372147,3.8492263682817525,3.8492263682817525
2023-01-25 10:00:00+01:00,842.41,-9.75,0.14,22.703308472277868,5.7,5.7
2023-01-25 11:00:00+01:00,990.6299999999999,-7.31,0.14,30.853389527537214,5.7,5.7
2023-01-25 12:00:00+01:00,1063.4199999999998,-4.68,0.07,37.05744446363251,5.7,5.7
2023-01-25 13:00:00+01:00,994.72,-2.94,0.07,36.101085137447605,5.7,5.7
2023-01-25 14:00:00+01:00,717.2900000000001,-2.43,0.07,25.72242476097776,5.232423225034726,5.232423225034726
2023-01-25 15:00:00+01:00,540.87,-3.05,0.0,18.584799999999998,4.045181629232918,4.045181629232918
2023-01-25 16:00:00+01:00,212.49,-4.0,0.0,4.499600000000001,1.6486557482954478,1.6486557482954478
2023-01-25 17:00:00+01:00,0.0,-5.22,0.0,-5.22,0.0,0.0
2023-01-25 18:00:00+01:00,0.0,-6.5,0.0,-6.5,0.0,0.0
2023-01-25 19:00:00+01:00,0.0,-7.56,0.0,-7.56,0.0,0.0
2023-01-25 20:00:00+01:00,0.0,-8.87,0.07,-8.87,0.0,0.0
2023-01-25 21:00:00+01:00,0.0,-9.51,0.14,-9.51,0.0,0.0
2023-01-25 22:00:00+01:00,0.0,-10.02,0.21,-10.02,0.0,0.0
2023-01-25 23:00:00+01:00,0.0,-10.6,0.28,-10.6,0.0,0.0
2023-01-26 00:00:00+01:00,0.0,-11.47,0.28,-11.47,0.0,0.0
2023-01-26 01:00:00+01:00,0.0,-11.95,0.28,-11.95,0.0,0.0
2023-01-26 02:00:00+01:00,0.0,-12.9,0.28,-12.9,0.0,0.0
2023-01-26 03:00:00+01:00,0.0,-13.05,0.28,-13.05,0.0,0.0
2023-01-26 04:00:00+01:00,0.0,-13.11,0.34,-13.11,0.0,0.0
2023-01-26 05:00:00+01:00,0.0,-13.09,0.41,-13.09,0.0,0.0
2023-01-26 06:00:00+01:00,0.0,-13.12,0.48,-13.12,0.0,0.0
2023-01-26 07:00:00+01:00,0.0,-13.05,0.48,-13.05,0.0,0.0
2023-01-26 08:00:00+01:00,13.84,-13.22,0.41,-12.722237056005525,0.07223247377355622,0.07223247377355622
2023-01-26 09:00:00+01:00,419.23,-12.94,0.41,2.13782940829509,3.30942841493981,3.30942841493981
2023-01-26 10:00:00+01:00,571.2700000000001,-11.85,0.41,8.696028686107239,4.417513608121213,4.417513608121213
2023-01-26 11:00:00+01:00,622.61,-9.95,0.41,12.442499028930673,4.7545272527565166,4.7545272527565166
2023-01-26 12:00:00+01:00,731.16,-8.17,0.48,17.681388810318488,5.483071654353709,5.483071654353709
2023-01-26 13:00:00+01:00,727.87,-6.65,0.62,18.242273809198103,5.448104554250267,5.448104554250267
2023-01-26 14:00:00+01:00,588.3,-6.0,0.69,13.795017429575093,4.4723910816189525,4.4723910816189525
2023-01-26 15:00:00+01:00,506.8,-6.22,0.69,10.832719417488796,3.890626688268459,3.890626688268459
2023-01-26 16:00:00+01:00,275.96,-6.7,0.62,2.7374982900604623,2.164556439063286,2.164556439063286
2023-01-26 17:00:00+01:00,0.0,-7.51,0.55,-7.51,0.0,0.0
2023-01-26 18:00:00+01:00,0.0,-8.5,0.62,-8.5,0.0,0.0
2023-01-26 19:00:00+01:00,0.0,-9.22,0.62,-9.22,0.0,0.0
2023-01-26 20:00:00+01:00,0.0,-9.82,0.55,-9.82,0.0,0.0
2023-01-26 21:00:00+01:00,0.0,-11.35,0.55,-11.35,0.0,0.0
2023-01-26 22:00:00+01:00,0.0,-12.21,0.55,-12.21,0.0,0.0
2023-01-26 23:00:00+01:00,0.0,-12.38,0.48,-12.38,0.0,0.0
2023-01-27 00:00:00+01:00,0.0,-12.53,0.41,-12.53,0.0,0.0
2023-01-27 01:00:00+01:00,0.0,-12.68,0.41,-12.68,0.0,0.0
2023-01-27 02:00:00+01:00,0.0,-13.55,0.41,-13.55,0.0,0.0
2023-01-27 03:00:00+01:00,0.0,-13.74,0.34,-13.74,0.0,0.0
2023-01-27 04:00:00+01:00,0.0,-14.18,0.34,-14.18,0.0,0.0
2023-01-27 05:00:00+01:00,0.0,-14.52,0.34,-14.52,0.0,0.0
2023-01-27 06:00:00+01:00,0.0,-15.71,0.28,-15.71,0.0,0.0
2023-01-27 07:00:00+01:00,0.0,-16.19,0.28,-16.19,0.0,0.0
2023-01-27 08:00:00+01:00,11.809999999999999,-14.71,0.34,-14.277804549579882,0.05556935355221351,0.05556935355221351
2023-01-27 09:00:00+01:00,443.07,-15.46,0.28,1.0017019379384138,3.5115940146208384,3.5115940146208384
2023-01-27 10:00:00+01:00,601.4799999999999,-13.94,0.28,8.407223873498987,4.655436044846817,4.655436044846817
2023-01-27 11:00:00+01:00,732.61,-10.83,0.28,16.38919212935442,5.518013845154507,5.518013845154507
2023-01-27 12:00:00+01:00,812.97,-8.76,0.41,20.47889744069284,5.7,5.7
2023-01-27 13:00:00+01:00,815.99,-7.47,0.48,21.380695819426375,5.7,5.7
2023-01-27 14:00:00+01:00,627.3600000000001,-6.94,0.55,14.872113204923167,4.751780357677913,4.751780357677913
2023-01-27 15:00:00+01:00,380.64,-6.97,0.62,6.047427703756395,2.964434894952957,2.964434894952957
2023-01-27 16:00:00+01:00,181.57,-7.4,0.55,-1.087156665044156,1.4293731270792434,1.4293731270792434
2023-01-27 17:00:00+01:00,0.0,-7.94,0.55,-7.94,0.0,0.0
2023-01-27 18:00:00+01:00,0.0,-8.59,0.62,-8.59,0.0,0.0
2023-01-27 19:00:00+01:00,0.0,-9.24,0.55,-9.24,0.0,0.0
2023-01-27 20:00:00+01:00,0.0,-10.27,0.55,-10.27,0.0,0.0
2023-01-27 21:00:00+01:00,0.0,-10.85,0.48,-10.85,0.0,0.0
2023-01-27 22:00:00+01:00,0.0,-11.32,0.41,-11.32,0.0,0.0
2023-01-27 23:00:00+01:00,0.0,-11.79,0.41,-11.79,0.0,0.0
2023-01-28 00:00:00+01:00,0.0,-12.3,0.34,-12.3,0.0,0.0
2023-01-28 01:00:00+01:00,0.0,-12.87,0.34,-12.87,0.0,0.0
2023-01-28 02:00:00+01:00,0.0,-13.37,0.34,-13.37,0.0,0.0
2023-01-28 03:00:00+01:00,0.0,-13.53,0.41,-13.53,0.0,0.0
2023-01-28 04:00:00+01:00,0.0,-13.57,0.41,-13.57,0.0,0.0
2023-01-28 05:00:00+01:00,0.0,-13.43,0.41,-13.43,0.0,0.0
2023-01-28 06:00:00+01:00,0.0,-13.35,0.34,-13.35,0.0,0.0
2023-01-28 07:00:00+01:00,0.0,-13.31,0.34,-13.31,0.0,0.0
2023-01-28 08:00:00+01:00,12.73,-14.76,0.14,-14.269584861466392,0.06337328211437158,0.06337328211437158
2023-01-28 09:00:00+01:00,388.40999999999997,-14.84,0.07,0.40443851358776683,3.0819059151966837,3.0819059151966837
2023-01-28 10:00:00+01:00,643.14,-13.53,0.07,11.712162111245428,4.9230100643358305,4.9230100643358305
2023-01-28 11:00:00+01:00,783.26,-11.01,0.0,20.3204,5.7,5.7
2023-01-28 12:00:00+01:00,942.59,-8.9,0.14,27.412679138287054,5.7,5.7
2023-01-28 13:00:00+01:00,924.13,-7.33,0.14,28.27151940086911,5.7,5.7
2023-01-28 14:00:00+01:00,822.23,-6.6,0.28,23.948909166567596,5.7,5.7
2023-01-28 15:00:00+01:00,588.94,-6.44,0.41,14.741539612435442,4.4629861333242005,4.4629861333242005
2023-01-28 16:00:00+01:00,356.69,-6.87,0.41,5.958545122354734,2.7771102531524523,2.7771102531524523
2023-01-28 17:00:00+01:00,0.0,-7.69,0.41,-7.69,0.0,0.0
2023-01-28 18:00:00+01:00,0.0,-8.85,0.41,-8.85,0.0,0.0
2023-01-28 19:00:00+01:00,0.0,-9.76,0.41,-9.76,0.0,0.0
2023-01-28 20:00:00+01:00,0.0,-11.05,0.21,-11.05,0.0,0.0
2023-01-28 21:00:00+01:00,0.0,-11.79,0.14,-11.79,0.0,0.0
2023-01-28 22:00:00+01:00,0.0,-12.58,0.07,-12.58,0.0,0.0
2023-01-28 23:00:00+01:00,0.0,-13.1,0.0,-13.1,0.0,0.0
2023-01-29 00:00:00+01:00,0.0,-13.57,0.0,-13.57,0.0,0.0
2023-01-29 01:00:00+01:00,0.0,-14.09,0.0,-14.09,0.0,0.0
2023-01-29 02:00:00+01:00,0.0,-14.1,0.07,-14.1,0.0,0.0
2023-01-29 03:00:00+01:00,0.0,-15.21,0.0,-15.21,0.0,0.0
2023-01-29 04:00:00+01:00,0.0,-14.94,0.0,-14.94,0.0,0.0
2023-01-29 05:00:00+01:00,0.0,-14.86,0.0,-14.86,0.0,0.0
2023-01-29 06:00:00+01:00,0.0,-14.97,0.07,-14.97,0.0,0.0
2023-01-29 07:00:00+01:00,0.0,-15.46,0.07,-15.46,0.0,0.0
2023-01-29 08:00:00+01:00,15.139999999999999,-16.04,0.14,-15.456741147101425,0.08429078421898319,0.08429078421898319
2023-01-29 09:00:00+01:00,483.40000000000003,-15.59,0.14,3.032676980922737,3.8072840550051583,3.8072840550051583
2023-01-29 10:00:00+01:00,778.73,-13.36,0.14,16.640077048725615,5.7,5.7
2023-01-29 11:00:00+01:00,976.98,-9.78,0.14,27.85753197522113,5.7,5.7
2023-01-29 12:00:00+01:00,1048.3999999999999,-6.67,0.14,33.71894196689986,5.7,5.7
2023-01-29 13:00:00+01:00,1032.29,-4.8,0.28,33.553421115206284,5.7,5.7
2023-01-29 14:00:00+01:00,866.28,-4.07,0.41,27.08621987886809,5.7,5.7
2023-01-29 15:00:00+01:00,669.6800000000001,-4.31,0.34,20.197421611968267,4.980555844931527,4.980555844931527
2023-01-29 16:00:00+01:00,298.77000000000004,-5.08,0.48,5.483514736663462,2.3249876973939076,2.3249876973939076
2023-01-29 17:00:00+01:00,0.0,-6.08,0.55,-6.08,0.0,0.0
2023-01-29 18:00:00+01:00,0.0,-7.3,0.48,-7.3,0.0,0.0
2023-01-29 19:00:00+01:00,0.0,-8.28,0.48,-8.28,0.0,0.0
2023-01-29 20:00:00+01:00,0.0,-8.94,0.48,-8.94,0.0,0.0
2023-01-29 21:00:00+01:00,0.0,-9.33,0.48,-9.33,0.0,0.0
2023-01-29 22:00:00+01:00,0.0,-9.65,0.48,-9.65,0.0,0.0
2023-01-29 23:00:00+01:00,0.0,-9.95,0.55,-9.95,0.0,0.0
2023-01-30 00:00:00+01:00,0.0,-10.26,0.48,-10.26,0.0,0.0
2023-01-30 01:00:00+01:00,0.0,-10.66,0.48,-10.66,0.0,0.0
2023-01-30 02:00:00+01:00,0.0,-10.67,0.48,-10.67,0.0,0.0
2023-01-30 03:00:00+01:00,0.0,-10.16,0.55,-10.16,0.0,0.0
2023-01-30 04:00:00+01:00,0.0,-9.69,0.69,-9.69,0.0,0.0
2023-01-30 05:00:00+01:00,0.0,-9.05,0.83,-9.05,0.0,0.0
2023-01-30 06:00:00+01:00,0.0,-8.65,0.9,-8.65,0.0,0.0
2023-01-30 07:00:00+01:00,0.0,-8.31,0.62,-8.31,0.0,0.0
2023-01-30 08:00:00+01:00,18.610000000000003,-9.23,0.76,-8.613742185016426,0.11051285446053731,0.11051285446053731
2023-01-30 09:00:00+01:00,532.92,-8.86,0.83,8.5118592309598,4.123279479125983,4.123279479125983
2023-01-30 10:00:00+01:00,846.8199999999999,-7.88,0.83,19.724214204686216,5.7,5.7
2023-01-30 11:00:00+01:00,1002.7399999999999,-6.32,0.9,25.864490948773913,5.7,5.7
2023-01-30 12:00:00+01:00,1078.06,-4.58,1.1,28.566599434263928,5.7,5.7
2023-01-30 13:00:00+01:00,1042.65,-3.57,1.17,28.02277394645303,5.7,5.7
2023-01-30 14:00:00+01:00,889.4399999999999,-4.36,1.31,21.83050423434353,5.7,5.7
2023-01-30 15:00:00+01:00,681.47,-4.38,1.31,15.68660698931697,5.146463466395408,5.146463466395408
2023-01-30 16:00:00+01:00,378.26,-4.81,1.38,6.173414248879184,2.9445172897203493,2.9445172897203493
2023-01-30 17:00:00+01:00,0.0,-5.01,1.31,-5.01,0.0,0.0
2023-01-30 18:00:00+01:00,0.0,-5.81,1.24,-5.81,0.0,0.0
2023-01-30 19:00:00+01:00,0.0,-6.42,1.24,-6.42,0.0,0.0
2023-01-30 20:00:00+01:00,0.0,-6.71,1.31,-6.71,0.0,0.0
2023-01-30 21:00:00+01:00,0.0,-7.04,1.31,-7.04,0.0,0.0
2023-01-30 22:00:00+01:00,0.0,-7.01,1.31,-7.01,0.0,0.0
2023-01-30 23:00:00+01:00,0.0,-6.8,1.31,-6.8,0.0,0.0
2023-01-31 00:00:00+01:00,0.0,-6.96,1.17,-6.96,0.0,0.0
2023-01-31 01:00:00+01:00,0.0,-7.0,1.17,-7.0,0.0,0.0
2023-01-31 02:00:00+01:00,0.0,-7.08,1.03,-7.08,0.0,0.0
2023-01-31 03:00:00+01:00,0.0,-7.56,0.9,-7.56,0.0,0.0
2023-01-31 04:00:00+01:00,0.0,-8.1,0.9,-8.1,0.0,0.0
2023-01-31 05:00:00+01:00,0.0,-8.89,0.83,-8.89,0.0,0.0
2023-01-31 06:00:00+01:00,0.0,-9.82,0.83,-9.82,0.0,0.0
2023-01-31 07:00:00+01:00,0.0,-10.5,0.76,-10.5,0.0,0.0
2023-01-31 08:00:00+01:00,17.59,-10.36,0.76,-9.777518808943519,0.10254463342884293,0.10254463342884293
2023-01-31 09:00:00+01:00,493.31,-10.63,0.76,5.70563367595634,3.8517107423125707,3.8517107423125707
2023-01-31 10:00:00+01:00,735.0800000000002,-10.4,0.69,14.333845677599973,5.575012548869916,5.575012548869916
2023-01-31 11:00:00+01:00,973.09,-7.81,0.76,24.41323036982092,5.7,5.7
2023-01-31 12:00:00+01:00,1012.18,-5.55,0.83,27.444536659147506,5.7,5.7
2023-01-31 13:00:00+01:00,1027.49,-4.03,1.03,28.033772421454692,5.7,5.7
2023-01-31 14:00:00+01:00,873.58,-3.2,0.97,24.414525775411892,5.7,5.7
2023-01-31 15:00:00+01:00,671.1199999999999,-3.1,0.97,18.11461175667303,5.026930593176877,5.026930593176877
2023-01-31 16:00:00+01:00,337.97999999999996,-3.58,0.83,7.437302752532824,2.6170765003475376,2.6170765003475376
2023-01-31 17:00:00+01:00,0.0,-4.22,0.76,-4.22,0.0,0.0
2023-01-31 18:00:00+01:00,0.0,-5.06,0.76,-5.06,0.0,0.0
2023-01-31 19:00:00+01:00,0.0,-5.44,0.83,-5.44,0.0,0.0
2023-01-31 20:00:00+01:00,0.0,-5.86,0.83,-5.86,0.0,0.0
2023-01-31 21:00:00+01:00,0.0,-6.13,0.76,-6.13,0.0,0.0
2023-01-31 22:00:00+01:00,0.0,-6.42,0.76,-6.42,0.0,0.0
2023-01-31 23:00:00+01:00,0.0,-6.63,0.69,-6.63,0.0,0.0
2023-02-01 00:00:00+01:00,0.0,-6.88,0.69,-6.88,0.0,0.0
2023-02-01 01:00:00+01:00,0.0,-7.28,0.69,-7.28,0.0,0.0
2023-02-01 02:00:00+01:00,0.0,-7.3,0.76,-7.3,0.0,0.0
2023-02-01 03:00:00+01:00,0.0,-7.41,0.76,-7.41,0.0,0.0
2023-02-01 04:00:00+01:00,0.0,-7.61,0.76,-7.61,0.0,0.0
2023-02-01 05:00:00+01:00,0.0,-7.62,0.76,-7.62,0.0,0.0
2023-02-01 06:00:00+01:00,0.0,-7.62,0.83,-7.62,0.0,0.0
2023-02-01 07:00:00+01:00,0.0,-7.57,0.97,-7.57,0.0,0.0
2023-02-01 08:00:00+01:00,18.580000000000002,-7.91,0.9,-7.313646167672358,0.10963221822153046,0.10963221822153046
2023-02-01 09:00:00+01:00,524.06,-7.81,1.03,8.543775292399484,4.054193893358328,4.054193893358328
2023-02-01 10:00:00+01:00,703.89,-7.23,1.03,14.735536180145544,5.332253984232891,5.332253984232891
2023-02-01 11:00:00+01:00,844.9,-6.06,0.97,20.6479292424798,5.7,5.7
2023-02-01 12:00:00+01:00,991.4499999999999,-4.99,1.1,25.493642848358135,5.7,5.7
2023-02-01 13:00:00+01:00,1022.22,-5.65,1.24,24.88079900602122,5.7,5.7
2023-02-01 14:00:00+01:00,933.97,-4.97,1.1,23.74633255442135,5.7,5.7
2023-02-01 15:00:00+01:00,636.9899999999999,-4.65,1.17,14.651089604518402,4.828197328566304,4.828197328566304
2023-02-01 16:00:00+01:00,399.17,-4.53,1.1,7.743090640757594,3.0924559052080403,3.0924559052080403
2023-02-01 17:00:00+01:00,0.0,-5.18,1.03,-5.18,0.0,0.0
2023-02-01 18:00:00+01:00,0.0,-5.94,1.03,-5.94,0.0,0.0
2023-02-01 19:00:00+01:00,0.0,-6.5,1.03,-6.5,0.0,0.0
2023-02-01 20:00:00+01:00,0.0,-6.71,1.03,-6.71,0.0,0.0
2023-02-01 21:00:00+01:00,0.0,-7.25,1.1,-7.25,0.0,0.0
2023-02-01 22:00:00+01:00,0.0,-7.6,1.1,-7.6,0.0,0.0
2023-02-01 23:00:00+01:00,0.0,-7.68,1.17,-7.68,0.0,0.0
2023-02-02 00:00:00+01:00,0.0,-7.62,1.17,-7.62,0.0,0.0
2023-02-02 01:00:00+01:00,0.0,-7.77,1.17,-7.77,0.0,0.0
2023-02-02 02:00:00+01:00,0.0,-8.3,1.17,-8.3,0.0,0.0
2023-02-02 03:00:00+01:00,0.0,-8.55,1.1,-8.55,0.0,0.0
2023-02-02 04:00:00+01:00,0.0,-8.84,1.1,-8.84,0.0,0.0
2023-02-02 05:00:00+01:00,0.0,-8.69,1.1,-8.69,0.0,0.0
2023-02-02 06:00:00+01:00,0.0,-8.79,1.1,-8.79,0.0,0.0
2023-02-02 07:00:00+01:00,0.0,-9.18,1.03,-9.18,0.0,0.0
2023-02-02 08:00:00+01:00,23.13,-8.02,1.1,-7.308832861886606,0.14739949887950035,0.14739949887950035
2023-02-02 09:00:00+01:00,298.0,-8.44,0.97,0.9800058163794318,2.353599861099289,2.353599861099289
2023-02-02 10:00:00+01:00,494.43,-8.59,1.03,6.839143834334003,3.846093320120582,3.846093320120582
2023-02-02 11:00:00+01:00,605.7199999999999,-8.25,1.1,10.373785512237113,4.6577530733084345,4.6577530733084345
2023-02-02 12:00:00+01:00,708.66,-7.09,1.17,14.382723526488661,5.374619885930567,5.374619885930567
2023-02-02 13:00:00+01:00,687.0799999999999,-5.5,1.31,14.731799389877619,5.205430301819486,5.205430301819486
2023-02-02 14:00:00+01:00,556.64,-5.18,1.31,11.210855231387146,4.268492399192572,4.268492399192572
2023-02-02 15:00:00+01:00,500.05,-5.33,1.31,9.394502656034676,3.8571305649224867,3.8571305649224867
2023-02-02 16:00:00+01:00,284.40000000000003,-5.27,1.17,3.3474506405517115,2.2272958614859224,2.2272958614859224
2023-02-02 17:00:00+01:00,0.0,-5.23,1.1,-5.23,0.0,0.0
2023-02-02 18:00:00+01:00,0.0,-6.0,1.03,-6.0,0.0,0.0
2023-02-02 19:00:00+01:00,0.0,-7.96,0.9,-7.96,0.0,0.0
2023-02-02 20:00:00+01:00,0.0,-5.7,0.9,-5.7,0.0,0.0
2023-02-02 21:00:00+01:00,0.0,-6.41,0.9,-6.41,0.0,0.0
2023-02-02 22:00:00+01:00,0.0,-7.08,0.9,-7.08,0.0,0.0
2023-02-02 23:00:00+01:00,0.0,-7.53,0.9,-7.53,0.0,0.0
2023-02-03 00:00:00+01:00,0.0,-8.59,0.83,-8.59,0.0,0.0
2023-02-03 01:00:00+01:00,0.0,-9.32,0.76,-9.32,0.0,0.0
2023-02-03 02:00:00+01:00,0.0,-10.44,0.76,-10.44,0.0,0.0
2023-02-03 03:00:00+01:00,0.0,-10.95,0.76,-10.95,0.0,0.0
2023-02-03 04:00:00+01:00,0.0,-11.35,0.76,-11.35,0.0,0.0
2023-02-03 05:00:00+01:00,0.0,-11.91,0.69,-11.91,0.0,0.0
2023-02-03 06:00:00+01:00,0.0,-12.31,0.62,-12.31,0.0,0.0
2023-02-03 07:00:00+01:00,0.0,-11.81,0.76,-11.81,0.0,0.0
2023-02-03 08:00:00+01:00,26.4,-12.39,0.69,-11.501697331054254,0.17742858903403555,0.17742858903403555
2023-02-03 09:00:00+01:00,515.85,-10.16,0.76,6.922030836070785,4.012021558374409,4.012021558374409
2023-02-03 10:00:00+01:00,825.1999999999999,-8.18,0.83,18.71945627371468,5.7,5.7
2023-02-03 11:00:00+01:00,995.5,-5.36,0.83,27.09081037382812,5.7,5.7
2023-02-03 12:00:00+01:00,1049.1,-2.63,0.9,31.04248684041597,5.7,5.7
2023-02-03 13:00:00+01:00,1059.51,-1.08,1.1,31.496251383593652,5.7,5.7
2023-02-03 14:00:00+01:00,915.96,-0.35,1.17,27.40400875077266,5.7,5.7
2023-02-03 15:00:00+01:00,720.4000000000001,0.06,1.17,21.88845091931594,5.325463049320545,5.325463049320545
2023-02-03 16:00:00+01:00,414.83000000000004,-0.45,1.17,12.119539554219644,3.167890711494706,3.167890711494706
2023-02-03 17:00:00+01:00,0.0,-1.15,1.1,-1.15,0.0,0.0
2023-02-03 18:00:00+01:00,0.0,-2.06,1.1,-2.06,0.0,0.0
2023-02-03 19:00:00+01:00,0.0,-2.74,1.1,-2.74,0.0,0.0
2023-02-03 20:00:00+01:00,0.0,-3.11,1.03,-3.11,0.0,0.0
2023-02-03 21:00:00+01:00,0.0,-3.68,1.03,-3.68,0.0,0.0
2023-02-03 22:00:00+01:00,0.0,-4.07,1.1,-4.07,0.0,0.0
2023-02-03 23:00:00+01:00,0.0,-4.26,1.1,-4.26,0.0,0.0
2023-02-04 00:00:00+01:00,0.0,-4.19,1.24,-4.19,0.0,0.0
2023-02-04 01:00:00+01:00,0.0,-4.02,1.24,-4.02,0.0,0.0
2023-02-04 02:00:00+01:00,0.0,-4.0,1.31,-4.0,0.0,0.0
2023-02-04 03:00:00+01:00,0.0,-4.29,1.38,-4.29,0.0,0.0
2023-02-04 04:00:00+01:00,0.0,-4.12,1.38,-4.12,0.0,0.0
2023-02-04 05:00:00+01:00,0.0,-4.11,1.38,-4.11,0.0,0.0
2023-02-04 06:00:00+01:00,0.0,-3.98,1.45,-3.98,0.0,0.0
2023-02-04 07:00:00+01:00,0.0,-3.85,1.45,-3.85,0.0,0.0
2023-02-04 08:00:00+01:00,17.97,-3.94,1.52,-3.4323269900103965,0.10274730634945803,0.10274730634945803
2023-02-04 09:00:00+01:00,200.86999999999998,-3.97,1.45,1.7826204249957036,1.5705402127375019,1.5705402127375019
2023-02-04 10:00:00+01:00,260.2,-4.05,1.38,3.5053439104276523,2.0338016803127728,2.0338016803127728
2023-02-04 11:00:00+01:00,318.31000000000006,-3.59,1.31,5.782975583326465,2.47663392545178,2.47663392545178
2023-02-04 12:00:00+01:00,380.53999999999996,-3.21,1.24,8.15564560833413,2.942971640957822,2.942971640957822
2023-02-04 13:00:00+01:00,518.91,-2.89,1.31,12.389855360949811,3.963081655270817,3.963081655270817
2023-02-04 14:00:00+01:00,436.67,-2.41,1.31,10.448211328488474,3.354525705107466,3.354525705107466
2023-02-04 15:00:00+01:00,291.78,-2.32,1.45,6.036148691219427,2.265663925362237,2.265663925362237
2023-02-04 16:00:00+01:00,181.51,-2.68,1.24,2.741186562171461,1.4108534479423747,1.4108534479423747
2023-02-04 17:00:00+01:00,5.09,-2.49,1.1,-2.333500184479154,0.0,0.0
2023-02-04 18:00:00+01:00,0.0,-2.18,0.97,-2.18,0.0,0.0
2023-02-04 19:00:00+01:00,0.0,-2.49,0.9,-2.49,0.0,0.0
2023-02-04 20:00:00+01:00,0.0,-2.43,0.97,-2.43,0.0,0.0
2023-02-04 21:00:00+01:00,0.0,-3.33,0.9,-3.33,0.0,0.0
2023-02-04 22:00:00+01:00,0.0,-4.06,0.76,-4.06,0.0,0.0
2023-02-04 23:00:00+01:00,0.0,-4.4,0.69,-4.4,0.0,0.0
2023-02-05 00:00:00+01:00,0.0,-5.21,0.69,-5.21,0.0,0.0
2023-02-05 01:00:00+01:00,0.0,-6.2,0.62,-6.2,0.0,0.0
2023-02-05 02:00:00+01:00,0.0,-6.35,0.69,-6.35,0.0,0.0
2023-02-05 03:00:00+01:00,0.0,-7.1,0.69,-7.1,0.0,0.0
2023-02-05 04:00:00+01:00,0.0,-7.88,0.69,-7.88,0.0,0.0
2023-02-05 05:00:00+01:00,0.0,-8.76,0.69,-8.76,0.0,0.0
2023-02-05 06:00:00+01:00,0.0,-8.98,0.76,-8.98,0.0,0.0
2023-02-05 07:00:00+01:00,0.0,-9.33,0.76,-9.33,0.0,0.0
2023-02-05 08:00:00+01:00,27.09,-9.4,0.83,-8.516933748842789,0.18112044756188117,0.18112044756188117
2023-02-05 09:00:00+01:00,423.43,-8.46,0.9,5.130640647066375,3.3101688857423905,3.3101688857423905
2023-02-05 10:00:00+01:00,688.9000000000001,-7.1,0.97,14.676651029878494,5.220141346217208,5.220141346217208
2023-02-05 11:00:00+01:00,841.37,-5.31,0.97,21.28634326754081,5.7,5.7
2023-02-05 12:00:00+01:00,953.76,-4.44,1.1,24.88480629688845,5.7,5.7
2023-02-05 13:00:00+01:00,768.7099999999999,-3.51,1.31,19.1254813253083,5.7,5.7
2023-02-05 14:00:00+01:00,622.9,-3.06,1.17,15.814156132206962,4.703043128641772,4.703043128641772
2023-02-05 15:00:00+01:00,396.29,-3.09,1.1,9.0945406469069,3.0561818581684634,3.0561818581684634
2023-02-05 16:00:00+01:00,271.62,-3.14,0.97,5.446114026325439,2.110946040804799,2.110946040804799
2023-02-05 17:00:00+01:00,4.51,-3.14,0.69,-2.9882482940551016,0.0,0.0
2023-02-05 18:00:00+01:00,0.0,-3.92,0.62,-3.92,0.0,0.0
2023-02-05 19:00:00+01:00,0.0,-4.83,0.62,-4.83,0.0,0.0
2023-02-05 20:00:00+01:00,0.0,-4.73,0.62,-4.73,0.0,0.0
2023-02-05 21:00:00+01:00,0.0,-5.25,0.62,-5.25,0.0,0.0
2023-02-05 22:00:00+01:00,0.0,-5.57,0.55,-5.57,0.0,0.0
2023-02-05 23:00:00+01:00,0.0,-5.81,0.48,-5.81,0.0,0.0
2023-02-06 00:00:00+01:00,0.0,-5.92,0.41,-5.92,0.0,0.0
2023-02-06 01:00:00+01:00,0.0,-6.08,0.34,-6.08,0.0,0.0
2023-02-06 02:00:00+01:00,0.0,-6.49,0.28,-6.49,0.0,0.0
2023-02-06 03:00:00+01:00,0.0,-6.68,0.21,-6.68,0.0,0.0
2023-02-06 04:00:00+01:00,0.0,-7.09,0.21,-7.09,0.0,0.0
2023-02-06 05:00:00+01:00,0.0,-7.84,0.21,-7.84,0.0,0.0
2023-02-06 06:00:00+01:00,0.0,-8.76,0.14,-8.76,0.0,0.0
2023-02-06 07:00:00+01:00,0.0,-9.45,0.0,-9.45,0.0,0.0
2023-02-06 08:00:00+01:00,26.189999999999998,-10.28,0.0,-9.2324,0.17411177194736774,0.17411177194736774
2023-02-06 09:00:00+01:00,383.49,-10.15,0.07,4.90133679765138,2.9981391349818862,2.9981391349818862
2023-02-06 10:00:00+01:00,684.1899999999999,-8.82,0.0,18.547599999999996,5.116988825015364,5.116988825015364
2023-02-06 11:00:00+01:00,900.9200000000001,-6.53,0.0,29.5068,5.7,5.7
2023-02-06 12:00:00+01:00,910.4699999999999,-4.17,0.21,30.270014525427058,5.7,5.7
2023-02-06 13:00:00+01:00,842.1600000000001,-3.08,0.48,26.695980087118855,5.7,5.7
2023-02-06 14:00:00+01:00,707.92,-2.54,0.55,22.073031082678533,5.230206732907933,5.230206732907933
2023-02-06 15:00:00+01:00,576.9699999999999,-2.49,0.62,17.241676287926452,4.33533480466042,4.33533480466042
2023-02-06 16:00:00+01:00,354.07,-2.64,0.62,9.468765834040108,2.7244476154925485,2.7244476154925485
2023-02-06 17:00:00+01:00,5.0600000000000005,-3.29,0.55,-3.11407343022043,0.0,0.0
2023-02-06 18:00:00+01:00,0.0,-4.19,0.55,-4.19,0.0,0.0
2023-02-06 19:00:00+01:00,0.0,-4.87,0.55,-4.87,0.0,0.0
2023-02-06 20:00:00+01:00,0.0,-5.83,0.41,-5.83,0.0,0.0
2023-02-06 21:00:00+01:00,0.0,-6.41,0.34,-6.41,0.0,0.0
2023-02-06 22:00:00+01:00,0.0,-6.95,0.48,-6.95,0.0,0.0
2023-02-06 23:00:00+01:00,0.0,-7.94,0.83,-7.94,0.0,0.0
2023-02-07 00:00:00+01:00,0.0,-10.39,1.52,-10.39,0.0,0.0
2023-02-07 01:00:00+01:00,0.0,-10.51,1.38,-10.51,0.0,0.0
2023-02-07 02:00:00+01:00,0.0,-10.62,1.38,-10.62,0.0,0.0
2023-02-07 03:00:00+01:00,0.0,-11.4,1.1,-11.4,0.0,0.0
2023-02-07 04:00:00+01:00,0.0,-11.35,0.83,-11.35,0.0,0.0
2023-02-07 05:00:00+01:00,0.0,-11.74,0.55,-11.74,0.0,0.0
2023-02-07 06:00:00+01:00,0.0,-12.41,0.48,-12.41,0.0,0.0
2023-02-07 07:00:00+01:00,0.0,-13.28,0.34,-13.28,0.0,0.0
2023-02-07 08:00:00+01:00,32.93,-13.36,0.34,-12.154902948151184,0.23289156306735087,0.23289156306735087
2023-02-07 09:00:00+01:00,472.39000000000004,-13.06,0.34,4.227452059607108,3.705793950423025,3.705793950423025
2023-02-07 10:00:00+01:00,715.11,-12.42,0.34,13.749965160874785,5.434867488153688,5.434867488153688
2023-02-07 11:00:00+01:00,970.7700000000001,-10.86,0.28,25.207723814053033,5.7,5.7
2023-02-07 12:00:00+01:00,1114.27,-8.93,0.34,31.847512662119037,5.7,5.7
2023-02-07 13:00:00+01:00,1089.2900000000002,-7.12,0.28,33.35118356913567,5.7,5.7
2023-02-07 14:00:00+01:00,962.17,-6.0,0.14,31.066986162048877,5.7,5.7
2023-02-07 15:00:00+01:00,745.7800000000001,-5.32,0.41,21.502373437297695,5.519617502126619,5.519617502126619
2023-02-07 16:00:00+01:00,448.83,-5.29,0.41,10.852409115104084,3.4437786369719876,3.4437786369719876
2023-02-07 17:00:00+01:00,7.05,-6.09,0.48,-5.840735418905923,0.013620721817372382,0.013620721817372382
2023-02-07 18:00:00+01:00,0.0,-7.24,0.48,-7.24,0.0,0.0
2023-02-07 19:00:00+01:00,0.0,-8.36,0.34,-8.36,0.0,0.0
2023-02-07 20:00:00+01:00,0.0,-9.19,0.28,-9.19,0.0,0.0
2023-02-07 21:00:00+01:00,0.0,-10.0,0.21,-10.0,0.0,0.0
2023-02-07 22:00:00+01:00,0.0,-10.58,0.07,-10.58,0.0,0.0
2023-02-07 23:00:00+01:00,0.0,-11.07,0.14,-11.07,0.0,0.0
2023-02-08 00:00:00+01:00,0.0,-11.31,0.41,-11.31,0.0,0.0
2023-02-08 01:00:00+01:00,0.0,-11.37,0.62,-11.37,0.0,0.0
2023-02-08 02:00:00+01:00,0.0,-11.81,0.55,-11.81,0.0,0.0
2023-02-08 03:00:00+01:00,0.0,-12.02,0.48,-12.02,0.0,0.0
2023-02-08 04:00:00+01:00,0.0,-12.37,0.41,-12.37,0.0,0.0
2023-02-08 05:00:00+01:00,0.0,-12.68,0.34,-12.68,0.0,0.0
2023-02-08 06:00:00+01:00,0.0,-12.88,0.28,-12.88,0.0,0.0
2023-02-08 07:00:00+01:00,0.0,-13.24,0.21,-13.24,0.0,0.0
2023-02-08 08:00:00+01:00,27.81,-13.95,0.21,-12.898041336944516,0.1902977878853579,0.1902977878853579
2023-02-08 09:00:00+01:00,535.17,-13.66,0.21,6.58367916962975,4.167163585575562,4.167163585575562
2023-02-08 10:00:00+01:00,853.9599999999999,-11.28,0.21,21.02243149596768,5.7,5.7
2023-02-08 11:00:00+01:00,1016.9399999999999,-9.08,0.41,27.494786724403333,5.7,5.7
2023-02-08 12:00:00+01:00,1084.3500000000001,-7.92,0.69,28.56602269209546,5.7,5.7
2023-02-08 13:00:00+01:00,1079.11,-7.3,0.76,28.43401239800784,5.7,5.7
2023-02-08 14:00:00+01:00,909.98,-6.92,0.69,23.698850859365535,5.7,5.7
2023-02-08 15:00:00+01:00,645.94,-6.98,0.62,15.11036688462696,4.888322859725084,4.888322859725084
2023-02-08 16:00:00+01:00,415.39,-7.46,0.48,7.226810544775696,3.224522462707052,3.224522462707052
2023-02-08 17:00:00+01:00,7.78,-8.5,0.48,-8.224925043842282,0.020139860370685148,0.020139860370685148
2023-02-08 18:00:00+01:00,0.0,-9.85,0.48,-9.85,0.0,0.0
2023-02-08 19:00:00+01:00,0.0,-11.2,0.34,-11.2,0.0,0.0
2023-02-08 20:00:00+01:00,0.0,-12.01,0.34,-12.01,0.0,0.0
2023-02-08 21:00:00+01:00,0.0,-14.28,0.21,-14.28,0.0,0.0
2023-02-08 22:00:00+01:00,0.0,-14.74,0.28,-14.74,0.0,0.0
2023-02-08 23:00:00+01:00,0.0,-15.27,0.28,-15.27,0.0,0.0
2023-02-09 00:00:00+01:00,0.0,-15.63,0.21,-15.63,0.0,0.0
2023-02-09 01:00:00+01:00,0.0,-16.33,0.28,-16.33,0.0,0.0
2023-02-09 02:00:00+01:00,0.0,-17.88,0.21,-17.88,0.0,0.0
2023-02-09 03:00:00+01:00,0.0,-18.07,0.14,-18.07,0.0,0.0
2023-02-09 04:00:00+01:00,0.0,-18.5,0.07,-18.5,0.0,0.0
2023-02-09 05:00:00+01:00,0.0,-18.98,0.07,-18.98,0.0,0.0
2023-02-09 06:00:00+01:00,0.0,-19.16,0.14,-19.16,0.0,0.0
2023-02-09 07:00:00+01:00,0.0,-19.21,0.21,-19.21,0.0,0.0
2023-02-09 08:00:00+01:00,29.46,-19.09,0.14,-17.955072271704626,0.20811828732299167,0.20811828732299167
2023-02-09 09:00:00+01:00,565.1700000000001,-17.46,0.21,3.918478158902122,4.439475535490729,4.439475535490729
2023-02-09 10:00:00+01:00,765.71,-14.16,0.21,14.804231135858139,5.7,5.7
2023-02-09 11:00:00+01:00,960.4399999999999,-10.92,0.14,26.0803390143927,5.7,5.7
2023-02-09 12:00:00+01:00,939.51,-8.53,0.07,28.34418559743787,5.7,5.7
2023-02-09 13:00:00+01:00,1040.16,-7.52,0.21,31.825750556051506,5.7,5.7
2023-02-09 14:00:00+01:00,919.11,-6.87,0.34,26.765491992856514,5.7,5.7
2023-02-09 15:00:00+01:00,726.4,-6.59,0.34,19.9931308370173,5.404735765195656,5.404735765195656
2023-02-09 16:00:00+01:00,456.15,-7.05,0.21,10.204618631886337,3.507818030691908,3.507818030691908
2023-02-09 17:00:00+01:00,8.4,-7.91,0.34,-7.602595953977223,0.025167210697802766,0.025167210697802766
2023-02-09 18:00:00+01:00,0.0,-9.18,0.41,-9.18,0.0,0.0
2023-02-09 19:00:00+01:00,0.0,-10.34,0.48,-10.34,0.0,0.0
2023-02-09 20:00:00+01:00,0.0,-11.24,0.21,-11.24,0.0,0.0
2023-02-09 21:00:00+01:00,0.0,-12.12,0.28,-12.12,0.0,0.0
2023-02-09 22:00:00+01:00,0.0,-12.73,0.28,-12.73,0.0,0.0
2023-02-09 23:00:00+01:00,0.0,-13.17,0.34,-13.17,0.0,0.0
2023-02-10 00:00:00+01:00,0.0,-13.48,0.41,-13.48,0.0,0.0
2023-02-10 01:00:00+01:00,0.0,-13.79,0.41,-13.79,0.0,0.0
2023-02-10 02:00:00+01:00,0.0,-13.68,0.48,-13.68,0.0,0.0
2023-02-10 03:00:00+01:00,0.0,-13.98,0.55,-13.98,0.0,0.0
2023-02-10 04:00:00+01:00,0.0,-14.09,0.62,-14.09,0.0,0.0
2023-02-10 05:00:00+01:00,0.0,-14.22,0.55,-14.22,0.0,0.0
2023-02-10 06:00:00+01:00,0.0,-13.86,0.55,-13.86,0.0,0.0
2023-02-10 07:00:00+01:00,0.0,-13.41,0.48,-13.41,0.0,0.0
2023-02-10 08:00:00+01:00,30.42,-14.57,0.48,-13.494449850087685,0.21281051067685045,0.21281051067685045
2023-02-10 09:00:00+01:00,626.63,-13.74,0.34,9.191975876101528,4.837234205204418,4.837234205204418
2023-02-10 10:00:00+01:00,883.54,-11.62,0.34,20.71378224082911,5.7,5.7
2023-02-10 11:00:00+01:00,1035.76,-8.41,0.34,29.49438270339901,5.7,5.7
2023-02-10 12:00:00+01:00,1116.3,-5.54,0.21,36.685870390824775,5.7,5.7
2023-02-10 13:00:00+01:00,1087.94,-3.73,0.21,37.423107079632636,5.7,5.7
2023-02-10 14:00:00+01:00,965.57,-2.83,0.34,32.50572913312059,5.7,5.7
2023-02-10 15:00:00+01:00,734.03,-2.93,0.41,23.469778452331283,5.3962289320776815,5.3962289320776815
2023-02-10 16:00:00+01:00,458.97999999999996,-3.74,0.41,12.767459251053788,3.4994402786525143,3.4994402786525143
2023-02-10 17:00:00+01:00,8.84,-4.94,0.41,-4.62206470918272,0.028136633276250246,0.028136633276250246
2023-02-10 18:00:00+01:00,0.0,-6.54,0.41,-6.54,0.0,0.0
2023-02-10 19:00:00+01:00,0.0,-7.88,0.41,-7.88,0.0,0.0
2023-02-10 20:00:00+01:00,0.0,-8.21,0.41,-8.21,0.0,0.0
2023-02-10 21:00:00+01:00,0.0,-8.89,0.34,-8.89,0.0,0.0
2023-02-10 22:00:00+01:00,0.0,-9.4,0.41,-9.4,0.0,0.0
2023-02-10 23:00:00+01:00,0.0,-9.72,0.34,-9.72,0.0,0.0
2023-02-11 00:00:00+01:00,0.0,-9.96,0.28,-9.96,0.0,0.0
2023-02-11 01:00:00+01:00,0.0,-11.12,0.34,-11.12,0.0,0.0
2023-02-11 02:00:00+01:00,0.0,-10.98,0.34,-10.98,0.0,0.0
2023-02-11 03:00:00+01:00,0.0,-10.75,0.34,-10.75,0.0,0.0
2023-02-11 04:00:00+01:00,0.0,-10.49,0.34,-10.49,0.0,0.0
2023-02-11 05:00:00+01:00,0.0,-10.27,0.34,-10.27,0.0,0.0
2023-02-11 06:00:00+01:00,0.0,-10.01,0.34,-10.01,0.0,0.0
2023-02-11 07:00:00+01:00,0.0,-9.78,0.41,-9.78,0.0,0.0
2023-02-11 08:00:00+01:00,31.66,-10.83,0.34,-9.671379512252248,0.22014179374259832,0.22014179374259832
2023-02-11 09:00:00+01:00,565.12,-9.71,0.34,10.97097315337998,4.337026522883162,4.337026522883162
2023-02-11 10:00:00+01:00,815.82,-7.78,0.28,22.53075377481869,5.7,5.7
2023-02-11 11:00:00+01:00,993.22,-4.94,0.28,31.96182499108311,5.7,5.7
2023-02-11 12:00:00+01:00,1032.0700000000002,-1.91,0.34,35.85934449746758,5.7,5.7
2023-02-11 13:00:00+01:00,1046.94,0.18,0.34,38.49352285036742,5.7,5.7
2023-02-11 14:00:00+01:00,921.2499999999999,1.01,0.34,34.723806833152786,5.7,5.7
2023-02-11 15:00:00+01:00,712.75,0.8,0.34,26.883599262230288,5.178302369757902,5.178302369757902
2023-02-11 16:00:00+01:00,432.09000000000003,0.16,0.34,15.97264455309307,3.2577092644278016,3.2577092644278016
2023-02-11 17:00:00+01:00,9.19,-0.9,0.41,-0.5694767734603157,0.030046158408015503,0.030046158408015503
2023-02-11 18:00:00+01:00,0.0,-2.3,0.41,-2.3,0.0,0.0
2023-02-11 19:00:00+01:00,0.0,-3.44,0.41,-3.44,0.0,0.0
2023-02-11 20:00:00+01:00,0.0,-3.93,0.41,-3.93,0.0,0.0
2023-02-11 21:00:00+01:00,0.0,-4.6,0.41,-4.6,0.0,0.0
2023-02-11 22:00:00+01:00,0.0,-5.18,0.34,-5.18,0.0,0.0
2023-02-11 23:00:00+01:00,0.0,-5.56,0.34,-5.56,0.0,0.0
2023-02-12 00:00:00+01:00,0.0,-5.84,0.34,-5.84,0.0,0.0
2023-02-12 01:00:00+01:00,0.0,-6.01,0.34,-6.01,0.0,0.0
2023-02-12 02:00:00+01:00,0.0,-6.17,0.34,-6.17,0.0,0.0
2023-02-12 03:00:00+01:00,0.0,-6.37,0.34,-6.37,0.0,0.0
2023-02-12 04:00:00+01:00,0.0,-6.5,0.34,-6.5,0.0,0.0
2023-02-12 05:00:00+01:00,0.0,-6.67,0.34,-6.67,0.0,0.0
2023-02-12 06:00:00+01:00,0.0,-6.78,0.34,-6.78,0.0,0.0
2023-02-12 07:00:00+01:00,0.0,-6.92,0.34,-6.92,0.0,0.0
2023-02-12 08:00:00+01:00,28.970000000000002,-6.76,0.28,-5.6836565212222085,0.19463965013752801,0.19463965013752801
2023-02-12 09:00:00+01:00,619.0,-6.42,0.21,16.994685811986507,4.654944503856262,4.654944503856262
2023-02-12 10:00:00+01:00,858.39,-4.98,0.14,28.088927789934356,5.7,5.7
2023-02-12 11:00:00+01:00,1015.12,-2.42,0.07,37.42175078889115,5.7,5.7
2023-02-12 12:00:00+01:00,1082.31,0.59,0.0,43.882400000000004,5.7,5.7
2023-02-12 13:00:00+01:00,1052.57,2.66,0.0,44.7628,5.7,5.7
2023-02-12 14:00:00+01:00,933.94,3.36,0.07,40.015572475940786,5.7,5.7
2023-02-12 15:00:00+01:00,725.93,2.94,0.07,31.431530213353845,5.18951314197694,5.18951314197694
2023-02-12 16:00:00+01:00,444.68,2.17,0.14,19.301013653034182,3.31511912018529,3.31511912018529
2023-02-12 17:00:00+01:00,9.91,1.14,0.21,1.5148619327896384,0.035359321251147255,0.035359321251147255
2023-02-12 18:00:00+01:00,0.0,-0.17,0.28,-0.17,0.0,0.0
2023-02-12 19:00:00+01:00,0.0,-1.28,0.28,-1.28,0.0,0.0
2023-02-12 20:00:00+01:00,0.0,-2.02,0.07,-2.02,0.0,0.0
2023-02-12 21:00:00+01:00,0.0,-2.66,0.07,-2.66,0.0,0.0
2023-02-12 22:00:00+01:00,0.0,-3.09,0.0,-3.09,0.0,0.0
2023-02-12 23:00:00+01:00,0.0,-3.36,0.0,-3.36,0.0,0.0
2023-02-13 00:00:00+01:00,0.0,-3.58,0.07,-3.58,0.0,0.0
2023-02-13 01:00:00+01:00,0.0,-3.74,0.07,-3.74,0.0,0.0
2023-02-13 02:00:00+01:00,0.0,-4.28,0.07,-4.28,0.0,0.0
2023-02-13 03:00:00+01:00,0.0,-4.31,0.07,-4.31,0.0,0.0
2023-02-13 04:00:00+01:00,0.0,-4.29,0.14,-4.29,0.0,0.0
2023-02-13 05:00:00+01:00,0.0,-4.41,0.21,-4.41,0.0,0.0
2023-02-13 06:00:00+01:00,0.0,-4.43,0.28,-4.43,0.0,0.0
2023-02-13 07:00:00+01:00,0.0,-4.51,0.34,-4.51,0.0,0.0
2023-02-13 08:00:00+01:00,31.6,-9.07,0.48,-7.952728969847826,0.2182232219759575,0.2182232219759575
2023-02-13 09:00:00+01:00,596.66,-7.64,0.48,13.45591559653787,4.5410971870739205,4.5410971870739205
2023-02-13 10:00:00+01:00,875.7800000000001,-5.76,0.41,25.737892419904767,5.7,5.7
2023-02-13 11:00:00+01:00,1035.49,-2.65,0.34,35.24450185906257,5.7,5.7
2023-02-13 12:00:00+01:00,1104.85,0.66,0.34,41.09278098193634,5.7,5.7
2023-02-13 13:00:00+01:00,1075.1799999999998,2.73,0.41,41.399419228611286,5.7,5.7
2023-02-13 14:00:00+01:00,953.65,3.47,0.41,37.768528290486394,5.7,5.7
2023-02-13 15:00:00+01:00,746.52,3.1,0.41,29.948987929967917,5.364387248773752,5.364387248773752
2023-02-13 16:00:00+01:00,462.21000000000004,2.24,0.34,19.154907632403315,3.448270245250893,3.448270245250893
2023-02-13 17:00:00+01:00,10.74,0.94,0.34,1.3330380302719793,0.0421116450415822,0.0421116450415822
2023-02-13 18:00:00+01:00,0.0,-0.82,0.34,-0.82,0.0,0.0
2023-02-13 19:00:00+01:00,0.0,-2.31,0.28,-2.31,0.0,0.0
2023-02-13 20:00:00+01:00,0.0,-3.01,0.21,-3.01,0.0,0.0
2023-02-13 21:00:00+01:00,0.0,-3.73,0.14,-3.73,0.0,0.0
2023-02-13 22:00:00+01:00,0.0,-4.15,0.14,-4.15,0.0,0.0
2023-02-13 23:00:00+01:00,0.0,-4.44,0.14,-4.44,0.0,0.0
2023-02-14 00:00:00+01:00,0.0,-4.67,0.14,-4.67,0.0,0.0
2023-02-14 01:00:00+01:00,0.0,-4.82,0.14,-4.82,0.0,0.0
2023-02-14 02:00:00+01:00,0.0,-5.57,0.28,-5.57,0.0,0.0
2023-02-14 03:00:00+01:00,0.0,-6.58,0.34,-6.58,0.0,0.0
2023-02-14 04:00:00+01:00,0.0,-7.19,0.34,-7.19,0.0,0.0
2023-02-14 05:00:00+01:00,0.0,-7.62,0.41,-7.62,0.0,0.0
2023-02-14 06:00:00+01:00,0.0,-7.72,0.41,-7.72,0.0,0.0
2023-02-14 07:00:00+01:00,0.0,-7.94,0.34,-7.94,0.0,0.0
2023-02-14 08:00:00+01:00,32.79,-8.4,0.34,-7.200026348918231,0.22747335371962205,0.22747335371962205
2023-02-14 09:00:00+01:00,605.76,-7.32,0.28,15.186241826180002,4.58349101837813,4.58349101837813
2023-02-14 10:00:00+01:00,861.0,-5.32,0.14,27.84947637686073,5.7,5.7
2023-02-14 11:00:00+01:00,1047.75,-2.32,0.07,38.80242334803837,5.7,5.7
2023-02-14 12:00:00+01:00,1115.17,1.21,0.07,44.97854482942682,5.7,5.7
2023-02-14 13:00:00+01:00,1084.11,3.49,0.14,45.25464696273924,5.7,5.7
2023-02-14 14:00:00+01:00,962.1400000000001,4.23,0.14,41.295830431164674,5.7,5.7
2023-02-14 15:00:00+01:00,751.88,3.72,0.14,32.68569790735661,5.350295416989261,5.350295416989261
2023-02-14 16:00:00+01:00,468.46,2.84,0.07,21.22626622917877,3.470177322724799,3.470177322724799
2023-02-14 17:00:00+01:00,11.35,1.6,0.0,2.0540000000000003,0.04682582303817802,0.04682582303817802
2023-02-14 18:00:00+01:00,0.0,0.04,0.0,0.04,0.0,0.0
2023-02-14 19:00:00+01:00,0.0,-1.22,0.0,-1.22,0.0,0.0
2023-02-14 20:00:00+01:00,0.0,-2.69,0.0,-2.69,0.0,0.0
2023-02-14 21:00:00+01:00,0.0,-2.83,0.0,-2.83,0.0,0.0
2023-02-14 22:00:00+01:00,0.0,-2.83,0.0,-2.83,0.0,0.0
2023-02-14 23:00:00+01:00,0.0,-2.72,0.07,-2.72,0.0,0.0
2023-02-15 00:00:00+01:00,0.0,-2.43,0.07,-2.43,0.0,0.0
2023-02-15 01:00:00+01:00,0.0,-2.2,0.07,-2.2,0.0,0.0
2023-02-15 02:00:00+01:00,0.0,-1.84,0.07,-1.84,0.0,0.0
2023-02-15 03:00:00+01:00,0.0,-1.65,0.0,-1.65,0.0,0.0
2023-02-15 04:00:00+01:00,0.0,-1.5,0.0,-1.5,0.0,0.0
2023-02-15 05:00:00+01:00,0.0,-1.51,0.0,-1.51,0.0,0.0
2023-02-15 06:00:00+01:00,0.0,-1.65,0.0,-1.65,0.0,0.0
2023-02-15 07:00:00+01:00,0.0,-1.96,0.0,-1.96,0.0,0.0
2023-02-15 08:00:00+01:00,31.04,-2.88,0.07,-1.6617322636858878,0.20847190420362402,0.20847190420362402
2023-02-15 09:00:00+01:00,649.46,-2.6,0.07,22.89021146992794,4.78579534021528,4.78579534021528
2023-02-15 10:00:00+01:00,882.73,-1.81,0.0,33.4992,5.7,5.7
2023-02-15 11:00:00+01:00,1037.3300000000002,0.13,0.07,40.84345589274221,5.7,5.7
2023-02-15 12:00:00+01:00,1104.0,2.66,0.14,45.190896538971245,5.7,5.7
2023-02-15 13:00:00+01:00,1076.0099999999998,4.16,0.28,44.13778207109736,5.7,5.7
2023-02-15 14:00:00+01:00,954.56,4.63,0.28,40.09546189513732,5.7,5.7
2023-02-15 15:00:00+01:00,746.93,4.21,0.21,32.463846968573634,5.3194322190292835,5.3194322190292835
2023-02-15 16:00:00+01:00,466.02000000000004,3.19,0.14,21.1431235553364,3.4530096361984097,3.4530096361984097
2023-02-15 17:00:00+01:00,11.84,1.92,0.07,2.3847000643672387,0.050672720840797235,0.050672720840797235
2023-02-15 18:00:00+01:00,0.0,0.23,0.14,0.23,0.0,0.0
2023-02-15 19:00:00+01:00,0.0,-1.33,0.14,-1.33,0.0,0.0
2023-02-15 20:00:00+01:00,0.0,-2.13,0.21,-2.13,0.0,0.0
2023-02-15 21:00:00+01:00,0.0,-2.95,0.21,-2.95,0.0,0.0
2023-02-15 22:00:00+01:00,0.0,-3.5,0.14,-3.5,0.0,0.0
2023-02-15 23:00:00+01:00,0.0,-3.94,0.14,-3.94,0.0,0.0
2023-02-16 00:00:00+01:00,0.0,-4.29,0.14,-4.29,0.0,0.0
2023-02-16 01:00:00+01:00,0.0,-4.56,0.14,-4.56,0.0,0.0
2023-02-16 02:00:00+01:00,0.0,-4.63,0.21,-4.63,0.0,0.0
2023-02-16 03:00:00+01:00,0.0,-4.81,0.21,-4.81,0.0,0.0
2023-02-16 04:00:00+01:00,0.0,-5.01,0.28,-5.01,0.0,0.0
2023-02-16 05:00:00+01:00,0.0,-5.15,0.28,-5.15,0.0,0.0
2023-02-16 06:00:00+01:00,0.0,-5.46,0.34,-5.46,0.0,0.0
2023-02-16 07:00:00+01:00,0.0,-6.29,0.34,-6.29,0.0,0.0
2023-02-16 08:00:00+01:00,40.85,-7.57,0.48,-6.125679696781129,0.2931728744854781,0.2931728744854781
2023-02-16 09:00:00+01:00,561.34,-6.99,0.41,13.198890966897325,4.27596593959063,4.27596593959063
2023-02-16 10:00:00+01:00,871.71,-5.4,0.34,26.500854876013697,5.7,5.7
2023-02-16 11:00:00+01:00,1053.1499999999999,-1.62,0.34,36.92078227010568,5.7,5.7
2023-02-16 12:00:00+01:00,1121.48,1.55,0.41,41.88462329703212,5.7,5.7
2023-02-16 13:00:00+01:00,1092.34,3.03,0.48,41.6515138315325,5.7,5.7
2023-02-16 14:00:00+01:00,974.36,3.59,0.55,37.46664279257354,5.7,5.7
2023-02-16 15:00:00+01:00,762.9,3.45,0.41,30.888103321776406,5.463337032609584,5.463337032609584
2023-02-16 16:00:00+01:00,445.97999999999996,2.5,0.34,18.82095910062359,3.3303761906715965,3.3303761906715965
2023-02-16 17:00:00+01:00,14.49,1.24,0.48,1.7523182666742094,0.07224546095729004,0.07224546095729004
2023-02-16 18:00:00+01:00,0.0,-0.35,0.48,-0.35,0.0,0.0
2023-02-16 19:00:00+01:00,0.0,-1.81,0.55,-1.81,0.0,0.0
2023-02-16 20:00:00+01:00,0.0,-1.9,0.48,-1.9,0.0,0.0
2023-02-16 21:00:00+01:00,0.0,-3.01,0.55,-3.01,0.0,0.0
2023-02-16 22:00:00+01:00,0.0,-3.84,0.55,-3.84,0.0,0.0
2023-02-16 23:00:00+01:00,0.0,-4.62,0.62,-4.62,0.0,0.0
2023-02-17 00:00:00+01:00,0.0,-5.36,0.55,-5.36,0.0,0.0
2023-02-17 01:00:00+01:00,0.0,-6.34,0.55,-6.34,0.0,0.0
2023-02-17 02:00:00+01:00,0.0,-6.01,0.62,-6.01,0.0,0.0
2023-02-17 03:00:00+01:00,0.0,-5.27,0.62,-5.27,0.0,0.0
2023-02-17 04:00:00+01:00,0.0,-4.69,0.62,-4.69,0.0,0.0
2023-02-17 05:00:00+01:00,0.0,-4.27,0.62,-4.27,0.0,0.0
2023-02-17 06:00:00+01:00,0.0,-4.02,0.55,-4.02,0.0,0.0
2023-02-17 07:00:00+01:00,0.0,-3.76,0.55,-3.76,0.0,0.0
2023-02-17 08:00:00+01:00,34.690000000000005,-5.71,0.62,-4.523643949549943,0.24081026827213461,0.24081026827213461
2023-02-17 09:00:00+01:00,405.74,-4.81,0.62,9.065817351098467,3.129901330896919,3.129901330896919
2023-02-17 10:00:00+01:00,600.5899999999999,-3.04,0.62,17.499451724987,4.508845574978361,4.508845574978361
2023-02-17 11:00:00+01:00,741.1899999999999,-0.49,0.62,24.857801701731827,5.422426283656537,5.422426283656537
2023-02-17 12:00:00+01:00,756.4599999999999,1.42,0.69,26.873236248132542,5.494803142844351,5.494803142844351
2023-02-17 13:00:00+01:00,736.46,2.27,0.76,26.657384762106602,5.35418089357996,5.35418089357996
2023-02-17 14:00:00+01:00,652.51,2.63,0.76,24.23743615555791,4.785764306280267,4.785764306280267
2023-02-17 15:00:00+01:00,551.9300000000001,2.76,0.76,21.036796121648834,4.093331825257896,4.093331825257896
2023-02-17 16:00:00+01:00,366.94,2.71,0.76,14.86097488608668,2.773423797209166,2.773423797209166
2023-02-17 17:00:00+01:00,13.49,2.1,0.69,2.553909204699929,0.06389648311511152,0.06389648311511152
2023-02-17 18:00:00+01:00,0.0,1.2,0.55,1.2,0.0,0.0
2023-02-17 19:00:00+01:00,0.0,0.31,0.55,0.31,0.0,0.0
2023-02-17 20:00:00+01:00,0.0,1.1,0.55,1.1,0.0,0.0
2023-02-17 21:00:00+01:00,0.0,0.51,0.55,0.51,0.0,0.0
2023-02-17 22:00:00+01:00,0.0,-0.02,0.48,-0.02,0.0,0.0
2023-02-17 23:00:00+01:00,0.0,-0.42,0.48,-0.42,0.0,0.0
2023-02-18 00:00:00+01:00,0.0,-0.84,0.55,-0.84,0.0,0.0
2023-02-18 01:00:00+01:00,0.0,-1.31,0.55,-1.31,0.0,0.0
2023-02-18 02:00:00+01:00,0.0,-1.82,0.55,-1.82,0.0,0.0
2023-02-18 03:00:00+01:00,0.0,-2.0,0.55,-2.0,0.0,0.0
2023-02-18 04:00:00+01:00,0.0,-2.24,0.55,-2.24,0.0,0.0
2023-02-18 05:00:00+01:00,0.0,-2.21,0.55,-2.21,0.0,0.0
2023-02-18 06:00:00+01:00,0.0,-2.17,0.62,-2.17,0.0,0.0
2023-02-18 07:00:00+01:00,0.0,-2.61,0.55,-2.61,0.0,0.0
2023-02-18 08:00:00+01:00,35.27,-2.7,0.48,-1.4529699609662274,0.24275481136467436,0.24275481136467436
2023-02-18 09:00:00+01:00,598.01,-2.24,0.48,18.903647112066523,4.467990265307957,4.467990265307957
2023-02-18 10:00:00+01:00,859.9699999999999,-0.16,0.48,30.245682525315377,5.7,5.7
2023-02-18 11:00:00+01:00,994.64,2.51,0.62,36.52548521244289,5.7,5.7
2023-02-18 12:00:00+01:00,1046.86,4.47,0.76,39.13607502384232,5.7,5.7
2023-02-18 13:00:00+01:00,1013.11,5.22,0.9,37.73733213506227,5.7,5.7
2023-02-18 14:00:00+01:00,931.42,6.13,0.97,35.57289200500715,5.7,5.7
2023-02-18 15:00:00+01:00,696.85,6.2,0.9,28.56647836692772,5.0331910583507975,5.0331910583507975
2023-02-18 16:00:00+01:00,436.53000000000003,5.87,0.76,20.32540161068136,3.2424851523171414,3.2424851523171414
2023-02-18 17:00:00+01:00,15.66,5.1,0.69,5.626924992260999,0.08009897032343002,0.08009897032343002
2023-02-18 18:00:00+01:00,0.0,3.66,0.62,3.66,0.0,0.0
2023-02-18 19:00:00+01:00,0.0,2.12,0.55,2.12,0.0,0.0
2023-02-18 20:00:00+01:00,0.0,1.03,0.62,1.03,0.0,0.0
2023-02-18 21:00:00+01:00,0.0,0.17,0.62,0.17,0.0,0.0
2023-02-18 22:00:00+01:00,0.0,-0.43,0.62,-0.43,0.0,0.0
2023-02-18 23:00:00+01:00,0.0,-1.03,0.62,-1.03,0.0,0.0
2023-02-19 00:00:00+01:00,0.0,-1.48,0.69,-1.48,0.0,0.0
2023-02-19 01:00:00+01:00,0.0,-1.72,0.69,-1.72,0.0,0.0
2023-02-19 02:00:00+01:00,0.0,-1.48,0.76,-1.48,0.0,0.0
2023-02-19 03:00:00+01:00,0.0,-1.39,0.76,-1.39,0.0,0.0
2023-02-19 04:00:00+01:00,0.0,-1.39,0.69,-1.39,0.0,0.0
2023-02-19 05:00:00+01:00,0.0,-1.35,0.69,-1.35,0.0,0.0
2023-02-19 06:00:00+01:00,0.0,-1.26,0.76,-1.26,0.0,0.0
2023-02-19 07:00:00+01:00,0.0,-1.16,0.76,-1.16,0.0,0.0
2023-02-19 08:00:00+01:00,31.04,-0.23,0.83,0.781826372680688,0.2064928137671782,0.2064928137671782
2023-02-19 09:00:00+01:00,563.4799999999999,0.02,0.9,18.10576197201181,4.221433580381176,4.221433580381176
2023-02-19 10:00:00+01:00,808.29,1.33,0.97,26.880659400407147,5.7,5.7
2023-02-19 11:00:00+01:00,946.31,3.2,1.1,32.295744680851065,5.7,5.7
2023-02-19 12:00:00+01:00,1015.2099999999999,2.41,1.31,32.30393528933699,5.7,5.7
2023-02-19 13:00:00+01:00,1025.54,2.9,1.38,32.678275918139796,5.7,5.7
2023-02-19 14:00:00+01:00,971.0699999999999,3.41,1.38,31.606648005760874,5.7,5.7
2023-02-19 15:00:00+01:00,729.37,3.06,1.31,24.53707329713431,5.342263193760354,5.342263193760354
2023-02-19 16:00:00+01:00,469.51,4.03,1.17,18.256368671749062,3.513845182457955,3.513845182457955
2023-02-19 17:00:00+01:00,14.87,3.98,1.1,4.4372008363054976,0.07426836570725741,0.07426836570725741
2023-02-19 18:00:00+01:00,0.0,3.13,1.03,3.13,0.0,0.0
2023-02-19 19:00:00+01:00,0.0,2.21,0.97,2.21,0.0,0.0
2023-02-19 20:00:00+01:00,0.0,1.79,0.9,1.79,0.0,0.0
2023-02-19 21:00:00+01:00,0.0,1.31,0.76,1.31,0.0,0.0
2023-02-19 22:00:00+01:00,0.0,0.89,0.69,0.89,0.0,0.0
2023-02-19 23:00:00+01:00,0.0,0.42,0.76,0.42,0.0,0.0
2023-02-20 00:00:00+01:00,0.0,-0.16,0.62,-0.16,0.0,0.0
2023-02-20 01:00:00+01:00,0.0,-0.9,0.62,-0.9,0.0,0.0
2023-02-20 02:00:00+01:00,0.0,-1.93,0.62,-1.93,0.0,0.0
2023-02-20 03:00:00+01:00,0.0,-2.29,0.55,-2.29,0.0,0.0
2023-02-20 04:00:00+01:00,0.0,-3.05,0.55,-3.05,0.0,0.0
2023-02-20 05:00:00+01:00,0.0,-3.55,0.48,-3.55,0.0,0.0
2023-02-20 06:00:00+01:00,0.0,-3.84,0.48,-3.84,0.0,0.0
2023-02-20 07:00:00+01:00,6.19,-4.17,0.48,-3.951142162131583,0.006205625851719495,0.006205625851719495
2023-02-20 08:00:00+01:00,45.489999999999995,-3.86,0.41,-2.2239280113938804,0.3268864157537536,0.3268864157537536
2023-02-20 09:00:00+01:00,561.88,-3.34,0.41,16.868312353440462,4.227253889265,4.227253889265
2023-02-20 10:00:00+01:00,858.8699999999999,-0.68,0.34,30.750965834236023,5.7,5.7
2023-02-20 11:00:00+01:00,1011.5500000000001,3.1,0.41,39.480932514278315,5.7,5.7
2023-02-20 12:00:00+01:00,1068.1,5.41,0.48,43.174467952706905,5.7,5.7
2023-02-20 13:00:00+01:00,1039.42,6.82,0.48,43.5704384228093,5.7,5.7
2023-02-20 14:00:00+01:00,899.78,7.54,0.48,39.3532318832381,5.7,5.7
2023-02-20 15:00:00+01:00,708.83,7.72,0.41,33.213447080318225,5.035392331348256,5.035392331348256
2023-02-20 16:00:00+01:00,420.75,7.09,0.34,22.48764909096232,3.101067956572123,3.101067956572123
2023-02-20 17:00:00+01:00,17.380000000000003,6.23,0.28,6.875731779812151,0.09323186061024805,0.09323186061024805
2023-02-20 18:00:00+01:00,0.0,4.76,0.21,4.76,0.0,0.0
2023-02-20 19:00:00+01:00,0.0,3.28,0.21,3.28,0.0,0.0
2023-02-20 20:00:00+01:00,0.0,1.95,0.14,1.95,0.0,0.0
2023-02-20 21:00:00+01:00,0.0,1.18,0.21,1.18,0.0,0.0
2023-02-20 22:00:00+01:00,0.0,0.59,0.21,0.59,0.0,0.0
2023-02-20 23:00:00+01:00,0.0,0.2,0.28,0.2,0.0,0.0
2023-02-21 00:00:00+01:00,0.0,-0.02,0.34,-0.02,0.0,0.0
2023-02-21 01:00:00+01:00,0.0,-0.26,0.34,-0.26,0.0,0.0
2023-02-21 02:00:00+01:00,0.0,-0.23,0.41,-0.23,0.0,0.0
2023-02-21 03:00:00+01:00,0.0,-0.38,0.41,-0.38,0.0,0.0
2023-02-21 04:00:00+01:00,0.0,-0.49,0.48,-0.49,0.0,0.0
2023-02-21 05:00:00+01:00,0.0,-0.59,0.48,-0.59,0.0,0.0
2023-02-21 06:00:00+01:00,0.0,-1.01,0.48,-1.01,0.0,0.0
2023-02-21 07:00:00+01:00,6.23,-1.74,0.48,-1.5197278950048085,0.006138740322883332,0.006138740322883332
2023-02-21 08:00:00+01:00,36.78,-0.71,0.48,0.5904186230695254,0.25309138102603357,0.25309138102603357
2023-02-21 09:00:00+01:00,537.01,0.27,0.41,19.583849606537093,4.002497687104475,4.002497687104475
2023-02-21 10:00:00+01:00,733.79,2.06,0.41,28.451146724978777,5.301284203350312,5.301284203350312
2023-02-21 11:00:00+01:00,921.79,4.17,0.34,37.90356852182568,5.7,5.7
2023-02-21 12:00:00+01:00,915.54,6.0,0.34,39.50484527329683,5.7,5.7
2023-02-21 13:00:00+01:00,906.82,7.0,0.34,40.185730596949384,5.7,5.7
2023-02-21 14:00:00+01:00,844.5,7.52,0.34,38.42508534121849,5.7,5.7
2023-02-21 15:00:00+01:00,638.58,7.64,0.34,31.009294727288697,4.573127884922669,4.573127884922669
2023-02-21 16:00:00+01:00,404.99,6.94,0.28,21.986888003804545,2.9892614078221817,2.9892614078221817
2023-02-21 17:00:00+01:00,15.04,6.15,0.28,6.708792058019261,0.0747357633246132,0.0747357633246132
2023-02-21 18:00:00+01:00,0.0,4.87,0.21,4.87,0.0,0.0
2023-02-21 19:00:00+01:00,0.0,3.44,0.21,3.44,0.0,0.0
2023-02-21 20:00:00+01:00,0.0,2.32,0.0,2.32,0.0,0.0
2023-02-21 21:00:00+01:00,0.0,1.72,0.0,1.72,0.0,0.0
2023-02-21 22:00:00+01:00,0.0,1.4,0.0,1.4,0.0,0.0
2023-02-21 23:00:00+01:00,0.0,1.18,0.0,1.18,0.0,0.0
2023-02-22 00:00:00+01:00,0.0,1.05,0.07,1.05,0.0,0.0
2023-02-22 01:00:00+01:00,0.0,0.94,0.07,0.94,0.0,0.0
2023-02-22 02:00:00+01:00,0.0,0.85,0.14,0.85,0.0,0.0
2023-02-22 03:00:00+01:00,0.0,0.78,0.14,0.78,0.0,0.0
2023-02-22 04:00:00+01:00,0.0,0.74,0.14,0.74,0.0,0.0
2023-02-22 05:00:00+01:00,0.0,0.55,0.14,0.55,0.0,0.0
2023-02-22 06:00:00+01:00,0.0,0.29,0.14,0.29,0.0,0.0
2023-02-22 07:00:00+01:00,5.92,-0.14,0.14,0.0880642278176719,0.0033623132174519536,0.0033623132174519536
2023-02-22 08:00:00+01:00,30.869999999999997,-0.2,0.21,0.9677081599612656,0.20496828439793668,0.20496828439793668
2023-02-22 09:00:00+01:00,454.86,0.18,0.21,17.38582227534763,3.413851253967253,3.413851253967253
2023-02-22 10:00:00+01:00,604.77,1.62,0.28,24.089459636190703,4.438203414133922,4.438203414133922
2023-02-22 11:00:00+01:00,643.02,2.68,0.34,26.21177972304359,4.683801221754713,4.683801221754713
2023-02-22 12:00:00+01:00,484.06,3.12,0.34,20.83452410926018,3.5911465090727273,3.5911465090727273
2023-02-22 13:00:00+01:00,594.75,3.36,0.34,25.125304330005562,4.3488876621392745,4.3488876621392745
2023-02-22 14:00:00+01:00,264.41,3.38,0.34,13.056274262962205,2.0019128971492703,2.0019128971492703
2023-02-22 15:00:00+01:00,148.39000000000001,3.14,0.34,8.570438855871418,1.1234879853541047,1.1234879853541047
2023-02-22 16:00:00+01:00,134.88,2.53,0.28,7.541294733087623,1.020993425891495,1.020993425891495
2023-02-22 17:00:00+01:00,11.59,1.81,0.21,2.2484106761888913,0.048701267598708756,0.048701267598708756
2023-02-22 18:00:00+01:00,0.0,1.21,0.28,1.21,0.0,0.0
2023-02-22 19:00:00+01:00,0.0,0.66,0.21,0.66,0.0,0.0
2023-02-22 20:00:00+01:00,0.0,-0.51,0.14,-0.51,0.0,0.0
2023-02-22 21:00:00+01:00,0.0,-0.96,0.21,-0.96,0.0,0.0
2023-02-22 22:00:00+01:00,0.0,-1.3,0.14,-1.3,0.0,0.0
2023-02-22 23:00:00+01:00,0.0,-1.38,0.14,-1.38,0.0,0.0
2023-02-23 00:00:00+01:00,0.0,-1.45,0.14,-1.45,0.0,0.0
2023-02-23 01:00:00+01:00,0.0,-1.77,0.14,-1.77,0.0,0.0
2023-02-23 02:00:00+01:00,0.0,-2.8,0.14,-2.8,0.0,0.0
2023-02-23 03:00:00+01:00,0.0,-3.3,0.14,-3.3,0.0,0.0
2023-02-23 04:00:00+01:00,0.0,-3.44,0.14,-3.44,0.0,0.0
2023-02-23 05:00:00+01:00,0.0,-3.47,0.07,-3.47,0.0,0.0
2023-02-23 06:00:00+01:00,0.0,-3.95,0.07,-3.95,0.0,0.0
2023-02-23 07:00:00+01:00,8.469999999999999,-3.91,0.07,-3.5775667613859365,0.024858811139291503,0.024858811139291503
2023-02-23 08:00:00+01:00,60.870000000000005,-3.8,0.14,-1.4550220359355253,0.45115001524858916,0.45115001524858916
2023-02-23 09:00:00+01:00,439.65999999999997,-3.36,0.14,13.577621351742842,3.342225365434666,3.342225365434666
2023-02-23 10:00:00+01:00,643.08,-1.65,0.14,23.124247233950754,4.7350059659331905,4.7350059659331905
2023-02-23 11:00:00+01:00,797.14,0.35,0.48,28.5342224359337,5.7,5.7
2023-02-23 12:00:00+01:00,817.77,1.56,0.69,29.07618460544556,5.7,5.7
2023-02-23 13:00:00+01:00,719.49,2.14,0.76,25.965434460103847,5.24395589350845,5.24395589350845
2023-02-23 14:00:00+01:00,581.04,2.02,0.76,21.260754477058384,4.306113184827794,4.306113184827794
2023-02-23 15:00:00+01:00,503.53000000000003,2.14,0.69,19.082691018721654,3.7588036014356487,3.7588036014356487
2023-02-23 16:00:00+01:00,172.2,2.24,0.62,8.129031763836831,1.3123364190434526,1.3123364190434526
2023-02-23 17:00:00+01:00,21.23,1.68,0.48,2.4306222775357806,0.12623128810055495,0.12623128810055495
2023-02-23 18:00:00+01:00,0.0,0.95,0.34,0.95,0.0,0.0
2023-02-23 19:00:00+01:00,0.0,0.12,0.28,0.12,0.0,0.0
2023-02-23 20:00:00+01:00,0.0,-0.59,0.21,-0.59,0.0,0.0
2023-02-23 21:00:00+01:00,0.0,-0.99,0.21,-0.99,0.0,0.0
2023-02-23 22:00:00+01:00,0.0,-1.26,0.28,-1.26,0.0,0.0
2023-02-23 23:00:00+01:00,0.0,-1.34,0.34,-1.34,0.0,0.0
2023-02-24 00:00:00+01:00,0.0,-1.44,0.41,-1.44,0.0,0.0
2023-02-24 01:00:00+01:00,0.0,-1.62,0.41,-1.62,0.0,0.0
2023-02-24 02:00:00+01:00,0.0,-1.77,0.41,-1.77,0.0,0.0
2023-02-24 03:00:00+01:00,0.0,-1.97,0.34,-1.97,0.0,0.0
2023-02-24 04:00:00+01:00,0.0,-2.02,0.28,-2.02,0.0,0.0
2023-02-24 05:00:00+01:00,0.0,-1.86,0.34,-1.86,0.0,0.0
2023-02-24 06:00:00+01:00,0.0,-1.74,0.28,-1.74,0.0,0.0
2023-02-24 07:00:00+01:00,9.39,-1.64,0.41,-1.3022836673332279,0.031851564432974135,0.031851564432974135
2023-02-24 08:00:00+01:00,51.830000000000005,-3.05,0.28,-1.1243223160147422,0.3771361439952885,0.3771361439952885
2023-02-24 09:00:00+01:00,312.98,-2.06,0.41,9.196491778279697,2.407045636499924,2.407045636499924
2023-02-24 10:00:00+01:00,511.96999999999997,-0.86,0.69,16.366678690157336,3.8577000804132724,3.8577000804132724
2023-02-24 11:00:00+01:00,657.28,0.33,0.76,22.095391543922855,4.856667272683439,4.856667272683439
2023-02-24 12:00:00+01:00,757.5500000000001,0.62,0.83,25.314235458255645,5.5327704150343,5.5327704150343
2023-02-24 13:00:00+01:00,836.95,1.24,0.76,28.955044505669175,5.7,5.7
2023-02-24 14:00:00+01:00,811.58,1.44,0.62,29.195054581270007,5.7,5.7
2023-02-24 15:00:00+01:00,575.1,1.9,0.62,21.56772454925994,4.257541699949327,4.257541699949327
2023-02-24 16:00:00+01:00,395.13,1.95,0.48,15.920484245064207,2.9776686632982625,2.9776686632982625
2023-02-24 17:00:00+01:00,20.919999999999998,1.53,0.34,2.2955824574757733,0.12381048287018644,0.12381048287018644
2023-02-24 18:00:00+01:00,0.0,0.48,0.28,0.48,0.0,0.0
2023-02-24 19:00:00+01:00,0.0,-0.36,0.21,-0.36,0.0,0.0
2023-02-24 20:00:00+01:00,0.0,-0.57,0.0,-0.57,0.0,0.0
2023-02-24 21:00:00+01:00,0.0,-1.52,0.0,-1.52,0.0,0.0
2023-02-24 22:00:00+01:00,0.0,-2.03,0.14,-2.03,0.0,0.0
2023-02-24 23:00:00+01:00,0.0,-2.39,0.21,-2.39,0.0,0.0
2023-02-25 00:00:00+01:00,0.0,-2.57,0.34,-2.57,0.0,0.0
2023-02-25 01:00:00+01:00,0.0,-2.76,0.55,-2.76,0.0,0.0
2023-02-25 02:00:00+01:00,0.0,-3.86,0.69,-3.86,0.0,0.0
2023-02-25 03:00:00+01:00,0.0,-3.63,0.69,-3.63,0.0,0.0
2023-02-25 04:00:00+01:00,0.0,-3.44,0.76,-3.44,0.0,0.0
2023-02-25 05:00:00+01:00,0.0,-3.42,0.76,-3.42,0.0,0.0
2023-02-25 06:00:00+01:00,0.0,-3.39,0.83,-3.39,0.0,0.0
2023-02-25 07:00:00+01:00,7.54,-3.13,0.83,-2.884214856636199,0.017089303461001935,0.017089303461001935
2023-02-25 08:00:00+01:00,51.17,-2.55,0.83,-0.8819859700363786,0.3714465212834974,0.3714465212834974
2023-02-25 09:00:00+01:00,291.52,-2.3,1.17,6.533189911159053,2.2598694512707755,2.2598694512707755
2023-02-25 10:00:00+01:00,692.5000000000001,-0.91,1.17,20.073068103312448,5.15198877066756,5.15198877066756
2023-02-25 11:00:00+01:00,920.17,0.0,1.03,28.714752911512488,5.7,5.7
2023-02-25 12:00:00+01:00,917.77,0.25,1.03,28.88985869958683,5.7,5.7
2023-02-25 13:00:00+01:00,918.5100000000001,1.13,1.03,29.792951081597245,5.7,5.7
2023-02-25 14:00:00+01:00,742.92,0.9,1.1,23.742208830402163,5.456148921610893,5.456148921610893
2023-02-25 15:00:00+01:00,570.4499999999999,0.48,1.17,17.76489703903911,4.2786736271753725,4.2786736271753725
2023-02-25 16:00:00+01:00,360.02,0.23,1.1,11.299364161849711,2.7536878659036232,2.7536878659036232
2023-02-25 17:00:00+01:00,18.959999999999997,-0.51,0.9,0.09855051996405184,0.10911836805906894,0.10911836805906894
2023-02-25 18:00:00+01:00,0.0,-0.65,0.76,-0.65,0.0,0.0
2023-02-25 19:00:00+01:00,0.0,-1.57,0.69,-1.57,0.0,0.0
2023-02-25 20:00:00+01:00,0.0,-2.16,0.83,-2.16,0.0,0.0
2023-02-25 21:00:00+01:00,0.0,-2.85,0.83,-2.85,0.0,0.0
2023-02-25 22:00:00+01:00,0.0,-3.66,0.97,-3.66,0.0,0.0
2023-02-25 23:00:00+01:00,0.0,-4.73,1.03,-4.73,0.0,0.0
2023-02-26 00:00:00+01:00,0.0,-5.65,1.1,-5.65,0.0,0.0
2023-02-26 01:00:00+01:00,0.0,-5.89,1.03,-5.89,0.0,0.0
2023-02-26 02:00:00+01:00,0.0,-6.26,1.03,-6.26,0.0,0.0
2023-02-26 03:00:00+01:00,0.0,-7.3,1.03,-7.3,0.0,0.0
2023-02-26 04:00:00+01:00,0.0,-7.77,1.17,-7.77,0.0,0.0
2023-02-26 05:00:00+01:00,0.0,-8.45,1.03,-8.45,0.0,0.0
2023-02-26 06:00:00+01:00,0.0,-8.8,0.97,-8.8,0.0,0.0
2023-02-26 07:00:00+01:00,12.360000000000001,-9.12,0.83,-8.717094910878437,0.058441869200360895,0.058441869200360895
2023-02-26 08:00:00+01:00,200.89,-9.71,0.97,-3.359714870964888,1.5974912192602273,1.5974912192602273
2023-02-26 09:00:00+01:00,282.29,-9.04,1.1,-0.3605632763497706,2.2375925210514342,2.2375925210514342
2023-02-26 10:00:00+01:00,391.4,-9.04,1.31,2.485188160327912,3.084827585247943,3.084827585247943
2023-02-26 11:00:00+01:00,491.43,-8.99,1.38,5.279495226369951,3.842366788251349,3.842366788251349
2023-02-26 12:00:00+01:00,423.9,-8.76,1.38,3.5486482845129963,3.331120523996688,3.331120523996688
2023-02-26 13:00:00+01:00,321.26,-8.65,1.38,0.6783235382935722,2.542219169458689,2.542219169458689
2023-02-26 14:00:00+01:00,344.6,-8.53,1.31,1.6171125192871703,2.720651809562191,2.720651809562191
2023-02-26 15:00:00+01:00,259.46999999999997,-8.3,1.31,-0.6596306286145053,2.0559662316540828,2.0559662316540828
2023-02-26 16:00:00+01:00,93.35000000000001,-8.18,1.24,-5.391901462295708,0.7248404332408885,0.7248404332408885
2023-02-26 17:00:00+01:00,19.85,-8.33,1.03,-7.710562455531562,0.1203809578362928,0.1203809578362928
2023-02-26 18:00:00+01:00,0.0,-8.51,0.83,-8.51,0.0,0.0
2023-02-26 19:00:00+01:00,0.0,-8.89,0.83,-8.89,0.0,0.0
2023-02-26 20:00:00+01:00,0.0,-9.08,0.97,-9.08,0.0,0.0
2023-02-26 21:00:00+01:00,0.0,-9.17,0.97,-9.17,0.0,0.0
2023-02-26 22:00:00+01:00,0.0,-9.38,0.97,-9.38,0.0,0.0
2023-02-26 23:00:00+01:00,0.0,-9.15,0.83,-9.15,0.0,0.0
2023-02-27 00:00:00+01:00,0.0,-9.05,0.76,-9.05,0.0,0.0
2023-02-27 01:00:00+01:00,0.0,-9.11,0.76,-9.11,0.0,0.0
2023-02-27 02:00:00+01:00,0.0,-8.18,0.83,-8.18,0.0,0.0
2023-02-27 03:00:00+01:00,0.0,-8.14,0.83,-8.14,0.0,0.0
2023-02-27 04:00:00+01:00,0.0,-8.1,0.76,-8.1,0.0,0.0
2023-02-27 05:00:00+01:00,0.0,-7.95,0.76,-7.95,0.0,0.0
2023-02-27 06:00:00+01:00,0.0,-7.85,0.76,-7.85,0.0,0.0
2023-02-27 07:00:00+01:00,13.93,-7.69,0.76,-7.228717283034863,0.07099452905284284,0.07099452905284284
2023-02-27 08:00:00+01:00,155.83,-7.47,0.69,-2.226658905234255,1.2256061853515157,1.2256061853515157
2023-02-27 09:00:00+01:00,360.23,-7.08,0.83,4.662597107949878,2.8169776654281367,2.8169776654281367
2023-02-27 10:00:00+01:00,684.92,-6.47,1.03,14.903559846716512,5.186118700921131,5.186118700921131
2023-02-27 11:00:00+01:00,850.67,-5.18,1.1,20.97514696839257,5.7,5.7
2023-02-27 12:00:00+01:00,851.01,-4.44,1.17,21.34599391566776,5.7,5.7
2023-02-27 13:00:00+01:00,857.0100000000001,-3.93,1.03,22.813786901002338,5.7,5.7
2023-02-27 14:00:00+01:00,547.1899999999999,-3.52,1.03,13.555568259832985,4.163080295816926,4.163080295816926
2023-02-27 15:00:00+01:00,580.08,-3.37,0.97,14.966768369011344,4.392504052807799,4.392504052807799
2023-02-27 16:00:00+01:00,275.09,-3.58,0.97,5.115803355798045,2.1407014221109613,2.1407014221109613
2023-02-27 17:00:00+01:00,28.87,-4.35,0.83,-3.4089102004094243,0.1921003539408002,0.1921003539408002
2023-02-27 18:00:00+01:00,0.0,-4.64,0.69,-4.64,0.0,0.0
2023-02-27 19:00:00+01:00,0.0,-5.26,0.69,-5.26,0.0,0.0
2023-02-27 20:00:00+01:00,0.0,-5.85,0.76,-5.85,0.0,0.0
2023-02-27 21:00:00+01:00,0.0,-6.06,0.69,-6.06,0.0,0.0
2023-02-27 22:00:00+01:00,0.0,-6.42,0.83,-6.42,0.0,0.0
2023-02-27 23:00:00+01:00,0.0,-6.65,0.9,-6.65,0.0,0.0
2023-02-28 00:00:00+01:00,0.0,-6.8,0.83,-6.8,0.0,0.0
2023-02-28 01:00:00+01:00,0.0,-6.98,0.76,-6.98,0.0,0.0
2023-02-28 02:00:00+01:00,0.0,-7.39,0.69,-7.39,0.0,0.0
2023-02-28 03:00:00+01:00,0.0,-7.57,0.62,-7.57,0.0,0.0
2023-02-28 04:00:00+01:00,0.0,-7.78,0.55,-7.78,0.0,0.0
2023-02-28 05:00:00+01:00,0.0,-8.52,0.41,-8.52,0.0,0.0
2023-02-28 06:00:00+01:00,0.0,-8.84,0.34,-8.84,0.0,0.0
2023-02-28 07:00:00+01:00,13.32,-9.19,0.41,-8.710939131935952,0.06644632225238448,0.06644632225238448
2023-02-28 08:00:00+01:00,204.89000000000001,-8.29,0.62,-1.2830097671746312,1.619034700431717,1.619034700431717
2023-02-28 09:00:00+01:00,514.24,-7.95,0.9,8.555328026704327,3.977928475883219,3.977928475883219
2023-02-28 10:00:00+01:00,774.08,-7.11,0.9,17.73529464629606,5.7,5.7
2023-02-28 11:00:00+01:00,974.83,-5.78,1.03,24.64046858811928,5.7,5.7
2023-02-28 12:00:00+01:00,1020.3499999999999,-4.63,1.1,26.742217439429343,5.7,5.7
2023-02-28 13:00:00+01:00,972.52,-3.93,1.03,26.41838290914084,5.7,5.7
2023-02-28 14:00:00+01:00,873.4399999999999,-3.4,0.97,24.210100269323657,5.7,5.7
2023-02-28 15:00:00+01:00,510.83,-3.07,0.97,13.077723393225181,3.892210411562033,3.892210411562033
2023-02-28 16:00:00+01:00,361.34999999999997,-3.27,0.9,8.328087045833868,2.7916564104049844,2.7916564104049844
2023-02-28 17:00:00+01:00,27.94,-3.34,0.55,-2.3685793755649813,0.18371857646997775,0.18371857646997775
2023-02-28 18:00:00+01:00,0.0,-3.99,0.28,-3.99,0.0,0.0
2023-02-28 19:00:00+01:00,0.0,-5.07,0.21,-5.07,0.0,0.0
2023-02-28 20:00:00+01:00,0.0,-6.03,0.14,-6.03,0.0,0.0
2023-02-28 21:00:00+01:00,0.0,-6.73,0.14,-6.73,0.0,0.0
2023-02-28 22:00:00+01:00,0.0,-7.38,0.14,-7.38,0.0,0.0
2023-02-28 23:00:00+01:00,0.0,-8.27,0.07,-8.27,0.0,0.0
2023-03-01 00:00:00+01:00,0.0,-9.38,0.14,-9.38,0.0,0.0
2023-03-01 01:00:00+01:00,0.0,-10.34,0.14,-10.34,0.0,0.0
2023-03-01 02:00:00+01:00,0.0,-10.21,0.07,-10.21,0.0,0.0
2023-03-01 03:00:00+01:00,0.0,-9.43,0.0,-9.43,0.0,0.0
2023-03-01 04:00:00+01:00,0.0,-9.68,0.0,-9.68,0.0,0.0
2023-03-01 05:00:00+01:00,0.0,-9.62,0.07,-9.62,0.0,0.0
2023-03-01 06:00:00+01:00,0.0,-9.73,0.07,-9.73,0.0,0.0
2023-03-01 07:00:00+01:00,14.07,-10.01,0.14,-9.467962215304958,0.07297924465514637,0.07297924465514637
2023-03-01 08:00:00+01:00,282.96,-10.06,0.14,0.8408536998798031,2.234191322389555,2.234191322389555
2023-03-01 09:00:00+01:00,551.98,-8.03,0.21,12.84954486995204,4.209551027464044,4.209551027464044
2023-03-01 10:00:00+01:00,708.46,-4.39,0.28,21.931929615979076,5.236732333199001,5.236732333199001
2023-03-01 11:00:00+01:00,810.61,-1.03,0.69,26.2452661543224,5.7,5.7
2023-03-01 12:00:00+01:00,858.27,0.2,0.69,29.078921654396424,5.7,5.7
2023-03-01 13:00:00+01:00,845.95,1.21,0.62,30.14046701868622,5.7,5.7
2023-03-01 14:00:00+01:00,659.17,1.91,0.69,24.089639026097256,4.837015547453835,4.837015547453835
2023-03-01 15:00:00+01:00,390.57000000000005,1.87,0.69,15.011832326141672,2.952169374611802,2.952169374611802
2023-03-01 16:00:00+01:00,157.96,1.37,0.41,7.051115219173944,1.204852170382394,1.204852170382394
2023-03-01 17:00:00+01:00,31.380000000000003,0.53,0.07,1.7616121638381714,0.20844015714261824,0.20844015714261824
2023-03-01 18:00:00+01:00,0.0,-0.48,0.0,-0.48,0.0,0.0
2023-03-01 19:00:00+01:00,0.0,-1.5,0.0,-1.5,0.0,0.0
2023-03-01 20:00:00+01:00,0.0,-1.94,0.28,-1.94,0.0,0.0
2023-03-01 21:00:00+01:00,0.0,-2.61,0.62,-2.61,0.0,0.0
2023-03-01 22:00:00+01:00,0.0,-3.15,0.48,-3.15,0.0,0.0
2023-03-01 23:00:00+01:00,0.0,-3.41,0.48,-3.41,0.0,0.0
2023-03-02 00:00:00+01:00,0.0,-3.5,0.55,-3.5,0.0,0.0
2023-03-02 01:00:00+01:00,0.0,-3.53,0.55,-3.53,0.0,0.0
2023-03-02 02:00:00+01:00,0.0,-4.05,0.48,-4.05,0.0,0.0
2023-03-02 03:00:00+01:00,0.0,-4.12,0.48,-4.12,0.0,0.0
2023-03-02 04:00:00+01:00,0.0,-4.38,0.41,-4.38,0.0,0.0
2023-03-02 05:00:00+01:00,0.0,-4.44,0.41,-4.44,0.0,0.0
2023-03-02 06:00:00+01:00,0.0,-4.63,0.34,-4.63,0.0,0.0
2023-03-02 07:00:00+01:00,16.17,-4.98,0.34,-4.388247211406155,0.08838898962736895,0.08838898962736895
2023-03-02 08:00:00+01:00,247.42000000000002,-6.77,0.28,2.4225751991439797,1.9391004931821334,1.9391004931821334
2023-03-02 09:00:00+01:00,445.65,-5.12,0.28,11.437558554274165,3.412546905279219,3.412546905279219
2023-03-02 10:00:00+01:00,793.22,-2.85,0.41,25.678578210642918,5.7,5.7
2023-03-02 11:00:00+01:00,1028.8400000000001,-2.05,0.62,33.13508385543488,5.7,5.7
2023-03-02 12:00:00+01:00,1103.3600000000001,-1.18,0.83,34.78677662889704,5.7,5.7
2023-03-02 13:00:00+01:00,1038.8,-0.34,0.83,33.52228208571838,5.7,5.7
2023-03-02 14:00:00+01:00,909.13,-0.26,0.76,29.84523736356893,5.7,5.7
2023-03-02 15:00:00+01:00,719.1,-0.19,0.62,24.402350414489344,5.269791182986422,5.269791182986422
2023-03-02 16:00:00+01:00,394.01,0.22,0.41,14.390778725669318,2.9846926710154364,2.9846926710154364
2023-03-02 17:00:00+01:00,26.4,-0.21,0.14,0.807043178105834,0.16894842156370837,0.16894842156370837
2023-03-02 18:00:00+01:00,0.0,-1.18,0.21,-1.18,0.0,0.0
2023-03-02 19:00:00+01:00,0.0,-2.46,0.34,-2.46,0.0,0.0
2023-03-02 20:00:00+01:00,0.0,-3.71,0.28,-3.71,0.0,0.0
2023-03-02 21:00:00+01:00,0.0,-4.79,0.28,-4.79,0.0,0.0
2023-03-02 22:00:00+01:00,0.0,-5.73,0.21,-5.73,0.0,0.0
2023-03-02 23:00:00+01:00,0.0,-6.54,0.21,-6.54,0.0,0.0
2023-03-03 00:00:00+01:00,0.0,-7.23,0.21,-7.23,0.0,0.0
2023-03-03 01:00:00+01:00,0.0,-7.79,0.21,-7.79,0.0,0.0
2023-03-03 02:00:00+01:00,0.0,-9.07,0.21,-9.07,0.0,0.0
2023-03-03 03:00:00+01:00,0.0,-8.91,0.28,-8.91,0.0,0.0
2023-03-03 04:00:00+01:00,0.0,-9.11,0.28,-9.11,0.0,0.0
2023-03-03 05:00:00+01:00,0.0,-9.28,0.28,-9.28,0.0,0.0
2023-03-03 06:00:00+01:00,0.0,-9.57,0.34,-9.57,0.0,0.0
2023-03-03 07:00:00+01:00,15.76,-10.02,0.34,-9.443251456509646,0.08709605506749724,0.08709605506749724
2023-03-03 08:00:00+01:00,380.67,-9.4,0.48,4.0592266787350795,2.9841761247735086,2.9841761247735086
2023-03-03 09:00:00+01:00,694.29,-6.76,0.48,17.787788086213723,5.20574386294534,5.20574386294534
2023-03-03 10:00:00+01:00,899.4000000000001,-3.5,0.55,27.770426256866703,5.7,5.7
2023-03-03 11:00:00+01:00,1049.54,-1.36,0.55,35.130508309575134,5.7,5.7
2023-03-03 12:00:00+01:00,1113.1200000000001,-0.22,0.48,39.136225603892065,5.7,5.7
2023-03-03 13:00:00+01:00,1067.71,0.41,0.34,39.4836159498785,5.7,5.7
2023-03-03 14:00:00+01:00,956.24,0.81,0.28,36.337880156937345,5.7,5.7
2023-03-03 15:00:00+01:00,768.89,1.09,0.34,29.228082969815848,5.538555537081003,5.538555537081003
2023-03-03 16:00:00+01:00,493.26,1.15,0.34,19.20120473109465,3.6803735157492636,3.6803735157492636
2023-03-03 17:00:00+01:00,25.669999999999998,0.56,0.34,1.4994121263577012,0.16258045835490617,0.16258045835490617
2023-03-03 18:00:00+01:00,0.0,-0.6,0.41,-0.6,0.0,0.0
2023-03-03 19:00:00+01:00,0.0,-2.17,0.48,-2.17,0.0,0.0
2023-03-03 20:00:00+01:00,0.0,-3.77,0.48,-3.77,0.0,0.0
2023-03-03 21:00:00+01:00,0.0,-4.59,0.48,-4.59,0.0,0.0
2023-03-03 22:00:00+01:00,0.0,-5.38,0.34,-5.38,0.0,0.0
2023-03-03 23:00:00+01:00,0.0,-6.18,0.28,-6.18,0.0,0.0
2023-03-04 00:00:00+01:00,0.0,-6.97,0.21,-6.97,0.0,0.0
2023-03-04 01:00:00+01:00,0.0,-7.89,0.21,-7.89,0.0,0.0
2023-03-04 02:00:00+01:00,0.0,-8.92,0.21,-8.92,0.0,0.0
2023-03-04 03:00:00+01:00,0.0,-9.37,0.21,-9.37,0.0,0.0
2023-03-04 04:00:00+01:00,0.0,-9.65,0.28,-9.65,0.0,0.0
2023-03-04 05:00:00+01:00,0.0,-10.03,0.34,-10.03,0.0,0.0
2023-03-04 06:00:00+01:00,0.0,-10.34,0.34,-10.34,0.0,0.0
2023-03-04 07:00:00+01:00,13.38,-10.39,0.41,-9.908781200097827,0.06736516734494852,0.06736516734494852
2023-03-04 08:00:00+01:00,363.03,-8.75,0.48,4.085534875827346,2.8444799338851268,2.8444799338851268
2023-03-04 09:00:00+01:00,606.87,-6.4,0.41,15.426401576728862,4.588154670689638,4.588154670689638
2023-03-04 10:00:00+01:00,850.4300000000001,-3.44,0.62,25.643677601160025,5.7,5.7
2023-03-04 11:00:00+01:00,1001.6600000000001,-1.67,0.76,31.499306983151428,5.7,5.7
2023-03-04 12:00:00+01:00,1098.33,-1.01,0.83,34.792811208324096,5.7,5.7
2023-03-04 13:00:00+01:00,1111.8899999999999,-0.02,0.9,35.667828989600714,5.7,5.7
2023-03-04 14:00:00+01:00,953.25,0.67,0.97,30.8029548471936,5.7,5.7
2023-03-04 15:00:00+01:00,706.9499999999999,-0.29,0.97,22.057225207682677,5.223349909594329,5.223349909594329
2023-03-04 16:00:00+01:00,484.19,-0.11,0.97,15.19561280615019,3.662272884204491,3.662272884204491
2023-03-04 17:00:00+01:00,26.119999999999997,-0.2,0.83,0.6514466770109397,0.16678991040669977,0.16678991040669977
2023-03-04 18:00:00+01:00,0.0,-0.96,0.76,-0.96,0.0,0.0
2023-03-04 19:00:00+01:00,0.0,-2.28,0.76,-2.28,0.0,0.0
2023-03-04 20:00:00+01:00,0.0,-3.38,0.69,-3.38,0.0,0.0
2023-03-04 21:00:00+01:00,0.0,-4.12,0.69,-4.12,0.0,0.0
2023-03-04 22:00:00+01:00,0.0,-5.79,0.62,-5.79,0.0,0.0
2023-03-04 23:00:00+01:00,0.0,-7.1,0.55,-7.1,0.0,0.0
2023-03-05 00:00:00+01:00,0.0,-8.8,0.48,-8.8,0.0,0.0
2023-03-05 01:00:00+01:00,0.0,-9.43,0.48,-9.43,0.0,0.0
2023-03-05 02:00:00+01:00,0.0,-8.68,0.48,-8.68,0.0,0.0
2023-03-05 03:00:00+01:00,0.0,-9.21,0.55,-9.21,0.0,0.0
2023-03-05 04:00:00+01:00,0.0,-9.56,0.48,-9.56,0.0,0.0
2023-03-05 05:00:00+01:00,0.0,-9.89,0.48,-9.89,0.0,0.0
2023-03-05 06:00:00+01:00,0.0,-9.92,0.48,-9.92,0.0,0.0
2023-03-05 07:00:00+01:00,15.07,-10.36,0.48,-9.827174859987554,0.08147983696647246,0.08147983696647246
2023-03-05 08:00:00+01:00,363.32,-9.54,0.55,3.091944927334678,2.8560817096474715,2.8560817096474715
2023-03-05 09:00:00+01:00,647.2900000000001,-7.25,0.48,15.636024212253211,4.8898254030850525,4.8898254030850525
2023-03-05 10:00:00+01:00,884.45,-3.63,0.55,27.1206432097907,5.7,5.7
2023-03-05 11:00:00+01:00,1022.9,-1.28,0.76,32.592655504927414,5.7,5.7
2023-03-05 12:00:00+01:00,1071.81,-0.31,0.76,35.18227773656882,5.7,5.7
2023-03-05 13:00:00+01:00,1111.22,0.52,0.83,36.74299297197919,5.7,5.7
2023-03-05 14:00:00+01:00,990.6899999999999,1.15,0.9,32.94772756451406,5.7,5.7
2023-03-05 15:00:00+01:00,730.6999999999999,0.53,0.9,23.982946462960584,5.362288721205573,5.362288721205573
2023-03-05 16:00:00+01:00,514.83,0.68,0.76,17.728254212143693,3.8613156410245955,3.8613156410245955
2023-03-05 17:00:00+01:00,27.53,0.23,0.62,1.1714927088178162,0.17782554297413936,0.17782554297413936
2023-03-05 18:00:00+01:00,0.0,-1.05,0.48,-1.05,0.0,0.0
2023-03-05 19:00:00+01:00,0.0,-2.68,0.41,-2.68,0.0,0.0
2023-03-05 20:00:00+01:00,0.0,-4.51,0.41,-4.51,0.0,0.0
2023-03-05 21:00:00+01:00,0.0,-5.76,0.41,-5.76,0.0,0.0
2023-03-05 22:00:00+01:00,0.0,-6.76,0.34,-6.76,0.0,0.0
2023-03-05 23:00:00+01:00,0.0,-7.57,0.34,-7.57,0.0,0.0
2023-03-06 00:00:00+01:00,0.0,-8.24,0.34,-8.24,0.0,0.0
2023-03-06 01:00:00+01:00,0.0,-8.79,0.41,-8.79,0.0,0.0
2023-03-06 02:00:00+01:00,0.0,-8.69,0.41,-8.69,0.0,0.0
2023-03-06 03:00:00+01:00,0.0,-8.57,0.41,-8.57,0.0,0.0
2023-03-06 04:00:00+01:00,0.0,-8.4,0.34,-8.4,0.0,0.0
2023-03-06 05:00:00+01:00,0.0,-8.47,0.34,-8.47,0.0,0.0
2023-03-06 06:00:00+01:00,0.0,-8.5,0.41,-8.5,0.0,0.0
2023-03-06 07:00:00+01:00,20.65,-8.54,0.41,-7.797311792378184,0.1270770576780854,0.1270770576780854
2023-03-06 08:00:00+01:00,274.21999999999997,-8.5,0.41,1.3624678108500792,2.1604483210976486,2.1604483210976486
2023-03-06 09:00:00+01:00,604.28,-6.54,0.41,15.193250852383073,4.572192434117908,4.572192434117908
2023-03-06 10:00:00+01:00,888.64,-3.52,0.62,26.870413394982354,5.7,5.7
2023-03-06 11:00:00+01:00,998.8199999999999,-2.08,0.69,31.52812393168145,5.7,5.7
2023-03-06 12:00:00+01:00,1060.29,-1.33,0.83,33.23280234180434,5.7,5.7
2023-03-06 13:00:00+01:00,913.7900000000001,-0.5,0.9,28.82950314546155,5.7,5.7
2023-03-06 14:00:00+01:00,843.99,-0.66,0.9,26.429164205931443,5.7,5.7
2023-03-06 15:00:00+01:00,679.25,-0.42,1.03,20.77662227104215,5.041500191008153,5.041500191008153
2023-03-06 16:00:00+01:00,410.99,-0.95,0.9,12.241359609705997,3.1370747131375794,3.1370747131375794
2023-03-06 17:00:00+01:00,29.73,-1.07,0.69,-0.06965006258496076,0.19655908771598588,0.19655908771598588
2023-03-06 18:00:00+01:00,0.0,-1.88,0.69,-1.88,0.0,0.0
2023-03-06 19:00:00+01:00,0.0,-3.22,0.69,-3.22,0.0,0.0
2023-03-06 20:00:00+01:00,0.0,-4.6,0.69,-4.6,0.0,0.0
2023-03-06 21:00:00+01:00,0.0,-5.23,0.76,-5.23,0.0,0.0
2023-03-06 22:00:00+01:00,0.0,-5.57,0.69,-5.57,0.0,0.0
2023-03-06 23:00:00+01:00,0.0,-6.54,0.55,-6.54,0.0,0.0
2023-03-07 00:00:00+01:00,0.0,-7.98,0.48,-7.98,0.0,0.0
2023-03-07 01:00:00+01:00,0.0,-8.84,0.48,-8.84,0.0,0.0
2023-03-07 02:00:00+01:00,0.0,-9.39,0.48,-9.39,0.0,0.0
2023-03-07 03:00:00+01:00,0.0,-10.52,0.48,-10.52,0.0,0.0
2023-03-07 04:00:00+01:00,0.0,-11.53,0.41,-11.53,0.0,0.0
2023-03-07 05:00:00+01:00,0.0,-11.86,0.41,-11.86,0.0,0.0
2023-03-07 06:00:00+01:00,0.0,-12.2,0.34,-12.2,0.0,0.0
2023-03-07 07:00:00+01:00,15.690000000000001,-12.03,0.28,-11.447058019260492,0.08733176433789361,0.08733176433789361
2023-03-07 08:00:00+01:00,315.45,-10.62,0.28,1.1001432647723224,2.4922631164831532,2.4922631164831532
2023-03-07 09:00:00+01:00,570.94,-8.87,0.21,12.726737831172175,4.356032217766896,4.356032217766896
2023-03-07 10:00:00+01:00,827.3500000000001,-5.55,0.21,25.745864792483097,5.7,5.7
2023-03-07 11:00:00+01:00,957.9,-2.81,0.41,31.641381795687014,5.7,5.7
2023-03-07 12:00:00+01:00,973.51,-1.74,0.55,32.107089910298306,5.7,5.7
2023-03-07 13:00:00+01:00,759.1199999999999,-0.62,0.48,26.219961531934146,5.526670335433161,5.526670335433161
2023-03-07 14:00:00+01:00,796.8100000000001,-0.32,0.34,28.83983546564394,5.7,5.7
2023-03-07 15:00:00+01:00,309.29,-0.02,0.21,11.679399313068346,2.3584504223997707,2.3584504223997707
2023-03-07 16:00:00+01:00,132.67,-0.3,0.07,4.907074116520401,1.0126598133602926,1.0126598133602926
2023-03-07 17:00:00+01:00,32.83,-1.03,0.28,0.18975686600879804,0.22147532293443445,0.22147532293443445
2023-03-07 18:00:00+01:00,0.0,-1.94,0.48,-1.94,0.0,0.0
2023-03-07 19:00:00+01:00,0.0,-2.73,0.48,-2.73,0.0,0.0
2023-03-07 20:00:00+01:00,0.0,-3.98,0.55,-3.98,0.0,0.0
2023-03-07 21:00:00+01:00,0.0,-4.57,0.55,-4.57,0.0,0.0
2023-03-07 22:00:00+01:00,0.0,-4.72,0.62,-4.72,0.0,0.0
2023-03-07 23:00:00+01:00,0.0,-4.99,0.62,-4.99,0.0,0.0
2023-03-08 00:00:00+01:00,0.0,-5.25,0.62,-5.25,0.0,0.0
2023-03-08 01:00:00+01:00,0.0,-5.37,0.48,-5.37,0.0,0.0
2023-03-08 02:00:00+01:00,0.0,-5.9,0.48,-5.9,0.0,0.0
2023-03-08 03:00:00+01:00,0.0,-6.56,0.41,-6.56,0.0,0.0
2023-03-08 04:00:00+01:00,0.0,-8.06,0.34,-8.06,0.0,0.0
2023-03-08 05:00:00+01:00,0.0,-8.9,0.41,-8.9,0.0,0.0
2023-03-08 06:00:00+01:00,0.0,-8.7,0.34,-8.7,0.0,0.0
2023-03-08 07:00:00+01:00,22.61,-7.83,0.28,-6.989954226608013,0.14289511105203603,0.14289511105203603
2023-03-08 08:00:00+01:00,101.84,-6.47,0.21,-2.617735697750071,0.787343177462041,0.787343177462041
2023-03-08 09:00:00+01:00,281.62,-4.62,0.28,5.843232671501606,2.187020635306483,2.187020635306483
2023-03-08 10:00:00+01:00,423.46999999999997,-2.73,0.34,12.767189448722075,3.227251067366957,3.227251067366957
2023-03-08 11:00:00+01:00,704.36,-1.49,0.41,23.84268115837781,5.1721932620626205,5.1721932620626205
2023-03-08 12:00:00+01:00,657.8399999999999,-0.23,0.55,22.641844795215906,4.851611730757751,4.851611730757751
2023-03-08 13:00:00+01:00,528.92,0.58,0.69,18.377009381014545,3.958450627398666,3.958450627398666
2023-03-08 14:00:00+01:00,511.34,1.24,0.69,18.445480558284768,3.825652183402429,3.825652183402429
2023-03-08 15:00:00+01:00,185.11,1.74,0.48,8.284874695932567,1.4129949192464297,1.4129949192464297
2023-03-08 16:00:00+01:00,142.56,1.13,0.48,6.170448039825762,1.0865999769323498,1.0865999769323498
2023-03-08 17:00:00+01:00,33.519999999999996,0.14,0.28,1.385392937819522,0.22601995523863175,0.22601995523863175
2023-03-08 18:00:00+01:00,0.0,-0.74,0.28,-0.74,0.0,0.0
2023-03-08 19:00:00+01:00,0.0,-1.37,0.21,-1.37,0.0,0.0
2023-03-08 20:00:00+01:00,0.0,-1.99,0.14,-1.99,0.0,0.0
2023-03-08 21:00:00+01:00,0.0,-2.09,0.28,-2.09,0.0,0.0
2023-03-08 22:00:00+01:00,0.0,-2.31,0.21,-2.31,0.0,0.0
2023-03-08 23:00:00+01:00,0.0,-2.83,0.07,-2.83,0.0,0.0
2023-03-09 00:00:00+01:00,0.0,-2.99,0.21,-2.99,0.0,0.0
2023-03-09 01:00:00+01:00,0.0,-3.06,0.48,-3.06,0.0,0.0
2023-03-09 02:00:00+01:00,0.0,-2.24,0.55,-2.24,0.0,0.0
2023-03-09 03:00:00+01:00,0.0,-2.15,0.69,-2.15,0.0,0.0
2023-03-09 04:00:00+01:00,0.0,-2.19,0.69,-2.19,0.0,0.0
2023-03-09 05:00:00+01:00,0.0,-2.22,0.83,-2.22,0.0,0.0
2023-03-09 06:00:00+01:00,0.0,-2.32,0.9,-2.32,0.0,0.0
2023-03-09 07:00:00+01:00,23.37,-2.39,0.9,-1.6399037103607652,0.14593380214648796,0.14593380214648796
2023-03-09 08:00:00+01:00,328.85999999999996,-3.13,0.83,7.590013560559632,2.544370047185482,2.544370047185482
2023-03-09 09:00:00+01:00,653.2,-1.16,0.83,20.132686425097468,4.859336753738552,4.859336753738552
2023-03-09 10:00:00+01:00,896.7700000000001,0.88,1.17,28.052542935750907,5.7,5.7
2023-03-09 11:00:00+01:00,1019.06,1.09,1.24,31.526418809136956,5.7,5.7
2023-03-09 12:00:00+01:00,1097.25,1.79,1.1,35.526625261345465,5.7,5.7
2023-03-09 13:00:00+01:00,1090.12,2.18,1.1,35.69740253351371,5.7,5.7
2023-03-09 14:00:00+01:00,985.71,3.13,1.03,33.88998901551558,5.7,5.7
2023-03-09 15:00:00+01:00,797.35,3.69,0.97,28.894837710369597,5.7,5.7
2023-03-09 16:00:00+01:00,501.56,4.43,0.76,21.038826957719614,3.7188503610852393,3.7188503610852393
2023-03-09 17:00:00+01:00,35.650000000000006,3.61,0.48,4.870465576738134,0.23996833345327587,0.23996833345327587
2023-03-09 18:00:00+01:00,0.0,2.31,0.41,2.31,0.0,0.0
2023-03-09 19:00:00+01:00,0.0,0.77,0.34,0.77,0.0,0.0
2023-03-09 20:00:00+01:00,0.0,-0.06,0.34,-0.06,0.0,0.0
2023-03-09 21:00:00+01:00,0.0,-1.06,0.34,-1.06,0.0,0.0
2023-03-09 22:00:00+01:00,0.0,-1.52,0.28,-1.52,0.0,0.0
2023-03-09 23:00:00+01:00,0.0,-1.76,0.21,-1.76,0.0,0.0
2023-03-10 00:00:00+01:00,0.0,-1.97,0.21,-1.97,0.0,0.0
2023-03-10 01:00:00+01:00,0.0,-2.08,0.14,-2.08,0.0,0.0
2023-03-10 02:00:00+01:00,0.0,-2.07,0.14,-2.07,0.0,0.0
2023-03-10 03:00:00+01:00,0.0,-1.8,0.21,-1.8,0.0,0.0
2023-03-10 04:00:00+01:00,0.0,-2.02,0.34,-2.02,0.0,0.0
2023-03-10 05:00:00+01:00,0.0,-2.7,0.41,-2.7,0.0,0.0
2023-03-10 06:00:00+01:00,0.0,-2.78,0.41,-2.78,0.0,0.0
2023-03-10 07:00:00+01:00,19.38,-3.05,0.34,-2.3407749509617353,0.11375788331158784,0.11375788331158784
2023-03-10 08:00:00+01:00,60.76,-3.04,0.76,-1.0279728727349795,0.4495786667070856,0.4495786667070856
2023-03-10 09:00:00+01:00,116.14999999999999,-2.15,0.55,1.8883144426674083,0.8903929364888046,0.8903929364888046
2023-03-10 10:00:00+01:00,188.6,-1.29,0.69,5.055980430423021,1.4561892251633963,1.4561892251633963
2023-03-10 11:00:00+01:00,323.11,-1.46,0.9,8.910715111054053,2.488336406614103,2.488336406614103
2023-03-10 12:00:00+01:00,326.2,-0.46,1.31,9.14530500229679,2.510446067810694,2.510446067810694
2023-03-10 13:00:00+01:00,342.5,-0.4,1.45,9.40869465605132,2.635032148126377,2.635032148126377
2023-03-10 14:00:00+01:00,389.84000000000003,-0.48,1.45,10.684442407927145,2.9900841371289655,2.9900841371289655
2023-03-10 15:00:00+01:00,538.4599999999999,-0.57,1.86,13.70427735244841,4.094519334633035,4.094519334633035
2023-03-10 16:00:00+01:00,360.61,-0.92,1.79,8.762468934259847,2.781844127430079,2.781844127430079
2023-03-10 17:00:00+01:00,35.44,-2.29,1.52,-1.2887795506938482,0.2439874898357689,0.2439874898357689
2023-03-10 18:00:00+01:00,0.0,-3.09,1.38,-3.09,0.0,0.0
2023-03-10 19:00:00+01:00,0.0,-3.59,1.31,-3.59,0.0,0.0
2023-03-10 20:00:00+01:00,0.0,-2.78,1.38,-2.78,0.0,0.0
2023-03-10 21:00:00+01:00,0.0,-2.68,1.31,-2.68,0.0,0.0
2023-03-10 22:00:00+01:00,0.0,-2.77,1.38,-2.77,0.0,0.0
2023-03-10 23:00:00+01:00,0.0,-2.8,1.45,-2.8,0.0,0.0
2023-03-11 00:00:00+01:00,0.0,-3.29,1.38,-3.29,0.0,0.0
2023-03-11 01:00:00+01:00,0.0,-3.59,1.38,-3.59,0.0,0.0
2023-03-11 02:00:00+01:00,0.0,-4.22,1.31,-4.22,0.0,0.0
2023-03-11 03:00:00+01:00,0.0,-4.34,1.24,-4.34,0.0,0.0
2023-03-11 04:00:00+01:00,0.0,-4.42,1.31,-4.42,0.0,0.0
2023-03-11 05:00:00+01:00,0.0,-4.35,1.24,-4.35,0.0,0.0
2023-03-11 06:00:00+01:00,0.0,-4.29,1.31,-4.29,0.0,0.0
2023-03-11 07:00:00+01:00,21.990000000000002,-4.3,1.24,-3.6432213514288443,0.13583301867394512,0.13583301867394512
2023-03-11 08:00:00+01:00,135.67000000000002,-3.4,1.03,0.8337073883140067,1.050877913028771,1.050877913028771
2023-03-11 09:00:00+01:00,155.51000000000002,-3.27,1.45,1.1835769517154486,1.2092290120401972,1.2092290120401972
2023-03-11 10:00:00+01:00,232.47,-2.54,1.38,4.2101567980673185,1.8089644450033804,1.8089644450033804
2023-03-11 11:00:00+01:00,266.06,-1.79,1.38,5.935498850147506,2.063658757640887,2.063658757640887
2023-03-11 12:00:00+01:00,282.53,-1.37,1.45,6.721242339194684,2.187780218958615,2.187780218958615
2023-03-11 13:00:00+01:00,295.7,-1.07,1.45,7.398411707428833,2.2861274369845166,2.2861274369845166
2023-03-11 14:00:00+01:00,253.53,-0.85,1.52,6.312511865479366,1.9623365522666136,1.9623365522666136
2023-03-11 15:00:00+01:00,208.02000000000004,-0.73,1.45,5.227385875479696,1.6092397523989692,1.6092397523989692
2023-03-11 16:00:00+01:00,142.70000000000002,-0.82,1.45,3.266717452316857,1.0984776896741535,1.0984776896741535
2023-03-11 17:00:00+01:00,30.110000000000003,-1.16,1.38,-0.2857055913029337,0.19981047440664268,0.19981047440664268
2023-03-11 18:00:00+01:00,0.0,-1.71,0.97,-1.71,0.0,0.0
2023-03-11 19:00:00+01:00,0.0,-2.1,1.03,-2.1,0.0,0.0
2023-03-11 20:00:00+01:00,0.0,-2.29,1.03,-2.29,0.0,0.0
2023-03-11 21:00:00+01:00,0.0,-2.3,1.03,-2.3,0.0,0.0
2023-03-11 22:00:00+01:00,0.0,-2.35,1.03,-2.35,0.0,0.0
2023-03-11 23:00:00+01:00,0.0,-2.42,1.1,-2.42,0.0,0.0
2023-03-12 00:00:00+01:00,0.0,-2.71,1.1,-2.71,0.0,0.0
2023-03-12 01:00:00+01:00,0.0,-2.42,1.1,-2.42,0.0,0.0
2023-03-12 02:00:00+01:00,0.0,-1.6,0.97,-1.6,0.0,0.0
2023-03-12 03:00:00+01:00,0.0,-1.74,0.97,-1.74,0.0,0.0
2023-03-12 04:00:00+01:00,0.0,-2.38,0.83,-2.38,0.0,0.0
2023-03-12 05:00:00+01:00,0.0,-2.67,0.76,-2.67,0.0,0.0
2023-03-12 06:00:00+01:00,0.0,-2.47,0.62,-2.47,0.0,0.0
2023-03-12 07:00:00+01:00,30.42,-2.88,0.76,-1.8726618628801524,0.20358581710237794,0.20358581710237794
2023-03-12 08:00:00+01:00,229.25,-0.94,0.9,6.4181332648607015,1.7702776765632418,1.7702776765632418
2023-03-12 09:00:00+01:00,292.11,-0.77,1.17,8.081067182178483,2.2528189984686415,2.2528189984686415
2023-03-12 10:00:00+01:00,359.67999999999995,-0.55,1.24,10.192616840294368,2.761330987126999,2.761330987126999
2023-03-12 11:00:00+01:00,598.69,0.0,1.31,17.629062084074395,4.492601175057296,4.492601175057296
2023-03-12 12:00:00+01:00,813.99,0.82,1.38,24.45556644753653,5.7,5.7
2023-03-12 13:00:00+01:00,833.8599999999999,1.57,1.59,24.813095585857795,5.7,5.7
2023-03-12 14:00:00+01:00,819.5999999999999,1.47,1.52,24.624635447272066,5.7,5.7
2023-03-12 15:00:00+01:00,684.03,1.5,1.45,21.08960994329572,5.071414492799247,5.071414492799247
2023-03-12 16:00:00+01:00,490.09,2.78,1.1,17.848564752183,3.6736637291840584,3.6736637291840584
2023-03-12 17:00:00+01:00,226.89,3.07,0.76,10.583311963547738,1.7271769134692494,1.7271769134692494
2023-03-12 18:00:00+01:00,0.0,2.14,0.55,2.14,0.0,0.0
2023-03-12 19:00:00+01:00,0.0,0.75,0.41,0.75,0.0,0.0
2023-03-12 20:00:00+01:00,0.0,-0.17,0.41,-0.17,0.0,0.0
2023-03-12 21:00:00+01:00,0.0,-1.01,0.48,-1.01,0.0,0.0
2023-03-12 22:00:00+01:00,0.0,-1.65,0.34,-1.65,0.0,0.0
2023-03-12 23:00:00+01:00,0.0,-2.23,0.28,-2.23,0.0,0.0
2023-03-13 00:00:00+01:00,0.0,-2.65,0.28,-2.65,0.0,0.0
2023-03-13 01:00:00+01:00,0.0,-2.82,0.28,-2.82,0.0,0.0
2023-03-13 02:00:00+01:00,0.0,-3.69,0.28,-3.69,0.0,0.0
2023-03-13 03:00:00+01:00,0.0,-3.57,0.28,-3.57,0.0,0.0
2023-03-13 04:00:00+01:00,0.0,-2.58,0.28,-2.58,0.0,0.0
2023-03-13 05:00:00+01:00,0.0,-1.63,0.28,-1.63,0.0,0.0
2023-03-13 06:00:00+01:00,0.0,-1.14,0.21,-1.14,0.0,0.0
2023-03-13 07:00:00+01:00,24.33,-0.96,0.21,-0.03967801970011042,0.1527438603208748,0.1527438603208748
2023-03-13 08:00:00+01:00,211.71,-0.86,0.14,7.295992849878263,1.6271132550998044,1.6271132550998044
2023-03-13 09:00:00+01:00,543.1500000000001,0.65,0.28,20.83004696231126,4.0309867833454085,4.0309867833454085
2023-03-13 10:00:00+01:00,787.91,2.51,0.69,29.02146045034253,5.679027592709724,5.679027592709724
2023-03-13 11:00:00+01:00,971.66,3.03,0.97,33.7449088977961,5.7,5.7
2023-03-13 12:00:00+01:00,966.5600000000001,3.44,1.03,33.602395616192126,5.7,5.7
2023-03-13 13:00:00+01:00,971.82,3.17,1.1,33.05008854999385,5.7,5.7
2023-03-13 14:00:00+01:00,834.5,3.14,1.1,28.79797564875169,5.7,5.7
2023-03-13 15:00:00+01:00,608.6800000000001,2.34,1.24,20.519537417566664,4.522507602861413,4.522507602861413
2023-03-13 16:00:00+01:00,368.19,1.54,1.31,12.381745091341681,2.8065079533159074,2.8065079533159074
2023-03-13 17:00:00+01:00,145.68,0.91,1.24,5.261046544967983,1.114738013272434,1.114738013272434
2023-03-13 18:00:00+01:00,0.0,0.47,1.1,0.47,0.0,0.0
2023-03-13 19:00:00+01:00,0.0,-0.04,1.03,-0.04,0.0,0.0
2023-03-13 20:00:00+01:00,0.0,-0.82,1.1,-0.82,0.0,0.0
2023-03-13 21:00:00+01:00,0.0,-0.94,1.1,-0.94,0.0,0.0
2023-03-13 22:00:00+01:00,0.0,-1.26,1.17,-1.26,0.0,0.0
2023-03-13 23:00:00+01:00,0.0,-1.25,1.03,-1.25,0.0,0.0
2023-03-14 00:00:00+01:00,0.0,-1.06,0.83,-1.06,0.0,0.0
2023-03-14 01:00:00+01:00,0.0,-1.03,0.41,-1.03,0.0,0.0
2023-03-14 02:00:00+01:00,0.0,-0.43,0.21,-0.43,0.0,0.0
2023-03-14 03:00:00+01:00,0.0,-0.4,0.34,-0.4,0.0,0.0
2023-03-14 04:00:00+01:00,0.0,-0.3,0.48,-0.3,0.0,0.0
2023-03-14 05:00:00+01:00,0.0,-0.3,0.34,-0.3,0.0,0.0
2023-03-14 06:00:00+01:00,0.0,-0.49,0.28,-0.49,0.0,0.0
2023-03-14 07:00:00+01:00,29.98,-1.07,0.34,0.027139678543197432,0.19851076635922316,0.19851076635922316
2023-03-14 08:00:00+01:00,270.80999999999995,-0.84,0.28,9.22160087980026,2.078092882136886,2.078092882136886
2023-03-14 09:00:00+01:00,424.45,0.0,0.41,15.26556947821208,3.2074682071022793,3.2074682071022793
2023-03-14 10:00:00+01:00,488.75,0.84,0.9,16.52718705867249,3.6801731904634276,3.6801731904634276
2023-03-14 11:00:00+01:00,430.32,0.84,1.03,14.268532198269943,3.2631561426748794,3.2631561426748794
2023-03-14 12:00:00+01:00,533.67,0.98,1.31,16.69447921697035,4.017108479283384,4.017108479283384
2023-03-14 13:00:00+01:00,595.04,0.56,1.72,16.745046566280788,4.4786840180031655,4.4786840180031655
2023-03-14 14:00:00+01:00,678.15,0.49,1.59,19.39281974378129,5.057315344585842,5.057315344585842
2023-03-14 15:00:00+01:00,530.85,0.27,1.59,15.066965068180044,4.0180018801366515,4.0180018801366515
2023-03-14 16:00:00+01:00,339.42999999999995,-1.11,1.52,8.479284907110246,2.619298328735614,2.619298328735614
2023-03-14 17:00:00+01:00,150.54000000000002,-2.16,1.45,2.1512434847356667,1.1654780867874608,1.1654780867874608
2023-03-14 18:00:00+01:00,0.0,-3.31,1.52,-3.31,0.0,0.0
2023-03-14 19:00:00+01:00,0.0,-3.85,1.38,-3.85,0.0,0.0
2023-03-14 20:00:00+01:00,0.0,-4.37,1.45,-4.37,0.0,0.0
2023-03-14 21:00:00+01:00,0.0,-4.67,1.52,-4.67,0.0,0.0
2023-03-14 22:00:00+01:00,0.0,-4.91,1.45,-4.91,0.0,0.0
2023-03-14 23:00:00+01:00,0.0,-5.36,1.45,-5.36,0.0,0.0
2023-03-15 00:00:00+01:00,0.0,-5.36,1.52,-5.36,0.0,0.0
2023-03-15 01:00:00+01:00,0.0,-5.22,1.52,-5.22,0.0,0.0
2023-03-15 02:00:00+01:00,0.0,-5.8,1.17,-5.8,0.0,0.0
2023-03-15 03:00:00+01:00,0.0,-6.13,1.1,-6.13,0.0,0.0
2023-03-15 04:00:00+01:00,0.0,-6.16,1.17,-6.16,0.0,0.0
2023-03-15 05:00:00+01:00,0.0,-6.67,1.31,-6.67,0.0,0.0
2023-03-15 06:00:00+01:00,0.0,-6.88,1.31,-6.88,0.0,0.0
2023-03-15 07:00:00+01:00,37.92,-7.15,1.17,-6.001006581259772,0.2688343741112338,0.2688343741112338
2023-03-15 08:00:00+01:00,382.52,-8.53,1.52,2.2766265877141443,3.016366804521286,3.016366804521286
2023-03-15 09:00:00+01:00,690.18,-8.07,1.66,10.91477213212156,5.296025116087864,5.296025116087864
2023-03-15 10:00:00+01:00,896.6,-6.97,1.59,18.021916511500855,5.7,5.7
2023-03-15 11:00:00+01:00,1103.86,-5.9,1.59,24.869102119546433,5.7,5.7
2023-03-15 12:00:00+01:00,1159.92,-5.07,1.52,27.69906387018036,5.7,5.7
2023-03-15 13:00:00+01:00,1131.0400000000002,-4.37,1.59,27.15672011060443,5.7,5.7
2023-03-15 14:00:00+01:00,942.9100000000001,-4.0,1.52,22.638283686660944,5.7,5.7
2023-03-15 15:00:00+01:00,671.12,-3.8,1.38,15.687096099793258,5.06852181870274,5.06852181870274
2023-03-15 16:00:00+01:00,510.06,-4.08,1.31,10.939257723701724,3.914321363485658,3.914321363485658
2023-03-15 17:00:00+01:00,223.26,-3.7,1.17,3.0648805555892222,1.7424439603213584,1.7424439603213584
2023-03-15 18:00:00+01:00,0.0,-3.28,0.97,-3.28,0.0,0.0
2023-03-15 19:00:00+01:00,0.0,-3.98,0.83,-3.98,0.0,0.0
2023-03-15 20:00:00+01:00,0.0,-4.16,0.83,-4.16,0.0,0.0
2023-03-15 21:00:00+01:00,0.0,-4.86,0.55,-4.86,0.0,0.0
2023-03-15 22:00:00+01:00,0.0,-5.59,0.41,-5.59,0.0,0.0
2023-03-15 23:00:00+01:00,0.0,-6.24,0.28,-6.24,0.0,0.0
2023-03-16 00:00:00+01:00,0.0,-6.8,0.14,-6.8,0.0,0.0
2023-03-16 01:00:00+01:00,0.0,-7.06,0.14,-7.06,0.0,0.0
2023-03-16 02:00:00+01:00,0.0,-7.64,0.14,-7.64,0.0,0.0
2023-03-16 03:00:00+01:00,0.0,-7.53,0.14,-7.53,0.0,0.0
2023-03-16 04:00:00+01:00,0.0,-7.4,0.14,-7.4,0.0,0.0
2023-03-16 05:00:00+01:00,0.0,-7.29,0.14,-7.29,0.0,0.0
2023-03-16 06:00:00+01:00,0.0,-7.13,0.07,-7.13,0.0,0.0
2023-03-16 07:00:00+01:00,31.86,-6.87,0.07,-5.619548644363157,0.21844547783730725,0.21844547783730725
2023-03-16 08:00:00+01:00,416.78,-7.05,0.14,9.006183930717786,3.2162907244596153,3.2162907244596153
2023-03-16 09:00:00+01:00,687.22,-3.83,0.14,22.644712608253464,5.067718346599397,5.067718346599397
2023-03-16 10:00:00+01:00,906.88,-0.96,0.34,32.227926340135255,5.7,5.7
2023-03-16 11:00:00+01:00,1011.48,0.57,0.62,35.16139284834888,5.7,5.7
2023-03-16 12:00:00+01:00,1079.51,1.63,0.76,37.37725813288122,5.7,5.7
2023-03-16 13:00:00+01:00,1066.1499999999999,2.23,0.69,38.103632215776784,5.7,5.7
2023-03-16 14:00:00+01:00,958.4,2.59,0.62,35.366121036360155,5.7,5.7
2023-03-16 15:00:00+01:00,778.62,2.73,0.55,29.801135526041303,5.596945391352022,5.596945391352022
2023-03-16 16:00:00+01:00,491.0,2.68,0.41,20.339075542000547,3.649093627471133,3.649093627471133
2023-03-16 17:00:00+01:00,193.20999999999998,1.72,0.41,8.668900174073167,1.4746387846057116,1.4746387846057116
2023-03-16 18:00:00+01:00,6.5,0.45,0.34,0.6878721784700061,0.00796564634997078,0.00796564634997078
2023-03-16 19:00:00+01:00,0.0,-0.87,0.34,-0.87,0.0,0.0
2023-03-16 20:00:00+01:00,0.0,-2.05,0.28,-2.05,0.0,0.0
2023-03-16 21:00:00+01:00,0.0,-2.78,0.34,-2.78,0.0,0.0
2023-03-16 22:00:00+01:00,0.0,-3.19,0.41,-3.19,0.0,0.0
2023-03-16 23:00:00+01:00,0.0,-3.46,0.48,-3.46,0.0,0.0
2023-03-17 00:00:00+01:00,0.0,-3.67,0.48,-3.67,0.0,0.0
2023-03-17 01:00:00+01:00,0.0,-3.89,0.48,-3.89,0.0,0.0
2023-03-17 02:00:00+01:00,0.0,-4.82,0.41,-4.82,0.0,0.0
2023-03-17 03:00:00+01:00,0.0,-4.92,0.41,-4.92,0.0,0.0
2023-03-17 04:00:00+01:00,0.0,-4.93,0.41,-4.93,0.0,0.0
2023-03-17 05:00:00+01:00,0.0,-4.94,0.41,-4.94,0.0,0.0
2023-03-17 06:00:00+01:00,0.0,-5.03,0.41,-5.03,0.0,0.0
2023-03-17 07:00:00+01:00,32.21,-5.04,0.48,-3.9011613961645075,0.21989010033405623,0.21989010033405623
2023-03-17 08:00:00+01:00,405.41,-4.71,0.48,9.623950896645358,3.121510056549942,3.121510056549942
2023-03-17 09:00:00+01:00,665.33,-2.44,0.55,20.692257840205826,4.939871777775279,4.939871777775279
2023-03-17 10:00:00+01:00,872.36,-0.71,0.76,28.177623185334323,5.7,5.7
2023-03-17 11:00:00+01:00,980.1999999999999,-0.29,0.97,30.694864769178245,5.7,5.7
2023-03-17 12:00:00+01:00,1031.73,0.66,0.97,33.27376711722533,5.7,5.7
2023-03-17 13:00:00+01:00,967.71,1.2,0.97,31.790046404592413,5.7,5.7
2023-03-17 14:00:00+01:00,830.2699999999999,1.68,0.97,27.925463856259558,5.7,5.7
2023-03-17 15:00:00+01:00,654.48,1.99,0.9,22.996547695467967,4.82094490558113,4.82094490558113
2023-03-17 16:00:00+01:00,434.5,1.77,0.9,15.715949415842855,3.2788622742561446,3.2788622742561446
2023-03-17 17:00:00+01:00,175.3,1.53,0.76,7.334943308254743,1.3403049428221636,1.3403049428221636
2023-03-17 18:00:00+01:00,7.220000000000001,0.52,0.62,0.7669152690760855,0.013780209968429453,0.013780209968429453
2023-03-17 19:00:00+01:00,0.0,-0.76,0.48,-0.76,0.0,0.0
2023-03-17 20:00:00+01:00,0.0,-2.05,0.41,-2.05,0.0,0.0
2023-03-17 21:00:00+01:00,0.0,-3.13,0.34,-3.13,0.0,0.0
2023-03-17 22:00:00+01:00,0.0,-4.22,0.28,-4.22,0.0,0.0
2023-03-17 23:00:00+01:00,0.0,-5.5,0.28,-5.5,0.0,0.0
2023-03-18 00:00:00+01:00,0.0,-6.77,0.14,-6.77,0.0,0.0
2023-03-18 01:00:00+01:00,0.0,-7.19,0.21,-7.19,0.0,0.0
2023-03-18 02:00:00+01:00,0.0,-6.17,0.14,-6.17,0.0,0.0
2023-03-18 03:00:00+01:00,0.0,-6.54,0.07,-6.54,0.0,0.0
2023-03-18 04:00:00+01:00,0.0,-6.61,0.07,-6.61,0.0,0.0
2023-03-18 05:00:00+01:00,0.0,-6.69,0.07,-6.69,0.0,0.0
2023-03-18 06:00:00+01:00,0.0,-7.3,0.0,-7.3,0.0,0.0
2023-03-18 07:00:00+01:00,36.54,-7.03,0.0,-5.5684000000000005,0.2570204881473505,0.2570204881473505
2023-03-18 08:00:00+01:00,393.77,-6.1,0.0,9.6508,3.0309556627652037,3.0309556627652037
2023-03-18 09:00:00+01:00,663.07,-3.95,0.07,22.074381054052783,4.899718701668009,4.899718701668009
2023-03-18 10:00:00+01:00,918.26,-0.52,0.28,33.59678159552966,5.7,5.7
2023-03-18 11:00:00+01:00,1064.44,2.24,0.69,38.05609442926554,5.7,5.7
2023-03-18 12:00:00+01:00,1082.07,3.27,0.9,38.000709975606625,5.7,5.7
2023-03-18 13:00:00+01:00,972.0999999999999,3.45,0.97,34.178817631216255,5.7,5.7
2023-03-18 14:00:00+01:00,829.71,3.16,0.97,29.387761831906637,5.7,5.7
2023-03-18 15:00:00+01:00,610.9999999999999,3.33,0.97,22.644172999355135,4.506515136797633,4.506515136797633
2023-03-18 16:00:00+01:00,384.26,3.19,0.9,15.523418924123764,2.8990033494928613,2.8990033494928613
2023-03-18 17:00:00+01:00,164.47,3.04,0.83,8.401310680244611,1.250432736246212,1.250432736246212
2023-03-18 18:00:00+01:00,7.4,2.24,0.62,2.4930710514076226,0.014903600888323898,0.014903600888323898
2023-03-18 19:00:00+01:00,0.0,1.3,0.55,1.3,0.0,0.0
2023-03-18 20:00:00+01:00,0.0,-0.24,0.41,-0.24,0.0,0.0
2023-03-18 21:00:00+01:00,0.0,-0.75,0.41,-0.75,0.0,0.0
2023-03-18 22:00:00+01:00,0.0,-1.15,0.41,-1.15,0.0,0.0
2023-03-18 23:00:00+01:00,0.0,-1.5,0.34,-1.5,0.0,0.0
2023-03-19 00:00:00+01:00,0.0,-2.0,0.34,-2.0,0.0,0.0
2023-03-19 01:00:00+01:00,0.0,-2.5,0.21,-2.5,0.0,0.0
2023-03-19 02:00:00+01:00,0.0,-2.57,0.14,-2.57,0.0,0.0
2023-03-19 03:00:00+01:00,0.0,-2.52,0.07,-2.52,0.0,0.0
2023-03-19 04:00:00+01:00,0.0,-2.44,0.07,-2.44,0.0,0.0
2023-03-19 05:00:00+01:00,0.0,-2.24,0.0,-2.24,0.0,0.0
2023-03-19 06:00:00+01:00,0.0,-2.02,0.07,-2.02,0.0,0.0
2023-03-19 07:00:00+01:00,48.83,-1.98,0.07,-0.0635047176476129,0.3513921209777586,0.3513921209777586
2023-03-19 08:00:00+01:00,214.41,-1.23,0.14,7.030008629457269,1.649832470854338,1.649832470854338
2023-03-19 09:00:00+01:00,483.25,-0.17,0.41,17.21034267957589,3.6301195525064007,3.6301195525064007
2023-03-19 10:00:00+01:00,701.59,0.53,0.62,24.523529588793743,5.139728226665354,5.139728226665354
2023-03-19 11:00:00+01:00,740.0,1.04,0.69,25.93939299317622,5.393357274410912,5.393357274410912
2023-03-19 12:00:00+01:00,669.57,1.32,0.76,23.492366747907177,4.923392062109205,4.923392062109205
2023-03-19 13:00:00+01:00,259.46,2.32,0.69,11.05026554866149,1.9772446500786252,1.9772446500786252
2023-03-19 14:00:00+01:00,212.65999999999997,1.91,0.55,9.303783464293163,1.6235161363117852,1.6235161363117852
2023-03-19 15:00:00+01:00,269.58,1.37,0.55,10.742783533829357,2.0578845744308554,2.0578845744308554
2023-03-19 16:00:00+01:00,219.0,1.53,0.48,9.273112519092606,1.6732340717219996,1.6732340717219996
2023-03-19 17:00:00+01:00,115.39,1.47,0.28,5.7571685887528234,0.8726731541164229,0.8726731541164229
2023-03-19 18:00:00+01:00,6.090000000000001,0.82,0.07,1.0590222459456489,0.004586991178605048,0.004586991178605048
2023-03-19 19:00:00+01:00,0.0,0.14,0.21,0.14,0.0,0.0
2023-03-19 20:00:00+01:00,0.0,-0.99,0.21,-0.99,0.0,0.0
2023-03-19 21:00:00+01:00,0.0,-1.39,0.28,-1.39,0.0,0.0
2023-03-19 22:00:00+01:00,0.0,-1.72,0.34,-1.72,0.0,0.0
2023-03-19 23:00:00+01:00,0.0,-2.21,0.41,-2.21,0.0,0.0
2023-03-20 00:00:00+01:00,0.0,-2.81,0.41,-2.81,0.0,0.0
2023-03-20 01:00:00+01:00,0.0,-3.32,0.48,-3.32,0.0,0.0
2023-03-20 02:00:00+01:00,0.0,-4.32,0.41,-4.32,0.0,0.0
2023-03-20 03:00:00+01:00,0.0,-4.3,0.41,-4.3,0.0,0.0
2023-03-20 04:00:00+01:00,0.0,-4.54,0.48,-4.54,0.0,0.0
2023-03-20 05:00:00+01:00,0.0,-5.16,0.55,-5.16,0.0,0.0
2023-03-20 06:00:00+01:00,0.0,-4.74,0.62,-4.74,0.0,0.0
2023-03-20 07:00:00+01:00,43.160000000000004,-4.6,0.55,-3.0994089423544953,0.30885566147794813,0.30885566147794813
2023-03-20 08:00:00+01:00,305.36,-3.86,0.48,6.936515245799628,2.365507770952916,2.365507770952916
2023-03-20 09:00:00+01:00,620.97,-2.33,0.41,20.003515558688555,4.6219555778130585,4.6219555778130585
2023-03-20 10:00:00+01:00,921.47,0.11,0.41,33.25115751463797,5.7,5.7
2023-03-20 11:00:00+01:00,1063.6100000000001,1.85,0.62,38.2241758091434,5.7,5.7
2023-03-20 12:00:00+01:00,1061.84,2.91,0.69,38.638610075505724,5.7,5.7
2023-03-20 13:00:00+01:00,1071.3600000000001,3.61,0.76,39.08737628483629,5.7,5.7
2023-03-20 14:00:00+01:00,907.78,3.8,0.83,33.39135775103334,5.7,5.7
2023-03-20 15:00:00+01:00,790.62,3.85,0.83,29.622234754149662,5.686368752631153,5.686368752631153
2023-03-20 16:00:00+01:00,491.84,4.32,0.69,20.869347905086205,3.648659562666997,3.648659562666997
2023-03-20 17:00:00+01:00,209.54999999999998,4.04,0.48,11.448991910392035,1.5875515872910355,1.5875515872910355
2023-03-20 18:00:00+01:00,7.74,3.07,0.48,3.343660689030944,0.017468383310321068,0.017468383310321068
2023-03-20 19:00:00+01:00,0.0,1.57,0.55,1.57,0.0,0.0
2023-03-20 20:00:00+01:00,0.0,0.09,0.41,0.09,0.0,0.0
2023-03-20 21:00:00+01:00,0.0,-1.06,0.34,-1.06,0.0,0.0
2023-03-20 22:00:00+01:00,0.0,-1.87,0.34,-1.87,0.0,0.0
2023-03-20 23:00:00+01:00,0.0,-2.47,0.28,-2.47,0.0,0.0
2023-03-21 00:00:00+01:00,0.0,-2.9,0.28,-2.9,0.0,0.0
2023-03-21 01:00:00+01:00,0.0,-3.2,0.28,-3.2,0.0,0.0
2023-03-21 02:00:00+01:00,0.0,-3.38,0.28,-3.38,0.0,0.0
2023-03-21 03:00:00+01:00,0.0,-3.92,0.28,-3.92,0.0,0.0
2023-03-21 04:00:00+01:00,0.0,-3.54,0.28,-3.54,0.0,0.0
2023-03-21 05:00:00+01:00,0.0,-3.04,0.28,-3.04,0.0,0.0
2023-03-21 06:00:00+01:00,0.0,-2.76,0.28,-2.76,0.0,0.0
2023-03-21 07:00:00+01:00,43.980000000000004,-2.57,0.28,-0.9359790750208057,0.31308545230505774,0.31308545230505774
2023-03-21 08:00:00+01:00,391.39,-2.32,0.21,12.484965880377056,2.983907903539199,2.983907903539199
2023-03-21 09:00:00+01:00,634.04,1.25,0.21,25.233598371941717,4.634323072758976,4.634323072758976
2023-03-21 10:00:00+01:00,852.9799999999999,3.9,0.28,35.59138627987159,5.7,5.7
2023-03-21 11:00:00+01:00,982.25,5.45,0.28,41.94424860301986,5.7,5.7
2023-03-21 12:00:00+01:00,1030.54,6.27,0.14,45.970896847166145,5.7,5.7
2023-03-21 13:00:00+01:00,901.95,6.71,0.14,41.457049033808985,5.7,5.7
2023-03-21 14:00:00+01:00,816.01,6.85,0.14,38.28626529417203,5.6880739539831815,5.6880739539831815
2023-03-21 15:00:00+01:00,564.5600000000001,6.86,0.21,28.21540391278692,4.083225585579211,4.083225585579211
2023-03-21 16:00:00+01:00,312.26,6.62,0.28,18.2216228748068,2.328605366899787,2.328605366899787
2023-03-21 17:00:00+01:00,112.95,5.75,0.34,9.883486547413415,0.8411872187080831,0.8411872187080831
2023-03-21 18:00:00+01:00,10.25,4.7,0.41,5.06864668901325,0.03715329217824574,0.03715329217824574
2023-03-21 19:00:00+01:00,0.0,3.43,0.48,3.43,0.0,0.0
2023-03-21 20:00:00+01:00,0.0,2.32,0.41,2.32,0.0,0.0
2023-03-21 21:00:00+01:00,0.0,1.34,0.41,1.34,0.0,0.0
2023-03-21 22:00:00+01:00,0.0,0.46,0.41,0.46,0.0,0.0
2023-03-21 23:00:00+01:00,0.0,-0.29,0.41,-0.29,0.0,0.0
2023-03-22 00:00:00+01:00,0.0,-0.97,0.41,-0.97,0.0,0.0
2023-03-22 01:00:00+01:00,0.0,-1.63,0.41,-1.63,0.0,0.0
2023-03-22 02:00:00+01:00,0.0,-1.9,0.34,-1.9,0.0,0.0
2023-03-22 03:00:00+01:00,0.0,-2.09,0.28,-2.09,0.0,0.0
2023-03-22 04:00:00+01:00,0.0,-2.26,0.14,-2.26,0.0,0.0
2023-03-22 05:00:00+01:00,0.0,-2.37,0.14,-2.37,0.0,0.0
2023-03-22 06:00:00+01:00,0.0,-2.4,0.14,-2.4,0.0,0.0
2023-03-22 07:00:00+01:00,34.44,-2.29,0.14,-0.9632209449255711,0.23555509023759869,0.23555509023759869
2023-03-22 08:00:00+01:00,446.78000000000003,-0.93,0.07,16.605362732938758,3.3618528234236473,3.3618528234236473
2023-03-22 09:00:00+01:00,713.0400000000001,2.12,0.0,30.641600000000004,5.112024978167763,5.112024978167763
2023-03-22 10:00:00+01:00,902.57,4.28,0.21,38.421184124918675,5.7,5.7
2023-03-22 11:00:00+01:00,1041.39,5.42,0.48,42.24009107880297,5.7,5.7
2023-03-22 12:00:00+01:00,1117.66,6.11,0.62,44.33262044814096,5.7,5.7
2023-03-22 13:00:00+01:00,1083.99,6.63,0.62,43.701147164236275,5.7,5.7
2023-03-22 14:00:00+01:00,959.46,6.94,0.62,39.75237175453476,5.7,5.7
2023-03-22 15:00:00+01:00,758.73,7.11,0.41,34.39812705902663,5.36572427525069,5.36572427525069
2023-03-22 16:00:00+01:00,487.3,7.12,0.14,25.89292199587019,3.551931001045733,3.551931001045733
2023-03-22 17:00:00+01:00,211.12,6.43,0.28,14.273894899536323,1.5842697676738449,1.5842697676738449
2023-03-22 18:00:00+01:00,9.53,5.3,0.34,5.648757209356793,0.0312624246137979,0.0312624246137979
2023-03-22 19:00:00+01:00,0.0,3.81,0.28,3.81,0.0,0.0
2023-03-22 20:00:00+01:00,0.0,2.61,0.07,2.61,0.0,0.0
2023-03-22 21:00:00+01:00,0.0,1.53,0.07,1.53,0.0,0.0
2023-03-22 22:00:00+01:00,0.0,0.77,0.14,0.77,0.0,0.0
2023-03-22 23:00:00+01:00,0.0,0.45,0.14,0.45,0.0,0.0
2023-03-23 00:00:00+01:00,0.0,0.32,0.07,0.32,0.0,0.0
2023-03-23 01:00:00+01:00,0.0,0.24,0.07,0.24,0.0,0.0
2023-03-23 02:00:00+01:00,0.0,-0.18,0.14,-0.18,0.0,0.0
2023-03-23 03:00:00+01:00,0.0,-0.42,0.21,-0.42,0.0,0.0
2023-03-23 04:00:00+01:00,0.0,-0.63,0.21,-0.63,0.0,0.0
2023-03-23 05:00:00+01:00,0.0,-0.62,0.21,-0.62,0.0,0.0
2023-03-23 06:00:00+01:00,0.0,-0.54,0.14,-0.54,0.0,0.0
2023-03-23 07:00:00+01:00,41.919999999999995,-0.31,0.07,1.3352894170840068,0.29385767990284417,0.29385767990284417
2023-03-23 08:00:00+01:00,400.19,0.76,0.0,16.7676,3.0073725575771664,3.0073725575771664
2023-03-23 09:00:00+01:00,587.25,3.25,0.14,25.873432058433753,4.282767937308043,4.282767937308043
2023-03-23 10:00:00+01:00,809.63,4.72,0.34,34.34899259302632,5.7,5.7
2023-03-23 11:00:00+01:00,912.58,5.84,0.41,38.661423947288924,5.7,5.7
2023-03-23 12:00:00+01:00,974.61,6.65,0.41,41.702365812605194,5.7,5.7
2023-03-23 13:00:00+01:00,891.09,7.26,0.48,38.765982349946256,5.7,5.7
2023-03-23 14:00:00+01:00,706.48,7.66,0.34,33.514144099306144,5.0133182247424,5.0133182247424
2023-03-23 15:00:00+01:00,539.55,7.78,0.28,27.82629354416835,3.907365856513896,3.907365856513896
2023-03-23 16:00:00+01:00,267.39,7.67,0.28,17.6045351325645,1.9933928650028994,1.9933928650028994
2023-03-23 17:00:00+01:00,102.75,6.88,0.41,10.575458272791357,0.7594814785926463,0.7594814785926463
2023-03-23 18:00:00+01:00,8.02,5.91,0.34,6.203497672512223,0.019116943145891838,0.019116943145891838
2023-03-23 19:00:00+01:00,0.0,4.99,0.34,4.99,0.0,0.0
2023-03-23 20:00:00+01:00,0.0,3.85,0.34,3.85,0.0,0.0
2023-03-23 21:00:00+01:00,0.0,3.18,0.28,3.18,0.0,0.0
2023-03-23 22:00:00+01:00,0.0,2.64,0.28,2.64,0.0,0.0
2023-03-23 23:00:00+01:00,0.0,2.23,0.21,2.23,0.0,0.0
2023-03-24 00:00:00+01:00,0.0,1.84,0.21,1.84,0.0,0.0
2023-03-24 01:00:00+01:00,0.0,1.54,0.21,1.54,0.0,0.0
2023-03-24 02:00:00+01:00,0.0,1.1,0.28,1.1,0.0,0.0
2023-03-24 03:00:00+01:00,0.0,0.94,0.34,0.94,0.0,0.0
2023-03-24 04:00:00+01:00,0.0,0.73,0.34,0.73,0.0,0.0
2023-03-24 05:00:00+01:00,0.0,1.14,0.34,1.14,0.0,0.0
2023-03-24 06:00:00+01:00,4.75,1.53,0.34,1.7038296688819277,0.0,0.0
2023-03-24 07:00:00+01:00,40.989999999999995,1.66,0.28,3.182931280466056,0.28437746823704,0.28437746823704
2023-03-24 08:00:00+01:00,143.46,2.19,0.34,7.440021957431858,1.0889900384528912,1.0889900384528912
2023-03-24 09:00:00+01:00,281.01,2.72,0.48,12.655580132375404,2.1326919120646184,2.1326919120646184
2023-03-24 10:00:00+01:00,486.84,3.12,0.48,20.33304519997737,3.6181302174057732,3.6181302174057732
2023-03-24 11:00:00+01:00,673.6999999999999,3.65,0.48,27.469794082706336,4.885242215527702,4.885242215527702
2023-03-24 12:00:00+01:00,477.65,4.37,0.41,21.548935708017435,3.5346150288600886,3.5346150288600886
2023-03-24 13:00:00+01:00,413.49,4.58,0.34,19.71196416547121,3.076730791324711,3.076730791324711
2023-03-24 14:00:00+01:00,318.77,4.6,0.41,16.064732200658888,2.395583453718967,2.395583453718967
2023-03-24 15:00:00+01:00,149.5,4.49,0.55,9.68783047076003,1.1278623459300587,1.1278623459300587
2023-03-24 16:00:00+01:00,108.28,3.85,0.28,7.873005587920581,0.8102948478531014,0.8102948478531014
2023-03-24 17:00:00+01:00,36.9,3.27,0.14,4.691548987579745,0.2501143295863617,0.2501143295863617
2023-03-24 18:00:00+01:00,4.19,2.6,0.28,2.75567411722744,0.0,0.0
2023-03-24 19:00:00+01:00,0.0,1.9,0.55,1.9,0.0,0.0
2023-03-24 20:00:00+01:00,0.0,1.23,0.62,1.23,0.0,0.0
2023-03-24 21:00:00+01:00,0.0,0.86,0.69,0.86,0.0,0.0
2023-03-24 22:00:00+01:00,0.0,0.41,0.62,0.41,0.0,0.0
2023-03-24 23:00:00+01:00,0.0,0.05,0.62,0.05,0.0,0.0
2023-03-25 00:00:00+01:00,0.0,-0.31,0.69,-0.31,0.0,0.0
2023-03-25 01:00:00+01:00,0.0,-0.48,0.97,-0.48,0.0,0.0
2023-03-25 02:00:00+01:00,0.0,-0.49,0.9,-0.49,0.0,0.0
2023-03-25 03:00:00+01:00,0.0,-1.53,0.97,-1.53,0.0,0.0
2023-03-25 04:00:00+01:00,0.0,-2.1,0.9,-2.1,0.0,0.0
2023-03-25 05:00:00+01:00,0.0,-2.6,0.83,-2.6,0.0,0.0
2023-03-25 06:00:00+01:00,5.89,-3.01,0.97,-2.8238126367165273,0.0035668605713111436,0.0035668605713111436
2023-03-25 07:00:00+01:00,45.29,-3.18,0.9,-1.7263474130183594,0.3246664740505732,0.3246664740505732
2023-03-25 08:00:00+01:00,332.73,-1.72,0.9,8.959483887533702,2.5628948959779416,2.5628948959779416
2023-03-25 09:00:00+01:00,439.69,-1.19,0.9,12.922530491719092,3.349865572765469,3.349865572765469
2023-03-25 10:00:00+01:00,576.38,-0.12,1.17,17.344578763014045,4.3293807201915655,4.3293807201915655
2023-03-25 11:00:00+01:00,548.4399999999999,0.21,1.24,16.590340246583196,4.12993548114283,4.12993548114283
2023-03-25 12:00:00+01:00,591.47,0.43,1.31,17.846461525777084,4.4351424350110165,4.4351424350110165
2023-03-25 13:00:00+01:00,635.51,0.89,1.38,19.343099955864247,4.74078128303942,4.74078128303942
2023-03-25 14:00:00+01:00,784.7399999999999,1.32,1.52,23.48980065994666,5.7,5.7
2023-03-25 15:00:00+01:00,577.6899999999999,1.45,1.45,17.99418924337018,4.329612289797271,4.329612289797271
2023-03-25 16:00:00+01:00,432.74,1.22,1.31,13.962488309913901,3.285028588839242,3.285028588839242
2023-03-25 17:00:00+01:00,179.84,0.77,1.24,6.141308420147185,1.3816328511915368,1.3816328511915368
2023-03-25 18:00:00+01:00,9.91,-0.04,0.97,0.27326260953127574,0.03568061749386429,0.03568061749386429
2023-03-25 19:00:00+01:00,0.0,0.03,0.83,0.03,0.0,0.0
2023-03-25 20:00:00+01:00,0.0,-0.06,0.69,-0.06,0.0,0.0
2023-03-25 21:00:00+01:00,0.0,-0.36,0.76,-0.36,0.0,0.0
2023-03-25 22:00:00+01:00,0.0,-0.66,0.69,-0.66,0.0,0.0
2023-03-25 23:00:00+01:00,0.0,-0.88,0.62,-0.88,0.0,0.0
2023-03-26 00:00:00+01:00,0.0,-1.31,0.62,-1.31,0.0,0.0
2023-03-26 01:00:00+01:00,0.0,-1.54,0.48,-1.54,0.0,0.0
2023-03-26 03:00:00+02:00,0.0,-1.61,0.55,-1.61,0.0,0.0
2023-03-26 04:00:00+02:00,0.0,-1.53,0.41,-1.53,0.0,0.0
2023-03-26 05:00:00+02:00,0.0,-1.75,0.41,-1.75,0.0,0.0
2023-03-26 06:00:00+02:00,0.0,-1.67,0.41,-1.67,0.0,0.0
2023-03-26 07:00:00+02:00,7.640000000000001,-1.27,0.28,-0.9861455237189395,0.017529561090039194,0.017529561090039194
2023-03-26 08:00:00+02:00,42.23,-1.32,0.34,0.22543724565974732,0.2975816727455187,0.2975816727455187
2023-03-26 09:00:00+02:00,188.17,-0.33,0.41,6.437633899670555,1.4460322142782414,1.4460322142782414
2023-03-26 10:00:00+02:00,313.84,0.65,0.07,12.967691571031603,2.383163371346147,2.383163371346147
2023-03-26 11:00:00+02:00,374.28000000000003,1.3,0.28,15.205897039591015,2.8261042404306966,2.8261042404306966
2023-03-26 12:00:00+02:00,280.35,1.43,0.34,11.689610036010189,2.134608649737539,2.134608649737539
2023-03-26 13:00:00+02:00,463.77,1.61,0.55,17.734400250330296,3.4769072783403057,3.4769072783403057
2023-03-26 14:00:00+02:00,775.7,1.74,0.76,27.426791353184274,5.622956235598969,5.622956235598969
2023-03-26 15:00:00+02:00,794.5400000000001,2.02,0.9,27.52198998587752,5.7,5.7
2023-03-26 16:00:00+02:00,632.99,1.9,1.17,21.079887767098548,4.693898813437868,4.693898813437868
2023-03-26 17:00:00+02:00,334.09,1.27,1.38,10.970864131571,2.5561403579126885,2.5561403579126885
2023-03-26 18:00:00+02:00,143.23000000000002,0.07,1.03,4.53962415587982,1.0979742308617828,1.0979742308617828
2023-03-26 19:00:00+02:00,10.49,-0.86,0.76,-0.5126306029458514,0.04059756307427914,0.04059756307427914
2023-03-26 20:00:00+02:00,0.0,-1.18,0.62,-1.18,0.0,0.0
2023-03-26 21:00:00+02:00,0.0,-2.05,0.76,-2.05,0.0,0.0
2023-03-26 22:00:00+02:00,0.0,-2.65,0.76,-2.65,0.0,0.0
2023-03-26 23:00:00+02:00,0.0,-2.94,0.83,-2.94,0.0,0.0
2023-03-27 00:00:00+02:00,0.0,-3.32,0.97,-3.32,0.0,0.0
2023-03-27 01:00:00+02:00,0.0,-4.55,1.1,-4.55,0.0,0.0
2023-03-27 02:00:00+02:00,0.0,-4.7,1.1,-4.7,0.0,0.0
2023-03-27 03:00:00+02:00,0.0,-4.76,1.1,-4.76,0.0,0.0
2023-03-27 04:00:00+02:00,0.0,-4.96,1.17,-4.96,0.0,0.0
2023-03-27 05:00:00+02:00,0.0,-4.68,1.24,-4.68,0.0,0.0
2023-03-27 06:00:00+02:00,0.0,-4.14,1.24,-4.14,0.0,0.0
2023-03-27 07:00:00+02:00,6.36,-4.2,1.17,-4.00728907850243,0.007611973641435801,0.007611973641435801
2023-03-27 08:00:00+02:00,85.39,-4.07,1.24,-1.5196439835611204,0.6507155053160893,0.6507155053160893
2023-03-27 09:00:00+02:00,186.01000000000002,-3.48,1.31,1.9972617519228284,1.4504103199961418,1.4504103199961418
2023-03-27 10:00:00+02:00,333.51,-2.62,1.59,6.676290515001839,2.588631873944383,2.588631873944383
2023-03-27 11:00:00+02:00,500.76000000000005,-2.02,1.59,11.938233451147857,3.829923195499786,3.829923195499786
2023-03-27 12:00:00+02:00,719.76,-1.89,1.66,17.908428800915434,5.393778421413675,5.393778421413675
2023-03-27 13:00:00+02:00,809.39,-1.86,1.72,20.1553516406998,5.7,5.7
2023-03-27 14:00:00+02:00,874.01,-2.41,1.72,21.363011141091476,5.7,5.7
2023-03-27 15:00:00+02:00,881.98,-2.45,1.66,21.810612195497658,5.7,5.7
2023-03-27 16:00:00+02:00,607.68,-2.71,1.79,13.606360394806085,4.622566339229239,4.622566339229239
2023-03-27 17:00:00+02:00,364.27,-3.1,1.59,7.053697777876886,2.8264024353221338,2.8264024353221338
2023-03-27 18:00:00+02:00,185.0,-3.98,1.52,1.2464611490304214,1.4459234838645116,1.4459234838645116
2023-03-27 19:00:00+02:00,10.77,-4.5,1.59,-4.199795961600643,0.043909963684631334,0.043909963684631334
2023-03-27 20:00:00+02:00,0.0,-5.84,1.17,-5.84,0.0,0.0
2023-03-27 21:00:00+02:00,0.0,-6.84,1.38,-6.84,0.0,0.0
2023-03-27 22:00:00+02:00,0.0,-6.92,1.52,-6.92,0.0,0.0
2023-03-27 23:00:00+02:00,0.0,-7.1,1.31,-7.1,0.0,0.0
2023-03-28 00:00:00+02:00,0.0,-6.7,1.45,-6.7,0.0,0.0
2023-03-28 01:00:00+02:00,0.0,-6.57,1.52,-6.57,0.0,0.0
2023-03-28 02:00:00+02:00,0.0,-6.99,1.38,-6.99,0.0,0.0
2023-03-28 03:00:00+02:00,0.0,-7.77,1.03,-7.77,0.0,0.0
2023-03-28 04:00:00+02:00,0.0,-8.52,0.9,-8.52,0.0,0.0
2023-03-28 05:00:00+02:00,0.0,-9.04,0.76,-9.04,0.0,0.0
2023-03-28 06:00:00+02:00,0.0,-9.73,0.62,-9.73,0.0,0.0
2023-03-28 07:00:00+02:00,10.25,-10.14,0.55,-9.783627007857591,0.04112850518075027,0.04112850518075027
2023-03-28 08:00:00+02:00,181.82,-10.08,0.55,-3.7584646408455606,1.444000280894373,1.444000280894373
2023-03-28 09:00:00+02:00,466.19,-8.2,0.62,7.7431342507728935,3.6148645595723283,3.6148645595723283
2023-03-28 10:00:00+02:00,746.0400000000001,-6.39,0.62,19.123665836776013,5.566733824574215,5.566733824574215
2023-03-28 11:00:00+02:00,964.45,-4.23,0.76,27.70712249655611,5.7,5.7
2023-03-28 12:00:00+02:00,1093.8899999999999,-2.04,0.83,33.61807831223188,5.7,5.7
2023-03-28 13:00:00+02:00,1056.4,-0.55,0.83,33.88599807022806,5.7,5.7
2023-03-28 14:00:00+02:00,872.29,0.47,0.83,28.90447250726924,5.7,5.7
2023-03-28 15:00:00+02:00,548.3100000000001,0.43,0.83,18.303534742414563,4.104871239618346,4.104871239618346
2023-03-28 16:00:00+02:00,438.74,1.29,0.83,15.59182676385068,3.3124525474837863,3.3124525474837863
2023-03-28 17:00:00+02:00,263.06,0.82,0.83,9.395098118472351,2.016441114475004,2.016441114475004
2023-03-28 18:00:00+02:00,163.04,1.15,0.62,6.7257708407430705,1.2462997672198706,1.2462997672198706
2023-03-28 19:00:00+02:00,11.5,0.83,0.48,1.236601798947785,0.048280196177469065,0.048280196177469065
2023-03-28 20:00:00+02:00,0.0,0.08,0.34,0.08,0.0,0.0
2023-03-28 21:00:00+02:00,0.0,-1.6,0.28,-1.6,0.0,0.0
2023-03-28 22:00:00+02:00,0.0,-2.1,0.41,-2.1,0.0,0.0
2023-03-28 23:00:00+02:00,0.0,-2.53,0.48,-2.53,0.0,0.0
2023-03-29 00:00:00+02:00,0.0,-2.99,0.41,-2.99,0.0,0.0
2023-03-29 01:00:00+02:00,0.0,-3.39,0.41,-3.39,0.0,0.0
2023-03-29 02:00:00+02:00,0.0,-3.15,0.41,-3.15,0.0,0.0
2023-03-29 03:00:00+02:00,0.0,-2.91,0.48,-2.91,0.0,0.0
2023-03-29 04:00:00+02:00,0.0,-2.71,0.48,-2.71,0.0,0.0
2023-03-29 05:00:00+02:00,0.0,-2.53,0.55,-2.53,0.0,0.0
2023-03-29 06:00:00+02:00,0.0,-2.36,0.55,-2.36,0.0,0.0
2023-03-29 07:00:00+02:00,7.36,-2.21,0.62,-1.9582969002216082,0.015437213725847651,0.015437213725847651
2023-03-29 08:00:00+02:00,81.91999999999999,-1.76,0.62,1.0415649366638393,0.617034102356458,0.617034102356458
2023-03-29 09:00:00+02:00,187.01000000000002,-0.53,0.62,5.8655158545593835,1.4396492730307278,1.4396492730307278
2023-03-29 10:00:00+02:00,367.60999999999996,0.77,0.76,12.943161491999575,2.7967219430561303,2.7967219430561303
2023-03-29 11:00:00+02:00,604.52,1.4,0.83,21.105840167942315,4.482539836120581,4.482539836120581
2023-03-29 12:00:00+02:00,834.4300000000001,2.66,0.97,29.0369646085956,5.7,5.7
2023-03-29 13:00:00+02:00,997.18,3.38,1.17,33.59501205958282,5.7,5.7
2023-03-29 14:00:00+02:00,819.56,4.14,1.31,28.272813512208337,5.7,5.7
2023-03-29 15:00:00+02:00,638.99,4.49,1.24,23.57481076173182,4.697570145149804,4.697570145149804
2023-03-29 16:00:00+02:00,467.3,4.75,1.1,19.117851432788093,3.4868770294052625,3.4868770294052625
2023-03-29 17:00:00+02:00,371.16,5.17,0.9,17.082954166131728,2.7843554905798813,2.7843554905798813
2023-03-29 18:00:00+02:00,173.91,5.2,0.76,10.958914379569778,1.3129927138759123,1.3129927138759123
2023-03-29 19:00:00+02:00,10.66,4.72,0.62,5.0845591091898985,0.040421111766678106,0.040421111766678106
2023-03-29 20:00:00+02:00,0.0,3.79,0.48,3.79,0.0,0.0
2023-03-29 21:00:00+02:00,0.0,3.08,0.41,3.08,0.0,0.0
2023-03-29 22:00:00+02:00,0.0,2.66,0.34,2.66,0.0,0.0
2023-03-29 23:00:00+02:00,0.0,2.21,0.34,2.21,0.0,0.0
2023-03-30 00:00:00+02:00,0.0,1.99,0.28,1.99,0.0,0.0
2023-03-30 01:00:00+02:00,0.0,1.94,0.21,1.94,0.0,0.0
2023-03-30 02:00:00+02:00,0.0,1.9,0.21,1.9,0.0,0.0
2023-03-30 03:00:00+02:00,0.0,1.9,0.21,1.9,0.0,0.0
2023-03-30 04:00:00+02:00,0.0,1.92,0.14,1.92,0.0,0.0
2023-03-30 05:00:00+02:00,0.0,2.05,0.14,2.05,0.0,0.0
2023-03-30 06:00:00+02:00,0.0,1.94,0.21,1.94,0.0,0.0
2023-03-30 07:00:00+02:00,13.280000000000001,1.78,0.28,2.2734014980382833,0.06230410592718246,0.06230410592718246
2023-03-30 08:00:00+02:00,88.66999999999999,1.55,0.34,4.79494247152853,0.6628040912274068,0.6628040912274068
2023-03-30 09:00:00+02:00,247.11,2.17,0.28,11.351057543692784,1.8794905707209157,1.8794905707209157
2023-03-30 10:00:00+02:00,439.45000000000005,3.41,0.48,18.947492221530805,3.2798953498974086,3.2798953498974086
2023-03-30 11:00:00+02:00,678.25,4.0,0.48,27.980666968376987,4.909314240586539,4.909314240586539
2023-03-30 12:00:00+02:00,700.21,4.95,0.34,30.574688936382,5.0214936308870435,5.0214936308870435
2023-03-30 13:00:00+02:00,654.21,5.26,0.48,28.39069242518527,4.7287553702103535,4.7287553702103535
2023-03-30 14:00:00+02:00,476.15000000000003,4.48,0.69,20.501413477974133,3.536286728651444,3.536286728651444
2023-03-30 15:00:00+02:00,520.25,4.16,0.69,21.665282709053958,3.8495012270739575,3.8495012270739575
2023-03-30 16:00:00+02:00,375.47,4.14,0.83,16.37938299453666,2.8238101546792542,2.8238101546792542
2023-03-30 17:00:00+02:00,276.59999999999997,3.55,0.97,12.293535600035405,2.101275618669784,2.101275618669784
2023-03-30 18:00:00+02:00,140.74,3.22,0.69,7.955595364675164,1.0656626397753373,1.0656626397753373
2023-03-30 19:00:00+02:00,13.18,2.77,0.69,3.21347837790549,0.06117527529189787,0.06117527529189787
2023-03-30 20:00:00+02:00,0.0,2.6,0.48,2.6,0.0,0.0
2023-03-30 21:00:00+02:00,0.0,2.12,0.48,2.12,0.0,0.0
2023-03-30 22:00:00+02:00,0.0,1.28,0.34,1.28,0.0,0.0
2023-03-30 23:00:00+02:00,0.0,0.13,0.34,0.13,0.0,0.0
2023-03-31 00:00:00+02:00,0.0,-0.32,0.28,-0.32,0.0,0.0
2023-03-31 01:00:00+02:00,0.0,-0.81,0.21,-0.81,0.0,0.0
2023-03-31 02:00:00+02:00,0.0,-0.98,0.21,-0.98,0.0,0.0
2023-03-31 03:00:00+02:00,0.0,-1.3,0.21,-1.3,0.0,0.0
2023-03-31 04:00:00+02:00,0.0,-1.92,0.14,-1.92,0.0,0.0
2023-03-31 05:00:00+02:00,0.0,-1.73,0.21,-1.73,0.0,0.0
2023-03-31 06:00:00+02:00,0.0,-1.61,0.14,-1.61,0.0,0.0
2023-03-31 07:00:00+02:00,9.02,-1.38,0.21,-1.038803770558775,0.02877483339983955,0.02877483339983955
2023-03-31 08:00:00+02:00,94.84,-1.05,0.21,2.5374778714197097,0.7175243629355065,0.7175243629355065
2023-03-31 09:00:00+02:00,205.01999999999998,0.8,0.21,8.555216292687355,1.5677793433390266,1.5677793433390266
2023-03-31 10:00:00+02:00,253.98999999999998,1.91,0.28,11.346675187254785,1.9328562489628545,1.9328562489628545
2023-03-31 11:00:00+02:00,264.26,1.86,0.34,11.53078490499751,2.011192011356937,2.011192011356937
2023-03-31 12:00:00+02:00,424.79999999999995,1.75,0.62,16.277646302426746,3.1990616983766356,3.1990616983766356
2023-03-31 13:00:00+02:00,736.5500000000001,1.81,0.83,25.819687976738425,5.3705614810513405,5.3705614810513405
2023-03-31 14:00:00+02:00,710.58,1.97,0.9,24.77716394915907,5.200775896278897,5.200775896278897
2023-03-31 15:00:00+02:00,418.83,2.21,1.03,15.279976158675868,3.164561085047959,3.164561085047959
2023-03-31 16:00:00+02:00,372.07,1.95,0.9,13.892162023366286,2.82186770301069,2.82186770301069
2023-03-31 17:00:00+02:00,199.9,1.37,1.1,7.516230475956217,1.5330393761453536,1.5330393761453536
2023-03-31 18:00:00+02:00,112.25,0.88,1.03,4.382864703606156,0.8517734490287389,0.8517734490287389
2023-03-31 19:00:00+02:00,16.0,0.17,0.97,0.6757721243693654,0.08487523776351807,0.08487523776351807
2023-03-31 20:00:00+02:00,0.0,-0.67,0.9,-0.67,0.0,0.0
2023-03-31 21:00:00+02:00,0.0,-1.37,1.24,-1.37,0.0,0.0
2023-03-31 22:00:00+02:00,0.0,-1.69,1.1,-1.69,0.0,0.0
2023-03-31 23:00:00+02:00,0.0,-1.94,1.1,-1.94,0.0,0.0
2023-04-01 00:00:00+02:00,0.0,-2.38,1.1,-2.38,0.0,0.0
2023-04-01 01:00:00+02:00,0.0,-2.46,1.03,-2.46,0.0,0.0
2023-04-01 02:00:00+02:00,0.0,-2.46,0.97,-2.46,0.0,0.0
2023-04-01 03:00:00+02:00,0.0,-2.49,1.1,-2.49,0.0,0.0
2023-04-01 04:00:00+02:00,0.0,-2.39,1.03,-2.39,0.0,0.0
2023-04-01 05:00:00+02:00,0.0,-2.8,1.1,-2.8,0.0,0.0
2023-04-01 06:00:00+02:00,0.0,-2.92,1.03,-2.92,0.0,0.0
2023-04-01 07:00:00+02:00,12.83,-2.62,0.97,-2.214433977771315,0.060183492865370045,0.060183492865370045
2023-04-01 08:00:00+02:00,142.24,-2.61,0.97,1.8863141856436587,1.099905126555249,1.099905126555249
2023-04-01 09:00:00+02:00,343.16,-1.94,1.1,8.610977739515436,2.647230608555786,2.647230608555786
2023-04-01 10:00:00+02:00,642.47,-1.16,1.1,18.593720329602753,4.8049256644046405,4.8049256644046405
2023-04-01 11:00:00+02:00,749.13,0.48,1.38,22.2322474389649,5.530369426186561,5.530369426186561
2023-04-01 12:00:00+02:00,979.6899999999999,0.95,1.52,28.62736066537088,5.7,5.7
2023-04-01 13:00:00+02:00,1023.8,1.51,1.72,29.3572887109409,5.7,5.7
2023-04-01 14:00:00+02:00,903.7599999999999,1.87,1.66,26.72971436744933,5.7,5.7
2023-04-01 15:00:00+02:00,853.04,1.81,1.38,26.579448767683335,5.7,5.7
2023-04-01 16:00:00+02:00,587.28,1.92,1.31,19.213082531418948,4.383173075527491,4.383173075527491
2023-04-01 17:00:00+02:00,377.14,1.62,1.17,13.047515241131055,2.8688891709470177,2.8688891709470177
2023-04-01 18:00:00+02:00,203.95,1.19,0.83,7.838259945496981,1.5631864216993065,1.5631864216993065
2023-04-01 19:00:00+02:00,15.690000000000001,0.53,0.83,1.0414547611907214,0.08221624294376394,0.08221624294376394
2023-04-01 20:00:00+02:00,0.0,0.46,0.76,0.46,0.0,0.0
2023-04-01 21:00:00+02:00,0.0,-0.12,0.69,-0.12,0.0,0.0
2023-04-01 22:00:00+02:00,0.0,-0.58,0.83,-0.58,0.0,0.0
2023-04-01 23:00:00+02:00,0.0,-0.99,0.9,-0.99,0.0,0.0
2023-04-02 00:00:00+02:00,0.0,-1.58,0.97,-1.58,0.0,0.0
2023-04-02 01:00:00+02:00,0.0,-1.89,0.97,-1.89,0.0,0.0
2023-04-02 02:00:00+02:00,0.0,-2.1,0.97,-2.1,0.0,0.0
2023-04-02 03:00:00+02:00,0.0,-2.35,0.9,-2.35,0.0,0.0
2023-04-02 04:00:00+02:00,0.0,-2.52,0.9,-2.52,0.0,0.0
2023-04-02 05:00:00+02:00,0.0,-2.95,0.9,-2.95,0.0,0.0
2023-04-02 06:00:00+02:00,0.0,-3.36,1.03,-3.36,0.0,0.0
2023-04-02 07:00:00+02:00,12.879999999999999,-3.23,0.97,-2.822853439882661,0.0607966249804499,0.0607966249804499
2023-04-02 08:00:00+02:00,144.28,-2.91,0.9,1.7208897162665302,1.1168986382747255,1.1168986382747255
2023-04-02 09:00:00+02:00,400.08,-2.3,0.97,10.34683196985598,3.0727240252329904,3.0727240252329904
2023-04-02 10:00:00+02:00,560.45,-0.46,1.03,17.02935878072223,4.2141726359525205,4.2141726359525205
2023-04-02 11:00:00+02:00,831.5699999999999,0.53,1.03,26.479908254590388,5.7,5.7
2023-04-02 12:00:00+02:00,920.2,1.25,0.97,30.338219302793128,5.7,5.7
2023-04-02 13:00:00+02:00,1038.3,1.75,0.9,35.07584413917063,5.7,5.7
2023-04-02 14:00:00+02:00,963.6899999999999,2.26,0.97,32.722971158344606,5.7,5.7
2023-04-02 15:00:00+02:00,752.03,2.39,1.03,25.85778924768764,5.482223186447161,5.482223186447161
2023-04-02 16:00:00+02:00,645.24,2.21,1.03,22.34530887621235,4.7637351850145695,4.7637351850145695
2023-04-02 17:00:00+02:00,377.12,2.12,1.1,13.71512975033821,2.8622437795396816,2.8622437795396816
2023-04-02 18:00:00+02:00,205.66,1.49,0.97,7.991068443612731,1.575803821099101,1.575803821099101
2023-04-02 19:00:00+02:00,15.17,1.03,0.83,1.5245040616483903,0.07782084292622134,0.07782084292622134
2023-04-02 20:00:00+02:00,0.0,1.12,0.69,1.12,0.0,0.0
2023-04-02 21:00:00+02:00,0.0,0.13,0.69,0.13,0.0,0.0
2023-04-02 22:00:00+02:00,0.0,-0.28,0.69,-0.28,0.0,0.0
2023-04-02 23:00:00+02:00,0.0,-0.53,0.69,-0.53,0.0,0.0
2023-04-03 00:00:00+02:00,0.0,-0.81,0.69,-0.81,0.0,0.0
2023-04-03 01:00:00+02:00,0.0,-1.12,0.62,-1.12,0.0,0.0
2023-04-03 02:00:00+02:00,0.0,-1.44,0.62,-1.44,0.0,0.0
2023-04-03 03:00:00+02:00,0.0,-2.39,0.62,-2.39,0.0,0.0
2023-04-03 04:00:00+02:00,0.0,-2.83,0.69,-2.83,0.0,0.0
2023-04-03 05:00:00+02:00,0.0,-3.19,0.69,-3.19,0.0,0.0
2023-04-03 06:00:00+02:00,0.0,-3.54,0.69,-3.54,0.0,0.0
2023-04-03 07:00:00+02:00,13.0,-3.85,0.76,-3.41951361661545,0.06198150791459242,0.06198150791459242
2023-04-03 08:00:00+02:00,116.87,-3.87,0.69,0.06242170150338522,0.9017281963036508,0.9017281963036508
2023-04-03 09:00:00+02:00,363.26,-2.17,1.03,9.1658630933806,2.7987037858055577,2.7987037858055577
2023-04-03 10:00:00+02:00,587.42,-0.97,1.1,17.09112409297749,4.416134806796368,4.416134806796368
2023-04-03 11:00:00+02:00,828.38,-0.09,1.17,25.010294520464928,5.7,5.7
2023-04-03 12:00:00+02:00,1011.31,0.67,1.1,31.76426884762022,5.7,5.7
2023-04-03 13:00:00+02:00,1077.53,1.16,1.17,33.80965396875416,5.7,5.7
2023-04-03 14:00:00+02:00,1026.35,1.4,1.31,31.621964405601815,5.7,5.7
2023-04-03 15:00:00+02:00,900.68,1.46,1.31,27.981477956678955,5.7,5.7
2023-04-03 16:00:00+02:00,624.63,1.2,1.38,19.337180886896327,4.659815273482323,4.659815273482323
2023-04-03 17:00:00+02:00,462.34,0.65,1.31,14.264091706811463,3.5073886242039753,3.5073886242039753
2023-04-03 18:00:00+02:00,193.65,0.12,1.17,5.9876839540887445,1.4915583061371172,1.4915583061371172
2023-04-03 19:00:00+02:00,15.420000000000002,-0.68,0.97,-0.1925621151390241,0.08053014887693988,0.08053014887693988
2023-04-03 20:00:00+02:00,0.0,-2.19,0.9,-2.19,0.0,0.0
2023-04-03 21:00:00+02:00,0.0,-2.86,0.83,-2.86,0.0,0.0
2023-04-03 22:00:00+02:00,0.0,-3.57,0.76,-3.57,0.0,0.0
2023-04-03 23:00:00+02:00,0.0,-4.84,0.62,-4.84,0.0,0.0
2023-04-04 00:00:00+02:00,0.0,-5.4,0.48,-5.4,0.0,0.0
2023-04-04 01:00:00+02:00,0.0,-5.89,0.41,-5.89,0.0,0.0
2023-04-04 02:00:00+02:00,0.0,-6.41,0.21,-6.41,0.0,0.0
2023-04-04 03:00:00+02:00,0.0,-6.72,0.21,-6.72,0.0,0.0
2023-04-04 04:00:00+02:00,0.0,-7.23,0.21,-7.23,0.0,0.0
2023-04-04 05:00:00+02:00,0.0,-7.66,0.34,-7.66,0.0,0.0
2023-04-04 06:00:00+02:00,0.0,-7.76,0.55,-7.76,0.0,0.0
2023-04-04 07:00:00+02:00,18.51,-7.89,0.55,-7.246442528335999,0.10901861729051045,0.10901861729051045
2023-04-04 08:00:00+02:00,158.27,-7.8,0.55,-2.297253320353243,1.2457296301704444,1.2457296301704444
2023-04-04 09:00:00+02:00,411.94,-6.49,0.48,8.07483000509136,3.1885728586058146,3.1885728586058146
2023-04-04 10:00:00+02:00,685.32,-4.52,0.69,18.539529737950716,5.1255555819527645,5.1255555819527645
2023-04-04 11:00:00+02:00,928.32,-3.13,0.83,27.130910382955424,5.7,5.7
2023-04-04 12:00:00+02:00,1042.6999999999998,-1.96,0.9,31.50706894338169,5.7,5.7
2023-04-04 13:00:00+02:00,1073.5000000000002,-1.2,0.9,33.255642572859166,5.7,5.7
2023-04-04 14:00:00+02:00,1085.28,-0.66,0.9,34.173739889587885,5.7,5.7
2023-04-04 15:00:00+02:00,894.34,-0.33,1.03,27.57870395566263,5.7,5.7
2023-04-04 16:00:00+02:00,766.09,-0.3,1.03,23.606544505885434,5.62815694892207,5.62815694892207
2023-04-04 17:00:00+02:00,513.8199999999999,-0.4,1.1,15.398179805681956,3.8844501179127002,3.8844501179127002
2023-04-04 18:00:00+02:00,229.80999999999997,-0.82,1.03,6.351432851097823,1.7750904137796215,1.7750904137796215
2023-04-04 19:00:00+02:00,14.350000000000001,-1.93,0.76,-1.4548092614178234,0.07231771866807904,0.07231771866807904
2023-04-04 20:00:00+02:00,0.0,-2.23,0.62,-2.23,0.0,0.0
2023-04-04 21:00:00+02:00,0.0,-3.89,0.62,-3.89,0.0,0.0
2023-04-04 22:00:00+02:00,0.0,-4.79,0.48,-4.79,0.0,0.0
2023-04-04 23:00:00+02:00,0.0,-5.65,0.41,-5.65,0.0,0.0
2023-04-05 00:00:00+02:00,0.0,-6.51,0.41,-6.51,0.0,0.0
2023-04-05 01:00:00+02:00,0.0,-7.05,0.28,-7.05,0.0,0.0
2023-04-05 02:00:00+02:00,0.0,-7.18,0.28,-7.18,0.0,0.0
2023-04-05 03:00:00+02:00,0.0,-6.75,0.21,-6.75,0.0,0.0
2023-04-05 04:00:00+02:00,0.0,-6.66,0.14,-6.66,0.0,0.0
2023-04-05 05:00:00+02:00,0.0,-6.87,0.14,-6.87,0.0,0.0
2023-04-05 06:00:00+02:00,0.0,-6.93,0.21,-6.93,0.0,0.0
2023-04-05 07:00:00+02:00,18.51,-6.85,0.21,-6.149829023618949,0.10848874607333595,0.10848874607333595
2023-04-05 08:00:00+02:00,176.14999999999998,-6.71,0.34,-0.26366396346283416,1.381746066324759,1.381746066324759
2023-04-05 09:00:00+02:00,431.9,-5.62,0.48,9.650549301352036,3.326538219494805,3.326538219494805
2023-04-05 10:00:00+02:00,671.75,-3.34,0.69,19.262928706981253,5.011941792773418,5.011941792773418
2023-04-05 11:00:00+02:00,832.4699999999999,-2.06,0.76,25.50669227508742,5.7,5.7
2023-04-05 12:00:00+02:00,950.71,-1.31,0.83,29.680768388249255,5.7,5.7
2023-04-05 13:00:00+02:00,1027.7,-0.8,0.9,32.18562074720761,5.7,5.7
2023-04-05 14:00:00+02:00,1011.91,-0.19,1.1,30.922716763005777,5.7,5.7
2023-04-05 15:00:00+02:00,959.24,0.05,1.1,29.54329725740991,5.7,5.7
2023-04-05 16:00:00+02:00,737.4200000000001,0.23,1.38,21.642227926316526,5.455390127750026,5.455390127750026
2023-04-05 17:00:00+02:00,453.72999999999996,0.05,1.31,13.410561124132814,3.4517152246731104,3.4517152246731104
2023-04-05 18:00:00+02:00,217.14,-0.48,1.03,6.2960538239736366,1.6754572050820955,1.6754572050820955
2023-04-05 19:00:00+02:00,15.139999999999999,-1.54,0.83,-1.0464738633252058,0.07859490818638627,0.07859490818638627
2023-04-05 20:00:00+02:00,0.0,-1.72,0.69,-1.72,0.0,0.0
2023-04-05 21:00:00+02:00,0.0,-2.91,0.62,-2.91,0.0,0.0
2023-04-05 22:00:00+02:00,0.0,-3.74,0.62,-3.74,0.0,0.0
2023-04-05 23:00:00+02:00,0.0,-4.48,0.55,-4.48,0.0,0.0
2023-04-06 00:00:00+02:00,0.0,-5.06,0.55,-5.06,0.0,0.0
2023-04-06 01:00:00+02:00,0.0,-5.95,0.48,-5.95,0.0,0.0
2023-04-06 02:00:00+02:00,0.0,-7.15,0.41,-7.15,0.0,0.0
2023-04-06 03:00:00+02:00,0.0,-7.92,0.34,-7.92,0.0,0.0
2023-04-06 04:00:00+02:00,0.0,-8.4,0.34,-8.4,0.0,0.0
2023-04-06 05:00:00+02:00,0.0,-8.99,0.28,-8.99,0.0,0.0
2023-04-06 06:00:00+02:00,0.0,-9.68,0.28,-9.68,0.0,0.0
2023-04-06 07:00:00+02:00,15.28,-10.06,0.28,-9.49229104743788,0.08310362078557038,0.08310362078557038
2023-04-06 08:00:00+02:00,208.31000000000003,-9.11,0.34,-1.4867456158327705,1.6478011699504922,1.6478011699504922
2023-04-06 09:00:00+02:00,476.71,-7.3,0.41,9.84512810922012,3.6710118037325006,3.6710118037325006
2023-04-06 10:00:00+02:00,741.5,-3.64,0.69,21.309864735729956,5.491719881587582,5.491719881587582
2023-04-06 11:00:00+02:00,945.28,-1.61,0.83,29.203763968028372,5.7,5.7
2023-04-06 12:00:00+02:00,1065.07,-0.53,0.9,33.65506868660932,5.7,5.7
2023-04-06 13:00:00+02:00,1083.8700000000001,0.26,0.97,34.521952027514004,5.7,5.7
2023-04-06 14:00:00+02:00,986.78,1.07,1.03,31.86337935166577,5.7,5.7
2023-04-06 15:00:00+02:00,822.1,1.26,1.03,26.914388176700413,5.7,5.7
2023-04-06 16:00:00+02:00,601.32,1.53,1.03,20.294744797972864,4.471302511997012,4.471302511997012
2023-04-06 17:00:00+02:00,347.44,1.22,1.03,12.062185413103991,2.6496545616237386,2.6496545616237386
2023-04-06 18:00:00+02:00,149.4,0.81,0.9,5.605224033893954,1.1429298903492124,1.1429298903492124
2023-04-06 19:00:00+02:00,19.85,-0.15,0.76,0.5073195930910247,0.11612289031172501,0.11612289031172501
2023-04-06 20:00:00+02:00,0.0,-0.45,0.69,-0.45,0.0,0.0
2023-04-06 21:00:00+02:00,0.0,-1.03,0.76,-1.03,0.0,0.0
2023-04-06 22:00:00+02:00,0.0,-1.67,0.69,-1.67,0.0,0.0
2023-04-06 23:00:00+02:00,0.0,-2.17,0.55,-2.17,0.0,0.0
2023-04-07 00:00:00+02:00,0.0,-2.73,0.48,-2.73,0.0,0.0
2023-04-07 01:00:00+02:00,0.0,-3.29,0.48,-3.29,0.0,0.0
2023-04-07 02:00:00+02:00,0.0,-3.8,0.48,-3.8,0.0,0.0
2023-04-07 03:00:00+02:00,0.0,-4.17,0.55,-4.17,0.0,0.0
2023-04-07 04:00:00+02:00,0.0,-4.44,0.48,-4.44,0.0,0.0
2023-04-07 05:00:00+02:00,0.0,-4.65,0.34,-4.65,0.0,0.0
2023-04-07 06:00:00+02:00,0.0,-5.07,0.21,-5.07,0.0,0.0
2023-04-07 07:00:00+02:00,18.78,-5.32,0.14,-4.596512466483805,0.10996055047119188,0.10996055047119188
2023-04-07 08:00:00+02:00,122.47,-4.95,0.07,-0.1432587092013753,0.9476318711427435,0.9476318711427435
2023-04-07 09:00:00+02:00,195.66,-2.77,0.28,4.4994982760670545,1.5150026041009979,1.5150026041009979
2023-04-07 10:00:00+02:00,260.74,-1.86,0.41,7.517652457884362,2.01101750547992,2.01101750547992
2023-04-07 11:00:00+02:00,281.39,-1.57,0.21,9.074036253045044,2.1616923699682706,2.1616923699682706
2023-04-07 12:00:00+02:00,224.09000000000003,-1.22,0.21,7.2565701835348255,1.7247179469686296,1.7247179469686296
2023-04-07 13:00:00+02:00,383.75,-1.28,0.41,12.521772381349715,2.924817254338333,2.924817254338333
2023-04-07 14:00:00+02:00,482.65,-0.73,0.76,15.25263484158101,3.6498731031002514,3.6498731031002514
2023-04-07 15:00:00+02:00,460.11,-0.39,0.9,14.377941969444088,3.4890446091746865,3.4890446091746865
2023-04-07 16:00:00+02:00,418.40999999999997,-0.09,1.1,12.774653794121264,3.1883571998505738,3.1883571998505738
2023-04-07 17:00:00+02:00,241.06000000000003,0.0,1.03,7.522499469499333,1.8564844795143702,1.8564844795143702
2023-04-07 18:00:00+02:00,90.44,-0.38,0.97,2.478876932997838,0.6823580345976978,0.6823580345976978
2023-04-07 19:00:00+02:00,20.720000000000002,-1.06,0.83,-0.3845798182363449,0.12364993235245116,0.12364993235245116
2023-04-07 20:00:00+02:00,0.0,-1.81,0.69,-1.81,0.0,0.0
2023-04-07 21:00:00+02:00,0.0,-2.0,0.69,-2.0,0.0,0.0
2023-04-07 22:00:00+02:00,0.0,-2.39,0.69,-2.39,0.0,0.0
2023-04-07 23:00:00+02:00,0.0,-2.95,0.69,-2.95,0.0,0.0
2023-04-08 00:00:00+02:00,0.0,-3.76,0.48,-3.76,0.0,0.0
2023-04-08 01:00:00+02:00,0.0,-4.51,0.41,-4.51,0.0,0.0
2023-04-08 02:00:00+02:00,0.0,-5.31,0.41,-5.31,0.0,0.0
2023-04-08 03:00:00+02:00,0.0,-5.57,0.41,-5.57,0.0,0.0
2023-04-08 04:00:00+02:00,0.0,-6.55,0.34,-6.55,0.0,0.0
2023-04-08 05:00:00+02:00,0.0,-7.4,0.34,-7.4,0.0,0.0
2023-04-08 06:00:00+02:00,0.0,-7.95,0.41,-7.95,0.0,0.0
2023-04-08 07:00:00+02:00,22.16,-8.21,0.41,-7.413003841118673,0.13940829420582512,0.13940829420582512
2023-04-08 08:00:00+02:00,194.55,-7.63,0.41,-0.6329060148753429,1.532087513492929,1.532087513492929
2023-04-08 09:00:00+02:00,441.16,-4.85,0.48,10.74795214120043,3.385807556266749,3.385807556266749
2023-04-08 10:00:00+02:00,734.1,-2.41,0.62,22.695332275450742,5.411231529244786,5.411231529244786
2023-04-08 11:00:00+02:00,942.1600000000001,-0.13,0.9,30.11008216715882,5.7,5.7
2023-04-08 12:00:00+02:00,1029.02,0.94,1.1,32.57878981675071,5.7,5.7
2023-04-08 13:00:00+02:00,1042.72,1.89,1.17,33.484894978607876,5.7,5.7
2023-04-08 14:00:00+02:00,964.19,2.13,1.24,30.927608238554907,5.7,5.7
2023-04-08 15:00:00+02:00,842.67,2.62,1.38,27.088338405073287,5.7,5.7
2023-04-08 16:00:00+02:00,553.42,2.53,1.38,18.599478965829636,4.138981092789382,4.138981092789382
2023-04-08 17:00:00+02:00,319.75,2.22,1.31,11.6353779107431,2.4396367304620257,2.4396367304620257
2023-04-08 18:00:00+02:00,193.95,1.39,1.03,7.442388501241995,1.4866100594711749,1.4866100594711749
2023-04-08 19:00:00+02:00,17.380000000000003,0.89,0.97,1.4393949700962234,0.09569843268630868,0.09569843268630868
2023-04-08 20:00:00+02:00,0.0,0.97,0.76,0.97,0.0,0.0
2023-04-08 21:00:00+02:00,0.0,0.49,0.69,0.49,0.0,0.0
2023-04-08 22:00:00+02:00,0.0,-0.2,0.62,-0.2,0.0,0.0
2023-04-08 23:00:00+02:00,0.0,-1.16,0.55,-1.16,0.0,0.0
2023-04-09 00:00:00+02:00,0.0,-1.64,0.48,-1.64,0.0,0.0
2023-04-09 01:00:00+02:00,0.0,-2.08,0.41,-2.08,0.0,0.0
2023-04-09 02:00:00+02:00,0.0,-2.64,0.41,-2.64,0.0,0.0
2023-04-09 03:00:00+02:00,0.0,-3.83,0.34,-3.83,0.0,0.0
2023-04-09 04:00:00+02:00,0.0,-5.0,0.34,-5.0,0.0,0.0
2023-04-09 05:00:00+02:00,0.0,-6.63,0.28,-6.63,0.0,0.0
2023-04-09 06:00:00+02:00,0.0,-7.87,0.28,-7.87,0.0,0.0
2023-04-09 07:00:00+02:00,23.64,-8.41,0.34,-7.54487718476447,0.1517782601628792,0.1517782601628792
2023-04-09 08:00:00+02:00,191.72,-7.74,0.28,-0.6168874093449057,1.5091507596570057,1.5091507596570057
2023-04-09 09:00:00+02:00,462.81,-5.16,0.34,11.776865064262083,3.540563459899121,3.540563459899121
2023-04-09 10:00:00+02:00,732.95,-1.92,0.41,24.440935679245015,5.370177478239242,5.370177478239242
2023-04-09 11:00:00+02:00,918.91,0.78,0.55,32.72875182532508,5.7,5.7
2023-04-09 12:00:00+02:00,940.79,2.18,0.62,34.353880331591476,5.7,5.7
2023-04-09 13:00:00+02:00,1045.74,3.29,0.55,39.64838954175649,5.7,5.7
2023-04-09 14:00:00+02:00,1084.47,3.87,0.62,40.95756258378704,5.7,5.7
2023-04-09 15:00:00+02:00,930.94,3.76,0.83,34.10631583064948,5.7,5.7
2023-04-09 16:00:00+02:00,750.8699999999999,3.96,0.9,28.060333804082678,5.431662060134619,5.431662060134619
2023-04-09 17:00:00+02:00,468.94,3.82,0.9,18.87135447425857,3.502144788445576,3.502144788445576
2023-04-09 18:00:00+02:00,221.85999999999999,3.99,0.62,11.57734371152636,1.6823305664400872,1.6823305664400872
2023-04-09 19:00:00+02:00,17.650000000000002,3.64,0.62,4.24360865639791,0.09658628181741694,0.09658628181741694
2023-04-09 20:00:00+02:00,0.0,2.55,0.62,2.55,0.0,0.0
2023-04-09 21:00:00+02:00,0.0,0.71,0.48,0.71,0.0,0.0
2023-04-09 22:00:00+02:00,0.0,-0.43,0.41,-0.43,0.0,0.0
2023-04-09 23:00:00+02:00,0.0,-1.41,0.34,-1.41,0.0,0.0
2023-04-10 00:00:00+02:00,0.0,-2.12,0.28,-2.12,0.0,0.0
2023-04-10 01:00:00+02:00,0.0,-2.65,0.21,-2.65,0.0,0.0
2023-04-10 02:00:00+02:00,0.0,-2.95,0.21,-2.95,0.0,0.0
2023-04-10 03:00:00+02:00,0.0,-3.16,0.14,-3.16,0.0,0.0
2023-04-10 04:00:00+02:00,0.0,-3.36,0.21,-3.36,0.0,0.0
2023-04-10 05:00:00+02:00,0.0,-3.45,0.21,-3.45,0.0,0.0
2023-04-10 06:00:00+02:00,0.0,-3.48,0.14,-3.48,0.0,0.0
2023-04-10 07:00:00+02:00,27.77,-3.46,0.14,-2.390178444848522,0.1823453119557245,0.1823453119557245
2023-04-10 08:00:00+02:00,176.61,-3.07,0.07,3.86164513242382,1.3665470387358165,1.3665470387358165
2023-04-10 09:00:00+02:00,430.34999999999997,-1.24,0.14,15.338959534009307,3.251528069358381,3.251528069358381
2023-04-10 10:00:00+02:00,704.8599999999999,1.39,0.28,27.578176197836164,5.108663488848331,5.108663488848331
2023-04-10 11:00:00+02:00,859.5699999999999,3.16,0.41,34.07489116830429,5.7,5.7
2023-04-10 12:00:00+02:00,1023.52,4.25,0.34,41.706451093480105,5.7,5.7
2023-04-10 13:00:00+02:00,955.4600000000002,5.17,0.21,41.31183474300587,5.7,5.7
2023-04-10 14:00:00+02:00,902.3699999999999,5.47,0.34,38.49287964399683,5.7,5.7
2023-04-10 15:00:00+02:00,709.7,5.82,0.48,30.912634496803758,5.083239723369161,5.083239723369161
2023-04-10 16:00:00+02:00,429.85,6.1,0.41,21.559783343643453,3.178885647405793,3.178885647405793
2023-04-10 17:00:00+02:00,256.48,6.16,0.34,15.546070205228796,1.9242689234923698,1.9242689234923698
2023-04-10 18:00:00+02:00,137.09,5.71,0.21,10.89565311464496,1.0264573903764476,1.0264573903764476
2023-04-10 19:00:00+02:00,25.400000000000002,5.12,0.28,6.063704672452741,0.15737590830652406,0.15737590830652406
2023-04-10 20:00:00+02:00,0.0,4.32,0.41,4.32,0.0,0.0
2023-04-10 21:00:00+02:00,0.0,3.51,0.21,3.51,0.0,0.0
2023-04-10 22:00:00+02:00,0.0,2.86,0.48,2.86,0.0,0.0
2023-04-10 23:00:00+02:00,0.0,2.35,0.41,2.35,0.0,0.0
2023-04-11 00:00:00+02:00,0.0,1.94,0.41,1.94,0.0,0.0
2023-04-11 01:00:00+02:00,0.0,1.75,0.34,1.75,0.0,0.0
2023-04-11 02:00:00+02:00,0.0,1.52,0.28,1.52,0.0,0.0
2023-04-11 03:00:00+02:00,0.0,1.32,0.34,1.32,0.0,0.0
2023-04-11 04:00:00+02:00,0.0,1.1,0.41,1.1,0.0,0.0
2023-04-11 05:00:00+02:00,0.0,0.86,0.41,0.86,0.0,0.0
2023-04-11 06:00:00+02:00,0.0,0.63,0.48,0.63,0.0,0.0
2023-04-11 07:00:00+02:00,24.4,0.4,0.55,1.2483415617829081,0.15249135368269295,0.15249135368269295
2023-04-11 08:00:00+02:00,86.32000000000001,0.38,0.62,3.3320396158791827,0.6473712067864087,0.6473712067864087
2023-04-11 09:00:00+02:00,148.81,0.65,0.69,5.657133339614262,1.138051463177756,1.138051463177756
2023-04-11 10:00:00+02:00,201.52,0.87,0.83,7.439048022635704,1.546183548754969,1.546183548754969
2023-04-11 11:00:00+02:00,311.47,1.24,0.9,11.237111310822957,2.378857289316664,2.378857289316664
2023-04-11 12:00:00+02:00,441.75000000000006,1.64,0.9,15.818649377327002,3.332732118855672,3.332732118855672
2023-04-11 13:00:00+02:00,581.27,2.48,1.24,19.840878811048455,4.328959464272533,4.328959464272533
2023-04-11 14:00:00+02:00,566.81,2.86,1.31,19.55032166876715,4.225420897770359,4.225420897770359
2023-04-11 15:00:00+02:00,498.72999999999996,3.12,1.38,17.60146298404144,3.741825532936538,3.741825532936538
2023-04-11 16:00:00+02:00,511.3299999999999,3.02,1.38,17.867325141118258,3.8331666173688745,3.8331666173688745
2023-04-11 17:00:00+02:00,328.76,2.9,1.24,12.719124534072446,2.5000401078712438,2.5000401078712438
2023-04-11 18:00:00+02:00,163.81,2.5,1.1,7.536588365514697,1.2489295396658031,1.2489295396658031
2023-04-11 19:00:00+02:00,26.15,2.09,1.03,2.9060348507732825,0.16549401907917696,0.16549401907917696
2023-04-11 20:00:00+02:00,0.0,2.33,0.69,2.33,0.0,0.0
2023-04-11 21:00:00+02:00,0.0,1.79,0.62,1.79,0.0,0.0
2023-04-11 22:00:00+02:00,0.0,1.44,0.62,1.44,0.0,0.0
2023-04-11 23:00:00+02:00,0.0,0.99,0.55,0.99,0.0,0.0
2023-04-12 00:00:00+02:00,0.0,0.88,0.62,0.88,0.0,0.0
2023-04-12 01:00:00+02:00,0.0,0.48,0.83,0.48,0.0,0.0
2023-04-12 02:00:00+02:00,0.0,0.72,0.48,0.72,0.0,0.0
2023-04-12 03:00:00+02:00,0.0,0.4,0.62,0.4,0.0,0.0
2023-04-12 04:00:00+02:00,0.0,0.31,0.34,0.31,0.0,0.0
2023-04-12 05:00:00+02:00,0.0,-0.23,0.34,-0.23,0.0,0.0
2023-04-12 06:00:00+02:00,0.0,-0.75,0.41,-0.75,0.0,0.0
2023-04-12 07:00:00+02:00,21.3,-0.85,0.34,-0.07051116901367216,0.12818513253201885,0.12818513253201885
2023-04-12 08:00:00+02:00,142.88,-0.4,0.28,4.908524551182975,1.0938191688805692,1.0938191688805692
2023-04-12 09:00:00+02:00,337.24,1.75,0.21,14.506653704740435,2.5497310465714005,2.5497310465714005
2023-04-12 10:00:00+02:00,446.87,3.09,0.41,19.161916675058624,3.333140197548608,3.333140197548608
2023-04-12 11:00:00+02:00,691.81,3.75,0.34,29.067284890359222,4.9880350139975,4.9880350139975
2023-04-12 12:00:00+02:00,817.83,4.5,0.48,33.415752107258015,5.7,5.7
2023-04-12 13:00:00+02:00,806.15,4.64,0.69,31.76519683979596,5.7,5.7
2023-04-12 14:00:00+02:00,796.05,4.83,0.69,31.615353773267472,5.684834057164837,5.684834057164837
2023-04-12 15:00:00+02:00,521.38,4.53,0.83,21.52568409111653,3.8597538171106867,3.8597538171106867
2023-04-12 16:00:00+02:00,418.72,4.43,0.83,18.07922483147093,3.1335404332277825,3.1335404332277825
2023-04-12 17:00:00+02:00,185.14000000000001,4.85,0.69,11.079558944265738,1.3998013941512883,1.3998013941512883
2023-04-12 18:00:00+02:00,86.23,4.33,0.48,7.3788063585450026,0.6375630855672131,0.6375630855672131
2023-04-12 19:00:00+02:00,9.850000000000001,3.33,0.21,3.702592334811094,0.034312172865448895,0.034312172865448895
2023-04-12 20:00:00+02:00,0.0,2.62,0.07,2.62,0.0,0.0
2023-04-12 21:00:00+02:00,0.0,0.98,0.41,0.98,0.0,0.0
2023-04-12 22:00:00+02:00,0.0,0.65,0.55,0.65,0.0,0.0
2023-04-12 23:00:00+02:00,0.0,-0.04,0.69,-0.04,0.0,0.0
2023-04-13 00:00:00+02:00,0.0,-0.27,0.69,-0.27,0.0,0.0
2023-04-13 01:00:00+02:00,0.0,-0.6,0.69,-0.6,0.0,0.0
2023-04-13 02:00:00+02:00,0.0,-1.83,0.83,-1.83,0.0,0.0
2023-04-13 03:00:00+02:00,0.0,-1.97,1.03,-1.97,0.0,0.0
2023-04-13 04:00:00+02:00,0.0,-1.91,1.03,-1.91,0.0,0.0
2023-04-13 05:00:00+02:00,0.0,-2.18,1.03,-2.18,0.0,0.0
2023-04-13 06:00:00+02:00,0.0,-2.41,1.17,-2.41,0.0,0.0
2023-04-13 07:00:00+02:00,21.54,-2.9,1.1,-2.2377198376583447,0.13135049568896043,0.13135049568896043
2023-04-13 08:00:00+02:00,126.09,-3.39,1.17,0.43058492006738813,0.9750147098524867,0.9750147098524867
2023-04-13 09:00:00+02:00,255.6,-2.62,1.31,4.9064131164532805,1.9879534573133457,1.9879534573133457
2023-04-13 10:00:00+02:00,616.8199999999999,-2.44,1.38,15.470404422866965,4.662614430697491,4.662614430697491
2023-04-13 11:00:00+02:00,839.3199999999999,-1.85,1.52,21.861747954617364,5.7,5.7
2023-04-13 12:00:00+02:00,668.63,-1.29,1.66,17.10199656712805,5.025615490638958,5.025615490638958
2023-04-13 13:00:00+02:00,651.37,-1.14,1.72,16.577218643920272,4.904919952399803,4.904919952399803
2023-04-13 14:00:00+02:00,586.1199999999999,-0.92,1.72,15.022423187396637,4.437405133169025,4.437405133169025
2023-04-13 15:00:00+02:00,327.07,-0.82,1.72,8.076281225520061,2.5262514470141535,2.5262514470141535
2023-04-13 16:00:00+02:00,259.76,-1.15,1.59,6.090575767373926,2.012921668994798,2.012921668994798
2023-04-13 17:00:00+02:00,181.57000000000002,-1.64,1.66,3.354443588671524,1.4084430804794492,1.4084430804794492
2023-04-13 18:00:00+02:00,128.17,-1.95,1.45,1.7205996907039347,0.9874976937451623,0.9874976937451623
2023-04-13 19:00:00+02:00,33.28,-2.5,1.38,-1.5336593184510674,0.2266176172290705,0.2266176172290705
2023-04-13 20:00:00+02:00,0.0,-3.17,1.31,-3.17,0.0,0.0
2023-04-13 21:00:00+02:00,0.0,-4.03,1.31,-4.03,0.0,0.0
2023-04-13 22:00:00+02:00,0.0,-4.5,1.31,-4.5,0.0,0.0
2023-04-13 23:00:00+02:00,0.0,-4.87,1.24,-4.87,0.0,0.0
2023-04-14 00:00:00+02:00,0.0,-5.16,1.1,-5.16,0.0,0.0
2023-04-14 01:00:00+02:00,0.0,-5.27,1.1,-5.27,0.0,0.0
2023-04-14 02:00:00+02:00,0.0,-5.0,1.03,-5.0,0.0,0.0
2023-04-14 03:00:00+02:00,0.0,-5.07,1.17,-5.07,0.0,0.0
2023-04-14 04:00:00+02:00,0.0,-4.99,1.38,-4.99,0.0,0.0
2023-04-14 05:00:00+02:00,0.0,-4.5,1.38,-4.5,0.0,0.0
2023-04-14 06:00:00+02:00,0.0,-4.64,1.31,-4.64,0.0,0.0
2023-04-14 07:00:00+02:00,31.63,-5.23,1.31,-4.29862109986926,0.21545698962975365,0.21545698962975365
2023-04-14 08:00:00+02:00,164.04999999999998,-4.35,1.45,0.3481499513145083,1.2814455757308933,1.2814455757308933
2023-04-14 09:00:00+02:00,348.21999999999997,-3.31,1.45,6.6625070164385125,2.7041902910255113,2.7041902910255113
2023-04-14 10:00:00+02:00,394.12,-2.18,1.38,9.263935979929848,3.0375990498585153,3.0375990498585153
2023-04-14 11:00:00+02:00,681.1899999999999,-1.46,1.31,18.598362092319288,5.093735773790495,5.093735773790495
2023-04-14 12:00:00+02:00,893.76,-0.25,1.17,26.831338553092465,5.7,5.7
2023-04-14 13:00:00+02:00,1005.15,0.51,1.03,31.87663213211339,5.7,5.7
2023-04-14 14:00:00+02:00,1032.88,1.2,1.1,32.957471405731155,5.7,5.7
2023-04-14 15:00:00+02:00,901.72,1.61,1.1,29.334757102447423,5.7,5.7
2023-04-14 16:00:00+02:00,709.73,1.79,1.03,23.93777876249797,5.209773302235475,5.209773302235475
2023-04-14 17:00:00+02:00,476.24,1.71,1.03,16.57150811978081,3.5850647021846735,3.5850647021846735
2023-04-14 18:00:00+02:00,212.52,1.42,0.9,8.241158043394531,1.6282775162860341,1.6282775162860341
2023-04-14 19:00:00+02:00,29.11,2.05,0.55,3.0620992976844446,0.18915212720171262,0.18915212720171262
2023-04-14 20:00:00+02:00,0.0,1.31,0.48,1.31,0.0,0.0
2023-04-14 21:00:00+02:00,0.0,0.3,0.41,0.3,0.0,0.0
2023-04-14 22:00:00+02:00,0.0,-0.49,0.41,-0.49,0.0,0.0
2023-04-14 23:00:00+02:00,0.0,-1.08,0.41,-1.08,0.0,0.0
2023-04-15 00:00:00+02:00,0.0,-1.6,0.41,-1.6,0.0,0.0
2023-04-15 01:00:00+02:00,0.0,-2.21,0.48,-2.21,0.0,0.0
2023-04-15 02:00:00+02:00,0.0,-2.73,0.48,-2.73,0.0,0.0
2023-04-15 03:00:00+02:00,0.0,-3.43,0.48,-3.43,0.0,0.0
2023-04-15 04:00:00+02:00,0.0,-3.64,0.55,-3.64,0.0,0.0
2023-04-15 05:00:00+02:00,0.0,-3.31,0.55,-3.31,0.0,0.0
2023-04-15 06:00:00+02:00,0.0,-2.86,0.55,-2.86,0.0,0.0
2023-04-15 07:00:00+02:00,23.68,-2.58,0.55,-1.7566914679090466,0.14853321703684794,0.14853321703684794
2023-04-15 08:00:00+02:00,125.46000000000001,-2.07,0.48,2.365848843129491,0.9636173412504102,0.9636173412504102
2023-04-15 09:00:00+02:00,210.39999999999998,-0.92,0.48,6.519045086836001,1.6210456159810187,1.6210456159810187
2023-04-15 10:00:00+02:00,438.7,-0.06,0.48,15.450974712903772,3.313738845120546,3.313738845120546
2023-04-15 11:00:00+02:00,497.91999999999996,0.81,0.69,17.56392670157068,3.7362078756169796,3.7362078756169796
2023-04-15 12:00:00+02:00,463.34999999999997,0.88,0.9,15.751934779817692,3.4973620776032384,3.4973620776032384
2023-04-15 13:00:00+02:00,447.51,1.01,1.1,14.769377690320994,3.388512647353924,3.388512647353924
2023-04-15 14:00:00+02:00,400.08000000000004,1.06,1.1,13.361069979092363,3.0416560153535,3.0416560153535
2023-04-15 15:00:00+02:00,300.95000000000005,1.16,1.24,10.148519067189143,2.305897485559582,2.305897485559582
2023-04-15 16:00:00+02:00,332.25,0.85,1.38,10.497436641966132,2.5459606946623095,2.5459606946623095
2023-04-15 17:00:00+02:00,217.26,0.7,1.45,6.922005842259007,1.672878758900361,1.672878758900361
2023-04-15 18:00:00+02:00,94.14,0.43,1.24,3.241693586925356,0.7101821632289321,0.7101821632289321
2023-04-15 19:00:00+02:00,23.95,0.0,1.03,0.7473818231747656,0.14916990606862024,0.14916990606862024
2023-04-15 20:00:00+02:00,0.0,-0.31,1.03,-0.31,0.0,0.0
2023-04-15 21:00:00+02:00,0.0,-1.17,0.97,-1.17,0.0,0.0
2023-04-15 22:00:00+02:00,0.0,-1.5,1.03,-1.5,0.0,0.0
2023-04-15 23:00:00+02:00,0.0,-1.82,1.1,-1.82,0.0,0.0
2023-04-16 00:00:00+02:00,0.0,-2.26,1.1,-2.26,0.0,0.0
2023-04-16 01:00:00+02:00,0.0,-2.23,1.17,-2.23,0.0,0.0
2023-04-16 02:00:00+02:00,0.0,-2.22,1.17,-2.22,0.0,0.0
2023-04-16 03:00:00+02:00,0.0,-2.43,1.03,-2.43,0.0,0.0
2023-04-16 04:00:00+02:00,0.0,-2.57,1.17,-2.57,0.0,0.0
2023-04-16 05:00:00+02:00,0.0,-2.51,1.31,-2.51,0.0,0.0
2023-04-16 06:00:00+02:00,0.0,-2.39,1.38,-2.39,0.0,0.0
2023-04-16 07:00:00+02:00,30.48,-2.42,1.31,-1.5224840696811581,0.2037966975939725,0.2037966975939725
2023-04-16 08:00:00+02:00,162.66000000000003,-1.93,1.31,2.8596962344377577,1.2596323123593876,1.2596323123593876
2023-04-16 09:00:00+02:00,284.26,-0.8,1.38,7.453966410369579,2.195995016616553,2.195995016616553
2023-04-16 10:00:00+02:00,502.16,-0.2,1.45,14.181121484621114,3.8117464163295978,3.8117464163295978
2023-04-16 11:00:00+02:00,560.2600000000001,0.43,1.45,16.475019760581937,4.220701693693704,4.220701693693704
2023-04-16 12:00:00+02:00,631.2,1.08,1.45,19.156636691677647,4.711682949310678,4.711682949310678
2023-04-16 13:00:00+02:00,716.51,1.53,1.45,22.049789220459363,5.29386703502108,5.29386703502108
2023-04-16 14:00:00+02:00,737.1800000000001,1.94,1.52,22.766176377525657,5.432508496944106,5.432508496944106
2023-04-16 15:00:00+02:00,683.1,2.18,1.52,21.478354653528005,5.057759850437139,5.057759850437139
2023-04-16 16:00:00+02:00,457.86999999999995,2.26,1.45,15.372721232602094,3.4602638205931795,3.4602638205931795
2023-04-16 17:00:00+02:00,312.24,1.8,1.38,10.866412692513183,2.387807187748403,2.387807187748403
2023-04-16 18:00:00+02:00,148.27,1.43,1.24,5.858402465831979,1.1329953399591672,1.1329953399591672
2023-04-16 19:00:00+02:00,24.91,0.7,1.03,1.4773395079450276,0.15646160918250498,0.15646160918250498
2023-04-16 20:00:00+02:00,0.0,0.03,0.97,0.03,0.0,0.0
2023-04-16 21:00:00+02:00,0.0,0.16,0.9,0.16,0.0,0.0
2023-04-16 22:00:00+02:00,0.0,0.14,0.83,0.14,0.0,0.0
2023-04-16 23:00:00+02:00,0.0,-0.19,0.83,-0.19,0.0,0.0
2023-04-17 00:00:00+02:00,0.0,-0.55,0.76,-0.55,0.0,0.0
2023-04-17 01:00:00+02:00,0.0,-0.83,0.69,-0.83,0.0,0.0
2023-04-17 02:00:00+02:00,0.0,-1.12,0.69,-1.12,0.0,0.0
2023-04-17 03:00:00+02:00,0.0,-1.34,0.69,-1.34,0.0,0.0
2023-04-17 04:00:00+02:00,0.0,-2.07,0.69,-2.07,0.0,0.0
2023-04-17 05:00:00+02:00,0.0,-2.94,0.69,-2.94,0.0,0.0
2023-04-17 06:00:00+02:00,0.0,-3.43,0.69,-3.43,0.0,0.0
2023-04-17 07:00:00+02:00,35.68000000000001,-3.64,0.62,-2.4197871467264918,0.2469937947731054,0.2469937947731054
2023-04-17 08:00:00+02:00,171.82,-3.01,0.62,2.866036223359142,1.3328300215438307,1.3328300215438307
2023-04-17 09:00:00+02:00,387.90999999999997,-1.3,0.83,11.34489588358781,2.96855826655886,2.96855826655886
2023-04-17 10:00:00+02:00,624.75,0.6,0.9,20.65231737065092,4.639695391391485,4.639695391391485
2023-04-17 11:00:00+02:00,742.65,1.79,0.97,25.265729260181825,5.425341848212966,5.425341848212966
2023-04-17 12:00:00+02:00,880.13,2.17,0.83,30.860036900369003,5.7,5.7
2023-04-17 13:00:00+02:00,943.9800000000001,3.09,0.69,34.85287702391688,5.7,5.7
2023-04-17 14:00:00+02:00,810.43,3.82,0.62,31.53572597192963,5.7,5.7
2023-04-17 15:00:00+02:00,770.32,4.44,0.48,31.675956327431127,5.500774931953061,5.500774931953061
2023-04-17 16:00:00+02:00,531.02,4.95,0.41,24.04841607803081,3.8969230923721607,3.8969230923721607
2023-04-17 17:00:00+02:00,415.65,5.03,0.34,20.241010920162775,3.087257910980266,3.087257910980266
2023-04-17 18:00:00+02:00,185.67,4.73,0.41,11.407720073081958,1.4023417855436249,1.4023417855436249
2023-04-17 19:00:00+02:00,28.53,4.29,0.34,5.334075884884504,0.18280424175645724,0.18280424175645724
2023-04-17 20:00:00+02:00,0.0,3.52,0.34,3.52,0.0,0.0
2023-04-17 21:00:00+02:00,0.0,1.47,0.34,1.47,0.0,0.0
2023-04-17 22:00:00+02:00,0.0,0.46,0.34,0.46,0.0,0.0
2023-04-17 23:00:00+02:00,0.0,-0.4,0.34,-0.4,0.0,0.0
2023-04-18 00:00:00+02:00,0.0,-0.87,0.21,-0.87,0.0,0.0
2023-04-18 01:00:00+02:00,0.0,-1.35,0.14,-1.35,0.0,0.0
2023-04-18 02:00:00+02:00,0.0,-1.8,0.07,-1.8,0.0,0.0
2023-04-18 03:00:00+02:00,0.0,-2.11,0.14,-2.11,0.0,0.0
2023-04-18 04:00:00+02:00,0.0,-2.76,0.07,-2.76,0.0,0.0
2023-04-18 05:00:00+02:00,0.0,-3.12,0.07,-3.12,0.0,0.0
2023-04-18 06:00:00+02:00,0.0,-3.61,0.07,-3.61,0.0,0.0
2023-04-18 07:00:00+02:00,35.85,-3.92,0.0,-2.4859999999999998,0.24844446856713207,0.24844446856713207
2023-04-18 08:00:00+02:00,221.83,-3.13,0.0,5.743200000000001,1.7156439501457148,1.7156439501457148
2023-04-18 09:00:00+02:00,483.15000000000003,1.65,0.21,19.92593772223147,3.5956489575533777,3.5956489575533777
2023-04-18 10:00:00+02:00,704.71,2.7,0.55,27.20142549196857,5.114355610850947,5.114355610850947
2023-04-18 11:00:00+02:00,950.89,3.52,0.69,35.515383517947754,5.7,5.7
2023-04-18 12:00:00+02:00,1055.3400000000001,4.17,0.69,39.679899191106216,5.7,5.7
2023-04-18 13:00:00+02:00,885.77,4.72,0.69,34.52423693454824,5.7,5.7
2023-04-18 14:00:00+02:00,1028.19,5.29,0.69,39.886360650883596,5.7,5.7
2023-04-18 15:00:00+02:00,867.54,6.12,0.62,35.78881891056332,5.7,5.7
2023-04-18 16:00:00+02:00,632.03,6.5,0.48,28.846481303388583,4.5612277925205245,4.5612277925205245
2023-04-18 17:00:00+02:00,410.92,6.63,0.41,21.40895584871459,3.0394987949387846,3.0394987949387846
2023-04-18 18:00:00+02:00,194.20999999999998,6.48,0.48,13.346620467273858,1.4589038993891976,1.4589038993891976
2023-04-18 19:00:00+02:00,32.32,5.88,0.21,7.102556777776097,0.21151375892834676,0.21151375892834676
2023-04-18 20:00:00+02:00,0.0,5.02,0.28,5.02,0.0,0.0
2023-04-18 21:00:00+02:00,0.0,3.7,0.07,3.7,0.0,0.0
2023-04-18 22:00:00+02:00,0.0,2.62,0.07,2.62,0.0,0.0
2023-04-18 23:00:00+02:00,0.0,1.71,0.07,1.71,0.0,0.0
2023-04-19 00:00:00+02:00,0.0,0.78,0.0,0.78,0.0,0.0
2023-04-19 01:00:00+02:00,0.0,0.16,0.0,0.16,0.0,0.0
2023-04-19 02:00:00+02:00,0.0,-0.27,0.07,-0.27,0.0,0.0
2023-04-19 03:00:00+02:00,0.0,-0.65,0.07,-0.65,0.0,0.0
2023-04-19 04:00:00+02:00,0.0,-0.95,0.14,-0.95,0.0,0.0
2023-04-19 05:00:00+02:00,0.0,-1.22,0.21,-1.22,0.0,0.0
2023-04-19 06:00:00+02:00,0.0,-1.47,0.28,-1.47,0.0,0.0
2023-04-19 07:00:00+02:00,31.63,-1.65,0.34,-0.49247738384518547,0.21231580645986514,0.21231580645986514
2023-04-19 08:00:00+02:00,228.06000000000003,-0.72,0.34,7.626019849518401,1.7537558675679825,1.7537558675679825
2023-04-19 09:00:00+02:00,498.09,1.4,0.48,19.01080782938281,3.718977816650709,3.718977816650709
2023-04-19 10:00:00+02:00,744.98,3.73,0.69,28.796959178454625,5.3752430099514035,5.3752430099514035
2023-04-19 11:00:00+02:00,944.87,4.84,0.83,35.640398993389226,5.7,5.7
2023-04-19 12:00:00+02:00,1078.0000000000002,5.12,0.9,39.72007703171139,5.7,5.7
2023-04-19 13:00:00+02:00,1123.52,5.32,1.1,39.86433648997663,5.7,5.7
2023-04-19 14:00:00+02:00,1048.67,5.62,1.17,37.39518271176991,5.7,5.7
2023-04-19 15:00:00+02:00,883.6,5.72,1.24,32.11061454649718,5.7,5.7
2023-04-19 16:00:00+02:00,649.41,5.58,1.24,24.976026474242566,4.7508022096255855,4.7508022096255855
2023-04-19 17:00:00+02:00,411.11,5.27,1.17,17.726821845419174,3.079912841698902,3.079912841698902
2023-04-19 18:00:00+02:00,186.18,5.11,1.03,10.919918490132687,1.4086608034293875,1.4086608034293875
2023-04-19 19:00:00+02:00,21.85,5.35,0.83,6.062255355769105,0.12914909383377426,0.12914909383377426
2023-04-19 20:00:00+02:00,0.0,4.42,0.62,4.42,0.0,0.0
2023-04-19 21:00:00+02:00,0.0,3.38,0.55,3.38,0.0,0.0
2023-04-19 22:00:00+02:00,0.0,2.03,0.48,2.03,0.0,0.0
2023-04-19 23:00:00+02:00,0.0,1.01,0.41,1.01,0.0,0.0
2023-04-20 00:00:00+02:00,0.0,0.25,0.41,0.25,0.0,0.0
2023-04-20 01:00:00+02:00,0.0,-0.42,0.41,-0.42,0.0,0.0
2023-04-20 02:00:00+02:00,0.0,-1.25,0.41,-1.25,0.0,0.0
2023-04-20 03:00:00+02:00,0.0,-2.16,0.41,-2.16,0.0,0.0
2023-04-20 04:00:00+02:00,0.0,-1.91,0.34,-1.91,0.0,0.0
2023-04-20 05:00:00+02:00,0.0,-1.36,0.34,-1.36,0.0,0.0
2023-04-20 06:00:00+02:00,0.0,-1.39,0.28,-1.39,0.0,0.0
2023-04-20 07:00:00+02:00,24.98,-1.6,0.28,-0.6718998929972655,0.15842773570114102,0.15842773570114102
2023-04-20 08:00:00+02:00,125.39,-1.57,0.41,2.9397178863776956,0.9611847161956567,0.9611847161956567
2023-04-20 09:00:00+02:00,261.09000000000003,-0.46,0.07,9.787342888990063,1.9984250951630422,1.9984250951630422
2023-04-20 10:00:00+02:00,400.09000000000003,1.23,0.21,16.364057587266043,3.01077546691085,3.01077546691085
2023-04-20 11:00:00+02:00,473.68000000000006,1.94,0.28,19.538977529425757,3.5295787630169317,3.5295787630169317
2023-04-20 12:00:00+02:00,518.5699999999999,2.34,0.28,21.606808346213292,3.837813904684394,3.837813904684394
2023-04-20 13:00:00+02:00,448.65999999999997,2.6,0.28,19.26939127333254,3.345327279885205,3.345327279885205
2023-04-20 14:00:00+02:00,513.14,2.91,0.21,22.32035844517408,3.78810841822535,3.78810841822535
2023-04-20 15:00:00+02:00,516.13,3.28,0.21,22.803460077771557,3.8038467918544123,3.8038467918544123
2023-04-20 16:00:00+02:00,298.47999999999996,3.12,0.07,14.834837433474103,2.2505412680434658,2.2505412680434658
2023-04-20 17:00:00+02:00,186.8,2.67,0.07,10.001585474983123,1.4179370619842393,1.4179370619842393
2023-04-20 18:00:00+02:00,101.32000000000001,2.38,0.21,6.2125944531025405,0.7598158710548867,0.7598158710548867
2023-04-20 19:00:00+02:00,19.509999999999998,2.05,0.28,2.774869218880038,0.11221491763182387,0.11221491763182387
2023-04-20 20:00:00+02:00,0.0,1.31,0.28,1.31,0.0,0.0
2023-04-20 21:00:00+02:00,0.0,-0.28,0.0,-0.28,0.0,0.0
2023-04-20 22:00:00+02:00,0.0,-0.84,0.0,-0.84,0.0,0.0
2023-04-20 23:00:00+02:00,0.0,-1.31,0.0,-1.31,0.0,0.0
2023-04-21 00:00:00+02:00,0.0,-1.63,0.14,-1.63,0.0,0.0
2023-04-21 01:00:00+02:00,0.0,-2.27,0.21,-2.27,0.0,0.0
2023-04-21 02:00:00+02:00,0.0,-2.31,0.21,-2.31,0.0,0.0
2023-04-21 03:00:00+02:00,0.0,-2.93,0.21,-2.93,0.0,0.0
2023-04-21 04:00:00+02:00,0.0,-2.46,0.34,-2.46,0.0,0.0
2023-04-21 05:00:00+02:00,0.0,-2.32,0.28,-2.32,0.0,0.0
2023-04-21 06:00:00+02:00,0.0,-2.25,0.28,-2.25,0.0,0.0
2023-04-21 07:00:00+02:00,25.53,-2.26,0.28,-1.31146534300321,0.1633235094375218,0.1633235094375218
2023-04-21 08:00:00+02:00,163.34000000000003,-1.77,0.34,4.207544866352432,1.2593513934206186,1.2593513934206186
2023-04-21 09:00:00+02:00,332.71,-0.55,0.83,10.295513932171122,2.551261434116933,2.551261434116933
2023-04-21 10:00:00+02:00,513.16,0.23,0.97,16.45137645883647,3.865575455548607,3.865575455548607
2023-04-21 11:00:00+02:00,631.62,1.37,1.1,20.79012052638052,4.688432281190191,4.688432281190191
2023-04-21 12:00:00+02:00,598.14,1.61,1.24,19.47473764694638,4.460217280021885,4.460217280021885
2023-04-21 13:00:00+02:00,469.47,1.79,1.17,16.015156653374866,3.5405935995315465,3.5405935995315465
2023-04-21 14:00:00+02:00,489.37,1.72,1.1,16.76642725372033,3.6818512165303963,3.6818512165303963
2023-04-21 15:00:00+02:00,533.59,1.91,1.17,18.078022107215148,3.9975680330338683,3.9975680330338683
2023-04-21 16:00:00+02:00,402.53000000000003,1.94,1.03,14.50131963601413,3.0486001955349282,3.0486001955349282
2023-04-21 17:00:00+02:00,265.61,1.93,0.97,10.326133372109197,2.0299279522983484,2.0299279522983484
2023-04-21 18:00:00+02:00,148.66,1.91,0.76,6.832777365688249,1.1323208254169204,1.1323208254169204
2023-04-21 19:00:00+02:00,41.33,1.66,0.55,3.096965440511786,0.287197483518993,0.287197483518993
2023-04-21 20:00:00+02:00,0.0,1.1,0.34,1.1,0.0,0.0
2023-04-21 21:00:00+02:00,0.0,0.84,0.34,0.84,0.0,0.0
2023-04-21 22:00:00+02:00,0.0,0.25,0.28,0.25,0.0,0.0
2023-04-21 23:00:00+02:00,0.0,-0.25,0.28,-0.25,0.0,0.0
2023-04-22 00:00:00+02:00,0.0,-0.79,0.21,-0.79,0.0,0.0
2023-04-22 01:00:00+02:00,0.0,-1.53,0.28,-1.53,0.0,0.0
2023-04-22 02:00:00+02:00,0.0,-2.25,0.21,-2.25,0.0,0.0
2023-04-22 03:00:00+02:00,0.0,-2.43,0.21,-2.43,0.0,0.0
2023-04-22 04:00:00+02:00,0.0,-2.98,0.21,-2.98,0.0,0.0
2023-04-22 05:00:00+02:00,0.0,-3.21,0.21,-3.21,0.0,0.0
2023-04-22 06:00:00+02:00,0.0,-3.02,0.21,-3.02,0.0,0.0
2023-04-22 07:00:00+02:00,47.550000000000004,-2.43,0.21,-0.6313436020032983,0.3417229754453669,0.3417229754453669
2023-04-22 08:00:00+02:00,164.65,-1.39,0.28,4.72736119367495,1.2675565491744094,1.2675565491744094
2023-04-22 09:00:00+02:00,337.37,1.4,0.34,13.746297976988611,2.5573490406061254,2.5573490406061254
2023-04-22 10:00:00+02:00,411.29999999999995,3.33,0.48,17.87220173106296,3.0798065271992487,3.0798065271992487
2023-04-22 11:00:00+02:00,543.4,3.68,0.69,21.964229935799942,4.0170374323184035,4.0170374323184035
2023-04-22 12:00:00+02:00,742.64,4.16,0.76,28.75203136590018,5.359277015896902,5.359277015896902
2023-04-22 13:00:00+02:00,727.83,4.82,0.76,28.92160803221363,5.249649155713697,5.249649155713697
2023-04-22 14:00:00+02:00,679.02,5.39,0.76,27.87529723429056,4.91670326353382,4.91670326353382
2023-04-22 15:00:00+02:00,408.28999999999996,5.68,0.62,19.6430242674619,3.038471793651628,3.038471793651628
2023-04-22 16:00:00+02:00,209.84,5.69,0.34,13.369245835407092,1.5793523519923034,1.5793523519923034
2023-04-22 17:00:00+02:00,239.57,5.35,0.14,14.579281597682375,1.8009859634173486,1.8009859634173486
2023-04-22 18:00:00+02:00,155.63,5.47,0.34,11.165391866967239,1.1698356342854106,1.1698356342854106
2023-04-22 19:00:00+02:00,42.5,5.16,0.41,6.6885350520061575,0.2926037909838276,0.2926037909838276
2023-04-22 20:00:00+02:00,0.0,4.46,0.28,4.46,0.0,0.0
2023-04-22 21:00:00+02:00,0.0,4.03,0.34,4.03,0.0,0.0
2023-04-22 22:00:00+02:00,0.0,3.52,0.28,3.52,0.0,0.0
2023-04-22 23:00:00+02:00,0.0,3.06,0.21,3.06,0.0,0.0
2023-04-23 00:00:00+02:00,0.0,2.74,0.21,2.74,0.0,0.0
2023-04-23 01:00:00+02:00,0.0,2.3,0.14,2.3,0.0,0.0
2023-04-23 02:00:00+02:00,0.0,2.14,0.14,2.14,0.0,0.0
2023-04-23 03:00:00+02:00,0.0,1.99,0.07,1.99,0.0,0.0
2023-04-23 04:00:00+02:00,0.0,1.93,0.07,1.93,0.0,0.0
2023-04-23 05:00:00+02:00,0.0,1.47,0.0,1.47,0.0,0.0
2023-04-23 06:00:00+02:00,0.0,1.35,0.0,1.35,0.0,0.0
2023-04-23 07:00:00+02:00,33.1,1.61,0.07,2.9091192677834123,0.2213143590431952,0.2213143590431952
2023-04-23 08:00:00+02:00,154.15,1.99,0.14,7.928530526705089,1.171280990430815,1.171280990430815
2023-04-23 09:00:00+02:00,342.76000000000005,2.94,0.62,14.661977510875216,2.5905727316121783,2.5905727316121783
2023-04-23 10:00:00+02:00,422.96999999999997,3.35,0.9,16.925876235717038,3.1781291775390668,3.1781291775390668
2023-04-23 11:00:00+02:00,628.0699999999999,4.46,0.76,25.258121754794956,4.590331667821789,4.590331667821789
2023-04-23 12:00:00+02:00,846.4799999999999,4.61,0.83,32.20313105498546,5.7,5.7
2023-04-23 13:00:00+02:00,741.1600000000001,5.58,0.83,29.739962447681016,5.329970755531036,5.329970755531036
2023-04-23 14:00:00+02:00,632.1600000000001,6.02,0.69,27.290811181846326,4.587326418077333,4.587326418077333
2023-04-23 15:00:00+02:00,579.11,5.82,0.76,24.996843806294375,4.23636754656443,4.23636754656443
2023-04-23 16:00:00+02:00,399.72999999999996,6.24,0.69,19.69004643400315,2.9737833804235754,2.9737833804235754
2023-04-23 17:00:00+02:00,267.22,6.15,0.76,14.998813182155347,2.0101270428274605,2.0101270428274605
2023-04-23 18:00:00+02:00,144.75,5.86,0.76,10.653300307301048,1.0870693325895657,1.0870693325895657
2023-04-23 19:00:00+02:00,36.86,5.24,0.48,6.5432471573230755,0.24801438577919657,0.24801438577919657
2023-04-23 20:00:00+02:00,0.0,4.45,0.41,4.45,0.0,0.0
2023-04-23 21:00:00+02:00,0.0,2.8,0.21,2.8,0.0,0.0
2023-04-23 22:00:00+02:00,0.0,2.25,0.41,2.25,0.0,0.0
2023-04-23 23:00:00+02:00,0.0,1.93,0.41,1.93,0.0,0.0
2023-04-24 00:00:00+02:00,0.0,1.51,0.55,1.51,0.0,0.0
2023-04-24 01:00:00+02:00,0.0,0.96,0.69,0.96,0.0,0.0
2023-04-24 02:00:00+02:00,0.0,0.08,0.76,0.08,0.0,0.0
2023-04-24 03:00:00+02:00,0.0,0.19,0.76,0.19,0.0,0.0
2023-04-24 04:00:00+02:00,0.0,-0.2,0.83,-0.2,0.0,0.0
2023-04-24 05:00:00+02:00,0.0,-0.42,0.9,-0.42,0.0,0.0
2023-04-24 06:00:00+02:00,0.0,-0.24,0.83,-0.24,0.0,0.0
2023-04-24 07:00:00+02:00,37.89,-1.13,0.97,0.06773161202220357,0.2625881578557867,0.2625881578557867
2023-04-24 08:00:00+02:00,146.28,-0.42,1.24,3.948966835515627,1.1244886280769975,1.1244886280769975
2023-04-24 09:00:00+02:00,355.53,1.16,1.31,11.628957962803735,2.7159795908769335,2.7159795908769335
2023-04-24 10:00:00+02:00,524.24,1.82,1.45,16.833460106535313,3.9441090983081293,3.9441090983081293
2023-04-24 11:00:00+02:00,745.66,2.32,1.52,23.38574605614067,5.482956136402712,5.482956136402712
2023-04-24 12:00:00+02:00,874.4399999999999,2.94,1.45,27.98267140156939,5.7,5.7
2023-04-24 13:00:00+02:00,959.16,3.34,1.45,30.80892720087061,5.7,5.7
2023-04-24 14:00:00+02:00,955.3199999999999,3.5,1.45,30.858955266624662,5.7,5.7
2023-04-24 15:00:00+02:00,801.06,3.67,1.59,25.998825162505995,5.7,5.7
2023-04-24 16:00:00+02:00,610.77,3.47,1.52,20.72494959996384,4.5348177783659605,4.5348177783659605
2023-04-24 17:00:00+02:00,403.26,3.07,1.45,14.618771407297096,3.052950893765004,3.052950893765004
2023-04-24 18:00:00+02:00,182.56,2.47,1.17,8.001651859842195,1.3943207693038822,1.3943207693038822
2023-04-24 19:00:00+02:00,33.0,1.83,1.1,2.844635346205879,0.22056677744622724,0.22056677744622724
2023-04-24 20:00:00+02:00,0.0,1.4,0.97,1.4,0.0,0.0
2023-04-24 21:00:00+02:00,0.0,1.6,0.76,1.6,0.0,0.0
2023-04-24 22:00:00+02:00,0.0,1.09,0.83,1.09,0.0,0.0
2023-04-24 23:00:00+02:00,0.0,0.79,0.76,0.79,0.0,0.0
2023-04-25 00:00:00+02:00,0.0,0.41,0.76,0.41,0.0,0.0
2023-04-25 01:00:00+02:00,0.0,-0.01,0.69,-0.01,0.0,0.0
2023-04-25 02:00:00+02:00,0.0,-0.5,0.83,-0.5,0.0,0.0
2023-04-25 03:00:00+02:00,0.0,-1.01,0.83,-1.01,0.0,0.0
2023-04-25 04:00:00+02:00,0.0,-1.31,0.76,-1.31,0.0,0.0
2023-04-25 05:00:00+02:00,0.0,-1.78,0.69,-1.78,0.0,0.0
2023-04-25 06:00:00+02:00,5.34,-2.15,0.76,-1.9731694394405002,0.0,0.0
2023-04-25 07:00:00+02:00,40.44,-2.62,0.69,-1.2592818207512888,0.28465137202180635,0.28465137202180635
2023-04-25 08:00:00+02:00,144.76,-2.54,0.83,2.178813972592023,1.1190303552265712,1.1190303552265712
2023-04-25 09:00:00+02:00,344.54,-0.54,0.97,10.351170483138823,2.6425159538487746,2.6425159538487746
2023-04-25 10:00:00+02:00,477.40999999999997,0.34,1.17,14.805742300653277,3.615573206551,3.615573206551
2023-04-25 11:00:00+02:00,632.89,0.88,1.1,20.339168613946622,4.705145400434774,4.705145400434774
2023-04-25 12:00:00+02:00,823.3799999999999,1.16,1.24,25.752014718531967,5.7,5.7
2023-04-25 13:00:00+02:00,736.8199999999999,1.56,1.31,23.256446449393998,5.420660604713543,5.420660604713543
2023-04-25 14:00:00+02:00,761.5500000000001,1.63,1.45,23.43966836588579,5.598203029716658,5.598203029716658
2023-04-25 15:00:00+02:00,799.6700000000001,1.78,1.45,24.68136892147317,5.7,5.7
2023-04-25 16:00:00+02:00,652.3199999999999,1.95,1.45,20.631482330030355,4.844488618952915,4.844488618952915
2023-04-25 17:00:00+02:00,421.43,1.61,1.52,13.515878497491299,3.203480707664145,3.203480707664145
2023-04-25 18:00:00+02:00,189.69,1.13,1.52,6.4889590019436785,1.4577810600461816,1.4577810600461816
2023-04-25 19:00:00+02:00,31.97,0.58,1.38,1.5083026318845967,0.2134076444070043,0.2134076444070043
2023-04-25 20:00:00+02:00,0.0,-0.72,1.17,-0.72,0.0,0.0
2023-04-25 21:00:00+02:00,0.0,-0.14,0.9,-0.14,0.0,0.0
2023-04-25 22:00:00+02:00,0.0,-0.62,0.9,-0.62,0.0,0.0
2023-04-25 23:00:00+02:00,0.0,-1.11,0.83,-1.11,0.0,0.0
2023-04-26 00:00:00+02:00,0.0,-1.67,0.76,-1.67,0.0,0.0
2023-04-26 01:00:00+02:00,0.0,-2.83,0.62,-2.83,0.0,0.0
2023-04-26 02:00:00+02:00,0.0,-3.53,0.62,-3.53,0.0,0.0
2023-04-26 03:00:00+02:00,0.0,-4.48,0.62,-4.48,0.0,0.0
2023-04-26 04:00:00+02:00,0.0,-4.84,0.62,-4.84,0.0,0.0
2023-04-26 05:00:00+02:00,0.0,-5.38,0.62,-5.38,0.0,0.0
2023-04-26 06:00:00+02:00,6.609999999999999,-5.57,0.55,-5.340182880189139,0.009896858082436996,0.009896858082436996
2023-04-26 07:00:00+02:00,53.0,-5.66,0.48,-3.7860960570232507,0.39032689020995726,0.39032689020995726
2023-04-26 08:00:00+02:00,223.32000000000002,-4.8,0.41,3.231822301506237,1.7419561669622343,1.7419561669622343
2023-04-26 09:00:00+02:00,476.72,-2.25,0.41,14.895487764526479,3.6092268880465332,3.6092268880465332
2023-04-26 10:00:00+02:00,741.3,0.26,0.41,26.921247860050926,5.384241289927949,5.384241289927949
2023-04-26 11:00:00+02:00,901.25,1.81,0.62,32.63166014609723,5.7,5.7
2023-04-26 12:00:00+02:00,963.8,2.79,0.69,35.219776982193565,5.7,5.7
2023-04-26 13:00:00+02:00,1014.95,3.48,0.69,37.63086340327595,5.7,5.7
2023-04-26 14:00:00+02:00,1002.27,3.9,0.83,36.57149544286962,5.7,5.7
2023-04-26 15:00:00+02:00,851.0500000000001,4.12,0.97,31.02233540278428,5.7,5.7
2023-04-26 16:00:00+02:00,641.59,4.18,1.1,23.906663387037266,4.711215405522008,4.711215405522008
2023-04-26 17:00:00+02:00,383.40999999999997,4.36,1.03,16.324662414339745,2.8846140636404987,2.8846140636404987
2023-04-26 18:00:00+02:00,173.67000000000002,4.28,1.03,9.699532410470212,1.3168037393797078,1.3168037393797078
2023-04-26 19:00:00+02:00,40.06,4.48,0.9,5.765787649248941,0.27421822751448055,0.27421822751448055
2023-04-26 20:00:00+02:00,0.0,4.12,0.76,4.12,0.0,0.0
2023-04-26 21:00:00+02:00,0.0,2.9,0.62,2.9,0.0,0.0
2023-04-26 22:00:00+02:00,0.0,1.88,0.55,1.88,0.0,0.0
2023-04-26 23:00:00+02:00,0.0,1.01,0.48,1.01,0.0,0.0
2023-04-27 00:00:00+02:00,0.0,0.17,0.48,0.17,0.0,0.0
2023-04-27 01:00:00+02:00,0.0,-0.45,0.48,-0.45,0.0,0.0
2023-04-27 02:00:00+02:00,0.0,-0.88,0.41,-0.88,0.0,0.0
2023-04-27 03:00:00+02:00,0.0,-0.75,0.48,-0.75,0.0,0.0
2023-04-27 04:00:00+02:00,0.0,-0.84,0.48,-0.84,0.0,0.0
2023-04-27 05:00:00+02:00,0.0,-0.95,0.48,-0.95,0.0,0.0
2023-04-27 06:00:00+02:00,5.54,-1.16,0.48,-0.9641240029416756,0.0004318117487086372,0.0004318117487086372
2023-04-27 07:00:00+02:00,34.660000000000004,-1.28,0.41,-0.03343470817568428,0.2365032535677145,0.2365032535677145
2023-04-27 08:00:00+02:00,214.34999999999997,-0.06,0.34,7.78429253154551,1.645168253065345,1.645168253065345
2023-04-27 09:00:00+02:00,443.29999999999995,1.44,0.41,17.383519730690104,3.3266437377715725,3.3266437377715725
2023-04-27 10:00:00+02:00,652.5600000000001,3.75,0.41,27.219666671462072,4.736382611473142,4.736382611473142
2023-04-27 11:00:00+02:00,850.81,5.1,0.28,36.710762691713235,5.7,5.7
2023-04-27 12:00:00+02:00,966.6700000000001,6.07,0.28,41.98539353227916,5.7,5.7
2023-04-27 13:00:00+02:00,943.34,6.85,0.41,40.77772366963502,5.7,5.7
2023-04-27 14:00:00+02:00,958.01,7.41,0.48,41.28205125304068,5.7,5.7
2023-04-27 15:00:00+02:00,798.2900000000001,7.82,0.55,35.57502398998679,5.620277967275076,5.620277967275076
2023-04-27 16:00:00+02:00,545.44,7.81,0.69,26.162871505673024,3.973400356124632,3.973400356124632
2023-04-27 17:00:00+02:00,397.83,8.23,0.62,21.835304916418153,2.937534410438003,2.937534410438003
2023-04-27 18:00:00+02:00,187.81,8.28,0.48,14.920337726989873,1.4018437456758217,1.4018437456758217
2023-04-27 19:00:00+02:00,30.48,7.72,0.21,8.872955773100724,0.19552882105908675,0.19552882105908675
2023-04-27 20:00:00+02:00,0.0,6.79,0.14,6.79,0.0,0.0
2023-04-27 21:00:00+02:00,0.0,5.53,0.07,5.53,0.0,0.0
2023-04-27 22:00:00+02:00,0.0,4.36,0.07,4.36,0.0,0.0
2023-04-27 23:00:00+02:00,0.0,3.31,0.14,3.31,0.0,0.0
2023-04-28 00:00:00+02:00,0.0,2.6,0.07,2.6,0.0,0.0
2023-04-28 01:00:00+02:00,0.0,2.17,0.0,2.17,0.0,0.0
2023-04-28 02:00:00+02:00,0.0,2.05,0.07,2.05,0.0,0.0
2023-04-28 03:00:00+02:00,0.0,1.57,0.07,1.57,0.0,0.0
2023-04-28 04:00:00+02:00,0.0,1.54,0.07,1.54,0.0,0.0
2023-04-28 05:00:00+02:00,0.0,1.47,0.14,1.47,0.0,0.0
2023-04-28 06:00:00+02:00,6.16,1.4,0.07,1.6417696280829552,0.005059331765413783,0.005059331765413783
2023-04-28 07:00:00+02:00,43.01,1.37,0.14,3.026932844330755,0.3007555972099391,0.3007555972099391
2023-04-28 08:00:00+02:00,127.14,2.19,0.28,6.913724884080372,0.9620520171813339,0.9620520171813339
2023-04-28 09:00:00+02:00,285.08,3.66,0.14,14.642525349030727,2.149420502378262,2.149420502378262
2023-04-28 10:00:00+02:00,455.03,4.96,0.21,22.172252802953505,3.3591076483586746,3.3591076483586746
2023-04-28 11:00:00+02:00,533.84,5.83,0.21,26.023369747772016,3.890611822498334,3.890611822498334
2023-04-28 12:00:00+02:00,519.04,6.52,0.55,24.56603296015576,3.8018691325729987,3.8018691325729987
2023-04-28 13:00:00+02:00,654.76,7.34,0.62,29.732000218872262,4.710270858234985,4.710270858234985
2023-04-28 14:00:00+02:00,616.7299999999999,7.41,0.76,27.83260517113489,4.466862407978193,4.466862407978193
2023-04-28 15:00:00+02:00,630.1899999999999,8.23,0.62,29.78173593061749,4.53287543275759,4.53287543275759
2023-04-28 16:00:00+02:00,457.25,8.22,0.83,23.125206472559427,3.364377190638401,3.364377190638401
2023-04-28 17:00:00+02:00,343.59999999999997,8.71,0.76,20.088086256225495,2.5488556979164465,2.5488556979164465
2023-04-28 18:00:00+02:00,157.79,8.99,0.62,14.386227189406583,1.1734421344555062,1.1734421344555062
2023-04-28 19:00:00+02:00,36.059999999999995,8.4,0.55,9.653737570405397,0.23873982573946476,0.23873982573946476
2023-04-28 20:00:00+02:00,0.0,7.67,0.55,7.67,0.0,0.0
2023-04-28 21:00:00+02:00,0.0,6.58,0.48,6.58,0.0,0.0
2023-04-28 22:00:00+02:00,0.0,5.85,0.62,5.85,0.0,0.0
2023-04-28 23:00:00+02:00,0.0,5.28,0.62,5.28,0.0,0.0
2023-04-29 00:00:00+02:00,0.0,5.06,0.55,5.06,0.0,0.0
2023-04-29 01:00:00+02:00,0.0,4.95,0.48,4.95,0.0,0.0
2023-04-29 02:00:00+02:00,0.0,5.02,0.48,5.02,0.0,0.0
2023-04-29 03:00:00+02:00,0.0,4.88,0.55,4.88,0.0,0.0
2023-04-29 04:00:00+02:00,0.0,4.75,0.48,4.75,0.0,0.0
2023-04-29 05:00:00+02:00,0.0,4.61,0.41,4.61,0.0,0.0
2023-04-29 06:00:00+02:00,3.58,4.47,0.41,4.598756599674871,0.0,0.0
2023-04-29 07:00:00+02:00,31.49,4.27,0.48,5.383381795553544,0.2063510410181818,0.2063510410181818
2023-04-29 08:00:00+02:00,97.92,4.29,0.48,7.752125926344968,0.7289417182756431,0.7289417182756431
2023-04-29 09:00:00+02:00,169.68999999999997,5.04,0.55,10.939798345038591,1.280229403945379,1.280229403945379
2023-04-29 10:00:00+02:00,386.24,5.52,0.83,18.11045806005763,2.888310674549881,2.888310674549881
2023-04-29 11:00:00+02:00,643.5699999999999,5.9,0.9,26.556374374117347,4.682131498165084,4.682131498165084
2023-04-29 12:00:00+02:00,831.7099999999999,7.13,0.97,33.420983347452804,5.7,5.7
2023-04-29 13:00:00+02:00,736.8,8.15,0.9,31.79873539607138,5.260050400300506,5.260050400300506
2023-04-29 14:00:00+02:00,790.7,8.74,0.9,34.118739247656954,5.596423406790058,5.596423406790058
2023-04-29 15:00:00+02:00,568.1,9.17,0.9,27.404048016433435,4.120685648130564,4.120685648130564
2023-04-29 16:00:00+02:00,531.91,9.29,0.83,26.628935756848733,3.868241943853785,3.868241943853785
2023-04-29 17:00:00+02:00,334.55000000000007,9.45,0.83,20.35549333055168,2.478618932032353,2.478618932032353
2023-04-29 18:00:00+02:00,166.9,9.22,0.69,14.835822554812314,1.2416201261843676,1.2416201261843676
2023-04-29 19:00:00+02:00,42.74,8.61,0.48,10.121144424958986,0.2906803281647851,0.2906803281647851
2023-04-29 20:00:00+02:00,0.0,7.65,0.41,7.65,0.0,0.0
2023-04-29 21:00:00+02:00,0.0,6.08,0.41,6.08,0.0,0.0
2023-04-29 22:00:00+02:00,0.0,5.1,0.34,5.1,0.0,0.0
2023-04-29 23:00:00+02:00,0.0,4.31,0.28,4.31,0.0,0.0
2023-04-30 00:00:00+02:00,0.0,3.54,0.28,3.54,0.0,0.0
2023-04-30 01:00:00+02:00,0.0,2.98,0.21,2.98,0.0,0.0
2023-04-30 02:00:00+02:00,0.0,2.38,0.21,2.38,0.0,0.0
2023-04-30 03:00:00+02:00,0.0,1.57,0.21,1.57,0.0,0.0
2023-04-30 04:00:00+02:00,0.0,0.94,0.07,0.94,0.0,0.0
2023-04-30 05:00:00+02:00,0.0,1.31,0.0,1.31,0.0,0.0
2023-04-30 06:00:00+02:00,6.47,1.53,0.14,1.7792526273615434,0.00753833868238257,0.00753833868238257
2023-04-30 07:00:00+02:00,40.71,1.68,0.21,3.219922228442602,0.28209211784076055,0.28209211784076055
2023-04-30 08:00:00+02:00,156.93,2.22,0.21,8.156133512883752,1.192221876000341,1.192221876000341
2023-04-30 09:00:00+02:00,261.56,4.07,0.41,13.477144193005424,1.9771027842586848,1.9771027842586848
2023-04-30 10:00:00+02:00,414.77,4.99,0.55,19.410763507405605,3.0895438925889582,3.0895438925889582
2023-04-30 11:00:00+02:00,492.28,5.92,0.76,22.221525908657412,3.6348329918802813,3.6348329918802813
2023-04-30 12:00:00+02:00,383.28,5.84,0.9,18.14196430864039,2.86566797901821,2.86566797901821
2023-04-30 13:00:00+02:00,489.02,6.63,0.83,22.570829019597618,3.6062761061318995,3.6062761061318995
2023-04-30 14:00:00+02:00,404.62,7.13,0.83,20.319600093880798,3.003893118116406,3.003893118116406
2023-04-30 15:00:00+02:00,225.97,6.96,0.76,14.442846773338985,1.6974152277016696,1.6974152277016696
2023-04-30 16:00:00+02:00,130.19,6.46,0.62,10.912340565237614,0.9726104290757637,0.9726104290757637
2023-04-30 17:00:00+02:00,153.35,6.03,0.55,11.3616876434184,1.1513079629574305,1.1513079629574305
2023-04-30 18:00:00+02:00,75.84,5.89,0.48,8.571450472365221,0.5531123128786496,0.5531123128786496
2023-04-30 19:00:00+02:00,30.45,5.21,0.41,6.305150407849117,0.19733282197292074,0.19733282197292074
2023-04-30 20:00:00+02:00,0.0,4.61,0.34,4.61,0.0,0.0
2023-04-30 21:00:00+02:00,0.0,3.31,0.34,3.31,0.0,0.0
2023-04-30 22:00:00+02:00,0.0,3.06,0.41,3.06,0.0,0.0
2023-04-30 23:00:00+02:00,0.0,2.88,0.41,2.88,0.0,0.0
2023-05-01 00:00:00+02:00,0.0,2.82,0.41,2.82,0.0,0.0
2023-05-01 01:00:00+02:00,0.0,2.73,0.48,2.73,0.0,0.0
2023-05-01 02:00:00+02:00,0.0,2.71,0.48,2.71,0.0,0.0
2023-05-01 03:00:00+02:00,0.0,2.82,0.62,2.82,0.0,0.0
2023-05-01 04:00:00+02:00,0.0,2.75,0.62,2.75,0.0,0.0
2023-05-01 05:00:00+02:00,0.0,2.55,0.34,2.55,0.0,0.0
2023-05-01 06:00:00+02:00,1.62,2.18,0.21,2.241279145420708,0.0,0.0
2023-05-01 07:00:00+02:00,6.78,1.91,0.21,2.166464571575555,0.009970874564549866,0.009970874564549866
2023-05-01 08:00:00+02:00,65.06,1.76,0.34,4.1409175278859385,0.47575165443526374,0.47575165443526374
2023-05-01 09:00:00+02:00,61.11,1.93,0.62,4.019888101556729,0.44438217166824057,0.44438217166824057
2023-05-01 10:00:00+02:00,122.89999999999999,2.0,0.55,6.272999096029483,0.9305992234832725,0.9305992234832725
2023-05-01 11:00:00+02:00,149.70000000000002,2.13,0.62,7.249558972394737,1.1389119629047593,1.1389119629047593
2023-05-01 12:00:00+02:00,164.79999999999998,2.37,0.55,8.099782351714067,1.2543144181048484,1.2543144181048484
2023-05-01 13:00:00+02:00,212.17,2.51,0.48,10.011626407195791,1.6157923507941534,1.6157923507941534
2023-05-01 14:00:00+02:00,200.88,2.74,0.21,10.338614032167769,1.5260400459623706,1.5260400459623706
2023-05-01 15:00:00+02:00,183.77,2.78,0.41,9.389385564874624,1.397208552123634,1.397208552123634
2023-05-01 16:00:00+02:00,154.21,3.08,0.41,8.626244479291048,1.1689575135458734,1.1689575135458734
2023-05-01 17:00:00+02:00,116.19,2.7,0.41,6.878835004531656,0.8756295867155317,0.8756295867155317
2023-05-01 18:00:00+02:00,102.99,2.58,0.48,6.221384284663687,0.7730282040461148,0.7730282040461148
2023-05-01 19:00:00+02:00,41.57,2.72,0.48,4.18977711150082,0.2879382572467415,0.2879382572467415
2023-05-01 20:00:00+02:00,3.8899999999999997,2.67,0.55,2.805247896530144,0.0,0.0
2023-05-01 21:00:00+02:00,0.0,2.38,0.76,2.38,0.0,0.0
2023-05-01 22:00:00+02:00,0.0,2.31,0.83,2.31,0.0,0.0
2023-05-01 23:00:00+02:00,0.0,1.93,0.83,1.93,0.0,0.0
2023-05-02 00:00:00+02:00,0.0,1.8,0.83,1.8,0.0,0.0
2023-05-02 01:00:00+02:00,0.0,1.64,0.83,1.64,0.0,0.0
2023-05-02 02:00:00+02:00,0.0,1.24,0.9,1.24,0.0,0.0
2023-05-02 03:00:00+02:00,0.0,1.21,0.97,1.21,0.0,0.0
2023-05-02 04:00:00+02:00,0.0,1.01,1.03,1.01,0.0,0.0
2023-05-02 05:00:00+02:00,0.0,1.18,0.97,1.18,0.0,0.0
2023-05-02 06:00:00+02:00,10.49,1.45,0.9,1.786692771857748,0.03996774234216341,0.03996774234216341
2023-05-02 07:00:00+02:00,59.08,1.29,0.97,3.157563569233882,0.4294814885402834,0.4294814885402834
2023-05-02 08:00:00+02:00,164.11,1.09,1.1,6.135812323207477,1.2572623009704178,1.2572623009704178
2023-05-02 09:00:00+02:00,365.05,1.96,1.17,13.021182687529542,2.776324585095592,2.776324585095592
2023-05-02 10:00:00+02:00,587.6500000000001,2.39,1.17,20.196064939944492,4.371142520134643,4.371142520134643
2023-05-02 11:00:00+02:00,775.2199999999999,3.01,1.31,25.837175180504346,5.650868531675152,5.650868531675152
2023-05-02 12:00:00+02:00,844.45,3.69,1.38,28.210023693930175,5.7,5.7
2023-05-02 13:00:00+02:00,892.6899999999999,4.19,1.38,30.110753095309995,5.7,5.7
2023-05-02 14:00:00+02:00,859.64,4.54,1.38,29.50109084996167,5.7,5.7
2023-05-02 15:00:00+02:00,797.38,4.68,1.38,27.833267207136053,5.7,5.7
2023-05-02 16:00:00+02:00,646.1,4.79,1.38,23.550598387883575,4.7501675874155,4.7501675874155
2023-05-02 17:00:00+02:00,415.96999999999997,4.91,1.31,17.1586778718743,3.1226765916645416,3.1226765916645416
2023-05-02 18:00:00+02:00,186.39000000000001,5.07,1.17,10.717702619171707,1.4112730152222617,1.4112730152222617
2023-05-02 19:00:00+02:00,38.85,5.84,0.97,7.068077939484366,0.2632731157590451,0.2632731157590451
2023-05-02 20:00:00+02:00,5.75,5.32,0.83,5.507435619939239,0.0011693711557930315,0.0011693711557930315
2023-05-02 21:00:00+02:00,0.0,4.16,0.62,4.16,0.0,0.0
2023-05-02 22:00:00+02:00,0.0,2.95,0.48,2.95,0.0,0.0
2023-05-02 23:00:00+02:00,0.0,1.51,0.41,1.51,0.0,0.0
2023-05-03 00:00:00+02:00,0.0,0.38,0.34,0.38,0.0,0.0
2023-05-03 01:00:00+02:00,0.0,-1.3,0.34,-1.3,0.0,0.0
2023-05-03 02:00:00+02:00,0.0,-2.05,0.28,-2.05,0.0,0.0
2023-05-03 03:00:00+02:00,0.0,-2.7,0.28,-2.7,0.0,0.0
2023-05-03 04:00:00+02:00,0.0,-3.19,0.28,-3.19,0.0,0.0
2023-05-03 05:00:00+02:00,0.0,-3.42,0.21,-3.42,0.0,0.0
2023-05-03 06:00:00+02:00,9.639999999999999,-3.56,0.21,-3.195351258113813,0.03436501779755756,0.03436501779755756
2023-05-03 07:00:00+02:00,48.11,-3.21,0.14,-1.3565929053533454,0.3471794755790051,0.3471794755790051
2023-05-03 08:00:00+02:00,229.05999999999997,-1.7,0.07,7.290219319591189,1.7636032005524138,1.7636032005524138
2023-05-03 09:00:00+02:00,476.90999999999997,0.5,0.07,19.217914501467884,3.557690954463322,3.557690954463322
2023-05-03 10:00:00+02:00,730.61,4.14,0.07,32.815212333390896,5.197067591443115,5.197067591443115
2023-05-03 11:00:00+02:00,919.67,6.8,0.62,38.25160187135783,5.7,5.7
2023-05-03 12:00:00+02:00,1030.9199999999998,8.04,0.62,43.29621734015485,5.7,5.7
2023-05-03 13:00:00+02:00,1056.56,8.7,0.48,46.056451886632345,5.7,5.7
2023-05-03 14:00:00+02:00,990.96,9.16,0.41,44.80040223849463,5.7,5.7
2023-05-03 15:00:00+02:00,870.44,9.43,0.41,40.73583648631152,5.7,5.7
2023-05-03 16:00:00+02:00,682.1099999999999,9.64,0.34,34.60230640864244,4.8217943098048135,4.8217943098048135
2023-05-03 17:00:00+02:00,443.17,9.71,0.21,26.473628935861164,3.2219808264881684,3.2219808264881684
2023-05-03 18:00:00+02:00,191.35999999999999,9.51,0.28,16.619737248840803,1.420656935929582,1.420656935929582
2023-05-03 19:00:00+02:00,36.41,8.51,0.21,9.887267706646895,0.24126703243501482,0.24126703243501482
2023-05-03 20:00:00+02:00,6.16,7.4,0.21,7.633012059130593,0.004095486446389043,0.004095486446389043
2023-05-03 21:00:00+02:00,0.0,6.17,0.34,6.17,0.0,0.0
2023-05-03 22:00:00+02:00,0.0,4.81,0.34,4.81,0.0,0.0
2023-05-03 23:00:00+02:00,0.0,3.79,0.34,3.79,0.0,0.0
2023-05-04 00:00:00+02:00,0.0,3.09,0.34,3.09,0.0,0.0
2023-05-04 01:00:00+02:00,0.0,2.79,0.34,2.79,0.0,0.0
2023-05-04 02:00:00+02:00,0.0,2.8,0.34,2.8,0.0,0.0
2023-05-04 03:00:00+02:00,0.0,3.03,0.28,3.03,0.0,0.0
2023-05-04 04:00:00+02:00,0.0,2.86,0.21,2.86,0.0,0.0
2023-05-04 05:00:00+02:00,0.0,2.32,0.14,2.32,0.0,0.0
2023-05-04 06:00:00+02:00,10.49,1.28,0.14,1.684120565845841,0.03999583851525913,0.03999583851525913
2023-05-04 07:00:00+02:00,62.53,0.22,0.14,2.62892840632416,0.4580005528239145,0.4580005528239145
2023-05-04 08:00:00+02:00,188.18,0.55,0.14,7.799514593028632,1.439460694980696,1.439460694980696
2023-05-04 09:00:00+02:00,400.65,2.07,0.14,17.504785958640245,3.003246021448019,3.003246021448019
2023-05-04 10:00:00+02:00,622.22,4.7,0.14,28.670629025795915,4.493266928511685,4.493266928511685
2023-05-04 11:00:00+02:00,806.16,7.03,0.28,36.981848769468556,5.646533146194299,5.646533146194299
2023-05-04 12:00:00+02:00,906.46,8.63,0.28,42.308367613839025,5.7,5.7
2023-05-04 13:00:00+02:00,916.65,9.57,0.21,44.24378311721717,5.7,5.7
2023-05-04 14:00:00+02:00,912.47,10.19,0.14,45.34232533053903,5.7,5.7
2023-05-04 15:00:00+02:00,781.4100000000001,10.7,0.14,40.803322341048485,5.3978866892819735,5.3978866892819735
2023-05-04 16:00:00+02:00,641.1299999999999,10.9,0.07,36.063272995588484,4.508464413552672,4.508464413552672
2023-05-04 17:00:00+02:00,428.33,11.0,0.07,27.811231298177308,3.0986083114717995,3.0986083114717995
2023-05-04 18:00:00+02:00,188.21,10.74,0.0,18.2684,1.3885590733104471,1.3885590733104471
2023-05-04 19:00:00+02:00,46.419999999999995,9.51,0.14,11.298300921502758,0.3181062210287084,0.3181062210287084
2023-05-04 20:00:00+02:00,6.74,8.35,0.21,8.604951506256524,0.008515258459405888,0.008515258459405888
2023-05-04 21:00:00+02:00,0.0,7.41,0.14,7.41,0.0,0.0
2023-05-04 22:00:00+02:00,0.0,5.99,0.21,5.99,0.0,0.0
2023-05-04 23:00:00+02:00,0.0,4.78,0.21,4.78,0.0,0.0
2023-05-05 00:00:00+02:00,0.0,3.86,0.28,3.86,0.0,0.0
2023-05-05 01:00:00+02:00,0.0,3.37,0.28,3.37,0.0,0.0
2023-05-05 02:00:00+02:00,0.0,3.03,0.28,3.03,0.0,0.0
2023-05-05 03:00:00+02:00,0.0,2.78,0.28,2.78,0.0,0.0
2023-05-05 04:00:00+02:00,0.0,2.5,0.21,2.5,0.0,0.0
2023-05-05 05:00:00+02:00,0.0,2.24,0.21,2.24,0.0,0.0
2023-05-05 06:00:00+02:00,10.870000000000001,2.09,0.21,2.501175500446354,0.042830292276083336,0.042830292276083336
2023-05-05 07:00:00+02:00,46.86,2.07,0.14,3.8752516411378553,0.33061354884220107,0.33061354884220107
2023-05-05 08:00:00+02:00,216.85,3.15,0.07,11.660997378212475,1.6430075484605746,1.6430075484605746
2023-05-05 09:00:00+02:00,445.68,6.25,0.28,22.808673166092024,3.282388077336507,3.282388077336507
2023-05-05 10:00:00+02:00,670.94,8.09,0.55,31.417306863222308,4.797585704661387,4.797585704661387
2023-05-05 11:00:00+02:00,829.87,9.12,0.62,37.5005504637356,5.7,5.7
2023-05-05 12:00:00+02:00,905.8900000000001,9.79,0.69,40.271231241335684,5.7,5.7
2023-05-05 13:00:00+02:00,767.24,10.29,0.69,36.10595983795206,5.3922630791130794,5.3922630791130794
2023-05-05 14:00:00+02:00,727.92,10.47,0.55,35.77839301856616,5.122955858185835,5.122955858185835
2023-05-05 15:00:00+02:00,635.0100000000001,10.78,0.41,33.61847160881012,4.505178516068897,4.505178516068897
2023-05-05 16:00:00+02:00,426.45,11.02,0.48,26.097855405328957,3.10372918278146,3.10372918278146
2023-05-05 17:00:00+02:00,314.44,10.51,0.14,22.6236006410454,2.3093088259859265,2.3093088259859265
2023-05-05 18:00:00+02:00,176.24,9.99,0.07,16.907123255412344,1.303907764068004,1.303907764068004
2023-05-05 19:00:00+02:00,52.1,8.97,0.14,10.977119302246741,0.36289215573198885,0.36289215573198885
2023-05-05 20:00:00+02:00,6.85,7.92,0.28,8.174503031744145,0.009460139313154547,0.009460139313154547
2023-05-05 21:00:00+02:00,0.0,6.56,0.41,6.56,0.0,0.0
2023-05-05 22:00:00+02:00,0.0,5.52,0.28,5.52,0.0,0.0
2023-05-05 23:00:00+02:00,0.0,4.39,0.28,4.39,0.0,0.0
2023-05-06 00:00:00+02:00,0.0,3.12,0.34,3.12,0.0,0.0
2023-05-06 01:00:00+02:00,0.0,2.16,0.28,2.16,0.0,0.0
2023-05-06 02:00:00+02:00,0.0,1.89,0.28,1.89,0.0,0.0
2023-05-06 03:00:00+02:00,0.0,2.31,0.28,2.31,0.0,0.0
2023-05-06 04:00:00+02:00,0.0,2.33,0.28,2.33,0.0,0.0
2023-05-06 05:00:00+02:00,0.0,2.5,0.21,2.5,0.0,0.0
2023-05-06 06:00:00+02:00,11.15,2.57,0.21,2.991766957679563,0.04494088683984352,0.04494088683984352
2023-05-06 07:00:00+02:00,47.49,2.91,0.21,4.706386800018157,0.3346253994026777,0.3346253994026777
2023-05-06 08:00:00+02:00,210.59,3.93,0.21,11.895910638362258,1.5931821602523957,1.5931821602523957
2023-05-06 09:00:00+02:00,417.44,7.16,0.07,23.54381713424494,3.065135538048787,3.065135538048787
2023-05-06 10:00:00+02:00,616.75,8.82,0.14,32.57990076124141,4.392047287917585,4.392047287917585
2023-05-06 11:00:00+02:00,817.99,9.93,0.28,40.32137736297706,5.659428988431783,5.659428988431783
2023-05-06 12:00:00+02:00,957.38,10.74,0.34,45.776010188248385,5.7,5.7
2023-05-06 13:00:00+02:00,943.75,11.44,0.41,45.38246953719555,5.7,5.7
2023-05-06 14:00:00+02:00,864.7099999999999,11.91,0.41,43.00975399577045,5.7,5.7
2023-05-06 15:00:00+02:00,685.6199999999999,12.22,0.34,37.310757385016245,4.799104199044872,4.799104199044872
2023-05-06 16:00:00+02:00,541.26,12.28,0.21,32.754043364452045,3.851324223629606,3.851324223629606
2023-05-06 17:00:00+02:00,354.02,12.1,0.28,25.253162525264536,2.579834117719456,2.579834117719456
2023-05-06 18:00:00+02:00,170.12,11.37,0.07,18.046923559979277,1.2521769516471186,1.2521769516471186
2023-05-06 19:00:00+02:00,40.74,10.27,0.07,11.868976403912272,0.273141458167123,0.273141458167123
2023-05-06 20:00:00+02:00,6.41,9.22,0.21,9.462468717374529,0.005768055763990722,0.005768055763990722
2023-05-06 21:00:00+02:00,0.0,7.67,0.07,7.67,0.0,0.0
2023-05-06 22:00:00+02:00,0.0,6.39,0.07,6.39,0.0,0.0
2023-05-06 23:00:00+02:00,0.0,5.36,0.07,5.36,0.0,0.0
2023-05-07 00:00:00+02:00,0.0,4.86,0.0,4.86,0.0,0.0
2023-05-07 01:00:00+02:00,0.0,4.38,0.0,4.38,0.0,0.0
2023-05-07 02:00:00+02:00,0.0,4.19,0.0,4.19,0.0,0.0
2023-05-07 03:00:00+02:00,0.0,3.75,0.0,3.75,0.0,0.0
2023-05-07 04:00:00+02:00,0.0,3.72,0.07,3.72,0.0,0.0
2023-05-07 05:00:00+02:00,0.0,3.71,0.07,3.71,0.0,0.0
2023-05-07 06:00:00+02:00,14.01,3.61,0.14,4.149726322926619,0.06749656956993969,0.06749656956993969
2023-05-07 07:00:00+02:00,59.940000000000005,3.74,0.07,6.092544075859147,0.4317904108135419,0.4317904108135419
2023-05-07 08:00:00+02:00,179.87,4.74,0.0,11.9348,1.3548190046143507,1.3548190046143507
2023-05-07 09:00:00+02:00,385.65000000000003,6.34,0.07,21.476113160745406,2.8503920154157294,2.8503920154157294
2023-05-07 10:00:00+02:00,590.45,8.04,0.21,30.37473544052897,4.238024422259454,4.238024422259454
2023-05-07 11:00:00+02:00,752.7900000000001,9.3,0.55,35.47307558584244,5.303246680116076,5.303246680116076
2023-05-07 12:00:00+02:00,753.2299999999999,10.02,0.69,35.364553762500165,5.3084190890692575,5.3084190890692575
2023-05-07 13:00:00+02:00,519.4599999999999,10.3,0.76,27.501573593302954,3.765799361256015,3.765799361256015
2023-05-07 14:00:00+02:00,393.68,10.21,0.55,23.8975043460121,2.8856996413568483,2.8856996413568483
2023-05-07 15:00:00+02:00,275.43,9.62,0.07,20.430163743975385,2.0342465610683558,2.0342465610683558
2023-05-07 16:00:00+02:00,228.71,8.97,0.21,17.621329227882768,1.6996141462969208,1.6996141462969208
2023-05-07 17:00:00+02:00,143.82,8.46,0.21,13.900226354571728,1.067678189258756,1.067678189258756
2023-05-07 18:00:00+02:00,113.02,7.95,0.34,12.086048247796938,0.8352578810598863,0.8352578810598863
2023-05-07 19:00:00+02:00,31.35,7.53,0.28,8.694769349661158,0.2025268683523003,0.2025268683523003
2023-05-07 20:00:00+02:00,3.2699999999999996,6.62,0.34,6.739668003630295,0.0,0.0
2023-05-07 21:00:00+02:00,0.0,5.69,0.55,5.69,0.0,0.0
2023-05-07 22:00:00+02:00,0.0,5.19,0.48,5.19,0.0,0.0
2023-05-07 23:00:00+02:00,0.0,4.49,0.48,4.49,0.0,0.0
2023-05-08 00:00:00+02:00,0.0,4.09,0.48,4.09,0.0,0.0
2023-05-08 01:00:00+02:00,0.0,3.81,0.48,3.81,0.0,0.0
2023-05-08 02:00:00+02:00,0.0,3.46,0.48,3.46,0.0,0.0
2023-05-08 03:00:00+02:00,0.0,3.21,0.48,3.21,0.0,0.0
2023-05-08 04:00:00+02:00,0.0,3.09,0.48,3.09,0.0,0.0
2023-05-08 05:00:00+02:00,0.0,3.04,0.55,3.04,0.0,0.0
2023-05-08 06:00:00+02:00,9.39,3.05,0.55,3.376472428899242,0.03070432347897082,0.03070432347897082
2023-05-08 07:00:00+02:00,53.269999999999996,3.03,0.48,4.91345024608248,0.380458258820066,0.380458258820066
2023-05-08 08:00:00+02:00,162.89,3.59,0.48,9.349249307009107,1.2340158838005502,1.2340158838005502
2023-05-08 09:00:00+02:00,399.23999999999995,5.01,0.69,18.44355899810226,2.9829335330145326,2.9829335330145326
2023-05-08 10:00:00+02:00,500.24,6.39,0.83,22.69657295972253,3.6877267895477783,3.6877267895477783
2023-05-08 11:00:00+02:00,570.47,6.93,0.9,25.24011683142894,4.169544149983242,4.169544149983242
2023-05-08 12:00:00+02:00,739.33,7.59,0.9,31.31993965849275,5.287074234962959,5.287074234962959
2023-05-08 13:00:00+02:00,736.0200000000001,8.45,0.97,31.716149936146273,5.256052060098958,5.256052060098958
2023-05-08 14:00:00+02:00,640.1600000000001,9.03,0.9,29.576925150853768,4.6078922292296705,4.6078922292296705
2023-05-08 15:00:00+02:00,573.3800000000001,9.35,0.97,27.474976291931675,4.157991437688554,4.157991437688554
2023-05-08 16:00:00+02:00,408.29,9.36,0.97,22.26635629117301,3.0108739606664963,3.0108739606664963
2023-05-08 17:00:00+02:00,278.97999999999996,9.22,0.83,18.314050304460643,2.0761931162911216,2.0761931162911216
2023-05-08 18:00:00+02:00,146.69,9.39,0.41,14.665783688912548,1.0869010938378958,1.0869010938378958
2023-05-08 19:00:00+02:00,46.56,9.04,0.48,10.68620693556599,0.31994270369856914,0.31994270369856914
2023-05-08 20:00:00+02:00,8.780000000000001,8.19,0.62,8.49026538261607,0.024636188045658744,0.024636188045658744
2023-05-08 21:00:00+02:00,0.0,6.65,0.55,6.65,0.0,0.0
2023-05-08 22:00:00+02:00,0.0,5.87,0.41,5.87,0.0,0.0
2023-05-08 23:00:00+02:00,0.0,5.1,0.41,5.1,0.0,0.0
2023-05-09 00:00:00+02:00,0.0,4.62,0.28,4.62,0.0,0.0
2023-05-09 01:00:00+02:00,0.0,3.8,0.21,3.8,0.0,0.0
2023-05-09 02:00:00+02:00,0.0,3.23,0.21,3.23,0.0,0.0
2023-05-09 03:00:00+02:00,0.0,2.65,0.34,2.65,0.0,0.0
2023-05-09 04:00:00+02:00,0.0,1.84,0.28,1.84,0.0,0.0
2023-05-09 05:00:00+02:00,0.0,0.94,0.14,0.94,0.0,0.0
2023-05-09 06:00:00+02:00,13.84,0.37,0.14,0.9031771812494221,0.06730900975349975,0.06730900975349975
2023-05-09 07:00:00+02:00,59.98,0.15,0.14,2.460691281166209,0.43778634766764024,0.43778634766764024
2023-05-09 08:00:00+02:00,157.36,1.16,0.07,7.336115044664584,1.198953970016075,1.198953970016075
2023-05-09 09:00:00+02:00,286.09,2.62,0.07,13.848550795170887,2.163031446392454,2.163031446392454
2023-05-09 10:00:00+02:00,556.63,4.49,0.14,25.933816069282216,4.058345305141939,4.058345305141939
2023-05-09 11:00:00+02:00,614.56,6.69,0.69,27.368609402549158,4.458448310050351,4.458448310050351
2023-05-09 12:00:00+02:00,664.48,6.92,0.97,27.924716325059748,4.810786354348615,4.810786354348615
2023-05-09 13:00:00+02:00,553.2800000000001,7.21,1.03,24.475612322594337,4.054569748714141,4.054569748714141
2023-05-09 14:00:00+02:00,561.32,7.59,1.03,25.10650793254528,4.104502508385974,4.104502508385974
2023-05-09 15:00:00+02:00,418.51,7.87,0.97,21.099418235613946,3.0994030104863795,3.0994030104863795
2023-05-09 16:00:00+02:00,280.14,8.34,0.76,17.61665041856522,2.090025193549518,2.090025193549518
2023-05-09 17:00:00+02:00,122.27,8.05,0.62,12.231486142649995,0.906660383302464,0.906660383302464
2023-05-09 18:00:00+02:00,46.65,7.16,0.34,8.867190327019351,0.32285997056624144,0.32285997056624144
2023-05-09 19:00:00+02:00,11.42,6.46,0.28,6.884295565331114,0.04594963616134701,0.04594963616134701
2023-05-09 20:00:00+02:00,2.4,5.74,0.0,5.836,0.0,0.0
2023-05-09 21:00:00+02:00,0.0,4.58,0.14,4.58,0.0,0.0
2023-05-09 22:00:00+02:00,0.0,4.22,0.28,4.22,0.0,0.0
2023-05-09 23:00:00+02:00,0.0,3.84,0.41,3.84,0.0,0.0
2023-05-10 00:00:00+02:00,0.0,3.51,0.55,3.51,0.0,0.0
2023-05-10 01:00:00+02:00,0.0,3.25,0.76,3.25,0.0,0.0
2023-05-10 02:00:00+02:00,0.0,2.75,0.9,2.75,0.0,0.0
2023-05-10 03:00:00+02:00,0.0,3.07,0.83,3.07,0.0,0.0
2023-05-10 04:00:00+02:00,0.0,2.88,0.76,2.88,0.0,0.0
2023-05-10 05:00:00+02:00,0.0,2.74,0.83,2.74,0.0,0.0
2023-05-10 06:00:00+02:00,7.47,2.59,0.83,2.8335033184254104,0.01540063287325643,0.01540063287325643
2023-05-10 07:00:00+02:00,41.88,2.79,0.76,4.17682844124192,0.29043091616868083,0.29043091616868083
2023-05-10 08:00:00+02:00,111.87,2.36,1.17,5.749712388039803,0.8447661559330644,0.8447661559330644
2023-05-10 09:00:00+02:00,194.64,2.71,1.1,8.694503751076127,1.4857161423866128,1.4857161423866128
2023-05-10 10:00:00+02:00,252.6,3.18,1.1,10.946572377321363,1.9246982639769858,1.9246982639769858
2023-05-10 11:00:00+02:00,423.04,3.42,1.1,16.427010207846514,3.1840925793987456,3.1840925793987456
2023-05-10 12:00:00+02:00,662.54,4.2,0.97,25.14339145497996,4.843858116725288,4.843858116725288
2023-05-10 13:00:00+02:00,660.21,4.46,1.1,24.759163694502522,4.833337326011433,4.833337326011433
2023-05-10 14:00:00+02:00,768.85,4.5,1.24,27.46335897926025,5.572825953855333,5.572825953855333
2023-05-10 15:00:00+02:00,637.4399999999999,4.83,1.24,23.86851667781707,4.681401662978275,4.681401662978275
2023-05-10 16:00:00+02:00,523.75,4.62,1.17,20.489865587162303,3.891269913981906,3.891269913981906
2023-05-10 17:00:00+02:00,315.43999999999994,4.78,1.1,14.478684048702494,2.383157352536226,2.383157352536226
2023-05-10 18:00:00+02:00,151.3,4.71,0.97,9.492707651067812,1.1427098229051342,1.1427098229051342
2023-05-10 19:00:00+02:00,49.11,4.17,0.9,5.746261394273976,0.34622114578259405,0.34622114578259405
2023-05-10 20:00:00+02:00,8.53,3.41,0.97,3.679639763804418,0.02373469948265193,0.02373469948265193
2023-05-10 21:00:00+02:00,0.0,3.23,0.76,3.23,0.0,0.0
2023-05-10 22:00:00+02:00,0.0,2.77,0.9,2.77,0.0,0.0
2023-05-10 23:00:00+02:00,0.0,2.03,0.83,2.03,0.0,0.0
2023-05-11 00:00:00+02:00,0.0,1.73,0.83,1.73,0.0,0.0
2023-05-11 01:00:00+02:00,0.0,1.44,0.83,1.44,0.0,0.0
2023-05-11 02:00:00+02:00,0.0,0.92,0.97,0.92,0.0,0.0
2023-05-11 03:00:00+02:00,0.0,0.9,0.97,0.9,0.0,0.0
2023-05-11 04:00:00+02:00,0.0,0.86,0.9,0.86,0.0,0.0
2023-05-11 05:00:00+02:00,0.0,0.67,0.76,0.67,0.0,0.0
2023-05-11 06:00:00+02:00,14.1,0.46,0.9,0.9125613044036462,0.06940864582072732,0.06940864582072732
2023-05-11 07:00:00+02:00,60.57,0.16,0.97,2.074663598315779,0.4431364253609928,0.4431364253609928
2023-05-11 08:00:00+02:00,160.83,0.16,0.97,5.243958172645315,1.2350403614354122,1.2350403614354122
2023-05-11 09:00:00+02:00,306.96,2.24,1.03,11.818969705291275,2.339335587586591,2.339335587586591
2023-05-11 10:00:00+02:00,424.16,2.28,1.1,15.321446316566227,3.2046521761401086,3.2046521761401086
2023-05-11 11:00:00+02:00,522.39,2.85,1.03,19.151661403267884,3.8990811836938826,3.8990811836938826
2023-05-11 12:00:00+02:00,581.14,3.34,1.03,21.475009299364647,4.303665089140574,4.303665089140574
2023-05-11 13:00:00+02:00,592.15,3.8,1.03,22.27858649657359,4.3730418394864445,4.3730418394864445
2023-05-11 14:00:00+02:00,662.17,4.26,1.1,24.61942688476202,4.850023850737739,4.850023850737739
2023-05-11 15:00:00+02:00,576.5600000000001,4.44,1.03,22.43208617827319,4.255589221112063,4.255589221112063
2023-05-11 16:00:00+02:00,420.91,4.59,0.97,17.89528405426935,3.1520383359602944,3.1520383359602944
2023-05-11 17:00:00+02:00,313.84,4.46,1.03,14.25366644614482,2.372733924250812,2.372733924250812
2023-05-11 18:00:00+02:00,99.67999999999999,4.92,0.83,8.169318712268394,0.7417397532349986,0.7417397532349986
2023-05-11 19:00:00+02:00,50.309999999999995,4.53,0.62,6.250541161664524,0.3551025188848107,0.3551025188848107
2023-05-11 20:00:00+02:00,8.36,4.08,0.55,4.3706612892010295,0.022220793073340617,0.022220793073340617
2023-05-11 21:00:00+02:00,0.0,3.26,0.41,3.26,0.0,0.0
2023-05-11 22:00:00+02:00,0.0,2.91,0.48,2.91,0.0,0.0
2023-05-11 23:00:00+02:00,0.0,2.67,0.48,2.67,0.0,0.0
2023-05-12 00:00:00+02:00,0.0,2.24,0.48,2.24,0.0,0.0
2023-05-12 01:00:00+02:00,0.0,1.89,0.48,1.89,0.0,0.0
2023-05-12 02:00:00+02:00,0.0,1.49,0.48,1.49,0.0,0.0
2023-05-12 03:00:00+02:00,0.0,1.25,0.48,1.25,0.0,0.0
2023-05-12 04:00:00+02:00,0.0,1.1,0.48,1.1,0.0,0.0
2023-05-12 05:00:00+02:00,0.0,0.86,0.48,0.86,0.0,0.0
2023-05-12 06:00:00+02:00,15.219999999999999,0.53,0.41,1.0773953762713815,0.07840211788724967,0.07840211788724967
2023-05-12 07:00:00+02:00,53.0,0.62,0.48,2.4939039429767496,0.38164899799185037,0.38164899799185037
2023-05-12 08:00:00+02:00,144.63,1.1,0.48,6.213636363636363,1.1028221631032225,1.1028221631032225
2023-05-12 09:00:00+02:00,326.09000000000003,2.5,0.28,14.61545892283914,2.4635164802954104,2.4635164802954104
2023-05-12 10:00:00+02:00,426.81,3.27,0.48,18.360583809469933,3.1914098282433114,3.1914098282433114
2023-05-12 11:00:00+02:00,621.07,3.92,0.48,25.878972110652263,4.52933849278528,4.52933849278528
2023-05-12 12:00:00+02:00,795.36,4.59,0.41,33.19554444620276,5.647937565922994,5.647937565922994
2023-05-12 13:00:00+02:00,592.55,4.95,0.55,25.55183575551074,4.326321854667641,4.326321854667641
2023-05-12 14:00:00+02:00,597.6,5.06,0.55,25.83741464432237,4.358834195308812,4.358834195308812
2023-05-12 15:00:00+02:00,515.6099999999999,5.46,0.48,23.69025683091022,3.788262473313543,3.788262473313543
2023-05-12 16:00:00+02:00,328.45,5.32,0.48,16.93290094473044,2.4619053349230504,2.4619053349230504
2023-05-12 17:00:00+02:00,241.48,5.06,0.62,13.318323985663866,1.8235283186861815,1.8235283186861815
2023-05-12 18:00:00+02:00,140.86,5.02,0.55,9.917434114456576,1.0594236858908754,1.0594236858908754
2023-05-12 19:00:00+02:00,58.88,4.63,0.48,6.711801210612661,0.42242276170945076,0.42242276170945076
2023-05-12 20:00:00+02:00,11.15,3.99,0.34,4.398042275375472,0.044531458304679326,0.044531458304679326
2023-05-12 21:00:00+02:00,0.0,2.7,0.41,2.7,0.0,0.0
2023-05-12 22:00:00+02:00,0.0,2.04,0.48,2.04,0.0,0.0
2023-05-12 23:00:00+02:00,0.0,1.6,0.48,1.6,0.0,0.0
2023-05-13 00:00:00+02:00,0.0,1.28,0.41,1.28,0.0,0.0
2023-05-13 01:00:00+02:00,0.0,1.21,0.34,1.21,0.0,0.0
2023-05-13 02:00:00+02:00,0.0,0.83,0.28,0.83,0.0,0.0
2023-05-13 03:00:00+02:00,0.0,0.14,0.21,0.14,0.0,0.0
2023-05-13 04:00:00+02:00,0.0,0.03,0.21,0.03,0.0,0.0
2023-05-13 05:00:00+02:00,0.0,-0.22,0.14,-0.22,0.0,0.0
2023-05-13 06:00:00+02:00,12.66,-0.03,0.07,0.4668836836899697,0.05790818684527661,0.05790818684527661
2023-05-13 07:00:00+02:00,53.33,0.35,0.14,2.404504268499399,0.384425219539552,0.384425219539552
2023-05-13 08:00:00+02:00,153.14999999999998,1.14,0.34,6.74463448195099,1.1681249294739535,1.1681249294739535
2023-05-13 09:00:00+02:00,329.33,2.34,0.69,13.421239316814493,2.498455065010236,2.498455065010236
2023-05-13 10:00:00+02:00,497.83,2.99,0.76,19.475310480025435,3.7110900855780566,3.7110900855780566
2023-05-13 11:00:00+02:00,676.86,3.66,0.76,26.073770265974357,4.93224539448933,4.93224539448933
2023-05-13 12:00:00+02:00,668.9899999999999,4.56,0.62,27.438649010970966,4.851688226065954,4.851688226065954
2023-05-13 13:00:00+02:00,633.87,5.15,0.55,27.188453515054583,4.601384990660867,4.601384990660867
2023-05-13 14:00:00+02:00,478.09,5.27,0.62,21.620099860468933,3.5370111451570514,3.5370111451570514
2023-05-13 15:00:00+02:00,554.9,5.17,0.55,24.46281691120228,4.066643711577755,4.066643711577755
2023-05-13 16:00:00+02:00,386.9,5.04,0.62,18.27151213373095,2.8916831403189094,2.8916831403189094
2023-05-13 17:00:00+02:00,251.27,5.31,0.48,14.19407252361826,1.8932424689489027,1.8932424689489027
2023-05-13 18:00:00+02:00,158.22,5.17,0.55,10.671008274807036,1.1920243440585525,1.1920243440585525
2023-05-13 19:00:00+02:00,53.06,4.86,0.69,6.645353773267473,0.37638790403391514,0.37638790403391514
2023-05-13 20:00:00+02:00,11.39,4.21,0.41,4.61964739393765,0.046385159757148686,0.046385159757148686
2023-05-13 21:00:00+02:00,0.0,3.31,0.41,3.31,0.0,0.0
2023-05-13 22:00:00+02:00,0.0,2.39,0.28,2.39,0.0,0.0
2023-05-13 23:00:00+02:00,0.0,1.66,0.28,1.66,0.0,0.0
2023-05-14 00:00:00+02:00,0.0,0.93,0.21,0.93,0.0,0.0
2023-05-14 01:00:00+02:00,0.0,0.97,0.14,0.97,0.0,0.0
2023-05-14 02:00:00+02:00,0.0,1.22,0.07,1.22,0.0,0.0
2023-05-14 03:00:00+02:00,0.0,1.03,0.0,1.03,0.0,0.0
2023-05-14 04:00:00+02:00,0.0,1.2,0.07,1.2,0.0,0.0
2023-05-14 05:00:00+02:00,0.0,1.12,0.28,1.12,0.0,0.0
2023-05-14 06:00:00+02:00,15.309999999999999,0.9,0.28,1.4688235643799787,0.07897321124707088,0.07897321124707088
2023-05-14 07:00:00+02:00,60.7,0.82,0.34,3.041360189712211,0.44265276756061317,0.44265276756061317
2023-05-14 08:00:00+02:00,133.93,1.35,0.28,6.325998692188801,1.0177370374200854,1.0177370374200854
2023-05-14 09:00:00+02:00,347.44,2.15,0.55,14.2298275502399,2.630215498666516,2.630215498666516
2023-05-14 10:00:00+02:00,535.94,2.35,0.76,20.097297870085836,3.987447435210268,3.987447435210268
2023-05-14 11:00:00+02:00,588.42,3.64,0.69,23.439055168979394,4.327999096608271,4.327999096608271
2023-05-14 12:00:00+02:00,814.23,4.16,0.76,31.122686764861715,5.7,5.7
2023-05-14 13:00:00+02:00,862.0799999999999,5.02,0.83,33.12165204125539,5.7,5.7
2023-05-14 14:00:00+02:00,641.6899999999999,5.32,1.1,25.04973803960152,4.693193208610879,4.693193208610879
2023-05-14 15:00:00+02:00,539.84,5.29,1.17,21.647399978183667,3.995056206577003,3.995056206577003
2023-05-14 16:00:00+02:00,498.65999999999997,5.48,1.1,20.812062476940106,3.7001768766098633,3.7001768766098633
2023-05-14 17:00:00+02:00,340.31,5.47,1.1,15.933350141434019,2.5606749966722564,2.5606749966722564
2023-05-14 18:00:00+02:00,146.61,5.65,1.03,10.225100171008451,1.103206562703049,1.103206562703049
2023-05-14 19:00:00+02:00,44.8,5.32,0.83,6.780367960570065,0.3107345516940772,0.3107345516940772
2023-05-14 20:00:00+02:00,9.739999999999998,5.15,0.76,5.472533644166579,0.032980143447479564,0.032980143447479564
2023-05-14 21:00:00+02:00,0.0,4.01,0.76,4.01,0.0,0.0
2023-05-14 22:00:00+02:00,0.0,3.66,0.76,3.66,0.0,0.0
2023-05-14 23:00:00+02:00,0.0,3.21,0.83,3.21,0.0,0.0
2023-05-15 00:00:00+02:00,0.0,2.94,0.9,2.94,0.0,0.0
2023-05-15 01:00:00+02:00,0.0,2.61,0.76,2.61,0.0,0.0
2023-05-15 02:00:00+02:00,0.0,2.54,0.76,2.54,0.0,0.0
2023-05-15 03:00:00+02:00,0.0,2.47,0.9,2.47,0.0,0.0
2023-05-15 04:00:00+02:00,0.0,2.46,0.83,2.46,0.0,0.0
2023-05-15 05:00:00+02:00,0.0,2.2,0.83,2.2,0.0,0.0
2023-05-15 06:00:00+02:00,16.96,2.17,0.76,2.731619158630921,0.09173525078965539,0.09173525078965539
2023-05-15 07:00:00+02:00,69.96,2.18,0.9,4.425474386955964,0.5143799811319478,0.5143799811319478
2023-05-15 08:00:00+02:00,193.35000000000002,1.47,1.17,7.328593816282255,1.482459817853501,1.482459817853501
2023-05-15 09:00:00+02:00,409.29999999999995,2.69,1.31,14.742272646965286,3.0977191438113465,3.0977191438113465
2023-05-15 10:00:00+02:00,616.04,3.12,1.31,21.25995123732347,4.565488926694501,4.565488926694501
2023-05-15 11:00:00+02:00,731.34,3.99,1.38,25.225684917187394,5.3437969431590435,5.3437969431590435
2023-05-15 12:00:00+02:00,891.93,4.58,1.31,30.843824925501465,5.7,5.7
2023-05-15 13:00:00+02:00,892.76,5.25,1.17,32.3010380937375,5.7,5.7
2023-05-15 14:00:00+02:00,815.61,5.62,1.17,30.333357654502045,5.7,5.7
2023-05-15 15:00:00+02:00,711.1899999999999,5.69,1.17,27.23938368865672,5.160548870250755,5.160548870250755
2023-05-15 16:00:00+02:00,535.06,5.62,1.1,22.071236010330832,3.9537891211064946,3.9537891211064946
2023-05-15 17:00:00+02:00,345.39,5.71,1.1,16.329542491698437,2.5958046592733837,2.5958046592733837
2023-05-15 18:00:00+02:00,158.12,6.54,0.9,11.61510591860316,1.187366613667367,1.187366613667367
2023-05-15 19:00:00+02:00,53.21,6.47,0.83,8.204512928168151,0.3754139958930627,0.3754139958930627
2023-05-15 20:00:00+02:00,12.59,5.96,0.76,6.376909505139345,0.055398356509321345,0.055398356509321345
2023-05-15 21:00:00+02:00,0.0,4.52,0.83,4.52,0.0,0.0
2023-05-15 22:00:00+02:00,0.0,3.57,0.83,3.57,0.0,0.0
2023-05-15 23:00:00+02:00,0.0,2.8,0.83,2.8,0.0,0.0
2023-05-16 00:00:00+02:00,0.0,2.28,0.83,2.28,0.0,0.0
2023-05-16 01:00:00+02:00,0.0,2.08,0.83,2.08,0.0,0.0
2023-05-16 02:00:00+02:00,0.0,2.03,0.76,2.03,0.0,0.0
2023-05-16 03:00:00+02:00,0.0,1.54,0.76,1.54,0.0,0.0
2023-05-16 04:00:00+02:00,0.0,1.5,0.83,1.5,0.0,0.0
2023-05-16 05:00:00+02:00,0.0,1.13,0.9,1.13,0.0,0.0
2023-05-16 06:00:00+02:00,16.11,1.01,0.97,1.519249307724405,0.08541084248023466,0.08541084248023466
2023-05-16 07:00:00+02:00,60.35,0.35,1.31,2.127069763607025,0.441284101439121,0.441284101439121
2023-05-16 08:00:00+02:00,164.82,1.3,1.45,6.020201615212784,1.26337349510512,1.26337349510512
2023-05-16 09:00:00+02:00,360.10999999999996,1.72,1.45,12.033019073257345,2.7475672431437115,2.7475672431437115
2023-05-16 10:00:00+02:00,489.54,2.83,1.45,16.849703304885733,3.682087668048009,3.682087668048009
2023-05-16 11:00:00+02:00,631.9300000000001,3.59,1.45,21.687542814594195,4.676228368881132,4.676228368881132
2023-05-16 12:00:00+02:00,635.15,4.24,1.38,22.68264675137634,4.683865000816349,4.683865000816349
2023-05-16 13:00:00+02:00,496.4,4.57,1.31,19.18702453445778,3.704068229979384,3.704068229979384
2023-05-16 14:00:00+02:00,297.78000000000003,4.37,1.31,13.138447957032309,2.25824727592875,2.25824727592875
2023-05-16 15:00:00+02:00,290.95,3.67,1.31,12.237331362410336,2.212471386431653,2.212471386431653
2023-05-16 16:00:00+02:00,201.44,3.31,1.31,9.241614468616389,1.5361356152633028,1.5361356152633028
2023-05-16 17:00:00+02:00,133.1,2.84,1.24,6.815317786485711,1.0094750550005178,1.0094750550005178
2023-05-16 18:00:00+02:00,55.4,2.48,1.31,4.111311763112331,0.3985989060159034,0.3985989060159034
2023-05-16 19:00:00+02:00,28.150000000000002,1.93,1.31,2.7589066088738647,0.181667682045478,0.181667682045478
2023-05-16 20:00:00+02:00,8.02,1.63,1.24,1.8695345503201757,0.020024639576185038,0.020024639576185038
2023-05-16 21:00:00+02:00,0.0,1.47,1.17,1.47,0.0,0.0
2023-05-16 22:00:00+02:00,0.0,1.21,1.17,1.21,0.0,0.0
2023-05-16 23:00:00+02:00,0.0,1.07,1.1,1.07,0.0,0.0
2023-05-17 00:00:00+02:00,0.0,0.9,1.1,0.9,0.0,0.0
2023-05-17 01:00:00+02:00,0.0,0.78,1.1,0.78,0.0,0.0
2023-05-17 02:00:00+02:00,0.0,0.49,1.1,0.49,0.0,0.0
2023-05-17 03:00:00+02:00,0.0,-0.06,1.03,-0.06,0.0,0.0
2023-05-17 04:00:00+02:00,0.0,-0.23,0.97,-0.23,0.0,0.0
2023-05-17 05:00:00+02:00,0.0,-0.41,0.97,-0.41,0.0,0.0
2023-05-17 06:00:00+02:00,17.650000000000002,-0.68,0.97,-0.1220701253050438,0.09859781954658638,0.09859781954658638
2023-05-17 07:00:00+02:00,70.58,-0.59,1.03,1.612513949046971,0.5245014579047625,0.5245014579047625
2023-05-17 08:00:00+02:00,171.87,-0.17,1.1,5.114405362194072,1.3231966723347774,1.3231966723347774
2023-05-17 09:00:00+02:00,274.83,0.94,1.17,9.267475244524706,2.1091268240351164,2.1091268240351164
2023-05-17 10:00:00+02:00,445.8299999999999,1.56,1.17,15.068853794223518,3.3722879192978636,3.3722879192978636
2023-05-17 11:00:00+02:00,420.78999999999996,2.25,1.17,15.000130291975225,3.182503175749644,3.182503175749644
2023-05-17 12:00:00+02:00,479.40000000000003,2.59,1.1,17.329884393063587,3.5996090283741786,3.5996090283741786
2023-05-17 13:00:00+02:00,415.65000000000003,3.13,1.1,15.909793383347683,3.1336263099206056,3.1336263099206056
2023-05-17 14:00:00+02:00,394.94,3.34,1.1,15.483032837289386,2.980677665360983,2.980677665360983
2023-05-17 15:00:00+02:00,273.39,3.41,1.1,11.815792645431065,2.079868651584654,2.079868651584654
2023-05-17 16:00:00+02:00,193.20000000000002,3.24,0.97,9.347198401760089,1.4711601719999383,1.4711601719999383
2023-05-17 17:00:00+02:00,155.85999999999999,3.15,0.9,8.152567723712927,1.1838257307007451,1.1838257307007451
2023-05-17 18:00:00+02:00,74.22,3.18,0.83,5.599386384676568,0.5461069499869565,0.5461069499869565
2023-05-17 19:00:00+02:00,38.79,3.04,0.62,4.366571092446171,0.26553147426346785,0.26553147426346785
2023-05-17 20:00:00+02:00,9.22,2.8,0.62,3.1153128505376046,0.029402851010104807,0.029402851010104807
2023-05-17 21:00:00+02:00,0.0,2.25,0.55,2.25,0.0,0.0
2023-05-17 22:00:00+02:00,0.0,1.71,0.34,1.71,0.0,0.0
2023-05-17 23:00:00+02:00,0.0,1.32,0.28,1.32,0.0,0.0
2023-05-18 00:00:00+02:00,0.0,1.08,0.34,1.08,0.0,0.0
2023-05-18 01:00:00+02:00,0.0,1.03,0.41,1.03,0.0,0.0
2023-05-18 02:00:00+02:00,0.0,0.98,0.28,0.98,0.0,0.0
2023-05-18 03:00:00+02:00,0.0,1.15,0.34,1.15,0.0,0.0
2023-05-18 04:00:00+02:00,0.0,1.1,0.34,1.1,0.0,0.0
2023-05-18 05:00:00+02:00,0.0,0.84,0.28,0.84,0.0,0.0
2023-05-18 06:00:00+02:00,19.299999999999997,0.12,0.28,0.837066936155035,0.1115031261677458,0.1115031261677458
2023-05-18 07:00:00+02:00,67.55,0.23,0.21,2.7851890575116127,0.4980321169967134,0.4980321169967134
2023-05-18 08:00:00+02:00,163.98,1.73,0.21,7.9328112753627575,1.2485806641824224,1.2485806641824224
2023-05-18 09:00:00+02:00,313.65999999999997,2.89,0.34,14.368613461369558,2.3704231688129735,2.3704231688129735
2023-05-18 10:00:00+02:00,425.65000000000003,4.33,0.48,19.379570062793462,3.171510133755245,3.171510133755245
2023-05-18 11:00:00+02:00,411.35,5.11,0.48,19.653969564971433,3.0613027052714488,3.0613027052714488
2023-05-18 12:00:00+02:00,318.26,5.66,0.48,16.912616394184532,2.3847274779327177,2.3847274779327177
2023-05-18 13:00:00+02:00,299.44,5.9,0.55,16.31095890410959,2.2464567981836656,2.2464567981836656
2023-05-18 14:00:00+02:00,219.22,5.93,0.55,13.551862179264306,1.650636197939014,1.650636197939014
2023-05-18 15:00:00+02:00,310.53000000000003,5.59,0.41,16.758376228222872,2.327270853068049,2.327270853068049
2023-05-18 16:00:00+02:00,246.35999999999996,5.61,0.48,14.32047123380664,1.854727476170186,1.854727476170186
2023-05-18 17:00:00+02:00,222.4,5.25,0.48,13.113325224868472,1.6776627093931917,1.6776627093931917
2023-05-18 18:00:00+02:00,145.98000000000002,5.43,0.55,10.505446770043807,1.0972228443980818,1.0972228443980818
2023-05-18 19:00:00+02:00,43.8,5.47,0.55,6.992842639593908,0.3025648040536116,0.3025648040536116
2023-05-18 20:00:00+02:00,11.040000000000001,4.41,0.41,4.807059458215247,0.0435337235635117,0.0435337235635117
2023-05-18 21:00:00+02:00,0.0,3.35,0.41,3.35,0.0,0.0
2023-05-18 22:00:00+02:00,0.0,2.46,0.41,2.46,0.0,0.0
2023-05-18 23:00:00+02:00,0.0,2.03,0.34,2.03,0.0,0.0
2023-05-19 00:00:00+02:00,0.0,1.66,0.34,1.66,0.0,0.0
2023-05-19 01:00:00+02:00,0.0,1.6,0.34,1.6,0.0,0.0
2023-05-19 02:00:00+02:00,0.0,1.11,0.34,1.11,0.0,0.0
2023-05-19 03:00:00+02:00,0.0,1.25,0.41,1.25,0.0,0.0
2023-05-19 04:00:00+02:00,0.0,1.61,0.48,1.61,0.0,0.0
2023-05-19 05:00:00+02:00,0.0,1.88,0.48,1.88,0.0,0.0
2023-05-19 06:00:00+02:00,12.83,2.07,0.55,2.516074681871914,0.05859882105500743,0.05859882105500743
2023-05-19 07:00:00+02:00,47.87,2.47,0.55,4.1343487935470415,0.3383719285925805,0.3383719285925805
2023-05-19 08:00:00+02:00,129.04,2.61,0.83,6.8163812864277045,0.9773892465184568,0.9773892465184568
2023-05-19 09:00:00+02:00,206.49,2.92,0.97,9.447305372564392,1.5745216517480198,1.5745216517480198
2023-05-19 10:00:00+02:00,330.67,3.58,1.03,13.898862107273477,2.504664904695423,2.504664904695423
2023-05-19 11:00:00+02:00,332.65000000000003,4.23,1.03,14.610649832112143,2.513727862345488,2.513727862345488
2023-05-19 12:00:00+02:00,374.93,4.64,1.1,16.167794859180912,2.8217570188912675,2.8217570188912675
2023-05-19 13:00:00+02:00,401.23999999999995,5.3,0.97,17.98350044887276,3.002754201793011,3.002754201793011
2023-05-19 14:00:00+02:00,379.86,5.76,0.97,17.767662447684195,2.843532733677921,2.843532733677921
2023-05-19 15:00:00+02:00,302.53000000000003,5.93,0.9,15.640168185903198,2.275224431924735,2.275224431924735
2023-05-19 16:00:00+02:00,252.37000000000003,6.27,0.9,14.370205417897035,1.9005383656472337,1.9005383656472337
2023-05-19 17:00:00+02:00,119.56,5.66,0.97,9.439382199350083,0.8943025797971311,0.8943025797971311
2023-05-19 18:00:00+02:00,57.49,5.69,0.76,7.593743244675215,0.41008528893118334,0.41008528893118334
2023-05-19 19:00:00+02:00,28.11,4.42,0.69,5.365840455457005,0.1794338932590701,0.1794338932590701
2023-05-19 20:00:00+02:00,4.92,3.55,0.62,3.7182580503953377,0.0,0.0
2023-05-19 21:00:00+02:00,0.0,3.02,0.76,3.02,0.0,0.0
2023-05-19 22:00:00+02:00,0.0,2.76,0.76,2.76,0.0,0.0
2023-05-19 23:00:00+02:00,0.0,2.51,0.76,2.51,0.0,0.0
2023-05-20 00:00:00+02:00,0.0,2.33,0.69,2.33,0.0,0.0
2023-05-20 01:00:00+02:00,0.0,2.14,0.62,2.14,0.0,0.0
2023-05-20 02:00:00+02:00,0.0,1.62,0.48,1.62,0.0,0.0
2023-05-20 03:00:00+02:00,0.0,1.48,0.48,1.48,0.0,0.0
2023-05-20 04:00:00+02:00,0.0,1.42,0.48,1.42,0.0,0.0
2023-05-20 05:00:00+02:00,0.0,1.81,0.48,1.81,0.0,0.0
2023-05-20 06:00:00+02:00,13.04,2.19,0.55,2.6433759821987346,0.060245351882166155,0.060245351882166155
2023-05-20 07:00:00+02:00,45.53,2.71,0.48,4.319789557051536,0.3194428578942631,0.3194428578942631
2023-05-20 08:00:00+02:00,168.8,3.4,0.48,9.3682072749901,1.2801900681552316,1.2801900681552316
2023-05-20 09:00:00+02:00,297.56,4.26,0.9,13.810648350237514,2.251382858856928,2.251382858856928
2023-05-20 10:00:00+02:00,443.33000000000004,5.25,0.97,19.263997243541922,3.305417835192438,3.305417835192438
2023-05-20 11:00:00+02:00,445.06,5.63,1.24,18.922674185224125,3.3223014682086895,3.3223014682086895
2023-05-20 12:00:00+02:00,446.56,5.79,1.31,18.939432868870803,3.333371027899669,3.333371027899669
2023-05-20 13:00:00+02:00,404.34000000000003,6.05,1.24,18.126483800057347,3.024647711917541,3.024647711917541
2023-05-20 14:00:00+02:00,314.56,6.28,1.1,15.951627106137007,2.3644472162282675,2.3644472162282675
2023-05-20 15:00:00+02:00,320.81,6.12,1.03,16.131171719945577,2.410563998604079,2.410563998604079
2023-05-20 16:00:00+02:00,215.74,5.94,0.97,12.759704881965432,1.6282550147478312,1.6282550147478312
2023-05-20 17:00:00+02:00,115.67999999999999,5.62,0.9,9.332928488894595,0.8642123907604198,0.8642123907604198
2023-05-20 18:00:00+02:00,82.47,5.17,0.69,7.944936405604382,0.6066416329120236,0.6066416329120236
2023-05-20 19:00:00+02:00,36.96,4.97,0.48,6.276782825140012,0.24906483944692767,0.24906483944692767
2023-05-20 20:00:00+02:00,9.19,4.51,0.48,4.834927872376534,0.028749201304515165,0.028749201304515165
2023-05-20 21:00:00+02:00,0.0,4.27,0.55,4.27,0.0,0.0
2023-05-20 22:00:00+02:00,0.0,4.12,0.55,4.12,0.0,0.0
2023-05-20 23:00:00+02:00,0.0,4.03,0.55,4.03,0.0,0.0
2023-05-21 00:00:00+02:00,0.0,4.0,0.48,4.0,0.0,0.0
2023-05-21 01:00:00+02:00,0.0,3.98,0.48,3.98,0.0,0.0
2023-05-21 02:00:00+02:00,0.0,3.88,0.41,3.88,0.0,0.0
2023-05-21 03:00:00+02:00,0.0,4.05,0.41,4.05,0.0,0.0
2023-05-21 04:00:00+02:00,0.0,4.04,0.41,4.04,0.0,0.0
2023-05-21 05:00:00+02:00,0.0,3.84,0.34,3.84,0.0,0.0
2023-05-21 06:00:00+02:00,17.099999999999998,3.77,0.34,4.39578680797494,0.09211797469902502,0.09211797469902502
2023-05-21 07:00:00+02:00,47.32,4.08,0.41,5.781888909668973,0.3319415707303351,0.3319415707303351
2023-05-21 08:00:00+02:00,116.1,4.92,0.48,9.024910335464163,0.8684359933940042,0.8684359933940042
2023-05-21 09:00:00+02:00,201.45000000000002,6.28,0.55,13.28403309922815,1.5150892258602244,1.5150892258602244
2023-05-21 10:00:00+02:00,293.02,6.89,0.55,17.077747722689658,2.191768992466312,2.191768992466312
2023-05-21 11:00:00+02:00,380.45000000000005,7.19,0.69,19.991316303045803,2.82617320152964,2.82617320152964
2023-05-21 12:00:00+02:00,479.49,7.5,0.9,22.889973038901015,3.531762845660904,3.531762845660904
2023-05-21 13:00:00+02:00,473.37,7.86,0.97,22.823584407045406,3.4872834787014133,3.4872834787014133
2023-05-21 14:00:00+02:00,470.66999999999996,8.12,1.1,22.59146722420366,3.470105563503505,3.470105563503505
2023-05-21 15:00:00+02:00,403.18,8.55,1.03,21.131603485077328,2.984680322383716,2.984680322383716
2023-05-21 16:00:00+02:00,294.5,9.38,0.76,19.132172300519233,2.1873606527620204,2.1873606527620204
2023-05-21 17:00:00+02:00,274.87,9.63,0.62,19.030221608163934,2.0399984911492752,2.0399984911492752
2023-05-21 18:00:00+02:00,159.56,9.79,0.55,15.337597524511509,1.1831251749502596,1.1831251749502596
2023-05-21 19:00:00+02:00,55.12,9.47,0.48,11.41886010069582,0.3858592832296967,0.3858592832296967
2023-05-21 20:00:00+02:00,15.309999999999999,8.61,0.34,9.170280469596275,0.07589485857931118,0.07589485857931118
2023-05-21 21:00:00+02:00,0.0,7.11,0.21,7.11,0.0,0.0
2023-05-21 22:00:00+02:00,0.0,5.98,0.28,5.98,0.0,0.0
2023-05-21 23:00:00+02:00,0.0,5.21,0.28,5.21,0.0,0.0
2023-05-22 00:00:00+02:00,0.0,4.45,0.21,4.45,0.0,0.0
2023-05-22 01:00:00+02:00,0.0,3.6,0.14,3.6,0.0,0.0
2023-05-22 02:00:00+02:00,0.0,2.54,0.14,2.54,0.0,0.0
2023-05-22 03:00:00+02:00,0.0,2.15,0.14,2.15,0.0,0.0
2023-05-22 04:00:00+02:00,0.0,1.55,0.14,1.55,0.0,0.0
2023-05-22 05:00:00+02:00,0.0,1.04,0.14,1.04,0.0,0.0
2023-05-22 06:00:00+02:00,22.88,0.78,0.14,1.6614374210250562,0.13996758989437721,0.13996758989437721
2023-05-22 07:00:00+02:00,63.84,1.59,0.14,4.049395321601381,0.4661560596908446,0.4661560596908446
2023-05-22 08:00:00+02:00,170.68,3.66,0.14,10.235338243905446,1.2910585772691947,1.2910585772691947
2023-05-22 09:00:00+02:00,340.27,7.86,0.21,20.731268402656944,2.5182123977969884,2.5182123977969884
2023-05-22 10:00:00+02:00,589.98,9.12,0.34,30.710742746728343,4.229568258428549,4.229568258428549
2023-05-22 11:00:00+02:00,784.6999999999999,10.45,0.48,38.1943853595067,5.4726873934412295,5.4726873934412295
2023-05-22 12:00:00+02:00,861.5,11.52,0.48,41.97977824291452,5.7,5.7
2023-05-22 13:00:00+02:00,789.4599999999999,12.19,0.34,41.080856925374,5.44767653973992,5.44767653973992
2023-05-22 14:00:00+02:00,735.8,12.59,0.21,40.422836543553586,5.091030279918476,5.091030279918476
2023-05-22 15:00:00+02:00,578.02,12.55,0.14,34.81785218972478,4.082868840089678,4.082868840089678
2023-05-22 16:00:00+02:00,387.16,12.54,0.34,26.708398864068858,2.809413663026128,2.809413663026128
2023-05-22 17:00:00+02:00,234.07000000000002,12.21,0.34,20.775960125303747,1.7211937697809774,1.7211937697809774
2023-05-22 18:00:00+02:00,142.72,11.6,0.34,16.822941124806043,1.0483478753536175,1.0483478753536175
2023-05-22 19:00:00+02:00,59.940000000000005,10.73,0.14,13.039150306653928,0.4209363904493247,0.4209363904493247
2023-05-22 20:00:00+02:00,14.18,9.86,0.28,10.38683985257401,0.06654812636802744,0.06654812636802744
2023-05-22 21:00:00+02:00,0.0,9.59,0.07,9.59,0.0,0.0
2023-05-22 22:00:00+02:00,0.0,8.44,0.14,8.44,0.0,0.0
2023-05-22 23:00:00+02:00,0.0,7.43,0.14,7.43,0.0,0.0
2023-05-23 00:00:00+02:00,0.0,5.94,0.07,5.94,0.0,0.0
2023-05-23 01:00:00+02:00,0.0,4.81,0.07,4.81,0.0,0.0
2023-05-23 02:00:00+02:00,0.0,2.78,0.0,2.78,0.0,0.0
2023-05-23 03:00:00+02:00,0.0,1.72,0.0,1.72,0.0,0.0
2023-05-23 04:00:00+02:00,0.0,1.38,0.07,1.38,0.0,0.0
2023-05-23 05:00:00+02:00,0.0,1.33,0.21,1.33,0.0,0.0
2023-05-23 06:00:00+02:00,22.74,0.88,0.28,1.724875757936036,0.1388006292996127,0.1388006292996127
2023-05-23 07:00:00+02:00,67.1,1.72,0.28,4.2130150992747595,0.4919243692398597,0.4919243692398597
2023-05-23 08:00:00+02:00,201.32,3.32,0.21,10.935257750677097,1.5263526028142063,1.5263526028142063
2023-05-23 09:00:00+02:00,424.84999999999997,8.13,0.07,24.804647157636936,3.1061511960822683,3.1061511960822683
2023-05-23 10:00:00+02:00,640.4,11.0,0.07,36.13462172472801,4.502163726212379,4.502163726212379
2023-05-23 11:00:00+02:00,718.1700000000001,12.32,0.28,39.002692307692314,4.995412429643103,4.995412429643103
2023-05-23 12:00:00+02:00,802.91,12.94,0.41,41.81708420250032,5.525012570437969,5.525012570437969
2023-05-23 13:00:00+02:00,848.43,13.36,0.41,43.8742351570255,5.7,5.7
2023-05-23 14:00:00+02:00,722.8000000000001,13.79,0.28,40.64471406491499,4.997229817472703,4.997229817472703
2023-05-23 15:00:00+02:00,638.1800000000001,13.87,0.14,38.45547785619626,4.448649128930279,4.448649128930279
2023-05-23 16:00:00+02:00,472.91999999999996,13.7,0.48,30.420880239859702,3.3915493707232103,3.3915493707232103
2023-05-23 17:00:00+02:00,278.33,13.13,0.48,22.970824234881484,2.0377323175035293,2.0377323175035293
2023-05-23 18:00:00+02:00,127.02000000000001,12.36,0.41,16.92834170131346,0.928020543325869,0.928020543325869
2023-05-23 19:00:00+02:00,53.21,11.65,0.41,13.56372588511171,0.367978662486925,0.367978662486925
2023-05-23 20:00:00+02:00,16.17,10.47,0.34,11.061752788593846,0.08186679033221887,0.08186679033221887
2023-05-23 21:00:00+02:00,0.0,10.09,0.21,10.09,0.0,0.0
2023-05-23 22:00:00+02:00,0.0,9.2,0.21,9.2,0.0,0.0
2023-05-23 23:00:00+02:00,0.0,8.64,0.14,8.64,0.0,0.0
2023-05-24 00:00:00+02:00,0.0,7.55,0.07,7.55,0.0,0.0
2023-05-24 01:00:00+02:00,0.0,6.28,0.07,6.28,0.0,0.0
2023-05-24 02:00:00+02:00,0.0,4.3,0.07,4.3,0.0,0.0
2023-05-24 03:00:00+02:00,0.0,3.7,0.07,3.7,0.0,0.0
2023-05-24 04:00:00+02:00,0.0,3.41,0.14,3.41,0.0,0.0
2023-05-24 05:00:00+02:00,0.0,3.3,0.14,3.3,0.0,0.0
2023-05-24 06:00:00+02:00,19.58,3.51,0.14,4.264307023761827,0.11201633465265998,0.11201633465265998
2023-05-24 07:00:00+02:00,63.730000000000004,3.76,0.14,6.215157641692606,0.4616795043805874,0.4616795043805874
2023-05-24 08:00:00+02:00,138.47,4.52,0.07,9.954714350754351,1.0406011234455301,1.0406011234455301
2023-05-24 09:00:00+02:00,293.59000000000003,6.84,0.14,18.150367676518634,2.1879531479830856,2.1879531479830856
2023-05-24 10:00:00+02:00,434.09,8.33,0.28,24.458061467126385,3.1780591630139092,3.1780591630139092
2023-05-24 11:00:00+02:00,568.49,9.12,0.48,29.219917972506643,4.097050730586798,4.097050730586798
2023-05-24 12:00:00+02:00,367.96999999999997,9.91,0.48,22.920196865984046,2.704775531004293,2.704775531004293
2023-05-24 13:00:00+02:00,392.96000000000004,9.93,0.14,25.068533608654114,2.8685103685272484,2.8685103685272484
2023-05-24 14:00:00+02:00,472.88,9.67,0.41,26.67738012688639,3.43679279314019,3.43679279314019
2023-05-24 15:00:00+02:00,493.09000000000003,9.83,0.48,27.264024438535948,3.5769413381818786,3.5769413381818786
2023-05-24 16:00:00+02:00,278.35,9.23,0.62,18.74923339990698,2.0682916365650463,2.0682916365650463
2023-05-24 17:00:00+02:00,241.55,8.59,0.69,16.717632942569885,1.8027951206164152,1.8027951206164152
2023-05-24 18:00:00+02:00,102.11000000000001,8.39,0.62,11.882038521517881,0.7510087228124861,0.7510087228124861
2023-05-24 19:00:00+02:00,37.41,7.94,0.41,9.285470501071773,0.24970247902915077,0.24970247902915077
2023-05-24 20:00:00+02:00,8.57,7.39,0.41,7.698224597545712,0.023156068131891857,0.023156068131891857
2023-05-24 21:00:00+02:00,0.0,6.41,0.34,6.41,0.0,0.0
2023-05-24 22:00:00+02:00,0.0,5.98,0.28,5.98,0.0,0.0
2023-05-24 23:00:00+02:00,0.0,5.46,0.14,5.46,0.0,0.0
2023-05-25 00:00:00+02:00,0.0,5.01,0.14,5.01,0.0,0.0
2023-05-25 01:00:00+02:00,0.0,4.66,0.28,4.66,0.0,0.0
2023-05-25 02:00:00+02:00,0.0,4.51,0.41,4.51,0.0,0.0
2023-05-25 03:00:00+02:00,0.0,3.84,0.48,3.84,0.0,0.0
2023-05-25 04:00:00+02:00,0.0,3.59,0.62,3.59,0.0,0.0
2023-05-25 05:00:00+02:00,0.0,3.42,0.69,3.42,0.0,0.0
2023-05-25 06:00:00+02:00,8.53,3.32,0.76,3.6024652961746315,0.023751890268747928,0.023751890268747928
2023-05-25 07:00:00+02:00,19.96,2.95,0.9,3.5906470663756584,0.11540712364092896,0.11540712364092896
2023-05-25 08:00:00+02:00,50.16,2.72,1.03,4.28528902924619,0.3564821208996932,0.3564821208996932
2023-05-25 09:00:00+02:00,124.74000000000001,3.26,0.69,7.457230110768651,0.9413265790169795,0.9413265790169795
2023-05-25 10:00:00+02:00,290.92,3.16,1.03,12.238426722254815,2.212231578929168,2.212231578929168
2023-05-25 11:00:00+02:00,509.53,3.9,1.17,19.338993055134715,3.800381582244431,3.800381582244431
2023-05-25 12:00:00+02:00,554.38,6.9,1.1,23.945258885745908,4.070184504480212,4.070184504480212
2023-05-25 13:00:00+02:00,699.9300000000001,7.0,1.17,28.208200516319827,5.061778447638299,5.061778447638299
2023-05-25 14:00:00+02:00,653.6700000000001,7.8,1.17,27.606501266559203,4.737963012705624,4.737963012705624
2023-05-25 15:00:00+02:00,605.71,8.98,1.03,27.88173879395354,4.3862888479716515,4.3862888479716515
2023-05-25 16:00:00+02:00,483.83000000000004,10.28,0.76,26.301709759457452,3.5214400759521687,3.5214400759521687
2023-05-25 17:00:00+02:00,320.81000000000006,10.59,0.69,21.384559819109278,2.367014144700499,2.367014144700499
2023-05-25 18:00:00+02:00,171.81,10.65,0.55,16.62350671024268,1.2713739050241355,1.2713739050241355
2023-05-25 19:00:00+02:00,61.53,9.88,0.41,12.092959099998563,0.4347918225144819,0.4347918225144819
2023-05-25 20:00:00+02:00,17.310000000000002,8.83,0.34,9.46347190912551,0.0915072280887,0.0915072280887
2023-05-25 21:00:00+02:00,0.0,7.92,0.28,7.92,0.0,0.0
2023-05-25 22:00:00+02:00,0.0,4.68,0.0,4.68,0.0,0.0
2023-05-25 23:00:00+02:00,0.0,4.1,0.0,4.1,0.0,0.0
2023-05-26 00:00:00+02:00,0.0,3.21,0.0,3.21,0.0,0.0
2023-05-26 01:00:00+02:00,0.0,2.56,0.0,2.56,0.0,0.0
2023-05-26 02:00:00+02:00,0.0,2.03,0.0,2.03,0.0,0.0
2023-05-26 03:00:00+02:00,0.0,1.76,0.0,1.76,0.0,0.0
2023-05-26 04:00:00+02:00,0.0,0.52,0.0,0.52,0.0,0.0
2023-05-26 05:00:00+02:00,0.0,-0.11,0.0,-0.11,0.0,0.0
2023-05-26 06:00:00+02:00,25.669999999999998,-0.32,0.07,0.6875042780664709,0.16312438370424673,0.16312438370424673
2023-05-26 07:00:00+02:00,63.800000000000004,-0.06,0.0,2.492,0.46842601311889026,0.46842601311889026
2023-05-26 08:00:00+02:00,208.88000000000002,2.26,0.0,10.615200000000002,1.5868683629486526,1.5868683629486526
2023-05-26 09:00:00+02:00,418.83,6.68,0.07,23.118372293828592,3.0800086723300026,3.0800086723300026
2023-05-26 10:00:00+02:00,635.69,10.32,0.34,33.58353309716895,4.510569260667206,4.510569260667206
2023-05-26 11:00:00+02:00,730.15,12.39,0.34,39.11036478613461,5.0765104479412395,5.0765104479412395
2023-05-26 12:00:00+02:00,841.25,13.32,0.21,45.14165499084596,5.7,5.7
2023-05-26 13:00:00+02:00,873.29,13.99,0.07,48.2651620955461,5.7,5.7
2023-05-26 14:00:00+02:00,854.11,14.46,0.07,47.982379389924176,5.7,5.7
2023-05-26 15:00:00+02:00,664.98,14.85,0.21,40.003954396211284,4.6090194139821214,4.6090194139821214
2023-05-26 16:00:00+02:00,508.87000000000006,14.87,0.28,33.77641719177268,3.6067247994331866,3.6067247994331866
2023-05-26 17:00:00+02:00,332.75000000000006,14.69,0.28,27.05290274640352,2.4075439539945873,2.4075439539945873
2023-05-26 18:00:00+02:00,161.65,14.39,0.28,20.395900011889193,1.177920305169821,1.177920305169821
2023-05-26 19:00:00+02:00,43.74,13.4,0.34,15.000696782504319,0.2929537721240381,0.2929537721240381
2023-05-26 20:00:00+02:00,14.87,12.06,0.41,12.594807440548978,0.07110132889562767,0.07110132889562767
2023-05-26 21:00:00+02:00,0.0,10.93,0.34,10.93,0.0,0.0
2023-05-26 22:00:00+02:00,0.0,9.55,0.28,9.55,0.0,0.0
2023-05-26 23:00:00+02:00,0.0,8.42,0.21,8.42,0.0,0.0
2023-05-27 00:00:00+02:00,0.0,7.25,0.07,7.25,0.0,0.0
2023-05-27 01:00:00+02:00,0.0,6.24,0.07,6.24,0.0,0.0
2023-05-27 02:00:00+02:00,0.0,5.27,0.07,5.27,0.0,0.0
2023-05-27 03:00:00+02:00,0.0,4.28,0.07,4.28,0.0,0.0
2023-05-27 04:00:00+02:00,0.0,3.04,0.0,3.04,0.0,0.0
2023-05-27 05:00:00+02:00,0.0,2.57,0.0,2.57,0.0,0.0
2023-05-27 06:00:00+02:00,22.020000000000003,2.17,0.07,3.0342479237640707,0.13224129523142453,0.13224129523142453
2023-05-27 07:00:00+02:00,58.78,2.9,0.07,5.2070160290123555,0.42393603447330763,0.42393603447330763
2023-05-27 08:00:00+02:00,190.26,4.05,0.0,11.6604,1.4367486023720126,1.4367486023720126
2023-05-27 09:00:00+02:00,329.3,7.8,0.41,19.64344923825006,2.4452981756033374,2.4452981756033374
2023-05-27 10:00:00+02:00,515.0,10.06,0.41,28.582248277251082,3.7190655055956947,3.7190655055956947
2023-05-27 11:00:00+02:00,644.59,11.78,0.41,34.96302139229762,4.550931503915545,4.550931503915545
2023-05-27 12:00:00+02:00,717.98,12.81,0.28,39.48563309951255,4.985239693225507,4.985239693225507
2023-05-27 13:00:00+02:00,737.6399999999999,13.34,0.14,41.75711098098437,5.078602735987445,5.078602735987445
2023-05-27 14:00:00+02:00,665.6500000000001,13.46,0.14,39.103742102505635,4.628987021736851,4.628987021736851
2023-05-27 15:00:00+02:00,599.52,13.66,0.0,37.6408,4.191550254472706,4.191550254472706
2023-05-27 16:00:00+02:00,541.97,14.02,0.28,34.1562055641422,3.8368824988823564,3.8368824988823564
2023-05-27 17:00:00+02:00,363.29999999999995,14.22,0.21,27.962415760088362,2.62281225355476,2.62281225355476
2023-05-27 18:00:00+02:00,158.19,13.22,0.21,19.20379507043319,1.1567209592468393,1.1567209592468393
2023-05-27 19:00:00+02:00,57.88,11.95,0.28,14.100457733919866,0.4033490517698768,0.4033490517698768
2023-05-27 20:00:00+02:00,15.379999999999999,10.76,0.28,11.331424325288312,0.07557816043499772,0.07557816043499772
2023-05-27 21:00:00+02:00,0.0,9.46,0.28,9.46,0.0,0.0
2023-05-27 22:00:00+02:00,0.0,8.4,0.14,8.4,0.0,0.0
2023-05-27 23:00:00+02:00,0.0,7.43,0.07,7.43,0.0,0.0
2023-05-28 00:00:00+02:00,0.0,6.09,0.14,6.09,0.0,0.0
2023-05-28 01:00:00+02:00,0.0,4.9,0.14,4.9,0.0,0.0
2023-05-28 02:00:00+02:00,0.0,3.58,0.0,3.58,0.0,0.0
2023-05-28 03:00:00+02:00,0.0,2.47,0.0,2.47,0.0,0.0
2023-05-28 04:00:00+02:00,0.0,3.02,0.0,3.02,0.0,0.0
2023-05-28 05:00:00+02:00,0.0,1.86,0.07,1.86,0.0,0.0
2023-05-28 06:00:00+02:00,22.74,1.57,0.07,2.4625067114620784,0.13836282221761012,0.13836282221761012
2023-05-28 07:00:00+02:00,61.47,2.65,0.07,5.0625939997174125,0.4455893897225593,0.4455893897225593
2023-05-28 08:00:00+02:00,180.97000000000003,4.32,0.14,11.291753937189881,1.366371834133495,1.366371834133495
2023-05-28 09:00:00+02:00,351.13,8.01,0.28,21.055788253477587,2.5965853886702033,2.5965853886702033
2023-05-28 10:00:00+02:00,554.9200000000001,10.27,0.14,31.64793940888218,3.9645175714206524,3.9645175714206524
2023-05-28 11:00:00+02:00,677.27,11.63,0.07,38.21170714476349,4.725147945097529,4.725147945097529
2023-05-28 12:00:00+02:00,804.84,12.53,0.21,42.97438728419906,5.514505371095048,5.514505371095048
2023-05-28 13:00:00+02:00,730.13,13.17,0.28,40.29705088574486,5.054254070302833,5.054254070302833
2023-05-28 14:00:00+02:00,788.0799999999999,13.43,0.21,43.24041291552556,5.394820037468694,5.394820037468694
2023-05-28 15:00:00+02:00,657.94,13.91,0.14,39.25671926526336,4.5728407715399095,4.5728407715399095
2023-05-28 16:00:00+02:00,573.29,13.21,0.34,34.1899601838569,4.058634529137295,4.058634529137295
2023-05-28 17:00:00+02:00,369.38,13.75,0.34,27.26772696665398,2.6738063997994277,2.6738063997994277
2023-05-28 18:00:00+02:00,155.94,13.15,0.34,18.85673654009427,1.141084239338664,1.141084239338664
2023-05-28 19:00:00+02:00,48.87,12.28,0.14,14.162685610380004,0.33358648336586383,0.33358648336586383
2023-05-28 20:00:00+02:00,14.450000000000001,11.06,0.21,11.606594846499524,0.0682050779123245,0.0682050779123245
2023-05-28 21:00:00+02:00,0.0,10.12,0.28,10.12,0.0,0.0
2023-05-28 22:00:00+02:00,0.0,8.9,0.34,8.9,0.0,0.0
2023-05-28 23:00:00+02:00,0.0,7.55,0.14,7.55,0.0,0.0
2023-05-29 00:00:00+02:00,0.0,6.48,0.07,6.48,0.0,0.0
2023-05-29 01:00:00+02:00,0.0,5.42,0.07,5.42,0.0,0.0
2023-05-29 02:00:00+02:00,0.0,3.66,0.07,3.66,0.0,0.0
2023-05-29 03:00:00+02:00,0.0,1.72,0.07,1.72,0.0,0.0
2023-05-29 04:00:00+02:00,0.0,1.24,0.14,1.24,0.0,0.0
2023-05-29 05:00:00+02:00,0.0,1.51,0.14,1.51,0.0,0.0
2023-05-29 06:00:00+02:00,21.3,2.07,0.14,2.8905689277899342,0.12653884973762658,0.12653884973762658
2023-05-29 07:00:00+02:00,61.12,3.86,0.14,6.214609054766234,0.4409656217817782,0.4409656217817782
2023-05-29 08:00:00+02:00,204.69,6.59,0.21,14.33273350380536,1.534519198405522,1.534519198405522
2023-05-29 09:00:00+02:00,368.47999999999996,9.09,0.62,21.691570408470355,2.7202442507112354,2.7202442507112354
2023-05-29 10:00:00+02:00,510.88,10.27,0.69,27.460002557234954,3.7039350615807485,3.7039350615807485
2023-05-29 11:00:00+02:00,618.9399999999999,11.2,0.9,31.065836435999486,4.431637051988725,4.431637051988725
2023-05-29 12:00:00+02:00,671.5699999999999,11.54,0.97,32.76883659767092,4.778883818037145,4.778883818037145
2023-05-29 13:00:00+02:00,699.13,12.08,0.9,34.51965849274618,4.943335093742236,4.943335093742236
2023-05-29 14:00:00+02:00,568.01,12.63,0.76,31.439274663558336,4.061259802278139,4.061259802278139
2023-05-29 15:00:00+02:00,574.6600000000001,12.76,0.62,32.41267708133841,4.094539676235077,4.094539676235077
2023-05-29 16:00:00+02:00,399.32000000000005,13.07,0.62,26.72626111460699,2.8982829112625765,2.8982829112625765
2023-05-29 17:00:00+02:00,260.25,12.88,0.55,21.92839719073778,1.910072754992977,1.910072754992977
2023-05-29 18:00:00+02:00,140.4,11.75,0.48,16.714077614979917,1.0310198680856806,1.0310198680856806
2023-05-29 19:00:00+02:00,50.269999999999996,10.28,0.41,12.087987225043518,0.34713290394917834,0.34713290394917834
2023-05-29 20:00:00+02:00,15.59,9.58,0.07,10.191881250294362,0.07768339332521029,0.07768339332521029
2023-05-29 21:00:00+02:00,0.0,10.03,0.28,10.03,0.0,0.0
2023-05-29 22:00:00+02:00,0.0,8.81,0.28,8.81,0.0,0.0
2023-05-29 23:00:00+02:00,0.0,7.64,0.34,7.64,0.0,0.0
2023-05-30 00:00:00+02:00,0.0,5.63,0.14,5.63,0.0,0.0
2023-05-30 01:00:00+02:00,0.0,4.51,0.14,4.51,0.0,0.0
2023-05-30 02:00:00+02:00,0.0,3.62,0.14,3.62,0.0,0.0
2023-05-30 03:00:00+02:00,0.0,3.21,0.07,3.21,0.0,0.0
2023-05-30 04:00:00+02:00,0.0,2.42,0.0,2.42,0.0,0.0
2023-05-30 05:00:00+02:00,0.0,1.7,0.0,1.7,0.0,0.0
2023-05-30 06:00:00+02:00,28.05,1.14,0.0,2.262,0.18122777666978804,0.18122777666978804
2023-05-30 07:00:00+02:00,77.22,1.81,0.07,4.840754980611331,0.571480006609907,0.571480006609907
2023-05-30 08:00:00+02:00,198.03,3.7,0.07,11.47234406643955,1.4980073822540028,1.4980073822540028
2023-05-30 09:00:00+02:00,390.87,10.42,0.14,25.478017690387404,2.848989186066302,2.848989186066302
2023-05-30 10:00:00+02:00,538.12,12.04,0.28,32.03316371418381,3.838877230799278,3.838877230799278
2023-05-30 11:00:00+02:00,581.3299999999999,12.94,0.34,34.214189770764406,4.115282448382318,4.115282448382318
2023-05-30 12:00:00+02:00,681.21,13.37,0.41,37.8700791241674,4.75854597275832,4.75854597275832
2023-05-30 13:00:00+02:00,669.7,13.68,0.41,37.76611586655349,4.680031548259873,4.680031548259873
2023-05-30 14:00:00+02:00,750.8399999999999,13.79,0.41,40.79435902231301,5.187649360474938,5.187649360474938
2023-05-30 15:00:00+02:00,692.38,14.21,0.41,39.111814101365255,4.8144692760042105,4.8144692760042105
2023-05-30 16:00:00+02:00,448.31,14.3,0.41,30.423707039173657,3.2140037873652103,3.2140037873652103
2023-05-30 17:00:00+02:00,325.9,12.99,0.55,24.32092274528892,2.3803416618274205,2.3803416618274205
2023-05-30 18:00:00+02:00,145.64000000000001,12.99,0.28,18.40106883842587,1.0646810807926408,1.0646810807926408
2023-05-30 19:00:00+02:00,49.970000000000006,12.39,0.41,14.187197565852887,0.3420613008570604,0.3420613008570604
2023-05-30 20:00:00+02:00,15.309999999999999,11.31,0.28,11.87882356437998,0.07481221571872612,0.07481221571872612
2023-05-30 21:00:00+02:00,0.0,10.36,0.34,10.36,0.0,0.0
2023-05-30 22:00:00+02:00,0.0,9.13,0.28,9.13,0.0,0.0
2023-05-30 23:00:00+02:00,0.0,8.11,0.34,8.11,0.0,0.0
2023-05-31 00:00:00+02:00,0.0,7.11,0.69,7.11,0.0,0.0
2023-05-31 01:00:00+02:00,0.0,6.41,0.69,6.41,0.0,0.0
2023-05-31 02:00:00+02:00,0.0,5.95,0.62,5.95,0.0,0.0
2023-05-31 03:00:00+02:00,0.0,5.04,0.48,5.04,0.0,0.0
2023-05-31 04:00:00+02:00,0.0,4.84,0.48,4.84,0.0,0.0
2023-05-31 05:00:00+02:00,0.0,4.92,0.48,4.92,0.0,0.0
2023-05-31 06:00:00+02:00,18.06,4.91,0.41,5.559537483276029,0.09924609504024356,0.09924609504024356
2023-05-31 07:00:00+02:00,57.34,4.91,0.69,6.839366478687466,0.4100276201543849,0.4100276201543849
2023-05-31 08:00:00+02:00,130.02,5.85,0.62,10.296526770813383,0.9733672069372958,0.9733672069372958
2023-05-31 09:00:00+02:00,224.71,7.02,0.76,14.461122708487867,1.6876323217622402,1.6876323217622402
2023-05-31 10:00:00+02:00,308.84,8.39,0.69,18.781795313530466,2.29827580237821,2.29827580237821
2023-05-31 11:00:00+02:00,312.28,8.39,0.76,18.730945215640563,2.3246454752028063,2.3246454752028063
2023-05-31 12:00:00+02:00,441.71,8.22,0.83,22.618641336236685,3.255130477285603,3.255130477285603
2023-05-31 13:00:00+02:00,477.20000000000005,9.17,0.76,24.972161703931334,3.4892715561833145,3.4892715561833145
2023-05-31 14:00:00+02:00,594.49,9.13,0.76,28.81614231217548,4.290782401931375,4.290782401931375
2023-05-31 15:00:00+02:00,527.71,10.52,0.76,27.99476687506623,3.8191103153853416,3.8191103153853416
2023-05-31 16:00:00+02:00,349.67,11.01,0.97,22.06333367051475,2.5765714908724178,2.5765714908724178
2023-05-31 17:00:00+02:00,268.63,11.35,0.83,20.106666188570014,1.985401830817089,1.985401830817089
2023-05-31 18:00:00+02:00,148.22,11.37,0.9,16.12735010912826,1.093043308897661,1.093043308897661
2023-05-31 19:00:00+02:00,52.83,10.91,0.69,12.687614772742567,0.36624126360200004,0.36624126360200004
2023-05-31 20:00:00+02:00,15.63,10.14,0.62,10.674527099121775,0.07780028148719677,0.07780028148719677
2023-05-31 21:00:00+02:00,0.0,9.21,0.62,9.21,0.0,0.0
2023-05-31 22:00:00+02:00,0.0,8.22,0.55,8.22,0.0,0.0
2023-05-31 23:00:00+02:00,0.0,7.23,0.34,7.23,0.0,0.0
2023-06-01 00:00:00+02:00,0.0,6.43,0.28,6.43,0.0,0.0
2023-06-01 01:00:00+02:00,0.0,5.03,0.21,5.03,0.0,0.0
2023-06-01 02:00:00+02:00,0.0,3.93,0.14,3.93,0.0,0.0
2023-06-01 03:00:00+02:00,0.0,3.5,0.0,3.5,0.0,0.0
2023-06-01 04:00:00+02:00,0.0,2.89,0.0,2.89,0.0,0.0
2023-06-01 05:00:00+02:00,0.0,2.03,0.0,2.03,0.0,0.0
2023-06-01 06:00:00+02:00,25.26,1.35,0.0,2.3604000000000003,0.15870417678050605,0.15870417678050605
2023-06-01 07:00:00+02:00,63.98,1.51,0.07,4.021107273497967,0.467322193295364,0.467322193295364
2023-06-01 08:00:00+02:00,196.07,4.38,0.07,12.075417366594973,1.4797225260462683,1.4797225260462683
2023-06-01 09:00:00+02:00,394.59000000000003,8.84,0.07,24.32699310799567,2.88805953970626,2.88805953970626
2023-06-01 10:00:00+02:00,585.71,11.43,0.07,34.41813130916684,4.143268536619167,4.143268536619167
2023-06-01 11:00:00+02:00,736.37,12.76,0.14,41.128185040219435,5.081705275436694,5.081705275436694
2023-06-01 12:00:00+02:00,768.55,13.7,0.34,41.82564042509588,5.289362860738067,5.289362860738067
2023-06-01 13:00:00+02:00,834.25,14.13,0.48,43.62630876279912,5.7,5.7
2023-06-01 14:00:00+02:00,737.2199999999999,14.42,0.41,40.93450849505833,5.091198715870251,5.091198715870251
2023-06-01 15:00:00+02:00,596.03,14.56,0.28,36.70473605992153,4.181423532369793,4.181423532369793
2023-06-01 16:00:00+02:00,396.40000000000003,14.21,0.0,30.066000000000003,2.8427662292645026,2.8427662292645026
2023-06-01 17:00:00+02:00,268.55,12.53,0.48,22.02503592238502,1.9714629945913476,1.9714629945913476
2023-06-01 18:00:00+02:00,129.24,12.28,0.34,17.009630822379016,0.9447103344850704,0.9447103344850704
2023-06-01 19:00:00+02:00,51.480000000000004,11.74,0.48,13.560161792159303,0.3545790020925927,0.3545790020925927
2023-06-01 20:00:00+02:00,16.55,11.02,0.41,11.615229532016516,0.08460041403185822,0.08460041403185822
2023-06-01 21:00:00+02:00,0.0,11.08,0.21,11.08,0.0,0.0
2023-06-01 22:00:00+02:00,0.0,9.74,0.21,9.74,0.0,0.0
2023-06-01 23:00:00+02:00,0.0,8.65,0.21,8.65,0.0,0.0
2023-06-02 00:00:00+02:00,0.0,7.48,0.14,7.48,0.0,0.0
2023-06-02 01:00:00+02:00,0.0,6.06,0.14,6.06,0.0,0.0
2023-06-02 02:00:00+02:00,0.0,4.64,0.14,4.64,0.0,0.0
2023-06-02 03:00:00+02:00,0.0,3.44,0.14,3.44,0.0,0.0
2023-06-02 04:00:00+02:00,0.0,2.58,0.14,2.58,0.0,0.0
2023-06-02 05:00:00+02:00,0.0,1.85,0.14,1.85,0.0,0.0
2023-06-02 06:00:00+02:00,24.98,1.96,0.14,2.9223385829198385,0.156084495894498,0.156084495894498
2023-06-02 07:00:00+02:00,57.71,3.06,0.07,5.325020330627816,0.415236939224628,0.415236939224628
2023-06-02 08:00:00+02:00,187.46,6.77,0.0,14.2684,1.4023286963348696,1.4023286963348696
2023-06-02 09:00:00+02:00,375.19,10.54,0.14,24.993955681573027,2.7383130660031587,2.7383130660031587
2023-06-02 10:00:00+02:00,570.5699999999999,12.2,0.28,33.398802163833075,4.050921893415181,4.050921893415181
2023-06-02 11:00:00+02:00,733.16,13.31,0.34,40.14051790262611,5.078099706517734,5.078099706517734
2023-06-02 12:00:00+02:00,734.99,14.32,0.48,40.30680488770719,5.087618837516638,5.087618837516638
2023-06-02 13:00:00+02:00,699.96,14.89,0.48,39.638260451434064,4.857662459425256,4.857662459425256
2023-06-02 14:00:00+02:00,647.49,14.83,0.41,38.1173214311404,4.519131320192363,4.519131320192363
2023-06-02 15:00:00+02:00,606.81,14.32,0.48,35.77478587995701,4.271578371213642,4.271578371213642
2023-06-02 16:00:00+02:00,419.64,14.57,0.48,29.40707642699553,3.018020646561994,3.018020646561994
2023-06-02 17:00:00+02:00,270.71,13.92,0.14,24.348930255493574,1.971319760243819,1.971319760243819
2023-06-02 18:00:00+02:00,134.34,12.62,0.21,17.701629873961657,0.9812465084205265,0.9812465084205265
2023-06-02 19:00:00+02:00,55.89,11.35,0.28,13.426521816668648,0.388942289968122,0.388942289968122
2023-06-02 20:00:00+02:00,17.099999999999998,10.86,0.48,11.464599196696271,0.08896233243407373,0.08896233243407373
2023-06-02 21:00:00+02:00,0.0,10.82,0.21,10.82,0.0,0.0
2023-06-02 22:00:00+02:00,0.0,9.93,0.21,9.93,0.0,0.0
2023-06-02 23:00:00+02:00,0.0,8.03,0.21,8.03,0.0,0.0
2023-06-03 00:00:00+02:00,0.0,6.2,0.14,6.2,0.0,0.0
2023-06-03 01:00:00+02:00,0.0,5.63,0.14,5.63,0.0,0.0
2023-06-03 02:00:00+02:00,0.0,4.86,0.07,4.86,0.0,0.0
2023-06-03 03:00:00+02:00,0.0,4.56,0.07,4.56,0.0,0.0
2023-06-03 04:00:00+02:00,0.0,3.75,0.07,3.75,0.0,0.0
2023-06-03 05:00:00+02:00,0.0,2.75,0.07,2.75,0.0,0.0
2023-06-03 06:00:00+02:00,24.26,2.51,0.07,3.4621641521578725,0.14995887094118276,0.14995887094118276
2023-06-03 07:00:00+02:00,67.93,3.89,0.07,6.556138122674538,0.49440599456478557,0.49440599456478557
2023-06-03 08:00:00+02:00,174.91,6.19,0.07,13.054922994803523,1.3112567386216205,1.3112567386216205
2023-06-03 09:00:00+02:00,381.06,10.61,0.48,24.083015783221136,2.790533327772699,2.790533327772699
2023-06-03 10:00:00+02:00,601.88,11.93,0.48,33.210477456582,4.276393804310616,4.276393804310616
2023-06-03 11:00:00+02:00,712.36,13.25,0.48,38.436683260734284,4.965394860622013,4.965394860622013
2023-06-03 12:00:00+02:00,692.02,14.16,0.34,39.48496999150979,4.805370663328593,4.805370663328593
2023-06-03 13:00:00+02:00,607.91,13.67,0.21,36.665188452285484,4.265458792429245,4.265458792429245
2023-06-03 14:00:00+02:00,551.21,13.27,0.55,32.43452263403101,3.9268272515824147,3.9268272515824147
2023-06-03 15:00:00+02:00,393.89,13.38,0.21,28.27953246281642,2.842746746789941,2.842746746789941
2023-06-03 16:00:00+02:00,268.13,12.26,0.21,22.402455099786657,1.965704017393491,1.965704017393491
2023-06-03 17:00:00+02:00,116.85000000000001,11.77,0.34,16.046209854495416,0.8529771318972056,0.8529771318972056
2023-06-03 18:00:00+02:00,114.5,10.7,0.21,15.031149475722867,0.8379836532380346,0.8379836532380346
2023-06-03 19:00:00+02:00,62.08,10.86,0.21,13.208277375134283,0.4372682118211467,0.4372682118211467
2023-06-03 20:00:00+02:00,16.759999999999998,10.46,0.21,11.093974368673496,0.08646828316035654,0.08646828316035654
2023-06-03 21:00:00+02:00,0.0,9.54,0.07,9.54,0.0,0.0
2023-06-03 22:00:00+02:00,0.0,8.91,0.14,8.91,0.0,0.0
2023-06-03 23:00:00+02:00,0.0,8.04,0.14,8.04,0.0,0.0
2023-06-04 00:00:00+02:00,0.0,7.53,0.14,7.53,0.0,0.0
2023-06-04 01:00:00+02:00,0.0,6.98,0.21,6.98,0.0,0.0
2023-06-04 02:00:00+02:00,0.0,6.68,0.07,6.68,0.0,0.0
2023-06-04 03:00:00+02:00,0.0,6.35,0.14,6.35,0.0,0.0
2023-06-04 04:00:00+02:00,0.0,6.24,0.14,6.24,0.0,0.0
2023-06-04 05:00:00+02:00,0.0,5.82,0.14,5.82,0.0,0.0
2023-06-04 06:00:00+02:00,17.72,5.28,0.07,5.9754801639009685,0.09634517521078374,0.09634517521078374
2023-06-04 07:00:00+02:00,53.440000000000005,5.67,0.07,7.767430020252132,0.3778371209034784,0.3778371209034784
2023-06-04 08:00:00+02:00,145.26999999999998,7.67,0.07,13.371602901235537,1.0808610573893391,1.0808610573893391
2023-06-04 09:00:00+02:00,223.98000000000002,9.03,0.28,17.3516918321246,1.665242674964748,1.665242674964748
2023-06-04 10:00:00+02:00,361.84,9.58,0.28,23.02370467245274,2.6582820261726687,2.6582820261726687
2023-06-04 11:00:00+02:00,456.91999999999996,10.72,0.41,27.153370257944786,3.3145787293681184,3.3145787293681184
2023-06-04 12:00:00+02:00,541.73,11.32,0.41,30.803606911136367,3.8817985712560206,3.8817985712560206
2023-06-04 13:00:00+02:00,549.25,12.19,0.41,31.944067701514868,3.919743541175975,3.919743541175975
2023-06-04 14:00:00+02:00,468.19,12.44,0.41,29.278701788206185,3.371200310887313,3.371200310887313
2023-06-04 15:00:00+02:00,400.66,12.01,0.76,25.27759033591184,2.923056336327119,2.923056336327119
2023-06-04 16:00:00+02:00,266.35,11.3,0.62,20.408847911137862,1.9661649084189932,1.9661649084189932
2023-06-04 17:00:00+02:00,230.06999999999996,10.93,0.55,18.929096029483343,1.7021472963450894,1.7021472963450894
2023-06-04 18:00:00+02:00,105.14999999999999,10.36,0.48,14.07775470950953,0.7686453009930764,0.7686453009930764
2023-06-04 19:00:00+02:00,49.970000000000006,10.12,0.34,11.948688116637877,0.3449782478343529,0.3449782478343529
2023-06-04 20:00:00+02:00,19.34,9.6,0.21,10.331567081750919,0.10703335284713845,0.10703335284713845
2023-06-04 21:00:00+02:00,0.0,9.15,0.41,9.15,0.0,0.0
2023-06-04 22:00:00+02:00,0.0,8.46,0.07,8.46,0.0,0.0
2023-06-04 23:00:00+02:00,0.0,7.53,0.14,7.53,0.0,0.0
2023-06-05 00:00:00+02:00,0.0,6.35,0.14,6.35,0.0,0.0
2023-06-05 01:00:00+02:00,0.0,5.47,0.14,5.47,0.0,0.0
2023-06-05 02:00:00+02:00,0.0,4.68,0.14,4.68,0.0,0.0
2023-06-05 03:00:00+02:00,0.0,4.01,0.14,4.01,0.0,0.0
2023-06-05 04:00:00+02:00,0.0,3.15,0.07,3.15,0.0,0.0
2023-06-05 05:00:00+02:00,0.0,2.68,0.07,2.68,0.0,0.0
2023-06-05 06:00:00+02:00,26.119999999999997,2.08,0.07,3.105166020377726,0.16511728454151717,0.16511728454151717
2023-06-05 07:00:00+02:00,65.08,2.85,0.14,5.357165531482109,0.47384855441998297,0.47384855441998297
2023-06-05 08:00:00+02:00,139.92000000000002,5.8,0.21,11.09270248596632,1.047798822978018,1.047798822978018
2023-06-05 09:00:00+02:00,300.13,9.34,0.28,20.490948163119725,2.219269090066523,2.219269090066523
2023-06-05 10:00:00+02:00,528.0500000000001,10.83,0.21,30.80435354284245,3.7834859617657983,3.7834859617657983
2023-06-05 11:00:00+02:00,679.28,12.0,0.34,36.85874052170858,4.762646110484331,4.762646110484331
2023-06-05 12:00:00+02:00,726.36,12.68,0.28,39.66698133396743,5.039911247800024,5.039911247800024
2023-06-05 13:00:00+02:00,860.17,13.17,0.21,45.70733488674706,5.7,5.7
2023-06-05 14:00:00+02:00,688.95,13.75,0.21,39.81065878863991,4.778352878116155,4.778352878116155
2023-06-05 15:00:00+02:00,471.09000000000003,13.84,0.28,31.342749375817384,3.367182170378046,3.367182170378046
2023-06-05 16:00:00+02:00,416.03,12.81,0.28,28.267065152776127,3.0040740013205234,3.0040740013205234
2023-06-05 17:00:00+02:00,286.11,12.71,0.48,22.825899191039206,2.0967364454626605,2.0967364454626605
2023-06-05 18:00:00+02:00,143.12,12.78,0.48,17.84024777960061,1.0476189414205894,1.0476189414205894
2023-06-05 19:00:00+02:00,46.010000000000005,12.35,0.34,14.033769066369997,0.3116221117131585,0.3116221117131585
2023-06-05 20:00:00+02:00,18.310000000000002,11.34,0.34,12.010067628890125,0.09815435559829387,0.09815435559829387
2023-06-05 21:00:00+02:00,0.0,10.08,0.28,10.08,0.0,0.0
2023-06-05 22:00:00+02:00,0.0,9.43,0.21,9.43,0.0,0.0
2023-06-05 23:00:00+02:00,0.0,8.72,0.21,8.72,0.0,0.0
2023-06-06 00:00:00+02:00,0.0,7.97,0.14,7.97,0.0,0.0
2023-06-06 01:00:00+02:00,0.0,7.34,0.14,7.34,0.0,0.0
2023-06-06 02:00:00+02:00,0.0,6.71,0.21,6.71,0.0,0.0
2023-06-06 03:00:00+02:00,0.0,5.57,0.28,5.57,0.0,0.0
2023-06-06 04:00:00+02:00,0.0,4.24,0.28,4.24,0.0,0.0
2023-06-06 05:00:00+02:00,0.0,3.59,0.34,3.59,0.0,0.0
2023-06-06 06:00:00+02:00,25.26,2.97,0.34,3.8944078812542084,0.15769288484267016,0.15769288484267016
2023-06-06 07:00:00+02:00,71.0,3.55,0.34,6.148296103287759,0.5194929190366018,0.5194929190366018
2023-06-06 08:00:00+02:00,192.42,6.02,0.34,13.061748397107472,1.4465139370541484,1.4465139370541484
2023-06-06 09:00:00+02:00,367.42,9.61,0.55,22.38449412419164,2.705770030574822,2.705770030574822
2023-06-06 10:00:00+02:00,522.71,11.5,0.62,29.376049902875437,3.7642748451600516,3.7642748451600516
2023-06-06 11:00:00+02:00,745.02,13.08,0.48,39.42143236974599,5.173665918833462,5.173665918833462
2023-06-06 12:00:00+02:00,874.3700000000001,14.18,0.34,46.17819949058759,5.7,5.7
2023-06-06 13:00:00+02:00,861.95,14.87,0.41,45.870489131216644,5.7,5.7
2023-06-06 14:00:00+02:00,785.7800000000001,15.39,0.28,44.58465580787065,5.3522126871141005,5.3522126871141005
2023-06-06 15:00:00+02:00,657.0699999999999,15.48,0.28,39.89259957198907,4.5561077875426035,4.5561077875426035
2023-06-06 16:00:00+02:00,541.7800000000001,15.14,0.34,34.96682905407384,3.82425882102695,3.82425882102695
2023-06-06 17:00:00+02:00,341.05999999999995,14.46,0.41,26.726403878522824,2.4713185683666956,2.4713185683666956
2023-06-06 18:00:00+02:00,150.3,13.49,0.41,18.89561925450648,1.0981548304709516,1.0981548304709516
2023-06-06 19:00:00+02:00,53.3,12.94,0.55,14.793139559140531,0.36696738788361766,0.36696738788361766
2023-06-06 20:00:00+02:00,20.07,12.36,0.41,13.08182819985326,0.11131656427237228,0.11131656427237228
2023-06-06 21:00:00+02:00,0.0,10.94,0.21,10.94,0.0,0.0
2023-06-06 22:00:00+02:00,0.0,10.22,0.21,10.22,0.0,0.0
2023-06-06 23:00:00+02:00,0.0,9.47,0.21,9.47,0.0,0.0
2023-06-07 00:00:00+02:00,0.0,8.7,0.21,8.7,0.0,0.0
2023-06-07 01:00:00+02:00,0.0,7.88,0.14,7.88,0.0,0.0
2023-06-07 02:00:00+02:00,0.0,7.24,0.14,7.24,0.0,0.0
2023-06-07 03:00:00+02:00,0.0,6.61,0.14,6.61,0.0,0.0
2023-06-07 04:00:00+02:00,0.0,6.08,0.14,6.08,0.0,0.0
2023-06-07 05:00:00+02:00,0.0,5.75,0.21,5.75,0.0,0.0
2023-06-07 06:00:00+02:00,21.23,5.44,0.28,6.228773629770539,0.12412653516813131,0.12412653516813131
2023-06-07 07:00:00+02:00,44.74,5.69,0.14,7.413579991986933,0.30952006513308455,0.30952006513308455
2023-06-07 08:00:00+02:00,181.76000000000002,8.44,0.07,15.57377396109707,1.3523079308051946,1.3523079308051946
2023-06-07 09:00:00+02:00,396.97,11.15,0.07,26.73040410066408,2.881034264198014,2.881034264198014
2023-06-07 10:00:00+02:00,541.4,12.57,0.07,33.81903841625194,3.8375218248082015,3.8375218248082015
2023-06-07 11:00:00+02:00,718.44,13.49,0.14,41.16744321508923,4.957568557519357,4.957568557519357
2023-06-07 12:00:00+02:00,811.11,14.33,0.21,45.011560272956984,5.515176816950626,5.515176816950626
2023-06-07 13:00:00+02:00,676.52,14.62,0.34,39.37773633515824,4.6997525594967735,4.6997525594967735
2023-06-07 14:00:00+02:00,642.1700000000001,14.49,0.41,37.585984808159864,4.490748335236286,4.490748335236286
2023-06-07 15:00:00+02:00,501.65999999999997,14.26,0.21,33.23610869861252,3.562373369554963,3.562373369554963
2023-06-07 16:00:00+02:00,409.96,13.46,0.14,29.25344777637378,2.9494675885711046,2.9494675885711046
2023-06-07 17:00:00+02:00,297.23,13.29,0.21,24.533210119380854,2.1664272710888532,2.1664272710888532
2023-06-07 18:00:00+02:00,140.6,12.91,0.21,18.228424596389825,1.0270131232585018,1.0270131232585018
2023-06-07 19:00:00+02:00,43.94,12.12,0.21,13.782102252954259,0.29589298610106934,0.29589298610106934
2023-06-07 20:00:00+02:00,18.72,11.11,0.41,11.783274733495418,0.10146226079131297,0.10146226079131297
2023-06-07 21:00:00+02:00,0.0,9.68,0.14,9.68,0.0,0.0
2023-06-07 22:00:00+02:00,0.0,8.67,0.07,8.67,0.0,0.0
2023-06-07 23:00:00+02:00,0.0,7.9,0.14,7.9,0.0,0.0
2023-06-08 00:00:00+02:00,0.0,6.49,0.14,6.49,0.0,0.0
2023-06-08 01:00:00+02:00,0.0,5.31,0.14,5.31,0.0,0.0
2023-06-08 02:00:00+02:00,0.0,4.82,0.07,4.82,0.0,0.0
2023-06-08 03:00:00+02:00,0.0,3.84,0.07,3.84,0.0,0.0
2023-06-08 04:00:00+02:00,0.0,3.5,0.0,3.5,0.0,0.0
2023-06-08 05:00:00+02:00,0.0,2.76,0.07,2.76,0.0,0.0
2023-06-08 06:00:00+02:00,26.36,2.33,0.14,3.3455022035935524,0.1668786361366789,0.1668786361366789
2023-06-08 07:00:00+02:00,66.87,3.27,0.14,5.84612414090671,0.4872412957789322,0.4872412957789322
2023-06-08 08:00:00+02:00,189.39999999999998,6.76,0.14,14.056514315653217,1.4182964985070594,1.4182964985070594
2023-06-08 09:00:00+02:00,385.04,10.23,0.14,25.063420655222366,2.8102206740804236,2.8102206740804236
2023-06-08 10:00:00+02:00,582.0500000000001,11.89,0.14,34.31310537183715,4.118910475872398,4.118910475872398
2023-06-08 11:00:00+02:00,712.38,13.15,0.34,39.22005884591738,4.951281140291359,4.951281140291359
2023-06-08 12:00:00+02:00,766.79,14.24,0.48,41.35114725349324,5.286572858136531,5.286572858136531
2023-06-08 13:00:00+02:00,719.4599999999999,14.31,0.34,40.63915654185086,4.974297059434801,4.974297059434801
2023-06-08 14:00:00+02:00,525.46,14.1,0.28,33.622797527047915,3.726835003697777,3.726835003697777
2023-06-08 15:00:00+02:00,410.01000000000005,13.81,0.34,28.814611060690343,2.9544679184649145,2.9544679184649145
2023-06-08 16:00:00+02:00,462.91,13.16,0.21,30.670326670802382,3.316392751332421,3.316392751332421
2023-06-08 17:00:00+02:00,271.97,13.77,0.34,23.722937904382704,1.9850681962094963,1.9850681962094963
2023-06-08 18:00:00+02:00,146.94,12.94,0.14,18.600769870866337,1.0737960066855003,1.0737960066855003
2023-06-08 19:00:00+02:00,44.32,12.79,0.28,14.436653192248246,0.2980793410726573,0.2980793410726573
2023-06-08 20:00:00+02:00,20.03,12.36,0.41,13.080389578627843,0.1110065415324256,0.1110065415324256
2023-06-08 21:00:00+02:00,0.0,10.83,0.48,10.83,0.0,0.0
2023-06-08 22:00:00+02:00,0.0,9.35,0.28,9.35,0.0,0.0
2023-06-08 23:00:00+02:00,0.0,8.57,0.21,8.57,0.0,0.0
2023-06-09 00:00:00+02:00,0.0,7.36,0.21,7.36,0.0,0.0
2023-06-09 01:00:00+02:00,0.0,6.34,0.14,6.34,0.0,0.0
2023-06-09 02:00:00+02:00,0.0,5.56,0.14,5.56,0.0,0.0
2023-06-09 03:00:00+02:00,0.0,4.83,0.07,4.83,0.0,0.0
2023-06-09 04:00:00+02:00,0.0,3.68,0.07,3.68,0.0,0.0
2023-06-09 05:00:00+02:00,0.0,2.64,0.07,2.64,0.0,0.0
2023-06-09 06:00:00+02:00,29.76,2.2,0.07,3.3680298915176543,0.1941327986120069,0.1941327986120069
2023-06-09 07:00:00+02:00,79.29,3.47,0.07,6.581998995243104,0.5843772962491457,0.5843772962491457
2023-06-09 08:00:00+02:00,171.7,6.76,0.07,13.498935899649904,1.2844660186751502,1.2844660186751502
2023-06-09 09:00:00+02:00,305.28000000000003,10.49,0.21,22.037714514835606,2.2457082763418095,2.2457082763418095
2023-06-09 10:00:00+02:00,491.03000000000003,12.34,0.62,29.132632212524967,3.5383478810699804,3.5383478810699804
2023-06-09 11:00:00+02:00,503.46000000000004,13.81,0.69,30.750335670735815,3.6073743800088645,3.6073743800088645
2023-06-09 12:00:00+02:00,789.3000000000001,14.44,0.83,40.16920605531144,5.464912652051866,5.464912652051866
2023-06-09 13:00:00+02:00,665.5200000000001,15.49,0.9,36.850893567852104,4.666430997616244,4.666430997616244
2023-06-09 14:00:00+02:00,611.04,15.62,0.69,36.18016904668973,4.295027292838995,4.295027292838995
2023-06-09 15:00:00+02:00,482.09,15.6,0.69,31.821281578486925,3.4402944706269754,3.4402944706269754
2023-06-09 16:00:00+02:00,375.76,15.1,0.48,28.385625388923458,2.709632406314334,2.709632406314334
2023-06-09 17:00:00+02:00,250.91,15.09,0.69,23.532576616105196,1.8297867655718032,1.8297867655718032
2023-06-09 18:00:00+02:00,133.2,14.52,0.55,19.15111049301161,0.9675394737572734,0.9675394737572734
2023-06-09 19:00:00+02:00,56.47,13.33,0.55,15.293354425978722,0.390689281070505,0.390689281070505
2023-06-09 20:00:00+02:00,15.83,12.45,0.41,13.019334349959,0.07839787823739107,0.07839787823739107
2023-06-09 21:00:00+02:00,0.0,11.7,0.28,11.7,0.0,0.0
2023-06-09 22:00:00+02:00,0.0,11.23,0.21,11.23,0.0,0.0
2023-06-09 23:00:00+02:00,0.0,10.76,0.07,10.76,0.0,0.0
2023-06-10 00:00:00+02:00,0.0,10.44,0.07,10.44,0.0,0.0
2023-06-10 01:00:00+02:00,0.0,10.1,0.0,10.1,0.0,0.0
2023-06-10 02:00:00+02:00,0.0,9.91,0.0,9.91,0.0,0.0
2023-06-10 03:00:00+02:00,0.0,9.63,0.07,9.63,0.0,0.0
2023-06-10 04:00:00+02:00,0.0,9.46,0.07,9.46,0.0,0.0
2023-06-10 05:00:00+02:00,0.0,9.31,0.0,9.31,0.0,0.0
2023-06-10 06:00:00+02:00,20.45,9.05,0.07,9.852628067255916,0.1159927029963375,0.1159927029963375
2023-06-10 07:00:00+02:00,31.31,9.06,0.07,10.288864781700866,0.20090928295029398,0.20090928295029398
2023-06-10 08:00:00+02:00,98.17000000000002,9.68,0.14,13.461936696767037,0.7163209277240787,0.7163209277240787
2023-06-10 09:00:00+02:00,76.24000000000001,10.6,0.41,13.342012055645869,0.5467852418955815,0.5467852418955815
2023-06-10 10:00:00+02:00,235.42999999999998,10.69,0.48,19.014022741415396,1.742163728943549,1.742163728943549
2023-06-10 11:00:00+02:00,328.59000000000003,12.17,0.41,23.987913711498898,2.4030763094068495,2.4030763094068495
2023-06-10 12:00:00+02:00,412.98,12.92,0.28,28.263746284627274,2.981909352380145,2.981909352380145
2023-06-10 13:00:00+02:00,560.6500000000001,13.8,0.21,35.00750177785176,3.9572184668589085,3.9572184668589085
2023-06-10 14:00:00+02:00,604.9499999999999,14.48,0.21,37.36322161867727,4.233853713369311,4.233853713369311
2023-06-10 15:00:00+02:00,547.46,15.33,0.21,36.03856848890167,3.8494043058944074,3.8494043058944074
2023-06-10 16:00:00+02:00,368.24,15.29,0.07,29.742799974881077,2.641943782270879,2.641943782270879
2023-06-10 17:00:00+02:00,284.22,15.09,0.34,25.49123547149925,2.0630545350016503,2.0630545350016503
2023-06-10 18:00:00+02:00,146.74,14.91,0.41,20.187581965444316,1.0662248963490266,1.0662248963490266
2023-06-10 19:00:00+02:00,50.76,14.67,0.41,16.495610335054884,0.3451144492218106,0.3451144492218106
2023-06-10 20:00:00+02:00,22.91,13.6,0.34,14.438407939807359,0.1325692844558895,0.1325692844558895
2023-06-10 21:00:00+02:00,0.0,12.73,0.21,12.73,0.0,0.0
2023-06-10 22:00:00+02:00,0.0,11.96,0.41,11.96,0.0,0.0
2023-06-10 23:00:00+02:00,0.0,11.2,0.34,11.2,0.0,0.0
2023-06-11 00:00:00+02:00,0.0,10.75,0.34,10.75,0.0,0.0
2023-06-11 01:00:00+02:00,0.0,9.98,0.34,9.98,0.0,0.0
2023-06-11 02:00:00+02:00,0.0,8.84,0.41,8.84,0.0,0.0
2023-06-11 03:00:00+02:00,0.0,7.99,0.48,7.99,0.0,0.0
2023-06-11 04:00:00+02:00,0.0,7.0,0.48,7.0,0.0,0.0
2023-06-11 05:00:00+02:00,0.0,7.05,0.41,7.05,0.0,0.0
2023-06-11 06:00:00+02:00,25.159999999999997,6.66,0.41,7.564892750787645,0.1544819198327399,0.1544819198327399
2023-06-11 07:00:00+02:00,78.43,6.84,0.41,9.66077656773748,0.5712734928583254,0.5712734928583254
2023-06-11 08:00:00+02:00,182.17000000000002,8.8,0.41,15.351840715857922,1.3564989066836897,1.3564989066836897
2023-06-11 09:00:00+02:00,375.50000000000006,12.04,0.76,24.474433612376814,2.7456311371342768,2.7456311371342768
2023-06-11 10:00:00+02:00,544.19,13.86,0.69,32.170811720211574,3.880375660273536,3.880375660273536
2023-06-11 11:00:00+02:00,714.46,15.3,0.48,40.56093228488997,4.94123594976881,4.94123594976881
2023-06-11 12:00:00+02:00,742.88,16.22,0.28,43.82076090833432,5.07544496275952,5.07544496275952
2023-06-11 13:00:00+02:00,768.6099999999999,16.68,0.21,45.753928371487795,5.212765378725054,5.212765378725054
2023-06-11 14:00:00+02:00,712.6899999999999,16.79,0.14,44.24592812894875,4.861928506356734,4.861928506356734
2023-06-11 15:00:00+02:00,607.74,16.62,0.28,39.199806206158605,4.224794683864462,4.224794683864462
2023-06-11 16:00:00+02:00,459.52,15.88,0.28,32.95288075139698,3.2649677197543454,3.2649677197543454
2023-06-11 17:00:00+02:00,273.89,15.6,0.21,25.96033650572695,1.9834689316141105,1.9834689316141105
2023-06-11 18:00:00+02:00,139.19,15.59,0.34,20.683758234036947,1.0074053298286754,1.0074053298286754
2023-06-11 19:00:00+02:00,40.74,14.5,0.41,15.965235718087785,0.2687882652521113,0.2687882652521113
2023-06-11 20:00:00+02:00,19.44,13.26,0.41,13.959169915552934,0.10597658376667593,0.10597658376667593
2023-06-11 21:00:00+02:00,0.0,12.81,0.0,12.81,0.0,0.0
2023-06-11 22:00:00+02:00,0.0,11.61,0.14,11.61,0.0,0.0
2023-06-11 23:00:00+02:00,0.0,10.85,0.14,10.85,0.0,0.0
2023-06-12 00:00:00+02:00,0.0,10.16,0.07,10.16,0.0,0.0
2023-06-12 01:00:00+02:00,0.0,9.19,0.21,9.19,0.0,0.0
2023-06-12 02:00:00+02:00,0.0,8.24,0.14,8.24,0.0,0.0
2023-06-12 03:00:00+02:00,0.0,7.76,0.14,7.76,0.0,0.0
2023-06-12 04:00:00+02:00,0.0,7.25,0.07,7.25,0.0,0.0
2023-06-12 05:00:00+02:00,0.0,7.34,0.14,7.34,0.0,0.0
2023-06-12 06:00:00+02:00,19.44,7.24,0.07,8.00298726784621,0.10899915825353133,0.10899915825353133
2023-06-12 07:00:00+02:00,66.97,7.89,0.07,10.518459739077194,0.479881156802748,0.479881156802748
2023-06-12 08:00:00+02:00,174.65,10.12,0.07,16.97471843257924,1.2914706504690034,1.2914706504690034
2023-06-12 09:00:00+02:00,329.35,11.3,0.41,23.145247514781836,2.415877595210085,2.415877595210085
2023-06-12 10:00:00+02:00,535.26,13.33,0.14,33.95055043609579,3.7920651598198862,3.7920651598198862
2023-06-12 11:00:00+02:00,719.08,14.73,0.07,42.9526792470603,4.929186267912186,4.929186267912186
2023-06-12 12:00:00+02:00,764.8899999999999,15.8,0.07,45.82064461434604,5.186318079619381,5.186318079619381
2023-06-12 13:00:00+02:00,746.63,16.21,0.28,43.95008738556652,5.098526748919911,5.098526748919911
2023-06-12 14:00:00+02:00,639.49,16.26,0.07,41.35890575694303,4.410244737486366,4.410244737486366
2023-06-12 15:00:00+02:00,486.1600000000001,16.2,0.07,35.2809614267548,3.4262298757755802,3.4262298757755802
2023-06-12 16:00:00+02:00,425.94,16.03,0.28,31.855258589941744,3.0368158531843843,3.0368158531843843
2023-06-12 17:00:00+02:00,257.21000000000004,15.01,0.07,25.1050594219508,1.8661752549044839,1.8661752549044839
2023-06-12 18:00:00+02:00,125.58999999999999,14.86,0.07,19.78919603748999,0.9077474327520111,0.9077474327520111
2023-06-12 19:00:00+02:00,54.16,14.3,0.07,16.425688807950138,0.3712976178252353,0.3712976178252353
2023-06-12 20:00:00+02:00,18.45,13.75,0.07,14.474131434761448,0.0980592434532438,0.0980592434532438
2023-06-12 21:00:00+02:00,0.0,12.81,0.34,12.81,0.0,0.0
2023-06-12 22:00:00+02:00,0.0,12.19,0.34,12.19,0.0,0.0
2023-06-12 23:00:00+02:00,0.0,11.37,0.14,11.37,0.0,0.0
2023-06-13 00:00:00+02:00,0.0,10.92,0.28,10.92,0.0,0.0
2023-06-13 01:00:00+02:00,0.0,10.42,0.28,10.42,0.0,0.0
2023-06-13 02:00:00+02:00,0.0,10.29,0.41,10.29,0.0,0.0
2023-06-13 03:00:00+02:00,0.0,9.72,0.48,9.72,0.0,0.0
2023-06-13 04:00:00+02:00,0.0,9.44,0.48,9.44,0.0,0.0
2023-06-13 05:00:00+02:00,0.0,9.15,0.34,9.15,0.0,0.0
2023-06-13 06:00:00+02:00,14.1,8.94,0.28,9.463867554393056,0.06626060581114504,0.06626060581114504
2023-06-13 07:00:00+02:00,40.74,8.94,0.55,10.356452263403101,0.2747488326547336,0.2747488326547336
2023-06-13 08:00:00+02:00,92.52,9.77,0.34,13.155835992622302,0.6733303825683918,0.6733303825683918
2023-06-13 09:00:00+02:00,115.44,10.86,0.55,14.873629093943396,0.8456887627620052,0.8456887627620052
2023-06-13 10:00:00+02:00,146.63,11.05,0.55,16.148046032960156,1.080790260017855,1.080790260017855
2023-06-13 11:00:00+02:00,129.34,11.29,0.41,15.941781732387678,0.9490662347710233,0.9490662347710233
2023-06-13 12:00:00+02:00,155.88000000000002,10.94,0.41,16.54630691545223,1.1499875509078719,1.1499875509078719
2023-06-13 13:00:00+02:00,214.85000000000002,11.05,0.48,18.64638230468971,1.5885823532247478,1.5885823532247478
2023-06-13 14:00:00+02:00,313.43,11.41,0.48,22.491843638626463,2.3028547220684805,2.3028547220684805
2023-06-13 15:00:00+02:00,259.47,12.17,0.48,21.343997284607116,1.9081663147096637,1.9081663147096637
2023-06-13 16:00:00+02:00,180.28,11.98,0.41,18.463865862956943,1.3274405623042171,1.3274405623042171
2023-06-13 17:00:00+02:00,185.28,11.36,0.34,18.140454957988112,1.3669321275222501,1.3669321275222501
2023-06-13 18:00:00+02:00,113.47,11.44,0.41,15.521008761203262,0.8286126260897636,0.8286126260897636
2023-06-13 19:00:00+02:00,57.6,11.05,0.41,13.121614564601288,0.402653743624112,0.402653743624112
2023-06-13 20:00:00+02:00,19.93,10.66,0.41,11.3767930255643,0.11111589845849111,0.11111589845849111
2023-06-13 21:00:00+02:00,0.0,10.16,0.34,10.16,0.0,0.0
2023-06-13 22:00:00+02:00,0.0,9.62,0.21,9.62,0.0,0.0
2023-06-13 23:00:00+02:00,0.0,9.12,0.21,9.12,0.0,0.0
2023-06-14 00:00:00+02:00,0.0,8.0,0.14,8.0,0.0,0.0
2023-06-14 01:00:00+02:00,0.0,7.52,0.07,7.52,0.0,0.0
2023-06-14 02:00:00+02:00,0.0,7.3,0.07,7.3,0.0,0.0
2023-06-14 03:00:00+02:00,0.0,7.39,0.07,7.39,0.0,0.0
2023-06-14 04:00:00+02:00,0.0,7.08,0.0,7.08,0.0,0.0
2023-06-14 05:00:00+02:00,0.0,6.61,0.0,6.61,0.0,0.0
2023-06-14 06:00:00+02:00,28.630000000000003,6.31,0.14,7.412952507165532,0.18204798230876532,0.18204798230876532
2023-06-14 07:00:00+02:00,72.44000000000001,6.74,0.21,9.48016129276301,0.5246316591371041,0.5246316591371041
2023-06-14 08:00:00+02:00,158.69,8.64,0.41,14.347370056537814,1.180531332283699,1.180531332283699
2023-06-14 09:00:00+02:00,312.05999999999995,10.25,0.48,21.28340498953442,2.3023956345613974,2.3023956345613974
2023-06-14 10:00:00+02:00,495.38,11.98,0.48,29.494991231543814,3.5652190402601005,3.5652190402601005
2023-06-14 11:00:00+02:00,567.7900000000001,13.58,0.48,33.65516829778809,4.027415732949233,4.027415732949233
2023-06-14 12:00:00+02:00,654.29,14.37,0.48,37.503520959438816,4.5768391851546,4.5768391851546
2023-06-14 13:00:00+02:00,733.01,15.03,0.41,41.39309361108314,5.053625846046668,5.053625846046668
2023-06-14 14:00:00+02:00,737.79,15.44,0.34,42.43995608513628,5.066772458245715,5.066772458245715
2023-06-14 15:00:00+02:00,628.47,15.75,0.41,38.353257038454345,4.38260738315787,4.38260738315787
2023-06-14 16:00:00+02:00,543.28,15.71,0.41,35.24935348362129,3.830937054181544,3.830937054181544
2023-06-14 17:00:00+02:00,336.55,15.76,0.48,27.65929003790236,2.4301211156095337,2.4301211156095337
2023-06-14 18:00:00+02:00,153.32,14.58,0.62,19.823358594840087,1.11736199589775,1.11736199589775
2023-06-14 19:00:00+02:00,49.59,14.17,0.62,15.865918032338376,0.33695196381916753,0.33695196381916753
2023-06-14 20:00:00+02:00,23.43,13.4,0.48,14.2284069695084,0.13671895433348882,0.13671895433348882
2023-06-14 21:00:00+02:00,0.0,12.73,0.34,12.73,0.0,0.0
2023-06-14 22:00:00+02:00,0.0,11.9,0.34,11.9,0.0,0.0
2023-06-14 23:00:00+02:00,0.0,10.69,0.48,10.69,0.0,0.0
2023-06-15 00:00:00+02:00,0.0,9.52,0.48,9.52,0.0,0.0
2023-06-15 01:00:00+02:00,0.0,8.68,0.55,8.68,0.0,0.0
2023-06-15 02:00:00+02:00,0.0,7.82,0.55,7.82,0.0,0.0
2023-06-15 03:00:00+02:00,0.0,7.33,0.48,7.33,0.0,0.0
2023-06-15 04:00:00+02:00,0.0,6.63,0.55,6.63,0.0,0.0
2023-06-15 05:00:00+02:00,0.0,6.01,0.55,6.01,0.0,0.0
2023-06-15 06:00:00+02:00,25.02,5.55,0.55,6.419897781795425,0.1541219333067583,0.1541219333067583
2023-06-15 07:00:00+02:00,52.309999999999995,5.79,0.48,7.639507835039883,0.36908578514458407,0.36908578514458407
2023-06-15 08:00:00+02:00,178.09,8.8,0.62,14.890462641241006,1.3273460280317888,1.3273460280317888
2023-06-15 09:00:00+02:00,380.35999999999996,11.46,0.9,23.6682423931185,2.7894273274747996,2.7894273274747996
2023-06-15 10:00:00+02:00,569.09,12.8,0.97,30.789366141085136,4.078479183965156,4.078479183965156
2023-06-15 11:00:00+02:00,687.3199999999999,13.88,1.17,34.70611172385373,4.85673144316041,4.85673144316041
2023-06-15 12:00:00+02:00,746.2900000000001,14.32,1.17,36.932929812015956,5.229833581287296,5.229833581287296
2023-06-15 13:00:00+02:00,716.8499999999999,14.61,1.17,36.330884288605816,5.035158006167884,5.035158006167884
2023-06-15 14:00:00+02:00,810.72,14.83,1.24,39.04389658797668,5.635750495527456,5.635750495527456
2023-06-15 15:00:00+02:00,613.75,15.24,1.45,32.816894438398535,4.366955214704618,4.366955214704618
2023-06-15 16:00:00+02:00,496.85999999999996,14.93,1.52,28.966862089228403,3.582660843623174,3.582660843623174
2023-06-15 17:00:00+02:00,293.87,14.69,1.38,23.223008896838486,2.1515138547299184,2.1515138547299184
2023-06-15 18:00:00+02:00,162.89000000000001,14.13,1.17,19.065641824330058,1.1929024457127597,1.1929024457127597
2023-06-15 19:00:00+02:00,53.21,13.59,1.17,15.202287442277624,0.3657052852235839,0.3657052852235839
2023-06-15 20:00:00+02:00,24.02,12.75,0.9,13.520959044806778,0.1417281871395034,0.1417281871395034
2023-06-15 21:00:00+02:00,0.0,11.68,0.69,11.68,0.0,0.0
2023-06-15 22:00:00+02:00,0.0,11.04,0.62,11.04,0.0,0.0
2023-06-15 23:00:00+02:00,0.0,10.12,0.76,10.12,0.0,0.0
2023-06-16 00:00:00+02:00,0.0,9.34,0.69,9.34,0.0,0.0
2023-06-16 01:00:00+02:00,0.0,8.65,0.69,8.65,0.0,0.0
2023-06-16 02:00:00+02:00,0.0,8.04,0.62,8.04,0.0,0.0
2023-06-16 03:00:00+02:00,0.0,7.45,0.62,7.45,0.0,0.0
2023-06-16 04:00:00+02:00,0.0,6.98,0.62,6.98,0.0,0.0
2023-06-16 05:00:00+02:00,0.0,6.54,0.69,6.54,0.0,0.0
2023-06-16 06:00:00+02:00,24.88,6.26,0.69,7.097157969824627,0.15257030626519638,0.15257030626519638
2023-06-16 07:00:00+02:00,49.59,6.55,0.69,8.218595808826498,0.3468412937522196,0.3468412937522196
2023-06-16 08:00:00+02:00,178.32999999999998,8.23,0.76,14.135279749920524,1.3326858729909712,1.3326858729909712
2023-06-16 09:00:00+02:00,380.76,11.06,0.97,23.096112129679973,2.798007788803067,2.798007788803067
2023-06-16 10:00:00+02:00,518.48,12.33,1.17,28.040182166361642,3.7515002347579225,3.7515002347579225
2023-06-16 11:00:00+02:00,709.46,13.06,1.31,33.950802228477876,5.026499815599846,5.026499815599846
2023-06-16 12:00:00+02:00,789.8500000000001,13.96,1.45,36.58013861045879,5.5409225817085215,5.5409225817085215
2023-06-16 13:00:00+02:00,751.9300000000001,14.58,1.52,35.82288071238078,5.290503405543439,5.290503405543439
2023-06-16 14:00:00+02:00,714.33,14.67,1.45,35.127357236955156,5.039454016019471,5.039454016019471
2023-06-16 15:00:00+02:00,691.1999999999999,14.91,1.45,34.704948164270576,4.884113995550097,4.884113995550097
2023-06-16 16:00:00+02:00,555.74,15.12,1.52,30.820289291687384,3.9821888784935338,3.9821888784935338
2023-06-16 17:00:00+02:00,351.08,14.77,1.59,24.556038421657057,2.564484436829319,2.564484436829319
2023-06-16 18:00:00+02:00,164.61,14.35,1.31,19.197116052814454,1.2053719030028205,1.2053719030028205
2023-06-16 19:00:00+02:00,54.51,13.47,1.24,15.098058396253466,0.3758701651150132,0.3758701651150132
2023-06-16 20:00:00+02:00,24.71,12.61,0.97,13.391101824572939,0.14716410882580686,0.14716410882580686
2023-06-16 21:00:00+02:00,0.0,11.59,0.9,11.59,0.0,0.0
2023-06-16 22:00:00+02:00,0.0,10.62,0.69,10.62,0.0,0.0
2023-06-16 23:00:00+02:00,0.0,10.01,0.48,10.01,0.0,0.0
2023-06-17 00:00:00+02:00,0.0,9.16,0.41,9.16,0.0,0.0
2023-06-17 01:00:00+02:00,0.0,8.44,0.34,8.44,0.0,0.0
2023-06-17 02:00:00+02:00,0.0,7.78,0.34,7.78,0.0,0.0
2023-06-17 03:00:00+02:00,0.0,7.14,0.34,7.14,0.0,0.0
2023-06-17 04:00:00+02:00,0.0,6.55,0.34,6.55,0.0,0.0
2023-06-17 05:00:00+02:00,0.0,6.0,0.41,6.0,0.0,0.0
2023-06-17 06:00:00+02:00,25.189999999999998,5.52,0.41,6.425971716706708,0.15546803717692018,0.15546803717692018
2023-06-17 07:00:00+02:00,48.21,5.86,0.34,7.624279649852154,0.33670262332759615,0.33670262332759615
2023-06-17 08:00:00+02:00,178.96,8.79,0.41,15.22639136251816,1.332467250503178,1.332467250503178
2023-06-17 09:00:00+02:00,395.0,12.29,0.55,26.023398233780682,2.8738102132347283,2.8738102132347283
2023-06-17 10:00:00+02:00,597.06,13.7,0.48,34.810058267805616,4.217649221201064,4.217649221201064
2023-06-17 11:00:00+02:00,752.0799999999999,14.92,0.62,40.6402265327898,5.1991456775209075,5.1991456775209075
2023-06-17 12:00:00+02:00,819.09,16.14,0.83,42.84028555409229,5.614472422129416,5.614472422129416
2023-06-17 13:00:00+02:00,771.02,17.08,0.9,41.82707921427654,5.306270445302626,5.306270445302626
2023-06-17 14:00:00+02:00,783.5,17.55,0.83,43.0901405604162,5.366595042180975,5.366595042180975
2023-06-17 15:00:00+02:00,689.6300000000001,17.96,0.76,40.79664035180672,4.765680683731024,4.765680683731024
2023-06-17 16:00:00+02:00,563.41,18.1,0.76,36.75694871251457,3.9514530471933456,3.9514530471933456
2023-06-17 17:00:00+02:00,359.16,17.94,0.69,30.02495403706645,2.573468129018226,2.573468129018226
2023-06-17 18:00:00+02:00,164.78,17.39,0.48,23.216073428749223,1.1894551959797255,1.1894551959797255
2023-06-17 19:00:00+02:00,47.32,16.64,0.41,18.341888909668974,0.3164415700359399,0.3164415700359399
2023-06-17 20:00:00+02:00,23.889999999999997,15.85,0.34,16.724271745176683,0.13872238583620883,0.13872238583620883
2023-06-17 21:00:00+02:00,0.0,15.4,0.21,15.4,0.0,0.0
2023-06-17 22:00:00+02:00,0.0,14.16,0.28,14.16,0.0,0.0
2023-06-17 23:00:00+02:00,0.0,13.1,0.28,13.1,0.0,0.0
2023-06-18 00:00:00+02:00,0.0,12.12,0.21,12.12,0.0,0.0
2023-06-18 01:00:00+02:00,0.0,11.29,0.14,11.29,0.0,0.0
2023-06-18 02:00:00+02:00,0.0,10.61,0.14,10.61,0.0,0.0
2023-06-18 03:00:00+02:00,0.0,9.76,0.07,9.76,0.0,0.0
2023-06-18 04:00:00+02:00,0.0,9.36,0.07,9.36,0.0,0.0
2023-06-18 05:00:00+02:00,0.0,8.96,0.07,8.96,0.0,0.0
2023-06-18 06:00:00+02:00,25.12,8.65,0.07,9.635917704130494,0.15280766399174883,0.15280766399174883
2023-06-18 07:00:00+02:00,47.76,8.79,0.07,10.664499583967848,0.32935917947168136,0.32935917947168136
2023-06-18 08:00:00+02:00,167.64999999999998,10.91,0.28,17.138822375460705,1.2373555269022636,1.2373555269022636
2023-06-18 09:00:00+02:00,331.65,13.62,0.62,24.962028945856474,2.4173987125670013,2.4173987125670013
2023-06-18 10:00:00+02:00,522.0,14.75,0.69,32.31416640869998,3.7197554872211875,3.7197554872211875
2023-06-18 11:00:00+02:00,614.04,15.83,0.69,36.4911125317972,4.311234305946362,4.311234305946362
2023-06-18 12:00:00+02:00,720.22,16.64,0.76,40.48960792624775,4.982289405038756,4.982289405038756
2023-06-18 13:00:00+02:00,739.8499999999999,17.11,0.83,41.22725972383398,5.10377997310921,5.10377997310921
2023-06-18 14:00:00+02:00,533.0600000000001,17.51,0.76,35.16192857899757,3.7598483528580497,3.7598483528580497
2023-06-18 15:00:00+02:00,496.98999999999995,17.28,0.76,33.73749443679135,3.5226575913446245,3.5226575913446245
2023-06-18 16:00:00+02:00,351.1,16.93,0.76,28.556443785101198,2.528364033555043,2.528364033555043
2023-06-18 17:00:00+02:00,219.42,16.45,0.76,23.715947864787537,1.5943494861977388,1.5943494861977388
2023-06-18 18:00:00+02:00,127.8,15.71,0.55,20.153362770321955,0.9232605934855904,0.9232605934855904
2023-06-18 19:00:00+02:00,48.11,14.77,0.55,16.44269313677769,0.3248482480706177,0.3248482480706177
2023-06-18 20:00:00+02:00,26.189999999999998,13.9,0.55,14.81057645504485,0.15767847925652592,0.15767847925652592
2023-06-18 21:00:00+02:00,0.0,13.74,0.28,13.74,0.0,0.0
2023-06-18 22:00:00+02:00,0.0,12.92,0.28,12.92,0.0,0.0
2023-06-18 23:00:00+02:00,0.0,11.42,0.14,11.42,0.0,0.0
2023-06-19 00:00:00+02:00,0.0,10.7,0.07,10.7,0.0,0.0
2023-06-19 01:00:00+02:00,0.0,10.1,0.0,10.1,0.0,0.0
2023-06-19 02:00:00+02:00,0.0,9.65,0.0,9.65,0.0,0.0
2023-06-19 03:00:00+02:00,0.0,9.03,0.07,9.03,0.0,0.0
2023-06-19 04:00:00+02:00,0.0,8.68,0.14,8.68,0.0,0.0
2023-06-19 05:00:00+02:00,0.0,8.42,0.14,8.42,0.0,0.0
2023-06-19 06:00:00+02:00,25.33,8.18,0.07,9.174159850542411,0.15476307460492647,0.15476307460492647
2023-06-19 07:00:00+02:00,74.67,8.7,0.07,11.630671774180886,0.5379505457206512,0.5379505457206512
2023-06-19 08:00:00+02:00,172.14000000000001,10.39,0.14,17.021583813603726,1.2721146977116666,1.2721146977116666
2023-06-19 09:00:00+02:00,317.46,12.93,0.34,24.5476771964751,2.316009380489945,2.316009380489945
2023-06-19 10:00:00+02:00,492.04,14.55,0.62,31.377172991163032,3.5172674755862694,3.5172674755862694
2023-06-19 11:00:00+02:00,635.79,16.02,0.76,37.07376443785101,4.454480188464275,4.454480188464275
2023-06-19 12:00:00+02:00,699.0799999999999,17.02,0.83,39.80825968471699,4.848530347710917,4.848530347710917
2023-06-19 13:00:00+02:00,690.89,17.8,0.76,40.678364416657836,4.776462987549843,4.776462987549843
2023-06-19 14:00:00+02:00,559.59,17.46,0.76,35.99045194447388,3.9356062423712292,3.9356062423712292
2023-06-19 15:00:00+02:00,398.77,16.89,0.9,29.68913981255617,2.863792844354994,2.863792844354994
2023-06-19 16:00:00+02:00,276.24,16.35,0.76,25.49750450354986,2.0041009452550536,2.0041009452550536
2023-06-19 17:00:00+02:00,137.79000000000002,15.62,0.83,20.111609403726547,0.9988976254443104,0.9988976254443104
2023-06-19 18:00:00+02:00,120.99999999999999,15.04,0.55,19.246939712120156,0.8747166355143113,0.8747166355143113
2023-06-19 19:00:00+02:00,58.81,14.9,0.69,16.878828786390127,0.4062807604625219,0.4062807604625219
2023-06-19 20:00:00+02:00,26.189999999999998,14.58,0.62,15.475666329238598,0.15722387565287196,0.15722387565287196
2023-06-19 21:00:00+02:00,0.0,13.98,0.76,13.98,0.0,0.0
2023-06-19 22:00:00+02:00,0.0,12.96,0.55,12.96,0.0,0.0
2023-06-19 23:00:00+02:00,0.0,12.69,0.48,12.69,0.0,0.0
2023-06-20 00:00:00+02:00,0.0,12.33,0.41,12.33,0.0,0.0
2023-06-20 01:00:00+02:00,0.0,11.95,0.41,11.95,0.0,0.0
2023-06-20 02:00:00+02:00,0.0,11.71,0.34,11.71,0.0,0.0
2023-06-20 03:00:00+02:00,0.0,11.17,0.41,11.17,0.0,0.0
2023-06-20 04:00:00+02:00,0.0,10.62,0.41,10.62,0.0,0.0
2023-06-20 05:00:00+02:00,0.0,10.42,0.41,10.42,0.0,0.0
2023-06-20 06:00:00+02:00,23.51,10.27,0.41,11.11554962523917,0.13924818088405136,0.13924818088405136
2023-06-20 07:00:00+02:00,67.66,10.65,0.69,12.926612067457167,0.48103305735304475,0.48103305735304475
2023-06-20 08:00:00+02:00,124.04,12.05,0.9,16.031255616895624,0.9081428427916101,0.9081428427916101
2023-06-20 09:00:00+02:00,230.97000000000003,12.99,1.24,19.88841584631559,1.7032108634079974,1.7032108634079974
2023-06-20 10:00:00+02:00,365.84,14.5,1.31,25.27254684868258,2.6667484169047784,2.6667484169047784
2023-06-20 11:00:00+02:00,478.14,15.64,1.45,29.333224125093075,3.4425579483389304,3.4425579483389304
2023-06-20 12:00:00+02:00,523.54,16.53,1.45,31.52341313935506,3.741400006723617,3.741400006723617
2023-06-20 13:00:00+02:00,468.33,16.92,1.45,30.33228019932413,3.359519887345576,3.359519887345576
2023-06-20 14:00:00+02:00,449.98999999999995,17.03,1.38,30.096215243095077,3.2299197648039186,3.2299197648039186
2023-06-20 15:00:00+02:00,454.57000000000005,17.27,1.31,30.655295815125854,3.256460893686413,3.256460893686413
2023-06-20 16:00:00+02:00,372.21,17.39,1.38,28.197742340124044,2.685574001632441,2.685574001632441
2023-06-20 17:00:00+02:00,162.46,17.28,1.38,21.997298891960327,1.1772706439403626,1.1772706439403626
2023-06-20 18:00:00+02:00,97.81,16.33,0.9,19.46936320451919,0.6982369444817847,0.6982369444817847
2023-06-20 19:00:00+02:00,67.04,15.63,0.83,17.81533634099592,0.4676796718275999,0.4676796718275999
2023-06-20 20:00:00+02:00,18.78,15.19,0.9,15.792773141609963,0.0999648052559748,0.0999648052559748
2023-06-20 21:00:00+02:00,0.0,14.77,0.69,14.77,0.0,0.0
2023-06-20 22:00:00+02:00,0.0,13.76,0.62,13.76,0.0,0.0
2023-06-20 23:00:00+02:00,0.0,13.49,0.55,13.49,0.0,0.0
2023-06-21 00:00:00+02:00,0.0,12.87,0.41,12.87,0.0,0.0
2023-06-21 01:00:00+02:00,0.0,12.15,0.34,12.15,0.0,0.0
2023-06-21 02:00:00+02:00,0.0,11.37,0.28,11.37,0.0,0.0
2023-06-21 03:00:00+02:00,0.0,10.36,0.21,10.36,0.0,0.0
2023-06-21 04:00:00+02:00,0.0,9.88,0.21,9.88,0.0,0.0
2023-06-21 05:00:00+02:00,0.0,9.55,0.07,9.55,0.0,0.0
2023-06-21 06:00:00+02:00,26.779999999999998,9.15,0.07,10.2010699091009,0.1654563903993349,0.1654563903993349
2023-06-21 07:00:00+02:00,69.13,9.48,0.07,12.193236102171216,0.4937622443185546,0.4937622443185546
2023-06-21 08:00:00+02:00,171.54000000000002,11.82,0.14,18.4284691959195,1.261270618383059,1.261270618383059
2023-06-21 09:00:00+02:00,347.36,14.48,0.28,27.385718701700156,2.5116136575425494,2.5116136575425494
2023-06-21 10:00:00+02:00,571.35,16.78,0.55,36.644752103469855,4.008902209930048,4.008902209930048
2023-06-21 11:00:00+02:00,677.9,18.77,0.48,42.7382921310177,4.6510696165222924,4.6510696165222924
2023-06-21 12:00:00+02:00,722.6600000000001,19.62,0.28,46.46951254309833,4.8887503414731555,4.8887503414731555
2023-06-21 13:00:00+02:00,716.0300000000001,20.36,0.41,46.11239890089338,4.850521010231822,4.850521010231822
2023-06-21 14:00:00+02:00,408.56000000000006,20.28,0.76,33.809193599660915,2.8913282614052065,2.8913282614052065
2023-06-21 15:00:00+02:00,455.2,19.48,0.41,35.85150954525183,3.2001134535579805,3.2001134535579805
2023-06-21 16:00:00+02:00,268.98,19.52,0.48,29.03023929399785,1.9258907048696687,1.9258907048696687
2023-06-21 17:00:00+02:00,108.91999999999999,18.71,0.69,22.374921465968587,0.7742306673143313,0.7742306673143313
2023-06-21 18:00:00+02:00,92.38,17.28,0.07,20.905759454919384,0.653602379848451,0.653602379848451
2023-06-21 19:00:00+02:00,64.25,17.09,0.48,19.36166657238219,0.44379077371884856,0.44379077371884856
2023-06-21 20:00:00+02:00,25.3,17.04,0.69,17.891290057739674,0.1487709596348342,0.1487709596348342
2023-06-21 21:00:00+02:00,0.0,16.36,0.9,16.36,0.0,0.0
2023-06-21 22:00:00+02:00,0.0,16.0,0.76,16.0,0.0,0.0
2023-06-21 23:00:00+02:00,0.0,15.29,0.83,15.29,0.0,0.0
2023-06-22 00:00:00+02:00,0.0,14.39,0.83,14.39,0.0,0.0
2023-06-22 01:00:00+02:00,0.0,13.76,0.83,13.76,0.0,0.0
2023-06-22 02:00:00+02:00,0.0,13.15,0.76,13.15,0.0,0.0
2023-06-22 03:00:00+02:00,0.0,12.6,0.69,12.6,0.0,0.0
2023-06-22 04:00:00+02:00,0.0,11.92,0.55,11.92,0.0,0.0
2023-06-22 05:00:00+02:00,0.0,11.04,0.55,11.04,0.0,0.0
2023-06-22 06:00:00+02:00,28.87,10.36,0.48,11.380747298749787,0.18095827524534772,0.18095827524534772
2023-06-22 07:00:00+02:00,64.76,10.41,0.48,12.699698478248571,0.45890880912480736,0.45890880912480736
2023-06-22 08:00:00+02:00,167.51,12.4,0.55,18.22400389402684,1.2315663945375588,1.2315663945375588
2023-06-22 09:00:00+02:00,285.03999999999996,15.12,0.9,24.268799589164203,2.078123607516392,2.078123607516392
2023-06-22 10:00:00+02:00,363.39,16.13,1.17,27.140883925000303,2.6311751554148257,2.6311751554148257
2023-06-22 11:00:00+02:00,454.23,16.95,1.38,30.13933076261934,3.26004240578955,3.26004240578955
2023-06-22 12:00:00+02:00,443.75,17.59,1.38,30.47502636530465,3.180510581842495,3.180510581842495
2023-06-22 13:00:00+02:00,460.91,17.58,1.38,30.963295779228318,3.298504972986727,3.298504972986727
2023-06-22 14:00:00+02:00,444.86999999999995,17.83,1.45,30.57042041354029,3.1874992986171495,3.1874992986171495
2023-06-22 15:00:00+02:00,391.69,17.76,1.38,29.133376849636463,2.8180976541439398,2.8180976541439398
2023-06-22 16:00:00+02:00,457.15999999999997,17.76,1.45,30.852387880176416,3.272811188026042,3.272811188026042
2023-06-22 17:00:00+02:00,254.14000000000001,17.47,1.38,24.849381634881183,1.8451466486150792,1.8451466486150792
2023-06-22 18:00:00+02:00,132.91,16.43,1.66,20.0859536122175,0.9621094461607792,0.9621094461607792
2023-06-22 19:00:00+02:00,46.08,15.54,0.69,17.090491931250757,0.30849014312946527,0.30849014312946527
2023-06-22 20:00:00+02:00,19.299999999999997,14.23,0.48,14.912383888668892,0.10441180202277324,0.10441180202277324
2023-06-22 21:00:00+02:00,0.0,12.82,0.07,12.82,0.0,0.0
2023-06-22 22:00:00+02:00,0.0,11.92,0.48,11.92,0.0,0.0
2023-06-22 23:00:00+02:00,0.0,11.56,0.55,11.56,0.0,0.0
2023-06-23 00:00:00+02:00,0.0,11.34,0.83,11.34,0.0,0.0
2023-06-23 01:00:00+02:00,0.0,11.02,1.03,11.02,0.0,0.0
2023-06-23 02:00:00+02:00,0.0,10.86,0.97,10.86,0.0,0.0
2023-06-23 03:00:00+02:00,0.0,10.89,1.1,10.89,0.0,0.0
2023-06-23 04:00:00+02:00,0.0,10.38,1.17,10.38,0.0,0.0
2023-06-23 05:00:00+02:00,0.0,10.33,1.17,10.33,0.0,0.0
2023-06-23 06:00:00+02:00,20.37,10.0,0.97,10.64391113583775,0.11494367511132478,0.11494367511132478
2023-06-23 07:00:00+02:00,48.87,10.43,1.31,11.869028986702158,0.33650960745041636,0.33650960745041636
2023-06-23 08:00:00+02:00,157.82,10.5,1.24,15.213633757048648,1.1702804038146042,1.1702804038146042
2023-06-23 09:00:00+02:00,304.89000000000004,11.3,1.52,19.913490485015597,2.259543192405744,2.259543192405744
2023-06-23 10:00:00+02:00,508.55,12.04,1.59,26.21537267669391,3.7032408443573614,3.7032408443573614
2023-06-23 11:00:00+02:00,662.9399999999999,13.39,1.79,31.190105252983063,4.74432099191141,4.74432099191141
2023-06-23 12:00:00+02:00,767.24,14.44,1.72,35.30887457568109,5.407850307082845,5.407850307082845
2023-06-23 13:00:00+02:00,853.8699999999999,15.29,1.66,38.7773907972625,5.7,5.7
2023-06-23 14:00:00+02:00,786.36,16.08,1.72,37.46893724432066,5.498747197777604,5.498747197777604
2023-06-23 15:00:00+02:00,723.4300000000001,16.45,1.66,36.349379442378364,5.080906004021759,5.080906004021759
2023-06-23 16:00:00+02:00,577.98,16.76,1.59,32.87067131978281,4.111443034428637,4.111443034428637
2023-06-23 17:00:00+02:00,392.45000000000005,16.71,1.66,27.50511695970777,2.840096113001918,2.840096113001918
2023-06-23 18:00:00+02:00,168.26,16.29,1.66,20.918325594701052,1.2254887989651642,1.2254887989651642
2023-06-23 19:00:00+02:00,51.86000000000001,15.44,1.52,16.905104190209283,0.35300009805122684,0.35300009805122684
2023-06-23 20:00:00+02:00,23.68,14.44,1.31,15.13728271751805,0.138091843066333,0.138091843066333
2023-06-23 21:00:00+02:00,0.0,13.09,1.17,13.09,0.0,0.0
2023-06-23 22:00:00+02:00,0.0,11.4,1.03,11.4,0.0,0.0
2023-06-23 23:00:00+02:00,0.0,11.47,0.9,11.47,0.0,0.0
2023-06-24 00:00:00+02:00,0.0,11.08,0.83,11.08,0.0,0.0
2023-06-24 01:00:00+02:00,0.0,10.38,0.69,10.38,0.0,0.0
2023-06-24 02:00:00+02:00,0.0,9.62,0.62,9.62,0.0,0.0
2023-06-24 03:00:00+02:00,0.0,8.51,0.55,8.51,0.0,0.0
2023-06-24 04:00:00+02:00,0.0,7.83,0.55,7.83,0.0,0.0
2023-06-24 05:00:00+02:00,0.0,7.07,0.48,7.07,0.0,0.0
2023-06-24 06:00:00+02:00,25.080000000000002,6.01,0.41,6.912015508336809,0.15427631783229775,0.15427631783229775
2023-06-24 07:00:00+02:00,55.09,6.46,0.41,8.441341082706334,0.3899018232312278,0.3899018232312278
2023-06-24 08:00:00+02:00,175.72,8.93,0.48,15.142875487922158,1.3079905024106289,1.3079905024106289
2023-06-24 09:00:00+02:00,389.55,12.09,0.76,24.98969004980396,2.84418546328976,2.84418546328976
2023-06-24 10:00:00+02:00,589.4,14.26,0.69,34.09203004078117,4.174329898312001,4.174329898312001
2023-06-24 11:00:00+02:00,750.79,15.94,0.62,41.61611009274712,5.171563964262425,5.171563964262425
2023-06-24 12:00:00+02:00,853.66,17.21,0.55,46.89013350949169,5.7,5.7
2023-06-24 13:00:00+02:00,883.09,18.23,0.48,49.453128924591276,5.7,5.7
2023-06-24 14:00:00+02:00,837.52,19.15,0.55,48.26897642723037,5.624409729558155,5.624409729558155
2023-06-24 15:00:00+02:00,743.25,19.75,0.41,46.481380644790036,5.0274824238184195,5.0274824238184195
2023-06-24 16:00:00+02:00,580.8000000000001,20.14,0.62,40.00265765642527,4.02531037149422,4.02531037149422
2023-06-24 17:00:00+02:00,375.95,20.15,0.62,33.00703537522913,2.66618154256834,2.66618154256834
2023-06-24 18:00:00+02:00,171.13,19.73,0.62,25.582439057754918,1.226360131079341,1.226360131079341
2023-06-24 19:00:00+02:00,46.97,18.96,0.48,20.620703173615432,0.3109811743592083,0.3109811743592083
2023-06-24 20:00:00+02:00,24.12,17.87,0.41,18.737488598926788,0.1392198371292318,0.1392198371292318
2023-06-24 21:00:00+02:00,0.0,16.68,0.34,16.68,0.0,0.0
2023-06-24 22:00:00+02:00,0.0,15.64,0.34,15.64,0.0,0.0
2023-06-24 23:00:00+02:00,0.0,14.57,0.48,14.57,0.0,0.0
2023-06-25 00:00:00+02:00,0.0,13.56,0.62,13.56,0.0,0.0
2023-06-25 01:00:00+02:00,0.0,12.69,0.62,12.69,0.0,0.0
2023-06-25 02:00:00+02:00,0.0,12.09,0.62,12.09,0.0,0.0
2023-06-25 03:00:00+02:00,0.0,11.85,0.55,11.85,0.0,0.0
2023-06-25 04:00:00+02:00,0.0,11.31,0.41,11.31,0.0,0.0
2023-06-25 05:00:00+02:00,0.0,10.87,0.21,10.87,0.0,0.0
2023-06-25 06:00:00+02:00,25.71,9.74,0.07,10.74907421071636,0.1566968434033945,0.1566968434033945
2023-06-25 07:00:00+02:00,61.94,9.56,0.07,11.991040708353612,0.43814781391849866,0.43814781391849866
2023-06-25 08:00:00+02:00,175.21,12.04,0.14,18.789853607421332,1.287483647439973,1.287483647439973
2023-06-25 09:00:00+02:00,380.46000000000004,15.24,0.41,28.92344578555912,2.738589957140531,2.738589957140531
2023-06-25 10:00:00+02:00,563.7400000000001,17.03,0.55,36.630166886864615,3.9556064785084013,3.9556064785084013
2023-06-25 11:00:00+02:00,734.87,18.48,0.62,43.61166534431342,5.024791260409786,5.024791260409786
2023-06-25 12:00:00+02:00,800.81,19.78,0.69,46.725517436304656,5.4104702917680685,5.4104702917680685
2023-06-25 13:00:00+02:00,857.1800000000001,20.64,0.69,49.48224552147405,5.7,5.7
2023-06-25 14:00:00+02:00,801.54,20.88,0.69,47.85008035101414,5.392407937273517,5.392407937273517
2023-06-25 15:00:00+02:00,703.52,21.01,0.69,44.68192021426937,4.791645123198724,4.791645123198724
2023-06-25 16:00:00+02:00,534.31,20.98,0.62,39.25275587535225,3.7125570432349893,3.7125570432349893
2023-06-25 17:00:00+02:00,340.89,20.34,0.48,32.392738021157435,2.420170921672246,2.420170921672246
2023-06-25 18:00:00+02:00,159.61999999999998,19.81,0.55,25.35968361031917,1.1420206197580145,1.1420206197580145
2023-06-25 19:00:00+02:00,42.120000000000005,19.13,0.55,20.594432236979348,0.27431243127231814,0.27431243127231814
2023-06-25 20:00:00+02:00,23.4,18.32,0.55,19.133573464988526,0.1334908807411515,0.1334908807411515
2023-06-25 21:00:00+02:00,0.0,17.46,0.48,17.46,0.0,0.0
2023-06-25 22:00:00+02:00,0.0,16.72,0.62,16.72,0.0,0.0
2023-06-25 23:00:00+02:00,0.0,15.67,0.69,15.67,0.0,0.0
2023-06-26 00:00:00+02:00,0.0,14.72,0.76,14.72,0.0,0.0
2023-06-26 01:00:00+02:00,0.0,13.97,0.76,13.97,0.0,0.0
2023-06-26 02:00:00+02:00,0.0,13.25,0.76,13.25,0.0,0.0
2023-06-26 03:00:00+02:00,0.0,12.87,0.76,12.87,0.0,0.0
2023-06-26 04:00:00+02:00,0.0,12.16,0.83,12.16,0.0,0.0
2023-06-26 05:00:00+02:00,0.0,10.96,0.76,10.96,0.0,0.0
2023-06-26 06:00:00+02:00,22.189999999999998,10.54,0.69,11.286645311511593,0.12882680044050135,0.12882680044050135
2023-06-26 07:00:00+02:00,67.07000000000001,10.68,0.76,12.900978594892445,0.47649898318595557,0.47649898318595557
2023-06-26 08:00:00+02:00,171.8,12.94,0.76,18.629043128112748,1.2623493476011045,1.2623493476011045
2023-06-26 09:00:00+02:00,382.14,15.87,0.97,27.94973497540683,2.760402589657142,2.760402589657142
2023-06-26 10:00:00+02:00,565.36,17.42,0.97,35.29145801459153,3.986415671750082,3.986415671750082
2023-06-26 11:00:00+02:00,712.52,18.65,0.97,41.173297128478765,4.916703652566928,4.916703652566928
2023-06-26 12:00:00+02:00,805.5,19.63,1.03,44.76636987754796,5.482233764174297,5.482233764174297
2023-06-26 13:00:00+02:00,821.9799999999999,20.48,1.03,46.130643466104125,5.565312599130176,5.565312599130176
2023-06-26 14:00:00+02:00,757.6800000000001,20.86,0.97,44.8108389495113,5.15710948262439,5.15710948262439
2023-06-26 15:00:00+02:00,603.47,20.81,0.9,40.17930286301194,4.179932674461446,4.179932674461446
2023-06-26 16:00:00+02:00,454.25,20.47,0.83,35.27741397519982,3.200104784282828,3.200104784282828
2023-06-26 17:00:00+02:00,287.3,20.08,0.76,29.59374907279856,2.0552866486812422,2.0552866486812422
2023-06-26 18:00:00+02:00,160.03,19.53,0.83,24.7465777841524,1.147610198445802,1.147610198445802
2023-06-26 19:00:00+02:00,46.97,18.73,0.9,20.23757478495314,0.31145051388641964,0.31145051388641964
2023-06-26 20:00:00+02:00,20.1,17.61,0.76,18.275598177386883,0.10882452072225227,0.10882452072225227
2023-06-26 21:00:00+02:00,0.0,16.56,0.76,16.56,0.0,0.0
2023-06-26 22:00:00+02:00,0.0,15.14,0.83,15.14,0.0,0.0
2023-06-26 23:00:00+02:00,0.0,14.71,0.83,14.71,0.0,0.0
2023-06-27 00:00:00+02:00,0.0,14.44,0.83,14.44,0.0,0.0
2023-06-27 01:00:00+02:00,0.0,13.5,0.97,13.5,0.0,0.0
2023-06-27 02:00:00+02:00,0.0,13.08,0.83,13.08,0.0,0.0
2023-06-27 03:00:00+02:00,0.0,12.32,0.83,12.32,0.0,0.0
2023-06-27 04:00:00+02:00,0.0,12.09,0.76,12.09,0.0,0.0
2023-06-27 05:00:00+02:00,0.0,11.78,0.76,11.78,0.0,0.0
2023-06-27 06:00:00+02:00,21.509999999999998,11.53,0.76,12.242289392815513,0.12297555148481552,0.12297555148481552
2023-06-27 07:00:00+02:00,60.84,11.91,0.76,13.924676274239696,0.42651576397124175,0.42651576397124175
2023-06-27 08:00:00+02:00,140.51000000000002,12.41,0.97,16.851627574696224,1.0313581742396012,1.0313581742396012
2023-06-27 09:00:00+02:00,289.87,13.59,1.1,22.502495388021153,2.127167910763804,2.127167910763804
2023-06-27 10:00:00+02:00,498.90000000000003,14.69,1.17,29.80689917219145,3.586661719170436,3.586661719170436
2023-06-27 11:00:00+02:00,576.6999999999999,16.09,1.1,33.82152133808879,4.088264005383756,4.088264005383756
2023-06-27 12:00:00+02:00,673.31,16.98,1.17,37.38160228829069,4.711847638630449,4.711847638630449
2023-06-27 13:00:00+02:00,739.12,17.71,1.24,39.785408582624484,5.125957470698584,5.125957470698584
2023-06-27 14:00:00+02:00,604.73,18.4,1.38,35.959350972148016,4.254066392450524,4.254066392450524
2023-06-27 15:00:00+02:00,578.78,18.57,1.45,35.14540523512228,4.0833842602868256,4.0833842602868256
2023-06-27 16:00:00+02:00,487.37,18.88,1.59,32.46499927527344,3.4700949628387434,3.4700949628387434
2023-06-27 17:00:00+02:00,295.35,18.84,1.66,26.96418854389015,2.1339366347788604,2.1339366347788604
2023-06-27 18:00:00+02:00,164.8,18.04,1.45,22.75962884472192,1.1915587987964464,1.1915587987964464
2023-06-27 19:00:00+02:00,62.05,17.16,1.24,19.013256714135526,0.42764628684446265,0.42764628684446265
2023-06-27 20:00:00+02:00,26.779999999999998,16.04,1.1,16.86339195670889,0.16080007534870602,0.16080007534870602
2023-06-27 21:00:00+02:00,0.0,15.11,0.97,15.11,0.0,0.0
2023-06-27 22:00:00+02:00,0.0,13.3,0.97,13.3,0.0,0.0
2023-06-27 23:00:00+02:00,0.0,12.32,0.97,12.32,0.0,0.0
2023-06-28 00:00:00+02:00,0.0,11.65,0.9,11.65,0.0,0.0
2023-06-28 01:00:00+02:00,0.0,11.1,0.9,11.1,0.0,0.0
2023-06-28 02:00:00+02:00,0.0,10.56,0.83,10.56,0.0,0.0
2023-06-28 03:00:00+02:00,0.0,9.95,0.69,9.95,0.0,0.0
2023-06-28 04:00:00+02:00,0.0,9.26,0.55,9.26,0.0,0.0
2023-06-28 05:00:00+02:00,0.0,8.81,0.55,8.81,0.0,0.0
2023-06-28 06:00:00+02:00,25.159999999999997,8.33,0.62,9.190441574785915,0.1534145021178498,0.1534145021178498
2023-06-28 07:00:00+02:00,58.019999999999996,8.08,0.69,10.032247001978492,0.4105850899484185,0.4105850899484185
2023-06-28 08:00:00+02:00,168.84,10.12,0.69,15.801099341848477,1.2522956639121885,1.2522956639121885
2023-06-28 09:00:00+02:00,372.49,12.54,0.9,24.49564257285916,2.723198340852384,2.723198340852384
2023-06-28 10:00:00+02:00,565.7,14.38,0.9,32.53701630504558,4.028787573997567,4.028787573997567
2023-06-28 11:00:00+02:00,688.1300000000001,16.01,0.9,38.096596482218516,4.802822516555893,4.802822516555893
2023-06-28 12:00:00+02:00,748.7500000000001,17.22,0.83,41.62737746600081,5.157341656897392,5.157341656897392
2023-06-28 13:00:00+02:00,703.41,18.39,0.9,40.967031711387854,4.857676290435087,4.857676290435087
2023-06-28 14:00:00+02:00,653.5,19.12,0.83,40.42246567483343,4.522506707238485,4.522506707238485
2023-06-28 15:00:00+02:00,594.68,19.44,0.69,39.44969057457031,4.130096810066502,4.130096810066502
2023-06-28 16:00:00+02:00,442.14,19.24,0.55,34.612366316667824,3.1217848629614275,3.1217848629614275
2023-06-28 17:00:00+02:00,341.94,18.59,0.62,30.283934502475994,2.446350329384407,2.446350329384407
2023-06-28 18:00:00+02:00,151.28,18.13,0.55,23.38971768305403,1.087917506649965,1.087917506649965
2023-06-28 19:00:00+02:00,51.07,17.24,0.41,19.076759649551867,0.3440554215567271,0.3440554215567271
2023-06-28 20:00:00+02:00,23.889999999999997,16.21,0.28,17.097602544287245,0.13848959648368458,0.13848959648368458
2023-06-28 21:00:00+02:00,0.0,15.27,0.21,15.27,0.0,0.0
2023-06-28 22:00:00+02:00,0.0,14.38,0.21,14.38,0.0,0.0
2023-06-28 23:00:00+02:00,0.0,13.44,0.14,13.44,0.0,0.0
2023-06-29 00:00:00+02:00,0.0,12.68,0.07,12.68,0.0,0.0
2023-06-29 01:00:00+02:00,0.0,12.07,0.07,12.07,0.0,0.0
2023-06-29 02:00:00+02:00,0.0,11.56,0.14,11.56,0.0,0.0
2023-06-29 03:00:00+02:00,0.0,11.34,0.28,11.34,0.0,0.0
2023-06-29 04:00:00+02:00,0.0,11.04,0.41,11.04,0.0,0.0
2023-06-29 05:00:00+02:00,0.0,11.02,0.48,11.02,0.0,0.0
2023-06-29 06:00:00+02:00,17.59,11.01,0.55,11.62157082261317,0.09271827148710017,0.09271827148710017
2023-06-29 07:00:00+02:00,52.17,11.1,0.62,12.884150912423737,0.3608450500433733,0.3608450500433733
2023-06-29 08:00:00+02:00,145.92000000000002,12.43,0.69,17.3398911156274,1.0708336223038697,1.0708336223038697
2023-06-29 09:00:00+02:00,311.31,13.44,0.62,24.08642554239282,2.2742250939936532,2.2742250939936532
2023-06-29 10:00:00+02:00,436.06,14.82,0.55,29.980976288157986,3.130563656709167,3.130563656709167
2023-06-29 11:00:00+02:00,575.36,16.06,0.34,37.115713323769654,4.0301416646152015,4.0301416646152015
2023-06-29 12:00:00+02:00,531.24,16.99,0.28,36.727546070621806,3.7256078587543384,3.7256078587543384
2023-06-29 13:00:00+02:00,475.44000000000005,17.27,0.34,34.66906900488919,3.357760988595891,3.357760988595891
2023-06-29 14:00:00+02:00,298.05,17.02,0.41,27.73952640589259,2.147777594105243,2.147777594105243
2023-06-29 15:00:00+02:00,178.56,15.9,0.41,22.322005150263987,1.2965008012669823,1.2965008012669823
2023-06-29 16:00:00+02:00,97.17999999999999,14.9,0.48,18.335961984499633,0.6963274280779008,0.6963274280779008
2023-06-29 17:00:00+02:00,51.44,14.13,0.0,16.1876,0.35074473036013926,0.35074473036013926
2023-06-29 18:00:00+02:00,91.61999999999999,13.5,0.14,17.02960212038093,0.6571147922327111,0.6571147922327111
2023-06-29 19:00:00+02:00,53.239999999999995,13.67,0.34,15.618356120268173,0.36535885424945097,0.36535885424945097
2023-06-29 20:00:00+02:00,7.710000000000001,13.26,0.14,13.557022837242272,0.015171162147467034,0.015171162147467034
2023-06-29 21:00:00+02:00,0.0,12.02,0.14,12.02,0.0,0.0
2023-06-29 22:00:00+02:00,0.0,11.79,0.21,11.79,0.0,0.0
2023-06-29 23:00:00+02:00,0.0,11.57,0.07,11.57,0.0,0.0
2023-06-30 00:00:00+02:00,0.0,10.97,0.21,10.97,0.0,0.0
2023-06-30 01:00:00+02:00,0.0,10.36,0.14,10.36,0.0,0.0
2023-06-30 02:00:00+02:00,0.0,9.37,0.07,9.37,0.0,0.0
2023-06-30 03:00:00+02:00,0.0,9.36,0.0,9.36,0.0,0.0
2023-06-30 04:00:00+02:00,0.0,8.76,0.0,8.76,0.0,0.0
2023-06-30 05:00:00+02:00,0.0,8.48,0.07,8.48,0.0,0.0
2023-06-30 06:00:00+02:00,21.75,8.51,0.14,9.347904891053101,0.12648856695378,0.12648856695378
2023-06-30 07:00:00+02:00,65.49,9.5,0.14,12.022960520232996,0.46573405424744485,0.46573405424744485
2023-06-30 08:00:00+02:00,66.06,10.57,0.21,13.068827374377753,0.4683706857639544,0.4683706857639544
2023-06-30 09:00:00+02:00,62.510000000000005,11.07,0.28,13.392479491142552,0.440302656634749,0.440302656634749
2023-06-30 10:00:00+02:00,77.88000000000001,11.35,0.21,14.295938176151065,0.5575555627080779,0.5575555627080779
2023-06-30 11:00:00+02:00,118.84,11.5,0.28,15.915348947806445,0.8686381205389547,0.8686381205389547
2023-06-30 12:00:00+02:00,174.80999999999997,11.73,0.34,18.12729777205258,1.2874590195699305,1.2874590195699305
2023-06-30 13:00:00+02:00,306.7,12.07,0.55,22.733375286836797,2.250790718397633,2.250790718397633
2023-06-30 14:00:00+02:00,243.78,13.18,0.55,21.655766636534317,1.7885915043858918,1.7885915043858918
2023-06-30 15:00:00+02:00,177.39000000000001,13.1,0.55,19.267512690355332,1.3018088694688763,1.3018088694688763
2023-06-30 16:00:00+02:00,137.4,12.53,0.62,17.228913846406392,1.0062493679607605,1.0062493679607605
2023-06-30 17:00:00+02:00,142.91,12.41,0.83,17.068508599220266,1.0488871658476397,1.0488871658476397
2023-06-30 18:00:00+02:00,84.33000000000001,12.02,1.03,14.651595371537702,0.6065785589419059,0.6065785589419059
2023-06-30 19:00:00+02:00,30.56,11.63,0.97,12.59602475754549,0.1931899936792948,0.1931899936792948
2023-06-30 20:00:00+02:00,9.97,11.2,0.83,11.524997066225078,0.033237683057809185,0.033237683057809185
2023-06-30 21:00:00+02:00,0.0,10.72,0.83,10.72,0.0,0.0
2023-06-30 22:00:00+02:00,0.0,10.47,0.83,10.47,0.0,0.0
2023-06-30 23:00:00+02:00,0.0,10.25,0.83,10.25,0.0,0.0
2023-07-01 00:00:00+02:00,0.0,10.06,0.83,10.06,0.0,0.0
2023-07-01 01:00:00+02:00,0.0,9.89,0.83,9.89,0.0,0.0
2023-07-01 02:00:00+02:00,0.0,9.54,0.83,9.54,0.0,0.0
2023-07-01 03:00:00+02:00,0.0,8.96,0.83,8.96,0.0,0.0
2023-07-01 04:00:00+02:00,0.0,8.57,0.76,8.57,0.0,0.0
2023-07-01 05:00:00+02:00,0.0,8.24,0.76,8.24,0.0,0.0
2023-07-01 06:00:00+02:00,16.59,8.09,0.9,8.622481704968544,0.08620895438187956,0.08620895438187956
2023-07-01 07:00:00+02:00,43.050000000000004,8.46,0.97,9.820843122131325,0.2934480525710514,0.2934480525710514
2023-07-01 08:00:00+02:00,155.27,8.52,1.1,13.294013036526872,1.1584462744133224,1.1584462744133224
2023-07-01 09:00:00+02:00,316.29999999999995,9.41,0.97,19.408482683626893,2.34944428788225,2.34944428788225
2023-07-01 10:00:00+02:00,498.51,10.91,1.1,26.237450498093715,3.6295739471524966,3.6295739471524966
2023-07-01 11:00:00+02:00,641.5899999999999,12.48,1.17,31.920471717551237,4.579711096114504,4.579711096114504
2023-07-01 12:00:00+02:00,695.93,13.91,1.24,34.695446334703234,4.917634646993884,4.917634646993884
2023-07-01 13:00:00+02:00,776.52,14.93,1.31,37.79545505942215,5.423776051596753,5.423776051596753
2023-07-01 14:00:00+02:00,777.3900000000001,15.99,1.59,37.65904525638596,5.4325295502651745,5.4325295502651745
2023-07-01 15:00:00+02:00,563.95,16.77,1.72,32.10940073113413,4.022486645085327,4.022486645085327
2023-07-01 16:00:00+02:00,347.03999999999996,16.37,1.45,26.308713557477517,2.518924878327022,2.518924878327022
2023-07-01 17:00:00+02:00,267.93,15.73,1.24,23.732305744050464,1.9549862791992256,1.9549862791992256
2023-07-01 18:00:00+02:00,119.03,15.27,1.03,18.98444085229613,0.860590991812742,0.860590991812742
2023-07-01 19:00:00+02:00,47.18,14.64,0.97,16.131395551734165,0.31809398278603757,0.31809398278603757
2023-07-01 20:00:00+02:00,14.07,13.79,0.83,14.248646812616535,0.06426692397061218,0.06426692397061218
2023-07-01 21:00:00+02:00,0.0,12.76,0.83,12.76,0.0,0.0
2023-07-01 22:00:00+02:00,0.0,12.12,0.83,12.12,0.0,0.0
2023-07-01 23:00:00+02:00,0.0,11.57,0.83,11.57,0.0,0.0
2023-07-02 00:00:00+02:00,0.0,11.01,0.83,11.01,0.0,0.0
2023-07-02 01:00:00+02:00,0.0,10.28,0.76,10.28,0.0,0.0
2023-07-02 02:00:00+02:00,0.0,10.05,0.69,10.05,0.0,0.0
2023-07-02 03:00:00+02:00,0.0,10.47,0.62,10.47,0.0,0.0
2023-07-02 04:00:00+02:00,0.0,10.06,0.69,10.06,0.0,0.0
2023-07-02 05:00:00+02:00,0.0,9.67,0.76,9.67,0.0,0.0
2023-07-02 06:00:00+02:00,12.56,9.63,0.69,10.052616724316614,0.053954528506396836,0.053954528506396836
2023-07-02 07:00:00+02:00,37.82,9.65,0.83,10.88283741671339,0.2513505384844262,0.2513505384844262
2023-07-02 08:00:00+02:00,84.29,10.8,0.97,13.464470772693364,0.608876404238575,0.608876404238575
2023-07-02 09:00:00+02:00,206.84,11.06,1.1,17.419611363915877,1.5344862686740723,1.5344862686740723
2023-07-02 10:00:00+02:00,329.31,12.24,1.1,22.365138359365393,2.4222178375459804,2.4222178375459804
2023-07-02 11:00:00+02:00,409.21000000000004,13.4,1.03,26.169775192540538,2.976549760141517,2.976549760141517
2023-07-02 12:00:00+02:00,474.05,14.37,0.97,29.355079722331105,3.412692438748568,3.412692438748568
2023-07-02 13:00:00+02:00,430.21000000000004,15.34,0.97,28.939264101559043,3.0998077620208018,3.0998077620208018
2023-07-02 14:00:00+02:00,428.74,15.68,0.97,29.23279628763261,3.0858967238474784,3.0858967238474784
2023-07-02 15:00:00+02:00,457.84000000000003,16.25,0.97,30.72266933882939,3.27923763125329,3.27923763125329
2023-07-02 16:00:00+02:00,276.35,16.76,0.97,25.495632910592136,2.004926447041564,2.004926447041564
2023-07-02 17:00:00+02:00,266.55,16.35,0.9,24.90533444601361,1.9366365599294746,1.9366365599294746
2023-07-02 18:00:00+02:00,153.84,16.11,0.97,20.97299897581145,1.1166967740743063,1.1166967740743063
2023-07-02 19:00:00+02:00,57.290000000000006,15.6,0.97,17.410980312820058,0.3938420179446037,0.3938420179446037
2023-07-02 20:00:00+02:00,23.049999999999997,14.7,0.83,15.451372354712946,0.13304249792951042,0.13304249792951042
2023-07-02 21:00:00+02:00,0.0,13.98,0.76,13.98,0.0,0.0
2023-07-02 22:00:00+02:00,0.0,12.67,0.76,12.67,0.0,0.0
2023-07-02 23:00:00+02:00,0.0,12.09,0.76,12.09,0.0,0.0
2023-07-03 00:00:00+02:00,0.0,11.71,0.76,11.71,0.0,0.0
2023-07-03 01:00:00+02:00,0.0,11.52,0.69,11.52,0.0,0.0
2023-07-03 02:00:00+02:00,0.0,11.23,0.69,11.23,0.0,0.0
2023-07-03 03:00:00+02:00,0.0,10.77,0.62,10.77,0.0,0.0
2023-07-03 04:00:00+02:00,0.0,10.39,0.62,10.39,0.0,0.0
2023-07-03 05:00:00+02:00,0.0,10.21,0.48,10.21,0.0,0.0
2023-07-03 06:00:00+02:00,19.790000000000003,9.93,0.48,10.629708660971884,0.11040789499511917,0.11040789499511917
2023-07-03 07:00:00+02:00,49.379999999999995,9.62,0.62,11.308736286284915,0.3412056353183102,0.3412056353183102
2023-07-03 08:00:00+02:00,144.62,10.69,0.69,15.556148938747492,1.0676254670845533,1.0676254670845533
2023-07-03 09:00:00+02:00,289.16999999999996,12.13,0.83,21.55621882049209,2.129027666092969,2.129027666092969
2023-07-03 10:00:00+02:00,421.44,13.37,0.76,27.325706262583445,3.0536672556377815,3.0536672556377815
2023-07-03 11:00:00+02:00,573.88,14.5,0.9,32.91956605469252,4.081514319632103,4.081514319632103
2023-07-03 12:00:00+02:00,707.2099999999999,15.64,0.9,38.33899858775196,4.931344941279365,4.931344941279365
2023-07-03 13:00:00+02:00,758.1,16.54,1.03,40.197209192016274,5.249185747670528,5.249185747670528
2023-07-03 14:00:00+02:00,773.9799999999999,17.15,1.03,41.302759227591025,5.336910778304461,5.336910778304461
2023-07-03 15:00:00+02:00,660.23,17.44,0.97,38.31037060452414,4.604728959096453,4.604728959096453
2023-07-03 16:00:00+02:00,500.84999999999997,17.2,0.97,33.03224803064979,3.559220708646901,3.559220708646901
2023-07-03 17:00:00+02:00,359.25,16.57,1.1,27.615689337104907,2.596466183101453,2.596466183101453
2023-07-03 18:00:00+02:00,158.95999999999998,15.98,1.03,20.940493303209216,1.1553801535766015,1.1553801535766015
2023-07-03 19:00:00+02:00,53.33,15.2,0.97,16.885801712038642,0.36428889864749375,0.36428889864749375
2023-07-03 20:00:00+02:00,23.85,14.29,0.83,15.06745035400884,0.13944682627257823,0.13944682627257823
2023-07-03 21:00:00+02:00,0.0,13.25,0.76,13.25,0.0,0.0
2023-07-03 22:00:00+02:00,0.0,11.85,0.76,11.85,0.0,0.0
2023-07-03 23:00:00+02:00,0.0,11.73,0.69,11.73,0.0,0.0
2023-07-04 00:00:00+02:00,0.0,11.15,0.69,11.15,0.0,0.0
2023-07-04 01:00:00+02:00,0.0,10.65,0.69,10.65,0.0,0.0
2023-07-04 02:00:00+02:00,0.0,10.07,0.62,10.07,0.0,0.0
2023-07-04 03:00:00+02:00,0.0,10.04,0.62,10.04,0.0,0.0
2023-07-04 04:00:00+02:00,0.0,9.57,0.62,9.57,0.0,0.0
2023-07-04 05:00:00+02:00,0.0,9.09,0.55,9.09,0.0,0.0
2023-07-04 06:00:00+02:00,19.27,8.71,0.55,9.379981225227732,0.10696313904254429,0.10696313904254429
2023-07-04 07:00:00+02:00,52.78,8.53,0.48,10.396125473779486,0.36900628138210156,0.36900628138210156
2023-07-04 08:00:00+02:00,140.83,9.95,0.62,14.766215698612896,1.0414379261323328,1.0414379261323328
2023-07-04 09:00:00+02:00,334.98,12.11,0.28,24.5557555581976,2.4454985938777694,2.4454985938777694
2023-07-04 10:00:00+02:00,525.86,13.64,0.07,34.27911958176995,3.7208171600444166,3.7208171600444166
2023-07-04 11:00:00+02:00,649.99,14.89,0.34,38.67685188980297,4.527264221776961,4.527264221776961
2023-07-04 12:00:00+02:00,772.8299999999999,15.85,0.41,43.64524104098631,5.282849875804828,5.282849875804828
2023-07-04 13:00:00+02:00,766.4300000000001,16.52,0.41,44.085061644919506,5.230658711711205,5.230658711711205
2023-07-04 14:00:00+02:00,748.1299999999999,16.3,0.28,44.0958179764594,5.105957002819194,5.105957002819194
2023-07-04 15:00:00+02:00,392.97,16.77,0.14,31.908918852282184,2.7992625841845062,2.7992625841845062
2023-07-04 16:00:00+02:00,383.66,14.84,0.28,29.094399001307814,2.760161136326125,2.760161136326125
2023-07-04 17:00:00+02:00,284.3,15.23,0.28,25.792804660563547,2.0614263137843905,2.0614263137843905
2023-07-04 18:00:00+02:00,150.14999999999998,14.91,0.41,20.310224424911162,1.0914967095741581,1.0914967095741581
2023-07-04 19:00:00+02:00,57.260000000000005,13.94,0.69,15.866674652417933,0.39591801444996094,0.39591801444996094
2023-07-04 20:00:00+02:00,23.26,12.94,0.55,13.748705931437312,0.13569462563298804,0.13569462563298804
2023-07-04 21:00:00+02:00,0.0,13.2,0.14,13.2,0.0,0.0
2023-07-04 22:00:00+02:00,0.0,12.24,0.21,12.24,0.0,0.0
2023-07-04 23:00:00+02:00,0.0,11.42,0.21,11.42,0.0,0.0
2023-07-05 00:00:00+02:00,0.0,10.77,0.21,10.77,0.0,0.0
2023-07-05 01:00:00+02:00,0.0,10.19,0.21,10.19,0.0,0.0
2023-07-05 02:00:00+02:00,0.0,9.74,0.21,9.74,0.0,0.0
2023-07-05 03:00:00+02:00,0.0,9.36,0.21,9.36,0.0,0.0
2023-07-05 04:00:00+02:00,0.0,9.13,0.21,9.13,0.0,0.0
2023-07-05 05:00:00+02:00,0.0,9.03,0.21,9.03,0.0,0.0
2023-07-05 06:00:00+02:00,18.86,8.86,0.34,9.550195274760663,0.10365419133407547,0.10365419133407547
2023-07-05 07:00:00+02:00,51.269999999999996,9.15,0.34,11.026262552331879,0.35633939502437895,0.35633939502437895
2023-07-05 08:00:00+02:00,144.69,10.51,0.41,15.713852627641668,1.0675693969095443,1.0675693969095443
2023-07-05 09:00:00+02:00,292.78999999999996,12.66,0.41,23.19034771475018,2.1437293259074104,2.1437293259074104
2023-07-05 10:00:00+02:00,385.86,13.67,0.62,26.865945391370964,2.7983231006838003,2.7983231006838003
2023-07-05 11:00:00+02:00,568.02,14.15,0.76,32.95960580693017,4.039183681673347,4.039183681673347
2023-07-05 12:00:00+02:00,682.9399999999999,15.09,0.55,38.834524024754884,4.753774840176751,4.753774840176751
2023-07-05 13:00:00+02:00,705.95,15.75,0.62,39.89263631637985,4.894560286915036,4.894560286915036
2023-07-05 14:00:00+02:00,628.9,16.03,0.62,37.53761949057481,4.39874129758131,4.39874129758131
2023-07-05 15:00:00+02:00,527.2900000000001,15.29,0.69,33.032163420772825,3.7478569581972376,3.7478569581972376
2023-07-05 16:00:00+02:00,314.98999999999995,14.99,0.76,25.42068506940765,2.290628990317684,2.290628990317684
2023-07-05 17:00:00+02:00,279.15,14.03,0.9,22.989750930799843,2.043702156076165,2.043702156076165
2023-07-05 18:00:00+02:00,157.4,13.98,1.1,18.819503136145617,1.1523088053933705,1.1523088053933705
2023-07-05 19:00:00+02:00,57.089999999999996,13.03,0.9,14.862391834638592,0.39610599788687545,0.39610599788687545
2023-07-05 20:00:00+02:00,23.78,12.24,0.9,13.003255873667994,0.14018785592209485,0.14018785592209485
2023-07-05 21:00:00+02:00,0.0,11.79,0.76,11.79,0.0,0.0
2023-07-05 22:00:00+02:00,0.0,10.4,0.69,10.4,0.0,0.0
2023-07-05 23:00:00+02:00,0.0,10.2,0.62,10.2,0.0,0.0
2023-07-06 00:00:00+02:00,0.0,9.81,0.55,9.81,0.0,0.0
2023-07-06 01:00:00+02:00,0.0,9.36,0.55,9.36,0.0,0.0
2023-07-06 02:00:00+02:00,0.0,9.07,0.41,9.07,0.0,0.0
2023-07-06 03:00:00+02:00,0.0,8.53,0.48,8.53,0.0,0.0
2023-07-06 04:00:00+02:00,0.0,8.32,0.41,8.32,0.0,0.0
2023-07-06 05:00:00+02:00,0.0,7.97,0.48,7.97,0.0,0.0
2023-07-06 06:00:00+02:00,21.64,7.68,0.41,8.4582940829509,0.12612576958327057,0.12612576958327057
2023-07-06 07:00:00+02:00,53.03,7.96,0.41,9.86725208959733,0.3716951875523839,0.3716951875523839
2023-07-06 08:00:00+02:00,166.2,9.4,0.48,15.276279911749732,1.2343391546252565,1.2343391546252565
2023-07-06 09:00:00+02:00,365.7,11.59,0.62,24.096497770238845,2.676816411513242,2.676816411513242
2023-07-06 10:00:00+02:00,477.98999999999995,13.27,0.69,29.35332548217338,3.441225377722649,3.441225377722649
2023-07-06 11:00:00+02:00,637.3000000000001,14.06,0.69,35.50376101966379,4.490668131200112,4.490668131200112
2023-07-06 12:00:00+02:00,715.65,14.94,0.55,39.8217884708991,4.962956962440818,4.962956962440818
2023-07-06 13:00:00+02:00,672.5699999999999,15.11,0.55,38.493978860997146,4.687545215359836,4.687545215359836
2023-07-06 14:00:00+02:00,700.7700000000001,15.42,0.41,40.623564903396584,4.8456298269335205,4.8456298269335205
2023-07-06 15:00:00+02:00,577.49,15.73,0.48,36.148128076031,4.059418761457894,4.059418761457894
2023-07-06 16:00:00+02:00,323.62,15.14,0.69,26.02911021682661,2.34918043621692,2.34918043621692
2023-07-06 17:00:00+02:00,283.62,13.55,0.55,23.410927612822476,2.0738942351120326,2.0738942351120326
2023-07-06 18:00:00+02:00,140.47,13.29,0.48,18.25655258245177,1.0259218610437804,1.0259218610437804
2023-07-06 19:00:00+02:00,62.08,13.1,0.48,15.294942580754652,0.43389154668423124,0.43389154668423124
2023-07-06 20:00:00+02:00,22.020000000000003,12.69,0.48,13.468554053289585,0.12624404779818352,0.12624404779818352
2023-07-06 21:00:00+02:00,0.0,13.01,0.14,13.01,0.0,0.0
2023-07-06 22:00:00+02:00,0.0,11.95,0.28,11.95,0.0,0.0
2023-07-06 23:00:00+02:00,0.0,10.74,0.14,10.74,0.0,0.0
2023-07-07 00:00:00+02:00,0.0,9.86,0.0,9.86,0.0,0.0
2023-07-07 01:00:00+02:00,0.0,9.03,0.14,9.03,0.0,0.0
2023-07-07 02:00:00+02:00,0.0,8.54,0.21,8.54,0.0,0.0
2023-07-07 03:00:00+02:00,0.0,8.36,0.21,8.36,0.0,0.0
2023-07-07 04:00:00+02:00,0.0,7.97,0.14,7.97,0.0,0.0
2023-07-07 05:00:00+02:00,0.0,7.39,0.21,7.39,0.0,0.0
2023-07-07 06:00:00+02:00,20.34,6.45,0.21,7.219393714726665,0.11652691301840362,0.11652691301840362
2023-07-07 07:00:00+02:00,51.17,7.27,0.14,9.241291644836194,0.35793960587037116,0.35793960587037116
2023-07-07 08:00:00+02:00,164.99,10.29,0.07,16.765579697630972,1.218670918532072,1.218670918532072
2023-07-07 09:00:00+02:00,385.09,14.19,0.48,27.805503196243706,2.7833530687814902,2.7833530687814902
2023-07-07 10:00:00+02:00,591.6999999999999,15.67,0.48,36.590546472817785,4.152743133786188,4.152743133786188
2023-07-07 11:00:00+02:00,747.09,17.05,0.62,42.59957456704331,5.127408741386535,5.127408741386535
2023-07-07 12:00:00+02:00,825.0600000000001,18.06,0.62,46.27605428032065,5.583010968541312,5.583010968541312
2023-07-07 13:00:00+02:00,807.91,18.75,0.62,46.379545019288116,5.46535725480373,5.46535725480373
2023-07-07 14:00:00+02:00,734.48,19.01,0.76,43.33181837448342,5.027379477837074,5.027379477837074
2023-07-07 15:00:00+02:00,675.71,18.78,0.83,40.80645613028569,4.669445015704804,4.669445015704804
2023-07-07 16:00:00+02:00,512.25,18.5,1.03,34.485233357881995,3.6214484253823582,3.6214484253823582
2023-07-07 17:00:00+02:00,279.66,17.69,1.03,26.41704804463695,2.0226929679521395,2.0226929679521395
2023-07-07 18:00:00+02:00,165.05,16.88,0.9,22.17753498523559,1.195924914342646,1.195924914342646
2023-07-07 19:00:00+02:00,51.269999999999996,16.13,0.9,17.775589934523044,0.3473160384194552,0.3473160384194552
2023-07-07 20:00:00+02:00,23.919999999999998,15.47,0.83,16.24973217894723,0.1392488551981768,0.1392488551981768
2023-07-07 21:00:00+02:00,0.0,15.02,0.76,15.02,0.0,0.0
2023-07-07 22:00:00+02:00,0.0,14.21,0.48,14.21,0.0,0.0
2023-07-07 23:00:00+02:00,0.0,13.49,0.41,13.49,0.0,0.0
2023-07-08 00:00:00+02:00,0.0,12.8,0.34,12.8,0.0,0.0
2023-07-08 01:00:00+02:00,0.0,12.19,0.41,12.19,0.0,0.0
2023-07-08 02:00:00+02:00,0.0,11.52,0.41,11.52,0.0,0.0
2023-07-08 03:00:00+02:00,0.0,10.48,0.28,10.48,0.0,0.0
2023-07-08 04:00:00+02:00,0.0,10.01,0.34,10.01,0.0,0.0
2023-07-08 05:00:00+02:00,0.0,9.57,0.28,9.57,0.0,0.0
2023-07-08 06:00:00+02:00,18.48,8.96,0.21,9.659036177391778,0.10061417150463396,0.10061417150463396
2023-07-08 07:00:00+02:00,59.05,9.41,0.28,11.603927594816312,0.41623934174592225,0.41623934174592225
2023-07-08 08:00:00+02:00,95.89999999999999,11.43,0.48,14.820705436442834,0.6953606618328552,0.6953606618328552
2023-07-08 09:00:00+02:00,173.65999999999997,12.75,0.34,19.10521269432327,1.2743109621473,1.2743109621473
2023-07-08 10:00:00+02:00,237.18,13.52,0.48,21.905896928211803,1.7376176066568865,1.7376176066568865
2023-07-08 11:00:00+02:00,398.61,14.09,0.48,28.183525485093625,2.8781079880230807,2.8781079880230807
2023-07-08 12:00:00+02:00,627.9300000000001,15.32,0.76,36.11348574758928,4.414853670260828,4.414853670260828
2023-07-08 13:00:00+02:00,655.5400000000001,16.84,0.83,38.20896457303796,4.573745127400345,4.573745127400345
2023-07-08 14:00:00+02:00,629.71,17.8,0.55,39.69381823238996,4.369638408511456,4.369638408511456
2023-07-08 15:00:00+02:00,647.55,18.27,0.28,42.32889608845559,4.449745641674331,4.449745641674331
2023-07-08 16:00:00+02:00,494.1,18.93,0.07,38.32259305775783,3.4438231092884997,3.4438231092884997
2023-07-08 17:00:00+02:00,313.06,19.03,0.14,31.090437020371684,2.230500157173886,2.230500157173886
2023-07-08 18:00:00+02:00,164.79,18.83,0.34,24.860608660011124,1.1824892579055188,1.1824892579055188
2023-07-08 19:00:00+02:00,42.64,18.55,0.28,20.134234930448223,0.2787595147838971,0.2787595147838971
2023-07-08 20:00:00+02:00,21.3,17.91,0.21,18.71570728238338,0.11774028563264723,0.11774028563264723
2023-07-08 21:00:00+02:00,0.0,16.65,0.41,16.65,0.0,0.0
2023-07-08 22:00:00+02:00,0.0,15.76,0.41,15.76,0.0,0.0
2023-07-08 23:00:00+02:00,0.0,14.88,0.34,14.88,0.0,0.0
2023-07-09 00:00:00+02:00,0.0,14.11,0.41,14.11,0.0,0.0
2023-07-09 01:00:00+02:00,0.0,13.23,0.34,13.23,0.0,0.0
2023-07-09 02:00:00+02:00,0.0,12.06,0.34,12.06,0.0,0.0
2023-07-09 03:00:00+02:00,0.0,11.39,0.34,11.39,0.0,0.0
2023-07-09 04:00:00+02:00,0.0,10.36,0.34,10.36,0.0,0.0
2023-07-09 05:00:00+02:00,0.0,9.97,0.28,9.97,0.0,0.0
2023-07-09 06:00:00+02:00,19.89,9.44,0.28,10.178987635239567,0.11142525192244332,0.11142525192244332
2023-07-09 07:00:00+02:00,55.47,9.87,0.21,11.968243331164606,0.3877959006086811,0.3877959006086811
2023-07-09 08:00:00+02:00,166.96,12.68,0.21,18.995534641630478,1.224041823776269,1.224041823776269
2023-07-09 09:00:00+02:00,376.11,17.18,0.07,31.9416842237468,2.6776690203661317,2.6776690203661317
2023-07-09 10:00:00+02:00,583.1299999999999,19.99,0.07,42.87687065324897,3.998497886728217,3.998497886728217
2023-07-09 11:00:00+02:00,733.86,21.23,0.14,49.501488889573764,4.907514446111457,4.907514446111457
2023-07-09 12:00:00+02:00,818.86,22.19,0.14,53.736059728172094,5.3856027200688255,5.3856027200688255
2023-07-09 13:00:00+02:00,855.73,22.86,0.28,54.65355902984187,5.606984544973776,5.606984544973776
2023-07-09 14:00:00+02:00,720.29,23.35,0.34,49.7095309892555,4.813114647325669,4.813114647325669
2023-07-09 15:00:00+02:00,640.63,23.36,0.28,47.16179229580311,4.322905524450554,4.322905524450554
2023-07-09 16:00:00+02:00,493.61,23.36,0.55,40.52188025867464,3.412469736830098,3.412469736830098
2023-07-09 17:00:00+02:00,333.65999999999997,22.64,0.34,34.850527856661884,2.3469806260012334,2.3469806260012334
2023-07-09 18:00:00+02:00,162.71,22.16,0.21,28.314771451483562,1.152438365431787,1.152438365431787
2023-07-09 19:00:00+02:00,47.83,21.39,0.28,23.167062774937584,0.31431137134098186,0.31431137134098186
2023-07-09 20:00:00+02:00,21.03,20.45,0.07,21.275392090679308,0.11427715830007684,0.11427715830007684
2023-07-09 21:00:00+02:00,0.0,19.85,0.21,19.85,0.0,0.0
2023-07-09 22:00:00+02:00,0.0,18.72,0.28,18.72,0.0,0.0
2023-07-09 23:00:00+02:00,0.0,17.74,0.21,17.74,0.0,0.0
2023-07-10 00:00:00+02:00,0.0,16.75,0.21,16.75,0.0,0.0
2023-07-10 01:00:00+02:00,0.0,15.88,0.28,15.88,0.0,0.0
2023-07-10 02:00:00+02:00,0.0,15.22,0.28,15.22,0.0,0.0
2023-07-10 03:00:00+02:00,0.0,14.6,0.34,14.6,0.0,0.0
2023-07-10 04:00:00+02:00,0.0,14.12,0.34,14.12,0.0,0.0
2023-07-10 05:00:00+02:00,0.0,13.64,0.34,13.64,0.0,0.0
2023-07-10 06:00:00+02:00,19.65,13.2,0.34,13.91910589337471,0.10762392496871098,0.10762392496871098
2023-07-10 07:00:00+02:00,44.74,13.17,0.34,14.807292502268934,0.3008924193359823,0.3008924193359823
2023-07-10 08:00:00+02:00,154.22,14.57,0.34,20.213791902099132,1.1226008018403972,1.1226008018403972
2023-07-10 09:00:00+02:00,337.16999999999996,19.04,0.14,32.02925940764939,2.3965858255905634,2.3965858255905634
2023-07-10 10:00:00+02:00,550.47,20.38,0.21,41.20242665415866,3.7976532668713427,3.7976532668713427
2023-07-10 11:00:00+02:00,680.9399999999999,21.51,0.55,45.184987831166126,4.629292985913792,4.629292985913792
2023-07-10 12:00:00+02:00,769.71,22.2,0.76,47.68843647345555,5.182213743304103,5.182213743304103
2023-07-10 13:00:00+02:00,789.0600000000001,22.8,0.76,48.92919889795486,5.2870619621240715,5.2870619621240715
2023-07-10 14:00:00+02:00,682.26,23.08,0.83,45.319969749520816,4.635902531054125,4.635902531054125
2023-07-10 15:00:00+02:00,543.18,22.94,0.76,40.92704567129384,3.7510421757739287,3.7510421757739287
2023-07-10 16:00:00+02:00,496.70000000000005,22.51,0.62,39.49653935596838,3.4470408315258982,3.4470408315258982
2023-07-10 17:00:00+02:00,348.28,22.41,0.69,34.128865664410014,2.457686280610788,2.457686280610788
2023-07-10 18:00:00+02:00,165.89000000000001,22.13,0.55,27.897679577219943,1.1775690373864074,1.1775690373864074
2023-07-10 19:00:00+02:00,48.83,21.74,0.48,23.466466595010463,0.32142934709850435,0.32142934709850435
2023-07-10 20:00:00+02:00,21.439999999999998,20.83,0.34,21.614612231753373,0.11718499967852072,0.11718499967852072
2023-07-10 21:00:00+02:00,0.0,18.86,0.28,18.86,0.0,0.0
2023-07-10 22:00:00+02:00,0.0,17.98,0.07,17.98,0.0,0.0
2023-07-10 23:00:00+02:00,0.0,16.96,0.14,16.96,0.0,0.0
2023-07-11 00:00:00+02:00,0.0,16.06,0.14,16.06,0.0,0.0
2023-07-11 01:00:00+02:00,0.0,15.23,0.14,15.23,0.0,0.0
2023-07-11 02:00:00+02:00,0.0,14.63,0.21,14.63,0.0,0.0
2023-07-11 03:00:00+02:00,0.0,13.86,0.21,13.86,0.0,0.0
2023-07-11 04:00:00+02:00,0.0,13.46,0.21,13.46,0.0,0.0
2023-07-11 05:00:00+02:00,0.0,13.1,0.28,13.1,0.0,0.0
2023-07-11 06:00:00+02:00,18.029999999999998,12.84,0.28,13.509881702532399,0.09526502032483927,0.09526502032483927
2023-07-11 07:00:00+02:00,41.13,13.17,0.21,14.725809414292415,0.27311662835511785,0.27311662835511785
2023-07-11 08:00:00+02:00,155.08,14.99,0.14,20.964358184115635,1.1260683187222924,1.1260683187222924
2023-07-11 09:00:00+02:00,352.58,18.56,0.41,31.24072679144308,2.514706994653084,2.514706994653084
2023-07-11 10:00:00+02:00,551.86,20.24,0.55,39.427121896947355,3.8324246437957994,3.8324246437957994
2023-07-11 11:00:00+02:00,747.1800000000001,21.61,0.48,48.02780279459184,5.024494671842719,5.024494671842719
2023-07-11 12:00:00+02:00,772.09,22.83,0.62,49.23454433531231,5.167728405612938,5.167728405612938
2023-07-11 13:00:00+02:00,833.2500000000001,23.39,0.83,50.55186614162962,5.547429870844078,5.547429870844078
2023-07-11 14:00:00+02:00,778.57,23.65,0.69,49.847189733374606,5.19878842656252,5.19878842656252
2023-07-11 15:00:00+02:00,714.99,23.61,0.83,46.91688589571408,4.8287904018726975,4.8287904018726975
2023-07-11 16:00:00+02:00,534.1800000000001,23.66,0.62,41.92831003255725,3.6749362122898925,3.6749362122898925
2023-07-11 17:00:00+02:00,356.27000000000004,23.55,0.97,34.811964671817115,2.508481156605116,2.508481156605116
2023-07-11 18:00:00+02:00,180.83999999999997,22.75,1.03,28.393278868598102,1.2850647299462732,1.2850647299462732
2023-07-11 19:00:00+02:00,58.47,21.63,1.17,23.401667858484732,0.3937331022005732,0.3937331022005732
2023-07-11 20:00:00+02:00,28.77,19.81,0.55,20.810278144774355,0.1730975120773451,0.1730975120773451
2023-07-11 21:00:00+02:00,0.0,18.82,0.28,18.82,0.0,0.0
2023-07-11 22:00:00+02:00,0.0,17.73,0.21,17.73,0.0,0.0
2023-07-11 23:00:00+02:00,0.0,16.79,0.41,16.79,0.0,0.0
2023-07-12 00:00:00+02:00,0.0,15.85,0.34,15.85,0.0,0.0
2023-07-12 01:00:00+02:00,0.0,15.15,0.34,15.15,0.0,0.0
2023-07-12 02:00:00+02:00,0.0,14.83,0.21,14.83,0.0,0.0
2023-07-12 03:00:00+02:00,0.0,14.13,0.14,14.13,0.0,0.0
2023-07-12 04:00:00+02:00,0.0,13.81,0.14,13.81,0.0,0.0
2023-07-12 05:00:00+02:00,0.0,13.6,0.28,13.6,0.0,0.0
2023-07-12 06:00:00+02:00,15.72,12.99,0.28,13.574056592557366,0.07731527647186727,0.07731527647186727
2023-07-12 07:00:00+02:00,41.919999999999995,13.07,0.14,14.684941288871082,0.2792607759066421,0.2792607759066421
2023-07-12 08:00:00+02:00,142.86,13.75,0.28,19.057781476637736,1.041117686514529,1.041117686514529
2023-07-12 09:00:00+02:00,226.31,15.51,0.41,23.6493592381062,1.6460139678457282,1.6460139678457282
2023-07-12 10:00:00+02:00,367.97,16.43,0.62,29.01412902519767,2.646906314170021,2.646906314170021
2023-07-12 11:00:00+02:00,511.96000000000004,17.3,0.55,35.09987483485154,3.611303706512447,3.611303706512447
2023-07-12 12:00:00+02:00,267.53,18.11,0.34,27.900452908627805,1.9231409821571182,1.9231409821571182
2023-07-12 13:00:00+02:00,284.78000000000003,17.4,0.14,28.370968040188615,2.0459647766254587,2.0459647766254587
2023-07-12 14:00:00+02:00,486.67999999999995,17.66,0.34,35.47040489504347,3.4275422594022076,3.4275422594022076
2023-07-12 15:00:00+02:00,536.74,18.45,0.34,38.09238662646017,3.7454960580298304,3.7454960580298304
2023-07-12 16:00:00+02:00,343.83,18.66,0.21,31.665931216050595,2.447767082608192,2.447767082608192
2023-07-12 17:00:00+02:00,165.63,17.76,0.69,23.333089812783484,1.1953003004234604,1.1953003004234604
2023-07-12 18:00:00+02:00,75.38000000000001,16.27,0.55,18.890819136360477,0.529224108303761,0.529224108303761
2023-07-12 19:00:00+02:00,30.56,15.31,0.55,16.3725130380363,0.1901784238809871,0.1901784238809871
2023-07-12 20:00:00+02:00,10.74,14.56,0.55,14.933409359571657,0.03829750524649592,0.03829750524649592
2023-07-12 21:00:00+02:00,0.0,13.66,1.31,13.66,0.0,0.0
2023-07-12 22:00:00+02:00,0.0,13.1,0.69,13.1,0.0,0.0
2023-07-12 23:00:00+02:00,0.0,13.07,0.55,13.07,0.0,0.0
2023-07-13 00:00:00+02:00,0.0,12.69,0.69,12.69,0.0,0.0
2023-07-13 01:00:00+02:00,0.0,12.45,0.69,12.45,0.0,0.0
2023-07-13 02:00:00+02:00,0.0,12.15,0.83,12.15,0.0,0.0
2023-07-13 03:00:00+02:00,0.0,11.86,0.83,11.86,0.0,0.0
2023-07-13 04:00:00+02:00,0.0,11.44,0.9,11.44,0.0,0.0
2023-07-13 05:00:00+02:00,0.0,11.35,0.83,11.35,0.0,0.0
2023-07-13 06:00:00+02:00,9.97,11.2,0.83,11.524997066225078,0.033237683057809185,0.033237683057809185
2023-07-13 07:00:00+02:00,45.080000000000005,11.6,0.76,13.092794320228887,0.3055323185822053,0.3055323185822053
2023-07-13 08:00:00+02:00,109.15,12.08,0.76,15.69442990357105,0.7949344125626232,0.7949344125626232
2023-07-13 09:00:00+02:00,220.71,12.79,0.83,19.98459403074596,1.6253050613802769,1.6253050613802769
2023-07-13 10:00:00+02:00,318.74,13.54,1.1,23.340147583323084,2.335425717026891,2.335425717026891
2023-07-13 11:00:00+02:00,451.81,14.21,1.17,27.900050541166205,3.2686065415679537,3.2686065415679537
2023-07-13 12:00:00+02:00,493.12999999999994,15.06,1.03,30.448576136207606,3.536866932712612,3.536866932712612
2023-07-13 13:00:00+02:00,652.79,15.54,0.97,36.175186566692375,4.588538939895059,4.588538939895059
2023-07-13 14:00:00+02:00,709.89,16.51,1.03,38.662771709959685,4.94411920846258,4.94411920846258
2023-07-13 15:00:00+02:00,612.9300000000001,16.89,1.17,35.462060552437976,4.319593864079004,4.319593864079004
2023-07-13 16:00:00+02:00,452.32,16.77,1.17,30.475503775437232,3.2423344717191136,3.2423344717191136
2023-07-13 17:00:00+02:00,367.54999999999995,16.95,1.38,27.622431415363884,2.6570548336054918,2.6570548336054918
2023-07-13 18:00:00+02:00,178.18,16.62,1.03,22.180271117047173,1.2943108567996071,1.2943108567996071
2023-07-13 19:00:00+02:00,43.53,15.94,1.03,17.298393768801567,0.2887251957270611,0.2887251957270611
2023-07-13 20:00:00+02:00,21.75,15.15,0.9,15.848099884452433,0.12279823414755282,0.12279823414755282
2023-07-13 21:00:00+02:00,0.0,14.63,0.69,14.63,0.0,0.0
2023-07-13 22:00:00+02:00,0.0,13.81,0.62,13.81,0.0,0.0
2023-07-13 23:00:00+02:00,0.0,13.09,0.48,13.09,0.0,0.0
2023-07-14 00:00:00+02:00,0.0,12.19,0.34,12.19,0.0,0.0
2023-07-14 01:00:00+02:00,0.0,11.39,0.21,11.39,0.0,0.0
2023-07-14 02:00:00+02:00,0.0,10.61,0.07,10.61,0.0,0.0
2023-07-14 03:00:00+02:00,0.0,9.54,0.0,9.54,0.0,0.0
2023-07-14 04:00:00+02:00,0.0,8.37,0.07,8.37,0.0,0.0
2023-07-14 05:00:00+02:00,0.0,7.93,0.14,7.93,0.0,0.0
2023-07-14 06:00:00+02:00,19.38,7.81,0.28,8.530039234335987,0.10825840051293185,0.10825840051293185
2023-07-14 07:00:00+02:00,55.06,8.1,0.28,10.145684223041256,0.3872187747791472,0.3872187747791472
2023-07-14 08:00:00+02:00,151.64,10.5,0.41,15.953813065557968,1.119910897517204,1.119910897517204
2023-07-14 09:00:00+02:00,250.15,13.28,0.97,21.187431056937296,1.839329568077234,1.839329568077234
2023-07-14 10:00:00+02:00,391.73,14.26,1.03,26.48429568234868,2.8451498518284812,2.8451498518284812
2023-07-14 11:00:00+02:00,455.21,15.53,1.1,29.52612593776903,3.274303874925383,3.274303874925383
2023-07-14 12:00:00+02:00,473.88,16.42,1.03,31.207862144720583,3.3888778802547574,3.3888778802547574
2023-07-14 13:00:00+02:00,617.01,16.9,0.97,36.404153653571385,4.333470246744052,4.333470246744052
2023-07-14 14:00:00+02:00,664.65,17.41,0.9,38.742969572474,4.628173031160777,4.628173031160777
2023-07-14 15:00:00+02:00,576.0500000000001,18.35,0.62,38.05021340045417,4.021176298546921,4.021176298546921
2023-07-14 16:00:00+02:00,429.8,18.16,0.41,33.61798506711168,3.0450289446422594,3.0450289446422594
2023-07-14 17:00:00+02:00,270.56,18.24,0.69,27.34375644355913,1.9492293465201893,1.9492293465201893
2023-07-14 18:00:00+02:00,144.73000000000002,17.57,0.69,22.4398501998681,1.042571176720056,1.042571176720056
2023-07-14 19:00:00+02:00,39.98,17.13,0.69,18.4752401781989,0.26032694698968134,0.26032694698968134
2023-07-14 20:00:00+02:00,18.51,16.56,0.62,17.193019616426362,0.09720945249521248,0.09720945249521248
2023-07-14 21:00:00+02:00,0.0,14.81,0.55,14.81,0.0,0.0
2023-07-14 22:00:00+02:00,0.0,14.04,0.41,14.04,0.0,0.0
2023-07-14 23:00:00+02:00,0.0,13.64,0.34,13.64,0.0,0.0
2023-07-15 00:00:00+02:00,0.0,13.16,0.28,13.16,0.0,0.0
2023-07-15 01:00:00+02:00,0.0,12.66,0.21,12.66,0.0,0.0
2023-07-15 02:00:00+02:00,0.0,12.18,0.21,12.18,0.0,0.0
2023-07-15 03:00:00+02:00,0.0,12.04,0.21,12.04,0.0,0.0
2023-07-15 04:00:00+02:00,0.0,11.65,0.21,11.65,0.0,0.0
2023-07-15 05:00:00+02:00,0.0,11.04,0.28,11.04,0.0,0.0
2023-07-15 06:00:00+02:00,18.0,10.34,0.28,11.00876709071454,0.09620753850904137,0.09620753850904137
2023-07-15 07:00:00+02:00,57.81,10.39,0.41,12.469167326034729,0.40526630108671935,0.40526630108671935
2023-07-15 08:00:00+02:00,127.41000000000001,11.88,0.69,16.167069812514303,0.9335233565426081,0.9335233565426081
2023-07-15 09:00:00+02:00,260.36,13.79,1.24,21.56621141164102,1.9133373156305307,1.9133373156305307
2023-07-15 10:00:00+02:00,417.15,15.23,1.31,27.51342422350738,3.020326330579493,3.020326330579493
2023-07-15 11:00:00+02:00,635.24,16.37,1.17,35.61806380064722,4.474298520040165,4.474298520040165
2023-07-15 12:00:00+02:00,718.27,17.64,1.24,39.09267848609386,4.994455785975474,4.994455785975474
2023-07-15 13:00:00+02:00,621.3799999999999,18.61,1.24,37.168850234158455,4.352002403550475,4.352002403550475
2023-07-15 14:00:00+02:00,632.03,18.87,1.24,37.74693539137915,4.417246941631514,4.417246941631514
2023-07-15 15:00:00+02:00,524.95,19.05,1.17,34.95622613838826,3.7052257069421857,3.7052257069421857
2023-07-15 16:00:00+02:00,377.51,17.89,0.97,29.823377166917446,2.708376037971411,2.708376037971411
2023-07-15 17:00:00+02:00,266.79,18.09,1.03,26.415427833185625,1.9279808080929892,1.9279808080929892
2023-07-15 18:00:00+02:00,138.76999999999998,17.47,0.97,21.856624856171052,1.0000061934173217,1.0000061934173217
2023-07-15 19:00:00+02:00,52.309999999999995,16.37,0.83,18.075175178960272,0.35485169237088837,0.35485169237088837
2023-07-15 20:00:00+02:00,16.86,15.74,0.76,16.29830772491258,0.0849597504033525,0.0849597504033525
2023-07-15 21:00:00+02:00,0.0,15.13,0.62,15.13,0.0,0.0
2023-07-15 22:00:00+02:00,0.0,14.18,0.34,14.18,0.0,0.0
2023-07-15 23:00:00+02:00,0.0,13.88,0.21,13.88,0.0,0.0
2023-07-16 00:00:00+02:00,0.0,13.45,0.14,13.45,0.0,0.0
2023-07-16 01:00:00+02:00,0.0,13.13,0.07,13.13,0.0,0.0
2023-07-16 02:00:00+02:00,0.0,12.97,0.14,12.97,0.0,0.0
2023-07-16 03:00:00+02:00,0.0,13.07,0.21,13.07,0.0,0.0
2023-07-16 04:00:00+02:00,0.0,12.93,0.34,12.93,0.0,0.0
2023-07-16 05:00:00+02:00,0.0,12.84,0.34,12.84,0.0,0.0
2023-07-16 06:00:00+02:00,9.6,12.61,0.34,12.961318909740315,0.02998689969793753,0.02998689969793753
2023-07-16 07:00:00+02:00,45.59,12.86,0.28,14.553838425870882,0.307753879592686,0.307753879592686
2023-07-16 08:00:00+02:00,119.42999999999999,13.59,0.07,18.277426409407035,0.8658238497300121,0.8658238497300121
2023-07-16 09:00:00+02:00,311.10999999999996,14.67,0.83,24.811407951181984,2.266911605461817,2.266911605461817
2023-07-16 10:00:00+02:00,395.66999999999996,16.25,0.9,28.94964051868019,2.848873585771476,2.848873585771476
2023-07-16 11:00:00+02:00,452.49,17.27,0.83,32.020042376748854,3.225570095193315,3.225570095193315
2023-07-16 12:00:00+02:00,603.5600000000001,17.93,0.76,37.91648935042916,4.215559596066692,4.215559596066692
2023-07-16 13:00:00+02:00,554.05,18.69,0.76,37.036998516477695,3.8816673898217564,3.8816673898217564
2023-07-16 14:00:00+02:00,553.0399999999998,18.4,0.62,37.31329922573937,3.8706506747442644,3.8706506747442644
2023-07-16 15:00:00+02:00,446.52,18.39,0.48,34.17746393618827,3.1579295733150414,3.1579295733150414
2023-07-16 16:00:00+02:00,323.06,17.94,0.41,29.559024327084924,2.315584610914377,2.315584610914377
2023-07-16 17:00:00+02:00,219.76999999999998,17.36,0.55,25.000984632501215,1.5896306556146211,1.5896306556146211
2023-07-16 18:00:00+02:00,116.42,16.65,0.21,21.053776611036298,0.834511433526397,0.834511433526397
2023-07-16 19:00:00+02:00,55.03,16.09,0.21,18.171599612655278,0.37546820281843685,0.37546820281843685
2023-07-16 20:00:00+02:00,14.73,15.96,0.14,16.527463864147688,0.0684992137197038,0.0684992137197038
2023-07-16 21:00:00+02:00,0.0,15.73,0.28,15.73,0.0,0.0
2023-07-16 22:00:00+02:00,0.0,15.04,0.07,15.04,0.0,0.0
2023-07-16 23:00:00+02:00,0.0,14.16,0.14,14.16,0.0,0.0
2023-07-17 00:00:00+02:00,0.0,14.03,0.28,14.03,0.0,0.0
2023-07-17 01:00:00+02:00,0.0,13.55,0.41,13.55,0.0,0.0
2023-07-17 02:00:00+02:00,0.0,13.15,0.48,13.15,0.0,0.0
2023-07-17 03:00:00+02:00,0.0,13.14,0.62,13.14,0.0,0.0
2023-07-17 04:00:00+02:00,0.0,12.72,0.69,12.72,0.0,0.0
2023-07-17 05:00:00+02:00,0.0,12.62,0.55,12.62,0.0,0.0
2023-07-17 06:00:00+02:00,14.379999999999999,12.5,0.41,13.017184330537614,0.0671288206305049,0.0671288206305049
2023-07-17 07:00:00+02:00,57.78,12.35,0.41,14.428088360115664,0.4020822451393817,0.4020822451393817
2023-07-17 08:00:00+02:00,154.88000000000002,14.06,0.62,19.356708708380072,1.131032859310832,1.131032859310832
2023-07-17 09:00:00+02:00,316.21999999999997,16.03,0.48,27.210488770719014,2.285069213512972,2.285069213512972
2023-07-17 10:00:00+02:00,459.6,17.4,0.55,33.37941728669772,3.2604939617807123,3.2604939617807123
2023-07-17 11:00:00+02:00,629.46,18.81,0.97,38.7077075878463,4.383798768301041,4.383798768301041
2023-07-17 12:00:00+02:00,618.5000000000001,19.89,1.38,37.84918604381055,4.321046679166372,4.321046679166372
2023-07-17 13:00:00+02:00,711.7199999999999,20.28,1.52,40.386902318853686,4.925492405195501,4.925492405195501
2023-07-17 14:00:00+02:00,659.08,20.8,1.59,39.17126068971669,4.582199258649719,4.582199258649719
2023-07-17 15:00:00+02:00,577.42,20.92,1.24,38.165890280034404,4.029044401944258,4.029044401944258
2023-07-17 16:00:00+02:00,508.94,20.77,1.59,34.95624357502035,3.591791597817063,3.591791597817063
2023-07-17 17:00:00+02:00,330.18,20.67,1.45,30.125868033678906,2.362486787733014,2.362486787733014
2023-07-17 18:00:00+02:00,160.01,20.2,0.76,25.498625092720143,1.1443347334618308,1.1443347334618308
2023-07-17 19:00:00+02:00,40.44,19.56,0.76,20.899143795697785,0.26127669281615384,0.26127669281615384
2023-07-17 20:00:00+02:00,17.82,18.71,0.62,19.319422450822138,0.09093301868116738,0.09093301868116738
2023-07-17 21:00:00+02:00,0.0,17.53,0.62,17.53,0.0,0.0
2023-07-17 22:00:00+02:00,0.0,16.6,0.76,16.6,0.0,0.0
2023-07-17 23:00:00+02:00,0.0,16.32,0.69,16.32,0.0,0.0
2023-07-18 00:00:00+02:00,0.0,15.71,0.69,15.71,0.0,0.0
2023-07-18 01:00:00+02:00,0.0,14.98,0.48,14.98,0.0,0.0
2023-07-18 02:00:00+02:00,0.0,14.42,0.41,14.42,0.0,0.0
2023-07-18 03:00:00+02:00,0.0,13.78,0.41,13.78,0.0,0.0
2023-07-18 04:00:00+02:00,0.0,13.09,0.41,13.09,0.0,0.0
2023-07-18 05:00:00+02:00,0.0,12.42,0.41,12.42,0.0,0.0
2023-07-18 06:00:00+02:00,15.94,11.83,0.41,12.403290558328898,0.07950918021686276,0.07950918021686276
2023-07-18 07:00:00+02:00,52.61,11.59,0.34,13.515300816816465,0.36339624150365707,0.36339624150365707
2023-07-18 08:00:00+02:00,171.44,13.12,0.28,19.489635001783377,1.2557866088623633,1.2557866088623633
2023-07-18 09:00:00+02:00,347.35,17.17,0.21,30.309080964125222,2.485314314456541,2.485314314456541
2023-07-18 10:00:00+02:00,560.0999999999999,20.23,0.62,39.38474268829854,3.890413648013573,3.890413648013573
2023-07-18 11:00:00+02:00,719.94,22.15,0.69,46.37441755609093,4.872136247597487,4.872136247597487
2023-07-18 12:00:00+02:00,824.26,22.81,0.62,50.99869524773604,5.478466186751773,5.478466186751773
2023-07-18 13:00:00+02:00,794.24,23.56,0.62,50.722047549998635,5.285330290425728,5.285330290425728
2023-07-18 14:00:00+02:00,765.53,23.21,0.62,49.39020026811852,5.120916561275865,5.120916561275865
2023-07-18 15:00:00+02:00,461.52,21.8,1.03,36.20215695330346,3.2406672703788626,3.2406672703788626
2023-07-18 16:00:00+02:00,468.07,20.69,0.48,37.23940035073825,3.274451281755926,3.274451281755926
2023-07-18 17:00:00+02:00,373.01,21.56,0.76,33.911978912790076,2.636396644205663,2.636396644205663
2023-07-18 18:00:00+02:00,170.03,21.93,0.97,27.3047771441577,1.2106057537730142,1.2106057537730142
2023-07-18 19:00:00+02:00,43.74,20.98,0.34,22.58069678250432,0.2843058145543789,0.2843058145543789
2023-07-18 20:00:00+02:00,20.37,20.35,0.41,21.082617859043893,0.10939305498521104,0.10939305498521104
2023-07-18 21:00:00+02:00,0.0,19.53,0.28,19.53,0.0,0.0
2023-07-18 22:00:00+02:00,0.0,18.34,0.28,18.34,0.0,0.0
2023-07-18 23:00:00+02:00,0.0,17.12,0.69,17.12,0.0,0.0
2023-07-19 00:00:00+02:00,0.0,15.71,0.69,15.71,0.0,0.0
2023-07-19 01:00:00+02:00,0.0,13.91,1.03,13.91,0.0,0.0
2023-07-19 02:00:00+02:00,0.0,14.31,0.69,14.31,0.0,0.0
2023-07-19 03:00:00+02:00,0.0,14.4,0.76,14.4,0.0,0.0
2023-07-19 04:00:00+02:00,0.0,14.5,0.62,14.5,0.0,0.0
2023-07-19 05:00:00+02:00,0.0,14.45,0.62,14.45,0.0,0.0
2023-07-19 06:00:00+02:00,13.87,13.94,0.97,14.378441210312694,0.06267181207975382,0.06267181207975382
2023-07-19 07:00:00+02:00,44.87,14.5,0.69,16.009778058924077,0.30048846985588595,0.30048846985588595
2023-07-19 08:00:00+02:00,145.11,15.38,0.83,20.110223097283978,1.054206808855769,1.054206808855769
2023-07-19 09:00:00+02:00,359.87,18.11,0.69,30.218843995208548,2.576812021872279,2.576812021872279
2023-07-19 10:00:00+02:00,534.6,19.29,0.83,36.71662302948118,3.749401568949821,3.749401568949821
2023-07-19 11:00:00+02:00,594.99,20.55,1.72,36.733686569762384,4.173677800298469,4.173677800298469
2023-07-19 12:00:00+02:00,670.5300000000001,20.97,1.72,39.20836930977457,4.66109353496504,4.66109353496504
2023-07-19 13:00:00+02:00,739.0500000000001,21.24,1.45,42.40530156366344,5.076054857071403,5.076054857071403
2023-07-19 14:00:00+02:00,668.6600000000001,21.18,1.66,39.57282177673129,4.641875502769402,4.641875502769402
2023-07-19 15:00:00+02:00,612.51,20.87,1.79,37.31604710607997,4.287542379851689,4.287542379851689
2023-07-19 16:00:00+02:00,451.05,20.68,1.79,32.790805614924444,3.206288517651372,3.206288517651372
2023-07-19 17:00:00+02:00,291.31,19.85,1.17,28.676826814694515,2.0913696764769703,2.0913696764769703
2023-07-19 18:00:00+02:00,150.14000000000001,19.09,1.31,23.511031554398652,1.07893049047984,1.07893049047984
2023-07-19 19:00:00+02:00,43.5,18.37,1.31,19.650903640710947,0.28582634742652097,0.28582634742652097
2023-07-19 20:00:00+02:00,16.07,17.46,1.17,17.94692838183427,0.07819581382291162,0.07819581382291162
2023-07-19 21:00:00+02:00,0.0,16.23,1.1,16.23,0.0,0.0
2023-07-19 22:00:00+02:00,0.0,14.51,1.17,14.51,0.0,0.0
2023-07-19 23:00:00+02:00,0.0,13.59,0.9,13.59,0.0,0.0
2023-07-20 00:00:00+02:00,0.0,13.02,0.97,13.02,0.0,0.0
2023-07-20 01:00:00+02:00,0.0,12.85,0.83,12.85,0.0,0.0
2023-07-20 02:00:00+02:00,0.0,12.37,0.83,12.37,0.0,0.0
2023-07-20 03:00:00+02:00,0.0,11.39,0.9,11.39,0.0,0.0
2023-07-20 04:00:00+02:00,0.0,11.6,0.76,11.6,0.0,0.0
2023-07-20 05:00:00+02:00,0.0,11.03,0.83,11.03,0.0,0.0
2023-07-20 06:00:00+02:00,12.42,10.74,0.83,11.144860939068755,0.0525012574558991,0.0525012574558991
2023-07-20 07:00:00+02:00,46.7,10.55,0.97,12.026222388003086,0.31940611510869465,0.31940611510869465
2023-07-20 08:00:00+02:00,158.65,11.81,1.03,16.760819467502152,1.1702753251209577,1.1702753251209577
2023-07-20 09:00:00+02:00,346.44,13.45,0.83,24.743077595086902,2.5285253581030362,2.5285253581030362
2023-07-20 10:00:00+02:00,563.0300000000001,15.07,0.97,32.867804948980236,4.004958952409515,4.004958952409515
2023-07-20 11:00:00+02:00,686.9200000000001,16.72,0.9,38.76775966106047,4.7826075683166005,4.7826075683166005
2023-07-20 12:00:00+02:00,734.8199999999999,17.72,0.76,42.05307724912578,5.0536897233110185,5.0536897233110185
2023-07-20 13:00:00+02:00,765.5,18.33,0.76,43.67902511391332,5.232262018214042,5.232262018214042
2023-07-20 14:00:00+02:00,774.48,18.79,0.76,44.436391861820496,5.27846185090384,5.27846185090384
2023-07-20 15:00:00+02:00,650.31,19.2,0.97,39.75679188741512,4.511519243316926,4.511519243316926
2023-07-20 16:00:00+02:00,502.07000000000005,19.24,1.1,34.67690812938138,3.546703499948959,3.546703499948959
2023-07-20 17:00:00+02:00,337.68,19.06,1.1,29.442486778993974,2.422827665053849,2.422827665053849
2023-07-20 18:00:00+02:00,166.84,18.6,0.76,24.124796015682954,1.20090238106034,1.20090238106034
2023-07-20 19:00:00+02:00,45.15,17.81,0.69,19.32919945086744,0.2987317122085884,0.2987317122085884
2023-07-20 20:00:00+02:00,17.04,16.88,0.62,17.462747394052144,0.08582526736644401,0.08582526736644401
2023-07-20 21:00:00+02:00,0.0,15.92,0.48,15.92,0.0,0.0
2023-07-20 22:00:00+02:00,0.0,15.18,0.41,15.18,0.0,0.0
2023-07-20 23:00:00+02:00,0.0,14.35,0.41,14.35,0.0,0.0
2023-07-21 00:00:00+02:00,0.0,13.47,0.48,13.47,0.0,0.0
2023-07-21 01:00:00+02:00,0.0,12.99,0.48,12.99,0.0,0.0
2023-07-21 02:00:00+02:00,0.0,12.51,0.41,12.51,0.0,0.0
2023-07-21 03:00:00+02:00,0.0,11.96,0.34,11.96,0.0,0.0
2023-07-21 04:00:00+02:00,0.0,11.2,0.34,11.2,0.0,0.0
2023-07-21 05:00:00+02:00,0.0,10.44,0.41,10.44,0.0,0.0
2023-07-21 06:00:00+02:00,14.1,10.04,0.41,10.547113981959688,0.06586182115152314,0.06586182115152314
2023-07-21 07:00:00+02:00,42.949999999999996,10.55,0.34,12.121786163890272,0.2900855510528508,0.2900855510528508
2023-07-21 08:00:00+02:00,144.03,12.24,0.62,17.16565182895133,1.057072863808957,1.057072863808957
2023-07-21 09:00:00+02:00,297.09000000000003,14.24,0.55,24.569253876642794,2.1651139448304613,2.1651139448304613
2023-07-21 10:00:00+02:00,444.61,15.28,0.62,30.485124346803097,3.186600355545862,3.186600355545862
2023-07-21 11:00:00+02:00,437.14,15.84,0.83,30.089670765258887,3.13714827157461,3.13714827157461
2023-07-21 12:00:00+02:00,660.52,15.55,0.76,37.42268199639716,4.6217484649994,4.6217484649994
2023-07-21 13:00:00+02:00,571.71,16.48,0.97,34.552186326450624,4.042118294079212,4.042118294079212
2023-07-21 14:00:00+02:00,548.35,16.44,0.83,34.31483864237936,3.8799409662526405,3.8799409662526405
2023-07-21 15:00:00+02:00,610.03,16.74,0.83,36.62545238809278,4.2809648414560435,4.2809648414560435
2023-07-21 16:00:00+02:00,496.9,16.2,0.9,32.14877391192708,3.5423108307168394,3.5423108307168394
2023-07-21 17:00:00+02:00,316.29,16.74,0.83,27.050262996622898,2.286892401299845,2.286892401299845
2023-07-21 18:00:00+02:00,154.66,14.88,1.38,19.370812794722294,1.1293104836916337,1.1293104836916337
2023-07-21 19:00:00+02:00,44.87,13.89,1.1,15.269596605583569,0.3013547059094225,0.3013547059094225
2023-07-21 20:00:00+02:00,15.309999999999999,13.1,0.97,13.583960701505935,0.07413064571525768,0.07413064571525768
2023-07-21 21:00:00+02:00,0.0,13.48,0.9,13.48,0.0,0.0
2023-07-21 22:00:00+02:00,0.0,12.19,0.83,12.19,0.0,0.0
2023-07-21 23:00:00+02:00,0.0,11.9,0.76,11.9,0.0,0.0
2023-07-22 00:00:00+02:00,0.0,11.65,0.76,11.65,0.0,0.0
2023-07-22 01:00:00+02:00,0.0,10.9,0.83,10.9,0.0,0.0
2023-07-22 02:00:00+02:00,0.0,10.9,0.69,10.9,0.0,0.0
2023-07-22 03:00:00+02:00,0.0,10.66,0.62,10.66,0.0,0.0
2023-07-22 04:00:00+02:00,0.0,10.27,0.55,10.27,0.0,0.0
2023-07-22 05:00:00+02:00,0.0,9.92,0.55,9.92,0.0,0.0
2023-07-22 06:00:00+02:00,12.969999999999999,9.4,0.69,9.836412333947967,0.057246398198138565,0.057246398198138565
2023-07-22 07:00:00+02:00,37.0,9.27,0.69,10.514969649658811,0.24529155366030947,0.24529155366030947
2023-07-22 08:00:00+02:00,129.82,10.23,0.76,14.528903253152485,0.9575161214941881,0.9575161214941881
2023-07-22 09:00:00+02:00,292.96,11.83,0.76,21.531176221256757,2.157567455615827,2.157567455615827
2023-07-22 10:00:00+02:00,481.89,13.01,0.83,28.71840885087296,3.47731127966561,3.47731127966561
2023-07-22 11:00:00+02:00,650.53,14.09,0.83,35.29565110244742,4.58730341121163,4.58730341121163
2023-07-22 12:00:00+02:00,767.89,15.2,0.97,39.4735847863745,5.3308909688082196,5.3308909688082196
2023-07-22 13:00:00+02:00,737.7699999999999,16.0,0.9,39.67986904609064,5.118610355331031,5.118610355331031
2023-07-22 14:00:00+02:00,793.0999999999999,16.44,0.83,42.293076551966934,5.4481875670072935,5.4481875670072935
2023-07-22 15:00:00+02:00,696.88,16.98,0.97,39.00890487690771,4.8475353492177256,4.8475353492177256
2023-07-22 16:00:00+02:00,567.01,16.99,1.03,34.68406962665235,4.006908190521908,4.006908190521908
2023-07-22 17:00:00+02:00,378.51,16.71,0.9,28.858863782257032,2.7250434846258744,2.7250434846258744
2023-07-22 18:00:00+02:00,174.57999999999998,16.26,0.69,22.13423787668744,1.2675450605992276,1.2675450605992276
2023-07-22 19:00:00+02:00,43.879999999999995,15.65,0.55,17.17562408733746,0.29154435003210044,0.29154435003210044
2023-07-22 20:00:00+02:00,17.07,14.79,0.69,15.36436843026151,0.08699006977615037,0.08699006977615037
2023-07-22 21:00:00+02:00,0.0,14.07,0.48,14.07,0.0,0.0
2023-07-22 22:00:00+02:00,0.0,13.19,0.41,13.19,0.0,0.0
2023-07-22 23:00:00+02:00,0.0,12.2,0.48,12.2,0.0,0.0
2023-07-23 00:00:00+02:00,0.0,11.35,0.41,11.35,0.0,0.0
2023-07-23 01:00:00+02:00,0.0,10.71,0.41,10.71,0.0,0.0
2023-07-23 02:00:00+02:00,0.0,10.23,0.34,10.23,0.0,0.0
2023-07-23 03:00:00+02:00,0.0,9.62,0.41,9.62,0.0,0.0
2023-07-23 04:00:00+02:00,0.0,9.1,0.34,9.1,0.0,0.0
2023-07-23 05:00:00+02:00,0.0,8.64,0.28,8.64,0.0,0.0
2023-07-23 06:00:00+02:00,12.25,8.26,0.21,8.723376253952884,0.0519460495382184,0.0519460495382184
2023-07-23 07:00:00+02:00,39.98,7.9,0.14,9.440204025025427,0.26974982344993154,0.26974982344993154
2023-07-23 08:00:00+02:00,159.86,10.09,0.14,16.248504638333284,1.1816441773650015,1.1816441773650015
2023-07-23 09:00:00+02:00,359.84999999999997,13.51,0.14,27.372991956113047,2.6031058618791976,2.6031058618791976
2023-07-23 10:00:00+02:00,586.6199999999999,15.23,0.28,37.02511948638687,4.110506850374498,4.110506850374498
2023-07-23 11:00:00+02:00,754.74,16.76,0.48,43.4450992815523,5.163463554250945,5.163463554250945
2023-07-23 12:00:00+02:00,886.63,17.98,0.62,48.30167382561353,5.7,5.7
2023-07-23 13:00:00+02:00,847.5600000000001,18.94,0.83,46.568336354034926,5.7,5.7
2023-07-23 14:00:00+02:00,783.59,19.34,0.97,44.10987368341194,5.34683886790635,5.34683886790635
2023-07-23 15:00:00+02:00,607.95,19.7,1.24,37.857734397400364,4.247163270231537,4.247163270231537
2023-07-23 16:00:00+02:00,472.99999999999994,19.51,0.9,34.69166645268969,3.3401565417854022,3.3401565417854022
2023-07-23 17:00:00+02:00,356.72,19.35,0.55,31.75247548849176,2.5398719830348755,2.5398719830348755
2023-07-23 18:00:00+02:00,167.69,18.78,0.48,24.708961362222098,1.204685872130908,1.204685872130908
2023-07-23 19:00:00+02:00,40.44,18.1,0.21,19.62970903753915,0.2626158707204075,0.2626158707204075
2023-07-23 20:00:00+02:00,15.94,17.43,0.34,18.013335773047984,0.07717452241873625,0.07717452241873625
2023-07-23 21:00:00+02:00,0.0,16.16,0.55,16.16,0.0,0.0
2023-07-23 22:00:00+02:00,0.0,15.2,0.34,15.2,0.0,0.0
2023-07-23 23:00:00+02:00,0.0,14.27,0.28,14.27,0.0,0.0
2023-07-24 00:00:00+02:00,0.0,13.51,0.21,13.51,0.0,0.0
2023-07-24 01:00:00+02:00,0.0,12.81,0.21,12.81,0.0,0.0
2023-07-24 02:00:00+02:00,0.0,12.02,0.21,12.02,0.0,0.0
2023-07-24 03:00:00+02:00,0.0,10.92,0.21,10.92,0.0,0.0
2023-07-24 04:00:00+02:00,0.0,10.14,0.28,10.14,0.0,0.0
2023-07-24 05:00:00+02:00,0.0,9.51,0.34,9.51,0.0,0.0
2023-07-24 06:00:00+02:00,12.42,9.24,0.28,9.701449292593033,0.05296934746954715,0.05296934746954715
2023-07-24 07:00:00+02:00,62.49,9.59,0.41,11.837486009408583,0.44268051802911174,0.44268051802911174
2023-07-24 08:00:00+02:00,150.7,11.6,0.69,16.670727735231967,1.1099025123204052,1.1099025123204052
2023-07-24 09:00:00+02:00,314.84000000000003,13.81,1.24,23.213373793367104,2.30748776510837,2.30748776510837
2023-07-24 10:00:00+02:00,233.03,15.32,1.24,22.279942177195835,1.704294418412236,1.704294418412236
2023-07-24 11:00:00+02:00,431.32,15.18,0.97,28.81435204268717,3.1092515122868005,3.1092515122868005
2023-07-24 12:00:00+02:00,635.08,15.94,1.03,35.758256712393745,4.470892869953831,4.470892869953831
2023-07-24 13:00:00+02:00,607.52,16.97,1.1,35.6491292583938,4.278535410934663,4.278535410934663
2023-07-24 14:00:00+02:00,274.64,17.41,0.69,26.65103958330529,1.9840868851775286,1.9840868851775286
2023-07-24 15:00:00+02:00,118.16,15.87,0.34,20.194150247387064,0.8502684595973061,0.8502684595973061
2023-07-24 16:00:00+02:00,115.28,14.43,0.28,18.713081678754012,0.8329403697817708,0.8329403697817708
2023-07-24 17:00:00+02:00,206.37,14.19,0.21,21.99628224720461,1.5064091885167212,1.5064091885167212
2023-07-24 18:00:00+02:00,139.71,14.7,0.21,19.984758893041413,1.0138656724178674,1.0138656724178674
2023-07-24 19:00:00+02:00,57.6,14.86,0.41,16.931614564601286,0.39693237812264337,0.39693237812264337
2023-07-24 20:00:00+02:00,14.59,14.36,0.14,14.922070453354701,0.0680354299657449,0.0680354299657449
2023-07-24 21:00:00+02:00,0.0,13.1,0.41,13.1,0.0,0.0
2023-07-24 22:00:00+02:00,0.0,12.16,0.55,12.16,0.0,0.0
2023-07-24 23:00:00+02:00,0.0,11.6,0.69,11.6,0.0,0.0
2023-07-25 00:00:00+02:00,0.0,11.39,0.62,11.39,0.0,0.0
2023-07-25 01:00:00+02:00,0.0,10.82,0.69,10.82,0.0,0.0
2023-07-25 02:00:00+02:00,0.0,10.46,0.76,10.46,0.0,0.0
2023-07-25 03:00:00+02:00,0.0,10.53,0.62,10.53,0.0,0.0
2023-07-25 04:00:00+02:00,0.0,10.34,0.62,10.34,0.0,0.0
2023-07-25 05:00:00+02:00,0.0,10.0,0.62,10.0,0.0,0.0
2023-07-25 06:00:00+02:00,8.120000000000001,8.99,1.1,9.239661788217932,0.019268340051584273,0.019268340051584273
2023-07-25 07:00:00+02:00,38.88,9.26,0.76,10.547485429691639,0.25998177098372527,0.25998177098372527
2023-07-25 08:00:00+02:00,69.05,10.07,1.03,12.224768888944366,0.4930831493462469,0.4930831493462469
2023-07-25 09:00:00+02:00,229.1,10.13,1.03,17.279276646736484,1.7046081913813205,1.7046081913813205
2023-07-25 10:00:00+02:00,517.64,11.16,1.17,26.84472978050347,3.7612940930642504,3.7612940930642504
2023-07-25 11:00:00+02:00,672.88,13.03,1.24,33.12700850616458,4.782030395937858,4.782030395937858
2023-07-25 12:00:00+02:00,759.21,14.07,1.38,36.114937164626355,5.335876640151537,5.335876640151537
2023-07-25 13:00:00+02:00,752.37,14.6,1.45,36.14676671057907,5.2873736795125925,5.2873736795125925
2023-07-25 14:00:00+02:00,597.64,15.26,1.59,31.91867609182843,4.2660281320832745,4.2660281320832745
2023-07-25 15:00:00+02:00,649.5400000000001,14.59,1.45,33.19186723180022,4.615285512932534,4.615285512932534
2023-07-25 16:00:00+02:00,481.54,14.56,1.59,27.98249328234232,3.4838854640981762,3.4838854640981762
2023-07-25 17:00:00+02:00,292.88,13.76,1.59,21.923765902173066,2.1539947336773015,2.1539947336773015
2023-07-25 18:00:00+02:00,174.03,12.93,1.38,17.98325326953007,1.2821835315862953,1.2821835315862953
2023-07-25 19:00:00+02:00,54.269999999999996,11.38,1.38,12.955820576552302,0.3770515843782824,0.3770515843782824
2023-07-25 20:00:00+02:00,13.08,10.41,1.38,10.789799763060698,0.057784951732706424,0.057784951732706424
2023-07-25 21:00:00+02:00,0.0,8.39,1.31,8.39,0.0,0.0
2023-07-25 22:00:00+02:00,0.0,7.42,1.31,7.42,0.0,0.0
2023-07-25 23:00:00+02:00,0.0,6.51,1.31,6.51,0.0,0.0
2023-07-26 00:00:00+02:00,0.0,5.98,1.52,5.98,0.0,0.0
2023-07-26 01:00:00+02:00,0.0,5.51,1.72,5.51,0.0,0.0
2023-07-26 02:00:00+02:00,0.0,5.58,1.52,5.58,0.0,0.0
2023-07-26 03:00:00+02:00,0.0,5.26,1.59,5.26,0.0,0.0
2023-07-26 04:00:00+02:00,0.0,4.95,1.45,4.95,0.0,0.0
2023-07-26 05:00:00+02:00,0.0,5.0,1.38,5.0,0.0,0.0
2023-07-26 06:00:00+02:00,11.120000000000001,4.96,1.31,5.287440195050706,0.044033259315717624,0.044033259315717624
2023-07-26 07:00:00+02:00,44.11,4.94,1.45,6.203245317601238,0.3059288921384792,0.3059288921384792
2023-07-26 08:00:00+02:00,139.9,5.49,1.38,9.552231410718019,1.0532453993376807,1.0532453993376807
2023-07-26 09:00:00+02:00,311.53000000000003,6.17,1.52,14.971078063553769,2.349259650771941,2.349259650771941
2023-07-26 10:00:00+02:00,461.14000000000004,7.34,1.52,20.367731320345342,3.4258632483057343,3.4258632483057343
2023-07-26 11:00:00+02:00,672.1700000000001,8.38,1.72,26.662977195578378,4.888025804677662,4.888025804677662
2023-07-26 12:00:00+02:00,742.66,10.03,1.79,29.970607245271665,5.336349039733067,5.336349039733067
2023-07-26 13:00:00+02:00,809.86,10.82,1.93,32.01985759609646,5.7,5.7
2023-07-26 14:00:00+02:00,741.77,11.52,1.93,30.93745285488414,5.3116926478226825,5.3116926478226825
2023-07-26 15:00:00+02:00,662.4300000000001,11.81,1.86,29.370653616949085,4.771487295152502,4.771487295152502
2023-07-26 16:00:00+02:00,541.92,11.67,1.86,26.036000042415115,3.9494659080438335,3.9494659080438335
2023-07-26 17:00:00+02:00,329.04,11.41,1.72,20.359865088345373,2.437253170436928,2.437253170436928
2023-07-26 18:00:00+02:00,181.90999999999997,11.04,1.52,16.179165122270938,1.350598269070589,1.350598269070589
2023-07-26 19:00:00+02:00,40.33,10.71,1.45,11.864991694827884,0.2699494892889175,0.2699494892889175
2023-07-26 20:00:00+02:00,15.309999999999999,9.96,1.24,10.417266080474052,0.0753964214922214,0.0753964214922214
2023-07-26 21:00:00+02:00,0.0,9.16,1.03,9.16,0.0,0.0
2023-07-26 22:00:00+02:00,0.0,7.71,0.9,7.71,0.0,0.0
2023-07-26 23:00:00+02:00,0.0,7.91,0.62,7.91,0.0,0.0
2023-07-27 00:00:00+02:00,0.0,7.24,0.41,7.24,0.0,0.0
2023-07-27 01:00:00+02:00,0.0,6.68,0.34,6.68,0.0,0.0
2023-07-27 02:00:00+02:00,0.0,6.07,0.28,6.07,0.0,0.0
2023-07-27 03:00:00+02:00,0.0,5.29,0.21,5.29,0.0,0.0
2023-07-27 04:00:00+02:00,0.0,4.84,0.14,4.84,0.0,0.0
2023-07-27 05:00:00+02:00,0.0,4.65,0.07,4.65,0.0,0.0
2023-07-27 06:00:00+02:00,12.63,4.44,0.07,4.935706234202553,0.056191479909420236,0.056191479909420236
2023-07-27 07:00:00+02:00,44.489999999999995,4.47,0.0,6.249599999999999,0.30889308286914435,0.30889308286914435
2023-07-27 08:00:00+02:00,154.70999999999998,6.63,0.14,12.59010416987703,1.156948250804883,1.156948250804883
2023-07-27 09:00:00+02:00,308.88,9.77,0.55,20.509169737848552,2.2847844627473655,2.2847844627473655
2023-07-27 10:00:00+02:00,360.47,11.26,0.48,24.00502177971375,2.638979335134119,2.638979335134119
2023-07-27 11:00:00+02:00,554.4300000000001,12.24,0.62,31.20083554485514,3.9673691535740634,3.9673691535740634
2023-07-27 12:00:00+02:00,825.72,13.91,0.62,42.148625482202945,5.674227836265534,5.674227836265534
2023-07-27 13:00:00+02:00,872.37,15.87,0.62,45.70399906979289,5.7,5.7
2023-07-27 14:00:00+02:00,790.93,17.05,0.55,44.54913079758014,5.387866582826287,5.387866582826287
2023-07-27 15:00:00+02:00,612.42,17.63,0.55,38.922677838815105,4.261703448629523,4.261703448629523
2023-07-27 16:00:00+02:00,493.46,17.56,0.69,34.16385738704424,3.4921109983982213,3.4921109983982213
2023-07-27 17:00:00+02:00,302.18,17.32,0.48,28.00408100922102,2.1759398613719396,2.1759398613719396
2023-07-27 18:00:00+02:00,180.23,16.74,0.41,23.22206758642517,1.3047944622097516,1.3047944622097516
2023-07-27 19:00:00+02:00,46.32,16.23,0.28,17.950960646772085,0.3092885600830571,0.3092885600830571
2023-07-27 20:00:00+02:00,15.25,15.32,0.07,15.918536822770303,0.07273567855801316,0.07273567855801316
2023-07-27 21:00:00+02:00,0.0,14.35,0.07,14.35,0.0,0.0
2023-07-27 22:00:00+02:00,0.0,13.25,0.07,13.25,0.0,0.0
2023-07-27 23:00:00+02:00,0.0,12.41,0.14,12.41,0.0,0.0
2023-07-28 00:00:00+02:00,0.0,11.78,0.14,11.78,0.0,0.0
2023-07-28 01:00:00+02:00,0.0,11.39,0.14,11.39,0.0,0.0
2023-07-28 02:00:00+02:00,0.0,11.03,0.14,11.03,0.0,0.0
2023-07-28 03:00:00+02:00,0.0,11.33,0.21,11.33,0.0,0.0
2023-07-28 04:00:00+02:00,0.0,11.06,0.28,11.06,0.0,0.0
2023-07-28 05:00:00+02:00,0.0,10.68,0.28,10.68,0.0,0.0
2023-07-28 06:00:00+02:00,9.88,10.39,0.34,10.75156571127441,0.03273408151958473,0.03273408151958473
2023-07-28 07:00:00+02:00,40.67,10.5,0.34,11.988347922826947,0.27246913522310384,0.27246913522310384
2023-07-28 08:00:00+02:00,155.79000000000002,11.53,0.41,17.13307001769504,1.1469243484544498,1.1469243484544498
2023-07-28 09:00:00+02:00,342.8,14.2,0.28,26.936297705385805,2.4822237392807596,2.4822237392807596
2023-07-28 10:00:00+02:00,468.29,15.57,0.62,31.58495171130749,3.3441388439180866,3.3441388439180866
2023-07-28 11:00:00+02:00,613.2,16.53,0.97,35.91371666645593,4.314403265939068,4.314403265939068
2023-07-28 12:00:00+02:00,657.5500000000001,17.5,1.03,38.01945377154769,4.590946527597228,4.590946527597228
2023-07-28 13:00:00+02:00,529.39,18.12,1.03,34.64010285471771,3.7409716774102777,3.7409716774102777
2023-07-28 14:00:00+02:00,669.8199999999999,17.99,0.76,40.17064533220302,4.639678164506642,4.639678164506642
2023-07-28 15:00:00+02:00,487.21,18.4,0.97,33.8010772946249,3.452210660695938,3.452210660695938
2023-07-28 16:00:00+02:00,432.5,17.79,0.9,31.671756323019643,3.085987401024724,3.085987401024724
2023-07-28 17:00:00+02:00,349.67999999999995,17.81,0.76,29.38942142630073,2.5104945446138935,2.5104945446138935
2023-07-28 18:00:00+02:00,170.29999999999998,17.76,0.9,23.226041853896522,1.230636522346274,1.230636522346274
2023-07-28 19:00:00+02:00,58.5,17.16,0.69,19.128397959595688,0.4004752060113522,0.4004752060113522
2023-07-28 20:00:00+02:00,17.45,16.28,0.28,16.928332540720486,0.08920760898007728,0.08920760898007728
2023-07-28 21:00:00+02:00,0.0,15.44,0.34,15.44,0.0,0.0
2023-07-28 22:00:00+02:00,0.0,14.47,0.48,14.47,0.0,0.0
2023-07-28 23:00:00+02:00,0.0,13.67,0.34,13.67,0.0,0.0
2023-07-29 00:00:00+02:00,0.0,12.78,0.28,12.78,0.0,0.0
2023-07-29 01:00:00+02:00,0.0,12.07,0.28,12.07,0.0,0.0
2023-07-29 02:00:00+02:00,0.0,11.51,0.28,11.51,0.0,0.0
2023-07-29 03:00:00+02:00,0.0,11.08,0.34,11.08,0.0,0.0
2023-07-29 04:00:00+02:00,0.0,10.88,0.41,10.88,0.0,0.0
2023-07-29 05:00:00+02:00,0.0,10.53,0.41,10.53,0.0,0.0
2023-07-29 06:00:00+02:00,10.15,10.21,0.41,10.575050135949706,0.03489574175711981,0.03489574175711981
2023-07-29 07:00:00+02:00,39.37,9.97,0.28,11.432742242301748,0.2629094499959812,0.2629094499959812
2023-07-29 08:00:00+02:00,157.36,11.28,0.28,17.12651052193556,1.158927651198809,1.158927651198809
2023-07-29 09:00:00+02:00,316.08,15.18,0.48,26.3555388357753,2.291029213479684,2.291029213479684
2023-07-29 10:00:00+02:00,569.97,16.32,0.55,36.136772129893615,4.006627372405942,4.006627372405942
2023-07-29 11:00:00+02:00,627.51,17.69,1.1,36.98375230598943,4.39791786141944,4.39791786141944
2023-07-29 12:00:00+02:00,669.32,18.27,1.1,38.84926454310663,4.658838691272191,4.658838691272191
2023-07-29 13:00:00+02:00,795.0999999999999,18.1,0.97,43.23371350538015,5.442809286699494,5.442809286699494
2023-07-29 14:00:00+02:00,546.5699999999999,18.85,0.55,37.85319866490508,3.817666612069084,3.817666612069084
2023-07-29 15:00:00+02:00,330.71,17.28,0.69,28.40767331996393,2.3810141258991124,2.3810141258991124
2023-07-29 16:00:00+02:00,270.85,16.56,0.41,26.301263972608652,1.958667533612599,1.958667533612599
2023-07-29 17:00:00+02:00,216.11999999999998,16.05,0.62,23.4410426527318,1.5713283794071908,1.5713283794071908
2023-07-29 18:00:00+02:00,147.62,16.17,0.48,21.38935283136279,1.0682591079493933,1.0682591079493933
2023-07-29 19:00:00+02:00,41.85,16.44,0.55,17.895044850844865,0.2752159402058423,0.2752159402058423
2023-07-29 20:00:00+02:00,10.36,15.59,0.41,15.962602897383148,0.035084123707121426,0.035084123707121426
2023-07-29 21:00:00+02:00,0.0,14.6,0.69,14.6,0.0,0.0
2023-07-29 22:00:00+02:00,0.0,13.75,0.62,13.75,0.0,0.0
2023-07-29 23:00:00+02:00,0.0,13.6,0.48,13.6,0.0,0.0
2023-07-30 00:00:00+02:00,0.0,12.95,0.48,12.95,0.0,0.0
2023-07-30 01:00:00+02:00,0.0,12.2,0.48,12.2,0.0,0.0
2023-07-30 02:00:00+02:00,0.0,11.35,0.55,11.35,0.0,0.0
2023-07-30 03:00:00+02:00,0.0,10.76,0.55,10.76,0.0,0.0
2023-07-30 04:00:00+02:00,0.0,10.45,0.55,10.45,0.0,0.0
2023-07-30 05:00:00+02:00,0.0,9.85,0.48,9.85,0.0,0.0
2023-07-30 06:00:00+02:00,10.25,9.28,0.55,9.636372992142409,0.0359307256320943,0.0359307256320943
2023-07-30 07:00:00+02:00,47.83,9.37,0.55,11.032958069675265,0.32944732877885263,0.32944732877885263
2023-07-30 08:00:00+02:00,141.22,10.56,0.62,15.389553226997894,1.0421500247545719,1.0421500247545719
2023-07-30 09:00:00+02:00,254.95,12.85,0.76,21.292500264914697,1.8746327153789681,1.8746327153789681
2023-07-30 10:00:00+02:00,376.66999999999996,13.99,0.9,26.079806136859673,2.7386706189250707,2.7386706189250707
2023-07-30 11:00:00+02:00,575.83,14.59,1.24,31.78840151008315,4.112105544095696,4.112105544095696
2023-07-30 12:00:00+02:00,589.7900000000001,15.87,1.38,32.99554298589979,4.19367037912592,4.19367037912592
2023-07-30 13:00:00+02:00,657.19,16.55,1.31,35.90165663537532,4.624038875986596,4.624038875986596
2023-07-30 14:00:00+02:00,717.6,17.3,1.45,37.85100521221147,5.012560751063823,5.012560751063823
2023-07-30 15:00:00+02:00,622.75,17.82,1.52,35.41339827329024,4.389595352676696,4.389595352676696
2023-07-30 16:00:00+02:00,493.80999999999995,17.89,1.45,32.03198980468526,3.521665484617209,3.521665484617209
2023-07-30 17:00:00+02:00,399.13000000000005,17.77,1.38,29.359409742386582,2.8697948716214428,2.8697948716214428
2023-07-30 18:00:00+02:00,178.31,17.53,1.31,22.78052708448664,1.2925055405922785,1.2925055405922785
2023-07-30 19:00:00+02:00,41.5,16.8,1.17,18.057469063231,0.27236672416799773,0.27236672416799773
2023-07-30 20:00:00+02:00,13.93,15.73,1.03,16.164698488385156,0.062486371546646255,0.062486371546646255
2023-07-30 21:00:00+02:00,0.0,14.22,0.9,14.22,0.0,0.0
2023-07-30 22:00:00+02:00,0.0,13.46,0.83,13.46,0.0,0.0
2023-07-30 23:00:00+02:00,0.0,13.28,0.69,13.28,0.0,0.0
2023-07-31 00:00:00+02:00,0.0,12.6,0.69,12.6,0.0,0.0
2023-07-31 01:00:00+02:00,0.0,12.2,0.76,12.2,0.0,0.0
2023-07-31 02:00:00+02:00,0.0,11.67,0.69,11.67,0.0,0.0
2023-07-31 03:00:00+02:00,0.0,10.57,0.55,10.57,0.0,0.0
2023-07-31 04:00:00+02:00,0.0,10.0,0.62,10.0,0.0,0.0
2023-07-31 05:00:00+02:00,0.0,9.6,0.41,9.6,0.0,0.0
2023-07-31 06:00:00+02:00,13.32,9.1,0.41,9.579060868064047,0.060085469429667325,0.060085469429667325
2023-07-31 07:00:00+02:00,62.25,8.85,0.41,11.088854282056078,0.4420255346596003,0.4420255346596003
2023-07-31 08:00:00+02:00,157.83,9.76,0.41,15.436439700191336,1.169443519384709,1.169443519384709
2023-07-31 09:00:00+02:00,345.75,12.16,0.76,23.609282081169866,2.5335529964252537,2.5335529964252537
2023-07-31 10:00:00+02:00,460.33,14.07,0.62,29.81272933709064,3.307959194522045,3.307959194522045
2023-07-31 11:00:00+02:00,749.53,15.21,0.48,41.71089098828987,5.161099987621799,5.161099987621799
2023-07-31 12:00:00+02:00,870.64,17.16,0.62,46.93483516182867,5.7,5.7
2023-07-31 13:00:00+02:00,902.16,18.44,0.62,49.292781045662224,5.7,5.7
2023-07-31 14:00:00+02:00,868.26,19.23,0.69,48.4450634598043,5.7,5.7
2023-07-31 15:00:00+02:00,660.98,19.62,0.62,42.22471669721759,4.543759854580829,4.543759854580829
2023-07-31 16:00:00+02:00,439.73,19.36,0.76,33.92136748966833,3.1124728667740946,3.1124728667740946
2023-07-31 17:00:00+02:00,331.78000000000003,18.79,0.62,30.136474788651473,2.3739977462273183,2.3739977462273183
2023-07-31 18:00:00+02:00,170.34,18.32,0.62,24.145422013077617,1.2268673572181545,1.2268673572181545
2023-07-31 19:00:00+02:00,43.91,17.57,0.55,19.09666713024129,0.2895738421820408,0.2895738421820408
2023-07-31 20:00:00+02:00,11.899999999999999,16.59,0.34,17.025489065198933,0.04660655145466676,0.04660655145466676
2023-07-31 21:00:00+02:00,0.0,15.99,0.14,15.99,0.0,0.0
2023-07-31 22:00:00+02:00,0.0,14.78,0.28,14.78,0.0,0.0
2023-07-31 23:00:00+02:00,0.0,13.85,0.34,13.85,0.0,0.0
2023-08-01 00:00:00+02:00,0.0,13.39,0.34,13.39,0.0,0.0
2023-08-01 01:00:00+02:00,0.0,12.99,0.34,12.99,0.0,0.0
2023-08-01 02:00:00+02:00,0.0,12.61,0.34,12.61,0.0,0.0
2023-08-01 03:00:00+02:00,0.0,12.83,0.41,12.83,0.0,0.0
2023-08-01 04:00:00+02:00,0.0,12.59,0.41,12.59,0.0,0.0
2023-08-01 05:00:00+02:00,0.0,12.38,0.41,12.38,0.0,0.0
2023-08-01 06:00:00+02:00,7.3,12.44,0.48,12.69810375063642,0.012153182516564016,0.012153182516564016
2023-08-01 07:00:00+02:00,38.82,12.48,0.48,13.852546246535045,0.2561649173304252,0.2561649173304252
2023-08-01 08:00:00+02:00,137.99,12.75,0.48,17.62886802059173,1.0093165611447097,1.0093165611447097
2023-08-01 09:00:00+02:00,233.12,14.59,0.69,22.433981749417892,1.7040364995336044,1.7040364995336044
2023-08-01 10:00:00+02:00,241.71999999999997,15.25,0.69,23.38335307339264,1.7623416584035567,1.7623416584035567
2023-08-01 11:00:00+02:00,413.11999999999995,15.45,0.83,28.91667883639967,2.975976802274563,2.975976802274563
2023-08-01 12:00:00+02:00,518.7,15.46,1.52,30.11386701622746,3.725472286014351,3.725472286014351
2023-08-01 13:00:00+02:00,386.82,15.52,1.59,26.30225869393125,2.8109751010397663,2.8109751010397663
2023-08-01 14:00:00+02:00,492.93000000000006,15.06,1.52,28.985835103738193,3.5539605037416644,3.5539605037416644
2023-08-01 15:00:00+02:00,428.79,15.49,1.45,27.76991293888539,3.1024166184720126,3.1024166184720126
2023-08-01 16:00:00+02:00,397.33000000000004,15.42,1.52,26.64502599105004,2.8845447983585926,2.8845447983585926
2023-08-01 17:00:00+02:00,231.06,15.62,1.45,22.23721748095538,1.6898217483469162,1.6898217483469162
2023-08-01 18:00:00+02:00,157.4,15.01,1.31,19.644809955124202,1.1489333997178537,1.1489333997178537
2023-08-01 19:00:00+02:00,58.290000000000006,14.41,1.24,16.150956226703624,0.40340348940009774,0.40340348940009774
2023-08-01 20:00:00+02:00,12.190000000000001,13.51,1.24,13.874080569626303,0.049833510529007606,0.049833510529007606
2023-08-01 21:00:00+02:00,0.0,13.15,1.1,13.15,0.0,0.0
2023-08-01 22:00:00+02:00,0.0,11.68,1.03,11.68,0.0,0.0
2023-08-01 23:00:00+02:00,0.0,11.01,0.97,11.01,0.0,0.0
2023-08-02 00:00:00+02:00,0.0,10.51,0.97,10.51,0.0,0.0
2023-08-02 01:00:00+02:00,0.0,10.7,0.76,10.7,0.0,0.0
2023-08-02 02:00:00+02:00,0.0,10.69,0.62,10.69,0.0,0.0
2023-08-02 03:00:00+02:00,0.0,9.69,0.55,9.69,0.0,0.0
2023-08-02 04:00:00+02:00,0.0,9.36,0.41,9.36,0.0,0.0
2023-08-02 05:00:00+02:00,0.0,9.23,0.48,9.23,0.0,0.0
2023-08-02 06:00:00+02:00,2.6900000000000004,9.11,0.48,9.205109464275612,0.0,0.0
2023-08-02 07:00:00+02:00,25.080000000000002,9.6,0.48,10.486745488487866,0.15193642407522961,0.15193642407522961
2023-08-02 08:00:00+02:00,99.33,10.51,0.34,14.14505284421934,0.7235312032854563,0.7235312032854563
2023-08-02 09:00:00+02:00,256.95,12.64,0.28,22.186650219950067,1.8836740522227593,1.8836740522227593
2023-08-02 10:00:00+02:00,435.44,14.55,0.55,29.68942006814547,3.129350655013746,3.129350655013746
2023-08-02 11:00:00+02:00,537.69,16.25,0.76,34.055247960156834,3.8078876292261077,3.8078876292261077
2023-08-02 12:00:00+02:00,595.19,17.78,1.24,35.5566295517538,4.193038558266243,4.193038558266243
2023-08-02 13:00:00+02:00,582.4,18.87,1.38,35.78096192710632,4.099472115097748,4.099472115097748
2023-08-02 14:00:00+02:00,727.0,19.48,1.38,40.589665729749825,5.027214137281288,5.027214137281288
2023-08-02 15:00:00+02:00,675.2600000000001,19.86,1.24,40.0280923253369,4.679780159473785,4.679780159473785
2023-08-02 16:00:00+02:00,540.0899999999999,19.65,0.9,36.985023751444345,3.784307580415845,3.784307580415845
2023-08-02 17:00:00+02:00,329.38,19.57,0.76,30.477200381477164,2.353694859178692,2.353694859178692
2023-08-02 18:00:00+02:00,169.05,18.93,0.76,24.527978700858323,1.2155848876507045,1.2155848876507045
2023-08-02 19:00:00+02:00,35.300000000000004,18.33,0.69,19.517768341431243,0.22368567608710926,0.22368567608710926
2023-08-02 20:00:00+02:00,7.33,17.32,0.41,17.58362733955777,0.011451452451510682,0.011451452451510682
2023-08-02 21:00:00+02:00,0.0,15.46,0.21,15.46,0.0,0.0
2023-08-02 22:00:00+02:00,0.0,14.57,0.28,14.57,0.0,0.0
2023-08-02 23:00:00+02:00,0.0,14.1,0.48,14.1,0.0,0.0
2023-08-03 00:00:00+02:00,0.0,13.41,0.69,13.41,0.0,0.0
2023-08-03 01:00:00+02:00,0.0,12.94,0.48,12.94,0.0,0.0
2023-08-03 02:00:00+02:00,0.0,11.47,0.41,11.47,0.0,0.0
2023-08-03 03:00:00+02:00,0.0,11.21,0.41,11.21,0.0,0.0
2023-08-03 04:00:00+02:00,0.0,10.5,0.48,10.5,0.0,0.0
2023-08-03 05:00:00+02:00,0.0,9.7,0.55,9.7,0.0,0.0
2023-08-03 06:00:00+02:00,6.16,8.84,0.55,9.054171476253389,0.003866855830003873,0.003866855830003873
2023-08-03 07:00:00+02:00,39.75,8.61,0.48,10.01542795723256,0.26734580376446565,0.26734580376446565
2023-08-03 08:00:00+02:00,129.7,10.35,0.62,14.785583157779541,0.955726005648552,0.955726005648552
2023-08-03 09:00:00+02:00,324.93,12.07,0.83,22.661905389018557,2.387092956367305,2.387092956367305
2023-08-03 10:00:00+02:00,497.19,13.3,0.83,29.507150587406937,3.5781463973217607,3.5781463973217607
2023-08-03 11:00:00+02:00,752.7500000000001,14.59,1.03,38.080257511265344,5.252916396251378,5.252916396251378
2023-08-03 12:00:00+02:00,837.9300000000001,15.95,1.1,41.71343623170581,5.7,5.7
2023-08-03 13:00:00+02:00,873.38,16.86,0.9,44.892481704968546,5.7,5.7
2023-08-03 14:00:00+02:00,784.6,17.7,0.83,43.27599780944806,5.370382142656794,5.370382142656794
2023-08-03 15:00:00+02:00,735.72,18.08,0.83,42.062632052468935,5.059682880910965,5.059682880910965
2023-08-03 16:00:00+02:00,590.9899999999999,18.01,0.76,37.58024213203348,4.132759438476977,4.132759438476977
2023-08-03 17:00:00+02:00,382.21999999999997,17.53,0.62,30.601461793110996,2.7348381490290117,2.7348381490290117
2023-08-03 18:00:00+02:00,179.26,16.98,0.55,23.212529031360823,1.2975976308813066,1.2975976308813066
2023-08-03 19:00:00+02:00,37.58,15.52,0.62,16.80519055566195,0.24366699511317497,0.24366699511317497
2023-08-03 20:00:00+02:00,9.33,14.53,0.76,14.838956765921372,0.02743009247422269,0.02743009247422269
2023-08-03 21:00:00+02:00,0.0,13.31,1.1,13.31,0.0,0.0
2023-08-03 22:00:00+02:00,0.0,11.44,0.9,11.44,0.0,0.0
2023-08-03 23:00:00+02:00,0.0,10.66,0.97,10.66,0.0,0.0
2023-08-04 00:00:00+02:00,0.0,10.13,0.97,10.13,0.0,0.0
2023-08-04 01:00:00+02:00,0.0,9.83,0.97,9.83,0.0,0.0
2023-08-04 02:00:00+02:00,0.0,9.64,0.9,9.64,0.0,0.0
2023-08-04 03:00:00+02:00,0.0,8.86,0.83,8.86,0.0,0.0
2023-08-04 04:00:00+02:00,0.0,8.44,0.83,8.44,0.0,0.0
2023-08-04 05:00:00+02:00,0.0,8.15,0.76,8.15,0.0,0.0
2023-08-04 06:00:00+02:00,7.05,7.92,0.69,8.157217190002557,0.011043519371026636,0.011043519371026636
2023-08-04 07:00:00+02:00,37.47,7.72,0.76,8.960794214263007,0.25049167383093596,0.25049167383093596
2023-08-04 08:00:00+02:00,138.01,8.49,0.83,12.988780853532916,1.026118386875233,1.026118386875233
2023-08-04 09:00:00+02:00,297.54999999999995,9.74,1.03,19.025321982699435,2.211183025990107,2.211183025990107
2023-08-04 10:00:00+02:00,398.73,10.96,0.97,23.564157446862318,2.9264668763799633,2.9264668763799633
2023-08-04 11:00:00+02:00,575.14,11.54,1.03,29.487773769550508,4.141094513570948,4.141094513570948
2023-08-04 12:00:00+02:00,569.7,12.81,1.03,30.588013555852356,4.085799281579392,4.085799281579392
2023-08-04 13:00:00+02:00,492.28000000000003,13.57,0.97,29.13134383653445,3.5474120544500556,3.5474120544500556
2023-08-04 14:00:00+02:00,409.85,13.12,1.03,25.909746982387375,2.983989513136573,2.983989513136573
2023-08-04 15:00:00+02:00,406.68,12.65,1.17,24.97259081047669,2.9705441231880556,2.9705441231880556
2023-08-04 16:00:00+02:00,271.73,12.9,1.24,21.015800917518877,2.0023274368953268,2.0023274368953268
2023-08-04 17:00:00+02:00,205.81,12.2,1.24,18.346958329351047,1.5216989774563574,1.5216989774563574
2023-08-04 18:00:00+02:00,117.22,11.78,1.31,15.231667235957174,0.8582980339391177,0.8582980339391177
2023-08-04 19:00:00+02:00,35.300000000000004,10.97,1.24,12.024310427219728,0.2305871279778967,0.2305871279778967
2023-08-04 20:00:00+02:00,7.88,9.95,1.17,10.188767619717114,0.017183535582691038,0.017183535582691038
2023-08-04 21:00:00+02:00,0.0,9.56,1.1,9.56,0.0,0.0
2023-08-04 22:00:00+02:00,0.0,9.0,1.1,9.0,0.0,0.0
2023-08-04 23:00:00+02:00,0.0,8.34,1.03,8.34,0.0,0.0
2023-08-05 00:00:00+02:00,0.0,8.54,1.1,8.54,0.0,0.0
2023-08-05 01:00:00+02:00,0.0,8.31,1.17,8.31,0.0,0.0
2023-08-05 02:00:00+02:00,0.0,7.99,1.1,7.99,0.0,0.0
2023-08-05 03:00:00+02:00,0.0,7.47,1.24,7.47,0.0,0.0
2023-08-05 04:00:00+02:00,0.0,7.14,1.31,7.14,0.0,0.0
2023-08-05 05:00:00+02:00,0.0,7.08,1.38,7.08,0.0,0.0
2023-08-05 06:00:00+02:00,4.96,6.82,1.45,6.962047081734349,0.0,0.0
2023-08-05 07:00:00+02:00,32.38,6.8,1.45,7.727315424709319,0.21146123548190487,0.21146123548190487
2023-08-05 08:00:00+02:00,106.20999999999998,7.07,1.79,9.921765135486364,0.7883176018168556,0.7883176018168556
2023-08-05 09:00:00+02:00,226.54000000000002,7.49,1.72,13.651872225607104,1.7064370511500826,1.7064370511500826
2023-08-05 10:00:00+02:00,361.01,8.04,1.59,18.102828217507163,2.6979651092238095,2.6979651092238095
2023-08-05 11:00:00+02:00,468.49,9.59,1.59,22.6487362998807,3.453263617335177,3.453263617335177
2023-08-05 12:00:00+02:00,586.79,10.88,1.66,27.020824769491455,4.262161293641894,4.262161293641894
2023-08-05 13:00:00+02:00,677.39,12.0,1.66,30.632957771273905,4.857200384420636,4.857200384420636
2023-08-05 14:00:00+02:00,709.32,13.21,1.59,32.98165538694823,5.043061386040278,5.043061386040278
2023-08-05 15:00:00+02:00,742.1800000000001,13.99,1.52,34.957432084256205,5.238529902035397,5.238529902035397
2023-08-05 16:00:00+02:00,513.98,14.6,1.66,28.738041062429858,3.7096170086897753,3.7096170086897753
2023-08-05 17:00:00+02:00,373.28000000000003,14.45,1.52,24.995586041676084,2.7242173381208605,2.7242173381208605
2023-08-05 18:00:00+02:00,190.28,14.14,1.38,19.665099305442638,1.3973736881890007,1.3973736881890007
2023-08-05 19:00:00+02:00,37.03,13.61,1.17,14.73202600991431,0.2414525599572406,0.2414525599572406
2023-08-05 20:00:00+02:00,10.05,12.76,1.03,13.07361951243868,0.03345628666170296,0.03345628666170296
2023-08-05 21:00:00+02:00,0.0,11.4,0.9,11.4,0.0,0.0
2023-08-05 22:00:00+02:00,0.0,10.14,0.83,10.14,0.0,0.0
2023-08-05 23:00:00+02:00,0.0,9.42,0.83,9.42,0.0,0.0
2023-08-06 00:00:00+02:00,0.0,8.67,0.97,8.67,0.0,0.0
2023-08-06 01:00:00+02:00,0.0,8.12,0.97,8.12,0.0,0.0
2023-08-06 02:00:00+02:00,0.0,7.7,0.9,7.7,0.0,0.0
2023-08-06 03:00:00+02:00,0.0,7.51,0.9,7.51,0.0,0.0
2023-08-06 04:00:00+02:00,0.0,7.08,0.9,7.08,0.0,0.0
2023-08-06 05:00:00+02:00,0.0,6.59,0.83,6.59,0.0,0.0
2023-08-06 06:00:00+02:00,7.1899999999999995,6.04,0.9,6.270774168699448,0.012503929698704105,0.012503929698704105
2023-08-06 07:00:00+02:00,37.37,5.23,1.03,6.396165291525721,0.2522047233381039,0.2522047233381039
2023-08-06 08:00:00+02:00,133.35999999999999,6.16,1.24,10.143083245723023,0.9999905396358358,0.9999905396358358
2023-08-06 09:00:00+02:00,328.98999999999995,7.67,1.59,16.840299590808236,2.4667902711571594,2.4667902711571594
2023-08-06 10:00:00+02:00,393.09000000000003,8.66,1.72,19.35202062842719,2.9274006016278995,2.9274006016278995
2023-08-06 11:00:00+02:00,531.39,8.57,1.66,23.18693770217635,3.9113934363354987,3.9113934363354987
2023-08-06 12:00:00+02:00,643.16,9.29,1.79,26.55900729252811,4.6791088755192565,4.6791088755192565
2023-08-06 13:00:00+02:00,631.67,9.93,1.86,26.6752229974763,4.593721451463413,4.593721451463413
2023-08-06 14:00:00+02:00,597.48,10.22,1.93,25.860346376553615,4.357607805267169,4.357607805267169
2023-08-06 15:00:00+02:00,536.68,9.67,2.0,23.544870734229576,3.9454946136171296,3.9454946136171296
2023-08-06 16:00:00+02:00,439.99,9.77,1.93,21.287701014627814,3.257448971132875,3.257448971132875
2023-08-06 17:00:00+02:00,316.15999999999997,9.33,1.86,17.711227069327506,2.3622584159408477,2.3622584159408477
2023-08-06 18:00:00+02:00,172.98999999999998,8.84,1.79,13.484824882664403,1.2944857134023104,1.2944857134023104
2023-08-06 19:00:00+02:00,44.43,8.09,1.79,9.282956642215037,0.30490159104503584,0.30490159104503584
2023-08-06 20:00:00+02:00,7.74,6.87,1.52,7.088663834018894,0.016711412831999867,0.016711412831999867
2023-08-06 21:00:00+02:00,0.0,6.09,1.52,6.09,0.0,0.0
2023-08-06 22:00:00+02:00,0.0,5.27,1.52,5.27,0.0,0.0
2023-08-06 23:00:00+02:00,0.0,4.73,1.52,4.73,0.0,0.0
2023-08-07 00:00:00+02:00,0.0,4.5,1.59,4.5,0.0,0.0
2023-08-07 01:00:00+02:00,0.0,4.01,1.59,4.01,0.0,0.0
2023-08-07 02:00:00+02:00,0.0,3.71,1.52,3.71,0.0,0.0
2023-08-07 03:00:00+02:00,0.0,3.36,1.45,3.36,0.0,0.0
2023-08-07 04:00:00+02:00,0.0,3.49,1.52,3.49,0.0,0.0
2023-08-07 05:00:00+02:00,0.0,3.05,1.45,3.05,0.0,0.0
2023-08-07 06:00:00+02:00,6.58,3.14,1.52,3.3258925100574066,0.00816005066091939,0.00816005066091939
2023-08-07 07:00:00+02:00,41.71,2.92,1.38,4.131119886640804,0.2891214051374029,0.2891214051374029
2023-08-07 08:00:00+02:00,156.26,3.95,1.52,8.364523346743209,1.1861094910753711,1.1861094910753711
2023-08-07 09:00:00+02:00,382.56,4.99,1.79,15.26183193891031,2.888645542520713,2.888645542520713
2023-08-07 10:00:00+02:00,567.5899999999999,6.22,1.93,21.077910222715513,4.209021318476427,4.209021318476427
2023-08-07 11:00:00+02:00,723.25,7.14,1.93,26.072651330324703,5.269284928748047,5.269284928748047
2023-08-07 12:00:00+02:00,877.48,8.49,1.93,31.45995905887773,5.7,5.7
2023-08-07 13:00:00+02:00,854.23,9.48,2.0,31.56453981385729,5.7,5.7
2023-08-07 14:00:00+02:00,794.88,10.07,2.14,30.123686398772882,5.7,5.7
2023-08-07 15:00:00+02:00,697.0,10.19,2.07,27.989319693146882,5.044541909319976,5.044541909319976
2023-08-07 16:00:00+02:00,573.4100000000001,10.5,1.93,25.510261457755256,4.187086077900034,4.187086077900034
2023-08-07 17:00:00+02:00,407.66999999999996,10.45,1.93,21.1216542935824,3.0182904474733183,3.0182904474733183
2023-08-07 18:00:00+02:00,199.71,10.31,1.72,15.74209809382888,1.488927233948909,1.488927233948909
2023-08-07 19:00:00+02:00,37.13,9.75,1.38,10.828131896211294,0.2460063296832879,0.2460063296832879
2023-08-07 20:00:00+02:00,9.19,8.89,1.17,9.168461221472118,0.027709228140426808,0.027709228140426808
2023-08-07 21:00:00+02:00,0.0,8.0,0.97,8.0,0.0,0.0
2023-08-07 22:00:00+02:00,0.0,6.8,0.83,6.8,0.0,0.0
2023-08-07 23:00:00+02:00,0.0,6.78,0.69,6.78,0.0,0.0
2023-08-08 00:00:00+02:00,0.0,6.13,0.48,6.13,0.0,0.0
2023-08-08 01:00:00+02:00,0.0,5.74,0.34,5.74,0.0,0.0
2023-08-08 02:00:00+02:00,0.0,5.34,0.28,5.34,0.0,0.0
2023-08-08 03:00:00+02:00,0.0,4.59,0.28,4.59,0.0,0.0
2023-08-08 04:00:00+02:00,0.0,4.53,0.28,4.53,0.0,0.0
2023-08-08 05:00:00+02:00,0.0,4.43,0.21,4.43,0.0,0.0
2023-08-08 06:00:00+02:00,6.71,4.17,0.28,4.419301509927476,0.009012042636558904,0.009012042636558904
2023-08-08 07:00:00+02:00,47.14,4.08,0.34,5.805122229704014,0.33048161250594954,0.33048161250594954
2023-08-08 08:00:00+02:00,163.32,5.37,0.28,11.437946736416597,1.2285212275518387,1.2285212275518387
2023-08-08 09:00:00+02:00,373.78000000000003,8.18,0.28,22.067320175960056,2.7561413063972755,2.7561413063972755
2023-08-08 10:00:00+02:00,596.7499999999999,10.12,0.0,33.989999999999995,4.227998109999218,4.227998109999218
2023-08-08 11:00:00+02:00,793.8800000000001,11.67,0.21,41.69980738678489,5.4655237342635905,5.4655237342635905
2023-08-08 12:00:00+02:00,843.4699999999999,13.08,0.41,43.41584612507373,5.7,5.7
2023-08-08 13:00:00+02:00,815.28,14.13,0.55,42.47573395452333,5.596052332444696,5.596052332444696
2023-08-08 14:00:00+02:00,822.4200000000001,15.1,0.83,41.90883522616145,5.656686806603863,5.656686806603863
2023-08-08 15:00:00+02:00,659.5200000000001,15.91,0.9,37.07831428938246,4.62056735198004,4.62056735198004
2023-08-08 16:00:00+02:00,515.56,15.66,0.48,33.88848899700175,3.6528468805413032,3.6528468805413032
2023-08-08 17:00:00+02:00,363.58000000000004,15.09,0.41,28.16634762843291,2.622941964084477,2.622941964084477
2023-08-08 18:00:00+02:00,148.83,14.53,0.41,19.882749924472385,1.083186968773841,1.083186968773841
2023-08-08 19:00:00+02:00,39.81,13.56,0.41,14.991787774596826,0.26264854043708963,0.26264854043708963
2023-08-08 20:00:00+02:00,11.290000000000001,12.65,0.41,13.056050840874107,0.043098850860976326,0.043098850860976326
2023-08-08 21:00:00+02:00,0.0,11.24,0.48,11.24,0.0,0.0
2023-08-08 22:00:00+02:00,0.0,10.73,0.41,10.73,0.0,0.0
2023-08-08 23:00:00+02:00,0.0,9.93,0.34,9.93,0.0,0.0
2023-08-09 00:00:00+02:00,0.0,9.22,0.48,9.22,0.0,0.0
2023-08-09 01:00:00+02:00,0.0,8.84,0.41,8.84,0.0,0.0
2023-08-09 02:00:00+02:00,0.0,8.46,0.34,8.46,0.0,0.0
2023-08-09 03:00:00+02:00,0.0,8.52,0.41,8.52,0.0,0.0
2023-08-09 04:00:00+02:00,0.0,8.01,0.48,8.01,0.0,0.0
2023-08-09 05:00:00+02:00,0.0,7.53,0.55,7.53,0.0,0.0
2023-08-09 06:00:00+02:00,6.85,7.19,0.62,7.424261716505705,0.009594351457209702,0.009594351457209702
2023-08-09 07:00:00+02:00,49.620000000000005,7.17,0.62,8.8669439960603,0.34623901941835894,0.34623901941835894
2023-08-09 08:00:00+02:00,160.07999999999998,8.41,0.62,13.884542420180022,1.1931585398107623,1.1931585398107623
2023-08-09 09:00:00+02:00,285.78999999999996,11.28,0.83,20.596039273466936,2.1108413302712212,2.1108413302712212
2023-08-09 10:00:00+02:00,410.6,12.41,1.03,25.223151423614148,2.9967592271926144,2.9967592271926144
2023-08-09 11:00:00+02:00,578.18,13.39,1.1,31.167026196039846,4.138121209945299,4.138121209945299
2023-08-09 12:00:00+02:00,588.86,14.84,1.59,31.253941508992185,4.213334648317923,4.213334648317923
2023-08-09 13:00:00+02:00,661.72,15.77,1.72,33.768737923230915,4.691974088086075,4.691974088086075
2023-08-09 14:00:00+02:00,708.83,16.67,1.86,35.46069200262974,4.994720156098425,4.994720156098425
2023-08-09 15:00:00+02:00,589.54,17.44,1.79,33.26929684563254,4.187754497823009,4.187754497823009
2023-08-09 16:00:00+02:00,503.19,17.48,1.45,31.890619164900627,3.5906860474476607,3.5906860474476607
2023-08-09 17:00:00+02:00,379.22,17.27,1.45,28.130301277278193,2.7373349433333893,2.7373349433333893
2023-08-09 18:00:00+02:00,172.97,16.92,1.31,22.013285120316606,1.2560218603403888,1.2560218603403888
2023-08-09 19:00:00+02:00,34.41,16.1,1.17,17.142638806404307,0.21905613465817542,0.21905613465817542
2023-08-09 20:00:00+02:00,5.72,15.08,1.03,15.258497871756145,0.0,0.0
2023-08-09 21:00:00+02:00,0.0,13.59,0.83,13.59,0.0,0.0
2023-08-09 22:00:00+02:00,0.0,13.12,0.69,13.12,0.0,0.0
2023-08-09 23:00:00+02:00,0.0,12.72,0.69,12.72,0.0,0.0
2023-08-10 00:00:00+02:00,0.0,12.17,0.62,12.17,0.0,0.0
2023-08-10 01:00:00+02:00,0.0,11.39,0.48,11.39,0.0,0.0
2023-08-10 02:00:00+02:00,0.0,10.41,0.41,10.41,0.0,0.0
2023-08-10 03:00:00+02:00,0.0,9.43,0.41,9.43,0.0,0.0
2023-08-10 04:00:00+02:00,0.0,8.65,0.41,8.65,0.0,0.0
2023-08-10 05:00:00+02:00,0.0,7.58,0.41,7.58,0.0,0.0
2023-08-10 06:00:00+02:00,6.090000000000001,6.7,0.41,6.919030081569824,0.003654969316230618,0.003654969316230618
2023-08-10 07:00:00+02:00,47.32,6.52,0.48,8.193078010974713,0.32896606127675543,0.32896606127675543
2023-08-10 08:00:00+02:00,167.63,8.33,0.48,14.256839961531934,1.2497508709865572,1.2497508709865572
2023-08-10 09:00:00+02:00,401.85999999999996,12.4,0.55,26.371907377790137,2.920549695807894,2.920549695807894
2023-08-10 10:00:00+02:00,623.62,15.75,0.76,36.400762954328705,4.379961174218656,4.379961174218656
2023-08-10 11:00:00+02:00,804.16,17.89,0.83,44.10360489223267,5.486733128473664,5.486733128473664
2023-08-10 12:00:00+02:00,914.34,19.56,0.76,49.837763060294584,5.7,5.7
2023-08-10 13:00:00+02:00,921.1,20.85,0.76,51.351615979654554,5.7,5.7
2023-08-10 14:00:00+02:00,903.9399999999999,21.62,0.55,53.048273416313194,5.7,5.7
2023-08-10 15:00:00+02:00,811.0199999999999,22.15,0.48,50.82497312892458,5.394428040529083,5.394428040529083
2023-08-10 16:00:00+02:00,630.39,22.01,0.69,43.221254525632915,4.317405971272513,4.317405971272513
2023-08-10 17:00:00+02:00,413.94,21.33,0.48,35.96554336143011,2.906723386964599,2.906723386964599
2023-08-10 18:00:00+02:00,196.21,20.77,0.34,27.95044617501537,1.3999758034367344,1.3999758034367344
2023-08-10 19:00:00+02:00,33.97,19.83,0.28,21.092112115087385,0.21218522295988873,0.21218522295988873
2023-08-10 20:00:00+02:00,8.049999999999999,18.49,0.21,18.79450439545475,0.01670859050916523,0.01670859050916523
2023-08-10 21:00:00+02:00,0.0,17.71,0.34,17.71,0.0,0.0
2023-08-10 22:00:00+02:00,0.0,16.74,0.34,16.74,0.0,0.0
2023-08-10 23:00:00+02:00,0.0,15.72,0.48,15.72,0.0,0.0
2023-08-11 00:00:00+02:00,0.0,14.67,0.48,14.67,0.0,0.0
2023-08-11 01:00:00+02:00,0.0,13.88,0.48,13.88,0.0,0.0
2023-08-11 02:00:00+02:00,0.0,13.28,0.48,13.28,0.0,0.0
2023-08-11 03:00:00+02:00,0.0,12.86,0.48,12.86,0.0,0.0
2023-08-11 04:00:00+02:00,0.0,11.93,0.48,11.93,0.0,0.0
2023-08-11 05:00:00+02:00,0.0,10.17,0.41,10.17,0.0,0.0
2023-08-11 06:00:00+02:00,4.88,9.72,0.34,9.89858711245133,0.0,0.0
2023-08-11 07:00:00+02:00,39.68,9.58,0.34,11.032118160259976,0.265744351654148,0.265744351654148
2023-08-11 08:00:00+02:00,154.10999999999999,10.73,0.28,16.455760908334323,1.136820436206325,1.136820436206325
2023-08-11 09:00:00+02:00,375.27,13.64,0.28,27.582679229580314,2.7138377650224097,2.7138377650224097
2023-08-11 10:00:00+02:00,582.61,17.41,0.41,38.36387780351311,4.062364392012881,4.062364392012881
2023-08-11 11:00:00+02:00,735.7199999999999,19.15,0.28,46.48474022113898,4.976613565627311,4.976613565627311
2023-08-11 12:00:00+02:00,845.8199999999999,20.27,0.14,52.85467654944988,5.581111366150213,5.581111366150213
2023-08-11 13:00:00+02:00,879.8500000000001,21.07,0.14,54.96566061577342,5.7,5.7
2023-08-11 14:00:00+02:00,775.19,21.6,0.21,50.92282761646821,5.155017553231827,5.155017553231827
2023-08-11 15:00:00+02:00,759.62,21.91,0.14,51.1738764754831,5.046910653874663,5.046910653874663
2023-08-11 16:00:00+02:00,551.56,22.02,0.21,42.88365768410222,3.781386067542032,3.781386067542032
2023-08-11 17:00:00+02:00,334.73,21.67,0.14,34.565259962400226,2.3570771587764403,2.3570771587764403
2023-08-11 18:00:00+02:00,163.42,20.82,0.21,27.00162836089634,1.1632239079446045,1.1632239079446045
2023-08-11 19:00:00+02:00,37.34,20.01,0.21,21.42244647531434,0.23732875699828,0.23732875699828
2023-08-11 20:00:00+02:00,6.88,19.01,0.14,19.27504761611243,0.007702667194775228,0.007702667194775228
2023-08-11 21:00:00+02:00,0.0,18.0,0.34,18.0,0.0,0.0
2023-08-11 22:00:00+02:00,0.0,16.72,0.34,16.72,0.0,0.0
2023-08-11 23:00:00+02:00,0.0,15.96,0.41,15.96,0.0,0.0
2023-08-12 00:00:00+02:00,0.0,15.14,0.34,15.14,0.0,0.0
2023-08-12 01:00:00+02:00,0.0,14.61,0.34,14.61,0.0,0.0
2023-08-12 02:00:00+02:00,0.0,14.17,0.34,14.17,0.0,0.0
2023-08-12 03:00:00+02:00,0.0,13.63,0.34,13.63,0.0,0.0
2023-08-12 04:00:00+02:00,0.0,13.53,0.28,13.53,0.0,0.0
2023-08-12 05:00:00+02:00,0.0,13.27,0.21,13.27,0.0,0.0
2023-08-12 06:00:00+02:00,3.8899999999999997,13.06,0.14,13.209859771319383,0.0,0.0
2023-08-12 07:00:00+02:00,32.15,12.77,0.14,14.00855826424631,0.2043736811660536,0.2043736811660536
2023-08-12 08:00:00+02:00,132.13,13.56,0.0,18.8452,0.9604775951521263,0.9604775951521263
2023-08-12 09:00:00+02:00,241.0,15.99,0.34,24.809568463272534,1.7480735213944343,1.7480735213944343
2023-08-12 10:00:00+02:00,515.95,17.51,0.34,36.3915616125538,3.622437164767591,3.622437164767591
2023-08-12 11:00:00+02:00,546.9499999999999,19.08,0.28,39.40123112590655,3.7985899824197897,3.7985899824197897
2023-08-12 12:00:00+02:00,724.6,19.56,0.34,46.07725854144099,4.909107652412385,4.909107652412385
2023-08-12 13:00:00+02:00,733.23,20.52,0.41,46.89100602782293,4.952202800178828,4.952202800178828
2023-08-12 14:00:00+02:00,744.17,20.92,0.41,47.68446893297464,5.010829795923386,5.010829795923386
2023-08-12 15:00:00+02:00,510.15999999999997,21.11,0.41,39.45817510897555,3.54140635517931,3.54140635517931
2023-08-12 16:00:00+02:00,252.23000000000002,19.52,0.62,28.145960986019535,1.80946170982582,1.80946170982582
2023-08-12 17:00:00+02:00,197.79999999999998,18.13,0.62,24.89452080654428,1.4273323152207296,1.4273323152207296
2023-08-12 18:00:00+02:00,124.25999999999999,18.11,0.55,22.43028370766984,0.8891451300710107,0.8891451300710107
2023-08-12 19:00:00+02:00,34.519999999999996,17.94,0.41,19.181530117535356,0.218062316616886,0.218062316616886
2023-08-12 20:00:00+02:00,5.85,17.38,0.41,17.590398354217317,0.0001204056299328884,0.0001204056299328884
2023-08-12 21:00:00+02:00,0.0,16.76,0.14,16.76,0.0,0.0
2023-08-12 22:00:00+02:00,0.0,15.9,0.07,15.9,0.0,0.0
2023-08-12 23:00:00+02:00,0.0,15.16,0.07,15.16,0.0,0.0
2023-08-13 00:00:00+02:00,0.0,14.26,0.14,14.26,0.0,0.0
2023-08-13 01:00:00+02:00,0.0,13.28,0.14,13.28,0.0,0.0
2023-08-13 02:00:00+02:00,0.0,12.49,0.21,12.49,0.0,0.0
2023-08-13 03:00:00+02:00,0.0,11.85,0.21,11.85,0.0,0.0
2023-08-13 04:00:00+02:00,0.0,10.96,0.14,10.96,0.0,0.0
2023-08-13 05:00:00+02:00,0.0,10.55,0.14,10.55,0.0,0.0
2023-08-13 06:00:00+02:00,4.88,10.49,0.14,10.677998890498351,0.0,0.0
2023-08-13 07:00:00+02:00,37.79,10.44,0.07,11.923193870982935,0.2500902341453815,0.2500902341453815
2023-08-13 08:00:00+02:00,167.48,11.76,0.07,18.333308005086582,1.2308629756036682,1.2308629756036682
2023-08-13 09:00:00+02:00,393.84,16.54,0.21,31.43764113116763,2.8103059046886947,2.8103059046886947
2023-08-13 10:00:00+02:00,614.53,18.84,0.41,40.94189754139632,4.24460310265463,4.24460310265463
2023-08-13 11:00:00+02:00,669.0999999999999,20.41,0.55,43.67333356512064,4.5747419924038075,4.5747419924038075
2023-08-13 12:00:00+02:00,732.99,21.14,0.62,46.2073716177396,4.96338365523392,4.96338365523392
2023-08-13 13:00:00+02:00,708.02,21.59,0.55,46.206507892357976,4.79465363154071,4.79465363154071
2023-08-13 14:00:00+02:00,632.0200000000001,20.85,0.62,42.46431971765479,4.340827506249007,4.340827506249007
2023-08-13 15:00:00+02:00,513.16,20.91,0.34,39.68945955441052,3.5592734330334332,3.5592734330334332
2023-08-13 16:00:00+02:00,398.15000000000003,20.6,0.34,35.17058582428199,2.8030174198925653,2.8030174198925653
2023-08-13 17:00:00+02:00,258.32,20.26,0.55,29.241294763924625,1.8467111214812097,1.8467111214812097
2023-08-13 18:00:00+02:00,135.04999999999998,19.79,0.34,24.732251954211435,0.961965427137762,0.961965427137762
2023-08-13 19:00:00+02:00,30.7,19.2,0.41,20.304141790507977,0.1881040547216795,0.1881040547216795
2023-08-13 20:00:00+02:00,4.51,18.26,0.48,18.41945861854387,0.0,0.0
2023-08-13 21:00:00+02:00,0.0,16.56,0.62,16.56,0.0,0.0
2023-08-13 22:00:00+02:00,0.0,16.01,0.34,16.01,0.0,0.0
2023-08-13 23:00:00+02:00,0.0,15.45,0.28,15.45,0.0,0.0
2023-08-14 00:00:00+02:00,0.0,14.89,0.21,14.89,0.0,0.0
2023-08-14 01:00:00+02:00,0.0,14.48,0.21,14.48,0.0,0.0
2023-08-14 02:00:00+02:00,0.0,13.83,0.14,13.83,0.0,0.0
2023-08-14 03:00:00+02:00,0.0,13.17,0.21,13.17,0.0,0.0
2023-08-14 04:00:00+02:00,0.0,12.8,0.28,12.8,0.0,0.0
2023-08-14 05:00:00+02:00,0.0,12.39,0.21,12.39,0.0,0.0
2023-08-14 06:00:00+02:00,0.0,12.24,0.21,12.24,0.0,0.0
2023-08-14 07:00:00+02:00,38.13,12.06,0.21,13.50232951536518,0.2511696592133604,0.2511696592133604
2023-08-14 08:00:00+02:00,151.76999999999998,12.41,0.41,17.868488584540575,1.1133548877911603,1.1133548877911603
2023-08-14 09:00:00+02:00,326.75,15.34,0.55,26.700475627564145,2.366539747497695,2.366539747497695
2023-08-14 10:00:00+02:00,517.41,17.11,0.9,33.717074078829114,3.6682831892931946,3.6682831892931946
2023-08-14 11:00:00+02:00,573.76,18.5,1.03,36.404709597693255,4.029377014823642,4.029377014823642
2023-08-14 12:00:00+02:00,686.5400000000001,19.21,0.9,41.245562973424065,4.736479974479203,4.736479974479203
2023-08-14 13:00:00+02:00,562.9799999999999,19.97,0.83,38.32174005450301,3.9258256300463357,3.9258256300463357
2023-08-14 14:00:00+02:00,510.37999999999994,20.02,0.9,36.40143535755553,3.583040389938605,3.583040389938605
2023-08-14 15:00:00+02:00,423.45,19.62,0.83,33.4234110023079,3.001814165830855,3.001814165830855
2023-08-14 16:00:00+02:00,349.33,19.29,0.76,30.85783140828653,2.4947032111213057,2.4947032111213057
2023-08-14 17:00:00+02:00,226.82,19.04,0.97,26.209952078091217,1.63475139850209,1.63475139850209
2023-08-14 18:00:00+02:00,153.86,17.76,0.83,22.77545121458282,1.109640153379077,1.109640153379077
2023-08-14 19:00:00+02:00,34.480000000000004,17.44,0.69,18.600177122168535,0.2182810618152715,0.2182810618152715
2023-08-14 20:00:00+02:00,4.92,16.67,0.62,16.83825805039534,0.0,0.0
2023-08-14 21:00:00+02:00,0.0,16.09,0.55,16.09,0.0,0.0
2023-08-14 22:00:00+02:00,0.0,15.75,0.28,15.75,0.0,0.0
2023-08-14 23:00:00+02:00,0.0,15.1,0.21,15.1,0.0,0.0
2023-08-15 00:00:00+02:00,0.0,14.32,0.21,14.32,0.0,0.0
2023-08-15 01:00:00+02:00,0.0,13.43,0.21,13.43,0.0,0.0
2023-08-15 02:00:00+02:00,0.0,13.04,0.21,13.04,0.0,0.0
2023-08-15 03:00:00+02:00,0.0,12.74,0.21,12.74,0.0,0.0
2023-08-15 04:00:00+02:00,0.0,12.62,0.21,12.62,0.0,0.0
2023-08-15 05:00:00+02:00,0.0,12.33,0.21,12.33,0.0,0.0
2023-08-15 06:00:00+02:00,0.0,12.24,0.14,12.24,0.0,0.0
2023-08-15 07:00:00+02:00,31.52,11.94,0.21,13.1322954713955,0.20021687302143543,0.20021687302143543
2023-08-15 08:00:00+02:00,159.32,12.8,0.21,18.826539165695785,1.1668415127518665,1.1668415127518665
2023-08-15 09:00:00+02:00,331.28,15.04,0.21,27.57120697220499,2.3923328309524936,2.3923328309524936
2023-08-15 10:00:00+02:00,525.64,16.97,0.28,36.49948519795505,3.6892754945088404,3.6892754945088404
2023-08-15 11:00:00+02:00,717.9799999999999,18.64,0.28,45.31563309951254,4.878321300102738,4.878321300102738
2023-08-15 12:00:00+02:00,810.06,20.09,0.21,50.731842308332446,5.389991666849295,5.389991666849295
2023-08-15 13:00:00+02:00,702.55,20.84,0.21,47.415100997110045,4.735963166313103,4.735963166313103
2023-08-15 14:00:00+02:00,528.35,19.73,0.21,39.71570153273517,3.6647114347985603,3.6647114347985603
2023-08-15 15:00:00+02:00,347.96999999999997,20.23,0.28,33.15838247532992,2.464194851627637,2.464194851627637
2023-08-15 16:00:00+02:00,213.12,18.94,0.14,27.15031220143619,1.5284703785603992,1.5284703785603992
2023-08-15 17:00:00+02:00,124.32,16.65,0.41,21.121234768597773,0.8938286276362634,0.8938286276362634
2023-08-15 18:00:00+02:00,127.52000000000001,16.18,0.28,20.9178433004399,0.918608775054599,0.918608775054599
2023-08-15 19:00:00+02:00,38.48,16.33,0.28,17.759675425038637,0.24960964307326197,0.24960964307326197
2023-08-15 20:00:00+02:00,5.29,16.02,0.34,16.21359135755482,0.0,0.0
2023-08-15 21:00:00+02:00,0.0,17.04,0.34,17.04,0.0,0.0
2023-08-15 22:00:00+02:00,0.0,15.91,0.28,15.91,0.0,0.0
2023-08-15 23:00:00+02:00,0.0,15.03,0.21,15.03,0.0,0.0
2023-08-16 00:00:00+02:00,0.0,13.94,0.14,13.94,0.0,0.0
2023-08-16 01:00:00+02:00,0.0,12.28,0.14,12.28,0.0,0.0
2023-08-16 02:00:00+02:00,0.0,11.41,0.14,11.41,0.0,0.0
2023-08-16 03:00:00+02:00,0.0,11.39,0.14,11.39,0.0,0.0
2023-08-16 04:00:00+02:00,0.0,10.73,0.14,10.73,0.0,0.0
2023-08-16 05:00:00+02:00,0.0,10.42,0.14,10.42,0.0,0.0
2023-08-16 06:00:00+02:00,0.0,10.51,0.07,10.51,0.0,0.0
2023-08-16 07:00:00+02:00,30.91,10.79,0.14,11.98078805436558,0.19640894234481962,0.19640894234481962
2023-08-16 08:00:00+02:00,177.46,12.08,0.14,18.91653342373717,1.3039559265266558,1.3039559265266558
2023-08-16 09:00:00+02:00,406.45,16.84,0.07,32.79247813868785,2.88691884869231,2.88691884869231
2023-08-16 10:00:00+02:00,627.89,19.14,0.41,41.72239703068579,4.324383044278901,4.324383044278901
2023-08-16 11:00:00+02:00,773.8399999999999,20.29,0.48,47.65041183458732,5.210677839983851,5.210677839983851
2023-08-16 12:00:00+02:00,871.12,20.98,0.48,51.77990948690389,5.7,5.7
2023-08-16 13:00:00+02:00,769.7,21.42,0.41,49.102668930097394,5.154372516451165,5.154372516451165
2023-08-16 14:00:00+02:00,610.77,21.41,0.34,43.76156776063472,4.174472259302978,4.174472259302978
2023-08-16 15:00:00+02:00,418.03999999999996,20.15,0.55,34.68445518392323,2.949566184425229,2.949566184425229
2023-08-16 16:00:00+02:00,336.58000000000004,19.02,0.28,31.52520152181667,2.3967210084444717,2.3967210084444717
2023-08-16 17:00:00+02:00,215.92,18.58,0.28,26.60223279039353,1.5521349533643536,1.5521349533643536
2023-08-16 18:00:00+02:00,136.76999999999998,18.5,0.41,23.419005625008992,0.9794276885700253,0.9794276885700253
2023-08-16 19:00:00+02:00,34.519999999999996,18.31,0.41,19.551530117535354,0.21772906388916924,0.21772906388916924
2023-08-16 20:00:00+02:00,4.1,17.64,0.41,17.7874586756053,0.0,0.0
2023-08-16 21:00:00+02:00,0.0,17.09,0.28,17.09,0.0,0.0
2023-08-16 22:00:00+02:00,0.0,16.13,0.14,16.13,0.0,0.0
2023-08-16 23:00:00+02:00,0.0,15.22,0.14,15.22,0.0,0.0
2023-08-17 00:00:00+02:00,0.0,14.71,0.21,14.71,0.0,0.0
2023-08-17 01:00:00+02:00,0.0,14.32,0.0,14.32,0.0,0.0
2023-08-17 02:00:00+02:00,0.0,13.86,0.21,13.86,0.0,0.0
2023-08-17 03:00:00+02:00,0.0,13.65,0.21,13.65,0.0,0.0
2023-08-17 04:00:00+02:00,0.0,13.33,0.21,13.33,0.0,0.0
2023-08-17 05:00:00+02:00,0.0,12.99,0.28,12.99,0.0,0.0
2023-08-17 06:00:00+02:00,0.0,12.64,0.21,12.64,0.0,0.0
2023-08-17 07:00:00+02:00,33.45,11.95,0.21,13.21530087303869,0.21513039174558296,0.21513039174558296
2023-08-17 08:00:00+02:00,145.12,13.23,0.14,18.820655530557524,1.0591470803909435,1.0591470803909435
2023-08-17 09:00:00+02:00,311.71,15.64,0.14,27.64842913058218,2.248482059905941,2.248482059905941
2023-08-17 10:00:00+02:00,284.28999999999996,18.12,0.14,29.072091102413168,2.037225611571718,2.037225611571718
2023-08-17 11:00:00+02:00,524.12,18.22,0.41,37.07025391664628,3.6708826768690974,3.6708826768690974
2023-08-17 12:00:00+02:00,518.35,18.82,0.34,37.789391339988875,3.620736290762955,3.620736290762955
2023-08-17 13:00:00+02:00,569.61,19.33,0.21,40.87642840931443,3.9348269949568744,3.9348269949568744
2023-08-17 14:00:00+02:00,688.66,20.15,0.28,45.736285816193075,4.672010819010693,4.672010819010693
2023-08-17 15:00:00+02:00,318.54999999999995,20.82,0.0,33.562,2.249837011267121,2.249837011267121
2023-08-17 16:00:00+02:00,192.79999999999998,19.65,0.48,26.466767551055042,1.382373080029304,1.382373080029304
2023-08-17 17:00:00+02:00,189.84,18.03,0.76,24.31642577090177,1.371129402291706,1.371129402291706
2023-08-17 18:00:00+02:00,128.17000000000002,18.03,0.55,22.486226966135874,0.9182796848849658,0.9182796848849658
2023-08-17 19:00:00+02:00,33.04,17.67,0.28,18.8975591487338,0.20704914352578482,0.20704914352578482
2023-08-17 20:00:00+02:00,4.85,17.18,0.28,17.360195577220306,0.0,0.0
2023-08-17 21:00:00+02:00,0.0,16.71,0.28,16.71,0.0,0.0
2023-08-17 22:00:00+02:00,0.0,15.8,0.28,15.8,0.0,0.0
2023-08-17 23:00:00+02:00,0.0,15.04,0.28,15.04,0.0,0.0
2023-08-18 00:00:00+02:00,0.0,14.38,0.28,14.38,0.0,0.0
2023-08-18 01:00:00+02:00,0.0,13.76,0.28,13.76,0.0,0.0
2023-08-18 02:00:00+02:00,0.0,13.3,0.28,13.3,0.0,0.0
2023-08-18 03:00:00+02:00,0.0,12.99,0.34,12.99,0.0,0.0
2023-08-18 04:00:00+02:00,0.0,12.8,0.34,12.8,0.0,0.0
2023-08-18 05:00:00+02:00,0.0,12.54,0.34,12.54,0.0,0.0
2023-08-18 06:00:00+02:00,0.0,11.41,0.41,11.41,0.0,0.0
2023-08-18 07:00:00+02:00,28.32,10.59,0.41,11.608543827595632,0.17649362641319097,0.17649362641319097
2023-08-18 08:00:00+02:00,179.04000000000002,12.22,0.34,18.772097666656908,1.316598543442111,1.316598543442111
2023-08-18 09:00:00+02:00,415.71999999999997,16.3,0.28,31.74554749732493,2.9645506436409184,2.9645506436409184
2023-08-18 10:00:00+02:00,632.4399999999999,19.3,0.34,42.44459700793395,4.34403257838721,4.34403257838721
2023-08-18 11:00:00+02:00,721.5699999999999,20.54,0.28,47.34901498038283,4.8651771793815595,4.8651771793815595
2023-08-18 12:00:00+02:00,820.0099999999999,21.19,0.14,52.78036274540019,5.413109429922247,5.413109429922247
2023-08-18 13:00:00+02:00,901.92,21.94,0.14,56.68589330292477,5.7,5.7
2023-08-18 14:00:00+02:00,789.19,22.55,0.14,52.95304188368725,5.2069341387604515,5.2069341387604515
2023-08-18 15:00:00+02:00,597.52,22.51,0.07,45.96165392404666,4.050078051012371,4.050078051012371
2023-08-18 16:00:00+02:00,514.12,22.32,0.41,40.8105986102919,3.551145283168532,3.551145283168532
2023-08-18 17:00:00+02:00,307.02,22.23,0.07,34.28001805422547,2.1614931712320167,2.1614931712320167
2023-08-18 18:00:00+02:00,157.38,21.18,0.9,26.23135447425857,1.1218455483719998,1.1218455483719998
2023-08-18 19:00:00+02:00,30.22,20.05,0.48,21.11847881427844,0.183824264369228,0.183824264369228
2023-08-18 20:00:00+02:00,0.0,18.92,0.21,18.92,0.0,0.0
2023-08-18 21:00:00+02:00,0.0,19.22,0.14,19.22,0.0,0.0
2023-08-18 22:00:00+02:00,0.0,17.93,0.21,17.93,0.0,0.0
2023-08-18 23:00:00+02:00,0.0,16.96,0.0,16.96,0.0,0.0
2023-08-19 00:00:00+02:00,0.0,16.11,0.07,16.11,0.0,0.0
2023-08-19 01:00:00+02:00,0.0,15.39,0.07,15.39,0.0,0.0
2023-08-19 02:00:00+02:00,0.0,14.83,0.0,14.83,0.0,0.0
2023-08-19 03:00:00+02:00,0.0,14.29,0.07,14.29,0.0,0.0
2023-08-19 04:00:00+02:00,0.0,13.94,0.21,13.94,0.0,0.0
2023-08-19 05:00:00+02:00,0.0,13.56,0.28,13.56,0.0,0.0
2023-08-19 06:00:00+02:00,0.0,13.17,0.34,13.17,0.0,0.0
2023-08-19 07:00:00+02:00,30.31,12.88,0.41,13.970115233560156,0.19015836307610362,0.19015836307610362
2023-08-19 08:00:00+02:00,177.46,13.6,0.34,20.094276429428813,1.2985288555646537,1.2985288555646537
2023-08-19 09:00:00+02:00,399.74,17.0,0.34,31.628773018707733,2.8508288824462378,2.8508288824462378
2023-08-19 10:00:00+02:00,635.15,20.42,0.48,42.876794139277024,4.355621735113229,4.355621735113229
2023-08-19 11:00:00+02:00,812.96,21.98,0.55,50.245071969960364,5.419293738762494,5.419293738762494
2023-08-19 12:00:00+02:00,807.71,23.03,0.55,51.112539461789865,5.366579969850891,5.366579969850891
2023-08-19 13:00:00+02:00,880.6,23.57,0.48,54.70509079594954,5.7,5.7
2023-08-19 14:00:00+02:00,764.1700000000001,24.29,0.34,52.25535117252686,5.0559600953957995,5.0559600953957995
2023-08-19 15:00:00+02:00,620.07,24.37,0.48,46.293615432482895,4.197863037740304,4.197863037740304
2023-08-19 16:00:00+02:00,526.36,24.02,0.48,42.63034112123098,3.6114350554370405,3.6114350554370405
2023-08-19 17:00:00+02:00,341.36,23.7,0.48,35.769355659897045,2.393768553125536,2.393768553125536
2023-08-19 18:00:00+02:00,161.39999999999998,23.19,0.34,29.096549170009077,1.1395468640901172,1.1395468640901172
2023-08-19 19:00:00+02:00,27.91,22.17,0.41,23.173797960035103,0.1648694816360935,0.1648694816360935
2023-08-19 20:00:00+02:00,0.0,21.15,0.41,21.15,0.0,0.0
2023-08-19 21:00:00+02:00,0.0,19.57,0.41,19.57,0.0,0.0
2023-08-19 22:00:00+02:00,0.0,18.43,0.41,18.43,0.0,0.0
2023-08-19 23:00:00+02:00,0.0,17.34,0.34,17.34,0.0,0.0
2023-08-20 00:00:00+02:00,0.0,16.33,0.34,16.33,0.0,0.0
2023-08-20 01:00:00+02:00,0.0,15.45,0.34,15.45,0.0,0.0
2023-08-20 02:00:00+02:00,0.0,14.83,0.34,14.83,0.0,0.0
2023-08-20 03:00:00+02:00,0.0,14.37,0.34,14.37,0.0,0.0
2023-08-20 04:00:00+02:00,0.0,14.05,0.34,14.05,0.0,0.0
2023-08-20 05:00:00+02:00,0.0,13.77,0.34,13.77,0.0,0.0
2023-08-20 06:00:00+02:00,0.0,13.09,0.41,13.09,0.0,0.0
2023-08-20 07:00:00+02:00,27.56,12.29,0.48,13.264430050347908,0.16937033094921342,0.16937033094921342
2023-08-20 08:00:00+02:00,183.55,14.12,0.34,20.83714436279533,1.3409423249149492,1.3409423249149492
2023-08-20 09:00:00+02:00,414.53,18.33,0.28,33.731334561883244,2.934776765257604,2.934776765257604
2023-08-20 10:00:00+02:00,627.85,21.33,0.48,43.528690388640605,4.295056737311114,4.295056737311114
2023-08-20 11:00:00+02:00,815.8100000000001,22.72,0.48,51.56433161735589,5.4107832294857605,5.4107832294857605
2023-08-20 12:00:00+02:00,913.2,23.85,0.48,56.13771850427109,5.7,5.7
2023-08-20 13:00:00+02:00,858.81,24.52,0.69,53.41709148171577,5.654100934344768,5.654100934344768
2023-08-20 14:00:00+02:00,796.9000000000001,24.8,0.76,51.18881530147293,5.293480678647023,5.293480678647023
2023-08-20 15:00:00+02:00,675.78,24.77,0.69,47.50852945530895,4.5540705470343035,4.5540705470343035
2023-08-20 16:00:00+02:00,506.04,24.6,0.62,41.90595606139367,3.4808281925683033,3.4808281925683033
2023-08-20 17:00:00+02:00,350.64,24.3,0.55,36.49108545998192,2.45315143126984,2.45315143126984
2023-08-20 18:00:00+02:00,163.66000000000003,23.81,0.48,29.596473949199524,1.153958829859445,1.153958829859445
2023-08-20 19:00:00+02:00,27.36,22.92,0.28,23.936525977886102,0.1601975341279441,0.1601975341279441
2023-08-20 20:00:00+02:00,0.0,21.97,0.21,21.97,0.0,0.0
2023-08-20 21:00:00+02:00,0.0,21.28,0.0,21.28,0.0,0.0
2023-08-20 22:00:00+02:00,0.0,20.0,0.0,20.0,0.0,0.0
2023-08-20 23:00:00+02:00,0.0,18.93,0.14,18.93,0.0,0.0
2023-08-21 00:00:00+02:00,0.0,17.93,0.14,17.93,0.0,0.0
2023-08-21 01:00:00+02:00,0.0,17.08,0.07,17.08,0.0,0.0
2023-08-21 02:00:00+02:00,0.0,16.17,0.07,16.17,0.0,0.0
2023-08-21 03:00:00+02:00,0.0,15.11,0.14,15.11,0.0,0.0
2023-08-21 04:00:00+02:00,0.0,13.96,0.14,13.96,0.0,0.0
2023-08-21 05:00:00+02:00,0.0,13.13,0.21,13.13,0.0,0.0
2023-08-21 06:00:00+02:00,0.0,12.47,0.21,12.47,0.0,0.0
2023-08-21 07:00:00+02:00,32.52,11.78,0.21,13.010122104371245,0.20808541343186784,0.20808541343186784
2023-08-21 08:00:00+02:00,176.66,13.23,0.21,19.91245298149521,1.2933256800150499,1.2933256800150499
2023-08-21 09:00:00+02:00,352.90000000000003,18.05,0.28,31.16155035073119,2.517738218262118,2.517738218262118
2023-08-21 10:00:00+02:00,627.58,20.37,0.48,42.55914408553488,4.308795828048599,4.308795828048599
2023-08-21 11:00:00+02:00,781.73,22.2,0.41,50.315334263641724,5.210482027942174,5.210482027942174
2023-08-21 12:00:00+02:00,883.16,23.36,0.28,56.172685768636306,5.7,5.7
2023-08-21 13:00:00+02:00,832.14,24.2,0.34,54.65276224492783,5.453135511815885,5.453135511815885
2023-08-21 14:00:00+02:00,804.36,24.81,0.41,53.739234221921706,5.2905380420605095,5.2905380420605095
2023-08-21 15:00:00+02:00,681.0200000000001,25.18,0.41,49.67324567334667,4.551639301155095,4.551639301155095
2023-08-21 16:00:00+02:00,597.9200000000001,25.13,0.41,46.634510077541684,4.042475962715093,4.042475962715093
2023-08-21 17:00:00+02:00,390.26000000000005,24.96,0.34,39.24184559533917,2.7059429774228527,2.7059429774228527
2023-08-21 18:00:00+02:00,171.74,24.24,0.28,30.620781119961954,1.2084013235959972,1.2084013235959972
2023-08-21 19:00:00+02:00,24.4,23.24,0.28,24.14655094519082,0.137908857916028,0.137908857916028
2023-08-21 20:00:00+02:00,0.0,22.25,0.21,22.25,0.0,0.0
2023-08-21 21:00:00+02:00,0.0,21.13,0.0,21.13,0.0,0.0
2023-08-21 22:00:00+02:00,0.0,20.12,0.14,20.12,0.0,0.0
2023-08-21 23:00:00+02:00,0.0,19.14,0.07,19.14,0.0,0.0
2023-08-22 00:00:00+02:00,0.0,18.2,0.07,18.2,0.0,0.0
2023-08-22 01:00:00+02:00,0.0,17.44,0.07,17.44,0.0,0.0
2023-08-22 02:00:00+02:00,0.0,16.78,0.14,16.78,0.0,0.0
2023-08-22 03:00:00+02:00,0.0,16.17,0.21,16.17,0.0,0.0
2023-08-22 04:00:00+02:00,0.0,15.71,0.21,15.71,0.0,0.0
2023-08-22 05:00:00+02:00,0.0,15.38,0.21,15.38,0.0,0.0
2023-08-22 06:00:00+02:00,0.0,14.54,0.34,14.54,0.0,0.0
2023-08-22 07:00:00+02:00,31.69,13.35,0.34,14.509718359340692,0.20039792142008214,0.20039792142008214
2023-08-22 08:00:00+02:00,174.61,14.65,0.21,21.254908383894936,1.2717573555531412,1.2717573555531412
2023-08-22 09:00:00+02:00,403.9,18.59,0.28,33.59639044108905,2.8602736767099075,2.8602736767099075
2023-08-22 10:00:00+02:00,637.13,21.77,0.41,44.68471853375725,4.339702468992937,4.339702468992937
2023-08-22 11:00:00+02:00,790.98,23.27,0.34,52.216482419416224,5.233565464657353,5.233565464657353
2023-08-22 12:00:00+02:00,824.25,24.36,0.34,54.52402201598501,5.404352893690379,5.404352893690379
2023-08-22 13:00:00+02:00,913.0,25.02,0.34,58.43189214509471,5.7,5.7
2023-08-22 14:00:00+02:00,823.4100000000001,25.56,0.41,55.17437758052682,5.385218480935765,5.385218480935765
2023-08-22 15:00:00+02:00,662.38,25.55,0.48,48.969556485829045,4.439032312779979,4.439032312779979
2023-08-22 16:00:00+02:00,546.9,24.16,0.62,42.863318650652516,3.749620978258099,3.749620978258099
2023-08-22 17:00:00+02:00,343.61,24.51,0.83,35.71082667257768,2.410272799403383,2.410272799403383
2023-08-22 18:00:00+02:00,153.23,23.12,0.55,28.447515471803072,1.0823365089904362,1.0823365089904362
2023-08-22 19:00:00+02:00,23.26,22.51,0.41,23.34655824258031,0.12986758463342507,0.12986758463342507
2023-08-22 20:00:00+02:00,0.0,20.94,0.62,20.94,0.0,0.0
2023-08-22 21:00:00+02:00,0.0,20.38,0.41,20.38,0.0,0.0
2023-08-22 22:00:00+02:00,0.0,19.46,0.41,19.46,0.0,0.0
2023-08-22 23:00:00+02:00,0.0,18.54,0.41,18.54,0.0,0.0
2023-08-23 00:00:00+02:00,0.0,17.56,0.34,17.56,0.0,0.0
2023-08-23 01:00:00+02:00,0.0,16.5,0.34,16.5,0.0,0.0
2023-08-23 02:00:00+02:00,0.0,14.97,0.34,14.97,0.0,0.0
2023-08-23 03:00:00+02:00,0.0,14.39,0.34,14.39,0.0,0.0
2023-08-23 04:00:00+02:00,0.0,14.1,0.34,14.1,0.0,0.0
2023-08-23 05:00:00+02:00,0.0,13.37,0.34,13.37,0.0,0.0
2023-08-23 06:00:00+02:00,0.0,12.14,0.34,12.14,0.0,0.0
2023-08-23 07:00:00+02:00,30.83,11.87,0.34,12.99824604034312,0.19496679727812533,0.19496679727812533
2023-08-23 08:00:00+02:00,183.23000000000002,13.94,0.34,20.64543373247065,1.339446039539712,1.339446039539712
2023-08-23 09:00:00+02:00,416.99,19.37,0.48,34.113381229846695,2.9482336278912453,2.9482336278912453
2023-08-23 10:00:00+02:00,632.9499999999999,22.21,0.76,43.16971972025008,4.335781536368303,4.335781536368303
2023-08-23 11:00:00+02:00,813.8500000000001,23.61,0.83,50.13947465870419,5.427391827721626,5.427391827721626
2023-08-23 12:00:00+02:00,931.71,24.76,0.97,54.21205912476134,5.7,5.7
2023-08-23 13:00:00+02:00,930.3,25.51,0.83,55.835453431212756,5.7,5.7
2023-08-23 14:00:00+02:00,939.65,25.94,0.9,56.09951983566569,5.7,5.7
2023-08-23 15:00:00+02:00,685.44,25.84,0.97,47.50727780798361,4.619140407352729,4.619140407352729
2023-08-23 16:00:00+02:00,519.76,25.53,1.03,41.749589829366016,3.577727839655667,3.577727839655667
2023-08-23 17:00:00+02:00,384.47,24.23,0.97,36.38338804101812,2.693741863703724,2.693741863703724
2023-08-23 18:00:00+02:00,186.92,23.78,0.76,29.969731906326164,1.3219846830269728,1.3219846830269728
2023-08-23 19:00:00+02:00,28.150000000000002,23.16,0.55,24.13872192476184,0.1659615937496878,0.1659615937496878
2023-08-23 20:00:00+02:00,0.0,22.05,0.55,22.05,0.0,0.0
2023-08-23 21:00:00+02:00,0.0,22.2,0.41,22.2,0.0,0.0
2023-08-23 22:00:00+02:00,0.0,20.91,0.41,20.91,0.0,0.0
2023-08-23 23:00:00+02:00,0.0,19.74,0.34,19.74,0.0,0.0
2023-08-24 00:00:00+02:00,0.0,18.81,0.34,18.81,0.0,0.0
2023-08-24 01:00:00+02:00,0.0,18.02,0.28,18.02,0.0,0.0
2023-08-24 02:00:00+02:00,0.0,17.47,0.21,17.47,0.0,0.0
2023-08-24 03:00:00+02:00,0.0,16.91,0.0,16.91,0.0,0.0
2023-08-24 04:00:00+02:00,0.0,16.63,0.0,16.63,0.0,0.0
2023-08-24 05:00:00+02:00,0.0,16.49,0.07,16.49,0.0,0.0
2023-08-24 06:00:00+02:00,0.0,16.48,0.07,16.48,0.0,0.0
2023-08-24 07:00:00+02:00,24.4,16.49,0.07,17.447658916432484,0.14217507741406007,0.14217507741406007
2023-08-24 08:00:00+02:00,186.98,16.81,0.07,24.148650171907622,1.3506802728144685,1.3506802728144685
2023-08-24 09:00:00+02:00,403.52,19.57,0.21,34.83380293837285,2.8446825448972843,2.8446825448972843
2023-08-24 10:00:00+02:00,638.14,22.6,0.41,45.55104371969904,4.332424625222424,4.332424625222424
2023-08-24 11:00:00+02:00,806.5500000000001,24.15,0.34,53.666277776151304,5.306389189673192,5.306389189673192
2023-08-24 12:00:00+02:00,847.75,24.92,0.48,54.89362391808565,5.549763713757767,5.549763713757767
2023-08-24 13:00:00+02:00,818.21,25.15,0.69,52.680989649927994,5.403348647958084,5.403348647958084
2023-08-24 14:00:00+02:00,902.5500000000001,25.14,0.41,57.60068967501547,5.7,5.7
2023-08-24 15:00:00+02:00,647.69,25.78,0.55,48.29894861275294,4.351698322542557,4.351698322542557
2023-08-24 16:00:00+02:00,466.4,25.29,0.69,40.98334715137485,3.217748012329176,3.217748012329176
2023-08-24 17:00:00+02:00,292.94,23.82,0.55,34.00496627494611,2.0628768210936856,2.0628768210936856
2023-08-24 18:00:00+02:00,129.68,21.77,0.14,26.76583936881684,0.9151647148140439,0.9151647148140439
2023-08-24 19:00:00+02:00,23.54,21.5,0.34,22.361463243259067,0.1325730712849922,0.1325730712849922
2023-08-24 20:00:00+02:00,0.0,20.5,0.28,20.5,0.0,0.0
2023-08-24 21:00:00+02:00,0.0,20.68,0.21,20.68,0.0,0.0
2023-08-24 22:00:00+02:00,0.0,19.67,0.14,19.67,0.0,0.0
2023-08-24 23:00:00+02:00,0.0,18.73,0.14,18.73,0.0,0.0
2023-08-25 00:00:00+02:00,0.0,17.89,0.14,17.89,0.0,0.0
2023-08-25 01:00:00+02:00,0.0,17.21,0.07,17.21,0.0,0.0
2023-08-25 02:00:00+02:00,0.0,16.54,0.07,16.54,0.0,0.0
2023-08-25 03:00:00+02:00,0.0,15.54,0.07,15.54,0.0,0.0
2023-08-25 04:00:00+02:00,0.0,15.28,0.0,15.28,0.0,0.0
2023-08-25 05:00:00+02:00,0.0,15.02,0.0,15.02,0.0,0.0
2023-08-25 06:00:00+02:00,0.0,14.68,0.0,14.68,0.0,0.0
2023-08-25 07:00:00+02:00,24.5,14.31,0.07,15.271583748057209,0.1443320131129795,0.1443320131129795
2023-08-25 08:00:00+02:00,176.10999999999999,15.1,0.21,21.76164833335855,1.2807154445312305,1.2807154445312305
2023-08-25 09:00:00+02:00,385.25,17.59,0.28,31.903473427654262,2.743794274545303,2.743794274545303
2023-08-25 10:00:00+02:00,581.2600000000001,19.79,0.62,39.66838910016142,4.033487868663578,4.033487868663578
2023-08-25 11:00:00+02:00,550.39,20.94,0.55,40.07601279465962,3.813017431152306,3.813017431152306
2023-08-25 12:00:00+02:00,554.3,21.26,0.55,40.531956053125654,3.833696201759552,3.833696201759552
2023-08-25 13:00:00+02:00,600.56,20.4,0.41,41.999459078419235,4.131731089219735,4.131731089219735
2023-08-25 14:00:00+02:00,389.22999999999996,21.23,0.34,35.474152003981615,2.7365665882755095,2.7365665882755095
2023-08-25 15:00:00+02:00,272.49,20.37,0.28,30.494019141600287,1.9411637500174603,1.9411637500174603
2023-08-25 16:00:00+02:00,315.59,20.25,0.76,30.700553671717707,2.251974642353576,2.251974642353576
2023-08-25 17:00:00+02:00,354.01,20.25,0.9,31.61249839517268,2.5216291281124406,2.5216291281124406
2023-08-25 18:00:00+02:00,112.92999999999999,20.49,0.76,24.229602098124403,0.7988719236108415,0.7988719236108415
2023-08-25 19:00:00+02:00,20.299999999999997,18.26,0.69,18.94305091589389,0.10999759934471941,0.10999759934471941
2023-08-25 20:00:00+02:00,0.0,16.82,0.14,16.82,0.0,0.0
2023-08-25 21:00:00+02:00,0.0,15.93,0.41,15.93,0.0,0.0
2023-08-25 22:00:00+02:00,0.0,15.66,0.07,15.66,0.0,0.0
2023-08-25 23:00:00+02:00,0.0,14.71,0.0,14.71,0.0,0.0
2023-08-26 00:00:00+02:00,0.0,13.92,0.48,13.92,0.0,0.0
2023-08-26 01:00:00+02:00,0.0,13.38,0.14,13.38,0.0,0.0
2023-08-26 02:00:00+02:00,0.0,12.99,0.21,12.99,0.0,0.0
2023-08-26 03:00:00+02:00,0.0,12.42,0.28,12.42,0.0,0.0
2023-08-26 04:00:00+02:00,0.0,12.11,0.28,12.11,0.0,0.0
2023-08-26 05:00:00+02:00,0.0,11.57,0.28,11.57,0.0,0.0
2023-08-26 06:00:00+02:00,0.0,11.39,0.28,11.39,0.0,0.0
2023-08-26 07:00:00+02:00,24.53,10.83,0.14,11.775002619656671,0.14680196739557705,0.14680196739557705
2023-08-26 08:00:00+02:00,143.12,11.82,0.0,17.544800000000002,1.0487181618954653,1.0487181618954653
2023-08-26 09:00:00+02:00,191.91,14.36,0.48,21.1453001074843,1.4023141172746438,1.4023141172746438
2023-08-26 10:00:00+02:00,321.62,15.0,0.69,25.821814560088292,2.3361877716064643,2.3361877716064643
2023-08-26 11:00:00+02:00,365.28,16.17,0.69,28.46087874668569,2.632563486797506,2.632563486797506
2023-08-26 12:00:00+02:00,242.17,16.47,0.62,24.75192115126809,1.75710384421977,1.75710384421977
2023-08-26 13:00:00+02:00,115.87,16.09,0.55,20.11857937556498,0.8331856327619033,0.8331856327619033
2023-08-26 14:00:00+02:00,112.14,14.72,0.28,18.88641897515159,0.8085753029549401,0.8085753029549401
2023-08-26 15:00:00+02:00,122.14,14.3,0.34,18.76980121205024,0.8848769187913349,0.8848769187913349
2023-08-26 16:00:00+02:00,119.84000000000002,14.34,0.69,18.372355751759784,0.8686472586374135,0.8686472586374135
2023-08-26 17:00:00+02:00,216.35000000000002,14.67,0.34,22.587483971074743,1.5778313066409968,1.5778313066409968
2023-08-26 18:00:00+02:00,116.92,15.09,0.28,19.43401379146356,0.8432076594018871,0.8432076594018871
2023-08-26 19:00:00+02:00,20.34,14.95,0.21,15.719393714726664,0.11201386837702701,0.11201386837702701
2023-08-26 20:00:00+02:00,0.0,14.37,0.28,14.37,0.0,0.0
2023-08-26 21:00:00+02:00,0.0,13.78,0.21,13.78,0.0,0.0
2023-08-26 22:00:00+02:00,0.0,13.5,0.48,13.5,0.0,0.0
2023-08-26 23:00:00+02:00,0.0,13.31,0.62,13.31,0.0,0.0
2023-08-27 00:00:00+02:00,0.0,12.77,0.55,12.77,0.0,0.0
2023-08-27 01:00:00+02:00,0.0,12.32,0.48,12.32,0.0,0.0
2023-08-27 02:00:00+02:00,0.0,11.89,0.48,11.89,0.0,0.0
2023-08-27 03:00:00+02:00,0.0,12.02,0.34,12.02,0.0,0.0
2023-08-27 04:00:00+02:00,0.0,11.9,0.28,11.9,0.0,0.0
2023-08-27 05:00:00+02:00,0.0,11.72,0.48,11.72,0.0,0.0
2023-08-27 06:00:00+02:00,0.0,11.6,0.41,11.6,0.0,0.0
2023-08-27 07:00:00+02:00,13.04,11.58,0.07,12.091798043863918,0.05702841044827757,0.05702841044827757
2023-08-27 08:00:00+02:00,42.17,11.41,0.62,12.85216300511614,0.2832072207654825,0.2832072207654825
2023-08-27 09:00:00+02:00,51.800000000000004,11.14,0.48,12.971475929173502,0.35785367250105093,0.35785367250105093
2023-08-27 10:00:00+02:00,82.47999999999999,11.08,0.69,13.855272883888073,0.5940227195067938,0.5940227195067938
2023-08-27 11:00:00+02:00,69.69,11.12,0.69,13.464917159046554,0.495809192043486,0.495809192043486
2023-08-27 12:00:00+02:00,89.63,10.88,0.69,13.895854856727547,0.6492097854107233,0.6492097854107233
2023-08-27 13:00:00+02:00,159.46,10.99,0.69,16.355482711745786,1.1781408219915994,1.1781408219915994
2023-08-27 14:00:00+02:00,219.82999999999998,11.4,0.76,18.679524743032744,1.6261101889875302,1.6261101889875302
2023-08-27 15:00:00+02:00,70.28,11.63,0.76,13.957275617251245,0.49947768143700294,0.49947768143700294
2023-08-27 16:00:00+02:00,55.120000000000005,11.05,0.83,12.846774151487098,0.3838072129462808,0.3838072129462808
2023-08-27 17:00:00+02:00,19.330000000000002,10.78,0.97,11.391035947753739,0.10642033312813895,0.10642033312813895
2023-08-27 18:00:00+02:00,16.9,10.47,0.9,11.012431634356144,0.08759935356678794,0.08759935356678794
2023-08-27 19:00:00+02:00,4.79,10.23,0.97,10.38141552973308,0.0,0.0
2023-08-27 20:00:00+02:00,0.0,9.72,0.9,9.72,0.0,0.0
2023-08-27 21:00:00+02:00,0.0,9.47,0.9,9.47,0.0,0.0
2023-08-27 22:00:00+02:00,0.0,9.05,0.97,9.05,0.0,0.0
2023-08-27 23:00:00+02:00,0.0,8.51,0.97,8.51,0.0,0.0
2023-08-28 00:00:00+02:00,0.0,8.13,0.9,8.13,0.0,0.0
2023-08-28 01:00:00+02:00,0.0,7.75,0.97,7.75,0.0,0.0
2023-08-28 02:00:00+02:00,0.0,7.54,0.9,7.54,0.0,0.0
2023-08-28 03:00:00+02:00,0.0,6.39,1.03,6.39,0.0,0.0
2023-08-28 04:00:00+02:00,0.0,5.76,1.1,5.76,0.0,0.0
2023-08-28 05:00:00+02:00,0.0,4.88,1.1,4.88,0.0,0.0
2023-08-28 06:00:00+02:00,0.0,4.32,1.03,4.32,0.0,0.0
2023-08-28 07:00:00+02:00,5.470000000000001,3.96,1.1,4.128183495265035,0.0,0.0
2023-08-28 08:00:00+02:00,8.629999999999999,3.52,1.17,3.7814929642333377,0.024513533819880244,0.024513533819880244
2023-08-28 09:00:00+02:00,23.45,2.87,0.97,3.6112722697788513,0.14337203548856645,0.14337203548856645
2023-08-28 10:00:00+02:00,50.4,1.85,0.97,3.4431821917635013,0.35950649032709303,0.35950649032709303
2023-08-28 11:00:00+02:00,73.09,1.81,1.03,4.0908408123525515,0.5399967232118298,0.5399967232118298
2023-08-28 12:00:00+02:00,55.32,1.85,1.03,3.576311584886348,0.39873103211157823,0.39873103211157823
2023-08-28 13:00:00+02:00,73.77000000000001,1.63,1.03,3.932060839064821,0.5457342995508276,0.5457342995508276
2023-08-28 14:00:00+02:00,209.41,1.65,1.17,7.995219193522974,1.6052208113292408,1.6052208113292408
2023-08-28 15:00:00+02:00,123.72999999999999,2.11,1.38,5.7027083091361,0.9390065685760632,0.9390065685760632
2023-08-28 16:00:00+02:00,53.36,1.99,1.31,3.5612417992720933,0.383057084223756,0.383057084223756
2023-08-28 17:00:00+02:00,40.42,1.84,1.31,3.0302097737364697,0.2799661073753049,0.2799661073753049
2023-08-28 18:00:00+02:00,37.23,1.76,1.38,2.841035564124602,0.2545461570971698,0.2545461570971698
2023-08-28 19:00:00+02:00,7.91,1.66,1.45,1.8865307291368347,0.019133944262901433,0.019133944262901433
2023-08-28 20:00:00+02:00,0.0,1.52,1.24,1.52,0.0,0.0
2023-08-28 21:00:00+02:00,0.0,1.4,1.31,1.4,0.0,0.0
2023-08-28 22:00:00+02:00,0.0,1.21,1.24,1.21,0.0,0.0
2023-08-28 23:00:00+02:00,0.0,1.19,1.24,1.19,0.0,0.0
2023-08-29 00:00:00+02:00,0.0,1.23,1.17,1.23,0.0,0.0
2023-08-29 01:00:00+02:00,0.0,1.12,1.17,1.12,0.0,0.0
2023-08-29 02:00:00+02:00,0.0,1.17,1.1,1.17,0.0,0.0
2023-08-29 03:00:00+02:00,0.0,1.33,1.1,1.33,0.0,0.0
2023-08-29 04:00:00+02:00,0.0,1.23,1.1,1.23,0.0,0.0
2023-08-29 05:00:00+02:00,0.0,1.28,1.03,1.28,0.0,0.0
2023-08-29 06:00:00+02:00,0.0,1.2,1.1,1.2,0.0,0.0
2023-08-29 07:00:00+02:00,22.82,1.16,1.17,1.8514564824802742,0.13937042282708906,0.13937042282708906
2023-08-29 08:00:00+02:00,78.85,1.14,1.38,3.4295421496434297,0.5873665223921295,0.5873665223921295
2023-08-29 09:00:00+02:00,229.56,1.72,1.59,8.118777999531716,1.7626057576385454,1.7626057576385454
2023-08-29 10:00:00+02:00,396.51000000000005,2.33,1.66,13.236795326012809,3.015573848377177,3.015573848377177
2023-08-29 11:00:00+02:00,548.13,2.78,1.72,17.68909783270955,4.112156933612318,4.112156933612318
2023-08-29 12:00:00+02:00,553.97,3.38,1.72,18.44794542605971,4.145251796250435,4.145251796250435
2023-08-29 13:00:00+02:00,577.0099999999999,3.7,1.66,19.571806438835463,4.301195846422488,4.301195846422488
2023-08-29 14:00:00+02:00,532.76,3.88,1.66,18.53462227405761,3.9850967372894055,3.9850967372894055
2023-08-29 15:00:00+02:00,416.06,3.88,1.66,15.324556917457034,3.143009794284681,3.143009794284681
2023-08-29 16:00:00+02:00,405.76,3.83,1.45,15.450367718655135,3.0633282736659693,3.0633282736659693
2023-08-29 17:00:00+02:00,279.84999999999997,3.76,1.52,11.666081905708989,2.1309110796261446,2.1309110796261446
2023-08-29 18:00:00+02:00,122.67,3.84,1.38,7.401929429255035,0.9251760021070985,0.9251760021070985
2023-08-29 19:00:00+02:00,29.7,3.77,1.24,4.657054382108382,0.1926525960153009,0.1926525960153009
2023-08-29 20:00:00+02:00,0.0,4.29,1.03,4.29,0.0,0.0
2023-08-29 21:00:00+02:00,0.0,3.9,1.03,3.9,0.0,0.0
2023-08-29 22:00:00+02:00,0.0,3.74,0.97,3.74,0.0,0.0
2023-08-29 23:00:00+02:00,0.0,3.6,0.97,3.6,0.0,0.0
2023-08-30 00:00:00+02:00,0.0,3.76,0.83,3.76,0.0,0.0
2023-08-30 01:00:00+02:00,0.0,3.51,0.83,3.51,0.0,0.0
2023-08-30 02:00:00+02:00,0.0,3.1,0.76,3.1,0.0,0.0
2023-08-30 03:00:00+02:00,0.0,3.34,0.83,3.34,0.0,0.0
2023-08-30 04:00:00+02:00,0.0,2.97,0.76,2.97,0.0,0.0
2023-08-30 05:00:00+02:00,0.0,2.54,0.69,2.54,0.0,0.0
2023-08-30 06:00:00+02:00,0.0,1.85,0.69,1.85,0.0,0.0
2023-08-30 07:00:00+02:00,28.56,1.12,0.69,2.0809819782231256,0.18546780514264438,0.18546780514264438
2023-08-30 08:00:00+02:00,163.28,1.21,0.69,6.704017416115964,1.248286924381234,1.248286924381234
2023-08-30 09:00:00+02:00,382.5,2.75,1.17,14.33992570327366,2.8972798884894164,2.8972798884894164
2023-08-30 10:00:00+02:00,583.12,3.53,1.17,21.198803859066505,4.322460700447323,4.322460700447323
2023-08-30 11:00:00+02:00,753.14,5.61,1.03,29.112427820703253,5.427820307049654,5.427820307049654
2023-08-30 12:00:00+02:00,800.3199999999999,7.15,0.97,32.448721660955655,5.698191808109443,5.698191808109443
2023-08-30 13:00:00+02:00,830.28,7.99,1.03,33.89965261568035,5.7,5.7
2023-08-30 14:00:00+02:00,711.1400000000001,8.7,1.03,30.891779112004297,5.09390247894156,5.09390247894156
2023-08-30 15:00:00+02:00,564.7400000000001,9.09,1.03,26.71323218453934,4.106281851950834,4.106281851950834
2023-08-30 16:00:00+02:00,452.07000000000005,9.17,1.1,23.069581847251264,3.3266955272077916,3.3266955272077916
2023-08-30 17:00:00+02:00,289.37,9.19,1.1,18.08712212519985,2.156492371922314,2.156492371922314
2023-08-30 18:00:00+02:00,145.43,9.58,0.97,14.177152502939801,1.0790526204493585,1.0790526204493585
2023-08-30 19:00:00+02:00,20.37,9.0,0.69,9.68540626387973,0.11545333837541295,0.11545333837541295
2023-08-30 20:00:00+02:00,0.0,8.18,0.69,8.18,0.0,0.0
2023-08-30 21:00:00+02:00,0.0,6.83,0.62,6.83,0.0,0.0
2023-08-30 22:00:00+02:00,0.0,6.14,0.62,6.14,0.0,0.0
2023-08-30 23:00:00+02:00,0.0,5.42,0.62,5.42,0.0,0.0
2023-08-31 00:00:00+02:00,0.0,4.7,0.55,4.7,0.0,0.0
2023-08-31 01:00:00+02:00,0.0,4.65,0.62,4.65,0.0,0.0
2023-08-31 02:00:00+02:00,0.0,4.18,0.62,4.18,0.0,0.0
2023-08-31 03:00:00+02:00,0.0,3.99,0.55,3.99,0.0,0.0
2023-08-31 04:00:00+02:00,0.0,3.56,0.55,3.56,0.0,0.0
2023-08-31 05:00:00+02:00,0.0,3.18,0.55,3.18,0.0,0.0
2023-08-31 06:00:00+02:00,0.0,2.94,0.48,2.94,0.0,0.0
2023-08-31 07:00:00+02:00,28.630000000000003,2.59,0.55,3.5854106112231414,0.184907603259143,0.184907603259143
2023-08-31 08:00:00+02:00,147.71,2.84,0.55,7.975595577498088,1.1204320470744347,1.1204320470744347
2023-08-31 09:00:00+02:00,341.27000000000004,4.3,0.41,16.57395663995627,2.5623370481046384,2.5623370481046384
2023-08-31 10:00:00+02:00,551.8100000000001,7.53,0.41,27.376139459941594,4.002725143614451,4.002725143614451
2023-08-31 11:00:00+02:00,746.84,9.44,0.55,35.40620540991586,5.262756628083129,5.262756628083129
2023-08-31 12:00:00+02:00,749.87,10.72,0.55,36.791552743202836,5.257537247532485,5.257537247532485
2023-08-31 13:00:00+02:00,867.51,11.57,0.55,41.73167165009387,5.7,5.7
2023-08-31 14:00:00+02:00,641.72,12.71,0.83,33.62846713520139,4.55259480391874,4.55259480391874
2023-08-31 15:00:00+02:00,529.83,12.39,1.03,28.923833460237415,3.821860397165559,3.821860397165559
2023-08-31 16:00:00+02:00,442.51,13.38,0.69,28.26950053163569,3.196691957796816,3.196691957796816
2023-08-31 17:00:00+02:00,186.52,13.39,0.62,19.768758447101312,1.3684657876681399,1.3684657876681399
2023-08-31 18:00:00+02:00,76.59,12.66,0.41,15.414599991368274,0.5453611612836862,0.5453611612836862
2023-08-31 19:00:00+02:00,11.42,11.89,0.34,12.30792311971192,0.04433234552001697,0.04433234552001697
2023-08-31 20:00:00+02:00,0.0,11.08,0.34,11.08,0.0,0.0
2023-08-31 21:00:00+02:00,0.0,10.48,0.14,10.48,0.0,0.0
2023-08-31 22:00:00+02:00,0.0,9.94,0.28,9.94,0.0,0.0
2023-08-31 23:00:00+02:00,0.0,9.6,0.34,9.6,0.0,0.0
2023-09-01 00:00:00+02:00,0.0,9.26,0.41,9.26,0.0,0.0
2023-09-01 01:00:00+02:00,0.0,9.05,0.41,9.05,0.0,0.0
2023-09-01 02:00:00+02:00,0.0,8.76,0.34,8.76,0.0,0.0
2023-09-01 03:00:00+02:00,0.0,8.51,0.28,8.51,0.0,0.0
2023-09-01 04:00:00+02:00,0.0,8.0,0.21,8.0,0.0,0.0
2023-09-01 05:00:00+02:00,0.0,7.49,0.14,7.49,0.0,0.0
2023-09-01 06:00:00+02:00,0.0,7.06,0.07,7.06,0.0,0.0
2023-09-01 07:00:00+02:00,18.28,6.81,0.0,7.5412,0.10005298864950943,0.10005298864950943
2023-09-01 08:00:00+02:00,171.98,7.23,0.07,13.979925428199131,1.284478995625925,1.284478995625925
2023-09-01 09:00:00+02:00,359.11,10.25,0.07,24.34446284754384,2.625768171387645,2.625768171387645
2023-09-01 10:00:00+02:00,598.4,12.39,0.14,35.44297870373224,4.217417863810324,4.217417863810324
2023-09-01 11:00:00+02:00,778.43,13.9,0.28,42.82157591249554,5.337333714424702,5.337333714424702
2023-09-01 12:00:00+02:00,743.76,14.93,0.34,42.14843253213104,5.113186499723948,5.113186499723948
2023-09-01 13:00:00+02:00,840.8199999999999,15.84,0.55,45.07371114665183,5.7,5.7
2023-09-01 14:00:00+02:00,761.49,16.67,0.62,42.71203715356626,5.2237305833694165,5.2237305833694165
2023-09-01 15:00:00+02:00,704.27,17.01,0.21,43.65016280582833,4.815315984253731,4.815315984253731
2023-09-01 16:00:00+02:00,516.84,17.13,0.07,37.4150997692199,3.6151171693929913,3.6151171693929913
2023-09-01 17:00:00+02:00,328.5,16.78,0.07,29.67307188721604,2.354148366778921,2.354148366778921
2023-09-01 18:00:00+02:00,159.25,16.0,0.28,21.91673106646059,1.1535241108865244,1.1535241108865244
2023-09-01 19:00:00+02:00,19.41,15.05,0.34,15.760322920631204,0.10483155763880428,0.10483155763880428
2023-09-01 20:00:00+02:00,0.0,14.1,0.28,14.1,0.0,0.0
2023-09-01 21:00:00+02:00,0.0,13.07,0.34,13.07,0.0,0.0
2023-09-01 22:00:00+02:00,0.0,12.38,0.41,12.38,0.0,0.0
2023-09-01 23:00:00+02:00,0.0,11.69,0.41,11.69,0.0,0.0
2023-09-02 00:00:00+02:00,0.0,11.01,0.28,11.01,0.0,0.0
2023-09-02 01:00:00+02:00,0.0,10.46,0.28,10.46,0.0,0.0
2023-09-02 02:00:00+02:00,0.0,10.06,0.28,10.06,0.0,0.0
2023-09-02 03:00:00+02:00,0.0,9.59,0.21,9.59,0.0,0.0
2023-09-02 04:00:00+02:00,0.0,9.29,0.21,9.29,0.0,0.0
2023-09-02 05:00:00+02:00,0.0,8.96,0.21,8.96,0.0,0.0
2023-09-02 06:00:00+02:00,0.0,8.66,0.21,8.66,0.0,0.0
2023-09-02 07:00:00+02:00,20.03,8.44,0.21,9.197667458504183,0.11303665971618948,0.11303665971618948
2023-09-02 08:00:00+02:00,112.27,8.95,0.21,13.196796084186953,0.8261850282478819,0.8261850282478819
2023-09-02 09:00:00+02:00,268.51,11.2,0.34,21.02631671399713,1.9781064641931316,1.9781064641931316
2023-09-02 10:00:00+02:00,413.47,12.72,0.55,27.09556498157291,2.997923307530674,2.997923307530674
2023-09-02 11:00:00+02:00,647.3399999999999,13.9,0.76,35.33623503231959,4.564152797382332,4.564152797382332
2023-09-02 12:00:00+02:00,648.7,15.26,0.83,36.40599767905807,4.555979369129469,4.555979369129469
2023-09-02 13:00:00+02:00,647.46,16.01,0.97,36.476701227761836,4.546104552695522,4.546104552695522
2023-09-02 14:00:00+02:00,635.24,16.24,0.83,36.94723534090464,4.4526850223892955,4.4526850223892955
2023-09-02 15:00:00+02:00,498.59000000000003,16.49,0.76,33.000477376284834,3.5434965099518383,3.5434965099518383
2023-09-02 16:00:00+02:00,439.93,16.28,0.55,31.575528822752243,3.1404773449294305,3.1404773449294305
2023-09-02 17:00:00+02:00,301.14,15.91,0.48,26.557310063924874,2.179603939112283,2.179603939112283
2023-09-02 18:00:00+02:00,128.85000000000002,15.52,0.41,20.154158622376315,0.9311932323509551,0.9311932323509551
2023-09-02 19:00:00+02:00,13.84,14.71,0.28,15.224207585304958,0.06213407370746858,0.06213407370746858
2023-09-02 20:00:00+02:00,0.0,13.86,0.14,13.86,0.0,0.0
2023-09-02 21:00:00+02:00,0.0,13.75,0.28,13.75,0.0,0.0
2023-09-02 22:00:00+02:00,0.0,12.84,0.28,12.84,0.0,0.0
2023-09-02 23:00:00+02:00,0.0,12.02,0.21,12.02,0.0,0.0
2023-09-03 00:00:00+02:00,0.0,11.23,0.14,11.23,0.0,0.0
2023-09-03 01:00:00+02:00,0.0,9.68,0.07,9.68,0.0,0.0
2023-09-03 02:00:00+02:00,0.0,8.78,0.14,8.78,0.0,0.0
2023-09-03 03:00:00+02:00,0.0,8.03,0.14,8.03,0.0,0.0
2023-09-03 04:00:00+02:00,0.0,7.67,0.14,7.67,0.0,0.0
2023-09-03 05:00:00+02:00,0.0,6.7,0.21,6.7,0.0,0.0
2023-09-03 06:00:00+02:00,0.0,6.22,0.28,6.22,0.0,0.0
2023-09-03 07:00:00+02:00,24.5,5.97,0.28,6.880266317917013,0.14969779812889455,0.14969779812889455
2023-09-03 08:00:00+02:00,139.36,6.96,0.21,12.231519571499902,1.0393111745865327,1.0393111745865327
2023-09-03 09:00:00+02:00,313.34,10.21,0.34,21.67690283104488,2.3087850737517086,2.3087850737517086
2023-09-03 10:00:00+02:00,516.51,14.17,0.48,32.432077841262654,3.678929767948187,3.678929767948187
2023-09-03 11:00:00+02:00,788.6800000000001,16.56,0.55,43.98090257979278,5.384024771407104,5.384024771407104
2023-09-03 12:00:00+02:00,945.4,18.29,0.55,51.159758709408244,5.7,5.7
2023-09-03 13:00:00+02:00,925.2,19.56,0.41,52.83530894390816,5.7,5.7
2023-09-03 14:00:00+02:00,910.38,20.32,0.41,53.06229977989095,5.7,5.7
2023-09-03 15:00:00+02:00,753.0500000000001,20.81,0.55,46.99211529100897,5.0837693331287035,5.0837693331287035
2023-09-03 16:00:00+02:00,534.3000000000001,20.87,0.62,39.142413887444945,3.714001648046146,3.714001648046146
2023-09-03 17:00:00+02:00,351.07000000000005,20.48,0.55,32.686035741603504,2.49070298660158,2.49070298660158
2023-09-03 18:00:00+02:00,153.13,19.82,0.55,25.144038662123634,1.0947507926265387,1.0947507926265387
2023-09-03 19:00:00+02:00,22.13,18.73,0.55,19.49941798205966,0.12361382032597737,0.12361382032597737
2023-09-03 20:00:00+02:00,0.0,17.85,0.55,17.85,0.0,0.0
2023-09-03 21:00:00+02:00,0.0,16.67,0.34,16.67,0.0,0.0
2023-09-03 22:00:00+02:00,0.0,15.55,0.28,15.55,0.0,0.0
2023-09-03 23:00:00+02:00,0.0,14.63,0.14,14.63,0.0,0.0
2023-09-04 00:00:00+02:00,0.0,13.61,0.07,13.61,0.0,0.0
2023-09-04 01:00:00+02:00,0.0,12.69,0.14,12.69,0.0,0.0
2023-09-04 02:00:00+02:00,0.0,10.98,0.14,10.98,0.0,0.0
2023-09-04 03:00:00+02:00,0.0,9.08,0.07,9.08,0.0,0.0
2023-09-04 04:00:00+02:00,0.0,8.29,0.07,8.29,0.0,0.0
2023-09-04 05:00:00+02:00,0.0,8.17,0.07,8.17,0.0,0.0
2023-09-04 06:00:00+02:00,0.0,7.71,0.07,7.71,0.0,0.0
2023-09-04 07:00:00+02:00,26.32,7.23,0.0,8.2828,0.1631663811400097,0.1631663811400097
2023-09-04 08:00:00+02:00,170.88,8.19,0.0,15.025199999999998,1.271363886469741,1.271363886469741
2023-09-04 09:00:00+02:00,366.97999999999996,13.53,0.0,28.209199999999996,2.647332435227101,2.647332435227101
2023-09-04 10:00:00+02:00,623.08,17.46,0.28,40.60974438235644,4.308999062219008,4.308999062219008
2023-09-04 11:00:00+02:00,782.35,19.41,0.34,48.04066135784758,5.259992570262183,5.259992570262183
2023-09-04 12:00:00+02:00,876.78,20.66,0.28,53.235644988705275,5.7,5.7
2023-09-04 13:00:00+02:00,869.11,21.6,0.28,53.890675900606354,5.7,5.7
2023-09-04 14:00:00+02:00,823.1800000000001,22.1,0.34,52.22486459583688,5.44560011101595,5.44560011101595
2023-09-04 15:00:00+02:00,682.0000000000001,22.26,0.34,47.21828087946834,4.601020604013875,4.601020604013875
2023-09-04 16:00:00+02:00,544.5,22.09,0.28,42.32020449411485,3.740706261106846,3.740706261106846
2023-09-04 17:00:00+02:00,330.83000000000004,21.72,0.21,34.23418498736591,2.3320728419852417,2.3320728419852417
2023-09-04 18:00:00+02:00,154.54,20.87,0.21,26.71572786007172,1.0989031235070914,1.0989031235070914
2023-09-04 19:00:00+02:00,12.94,19.94,0.14,20.43850525472309,0.053428611098554395,0.053428611098554395
2023-09-04 20:00:00+02:00,0.0,18.8,0.14,18.8,0.0,0.0
2023-09-04 21:00:00+02:00,0.0,17.68,0.34,17.68,0.0,0.0
2023-09-04 22:00:00+02:00,0.0,16.51,0.41,16.51,0.0,0.0
2023-09-04 23:00:00+02:00,0.0,15.83,0.48,15.83,0.0,0.0
2023-09-05 00:00:00+02:00,0.0,15.32,0.55,15.32,0.0,0.0
2023-09-05 01:00:00+02:00,0.0,15.0,0.55,15.0,0.0,0.0
2023-09-05 02:00:00+02:00,0.0,14.58,0.55,14.58,0.0,0.0
2023-09-05 03:00:00+02:00,0.0,14.02,0.48,14.02,0.0,0.0
2023-09-05 04:00:00+02:00,0.0,13.96,0.34,13.96,0.0,0.0
2023-09-05 05:00:00+02:00,0.0,13.86,0.0,13.86,0.0,0.0
2023-09-05 06:00:00+02:00,0.0,13.44,0.14,13.44,0.0,0.0
2023-09-05 07:00:00+02:00,16.66,12.46,0.21,13.090191705375922,0.08481783351306067,0.08481783351306067
2023-09-05 08:00:00+02:00,136.08,12.53,0.28,17.585879205801927,0.9949133964778192,0.9949133964778192
2023-09-05 09:00:00+02:00,312.92,14.0,0.41,25.25433384644157,2.2767072700418023,2.2767072700418023
2023-09-05 10:00:00+02:00,600.54,15.69,0.55,36.56963284889785,4.215174980637644,4.215174980637644
2023-09-05 11:00:00+02:00,757.4000000000001,17.7,0.55,44.03335651206453,5.1702350625441635,5.1702350625441635
2023-09-05 12:00:00+02:00,803.74,19.12,0.41,48.02693559292774,5.403524705293692,5.403524705293692
2023-09-05 13:00:00+02:00,927.61,19.92,0.34,53.866555610855755,5.7,5.7
2023-09-05 14:00:00+02:00,945.8100000000001,20.49,0.34,55.10259771057177,5.7,5.7
2023-09-05 15:00:00+02:00,852.54,20.87,0.28,52.54503863987635,5.631956714993982,5.631956714993982
2023-09-05 16:00:00+02:00,638.17,20.83,0.28,44.54039412673879,4.349147508570014,4.349147508570014
2023-09-05 17:00:00+02:00,408.02,20.43,0.28,35.58946379740816,2.8687443656335456,2.8687443656335456
2023-09-05 18:00:00+02:00,176.64999999999998,19.7,0.28,26.263205920817974,1.2641163747206794,1.2641163747206794
2023-09-05 19:00:00+02:00,13.63,18.61,0.21,19.125577007459412,0.05912548598303253,0.05912548598303253
2023-09-05 20:00:00+02:00,0.0,17.28,0.14,17.28,0.0,0.0
2023-09-05 21:00:00+02:00,0.0,16.03,0.41,16.03,0.0,0.0
2023-09-05 22:00:00+02:00,0.0,14.92,0.62,14.92,0.0,0.0
2023-09-05 23:00:00+02:00,0.0,13.96,0.69,13.96,0.0,0.0
2023-09-06 00:00:00+02:00,0.0,13.18,0.62,13.18,0.0,0.0
2023-09-06 01:00:00+02:00,0.0,12.53,0.55,12.53,0.0,0.0
2023-09-06 02:00:00+02:00,0.0,12.14,0.34,12.14,0.0,0.0
2023-09-06 03:00:00+02:00,0.0,11.06,0.21,11.06,0.0,0.0
2023-09-06 04:00:00+02:00,0.0,10.67,0.0,10.67,0.0,0.0
2023-09-06 05:00:00+02:00,0.0,10.43,0.21,10.43,0.0,0.0
2023-09-06 06:00:00+02:00,0.0,10.2,0.28,10.2,0.0,0.0
2023-09-06 07:00:00+02:00,19.549999999999997,9.87,0.34,10.585446321398248,0.10855045766568071,0.10855045766568071
2023-09-06 08:00:00+02:00,157.57,9.88,0.34,15.646387563310595,1.1665893024641072,1.1665893024641072
2023-09-06 09:00:00+02:00,354.92,11.58,0.07,25.510012402467936,2.5841135392083157,2.5841135392083157
2023-09-06 10:00:00+02:00,649.5300000000001,14.23,0.07,39.72295885206525,4.506672729678001,4.506672729678001
2023-09-06 11:00:00+02:00,874.5300000000001,16.56,0.34,48.56405480574992,5.7,5.7
2023-09-06 12:00:00+02:00,981.1,18.27,0.62,51.8224335859484,5.7,5.7
2023-09-06 13:00:00+02:00,1023.27,19.36,0.69,53.79081333530734,5.7,5.7
2023-09-06 14:00:00+02:00,972.8,20.09,0.76,52.303627212037725,5.7,5.7
2023-09-06 15:00:00+02:00,813.7,20.47,0.76,47.4151361661545,5.482882736809153,5.482882736809153
2023-09-06 16:00:00+02:00,593.45,20.41,0.76,40.061703401504715,4.112230742241775,4.112230742241775
2023-09-06 17:00:00+02:00,380.07,20.01,0.69,32.798530128265526,2.69775296975563,2.69775296975563
2023-09-06 18:00:00+02:00,157.70000000000002,19.26,0.62,24.653149298240816,1.1306789181014953,1.1306789181014953
2023-09-06 19:00:00+02:00,13.66,18.13,0.48,18.61297222379363,0.0595367125528877,0.0595367125528877
2023-09-06 20:00:00+02:00,0.0,16.79,0.34,16.79,0.0,0.0
2023-09-06 21:00:00+02:00,0.0,15.55,0.34,15.55,0.0,0.0
2023-09-06 22:00:00+02:00,0.0,14.35,0.28,14.35,0.0,0.0
2023-09-06 23:00:00+02:00,0.0,12.2,0.21,12.2,0.0,0.0
2023-09-07 00:00:00+02:00,0.0,11.4,0.14,11.4,0.0,0.0
2023-09-07 01:00:00+02:00,0.0,10.93,0.14,10.93,0.0,0.0
2023-09-07 02:00:00+02:00,0.0,10.46,0.07,10.46,0.0,0.0
2023-09-07 03:00:00+02:00,0.0,10.91,0.07,10.91,0.0,0.0
2023-09-07 04:00:00+02:00,0.0,10.39,0.07,10.39,0.0,0.0
2023-09-07 05:00:00+02:00,0.0,9.7,0.07,9.7,0.0,0.0
2023-09-07 06:00:00+02:00,0.0,9.3,0.0,9.3,0.0,0.0
2023-09-07 07:00:00+02:00,16.38,9.22,0.0,9.875200000000001,0.08401704883294607,0.08401704883294607
2023-09-07 08:00:00+02:00,180.66,9.81,0.0,17.0364,1.337019373077497,1.337019373077497
2023-09-07 09:00:00+02:00,432.34999999999997,12.07,0.07,29.039009529491185,3.1142282864337676,3.1142282864337676
2023-09-07 10:00:00+02:00,696.2600000000001,15.78,0.28,41.648654143383666,4.7962597542405945,4.7962597542405945
2023-09-07 11:00:00+02:00,875.4899999999999,18.13,0.41,49.61746241602048,5.7,5.7
2023-09-07 12:00:00+02:00,986.63,19.6,0.34,55.70643499136341,5.7,5.7
2023-09-07 13:00:00+02:00,1017.3399999999999,20.58,0.41,57.1691729366575,5.7,5.7
2023-09-07 14:00:00+02:00,970.25,21.19,0.41,56.08555609903469,5.7,5.7
2023-09-07 15:00:00+02:00,832.47,21.49,0.41,51.4302252880839,5.523635738078902,5.523635738078902
2023-09-07 16:00:00+02:00,607.5799999999999,21.57,0.41,43.42193710348002,4.157933247117568,4.157933247117568
2023-09-07 17:00:00+02:00,376.72,21.16,0.41,34.70893470098258,2.6551533277989177,2.6551533277989177
2023-09-07 18:00:00+02:00,135.10999999999999,20.12,0.41,24.979302844154162,0.9615436095111571,0.9615436095111571
2023-09-07 19:00:00+02:00,11.59,18.85,0.34,19.274144392071904,0.04354874980477853,0.04354874980477853
2023-09-07 20:00:00+02:00,0.0,17.65,0.28,17.65,0.0,0.0
2023-09-07 21:00:00+02:00,0.0,16.62,0.34,16.62,0.0,0.0
2023-09-07 22:00:00+02:00,0.0,15.62,0.41,15.62,0.0,0.0
2023-09-07 23:00:00+02:00,0.0,14.9,0.48,14.9,0.0,0.0
2023-09-08 00:00:00+02:00,0.0,14.18,0.48,14.18,0.0,0.0
2023-09-08 01:00:00+02:00,0.0,13.7,0.48,13.7,0.0,0.0
2023-09-08 02:00:00+02:00,0.0,13.37,0.41,13.37,0.0,0.0
2023-09-08 03:00:00+02:00,0.0,13.22,0.28,13.22,0.0,0.0
2023-09-08 04:00:00+02:00,0.0,12.8,0.21,12.8,0.0,0.0
2023-09-08 05:00:00+02:00,0.0,12.63,0.14,12.63,0.0,0.0
2023-09-08 06:00:00+02:00,0.0,12.35,0.14,12.35,0.0,0.0
2023-09-08 07:00:00+02:00,15.72,11.83,0.21,12.42463467037872,0.0777870158018391,0.0777870158018391
2023-09-08 08:00:00+02:00,98.99,11.64,0.28,15.317847461657355,0.7178837615036562,0.7178837615036562
2023-09-08 09:00:00+02:00,296.01,13.15,0.21,24.347061627150445,2.1588214523851774,2.1588214523851774
2023-09-08 10:00:00+02:00,481.72999999999996,15.24,0.07,34.14709138577955,3.4088955377773007,3.4088955377773007
2023-09-08 11:00:00+02:00,729.49,17.02,0.0,46.199600000000004,4.9398835852472285,4.9398835852472285
2023-09-08 12:00:00+02:00,887.87,18.41,0.14,52.614626005485874,5.7,5.7
2023-09-08 13:00:00+02:00,904.7799999999999,19.67,0.28,53.285949352039,5.7,5.7
2023-09-08 14:00:00+02:00,788.9399999999999,20.31,0.34,49.1818271510964,5.281178187152331,5.281178187152331
2023-09-08 15:00:00+02:00,724.9,20.43,0.34,46.95823725737037,4.894821281975206,4.894821281975206
2023-09-08 16:00:00+02:00,532.5,20.52,0.28,40.30435976697183,3.685551054751659,3.685551054751659
2023-09-08 17:00:00+02:00,251.67999999999998,20.13,0.28,29.48085007727975,1.7967308941795688,1.7967308941795688
2023-09-08 18:00:00+02:00,125.63,19.26,0.14,24.09981569944833,0.8939630603634695,0.8939630603634695
2023-09-08 19:00:00+02:00,11.010000000000002,18.52,0.14,18.9441532345055,0.03922977911516352,0.03922977911516352
2023-09-08 20:00:00+02:00,0.0,17.55,0.14,17.55,0.0,0.0
2023-09-08 21:00:00+02:00,0.0,16.6,0.21,16.6,0.0,0.0
2023-09-08 22:00:00+02:00,0.0,15.78,0.34,15.78,0.0,0.0
2023-09-08 23:00:00+02:00,0.0,15.07,0.34,15.07,0.0,0.0
2023-09-09 00:00:00+02:00,0.0,14.27,0.28,14.27,0.0,0.0
2023-09-09 01:00:00+02:00,0.0,13.67,0.28,13.67,0.0,0.0
2023-09-09 02:00:00+02:00,0.0,13.25,0.28,13.25,0.0,0.0
2023-09-09 03:00:00+02:00,0.0,13.16,0.28,13.16,0.0,0.0
2023-09-09 04:00:00+02:00,0.0,12.98,0.28,12.98,0.0,0.0
2023-09-09 05:00:00+02:00,0.0,12.67,0.14,12.67,0.0,0.0
2023-09-09 06:00:00+02:00,0.0,12.11,0.14,12.11,0.0,0.0
2023-09-09 07:00:00+02:00,14.56,12.0,0.28,12.54095826893354,0.06870891351902614,0.06870891351902614
2023-09-09 08:00:00+02:00,119.8,12.11,0.28,16.561016525977884,0.8739885223700098,0.8739885223700098
2023-09-09 09:00:00+02:00,343.67,14.94,0.21,27.93987895477448,2.479692070632316,2.479692070632316
2023-09-09 10:00:00+02:00,553.32,16.86,0.41,36.760447411201106,3.8804671530802457,3.8804671530802457
2023-09-09 11:00:00+02:00,779.3599999999999,18.41,0.21,47.89056467597706,5.2429444223006,5.2429444223006
2023-09-09 12:00:00+02:00,883.63,19.98,0.07,54.66098968554249,5.7,5.7
2023-09-09 13:00:00+02:00,847.57,20.85,0.28,52.34038461538462,5.603702837555654,5.603702837555654
2023-09-09 14:00:00+02:00,705.41,21.31,0.14,48.4854707677135,4.735911679657917,4.735911679657917
2023-09-09 15:00:00+02:00,643.58,21.3,0.14,46.093509415354276,4.36042768893853,4.36042768893853
2023-09-09 16:00:00+02:00,495.21,21.23,0.21,39.96212691591896,3.4307181785874676,3.4307181785874676
2023-09-09 17:00:00+02:00,307.91,20.75,0.34,32.018188072723014,2.1858704528003425,2.1858704528003425
2023-09-09 18:00:00+02:00,145.04999999999998,19.9,0.28,25.289148139341336,1.034225037672687,1.034225037672687
2023-09-09 19:00:00+02:00,10.49,18.97,0.21,19.36680137991557,0.03515221711001581,0.03515221711001581
2023-09-09 20:00:00+02:00,0.0,17.94,0.14,17.94,0.0,0.0
2023-09-09 21:00:00+02:00,0.0,17.04,0.21,17.04,0.0,0.0
2023-09-09 22:00:00+02:00,0.0,16.03,0.28,16.03,0.0,0.0
2023-09-09 23:00:00+02:00,0.0,15.16,0.21,15.16,0.0,0.0
2023-09-10 00:00:00+02:00,0.0,14.35,0.21,14.35,0.0,0.0
2023-09-10 01:00:00+02:00,0.0,13.76,0.21,13.76,0.0,0.0
2023-09-10 02:00:00+02:00,0.0,13.37,0.21,13.37,0.0,0.0
2023-09-10 03:00:00+02:00,0.0,13.07,0.21,13.07,0.0,0.0
2023-09-10 04:00:00+02:00,0.0,13.01,0.14,13.01,0.0,0.0
2023-09-10 05:00:00+02:00,0.0,12.42,0.07,12.42,0.0,0.0
2023-09-10 06:00:00+02:00,0.0,12.09,0.14,12.09,0.0,0.0
2023-09-10 07:00:00+02:00,14.04,11.89,0.21,12.421085926979469,0.06470464586279269,0.06470464586279269
2023-09-10 08:00:00+02:00,111.91000000000001,12.11,0.21,16.343178496315687,0.8142351804531632,0.8142351804531632
2023-09-10 09:00:00+02:00,328.41,14.79,0.21,27.2126445355646,2.3743767948536565,2.3743767948536565
2023-09-10 10:00:00+02:00,593.27,16.94,0.28,38.98219177267863,4.127401561866867,4.127401561866867
2023-09-10 11:00:00+02:00,818.18,18.62,0.14,50.13986316146331,5.456135816256188,5.456135816256188
2023-09-10 12:00:00+02:00,914.41,19.87,0.14,55.097062594384695,5.7,5.7
2023-09-10 13:00:00+02:00,965.5000000000001,20.77,0.28,56.64192367138271,5.7,5.7
2023-09-10 14:00:00+02:00,886.73,21.46,0.41,53.35171498036282,5.7,5.7
2023-09-10 15:00:00+02:00,734.35,21.76,0.34,48.634066809146006,4.927055763053604,4.927055763053604
2023-09-10 16:00:00+02:00,497.45,21.58,0.28,40.06212162644157,3.445036548870278,3.445036548870278
2023-09-10 17:00:00+02:00,294.25,21.01,0.28,31.942484246819642,2.0879611519883,2.0879611519883
2023-09-10 18:00:00+02:00,127.89,20.13,0.28,24.88159017952681,0.9082120445891635,0.9082120445891635
2023-09-10 19:00:00+02:00,9.19,19.12,0.21,19.467626757047103,0.025237587154479414,0.025237587154479414
2023-09-10 20:00:00+02:00,0.0,17.94,0.14,17.94,0.0,0.0
2023-09-10 21:00:00+02:00,0.0,17.01,0.28,17.01,0.0,0.0
2023-09-10 22:00:00+02:00,0.0,16.05,0.34,16.05,0.0,0.0
2023-09-10 23:00:00+02:00,0.0,15.23,0.28,15.23,0.0,0.0
2023-09-11 00:00:00+02:00,0.0,14.53,0.28,14.53,0.0,0.0
2023-09-11 01:00:00+02:00,0.0,13.92,0.28,13.92,0.0,0.0
2023-09-11 02:00:00+02:00,0.0,13.44,0.28,13.44,0.0,0.0
2023-09-11 03:00:00+02:00,0.0,12.45,0.28,12.45,0.0,0.0
2023-09-11 04:00:00+02:00,0.0,11.37,0.28,11.37,0.0,0.0
2023-09-11 05:00:00+02:00,0.0,10.59,0.21,10.59,0.0,0.0
2023-09-11 06:00:00+02:00,0.0,10.09,0.21,10.09,0.0,0.0
2023-09-11 07:00:00+02:00,15.52,9.65,0.14,10.247898110765249,0.07711147705160486,0.07711147705160486
2023-09-11 08:00:00+02:00,158.89,10.05,0.14,16.171136006410453,1.1745426160382288,1.1745426160382288
2023-09-11 09:00:00+02:00,378.94,13.07,0.14,27.668422042099422,2.739809160239891,2.739809160239891
2023-09-11 10:00:00+02:00,545.1,16.89,0.07,38.2842571863667,3.801335579487935,3.801335579487935
2023-09-11 11:00:00+02:00,732.77,18.37,0.14,46.59949733411409,4.954558908487028,4.954558908487028
2023-09-11 12:00:00+02:00,788.98,19.42,0.28,48.733547735108786,5.290464350838955,5.290464350838955
2023-09-11 13:00:00+02:00,753.5100000000001,19.79,0.55,45.98810861553439,5.10617515449791,5.10617515449791
2023-09-11 14:00:00+02:00,769.42,20.17,0.55,46.921269035532994,5.195327195524663,5.195327195524663
2023-09-11 15:00:00+02:00,632.99,20.27,0.34,43.434724653804494,4.331759139913582,4.331759139913582
2023-09-11 16:00:00+02:00,438.09,20.03,0.34,36.06221887168077,3.076621929008697,3.076621929008697
2023-09-11 17:00:00+02:00,202.07,19.03,0.55,26.055589319240667,1.452915169621111,1.452915169621111
2023-09-11 18:00:00+02:00,99.83,17.6,0.14,21.445887139026723,0.7084168463377853,0.7084168463377853
2023-09-11 19:00:00+02:00,9.33,16.35,0.28,16.696644275353705,0.026977486017196326,0.026977486017196326
2023-09-11 20:00:00+02:00,0.0,15.52,0.14,15.52,0.0,0.0
2023-09-11 21:00:00+02:00,0.0,14.09,0.28,14.09,0.0,0.0
2023-09-11 22:00:00+02:00,0.0,13.11,0.28,13.11,0.0,0.0
2023-09-11 23:00:00+02:00,0.0,12.31,0.21,12.31,0.0,0.0
2023-09-12 00:00:00+02:00,0.0,11.76,0.21,11.76,0.0,0.0
2023-09-12 01:00:00+02:00,0.0,11.35,0.21,11.35,0.0,0.0
2023-09-12 02:00:00+02:00,0.0,11.14,0.21,11.14,0.0,0.0
2023-09-12 03:00:00+02:00,0.0,10.85,0.28,10.85,0.0,0.0
2023-09-12 04:00:00+02:00,0.0,10.64,0.28,10.64,0.0,0.0
2023-09-12 05:00:00+02:00,0.0,10.45,0.28,10.45,0.0,0.0
2023-09-12 06:00:00+02:00,0.0,9.84,0.28,9.84,0.0,0.0
2023-09-12 07:00:00+02:00,16.240000000000002,9.24,0.28,9.843376530733563,0.08293097603317752,0.08293097603317752
2023-09-12 08:00:00+02:00,111.79,9.97,0.07,14.357569273278177,0.8190922096970772,0.8190922096970772
2023-09-12 09:00:00+02:00,181.56,12.38,0.07,19.505924297847624,1.332240763253545,1.332240763253545
2023-09-12 10:00:00+02:00,426.05,14.83,0.21,30.946036979316396,3.0475865808670997,3.0475865808670997
2023-09-12 11:00:00+02:00,480.0,16.97,0.41,34.233454705010715,3.3955221177443327,3.3955221177443327
2023-09-12 12:00:00+02:00,562.1899999999999,18.07,0.55,37.61627633683332,3.9304808674382423,3.9304808674382423
2023-09-12 13:00:00+02:00,642.07,18.79,0.55,41.113551908768514,4.432070539281882,4.432070539281882
2023-09-12 14:00:00+02:00,529.72,18.78,0.62,36.89578342589806,3.7126219523827904,3.7126219523827904
2023-09-12 15:00:00+02:00,453.88,18.02,0.62,33.54214713687724,3.2177578081586575,3.2177578081586575
2023-09-12 16:00:00+02:00,218.0,16.72,0.21,24.96620598871253,1.5767121721043582,1.5767121721043582
2023-09-12 17:00:00+02:00,138.95,16.6,0.48,21.51281043163433,1.0026002703931045,1.0026002703931045
2023-09-12 18:00:00+02:00,35.34,15.29,0.48,16.539505006505628,0.2267356809163851,0.2267356809163851
2023-09-12 19:00:00+02:00,6.8100000000000005,13.74,0.21,13.997599370564828,0.008108472179150703,0.008108472179150703
2023-09-12 20:00:00+02:00,0.0,13.1,0.21,13.1,0.0,0.0
2023-09-12 21:00:00+02:00,0.0,14.46,0.34,14.46,0.0,0.0
2023-09-12 22:00:00+02:00,0.0,13.71,0.14,13.71,0.0,0.0
2023-09-12 23:00:00+02:00,0.0,12.47,0.07,12.47,0.0,0.0
2023-09-13 00:00:00+02:00,0.0,12.05,0.07,12.05,0.0,0.0
2023-09-13 01:00:00+02:00,0.0,11.73,0.21,11.73,0.0,0.0
2023-09-13 02:00:00+02:00,0.0,11.34,0.21,11.34,0.0,0.0
2023-09-13 03:00:00+02:00,0.0,10.89,0.14,10.89,0.0,0.0
2023-09-13 04:00:00+02:00,0.0,10.44,0.14,10.44,0.0,0.0
2023-09-13 05:00:00+02:00,0.0,10.04,0.21,10.04,0.0,0.0
2023-09-13 06:00:00+02:00,0.0,10.01,0.14,10.01,0.0,0.0
2023-09-13 07:00:00+02:00,12.56,9.47,0.28,9.936650814409703,0.053992559282129385,0.053992559282129385
2023-09-13 08:00:00+02:00,63.169999999999995,9.8,0.28,12.147000951135418,0.4474683289727135,0.4474683289727135
2023-09-13 09:00:00+02:00,67.54,11.15,0.21,13.704810791181856,0.47873198695490327,0.47873198695490327
2023-09-13 10:00:00+02:00,88.6,11.89,0.41,15.076546014299895,0.6385236980872083,0.6385236980872083
2023-09-13 11:00:00+02:00,69.3,12.04,0.34,14.57608337968791,0.49078142887970944,0.49078142887970944
2023-09-13 12:00:00+02:00,176.8,11.77,0.41,18.128705816345615,1.3025719575922174,1.3025719575922174
2023-09-13 13:00:00+02:00,150.3,12.77,0.55,17.995644948195537,1.1016703773751932,1.1016703773751932
2023-09-13 14:00:00+02:00,65.15,12.85,0.62,15.078051216108998,0.4578995102486138,0.4578995102486138
2023-09-13 15:00:00+02:00,39.66,12.06,0.34,13.511386245864685,0.26302299451661965,0.26302299451661965
2023-09-13 16:00:00+02:00,38.98,11.79,0.41,13.191936384169411,0.25807575784432935,0.25807575784432935
2023-09-13 17:00:00+02:00,53.38,11.76,0.48,13.647339480681111,0.3691794426262932,0.3691794426262932
2023-09-13 18:00:00+02:00,54.230000000000004,11.67,0.48,13.587392657125077,0.3758480251057871,0.3758480251057871
2023-09-13 19:00:00+02:00,3.99,11.38,0.48,11.521073145895798,0.0,0.0
2023-09-13 20:00:00+02:00,0.0,10.84,0.55,10.84,0.0,0.0
2023-09-13 21:00:00+02:00,0.0,10.34,0.48,10.34,0.0,0.0
2023-09-13 22:00:00+02:00,0.0,10.25,0.48,10.25,0.0,0.0
2023-09-13 23:00:00+02:00,0.0,10.16,0.48,10.16,0.0,0.0
2023-09-14 00:00:00+02:00,0.0,9.92,0.48,9.92,0.0,0.0
2023-09-14 01:00:00+02:00,0.0,9.63,0.48,9.63,0.0,0.0
2023-09-14 02:00:00+02:00,0.0,9.58,0.48,9.58,0.0,0.0
2023-09-14 03:00:00+02:00,0.0,9.25,0.48,9.25,0.0,0.0
2023-09-14 04:00:00+02:00,0.0,9.22,0.48,9.22,0.0,0.0
2023-09-14 05:00:00+02:00,0.0,9.09,0.48,9.09,0.0,0.0
2023-09-14 06:00:00+02:00,0.0,9.0,0.48,9.0,0.0,0.0
2023-09-14 07:00:00+02:00,6.0200000000000005,9.07,0.41,9.286512494425343,0.002727371288673808,0.002727371288673808
2023-09-14 08:00:00+02:00,70.27,9.17,0.34,11.741581227859589,0.5034576461075626,0.5034576461075626
2023-09-14 09:00:00+02:00,173.56,9.63,0.34,15.98155312234681,1.2876325311202748,1.2876325311202748
2023-09-14 10:00:00+02:00,365.5,11.01,0.21,24.835634352635005,2.668365062248185,2.668365062248185
2023-09-14 11:00:00+02:00,547.03,12.86,0.55,31.879191989430495,3.9047724494101086,3.9047724494101086
2023-09-14 12:00:00+02:00,423.94,13.63,0.83,27.449383776876637,3.070568139599009,3.070568139599009
2023-09-14 13:00:00+02:00,471.13,13.75,0.62,29.862076276982847,3.385415357317312,3.385415357317312
2023-09-14 14:00:00+02:00,536.71,14.3,0.83,31.7954037526241,3.832065721308975,3.832065721308975
2023-09-14 15:00:00+02:00,372.81000000000006,14.7,0.62,27.449651172334548,2.697145201257484,2.697145201257484
2023-09-14 16:00:00+02:00,297.72,14.67,0.41,25.377657780782897,2.163551436870636,2.163551436870636
2023-09-14 17:00:00+02:00,152.92,14.46,0.34,20.05621746640513,1.1134127160624017,1.1134127160624017
2023-09-14 18:00:00+02:00,49.97,13.85,0.41,15.647197565852887,0.3401587902663387,0.3401587902663387
2023-09-14 19:00:00+02:00,3.23,13.06,0.28,13.180006539055999,0.0,0.0
2023-09-14 20:00:00+02:00,0.0,12.45,0.34,12.45,0.0,0.0
2023-09-14 21:00:00+02:00,0.0,11.22,0.34,11.22,0.0,0.0
2023-09-14 22:00:00+02:00,0.0,10.97,0.28,10.97,0.0,0.0
2023-09-14 23:00:00+02:00,0.0,10.15,0.28,10.15,0.0,0.0
2023-09-15 00:00:00+02:00,0.0,9.73,0.41,9.73,0.0,0.0
2023-09-15 01:00:00+02:00,0.0,9.62,0.41,9.62,0.0,0.0
2023-09-15 02:00:00+02:00,0.0,9.65,0.83,9.65,0.0,0.0
2023-09-15 03:00:00+02:00,0.0,9.41,0.69,9.41,0.0,0.0
2023-09-15 04:00:00+02:00,0.0,9.33,0.48,9.33,0.0,0.0
2023-09-15 05:00:00+02:00,0.0,9.28,0.34,9.28,0.0,0.0
2023-09-15 06:00:00+02:00,0.0,9.23,0.34,9.23,0.0,0.0
2023-09-15 07:00:00+02:00,9.19,9.1,0.41,9.430523226539684,0.02764633763217745,0.02764633763217745
2023-09-15 08:00:00+02:00,57.709999999999994,8.99,0.41,11.065570772971185,0.4066004848520838,0.4066004848520838
2023-09-15 09:00:00+02:00,105.3,10.35,0.76,13.836939705414856,0.7704634440137396,0.7704634440137396
2023-09-15 10:00:00+02:00,195.34000000000003,10.94,0.69,17.51276679363114,1.4465057233201963,1.4465057233201963
2023-09-15 11:00:00+02:00,233.35,11.57,0.76,19.297230581752675,1.7247265086086085,1.7247265086086085
2023-09-15 12:00:00+02:00,241.26,11.93,0.9,19.67361278726409,1.7821083641554467,1.7821083641554467
2023-09-15 13:00:00+02:00,464.14,12.86,0.9,27.75729105148286,3.3600435618009086,3.3600435618009086
2023-09-15 14:00:00+02:00,373.34,13.76,0.97,25.56156030700368,2.7192077465460436,2.7192077465460436
2023-09-15 15:00:00+02:00,405.48,13.57,0.97,26.387530061830645,2.9469191297038924,2.9469191297038924
2023-09-15 16:00:00+02:00,286.73999999999995,13.74,0.9,22.943363718063935,2.1005577404640694,2.1005577404640694
2023-09-15 17:00:00+02:00,207.06,13.77,0.97,20.315323504495048,1.5206065837418254,1.5206065837418254
2023-09-15 18:00:00+02:00,81.96,13.1,0.83,15.771691027864343,0.5859101945894968,0.5859101945894968
2023-09-15 19:00:00+02:00,5.54,12.51,0.55,12.702615256240874,0.0,0.0
2023-09-15 20:00:00+02:00,0.0,11.52,0.48,11.52,0.0,0.0
2023-09-15 21:00:00+02:00,0.0,10.4,0.55,10.4,0.0,0.0
2023-09-15 22:00:00+02:00,0.0,10.21,0.48,10.21,0.0,0.0
2023-09-15 23:00:00+02:00,0.0,9.9,0.41,9.9,0.0,0.0
2023-09-16 00:00:00+02:00,0.0,9.54,0.41,9.54,0.0,0.0
2023-09-16 01:00:00+02:00,0.0,9.29,0.48,9.29,0.0,0.0
2023-09-16 02:00:00+02:00,0.0,9.06,0.48,9.06,0.0,0.0
2023-09-16 03:00:00+02:00,0.0,8.71,0.48,8.71,0.0,0.0
2023-09-16 04:00:00+02:00,0.0,8.55,0.55,8.55,0.0,0.0
2023-09-16 05:00:00+02:00,0.0,8.41,0.55,8.41,0.0,0.0
2023-09-16 06:00:00+02:00,0.0,8.35,0.55,8.35,0.0,0.0
2023-09-16 07:00:00+02:00,6.96,8.31,0.55,8.551985953688895,0.010260636464803748,0.010260636464803748
2023-09-16 08:00:00+02:00,56.49,8.5,0.69,10.400765824573682,0.3980489672008109,0.3980489672008109
2023-09-16 09:00:00+02:00,86.61,9.85,1.1,12.512956585905792,0.6289842420003927,0.6289842420003927
2023-09-16 10:00:00+02:00,226.88,10.47,1.1,17.445771737793628,1.6867435178797325,1.6867435178797325
2023-09-16 11:00:00+02:00,416.25000000000006,11.51,1.24,23.942201567428082,3.0520595656099236,3.0520595656099236
2023-09-16 12:00:00+02:00,572.7700000000001,12.93,1.17,30.28519410474263,4.112297297200659,4.112297297200659
2023-09-16 13:00:00+02:00,588.83,13.93,1.17,31.771819481983346,4.205304786119444,4.205304786119444
2023-09-16 14:00:00+02:00,466.83,14.55,1.24,28.492882060594475,3.370791058329785,3.370791058329785
2023-09-16 15:00:00+02:00,396.53,14.23,1.24,26.073221351428842,2.8845314502972252,2.8845314502972252
2023-09-16 16:00:00+02:00,199.70999999999998,14.3,1.24,20.264768708783333,1.4654920473772375,1.4654920473772375
2023-09-16 17:00:00+02:00,105.7,13.65,0.97,16.991257096615122,0.7648762120485515,0.7648762120485515
2023-09-16 18:00:00+02:00,39.98,13.05,0.83,14.353248014812305,0.26462592949277014,0.26462592949277014
2023-09-16 19:00:00+02:00,3.38,12.3,0.55,12.41751616716501,0.0,0.0
2023-09-16 20:00:00+02:00,0.0,11.8,0.62,11.8,0.0,0.0
2023-09-16 21:00:00+02:00,0.0,11.17,0.55,11.17,0.0,0.0
2023-09-16 22:00:00+02:00,0.0,10.96,0.41,10.96,0.0,0.0
2023-09-16 23:00:00+02:00,0.0,10.43,0.34,10.43,0.0,0.0
2023-09-17 00:00:00+02:00,0.0,10.14,0.34,10.14,0.0,0.0
2023-09-17 01:00:00+02:00,0.0,9.75,0.34,9.75,0.0,0.0
2023-09-17 02:00:00+02:00,0.0,9.53,0.34,9.53,0.0,0.0
2023-09-17 03:00:00+02:00,0.0,9.14,0.34,9.14,0.0,0.0
2023-09-17 04:00:00+02:00,0.0,8.96,0.48,8.96,0.0,0.0
2023-09-17 05:00:00+02:00,0.0,9.04,0.48,9.04,0.0,0.0
2023-09-17 06:00:00+02:00,0.0,9.05,0.41,9.05,0.0,0.0
2023-09-17 07:00:00+02:00,12.39,9.11,0.34,9.563420967883596,0.052778212084349976,0.052778212084349976
2023-09-17 08:00:00+02:00,96.89,9.21,0.28,12.809824634407324,0.7080601395845273,0.7080601395845273
2023-09-17 09:00:00+02:00,227.74,9.69,0.55,17.608086363952438,1.6923230209697275,1.6923230209697275
2023-09-17 10:00:00+02:00,345.01000000000005,11.16,0.83,22.406463171345496,2.538782900210577,2.538782900210577
2023-09-17 11:00:00+02:00,541.38,12.66,0.97,29.77343204319294,3.8935982213316316,3.8935982213316316
2023-09-17 12:00:00+02:00,629.69,14.22,1.03,33.870056794777376,4.46339194984821,4.46339194984821
2023-09-17 13:00:00+02:00,574.6199999999999,15.39,1.1,33.05756856475218,4.084752189830794,4.084752189830794
2023-09-17 14:00:00+02:00,625.37,16.04,1.03,35.5552472133112,4.405793032715707,4.405793032715707
2023-09-17 15:00:00+02:00,522.29,16.31,0.97,32.819982677304736,3.715043576629299,3.715043576629299
2023-09-17 16:00:00+02:00,450.91,16.29,0.97,30.54360678746191,3.231372540596994,3.231372540596994
2023-09-17 17:00:00+02:00,295.25,16.15,0.97,25.483076232503443,2.144515241803355,2.144515241803355
2023-09-17 18:00:00+02:00,95.09,15.61,0.97,18.615866956642684,0.6797237012133615,0.6797237012133615
2023-09-17 19:00:00+02:00,4.3,14.64,0.83,14.780169246215431,0.0,0.0
2023-09-17 20:00:00+02:00,0.0,13.54,0.83,13.54,0.0,0.0
2023-09-17 21:00:00+02:00,0.0,12.2,0.76,12.2,0.0,0.0
2023-09-17 22:00:00+02:00,0.0,11.5,0.76,11.5,0.0,0.0
2023-09-17 23:00:00+02:00,0.0,11.05,0.76,11.05,0.0,0.0
2023-09-18 00:00:00+02:00,0.0,10.94,0.76,10.94,0.0,0.0
2023-09-18 01:00:00+02:00,0.0,10.97,0.69,10.97,0.0,0.0
2023-09-18 02:00:00+02:00,0.0,10.79,0.76,10.79,0.0,0.0
2023-09-18 03:00:00+02:00,0.0,10.86,0.69,10.86,0.0,0.0
2023-09-18 04:00:00+02:00,0.0,10.72,0.62,10.72,0.0,0.0
2023-09-18 05:00:00+02:00,0.0,10.69,0.62,10.69,0.0,0.0
2023-09-18 06:00:00+02:00,0.0,10.68,0.55,10.68,0.0,0.0
2023-09-18 07:00:00+02:00,8.81,10.51,0.55,10.8163069327585,0.024337818382775787,0.024337818382775787
2023-09-18 08:00:00+02:00,9.39,10.5,0.76,10.81094362615238,0.028881363386408877,0.028881363386408877
2023-09-18 09:00:00+02:00,13.020000000000001,11.45,0.07,11.961013077538972,0.05691692975692122,0.05691692975692122
2023-09-18 10:00:00+02:00,76.25999999999999,11.71,0.21,14.594659030730357,0.5444513524722092,0.5444513524722092
2023-09-18 11:00:00+02:00,121.47,12.81,0.28,17.323063250505292,0.884360069950794,0.884360069950794
2023-09-18 12:00:00+02:00,191.27,13.45,0.48,20.212671833455904,1.4021339815905038,1.4021339815905038
2023-09-18 13:00:00+02:00,376.63,14.4,0.48,27.716385698930814,2.722473748693195,2.722473748693195
2023-09-18 14:00:00+02:00,292.82,15.14,0.34,25.855958661474954,2.123759758963039,2.123759758963039
2023-09-18 15:00:00+02:00,291.97,14.91,0.28,25.757773748662466,2.118237157387331,2.118237157387331
2023-09-18 16:00:00+02:00,232.96,15.19,0.14,24.164635559527845,1.6923904333653872,1.6923904333653872
2023-09-18 17:00:00+02:00,136.63,14.57,0.21,19.738252863476117,0.9914587927994617,0.9914587927994617
2023-09-18 18:00:00+02:00,73.35,13.76,0.41,16.39807167210945,0.5185524994808806,0.5185524994808806
2023-09-18 19:00:00+02:00,0.0,12.93,0.21,12.93,0.0,0.0
2023-09-18 20:00:00+02:00,0.0,11.84,0.41,11.84,0.0,0.0
2023-09-18 21:00:00+02:00,0.0,10.88,0.41,10.88,0.0,0.0
2023-09-18 22:00:00+02:00,0.0,10.35,0.48,10.35,0.0,0.0
2023-09-18 23:00:00+02:00,0.0,9.66,0.55,9.66,0.0,0.0
2023-09-19 00:00:00+02:00,0.0,9.11,0.69,9.11,0.0,0.0
2023-09-19 01:00:00+02:00,0.0,8.46,0.62,8.46,0.0,0.0
2023-09-19 02:00:00+02:00,0.0,7.8,0.62,7.8,0.0,0.0
2023-09-19 03:00:00+02:00,0.0,7.93,0.69,7.93,0.0,0.0
2023-09-19 04:00:00+02:00,0.0,7.74,0.69,7.74,0.0,0.0
2023-09-19 05:00:00+02:00,0.0,7.55,0.62,7.55,0.0,0.0
2023-09-19 06:00:00+02:00,0.0,7.07,0.62,7.07,0.0,0.0
2023-09-19 07:00:00+02:00,8.81,6.79,0.62,7.091291346337994,0.025194807107426075,0.025194807107426075
2023-09-19 08:00:00+02:00,132.98,6.7,0.69,11.174488216530506,0.9934543867025141,0.9934543867025141
2023-09-19 09:00:00+02:00,330.54,8.44,0.76,19.38561301260994,2.4568237193379208,2.4568237193379208
2023-09-19 10:00:00+02:00,438.88,10.39,0.83,24.69639041372746,3.2106689675255726,3.2106689675255726
2023-09-19 11:00:00+02:00,578.46,11.83,0.83,30.68634934087857,4.147255843662256,4.147255843662256
2023-09-19 12:00:00+02:00,754.13,13.14,0.76,38.112515100137756,5.261891698037847,5.261891698037847
2023-09-19 13:00:00+02:00,804.82,14.37,0.76,41.02108085196567,5.554412457067456,5.554412457067456
2023-09-19 14:00:00+02:00,800.59,15.32,0.76,41.83100720567977,5.5088368520440305,5.5088368520440305
2023-09-19 15:00:00+02:00,596.62,15.87,0.69,35.94496736160648,4.19718503474797,4.19718503474797
2023-09-19 16:00:00+02:00,498.4,15.89,0.48,33.51176839961532,3.5355894486825785,3.5355894486825785
2023-09-19 17:00:00+02:00,262.98,15.72,0.41,25.178215246507747,1.908357094074885,1.908357094074885
2023-09-19 18:00:00+02:00,123.63,14.87,0.28,19.463315301391034,0.8939625818210569,0.8939625818210569
2023-09-19 19:00:00+02:00,0.0,14.06,0.21,14.06,0.0,0.0
2023-09-19 20:00:00+02:00,0.0,13.1,0.07,13.1,0.0,0.0
2023-09-19 21:00:00+02:00,0.0,12.18,0.07,12.18,0.0,0.0
2023-09-19 22:00:00+02:00,0.0,11.52,0.21,11.52,0.0,0.0
2023-09-19 23:00:00+02:00,0.0,10.95,0.14,10.95,0.0,0.0
2023-09-20 00:00:00+02:00,0.0,10.38,0.28,10.38,0.0,0.0
2023-09-20 01:00:00+02:00,0.0,9.83,0.41,9.83,0.0,0.0
2023-09-20 02:00:00+02:00,0.0,9.31,0.48,9.31,0.0,0.0
2023-09-20 03:00:00+02:00,0.0,8.31,0.41,8.31,0.0,0.0
2023-09-20 04:00:00+02:00,0.0,7.87,0.34,7.87,0.0,0.0
2023-09-20 05:00:00+02:00,0.0,7.64,0.34,7.64,0.0,0.0
2023-09-20 06:00:00+02:00,0.0,7.44,0.34,7.44,0.0,0.0
2023-09-20 07:00:00+02:00,7.54,7.62,0.34,7.895931727025207,0.014966626827673395,0.014966626827673395
2023-09-20 08:00:00+02:00,104.39,7.88,0.41,11.634441743033477,0.7694160881363052,0.7694160881363052
2023-09-20 09:00:00+02:00,258.04999999999995,8.33,0.76,16.87515471018332,1.9273877186604116,1.9273877186604116
2023-09-20 10:00:00+02:00,523.69,10.05,1.03,26.392229101394282,3.811477453137858,3.811477453137858
2023-09-20 11:00:00+02:00,612.02,11.95,1.24,30.229293701615216,4.395197949944245,4.395197949944245
2023-09-20 12:00:00+02:00,488.75,13.34,1.38,27.531676926293294,3.5419585881877436,3.5419585881877436
2023-09-20 13:00:00+02:00,610.64,13.51,1.31,31.49094250951108,4.365557411537001,4.365557411537001
2023-09-20 14:00:00+02:00,581.01,13.97,1.38,30.84060094311134,4.163263086054888,4.163263086054888
2023-09-20 15:00:00+02:00,476.02,13.85,1.31,27.866913817269527,3.4451673712426487,3.4451673712426487
2023-09-20 16:00:00+02:00,309.61,13.67,1.17,23.051325220890348,2.269912910800838,2.269912910800838
2023-09-20 17:00:00+02:00,219.85,13.31,1.1,20.069623662526134,1.6183372686131219,1.6183372686131219
2023-09-20 18:00:00+02:00,35.59,12.87,1.17,13.948393348443162,0.23106045482852375,0.23106045482852375
2023-09-20 19:00:00+02:00,0.0,11.86,0.9,11.86,0.0,0.0
2023-09-20 20:00:00+02:00,0.0,10.93,0.9,10.93,0.0,0.0
2023-09-20 21:00:00+02:00,0.0,10.16,0.62,10.16,0.0,0.0
2023-09-20 22:00:00+02:00,0.0,9.66,0.62,9.66,0.0,0.0
2023-09-20 23:00:00+02:00,0.0,9.61,0.76,9.61,0.0,0.0
2023-09-21 00:00:00+02:00,0.0,9.6,0.69,9.6,0.0,0.0
2023-09-21 01:00:00+02:00,0.0,9.59,0.69,9.59,0.0,0.0
2023-09-21 02:00:00+02:00,0.0,9.4,0.62,9.4,0.0,0.0
2023-09-21 03:00:00+02:00,0.0,9.42,0.55,9.42,0.0,0.0
2023-09-21 04:00:00+02:00,0.0,9.2,0.62,9.2,0.0,0.0
2023-09-21 05:00:00+02:00,0.0,9.23,0.69,9.23,0.0,0.0
2023-09-21 06:00:00+02:00,0.0,9.32,0.69,9.32,0.0,0.0
2023-09-21 07:00:00+02:00,5.68,9.28,0.69,9.471119665136811,2.3419739661686786e-05,2.3419739661686786e-05
2023-09-21 08:00:00+02:00,62.68,9.46,0.9,11.471811529079472,0.4447581313148018,0.4447581313148018
2023-09-21 09:00:00+02:00,109.54,9.97,1.1,13.337974418890667,0.804646346922516,0.804646346922516
2023-09-21 10:00:00+02:00,213.03,10.55,1.1,17.09993235764359,1.583340568036302,1.583340568036302
2023-09-21 11:00:00+02:00,365.26,11.63,1.17,22.697545783994087,2.6867484705783755,2.6867484705783755
2023-09-21 12:00:00+02:00,384.96000000000004,12.52,1.24,24.01765841536844,2.8200140672978713,2.8200140672978713
2023-09-21 13:00:00+02:00,462.95,12.3,1.31,25.932053803842123,3.373119667040418,3.373119667040418
2023-09-21 14:00:00+02:00,294.83000000000004,12.91,1.31,21.591582077949614,2.1710946735383847,2.1710946735383847
2023-09-21 15:00:00+02:00,135.32000000000002,12.19,1.38,16.11924342028851,0.994281223939809,0.994281223939809
2023-09-21 16:00:00+02:00,112.75999999999999,11.2,1.31,14.520337805208419,0.8260950200710326,0.8260950200710326
2023-09-21 17:00:00+02:00,80.41000000000001,10.93,1.24,13.331617604893435,0.5791124275288825,0.5791124275288825
2023-09-21 18:00:00+02:00,21.67,10.72,1.24,11.36722116027908,0.12471706178736733,0.12471706178736733
2023-09-21 19:00:00+02:00,0.0,10.37,1.03,10.37,0.0,0.0
2023-09-21 20:00:00+02:00,0.0,9.94,0.69,9.94,0.0,0.0
2023-09-21 21:00:00+02:00,0.0,9.95,0.69,9.95,0.0,0.0
2023-09-21 22:00:00+02:00,0.0,9.86,0.55,9.86,0.0,0.0
2023-09-21 23:00:00+02:00,0.0,9.78,0.34,9.78,0.0,0.0
2023-09-22 00:00:00+02:00,0.0,9.78,0.21,9.78,0.0,0.0
2023-09-22 01:00:00+02:00,0.0,9.69,0.14,9.69,0.0,0.0
2023-09-22 02:00:00+02:00,0.0,9.71,0.14,9.71,0.0,0.0
2023-09-22 03:00:00+02:00,0.0,9.42,0.21,9.42,0.0,0.0
2023-09-22 04:00:00+02:00,0.0,9.24,0.14,9.24,0.0,0.0
2023-09-22 05:00:00+02:00,0.0,8.97,0.41,8.97,0.0,0.0
2023-09-22 06:00:00+02:00,0.0,8.74,0.55,8.74,0.0,0.0
2023-09-22 07:00:00+02:00,1.58,8.46,0.69,8.51316356882327,0.0,0.0
2023-09-22 08:00:00+02:00,19.41,7.66,0.62,8.323798528084048,0.10859954784959742,0.10859954784959742
2023-09-22 09:00:00+02:00,87.96,7.28,0.55,10.338201794033795,0.6444504300999544,0.6444504300999544
2023-09-22 10:00:00+02:00,246.65000000000003,7.06,0.83,15.100173157915325,1.8519724950140362,1.8519724950140362
2023-09-22 11:00:00+02:00,416.23,7.84,0.76,21.623180565857794,3.07677820978465,3.07677820978465
2023-09-22 12:00:00+02:00,484.09,8.83,0.76,24.860319487125146,3.5412785737063306,3.5412785737063306
2023-09-22 13:00:00+02:00,499.7,9.61,0.9,25.648644241879573,3.6458324092646848,3.6458324092646848
2023-09-22 14:00:00+02:00,524.7900000000001,10.25,0.83,27.35684156311528,3.8065103001286937,3.8065103001286937
2023-09-22 15:00:00+02:00,501.49,10.61,0.83,26.957319833622364,3.642080560969676,3.642080560969676
2023-09-22 16:00:00+02:00,300.15,10.94,0.83,20.724139360828236,2.217609178422912,2.217609178422912
2023-09-22 17:00:00+02:00,195.99,10.23,0.69,16.82463788207109,1.454950841719662,1.454950841719662
2023-09-22 18:00:00+02:00,29.490000000000002,9.02,0.76,9.99654180353926,0.1868664891839546,0.1868664891839546
2023-09-22 19:00:00+02:00,0.0,7.61,0.76,7.61,0.0,0.0
2023-09-22 20:00:00+02:00,0.0,6.35,0.9,6.35,0.0,0.0
2023-09-22 21:00:00+02:00,0.0,6.05,0.69,6.05,0.0,0.0
2023-09-22 22:00:00+02:00,0.0,5.7,0.69,5.7,0.0,0.0
2023-09-22 23:00:00+02:00,0.0,5.74,0.76,5.74,0.0,0.0
2023-09-23 00:00:00+02:00,0.0,4.84,0.83,4.84,0.0,0.0
2023-09-23 01:00:00+02:00,0.0,4.77,0.76,4.77,0.0,0.0
2023-09-23 02:00:00+02:00,0.0,4.59,0.83,4.59,0.0,0.0
2023-09-23 03:00:00+02:00,0.0,4.55,0.83,4.55,0.0,0.0
2023-09-23 04:00:00+02:00,0.0,4.1,0.9,4.1,0.0,0.0
2023-09-23 05:00:00+02:00,0.0,4.03,0.9,4.03,0.0,0.0
2023-09-23 06:00:00+02:00,0.0,3.77,0.97,3.77,0.0,0.0
2023-09-23 07:00:00+02:00,5.89,3.52,0.9,3.70904865836436,0.0025619408618879343,0.0025619408618879343
2023-09-23 08:00:00+02:00,35.11,3.47,0.97,4.579853705413027,0.23592573382162166,0.23592573382162166
2023-09-23 09:00:00+02:00,144.81,3.36,0.97,7.937553833120488,1.0977585590958483,1.0977585590958483
2023-09-23 10:00:00+02:00,202.46,3.8,1.1,10.02494158160128,1.539998205875093,1.539998205875093
2023-09-23 11:00:00+02:00,376.25,4.26,1.17,15.660547832305138,2.8367057711091914,2.8367057711091914
2023-09-23 12:00:00+02:00,563.19,4.9,1.24,21.72088072254612,4.167076922515039,4.167076922515039
2023-09-23 13:00:00+02:00,552.1,6.01,1.45,21.821329400309295,4.08348797267101,4.08348797267101
2023-09-23 14:00:00+02:00,564.3,6.86,1.52,22.80211906161009,4.159659692390365,4.159659692390365
2023-09-23 15:00:00+02:00,659.5600000000001,7.38,1.59,25.76464025688769,4.811639326800892,4.811639326800892
2023-09-23 16:00:00+02:00,499.09,7.85,1.52,21.94986213443023,3.6887917346046186,3.6887917346046186
2023-09-23 17:00:00+02:00,348.82,7.81,1.45,17.799690131164443,2.6086330060012157,2.6086330060012157
2023-09-23 18:00:00+02:00,33.83,7.34,1.31,8.336160233683938,0.22238673174815238,0.22238673174815238
2023-09-23 19:00:00+02:00,0.0,6.46,1.17,6.46,0.0,0.0
2023-09-23 20:00:00+02:00,0.0,5.38,1.1,5.38,0.0,0.0
2023-09-23 21:00:00+02:00,0.0,3.82,1.1,3.82,0.0,0.0
2023-09-23 22:00:00+02:00,0.0,3.34,1.03,3.34,0.0,0.0
2023-09-23 23:00:00+02:00,0.0,3.27,0.9,3.27,0.0,0.0
2023-09-24 00:00:00+02:00,0.0,3.2,0.83,3.2,0.0,0.0
2023-09-24 01:00:00+02:00,0.0,2.65,0.76,2.65,0.0,0.0
2023-09-24 02:00:00+02:00,0.0,2.04,0.62,2.04,0.0,0.0
2023-09-24 03:00:00+02:00,0.0,0.9,0.62,0.9,0.0,0.0
2023-09-24 04:00:00+02:00,0.0,-0.07,0.62,-0.07,0.0,0.0
2023-09-24 05:00:00+02:00,0.0,-0.93,0.55,-0.93,0.0,0.0
2023-09-24 06:00:00+02:00,0.0,-1.84,0.55,-1.84,0.0,0.0
2023-09-24 07:00:00+02:00,7.8100000000000005,-2.64,0.55,-2.368461164035881,0.019195279696711712,0.019195279696711712
2023-09-24 08:00:00+02:00,217.79,-2.69,0.48,5.010330938507664,1.687845296605859,1.687845296605859
2023-09-24 09:00:00+02:00,468.71,0.35,0.55,16.64615464849454,3.527233045736777,3.527233045736777
2023-09-24 10:00:00+02:00,740.5,4.48,0.62,29.804204536127603,5.32402971941592,5.32402971941592
2023-09-24 11:00:00+02:00,949.04,7.7,0.76,39.1268305605595,5.7,5.7
2023-09-24 12:00:00+02:00,1041.02,9.77,0.83,43.704648533764484,5.7,5.7
2023-09-24 13:00:00+02:00,1073.6299999999999,11.09,0.69,47.21531797197808,5.7,5.7
2023-09-24 14:00:00+02:00,1026.86,12.1,0.62,47.21737024978797,5.7,5.7
2023-09-24 15:00:00+02:00,877.47,12.71,0.48,43.734424393279404,5.7,5.7
2023-09-24 16:00:00+02:00,662.96,12.85,0.48,36.29006335916728,4.6580097118004735,4.6580097118004735
2023-09-24 17:00:00+02:00,405.22,12.5,0.48,26.82723312779318,2.9404210137321973,2.9404210137321973
2023-09-24 18:00:00+02:00,25.12,11.69,0.48,12.57815975561464,0.15087869246411928,0.15087869246411928
2023-09-24 19:00:00+02:00,0.0,10.53,0.34,10.53,0.0,0.0
2023-09-24 20:00:00+02:00,0.0,9.23,0.28,9.23,0.0,0.0
2023-09-24 21:00:00+02:00,0.0,7.67,0.21,7.67,0.0,0.0
2023-09-24 22:00:00+02:00,0.0,6.52,0.21,6.52,0.0,0.0
2023-09-24 23:00:00+02:00,0.0,5.48,0.28,5.48,0.0,0.0
2023-09-25 00:00:00+02:00,0.0,4.54,0.28,4.54,0.0,0.0
2023-09-25 01:00:00+02:00,0.0,3.76,0.28,3.76,0.0,0.0
2023-09-25 02:00:00+02:00,0.0,3.12,0.28,3.12,0.0,0.0
2023-09-25 03:00:00+02:00,0.0,2.7,0.28,2.7,0.0,0.0
2023-09-25 04:00:00+02:00,0.0,2.32,0.28,2.32,0.0,0.0
2023-09-25 05:00:00+02:00,0.0,2.04,0.21,2.04,0.0,0.0
2023-09-25 06:00:00+02:00,0.0,1.89,0.21,1.89,0.0,0.0
2023-09-25 07:00:00+02:00,7.130000000000001,1.94,0.21,2.209703893117066,0.012783070989228899,0.012783070989228899
2023-09-25 08:00:00+02:00,216.37,1.09,0.21,9.274548576962069,1.6526731877730063,1.6526731877730063
2023-09-25 09:00:00+02:00,495.29,2.32,0.07,21.75929855409203,3.663026409470188,3.663026409470188
2023-09-25 10:00:00+02:00,755.06,7.77,0.07,37.40483366563574,5.281984477513518,5.281984477513518
2023-09-25 11:00:00+02:00,945.9599999999999,11.28,0.07,48.40733723723252,5.7,5.7
2023-09-25 12:00:00+02:00,1050.02,13.15,0.0,55.1508,5.7,5.7
2023-09-25 13:00:00+02:00,1073.74,14.38,0.07,56.52248708730396,5.7,5.7
2023-09-25 14:00:00+02:00,1011.84,15.2,0.07,54.91301631160023,5.7,5.7
2023-09-25 15:00:00+02:00,866.2,15.55,0.14,48.91980306345734,5.7,5.7
2023-09-25 16:00:00+02:00,654.13,15.43,0.28,39.73336761383902,4.538399303324085,4.538399303324085
2023-09-25 17:00:00+02:00,397.05,14.8,0.34,29.330330532540913,2.855002576756857,2.855002576756857
2023-09-25 18:00:00+02:00,24.36,13.84,0.28,14.745064796100344,0.14358722004251318,0.14358722004251318
2023-09-25 19:00:00+02:00,0.0,12.59,0.28,12.59,0.0,0.0
2023-09-25 20:00:00+02:00,0.0,11.24,0.21,11.24,0.0,0.0
2023-09-25 21:00:00+02:00,0.0,9.86,0.21,9.86,0.0,0.0
2023-09-25 22:00:00+02:00,0.0,8.81,0.28,8.81,0.0,0.0
2023-09-25 23:00:00+02:00,0.0,7.97,0.28,7.97,0.0,0.0
2023-09-26 00:00:00+02:00,0.0,7.11,0.21,7.11,0.0,0.0
2023-09-26 01:00:00+02:00,0.0,6.33,0.14,6.33,0.0,0.0
2023-09-26 02:00:00+02:00,0.0,5.83,0.07,5.83,0.0,0.0
2023-09-26 03:00:00+02:00,0.0,5.72,0.0,5.72,0.0,0.0
2023-09-26 04:00:00+02:00,0.0,5.38,0.07,5.38,0.0,0.0
2023-09-26 05:00:00+02:00,0.0,5.13,0.07,5.13,0.0,0.0
2023-09-26 06:00:00+02:00,0.0,5.02,0.07,5.02,0.0,0.0
2023-09-26 07:00:00+02:00,6.529999999999999,4.72,0.07,4.976291505094431,0.007477212924218275,0.007477212924218275
2023-09-26 08:00:00+02:00,35.59,4.1,0.07,5.496847575239022,0.23890797746922726,0.23890797746922726
2023-09-26 09:00:00+02:00,470.72,5.53,0.07,24.00496742389752,3.4533659955509934,3.4533659955509934
2023-09-26 10:00:00+02:00,731.9599999999999,10.3,0.07,39.02819756032466,5.0905938350679545,5.0905938350679545
2023-09-26 11:00:00+02:00,912.9899999999999,13.38,0.34,46.79152618789706,5.7,5.7
2023-09-26 12:00:00+02:00,1019.16,14.9,0.55,50.334253528961824,5.7,5.7
2023-09-26 13:00:00+02:00,1042.46,15.98,0.48,52.8379227244442,5.7,5.7
2023-09-26 14:00:00+02:00,980.9699999999999,16.72,0.34,52.61930321749568,5.7,5.7
2023-09-26 15:00:00+02:00,840.0200000000001,17.11,0.28,48.31987397455713,5.640026105337541,5.640026105337541
2023-09-26 16:00:00+02:00,633.06,17.06,0.28,40.580538580430385,4.378513582757798,4.378513582757798
2023-09-26 17:00:00+02:00,381.85,16.59,0.28,30.777150754963742,2.7304332852726514,2.7304332852726514
2023-09-26 18:00:00+02:00,23.51,15.7,0.21,16.589304141259777,0.13588931181344244,0.13588931181344244
2023-09-26 19:00:00+02:00,0.0,14.58,0.21,14.58,0.0,0.0
2023-09-26 20:00:00+02:00,0.0,13.13,0.34,13.13,0.0,0.0
2023-09-26 21:00:00+02:00,0.0,11.55,0.41,11.55,0.0,0.0
2023-09-26 22:00:00+02:00,0.0,10.31,0.41,10.31,0.0,0.0
2023-09-26 23:00:00+02:00,0.0,9.27,0.34,9.27,0.0,0.0
2023-09-27 00:00:00+02:00,0.0,8.37,0.28,8.37,0.0,0.0
2023-09-27 01:00:00+02:00,0.0,7.76,0.21,7.76,0.0,0.0
2023-09-27 02:00:00+02:00,0.0,7.33,0.14,7.33,0.0,0.0
2023-09-27 03:00:00+02:00,0.0,6.51,0.14,6.51,0.0,0.0
2023-09-27 04:00:00+02:00,0.0,5.32,0.14,5.32,0.0,0.0
2023-09-27 05:00:00+02:00,0.0,4.16,0.07,4.16,0.0,0.0
2023-09-27 06:00:00+02:00,0.0,3.66,0.07,3.66,0.0,0.0
2023-09-27 07:00:00+02:00,7.130000000000001,2.39,0.14,2.6646787068141893,0.01269835390441034,0.01269835390441034
2023-09-27 08:00:00+02:00,47.349999999999994,2.39,0.07,4.248407774306482,0.3340736939416513,0.3340736939416513
2023-09-27 09:00:00+02:00,351.04,4.43,0.0,18.471600000000002,2.61933049424717,2.61933049424717
2023-09-27 10:00:00+02:00,614.4300000000001,8.86,0.07,32.97534295178737,4.36930139410371,4.36930139410371
2023-09-27 11:00:00+02:00,897.12,12.76,0.48,44.47918311930757,5.7,5.7
2023-09-27 12:00:00+02:00,1018.6,14.9,0.9,47.59354217486199,5.7,5.7
2023-09-27 13:00:00+02:00,1039.86,16.16,0.9,49.53591475157273,5.7,5.7
2023-09-27 14:00:00+02:00,976.6600000000001,16.86,0.76,49.201448553565754,5.7,5.7
2023-09-27 15:00:00+02:00,831.4300000000001,17.23,0.69,45.205813940968255,5.648558821616002,5.648558821616002
2023-09-27 16:00:00+02:00,569.1,17.41,0.62,36.87253180487538,3.989758157972327,3.989758157972327
2023-09-27 17:00:00+02:00,372.40000000000003,16.94,0.55,29.887639246227664,2.6707186264843816,2.6707186264843816
2023-09-27 18:00:00+02:00,21.85,15.94,0.48,16.71254341800079,0.1230748828789174,0.1230748828789174
2023-09-27 19:00:00+02:00,0.0,14.64,0.41,14.64,0.0,0.0
2023-09-27 20:00:00+02:00,0.0,13.34,0.34,13.34,0.0,0.0
2023-09-27 21:00:00+02:00,0.0,12.35,0.28,12.35,0.0,0.0
2023-09-27 22:00:00+02:00,0.0,11.27,0.28,11.27,0.0,0.0
2023-09-27 23:00:00+02:00,0.0,10.62,0.14,10.62,0.0,0.0
2023-09-28 00:00:00+02:00,0.0,10.14,0.14,10.14,0.0,0.0
2023-09-28 01:00:00+02:00,0.0,9.79,0.14,9.79,0.0,0.0
2023-09-28 02:00:00+02:00,0.0,9.54,0.21,9.54,0.0,0.0
2023-09-28 03:00:00+02:00,0.0,9.51,0.28,9.51,0.0,0.0
2023-09-28 04:00:00+02:00,0.0,9.17,0.28,9.17,0.0,0.0
2023-09-28 05:00:00+02:00,0.0,8.9,0.34,8.9,0.0,0.0
2023-09-28 06:00:00+02:00,0.0,8.7,0.41,8.7,0.0,0.0
2023-09-28 07:00:00+02:00,5.2299999999999995,8.12,0.41,8.308099725223345,0.0,0.0
2023-09-28 08:00:00+02:00,47.21,7.86,0.41,9.557932701299075,0.3264178286355985,0.3264178286355985
2023-09-28 09:00:00+02:00,403.76,7.68,0.34,22.45588781216149,2.975228983815753,2.975228983815753
2023-09-28 10:00:00+02:00,572.58,11.74,0.34,32.69397722282402,4.07556599225143,4.07556599225143
2023-09-28 11:00:00+02:00,877.89,14.23,0.28,46.846885625965996,5.7,5.7
2023-09-28 12:00:00+02:00,957.5500000000001,15.97,0.21,52.19089240592517,5.7,5.7
2023-09-28 13:00:00+02:00,970.23,16.98,0.14,54.35749252627362,5.7,5.7
2023-09-28 14:00:00+02:00,905.07,17.6,0.14,52.467245045766944,5.7,5.7
2023-09-28 15:00:00+02:00,755.4699999999999,17.84,0.14,46.94400036983388,5.100986779792107,5.100986779792107
2023-09-28 16:00:00+02:00,514.32,17.76,0.07,37.94619401227688,3.590398311073975,3.590398311073975
2023-09-28 17:00:00+02:00,292.29,17.23,0.07,28.701890355903735,2.098331768304449,2.098331768304449
2023-09-28 18:00:00+02:00,22.91,16.37,0.07,17.269178925224107,0.130876521476934,0.130876521476934
2023-09-28 19:00:00+02:00,0.0,15.37,0.14,15.37,0.0,0.0
2023-09-28 20:00:00+02:00,0.0,14.04,0.21,14.04,0.0,0.0
2023-09-28 21:00:00+02:00,0.0,12.62,0.21,12.62,0.0,0.0
2023-09-28 22:00:00+02:00,0.0,11.76,0.14,11.76,0.0,0.0
2023-09-28 23:00:00+02:00,0.0,10.92,0.14,10.92,0.0,0.0
2023-09-29 00:00:00+02:00,0.0,10.22,0.07,10.22,0.0,0.0
2023-09-29 01:00:00+02:00,0.0,9.63,0.07,9.63,0.0,0.0
2023-09-29 02:00:00+02:00,0.0,9.17,0.07,9.17,0.0,0.0
2023-09-29 03:00:00+02:00,0.0,8.42,0.14,8.42,0.0,0.0
2023-09-29 04:00:00+02:00,0.0,8.02,0.21,8.02,0.0,0.0
2023-09-29 05:00:00+02:00,0.0,7.13,0.28,7.13,0.0,0.0
2023-09-29 06:00:00+02:00,0.0,6.58,0.34,6.58,0.0,0.0
2023-09-29 07:00:00+02:00,4.99,5.96,0.41,6.139467997870841,0.0,0.0
2023-09-29 08:00:00+02:00,46.32,6.16,0.41,7.825923379033535,0.3215200506126374,0.3215200506126374
2023-09-29 09:00:00+02:00,400.88,7.28,0.48,21.4537851445381,2.964186352723045,2.964186352723045
2023-09-29 10:00:00+02:00,670.9699999999999,11.65,0.62,34.596362616617874,4.743274936862832,4.743274936862832
2023-09-29 11:00:00+02:00,876.44,14.79,0.76,43.812729681042704,5.7,5.7
2023-09-29 12:00:00+02:00,986.9900000000001,16.34,0.76,49.02351965667056,5.7,5.7
2023-09-29 13:00:00+02:00,1015.22,17.32,0.83,50.41363305647191,5.7,5.7
2023-09-29 14:00:00+02:00,962.9000000000001,17.97,0.83,49.35813190252044,5.7,5.7
2023-09-29 15:00:00+02:00,834.2500000000001,18.29,0.83,45.48446364074948,5.661701899138807,5.661701899138807
2023-09-29 16:00:00+02:00,597.52,18.18,0.9,37.358328411862885,4.181878220585857,4.181878220585857
2023-09-29 17:00:00+02:00,299.86,17.62,0.83,27.394686086083478,2.163701314951639,2.163701314951639
2023-09-29 18:00:00+02:00,20.75,16.53,0.76,17.21712249655611,0.11435980747787576,0.11435980747787576
2023-09-29 19:00:00+02:00,0.0,15.37,0.9,15.37,0.0,0.0
2023-09-29 20:00:00+02:00,0.0,14.15,0.83,14.15,0.0,0.0
2023-09-29 21:00:00+02:00,0.0,14.06,0.69,14.06,0.0,0.0
2023-09-29 22:00:00+02:00,0.0,13.45,0.69,13.45,0.0,0.0
2023-09-29 23:00:00+02:00,0.0,12.99,0.69,12.99,0.0,0.0
2023-09-30 00:00:00+02:00,0.0,12.23,0.83,12.23,0.0,0.0
2023-09-30 01:00:00+02:00,0.0,12.38,0.62,12.38,0.0,0.0
2023-09-30 02:00:00+02:00,0.0,12.09,0.62,12.09,0.0,0.0
2023-09-30 03:00:00+02:00,0.0,10.67,0.69,10.67,0.0,0.0
2023-09-30 04:00:00+02:00,0.0,10.59,0.62,10.59,0.0,0.0
2023-09-30 05:00:00+02:00,0.0,10.71,0.48,10.71,0.0,0.0
2023-09-30 06:00:00+02:00,0.0,9.6,0.55,9.6,0.0,0.0
2023-09-30 07:00:00+02:00,3.0900000000000003,9.79,0.69,9.893971789660695,0.0,0.0
2023-09-30 08:00:00+02:00,37.72,9.78,0.69,11.049196086084603,0.25040464086080344,0.25040464086080344
2023-09-30 09:00:00+02:00,265.45,10.77,0.76,19.560200805340678,1.9652328449775238,1.9652328449775238
2023-09-30 10:00:00+02:00,500.62,11.9,0.83,28.218960009388084,3.61950775039306,3.61950775039306
2023-09-30 11:00:00+02:00,614.52,13.33,0.48,35.05738586864287,4.337173471404656,4.337173471404656
2023-09-30 12:00:00+02:00,828.4300000000001,14.77,0.28,45.54926227559149,5.621035179226431,5.621035179226431
2023-09-30 13:00:00+02:00,846.13,16.08,0.41,46.511514436564,5.7,5.7
2023-09-30 14:00:00+02:00,861.5,16.8,0.34,48.32721257721697,5.7,5.7
2023-09-30 15:00:00+02:00,705.2800000000001,17.36,0.48,42.29635797929513,4.84660906211499,4.84660906211499
2023-09-30 16:00:00+02:00,526.15,17.19,0.41,36.11326394383623,3.698088090282277,3.698088090282277
2023-09-30 17:00:00+02:00,302.93,16.52,0.34,27.605941388295225,2.184543505100793,2.184543505100793
2023-09-30 18:00:00+02:00,17.55,15.55,0.41,16.181195062651955,0.09031689155056703,0.09031689155056703
2023-09-30 19:00:00+02:00,0.0,14.4,0.48,14.4,0.0,0.0
2023-09-30 20:00:00+02:00,0.0,13.37,0.55,13.37,0.0,0.0
2023-09-30 21:00:00+02:00,0.0,12.81,0.48,12.81,0.0,0.0
2023-09-30 22:00:00+02:00,0.0,12.1,0.41,12.1,0.0,0.0
2023-09-30 23:00:00+02:00,0.0,10.89,0.34,10.89,0.0,0.0
2023-10-01 00:00:00+02:00,0.0,10.08,0.41,10.08,0.0,0.0
2023-10-01 01:00:00+02:00,0.0,9.26,0.41,9.26,0.0,0.0
2023-10-01 02:00:00+02:00,0.0,8.52,0.34,8.52,0.0,0.0
2023-10-01 03:00:00+02:00,0.0,7.77,0.34,7.77,0.0,0.0
2023-10-01 04:00:00+02:00,0.0,6.55,0.34,6.55,0.0,0.0
2023-10-01 05:00:00+02:00,0.0,5.96,0.28,5.96,0.0,0.0
2023-10-01 06:00:00+02:00,0.0,5.52,0.28,5.52,0.0,0.0
2023-10-01 07:00:00+02:00,0.0,5.05,0.34,5.05,0.0,0.0
2023-10-01 08:00:00+02:00,29.869999999999997,5.39,0.28,6.499781833313517,0.19257398517625257,0.19257398517625257
2023-10-01 09:00:00+02:00,460.59000000000003,7.61,0.21,25.03256888229865,3.3664876831344444,3.3664876831344444
2023-10-01 10:00:00+02:00,680.0500000000001,12.69,0.14,38.88849292692699,4.732749193218374,4.732749193218374
2023-10-01 11:00:00+02:00,878.01,15.88,0.14,49.704775788208465,5.7,5.7
2023-10-01 12:00:00+02:00,956.2,17.67,0.14,54.50699571609086,5.7,5.7
2023-10-01 13:00:00+02:00,975.5799999999999,18.73,0.14,56.31359786729128,5.7,5.7
2023-10-01 14:00:00+02:00,915.3,19.38,0.14,54.641349277282956,5.7,5.7
2023-10-01 15:00:00+02:00,747.3800000000001,19.72,0.14,48.51233827472494,5.016589931242109,5.016589931242109
2023-10-01 16:00:00+02:00,591.8399999999999,19.55,0.14,42.35025888371806,4.066326375425034,4.066326375425034
2023-10-01 17:00:00+02:00,362.07,19.14,0.21,32.835889001528194,2.5682797751451503,2.5682797751451503
2023-10-01 18:00:00+02:00,18.14,18.24,0.21,18.926175122180023,0.0935535450549498,0.0935535450549498
2023-10-01 19:00:00+02:00,0.0,17.2,0.21,17.2,0.0,0.0
2023-10-01 20:00:00+02:00,0.0,15.77,0.21,15.77,0.0,0.0
2023-10-01 21:00:00+02:00,0.0,14.28,0.14,14.28,0.0,0.0
2023-10-01 22:00:00+02:00,0.0,13.19,0.14,13.19,0.0,0.0
2023-10-01 23:00:00+02:00,0.0,12.32,0.07,12.32,0.0,0.0
2023-10-02 00:00:00+02:00,0.0,11.64,0.07,11.64,0.0,0.0
2023-10-02 01:00:00+02:00,0.0,11.13,0.0,11.13,0.0,0.0
2023-10-02 02:00:00+02:00,0.0,10.27,0.07,10.27,0.0,0.0
2023-10-02 03:00:00+02:00,0.0,8.68,0.14,8.68,0.0,0.0
2023-10-02 04:00:00+02:00,0.0,8.61,0.14,8.61,0.0,0.0
2023-10-02 05:00:00+02:00,0.0,8.51,0.21,8.51,0.0,0.0
2023-10-02 06:00:00+02:00,0.0,8.45,0.21,8.45,0.0,0.0
2023-10-02 07:00:00+02:00,0.0,8.43,0.21,8.43,0.0,0.0
2023-10-02 08:00:00+02:00,32.0,8.52,0.21,9.730452255223858,0.20678451004827392,0.20678451004827392
2023-10-02 09:00:00+02:00,466.72,8.6,0.07,26.917974158908585,3.3889013025347907,3.3889013025347907
2023-10-02 10:00:00+02:00,695.0899999999999,12.78,0.07,40.061112140289175,4.816416568937236,4.816416568937236
2023-10-02 11:00:00+02:00,866.78,15.83,0.41,47.00420264418581,5.7,5.7
2023-10-02 12:00:00+02:00,1024.59,17.27,0.48,53.4960988855575,5.7,5.7
2023-10-02 13:00:00+02:00,1042.8000000000002,18.37,0.62,54.03249897403629,5.7,5.7
2023-10-02 14:00:00+02:00,983.2800000000001,19.0,0.62,52.62698694974146,5.7,5.7
2023-10-02 15:00:00+02:00,825.2299999999999,19.29,0.62,47.51186807474487,5.558183099703859,5.558183099703859
2023-10-02 16:00:00+02:00,637.2299999999999,19.23,0.55,41.385274320283706,4.3942275081176785,4.3942275081176785
2023-10-02 17:00:00+02:00,342.81,18.67,0.48,30.790622843242634,2.448165826694135,2.448165826694135
2023-10-02 18:00:00+02:00,18.41,17.5,0.48,18.15091644509815,0.09598282869732384,0.09598282869732384
2023-10-02 19:00:00+02:00,0.0,16.33,0.41,16.33,0.0,0.0
2023-10-02 20:00:00+02:00,0.0,14.97,0.41,14.97,0.0,0.0
2023-10-02 21:00:00+02:00,0.0,13.74,0.48,13.74,0.0,0.0
2023-10-02 22:00:00+02:00,0.0,13.2,0.48,13.2,0.0,0.0
2023-10-02 23:00:00+02:00,0.0,12.54,0.48,12.54,0.0,0.0
2023-10-03 00:00:00+02:00,0.0,12.22,0.34,12.22,0.0,0.0
2023-10-03 01:00:00+02:00,0.0,11.72,0.21,11.72,0.0,0.0
2023-10-03 02:00:00+02:00,0.0,11.06,0.07,11.06,0.0,0.0
2023-10-03 03:00:00+02:00,0.0,11.03,0.07,11.03,0.0,0.0
2023-10-03 04:00:00+02:00,0.0,10.4,0.14,10.4,0.0,0.0
2023-10-03 05:00:00+02:00,0.0,9.44,0.14,9.44,0.0,0.0
2023-10-03 06:00:00+02:00,0.0,8.25,0.21,8.25,0.0,0.0
2023-10-03 07:00:00+02:00,0.0,7.27,0.21,7.27,0.0,0.0
2023-10-03 08:00:00+02:00,38.88,6.63,0.21,8.100699490096988,0.2624634200250213,0.2624634200250213
2023-10-03 09:00:00+02:00,378.56,7.8,0.21,22.11965017929824,2.791221333721425,2.791221333721425
2023-10-03 10:00:00+02:00,672.9100000000001,12.0,0.28,37.00111461181786,4.715598577595237,4.715598577595237
2023-10-03 11:00:00+02:00,836.8800000000001,15.84,0.41,45.93883327818619,5.669779282902674,5.669779282902674
2023-10-03 12:00:00+02:00,967.9700000000001,17.73,0.55,51.38447465405744,5.7,5.7
2023-10-03 13:00:00+02:00,991.5100000000001,18.78,0.62,52.68844299745562,5.7,5.7
2023-10-03 14:00:00+02:00,952.4200000000001,19.3,0.76,50.838757020239484,5.7,5.7
2023-10-03 15:00:00+02:00,801.72,19.35,0.83,45.48406699438019,5.44195734410825,5.44195734410825
2023-10-03 16:00:00+02:00,603.25,18.85,0.97,37.91918962661373,4.213350625082227,4.213350625082227
2023-10-03 17:00:00+02:00,279.25,17.6,0.83,26.702851629223005,2.0176102114525274,2.0176102114525274
2023-10-03 18:00:00+02:00,15.219999999999999,16.32,0.76,16.824000211931757,0.07214497589922393,0.07214497589922393
2023-10-03 19:00:00+02:00,0.0,14.74,0.83,14.74,0.0,0.0
2023-10-03 20:00:00+02:00,0.0,13.02,0.97,13.02,0.0,0.0
2023-10-03 21:00:00+02:00,0.0,11.97,0.97,11.97,0.0,0.0
2023-10-03 22:00:00+02:00,0.0,11.36,0.97,11.36,0.0,0.0
2023-10-03 23:00:00+02:00,0.0,10.53,1.1,10.53,0.0,0.0
2023-10-04 00:00:00+02:00,0.0,10.17,0.97,10.17,0.0,0.0
2023-10-04 01:00:00+02:00,0.0,9.95,0.9,9.95,0.0,0.0
2023-10-04 02:00:00+02:00,0.0,9.6,0.76,9.6,0.0,0.0
2023-10-04 03:00:00+02:00,0.0,8.6,0.76,8.6,0.0,0.0
2023-10-04 04:00:00+02:00,0.0,8.15,0.83,8.15,0.0,0.0
2023-10-04 05:00:00+02:00,0.0,7.75,0.9,7.75,0.0,0.0
2023-10-04 06:00:00+02:00,0.0,7.34,0.97,7.34,0.0,0.0
2023-10-04 07:00:00+02:00,0.0,7.13,0.9,7.13,0.0,0.0
2023-10-04 08:00:00+02:00,26.46,6.92,0.9,7.769274618051098,0.16462598912055085,0.16462598912055085
2023-10-04 09:00:00+02:00,261.28999999999996,8.21,0.69,17.001841074577044,1.9511814061864412,1.9511814061864412
2023-10-04 10:00:00+02:00,530.61,8.55,0.76,26.120798452898168,3.8656831527697975,3.8656831527697975
2023-10-04 11:00:00+02:00,817.8000000000001,9.91,0.62,37.877771059615334,5.7,5.7
2023-10-04 12:00:00+02:00,962.87,11.99,0.34,47.22692068975613,5.7,5.7
2023-10-04 13:00:00+02:00,1005.13,13.33,0.07,52.7796601095813,5.7,5.7
2023-10-04 14:00:00+02:00,934.45,14.2,0.07,50.875589117226866,5.7,5.7
2023-10-04 15:00:00+02:00,796.91,14.61,0.0,46.4864,5.389085945841433,5.389085945841433
2023-10-04 16:00:00+02:00,473.84000000000003,14.65,0.14,32.904384072487446,3.367910399128902,3.367910399128902
2023-10-04 17:00:00+02:00,198.42999999999998,14.04,0.14,21.684389311800782,1.4485354421561971,1.4485354421561971
2023-10-04 18:00:00+02:00,23.81,12.97,0.0,13.9224,0.13984976208393876,0.13984976208393876
2023-10-04 19:00:00+02:00,0.0,11.84,0.07,11.84,0.0,0.0
2023-10-04 20:00:00+02:00,0.0,10.88,0.07,10.88,0.0,0.0
2023-10-04 21:00:00+02:00,0.0,9.98,0.21,9.98,0.0,0.0
2023-10-04 22:00:00+02:00,0.0,9.09,0.28,9.09,0.0,0.0
2023-10-04 23:00:00+02:00,0.0,8.28,0.21,8.28,0.0,0.0
2023-10-05 00:00:00+02:00,0.0,7.57,0.21,7.57,0.0,0.0
2023-10-05 01:00:00+02:00,0.0,6.89,0.21,6.89,0.0,0.0
2023-10-05 02:00:00+02:00,0.0,6.13,0.14,6.13,0.0,0.0
2023-10-05 03:00:00+02:00,0.0,5.16,0.07,5.16,0.0,0.0
2023-10-05 04:00:00+02:00,0.0,4.11,0.0,4.11,0.0,0.0
2023-10-05 05:00:00+02:00,0.0,3.84,0.0,3.84,0.0,0.0
2023-10-05 06:00:00+02:00,0.0,3.33,0.0,3.33,0.0,0.0
2023-10-05 07:00:00+02:00,0.0,2.84,0.07,2.84,0.0,0.0
2023-10-05 08:00:00+02:00,31.08,2.75,0.07,3.9698376689640016,0.20423090723327744,0.20423090723327744
2023-10-05 09:00:00+02:00,374.24,4.52,0.07,19.208289872364475,2.787167029309412,2.787167029309412
2023-10-05 10:00:00+02:00,645.88,9.04,0.14,33.92211544981046,4.577234613189137,4.577234613189137
2023-10-05 11:00:00+02:00,694.73,12.6,0.28,38.41180894067293,4.843208024136741,4.843208024136741
2023-10-05 12:00:00+02:00,819.93,13.98,0.34,43.985928506601866,5.596282926671851,5.596282926671851
2023-10-05 13:00:00+02:00,905.01,14.91,0.41,47.45916488037864,5.7,5.7
2023-10-05 14:00:00+02:00,956.5699999999999,15.66,0.55,48.91811835060149,5.7,5.7
2023-10-05 15:00:00+02:00,809.78,16.15,0.62,43.84349675795464,5.530269526931193,5.530269526931193
2023-10-05 16:00:00+02:00,609.62,16.09,0.69,36.60238913040553,4.278446012097124,4.278446012097124
2023-10-05 17:00:00+02:00,339.66,15.39,0.62,27.00596125960986,2.458595563181087,2.458595563181087
2023-10-05 18:00:00+02:00,20.299999999999997,14.18,0.48,14.897740566838264,0.11214124880517863,0.11214124880517863
2023-10-05 19:00:00+02:00,0.0,12.77,0.55,12.77,0.0,0.0
2023-10-05 20:00:00+02:00,0.0,12.13,0.55,12.13,0.0,0.0
2023-10-05 21:00:00+02:00,0.0,11.1,0.48,11.1,0.0,0.0
2023-10-05 22:00:00+02:00,0.0,10.28,0.62,10.28,0.0,0.0
2023-10-05 23:00:00+02:00,0.0,9.58,0.48,9.58,0.0,0.0
2023-10-06 00:00:00+02:00,0.0,8.89,0.41,8.89,0.0,0.0
2023-10-06 01:00:00+02:00,0.0,8.25,0.41,8.25,0.0,0.0
2023-10-06 02:00:00+02:00,0.0,7.8,0.34,7.8,0.0,0.0
2023-10-06 03:00:00+02:00,0.0,7.69,0.41,7.69,0.0,0.0
2023-10-06 04:00:00+02:00,0.0,7.46,0.41,7.46,0.0,0.0
2023-10-06 05:00:00+02:00,0.0,6.61,0.48,6.61,0.0,0.0
2023-10-06 06:00:00+02:00,0.0,5.1,0.48,5.1,0.0,0.0
2023-10-06 07:00:00+02:00,0.0,5.42,0.41,5.42,0.0,0.0
2023-10-06 08:00:00+02:00,31.11,5.53,0.41,6.6488876580685075,0.20229627291945215,0.20229627291945215
2023-10-06 09:00:00+02:00,448.4,6.87,0.41,22.996943936930844,3.3003688377733957,3.3003688377733957
2023-10-06 10:00:00+02:00,702.17,10.75,0.41,36.0039166462862,4.93816106937139,4.93816106937139
2023-10-06 11:00:00+02:00,873.14,14.26,0.34,46.2131867552771,5.7,5.7
2023-10-06 12:00:00+02:00,990.64,15.89,0.28,52.69596837474736,5.7,5.7
2023-10-06 13:00:00+02:00,952.56,16.93,0.28,52.32115444061348,5.7,5.7
2023-10-06 14:00:00+02:00,905.5500000000001,17.41,0.28,51.05455772203068,5.7,5.7
2023-10-06 15:00:00+02:00,795.86,17.52,0.28,47.089165378670785,5.369785837969003,5.369785837969003
2023-10-06 16:00:00+02:00,612.6999999999999,17.31,0.28,40.07408869337772,4.24557739034956,4.24557739034956
2023-10-06 17:00:00+02:00,365.89,16.68,0.28,30.274177267863514,2.6198818429371316,2.6198818429371316
2023-10-06 18:00:00+02:00,13.46,15.59,0.28,16.09008916894543,0.05889800553585084,0.05889800553585084
2023-10-06 19:00:00+02:00,0.0,14.67,0.34,14.67,0.0,0.0
2023-10-06 20:00:00+02:00,0.0,13.27,0.55,13.27,0.0,0.0
2023-10-06 21:00:00+02:00,0.0,11.85,0.48,11.85,0.0,0.0
2023-10-06 22:00:00+02:00,0.0,10.81,0.48,10.81,0.0,0.0
2023-10-06 23:00:00+02:00,0.0,9.92,0.41,9.92,0.0,0.0
2023-10-07 00:00:00+02:00,0.0,9.1,0.41,9.1,0.0,0.0
2023-10-07 01:00:00+02:00,0.0,8.39,0.41,8.39,0.0,0.0
2023-10-07 02:00:00+02:00,0.0,6.69,0.48,6.69,0.0,0.0
2023-10-07 03:00:00+02:00,0.0,6.06,0.48,6.06,0.0,0.0
2023-10-07 04:00:00+02:00,0.0,6.35,0.48,6.35,0.0,0.0
2023-10-07 05:00:00+02:00,0.0,6.84,0.55,6.84,0.0,0.0
2023-10-07 06:00:00+02:00,0.0,7.36,0.62,7.36,0.0,0.0
2023-10-07 07:00:00+02:00,0.0,7.95,0.69,7.95,0.0,0.0
2023-10-07 08:00:00+02:00,26.53,8.24,0.69,9.132676886633737,0.1642354380637763,0.1642354380637763
2023-10-07 09:00:00+02:00,515.77,8.01,0.55,25.942341283638136,3.759614308190335,3.759614308190335
2023-10-07 10:00:00+02:00,758.02,10.89,0.55,37.24491273207705,5.305705393155421,5.305705393155421
2023-10-07 11:00:00+02:00,932.4599999999999,14.48,0.76,45.35779485005828,5.7,5.7
2023-10-07 12:00:00+02:00,1027.12,16.3,0.9,49.26700475028886,5.7,5.7
2023-10-07 13:00:00+02:00,1038.22,17.4,1.03,49.79861196060564,5.7,5.7
2023-10-07 14:00:00+02:00,970.57,17.96,1.1,47.8016553929406,5.7,5.7
2023-10-07 15:00:00+02:00,824.89,18.11,1.1,43.47250153732628,5.640752250468615,5.640752250468615
2023-10-07 16:00:00+02:00,599.68,17.95,1.1,36.3880764973558,4.211923162076295,4.211923162076295
2023-10-07 17:00:00+02:00,344.61,17.32,0.97,28.21338323618294,2.4841232796277124,2.4841232796277124
2023-10-07 18:00:00+02:00,12.15,16.23,0.83,16.626059614306392,0.048650415046767974,0.048650415046767974
2023-10-07 19:00:00+02:00,0.0,15.41,0.69,15.41,0.0,0.0
2023-10-07 20:00:00+02:00,0.0,14.42,0.62,14.42,0.0,0.0
2023-10-07 21:00:00+02:00,0.0,13.28,0.55,13.28,0.0,0.0
2023-10-07 22:00:00+02:00,0.0,12.38,0.48,12.38,0.0,0.0
2023-10-07 23:00:00+02:00,0.0,11.61,0.48,11.61,0.0,0.0
2023-10-08 00:00:00+02:00,0.0,10.95,0.41,10.95,0.0,0.0
2023-10-08 01:00:00+02:00,0.0,10.42,0.41,10.42,0.0,0.0
2023-10-08 02:00:00+02:00,0.0,9.92,0.41,9.92,0.0,0.0
2023-10-08 03:00:00+02:00,0.0,9.95,0.41,9.95,0.0,0.0
2023-10-08 04:00:00+02:00,0.0,9.58,0.48,9.58,0.0,0.0
2023-10-08 05:00:00+02:00,0.0,9.35,0.48,9.35,0.0,0.0
2023-10-08 06:00:00+02:00,0.0,8.97,0.48,8.97,0.0,0.0
2023-10-08 07:00:00+02:00,0.0,8.54,0.48,8.54,0.0,0.0
2023-10-08 08:00:00+02:00,25.57,8.28,0.48,9.184070260790858,0.1566452207735329,0.1566452207735329
2023-10-08 09:00:00+02:00,479.43,9.65,0.41,26.892954352548514,3.48197740472517,3.48197740472517
2023-10-08 10:00:00+02:00,718.1600000000001,13.03,0.48,38.42175199411665,5.005996402421862,5.005996402421862
2023-10-08 11:00:00+02:00,898.73,16.9,0.69,47.14031279021252,5.7,5.7
2023-10-08 12:00:00+02:00,988.5,18.52,0.83,50.742627879989044,5.7,5.7
2023-10-08 13:00:00+02:00,987.1,19.23,1.1,49.57989546181281,5.7,5.7
2023-10-08 14:00:00+02:00,950.0,19.39,1.1,48.59919936047227,5.7,5.7
2023-10-08 15:00:00+02:00,751.81,19.35,1.1,42.4655454433649,5.162272979215744,5.162272979215744
2023-10-08 16:00:00+02:00,543.11,19.04,0.97,36.20811865414038,3.816366492726922,3.816366492726922
2023-10-08 17:00:00+02:00,317.27000000000004,18.48,0.76,28.98618575818587,2.278200201004055,2.278200201004055
2023-10-08 18:00:00+02:00,11.7,17.42,0.62,17.82012585154989,0.04483005863158522,0.04483005863158522
2023-10-08 19:00:00+02:00,0.0,16.8,0.55,16.8,0.0,0.0
2023-10-08 20:00:00+02:00,0.0,15.43,0.41,15.43,0.0,0.0
2023-10-08 21:00:00+02:00,0.0,14.02,0.41,14.02,0.0,0.0
2023-10-08 22:00:00+02:00,0.0,12.93,0.34,12.93,0.0,0.0
2023-10-08 23:00:00+02:00,0.0,11.98,0.28,11.98,0.0,0.0
2023-10-09 00:00:00+02:00,0.0,11.29,0.28,11.29,0.0,0.0
2023-10-09 01:00:00+02:00,0.0,10.7,0.34,10.7,0.0,0.0
2023-10-09 02:00:00+02:00,0.0,10.13,0.34,10.13,0.0,0.0
2023-10-09 03:00:00+02:00,0.0,9.79,0.34,9.79,0.0,0.0
2023-10-09 04:00:00+02:00,0.0,9.5,0.41,9.5,0.0,0.0
2023-10-09 05:00:00+02:00,0.0,9.12,0.41,9.12,0.0,0.0
2023-10-09 06:00:00+02:00,0.0,8.78,0.41,8.78,0.0,0.0
2023-10-09 07:00:00+02:00,0.0,8.45,0.48,8.45,0.0,0.0
2023-10-09 08:00:00+02:00,24.88,8.18,0.48,9.05967415285399,0.15129594889696887,0.15129594889696887
2023-10-09 09:00:00+02:00,492.14,9.17,0.41,26.870076246924945,3.5750034066024368,3.5750034066024368
2023-10-09 10:00:00+02:00,736.53,12.86,0.48,38.90125417208802,5.1246687121957075,5.1246687121957075
2023-10-09 11:00:00+02:00,914.29,16.89,0.76,47.166107343435414,5.7,5.7
2023-10-09 12:00:00+02:00,1019.0,18.42,0.9,51.12638079342663,5.7,5.7
2023-10-09 13:00:00+02:00,1004.3800000000001,19.13,1.03,50.472603572453906,5.7,5.7
2023-10-09 14:00:00+02:00,965.82,19.38,1.1,49.07560939613823,5.7,5.7
2023-10-09 15:00:00+02:00,821.22,19.44,1.17,44.32334323148339,5.59798874475978,5.59798874475978
2023-10-09 16:00:00+02:00,609.1,19.16,1.17,37.61600979310846,4.258975833300317,4.258975833300317
2023-10-09 17:00:00+02:00,346.03000000000003,18.49,0.97,29.42827051222072,2.483626422132575,2.483626422132575
2023-10-09 18:00:00+02:00,10.84,17.31,0.83,17.66335689045936,0.03829712547959398,0.03829712547959398
2023-10-09 19:00:00+02:00,0.0,16.68,0.76,16.68,0.0,0.0
2023-10-09 20:00:00+02:00,0.0,15.34,0.69,15.34,0.0,0.0
2023-10-09 21:00:00+02:00,0.0,13.91,0.62,13.91,0.0,0.0
2023-10-09 22:00:00+02:00,0.0,12.91,0.55,12.91,0.0,0.0
2023-10-09 23:00:00+02:00,0.0,12.07,0.55,12.07,0.0,0.0
2023-10-10 00:00:00+02:00,0.0,11.4,0.55,11.4,0.0,0.0
2023-10-10 01:00:00+02:00,0.0,10.8,0.55,10.8,0.0,0.0
2023-10-10 02:00:00+02:00,0.0,10.24,0.62,10.24,0.0,0.0
2023-10-10 03:00:00+02:00,0.0,9.32,0.62,9.32,0.0,0.0
2023-10-10 04:00:00+02:00,0.0,8.77,0.55,8.77,0.0,0.0
2023-10-10 05:00:00+02:00,0.0,8.28,0.55,8.28,0.0,0.0
2023-10-10 06:00:00+02:00,0.0,8.04,0.55,8.04,0.0,0.0
2023-10-10 07:00:00+02:00,0.0,7.71,0.55,7.71,0.0,0.0
2023-10-10 08:00:00+02:00,24.15,7.36,0.55,8.199649537584312,0.14609069016846093,0.14609069016846093
2023-10-10 09:00:00+02:00,493.49,8.78,0.41,26.52862971328279,3.5891825412853606,3.5891825412853606
2023-10-10 10:00:00+02:00,725.4699999999999,12.06,0.48,37.71020931153476,5.069992668187782,5.069992668187782
2023-10-10 11:00:00+02:00,891.09,15.75,0.62,46.22420043227272,5.7,5.7
2023-10-10 12:00:00+02:00,985.3300000000002,17.23,0.76,49.85854985694607,5.7,5.7
2023-10-10 13:00:00+02:00,1011.53,18.11,0.76,51.60614549115185,5.7,5.7
2023-10-10 14:00:00+02:00,942.02,18.63,0.69,50.32692728031333,5.7,5.7
2023-10-10 15:00:00+02:00,781.92,18.82,0.69,45.12990995841128,5.315152063624368,5.315152063624368
2023-10-10 16:00:00+02:00,549.55,18.65,0.62,37.443945446089025,3.844315102357937,3.844315102357937
2023-10-10 17:00:00+02:00,316.80999999999995,17.99,0.48,29.19134921083894,2.273169286501896,2.273169286501896
2023-10-10 18:00:00+02:00,10.6,16.94,0.34,17.327914629504935,0.036553429531626526,0.036553429531626526
2023-10-10 19:00:00+02:00,0.0,16.17,0.41,16.17,0.0,0.0
2023-10-10 20:00:00+02:00,0.0,14.73,0.34,14.73,0.0,0.0
2023-10-10 21:00:00+02:00,0.0,13.18,0.34,13.18,0.0,0.0
2023-10-10 22:00:00+02:00,0.0,12.0,0.34,12.0,0.0,0.0
2023-10-10 23:00:00+02:00,0.0,11.0,0.28,11.0,0.0,0.0
2023-10-11 00:00:00+02:00,0.0,10.27,0.21,10.27,0.0,0.0
2023-10-11 01:00:00+02:00,0.0,9.77,0.21,9.77,0.0,0.0
2023-10-11 02:00:00+02:00,0.0,9.37,0.21,9.37,0.0,0.0
2023-10-11 03:00:00+02:00,0.0,8.37,0.28,8.37,0.0,0.0
2023-10-11 04:00:00+02:00,0.0,6.95,0.28,6.95,0.0,0.0
2023-10-11 05:00:00+02:00,0.0,6.95,0.28,6.95,0.0,0.0
2023-10-11 06:00:00+02:00,0.0,6.8,0.28,6.8,0.0,0.0
2023-10-11 07:00:00+02:00,0.0,6.48,0.28,6.48,0.0,0.0
2023-10-11 08:00:00+02:00,25.400000000000002,6.21,0.28,7.153704672452741,0.1566533413606111,0.1566533413606111
2023-10-11 09:00:00+02:00,452.1,6.9,0.21,24.00142076833457,3.316077199919195,3.316077199919195
2023-10-11 10:00:00+02:00,713.6600000000001,10.9,0.21,37.89535488947058,4.984300200711251,4.984300200711251
2023-10-11 11:00:00+02:00,919.39,14.55,0.21,49.32742809157071,5.7,5.7
2023-10-11 12:00:00+02:00,1020.5600000000001,16.09,0.28,54.00760789442397,5.7,5.7
2023-10-11 13:00:00+02:00,1041.49,16.93,0.34,55.04407617765026,5.7,5.7
2023-10-11 14:00:00+02:00,973.9000000000001,17.46,0.41,52.48683028585404,5.7,5.7
2023-10-11 15:00:00+02:00,825.64,17.65,0.34,47.864890066457825,5.553508025823695,5.553508025823695
2023-10-11 16:00:00+02:00,609.3199999999999,17.45,0.34,39.74850396697602,4.227220438011793,4.227220438011793
2023-10-11 17:00:00+02:00,344.48999999999995,16.84,0.21,29.870896793814588,2.4684986547965044,2.4684986547965044
2023-10-11 18:00:00+02:00,9.22,15.77,0.07,16.131869475799487,0.026268899561472075,0.026268899561472075
2023-10-11 19:00:00+02:00,0.0,14.76,0.0,14.76,0.0,0.0
2023-10-11 20:00:00+02:00,0.0,13.46,0.07,13.46,0.0,0.0
2023-10-11 21:00:00+02:00,0.0,12.38,0.21,12.38,0.0,0.0
2023-10-11 22:00:00+02:00,0.0,11.33,0.28,11.33,0.0,0.0
2023-10-11 23:00:00+02:00,0.0,10.5,0.34,10.5,0.0,0.0
2023-10-12 00:00:00+02:00,0.0,9.76,0.34,9.76,0.0,0.0
2023-10-12 01:00:00+02:00,0.0,9.05,0.34,9.05,0.0,0.0
2023-10-12 02:00:00+02:00,0.0,8.4,0.41,8.4,0.0,0.0
2023-10-12 03:00:00+02:00,0.0,7.79,0.41,7.79,0.0,0.0
2023-10-12 04:00:00+02:00,0.0,7.12,0.55,7.12,0.0,0.0
2023-10-12 05:00:00+02:00,0.0,6.39,0.55,6.39,0.0,0.0
2023-10-12 06:00:00+02:00,0.0,5.87,0.48,5.87,0.0,0.0
2023-10-12 07:00:00+02:00,0.0,5.96,0.34,5.96,0.0,0.0
2023-10-12 08:00:00+02:00,26.53,5.96,0.55,6.882397607954941,0.16579346951267634,0.16579346951267634
2023-10-12 09:00:00+02:00,338.72999999999996,6.47,0.41,18.65260419214225,2.5248631544824147,2.5248631544824147
2023-10-12 10:00:00+02:00,545.3399999999999,9.69,0.41,29.303442476730297,3.9287261788929135,3.9287261788929135
2023-10-12 11:00:00+02:00,803.2,13.45,0.55,41.3757353452472,5.536028679189459,5.536028679189459
2023-10-12 12:00:00+02:00,971.01,15.16,0.62,48.36736778747503,5.7,5.7
2023-10-12 13:00:00+02:00,992.77,16.11,0.69,49.51455457004805,5.7,5.7
2023-10-12 14:00:00+02:00,981.9200000000001,16.56,0.69,49.5994756322427,5.7,5.7
2023-10-12 15:00:00+02:00,855.01,16.72,0.69,45.48922973391297,5.7,5.7
2023-10-12 16:00:00+02:00,620.56,16.54,0.62,37.762401575880276,4.33682367994204,4.33682367994204
2023-10-12 17:00:00+02:00,345.8,15.97,0.48,28.19633931096906,2.4929585347112844,2.4929585347112844
2023-10-12 18:00:00+02:00,9.91,14.95,0.21,15.324861932789638,0.0317855925051986,0.0317855925051986
2023-10-12 19:00:00+02:00,0.0,14.05,0.28,14.05,0.0,0.0
2023-10-12 20:00:00+02:00,0.0,12.75,0.41,12.75,0.0,0.0
2023-10-12 21:00:00+02:00,0.0,11.49,0.34,11.49,0.0,0.0
2023-10-12 22:00:00+02:00,0.0,10.54,0.34,10.54,0.0,0.0
2023-10-12 23:00:00+02:00,0.0,9.83,0.34,9.83,0.0,0.0
2023-10-13 00:00:00+02:00,0.0,9.26,0.28,9.26,0.0,0.0
2023-10-13 01:00:00+02:00,0.0,8.73,0.28,8.73,0.0,0.0
2023-10-13 02:00:00+02:00,0.0,7.19,0.34,7.19,0.0,0.0
2023-10-13 03:00:00+02:00,0.0,5.64,0.28,5.64,0.0,0.0
2023-10-13 04:00:00+02:00,0.0,5.78,0.21,5.78,0.0,0.0
2023-10-13 05:00:00+02:00,0.0,5.73,0.21,5.73,0.0,0.0
2023-10-13 06:00:00+02:00,0.0,5.85,0.14,5.85,0.0,0.0
2023-10-13 07:00:00+02:00,0.0,5.96,0.07,5.96,0.0,0.0
2023-10-13 08:00:00+02:00,22.85,5.91,0.0,6.824,0.1366466256337221,0.1366466256337221
2023-10-13 09:00:00+02:00,379.94999999999993,5.85,0.0,21.047999999999995,2.8120698076382413,2.8120698076382413
2023-10-13 10:00:00+02:00,590.2199999999999,8.77,0.14,31.507849415970657,4.219234102765518,4.219234102765518
2023-10-13 11:00:00+02:00,752.0699999999999,12.05,0.48,38.64069695084007,5.237437243118065,5.237437243118065
2023-10-13 12:00:00+02:00,930.33,13.5,0.83,43.826431356186355,5.7,5.7
2023-10-13 13:00:00+02:00,925.4,14.47,0.97,43.72259524321317,5.7,5.7
2023-10-13 14:00:00+02:00,866.3,15.05,1.03,42.08368991299789,5.7,5.7
2023-10-13 15:00:00+02:00,667.56,15.39,0.97,36.492077459000846,4.686843669186832,4.686843669186832
2023-10-13 16:00:00+02:00,376.22999999999996,15.13,1.03,26.87060389699549,2.7277632487024643,2.7277632487024643
2023-10-13 17:00:00+02:00,257.31,14.24,0.9,22.49876235717037,1.8842842433414966,1.8842842433414966
2023-10-13 18:00:00+02:00,7.8100000000000005,13.19,0.69,13.452789539563117,0.015968445135014338,0.015968445135014338
2023-10-13 19:00:00+02:00,0.0,11.85,0.69,11.85,0.0,0.0
2023-10-13 20:00:00+02:00,0.0,10.92,0.62,10.92,0.0,0.0
2023-10-13 21:00:00+02:00,0.0,10.28,0.48,10.28,0.0,0.0
2023-10-13 22:00:00+02:00,0.0,9.55,0.41,9.55,0.0,0.0
2023-10-13 23:00:00+02:00,0.0,9.26,0.34,9.26,0.0,0.0
2023-10-14 00:00:00+02:00,0.0,8.88,0.28,8.88,0.0,0.0
2023-10-14 01:00:00+02:00,0.0,8.47,0.14,8.47,0.0,0.0
2023-10-14 02:00:00+02:00,0.0,8.03,0.07,8.03,0.0,0.0
2023-10-14 03:00:00+02:00,0.0,8.16,0.07,8.16,0.0,0.0
2023-10-14 04:00:00+02:00,0.0,7.92,0.21,7.92,0.0,0.0
2023-10-14 05:00:00+02:00,0.0,7.65,0.28,7.65,0.0,0.0
2023-10-14 06:00:00+02:00,0.0,7.6,0.28,7.6,0.0,0.0
2023-10-14 07:00:00+02:00,0.0,7.74,0.34,7.74,0.0,0.0
2023-10-14 08:00:00+02:00,14.01,7.79,0.34,8.302706033902275,0.06597746134051605,0.06597746134051605
2023-10-14 09:00:00+02:00,49.959999999999994,7.95,0.28,9.80620021400547,0.3476915694507849,0.3476915694507849
2023-10-14 10:00:00+02:00,225.67000000000002,8.64,0.34,16.89855607928097,1.6807460201986415,1.6807460201986415
2023-10-14 11:00:00+02:00,357.91999999999996,10.16,0.41,23.032782725036324,2.6290901667590205,2.6290901667590205
2023-10-14 12:00:00+02:00,522.3100000000001,10.89,0.69,28.464597235494423,3.7736099670311565,3.7736099670311565
2023-10-14 13:00:00+02:00,487.89,12.08,0.97,27.502572609910604,3.5360631732552488,3.5360631732552488
2023-10-14 14:00:00+02:00,668.4,12.18,0.97,33.30863049553024,4.747137721445997,4.747137721445997
2023-10-14 15:00:00+02:00,526.77,12.75,1.03,29.188343340032205,3.7961442187435988,3.7961442187435988
2023-10-14 16:00:00+02:00,385.1,11.8,1.17,23.46870689759657,2.8265012098524647,2.8265012098524647
2023-10-14 17:00:00+02:00,155.38,11.1,1.1,15.877395154347557,1.1488663753435233,1.1488663753435233
2023-10-14 18:00:00+02:00,6.12,10.16,0.83,10.35949669461359,0.0033430936281914196,0.0033430936281914196
2023-10-14 19:00:00+02:00,0.0,9.31,0.9,9.31,0.0,0.0
2023-10-14 20:00:00+02:00,0.0,8.55,1.03,8.55,0.0,0.0
2023-10-14 21:00:00+02:00,0.0,7.55,1.03,7.55,0.0,0.0
2023-10-14 22:00:00+02:00,0.0,7.02,0.9,7.02,0.0,0.0
2023-10-14 23:00:00+02:00,0.0,6.67,0.9,6.67,0.0,0.0
2023-10-15 00:00:00+02:00,0.0,6.45,0.83,6.45,0.0,0.0
2023-10-15 01:00:00+02:00,0.0,5.97,0.9,5.97,0.0,0.0
2023-10-15 02:00:00+02:00,0.0,5.58,1.03,5.58,0.0,0.0
2023-10-15 03:00:00+02:00,0.0,4.87,0.97,4.87,0.0,0.0
2023-10-15 04:00:00+02:00,0.0,4.7,1.03,4.7,0.0,0.0
2023-10-15 05:00:00+02:00,0.0,4.13,1.1,4.13,0.0,0.0
2023-10-15 06:00:00+02:00,0.0,3.56,1.17,3.56,0.0,0.0
2023-10-15 07:00:00+02:00,0.0,3.25,1.24,3.25,0.0,0.0
2023-10-15 08:00:00+02:00,18.610000000000003,2.49,1.17,3.053891548595877,0.10484470178779899,0.10484470178779899
2023-10-15 09:00:00+02:00,192.29000000000002,2.89,1.38,8.47346303050013,1.4684037263699083,1.4684037263699083
2023-10-15 10:00:00+02:00,384.85999999999996,2.93,1.59,13.657625461316325,2.9220808842801604,2.9220808842801604
2023-10-15 11:00:00+02:00,667.6700000000001,3.71,1.59,22.320699193881083,4.929434802223053,4.929434802223053
2023-10-15 12:00:00+02:00,659.89,4.79,1.66,22.94158550271769,4.861647273762457,4.861647273762457
2023-10-15 13:00:00+02:00,669.68,5.43,1.66,23.850878903241423,4.918066233101913,4.918066233101913
2023-10-15 14:00:00+02:00,679.7,6.02,1.66,24.716498910723324,4.976453558579878,4.976453558579878
2023-10-15 15:00:00+02:00,674.14,6.34,1.59,25.131044609706876,4.928702737609423,4.928702737609423
2023-10-15 16:00:00+02:00,457.68,6.35,1.52,19.2799823712878,3.4128292838583123,3.4128292838583123
2023-10-15 17:00:00+02:00,208.15,5.83,1.38,11.87398476155079,1.57439171445234,1.57439171445234
2023-10-15 18:00:00+02:00,9.39,4.89,1.17,5.17452131334311,0.030263436522439405,0.030263436522439405
2023-10-15 19:00:00+02:00,0.0,4.04,0.97,4.04,0.0,0.0
2023-10-15 20:00:00+02:00,0.0,2.88,0.9,2.88,0.0,0.0
2023-10-15 21:00:00+02:00,0.0,2.14,0.9,2.14,0.0,0.0
2023-10-15 22:00:00+02:00,0.0,2.43,0.69,2.43,0.0,0.0
2023-10-15 23:00:00+02:00,0.0,2.14,0.41,2.14,0.0,0.0
2023-10-16 00:00:00+02:00,0.0,1.74,0.21,1.74,0.0,0.0
2023-10-16 01:00:00+02:00,0.0,1.34,0.21,1.34,0.0,0.0
2023-10-16 02:00:00+02:00,0.0,0.99,0.41,0.99,0.0,0.0
2023-10-16 03:00:00+02:00,0.0,0.44,0.48,0.44,0.0,0.0
2023-10-16 04:00:00+02:00,0.0,0.49,0.48,0.49,0.0,0.0
2023-10-16 05:00:00+02:00,0.0,0.52,0.55,0.52,0.0,0.0
2023-10-16 06:00:00+02:00,0.0,0.41,0.55,0.41,0.0,0.0
2023-10-16 07:00:00+02:00,0.0,0.32,0.62,0.32,0.0,0.0
2023-10-16 08:00:00+02:00,23.23,0.32,0.62,1.1144379086755491,0.1431224859974761,0.1431224859974761
2023-10-16 09:00:00+02:00,227.01,0.93,0.55,8.82270565329254,1.738468529918032,1.738468529918032
2023-10-16 10:00:00+02:00,340.58,2.77,0.76,14.048080957931544,2.579308179719529,2.579308179719529
2023-10-16 11:00:00+02:00,433.53,3.96,0.97,17.664211817365686,3.2497578509494733,3.2497578509494733
2023-10-16 12:00:00+02:00,572.46,4.95,1.03,22.814141899566863,4.219697778248061,4.219697778248061
2023-10-16 13:00:00+02:00,730.49,5.96,0.97,29.05134244566111,5.266349520233572,5.266349520233572
2023-10-16 14:00:00+02:00,731.5400000000001,6.84,0.9,30.319907561946337,5.2502240194953895,5.2502240194953895
2023-10-16 15:00:00+02:00,699.8899999999999,7.27,0.76,30.446393451308673,5.021497411117337,5.021497411117337
2023-10-16 16:00:00+02:00,460.73,7.61,0.55,23.628705236075376,3.3841558445610356,3.3841558445610356
2023-10-16 17:00:00+02:00,265.8,7.41,0.48,16.807805057419245,1.9868105527863615,1.9868105527863615
2023-10-16 18:00:00+02:00,7.5,6.51,0.41,6.779741479765792,0.014868922605112765,0.014868922605112765
2023-10-16 19:00:00+02:00,0.0,5.24,0.34,5.24,0.0,0.0
2023-10-16 20:00:00+02:00,0.0,4.28,0.34,4.28,0.0,0.0
2023-10-16 21:00:00+02:00,0.0,3.53,0.21,3.53,0.0,0.0
2023-10-16 22:00:00+02:00,0.0,2.74,0.14,2.74,0.0,0.0
2023-10-16 23:00:00+02:00,0.0,1.42,0.07,1.42,0.0,0.0
2023-10-17 00:00:00+02:00,0.0,1.03,0.07,1.03,0.0,0.0
2023-10-17 01:00:00+02:00,0.0,0.67,0.07,0.67,0.0,0.0
2023-10-17 02:00:00+02:00,0.0,0.0,0.07,0.0,0.0,0.0
2023-10-17 03:00:00+02:00,0.0,-0.52,0.07,-0.52,0.0,0.0
2023-10-17 04:00:00+02:00,0.0,-1.26,0.07,-1.26,0.0,0.0
2023-10-17 05:00:00+02:00,0.0,-2.05,0.07,-2.05,0.0,0.0
2023-10-17 06:00:00+02:00,0.0,-2.44,0.14,-2.44,0.0,0.0
2023-10-17 07:00:00+02:00,0.0,-2.42,0.07,-2.42,0.0,0.0
2023-10-17 08:00:00+02:00,20.2,-2.14,0.07,-1.3471840118058935,0.11993481916383933,0.11993481916383933
2023-10-17 09:00:00+02:00,373.97999999999996,0.28,0.0,15.239199999999999,2.823496721888594,2.823496721888594
2023-10-17 10:00:00+02:00,681.86,3.2,0.21,28.99246796084187,4.91776359028008,4.91776359028008
2023-10-17 11:00:00+02:00,835.0,5.8,0.48,35.322826271426145,5.7,5.7
2023-10-17 12:00:00+02:00,958.6800000000001,7.37,0.62,40.15569669776477,5.7,5.7
2023-10-17 13:00:00+02:00,989.5,8.62,0.62,42.45970342808678,5.7,5.7
2023-10-17 14:00:00+02:00,874.1999999999999,9.47,0.55,39.86427021764828,5.7,5.7
2023-10-17 15:00:00+02:00,665.74,10.02,0.21,35.20270263727285,4.696031516184225,4.696031516184225
2023-10-17 16:00:00+02:00,456.34,10.21,0.0,28.4636,3.294960008906666,3.294960008906666
2023-10-17 17:00:00+02:00,186.23999999999998,9.62,0.21,16.664832125402853,1.381356821517777,1.381356821517777
2023-10-17 18:00:00+02:00,7.95,8.55,0.41,8.835925968551742,0.018013770503368814,0.018013770503368814
2023-10-17 19:00:00+02:00,0.0,7.3,0.34,7.3,0.0,0.0
2023-10-17 20:00:00+02:00,0.0,6.26,0.34,6.26,0.0,0.0
2023-10-17 21:00:00+02:00,0.0,5.33,0.41,5.33,0.0,0.0
2023-10-17 22:00:00+02:00,0.0,4.74,0.41,4.74,0.0,0.0
2023-10-17 23:00:00+02:00,0.0,4.28,0.41,4.28,0.0,0.0
2023-10-18 00:00:00+02:00,0.0,3.89,0.41,3.89,0.0,0.0
2023-10-18 01:00:00+02:00,0.0,3.64,0.41,3.64,0.0,0.0
2023-10-18 02:00:00+02:00,0.0,3.29,0.48,3.29,0.0,0.0
2023-10-18 03:00:00+02:00,0.0,1.89,0.48,1.89,0.0,0.0
2023-10-18 04:00:00+02:00,0.0,1.85,0.48,1.85,0.0,0.0
2023-10-18 05:00:00+02:00,0.0,1.58,0.48,1.58,0.0,0.0
2023-10-18 06:00:00+02:00,0.0,1.39,0.55,1.39,0.0,0.0
2023-10-18 07:00:00+02:00,0.0,1.36,0.55,1.36,0.0,0.0
2023-10-18 08:00:00+02:00,15.11,1.23,0.55,1.7553459425631042,0.07724544270837473,0.07724544270837473
2023-10-18 09:00:00+02:00,163.88,1.95,0.9,7.20998202593401,1.2508708983289434,1.2508708983289434
2023-10-18 10:00:00+02:00,404.84999999999997,3.08,1.1,15.527730906407575,3.0555993101720214,3.0555993101720214
2023-10-18 11:00:00+02:00,386.37,4.41,1.17,16.117188480977372,2.909146344008829,2.909146344008829
2023-10-18 12:00:00+02:00,454.05999999999995,5.57,1.31,18.940278324165792,3.389659929934998,3.389659929934998
2023-10-18 13:00:00+02:00,361.53,6.42,1.38,16.91763060698274,2.712947748570693,2.712947748570693
2023-10-18 14:00:00+02:00,256.94,6.72,1.31,14.285870837799319,1.9361689579041497,1.9361689579041497
2023-10-18 15:00:00+02:00,228.92999999999998,6.7,1.24,13.537486858453597,1.7255173735191862,1.7255173735191862
2023-10-18 16:00:00+02:00,81.99,6.57,1.24,9.018807703335563,0.600562848454993,0.600562848454993
2023-10-18 17:00:00+02:00,53.099999999999994,5.89,1.03,7.547034438855117,0.37545665296059144,0.37545665296059144
2023-10-18 18:00:00+02:00,4.24,5.3,1.03,5.4323131077353235,0.0,0.0
2023-10-18 19:00:00+02:00,0.0,4.49,0.97,4.49,0.0,0.0
2023-10-18 20:00:00+02:00,0.0,4.01,0.83,4.01,0.0,0.0
2023-10-18 21:00:00+02:00,0.0,3.84,0.97,3.84,0.0,0.0
2023-10-18 22:00:00+02:00,0.0,3.39,0.97,3.39,0.0,0.0
2023-10-18 23:00:00+02:00,0.0,3.08,0.76,3.08,0.0,0.0
2023-10-19 00:00:00+02:00,0.0,2.9,0.69,2.9,0.0,0.0
2023-10-19 01:00:00+02:00,0.0,2.71,0.62,2.71,0.0,0.0
2023-10-19 02:00:00+02:00,0.0,2.66,0.55,2.66,0.0,0.0
2023-10-19 03:00:00+02:00,0.0,2.64,0.48,2.64,0.0,0.0
2023-10-19 04:00:00+02:00,0.0,2.75,0.48,2.75,0.0,0.0
2023-10-19 05:00:00+02:00,0.0,2.89,0.62,2.89,0.0,0.0
2023-10-19 06:00:00+02:00,0.0,3.15,0.83,3.15,0.0,0.0
2023-10-19 07:00:00+02:00,0.0,3.32,0.9,3.32,0.0,0.0
2023-10-19 08:00:00+02:00,11.290000000000001,3.47,0.9,3.8323700089870334,0.04581799122050325,0.04581799122050325
2023-10-19 09:00:00+02:00,154.66,3.22,0.83,8.261529213878712,1.173954978831641,1.173954978831641
2023-10-19 10:00:00+02:00,264.63,4.0,1.24,11.90374414603842,2.011502666249257,2.011502666249257
2023-10-19 11:00:00+02:00,362.89,5.0,1.45,15.392634171487485,2.737535551210846,2.737535551210846
2023-10-19 12:00:00+02:00,297.48,5.91,1.45,14.429388281115758,2.2460094494215954,2.2460094494215954
2023-10-19 13:00:00+02:00,401.48,6.38,1.38,18.037645938349325,3.0040044299707933,3.0040044299707933
2023-10-19 14:00:00+02:00,467.40999999999997,6.84,1.45,20.22593275674437,3.47438423835685,3.47438423835685
2023-10-19 15:00:00+02:00,338.44000000000005,7.1,1.45,16.792422246405867,2.538933541389287,2.538933541389287
2023-10-19 16:00:00+02:00,92.30000000000001,7.13,1.45,9.773335815338793,0.6797552346364999,0.6797552346364999
2023-10-19 17:00:00+02:00,28.53,6.37,1.31,7.2100961119421445,0.18140752261081108,0.18140752261081108
2023-10-19 18:00:00+02:00,3.0900000000000003,5.53,1.24,5.622289496320367,0.0,0.0
2023-10-19 19:00:00+02:00,0.0,4.89,1.03,4.89,0.0,0.0
2023-10-19 20:00:00+02:00,0.0,4.59,1.03,4.59,0.0,0.0
2023-10-19 21:00:00+02:00,0.0,3.8,0.9,3.8,0.0,0.0
2023-10-19 22:00:00+02:00,0.0,3.73,1.24,3.73,0.0,0.0
2023-10-19 23:00:00+02:00,0.0,3.9,1.45,3.9,0.0,0.0
2023-10-20 00:00:00+02:00,0.0,4.03,1.79,4.03,0.0,0.0
2023-10-20 01:00:00+02:00,0.0,4.12,1.79,4.12,0.0,0.0
2023-10-20 02:00:00+02:00,0.0,4.17,1.72,4.17,0.0,0.0
2023-10-20 03:00:00+02:00,0.0,4.74,0.97,4.74,0.0,0.0
2023-10-20 04:00:00+02:00,0.0,4.84,1.17,4.84,0.0,0.0
2023-10-20 05:00:00+02:00,0.0,4.95,1.17,4.95,0.0,0.0
2023-10-20 06:00:00+02:00,0.0,5.05,1.66,5.05,0.0,0.0
2023-10-20 07:00:00+02:00,0.0,5.18,1.52,5.18,0.0,0.0
2023-10-20 08:00:00+02:00,8.4,5.19,1.59,5.424142425492536,0.022309698786049315,0.022309698786049315
2023-10-20 09:00:00+02:00,20.92,5.6,1.03,6.252827880618626,0.12164956521221697,0.12164956521221697
2023-10-20 10:00:00+02:00,36.419999999999995,6.04,1.66,7.041804458332416,0.2440491407517464,0.2440491407517464
2023-10-20 11:00:00+02:00,29.200000000000003,6.29,1.52,7.1149333273064235,0.18678650272261738,0.18678650272261738
2023-10-20 12:00:00+02:00,34.74,6.61,1.45,7.604902342631308,0.23022874925478853,0.23022874925478853
2023-10-20 13:00:00+02:00,34.67,6.85,1.24,7.8854941221447,0.22942136610805106,0.22942136610805106
2023-10-20 14:00:00+02:00,60.71,6.82,0.97,8.73908910440401,0.4337164136769255,0.4337164136769255
2023-10-20 15:00:00+02:00,95.81,7.21,0.97,10.238626702239307,0.7060973345709249,0.7060973345709249
2023-10-20 16:00:00+02:00,189.62000000000003,7.58,0.97,13.574031888932442,1.4223646752642571,1.4223646752642571
2023-10-20 17:00:00+02:00,87.5,7.11,0.97,9.875941305144968,0.6419054111647092,0.6419054111647092
2023-10-20 18:00:00+02:00,0.0,6.42,0.9,6.42,0.0,0.0
2023-10-20 19:00:00+02:00,0.0,5.56,0.69,5.56,0.0,0.0
2023-10-20 20:00:00+02:00,0.0,5.38,0.9,5.38,0.0,0.0
2023-10-20 21:00:00+02:00,0.0,4.74,0.62,4.74,0.0,0.0
2023-10-20 22:00:00+02:00,0.0,4.71,0.62,4.71,0.0,0.0
2023-10-20 23:00:00+02:00,0.0,4.35,0.48,4.35,0.0,0.0
2023-10-21 00:00:00+02:00,0.0,3.86,0.21,3.86,0.0,0.0
2023-10-21 01:00:00+02:00,0.0,3.85,0.14,3.85,0.0,0.0
2023-10-21 02:00:00+02:00,0.0,3.6,0.07,3.6,0.0,0.0
2023-10-21 03:00:00+02:00,0.0,3.46,0.14,3.46,0.0,0.0
2023-10-21 04:00:00+02:00,0.0,3.3,0.07,3.3,0.0,0.0
2023-10-21 05:00:00+02:00,0.0,2.84,0.14,2.84,0.0,0.0
2023-10-21 06:00:00+02:00,0.0,2.04,0.14,2.04,0.0,0.0
2023-10-21 07:00:00+02:00,0.0,1.49,0.14,1.49,0.0,0.0
2023-10-21 08:00:00+02:00,12.280000000000001,0.92,0.21,1.3845110529421556,0.05453572328827546,0.05453572328827546
2023-10-21 09:00:00+02:00,201.45999999999998,2.47,0.14,10.231118131106111,1.531121065473209,1.531121065473209
2023-10-21 10:00:00+02:00,196.14999999999998,4.01,0.14,11.566553764600734,1.4829321332096097,1.4829321332096097
2023-10-21 11:00:00+02:00,191.07,5.25,0.14,12.610850001540975,1.4383220288617111,1.4383220288617111
2023-10-21 12:00:00+02:00,152.14,5.96,0.28,11.612568065628343,1.1409041393228696,1.1409041393228696
2023-10-21 13:00:00+02:00,318.82000000000005,6.34,0.34,18.007447375354978,2.379959136802654,2.379959136802654
2023-10-21 14:00:00+02:00,502.19,6.91,0.28,25.56823029366306,3.6651069726058068,3.6651069726058068
2023-10-21 15:00:00+02:00,315.13,7.53,0.14,19.670182451382253,2.3385039099692664,2.3385039099692664
2023-10-21 16:00:00+02:00,163.15,6.88,0.21,13.05141516999289,1.2203619658356823,1.2203619658356823
2023-10-21 17:00:00+02:00,31.330000000000002,6.42,0.14,7.626968286744537,0.20324218689707302,0.20324218689707302
2023-10-21 18:00:00+02:00,0.0,5.45,0.28,5.45,0.0,0.0
2023-10-21 19:00:00+02:00,0.0,4.09,0.48,4.09,0.0,0.0
2023-10-21 20:00:00+02:00,0.0,3.6,0.55,3.6,0.0,0.0
2023-10-21 21:00:00+02:00,0.0,2.38,0.41,2.38,0.0,0.0
2023-10-21 22:00:00+02:00,0.0,2.26,0.48,2.26,0.0,0.0
2023-10-21 23:00:00+02:00,0.0,2.25,0.48,2.25,0.0,0.0
2023-10-22 00:00:00+02:00,0.0,1.78,0.55,1.78,0.0,0.0
2023-10-22 01:00:00+02:00,0.0,1.22,0.48,1.22,0.0,0.0
2023-10-22 02:00:00+02:00,0.0,1.02,0.41,1.02,0.0,0.0
2023-10-22 03:00:00+02:00,0.0,0.63,0.41,0.63,0.0,0.0
2023-10-22 04:00:00+02:00,0.0,-0.19,0.41,-0.19,0.0,0.0
2023-10-22 05:00:00+02:00,0.0,-1.11,0.34,-1.11,0.0,0.0
2023-10-22 06:00:00+02:00,0.0,-2.0,0.34,-2.0,0.0,0.0
2023-10-22 07:00:00+02:00,0.0,-2.87,0.41,-2.87,0.0,0.0
2023-10-22 08:00:00+02:00,17.509999999999998,-3.4,0.41,-2.7702435585734633,0.09867228318218456,0.09867228318218456
2023-10-22 09:00:00+02:00,344.48,-2.48,0.28,10.31871596718583,2.64233935944969,2.64233935944969
2023-10-22 10:00:00+02:00,576.1,0.77,0.28,22.174262275591488,4.255997194419164,4.255997194419164
2023-10-22 11:00:00+02:00,787.9499999999999,4.06,0.14,34.415271673806515,5.571102643147611,5.571102643147611
2023-10-22 12:00:00+02:00,920.59,5.82,0.41,38.929507847678785,5.7,5.7
2023-10-22 13:00:00+02:00,908.7600000000001,6.95,0.55,38.545855642862115,5.7,5.7
2023-10-22 14:00:00+02:00,780.91,7.65,0.55,34.800754467700436,5.513890313650793,5.513890313650793
2023-10-22 15:00:00+02:00,710.85,7.93,0.55,32.64490160628607,5.060020540103497,5.060020540103497
2023-10-22 16:00:00+02:00,373.22,7.99,0.69,20.5480425039368,2.7665989764169057,2.7665989764169057
2023-10-22 17:00:00+02:00,107.51,7.53,0.62,11.206711991463983,0.7948990702080464,0.7948990702080464
2023-10-22 18:00:00+02:00,0.0,6.72,0.48,6.72,0.0,0.0
2023-10-22 19:00:00+02:00,0.0,5.85,0.48,5.85,0.0,0.0
2023-10-22 20:00:00+02:00,0.0,5.36,0.48,5.36,0.0,0.0
2023-10-22 21:00:00+02:00,0.0,4.44,0.41,4.44,0.0,0.0
2023-10-22 22:00:00+02:00,0.0,4.02,0.41,4.02,0.0,0.0
2023-10-22 23:00:00+02:00,0.0,3.32,0.41,3.32,0.0,0.0
2023-10-23 00:00:00+02:00,0.0,2.82,0.41,2.82,0.0,0.0
2023-10-23 01:00:00+02:00,0.0,2.77,0.41,2.77,0.0,0.0
2023-10-23 02:00:00+02:00,0.0,2.82,0.48,2.82,0.0,0.0
2023-10-23 03:00:00+02:00,0.0,1.81,0.48,1.81,0.0,0.0
2023-10-23 04:00:00+02:00,0.0,1.78,0.55,1.78,0.0,0.0
2023-10-23 05:00:00+02:00,0.0,1.59,0.62,1.59,0.0,0.0
2023-10-23 06:00:00+02:00,0.0,1.34,0.76,1.34,0.0,0.0
2023-10-23 07:00:00+02:00,0.0,1.27,1.03,1.27,0.0,0.0
2023-10-23 08:00:00+02:00,13.9,1.67,1.1,2.097376706432173,0.06736094813426001,0.06736094813426001
2023-10-23 09:00:00+02:00,129.60999999999999,2.18,1.17,6.107242536996861,0.9842836703833215,0.9842836703833215
2023-10-23 10:00:00+02:00,128.19,3.36,1.45,7.031172461194799,0.9699559465946076,0.9699559465946076
2023-10-23 11:00:00+02:00,186.24,3.97,1.59,9.161272062348784,1.4176282426611044,1.4176282426611044
2023-10-23 12:00:00+02:00,371.36,4.79,1.59,15.141325134631895,2.804468239555376,2.804468239555376
2023-10-23 13:00:00+02:00,278.16,5.45,1.59,13.203459175595672,2.106771978425245,2.106771978425245
2023-10-23 14:00:00+02:00,301.93,5.64,1.59,14.056026491542998,2.2830128353856862,2.2830128353856862
2023-10-23 15:00:00+02:00,254.20000000000002,5.81,1.59,12.895595780976485,1.9242887862127496,1.9242887862127496
2023-10-23 16:00:00+02:00,166.19000000000003,5.86,1.52,10.555057180310087,1.2546414581503977,1.2546414581503977
2023-10-23 17:00:00+02:00,67.13,5.45,1.45,7.372504152586059,0.48663668486890416,0.48663668486890416
2023-10-23 18:00:00+02:00,0.0,4.86,1.31,4.86,0.0,0.0
2023-10-23 19:00:00+02:00,0.0,4.32,1.03,4.32,0.0,0.0
2023-10-23 20:00:00+02:00,0.0,3.95,1.03,3.95,0.0,0.0
2023-10-23 21:00:00+02:00,0.0,3.46,0.97,3.46,0.0,0.0
2023-10-23 22:00:00+02:00,0.0,3.46,0.97,3.46,0.0,0.0
2023-10-23 23:00:00+02:00,0.0,3.19,0.9,3.19,0.0,0.0
2023-10-24 00:00:00+02:00,0.0,2.96,0.83,2.96,0.0,0.0
2023-10-24 01:00:00+02:00,0.0,2.83,0.83,2.83,0.0,0.0
2023-10-24 02:00:00+02:00,0.0,2.82,0.83,2.82,0.0,0.0
2023-10-24 03:00:00+02:00,0.0,3.08,0.83,3.08,0.0,0.0
2023-10-24 04:00:00+02:00,0.0,3.12,0.83,3.12,0.0,0.0
2023-10-24 05:00:00+02:00,0.0,3.21,0.83,3.21,0.0,0.0
2023-10-24 06:00:00+02:00,0.0,3.28,0.69,3.28,0.0,0.0
2023-10-24 07:00:00+02:00,0.0,3.31,0.69,3.31,0.0,0.0
2023-10-24 08:00:00+02:00,2.92,3.24,0.62,3.3398604689338187,0.0,0.0
2023-10-24 09:00:00+02:00,16.07,3.12,0.83,3.643841810856271,0.08419660803261603,0.08419660803261603
2023-10-24 10:00:00+02:00,28.52,3.41,0.69,4.3696360650883594,0.1834423327554708,0.1834423327554708
2023-10-24 11:00:00+02:00,60.940000000000005,3.6,0.69,5.650498660816432,0.4404330146597877,0.4404330146597877
2023-10-24 12:00:00+02:00,103.19,4.12,0.55,7.7077199082122245,0.7706212509628303,0.7706212509628303
2023-10-24 13:00:00+02:00,86.51,4.88,0.21,8.15238201873175,0.6380321736465184,0.6380321736465184
2023-10-24 14:00:00+02:00,122.83,5.04,0.41,9.457646127950971,0.9198705739956385,0.9198705739956385
2023-10-24 15:00:00+02:00,82.56,4.89,0.69,7.667964710157606,0.6079469922286705,0.6079469922286705
2023-10-24 16:00:00+02:00,51.15,4.54,0.69,6.261086421082384,0.3617572358626834,0.3617572358626834
2023-10-24 17:00:00+02:00,35.9,4.26,0.76,5.448804704885027,0.24142145391540967,0.24142145391540967
2023-10-24 18:00:00+02:00,0.0,3.96,0.9,3.96,0.0,0.0
2023-10-24 19:00:00+02:00,0.0,3.52,0.83,3.52,0.0,0.0
2023-10-24 20:00:00+02:00,0.0,3.36,0.9,3.36,0.0,0.0
2023-10-24 21:00:00+02:00,0.0,1.77,0.55,1.77,0.0,0.0
2023-10-24 22:00:00+02:00,0.0,1.32,0.48,1.32,0.0,0.0
2023-10-24 23:00:00+02:00,0.0,0.98,0.62,0.98,0.0,0.0
2023-10-25 00:00:00+02:00,0.0,0.79,0.62,0.79,0.0,0.0
2023-10-25 01:00:00+02:00,0.0,0.69,0.55,0.69,0.0,0.0
2023-10-25 02:00:00+02:00,0.0,0.71,0.48,0.71,0.0,0.0
2023-10-25 03:00:00+02:00,0.0,0.76,0.48,0.76,0.0,0.0
2023-10-25 04:00:00+02:00,0.0,-0.2,0.55,-0.2,0.0,0.0
2023-10-25 05:00:00+02:00,0.0,-1.35,0.48,-1.35,0.0,0.0
2023-10-25 06:00:00+02:00,0.0,-2.22,0.41,-2.22,0.0,0.0
2023-10-25 07:00:00+02:00,0.0,-2.59,0.28,-2.59,0.0,0.0
2023-10-25 08:00:00+02:00,16.49,-3.17,0.21,-2.546238822229956,0.09022839917312145,0.09022839917312145
2023-10-25 09:00:00+02:00,286.09999999999997,-3.2,0.21,7.622199694360805,2.2091812333947654,2.2091812333947654
2023-10-25 10:00:00+02:00,305.82,0.26,0.21,11.828140896642507,2.3304560826105045,2.3304560826105045
2023-10-25 11:00:00+02:00,527.89,3.21,0.14,23.54662588220791,3.8806929691404464,3.8806929691404464
2023-10-25 12:00:00+02:00,807.28,5.48,0.41,34.51425357137719,5.7,5.7
2023-10-25 13:00:00+02:00,827.83,6.91,0.62,35.220784930644854,5.7,5.7
2023-10-25 14:00:00+02:00,714.9300000000001,7.65,0.69,31.70584193596146,5.106116070129776,5.106116070129776
2023-10-25 15:00:00+02:00,284.81,7.87,0.76,17.301294373211825,2.12776300074913,2.12776300074913
2023-10-25 16:00:00+02:00,261.63,6.88,0.69,15.68328133622256,1.9626984921976143,1.9626984921976143
2023-10-25 17:00:00+02:00,87.41,6.1,0.41,9.243747032843721,0.6426394158258618,0.6426394158258618
2023-10-25 18:00:00+02:00,0.0,4.97,0.14,4.97,0.0,0.0
2023-10-25 19:00:00+02:00,0.0,4.18,0.14,4.18,0.0,0.0
2023-10-25 20:00:00+02:00,0.0,3.68,0.28,3.68,0.0,0.0
2023-10-25 21:00:00+02:00,0.0,3.25,0.28,3.25,0.0,0.0
2023-10-25 22:00:00+02:00,0.0,3.17,0.55,3.17,0.0,0.0
2023-10-25 23:00:00+02:00,0.0,3.13,0.9,3.13,0.0,0.0
2023-10-26 00:00:00+02:00,0.0,3.1,1.03,3.1,0.0,0.0
2023-10-26 01:00:00+02:00,0.0,3.07,0.97,3.07,0.0,0.0
2023-10-26 02:00:00+02:00,0.0,2.78,0.55,2.78,0.0,0.0
2023-10-26 03:00:00+02:00,0.0,2.4,0.48,2.4,0.0,0.0
2023-10-26 04:00:00+02:00,0.0,2.32,0.41,2.32,0.0,0.0
2023-10-26 05:00:00+02:00,0.0,2.3,0.48,2.3,0.0,0.0
2023-10-26 06:00:00+02:00,0.0,2.22,0.55,2.22,0.0,0.0
2023-10-26 07:00:00+02:00,0.0,2.34,0.48,2.34,0.0,0.0
2023-10-26 08:00:00+02:00,16.21,2.26,0.55,2.8235908490369237,0.08566606654529772,0.08566606654529772
2023-10-26 09:00:00+02:00,142.27,2.06,0.48,7.090194603156645,1.080903370114198,1.080903370114198
2023-10-26 10:00:00+02:00,200.22,3.61,0.55,10.57126834017106,1.519688934453457,1.519688934453457
2023-10-26 11:00:00+02:00,224.59,4.99,0.55,12.798566859050137,1.696389654030769,1.696389654030769
2023-10-26 12:00:00+02:00,363.48,6.14,0.55,18.77750782282178,2.710286838878836,2.710286838878836
2023-10-26 13:00:00+02:00,411.47,7.05,0.41,21.848736890564084,3.0389361263919468,3.0389361263919468
2023-10-26 14:00:00+02:00,386.33,7.18,0.41,21.074563450389146,2.859463906800215,2.859463906800215
2023-10-26 15:00:00+02:00,255.45000000000002,7.29,0.41,16.477394800822893,1.910235544930116,1.910235544930116
2023-10-26 16:00:00+02:00,103.84,7.52,0.62,11.071202429482092,0.7666569135874172,0.7666569135874172
2023-10-26 17:00:00+02:00,14.98,6.88,0.48,7.409643038977202,0.07398543904930036,0.07398543904930036
2023-10-26 18:00:00+02:00,0.0,5.89,0.48,5.89,0.0,0.0
2023-10-26 19:00:00+02:00,0.0,5.17,0.55,5.17,0.0,0.0
2023-10-26 20:00:00+02:00,0.0,4.72,0.62,4.72,0.0,0.0
2023-10-26 21:00:00+02:00,0.0,3.66,0.9,3.66,0.0,0.0
2023-10-26 22:00:00+02:00,0.0,3.36,0.76,3.36,0.0,0.0
2023-10-26 23:00:00+02:00,0.0,3.25,0.41,3.25,0.0,0.0
2023-10-27 00:00:00+02:00,0.0,2.98,0.28,2.98,0.0,0.0
2023-10-27 01:00:00+02:00,0.0,2.82,0.21,2.82,0.0,0.0
2023-10-27 02:00:00+02:00,0.0,2.54,0.69,2.54,0.0,0.0
2023-10-27 03:00:00+02:00,0.0,2.75,0.97,2.75,0.0,0.0
2023-10-27 04:00:00+02:00,0.0,2.74,1.03,2.74,0.0,0.0
2023-10-27 05:00:00+02:00,0.0,2.61,1.03,2.61,0.0,0.0
2023-10-27 06:00:00+02:00,0.0,2.48,1.1,2.48,0.0,0.0
2023-10-27 07:00:00+02:00,0.0,1.59,1.17,1.59,0.0,0.0
2023-10-27 08:00:00+02:00,14.83,1.54,1.1,1.9959709752797934,0.07489371689996385,0.07489371689996385
2023-10-27 09:00:00+02:00,261.14,0.7,1.38,8.282638388812748,2.0089858435793144,2.0089858435793144
2023-10-27 10:00:00+02:00,525.37,0.73,1.45,15.775821639269147,3.966886270194899,3.966886270194899
2023-10-27 11:00:00+02:00,822.63,2.08,1.38,25.966443355246348,5.7,5.7
2023-10-27 12:00:00+02:00,853.7099999999999,2.57,1.38,27.3589033427025,5.7,5.7
2023-10-27 13:00:00+02:00,995.1,2.82,1.31,32.12177500853936,5.7,5.7
2023-10-27 14:00:00+02:00,969.03,3.08,1.17,32.442054128740594,5.7,5.7
2023-10-27 15:00:00+02:00,784.66,3.54,1.1,27.665568810724384,5.682805381622177,5.682805381622177
2023-10-27 16:00:00+02:00,586.79,3.91,1.03,22.22132275660629,4.334307572324515,4.334307572324515
2023-10-27 17:00:00+02:00,274.38,5.29,0.76,14.375911836388681,2.0693487544253433,2.0693487544253433
2023-10-27 18:00:00+02:00,0.0,4.65,0.48,4.65,0.0,0.0
2023-10-27 19:00:00+02:00,0.0,3.4,0.34,3.4,0.0,0.0
2023-10-27 20:00:00+02:00,0.0,2.03,0.34,2.03,0.0,0.0
2023-10-27 21:00:00+02:00,0.0,1.41,0.34,1.41,0.0,0.0
2023-10-27 22:00:00+02:00,0.0,0.15,0.55,0.15,0.0,0.0
2023-10-27 23:00:00+02:00,0.0,-0.45,0.69,-0.45,0.0,0.0
2023-10-28 00:00:00+02:00,0.0,-0.59,0.76,-0.59,0.0,0.0
2023-10-28 01:00:00+02:00,0.0,-1.38,0.69,-1.38,0.0,0.0
2023-10-28 02:00:00+02:00,0.0,-1.98,0.69,-1.98,0.0,0.0
2023-10-28 03:00:00+02:00,0.0,-2.21,0.55,-2.21,0.0,0.0
2023-10-28 04:00:00+02:00,0.0,-3.32,0.48,-3.32,0.0,0.0
2023-10-28 05:00:00+02:00,0.0,-3.96,0.48,-3.96,0.0,0.0
2023-10-28 06:00:00+02:00,0.0,-3.86,0.48,-3.86,0.0,0.0
2023-10-28 07:00:00+02:00,0.0,-5.2,0.48,-5.2,0.0,0.0
2023-10-28 08:00:00+02:00,15.0,-6.07,0.48,-5.539649827459411,0.07921499402067336,0.07921499402067336
2023-10-28 09:00:00+02:00,314.09,-4.96,0.41,6.336413517285032,2.438902128269136,2.438902128269136
2023-10-28 10:00:00+02:00,606.67,-3.25,0.34,18.951525309599788,4.531924263331066,4.531924263331066
2023-10-28 11:00:00+02:00,706.59,-0.25,0.28,26.00245214599929,5.149577172728793,5.149577172728793
2023-10-28 12:00:00+02:00,609.22,2.76,0.28,25.394793722506243,4.450497804871042,4.450497804871042
2023-10-28 13:00:00+02:00,701.6800000000001,3.68,0.48,28.48907393788539,5.069367755244253,5.069367755244253
2023-10-28 14:00:00+02:00,708.8100000000001,4.59,0.55,29.233974688825537,5.107253157811496,5.107253157811496
2023-10-28 15:00:00+02:00,714.84,4.93,0.62,29.37666356597631,5.147965780556864,5.147965780556864
2023-10-28 16:00:00+02:00,522.81,5.23,0.76,22.542506622867435,3.8567232040160393,3.8567232040160393
2023-10-28 17:00:00+02:00,257.47,5.02,0.55,13.971741881649399,1.9423310367408715,1.9423310367408715
2023-10-28 18:00:00+02:00,0.0,4.2,0.55,4.2,0.0,0.0
2023-10-28 19:00:00+02:00,0.0,3.01,0.48,3.01,0.0,0.0
2023-10-28 20:00:00+02:00,0.0,1.86,0.41,1.86,0.0,0.0
2023-10-28 21:00:00+02:00,0.0,1.64,0.34,1.64,0.0,0.0
2023-10-28 22:00:00+02:00,0.0,0.87,0.34,0.87,0.0,0.0
2023-10-28 23:00:00+02:00,0.0,0.32,0.34,0.32,0.0,0.0
2023-10-29 00:00:00+02:00,0.0,-0.79,0.41,-0.79,0.0,0.0
2023-10-29 01:00:00+02:00,0.0,-1.01,0.48,-1.01,0.0,0.0
2023-10-29 02:00:00+02:00,0.0,-1.12,0.55,-1.12,0.0,0.0
2023-10-29 02:00:00+01:00,0.0,-2.78,0.48,-2.78,0.0,0.0
2023-10-29 03:00:00+01:00,0.0,-2.71,0.48,-2.71,0.0,0.0
2023-10-29 04:00:00+01:00,0.0,-2.72,0.48,-2.72,0.0,0.0
2023-10-29 05:00:00+01:00,0.0,-2.64,0.55,-2.64,0.0,0.0
2023-10-29 06:00:00+01:00,0.0,-2.56,0.48,-2.56,0.0,0.0
2023-10-29 07:00:00+01:00,9.71,-1.88,0.55,-1.5424017801265557,0.034519697581926745,0.034519697581926745
2023-10-29 08:00:00+01:00,158.15,-0.81,0.83,4.345294485807049,1.2174671549189555,1.2174671549189555
2023-10-29 09:00:00+01:00,263.20000000000005,0.27,0.9,8.71781101553473,2.0221470094268845,2.0221470094268845
2023-10-29 10:00:00+01:00,450.29,1.54,1.38,14.614926246835005,3.4114642281438337,3.4114642281438337
2023-10-29 11:00:00+01:00,384.78999999999996,2.87,1.45,13.889817858983903,2.919241660903182,2.919241660903182
2023-10-29 12:00:00+01:00,400.67,3.14,1.52,14.45938480314605,3.0348380538344677,3.0348380538344677
2023-10-29 13:00:00+01:00,259.04,3.66,1.45,11.078523397674552,1.973796861567967,1.973796861567967
2023-10-29 14:00:00+01:00,207.83,3.76,1.38,9.794693024228206,1.5831189174596396,1.5831189174596396
2023-10-29 15:00:00+01:00,176.59,3.75,1.38,8.877587168110757,1.3433929475510509,1.3433929475510509
2023-10-29 16:00:00+01:00,60.660000000000004,3.96,1.31,5.746198042425885,0.4380551849340089,0.4380551849340089
2023-10-29 17:00:00+01:00,0.0,3.44,1.03,3.44,0.0,0.0
2023-10-29 18:00:00+01:00,0.0,3.03,0.83,3.03,0.0,0.0
2023-10-29 19:00:00+01:00,0.0,2.75,0.76,2.75,0.0,0.0
2023-10-29 20:00:00+01:00,0.0,1.85,0.83,1.85,0.0,0.0
2023-10-29 21:00:00+01:00,0.0,1.62,0.76,1.62,0.0,0.0
2023-10-29 22:00:00+01:00,0.0,1.72,0.76,1.72,0.0,0.0
2023-10-29 23:00:00+01:00,0.0,1.96,0.76,1.96,0.0,0.0
2023-10-30 00:00:00+01:00,0.0,2.07,0.83,2.07,0.0,0.0
2023-10-30 01:00:00+01:00,0.0,2.07,0.83,2.07,0.0,0.0
2023-10-30 02:00:00+01:00,0.0,2.5,0.9,2.5,0.0,0.0
2023-10-30 03:00:00+01:00,0.0,2.45,0.97,2.45,0.0,0.0
2023-10-30 04:00:00+01:00,0.0,2.61,0.97,2.61,0.0,0.0
2023-10-30 05:00:00+01:00,0.0,2.78,0.9,2.78,0.0,0.0
2023-10-30 06:00:00+01:00,0.0,3.0,0.9,3.0,0.0,0.0
2023-10-30 07:00:00+01:00,9.97,3.01,0.9,3.330002567723713,0.03537120285064729,0.03537120285064729
2023-10-30 08:00:00+01:00,164.89999999999998,2.32,1.03,7.465856477725213,1.2578153072432547,1.2578153072432547
2023-10-30 09:00:00+01:00,198.88,3.04,1.52,8.658586990914433,1.5191234768568338,1.5191234768568338
2023-10-30 10:00:00+01:00,329.26000000000005,4.29,1.59,13.467825597341928,2.4975214061220146,2.4975214061220146
2023-10-30 11:00:00+01:00,236.25,5.3,1.45,12.06585142333467,1.7908976686458573,1.7908976686458573
2023-10-30 12:00:00+01:00,174.32999999999998,5.55,1.38,10.611964273269994,1.3178320842128304,1.3178320842128304
2023-10-30 13:00:00+01:00,125.54,5.69,1.45,9.28528037115528,0.9416676036120181,0.9416676036120181
2023-10-30 14:00:00+01:00,78.39,5.71,1.38,7.986185277242212,0.574379496136495,0.574379496136495
2023-10-30 15:00:00+01:00,44.45,5.3,1.31,6.608877398381645,0.30815893733979727,0.30815893733979727
2023-10-30 16:00:00+01:00,10.14,5.15,1.31,5.448583055558828,0.03617476371423414,0.03617476371423414
2023-10-30 17:00:00+01:00,0.0,4.8,1.03,4.8,0.0,0.0
2023-10-30 18:00:00+01:00,0.0,4.67,0.83,4.67,0.0,0.0
2023-10-30 19:00:00+01:00,0.0,4.47,0.62,4.47,0.0,0.0
2023-10-30 20:00:00+01:00,0.0,2.9,0.9,2.9,0.0,0.0
2023-10-30 21:00:00+01:00,0.0,2.43,1.03,2.43,0.0,0.0
2023-10-30 22:00:00+01:00,0.0,2.26,0.97,2.26,0.0,0.0
2023-10-30 23:00:00+01:00,0.0,2.24,0.9,2.24,0.0,0.0
2023-10-31 00:00:00+01:00,0.0,2.22,0.9,2.22,0.0,0.0
2023-10-31 01:00:00+01:00,0.0,1.99,0.97,1.99,0.0,0.0
2023-10-31 02:00:00+01:00,0.0,2.28,0.97,2.28,0.0,0.0
2023-10-31 03:00:00+01:00,0.0,1.26,1.1,1.26,0.0,0.0
2023-10-31 04:00:00+01:00,0.0,0.7,1.17,0.7,0.0,0.0
2023-10-31 05:00:00+01:00,0.0,0.09,1.17,0.09,0.0,0.0
2023-10-31 06:00:00+01:00,0.0,-0.1,1.1,-0.1,0.0,0.0
2023-10-31 07:00:00+01:00,8.98,-0.16,1.1,0.11610380027056941,0.028178371374265897,0.028178371374265897
2023-10-31 08:00:00+01:00,51.85,0.09,1.03,1.7080270368105053,0.37346967499465383,0.37346967499465383
2023-10-31 09:00:00+01:00,175.85000000000002,0.04,1.1,5.44677653425163,1.35325684452517,1.35325684452517
2023-10-31 10:00:00+01:00,209.70000000000002,0.87,1.24,7.133141546401606,1.612184991036761,1.612184991036761
2023-10-31 11:00:00+01:00,522.1999999999999,1.34,1.03,17.6357322781571,3.917974883571124,3.917974883571124
2023-10-31 12:00:00+01:00,613.32,1.98,1.24,20.298120997801778,4.560438030045608,4.560438030045608
2023-10-31 13:00:00+01:00,552.6999999999999,2.45,1.31,18.724837752205506,4.131812912118011,4.131812912118011
2023-10-31 14:00:00+01:00,437.91,2.27,1.24,15.34912405619803,3.3088841629122743,3.3088841629122743
2023-10-31 15:00:00+01:00,217.83,1.93,1.03,8.727585909902263,1.6671716769279579,1.6671716769279579
2023-10-31 16:00:00+01:00,146.32,1.71,0.83,6.479666071219016,1.1151845322801726,1.1151845322801726
2023-10-31 17:00:00+01:00,0.0,1.18,0.83,1.18,0.0,0.0
2023-10-31 18:00:00+01:00,0.0,1.51,0.76,1.51,0.0,0.0
2023-10-31 19:00:00+01:00,0.0,0.91,0.69,0.91,0.0,0.0
2023-10-31 20:00:00+01:00,0.0,0.28,0.62,0.28,0.0,0.0
2023-10-31 21:00:00+01:00,0.0,-0.59,0.48,-0.59,0.0,0.0
2023-10-31 22:00:00+01:00,0.0,-1.44,0.34,-1.44,0.0,0.0
2023-10-31 23:00:00+01:00,0.0,-2.97,0.28,-2.97,0.0,0.0
2023-11-01 00:00:00+01:00,0.0,-4.84,0.21,-4.84,0.0,0.0
2023-11-01 01:00:00+01:00,0.0,-6.53,0.14,-6.53,0.0,0.0
2023-11-01 02:00:00+01:00,0.0,-7.57,0.14,-7.57,0.0,0.0
2023-11-01 03:00:00+01:00,0.0,-8.62,0.07,-8.62,0.0,0.0
2023-11-01 04:00:00+01:00,0.0,-8.57,0.14,-8.57,0.0,0.0
2023-11-01 05:00:00+01:00,0.0,-8.76,0.21,-8.76,0.0,0.0
2023-11-01 06:00:00+01:00,0.0,-7.7,0.28,-7.7,0.0,0.0
2023-11-01 07:00:00+01:00,13.84,-6.7,0.34,-6.19351523845771,0.06987337153070648,0.06987337153070648
2023-11-01 08:00:00+01:00,190.92,-5.83,0.41,1.0365391089180118,1.4944995911184187,1.4944995911184187
2023-11-01 09:00:00+01:00,345.04,-3.83,0.48,8.369468235560333,2.6640398461984773,2.6640398461984773
2023-11-01 10:00:00+01:00,369.9,-0.28,0.76,11.968993324149624,2.8236027463231252,2.8236027463231252
2023-11-01 11:00:00+01:00,434.23,0.54,1.03,14.090547351865489,3.294976684814914,3.294976684814914
2023-11-01 12:00:00+01:00,403.42,2.1,1.1,14.503763374738654,3.0553667293287345,3.0553667293287345
2023-11-01 13:00:00+01:00,409.54,2.06,1.24,14.291792984803594,3.104300757742051,3.104300757742051
2023-11-01 14:00:00+01:00,241.24,1.97,1.17,9.279682814791473,1.8469178452918018,1.8469178452918018
2023-11-01 15:00:00+01:00,106.22999999999999,2.26,0.97,5.618010798234855,0.8003725501296168,0.8003725501296168
2023-11-01 16:00:00+01:00,36.22,1.6,0.69,2.8187243435308686,0.24645516284278454,0.24645516284278454
2023-11-01 17:00:00+01:00,0.0,1.12,0.48,1.12,0.0,0.0
2023-11-01 18:00:00+01:00,0.0,0.71,0.28,0.71,0.0,0.0
2023-11-01 19:00:00+01:00,0.0,0.41,0.28,0.41,0.0,0.0
2023-11-01 20:00:00+01:00,0.0,-0.3,0.34,-0.3,0.0,0.0
2023-11-01 21:00:00+01:00,0.0,-1.12,0.34,-1.12,0.0,0.0
2023-11-01 22:00:00+01:00,0.0,-1.96,0.34,-1.96,0.0,0.0
2023-11-01 23:00:00+01:00,0.0,-3.51,0.41,-3.51,0.0,0.0
2023-11-02 00:00:00+01:00,0.0,-4.14,0.48,-4.14,0.0,0.0
2023-11-02 01:00:00+01:00,0.0,-4.66,0.55,-4.66,0.0,0.0
2023-11-02 02:00:00+01:00,0.0,-4.43,0.55,-4.43,0.0,0.0
2023-11-02 03:00:00+01:00,0.0,-4.33,0.69,-4.33,0.0,0.0
2023-11-02 04:00:00+01:00,0.0,-3.49,0.62,-3.49,0.0,0.0
2023-11-02 05:00:00+01:00,0.0,-2.76,0.76,-2.76,0.0,0.0
2023-11-02 06:00:00+01:00,0.0,-2.24,0.76,-2.24,0.0,0.0
2023-11-02 07:00:00+01:00,7.09,-2.01,0.9,-1.7824354859417124,0.013199976529754713,0.013199976529754713
2023-11-02 08:00:00+01:00,24.12,-1.52,1.1,-0.7783938015004305,0.15150570088169263,0.15150570088169263
2023-11-02 09:00:00+01:00,50.33,-0.94,1.24,0.5632137054382109,0.3627252001174934,0.3627252001174934
2023-11-02 10:00:00+01:00,57.07,0.03,1.24,1.7345183025900794,0.4154835722118621,0.4154835722118621
2023-11-02 11:00:00+01:00,89.22,0.57,1.24,3.2347472044346746,0.670810214878008,0.670810214878008
2023-11-02 12:00:00+01:00,52.0,0.69,1.17,2.2656238864581186,0.3739222072500485,0.3739222072500485
2023-11-02 13:00:00+01:00,33.03,0.59,0.76,1.6837665571685916,0.221808188324626,0.221808188324626
2023-11-02 14:00:00+01:00,51.13,0.54,0.62,2.2885841700637464,0.36689461484539676,0.36689461484539676
2023-11-02 15:00:00+01:00,41.82,0.85,0.14,2.461088852590378,0.29182271495000794,0.29182271495000794
2023-11-02 16:00:00+01:00,12.23,0.4,0.62,0.818251210637192,0.05431271052553407,0.05431271052553407
2023-11-02 17:00:00+01:00,0.0,0.67,0.34,0.67,0.0,0.0
2023-11-02 18:00:00+01:00,0.0,0.21,0.48,0.21,0.0,0.0
2023-11-02 19:00:00+01:00,0.0,-0.34,0.76,-0.34,0.0,0.0
2023-11-02 20:00:00+01:00,0.0,-0.34,0.41,-0.34,0.0,0.0
2023-11-02 21:00:00+01:00,0.0,-1.3,0.48,-1.3,0.0,0.0
2023-11-02 22:00:00+01:00,0.0,-1.85,0.62,-1.85,0.0,0.0
2023-11-02 23:00:00+01:00,0.0,-2.64,0.69,-2.64,0.0,0.0
2023-11-03 00:00:00+01:00,0.0,-3.58,0.55,-3.58,0.0,0.0
2023-11-03 01:00:00+01:00,0.0,-3.56,0.69,-3.56,0.0,0.0
2023-11-03 02:00:00+01:00,0.0,-3.92,0.9,-3.92,0.0,0.0
2023-11-03 03:00:00+01:00,0.0,-4.07,0.97,-4.07,0.0,0.0
2023-11-03 04:00:00+01:00,0.0,-3.7,1.03,-3.7,0.0,0.0
2023-11-03 05:00:00+01:00,0.0,-3.71,0.97,-3.71,0.0,0.0
2023-11-03 06:00:00+01:00,0.0,-3.6,1.03,-3.6,0.0,0.0
2023-11-03 07:00:00+01:00,5.58,-3.7,1.17,-3.530923436799302,0.0011314728396011496,0.0011314728396011496
2023-11-03 08:00:00+01:00,50.379999999999995,-3.15,1.1,-1.6009900381256919,0.36597255401271434,0.36597255401271434
2023-11-03 09:00:00+01:00,101.38,-2.73,1.17,0.341860569406232,0.7757827562306021,0.7757827562306021
2023-11-03 10:00:00+01:00,210.0,-2.36,1.52,3.572739682683181,1.633933414826781,1.633933414826781
2023-11-03 11:00:00+01:00,522.3000000000001,-1.9,1.31,13.47967750674315,3.9744243278933022,3.9744243278933022
2023-11-03 12:00:00+01:00,867.9100000000001,-1.3,1.24,24.62199894867629,5.7,5.7
2023-11-03 13:00:00+01:00,834.7399999999999,-0.87,1.31,23.709804713725394,5.7,5.7
2023-11-03 14:00:00+01:00,540.25,-0.49,1.03,16.368999163681302,4.071236628707236,4.071236628707236
2023-11-03 15:00:00+01:00,296.49,0.28,0.83,9.944832514049523,2.2728035490406824,2.2728035490406824
2023-11-03 16:00:00+01:00,95.74,0.47,0.55,3.7986975870940825,0.7216015135164124,0.7216015135164124
2023-11-03 17:00:00+01:00,0.0,-0.3,0.41,-0.3,0.0,0.0
2023-11-03 18:00:00+01:00,0.0,-1.32,0.48,-1.32,0.0,0.0
2023-11-03 19:00:00+01:00,0.0,-2.19,0.41,-2.19,0.0,0.0
2023-11-03 20:00:00+01:00,0.0,-3.92,0.48,-3.92,0.0,0.0
2023-11-03 21:00:00+01:00,0.0,-4.66,0.41,-4.66,0.0,0.0
2023-11-03 22:00:00+01:00,0.0,-5.36,0.48,-5.36,0.0,0.0
2023-11-03 23:00:00+01:00,0.0,-6.09,0.41,-6.09,0.0,0.0
2023-11-04 00:00:00+01:00,0.0,-6.73,0.34,-6.73,0.0,0.0
2023-11-04 01:00:00+01:00,0.0,-7.45,0.41,-7.45,0.0,0.0
2023-11-04 02:00:00+01:00,0.0,-8.78,0.41,-8.78,0.0,0.0
2023-11-04 03:00:00+01:00,0.0,-9.43,0.34,-9.43,0.0,0.0
2023-11-04 04:00:00+01:00,0.0,-9.74,0.34,-9.74,0.0,0.0
2023-11-04 05:00:00+01:00,0.0,-9.97,0.28,-9.97,0.0,0.0
2023-11-04 06:00:00+01:00,0.0,-10.25,0.21,-10.25,0.0,0.0
2023-11-04 07:00:00+01:00,12.15,-10.72,0.21,-10.260406409344691,0.057179986866805595,0.057179986866805595
2023-11-04 08:00:00+01:00,66.65,-12.84,0.28,-10.363704077993104,0.513647316533301,0.513647316533301
2023-11-04 09:00:00+01:00,264.27,-10.55,0.48,-1.2062906601798957,2.098379575445077,2.098379575445077
2023-11-04 10:00:00+01:00,161.92000000000002,-6.93,0.55,-1.300349767053751,1.2712095935916092,1.2712095935916092
2023-11-04 11:00:00+01:00,207.5,-5.11,0.9,1.5500333804082684,1.6249065863938839,1.6249065863938839
2023-11-04 12:00:00+01:00,305.83,-4.65,1.17,4.616789484528585,2.3875306268228194,2.3875306268228194
2023-11-04 13:00:00+01:00,415.95,-3.51,1.31,8.738088950660181,3.2127147609783746,3.2127147609783746
2023-11-04 14:00:00+01:00,137.91,-2.7,1.31,1.3609062319642877,1.0670316382828318,1.0670316382828318
2023-11-04 15:00:00+01:00,42.94,-2.29,1.31,-1.0255861532844137,0.304732481682386,0.304732481682386
2023-11-04 16:00:00+01:00,13.379999999999999,-2.4,1.17,-1.994579853830584,0.06460042016306755,0.06460042016306755
2023-11-04 17:00:00+01:00,0.0,-2.51,1.1,-2.51,0.0,0.0
2023-11-04 18:00:00+01:00,0.0,-2.58,1.03,-2.58,0.0,0.0
2023-11-04 19:00:00+01:00,0.0,-2.51,0.97,-2.51,0.0,0.0
2023-11-04 20:00:00+01:00,0.0,-3.01,0.55,-3.01,0.0,0.0
2023-11-04 21:00:00+01:00,0.0,-2.83,0.14,-2.83,0.0,0.0
2023-11-04 22:00:00+01:00,0.0,-2.8,0.14,-2.8,0.0,0.0
2023-11-04 23:00:00+01:00,0.0,-2.8,0.21,-2.8,0.0,0.0
2023-11-05 00:00:00+01:00,0.0,-2.86,0.21,-2.86,0.0,0.0
2023-11-05 01:00:00+01:00,0.0,-2.9,0.28,-2.9,0.0,0.0
2023-11-05 02:00:00+01:00,0.0,-2.09,0.34,-2.09,0.0,0.0
2023-11-05 03:00:00+01:00,0.0,-2.84,0.28,-2.84,0.0,0.0
2023-11-05 04:00:00+01:00,0.0,-4.45,0.34,-4.45,0.0,0.0
2023-11-05 05:00:00+01:00,0.0,-4.58,0.28,-4.58,0.0,0.0
2023-11-05 06:00:00+01:00,0.0,-4.68,0.55,-4.68,0.0,0.0
2023-11-05 07:00:00+01:00,9.19,-4.66,0.34,-4.323685335363177,0.03094709462624326,0.03094709462624326
2023-11-05 08:00:00+01:00,57.19,-5.71,0.21,-3.5466948601171113,0.4243236158763574,0.4243236158763574
2023-11-05 09:00:00+01:00,182.02,-4.26,0.28,2.5027214362144816,1.4160564054300155,1.4160564054300155
2023-11-05 10:00:00+01:00,300.34999999999997,-1.96,0.41,8.8422471263541,2.311377609437121,2.311377609437121
2023-11-05 11:00:00+01:00,541.9499999999999,-0.34,0.69,17.895440584664662,4.062854262369483,4.062854262369483
2023-11-05 12:00:00+01:00,653.9900000000001,0.6,0.9,21.590820387726286,4.840835516363957,4.840835516363957
2023-11-05 13:00:00+01:00,672.8899999999999,1.15,1.1,21.839029639650715,4.976161799345884,4.976161799345884
2023-11-05 14:00:00+01:00,463.02,1.61,1.1,15.846256303037755,3.4937365071995106,3.4937365071995106
2023-11-05 15:00:00+01:00,362.53,1.57,0.97,13.029848015476627,2.7568914084889697,2.7568914084889697
2023-11-05 16:00:00+01:00,183.70999999999998,0.93,1.03,6.6628398636925334,1.4097398652879791,1.4097398652879791
2023-11-05 17:00:00+01:00,0.0,0.23,0.9,0.23,0.0,0.0
2023-11-05 18:00:00+01:00,0.0,-0.15,0.76,-0.15,0.0,0.0
2023-11-05 19:00:00+01:00,0.0,-0.79,0.76,-0.79,0.0,0.0
2023-11-05 20:00:00+01:00,0.0,-1.12,0.83,-1.12,0.0,0.0
2023-11-05 21:00:00+01:00,0.0,-1.86,0.76,-1.86,0.0,0.0
2023-11-05 22:00:00+01:00,0.0,-2.5,0.69,-2.5,0.0,0.0
2023-11-05 23:00:00+01:00,0.0,-3.39,0.69,-3.39,0.0,0.0
2023-11-06 00:00:00+01:00,0.0,-5.51,0.55,-5.51,0.0,0.0
2023-11-06 01:00:00+01:00,0.0,-9.02,0.55,-9.02,0.0,0.0
2023-11-06 02:00:00+01:00,0.0,-9.43,0.55,-9.43,0.0,0.0
2023-11-06 03:00:00+01:00,0.0,-9.17,0.55,-9.17,0.0,0.0
2023-11-06 04:00:00+01:00,0.0,-9.43,0.48,-9.43,0.0,0.0
2023-11-06 05:00:00+01:00,0.0,-9.95,0.48,-9.95,0.0,0.0
2023-11-06 06:00:00+01:00,0.0,-10.94,0.41,-10.94,0.0,0.0
2023-11-06 07:00:00+01:00,8.469999999999999,-11.16,0.34,-10.8500342535937,0.02646736122477009,0.02646736122477009
2023-11-06 08:00:00+01:00,48.93,-9.26,0.28,-7.442068125074307,0.36161667169762113,0.36161667169762113
2023-11-06 09:00:00+01:00,464.58,-7.29,0.28,9.97087861134229,3.5757303332339907,3.5757303332339907
2023-11-06 10:00:00+01:00,732.7099999999999,-4.77,0.28,22.452907502080606,5.405555116630774,5.405555116630774
2023-11-06 11:00:00+01:00,848.78,-2.11,0.21,29.996489537153323,5.7,5.7
2023-11-06 12:00:00+01:00,910.34,1.04,0.34,34.354547530520826,5.7,5.7
2023-11-06 13:00:00+01:00,890.0699999999999,2.72,0.41,34.731839852685184,5.7,5.7
2023-11-06 14:00:00+01:00,765.5400000000001,3.34,0.41,30.87305232265397,5.482453171722714,5.482453171722714
2023-11-06 15:00:00+01:00,522.41,3.38,0.41,22.168752859259683,3.858776314451569,3.858776314451569
2023-11-06 16:00:00+01:00,235.39000000000001,2.56,0.28,11.305615860183096,1.7888796509094183,1.7888796509094183
2023-11-06 17:00:00+01:00,0.0,1.55,0.14,1.55,0.0,0.0
2023-11-06 18:00:00+01:00,0.0,0.26,0.07,0.26,0.0,0.0
2023-11-06 19:00:00+01:00,0.0,-1.12,0.14,-1.12,0.0,0.0
2023-11-06 20:00:00+01:00,0.0,-2.35,0.21,-2.35,0.0,0.0
2023-11-06 21:00:00+01:00,0.0,-3.13,0.28,-3.13,0.0,0.0
2023-11-06 22:00:00+01:00,0.0,-4.39,0.28,-4.39,0.0,0.0
2023-11-06 23:00:00+01:00,0.0,-6.22,0.28,-6.22,0.0,0.0
2023-11-07 00:00:00+01:00,0.0,-7.82,0.21,-7.82,0.0,0.0
2023-11-07 01:00:00+01:00,0.0,-8.27,0.21,-8.27,0.0,0.0
2023-11-07 02:00:00+01:00,0.0,-9.08,0.14,-9.08,0.0,0.0
2023-11-07 03:00:00+01:00,0.0,-9.39,0.21,-9.39,0.0,0.0
2023-11-07 04:00:00+01:00,0.0,-10.22,0.21,-10.22,0.0,0.0
2023-11-07 05:00:00+01:00,0.0,-10.55,0.28,-10.55,0.0,0.0
2023-11-07 06:00:00+01:00,0.0,-10.64,0.28,-10.64,0.0,0.0
2023-11-07 07:00:00+01:00,7.33,-10.94,0.28,-10.667663179170134,0.016859415007976986,0.016859415007976986
2023-11-07 08:00:00+01:00,42.47,-9.06,0.28,-7.482081203186304,0.30806280980966644,0.30806280980966644
2023-11-07 09:00:00+01:00,390.73,-7.97,0.34,6.329045583628539,3.0408153306041186,3.0408153306041186
2023-11-07 10:00:00+01:00,513.51,-6.28,0.28,12.798810486267982,3.9163570210233303,3.9163570210233303
2023-11-07 11:00:00+01:00,732.52,-3.92,0.41,22.42547050107177,5.404671435730817,5.404671435730817
2023-11-07 12:00:00+01:00,793.85,-1.3,0.62,25.848710021613634,5.7,5.7
2023-11-07 13:00:00+01:00,799.18,0.33,0.76,26.794315990251135,5.7,5.7
2023-11-07 14:00:00+01:00,596.24,1.11,0.83,20.545932875229813,4.42970071921489,4.42970071921489
2023-11-07 15:00:00+01:00,420.68999999999994,1.13,0.83,14.843441904737066,3.1834390038743705,3.1834390038743705
2023-11-07 16:00:00+01:00,187.31,0.49,0.62,6.895775491778611,1.437014672776775,1.437014672776775
2023-11-07 17:00:00+01:00,0.0,-0.45,0.76,-0.45,0.0,0.0
2023-11-07 18:00:00+01:00,0.0,-1.48,0.76,-1.48,0.0,0.0
2023-11-07 19:00:00+01:00,0.0,-2.97,0.69,-2.97,0.0,0.0
2023-11-07 20:00:00+01:00,0.0,-4.63,0.76,-4.63,0.0,0.0
2023-11-07 21:00:00+01:00,0.0,-6.18,0.69,-6.18,0.0,0.0
2023-11-07 22:00:00+01:00,0.0,-7.58,0.62,-7.58,0.0,0.0
2023-11-07 23:00:00+01:00,0.0,-8.79,0.55,-8.79,0.0,0.0
2023-11-08 00:00:00+01:00,0.0,-8.63,0.55,-8.63,0.0,0.0
2023-11-08 01:00:00+01:00,0.0,-9.33,0.48,-9.33,0.0,0.0
2023-11-08 02:00:00+01:00,0.0,-10.32,0.48,-10.32,0.0,0.0
2023-11-08 03:00:00+01:00,0.0,-11.11,0.48,-11.11,0.0,0.0
2023-11-08 04:00:00+01:00,0.0,-11.37,0.48,-11.37,0.0,0.0
2023-11-08 05:00:00+01:00,0.0,-11.56,0.48,-11.56,0.0,0.0
2023-11-08 06:00:00+01:00,0.0,-12.29,0.41,-12.29,0.0,0.0
2023-11-08 07:00:00+01:00,7.8100000000000005,-13.15,0.41,-12.869109205737221,0.021336921587430793,0.021336921587430793
2023-11-08 08:00:00+01:00,50.21,-12.13,0.41,-10.32417070679461,0.37600836326620907,0.37600836326620907
2023-11-08 09:00:00+01:00,546.02,-10.52,0.41,9.117899037562399,4.216272568397956,4.216272568397956
2023-11-08 10:00:00+01:00,903.88,-7.25,0.34,25.828139180841404,5.7,5.7
2023-11-08 11:00:00+01:00,1021.1299999999999,-2.94,0.34,34.42898732324267,5.7,5.7
2023-11-08 12:00:00+01:00,1054.61,0.16,0.28,39.3426923076923,5.7,5.7
2023-11-08 13:00:00+01:00,978.49,1.46,0.28,37.81455058851504,5.7,5.7
2023-11-08 14:00:00+01:00,813.14,1.95,0.48,30.69992928664366,5.7,5.7
2023-11-08 15:00:00+01:00,559.44,1.9,0.41,22.020556458689992,4.13499832693405,4.13499832693405
2023-11-08 16:00:00+01:00,248.35999999999999,1.21,0.28,10.437499702770182,1.8950581318795396,1.8950581318795396
2023-11-08 17:00:00+01:00,0.0,0.01,0.21,0.01,0.0,0.0
2023-11-08 18:00:00+01:00,0.0,-1.4,0.21,-1.4,0.0,0.0
2023-11-08 19:00:00+01:00,0.0,-2.73,0.21,-2.73,0.0,0.0
2023-11-08 20:00:00+01:00,0.0,-3.95,0.34,-3.95,0.0,0.0
2023-11-08 21:00:00+01:00,0.0,-4.76,0.34,-4.76,0.0,0.0
2023-11-08 22:00:00+01:00,0.0,-5.2,0.34,-5.2,0.0,0.0
2023-11-08 23:00:00+01:00,0.0,-5.7,0.41,-5.7,0.0,0.0
2023-11-09 00:00:00+01:00,0.0,-6.19,0.34,-6.19,0.0,0.0
2023-11-09 01:00:00+01:00,0.0,-6.3,0.34,-6.3,0.0,0.0
2023-11-09 02:00:00+01:00,0.0,-7.97,0.34,-7.97,0.0,0.0
2023-11-09 03:00:00+01:00,0.0,-7.36,0.41,-7.36,0.0,0.0
2023-11-09 04:00:00+01:00,0.0,-7.55,0.41,-7.55,0.0,0.0
2023-11-09 05:00:00+01:00,0.0,-7.11,0.41,-7.11,0.0,0.0
2023-11-09 06:00:00+01:00,0.0,-6.69,0.41,-6.69,0.0,0.0
2023-11-09 07:00:00+01:00,6.27,-6.17,0.41,-5.9444961229157975,0.0071894541868850765,0.0071894541868850765
2023-11-09 08:00:00+01:00,37.0,-6.84,0.41,-5.509275366488757,0.26075880527826295,0.26075880527826295
2023-11-09 09:00:00+01:00,85.05,-5.4,0.41,-2.341131619455914,0.6497703963503633,0.6497703963503633
2023-11-09 10:00:00+01:00,126.91999999999999,-3.79,0.55,0.6227668451428965,0.9810773652684458,0.9810773652684458
2023-11-09 11:00:00+01:00,157.23,-2.93,0.9,2.1165399922968287,1.219248277378163,1.219248277378163
2023-11-09 12:00:00+01:00,132.13,-2.56,1.03,1.563238425723665,1.0198534941758672,1.0198534941758672
2023-11-09 13:00:00+01:00,123.09,-2.15,0.97,1.7409681742890744,0.9466124336713276,0.9466124336713276
2023-11-09 14:00:00+01:00,74.25,-2.1,1.03,0.21703968144995178,0.5567573031151968,0.5567573031151968
2023-11-09 15:00:00+01:00,60.28,-2.11,0.9,-0.17522018230838343,0.44433850609285697,0.44433850609285697
2023-11-09 16:00:00+01:00,13.06,-1.95,0.83,-1.52427666149453,0.06182736299761716,0.06182736299761716
2023-11-09 17:00:00+01:00,0.0,-1.97,0.48,-1.97,0.0,0.0
2023-11-09 18:00:00+01:00,0.0,-2.07,0.34,-2.07,0.0,0.0
2023-11-09 19:00:00+01:00,0.0,-2.18,0.14,-2.18,0.0,0.0
2023-11-09 20:00:00+01:00,0.0,-3.03,0.14,-3.03,0.0,0.0
2023-11-09 21:00:00+01:00,0.0,-3.33,0.14,-3.33,0.0,0.0
2023-11-09 22:00:00+01:00,0.0,-3.97,0.07,-3.97,0.0,0.0
2023-11-09 23:00:00+01:00,0.0,-6.1,0.14,-6.1,0.0,0.0
2023-11-10 00:00:00+01:00,0.0,-7.5,0.14,-7.5,0.0,0.0
2023-11-10 01:00:00+01:00,0.0,-8.14,0.14,-8.14,0.0,0.0
2023-11-10 02:00:00+01:00,0.0,-6.89,0.21,-6.89,0.0,0.0
2023-11-10 03:00:00+01:00,0.0,-7.3,0.21,-7.3,0.0,0.0
2023-11-10 04:00:00+01:00,0.0,-7.81,0.07,-7.81,0.0,0.0
2023-11-10 05:00:00+01:00,0.0,-7.53,0.0,-7.53,0.0,0.0
2023-11-10 06:00:00+01:00,0.0,-7.09,0.07,-7.09,0.0,0.0
2023-11-10 07:00:00+01:00,3.0300000000000002,-6.91,0.14,-6.7932711806946715,0.0,0.0
2023-11-10 08:00:00+01:00,26.05,-5.32,0.07,-4.297581361759581,0.16958801074174437,0.16958801074174437
2023-11-10 09:00:00+01:00,46.550000000000004,-4.59,0.07,-2.762990878691304,0.33619144376853677,0.33619144376853677
2023-11-10 10:00:00+01:00,160.17000000000002,-4.06,0.21,1.9986918037251682,1.243304789192708,1.243304789192708
2023-11-10 11:00:00+01:00,324.31,-2.31,0.41,9.35398124037922,2.4939775740231562,2.4939775740231562
2023-11-10 12:00:00+01:00,311.16,-1.49,0.69,8.97985827534691,2.3946079096794377,2.3946079096794377
2023-11-10 13:00:00+01:00,295.66,-1.47,0.83,8.167776589780033,2.279933050890592,2.279933050890592
2023-11-10 14:00:00+01:00,428.0799999999999,-1.52,0.9,12.219889587880342,3.2686369508900532,3.2686369508900532
2023-11-10 15:00:00+01:00,425.10999999999996,-1.51,1.03,11.755949346547999,3.2508950410642914,3.2508950410642914
2023-11-10 16:00:00+01:00,203.32999999999998,-1.06,0.83,5.568049496042663,1.5702881363373526,1.5702881363373526
2023-11-10 17:00:00+01:00,0.0,-1.97,0.69,-1.97,0.0,0.0
2023-11-10 18:00:00+01:00,0.0,-3.44,0.55,-3.44,0.0,0.0
2023-11-10 19:00:00+01:00,0.0,-5.2,0.48,-5.2,0.0,0.0
2023-11-10 20:00:00+01:00,0.0,-5.14,0.62,-5.14,0.0,0.0
2023-11-10 21:00:00+01:00,0.0,-5.78,0.62,-5.78,0.0,0.0
2023-11-10 22:00:00+01:00,0.0,-6.92,0.55,-6.92,0.0,0.0
2023-11-10 23:00:00+01:00,0.0,-8.24,0.48,-8.24,0.0,0.0
2023-11-11 00:00:00+01:00,0.0,-8.79,0.55,-8.79,0.0,0.0
2023-11-11 01:00:00+01:00,0.0,-8.92,0.76,-8.92,0.0,0.0
2023-11-11 02:00:00+01:00,0.0,-8.42,0.9,-8.42,0.0,0.0
2023-11-11 03:00:00+01:00,0.0,-8.4,0.97,-8.4,0.0,0.0
2023-11-11 04:00:00+01:00,0.0,-8.39,0.97,-8.39,0.0,0.0
2023-11-11 05:00:00+01:00,0.0,-8.16,0.9,-8.16,0.0,0.0
2023-11-11 06:00:00+01:00,0.0,-8.17,0.9,-8.17,0.0,0.0
2023-11-11 07:00:00+01:00,5.81,-8.7,0.83,-8.510608530113569,0.0037746740562800947,0.0037746740562800947
2023-11-11 08:00:00+01:00,43.7,-10.49,0.76,-9.042903465084244,0.3200491570054722,0.3200491570054722
2023-11-11 09:00:00+01:00,458.34,-8.15,0.76,7.027625304651901,3.5621688114564436,3.5621688114564436
2023-11-11 10:00:00+01:00,625.95,-6.33,0.83,14.074404574081077,4.753881419965114,4.753881419965114
2023-11-11 11:00:00+01:00,779.58,-4.62,0.9,20.401825651559893,5.7,5.7
2023-11-11 12:00:00+01:00,879.21,-3.11,1.03,24.326558361314643,5.7,5.7
2023-11-11 13:00:00+01:00,637.35,-2.6,1.17,16.71199776988619,4.797351668873293,4.797351668873293
2023-11-11 14:00:00+01:00,613.8000000000001,-3.14,1.24,15.192457230239896,4.64417351396561,4.64417351396561
2023-11-11 15:00:00+01:00,502.90999999999997,-2.53,1.17,12.708404014204854,3.836470606777808,3.836470606777808
2023-11-11 16:00:00+01:00,196.65,-2.47,0.9,3.841785851842342,1.5262219453572559,1.5262219453572559
2023-11-11 17:00:00+01:00,0.0,-3.41,0.69,-3.41,0.0,0.0
2023-11-11 18:00:00+01:00,0.0,-4.61,0.69,-4.61,0.0,0.0
2023-11-11 19:00:00+01:00,0.0,-6.2,0.55,-6.2,0.0,0.0
2023-11-11 20:00:00+01:00,0.0,-5.53,0.55,-5.53,0.0,0.0
2023-11-11 21:00:00+01:00,0.0,-6.57,0.48,-6.57,0.0,0.0
2023-11-11 22:00:00+01:00,0.0,-8.05,0.34,-8.05,0.0,0.0
2023-11-11 23:00:00+01:00,0.0,-10.63,0.28,-10.63,0.0,0.0
2023-11-12 00:00:00+01:00,0.0,-13.17,0.28,-13.17,0.0,0.0
2023-11-12 01:00:00+01:00,0.0,-13.43,0.21,-13.43,0.0,0.0
2023-11-12 02:00:00+01:00,0.0,-14.02,0.14,-14.02,0.0,0.0
2023-11-12 03:00:00+01:00,0.0,-13.39,0.07,-13.39,0.0,0.0
2023-11-12 04:00:00+01:00,0.0,-11.52,0.14,-11.52,0.0,0.0
2023-11-12 05:00:00+01:00,0.0,-9.8,0.07,-9.8,0.0,0.0
2023-11-12 06:00:00+01:00,0.0,-8.68,0.14,-8.68,0.0,0.0
2023-11-12 07:00:00+01:00,0.0,-8.11,0.28,-8.11,0.0,0.0
2023-11-12 08:00:00+01:00,39.37,-7.28,0.34,-5.8392265128670555,0.28064747018688746,0.28064747018688746
2023-11-12 09:00:00+01:00,226.95,-6.29,0.48,1.7341981105391175,1.7796871920485076,1.7796871920485076
2023-11-12 10:00:00+01:00,182.31,-4.29,0.62,1.9447815381248121,1.421016005111592,1.421016005111592
2023-11-12 11:00:00+01:00,248.23,-3.23,0.83,4.861677206524714,1.9298892015193996,1.9298892015193996
2023-11-12 12:00:00+01:00,343.42,-2.19,0.97,8.665766434432967,2.6487722887163625,2.6487722887163625
2023-11-12 13:00:00+01:00,389.28999999999996,-1.57,0.97,10.73575189348439,2.9853168040200235,2.9853168040200235
2023-11-12 14:00:00+01:00,198.66,-1.31,1.1,4.79810478415939,1.5372938986249036,1.5372938986249036
2023-11-12 15:00:00+01:00,66.61,-0.88,0.97,1.2255925752652144,0.4931962679467938,0.4931962679467938
2023-11-12 16:00:00+01:00,11.58,-0.79,0.83,-0.41252096019193407,0.049425299511320485,0.049425299511320485
2023-11-12 17:00:00+01:00,0.0,-1.1,0.97,-1.1,0.0,0.0
2023-11-12 18:00:00+01:00,0.0,-0.93,1.03,-0.93,0.0,0.0
2023-11-12 19:00:00+01:00,0.0,-0.67,1.03,-0.67,0.0,0.0
2023-11-12 20:00:00+01:00,0.0,-0.4,1.03,-0.4,0.0,0.0
2023-11-12 21:00:00+01:00,0.0,-0.14,0.97,-0.14,0.0,0.0
2023-11-12 22:00:00+01:00,0.0,0.01,0.9,0.01,0.0,0.0
2023-11-12 23:00:00+01:00,0.0,0.14,0.9,0.14,0.0,0.0
2023-11-13 00:00:00+01:00,0.0,0.32,0.97,0.32,0.0,0.0
2023-11-13 01:00:00+01:00,0.0,-0.05,1.1,-0.05,0.0,0.0
2023-11-13 02:00:00+01:00,0.0,1.15,0.97,1.15,0.0,0.0
2023-11-13 03:00:00+01:00,0.0,1.23,0.9,1.23,0.0,0.0
2023-11-13 04:00:00+01:00,0.0,1.22,0.9,1.22,0.0,0.0
2023-11-13 05:00:00+01:00,0.0,1.31,0.83,1.31,0.0,0.0
2023-11-13 06:00:00+01:00,0.0,1.5,0.83,1.5,0.0,0.0
2023-11-13 07:00:00+01:00,0.0,1.63,0.9,1.63,0.0,0.0
2023-11-13 08:00:00+01:00,31.14,1.23,1.03,2.2017523997353736,0.20614777998656136,0.20614777998656136
2023-11-13 09:00:00+01:00,210.04,2.07,0.83,8.916778715136974,1.605146871923288,1.605146871923288
2023-11-13 10:00:00+01:00,512.47,2.77,0.83,19.47524037395851,3.820582849143821,3.820582849143821
2023-11-13 11:00:00+01:00,625.66,3.66,0.97,23.437586708308572,4.601871562511108,4.601871562511108
2023-11-13 12:00:00+01:00,799.8000000000001,4.61,0.97,29.892284066913653,5.7,5.7
2023-11-13 13:00:00+01:00,599.29,5.47,0.83,25.005355247545406,4.383933060229776,4.383933060229776
2023-11-13 14:00:00+01:00,347.81,5.29,0.76,16.807497615767723,2.6099044016574937,2.6099044016574937
2023-11-13 15:00:00+01:00,234.86999999999998,4.91,0.76,12.687564374271485,1.7764354541604783,1.7764354541604783
2023-11-13 16:00:00+01:00,77.22,4.6,0.62,7.240830620229268,0.5666518460104331,0.5666518460104331
2023-11-13 17:00:00+01:00,0.0,4.3,0.69,4.3,0.0,0.0
2023-11-13 18:00:00+01:00,0.0,4.0,0.69,4.0,0.0,0.0
2023-11-13 19:00:00+01:00,0.0,3.87,0.76,3.87,0.0,0.0
2023-11-13 20:00:00+01:00,0.0,4.22,0.83,4.22,0.0,0.0
2023-11-13 21:00:00+01:00,0.0,4.18,0.76,4.18,0.0,0.0
2023-11-13 22:00:00+01:00,0.0,2.97,0.76,2.97,0.0,0.0
2023-11-13 23:00:00+01:00,0.0,2.44,0.76,2.44,0.0,0.0
2023-11-14 00:00:00+01:00,0.0,2.69,0.69,2.69,0.0,0.0
2023-11-14 01:00:00+01:00,0.0,3.01,0.62,3.01,0.0,0.0
2023-11-14 02:00:00+01:00,0.0,3.18,0.55,3.18,0.0,0.0
2023-11-14 03:00:00+01:00,0.0,3.25,0.69,3.25,0.0,0.0
2023-11-14 04:00:00+01:00,0.0,3.1,0.62,3.1,0.0,0.0
2023-11-14 05:00:00+01:00,0.0,3.16,0.55,3.16,0.0,0.0
2023-11-14 06:00:00+01:00,0.0,3.31,0.69,3.31,0.0,0.0
2023-11-14 07:00:00+01:00,0.0,3.06,0.9,3.06,0.0,0.0
2023-11-14 08:00:00+01:00,15.690000000000001,4.5,0.83,5.011454761190722,0.08059003475522288,0.08059003475522288
2023-11-14 09:00:00+01:00,89.42,4.6,0.76,7.561084030942037,0.6623377376538067,0.6623377376538067
2023-11-14 10:00:00+01:00,100.17999999999999,4.81,0.76,8.12739429903571,0.7457868565940088,0.7457868565940088
2023-11-14 11:00:00+01:00,191.37,4.84,0.83,11.078183406569048,1.4482541117670793,1.4482541117670793
2023-11-14 12:00:00+01:00,327.08000000000004,5.06,0.76,15.891037405955284,2.4603113001439882,2.4603113001439882
2023-11-14 13:00:00+01:00,288.19,5.17,0.83,14.564273271354622,2.1738215587293617,2.1738215587293617
2023-11-14 14:00:00+01:00,194.39000000000001,5.75,0.55,12.508570335859815,1.4645199455073288,1.4645199455073288
2023-11-14 15:00:00+01:00,154.54000000000002,5.77,0.69,10.969935396169532,1.162137041324311,1.162137041324311
2023-11-14 16:00:00+01:00,11.44,5.64,0.69,6.024931156543157,0.046365009234606985,0.046365009234606985
2023-11-14 17:00:00+01:00,0.0,5.28,0.83,5.28,0.0,0.0
2023-11-14 18:00:00+01:00,0.0,4.39,0.69,4.39,0.0,0.0
2023-11-14 19:00:00+01:00,0.0,3.71,0.83,3.71,0.0,0.0
2023-11-14 20:00:00+01:00,0.0,2.39,1.24,2.39,0.0,0.0
2023-11-14 21:00:00+01:00,0.0,2.59,0.97,2.59,0.0,0.0
2023-11-14 22:00:00+01:00,0.0,1.87,1.17,1.87,0.0,0.0
2023-11-14 23:00:00+01:00,0.0,1.16,1.17,1.16,0.0,0.0
2023-11-15 00:00:00+01:00,0.0,0.64,1.24,0.64,0.0,0.0
2023-11-15 01:00:00+01:00,0.0,-0.39,1.24,-0.39,0.0,0.0
2023-11-15 02:00:00+01:00,0.0,-0.36,1.24,-0.36,0.0,0.0
2023-11-15 03:00:00+01:00,0.0,-0.89,1.31,-0.89,0.0,0.0
2023-11-15 04:00:00+01:00,0.0,-1.14,1.24,-1.14,0.0,0.0
2023-11-15 05:00:00+01:00,0.0,-1.05,1.17,-1.05,0.0,0.0
2023-11-15 06:00:00+01:00,0.0,-1.2,1.17,-1.2,0.0,0.0
2023-11-15 07:00:00+01:00,0.0,-1.39,1.17,-1.39,0.0,0.0
2023-11-15 08:00:00+01:00,34.83,-1.95,1.1,-0.8790985118681589,0.23864992762746404,0.23864992762746404
2023-11-15 09:00:00+01:00,290.5,-1.89,1.31,6.664080635092637,2.2508641338231357,2.2508641338231357
2023-11-15 10:00:00+01:00,619.3299999999999,-1.46,1.52,16.036779369886542,4.672595699817719,4.672595699817719
2023-11-15 11:00:00+01:00,629.64,-0.34,1.45,17.691960593390228,4.723633216871333,4.723633216871333
2023-11-15 12:00:00+01:00,764.0400000000001,0.67,1.45,22.5509782919984,5.633705422566284,5.633705422566284
2023-11-15 13:00:00+01:00,839.2700000000001,0.72,1.52,24.430335397550063,5.7,5.7
2023-11-15 14:00:00+01:00,669.33,0.86,1.45,20.028623632510453,4.98084443212615,4.98084443212615
2023-11-15 15:00:00+01:00,474.93,-0.04,1.45,13.561294461309355,3.6119028855600344,3.6119028855600344
2023-11-15 16:00:00+01:00,195.73,0.11,1.1,6.1280174640265646,1.5072895796681935,1.5072895796681935
2023-11-15 17:00:00+01:00,0.0,0.0,0.9,0.0,0.0,0.0
2023-11-15 18:00:00+01:00,0.0,-0.73,1.03,-0.73,0.0,0.0
2023-11-15 19:00:00+01:00,0.0,-1.2,0.76,-1.2,0.0,0.0
2023-11-15 20:00:00+01:00,0.0,-0.57,0.69,-0.57,0.0,0.0
2023-11-15 21:00:00+01:00,0.0,-0.64,0.55,-0.64,0.0,0.0
2023-11-15 22:00:00+01:00,0.0,-0.86,0.48,-0.86,0.0,0.0
2023-11-15 23:00:00+01:00,0.0,-1.3,0.41,-1.3,0.0,0.0
2023-11-16 00:00:00+01:00,0.0,-1.56,0.41,-1.56,0.0,0.0
2023-11-16 01:00:00+01:00,0.0,-2.06,0.34,-2.06,0.0,0.0
2023-11-16 02:00:00+01:00,0.0,-3.07,0.34,-3.07,0.0,0.0
2023-11-16 03:00:00+01:00,0.0,-3.09,0.34,-3.09,0.0,0.0
2023-11-16 04:00:00+01:00,0.0,-3.2,0.28,-3.2,0.0,0.0
2023-11-16 05:00:00+01:00,0.0,-3.16,0.21,-3.16,0.0,0.0
2023-11-16 06:00:00+01:00,0.0,-2.84,0.07,-2.84,0.0,0.0
2023-11-16 07:00:00+01:00,0.0,-1.96,0.0,-1.96,0.0,0.0
2023-11-16 08:00:00+01:00,34.35,-1.61,0.14,-0.28668813757820444,0.23421695412332605,0.23421695412332605
2023-11-16 09:00:00+01:00,121.83999999999999,-0.55,0.07,4.232014851562868,0.9286736275012718,0.9286736275012718
2023-11-16 10:00:00+01:00,102.59,0.58,0.34,4.334354890651989,0.7748968019039127,0.7748968019039127
2023-11-16 11:00:00+01:00,191.28999999999996,0.73,0.76,7.0644415598177375,1.467555014638284,1.467555014638284
2023-11-16 12:00:00+01:00,223.73000000000002,1.16,0.83,8.453038478087961,1.7149486291409233,1.7149486291409233
2023-11-16 13:00:00+01:00,476.43999999999994,0.19,0.97,15.250629433408776,3.602750026128836,3.602750026128836
2023-11-16 14:00:00+01:00,244.97,0.46,0.76,8.572019179824098,1.8805302730603184,1.8805302730603184
2023-11-16 15:00:00+01:00,292.40999999999997,0.59,0.48,10.92864626350625,2.233636207228802,2.233636207228802
2023-11-16 16:00:00+01:00,9.29,0.48,0.28,0.8251581262632267,0.030520693665771138,0.030520693665771138
2023-11-16 17:00:00+01:00,0.0,-0.35,0.21,-0.35,0.0,0.0
2023-11-16 18:00:00+01:00,0.0,-1.06,0.28,-1.06,0.0,0.0
2023-11-16 19:00:00+01:00,0.0,-1.36,0.48,-1.36,0.0,0.0
2023-11-16 20:00:00+01:00,0.0,-0.61,0.69,-0.61,0.0,0.0
2023-11-16 21:00:00+01:00,0.0,-0.55,0.97,-0.55,0.0,0.0
2023-11-16 22:00:00+01:00,0.0,-1.02,1.17,-1.02,0.0,0.0
2023-11-16 23:00:00+01:00,0.0,-1.26,1.17,-1.26,0.0,0.0
2023-11-17 00:00:00+01:00,0.0,-2.0,1.24,-2.0,0.0,0.0
2023-11-17 01:00:00+01:00,0.0,-2.6,1.38,-2.6,0.0,0.0
2023-11-17 02:00:00+01:00,0.0,-2.12,1.45,-2.12,0.0,0.0
2023-11-17 03:00:00+01:00,0.0,-2.3,1.38,-2.3,0.0,0.0
2023-11-17 04:00:00+01:00,0.0,-2.71,1.45,-2.71,0.0,0.0
2023-11-17 05:00:00+01:00,0.0,-2.44,1.24,-2.44,0.0,0.0
2023-11-17 06:00:00+01:00,0.0,-2.86,1.24,-2.86,0.0,0.0
2023-11-17 07:00:00+01:00,0.0,-3.28,1.24,-3.28,0.0,0.0
2023-11-17 08:00:00+01:00,21.23,-3.59,1.24,-2.9559203861225267,0.1292162176542357,0.1292162176542357
2023-11-17 09:00:00+01:00,184.76000000000002,-3.44,1.17,2.158312870423116,1.4396241812203732,1.4396241812203732
2023-11-17 10:00:00+01:00,285.5,-3.5,1.17,5.150781145842171,2.2227252736150453,2.2227252736150453
2023-11-17 11:00:00+01:00,476.43,-3.11,1.17,11.326047850485415,3.650720271821678,3.650720271821678
2023-11-17 12:00:00+01:00,563.8,-2.61,1.38,13.760879695231015,4.28659897556026,4.28659897556026
2023-11-17 13:00:00+01:00,620.26,-2.28,1.31,15.984213613502787,4.680437772721743,4.680437772721743
2023-11-17 14:00:00+01:00,495.36,-2.47,1.52,11.52448537720924,3.7937624489225557,3.7937624489225557
2023-11-17 15:00:00+01:00,284.74,-2.92,1.45,5.234533478435191,2.2161031267532265,2.2161031267532265
2023-11-17 16:00:00+01:00,10.940000000000001,-2.77,1.1,-2.43363300946993,0.04480333503357223,0.04480333503357223
2023-11-17 17:00:00+01:00,0.0,-3.26,1.17,-3.26,0.0,0.0
2023-11-17 18:00:00+01:00,0.0,-3.22,1.03,-3.22,0.0,0.0
2023-11-17 19:00:00+01:00,0.0,-3.87,0.97,-3.87,0.0,0.0
2023-11-17 20:00:00+01:00,0.0,-3.48,1.03,-3.48,0.0,0.0
2023-11-17 21:00:00+01:00,0.0,-4.22,1.17,-4.22,0.0,0.0
2023-11-17 22:00:00+01:00,0.0,-4.18,1.1,-4.18,0.0,0.0
2023-11-17 23:00:00+01:00,0.0,-4.19,1.03,-4.19,0.0,0.0
2023-11-18 00:00:00+01:00,0.0,-4.6,0.97,-4.6,0.0,0.0
2023-11-18 01:00:00+01:00,0.0,-4.62,0.83,-4.62,0.0,0.0
2023-11-18 02:00:00+01:00,0.0,-6.71,0.76,-6.71,0.0,0.0
2023-11-18 03:00:00+01:00,0.0,-7.94,0.76,-7.94,0.0,0.0
2023-11-18 04:00:00+01:00,0.0,-9.23,0.62,-9.23,0.0,0.0
2023-11-18 05:00:00+01:00,0.0,-9.27,0.55,-9.27,0.0,0.0
2023-11-18 06:00:00+01:00,0.0,-9.35,0.62,-9.35,0.0,0.0
2023-11-18 07:00:00+01:00,0.0,-8.93,0.62,-8.93,0.0,0.0
2023-11-18 08:00:00+01:00,36.099999999999994,-10.04,0.62,-8.805423654619572,0.2564385403487639,0.2564385403487639
2023-11-18 09:00:00+01:00,333.88,-8.6,0.55,3.008372157708086,2.623150304316141,2.623150304316141
2023-11-18 10:00:00+01:00,375.72,-6.05,0.62,6.799169653361058,2.9185172905700147,2.9185172905700147
2023-11-18 11:00:00+01:00,344.43,-3.48,0.62,8.299089491395584,2.65990556912209,2.65990556912209
2023-11-18 12:00:00+01:00,264.85999999999996,-1.5,0.69,7.411963821854936,2.0440735174770586,2.0440735174770586
2023-11-18 13:00:00+01:00,255.61999999999998,-0.65,0.62,8.091894886596808,1.9670317438876554,1.9670317438876554
2023-11-18 14:00:00+01:00,92.22,-0.21,0.62,2.943812481190665,0.6955272618722642,0.6955272618722642
2023-11-18 15:00:00+01:00,46.730000000000004,-0.25,0.62,1.3481094908484037,0.33265300125190633,0.33265300125190633
2023-11-18 16:00:00+01:00,9.639999999999999,-0.39,0.62,-0.06032365735547596,0.03357584538796255,0.03357584538796255
2023-11-18 17:00:00+01:00,0.0,-0.34,0.62,-0.34,0.0,0.0
2023-11-18 18:00:00+01:00,0.0,-0.15,0.69,-0.15,0.0,0.0
2023-11-18 19:00:00+01:00,0.0,0.18,0.76,0.18,0.0,0.0
2023-11-18 20:00:00+01:00,0.0,0.61,0.69,0.61,0.0,0.0
2023-11-18 21:00:00+01:00,0.0,0.99,0.69,0.99,0.0,0.0
2023-11-18 22:00:00+01:00,0.0,1.31,0.62,1.31,0.0,0.0
2023-11-18 23:00:00+01:00,0.0,1.45,0.69,1.45,0.0,0.0
2023-11-19 00:00:00+01:00,0.0,1.43,0.69,1.43,0.0,0.0
2023-11-19 01:00:00+01:00,0.0,1.38,0.62,1.38,0.0,0.0
2023-11-19 02:00:00+01:00,0.0,2.07,0.69,2.07,0.0,0.0
2023-11-19 03:00:00+01:00,0.0,1.51,0.76,1.51,0.0,0.0
2023-11-19 04:00:00+01:00,0.0,0.87,0.69,0.87,0.0,0.0
2023-11-19 05:00:00+01:00,0.0,0.75,0.69,0.75,0.0,0.0
2023-11-19 06:00:00+01:00,0.0,0.73,0.76,0.73,0.0,0.0
2023-11-19 07:00:00+01:00,0.0,0.44,0.76,0.44,0.0,0.0
2023-11-19 08:00:00+01:00,27.36,1.81,0.9,2.6881615098215432,0.17536939469870597,0.17536939469870597
2023-11-19 09:00:00+01:00,254.67000000000002,2.16,0.9,10.33402747464373,1.9448047085228533,1.9448047085228533
2023-11-19 10:00:00+01:00,250.18,2.78,0.9,10.809913981255617,1.9067981342547258,1.9067981342547258
2023-11-19 11:00:00+01:00,484.18000000000006,3.52,0.76,19.553299777471658,3.6079828093147435,3.6079828093147435
2023-11-19 12:00:00+01:00,580.0799999999999,4.04,0.97,22.37676836901134,4.282410183954099,4.282410183954099
2023-11-19 13:00:00+01:00,374.26,4.55,1.03,16.229128231373185,2.8160753872040716,2.8160753872040716
2023-11-19 14:00:00+01:00,298.96,4.36,1.1,13.55198130611241,2.264129589999411,2.264129589999411
2023-11-19 15:00:00+01:00,211.08999999999997,4.07,1.17,10.466123965239312,1.6048833077266718,1.6048833077266718
2023-11-19 16:00:00+01:00,9.05,4.5,0.9,4.790473745025035,0.02764144711777365,0.02764144711777365
2023-11-19 17:00:00+01:00,0.0,4.18,0.83,4.18,0.0,0.0
2023-11-19 18:00:00+01:00,0.0,3.95,0.83,3.95,0.0,0.0
2023-11-19 19:00:00+01:00,0.0,3.8,0.9,3.8,0.0,0.0
2023-11-19 20:00:00+01:00,0.0,3.54,0.9,3.54,0.0,0.0
2023-11-19 21:00:00+01:00,0.0,3.49,0.83,3.49,0.0,0.0
2023-11-19 22:00:00+01:00,0.0,3.32,0.83,3.32,0.0,0.0
2023-11-19 23:00:00+01:00,0.0,3.21,0.83,3.21,0.0,0.0
2023-11-20 00:00:00+01:00,0.0,3.14,0.9,3.14,0.0,0.0
2023-11-20 01:00:00+01:00,0.0,2.83,0.83,2.83,0.0,0.0
2023-11-20 02:00:00+01:00,0.0,2.09,0.83,2.09,0.0,0.0
2023-11-20 03:00:00+01:00,0.0,0.83,0.69,0.83,0.0,0.0
2023-11-20 04:00:00+01:00,0.0,-0.2,0.76,-0.2,0.0,0.0
2023-11-20 05:00:00+01:00,0.0,-1.49,0.76,-1.49,0.0,0.0
2023-11-20 06:00:00+01:00,0.0,-2.72,0.76,-2.72,0.0,0.0
2023-11-20 07:00:00+01:00,0.0,-3.51,0.69,-3.51,0.0,0.0
2023-11-20 08:00:00+01:00,26.87,-0.33,0.69,0.57411714827925,0.17291295634070533,0.17291295634070533
2023-11-20 09:00:00+01:00,484.39,-0.88,0.69,15.418671583735984,3.661015424291868,3.661015424291868
2023-11-20 10:00:00+01:00,709.46,0.18,0.69,24.051788314782165,5.205734611909399,5.205734611909399
2023-11-20 11:00:00+01:00,895.73,2.24,0.76,31.901505245311014,5.7,5.7
2023-11-20 12:00:00+01:00,956.23,4.07,0.83,35.240706583390924,5.7,5.7
2023-11-20 13:00:00+01:00,869.2399999999999,4.73,0.9,32.6296020028245,5.7,5.7
2023-11-20 14:00:00+01:00,706.92,5.11,0.9,27.79969058929259,5.119552690333346,5.119552690333346
2023-11-20 15:00:00+01:00,332.1,5.05,0.83,15.875629457708005,2.4986719854625576,2.4986719854625576
2023-11-20 16:00:00+01:00,7.4,4.14,0.69,4.388993929931762,0.014537211643924401,0.014537211643924401
2023-11-20 17:00:00+01:00,0.0,3.01,0.62,3.01,0.0,0.0
2023-11-20 18:00:00+01:00,0.0,1.75,0.62,1.75,0.0,0.0
2023-11-20 19:00:00+01:00,0.0,0.76,0.69,0.76,0.0,0.0
2023-11-20 20:00:00+01:00,0.0,0.25,0.76,0.25,0.0,0.0
2023-11-20 21:00:00+01:00,0.0,0.31,0.83,0.31,0.0,0.0
2023-11-20 22:00:00+01:00,0.0,-0.13,0.9,-0.13,0.0,0.0
2023-11-20 23:00:00+01:00,0.0,-0.46,0.9,-0.46,0.0,0.0
2023-11-21 00:00:00+01:00,0.0,-0.53,0.9,-0.53,0.0,0.0
2023-11-21 01:00:00+01:00,0.0,-0.57,0.83,-0.57,0.0,0.0
2023-11-21 02:00:00+01:00,0.0,-0.66,1.03,-0.66,0.0,0.0
2023-11-21 03:00:00+01:00,0.0,-1.53,1.03,-1.53,0.0,0.0
2023-11-21 04:00:00+01:00,0.0,-2.36,1.03,-2.36,0.0,0.0
2023-11-21 05:00:00+01:00,0.0,-2.85,1.03,-2.85,0.0,0.0
2023-11-21 06:00:00+01:00,0.0,-2.84,1.03,-2.84,0.0,0.0
2023-11-21 07:00:00+01:00,0.0,-3.15,1.1,-3.15,0.0,0.0
2023-11-21 08:00:00+01:00,29.150000000000002,-2.55,1.03,-1.6403473843196483,0.19305021858291635,0.19305021858291635
2023-11-21 09:00:00+01:00,366.33000000000004,-2.73,1.17,8.369967275503898,2.8300993710662605,2.8300993710662605
2023-11-21 10:00:00+01:00,436.15000000000003,-1.49,1.03,12.120462721406014,3.3317427452223125,3.3317427452223125
2023-11-21 11:00:00+01:00,580.94,-1.01,1.1,16.85188660681343,4.370973237893065,4.370973237893065
2023-11-21 12:00:00+01:00,710.1700000000001,-0.6,1.24,20.61075456370066,5.273257345021924,5.273257345021924
2023-11-21 13:00:00+01:00,451.67,-0.18,1.17,13.50580847685651,3.4348582837339965,3.4348582837339965
2023-11-21 14:00:00+01:00,449.64,-0.18,1.17,13.444298544365932,3.4200522805794513,3.4200522805794513
2023-11-21 15:00:00+01:00,288.39,-0.2,1.17,8.538349473378016,2.220298008562946,2.220298008562946
2023-11-21 16:00:00+01:00,8.120000000000001,0.47,0.83,0.7346916928533243,0.021071809215225324,0.021071809215225324
2023-11-21 17:00:00+01:00,0.0,0.0,0.9,0.0,0.0,0.0
2023-11-21 18:00:00+01:00,0.0,-0.51,0.9,-0.51,0.0,0.0
2023-11-21 19:00:00+01:00,0.0,-0.89,1.03,-0.89,0.0,0.0
2023-11-21 20:00:00+01:00,0.0,-1.16,0.9,-1.16,0.0,0.0
2023-11-21 21:00:00+01:00,0.0,-1.41,0.97,-1.41,0.0,0.0
2023-11-21 22:00:00+01:00,0.0,-1.48,0.97,-1.48,0.0,0.0
2023-11-21 23:00:00+01:00,0.0,-1.59,0.97,-1.59,0.0,0.0
2023-11-22 00:00:00+01:00,0.0,-1.72,1.03,-1.72,0.0,0.0
2023-11-22 01:00:00+01:00,0.0,-2.23,1.1,-2.23,0.0,0.0
2023-11-22 02:00:00+01:00,0.0,-2.56,1.1,-2.56,0.0,0.0
2023-11-22 03:00:00+01:00,0.0,-2.47,1.1,-2.47,0.0,0.0
2023-11-22 04:00:00+01:00,0.0,-2.49,1.17,-2.49,0.0,0.0
2023-11-22 05:00:00+01:00,0.0,-2.71,1.17,-2.71,0.0,0.0
2023-11-22 06:00:00+01:00,0.0,-2.55,1.17,-2.55,0.0,0.0
2023-11-22 07:00:00+01:00,0.0,-2.3,1.1,-2.3,0.0,0.0
2023-11-22 08:00:00+01:00,23.46,-1.95,1.1,-1.228686508424548,0.1464157293090737,0.1464157293090737
2023-11-22 09:00:00+01:00,224.84,-2.19,1.17,4.622755281370065,1.7459636017653175,1.7459636017653175
2023-11-22 10:00:00+01:00,382.32,-2.17,1.24,9.248809136958807,2.9460806053011512,2.9460806053011512
2023-11-22 11:00:00+01:00,561.8100000000001,-1.45,1.17,15.573101070212228,4.245372920012176,4.245372920012176
2023-11-22 12:00:00+01:00,705.66,-1.19,1.03,20.830770661440713,5.235927665787343,5.235927665787343
2023-11-22 13:00:00+01:00,760.55,-0.79,1.1,22.594270077481244,5.607260370883545,5.607260370883545
2023-11-22 14:00:00+01:00,640.6099999999999,0.27,0.97,20.520167537016196,4.759493145823467,4.759493145823467
2023-11-22 15:00:00+01:00,404.47999999999996,0.2,0.97,12.985919304057555,3.079271248293804,3.079271248293804
2023-11-22 16:00:00+01:00,5.09,-0.15,0.97,0.010898757065004372,0.0,0.0
2023-11-22 17:00:00+01:00,0.0,-0.8,0.76,-0.8,0.0,0.0
2023-11-22 18:00:00+01:00,0.0,-1.25,0.69,-1.25,0.0,0.0
2023-11-22 19:00:00+01:00,0.0,-1.63,0.69,-1.63,0.0,0.0
2023-11-22 20:00:00+01:00,0.0,-2.29,0.69,-2.29,0.0,0.0
2023-11-22 21:00:00+01:00,0.0,-2.64,0.69,-2.64,0.0,0.0
2023-11-22 22:00:00+01:00,0.0,-2.99,0.41,-2.99,0.0,0.0
2023-11-22 23:00:00+01:00,0.0,-3.51,0.34,-3.51,0.0,0.0
2023-11-23 00:00:00+01:00,0.0,-4.11,0.34,-4.11,0.0,0.0
2023-11-23 01:00:00+01:00,0.0,-4.42,0.41,-4.42,0.0,0.0
2023-11-23 02:00:00+01:00,0.0,-4.85,0.41,-4.85,0.0,0.0
2023-11-23 03:00:00+01:00,0.0,-4.45,0.55,-4.45,0.0,0.0
2023-11-23 04:00:00+01:00,0.0,-3.85,0.62,-3.85,0.0,0.0
2023-11-23 05:00:00+01:00,0.0,-3.25,0.62,-3.25,0.0,0.0
2023-11-23 06:00:00+01:00,0.0,-2.95,0.62,-2.95,0.0,0.0
2023-11-23 07:00:00+01:00,0.0,-3.07,0.69,-3.07,0.0,0.0
2023-11-23 08:00:00+01:00,16.21,-4.28,0.62,-3.7256376022543845,0.08843763131585837,0.08843763131585837
2023-11-23 09:00:00+01:00,556.95,-2.93,0.69,15.810158010202024,4.205232041032787,4.205232041032787
2023-11-23 10:00:00+01:00,802.5200000000001,-0.73,0.76,25.844917876443787,5.7,5.7
2023-11-23 11:00:00+01:00,880.9100000000001,2.08,0.83,30.795462949682502,5.7,5.7
2023-11-23 12:00:00+01:00,946.23,3.74,0.9,34.110715111054056,5.7,5.7
2023-11-23 13:00:00+01:00,841.3199999999999,4.77,0.9,31.77346642701245,5.7,5.7
2023-11-23 14:00:00+01:00,728.53,5.02,0.83,28.768256033797087,5.257529627517397,5.257529627517397
2023-11-23 15:00:00+01:00,459.68,4.8,0.83,19.784418395420705,3.421856915290942,3.421856915290942
2023-11-23 16:00:00+01:00,5.92,4.13,0.76,4.326036876125888,0.00270708507113723,0.00270708507113723
2023-11-23 17:00:00+01:00,0.0,3.16,0.69,3.16,0.0,0.0
2023-11-23 18:00:00+01:00,0.0,2.32,0.76,2.32,0.0,0.0
2023-11-23 19:00:00+01:00,0.0,1.93,0.9,1.93,0.0,0.0
2023-11-23 20:00:00+01:00,0.0,1.27,0.83,1.27,0.0,0.0
2023-11-23 21:00:00+01:00,0.0,1.12,0.83,1.12,0.0,0.0
2023-11-23 22:00:00+01:00,0.0,1.12,0.83,1.12,0.0,0.0
2023-11-23 23:00:00+01:00,0.0,1.2,0.83,1.2,0.0,0.0
2023-11-24 00:00:00+01:00,0.0,1.33,0.9,1.33,0.0,0.0
2023-11-24 01:00:00+01:00,0.0,1.49,1.03,1.49,0.0,0.0
2023-11-24 02:00:00+01:00,0.0,2.57,1.17,2.57,0.0,0.0
2023-11-24 03:00:00+01:00,0.0,2.44,1.24,2.44,0.0,0.0
2023-11-24 04:00:00+01:00,0.0,2.17,1.31,2.17,0.0,0.0
2023-11-24 05:00:00+01:00,0.0,1.84,1.38,1.84,0.0,0.0
2023-11-24 06:00:00+01:00,0.0,1.57,1.45,1.57,0.0,0.0
2023-11-24 07:00:00+01:00,0.0,1.27,1.52,1.27,0.0,0.0
2023-11-24 08:00:00+01:00,15.76,0.5,1.45,0.9513431468010768,0.08281924802227238,0.08281924802227238
2023-11-24 09:00:00+01:00,429.59999999999997,0.19,1.38,12.664157355571557,3.275402155059685,3.275402155059685
2023-11-24 10:00:00+01:00,617.47,0.04,1.45,17.723429749699296,4.63194146712175,4.63194146712175
2023-11-24 11:00:00+01:00,595.85,-0.48,1.52,16.35344257107987,4.490751083964985,4.490751083964985
2023-11-24 12:00:00+01:00,620.75,-1.09,1.79,15.577293172518232,4.690590177800237,4.690590177800237
2023-11-24 13:00:00+01:00,632.67,-1.46,1.93,15.101521627592849,4.788226203790117,4.788226203790117
2023-11-24 14:00:00+01:00,462.42,-1.45,2.07,10.358839903163531,3.554422159436512,3.554422159436512
2023-11-24 15:00:00+01:00,281.81,-1.53,1.79,6.036669172690073,2.187108912764824,2.187108912764824
2023-11-24 16:00:00+01:00,4.4,-2.27,1.79,-2.1518588965620937,0.0,0.0
2023-11-24 17:00:00+01:00,0.0,-1.83,1.52,-1.83,0.0,0.0
2023-11-24 18:00:00+01:00,0.0,-3.52,1.66,-3.52,0.0,0.0
2023-11-24 19:00:00+01:00,0.0,-4.6,1.79,-4.6,0.0,0.0
2023-11-24 20:00:00+01:00,0.0,-4.3,1.66,-4.3,0.0,0.0
2023-11-24 21:00:00+01:00,0.0,-5.35,1.66,-5.35,0.0,0.0
2023-11-24 22:00:00+01:00,0.0,-6.88,1.59,-6.88,0.0,0.0
2023-11-24 23:00:00+01:00,0.0,-7.37,1.59,-7.37,0.0,0.0
2023-11-25 00:00:00+01:00,0.0,-7.65,1.52,-7.65,0.0,0.0
2023-11-25 01:00:00+01:00,0.0,-8.2,1.66,-8.2,0.0,0.0
2023-11-25 02:00:00+01:00,0.0,-8.27,1.79,-8.27,0.0,0.0
2023-11-25 03:00:00+01:00,0.0,-8.49,1.66,-8.49,0.0,0.0
2023-11-25 04:00:00+01:00,0.0,-8.8,1.79,-8.8,0.0,0.0
2023-11-25 05:00:00+01:00,0.0,-8.47,1.52,-8.47,0.0,0.0
2023-11-25 06:00:00+01:00,0.0,-8.44,1.38,-8.44,0.0,0.0
2023-11-25 07:00:00+01:00,0.0,-8.57,1.38,-8.57,0.0,0.0
2023-11-25 08:00:00+01:00,25.669999999999998,-8.61,1.45,-7.874849074975657,0.1688605230082909,0.1688605230082909
2023-11-25 09:00:00+01:00,225.61999999999998,-8.82,1.45,-2.358576092559712,1.7929654320872517,1.7929654320872517
2023-11-25 10:00:00+01:00,332.8,-8.57,1.38,1.0934068154893257,2.6310226057884525,2.6310226057884525
2023-11-25 11:00:00+01:00,430.90999999999997,-7.92,1.38,4.592195405235893,3.374949673431999,3.374949673431999
2023-11-25 12:00:00+01:00,686.64,-7.87,1.38,12.067745359938673,5.248769106920843,5.248769106920843
2023-11-25 13:00:00+01:00,545.16,-6.98,1.66,8.015708910063156,4.225023943140625,4.225023943140625
2023-11-25 14:00:00+01:00,476.13,-7.16,1.66,5.936901613009704,3.714330549188584,3.714330549188584
2023-11-25 15:00:00+01:00,152.32999999999998,-7.46,1.45,-3.097493556331978,1.2005999397176148,1.2005999397176148
2023-11-25 16:00:00+01:00,6.3,-7.9,1.31,-7.7144898175522085,0.007728765461973005,0.007728765461973005
2023-11-25 17:00:00+01:00,0.0,-8.18,1.17,-8.18,0.0,0.0
2023-11-25 18:00:00+01:00,0.0,-8.6,1.24,-8.6,0.0,0.0
2023-11-25 19:00:00+01:00,0.0,-8.92,1.24,-8.92,0.0,0.0
2023-11-25 20:00:00+01:00,0.0,-8.73,1.31,-8.73,0.0,0.0
2023-11-25 21:00:00+01:00,0.0,-8.83,1.31,-8.83,0.0,0.0
2023-11-25 22:00:00+01:00,0.0,-8.94,1.38,-8.94,0.0,0.0
2023-11-25 23:00:00+01:00,0.0,-9.07,1.31,-9.07,0.0,0.0
2023-11-26 00:00:00+01:00,0.0,-9.07,1.31,-9.07,0.0,0.0
2023-11-26 01:00:00+01:00,0.0,-8.98,1.31,-8.98,0.0,0.0
2023-11-26 02:00:00+01:00,0.0,-9.99,1.24,-9.99,0.0,0.0
2023-11-26 03:00:00+01:00,0.0,-10.16,1.24,-10.16,0.0,0.0
2023-11-26 04:00:00+01:00,0.0,-10.23,1.17,-10.23,0.0,0.0
2023-11-26 05:00:00+01:00,0.0,-10.39,1.17,-10.39,0.0,0.0
2023-11-26 06:00:00+01:00,0.0,-10.8,1.1,-10.8,0.0,0.0
2023-11-26 07:00:00+01:00,0.0,-11.04,1.03,-11.04,0.0,0.0
2023-11-26 08:00:00+01:00,28.74,-12.37,1.03,-11.473141812190281,0.19708254118037602,0.19708254118037602
2023-11-26 09:00:00+01:00,328.82,-12.19,0.9,-1.6360136089356772,2.622380426275726,2.622380426275726
2023-11-26 10:00:00+01:00,550.48,-11.29,0.83,6.654271315504676,4.285487794979192,4.285487794979192
2023-11-26 11:00:00+01:00,761.84,-10.05,0.97,14.032339701847334,5.7,5.7
2023-11-26 12:00:00+01:00,882.29,-8.99,1.03,18.542672599952567,5.7,5.7
2023-11-26 13:00:00+01:00,874.4899999999999,-7.98,1.1,18.907529209199357,5.7,5.7
2023-11-26 14:00:00+01:00,755.6700000000001,-6.61,1.1,16.624227032345345,5.68631879431306,5.68631879431306
2023-11-26 15:00:00+01:00,495.63,-5.81,0.97,9.857239875074285,3.817052837065032,3.817052837065032
2023-11-26 16:00:00+01:00,8.6,-6.36,0.76,-6.075216700222529,0.026486683525678893,0.026486683525678893
2023-11-26 17:00:00+01:00,0.0,-7.15,0.69,-7.15,0.0,0.0
2023-11-26 18:00:00+01:00,0.0,-7.89,0.62,-7.89,0.0,0.0
2023-11-26 19:00:00+01:00,0.0,-8.68,0.55,-8.68,0.0,0.0
2023-11-26 20:00:00+01:00,0.0,-8.83,0.48,-8.83,0.0,0.0
2023-11-26 21:00:00+01:00,0.0,-9.67,0.41,-9.67,0.0,0.0
2023-11-26 22:00:00+01:00,0.0,-10.58,0.41,-10.58,0.0,0.0
2023-11-26 23:00:00+01:00,0.0,-11.4,0.34,-11.4,0.0,0.0
2023-11-27 00:00:00+01:00,0.0,-12.39,0.34,-12.39,0.0,0.0
2023-11-27 01:00:00+01:00,0.0,-13.34,0.28,-13.34,0.0,0.0
2023-11-27 02:00:00+01:00,0.0,-13.08,0.28,-13.08,0.0,0.0
2023-11-27 03:00:00+01:00,0.0,-12.84,0.28,-12.84,0.0,0.0
2023-11-27 04:00:00+01:00,0.0,-12.53,0.34,-12.53,0.0,0.0
2023-11-27 05:00:00+01:00,0.0,-12.18,0.34,-12.18,0.0,0.0
2023-11-27 06:00:00+01:00,0.0,-11.92,0.34,-11.92,0.0,0.0
2023-11-27 07:00:00+01:00,0.0,-11.66,0.34,-11.66,0.0,0.0
2023-11-27 08:00:00+01:00,27.94,-11.3,0.28,-10.261924860301987,0.18947362124388176,0.18947362124388176
2023-11-27 09:00:00+01:00,515.62,-10.64,0.34,8.229485025031472,3.9929358613071915,3.9929358613071915
2023-11-27 10:00:00+01:00,735.5899999999999,-8.56,0.28,18.76991023659493,5.495744831404727,5.495744831404727
2023-11-27 11:00:00+01:00,748.3,-5.49,0.14,23.337780688507408,5.503195970036152,5.503195970036152
2023-11-27 12:00:00+01:00,457.45,-3.32,0.28,13.675972535964807,3.477033143144476,3.477033143144476
2023-11-27 13:00:00+01:00,272.09000000000003,-2.74,0.41,7.045861230596596,2.103396281938529,2.103396281938529
2023-11-27 14:00:00+01:00,163.54999999999998,-2.67,0.48,3.112584714600893,1.2656739704315654,1.2656739704315654
2023-11-27 15:00:00+01:00,97.89999999999999,-2.82,0.41,0.7010254492094772,0.746753725508665,0.746753725508665
2023-11-27 16:00:00+01:00,8.57,-3.18,0.48,-2.876993268088477,0.02552276190105709,0.02552276190105709
2023-11-27 17:00:00+01:00,0.0,-3.69,0.48,-3.69,0.0,0.0
2023-11-27 18:00:00+01:00,0.0,-4.21,0.48,-4.21,0.0,0.0
2023-11-27 19:00:00+01:00,0.0,-4.52,0.48,-4.52,0.0,0.0
2023-11-27 20:00:00+01:00,0.0,-4.76,0.07,-4.76,0.0,0.0
2023-11-27 21:00:00+01:00,0.0,-4.8,0.21,-4.8,0.0,0.0
2023-11-27 22:00:00+01:00,0.0,-4.71,0.41,-4.71,0.0,0.0
2023-11-27 23:00:00+01:00,0.0,-4.52,0.55,-4.52,0.0,0.0
2023-11-28 00:00:00+01:00,0.0,-4.51,0.62,-4.51,0.0,0.0
2023-11-28 01:00:00+01:00,0.0,-4.5,0.69,-4.5,0.0,0.0
2023-11-28 02:00:00+01:00,0.0,-4.02,0.83,-4.02,0.0,0.0
2023-11-28 03:00:00+01:00,0.0,-4.23,0.97,-4.23,0.0,0.0
2023-11-28 04:00:00+01:00,0.0,-5.0,1.03,-5.0,0.0,0.0
2023-11-28 05:00:00+01:00,0.0,-5.15,1.03,-5.15,0.0,0.0
2023-11-28 06:00:00+01:00,0.0,-5.52,1.03,-5.52,0.0,0.0
2023-11-28 07:00:00+01:00,0.0,-6.55,1.17,-6.55,0.0,0.0
2023-11-28 08:00:00+01:00,17.099999999999998,-5.27,1.24,-4.759271719392143,0.09620488870541001,0.09620488870541001
2023-11-28 09:00:00+01:00,256.31,-5.36,1.03,2.6383897744435982,2.0086217127552186,2.0086217127552186
2023-11-28 10:00:00+01:00,464.46999999999997,-5.32,1.1,8.96083876521953,3.586937445661364,3.586937445661364
2023-11-28 11:00:00+01:00,438.52000000000004,-5.17,1.24,7.927343018254804,3.3972540767591934,3.3972540767591934
2023-11-28 12:00:00+01:00,361.78999999999996,-5.13,1.31,5.523290302823287,2.8212601587086263,2.8212601587086263
2023-11-28 13:00:00+01:00,321.11000000000007,-4.99,1.31,4.4654245533032615,2.5096136937972524,2.5096136937972524
2023-11-28 14:00:00+01:00,265.29,-5.32,1.52,2.174745287709624,2.083403214313263,2.083403214313263
2023-11-28 15:00:00+01:00,220.01,-5.8,1.66,0.2518121602887131,1.7325710572653996,1.7325710572653996
2023-11-28 16:00:00+01:00,6.85,-6.26,1.72,-6.073680476977978,0.012009011318377824,0.012009011318377824
2023-11-28 17:00:00+01:00,0.0,-6.28,1.45,-6.28,0.0,0.0
2023-11-28 18:00:00+01:00,0.0,-6.65,1.45,-6.65,0.0,0.0
2023-11-28 19:00:00+01:00,0.0,-6.98,1.38,-6.98,0.0,0.0
2023-11-28 20:00:00+01:00,0.0,-6.84,1.24,-6.84,0.0,0.0
2023-11-28 21:00:00+01:00,0.0,-7.06,1.17,-7.06,0.0,0.0
2023-11-28 22:00:00+01:00,0.0,-7.26,1.1,-7.26,0.0,0.0
2023-11-28 23:00:00+01:00,0.0,-7.4,1.03,-7.4,0.0,0.0
2023-11-29 00:00:00+01:00,0.0,-7.92,0.9,-7.92,0.0,0.0
2023-11-29 01:00:00+01:00,0.0,-8.68,0.83,-8.68,0.0,0.0
2023-11-29 02:00:00+01:00,0.0,-10.13,0.76,-10.13,0.0,0.0
2023-11-29 03:00:00+01:00,0.0,-11.3,0.69,-11.3,0.0,0.0
2023-11-29 04:00:00+01:00,0.0,-13.62,0.62,-13.62,0.0,0.0
2023-11-29 05:00:00+01:00,0.0,-14.91,0.62,-14.91,0.0,0.0
2023-11-29 06:00:00+01:00,0.0,-15.88,0.62,-15.88,0.0,0.0
2023-11-29 07:00:00+01:00,0.0,-16.19,0.55,-16.19,0.0,0.0
2023-11-29 08:00:00+01:00,20.27,-13.89,0.55,-13.185250677977889,0.12676850768202302,0.12676850768202302
2023-11-29 09:00:00+01:00,663.9999999999999,-13.89,0.48,9.586834304463423,5.118293030956994,5.118293030956994
2023-11-29 10:00:00+01:00,894.8399999999999,-12.93,0.41,19.253395433816223,5.7,5.7
2023-11-29 11:00:00+01:00,1026.24,-11.03,0.34,26.52599145123986,5.7,5.7
2023-11-29 12:00:00+01:00,1052.0500000000002,-8.95,0.28,30.137578765901804,5.7,5.7
2023-11-29 13:00:00+01:00,974.19,-7.33,0.28,28.864789561288795,5.7,5.7
2023-11-29 14:00:00+01:00,734.66,-6.51,0.28,20.78535727024135,5.451100809686396,5.451100809686396
2023-11-29 15:00:00+01:00,403.12,-6.58,0.14,8.949941134773631,3.110749586917973,3.110749586917973
2023-11-29 16:00:00+01:00,10.15,-7.49,0.14,-7.098977717508553,0.039580086124930525,0.039580086124930525
2023-11-29 17:00:00+01:00,0.0,-8.44,0.21,-8.44,0.0,0.0
2023-11-29 18:00:00+01:00,0.0,-9.27,0.21,-9.27,0.0,0.0
2023-11-29 19:00:00+01:00,0.0,-9.99,0.21,-9.99,0.0,0.0
2023-11-29 20:00:00+01:00,0.0,-9.67,0.21,-9.67,0.0,0.0
2023-11-29 21:00:00+01:00,0.0,-9.49,0.28,-9.49,0.0,0.0
2023-11-29 22:00:00+01:00,0.0,-9.21,0.28,-9.21,0.0,0.0
2023-11-29 23:00:00+01:00,0.0,-8.94,0.34,-8.94,0.0,0.0
2023-11-30 00:00:00+01:00,0.0,-8.53,0.34,-8.53,0.0,0.0
2023-11-30 01:00:00+01:00,0.0,-8.04,0.41,-8.04,0.0,0.0
2023-11-30 02:00:00+01:00,0.0,-8.46,0.34,-8.46,0.0,0.0
2023-11-30 03:00:00+01:00,0.0,-8.35,0.34,-8.35,0.0,0.0
2023-11-30 04:00:00+01:00,0.0,-8.16,0.41,-8.16,0.0,0.0
2023-11-30 05:00:00+01:00,0.0,-8.01,0.48,-8.01,0.0,0.0
2023-11-30 06:00:00+01:00,0.0,-7.75,0.41,-7.75,0.0,0.0
2023-11-30 07:00:00+01:00,0.0,-7.38,0.48,-7.38,0.0,0.0
2023-11-30 08:00:00+01:00,12.31,-7.77,0.62,-7.349012886104347,0.057585129497570935,0.057585129497570935
2023-11-30 09:00:00+01:00,33.03,-7.35,0.69,-6.238612228966742,0.22863552522817998,0.22863552522817998
2023-11-30 10:00:00+01:00,53.56,-6.87,0.69,-5.067822312547948,0.39670837199002035,0.39670837199002035
2023-11-30 11:00:00+01:00,74.69,-6.39,0.48,-3.749209707529558,0.5680340857842155,0.5680340857842155
2023-11-30 12:00:00+01:00,123.96000000000001,-5.76,0.21,-1.0710105763265796,0.9626684061113518,0.9626684061113518
2023-11-30 13:00:00+01:00,144.35,-4.84,0.21,0.620274470048872,1.121589490122642,1.121589490122642
2023-11-30 14:00:00+01:00,98.43,-3.77,0.28,-0.11295862560932068,0.7531162422641335,0.7531162422641335
2023-11-30 15:00:00+01:00,61.91,-3.21,0.28,-0.9098127452145999,0.45873218122918424,0.45873218122918424
2023-11-30 16:00:00+01:00,7.3,-2.95,0.34,-2.682851245718301,0.01508541633056697,0.01508541633056697
2023-11-30 17:00:00+01:00,0.0,-2.89,0.28,-2.89,0.0,0.0
2023-11-30 18:00:00+01:00,0.0,-2.87,0.21,-2.87,0.0,0.0
2023-11-30 19:00:00+01:00,0.0,-2.8,0.14,-2.8,0.0,0.0
2023-11-30 20:00:00+01:00,0.0,-2.97,0.07,-2.97,0.0,0.0
2023-11-30 21:00:00+01:00,0.0,-2.83,0.0,-2.83,0.0,0.0
2023-11-30 22:00:00+01:00,0.0,-2.69,0.0,-2.69,0.0,0.0
2023-11-30 23:00:00+01:00,0.0,-2.63,0.0,-2.63,0.0,0.0
2023-12-01 00:00:00+01:00,0.0,-2.6,0.07,-2.6,0.0,0.0
2023-12-01 01:00:00+01:00,0.0,-2.66,0.07,-2.66,0.0,0.0
2023-12-01 02:00:00+01:00,0.0,-2.77,0.14,-2.77,0.0,0.0
2023-12-01 03:00:00+01:00,0.0,-2.77,0.14,-2.77,0.0,0.0
2023-12-01 04:00:00+01:00,0.0,-2.72,0.14,-2.72,0.0,0.0
2023-12-01 05:00:00+01:00,0.0,-2.58,0.21,-2.58,0.0,0.0
2023-12-01 06:00:00+01:00,0.0,-2.55,0.21,-2.55,0.0,0.0
2023-12-01 07:00:00+01:00,0.0,-2.45,0.21,-2.45,0.0,0.0
2023-12-01 08:00:00+01:00,13.38,-2.39,0.21,-1.8838796507845244,0.06456174791402113,0.06456174791402113
2023-12-01 09:00:00+01:00,52.65,-2.22,0.21,-0.2284277738269962,0.38257337025295485,0.38257337025295485
2023-12-01 10:00:00+01:00,77.72,-1.83,0.14,1.1641134773630846,0.5829078551469128,0.5829078551469128
2023-12-01 11:00:00+01:00,140.25,-1.48,0.34,3.6525496969874403,1.0774934221555974,1.0774934221555974
2023-12-01 12:00:00+01:00,89.63,-0.75,0.55,2.3662645156804114,0.6761198163465049,0.6761198163465049
2023-12-01 13:00:00+01:00,61.51,-0.6,0.48,1.5747892741981104,0.4514999255027928,0.4514999255027928
2023-12-01 14:00:00+01:00,41.5,-0.68,0.48,0.7873021440289641,0.29106163775536953,0.29106163775536953
2023-12-01 15:00:00+01:00,32.19,-0.83,0.55,0.28918503581113975,0.2162064980377006,0.2162064980377006
2023-12-01 16:00:00+01:00,2.92,-0.99,0.41,-0.8849806505445181,0.0,0.0
2023-12-01 17:00:00+01:00,0.0,-1.1,0.41,-1.1,0.0,0.0
2023-12-01 18:00:00+01:00,0.0,-1.32,0.41,-1.32,0.0,0.0
2023-12-01 19:00:00+01:00,0.0,-1.56,0.62,-1.56,0.0,0.0
2023-12-01 20:00:00+01:00,0.0,-2.54,0.55,-2.54,0.0,0.0
2023-12-01 21:00:00+01:00,0.0,-2.47,0.62,-2.47,0.0,0.0
2023-12-01 22:00:00+01:00,0.0,-2.46,0.69,-2.46,0.0,0.0
2023-12-01 23:00:00+01:00,0.0,-2.64,0.76,-2.64,0.0,0.0
2023-12-02 00:00:00+01:00,0.0,-2.74,0.76,-2.74,0.0,0.0
2023-12-02 01:00:00+01:00,0.0,-3.27,0.9,-3.27,0.0,0.0
2023-12-02 02:00:00+01:00,0.0,-3.08,1.03,-3.08,0.0,0.0
2023-12-02 03:00:00+01:00,0.0,-3.69,1.1,-3.69,0.0,0.0
2023-12-02 04:00:00+01:00,0.0,-4.13,1.17,-4.13,0.0,0.0
2023-12-02 05:00:00+01:00,0.0,-4.5,1.24,-4.5,0.0,0.0
2023-12-02 06:00:00+01:00,0.0,-4.9,1.31,-4.9,0.0,0.0
2023-12-02 07:00:00+01:00,0.0,-5.22,1.38,-5.22,0.0,0.0
2023-12-02 08:00:00+01:00,16.72,-5.68,1.45,-5.201163869637436,0.09326820665279449,0.09326820665279449
2023-12-02 09:00:00+01:00,64.0,-5.72,1.52,-3.911926953848935,0.4807141608573037,0.4807141608573037
2023-12-02 10:00:00+01:00,110.57,-5.63,1.72,-2.6225036991905304,0.858536779844827,0.858536779844827
2023-12-02 11:00:00+01:00,208.17999999999998,-5.63,1.66,0.09640450674471257,1.638203873124531,1.638203873124531
2023-12-02 12:00:00+01:00,195.41000000000003,-5.8,1.72,-0.48486160675428636,1.5382826189524104,1.5382826189524104
2023-12-02 13:00:00+01:00,226.03,-5.96,1.66,0.2574042206720515,1.7809707754499058,1.7809707754499058
2023-12-02 14:00:00+01:00,333.03,-6.15,1.72,2.9083928105144032,2.617258276524613,2.617258276524613
2023-12-02 15:00:00+01:00,209.72,-6.58,1.72,-0.8756306031856562,1.6558911172665705,1.6558911172665705
2023-12-02 16:00:00+01:00,7.33,-7.21,1.59,-7.00568285965949,0.016158432973843204,0.016158432973843204
2023-12-02 17:00:00+01:00,0.0,-8.06,1.52,-8.06,0.0,0.0
2023-12-02 18:00:00+01:00,0.0,-8.6,1.45,-8.6,0.0,0.0
2023-12-02 19:00:00+01:00,0.0,-9.16,1.38,-9.16,0.0,0.0
2023-12-02 20:00:00+01:00,0.0,-9.62,1.24,-9.62,0.0,0.0
2023-12-02 21:00:00+01:00,0.0,-10.19,1.24,-10.19,0.0,0.0
2023-12-02 22:00:00+01:00,0.0,-10.5,1.24,-10.5,0.0,0.0
2023-12-02 23:00:00+01:00,0.0,-11.0,1.1,-11.0,0.0,0.0
2023-12-03 00:00:00+01:00,0.0,-11.51,0.97,-11.51,0.0,0.0
2023-12-03 01:00:00+01:00,0.0,-11.72,0.9,-11.72,0.0,0.0
2023-12-03 02:00:00+01:00,0.0,-13.66,0.76,-13.66,0.0,0.0
2023-12-03 03:00:00+01:00,0.0,-14.31,0.76,-14.31,0.0,0.0
2023-12-03 04:00:00+01:00,0.0,-15.76,0.62,-15.76,0.0,0.0
2023-12-03 05:00:00+01:00,0.0,-17.12,0.62,-17.12,0.0,0.0
2023-12-03 06:00:00+01:00,0.0,-17.87,0.62,-17.87,0.0,0.0
2023-12-03 07:00:00+01:00,0.0,-19.08,0.55,-19.08,0.0,0.0
2023-12-03 08:00:00+01:00,19.790000000000003,-16.91,0.48,-16.210291339028117,0.12427296864461404,0.12427296864461404
2023-12-03 09:00:00+01:00,611.53,-16.73,0.48,4.891669400916442,4.78808248318715,4.78808248318715
2023-12-03 10:00:00+01:00,854.85,-15.59,0.48,14.634656333088195,5.7,5.7
2023-12-03 11:00:00+01:00,1031.7,-13.62,0.41,23.485637956582416,5.7,5.7
2023-12-03 12:00:00+01:00,1054.43,-10.76,0.34,27.827624791404396,5.7,5.7
2023-12-03 13:00:00+01:00,976.1500000000001,-8.78,0.28,27.48761086672215,5.7,5.7
2023-12-03 14:00:00+01:00,772.03,-7.91,0.21,21.293295456264847,5.7,5.7
2023-12-03 15:00:00+01:00,518.15,-8.29,0.14,11.671398588467348,3.9668157435757356,3.9668157435757356
2023-12-03 16:00:00+01:00,6.640000000000001,-9.26,0.07,-8.999391180118373,0.010779008488647686,0.010779008488647686
2023-12-03 17:00:00+01:00,0.0,-10.48,0.14,-10.48,0.0,0.0
2023-12-03 18:00:00+01:00,0.0,-11.69,0.07,-11.69,0.0,0.0
2023-12-03 19:00:00+01:00,0.0,-12.62,0.07,-12.62,0.0,0.0
2023-12-03 20:00:00+01:00,0.0,-13.33,0.0,-13.33,0.0,0.0
2023-12-03 21:00:00+01:00,0.0,-13.91,0.07,-13.91,0.0,0.0
2023-12-03 22:00:00+01:00,0.0,-14.22,0.14,-14.22,0.0,0.0
2023-12-03 23:00:00+01:00,0.0,-14.35,0.21,-14.35,0.0,0.0
2023-12-04 00:00:00+01:00,0.0,-14.24,0.28,-14.24,0.0,0.0
2023-12-04 01:00:00+01:00,0.0,-14.46,0.34,-14.46,0.0,0.0
2023-12-04 02:00:00+01:00,0.0,-16.6,0.28,-16.6,0.0,0.0
2023-12-04 03:00:00+01:00,0.0,-18.2,0.21,-18.2,0.0,0.0
2023-12-04 04:00:00+01:00,0.0,-18.31,0.28,-18.31,0.0,0.0
2023-12-04 05:00:00+01:00,0.0,-17.48,0.34,-17.48,0.0,0.0
2023-12-04 06:00:00+01:00,0.0,-16.49,0.41,-16.49,0.0,0.0
2023-12-04 07:00:00+01:00,0.0,-15.64,0.48,-15.64,0.0,0.0
2023-12-04 08:00:00+01:00,22.13,-13.84,0.55,-13.070582017940337,0.14242703513605842,0.14242703513605842
2023-12-04 09:00:00+01:00,146.36999999999998,-12.84,0.62,-7.834323000738695,1.1700218067669461,1.1700218067669461
2023-12-04 10:00:00+01:00,261.77000000000004,-11.96,0.69,-3.1520079678057566,2.091381256692368,2.091381256692368
2023-12-04 11:00:00+01:00,452.73,-11.13,0.9,3.401069456926436,3.5605795129503224,3.5605795129503224
2023-12-04 12:00:00+01:00,381.45,-10.49,1.03,1.4134988079337933,3.0163464946216707,3.0163464946216707
2023-12-04 13:00:00+01:00,214.08,-10.21,1.03,-3.529436296231574,1.7058351149984687,1.7058351149984687
2023-12-04 14:00:00+01:00,124.47,-9.88,0.97,-5.945408979984069,0.9825807998952296,0.9825807998952296
2023-12-04 15:00:00+01:00,48.370000000000005,-9.64,0.9,-8.087490050070613,0.35778494650131054,0.35778494650131054
2023-12-04 16:00:00+01:00,5.72,-9.79,0.83,-9.603542305034356,0.003187614395508807,0.003187614395508807
2023-12-04 17:00:00+01:00,0.0,-9.89,0.76,-9.89,0.0,0.0
2023-12-04 18:00:00+01:00,0.0,-9.84,0.76,-9.84,0.0,0.0
2023-12-04 19:00:00+01:00,0.0,-9.87,0.69,-9.87,0.0,0.0
2023-12-04 20:00:00+01:00,0.0,-10.83,0.55,-10.83,0.0,0.0
2023-12-04 21:00:00+01:00,0.0,-11.15,0.55,-11.15,0.0,0.0
2023-12-04 22:00:00+01:00,0.0,-11.45,0.41,-11.45,0.0,0.0
2023-12-04 23:00:00+01:00,0.0,-11.69,0.34,-11.69,0.0,0.0
2023-12-05 00:00:00+01:00,0.0,-11.94,0.28,-11.94,0.0,0.0
2023-12-05 01:00:00+01:00,0.0,-12.15,0.14,-12.15,0.0,0.0
2023-12-05 02:00:00+01:00,0.0,-11.05,0.07,-11.05,0.0,0.0
2023-12-05 03:00:00+01:00,0.0,-11.22,0.07,-11.22,0.0,0.0
2023-12-05 04:00:00+01:00,0.0,-11.34,0.14,-11.34,0.0,0.0
2023-12-05 05:00:00+01:00,0.0,-11.5,0.21,-11.5,0.0,0.0
2023-12-05 06:00:00+01:00,0.0,-11.49,0.21,-11.49,0.0,0.0
2023-12-05 07:00:00+01:00,0.0,-12.05,0.28,-12.05,0.0,0.0
2023-12-05 08:00:00+01:00,18.41,-12.32,0.21,-11.623611686916524,0.11029217359298621,0.11029217359298621
2023-12-05 09:00:00+01:00,62.05,-11.5,0.34,-9.229235588605556,0.47332350903445874,0.47332350903445874
2023-12-05 10:00:00+01:00,432.64,-10.63,0.41,4.9301271741163255,3.3848123008012565,3.3848123008012565
2023-12-05 11:00:00+01:00,696.88,-9.15,0.55,15.079191294068563,5.27324102024478,5.27324102024478
2023-12-05 12:00:00+01:00,679.1600000000001,-7.09,0.76,15.399933241496242,5.134040665422556,5.134040665422556
2023-12-05 13:00:00+01:00,742.41,-5.8,0.76,18.78441506834799,5.546189944310274,5.546189944310274
2023-12-05 14:00:00+01:00,526.46,-4.77,0.76,12.663373953586948,4.017168318273242,4.017168318273242
2023-12-05 15:00:00+01:00,352.65,-4.86,0.76,6.817771007735508,2.7375312112400465,2.7375312112400465
2023-12-05 16:00:00+01:00,7.74,-5.47,0.69,-5.209565808422724,0.019197221510202762,0.019197221510202762
2023-12-05 17:00:00+01:00,0.0,-6.08,0.69,-6.08,0.0,0.0
2023-12-05 18:00:00+01:00,0.0,-7.08,0.76,-7.08,0.0,0.0
2023-12-05 19:00:00+01:00,0.0,-8.35,0.76,-8.35,0.0,0.0
2023-12-05 20:00:00+01:00,0.0,-8.2,0.76,-8.2,0.0,0.0
2023-12-05 21:00:00+01:00,0.0,-8.68,0.76,-8.68,0.0,0.0
2023-12-05 22:00:00+01:00,0.0,-9.66,0.76,-9.66,0.0,0.0
2023-12-05 23:00:00+01:00,0.0,-10.1,0.76,-10.1,0.0,0.0
2023-12-06 00:00:00+01:00,0.0,-10.87,0.69,-10.87,0.0,0.0
2023-12-06 01:00:00+01:00,0.0,-10.99,0.69,-10.99,0.0,0.0
2023-12-06 02:00:00+01:00,0.0,-10.94,0.69,-10.94,0.0,0.0
2023-12-06 03:00:00+01:00,0.0,-11.39,0.69,-11.39,0.0,0.0
2023-12-06 04:00:00+01:00,0.0,-11.82,0.69,-11.82,0.0,0.0
2023-12-06 05:00:00+01:00,0.0,-13.22,0.69,-13.22,0.0,0.0
2023-12-06 06:00:00+01:00,0.0,-14.47,0.69,-14.47,0.0,0.0
2023-12-06 07:00:00+01:00,0.0,-15.26,0.62,-15.26,0.0,0.0
2023-12-06 08:00:00+01:00,18.310000000000002,-14.72,0.69,-14.103908262560735,0.11063623580055122,0.11063623580055122
2023-12-06 09:00:00+01:00,68.24,-14.34,0.62,-12.006274520532955,0.5298702409914853,0.5298702409914853
2023-12-06 10:00:00+01:00,522.64,-13.01,0.62,4.863655987524281,4.092513254328286,4.092513254328286
2023-12-06 11:00:00+01:00,623.44,-11.61,0.55,10.065822265489189,4.798729790022233,4.798729790022233
2023-12-06 12:00:00+01:00,599.47,-9.88,0.62,10.621149079368555,4.605946522636176,4.605946522636176
2023-12-06 13:00:00+01:00,677.84,-8.63,0.62,14.551308308938195,5.138772301781069,5.138772301781069
2023-12-06 14:00:00+01:00,517.8,-7.38,0.69,10.042845529549524,3.9857646212212274,3.9857646212212274
2023-12-06 15:00:00+01:00,292.57,-7.54,0.69,2.3043451459642794,2.3001129162819303,2.3001129162819303
2023-12-06 16:00:00+01:00,6.96,-8.98,0.62,-8.741976416513912,0.013404036145196965,0.013404036145196965
2023-12-06 17:00:00+01:00,0.0,-10.24,0.55,-10.24,0.0,0.0
2023-12-06 18:00:00+01:00,0.0,-11.87,0.55,-11.87,0.0,0.0
2023-12-06 19:00:00+01:00,0.0,-13.46,0.55,-13.46,0.0,0.0
2023-12-06 20:00:00+01:00,0.0,-13.03,0.69,-13.03,0.0,0.0
2023-12-06 21:00:00+01:00,0.0,-13.47,0.62,-13.47,0.0,0.0
2023-12-06 22:00:00+01:00,0.0,-13.91,0.55,-13.91,0.0,0.0
2023-12-06 23:00:00+01:00,0.0,-14.3,0.55,-14.3,0.0,0.0
2023-12-07 00:00:00+01:00,0.0,-14.77,0.55,-14.77,0.0,0.0
2023-12-07 01:00:00+01:00,0.0,-15.4,0.55,-15.4,0.0,0.0
2023-12-07 02:00:00+01:00,0.0,-16.52,0.48,-16.52,0.0,0.0
2023-12-07 03:00:00+01:00,0.0,-17.13,0.41,-17.13,0.0,0.0
2023-12-07 04:00:00+01:00,0.0,-17.14,0.41,-17.14,0.0,0.0
2023-12-07 05:00:00+01:00,0.0,-17.78,0.48,-17.78,0.0,0.0
2023-12-07 06:00:00+01:00,0.0,-17.92,0.41,-17.92,0.0,0.0
2023-12-07 07:00:00+01:00,0.0,-18.11,0.41,-18.11,0.0,0.0
2023-12-07 08:00:00+01:00,15.17,-16.05,0.28,-15.48637795743669,0.08455798204853826,0.08455798204853826
2023-12-07 09:00:00+01:00,42.87,-15.05,0.28,-13.457219712281537,0.3180629912884382,0.3180629912884382
2023-12-07 10:00:00+01:00,819.9399999999999,-12.77,0.14,18.817666040003697,5.7,5.7
2023-12-07 11:00:00+01:00,991.0799999999999,-9.45,0.21,28.03921940960191,5.7,5.7
2023-12-07 12:00:00+01:00,1019.44,-6.49,0.28,31.385995719890623,5.7,5.7
2023-12-07 13:00:00+01:00,939.8900000000001,-4.84,0.41,28.963642588942758,5.7,5.7
2023-12-07 14:00:00+01:00,698.0699999999999,-4.28,0.48,20.401436329693947,5.187445589484907,5.187445589484907
2023-12-07 15:00:00+01:00,282.97,-4.45,0.34,5.9054908217934825,2.1972096946834223,2.1972096946834223
2023-12-07 16:00:00+01:00,7.5,-4.99,0.28,-4.711347045535608,0.017119584848413024,0.017119584848413024
2023-12-07 17:00:00+01:00,0.0,-5.5,0.34,-5.5,0.0,0.0
2023-12-07 18:00:00+01:00,0.0,-5.79,0.41,-5.79,0.0,0.0
2023-12-07 19:00:00+01:00,0.0,-5.97,0.48,-5.97,0.0,0.0
2023-12-07 20:00:00+01:00,0.0,-5.66,0.48,-5.66,0.0,0.0
2023-12-07 21:00:00+01:00,0.0,-5.62,0.55,-5.62,0.0,0.0
2023-12-07 22:00:00+01:00,0.0,-5.7,0.69,-5.7,0.0,0.0
2023-12-07 23:00:00+01:00,0.0,-5.56,0.76,-5.56,0.0,0.0
2023-12-08 00:00:00+01:00,0.0,-5.43,0.76,-5.43,0.0,0.0
2023-12-08 01:00:00+01:00,0.0,-5.36,0.76,-5.36,0.0,0.0
2023-12-08 02:00:00+01:00,0.0,-5.7,0.83,-5.7,0.0,0.0
2023-12-08 03:00:00+01:00,0.0,-5.73,0.76,-5.73,0.0,0.0
2023-12-08 04:00:00+01:00,0.0,-5.87,0.69,-5.87,0.0,0.0
2023-12-08 05:00:00+01:00,0.0,-5.96,0.55,-5.96,0.0,0.0
2023-12-08 06:00:00+01:00,0.0,-6.03,0.34,-6.03,0.0,0.0
2023-12-08 07:00:00+01:00,0.0,-6.06,0.21,-6.06,0.0,0.0
2023-12-08 08:00:00+01:00,9.39,-6.52,0.28,-6.171126501010581,0.03304540890148159,0.03304540890148159
2023-12-08 09:00:00+01:00,41.36,-6.51,0.21,-4.945490460123163,0.29611438073517304,0.29611438073517304
2023-12-08 10:00:00+01:00,92.77,-6.13,0.14,-2.556094862390976,0.713218417728254,0.713218417728254
2023-12-08 11:00:00+01:00,150.54,-5.41,0.21,0.28442132816873666,1.1727798021164568,1.1727798021164568
2023-12-08 12:00:00+01:00,150.10000000000002,-4.46,0.28,1.11677446201403,1.1659848979840646,1.1659848979840646
2023-12-08 13:00:00+01:00,113.07000000000001,-4.03,0.21,0.2470573905675506,0.8704755042127035,0.8704755042127035
2023-12-08 14:00:00+01:00,72.47,-3.82,0.14,-1.0281394273738709,0.5447090476668794,0.5447090476668794
2023-12-08 15:00:00+01:00,40.22,-3.79,0.14,-2.2405501279008844,0.28389056549765657,0.28389056549765657
2023-12-08 16:00:00+01:00,4.6499999999999995,-3.81,0.21,-3.6341061566627832,0.0,0.0
2023-12-08 17:00:00+01:00,0.0,-3.82,0.41,-3.82,0.0,0.0
2023-12-08 18:00:00+01:00,0.0,-3.66,0.55,-3.66,0.0,0.0
2023-12-08 19:00:00+01:00,0.0,-3.5,0.69,-3.5,0.0,0.0
2023-12-08 20:00:00+01:00,0.0,-3.53,0.76,-3.53,0.0,0.0
2023-12-08 21:00:00+01:00,0.0,-3.44,0.69,-3.44,0.0,0.0
2023-12-08 22:00:00+01:00,0.0,-3.41,0.76,-3.41,0.0,0.0
2023-12-08 23:00:00+01:00,0.0,-3.4,0.83,-3.4,0.0,0.0
2023-12-09 00:00:00+01:00,0.0,-3.27,0.76,-3.27,0.0,0.0
2023-12-09 01:00:00+01:00,0.0,-3.38,0.69,-3.38,0.0,0.0
2023-12-09 02:00:00+01:00,0.0,-3.36,0.69,-3.36,0.0,0.0
2023-12-09 03:00:00+01:00,0.0,-4.42,0.62,-4.42,0.0,0.0
2023-12-09 04:00:00+01:00,0.0,-5.0,0.41,-5.0,0.0,0.0
2023-12-09 05:00:00+01:00,0.0,-5.54,0.48,-5.54,0.0,0.0
2023-12-09 06:00:00+01:00,0.0,-6.32,0.41,-6.32,0.0,0.0
2023-12-09 07:00:00+01:00,0.0,-7.12,0.41,-7.12,0.0,0.0
2023-12-09 08:00:00+01:00,15.48,-9.51,0.21,-8.924443721535459,0.08454606326546071,0.08454606326546071
2023-12-09 09:00:00+01:00,53.96,-9.77,0.14,-7.691225382932165,0.4036919540732009,0.4036919540732009
2023-12-09 10:00:00+01:00,138.14,-8.93,0.21,-3.7046289207305083,1.0870693645594325,1.0870693645594325
2023-12-09 11:00:00+01:00,100.17,-6.81,0.21,-3.0209061748195665,0.7747754378724857,0.7747754378724857
2023-12-09 12:00:00+01:00,104.84,-4.93,0.21,-0.9642557988228346,0.8072949766848171,0.8072949766848171
2023-12-09 13:00:00+01:00,86.56,-4.0,0.34,-0.8322744971748106,0.6586793179500751,0.6586793179500751
2023-12-09 14:00:00+01:00,99.13000000000001,-3.7,0.28,-0.016951016525977636,0.7585320095348305,0.7585320095348305
2023-12-09 15:00:00+01:00,58.01,-3.38,0.41,-1.2936395678381838,0.42763405849754643,0.42763405849754643
2023-12-09 16:00:00+01:00,3.96,-3.71,0.34,-3.565080949732119,0.0,0.0
2023-12-09 17:00:00+01:00,0.0,-3.89,0.34,-3.89,0.0,0.0
2023-12-09 18:00:00+01:00,0.0,-4.0,0.21,-4.0,0.0,0.0
2023-12-09 19:00:00+01:00,0.0,-4.07,0.21,-4.07,0.0,0.0
2023-12-09 20:00:00+01:00,0.0,-4.2,0.14,-4.2,0.0,0.0
2023-12-09 21:00:00+01:00,0.0,-4.01,0.28,-4.01,0.0,0.0
2023-12-09 22:00:00+01:00,0.0,-4.14,0.48,-4.14,0.0,0.0
2023-12-09 23:00:00+01:00,0.0,-4.61,1.03,-4.61,0.0,0.0
2023-12-10 00:00:00+01:00,0.0,-5.57,1.24,-5.57,0.0,0.0
2023-12-10 01:00:00+01:00,0.0,-6.21,1.45,-6.21,0.0,0.0
2023-12-10 02:00:00+01:00,0.0,-5.71,1.31,-5.71,0.0,0.0
2023-12-10 03:00:00+01:00,0.0,-5.6,1.31,-5.6,0.0,0.0
2023-12-10 04:00:00+01:00,0.0,-5.91,1.31,-5.91,0.0,0.0
2023-12-10 05:00:00+01:00,0.0,-6.02,1.38,-6.02,0.0,0.0
2023-12-10 06:00:00+01:00,0.0,-5.84,1.31,-5.84,0.0,0.0
2023-12-10 07:00:00+01:00,0.0,-5.69,1.31,-5.69,0.0,0.0
2023-12-10 08:00:00+01:00,15.0,-4.84,1.24,-4.3919927363088975,0.07876555506115553,0.07876555506115553
2023-12-10 09:00:00+01:00,55.09,-3.93,1.17,-2.260747694135043,0.4052726699051264,0.4052726699051264
2023-12-10 10:00:00+01:00,382.52,-3.75,1.17,7.840531712460761,2.961519276385533,2.961519276385533
2023-12-10 11:00:00+01:00,399.87,-3.87,1.45,7.581686809095596,3.0995811022197257,3.0995811022197257
2023-12-10 12:00:00+01:00,301.17,-3.33,1.24,5.665089840389946,2.3425084420674605,2.3425084420674605
2023-12-10 13:00:00+01:00,559.33,-2.84,1.1,14.357454187676794,4.2440404280757456,4.2440404280757456
2023-12-10 14:00:00+01:00,746.3100000000001,-1.58,0.9,22.37397355244576,5.506951551675916,5.506951551675916
2023-12-10 15:00:00+01:00,398.1000000000001,-1.64,0.69,11.755200473761425,3.042958072970154,3.042958072970154
2023-12-10 16:00:00+01:00,7.710000000000001,-2.43,0.55,-2.161937973715319,0.018336096073482334,0.018336096073482334
2023-12-10 17:00:00+01:00,0.0,-3.21,0.55,-3.21,0.0,0.0
2023-12-10 18:00:00+01:00,0.0,-3.58,0.41,-3.58,0.0,0.0
2023-12-10 19:00:00+01:00,0.0,-3.6,0.34,-3.6,0.0,0.0
2023-12-10 20:00:00+01:00,0.0,-3.62,0.28,-3.62,0.0,0.0
2023-12-10 21:00:00+01:00,0.0,-3.5,0.21,-3.5,0.0,0.0
2023-12-10 22:00:00+01:00,0.0,-3.61,0.41,-3.61,0.0,0.0
2023-12-10 23:00:00+01:00,0.0,-3.86,0.34,-3.86,0.0,0.0
2023-12-11 00:00:00+01:00,0.0,-3.99,0.41,-3.99,0.0,0.0
2023-12-11 01:00:00+01:00,0.0,-4.37,0.48,-4.37,0.0,0.0
2023-12-11 02:00:00+01:00,0.0,-4.74,0.55,-4.74,0.0,0.0
2023-12-11 03:00:00+01:00,0.0,-4.54,0.62,-4.54,0.0,0.0
2023-12-11 04:00:00+01:00,0.0,-4.19,0.69,-4.19,0.0,0.0
2023-12-11 05:00:00+01:00,0.0,-3.93,0.69,-3.93,0.0,0.0
2023-12-11 06:00:00+01:00,0.0,-3.49,0.69,-3.49,0.0,0.0
2023-12-11 07:00:00+01:00,0.0,-2.63,0.76,-2.63,0.0,0.0
2023-12-11 08:00:00+01:00,9.91,-2.41,0.34,-2.0473364171326525,0.036281131862499164,0.036281131862499164
2023-12-11 09:00:00+01:00,36.54,-2.04,0.34,-0.7027923998009193,0.25238242924535037,0.25238242924535037
2023-12-11 10:00:00+01:00,97.46,-1.76,0.48,1.6858618543870565,0.7407044336145197,0.7407044336145197
2023-12-11 11:00:00+01:00,173.91000000000003,-0.81,0.62,5.137511695986431,1.3392783505388044,1.3392783505388044
2023-12-11 12:00:00+01:00,166.54999999999998,-0.03,0.62,5.665808596208037,1.278595717103236,1.278595717103236
2023-12-11 13:00:00+01:00,118.07,0.41,0.76,4.319809791247218,0.8983494372308525,0.8983494372308525
2023-12-11 14:00:00+01:00,169.70000000000002,0.54,0.83,6.0717956006415195,1.3017592086793452,1.3017592086793452
2023-12-11 15:00:00+01:00,132.21,0.77,0.83,5.079715358637685,1.0084088817295482,1.0084088817295482
2023-12-11 16:00:00+01:00,5.2299999999999995,0.51,0.9,0.6778649377327,0.0,0.0
2023-12-11 17:00:00+01:00,0.0,0.53,0.83,0.53,0.0,0.0
2023-12-11 18:00:00+01:00,0.0,0.5,0.83,0.5,0.0,0.0
2023-12-11 19:00:00+01:00,0.0,0.27,0.97,0.27,0.0,0.0
2023-12-11 20:00:00+01:00,0.0,0.28,0.76,0.28,0.0,0.0
2023-12-11 21:00:00+01:00,0.0,0.24,0.76,0.24,0.0,0.0
2023-12-11 22:00:00+01:00,0.0,0.0,0.83,0.0,0.0,0.0
2023-12-11 23:00:00+01:00,0.0,0.17,0.83,0.17,0.0,0.0
2023-12-12 00:00:00+01:00,0.0,0.32,0.76,0.32,0.0,0.0
2023-12-12 01:00:00+01:00,0.0,0.51,0.76,0.51,0.0,0.0
2023-12-12 02:00:00+01:00,0.0,0.56,0.76,0.56,0.0,0.0
2023-12-12 03:00:00+01:00,0.0,0.63,0.83,0.63,0.0,0.0
2023-12-12 04:00:00+01:00,0.0,0.74,0.83,0.74,0.0,0.0
2023-12-12 05:00:00+01:00,0.0,0.76,0.76,0.76,0.0,0.0
2023-12-12 06:00:00+01:00,0.0,0.69,0.62,0.69,0.0,0.0
2023-12-12 07:00:00+01:00,0.0,0.41,0.55,0.41,0.0,0.0
2023-12-12 08:00:00+01:00,11.94,-0.18,0.48,0.2421587373423092,0.052145758843410196,0.052145758843410196
2023-12-12 09:00:00+01:00,47.8,-0.13,0.41,1.5891523643739838,0.3409848987676801,0.3409848987676801
2023-12-12 10:00:00+01:00,349.65000000000003,0.47,0.48,12.832462521921142,2.659738158454481,2.659738158454481
2023-12-12 11:00:00+01:00,421.82,1.85,0.55,16.515878589805993,3.1738829217339886,3.1738829217339886
2023-12-12 12:00:00+01:00,464.6,2.57,0.48,18.996712677490525,3.4680797117883633,3.4680797117883633
2023-12-12 13:00:00+01:00,430.28,2.97,0.41,18.44524852181669,3.2165898350668853,3.2165898350668853
2023-12-12 14:00:00+01:00,571.5799999999999,3.39,0.41,23.947178000604218,4.196607676457273,4.196607676457273
2023-12-12 15:00:00+01:00,264.03999999999996,3.29,0.41,12.786338708981312,2.0009069982676575,2.0009069982676575
2023-12-12 16:00:00+01:00,5.16,2.71,0.34,2.8988339139854205,0.0,0.0
2023-12-12 17:00:00+01:00,0.0,2.22,0.41,2.22,0.0,0.0
2023-12-12 18:00:00+01:00,0.0,1.75,0.34,1.75,0.0,0.0
2023-12-12 19:00:00+01:00,0.0,1.5,0.28,1.5,0.0,0.0
2023-12-12 20:00:00+01:00,0.0,0.74,0.34,0.74,0.0,0.0
2023-12-12 21:00:00+01:00,0.0,0.6,0.34,0.6,0.0,0.0
2023-12-12 22:00:00+01:00,0.0,0.54,0.41,0.54,0.0,0.0
2023-12-12 23:00:00+01:00,0.0,0.46,0.48,0.46,0.0,0.0
2023-12-13 00:00:00+01:00,0.0,0.29,0.48,0.29,0.0,0.0
2023-12-13 01:00:00+01:00,0.0,0.14,0.48,0.14,0.0,0.0
2023-12-13 02:00:00+01:00,0.0,0.31,0.48,0.31,0.0,0.0
2023-12-13 03:00:00+01:00,0.0,-0.02,0.41,-0.02,0.0,0.0
2023-12-13 04:00:00+01:00,0.0,-0.18,0.41,-0.18,0.0,0.0
2023-12-13 05:00:00+01:00,0.0,-0.58,0.55,-0.58,0.0,0.0
2023-12-13 06:00:00+01:00,0.0,-0.61,0.48,-0.61,0.0,0.0
2023-12-13 07:00:00+01:00,0.0,-0.7,0.48,-0.7,0.0,0.0
2023-12-13 08:00:00+01:00,14.1,-1.34,0.48,-0.8414708378118461,0.07005436204576124,0.07005436204576124
2023-12-13 09:00:00+01:00,48.93,-1.35,0.55,0.3512029761490856,0.3516733826726701,0.3516733826726701
2023-12-13 10:00:00+01:00,185.34,-0.86,0.55,5.583919059870662,1.4277919930707046,1.4277919930707046
2023-12-13 11:00:00+01:00,280.05999999999995,0.11,0.55,9.847153188234474,2.1457138572046,2.1457138572046
2023-12-13 12:00:00+01:00,487.35999999999996,0.76,0.69,17.158605633992384,3.661761872143558,3.661761872143558
2023-12-13 13:00:00+01:00,565.16,0.67,0.83,19.09280260258433,4.21973573297886,4.21973573297886
2023-12-13 14:00:00+01:00,479.65000000000003,0.87,0.83,16.50539045284446,3.6116568671162455,3.6116568671162455
2023-12-13 15:00:00+01:00,346.15,0.54,0.69,12.187195789983715,2.63859381230726,2.63859381230726
2023-12-13 16:00:00+01:00,5.9799999999999995,-0.18,0.69,0.021214013647559177,0.003859497965118606,0.003859497965118606
2023-12-13 17:00:00+01:00,0.0,-1.01,0.76,-1.01,0.0,0.0
2023-12-13 18:00:00+01:00,0.0,-1.83,0.69,-1.83,0.0,0.0
2023-12-13 19:00:00+01:00,0.0,-2.63,0.62,-2.63,0.0,0.0
2023-12-13 20:00:00+01:00,0.0,-4.67,0.83,-4.67,0.0,0.0
2023-12-13 21:00:00+01:00,0.0,-4.94,0.76,-4.94,0.0,0.0
2023-12-13 22:00:00+01:00,0.0,-5.32,0.76,-5.32,0.0,0.0
2023-12-13 23:00:00+01:00,0.0,-5.73,0.83,-5.73,0.0,0.0
2023-12-14 00:00:00+01:00,0.0,-5.84,0.83,-5.84,0.0,0.0
2023-12-14 01:00:00+01:00,0.0,-6.05,0.83,-6.05,0.0,0.0
2023-12-14 02:00:00+01:00,0.0,-7.16,0.76,-7.16,0.0,0.0
2023-12-14 03:00:00+01:00,0.0,-7.11,0.9,-7.11,0.0,0.0
2023-12-14 04:00:00+01:00,0.0,-7.07,0.76,-7.07,0.0,0.0
2023-12-14 05:00:00+01:00,0.0,-7.5,0.83,-7.5,0.0,0.0
2023-12-14 06:00:00+01:00,0.0,-7.22,0.83,-7.22,0.0,0.0
2023-12-14 07:00:00+01:00,0.0,-6.99,0.9,-6.99,0.0,0.0
2023-12-14 08:00:00+01:00,10.799999999999999,-5.53,0.83,-5.177947009505431,0.04443249534194914,0.04443249534194914
2023-12-14 09:00:00+01:00,55.44,-5.26,0.83,-3.4527946487945442,0.4098512616965678,0.4098512616965678
2023-12-14 10:00:00+01:00,427.4,-4.61,0.97,8.900437872216674,3.2999257594170555,3.2999257594170555
2023-12-14 11:00:00+01:00,439.56,-3.98,1.1,9.534942811462304,3.387177217905324,3.387177217905324
2023-12-14 12:00:00+01:00,422.81,-3.86,1.17,8.951337219872254,3.2637186729164487,3.2637186729164487
2023-12-14 13:00:00+01:00,469.07,-3.55,1.17,10.663036469632878,3.60209046631956,3.60209046631956
2023-12-14 14:00:00+01:00,235.3,-3.43,1.45,3.308644825018616,1.8369309437003642,1.8369309437003642
2023-12-14 15:00:00+01:00,168.43,-3.03,1.1,2.1486373139835204,1.3088708434342955,1.3088708434342955
2023-12-14 16:00:00+01:00,4.4,-3.21,1.03,-3.0726939448029658,0.0,0.0
2023-12-14 17:00:00+01:00,0.0,-3.23,0.97,-3.23,0.0,0.0
2023-12-14 18:00:00+01:00,0.0,-3.69,1.03,-3.69,0.0,0.0
2023-12-14 19:00:00+01:00,0.0,-3.67,0.97,-3.67,0.0,0.0
2023-12-14 20:00:00+01:00,0.0,-2.85,1.03,-2.85,0.0,0.0
2023-12-14 21:00:00+01:00,0.0,-3.15,1.03,-3.15,0.0,0.0
2023-12-14 22:00:00+01:00,0.0,-3.22,1.03,-3.22,0.0,0.0
2023-12-14 23:00:00+01:00,0.0,-3.32,1.03,-3.32,0.0,0.0
2023-12-15 00:00:00+01:00,0.0,-3.51,1.03,-3.51,0.0,0.0
2023-12-15 01:00:00+01:00,0.0,-3.72,0.97,-3.72,0.0,0.0
2023-12-15 02:00:00+01:00,0.0,-4.7,1.03,-4.7,0.0,0.0
2023-12-15 03:00:00+01:00,0.0,-5.01,1.03,-5.01,0.0,0.0
2023-12-15 04:00:00+01:00,0.0,-5.13,1.03,-5.13,0.0,0.0
2023-12-15 05:00:00+01:00,0.0,-5.15,0.97,-5.15,0.0,0.0
2023-12-15 06:00:00+01:00,0.0,-5.03,0.97,-5.03,0.0,0.0
2023-12-15 07:00:00+01:00,0.0,-5.36,1.03,-5.36,0.0,0.0
2023-12-15 08:00:00+01:00,13.42,-5.36,1.03,-4.941216531649046,0.0659594619430628,0.0659594619430628
2023-12-15 09:00:00+01:00,52.1,-5.67,1.1,-4.068106014020415,0.38333022547379425,0.38333022547379425
2023-12-15 10:00:00+01:00,516.38,-6.16,1.38,8.83396037074032,3.990825862930877,3.990825862930877
2023-12-15 11:00:00+01:00,694.44,-5.84,1.38,14.324231457176708,5.2682149938982565,5.2682149938982565
2023-12-15 12:00:00+01:00,753.14,-5.31,1.31,16.8670061601159,5.662724275387186,5.662724275387186
2023-12-15 13:00:00+01:00,738.6399999999999,-4.37,1.17,18.01113129795047,5.5327054585884134,5.5327054585884134
2023-12-15 14:00:00+01:00,489.19000000000005,-3.49,1.1,11.550892879104662,3.7460267026910246,3.7460267026910246
2023-12-15 15:00:00+01:00,334.3,-3.31,1.03,7.122139602811028,2.5909849058806054,2.5909849058806054
2023-12-15 16:00:00+01:00,6.529999999999999,-4.02,1.03,-3.8162253317189467,0.008976653103190914,0.008976653103190914
2023-12-15 17:00:00+01:00,0.0,-5.27,0.83,-5.27,0.0,0.0
2023-12-15 18:00:00+01:00,0.0,-6.13,0.83,-6.13,0.0,0.0
2023-12-15 19:00:00+01:00,0.0,-6.86,0.69,-6.86,0.0,0.0
2023-12-15 20:00:00+01:00,0.0,-5.57,0.83,-5.57,0.0,0.0
2023-12-15 21:00:00+01:00,0.0,-6.28,0.9,-6.28,0.0,0.0
2023-12-15 22:00:00+01:00,0.0,-7.19,0.62,-7.19,0.0,0.0
2023-12-15 23:00:00+01:00,0.0,-7.48,0.48,-7.48,0.0,0.0
2023-12-16 00:00:00+01:00,0.0,-8.84,0.41,-8.84,0.0,0.0
2023-12-16 01:00:00+01:00,0.0,-8.97,0.41,-8.97,0.0,0.0
2023-12-16 02:00:00+01:00,0.0,-9.38,0.41,-9.38,0.0,0.0
2023-12-16 03:00:00+01:00,0.0,-9.93,0.41,-9.93,0.0,0.0
2023-12-16 04:00:00+01:00,0.0,-9.78,0.41,-9.78,0.0,0.0
2023-12-16 05:00:00+01:00,0.0,-9.69,0.41,-9.69,0.0,0.0
2023-12-16 06:00:00+01:00,0.0,-9.63,0.41,-9.63,0.0,0.0
2023-12-16 07:00:00+01:00,0.0,-9.35,0.41,-9.35,0.0,0.0
2023-12-16 08:00:00+01:00,10.25,-6.97,0.41,-6.60135331098675,0.04027677507061473,0.04027677507061473
2023-12-16 09:00:00+01:00,34.379999999999995,-6.52,0.41,-5.283505056753607,0.23894229582158613,0.23894229582158613
2023-12-16 10:00:00+01:00,777.0799999999999,-5.38,0.41,22.56809454618693,5.7,5.7
2023-12-16 11:00:00+01:00,932.76,-3.72,0.34,30.41502356764353,5.7,5.7
2023-12-16 12:00:00+01:00,963.7,-1.82,0.28,33.98504696231126,5.7,5.7
2023-12-16 13:00:00+01:00,904.1400000000001,-0.66,0.34,32.427654067980214,5.7,5.7
2023-12-16 14:00:00+01:00,720.47,-0.29,0.28,26.478145880394724,5.241651665934702,5.241651665934702
2023-12-16 15:00:00+01:00,476.15,-0.69,0.28,17.00074723576269,3.5791314352117514,3.5791314352117514
2023-12-16 16:00:00+01:00,5.61,-1.37,0.21,-1.1577925890060674,0.0010299861895547192,0.0010299861895547192
2023-12-16 17:00:00+01:00,0.0,-2.24,0.14,-2.24,0.0,0.0
2023-12-16 18:00:00+01:00,0.0,-2.93,0.14,-2.93,0.0,0.0
2023-12-16 19:00:00+01:00,0.0,-3.44,0.14,-3.44,0.0,0.0
2023-12-16 20:00:00+01:00,0.0,-3.71,0.07,-3.71,0.0,0.0
2023-12-16 21:00:00+01:00,0.0,-3.88,0.14,-3.88,0.0,0.0
2023-12-16 22:00:00+01:00,0.0,-3.95,0.14,-3.95,0.0,0.0
2023-12-16 23:00:00+01:00,0.0,-3.91,0.07,-3.91,0.0,0.0
2023-12-17 00:00:00+01:00,0.0,-3.78,0.07,-3.78,0.0,0.0
2023-12-17 01:00:00+01:00,0.0,-3.54,0.07,-3.54,0.0,0.0
2023-12-17 02:00:00+01:00,0.0,-2.95,0.07,-2.95,0.0,0.0
2023-12-17 03:00:00+01:00,0.0,-2.81,0.07,-2.81,0.0,0.0
2023-12-17 04:00:00+01:00,0.0,-2.69,0.07,-2.69,0.0,0.0
2023-12-17 05:00:00+01:00,0.0,-3.25,0.14,-3.25,0.0,0.0
2023-12-17 06:00:00+01:00,0.0,-3.19,0.14,-3.19,0.0,0.0
2023-12-17 07:00:00+01:00,0.0,-2.97,0.14,-2.97,0.0,0.0
2023-12-17 08:00:00+01:00,8.469999999999999,-3.88,0.07,-3.5475667613859363,0.024852175609556566,0.024852175609556566
2023-12-17 09:00:00+01:00,31.86,-3.45,0.07,-2.199548644363157,0.21560249164608888,0.21560249164608888
2023-12-17 10:00:00+01:00,757.72,-2.24,0.14,26.950680186149725,5.502419482251034,5.502419482251034
2023-12-17 11:00:00+01:00,871.88,-0.8,0.28,31.593591725121865,5.7,5.7
2023-12-17 12:00:00+01:00,923.22,0.59,0.28,34.89106408274879,5.7,5.7
2023-12-17 13:00:00+01:00,887.61,1.73,0.28,34.70801985495185,5.7,5.7
2023-12-17 14:00:00+01:00,719.49,2.21,0.21,29.42588415971918,5.180442221871245,5.180442221871245
2023-12-17 15:00:00+01:00,482.46000000000004,2.06,0.14,20.64646407988412,3.5815581649134622,3.5815581649134622
2023-12-17 16:00:00+01:00,5.510000000000001,1.54,0.14,1.752269239066786,0.0,0.0
2023-12-17 17:00:00+01:00,0.0,0.74,0.14,0.74,0.0,0.0
2023-12-17 18:00:00+01:00,0.0,0.14,0.07,0.14,0.0,0.0
2023-12-17 19:00:00+01:00,0.0,-0.15,0.0,-0.15,0.0,0.0
2023-12-17 20:00:00+01:00,0.0,-0.19,0.0,-0.19,0.0,0.0
2023-12-17 21:00:00+01:00,0.0,-0.35,0.07,-0.35,0.0,0.0
2023-12-17 22:00:00+01:00,0.0,-0.53,0.07,-0.53,0.0,0.0
2023-12-17 23:00:00+01:00,0.0,-0.79,0.14,-0.79,0.0,0.0
2023-12-18 00:00:00+01:00,0.0,-1.18,0.14,-1.18,0.0,0.0
2023-12-18 01:00:00+01:00,0.0,-1.63,0.21,-1.63,0.0,0.0
2023-12-18 02:00:00+01:00,0.0,-2.24,0.21,-2.24,0.0,0.0
2023-12-18 03:00:00+01:00,0.0,-2.4,0.21,-2.4,0.0,0.0
2023-12-18 04:00:00+01:00,0.0,-2.52,0.21,-2.52,0.0,0.0
2023-12-18 05:00:00+01:00,0.0,-2.69,0.21,-2.69,0.0,0.0
2023-12-18 06:00:00+01:00,0.0,-2.78,0.21,-2.78,0.0,0.0
2023-12-18 07:00:00+01:00,0.0,-2.8,0.28,-2.8,0.0,0.0
2023-12-18 08:00:00+01:00,9.16,-3.74,0.21,-3.393508041942171,0.030477800002466606,0.030477800002466606
2023-12-18 09:00:00+01:00,30.66,-3.24,0.21,-2.080235432963641,0.20570941043874932,0.20570941043874932
2023-12-18 10:00:00+01:00,811.58,-1.87,0.07,29.983148499929353,5.7,5.7
2023-12-18 11:00:00+01:00,942.1500000000001,-0.38,0.07,36.59780115233057,5.7,5.7
2023-12-18 12:00:00+01:00,975.23,0.77,0.14,38.340114340308816,5.7,5.7
2023-12-18 13:00:00+01:00,912.31,1.72,0.07,37.52663139551313,5.7,5.7
2023-12-18 14:00:00+01:00,755.24,2.11,0.07,31.751898362560247,5.39208622479646,5.39208622479646
2023-12-18 15:00:00+01:00,494.40999999999997,1.88,0.07,21.284760035794463,3.662521210445046,3.662521210445046
2023-12-18 16:00:00+01:00,5.68,1.25,0.07,1.4729304362842834,0.0012098912811490641,0.0012098912811490641
2023-12-18 17:00:00+01:00,0.0,0.35,0.14,0.35,0.0,0.0
2023-12-18 18:00:00+01:00,0.0,-0.41,0.14,-0.41,0.0,0.0
2023-12-18 19:00:00+01:00,0.0,-0.89,0.14,-0.89,0.0,0.0
2023-12-18 20:00:00+01:00,0.0,-1.01,0.21,-1.01,0.0,0.0
2023-12-18 21:00:00+01:00,0.0,-1.45,0.21,-1.45,0.0,0.0
2023-12-18 22:00:00+01:00,0.0,-1.75,0.21,-1.75,0.0,0.0
2023-12-18 23:00:00+01:00,0.0,-1.78,0.21,-1.78,0.0,0.0
2023-12-19 00:00:00+01:00,0.0,-1.94,0.21,-1.94,0.0,0.0
2023-12-19 01:00:00+01:00,0.0,-2.14,0.28,-2.14,0.0,0.0
2023-12-19 02:00:00+01:00,0.0,-2.3,0.34,-2.3,0.0,0.0
2023-12-19 03:00:00+01:00,0.0,-2.4,0.28,-2.4,0.0,0.0
2023-12-19 04:00:00+01:00,0.0,-2.58,0.28,-2.58,0.0,0.0
2023-12-19 05:00:00+01:00,0.0,-2.8,0.21,-2.8,0.0,0.0
2023-12-19 06:00:00+01:00,0.0,-3.08,0.21,-3.08,0.0,0.0
2023-12-19 07:00:00+01:00,0.0,-3.34,0.28,-3.34,0.0,0.0
2023-12-19 08:00:00+01:00,9.739999999999998,-4.05,0.34,-3.693557689492637,0.03531143340255286,0.03531143340255286
2023-12-19 09:00:00+01:00,33.480000000000004,-3.51,0.28,-2.266093211270954,0.22888674601795572,0.22888674601795572
2023-12-19 10:00:00+01:00,832.64,-2.59,0.21,28.905967680924785,5.7,5.7
2023-12-19 11:00:00+01:00,966.86,-1.42,0.14,35.827665423613894,5.7,5.7
2023-12-19 12:00:00+01:00,1006.63,-0.42,0.14,38.35977933244984,5.7,5.7
2023-12-19 13:00:00+01:00,946.28,0.29,0.21,36.08458625228851,5.7,5.7
2023-12-19 14:00:00+01:00,781.8299999999999,0.57,0.21,30.143996459427154,5.6130810033444165,5.6130810033444165
2023-12-19 15:00:00+01:00,514.58,0.12,0.28,19.23856497443824,3.8394854071663937,3.8394854071663937
2023-12-19 16:00:00+01:00,6.16,-0.75,0.34,-0.5245703662499634,0.005407842220594161,0.005407842220594161
2023-12-19 17:00:00+01:00,0.0,-1.81,0.41,-1.81,0.0,0.0
2023-12-19 18:00:00+01:00,0.0,-2.58,0.41,-2.58,0.0,0.0
2023-12-19 19:00:00+01:00,0.0,-3.26,0.41,-3.26,0.0,0.0
2023-12-19 20:00:00+01:00,0.0,-2.87,0.41,-2.87,0.0,0.0
2023-12-19 21:00:00+01:00,0.0,-3.34,0.41,-3.34,0.0,0.0
2023-12-19 22:00:00+01:00,0.0,-3.53,0.48,-3.53,0.0,0.0
2023-12-19 23:00:00+01:00,0.0,-3.64,0.48,-3.64,0.0,0.0
2023-12-20 00:00:00+01:00,0.0,-3.92,0.55,-3.92,0.0,0.0
2023-12-20 01:00:00+01:00,0.0,-4.07,0.69,-4.07,0.0,0.0
2023-12-20 02:00:00+01:00,0.0,-4.04,0.76,-4.04,0.0,0.0
2023-12-20 03:00:00+01:00,0.0,-3.38,0.76,-3.38,0.0,0.0
2023-12-20 04:00:00+01:00,0.0,-3.0,0.83,-3.0,0.0,0.0
2023-12-20 05:00:00+01:00,0.0,-3.1,0.97,-3.1,0.0,0.0
2023-12-20 06:00:00+01:00,0.0,-3.17,0.97,-3.17,0.0,0.0
2023-12-20 07:00:00+01:00,0.0,-3.33,1.03,-3.33,0.0,0.0
2023-12-20 08:00:00+01:00,10.459999999999999,-3.88,0.9,-3.5442701245346,0.04118179681702524,0.04118179681702524
2023-12-20 09:00:00+01:00,48.07,-4.05,0.97,-2.5304708738477877,0.3483254273260882,0.3483254273260882
2023-12-20 10:00:00+01:00,453.07,-4.01,0.97,10.311886024251773,3.482770759771651,3.482770759771651
2023-12-20 11:00:00+01:00,503.37,-3.44,1.03,12.268124773757068,3.84567893901112,3.84567893901112
2023-12-20 12:00:00+01:00,402.30000000000007,-2.77,1.1,9.599327266018943,3.0976470948938335,3.0976470948938335
2023-12-20 13:00:00+01:00,436.91999999999996,-2.82,1.17,10.418876701370792,3.356786745255745,3.356786745255745
2023-12-20 14:00:00+01:00,383.01,-2.77,1.17,8.835378937544693,2.9555234988491503,2.9555234988491503
2023-12-20 15:00:00+01:00,239.13,-3.64,1.31,3.401436496625481,1.8668531515993187,1.8668531515993187
2023-12-20 16:00:00+01:00,6.3,-3.63,1.24,-3.441836949249737,0.0070257861581368665,0.0070257861581368665
2023-12-20 17:00:00+01:00,0.0,-3.4,1.17,-3.4,0.0,0.0
2023-12-20 18:00:00+01:00,0.0,-3.85,1.17,-3.85,0.0,0.0
2023-12-20 19:00:00+01:00,0.0,-4.19,1.24,-4.19,0.0,0.0
2023-12-20 20:00:00+01:00,0.0,-4.25,1.24,-4.25,0.0,0.0
2023-12-20 21:00:00+01:00,0.0,-4.56,1.17,-4.56,0.0,0.0
2023-12-20 22:00:00+01:00,0.0,-4.86,1.1,-4.86,0.0,0.0
2023-12-20 23:00:00+01:00,0.0,-5.23,1.1,-5.23,0.0,0.0
2023-12-21 00:00:00+01:00,0.0,-6.02,0.97,-6.02,0.0,0.0
2023-12-21 01:00:00+01:00,0.0,-6.34,1.03,-6.34,0.0,0.0
2023-12-21 02:00:00+01:00,0.0,-6.54,0.97,-6.54,0.0,0.0
2023-12-21 03:00:00+01:00,0.0,-6.51,0.9,-6.51,0.0,0.0
2023-12-21 04:00:00+01:00,0.0,-6.29,0.9,-6.29,0.0,0.0
2023-12-21 05:00:00+01:00,0.0,-5.68,0.9,-5.68,0.0,0.0
2023-12-21 06:00:00+01:00,0.0,-5.07,0.97,-5.07,0.0,0.0
2023-12-21 07:00:00+01:00,0.0,-4.85,0.97,-4.85,0.0,0.0
2023-12-21 08:00:00+01:00,9.5,-5.29,0.9,-4.985082809089742,0.033661411081778454,0.033661411081778454
2023-12-21 09:00:00+01:00,48.45,-5.18,0.9,-3.6249223263576837,0.3528121019478206,0.3528121019478206
2023-12-21 10:00:00+01:00,342.39000000000004,-4.79,0.9,6.199536525869818,2.662536481216849,2.662536481216849
2023-12-21 11:00:00+01:00,199.61,-4.03,0.97,2.2798233590855643,1.5578704051779109,1.5578704051779109
2023-12-21 12:00:00+01:00,122.25999999999999,-3.08,1.03,0.7352359791794085,0.9431407334682794,0.9431407334682794
2023-12-21 13:00:00+01:00,98.64999999999999,-3.43,1.17,-0.44085968463281944,0.7557382057913686,0.7557382057913686
2023-12-21 14:00:00+01:00,74.19000000000001,-3.01,1.17,-0.7620089204552336,0.5581642883729369,0.5581642883729369
2023-12-21 15:00:00+01:00,33.51,-2.91,1.17,-1.8946316070151625,0.22880695470614354,0.22880695470614354
2023-12-21 16:00:00+01:00,3.38,-3.06,1.24,-2.9590490299149383,0.0,0.0
2023-12-21 17:00:00+01:00,0.0,-3.31,1.31,-3.31,0.0,0.0
2023-12-21 18:00:00+01:00,0.0,-3.47,1.31,-3.47,0.0,0.0
2023-12-21 19:00:00+01:00,0.0,-3.66,1.38,-3.66,0.0,0.0
2023-12-21 20:00:00+01:00,0.0,-2.88,1.31,-2.88,0.0,0.0
2023-12-21 21:00:00+01:00,0.0,-2.98,1.31,-2.98,0.0,0.0
2023-12-21 22:00:00+01:00,0.0,-3.47,1.45,-3.47,0.0,0.0
2023-12-21 23:00:00+01:00,0.0,-3.72,1.45,-3.72,0.0,0.0
2023-12-22 00:00:00+01:00,0.0,-4.06,1.45,-4.06,0.0,0.0
2023-12-22 01:00:00+01:00,0.0,-4.39,1.52,-4.39,0.0,0.0
2023-12-22 02:00:00+01:00,0.0,-4.11,1.45,-4.11,0.0,0.0
2023-12-22 03:00:00+01:00,0.0,-4.28,1.52,-4.28,0.0,0.0
2023-12-22 04:00:00+01:00,0.0,-4.34,1.52,-4.34,0.0,0.0
2023-12-22 05:00:00+01:00,0.0,-4.24,1.38,-4.24,0.0,0.0
2023-12-22 06:00:00+01:00,0.0,-4.22,1.52,-4.22,0.0,0.0
2023-12-22 07:00:00+01:00,0.0,-4.03,1.52,-4.03,0.0,0.0
2023-12-22 08:00:00+01:00,3.92,-3.8,1.79,-3.694747016937138,0.0,0.0
2023-12-22 09:00:00+01:00,24.36,-3.55,1.79,-2.8959278909665014,0.15480309505260587,0.15480309505260587
2023-12-22 10:00:00+01:00,82.23,-3.56,1.86,-1.3801280936525777,0.6247209293259728,0.6247209293259728
2023-12-22 11:00:00+01:00,168.42000000000002,-3.18,2.21,1.018282996480243,1.3137338673130021,1.3137338673130021
2023-12-22 12:00:00+01:00,196.72,-2.58,2.34,2.217393526737811,1.5350683046290041,1.5350683046290041
2023-12-22 13:00:00+01:00,100.69,-2.23,2.28,0.25034250354721754,0.7704486056855885,0.7704486056855885
2023-12-22 14:00:00+01:00,87.02,-2.15,2.14,0.045390235533937506,0.6604224061925431,0.6604224061925431
2023-12-22 15:00:00+01:00,46.97,-2.0,2.14,-0.8150140270853936,0.33723883779108615,0.33723883779108615
2023-12-22 16:00:00+01:00,4.68,-2.3,1.86,-2.175935783513244,0.0,0.0
2023-12-22 17:00:00+01:00,0.0,-2.49,1.86,-2.49,0.0,0.0
2023-12-22 18:00:00+01:00,0.0,-2.47,2.0,-2.47,0.0,0.0
2023-12-22 19:00:00+01:00,0.0,-2.61,1.79,-2.61,0.0,0.0
2023-12-22 20:00:00+01:00,0.0,-2.51,1.93,-2.51,0.0,0.0
2023-12-22 21:00:00+01:00,0.0,-2.6,1.86,-2.6,0.0,0.0
2023-12-22 22:00:00+01:00,0.0,-2.8,1.86,-2.8,0.0,0.0
2023-12-22 23:00:00+01:00,0.0,-2.9,1.86,-2.9,0.0,0.0
2023-12-23 00:00:00+01:00,0.0,-2.82,1.86,-2.82,0.0,0.0
2023-12-23 01:00:00+01:00,0.0,-2.9,1.86,-2.9,0.0,0.0
2023-12-23 02:00:00+01:00,0.0,-3.7,1.79,-3.7,0.0,0.0
2023-12-23 03:00:00+01:00,0.0,-3.83,1.72,-3.83,0.0,0.0
2023-12-23 04:00:00+01:00,0.0,-4.13,1.79,-4.13,0.0,0.0
2023-12-23 05:00:00+01:00,0.0,-4.1,1.93,-4.1,0.0,0.0
2023-12-23 06:00:00+01:00,0.0,-4.62,1.72,-4.62,0.0,0.0
2023-12-23 07:00:00+01:00,0.0,-4.83,1.79,-4.83,0.0,0.0
2023-12-23 08:00:00+01:00,8.74,-4.61,1.66,-4.36958893558964,0.02725555580905841,0.02725555580905841
2023-12-23 09:00:00+01:00,40.06,-4.81,1.66,-3.708070109807891,0.28411791577246664,0.28411791577246664
2023-12-23 10:00:00+01:00,553.2199999999999,-4.57,1.59,10.850508646545283,4.247355403970904,4.247355403970904
2023-12-23 11:00:00+01:00,577.0,-4.34,2.14,10.216885381556907,4.4393529954533095,4.4393529954533095
2023-12-23 12:00:00+01:00,845.37,-3.54,1.79,19.15839650302334,5.7,5.7
2023-12-23 13:00:00+01:00,797.26,-3.02,1.72,18.665416485333797,5.7,5.7
2023-12-23 14:00:00+01:00,677.22,-2.78,1.66,15.848281583522217,5.111670927077906,5.111670927077906
2023-12-23 15:00:00+01:00,429.75999999999993,-2.85,1.52,9.291210504904397,3.3139335448850455,3.3139335448850455
2023-12-23 16:00:00+01:00,7.220000000000001,-3.73,1.52,-3.526026759481083,0.014589647942690053,0.014589647942690053
2023-12-23 17:00:00+01:00,0.0,-4.39,1.45,-4.39,0.0,0.0
2023-12-23 18:00:00+01:00,0.0,-4.21,1.38,-4.21,0.0,0.0
2023-12-23 19:00:00+01:00,0.0,-4.65,1.38,-4.65,0.0,0.0
2023-12-23 20:00:00+01:00,0.0,-2.18,1.38,-2.18,0.0,0.0
2023-12-23 21:00:00+01:00,0.0,-2.6,1.31,-2.6,0.0,0.0
2023-12-23 22:00:00+01:00,0.0,-3.08,1.31,-3.08,0.0,0.0
2023-12-23 23:00:00+01:00,0.0,-3.52,1.17,-3.52,0.0,0.0
2023-12-24 00:00:00+01:00,0.0,-4.07,1.1,-4.07,0.0,0.0
2023-12-24 01:00:00+01:00,0.0,-4.53,1.03,-4.53,0.0,0.0
2023-12-24 02:00:00+01:00,0.0,-4.59,0.97,-4.59,0.0,0.0
2023-12-24 03:00:00+01:00,0.0,-4.82,0.9,-4.82,0.0,0.0
2023-12-24 04:00:00+01:00,0.0,-5.25,0.9,-5.25,0.0,0.0
2023-12-24 05:00:00+01:00,0.0,-4.73,0.9,-4.73,0.0,0.0
2023-12-24 06:00:00+01:00,0.0,-4.37,0.9,-4.37,0.0,0.0
2023-12-24 07:00:00+01:00,0.0,-3.98,0.9,-3.98,0.0,0.0
2023-12-24 08:00:00+01:00,8.15,-3.57,0.97,-3.3123723241493543,0.02217599587659795,0.02217599587659795
2023-12-24 09:00:00+01:00,32.45,-3.32,0.9,-2.2784670689433817,0.22048632133628043,0.22048632133628043
2023-12-24 10:00:00+01:00,776.63,-2.51,0.83,22.806195741462716,5.7,5.7
2023-12-24 11:00:00+01:00,853.55,-1.27,0.83,26.553595373762924,5.7,5.7
2023-12-24 12:00:00+01:00,883.8699999999999,-0.11,0.83,28.701951547077307,5.7,5.7
2023-12-24 13:00:00+01:00,782.95,0.81,0.9,25.939991012967006,5.7,5.7
2023-12-24 14:00:00+01:00,485.92,1.01,0.83,16.849776772326027,3.6547567461512696,3.6547567461512696
2023-12-24 15:00:00+01:00,235.19000000000003,0.79,0.83,8.456605818001645,1.8046888203403795,1.8046888203403795
2023-12-24 16:00:00+01:00,5.34,0.45,0.83,0.6240706453000926,0.0,0.0
2023-12-24 17:00:00+01:00,0.0,0.01,0.83,0.01,0.0,0.0
2023-12-24 18:00:00+01:00,0.0,-0.25,0.83,-0.25,0.0,0.0
2023-12-24 19:00:00+01:00,0.0,-0.52,0.76,-0.52,0.0,0.0
2023-12-24 20:00:00+01:00,0.0,0.16,0.76,0.16,0.0,0.0
2023-12-24 21:00:00+01:00,0.0,0.0,0.76,0.0,0.0,0.0
2023-12-24 22:00:00+01:00,0.0,-0.24,0.69,-0.24,0.0,0.0
2023-12-24 23:00:00+01:00,0.0,-0.4,0.69,-0.4,0.0,0.0
2023-12-25 00:00:00+01:00,0.0,-0.51,0.69,-0.51,0.0,0.0
2023-12-25 01:00:00+01:00,0.0,-0.48,0.69,-0.48,0.0,0.0
2023-12-25 02:00:00+01:00,0.0,-0.2,0.62,-0.2,0.0,0.0
2023-12-25 03:00:00+01:00,0.0,-0.14,0.62,-0.14,0.0,0.0
2023-12-25 04:00:00+01:00,0.0,-0.21,0.69,-0.21,0.0,0.0
2023-12-25 05:00:00+01:00,0.0,-0.32,0.69,-0.32,0.0,0.0
2023-12-25 06:00:00+01:00,0.0,-0.59,0.62,-0.59,0.0,0.0
2023-12-25 07:00:00+01:00,0.0,-1.7,0.62,-1.7,0.0,0.0
2023-12-25 08:00:00+01:00,8.02,-0.08,0.62,0.19427430166069326,0.020375501705911462,0.020375501705911462
2023-12-25 09:00:00+01:00,35.27,-0.03,0.62,1.1761913490738969,0.24033557359296376,0.24033557359296376
2023-12-25 10:00:00+01:00,637.97,0.73,0.62,22.547802522502806,4.706834610816755,4.706834610816755
2023-12-25 11:00:00+01:00,749.39,1.85,0.62,27.47823178572406,5.432118061579588,5.432118061579588
2023-12-25 12:00:00+01:00,869.5799999999999,3.04,0.62,32.77858444365407,5.7,5.7
2023-12-25 13:00:00+01:00,871.64,4.11,0.62,33.91903395255944,5.7,5.7
2023-12-25 14:00:00+01:00,727.9599999999999,4.54,0.55,29.849783742437936,5.2333494267722935,5.2333494267722935
2023-12-25 15:00:00+01:00,486.5799999999999,4.14,0.55,21.057460538210137,3.607131985843103,3.607131985843103
2023-12-25 16:00:00+01:00,6.8100000000000005,3.36,0.55,3.5967707391697377,0.009958235927188136,0.009958235927188136
2023-12-25 17:00:00+01:00,0.0,2.26,0.55,2.26,0.0,0.0
2023-12-25 18:00:00+01:00,0.0,1.21,0.55,1.21,0.0,0.0
2023-12-25 19:00:00+01:00,0.0,0.38,0.48,0.38,0.0,0.0
2023-12-25 20:00:00+01:00,0.0,0.33,0.55,0.33,0.0,0.0
2023-12-25 21:00:00+01:00,0.0,-0.34,0.48,-0.34,0.0,0.0
2023-12-25 22:00:00+01:00,0.0,-0.88,0.48,-0.88,0.0,0.0
2023-12-25 23:00:00+01:00,0.0,-1.38,0.48,-1.38,0.0,0.0
2023-12-26 00:00:00+01:00,0.0,-1.61,0.48,-1.61,0.0,0.0
2023-12-26 01:00:00+01:00,0.0,-2.21,0.55,-2.21,0.0,0.0
2023-12-26 02:00:00+01:00,0.0,-2.35,0.55,-2.35,0.0,0.0
2023-12-26 03:00:00+01:00,0.0,-2.13,0.55,-2.13,0.0,0.0
2023-12-26 04:00:00+01:00,0.0,-1.79,0.62,-1.79,0.0,0.0
2023-12-26 05:00:00+01:00,0.0,-1.76,0.62,-1.76,0.0,0.0
2023-12-26 06:00:00+01:00,0.0,-1.81,0.62,-1.81,0.0,0.0
2023-12-26 07:00:00+01:00,0.0,-1.93,0.62,-1.93,0.0,0.0
2023-12-26 08:00:00+01:00,8.19,-1.31,0.69,-1.0344242856566037,0.02201682144658284,0.02201682144658284
2023-12-26 09:00:00+01:00,26.84,-1.29,0.62,-0.372104456786408,0.1733329157994046,0.1733329157994046
2023-12-26 10:00:00+01:00,606.2099999999999,-0.85,0.62,19.88164892889387,4.514060165330081,4.514060165330081
2023-12-26 11:00:00+01:00,625.12,-0.05,0.62,21.32834806161254,4.6316312928608765,4.6316312928608765
2023-12-26 12:00:00+01:00,410.93,0.76,0.62,14.813309074991109,3.1093934031723025,3.1093934031723025
2023-12-26 13:00:00+01:00,458.7900000000001,1.36,0.69,16.79728717748557,3.4504438176055086,3.4504438176055086
2023-12-26 14:00:00+01:00,478.76000000000005,1.92,0.76,17.773820069937482,3.589321270964688,3.589321270964688
2023-12-26 15:00:00+01:00,448.91,1.76,0.69,16.864846633198294,3.3749723571961088,3.3749723571961088
2023-12-26 16:00:00+01:00,6.529999999999999,1.17,0.62,1.3933181034718611,0.008088239879595217,0.008088239879595217
2023-12-26 17:00:00+01:00,0.0,0.3,0.62,0.3,0.0,0.0
2023-12-26 18:00:00+01:00,0.0,-0.54,0.55,-0.54,0.0,0.0
2023-12-26 19:00:00+01:00,0.0,-1.27,0.55,-1.27,0.0,0.0
2023-12-26 20:00:00+01:00,0.0,-0.57,0.41,-0.57,0.0,0.0
2023-12-26 21:00:00+01:00,0.0,-1.63,0.41,-1.63,0.0,0.0
2023-12-26 22:00:00+01:00,0.0,-2.49,0.41,-2.49,0.0,0.0
2023-12-26 23:00:00+01:00,0.0,-2.57,0.34,-2.57,0.0,0.0
2023-12-27 00:00:00+01:00,0.0,-2.57,0.28,-2.57,0.0,0.0
2023-12-27 01:00:00+01:00,0.0,-2.66,0.34,-2.66,0.0,0.0
2023-12-27 02:00:00+01:00,0.0,-3.27,0.28,-3.27,0.0,0.0
2023-12-27 03:00:00+01:00,0.0,-3.38,0.28,-3.38,0.0,0.0
2023-12-27 04:00:00+01:00,0.0,-3.41,0.28,-3.41,0.0,0.0
2023-12-27 05:00:00+01:00,0.0,-3.47,0.21,-3.47,0.0,0.0
2023-12-27 06:00:00+01:00,0.0,-3.9,0.21,-3.9,0.0,0.0
2023-12-27 07:00:00+01:00,0.0,-4.05,0.14,-4.05,0.0,0.0
2023-12-27 08:00:00+01:00,7.47,-3.06,0.14,-2.7722230098314173,0.016494187480634342,0.016494187480634342
2023-12-27 09:00:00+01:00,29.869999999999997,-3.14,0.14,-1.9892772829537402,0.1991906353924327,0.1991906353924327
2023-12-27 10:00:00+01:00,673.7800000000001,-1.63,0.14,24.32694517212686,4.939915365367611,4.939915365367611
2023-12-27 11:00:00+01:00,843.43,-0.3,0.28,31.03656818452027,5.7,5.7
2023-12-27 12:00:00+01:00,833.0400000000001,1.03,0.34,31.51569839271599,5.7,5.7
2023-12-27 13:00:00+01:00,777.48,1.99,0.41,29.95248075844111,5.585793925291299,5.585793925291299
2023-12-27 14:00:00+01:00,702.92,2.42,0.41,27.700890794262776,5.092442461361496,5.092442461361496
2023-12-27 15:00:00+01:00,452.5,2.11,0.34,18.669563193488887,3.3811022717549957,3.3811022717549957
2023-12-27 16:00:00+01:00,9.19,1.41,0.28,1.7514427535370347,0.02948918157953185,0.02948918157953185
2023-12-27 17:00:00+01:00,0.0,0.43,0.34,0.43,0.0,0.0
2023-12-27 18:00:00+01:00,0.0,-0.31,0.34,-0.31,0.0,0.0
2023-12-27 19:00:00+01:00,0.0,-0.8,0.34,-0.8,0.0,0.0
2023-12-27 20:00:00+01:00,0.0,-2.15,0.14,-2.15,0.0,0.0
2023-12-27 21:00:00+01:00,0.0,-2.43,0.14,-2.43,0.0,0.0
2023-12-27 22:00:00+01:00,0.0,-2.6,0.07,-2.6,0.0,0.0
2023-12-27 23:00:00+01:00,0.0,-2.72,0.07,-2.72,0.0,0.0
2023-12-28 00:00:00+01:00,0.0,-2.8,0.07,-2.8,0.0,0.0
2023-12-28 01:00:00+01:00,0.0,-2.78,0.07,-2.78,0.0,0.0
2023-12-28 02:00:00+01:00,0.0,-3.07,0.07,-3.07,0.0,0.0
2023-12-28 03:00:00+01:00,0.0,-3.74,0.07,-3.74,0.0,0.0
2023-12-28 04:00:00+01:00,0.0,-4.35,0.07,-4.35,0.0,0.0
2023-12-28 05:00:00+01:00,0.0,-4.61,0.07,-4.61,0.0,0.0
2023-12-28 06:00:00+01:00,0.0,-4.76,0.07,-4.76,0.0,0.0
2023-12-28 07:00:00+01:00,0.0,-4.26,0.07,-4.26,0.0,0.0
2023-12-28 08:00:00+01:00,7.54,-3.13,0.14,-2.8395263044349246,0.017080504053401776,0.017080504053401776
2023-12-28 09:00:00+01:00,30.22,-2.9,0.21,-1.756879151472969,0.20186322780238636,0.20186322780238636
2023-12-28 10:00:00+01:00,422.33,-2.28,0.21,13.695321904646624,3.2084159150597835,3.2084159150597835
2023-12-28 11:00:00+01:00,373.43,-1.27,0.21,12.855599552132666,2.842260501535616,2.842260501535616
2023-12-28 12:00:00+01:00,346.24,-0.42,0.14,12.918675378309244,2.6327500464953713,2.6327500464953713
2023-12-28 13:00:00+01:00,262.8,0.0,0.14,10.124202545689895,2.0094536665365244,2.0094536665365244
2023-12-28 14:00:00+01:00,161.16,0.06,0.14,6.268586309982433,1.233369592800577,1.233369592800577
2023-12-28 15:00:00+01:00,119.41,-0.15,0.21,4.366878243633777,0.9088831662092985,0.9088831662092985
2023-12-28 16:00:00+01:00,8.780000000000001,-0.46,0.14,-0.12175609455419606,0.026610742362901608,0.026610742362901608
2023-12-28 17:00:00+01:00,0.0,-0.86,0.14,-0.86,0.0,0.0
2023-12-28 18:00:00+01:00,0.0,-0.95,0.14,-0.95,0.0,0.0
2023-12-28 19:00:00+01:00,0.0,-0.97,0.14,-0.97,0.0,0.0
2023-12-28 20:00:00+01:00,0.0,-1.75,0.07,-1.75,0.0,0.0
2023-12-28 21:00:00+01:00,0.0,-1.85,0.07,-1.85,0.0,0.0
2023-12-28 22:00:00+01:00,0.0,-1.76,0.14,-1.76,0.0,0.0
2023-12-28 23:00:00+01:00,0.0,-1.58,0.21,-1.58,0.0,0.0
2023-12-29 00:00:00+01:00,0.0,-1.51,0.21,-1.51,0.0,0.0
2023-12-29 01:00:00+01:00,0.0,-1.64,0.21,-1.64,0.0,0.0
2023-12-29 02:00:00+01:00,0.0,-1.49,0.21,-1.49,0.0,0.0
2023-12-29 03:00:00+01:00,0.0,-1.4,0.21,-1.4,0.0,0.0
2023-12-29 04:00:00+01:00,0.0,-1.17,0.28,-1.17,0.0,0.0
2023-12-29 05:00:00+01:00,0.0,-0.93,0.28,-0.93,0.0,0.0
2023-12-29 06:00:00+01:00,0.0,-0.87,0.34,-0.87,0.0,0.0
2023-12-29 07:00:00+01:00,0.0,-0.68,0.34,-0.68,0.0,0.0
2023-12-29 08:00:00+01:00,4.88,-1.61,0.21,-1.4254060310783618,0.0,0.0
2023-12-29 09:00:00+01:00,36.68000000000001,-1.73,0.21,-0.34251910244965234,0.2531750639289651,0.2531750639289651
2023-12-29 10:00:00+01:00,64.9,-1.31,0.21,1.1449484801258873,0.4795406774096364,0.4795406774096364
2023-12-29 11:00:00+01:00,205.93,-0.86,0.21,6.929638528695284,1.583592300454358,1.583592300454358
2023-12-29 12:00:00+01:00,286.63,0.31,0.28,10.95937284508382,2.1885974125012155,2.1885974125012155
2023-12-29 13:00:00+01:00,228.32,1.0,0.41,9.21164995468343,1.7464161323373821,1.7464161323373821
2023-12-29 14:00:00+01:00,285.82,1.36,0.48,11.465645754370085,2.1785748992050475,2.1785748992050475
2023-12-29 15:00:00+01:00,134.29,1.43,0.48,6.17804831136505,1.0211025772905122,1.0211025772905122
2023-12-29 16:00:00+01:00,8.290000000000001,1.12,0.48,1.4131068620240992,0.022301069864485268,0.022301069864485268
2023-12-29 17:00:00+01:00,0.0,0.68,0.41,0.68,0.0,0.0
2023-12-29 18:00:00+01:00,0.0,0.25,0.41,0.25,0.0,0.0
2023-12-29 19:00:00+01:00,0.0,0.06,0.41,0.06,0.0,0.0
2023-12-29 20:00:00+01:00,0.0,-0.95,0.28,-0.95,0.0,0.0
2023-12-29 21:00:00+01:00,0.0,-1.21,0.34,-1.21,0.0,0.0
2023-12-29 22:00:00+01:00,0.0,-1.09,0.41,-1.09,0.0,0.0
2023-12-29 23:00:00+01:00,0.0,-1.05,0.48,-1.05,0.0,0.0
2023-12-30 00:00:00+01:00,0.0,-1.1,0.48,-1.1,0.0,0.0
2023-12-30 01:00:00+01:00,0.0,-1.24,0.48,-1.24,0.0,0.0
2023-12-30 02:00:00+01:00,0.0,-1.94,0.48,-1.94,0.0,0.0
2023-12-30 03:00:00+01:00,0.0,-2.08,0.48,-2.08,0.0,0.0
2023-12-30 04:00:00+01:00,0.0,-2.7,0.48,-2.7,0.0,0.0
2023-12-30 05:00:00+01:00,0.0,-3.22,0.48,-3.22,0.0,0.0
2023-12-30 06:00:00+01:00,0.0,-3.78,0.41,-3.78,0.0,0.0
2023-12-30 07:00:00+01:00,0.0,-4.29,0.34,-4.29,0.0,0.0
2023-12-30 08:00:00+01:00,10.02,-5.05,0.28,-4.677719652835572,0.03786772976859069,0.03786772976859069
2023-12-30 09:00:00+01:00,47.379999999999995,-5.57,0.21,-3.777774129609176,0.34423027726509553,0.34423027726509553
2023-12-30 10:00:00+01:00,470.1,-4.66,0.14,13.450302955589116,3.576358135354919,3.576358135354919
2023-12-30 11:00:00+01:00,719.25,-3.61,0.07,24.619351460822333,5.266905957679942,5.266905957679942
2023-12-30 12:00:00+01:00,799.65,-2.1,0.21,28.148067059054938,5.7,5.7
2023-12-30 13:00:00+01:00,909.54,-0.55,0.28,33.24280109380573,5.7,5.7
2023-12-30 14:00:00+01:00,664.0500000000001,0.49,0.41,24.372910618463266,4.867949724515457,4.867949724515457
2023-12-30 15:00:00+01:00,463.82000000000005,0.22,0.41,16.901532419329314,3.487216882564583,3.487216882564583
2023-12-30 16:00:00+01:00,9.639999999999999,-0.53,0.48,-0.18916162244724793,0.033608277490591254,0.033608277490591254
2023-12-30 17:00:00+01:00,0.0,-1.55,0.41,-1.55,0.0,0.0
2023-12-30 18:00:00+01:00,0.0,-2.52,0.41,-2.52,0.0,0.0
2023-12-30 19:00:00+01:00,0.0,-3.24,0.41,-3.24,0.0,0.0
2023-12-30 20:00:00+01:00,0.0,-3.86,0.34,-3.86,0.0,0.0
2023-12-30 21:00:00+01:00,0.0,-4.19,0.41,-4.19,0.0,0.0
2023-12-30 22:00:00+01:00,0.0,-4.36,0.48,-4.36,0.0,0.0
2023-12-30 23:00:00+01:00,0.0,-4.52,0.48,-4.52,0.0,0.0
2023-12-31 00:00:00+01:00,0.0,-4.57,0.55,-4.57,0.0,0.0
2023-12-31 01:00:00+01:00,0.0,-4.46,0.55,-4.46,0.0,0.0
2023-12-31 02:00:00+01:00,0.0,-4.78,0.62,-4.78,0.0,0.0
2023-12-31 03:00:00+01:00,0.0,-4.63,0.69,-4.63,0.0,0.0
2023-12-31 04:00:00+01:00,0.0,-4.61,0.76,-4.61,0.0,0.0
2023-12-31 05:00:00+01:00,0.0,-4.61,0.76,-4.61,0.0,0.0
2023-12-31 06:00:00+01:00,0.0,-4.54,0.83,-4.54,0.0,0.0
2023-12-31 07:00:00+01:00,0.0,-4.42,0.83,-4.42,0.0,0.0
2023-12-31 08:00:00+01:00,9.71,-4.21,0.69,-3.883279586535485,0.03511323738144262,0.03511323738144262
2023-12-31 09:00:00+01:00,46.11,-4.31,0.69,-2.758498633898168,0.332589074490262,0.332589074490262
2023-12-31 10:00:00+01:00,263.76,-4.18,0.83,4.417916367856259,2.0558766979237486,2.0558766979237486
2023-12-31 11:00:00+01:00,375.08000000000004,-3.74,0.9,8.298772628065223,2.8990025290276025,2.8990025290276025
2023-12-31 12:00:00+01:00,399.53000000000003,-3.15,0.97,9.479446053080785,3.077395548658554,3.077395548658554
2023-12-31 13:00:00+01:00,392.44,-2.74,0.9,9.855968673770702,3.018563833340121,3.018563833340121
2023-12-31 14:00:00+01:00,173.37,-2.17,0.76,3.5710326374907284,1.3420450955715628,1.3420450955715628
2023-12-31 15:00:00+01:00,83.06,-2.15,0.55,0.7378381197413253,0.6268857596204902,0.6268857596204902
2023-12-31 16:00:00+01:00,6.85,-2.42,0.48,-2.177806754539797,0.011312077358397371,0.011312077358397371
2023-12-31 17:00:00+01:00,0.0,-2.92,0.07,-2.92,0.0,0.0
2023-12-31 18:00:00+01:00,0.0,-3.2,0.48,-3.2,0.0,0.0
2023-12-31 19:00:00+01:00,0.0,-3.38,0.62,-3.38,0.0,0.0
2023-12-31 20:00:00+01:00,0.0,-3.85,0.62,-3.85,0.0,0.0
2023-12-31 21:00:00+01:00,0.0,-4.05,0.76,-4.05,0.0,0.0
2023-12-31 22:00:00+01:00,0.0,-4.54,0.76,-4.54,0.0,0.0
2023-12-31 23:00:00+01:00,0.0,-5.25,0.62,-5.25,0.0,0.0
2024-01-01 00:00:00+01:00,0.0,-7.21,0.62,-7.21,0.0,0.0
