time,poa_direct,poa_sky_diffuse,poa_ground_diffuse,solar_elevation,temp_air,wind_speed,Int
2023-01-01 00:30:00+00:00,0.0,0.0,0.0,0.0,-3.68,0.34,0
2023-01-01 01:30:00+00:00,0.0,0.0,0.0,0.0,-3.36,0.34,0
2023-01-01 02:30:00+00:00,0.0,0.0,0.0,0.0,-3.09,0.34,0
2023-01-01 03:30:00+00:00,0.0,0.0,0.0,0.0,-3.61,0.34,0
2023-01-01 04:30:00+00:00,0.0,0.0,0.0,0.0,-4.58,0.28,0
2023-01-01 05:30:00+00:00,0.0,0.0,0.0,0.0,-4.28,0.28,0
2023-01-01 06:30:00+00:00,0.0,0.0,0.0,0.0,-4.63,0.28,0
2023-01-01 07:30:00+00:00,0.0,7.79,0.61,1.76,-4.88,0.34,0
2023-01-01 08:30:00+00:00,0.0,37.98,2.97,9.37,-4.68,0.28,0
2023-01-01 09:30:00+00:00,131.88,120.93,7.75,15.34,-3.52,0.41,0
2023-01-01 10:30:00+00:00,232.53,162.04,10.92,19.21,-2.3,0.41,0
2023-01-01 11:30:00+00:00,271.65,169.42,11.85,20.59,-1.39,0.41,0
2023-01-01 12:30:00+00:00,266.45,170.08,11.52,19.34,-0.37,0.41,0
2023-01-01 13:30:00+00:00,186.86,131.81,8.5,15.59,0.05,0.41,0
2023-01-01 14:30:00+00:00,140.34,77.99,4.68,9.71,0.17,0.41,0
2023-01-01 15:30:00+00:00,0.0,8.97,0.7,2.17,-0.72,0.41,0
2023-01-01 16:30:00+00:00,0.0,0.0,0.0,0.0,-1.59,0.41,0
2023-01-01 17:30:00+00:00,0.0,0.0,0.0,0.0,-2.31,0.41,0
2023-01-01 18:30:00+00:00,0.0,0.0,0.0,0.0,-2.88,0.41,0
2023-01-01 19:30:00+00:00,0.0,0.0,0.0,0.0,-2.31,0.41,0
2023-01-01 20:30:00+00:00,0.0,0.0,0.0,0.0,-3.02,0.48,0
2023-01-01 21:30:00+00:00,0.0,0.0,0.0,0.0,-3.61,0.48,0
2023-01-01 22:30:00+00:00,0.0,0.0,0.0,0.0,-3.4,0.48,0
2023-01-01 23:30:00+00:00,0.0,0.0,0.0,0.0,-3.68,0.48,0
2023-01-02 00:30:00+00:00,0.0,0.0,0.0,0.0,-3.89,0.48,0
2023-01-02 01:30:00+00:00,0.0,0.0,0.0,0.0,-4.24,0.48,0
2023-01-02 02:30:00+00:00,0.0,0.0,0.0,0.0,-4.68,0.48,0
2023-01-02 03:30:00+00:00,0.0,0.0,0.0,0.0,-4.39,0.48,0
2023-01-02 04:30:00+00:00,0.0,0.0,0.0,0.0,-4.3,0.48,0
2023-01-02 05:30:00+00:00,0.0,0.0,0.0,0.0,-4.16,0.48,0
2023-01-02 06:30:00+00:00,0.0,0.0,0.0,0.0,-4.09,0.48,0
2023-01-02 07:30:00+00:00,0.0,7.21,0.57,1.77,-3.05,0.55,0
2023-01-02 08:30:00+00:00,0.0,37.18,2.91,9.4,-2.79,0.55,0
2023-01-02 09:30:00+00:00,118.08,115.38,7.46,15.39,-1.93,0.55,0
2023-01-02 10:30:00+00:00,200.94,153.39,10.36,19.27,-1.05,0.62,0
2023-01-02 11:30:00+00:00,202.6,168.42,11.34,20.68,-0.27,0.69,0
2023-01-02 12:30:00+00:00,168.84,156.96,10.39,19.44,-0.02,0.69,0
2023-01-02 13:30:00+00:00,88.28,126.28,8.03,15.71,0.55,0.48,0
2023-01-02 14:30:00+00:00,43.78,63.59,4.0,9.84,0.56,0.48,0
2023-01-02 15:30:00+00:00,0.0,11.01,0.86,2.3,0.31,0.41,0
2023-01-02 16:30:00+00:00,0.0,0.0,0.0,0.0,-0.29,0.21,0
2023-01-02 17:30:00+00:00,0.0,0.0,0.0,0.0,-0.76,0.21,0
2023-01-02 18:30:00+00:00,0.0,0.0,0.0,0.0,-1.33,0.14,0
2023-01-02 19:30:00+00:00,0.0,0.0,0.0,0.0,-1.55,0.0,0
2023-01-02 20:30:00+00:00,0.0,0.0,0.0,0.0,-1.94,0.07,0
2023-01-02 21:30:00+00:00,0.0,0.0,0.0,0.0,-2.25,0.0,0
2023-01-02 22:30:00+00:00,0.0,0.0,0.0,0.0,-2.24,0.0,0
2023-01-02 23:30:00+00:00,0.0,0.0,0.0,0.0,-2.07,0.07,0
2023-01-03 00:30:00+00:00,0.0,0.0,0.0,0.0,-1.78,0.07,0
2023-01-03 01:30:00+00:00,0.0,0.0,0.0,0.0,-1.03,0.07,0
2023-01-03 02:30:00+00:00,0.0,0.0,0.0,0.0,-0.96,0.07,0
2023-01-03 03:30:00+00:00,0.0,0.0,0.0,0.0,-0.96,0.07,0
2023-01-03 04:30:00+00:00,0.0,0.0,0.0,0.0,-1.05,0.07,0
2023-01-03 05:30:00+00:00,0.0,0.0,0.0,0.0,-1.01,0.14,0
2023-01-03 06:30:00+00:00,0.0,0.0,0.0,0.0,-1.16,0.14,0
2023-01-03 07:30:00+00:00,0.0,5.74,0.45,1.78,-1.39,0.14,0
2023-01-03 08:30:00+00:00,0.0,33.54,2.63,9.43,-1.28,0.14,0
2023-01-03 09:30:00+00:00,25.76,73.99,4.98,15.44,-0.9,0.14,0
2023-01-03 10:30:00+00:00,43.64,124.29,8.26,19.34,-0.44,0.21,0
2023-01-03 11:30:00+00:00,24.77,114.87,7.71,20.77,0.48,0.41,0
2023-01-03 12:30:00+00:00,29.65,107.4,7.21,19.55,0.86,0.48,0
2023-01-03 13:30:00+00:00,1.12,76.15,5.08,15.83,1.09,0.48,0
2023-01-03 14:30:00+00:00,24.71,51.37,3.35,9.97,0.98,0.55,0
2023-01-03 15:30:00+00:00,0.0,9.89,0.77,2.44,0.92,0.55,0
2023-01-03 16:30:00+00:00,0.0,0.0,0.0,0.0,0.5,0.41,0
2023-01-03 17:30:00+00:00,0.0,0.0,0.0,0.0,0.0,0.41,0
2023-01-03 18:30:00+00:00,0.0,0.0,0.0,0.0,-0.55,0.41,0
2023-01-03 19:30:00+00:00,0.0,0.0,0.0,0.0,-1.26,0.28,0
2023-01-03 20:30:00+00:00,0.0,0.0,0.0,0.0,-2.34,0.28,0
2023-01-03 21:30:00+00:00,0.0,0.0,0.0,0.0,-3.12,0.28,0
2023-01-03 22:30:00+00:00,0.0,0.0,0.0,0.0,-3.8,0.28,0
2023-01-03 23:30:00+00:00,0.0,0.0,0.0,0.0,-4.79,0.21,0
2023-01-04 00:30:00+00:00,0.0,0.0,0.0,0.0,-6.34,0.28,0
2023-01-04 01:30:00+00:00,0.0,0.0,0.0,0.0,-7.26,0.34,0
2023-01-04 02:30:00+00:00,0.0,0.0,0.0,0.0,-7.95,0.34,0
2023-01-04 03:30:00+00:00,0.0,0.0,0.0,0.0,-8.13,0.34,0
2023-01-04 04:30:00+00:00,0.0,0.0,0.0,0.0,-8.11,0.34,0
2023-01-04 05:30:00+00:00,0.0,0.0,0.0,0.0,-8.12,0.34,0
2023-01-04 06:30:00+00:00,0.0,0.0,0.0,0.0,-8.1,0.41,0
2023-01-04 07:30:00+00:00,0.0,10.05,0.79,1.8,-8.4,0.41,0
2023-01-04 08:30:00+00:00,0.0,43.66,3.42,9.46,-7.7,0.34,0
2023-01-04 09:30:00+00:00,387.89,179.53,11.53,15.49,-5.96,0.34,0
2023-01-04 10:30:00+00:00,459.07,228.73,15.31,19.42,-3.6,0.34,0
2023-01-04 11:30:00+00:00,466.54,209.52,15.32,20.87,-1.18,0.41,0
2023-01-04 12:30:00+00:00,351.92,218.15,14.13,19.67,0.14,0.48,0
2023-01-04 13:30:00+00:00,157.74,170.07,10.23,15.96,0.68,0.48,0
2023-01-04 14:30:00+00:00,117.7,101.64,5.74,10.11,0.43,0.55,0
2023-01-04 15:30:00+00:00,0.0,12.92,1.01,2.58,0.0,0.62,0
2023-01-04 16:30:00+00:00,0.0,0.0,0.0,0.0,-0.66,0.69,0
2023-01-04 17:30:00+00:00,0.0,0.0,0.0,0.0,-1.19,0.69,0
2023-01-04 18:30:00+00:00,0.0,0.0,0.0,0.0,-1.57,0.69,0
2023-01-04 19:30:00+00:00,0.0,0.0,0.0,0.0,-0.23,0.69,0
2023-01-04 20:30:00+00:00,0.0,0.0,0.0,0.0,-0.69,0.69,0
2023-01-04 21:30:00+00:00,0.0,0.0,0.0,0.0,-1.03,0.69,0
2023-01-04 22:30:00+00:00,0.0,0.0,0.0,0.0,-1.46,0.69,0
2023-01-04 23:30:00+00:00,0.0,0.0,0.0,0.0,-1.6,0.62,0
2023-01-05 00:30:00+00:00,0.0,0.0,0.0,0.0,-1.62,0.69,0
2023-01-05 01:30:00+00:00,0.0,0.0,0.0,0.0,-1.55,0.69,0
2023-01-05 02:30:00+00:00,0.0,0.0,0.0,0.0,-1.54,0.69,0
2023-01-05 03:30:00+00:00,0.0,0.0,0.0,0.0,-1.62,0.69,0
2023-01-05 04:30:00+00:00,0.0,0.0,0.0,0.0,-1.75,0.76,0
2023-01-05 05:30:00+00:00,0.0,0.0,0.0,0.0,-1.93,0.76,0
2023-01-05 06:30:00+00:00,0.0,0.0,0.0,0.0,-2.01,0.83,0
2023-01-05 07:30:00+00:00,0.0,7.75,0.61,1.83,-1.91,0.76,0
2023-01-05 08:30:00+00:00,0.0,39.09,3.06,9.51,-2.55,0.83,0
2023-01-05 09:30:00+00:00,119.26,132.54,8.35,15.56,-1.58,0.83,0
2023-01-05 10:30:00+00:00,207.31,172.9,11.35,19.51,-0.69,0.9,0
2023-01-05 11:30:00+00:00,249.5,189.26,12.66,20.98,0.1,0.97,0
2023-01-05 12:30:00+00:00,248.39,195.17,12.6,19.8,0.5,1.03,0
2023-01-05 13:30:00+00:00,300.64,159.07,10.43,16.1,0.82,0.97,0
2023-01-05 14:30:00+00:00,175.44,102.31,5.86,10.25,1.41,0.9,0
2023-01-05 15:30:00+00:00,0.0,11.55,0.91,2.73,1.13,0.76,0
2023-01-05 16:30:00+00:00,0.0,0.0,0.0,0.0,0.17,0.62,0
2023-01-05 17:30:00+00:00,0.0,0.0,0.0,0.0,-0.89,0.55,0
2023-01-05 18:30:00+00:00,0.0,0.0,0.0,0.0,-2.92,0.48,0
2023-01-05 19:30:00+00:00,0.0,0.0,0.0,0.0,-4.37,0.55,0
2023-01-05 20:30:00+00:00,0.0,0.0,0.0,0.0,-4.99,0.48,0
2023-01-05 21:30:00+00:00,0.0,0.0,0.0,0.0,-5.35,0.41,0
2023-01-05 22:30:00+00:00,0.0,0.0,0.0,0.0,-6.07,0.34,0
2023-01-05 23:30:00+00:00,0.0,0.0,0.0,0.0,-6.87,0.28,0
2023-01-06 00:30:00+00:00,0.0,0.0,0.0,0.0,-6.4,0.21,0
2023-01-06 01:30:00+00:00,0.0,0.0,0.0,0.0,-6.21,0.14,0
2023-01-06 02:30:00+00:00,0.0,0.0,0.0,0.0,-6.37,0.14,0
2023-01-06 03:30:00+00:00,0.0,0.0,0.0,0.0,-6.02,0.07,0
2023-01-06 04:30:00+00:00,0.0,0.0,0.0,0.0,-5.91,0.14,0
2023-01-06 05:30:00+00:00,0.0,0.0,0.0,0.0,-5.5,0.14,0
2023-01-06 06:30:00+00:00,0.0,0.0,0.0,0.0,-5.4,0.14,0
2023-01-06 07:30:00+00:00,0.0,8.78,0.69,1.86,-6.01,0.21,0
2023-01-06 08:30:00+00:00,0.0,36.32,2.85,9.56,-5.72,0.14,0
2023-01-06 09:30:00+00:00,595.88,167.66,13.39,15.63,-4.69,0.14,0
2023-01-06 10:30:00+00:00,762.89,183.13,17.88,19.6,-2.61,0.14,0
2023-01-06 11:30:00+00:00,852.84,177.79,19.79,21.09,-0.39,0.14,0
2023-01-06 12:30:00+00:00,816.4,171.74,18.54,19.93,1.18,0.14,0
2023-01-06 13:30:00+00:00,668.62,161.12,14.42,16.24,1.51,0.07,0
2023-01-06 14:30:00+00:00,454.19,127.43,8.33,10.4,0.83,0.07,0
2023-01-06 15:30:00+00:00,0.0,11.33,0.89,2.88,-0.03,0.07,0
2023-01-06 16:30:00+00:00,0.0,0.0,0.0,0.0,-1.26,0.07,0
2023-01-06 17:30:00+00:00,0.0,0.0,0.0,0.0,-2.35,0.07,0
2023-01-06 18:30:00+00:00,0.0,0.0,0.0,0.0,-3.1,0.0,0
2023-01-06 19:30:00+00:00,0.0,0.0,0.0,0.0,-3.79,0.0,0
2023-01-06 20:30:00+00:00,0.0,0.0,0.0,0.0,-4.09,0.0,0
2023-01-06 21:30:00+00:00,0.0,0.0,0.0,0.0,-4.32,0.0,0
2023-01-06 22:30:00+00:00,0.0,0.0,0.0,0.0,-4.43,0.07,0
2023-01-06 23:30:00+00:00,0.0,0.0,0.0,0.0,-4.97,0.07,0
2023-01-07 00:30:00+00:00,0.0,0.0,0.0,0.0,-5.99,0.0,0
2023-01-07 01:30:00+00:00,0.0,0.0,0.0,0.0,-7.57,0.0,0
2023-01-07 02:30:00+00:00,0.0,0.0,0.0,0.0,-7.88,0.07,0
2023-01-07 03:30:00+00:00,0.0,0.0,0.0,0.0,-8.32,0.07,0
2023-01-07 04:30:00+00:00,0.0,0.0,0.0,0.0,-8.48,0.07,0
2023-01-07 05:30:00+00:00,0.0,0.0,0.0,0.0,-8.59,0.14,0
2023-01-07 06:30:00+00:00,0.0,0.0,0.0,0.0,-8.98,0.14,0
2023-01-07 07:30:00+00:00,0.0,8.52,0.67,1.9,-7.29,0.21,0
2023-01-07 08:30:00+00:00,0.0,33.25,2.6,9.62,-7.12,0.28,0
2023-01-07 09:30:00+00:00,549.34,148.28,12.43,15.71,-6.71,0.34,0
2023-01-07 10:30:00+00:00,731.01,162.31,16.99,19.71,-5.13,0.41,0
2023-01-07 11:30:00+00:00,792.3,177.13,18.95,21.22,-3.24,0.41,0
2023-01-07 12:30:00+00:00,686.3,174.59,16.83,20.07,-2.04,0.48,0
2023-01-07 13:30:00+00:00,571.28,159.78,13.3,16.39,-1.97,0.48,0
2023-01-07 14:30:00+00:00,363.35,107.71,7.23,10.56,-2.51,0.48,0
2023-01-07 15:30:00+00:00,0.0,11.04,0.86,3.04,-3.34,0.41,0
2023-01-07 16:30:00+00:00,0.0,0.0,0.0,0.0,-4.5,0.41,0
2023-01-07 17:30:00+00:00,0.0,0.0,0.0,0.0,-5.35,0.34,0
2023-01-07 18:30:00+00:00,0.0,0.0,0.0,0.0,-6.17,0.34,0
2023-01-07 19:30:00+00:00,0.0,0.0,0.0,0.0,-6.3,0.41,0
2023-01-07 20:30:00+00:00,0.0,0.0,0.0,0.0,-6.57,0.41,0
2023-01-07 21:30:00+00:00,0.0,0.0,0.0,0.0,-6.74,0.48,0
2023-01-07 22:30:00+00:00,0.0,0.0,0.0,0.0,-6.91,0.48,0
2023-01-07 23:30:00+00:00,0.0,0.0,0.0,0.0,-7.02,0.48,0
2023-01-08 00:30:00+00:00,0.0,0.0,0.0,0.0,-7.02,0.55,0
2023-01-08 01:30:00+00:00,0.0,0.0,0.0,0.0,-7.07,0.62,0
2023-01-08 02:30:00+00:00,0.0,0.0,0.0,0.0,-7.28,0.48,0
2023-01-08 03:30:00+00:00,0.0,0.0,0.0,0.0,-7.69,0.48,0
2023-01-08 04:30:00+00:00,0.0,0.0,0.0,0.0,-7.97,0.48,0
2023-01-08 05:30:00+00:00,0.0,0.0,0.0,0.0,-7.7,0.41,0
2023-01-08 06:30:00+00:00,0.0,0.0,0.0,0.0,-7.68,0.41,0
2023-01-08 07:30:00+00:00,0.0,5.71,0.45,1.95,-8.31,0.41,0
2023-01-08 08:30:00+00:00,0.0,36.19,2.84,9.68,-7.62,0.48,0
2023-01-08 09:30:00+00:00,0.0,59.94,4.0,15.79,-6.71,0.41,0
2023-01-08 10:30:00+00:00,0.0,83.35,5.57,19.81,-5.92,0.62,0
2023-01-08 11:30:00+00:00,32.72,107.35,7.29,21.34,-5.09,0.62,0
2023-01-08 12:30:00+00:00,84.82,131.41,8.86,20.21,-4.65,0.62,0
2023-01-08 13:30:00+00:00,91.3,125.6,8.14,16.54,-4.31,0.76,0
2023-01-08 14:30:00+00:00,164.01,94.44,5.69,10.72,-4.23,0.76,0
2023-01-08 15:30:00+00:00,0.0,11.58,0.91,3.2,-4.38,0.76,0
2023-01-08 16:30:00+00:00,0.0,0.0,0.0,0.0,-4.37,0.69,0
2023-01-08 17:30:00+00:00,0.0,0.0,0.0,0.0,-4.61,0.62,0
2023-01-08 18:30:00+00:00,0.0,0.0,0.0,0.0,-4.6,0.55,0
2023-01-08 19:30:00+00:00,0.0,0.0,0.0,0.0,-4.94,0.55,0
2023-01-08 20:30:00+00:00,0.0,0.0,0.0,0.0,-5.07,0.55,0
2023-01-08 21:30:00+00:00,0.0,0.0,0.0,0.0,-5.05,0.48,0
2023-01-08 22:30:00+00:00,0.0,0.0,0.0,0.0,-5.08,0.21,0
2023-01-08 23:30:00+00:00,0.0,0.0,0.0,0.0,-5.23,0.0,0
2023-01-09 00:30:00+00:00,0.0,0.0,0.0,0.0,-5.61,0.21,0
2023-01-09 01:30:00+00:00,0.0,0.0,0.0,0.0,-5.08,0.34,0
2023-01-09 02:30:00+00:00,0.0,0.0,0.0,0.0,-5.41,0.41,0
2023-01-09 03:30:00+00:00,0.0,0.0,0.0,0.0,-6.13,0.69,0
2023-01-09 04:30:00+00:00,0.0,0.0,0.0,0.0,-7.68,1.03,0
2023-01-09 05:30:00+00:00,0.0,0.0,0.0,0.0,-8.39,0.97,0
2023-01-09 06:30:00+00:00,0.0,0.0,0.0,0.0,-8.76,0.97,0
2023-01-09 07:30:00+00:00,0.0,9.45,0.74,2.0,-5.35,0.97,0
2023-01-09 08:30:00+00:00,0.0,44.33,3.47,9.75,-5.7,0.9,0
2023-01-09 09:30:00+00:00,453.47,197.55,12.9,15.89,-5.46,0.83,0
2023-01-09 10:30:00+00:00,575.7,243.37,17.31,19.93,-4.5,0.83,0
2023-01-09 11:30:00+00:00,707.71,210.64,18.78,21.48,-4.16,1.03,0
2023-01-09 12:30:00+00:00,578.04,219.92,16.85,20.36,-4.51,1.17,0
2023-01-09 13:30:00+00:00,338.8,163.2,11.14,16.71,-4.5,1.17,0
2023-01-09 14:30:00+00:00,287.99,113.77,7.02,10.88,-4.67,1.03,0
2023-01-09 15:30:00+00:00,0.0,14.07,1.1,3.36,-5.15,1.1,0
2023-01-09 16:30:00+00:00,0.0,0.0,0.0,0.0,-5.92,1.03,0
2023-01-09 17:30:00+00:00,0.0,0.0,0.0,0.0,-6.69,1.17,0
2023-01-09 18:30:00+00:00,0.0,0.0,0.0,0.0,-7.07,1.17,0
2023-01-09 19:30:00+00:00,0.0,0.0,0.0,0.0,-7.3,1.31,0
2023-01-09 20:30:00+00:00,0.0,0.0,0.0,0.0,-7.76,1.24,0
2023-01-09 21:30:00+00:00,0.0,0.0,0.0,0.0,-7.27,1.17,0
2023-01-09 22:30:00+00:00,0.0,0.0,0.0,0.0,-7.68,1.1,0
2023-01-09 23:30:00+00:00,0.0,0.0,0.0,0.0,-8.56,1.1,0
2023-01-10 00:30:00+00:00,0.0,0.0,0.0,0.0,-9.25,1.17,0
2023-01-10 01:30:00+00:00,0.0,0.0,0.0,0.0,-9.73,1.24,0
2023-01-10 02:30:00+00:00,0.0,0.0,0.0,0.0,-9.5,1.17,0
2023-01-10 03:30:00+00:00,0.0,0.0,0.0,0.0,-9.32,1.17,0
2023-01-10 04:30:00+00:00,0.0,0.0,0.0,0.0,-9.38,1.17,0
2023-01-10 05:30:00+00:00,0.0,0.0,0.0,0.0,-9.36,1.17,0
2023-01-10 06:30:00+00:00,0.0,0.0,0.0,0.0,-9.22,1.1,0
2023-01-10 07:30:00+00:00,0.0,9.16,0.72,2.06,-7.66,1.17,0
2023-01-10 08:30:00+00:00,0.0,46.08,3.61,9.83,-7.66,1.1,0
2023-01-10 09:30:00+00:00,425.94,194.76,12.65,15.99,-7.32,1.1,0
2023-01-10 10:30:00+00:00,579.75,235.76,17.23,20.05,-6.76,1.03,0
2023-01-10 11:30:00+00:00,751.91,220.84,19.79,21.63,-6.15,1.1,0
2023-01-10 12:30:00+00:00,766.2,198.16,18.9,20.52,-5.78,1.1,0
2023-01-10 13:30:00+00:00,619.43,177.75,14.67,16.88,-5.25,1.03,0
2023-01-10 14:30:00+00:00,379.93,129.96,8.21,11.05,-5.16,0.83,0
2023-01-10 15:30:00+00:00,166.06,32.79,1.84,3.54,-5.52,0.76,0
2023-01-10 16:30:00+00:00,0.0,0.0,0.0,0.0,-6.03,0.69,0
2023-01-10 17:30:00+00:00,0.0,0.0,0.0,0.0,-6.18,0.69,0
2023-01-10 18:30:00+00:00,0.0,0.0,0.0,0.0,-6.06,0.69,0
2023-01-10 19:30:00+00:00,0.0,0.0,0.0,0.0,-6.15,0.62,0
2023-01-10 20:30:00+00:00,0.0,0.0,0.0,0.0,-5.79,0.69,0
2023-01-10 21:30:00+00:00,0.0,0.0,0.0,0.0,-5.35,0.62,0
2023-01-10 22:30:00+00:00,0.0,0.0,0.0,0.0,-5.1,0.48,0
2023-01-10 23:30:00+00:00,0.0,0.0,0.0,0.0,-5.08,0.48,0
2023-01-11 00:30:00+00:00,0.0,0.0,0.0,0.0,-5.29,0.48,0
2023-01-11 01:30:00+00:00,0.0,0.0,0.0,0.0,-5.59,0.48,0
2023-01-11 02:30:00+00:00,0.0,0.0,0.0,0.0,-5.81,0.48,0
2023-01-11 03:30:00+00:00,0.0,0.0,0.0,0.0,-5.92,0.48,0
2023-01-11 04:30:00+00:00,0.0,0.0,0.0,0.0,-6.07,0.48,0
2023-01-11 05:30:00+00:00,0.0,0.0,0.0,0.0,-6.61,0.41,0
2023-01-11 06:30:00+00:00,0.0,0.0,0.0,0.0,-8.55,0.41,0
2023-01-11 07:30:00+00:00,0.0,12.13,0.95,2.13,-9.68,0.48,0
2023-01-11 08:30:00+00:00,0.0,59.74,4.68,9.92,-9.39,0.41,0
2023-01-11 09:30:00+00:00,231.47,181.17,10.96,16.1,-9.0,0.41,0
2023-01-11 10:30:00+00:00,306.69,223.75,14.32,20.18,-6.94,0.41,0
2023-01-11 11:30:00+00:00,304.19,225.29,14.85,21.78,-4.05,0.41,0
2023-01-11 12:30:00+00:00,239.71,199.76,13.07,20.69,-2.48,0.41,0
2023-01-11 13:30:00+00:00,107.58,142.57,9.14,17.05,-2.07,0.48,0
2023-01-11 14:30:00+00:00,47.37,77.7,4.93,11.23,-2.15,0.48,0
2023-01-11 15:30:00+00:00,11.2,18.81,1.21,3.71,-2.41,0.62,0
2023-01-11 16:30:00+00:00,0.0,0.0,0.0,0.0,-2.93,0.76,0
2023-01-11 17:30:00+00:00,0.0,0.0,0.0,0.0,-3.15,0.97,0
2023-01-11 18:30:00+00:00,0.0,0.0,0.0,0.0,-3.22,0.97,0
2023-01-11 19:30:00+00:00,0.0,0.0,0.0,0.0,-3.41,1.03,0
2023-01-11 20:30:00+00:00,0.0,0.0,0.0,0.0,-3.47,1.1,0
2023-01-11 21:30:00+00:00,0.0,0.0,0.0,0.0,-3.6,1.1,0
2023-01-11 22:30:00+00:00,0.0,0.0,0.0,0.0,-4.05,0.97,0
2023-01-11 23:30:00+00:00,0.0,0.0,0.0,0.0,-4.06,0.97,0
2023-01-12 00:30:00+00:00,0.0,0.0,0.0,0.0,-3.99,1.03,0
2023-01-12 01:30:00+00:00,0.0,0.0,0.0,0.0,-4.37,0.97,0
2023-01-12 02:30:00+00:00,0.0,0.0,0.0,0.0,-5.0,0.9,0
2023-01-12 03:30:00+00:00,0.0,0.0,0.0,0.0,-5.73,0.83,0
2023-01-12 04:30:00+00:00,0.0,0.0,0.0,0.0,-6.97,0.76,0
2023-01-12 05:30:00+00:00,0.0,0.0,0.0,0.0,-8.84,0.62,0
2023-01-12 06:30:00+00:00,0.0,0.0,0.0,0.0,-10.15,0.55,0
2023-01-12 07:30:00+00:00,0.0,11.14,0.87,2.2,-10.68,0.55,0
2023-01-12 08:30:00+00:00,0.0,50.71,3.97,10.01,-10.35,0.55,0
2023-01-12 09:30:00+00:00,239.24,182.73,11.11,16.21,-8.81,0.55,0
2023-01-12 10:30:00+00:00,390.69,231.59,15.32,20.32,-6.62,0.55,0
2023-01-12 11:30:00+00:00,445.45,235.05,16.54,21.93,-4.57,0.48,0
2023-01-12 12:30:00+00:00,230.26,183.4,12.35,20.86,-3.24,0.41,0
2023-01-12 13:30:00+00:00,70.63,132.79,8.62,17.23,-2.99,0.34,0
2023-01-12 14:30:00+00:00,127.9,110.04,6.48,11.41,-2.97,0.34,0
2023-01-12 15:30:00+00:00,35.81,28.35,1.68,3.89,-3.22,0.34,0
2023-01-12 16:30:00+00:00,0.0,0.0,0.0,0.0,-3.7,0.34,0
2023-01-12 17:30:00+00:00,0.0,0.0,0.0,0.0,-4.31,0.41,0
2023-01-12 18:30:00+00:00,0.0,0.0,0.0,0.0,-4.81,0.41,0
2023-01-12 19:30:00+00:00,0.0,0.0,0.0,0.0,-4.89,0.34,0
2023-01-12 20:30:00+00:00,0.0,0.0,0.0,0.0,-5.25,0.34,0
2023-01-12 21:30:00+00:00,0.0,0.0,0.0,0.0,-5.55,0.34,0
2023-01-12 22:30:00+00:00,0.0,0.0,0.0,0.0,-5.84,0.34,0
2023-01-12 23:30:00+00:00,0.0,0.0,0.0,0.0,-6.09,0.34,0
2023-01-13 00:30:00+00:00,0.0,0.0,0.0,0.0,-6.34,0.34,0
2023-01-13 01:30:00+00:00,0.0,0.0,0.0,0.0,-6.11,0.41,0
2023-01-13 02:30:00+00:00,0.0,0.0,0.0,0.0,-6.37,0.48,0
2023-01-13 03:30:00+00:00,0.0,0.0,0.0,0.0,-6.65,0.55,0
2023-01-13 04:30:00+00:00,0.0,0.0,0.0,0.0,-6.91,0.55,0
2023-01-13 05:30:00+00:00,0.0,0.0,0.0,0.0,-7.17,0.55,0
2023-01-13 06:30:00+00:00,0.0,0.0,0.0,0.0,-7.54,0.48,0
2023-01-13 07:30:00+00:00,0.0,11.23,0.88,2.28,-8.12,0.55,0
2023-01-13 08:30:00+00:00,0.0,48.09,3.77,10.11,-7.49,0.62,0
2023-01-13 09:30:00+00:00,391.6,169.8,11.79,16.33,-6.93,0.62,0
2023-01-13 10:30:00+00:00,546.75,205.91,16.24,20.47,-4.97,0.69,0
2023-01-13 11:30:00+00:00,575.24,213.58,17.48,22.1,-2.74,0.69,0
2023-01-13 12:30:00+00:00,577.79,180.93,16.12,21.04,-1.49,0.76,0
2023-01-13 13:30:00+00:00,514.84,186.5,14.02,17.42,-1.11,0.9,0
2023-01-13 14:30:00+00:00,253.58,107.86,6.95,11.6,-1.34,0.9,0
2023-01-13 15:30:00+00:00,116.15,36.01,1.97,4.08,-2.11,0.9,0
2023-01-13 16:30:00+00:00,0.0,0.0,0.0,0.0,-2.91,1.03,0
2023-01-13 17:30:00+00:00,0.0,0.0,0.0,0.0,-3.55,0.97,0
2023-01-13 18:30:00+00:00,0.0,0.0,0.0,0.0,-4.14,0.9,0
2023-01-13 19:30:00+00:00,0.0,0.0,0.0,0.0,-4.5,0.97,0
2023-01-13 20:30:00+00:00,0.0,0.0,0.0,0.0,-5.03,0.97,0
2023-01-13 21:30:00+00:00,0.0,0.0,0.0,0.0,-5.33,0.97,0
2023-01-13 22:30:00+00:00,0.0,0.0,0.0,0.0,-5.29,0.9,0
2023-01-13 23:30:00+00:00,0.0,0.0,0.0,0.0,-5.23,0.83,0
2023-01-14 00:30:00+00:00,0.0,0.0,0.0,0.0,-5.63,0.83,0
2023-01-14 01:30:00+00:00,0.0,0.0,0.0,0.0,-6.79,0.76,0
2023-01-14 02:30:00+00:00,0.0,0.0,0.0,0.0,-8.02,0.62,0
2023-01-14 03:30:00+00:00,0.0,0.0,0.0,0.0,-9.68,0.62,0
2023-01-14 04:30:00+00:00,0.0,0.0,0.0,0.0,-10.03,0.55,0
2023-01-14 05:30:00+00:00,0.0,0.0,0.0,0.0,-10.97,0.55,0
2023-01-14 06:30:00+00:00,0.0,0.0,0.0,0.0,-10.72,0.48,0
2023-01-14 07:30:00+00:00,0.0,10.82,0.85,2.37,-9.44,0.34,0
2023-01-14 08:30:00+00:00,0.0,48.73,3.82,10.21,-9.26,0.28,0
2023-01-14 09:30:00+00:00,244.33,192.37,11.63,16.46,-8.15,0.28,0
2023-01-14 10:30:00+00:00,309.38,239.68,15.17,20.62,-5.44,0.21,0
2023-01-14 11:30:00+00:00,354.95,257.3,16.71,22.27,-2.83,0.21,0
2023-01-14 12:30:00+00:00,164.34,213.82,13.58,21.23,-1.44,0.34,0
2023-01-14 13:30:00+00:00,131.32,154.0,9.87,17.61,-1.24,0.48,0
2023-01-14 14:30:00+00:00,200.69,120.47,7.19,11.8,-1.59,0.48,0
2023-01-14 15:30:00+00:00,143.25,42.87,2.27,4.27,-2.12,0.34,0
2023-01-14 16:30:00+00:00,0.0,0.0,0.0,0.0,-2.94,0.21,0
2023-01-14 17:30:00+00:00,0.0,0.0,0.0,0.0,-3.68,0.14,0
2023-01-14 18:30:00+00:00,0.0,0.0,0.0,0.0,-4.26,0.14,0
2023-01-14 19:30:00+00:00,0.0,0.0,0.0,0.0,-3.89,0.28,0
2023-01-14 20:30:00+00:00,0.0,0.0,0.0,0.0,-4.53,0.28,0
2023-01-14 21:30:00+00:00,0.0,0.0,0.0,0.0,-4.87,0.34,0
2023-01-14 22:30:00+00:00,0.0,0.0,0.0,0.0,-5.06,0.34,0
2023-01-14 23:30:00+00:00,0.0,0.0,0.0,0.0,-5.07,0.28,0
2023-01-15 00:30:00+00:00,0.0,0.0,0.0,0.0,-4.88,0.21,0
2023-01-15 01:30:00+00:00,0.0,0.0,0.0,0.0,-5.26,0.21,0
2023-01-15 02:30:00+00:00,0.0,0.0,0.0,0.0,-5.2,0.21,0
2023-01-15 03:30:00+00:00,0.0,0.0,0.0,0.0,-5.06,0.14,0
2023-01-15 04:30:00+00:00,0.0,0.0,0.0,0.0,-5.09,0.14,0
2023-01-15 05:30:00+00:00,0.0,0.0,0.0,0.0,-5.01,0.14,0
2023-01-15 06:30:00+00:00,0.0,0.0,0.0,0.0,-4.81,0.14,0
2023-01-15 07:30:00+00:00,0.0,9.83,0.77,2.46,-4.6,0.21,0
2023-01-15 08:30:00+00:00,0.0,52.62,4.12,10.33,-4.5,0.21,0
2023-01-15 09:30:00+00:00,131.91,159.15,9.94,16.6,-3.94,0.21,0
2023-01-15 10:30:00+00:00,227.48,143.71,10.6,20.78,-3.42,0.07,0
2023-01-15 11:30:00+00:00,147.4,129.29,9.46,22.45,-3.13,0.41,0
2023-01-15 12:30:00+00:00,115.11,154.38,10.43,21.42,-3.13,0.69,0
2023-01-15 13:30:00+00:00,36.12,102.12,6.85,17.81,-2.76,0.97,0
2023-01-15 14:30:00+00:00,6.28,55.39,3.7,11.99,-3.0,0.97,0
2023-01-15 15:30:00+00:00,37.21,16.69,1.11,4.46,-3.71,1.03,0
2023-01-15 16:30:00+00:00,0.0,0.0,0.0,0.0,-3.74,0.97,0
2023-01-15 17:30:00+00:00,0.0,0.0,0.0,0.0,-4.19,0.83,0
2023-01-15 18:30:00+00:00,0.0,0.0,0.0,0.0,-5.64,0.69,0
2023-01-15 19:30:00+00:00,0.0,0.0,0.0,0.0,-6.89,0.69,0
2023-01-15 20:30:00+00:00,0.0,0.0,0.0,0.0,-8.14,0.62,0
2023-01-15 21:30:00+00:00,0.0,0.0,0.0,0.0,-8.05,0.55,0
2023-01-15 22:30:00+00:00,0.0,0.0,0.0,0.0,-8.79,0.55,0
2023-01-15 23:30:00+00:00,0.0,0.0,0.0,0.0,-10.22,0.48,0
2023-01-16 00:30:00+00:00,0.0,0.0,0.0,0.0,-11.67,0.48,0
2023-01-16 01:30:00+00:00,0.0,0.0,0.0,0.0,-12.78,0.41,0
2023-01-16 02:30:00+00:00,0.0,0.0,0.0,0.0,-13.3,0.41,0
2023-01-16 03:30:00+00:00,0.0,0.0,0.0,0.0,-13.09,0.28,0
2023-01-16 04:30:00+00:00,0.0,0.0,0.0,0.0,-13.0,0.14,0
2023-01-16 05:30:00+00:00,0.0,0.0,0.0,0.0,-13.05,0.14,0
2023-01-16 06:30:00+00:00,0.0,0.0,0.0,0.0,-12.89,0.14,0
2023-01-16 07:30:00+00:00,0.0,15.38,1.21,2.56,-12.82,0.14,0
2023-01-16 08:30:00+00:00,0.0,58.53,4.58,10.45,-12.02,0.28,0
2023-01-16 09:30:00+00:00,0.0,105.25,7.03,16.74,-9.65,0.34,0
2023-01-16 10:30:00+00:00,12.79,134.68,8.98,20.94,-7.86,0.41,0
2023-01-16 11:30:00+00:00,288.89,234.75,15.49,22.63,-7.13,0.55,0
2023-01-16 12:30:00+00:00,136.92,197.53,12.8,21.62,-6.71,0.69,0
2023-01-16 13:30:00+00:00,97.86,135.95,8.95,18.01,-6.72,0.41,0
2023-01-16 14:30:00+00:00,48.6,74.02,4.84,12.2,-6.8,0.07,0
2023-01-16 15:30:00+00:00,0.0,25.05,1.67,4.66,-7.26,0.21,0
2023-01-16 16:30:00+00:00,0.0,0.0,0.0,-4.12,-7.78,0.34,0
2023-01-16 17:30:00+00:00,0.0,0.0,0.0,0.0,-8.07,0.41,0
2023-01-16 18:30:00+00:00,0.0,0.0,0.0,0.0,-8.29,0.41,0
2023-01-16 19:30:00+00:00,0.0,0.0,0.0,0.0,-8.79,0.41,0
2023-01-16 20:30:00+00:00,0.0,0.0,0.0,0.0,-9.22,0.34,0
2023-01-16 21:30:00+00:00,0.0,0.0,0.0,0.0,-9.67,0.41,0
2023-01-16 22:30:00+00:00,0.0,0.0,0.0,0.0,-10.16,0.41,0
2023-01-16 23:30:00+00:00,0.0,0.0,0.0,0.0,-10.57,0.41,0
2023-01-17 00:30:00+00:00,0.0,0.0,0.0,0.0,-10.94,0.41,0
2023-01-17 01:30:00+00:00,0.0,0.0,0.0,0.0,-11.42,0.41,0
2023-01-17 02:30:00+00:00,0.0,0.0,0.0,0.0,-12.4,0.34,0
2023-01-17 03:30:00+00:00,0.0,0.0,0.0,0.0,-12.73,0.34,0
2023-01-17 04:30:00+00:00,0.0,0.0,0.0,0.0,-12.92,0.28,0
2023-01-17 05:30:00+00:00,0.0,0.0,0.0,0.0,-13.07,0.07,0
2023-01-17 06:30:00+00:00,0.0,0.0,0.0,0.0,-12.64,0.21,0
2023-01-17 07:30:00+00:00,0.0,13.5,1.06,2.66,-11.81,0.21,0
2023-01-17 08:30:00+00:00,0.0,48.19,3.77,10.57,-11.51,0.21,0
2023-01-17 09:30:00+00:00,69.41,112.8,7.5,16.89,-10.06,0.28,0
2023-01-17 10:30:00+00:00,132.62,165.38,11.06,21.11,-8.75,0.48,0
2023-01-17 11:30:00+00:00,107.62,178.45,11.89,22.83,-7.66,0.62,0
2023-01-17 12:30:00+00:00,154.82,168.73,11.45,21.82,-7.33,0.83,0
2023-01-17 13:30:00+00:00,177.88,154.88,10.25,18.22,-6.92,0.62,0
2023-01-17 14:30:00+00:00,18.1,70.22,4.64,12.4,-6.54,0.34,0
2023-01-17 15:30:00+00:00,37.26,29.94,1.82,4.87,-6.9,0.07,0
2023-01-17 16:30:00+00:00,0.0,0.0,0.0,-3.92,-7.32,0.07,0
2023-01-17 17:30:00+00:00,0.0,0.0,0.0,0.0,-7.83,0.21,0
2023-01-17 18:30:00+00:00,0.0,0.0,0.0,0.0,-8.51,0.21,0
2023-01-17 19:30:00+00:00,0.0,0.0,0.0,0.0,-9.61,0.21,0
2023-01-17 20:30:00+00:00,0.0,0.0,0.0,0.0,-10.39,0.28,0
2023-01-17 21:30:00+00:00,0.0,0.0,0.0,0.0,-11.51,0.34,0
2023-01-17 22:30:00+00:00,0.0,0.0,0.0,0.0,-12.34,0.41,0
2023-01-17 23:30:00+00:00,0.0,0.0,0.0,0.0,-12.73,0.48,0
2023-01-18 00:30:00+00:00,0.0,0.0,0.0,0.0,-12.61,0.55,0
2023-01-18 01:30:00+00:00,0.0,0.0,0.0,0.0,-12.04,0.55,0
2023-01-18 02:30:00+00:00,0.0,0.0,0.0,0.0,-12.06,0.55,0
2023-01-18 03:30:00+00:00,0.0,0.0,0.0,0.0,-11.85,0.48,0
2023-01-18 04:30:00+00:00,0.0,0.0,0.0,0.0,-11.75,0.41,0
2023-01-18 05:30:00+00:00,0.0,0.0,0.0,0.0,-11.55,0.41,0
2023-01-18 06:30:00+00:00,0.0,0.0,0.0,0.0,-11.45,0.41,0
2023-01-18 07:30:00+00:00,0.0,8.94,0.7,2.78,-12.9,0.48,0
2023-01-18 08:30:00+00:00,0.0,47.26,3.7,10.71,-12.22,0.41,0
2023-01-18 09:30:00+00:00,302.99,152.75,10.79,17.04,-10.71,0.41,0
2023-01-18 10:30:00+00:00,346.93,176.13,13.34,21.29,-8.84,0.41,0
2023-01-18 11:30:00+00:00,316.18,210.04,14.84,23.02,-7.57,0.48,0
2023-01-18 12:30:00+00:00,276.81,210.01,14.25,22.03,-6.74,0.62,0
2023-01-18 13:30:00+00:00,125.04,169.38,10.82,18.43,-6.4,0.69,0
2023-01-18 14:30:00+00:00,81.24,111.69,6.89,12.62,-6.71,0.62,0
2023-01-18 15:30:00+00:00,62.02,42.96,2.4,5.07,-7.15,0.69,0
2023-01-18 16:30:00+00:00,0.0,0.0,0.0,-3.72,-7.79,0.76,0
2023-01-18 17:30:00+00:00,0.0,0.0,0.0,0.0,-8.15,0.9,0
2023-01-18 18:30:00+00:00,0.0,0.0,0.0,0.0,-8.53,0.97,0
2023-01-18 19:30:00+00:00,0.0,0.0,0.0,0.0,-8.81,0.9,0
2023-01-18 20:30:00+00:00,0.0,0.0,0.0,0.0,-9.21,0.97,0
2023-01-18 21:30:00+00:00,0.0,0.0,0.0,0.0,-9.46,1.03,0
2023-01-18 22:30:00+00:00,0.0,0.0,0.0,0.0,-9.64,1.03,0
2023-01-18 23:30:00+00:00,0.0,0.0,0.0,0.0,-10.1,1.1,0
2023-01-19 00:30:00+00:00,0.0,0.0,0.0,0.0,-10.62,1.1,0
2023-01-19 01:30:00+00:00,0.0,0.0,0.0,0.0,-11.99,1.1,0
2023-01-19 02:30:00+00:00,0.0,0.0,0.0,0.0,-12.06,1.03,0
2023-01-19 03:30:00+00:00,0.0,0.0,0.0,0.0,-12.65,1.03,0
2023-01-19 04:30:00+00:00,0.0,0.0,0.0,0.0,-13.22,1.03,0
2023-01-19 05:30:00+00:00,0.0,0.0,0.0,0.0,-13.83,1.03,0
2023-01-19 06:30:00+00:00,0.0,0.0,0.0,0.0,-14.39,0.97,0
2023-01-19 07:30:00+00:00,0.0,16.79,1.31,2.9,-15.84,0.9,0
2023-01-19 08:30:00+00:00,0.0,70.62,5.53,10.85,-16.21,0.83,0
2023-01-19 09:30:00+00:00,315.79,219.75,13.4,17.21,-15.49,0.83,0
2023-01-19 10:30:00+00:00,447.88,278.43,18.15,21.48,-14.67,0.9,0
2023-01-19 11:30:00+00:00,598.51,276.86,20.47,23.23,-14.1,1.03,0
2023-01-19 12:30:00+00:00,615.4,257.38,19.68,22.25,-12.07,1.03,0
2023-01-19 13:30:00+00:00,587.34,213.69,16.48,18.65,-10.55,0.97,0
2023-01-19 14:30:00+00:00,435.53,157.47,10.52,12.83,-10.18,0.9,0
2023-01-19 15:30:00+00:00,227.52,74.28,3.6,5.29,-10.56,0.69,0
2023-01-19 16:30:00+00:00,0.0,0.0,0.0,-3.52,-11.32,0.62,0
2023-01-19 17:30:00+00:00,0.0,0.0,0.0,0.0,-12.34,0.48,0
2023-01-19 18:30:00+00:00,0.0,0.0,0.0,0.0,-13.36,0.41,0
2023-01-19 19:30:00+00:00,0.0,0.0,0.0,0.0,-15.74,0.41,0
2023-01-19 20:30:00+00:00,0.0,0.0,0.0,0.0,-18.07,0.34,0
2023-01-19 21:30:00+00:00,0.0,0.0,0.0,0.0,-19.05,0.28,0
2023-01-19 22:30:00+00:00,0.0,0.0,0.0,0.0,-19.33,0.28,0
2023-01-19 23:30:00+00:00,0.0,0.0,0.0,0.0,-19.99,0.34,0
2023-01-20 00:30:00+00:00,0.0,0.0,0.0,0.0,-20.13,0.34,0
2023-01-20 01:30:00+00:00,0.0,0.0,0.0,0.0,-20.22,0.34,0
2023-01-20 02:30:00+00:00,0.0,0.0,0.0,0.0,-20.51,0.41,0
2023-01-20 03:30:00+00:00,0.0,0.0,0.0,0.0,-19.55,0.48,0
2023-01-20 04:30:00+00:00,0.0,0.0,0.0,0.0,-19.27,0.62,0
2023-01-20 05:30:00+00:00,0.0,0.0,0.0,0.0,-18.63,0.76,0
2023-01-20 06:30:00+00:00,0.0,0.0,0.0,0.0,-17.95,0.76,0
2023-01-20 07:30:00+00:00,0.0,14.49,1.14,3.02,-19.77,0.76,0
2023-01-20 08:30:00+00:00,0.0,53.8,4.22,10.99,-19.0,0.76,0
2023-01-20 09:30:00+00:00,439.35,168.35,12.9,17.38,-17.14,0.83,0
2023-01-20 10:30:00+00:00,544.84,234.35,17.9,21.67,-14.92,0.83,0
2023-01-20 11:30:00+00:00,735.67,232.32,21.24,23.44,-13.09,1.03,0
2023-01-20 12:30:00+00:00,758.27,212.82,20.65,22.47,-12.03,1.1,0
2023-01-20 13:30:00+00:00,387.89,192.05,13.67,18.88,-11.62,1.17,0
2023-01-20 14:30:00+00:00,381.11,154.27,10.08,13.06,-11.9,1.03,0
2023-01-20 15:30:00+00:00,153.89,63.61,3.2,5.5,-12.62,1.03,0
2023-01-20 16:30:00+00:00,0.0,0.0,0.0,-3.31,-13.71,1.03,0
2023-01-20 17:30:00+00:00,0.0,0.0,0.0,0.0,-14.56,0.97,0
2023-01-20 18:30:00+00:00,0.0,0.0,0.0,0.0,-17.11,0.83,0
2023-01-20 19:30:00+00:00,0.0,0.0,0.0,0.0,-14.52,0.97,0
2023-01-20 20:30:00+00:00,0.0,0.0,0.0,0.0,-15.08,0.9,0
2023-01-20 21:30:00+00:00,0.0,0.0,0.0,0.0,-15.76,0.83,0
2023-01-20 22:30:00+00:00,0.0,0.0,0.0,0.0,-16.8,0.76,0
2023-01-20 23:30:00+00:00,0.0,0.0,0.0,0.0,-18.26,0.69,0
2023-01-21 00:30:00+00:00,0.0,0.0,0.0,0.0,-19.65,0.62,0
2023-01-21 01:30:00+00:00,0.0,0.0,0.0,0.0,-21.59,0.62,0
2023-01-21 02:30:00+00:00,0.0,0.0,0.0,0.0,-22.07,0.69,0
2023-01-21 03:30:00+00:00,0.0,0.0,0.0,0.0,-22.34,0.69,0
2023-01-21 04:30:00+00:00,0.0,0.0,0.0,0.0,-22.84,0.69,0
2023-01-21 05:30:00+00:00,0.0,0.0,0.0,0.0,-22.68,0.69,0
2023-01-21 06:30:00+00:00,0.0,0.0,0.0,0.0,-22.79,0.62,0
2023-01-21 07:30:00+00:00,0.0,15.76,1.24,3.15,-22.59,0.55,0
2023-01-21 08:30:00+00:00,0.0,59.58,4.67,11.14,-21.87,0.48,0
2023-01-21 09:30:00+00:00,389.08,210.76,13.85,17.55,-20.25,0.48,0
2023-01-21 10:30:00+00:00,456.0,225.9,16.67,21.87,-17.49,0.48,0
2023-01-21 11:30:00+00:00,518.81,236.6,18.43,23.66,-15.68,0.62,0
2023-01-21 12:30:00+00:00,612.32,229.97,19.12,22.7,-14.3,0.76,0
2023-01-21 13:30:00+00:00,491.57,177.78,14.52,19.11,-13.23,0.9,0
2023-01-21 14:30:00+00:00,327.27,137.27,9.25,13.28,-13.08,0.9,0
2023-01-21 15:30:00+00:00,162.49,59.78,3.16,5.72,-13.44,0.9,0
2023-01-21 16:30:00+00:00,0.0,0.0,0.0,-3.1,-13.83,0.9,0
2023-01-21 17:30:00+00:00,0.0,0.0,0.0,0.0,-14.21,0.83,0
2023-01-21 18:30:00+00:00,0.0,0.0,0.0,0.0,-14.51,0.83,0
2023-01-21 19:30:00+00:00,0.0,0.0,0.0,0.0,-14.92,0.69,0
2023-01-21 20:30:00+00:00,0.0,0.0,0.0,0.0,-15.1,0.69,0
2023-01-21 21:30:00+00:00,0.0,0.0,0.0,0.0,-15.68,0.69,0
2023-01-21 22:30:00+00:00,0.0,0.0,0.0,0.0,-16.2,0.62,0
2023-01-21 23:30:00+00:00,0.0,0.0,0.0,0.0,-16.56,0.62,0
2023-01-22 00:30:00+00:00,0.0,0.0,0.0,0.0,-17.43,0.69,0
2023-01-22 01:30:00+00:00,0.0,0.0,0.0,0.0,-18.16,0.69,0
2023-01-22 02:30:00+00:00,0.0,0.0,0.0,0.0,-18.02,0.62,0
2023-01-22 03:30:00+00:00,0.0,0.0,0.0,0.0,-18.38,0.62,0
2023-01-22 04:30:00+00:00,0.0,0.0,0.0,0.0,-18.13,0.62,0
2023-01-22 05:30:00+00:00,0.0,0.0,0.0,0.0,-18.07,0.62,0
2023-01-22 06:30:00+00:00,0.0,0.0,0.0,0.0,-17.85,0.55,0
2023-01-22 07:30:00+00:00,0.0,17.39,1.36,3.29,-18.86,0.48,0
2023-01-22 08:30:00+00:00,0.0,61.97,4.85,11.3,-18.73,0.48,0
2023-01-22 09:30:00+00:00,313.12,196.88,12.84,17.73,-16.38,0.41,0
2023-01-22 10:30:00+00:00,497.61,252.36,18.17,22.08,-14.55,0.34,0
2023-01-22 11:30:00+00:00,607.81,215.89,19.13,23.88,-12.44,0.48,0
2023-01-22 12:30:00+00:00,563.89,210.42,17.98,22.93,-11.15,0.62,0
2023-01-22 13:30:00+00:00,509.23,192.98,15.36,19.34,-10.45,0.69,0
2023-01-22 14:30:00+00:00,359.51,137.93,9.69,13.51,-10.43,0.69,0
2023-01-22 15:30:00+00:00,187.98,72.11,3.58,5.94,-10.97,0.55,0
2023-01-22 16:30:00+00:00,0.0,0.0,0.0,-2.88,-11.77,0.55,0
2023-01-22 17:30:00+00:00,0.0,0.0,0.0,0.0,-12.71,0.55,0
2023-01-22 18:30:00+00:00,0.0,0.0,0.0,0.0,-13.39,0.55,0
2023-01-22 19:30:00+00:00,0.0,0.0,0.0,0.0,-12.9,0.55,0
2023-01-22 20:30:00+00:00,0.0,0.0,0.0,0.0,-13.26,0.62,0
2023-01-22 21:30:00+00:00,0.0,0.0,0.0,0.0,-13.81,0.48,0
2023-01-22 22:30:00+00:00,0.0,0.0,0.0,0.0,-14.26,0.41,0
2023-01-22 23:30:00+00:00,0.0,0.0,0.0,0.0,-15.42,0.41,0
2023-01-23 00:30:00+00:00,0.0,0.0,0.0,0.0,-16.56,0.34,0
2023-01-23 01:30:00+00:00,0.0,0.0,0.0,0.0,-17.32,0.34,0
2023-01-23 02:30:00+00:00,0.0,0.0,0.0,0.0,-17.46,0.41,0
2023-01-23 03:30:00+00:00,0.0,0.0,0.0,0.0,-17.55,0.41,0
2023-01-23 04:30:00+00:00,0.0,0.0,0.0,0.0,-17.58,0.48,0
2023-01-23 05:30:00+00:00,0.0,0.0,0.0,0.0,-17.66,0.55,0
2023-01-23 06:30:00+00:00,0.0,0.0,0.0,0.0,-17.47,0.48,0
2023-01-23 07:30:00+00:00,0.0,16.18,1.27,3.43,-17.07,0.55,0
2023-01-23 08:30:00+00:00,93.8,103.61,6.31,11.47,-16.33,0.48,0
2023-01-23 09:30:00+00:00,100.5,133.8,8.9,17.92,-14.24,0.48,0
2023-01-23 10:30:00+00:00,111.29,177.85,11.87,22.29,-12.77,0.41,0
2023-01-23 11:30:00+00:00,63.51,167.04,11.26,24.11,-10.84,0.34,0
2023-01-23 12:30:00+00:00,63.79,151.93,10.3,23.17,-9.49,0.21,0
2023-01-23 13:30:00+00:00,67.49,140.05,9.34,19.58,-9.02,0.21,0
2023-01-23 14:30:00+00:00,67.99,106.62,6.84,13.75,-8.56,0.14,0
2023-01-23 15:30:00+00:00,83.52,59.47,3.16,6.17,-8.5,0.07,0
2023-01-23 16:30:00+00:00,0.0,0.0,0.0,-2.67,-8.61,0.07,0
2023-01-23 17:30:00+00:00,0.0,0.0,0.0,0.0,-9.01,0.14,0
2023-01-23 18:30:00+00:00,0.0,0.0,0.0,0.0,-9.44,0.21,0
2023-01-23 19:30:00+00:00,0.0,0.0,0.0,0.0,-9.55,0.21,0
2023-01-23 20:30:00+00:00,0.0,0.0,0.0,0.0,-9.63,0.28,0
2023-01-23 21:30:00+00:00,0.0,0.0,0.0,0.0,-9.46,0.34,0
2023-01-23 22:30:00+00:00,0.0,0.0,0.0,0.0,-9.23,0.34,0
2023-01-23 23:30:00+00:00,0.0,0.0,0.0,0.0,-9.52,0.34,0
2023-01-24 00:30:00+00:00,0.0,0.0,0.0,0.0,-9.65,0.34,0
2023-01-24 01:30:00+00:00,0.0,0.0,0.0,0.0,-9.21,0.34,0
2023-01-24 02:30:00+00:00,0.0,0.0,0.0,0.0,-9.23,0.34,0
2023-01-24 03:30:00+00:00,0.0,0.0,0.0,0.0,-9.11,0.28,0
2023-01-24 04:30:00+00:00,0.0,0.0,0.0,0.0,-9.22,0.21,0
2023-01-24 05:30:00+00:00,0.0,0.0,0.0,0.0,-9.56,0.21,0
2023-01-24 06:30:00+00:00,0.0,0.0,0.0,0.0,-9.28,0.14,0
2023-01-24 07:30:00+00:00,0.0,15.06,1.18,3.58,-9.64,0.14,0
2023-01-24 08:30:00+00:00,280.29,140.58,8.44,11.64,-9.92,0.07,0
2023-01-24 09:30:00+00:00,399.27,202.46,14.02,18.12,-9.27,0.07,0
2023-01-24 10:30:00+00:00,602.5,246.44,19.61,22.51,-6.72,0.14,0
2023-01-24 11:30:00+00:00,530.15,281.18,20.5,24.35,-5.3,0.21,0
2023-01-24 12:30:00+00:00,453.15,255.18,18.35,23.42,-4.44,0.28,0
2023-01-24 13:30:00+00:00,477.48,197.74,15.4,19.83,-4.11,0.21,0
2023-01-24 14:30:00+00:00,347.54,161.22,10.56,13.98,-4.5,0.21,0
2023-01-24 15:30:00+00:00,177.65,80.39,3.99,6.4,-5.21,0.14,0
2023-01-24 16:30:00+00:00,0.0,0.0,0.0,-2.45,-6.31,0.07,0
2023-01-24 17:30:00+00:00,0.0,0.0,0.0,0.0,-7.54,0.07,0
2023-01-24 18:30:00+00:00,0.0,0.0,0.0,0.0,-8.48,0.07,0
2023-01-24 19:30:00+00:00,0.0,0.0,0.0,0.0,-8.87,0.14,0
2023-01-24 20:30:00+00:00,0.0,0.0,0.0,0.0,-9.39,0.14,0
2023-01-24 21:30:00+00:00,0.0,0.0,0.0,0.0,-9.89,0.14,0
2023-01-24 22:30:00+00:00,0.0,0.0,0.0,0.0,-10.32,0.14,0
2023-01-24 23:30:00+00:00,0.0,0.0,0.0,0.0,-11.28,0.14,0
2023-01-25 00:30:00+00:00,0.0,0.0,0.0,0.0,-12.2,0.14,0
2023-01-25 01:30:00+00:00,0.0,0.0,0.0,0.0,-12.86,0.14,0
2023-01-25 02:30:00+00:00,0.0,0.0,0.0,0.0,-13.14,0.14,0
2023-01-25 03:30:00+00:00,0.0,0.0,0.0,0.0,-13.29,0.14,0
2023-01-25 04:30:00+00:00,0.0,0.0,0.0,0.0,-13.41,0.14,0
2023-01-25 05:30:00+00:00,0.0,0.0,0.0,0.0,-13.49,0.07,0
2023-01-25 06:30:00+00:00,0.0,0.0,0.0,0.0,-13.64,0.07,0
2023-01-25 07:30:00+00:00,0.0,17.17,1.34,3.74,-11.91,0.14,0
2023-01-25 08:30:00+00:00,350.87,136.83,8.97,11.82,-11.17,0.14,0
2023-01-25 09:30:00+00:00,664.62,161.39,16.4,18.32,-9.75,0.14,0
2023-01-25 10:30:00+00:00,793.92,175.94,20.77,22.73,-7.31,0.14,0
2023-01-25 11:30:00+00:00,858.09,182.51,22.82,24.59,-4.68,0.07,0
2023-01-25 12:30:00+00:00,780.84,192.51,21.37,23.67,-2.94,0.07,0
2023-01-25 13:30:00+00:00,548.44,153.68,15.17,20.08,-2.43,0.07,0
2023-01-25 14:30:00+00:00,417.91,112.95,10.01,14.23,-3.05,0.0,0
2023-01-25 15:30:00+00:00,164.96,44.53,3.0,6.63,-4.0,0.0,0
2023-01-25 16:30:00+00:00,0.0,0.0,0.0,-2.22,-5.22,0.0,0
2023-01-25 17:30:00+00:00,0.0,0.0,0.0,0.0,-6.5,0.0,0
2023-01-25 18:30:00+00:00,0.0,0.0,0.0,0.0,-7.56,0.0,0
2023-01-25 19:30:00+00:00,0.0,0.0,0.0,0.0,-8.87,0.07,0
2023-01-25 20:30:00+00:00,0.0,0.0,0.0,0.0,-9.51,0.14,0
2023-01-25 21:30:00+00:00,0.0,0.0,0.0,0.0,-10.02,0.21,0
2023-01-25 22:30:00+00:00,0.0,0.0,0.0,0.0,-10.6,0.28,0
2023-01-25 23:30:00+00:00,0.0,0.0,0.0,0.0,-11.47,0.28,0
2023-01-26 00:30:00+00:00,0.0,0.0,0.0,0.0,-11.95,0.28,0
2023-01-26 01:30:00+00:00,0.0,0.0,0.0,0.0,-12.9,0.28,0
2023-01-26 02:30:00+00:00,0.0,0.0,0.0,0.0,-13.05,0.28,0
2023-01-26 03:30:00+00:00,0.0,0.0,0.0,0.0,-13.11,0.34,0
2023-01-26 04:30:00+00:00,0.0,0.0,0.0,0.0,-13.09,0.41,0
2023-01-26 05:30:00+00:00,0.0,0.0,0.0,0.0,-13.12,0.48,0
2023-01-26 06:30:00+00:00,0.0,0.0,0.0,0.0,-13.05,0.48,0
2023-01-26 07:30:00+00:00,0.0,12.83,1.01,3.9,-13.22,0.41,0
2023-01-26 08:30:00+00:00,319.25,92.47,7.51,12.0,-12.94,0.41,0
2023-01-26 09:30:00+00:00,452.17,107.26,11.84,18.53,-11.85,0.41,0
2023-01-26 10:30:00+00:00,477.66,130.66,14.29,22.96,-9.95,0.41,0
2023-01-26 11:30:00+00:00,565.61,148.68,16.87,24.84,-8.17,0.48,0
2023-01-26 12:30:00+00:00,575.63,135.88,16.36,23.92,-6.65,0.62,0
2023-01-26 13:30:00+00:00,443.88,131.37,13.05,20.33,-6.0,0.69,0
2023-01-26 14:30:00+00:00,383.37,113.68,9.75,14.47,-6.22,0.69,0
2023-01-26 15:30:00+00:00,199.66,72.23,4.07,6.86,-6.7,0.62,0
2023-01-26 16:30:00+00:00,0.0,0.0,0.0,-2.0,-7.51,0.55,0
2023-01-26 17:30:00+00:00,0.0,0.0,0.0,0.0,-8.5,0.62,0
2023-01-26 18:30:00+00:00,0.0,0.0,0.0,0.0,-9.22,0.62,0
2023-01-26 19:30:00+00:00,0.0,0.0,0.0,0.0,-9.82,0.55,0
2023-01-26 20:30:00+00:00,0.0,0.0,0.0,0.0,-11.35,0.55,0
2023-01-26 21:30:00+00:00,0.0,0.0,0.0,0.0,-12.21,0.55,0
2023-01-26 22:30:00+00:00,0.0,0.0,0.0,0.0,-12.38,0.48,0
2023-01-26 23:30:00+00:00,0.0,0.0,0.0,0.0,-12.53,0.41,0
2023-01-27 00:30:00+00:00,0.0,0.0,0.0,0.0,-12.68,0.41,0
2023-01-27 01:30:00+00:00,0.0,0.0,0.0,0.0,-13.55,0.41,0
2023-01-27 02:30:00+00:00,0.0,0.0,0.0,0.0,-13.74,0.34,0
2023-01-27 03:30:00+00:00,0.0,0.0,0.0,0.0,-14.18,0.34,0
2023-01-27 04:30:00+00:00,0.0,0.0,0.0,0.0,-14.52,0.34,0
2023-01-27 05:30:00+00:00,0.0,0.0,0.0,0.0,-15.71,0.28,0
2023-01-27 06:30:00+00:00,0.0,0.0,0.0,0.0,-16.19,0.28,0
2023-01-27 07:30:00+00:00,0.0,10.95,0.86,4.07,-14.71,0.34,0
2023-01-27 08:30:00+00:00,342.5,92.7,7.87,12.19,-15.46,0.28,0
2023-01-27 09:30:00+00:00,457.09,131.58,12.81,18.74,-13.94,0.28,0
2023-01-27 10:30:00+00:00,554.13,161.79,16.69,23.2,-10.83,0.28,0
2023-01-27 11:30:00+00:00,642.51,152.01,18.45,25.09,-8.76,0.41,0
2023-01-27 12:30:00+00:00,635.22,162.4,18.37,24.18,-7.47,0.48,0
2023-01-27 13:30:00+00:00,457.92,155.25,14.19,20.59,-6.94,0.55,0
2023-01-27 14:30:00+00:00,265.93,106.38,8.33,14.72,-6.97,0.62,0
2023-01-27 15:30:00+00:00,117.52,60.55,3.5,7.1,-7.4,0.55,0
2023-01-27 16:30:00+00:00,0.0,0.0,0.0,-1.77,-7.94,0.55,0
2023-01-27 17:30:00+00:00,0.0,0.0,0.0,0.0,-8.59,0.62,0
2023-01-27 18:30:00+00:00,0.0,0.0,0.0,0.0,-9.24,0.55,0
2023-01-27 19:30:00+00:00,0.0,0.0,0.0,0.0,-10.27,0.55,0
2023-01-27 20:30:00+00:00,0.0,0.0,0.0,0.0,-10.85,0.48,0
2023-01-27 21:30:00+00:00,0.0,0.0,0.0,0.0,-11.32,0.41,0
2023-01-27 22:30:00+00:00,0.0,0.0,0.0,0.0,-11.79,0.41,0
2023-01-27 23:30:00+00:00,0.0,0.0,0.0,0.0,-12.3,0.34,0
2023-01-28 00:30:00+00:00,0.0,0.0,0.0,0.0,-12.87,0.34,0
2023-01-28 01:30:00+00:00,0.0,0.0,0.0,0.0,-13.37,0.34,0
2023-01-28 02:30:00+00:00,0.0,0.0,0.0,0.0,-13.53,0.41,0
2023-01-28 03:30:00+00:00,0.0,0.0,0.0,0.0,-13.57,0.41,0
2023-01-28 04:30:00+00:00,0.0,0.0,0.0,0.0,-13.43,0.41,0
2023-01-28 05:30:00+00:00,0.0,0.0,0.0,0.0,-13.35,0.34,0
2023-01-28 06:30:00+00:00,0.0,0.0,0.0,0.0,-13.31,0.34,0
2023-01-28 07:30:00+00:00,0.0,11.81,0.92,4.25,-14.76,0.14,0
2023-01-28 08:30:00+00:00,289.7,91.33,7.38,12.39,-14.84,0.07,0
2023-01-28 09:30:00+00:00,492.9,136.62,13.62,18.96,-13.53,0.07,0
2023-01-28 10:30:00+00:00,613.43,152.31,17.52,23.44,-11.01,0.0,0
2023-01-28 11:30:00+00:00,712.06,208.96,21.57,25.35,-8.9,0.14,0
2023-01-28 12:30:00+00:00,710.05,193.33,20.75,24.45,-7.33,0.14,0
2023-01-28 13:30:00+00:00,621.36,183.22,17.65,20.85,-6.6,0.28,0
2023-01-28 14:30:00+00:00,430.96,146.4,11.58,14.98,-6.44,0.41,0
2023-01-28 15:30:00+00:00,262.02,89.56,5.11,7.34,-6.87,0.41,0
2023-01-28 16:30:00+00:00,0.0,0.0,0.0,-1.54,-7.69,0.41,0
2023-01-28 17:30:00+00:00,0.0,0.0,0.0,0.0,-8.85,0.41,0
2023-01-28 18:30:00+00:00,0.0,0.0,0.0,0.0,-9.76,0.41,0
2023-01-28 19:30:00+00:00,0.0,0.0,0.0,0.0,-11.05,0.21,0
2023-01-28 20:30:00+00:00,0.0,0.0,0.0,0.0,-11.79,0.14,0
2023-01-28 21:30:00+00:00,0.0,0.0,0.0,0.0,-12.58,0.07,0
2023-01-28 22:30:00+00:00,0.0,0.0,0.0,0.0,-13.1,0.0,0
2023-01-28 23:30:00+00:00,0.0,0.0,0.0,0.0,-13.57,0.0,0
2023-01-29 00:30:00+00:00,0.0,0.0,0.0,0.0,-14.09,0.0,0
2023-01-29 01:30:00+00:00,0.0,0.0,0.0,0.0,-14.1,0.07,0
2023-01-29 02:30:00+00:00,0.0,0.0,0.0,0.0,-15.21,0.0,0
2023-01-29 03:30:00+00:00,0.0,0.0,0.0,0.0,-14.94,0.0,0
2023-01-29 04:30:00+00:00,0.0,0.0,0.0,0.0,-14.86,0.0,0
2023-01-29 05:30:00+00:00,0.0,0.0,0.0,0.0,-14.97,0.07,0
2023-01-29 06:30:00+00:00,0.0,0.0,0.0,0.0,-15.46,0.07,0
2023-01-29 07:30:00+00:00,0.0,14.04,1.1,4.43,-16.04,0.14,0
2023-01-29 08:30:00+00:00,359.82,114.65,8.93,12.59,-15.59,0.14,0
2023-01-29 09:30:00+00:00,609.99,152.71,16.03,19.19,-13.36,0.14,0
2023-01-29 10:30:00+00:00,784.59,171.14,21.25,23.69,-9.78,0.14,0
2023-01-29 11:30:00+00:00,841.14,183.9,23.36,25.61,-6.67,0.14,0
2023-01-29 12:30:00+00:00,835.02,174.62,22.65,24.72,-4.8,0.28,0
2023-01-29 13:30:00+00:00,680.06,167.87,18.35,21.12,-4.07,0.41,0
2023-01-29 14:30:00+00:00,511.77,145.18,12.73,15.23,-4.31,0.34,0
2023-01-29 15:30:00+00:00,200.01,93.72,5.04,7.59,-5.08,0.48,0
2023-01-29 16:30:00+00:00,0.0,0.0,0.0,-1.31,-6.08,0.55,0
2023-01-29 17:30:00+00:00,0.0,0.0,0.0,0.0,-7.3,0.48,0
2023-01-29 18:30:00+00:00,0.0,0.0,0.0,0.0,-8.28,0.48,0
2023-01-29 19:30:00+00:00,0.0,0.0,0.0,0.0,-8.94,0.48,0
2023-01-29 20:30:00+00:00,0.0,0.0,0.0,0.0,-9.33,0.48,0
2023-01-29 21:30:00+00:00,0.0,0.0,0.0,0.0,-9.65,0.48,0
2023-01-29 22:30:00+00:00,0.0,0.0,0.0,0.0,-9.95,0.55,0
2023-01-29 23:30:00+00:00,0.0,0.0,0.0,0.0,-10.26,0.48,0
2023-01-30 00:30:00+00:00,0.0,0.0,0.0,0.0,-10.66,0.48,0
2023-01-30 01:30:00+00:00,0.0,0.0,0.0,0.0,-10.67,0.48,0
2023-01-30 02:30:00+00:00,0.0,0.0,0.0,0.0,-10.16,0.55,0
2023-01-30 03:30:00+00:00,0.0,0.0,0.0,0.0,-9.69,0.69,0
2023-01-30 04:30:00+00:00,0.0,0.0,0.0,0.0,-9.05,0.83,0
2023-01-30 05:30:00+00:00,0.0,0.0,0.0,0.0,-8.65,0.9,0
2023-01-30 06:30:00+00:00,0.0,0.0,0.0,0.0,-8.31,0.62,0
2023-01-30 07:30:00+00:00,0.0,17.26,1.35,4.61,-9.23,0.76,0
2023-01-30 08:30:00+00:00,390.19,132.82,9.91,12.8,-8.86,0.83,0
2023-01-30 09:30:00+00:00,673.2,156.31,17.31,19.42,-7.88,0.83,0
2023-01-30 10:30:00+00:00,809.67,171.17,21.9,23.94,-6.32,0.9,0
2023-01-30 11:30:00+00:00,874.87,179.12,24.07,25.88,-4.58,1.1,0
2023-01-30 12:30:00+00:00,837.2,182.33,23.12,24.99,-3.57,1.17,0
2023-01-30 13:30:00+00:00,696.42,174.03,18.99,21.39,-4.36,1.31,0
2023-01-30 14:30:00+00:00,527.96,140.5,13.01,15.49,-4.38,1.31,0
2023-01-30 15:30:00+00:00,284.07,88.66,5.53,7.83,-4.81,1.38,0
2023-01-30 16:30:00+00:00,0.0,0.0,0.0,-1.07,-5.01,1.31,0
2023-01-30 17:30:00+00:00,0.0,0.0,0.0,0.0,-5.81,1.24,0
2023-01-30 18:30:00+00:00,0.0,0.0,0.0,0.0,-6.42,1.24,0
2023-01-30 19:30:00+00:00,0.0,0.0,0.0,0.0,-6.71,1.31,0
2023-01-30 20:30:00+00:00,0.0,0.0,0.0,0.0,-7.04,1.31,0
2023-01-30 21:30:00+00:00,0.0,0.0,0.0,0.0,-7.01,1.31,0
2023-01-30 22:30:00+00:00,0.0,0.0,0.0,0.0,-6.8,1.31,0
2023-01-30 23:30:00+00:00,0.0,0.0,0.0,0.0,-6.96,1.17,0
2023-01-31 00:30:00+00:00,0.0,0.0,0.0,0.0,-7.0,1.17,0
2023-01-31 01:30:00+00:00,0.0,0.0,0.0,0.0,-7.08,1.03,0
2023-01-31 02:30:00+00:00,0.0,0.0,0.0,0.0,-7.56,0.9,0
2023-01-31 03:30:00+00:00,0.0,0.0,0.0,0.0,-8.1,0.9,0
2023-01-31 04:30:00+00:00,0.0,0.0,0.0,0.0,-8.89,0.83,0
2023-01-31 05:30:00+00:00,0.0,0.0,0.0,0.0,-9.82,0.83,0
2023-01-31 06:30:00+00:00,0.0,0.0,0.0,0.0,-10.5,0.76,0
2023-01-31 07:30:00+00:00,0.0,16.31,1.28,4.8,-10.36,0.76,0
2023-01-31 08:30:00+00:00,350.91,132.76,9.64,13.01,-10.63,0.76,0
2023-01-31 09:30:00+00:00,531.95,186.94,16.19,19.66,-10.4,0.69,0
2023-01-31 10:30:00+00:00,771.19,180.24,21.66,24.2,-7.81,0.76,0
2023-01-31 11:30:00+00:00,799.53,189.49,23.16,26.16,-5.55,0.83,0
2023-01-31 12:30:00+00:00,827.18,177.3,23.01,25.27,-4.03,1.03,0
2023-01-31 13:30:00+00:00,684.38,170.31,18.89,21.67,-3.2,0.97,0
2023-01-31 14:30:00+00:00,522.18,135.94,13.0,15.76,-3.1,0.97,0
2023-01-31 15:30:00+00:00,246.74,85.9,5.34,8.08,-3.58,0.83,0
2023-01-31 16:30:00+00:00,0.0,0.0,0.0,-0.84,-4.22,0.76,0
2023-01-31 17:30:00+00:00,0.0,0.0,0.0,0.0,-5.06,0.76,0
2023-01-31 18:30:00+00:00,0.0,0.0,0.0,0.0,-5.44,0.83,0
2023-01-31 19:30:00+00:00,0.0,0.0,0.0,0.0,-5.86,0.83,0
2023-01-31 20:30:00+00:00,0.0,0.0,0.0,0.0,-6.13,0.76,0
2023-01-31 21:30:00+00:00,0.0,0.0,0.0,0.0,-6.42,0.76,0
2023-01-31 22:30:00+00:00,0.0,0.0,0.0,0.0,-6.63,0.69,0
2023-01-31 23:30:00+00:00,0.0,0.0,0.0,0.0,-6.88,0.69,0
2023-02-01 00:30:00+00:00,0.0,0.0,0.0,0.0,-7.28,0.69,0
2023-02-01 01:30:00+00:00,0.0,0.0,0.0,0.0,-7.3,0.76,0
2023-02-01 02:30:00+00:00,0.0,0.0,0.0,0.0,-7.41,0.76,0
2023-02-01 03:30:00+00:00,0.0,0.0,0.0,0.0,-7.61,0.76,0
2023-02-01 04:30:00+00:00,0.0,0.0,0.0,0.0,-7.62,0.76,0
2023-02-01 05:30:00+00:00,0.0,0.0,0.0,0.0,-7.62,0.83,0
2023-02-01 06:30:00+00:00,0.0,0.0,0.0,-4.3,-7.57,0.97,0
2023-02-01 07:30:00+00:00,0.0,17.23,1.35,5.0,-7.91,0.9,0
2023-02-01 08:30:00+00:00,385.99,128.04,10.03,13.23,-7.81,1.03,0
2023-02-01 09:30:00+00:00,545.49,143.15,15.25,19.9,-7.23,1.03,0
2023-02-01 10:30:00+00:00,622.64,202.34,19.92,24.47,-6.06,0.97,0
2023-02-01 11:30:00+00:00,762.76,205.54,23.15,26.44,-4.99,1.1,0
2023-02-01 12:30:00+00:00,822.44,176.66,23.12,25.56,-5.65,1.24,0
2023-02-01 13:30:00+00:00,748.87,165.02,20.08,21.95,-4.97,1.1,0
2023-02-01 14:30:00+00:00,490.49,133.82,12.68,16.02,-4.65,1.17,0
2023-02-01 15:30:00+00:00,298.8,94.28,6.09,8.34,-4.53,1.1,0
2023-02-01 16:30:00+00:00,0.0,0.0,0.0,-0.6,-5.18,1.03,0
2023-02-01 17:30:00+00:00,0.0,0.0,0.0,0.0,-5.94,1.03,0
2023-02-01 18:30:00+00:00,0.0,0.0,0.0,0.0,-6.5,1.03,0
2023-02-01 19:30:00+00:00,0.0,0.0,0.0,0.0,-6.71,1.03,0
2023-02-01 20:30:00+00:00,0.0,0.0,0.0,0.0,-7.25,1.1,0
2023-02-01 21:30:00+00:00,0.0,0.0,0.0,0.0,-7.6,1.1,0
2023-02-01 22:30:00+00:00,0.0,0.0,0.0,0.0,-7.68,1.17,0
2023-02-01 23:30:00+00:00,0.0,0.0,0.0,0.0,-7.62,1.17,0
2023-02-02 00:30:00+00:00,0.0,0.0,0.0,0.0,-7.77,1.17,0
2023-02-02 01:30:00+00:00,0.0,0.0,0.0,0.0,-8.3,1.17,0
2023-02-02 02:30:00+00:00,0.0,0.0,0.0,0.0,-8.55,1.1,0
2023-02-02 03:30:00+00:00,0.0,0.0,0.0,0.0,-8.84,1.1,0
2023-02-02 04:30:00+00:00,0.0,0.0,0.0,0.0,-8.69,1.1,0
2023-02-02 05:30:00+00:00,0.0,0.0,0.0,0.0,-8.79,1.1,0
2023-02-02 06:30:00+00:00,0.0,0.0,0.0,-4.11,-9.18,1.03,0
2023-02-02 07:30:00+00:00,0.0,21.45,1.68,5.21,-8.02,1.1,0
2023-02-02 08:30:00+00:00,171.15,118.99,7.86,13.45,-8.44,0.97,0
2023-02-02 09:30:00+00:00,279.6,200.92,13.91,20.15,-8.59,1.03,0
2023-02-02 10:30:00+00:00,359.78,228.8,17.14,24.74,-8.25,1.1,0
2023-02-02 11:30:00+00:00,414.68,273.83,20.15,26.72,-7.09,1.17,0
2023-02-02 12:30:00+00:00,426.94,241.34,18.8,25.85,-5.5,1.31,0
2023-02-02 13:30:00+00:00,410.85,132.29,13.5,22.23,-5.18,1.31,0
2023-02-02 14:30:00+00:00,332.29,156.21,11.55,16.29,-5.33,1.31,0
2023-02-02 15:30:00+00:00,197.12,82.11,5.17,8.59,-5.27,1.17,0
2023-02-02 16:30:00+00:00,0.0,0.0,0.0,-0.36,-5.23,1.1,0
2023-02-02 17:30:00+00:00,0.0,0.0,0.0,0.0,-6.0,1.03,0
2023-02-02 18:30:00+00:00,0.0,0.0,0.0,0.0,-7.96,0.9,0
2023-02-02 19:30:00+00:00,0.0,0.0,0.0,0.0,-5.7,0.9,0
2023-02-02 20:30:00+00:00,0.0,0.0,0.0,0.0,-6.41,0.9,0
2023-02-02 21:30:00+00:00,0.0,0.0,0.0,0.0,-7.08,0.9,0
2023-02-02 22:30:00+00:00,0.0,0.0,0.0,0.0,-7.53,0.9,0
2023-02-02 23:30:00+00:00,0.0,0.0,0.0,0.0,-8.59,0.83,0
2023-02-03 00:30:00+00:00,0.0,0.0,0.0,0.0,-9.32,0.76,0
2023-02-03 01:30:00+00:00,0.0,0.0,0.0,0.0,-10.44,0.76,0
2023-02-03 02:30:00+00:00,0.0,0.0,0.0,0.0,-10.95,0.76,0
2023-02-03 03:30:00+00:00,0.0,0.0,0.0,0.0,-11.35,0.76,0
2023-02-03 04:30:00+00:00,0.0,0.0,0.0,0.0,-11.91,0.69,0
2023-02-03 05:30:00+00:00,0.0,0.0,0.0,0.0,-12.31,0.62,0
2023-02-03 06:30:00+00:00,0.0,0.0,0.0,-3.92,-11.81,0.76,0
2023-02-03 07:30:00+00:00,0.0,24.48,1.92,5.42,-12.39,0.69,0
2023-02-03 08:30:00+00:00,359.55,145.73,10.57,13.68,-10.16,0.76,0
2023-02-03 09:30:00+00:00,639.12,168.2,17.88,20.4,-8.18,0.83,0
2023-02-03 10:30:00+00:00,796.12,176.71,22.67,25.01,-5.36,0.83,0
2023-02-03 11:30:00+00:00,841.06,183.6,24.44,27.01,-2.63,0.9,0
2023-02-03 12:30:00+00:00,856.25,178.96,24.3,26.14,-1.08,1.1,0
2023-02-03 13:30:00+00:00,724.99,170.71,20.26,22.51,-0.35,1.17,0
2023-02-03 14:30:00+00:00,566.08,139.97,14.35,16.56,0.06,1.17,0
2023-02-03 15:30:00+00:00,312.97,95.3,6.56,8.85,-0.45,1.17,0
2023-02-03 16:30:00+00:00,0.0,0.0,0.0,-0.12,-1.15,1.1,0
2023-02-03 17:30:00+00:00,0.0,0.0,0.0,0.0,-2.06,1.1,0
2023-02-03 18:30:00+00:00,0.0,0.0,0.0,0.0,-2.74,1.1,0
2023-02-03 19:30:00+00:00,0.0,0.0,0.0,0.0,-3.11,1.03,0
2023-02-03 20:30:00+00:00,0.0,0.0,0.0,0.0,-3.68,1.03,0
2023-02-03 21:30:00+00:00,0.0,0.0,0.0,0.0,-4.07,1.1,0
2023-02-03 22:30:00+00:00,0.0,0.0,0.0,0.0,-4.26,1.1,0
2023-02-03 23:30:00+00:00,0.0,0.0,0.0,0.0,-4.19,1.24,0
2023-02-04 00:30:00+00:00,0.0,0.0,0.0,0.0,-4.02,1.24,0
2023-02-04 01:30:00+00:00,0.0,0.0,0.0,0.0,-4.0,1.31,0
2023-02-04 02:30:00+00:00,0.0,0.0,0.0,0.0,-4.29,1.38,0
2023-02-04 03:30:00+00:00,0.0,0.0,0.0,0.0,-4.12,1.38,0
2023-02-04 04:30:00+00:00,0.0,0.0,0.0,0.0,-4.11,1.38,0
2023-02-04 05:30:00+00:00,0.0,0.0,0.0,0.0,-3.98,1.45,0
2023-02-04 06:30:00+00:00,0.0,0.0,0.0,-3.72,-3.85,1.45,0
2023-02-04 07:30:00+00:00,0.0,16.66,1.31,5.63,-3.94,1.52,0
2023-02-04 08:30:00+00:00,113.45,81.5,5.92,13.92,-3.97,1.45,0
2023-02-04 09:30:00+00:00,118.05,132.66,9.49,20.66,-4.05,1.38,0
2023-02-04 10:30:00+00:00,144.12,162.34,11.85,25.3,-3.59,1.31,0
2023-02-04 11:30:00+00:00,173.42,193.11,14.01,27.31,-3.21,1.24,0
2023-02-04 12:30:00+00:00,310.77,192.65,15.49,26.44,-2.89,1.31,0
2023-02-04 13:30:00+00:00,233.6,189.38,13.69,22.8,-2.41,1.31,0
2023-02-04 14:30:00+00:00,158.32,124.63,8.83,16.84,-2.32,1.45,0
2023-02-04 15:30:00+00:00,108.47,68.63,4.41,9.11,-2.68,1.24,0
2023-02-04 16:30:00+00:00,0.0,4.72,0.37,0.13,-2.49,1.1,0
2023-02-04 17:30:00+00:00,0.0,0.0,0.0,0.0,-2.18,0.97,0
2023-02-04 18:30:00+00:00,0.0,0.0,0.0,0.0,-2.49,0.9,0
2023-02-04 19:30:00+00:00,0.0,0.0,0.0,0.0,-2.43,0.97,0
2023-02-04 20:30:00+00:00,0.0,0.0,0.0,0.0,-3.33,0.9,0
2023-02-04 21:30:00+00:00,0.0,0.0,0.0,0.0,-4.06,0.76,0
2023-02-04 22:30:00+00:00,0.0,0.0,0.0,0.0,-4.4,0.69,0
2023-02-04 23:30:00+00:00,0.0,0.0,0.0,0.0,-5.21,0.69,0
2023-02-05 00:30:00+00:00,0.0,0.0,0.0,0.0,-6.2,0.62,0
2023-02-05 01:30:00+00:00,0.0,0.0,0.0,0.0,-6.35,0.69,0
2023-02-05 02:30:00+00:00,0.0,0.0,0.0,0.0,-7.1,0.69,0
2023-02-05 03:30:00+00:00,0.0,0.0,0.0,0.0,-7.88,0.69,0
2023-02-05 04:30:00+00:00,0.0,0.0,0.0,0.0,-8.76,0.69,0
2023-02-05 05:30:00+00:00,0.0,0.0,0.0,0.0,-8.98,0.76,0
2023-02-05 06:30:00+00:00,0.0,0.0,0.0,-3.51,-9.33,0.76,0
2023-02-05 07:30:00+00:00,0.0,25.12,1.97,5.85,-9.4,0.83,0
2023-02-05 08:30:00+00:00,270.41,143.14,9.88,14.16,-8.46,0.9,0
2023-02-05 09:30:00+00:00,454.94,217.0,16.96,20.93,-7.1,0.97,0
2023-02-05 10:30:00+00:00,599.15,221.34,20.88,25.58,-5.31,0.97,0
2023-02-05 11:30:00+00:00,705.25,224.98,23.53,27.61,-4.44,1.1,0
2023-02-05 12:30:00+00:00,571.91,177.53,19.27,26.74,-3.51,1.31,0
2023-02-05 13:30:00+00:00,447.89,159.49,15.52,23.1,-3.06,1.17,0
2023-02-05 14:30:00+00:00,267.6,118.87,9.82,17.12,-3.09,1.1,0
2023-02-05 15:30:00+00:00,190.66,75.69,5.27,9.37,-3.14,0.97,0
2023-02-05 16:30:00+00:00,0.0,4.18,0.33,0.37,-3.14,0.69,0
2023-02-05 17:30:00+00:00,0.0,0.0,0.0,0.0,-3.92,0.62,0
2023-02-05 18:30:00+00:00,0.0,0.0,0.0,0.0,-4.83,0.62,0
2023-02-05 19:30:00+00:00,0.0,0.0,0.0,0.0,-4.73,0.62,0
2023-02-05 20:30:00+00:00,0.0,0.0,0.0,0.0,-5.25,0.62,0
2023-02-05 21:30:00+00:00,0.0,0.0,0.0,0.0,-5.57,0.55,0
2023-02-05 22:30:00+00:00,0.0,0.0,0.0,0.0,-5.81,0.48,0
2023-02-05 23:30:00+00:00,0.0,0.0,0.0,0.0,-5.92,0.41,0
2023-02-06 00:30:00+00:00,0.0,0.0,0.0,0.0,-6.08,0.34,0
2023-02-06 01:30:00+00:00,0.0,0.0,0.0,0.0,-6.49,0.28,0
2023-02-06 02:30:00+00:00,0.0,0.0,0.0,0.0,-6.68,0.21,0
2023-02-06 03:30:00+00:00,0.0,0.0,0.0,0.0,-7.09,0.21,0
2023-02-06 04:30:00+00:00,0.0,0.0,0.0,0.0,-7.84,0.21,0
2023-02-06 05:30:00+00:00,0.0,0.0,0.0,0.0,-8.76,0.14,0
2023-02-06 06:30:00+00:00,0.0,0.0,0.0,-3.3,-9.45,0.0,0
2023-02-06 07:30:00+00:00,0.0,24.29,1.9,6.08,-10.28,0.0,0
2023-02-06 08:30:00+00:00,253.74,120.71,9.04,14.41,-10.15,0.07,0
2023-02-06 09:30:00+00:00,515.03,153.23,15.93,21.2,-8.82,0.0,0
2023-02-06 10:30:00+00:00,732.01,147.69,21.22,25.87,-6.53,0.0,0
2023-02-06 11:30:00+00:00,762.03,126.66,21.78,27.91,-4.17,0.21,0
2023-02-06 12:30:00+00:00,648.75,172.69,20.72,27.05,-3.08,0.48,0
2023-02-06 13:30:00+00:00,564.41,126.9,16.61,23.39,-2.54,0.55,0
2023-02-06 14:30:00+00:00,417.82,146.22,12.93,17.4,-2.49,0.62,0
2023-02-06 15:30:00+00:00,258.06,89.61,6.4,9.63,-2.64,0.62,0
2023-02-06 16:30:00+00:00,0.0,4.69,0.37,0.62,-3.29,0.55,0
2023-02-06 17:30:00+00:00,0.0,0.0,0.0,0.0,-4.19,0.55,0
2023-02-06 18:30:00+00:00,0.0,0.0,0.0,0.0,-4.87,0.55,0
2023-02-06 19:30:00+00:00,0.0,0.0,0.0,0.0,-5.83,0.41,0
2023-02-06 20:30:00+00:00,0.0,0.0,0.0,0.0,-6.41,0.34,0
2023-02-06 21:30:00+00:00,0.0,0.0,0.0,0.0,-6.95,0.48,0
2023-02-06 22:30:00+00:00,0.0,0.0,0.0,0.0,-7.94,0.83,0
2023-02-06 23:30:00+00:00,0.0,0.0,0.0,0.0,-10.39,1.52,0
2023-02-07 00:30:00+00:00,0.0,0.0,0.0,0.0,-10.51,1.38,0
2023-02-07 01:30:00+00:00,0.0,0.0,0.0,0.0,-10.62,1.38,0
2023-02-07 02:30:00+00:00,0.0,0.0,0.0,0.0,-11.4,1.1,0
2023-02-07 03:30:00+00:00,0.0,0.0,0.0,0.0,-11.35,0.83,0
2023-02-07 04:30:00+00:00,0.0,0.0,0.0,0.0,-11.74,0.55,0
2023-02-07 05:30:00+00:00,0.0,0.0,0.0,0.0,-12.41,0.48,0
2023-02-07 06:30:00+00:00,0.0,0.0,0.0,-3.09,-13.28,0.34,0
2023-02-07 07:30:00+00:00,0.0,30.54,2.39,6.31,-13.36,0.34,0
2023-02-07 08:30:00+00:00,296.18,165.03,11.18,14.66,-13.06,0.34,0
2023-02-07 09:30:00+00:00,458.34,238.67,18.1,21.47,-12.42,0.34,0
2023-02-07 10:30:00+00:00,702.23,244.69,23.85,26.17,-10.86,0.28,0
2023-02-07 11:30:00+00:00,895.88,191.65,26.74,28.22,-8.93,0.34,0
2023-02-07 12:30:00+00:00,879.61,183.79,25.89,27.36,-7.12,0.28,0
2023-02-07 13:30:00+00:00,768.55,171.59,22.03,23.69,-6.0,0.14,0
2023-02-07 14:30:00+00:00,582.12,147.97,15.69,17.68,-5.32,0.41,0
2023-02-07 15:30:00+00:00,336.51,104.58,7.74,9.89,-5.29,0.41,0
2023-02-07 16:30:00+00:00,0.0,6.54,0.51,0.87,-6.09,0.48,0
2023-02-07 17:30:00+00:00,0.0,0.0,0.0,0.0,-7.24,0.48,0
2023-02-07 18:30:00+00:00,0.0,0.0,0.0,0.0,-8.36,0.34,0
2023-02-07 19:30:00+00:00,0.0,0.0,0.0,0.0,-9.19,0.28,0
2023-02-07 20:30:00+00:00,0.0,0.0,0.0,0.0,-10.0,0.21,0
2023-02-07 21:30:00+00:00,0.0,0.0,0.0,0.0,-10.58,0.07,0
2023-02-07 22:30:00+00:00,0.0,0.0,0.0,0.0,-11.07,0.14,0
2023-02-07 23:30:00+00:00,0.0,0.0,0.0,0.0,-11.31,0.41,0
2023-02-08 00:30:00+00:00,0.0,0.0,0.0,0.0,-11.37,0.62,0
2023-02-08 01:30:00+00:00,0.0,0.0,0.0,0.0,-11.81,0.55,0
2023-02-08 02:30:00+00:00,0.0,0.0,0.0,0.0,-12.02,0.48,0
2023-02-08 03:30:00+00:00,0.0,0.0,0.0,0.0,-12.37,0.41,0
2023-02-08 04:30:00+00:00,0.0,0.0,0.0,0.0,-12.68,0.34,0
2023-02-08 05:30:00+00:00,0.0,0.0,0.0,0.0,-12.88,0.28,0
2023-02-08 06:30:00+00:00,0.0,0.0,0.0,-2.87,-13.24,0.21,0
2023-02-08 07:30:00+00:00,0.0,25.79,2.02,6.54,-13.95,0.21,0
2023-02-08 08:30:00+00:00,380.86,142.75,11.56,14.92,-13.66,0.21,0
2023-02-08 09:30:00+00:00,654.8,179.6,19.56,21.75,-11.28,0.21,0
2023-02-08 10:30:00+00:00,783.64,208.77,24.53,26.47,-9.08,0.41,0
2023-02-08 11:30:00+00:00,863.65,194.3,26.4,28.54,-7.92,0.69,0
2023-02-08 12:30:00+00:00,867.3,185.86,25.95,27.67,-7.3,0.76,0
2023-02-08 13:30:00+00:00,707.97,180.63,21.38,23.99,-6.92,0.69,0
2023-02-08 14:30:00+00:00,476.51,154.99,14.44,17.96,-6.98,0.62,0
2023-02-08 15:30:00+00:00,303.76,104.06,7.57,10.16,-7.46,0.48,0
2023-02-08 16:30:00+00:00,0.0,7.21,0.57,1.12,-8.5,0.48,0
2023-02-08 17:30:00+00:00,0.0,0.0,0.0,0.0,-9.85,0.48,0
2023-02-08 18:30:00+00:00,0.0,0.0,0.0,0.0,-11.2,0.34,0
2023-02-08 19:30:00+00:00,0.0,0.0,0.0,0.0,-12.01,0.34,0
2023-02-08 20:30:00+00:00,0.0,0.0,0.0,0.0,-14.28,0.21,0
2023-02-08 21:30:00+00:00,0.0,0.0,0.0,0.0,-14.74,0.28,0
2023-02-08 22:30:00+00:00,0.0,0.0,0.0,0.0,-15.27,0.28,0
2023-02-08 23:30:00+00:00,0.0,0.0,0.0,0.0,-15.63,0.21,0
2023-02-09 00:30:00+00:00,0.0,0.0,0.0,0.0,-16.33,0.28,0
2023-02-09 01:30:00+00:00,0.0,0.0,0.0,0.0,-17.88,0.21,0
2023-02-09 02:30:00+00:00,0.0,0.0,0.0,0.0,-18.07,0.14,0
2023-02-09 03:30:00+00:00,0.0,0.0,0.0,0.0,-18.5,0.07,0
2023-02-09 04:30:00+00:00,0.0,0.0,0.0,0.0,-18.98,0.07,0
2023-02-09 05:30:00+00:00,0.0,0.0,0.0,0.0,-19.16,0.14,0
2023-02-09 06:30:00+00:00,0.0,0.0,0.0,-2.64,-19.21,0.21,0
2023-02-09 07:30:00+00:00,0.0,27.32,2.14,6.79,-19.09,0.14,0
2023-02-09 08:30:00+00:00,419.55,133.64,11.98,15.18,-17.46,0.21,0
2023-02-09 09:30:00+00:00,602.97,144.94,17.8,22.04,-14.16,0.21,0
2023-02-09 10:30:00+00:00,756.27,180.79,23.38,26.78,-10.92,0.14,0
2023-02-09 11:30:00+00:00,749.52,166.58,23.41,28.86,-8.53,0.07,0
2023-02-09 12:30:00+00:00,825.39,189.34,25.43,27.99,-7.52,0.21,0
2023-02-09 13:30:00+00:00,710.48,186.78,21.85,24.3,-6.87,0.34,0
2023-02-09 14:30:00+00:00,566.51,144.12,15.77,18.25,-6.59,0.34,0
2023-02-09 15:30:00+00:00,345.96,102.04,8.15,10.43,-7.05,0.21,0
2023-02-09 16:30:00+00:00,0.0,7.79,0.61,1.37,-7.91,0.34,0
2023-02-09 17:30:00+00:00,0.0,0.0,0.0,0.0,-9.18,0.41,0
2023-02-09 18:30:00+00:00,0.0,0.0,0.0,0.0,-10.34,0.48,0
2023-02-09 19:30:00+00:00,0.0,0.0,0.0,0.0,-11.24,0.21,0
2023-02-09 20:30:00+00:00,0.0,0.0,0.0,0.0,-12.12,0.28,0
2023-02-09 21:30:00+00:00,0.0,0.0,0.0,0.0,-12.73,0.28,0
2023-02-09 22:30:00+00:00,0.0,0.0,0.0,0.0,-13.17,0.34,0
2023-02-09 23:30:00+00:00,0.0,0.0,0.0,0.0,-13.48,0.41,0
2023-02-10 00:30:00+00:00,0.0,0.0,0.0,0.0,-13.79,0.41,0
2023-02-10 01:30:00+00:00,0.0,0.0,0.0,0.0,-13.68,0.48,0
2023-02-10 02:30:00+00:00,0.0,0.0,0.0,0.0,-13.98,0.55,0
2023-02-10 03:30:00+00:00,0.0,0.0,0.0,0.0,-14.09,0.62,0
2023-02-10 04:30:00+00:00,0.0,0.0,0.0,0.0,-14.22,0.55,0
2023-02-10 05:30:00+00:00,0.0,0.0,0.0,0.0,-13.86,0.55,0
2023-02-10 06:30:00+00:00,0.0,0.0,0.0,-2.41,-13.41,0.48,0
2023-02-10 07:30:00+00:00,0.0,28.21,2.21,7.03,-14.57,0.48,0
2023-02-10 08:30:00+00:00,472.74,140.73,13.16,15.45,-13.74,0.34,0
2023-02-10 09:30:00+00:00,696.99,166.13,20.42,22.33,-11.62,0.34,0
2023-02-10 10:30:00+00:00,824.7,185.88,25.18,27.09,-8.41,0.34,0
2023-02-10 11:30:00+00:00,901.24,187.55,27.51,29.18,-5.54,0.21,0
2023-02-10 12:30:00+00:00,875.65,185.65,26.64,28.31,-3.73,0.21,0
2023-02-10 13:30:00+00:00,771.62,171.12,22.83,24.61,-2.83,0.34,0
2023-02-10 14:30:00+00:00,569.97,147.89,16.17,18.54,-2.93,0.41,0
2023-02-10 15:30:00+00:00,343.95,106.59,8.44,10.69,-3.74,0.41,0
2023-02-10 16:30:00+00:00,0.0,8.2,0.64,1.62,-4.94,0.41,0
2023-02-10 17:30:00+00:00,0.0,0.0,0.0,0.0,-6.54,0.41,0
2023-02-10 18:30:00+00:00,0.0,0.0,0.0,0.0,-7.88,0.41,0
2023-02-10 19:30:00+00:00,0.0,0.0,0.0,0.0,-8.21,0.41,0
2023-02-10 20:30:00+00:00,0.0,0.0,0.0,0.0,-8.89,0.34,0
2023-02-10 21:30:00+00:00,0.0,0.0,0.0,0.0,-9.4,0.41,0
2023-02-10 22:30:00+00:00,0.0,0.0,0.0,0.0,-9.72,0.34,0
2023-02-10 23:30:00+00:00,0.0,0.0,0.0,0.0,-9.96,0.28,0
2023-02-11 00:30:00+00:00,0.0,0.0,0.0,0.0,-11.12,0.34,0
2023-02-11 01:30:00+00:00,0.0,0.0,0.0,0.0,-10.98,0.34,0
2023-02-11 02:30:00+00:00,0.0,0.0,0.0,0.0,-10.75,0.34,0
2023-02-11 03:30:00+00:00,0.0,0.0,0.0,0.0,-10.49,0.34,0
2023-02-11 04:30:00+00:00,0.0,0.0,0.0,0.0,-10.27,0.34,0
2023-02-11 05:30:00+00:00,0.0,0.0,0.0,0.0,-10.01,0.34,0
2023-02-11 06:30:00+00:00,0.0,0.0,0.0,-2.18,-9.78,0.41,0
2023-02-11 07:30:00+00:00,0.0,29.36,2.3,7.28,-10.83,0.34,0
2023-02-11 08:30:00+00:00,407.8,144.78,12.54,15.72,-9.71,0.34,0
2023-02-11 09:30:00+00:00,614.66,181.59,19.57,22.63,-7.78,0.28,0
2023-02-11 10:30:00+00:00,768.67,199.85,24.7,27.4,-4.94,0.28,0
2023-02-11 11:30:00+00:00,779.36,226.33,26.38,29.51,-1.91,0.34,0
2023-02-11 12:30:00+00:00,845.35,175.64,25.95,28.63,0.18,0.34,0
2023-02-11 13:30:00+00:00,733.92,165.18,22.15,24.92,1.01,0.34,0
2023-02-11 14:30:00+00:00,554.64,142.15,15.96,18.83,0.8,0.34,0
2023-02-11 15:30:00+00:00,322.98,100.88,8.23,10.96,0.16,0.34,0
2023-02-11 16:30:00+00:00,0.0,8.52,0.67,1.87,-0.9,0.41,0
2023-02-11 17:30:00+00:00,0.0,0.0,0.0,0.0,-2.3,0.41,0
2023-02-11 18:30:00+00:00,0.0,0.0,0.0,0.0,-3.44,0.41,0
2023-02-11 19:30:00+00:00,0.0,0.0,0.0,0.0,-3.93,0.41,0
2023-02-11 20:30:00+00:00,0.0,0.0,0.0,0.0,-4.6,0.41,0
2023-02-11 21:30:00+00:00,0.0,0.0,0.0,0.0,-5.18,0.34,0
2023-02-11 22:30:00+00:00,0.0,0.0,0.0,0.0,-5.56,0.34,0
2023-02-11 23:30:00+00:00,0.0,0.0,0.0,0.0,-5.84,0.34,0
2023-02-12 00:30:00+00:00,0.0,0.0,0.0,0.0,-6.01,0.34,0
2023-02-12 01:30:00+00:00,0.0,0.0,0.0,0.0,-6.17,0.34,0
2023-02-12 02:30:00+00:00,0.0,0.0,0.0,0.0,-6.37,0.34,0
2023-02-12 03:30:00+00:00,0.0,0.0,0.0,0.0,-6.5,0.34,0
2023-02-12 04:30:00+00:00,0.0,0.0,0.0,0.0,-6.67,0.34,0
2023-02-12 05:30:00+00:00,0.0,0.0,0.0,0.0,-6.78,0.34,0
2023-02-12 06:30:00+00:00,0.0,0.0,0.0,-1.94,-6.92,0.34,0
2023-02-12 07:30:00+00:00,0.0,26.87,2.1,7.54,-6.76,0.28,0
2023-02-12 08:30:00+00:00,477.4,128.3,13.3,16.0,-6.42,0.21,0
2023-02-12 09:30:00+00:00,681.17,156.89,20.33,22.93,-4.98,0.14,0
2023-02-12 10:30:00+00:00,816.98,173.0,25.14,27.72,-2.42,0.07,0
2023-02-12 11:30:00+00:00,877.5,177.59,27.22,29.84,0.59,0.0,0
2023-02-12 12:30:00+00:00,850.17,176.08,26.32,28.96,2.66,0.0,0
2023-02-12 13:30:00+00:00,746.83,164.47,22.64,25.23,3.36,0.07,0
2023-02-12 14:30:00+00:00,566.8,142.71,16.42,19.12,2.94,0.07,0
2023-02-12 15:30:00+00:00,333.36,102.73,8.59,11.23,2.17,0.14,0
2023-02-12 16:30:00+00:00,0.0,9.19,0.72,2.13,1.14,0.21,0
2023-02-12 17:30:00+00:00,0.0,0.0,0.0,0.0,-0.17,0.28,0
2023-02-12 18:30:00+00:00,0.0,0.0,0.0,0.0,-1.28,0.28,0
2023-02-12 19:30:00+00:00,0.0,0.0,0.0,0.0,-2.02,0.07,0
2023-02-12 20:30:00+00:00,0.0,0.0,0.0,0.0,-2.66,0.07,0
2023-02-12 21:30:00+00:00,0.0,0.0,0.0,0.0,-3.09,0.0,0
2023-02-12 22:30:00+00:00,0.0,0.0,0.0,0.0,-3.36,0.0,0
2023-02-12 23:30:00+00:00,0.0,0.0,0.0,0.0,-3.58,0.07,0
2023-02-13 00:30:00+00:00,0.0,0.0,0.0,0.0,-3.74,0.07,0
2023-02-13 01:30:00+00:00,0.0,0.0,0.0,0.0,-4.28,0.07,0
2023-02-13 02:30:00+00:00,0.0,0.0,0.0,0.0,-4.31,0.07,0
2023-02-13 03:30:00+00:00,0.0,0.0,0.0,0.0,-4.29,0.14,0
2023-02-13 04:30:00+00:00,0.0,0.0,0.0,0.0,-4.41,0.21,0
2023-02-13 05:30:00+00:00,0.0,0.0,0.0,0.0,-4.43,0.28,0
2023-02-13 06:30:00+00:00,0.0,0.0,0.0,-1.69,-4.51,0.34,0
2023-02-13 07:30:00+00:00,0.0,29.3,2.3,7.8,-9.07,0.48,0
2023-02-13 08:30:00+00:00,441.28,142.03,13.35,16.28,-7.64,0.48,0
2023-02-13 09:30:00+00:00,691.95,162.87,20.96,23.23,-5.76,0.41,0
2023-02-13 10:30:00+00:00,834.96,174.69,25.84,28.05,-2.65,0.34,0
2023-02-13 11:30:00+00:00,897.17,179.69,27.99,30.17,0.66,0.34,0
2023-02-13 12:30:00+00:00,870.71,177.39,27.08,29.29,2.73,0.41,0
2023-02-13 13:30:00+00:00,763.62,166.72,23.31,25.55,3.47,0.41,0
2023-02-13 14:30:00+00:00,584.68,144.8,17.04,19.41,3.1,0.41,0
2023-02-13 15:30:00+00:00,347.16,106.01,9.04,11.51,2.24,0.34,0
2023-02-13 16:30:00+00:00,0.0,9.96,0.78,2.38,0.94,0.34,0
2023-02-13 17:30:00+00:00,0.0,0.0,0.0,0.0,-0.82,0.34,0
2023-02-13 18:30:00+00:00,0.0,0.0,0.0,0.0,-2.31,0.28,0
2023-02-13 19:30:00+00:00,0.0,0.0,0.0,0.0,-3.01,0.21,0
2023-02-13 20:30:00+00:00,0.0,0.0,0.0,0.0,-3.73,0.14,0
2023-02-13 21:30:00+00:00,0.0,0.0,0.0,0.0,-4.15,0.14,0
2023-02-13 22:30:00+00:00,0.0,0.0,0.0,0.0,-4.44,0.14,0
2023-02-13 23:30:00+00:00,0.0,0.0,0.0,0.0,-4.67,0.14,0
2023-02-14 00:30:00+00:00,0.0,0.0,0.0,0.0,-4.82,0.14,0
2023-02-14 01:30:00+00:00,0.0,0.0,0.0,0.0,-5.57,0.28,0
2023-02-14 02:30:00+00:00,0.0,0.0,0.0,0.0,-6.58,0.34,0
2023-02-14 03:30:00+00:00,0.0,0.0,0.0,0.0,-7.19,0.34,0
2023-02-14 04:30:00+00:00,0.0,0.0,0.0,0.0,-7.62,0.41,0
2023-02-14 05:30:00+00:00,0.0,0.0,0.0,0.0,-7.72,0.41,0
2023-02-14 06:30:00+00:00,0.0,0.0,0.0,-1.44,-7.94,0.34,0
2023-02-14 07:30:00+00:00,0.0,30.41,2.38,8.07,-8.4,0.34,0
2023-02-14 08:30:00+00:00,448.09,143.94,13.73,16.57,-7.32,0.28,0
2023-02-14 09:30:00+00:00,668.66,171.33,21.01,23.54,-5.32,0.14,0
2023-02-14 10:30:00+00:00,844.74,176.63,26.38,28.38,-2.32,0.07,0
2023-02-14 11:30:00+00:00,907.3,179.39,28.48,30.51,1.21,0.07,0
2023-02-14 12:30:00+00:00,878.75,177.82,27.54,29.63,3.49,0.14,0
2023-02-14 13:30:00+00:00,772.32,166.09,23.73,25.86,4.23,0.14,0
2023-02-14 14:30:00+00:00,589.46,145.05,17.37,19.71,3.72,0.14,0
2023-02-14 15:30:00+00:00,352.53,106.6,9.33,11.78,2.84,0.07,0
2023-02-14 16:30:00+00:00,0.0,10.53,0.82,2.64,1.6,0.0,0
2023-02-14 17:30:00+00:00,0.0,0.0,0.0,0.0,0.04,0.0,0
2023-02-14 18:30:00+00:00,0.0,0.0,0.0,0.0,-1.22,0.0,0
2023-02-14 19:30:00+00:00,0.0,0.0,0.0,0.0,-2.69,0.0,0
2023-02-14 20:30:00+00:00,0.0,0.0,0.0,0.0,-2.83,0.0,0
2023-02-14 21:30:00+00:00,0.0,0.0,0.0,0.0,-2.83,0.0,0
2023-02-14 22:30:00+00:00,0.0,0.0,0.0,0.0,-2.72,0.07,0
2023-02-14 23:30:00+00:00,0.0,0.0,0.0,0.0,-2.43,0.07,0
2023-02-15 00:30:00+00:00,0.0,0.0,0.0,0.0,-2.2,0.07,0
2023-02-15 01:30:00+00:00,0.0,0.0,0.0,0.0,-1.84,0.07,0
2023-02-15 02:30:00+00:00,0.0,0.0,0.0,0.0,-1.65,0.0,0
2023-02-15 03:30:00+00:00,0.0,0.0,0.0,0.0,-1.5,0.0,0
2023-02-15 04:30:00+00:00,0.0,0.0,0.0,0.0,-1.51,0.0,0
2023-02-15 05:30:00+00:00,0.0,0.0,0.0,0.0,-1.65,0.0,0
2023-02-15 06:30:00+00:00,0.0,0.0,0.0,-1.19,-1.96,0.0,0
2023-02-15 07:30:00+00:00,0.0,28.79,2.25,8.34,-2.88,0.07,0
2023-02-15 08:30:00+00:00,505.43,129.55,14.48,16.86,-2.6,0.07,0
2023-02-15 09:30:00+00:00,704.72,156.47,21.54,23.85,-1.81,0.0,0
2023-02-15 10:30:00+00:00,838.14,172.8,26.39,28.71,0.13,0.07,0
2023-02-15 11:30:00+00:00,896.98,178.52,28.5,30.85,2.66,0.14,0
2023-02-15 12:30:00+00:00,872.81,175.59,27.61,29.96,4.16,0.28,0
2023-02-15 13:30:00+00:00,766.18,164.57,23.81,26.18,4.63,0.28,0
2023-02-15 14:30:00+00:00,586.27,143.16,17.5,20.01,4.21,0.21,0
2023-02-15 15:30:00+00:00,351.3,105.25,9.47,12.05,3.19,0.14,0
2023-02-15 16:30:00+00:00,0.0,10.98,0.86,2.89,1.92,0.07,0
2023-02-15 17:30:00+00:00,0.0,0.0,0.0,0.0,0.23,0.14,0
2023-02-15 18:30:00+00:00,0.0,0.0,0.0,0.0,-1.33,0.14,0
2023-02-15 19:30:00+00:00,0.0,0.0,0.0,0.0,-2.13,0.21,0
2023-02-15 20:30:00+00:00,0.0,0.0,0.0,0.0,-2.95,0.21,0
2023-02-15 21:30:00+00:00,0.0,0.0,0.0,0.0,-3.5,0.14,0
2023-02-15 22:30:00+00:00,0.0,0.0,0.0,0.0,-3.94,0.14,0
2023-02-15 23:30:00+00:00,0.0,0.0,0.0,0.0,-4.29,0.14,0
2023-02-16 00:30:00+00:00,0.0,0.0,0.0,0.0,-4.56,0.14,0
2023-02-16 01:30:00+00:00,0.0,0.0,0.0,0.0,-4.63,0.21,0
2023-02-16 02:30:00+00:00,0.0,0.0,0.0,0.0,-4.81,0.21,0
2023-02-16 03:30:00+00:00,0.0,0.0,0.0,0.0,-5.01,0.28,0
2023-02-16 04:30:00+00:00,0.0,0.0,0.0,0.0,-5.15,0.28,0
2023-02-16 05:30:00+00:00,0.0,0.0,0.0,0.0,-5.46,0.34,0
2023-02-16 06:30:00+00:00,0.0,0.0,0.0,-0.93,-6.29,0.34,0
2023-02-16 07:30:00+00:00,0.0,37.88,2.97,8.61,-7.57,0.48,0
2023-02-16 08:30:00+00:00,394.15,153.58,13.61,17.15,-6.99,0.41,0
2023-02-16 09:30:00+00:00,671.74,178.19,21.78,24.17,-5.4,0.34,0
2023-02-16 10:30:00+00:00,850.91,175.21,27.03,29.05,-1.62,0.34,0
2023-02-16 11:30:00+00:00,914.53,177.79,29.16,31.2,1.55,0.41,0
2023-02-16 12:30:00+00:00,888.54,175.55,28.25,30.3,3.03,0.48,0
2023-02-16 13:30:00+00:00,788.15,161.74,24.47,26.5,3.59,0.55,0
2023-02-16 14:30:00+00:00,600.33,144.52,18.05,20.3,3.45,0.41,0
2023-02-16 15:30:00+00:00,320.32,116.08,9.58,12.33,2.5,0.34,0
2023-02-16 16:30:00+00:00,0.0,13.44,1.05,3.15,1.24,0.48,0
2023-02-16 17:30:00+00:00,0.0,0.0,0.0,0.0,-0.35,0.48,0
2023-02-16 18:30:00+00:00,0.0,0.0,0.0,0.0,-1.81,0.55,0
2023-02-16 19:30:00+00:00,0.0,0.0,0.0,0.0,-1.9,0.48,0
2023-02-16 20:30:00+00:00,0.0,0.0,0.0,0.0,-3.01,0.55,0
2023-02-16 21:30:00+00:00,0.0,0.0,0.0,0.0,-3.84,0.55,0
2023-02-16 22:30:00+00:00,0.0,0.0,0.0,0.0,-4.62,0.62,0
2023-02-16 23:30:00+00:00,0.0,0.0,0.0,0.0,-5.36,0.55,0
2023-02-17 00:30:00+00:00,0.0,0.0,0.0,0.0,-6.34,0.55,0
2023-02-17 01:30:00+00:00,0.0,0.0,0.0,0.0,-6.01,0.62,0
2023-02-17 02:30:00+00:00,0.0,0.0,0.0,0.0,-5.27,0.62,0
2023-02-17 03:30:00+00:00,0.0,0.0,0.0,0.0,-4.69,0.62,0
2023-02-17 04:30:00+00:00,0.0,0.0,0.0,0.0,-4.27,0.62,0
2023-02-17 05:30:00+00:00,0.0,0.0,0.0,0.0,-4.02,0.55,0
2023-02-17 06:30:00+00:00,0.0,0.0,0.0,-0.66,-3.76,0.55,0
2023-02-17 07:30:00+00:00,0.0,32.17,2.52,8.89,-5.71,0.62,0
2023-02-17 08:30:00+00:00,285.69,109.54,10.51,17.45,-4.81,0.62,0
2023-02-17 09:30:00+00:00,424.53,159.56,16.5,24.49,-3.04,0.62,0
2023-02-17 10:30:00+00:00,528.02,192.31,20.86,29.39,-0.49,0.62,0
2023-02-17 11:30:00+00:00,532.31,202.37,21.78,31.55,1.42,0.69,0
2023-02-17 12:30:00+00:00,499.0,216.0,21.46,30.65,2.27,0.76,0
2023-02-17 13:30:00+00:00,415.45,217.9,19.16,26.83,2.63,0.76,0
2023-02-17 14:30:00+00:00,388.3,149.13,14.5,20.6,2.76,0.76,0
2023-02-17 15:30:00+00:00,258.77,99.75,8.42,12.6,2.71,0.76,0
2023-02-17 16:30:00+00:00,0.0,12.51,0.98,3.41,2.1,0.69,0
2023-02-17 17:30:00+00:00,0.0,0.0,0.0,0.0,1.2,0.55,0
2023-02-17 18:30:00+00:00,0.0,0.0,0.0,0.0,0.31,0.55,0
2023-02-17 19:30:00+00:00,0.0,0.0,0.0,0.0,1.1,0.55,0
2023-02-17 20:30:00+00:00,0.0,0.0,0.0,0.0,0.51,0.55,0
2023-02-17 21:30:00+00:00,0.0,0.0,0.0,0.0,-0.02,0.48,0
2023-02-17 22:30:00+00:00,0.0,0.0,0.0,0.0,-0.42,0.48,0
2023-02-17 23:30:00+00:00,0.0,0.0,0.0,0.0,-0.84,0.55,0
2023-02-18 00:30:00+00:00,0.0,0.0,0.0,0.0,-1.31,0.55,0
2023-02-18 01:30:00+00:00,0.0,0.0,0.0,0.0,-1.82,0.55,0
2023-02-18 02:30:00+00:00,0.0,0.0,0.0,0.0,-2.0,0.55,0
2023-02-18 03:30:00+00:00,0.0,0.0,0.0,0.0,-2.24,0.55,0
2023-02-18 04:30:00+00:00,0.0,0.0,0.0,0.0,-2.21,0.55,0
2023-02-18 05:30:00+00:00,0.0,0.0,0.0,0.0,-2.17,0.62,0
2023-02-18 06:30:00+00:00,0.0,0.0,0.0,-0.4,-2.61,0.55,0
2023-02-18 07:30:00+00:00,0.0,32.71,2.56,9.17,-2.7,0.48,0
2023-02-18 08:30:00+00:00,440.27,143.29,14.45,17.75,-2.24,0.48,0
2023-02-18 09:30:00+00:00,675.91,162.18,21.88,24.82,-0.16,0.48,0
2023-02-18 10:30:00+00:00,767.36,200.79,26.49,29.73,2.51,0.62,0
2023-02-18 11:30:00+00:00,815.63,203.02,28.21,31.9,4.47,0.76,0
2023-02-18 12:30:00+00:00,778.94,206.9,27.27,30.99,5.22,0.9,0
2023-02-18 13:30:00+00:00,733.78,173.47,24.17,27.15,6.13,0.97,0
2023-02-18 14:30:00+00:00,510.0,169.27,17.58,20.9,6.2,0.9,0
2023-02-18 15:30:00+00:00,312.73,114.0,9.8,12.88,5.87,0.76,0
2023-02-18 16:30:00+00:00,0.0,14.52,1.14,3.66,5.1,0.69,0
2023-02-18 17:30:00+00:00,0.0,0.0,0.0,0.0,3.66,0.62,0
2023-02-18 18:30:00+00:00,0.0,0.0,0.0,0.0,2.12,0.55,0
2023-02-18 19:30:00+00:00,0.0,0.0,0.0,0.0,1.03,0.62,0
2023-02-18 20:30:00+00:00,0.0,0.0,0.0,0.0,0.17,0.62,0
2023-02-18 21:30:00+00:00,0.0,0.0,0.0,0.0,-0.43,0.62,0
2023-02-18 22:30:00+00:00,0.0,0.0,0.0,0.0,-1.03,0.62,0
2023-02-18 23:30:00+00:00,0.0,0.0,0.0,0.0,-1.48,0.69,0
2023-02-19 00:30:00+00:00,0.0,0.0,0.0,0.0,-1.72,0.69,0
2023-02-19 01:30:00+00:00,0.0,0.0,0.0,0.0,-1.48,0.76,0
2023-02-19 02:30:00+00:00,0.0,0.0,0.0,0.0,-1.39,0.76,0
2023-02-19 03:30:00+00:00,0.0,0.0,0.0,0.0,-1.39,0.69,0
2023-02-19 04:30:00+00:00,0.0,0.0,0.0,0.0,-1.35,0.69,0
2023-02-19 05:30:00+00:00,0.0,0.0,0.0,0.0,-1.26,0.76,0
2023-02-19 06:30:00+00:00,0.0,0.0,0.0,-0.12,-1.16,0.76,0
2023-02-19 07:30:00+00:00,0.0,28.79,2.25,9.46,-0.23,0.83,0
2023-02-19 08:30:00+00:00,423.38,126.29,13.81,18.06,0.02,0.9,0
2023-02-19 09:30:00+00:00,634.4,152.94,20.95,25.15,1.33,0.97,0
2023-02-19 10:30:00+00:00,750.68,170.26,25.37,30.08,3.2,1.1,0
2023-02-19 11:30:00+00:00,807.42,180.26,27.53,32.25,2.41,1.31,0
2023-02-19 12:30:00+00:00,827.37,170.69,27.48,31.34,2.9,1.38,0
2023-02-19 13:30:00+00:00,786.4,159.49,25.18,27.48,3.41,1.38,0
2023-02-19 14:30:00+00:00,569.65,141.63,18.09,21.2,3.06,1.31,0
2023-02-19 15:30:00+00:00,352.88,106.29,10.34,13.16,4.03,1.17,0
2023-02-19 16:30:00+00:00,0.0,13.79,1.08,3.92,3.98,1.1,0
2023-02-19 17:30:00+00:00,0.0,0.0,0.0,0.0,3.13,1.03,0
2023-02-19 18:30:00+00:00,0.0,0.0,0.0,0.0,2.21,0.97,0
2023-02-19 19:30:00+00:00,0.0,0.0,0.0,0.0,1.79,0.9,0
2023-02-19 20:30:00+00:00,0.0,0.0,0.0,0.0,1.31,0.76,0
2023-02-19 21:30:00+00:00,0.0,0.0,0.0,0.0,0.89,0.69,0
2023-02-19 22:30:00+00:00,0.0,0.0,0.0,0.0,0.42,0.76,0
2023-02-19 23:30:00+00:00,0.0,0.0,0.0,0.0,-0.16,0.62,0
2023-02-20 00:30:00+00:00,0.0,0.0,0.0,0.0,-0.9,0.62,0
2023-02-20 01:30:00+00:00,0.0,0.0,0.0,0.0,-1.93,0.62,0
2023-02-20 02:30:00+00:00,0.0,0.0,0.0,0.0,-2.29,0.55,0
2023-02-20 03:30:00+00:00,0.0,0.0,0.0,0.0,-3.05,0.55,0
2023-02-20 04:30:00+00:00,0.0,0.0,0.0,0.0,-3.55,0.48,0
2023-02-20 05:30:00+00:00,0.0,0.0,0.0,0.0,-3.84,0.48,0
2023-02-20 06:30:00+00:00,0.0,5.74,0.45,0.15,-4.17,0.48,0
2023-02-20 07:30:00+00:00,0.0,42.19,3.3,9.75,-3.86,0.41,0
2023-02-20 08:30:00+00:00,397.9,149.62,14.36,18.37,-3.34,0.41,0
2023-02-20 09:30:00+00:00,683.15,153.43,22.29,25.48,-0.68,0.34,0
2023-02-20 10:30:00+00:00,818.09,166.37,27.09,30.43,3.1,0.41,0
2023-02-20 11:30:00+00:00,858.25,180.82,29.03,32.61,5.41,0.48,0
2023-02-20 12:30:00+00:00,839.08,172.26,28.08,31.69,6.82,0.48,0
2023-02-20 13:30:00+00:00,696.75,178.99,24.04,27.81,7.54,0.48,0
2023-02-20 14:30:00+00:00,542.51,148.33,17.99,21.51,7.72,0.41,0
2023-02-20 15:30:00+00:00,306.39,104.59,9.77,13.43,7.09,0.34,0
2023-02-20 16:30:00+00:00,0.0,16.12,1.26,4.18,6.23,0.28,0
2023-02-20 17:30:00+00:00,0.0,0.0,0.0,0.0,4.76,0.21,0
2023-02-20 18:30:00+00:00,0.0,0.0,0.0,0.0,3.28,0.21,0
2023-02-20 19:30:00+00:00,0.0,0.0,0.0,0.0,1.95,0.14,0
2023-02-20 20:30:00+00:00,0.0,0.0,0.0,0.0,1.18,0.21,0
2023-02-20 21:30:00+00:00,0.0,0.0,0.0,0.0,0.59,0.21,0
2023-02-20 22:30:00+00:00,0.0,0.0,0.0,0.0,0.2,0.28,0
2023-02-20 23:30:00+00:00,0.0,0.0,0.0,0.0,-0.02,0.34,0
2023-02-21 00:30:00+00:00,0.0,0.0,0.0,0.0,-0.26,0.34,0
2023-02-21 01:30:00+00:00,0.0,0.0,0.0,0.0,-0.23,0.41,0
2023-02-21 02:30:00+00:00,0.0,0.0,0.0,0.0,-0.38,0.41,0
2023-02-21 03:30:00+00:00,0.0,0.0,0.0,0.0,-0.49,0.48,0
2023-02-21 04:30:00+00:00,0.0,0.0,0.0,0.0,-0.59,0.48,0
2023-02-21 05:30:00+00:00,0.0,0.0,0.0,0.0,-1.01,0.48,0
2023-02-21 06:30:00+00:00,0.0,5.78,0.45,0.43,-1.74,0.48,0
2023-02-21 07:30:00+00:00,0.0,34.11,2.67,10.05,-0.71,0.48,0
2023-02-21 08:30:00+00:00,388.74,134.4,13.87,18.69,0.27,0.41,0
2023-02-21 09:30:00+00:00,556.76,157.15,19.88,25.82,2.06,0.41,0
2023-02-21 10:30:00+00:00,717.88,178.52,25.39,30.79,4.17,0.34,0
2023-02-21 11:30:00+00:00,715.88,174.01,25.65,32.97,6.0,0.34,0
2023-02-21 12:30:00+00:00,697.85,183.6,25.37,32.04,7.0,0.34,0
2023-02-21 13:30:00+00:00,649.59,171.92,22.99,28.14,7.52,0.34,0
2023-02-21 14:30:00+00:00,487.25,134.69,16.64,21.81,7.64,0.34,0
2023-02-21 15:30:00+00:00,295.18,100.18,9.63,13.71,6.94,0.28,0
2023-02-21 16:30:00+00:00,0.0,13.95,1.09,4.44,6.15,0.28,0
2023-02-21 17:30:00+00:00,0.0,0.0,0.0,0.0,4.87,0.21,0
2023-02-21 18:30:00+00:00,0.0,0.0,0.0,0.0,3.44,0.21,0
2023-02-21 19:30:00+00:00,0.0,0.0,0.0,0.0,2.32,0.0,0
2023-02-21 20:30:00+00:00,0.0,0.0,0.0,0.0,1.72,0.0,0
2023-02-21 21:30:00+00:00,0.0,0.0,0.0,0.0,1.4,0.0,0
2023-02-21 22:30:00+00:00,0.0,0.0,0.0,0.0,1.18,0.0,0
2023-02-21 23:30:00+00:00,0.0,0.0,0.0,0.0,1.05,0.07,0
2023-02-22 00:30:00+00:00,0.0,0.0,0.0,0.0,0.94,0.07,0
2023-02-22 01:30:00+00:00,0.0,0.0,0.0,0.0,0.85,0.14,0
2023-02-22 02:30:00+00:00,0.0,0.0,0.0,0.0,0.78,0.14,0
2023-02-22 03:30:00+00:00,0.0,0.0,0.0,0.0,0.74,0.14,0
2023-02-22 04:30:00+00:00,0.0,0.0,0.0,0.0,0.55,0.14,0
2023-02-22 05:30:00+00:00,0.0,0.0,0.0,0.0,0.29,0.14,0
2023-02-22 06:30:00+00:00,0.0,5.49,0.43,0.72,-0.14,0.14,0
2023-02-22 07:30:00+00:00,0.0,28.63,2.24,10.35,-0.2,0.21,0
2023-02-22 08:30:00+00:00,337.86,104.96,12.04,19.01,0.18,0.21,0
2023-02-22 09:30:00+00:00,431.16,156.21,17.4,26.16,1.62,0.28,0
2023-02-22 10:30:00+00:00,408.04,214.72,20.26,31.14,2.68,0.34,0
2023-02-22 11:30:00+00:00,242.43,223.62,18.01,33.34,3.12,0.34,0
2023-02-22 12:30:00+00:00,360.13,215.06,19.56,32.4,3.36,0.34,0
2023-02-22 13:30:00+00:00,90.13,162.36,11.92,28.47,3.38,0.34,0
2023-02-22 14:30:00+00:00,38.9,102.18,7.31,22.11,3.14,0.34,0
2023-02-22 15:30:00+00:00,60.79,68.93,5.16,13.99,2.53,0.28,0
2023-02-22 16:30:00+00:00,0.0,10.75,0.84,4.69,1.81,0.21,0
2023-02-22 17:30:00+00:00,0.0,0.0,0.0,0.0,1.21,0.28,0
2023-02-22 18:30:00+00:00,0.0,0.0,0.0,0.0,0.66,0.21,0
2023-02-22 19:30:00+00:00,0.0,0.0,0.0,0.0,-0.51,0.14,0
2023-02-22 20:30:00+00:00,0.0,0.0,0.0,0.0,-0.96,0.21,0
2023-02-22 21:30:00+00:00,0.0,0.0,0.0,0.0,-1.3,0.14,0
2023-02-22 22:30:00+00:00,0.0,0.0,0.0,0.0,-1.38,0.14,0
2023-02-22 23:30:00+00:00,0.0,0.0,0.0,0.0,-1.45,0.14,0
2023-02-23 00:30:00+00:00,0.0,0.0,0.0,0.0,-1.77,0.14,0
2023-02-23 01:30:00+00:00,0.0,0.0,0.0,0.0,-2.8,0.14,0
2023-02-23 02:30:00+00:00,0.0,0.0,0.0,0.0,-3.3,0.14,0
2023-02-23 03:30:00+00:00,0.0,0.0,0.0,0.0,-3.44,0.14,0
2023-02-23 04:30:00+00:00,0.0,0.0,0.0,0.0,-3.47,0.07,0
2023-02-23 05:30:00+00:00,0.0,0.0,0.0,0.0,-3.95,0.07,0
2023-02-23 06:30:00+00:00,0.0,7.85,0.62,1.01,-3.91,0.07,0
2023-02-23 07:30:00+00:00,0.0,56.45,4.42,10.65,-3.8,0.14,0
2023-02-23 08:30:00+00:00,262.19,164.2,13.27,19.33,-3.36,0.14,0
2023-02-23 09:30:00+00:00,373.54,249.27,20.27,26.5,-1.65,0.14,0
2023-02-23 10:30:00+00:00,522.89,250.07,24.18,31.51,0.35,0.48,0
2023-02-23 11:30:00+00:00,560.38,232.67,24.72,33.71,1.56,0.69,0
2023-02-23 12:30:00+00:00,459.74,237.13,22.62,32.75,2.14,0.76,0
2023-02-23 13:30:00+00:00,370.98,191.81,18.25,28.8,2.02,0.76,0
2023-02-23 14:30:00+00:00,348.11,140.94,14.48,22.42,2.14,0.69,0
2023-02-23 15:30:00+00:00,78.3,87.49,6.41,14.27,2.24,0.62,0
2023-02-23 16:30:00+00:00,0.0,19.69,1.54,4.95,1.68,0.48,0
2023-02-23 17:30:00+00:00,0.0,0.0,0.0,0.0,0.95,0.34,0
2023-02-23 18:30:00+00:00,0.0,0.0,0.0,0.0,0.12,0.28,0
2023-02-23 19:30:00+00:00,0.0,0.0,0.0,0.0,-0.59,0.21,0
2023-02-23 20:30:00+00:00,0.0,0.0,0.0,0.0,-0.99,0.21,0
2023-02-23 21:30:00+00:00,0.0,0.0,0.0,0.0,-1.26,0.28,0
2023-02-23 22:30:00+00:00,0.0,0.0,0.0,0.0,-1.34,0.34,0
2023-02-23 23:30:00+00:00,0.0,0.0,0.0,0.0,-1.44,0.41,0
2023-02-24 00:30:00+00:00,0.0,0.0,0.0,0.0,-1.62,0.41,0
2023-02-24 01:30:00+00:00,0.0,0.0,0.0,0.0,-1.77,0.41,0
2023-02-24 02:30:00+00:00,0.0,0.0,0.0,0.0,-1.97,0.34,0
2023-02-24 03:30:00+00:00,0.0,0.0,0.0,0.0,-2.02,0.28,0
2023-02-24 04:30:00+00:00,0.0,0.0,0.0,0.0,-1.86,0.34,0
2023-02-24 05:30:00+00:00,0.0,0.0,0.0,0.0,-1.74,0.28,0
2023-02-24 06:30:00+00:00,0.0,8.71,0.68,1.3,-1.64,0.41,0
2023-02-24 07:30:00+00:00,0.0,48.06,3.77,10.96,-3.05,0.28,0
2023-02-24 08:30:00+00:00,155.48,146.39,11.11,19.66,-2.06,0.41,0
2023-02-24 09:30:00+00:00,287.26,207.53,17.18,26.85,-0.86,0.69,0
2023-02-24 10:30:00+00:00,376.91,258.46,21.91,31.87,0.33,0.76,0
2023-02-24 11:30:00+00:00,524.83,209.5,23.22,34.08,0.62,0.83,0
2023-02-24 12:30:00+00:00,635.76,176.84,24.35,33.11,1.24,0.76,0
2023-02-24 13:30:00+00:00,583.76,204.45,23.37,29.14,1.44,0.62,0
2023-02-24 14:30:00+00:00,381.01,177.37,16.72,22.72,1.9,0.62,0
2023-02-24 15:30:00+00:00,284.63,100.5,10.0,14.54,1.95,0.48,0
2023-02-24 16:30:00+00:00,0.0,19.4,1.52,5.21,1.53,0.34,0
2023-02-24 17:30:00+00:00,0.0,0.0,0.0,0.0,0.48,0.28,0
2023-02-24 18:30:00+00:00,0.0,0.0,0.0,0.0,-0.36,0.21,0
2023-02-24 19:30:00+00:00,0.0,0.0,0.0,0.0,-0.57,0.0,0
2023-02-24 20:30:00+00:00,0.0,0.0,0.0,0.0,-1.52,0.0,0
2023-02-24 21:30:00+00:00,0.0,0.0,0.0,0.0,-2.03,0.14,0
2023-02-24 22:30:00+00:00,0.0,0.0,0.0,0.0,-2.39,0.21,0
2023-02-24 23:30:00+00:00,0.0,0.0,0.0,0.0,-2.57,0.34,0
2023-02-25 00:30:00+00:00,0.0,0.0,0.0,0.0,-2.76,0.55,0
2023-02-25 01:30:00+00:00,0.0,0.0,0.0,0.0,-3.86,0.69,0
2023-02-25 02:30:00+00:00,0.0,0.0,0.0,0.0,-3.63,0.69,0
2023-02-25 03:30:00+00:00,0.0,0.0,0.0,0.0,-3.44,0.76,0
2023-02-25 04:30:00+00:00,0.0,0.0,0.0,0.0,-3.42,0.76,0
2023-02-25 05:30:00+00:00,0.0,0.0,0.0,0.0,-3.39,0.83,0
2023-02-25 06:30:00+00:00,0.0,6.99,0.55,1.6,-3.13,0.83,0
2023-02-25 07:30:00+00:00,0.0,47.45,3.72,11.27,-2.55,0.83,0
2023-02-25 08:30:00+00:00,132.43,148.09,11.0,19.99,-2.3,1.17,0
2023-02-25 09:30:00+00:00,470.0,201.93,20.57,27.2,-0.91,1.17,0
2023-02-25 10:30:00+00:00,649.75,243.31,27.11,32.24,0.0,1.03,0
2023-02-25 11:30:00+00:00,667.55,223.0,27.22,34.45,0.25,1.03,0
2023-02-25 12:30:00+00:00,665.74,225.68,27.09,33.47,1.13,1.03,0
2023-02-25 13:30:00+00:00,537.2,183.92,21.8,29.47,0.9,1.1,0
2023-02-25 14:30:00+00:00,428.68,125.87,15.9,23.02,0.48,1.17,0
2023-02-25 15:30:00+00:00,253.25,97.25,9.52,14.82,0.23,1.1,0
2023-02-25 16:30:00+00:00,0.0,17.58,1.38,5.47,-0.51,0.9,0
2023-02-25 17:30:00+00:00,0.0,0.0,0.0,-4.56,-0.65,0.76,0
2023-02-25 18:30:00+00:00,0.0,0.0,0.0,0.0,-1.57,0.69,0
2023-02-25 19:30:00+00:00,0.0,0.0,0.0,0.0,-2.16,0.83,0
2023-02-25 20:30:00+00:00,0.0,0.0,0.0,0.0,-2.85,0.83,0
2023-02-25 21:30:00+00:00,0.0,0.0,0.0,0.0,-3.66,0.97,0
2023-02-25 22:30:00+00:00,0.0,0.0,0.0,0.0,-4.73,1.03,0
2023-02-25 23:30:00+00:00,0.0,0.0,0.0,0.0,-5.65,1.1,0
2023-02-26 00:30:00+00:00,0.0,0.0,0.0,0.0,-5.89,1.03,0
2023-02-26 01:30:00+00:00,0.0,0.0,0.0,0.0,-6.26,1.03,0
2023-02-26 02:30:00+00:00,0.0,0.0,0.0,0.0,-7.3,1.03,0
2023-02-26 03:30:00+00:00,0.0,0.0,0.0,0.0,-7.77,1.17,0
2023-02-26 04:30:00+00:00,0.0,0.0,0.0,0.0,-8.45,1.03,0
2023-02-26 05:30:00+00:00,0.0,0.0,0.0,0.0,-8.8,0.97,0
2023-02-26 06:30:00+00:00,0.0,11.46,0.9,1.9,-9.12,0.83,0
2023-02-26 07:30:00+00:00,95.96,98.12,6.81,11.58,-9.71,0.97,0
2023-02-26 08:30:00+00:00,156.12,116.35,9.82,20.32,-9.04,1.1,0
2023-02-26 09:30:00+00:00,192.01,184.64,14.75,27.55,-9.04,1.31,0
2023-02-26 10:30:00+00:00,233.54,239.08,18.81,32.61,-8.99,1.38,0
2023-02-26 11:30:00+00:00,178.98,227.39,17.53,34.82,-8.76,1.38,0
2023-02-26 12:30:00+00:00,98.95,207.22,15.09,33.83,-8.65,1.38,0
2023-02-26 13:30:00+00:00,126.9,202.73,14.97,29.81,-8.53,1.31,0
2023-02-26 14:30:00+00:00,85.05,162.79,11.63,23.33,-8.3,1.31,0
2023-02-26 15:30:00+00:00,10.17,77.89,5.29,15.1,-8.18,1.24,0
2023-02-26 16:30:00+00:00,0.0,18.41,1.44,5.72,-8.33,1.03,0
2023-02-26 17:30:00+00:00,0.0,0.0,0.0,-4.32,-8.51,0.83,0
2023-02-26 18:30:00+00:00,0.0,0.0,0.0,0.0,-8.89,0.83,0
2023-02-26 19:30:00+00:00,0.0,0.0,0.0,0.0,-9.08,0.97,0
2023-02-26 20:30:00+00:00,0.0,0.0,0.0,0.0,-9.17,0.97,0
2023-02-26 21:30:00+00:00,0.0,0.0,0.0,0.0,-9.38,0.97,0
2023-02-26 22:30:00+00:00,0.0,0.0,0.0,0.0,-9.15,0.83,0
2023-02-26 23:30:00+00:00,0.0,0.0,0.0,0.0,-9.05,0.76,0
2023-02-27 00:30:00+00:00,0.0,0.0,0.0,0.0,-9.11,0.76,0
2023-02-27 01:30:00+00:00,0.0,0.0,0.0,0.0,-8.18,0.83,0
2023-02-27 02:30:00+00:00,0.0,0.0,0.0,0.0,-8.14,0.83,0
2023-02-27 03:30:00+00:00,0.0,0.0,0.0,0.0,-8.1,0.76,0
2023-02-27 04:30:00+00:00,0.0,0.0,0.0,0.0,-7.95,0.76,0
2023-02-27 05:30:00+00:00,0.0,0.0,0.0,0.0,-7.85,0.76,0
2023-02-27 06:30:00+00:00,0.0,12.92,1.01,2.2,-7.69,0.76,0
2023-02-27 07:30:00+00:00,57.56,91.97,6.3,11.9,-7.47,0.69,0
2023-02-27 08:30:00+00:00,161.49,185.3,13.44,20.65,-7.08,0.83,0
2023-02-27 09:30:00+00:00,417.65,245.59,21.68,27.91,-6.47,1.03,0
2023-02-27 10:30:00+00:00,540.67,283.28,26.72,32.98,-5.18,1.1,0
2023-02-27 11:30:00+00:00,512.64,310.68,27.69,35.2,-4.44,1.17,0
2023-02-27 12:30:00+00:00,507.42,321.74,27.85,34.2,-3.93,1.03,0
2023-02-27 13:30:00+00:00,228.62,297.16,21.41,30.14,-3.52,1.03,0
2023-02-27 14:30:00+00:00,361.78,200.46,17.84,23.63,-3.37,0.97,0
2023-02-27 15:30:00+00:00,133.65,131.87,9.57,15.38,-3.58,0.97,0
2023-02-27 16:30:00+00:00,0.0,26.77,2.1,5.98,-4.35,0.83,0
2023-02-27 17:30:00+00:00,0.0,0.0,0.0,-4.07,-4.64,0.69,0
2023-02-27 18:30:00+00:00,0.0,0.0,0.0,0.0,-5.26,0.69,0
2023-02-27 19:30:00+00:00,0.0,0.0,0.0,0.0,-5.85,0.76,0
2023-02-27 20:30:00+00:00,0.0,0.0,0.0,0.0,-6.06,0.69,0
2023-02-27 21:30:00+00:00,0.0,0.0,0.0,0.0,-6.42,0.83,0
2023-02-27 22:30:00+00:00,0.0,0.0,0.0,0.0,-6.65,0.9,0
2023-02-27 23:30:00+00:00,0.0,0.0,0.0,0.0,-6.8,0.83,0
2023-02-28 00:30:00+00:00,0.0,0.0,0.0,0.0,-6.98,0.76,0
2023-02-28 01:30:00+00:00,0.0,0.0,0.0,0.0,-7.39,0.69,0
2023-02-28 02:30:00+00:00,0.0,0.0,0.0,0.0,-7.57,0.62,0
2023-02-28 03:30:00+00:00,0.0,0.0,0.0,0.0,-7.78,0.55,0
2023-02-28 04:30:00+00:00,0.0,0.0,0.0,0.0,-8.52,0.41,0
2023-02-28 05:30:00+00:00,0.0,0.0,0.0,0.0,-8.84,0.34,0
2023-02-28 06:30:00+00:00,0.0,12.35,0.97,2.51,-9.19,0.41,0
2023-02-28 07:30:00+00:00,105.56,92.5,6.83,12.22,-8.29,0.62,0
2023-02-28 08:30:00+00:00,325.49,173.17,15.58,20.99,-7.95,0.9,0
2023-02-28 09:30:00+00:00,533.31,217.58,23.19,28.27,-7.11,0.9,0
2023-02-28 10:30:00+00:00,730.21,215.8,28.82,33.36,-5.78,1.03,0
2023-02-28 11:30:00+00:00,720.8,268.63,30.92,35.58,-4.63,1.1,0
2023-02-28 12:30:00+00:00,674.62,268.28,29.62,34.56,-3.93,1.03,0
2023-02-28 13:30:00+00:00,609.15,238.15,26.14,30.48,-3.4,0.97,0
2023-02-28 14:30:00+00:00,268.84,224.53,17.46,23.94,-3.07,0.97,0
2023-02-28 15:30:00+00:00,209.44,140.85,11.06,15.65,-3.27,0.9,0
2023-02-28 16:30:00+00:00,0.0,25.91,2.03,6.24,-3.34,0.55,0
2023-02-28 17:30:00+00:00,0.0,0.0,0.0,-3.83,-3.99,0.28,0
2023-02-28 18:30:00+00:00,0.0,0.0,0.0,0.0,-5.07,0.21,0
2023-02-28 19:30:00+00:00,0.0,0.0,0.0,0.0,-6.03,0.14,0
2023-02-28 20:30:00+00:00,0.0,0.0,0.0,0.0,-6.73,0.14,0
2023-02-28 21:30:00+00:00,0.0,0.0,0.0,0.0,-7.38,0.14,0
2023-02-28 22:30:00+00:00,0.0,0.0,0.0,0.0,-8.27,0.07,0
2023-02-28 23:30:00+00:00,0.0,0.0,0.0,0.0,-9.38,0.14,0
2023-03-01 00:30:00+00:00,0.0,0.0,0.0,0.0,-10.34,0.14,0
2023-03-01 01:30:00+00:00,0.0,0.0,0.0,0.0,-10.21,0.07,0
2023-03-01 02:30:00+00:00,0.0,0.0,0.0,0.0,-9.43,0.0,0
2023-03-01 03:30:00+00:00,0.0,0.0,0.0,0.0,-9.68,0.0,0
2023-03-01 04:30:00+00:00,0.0,0.0,0.0,0.0,-9.62,0.07,0
2023-03-01 05:30:00+00:00,0.0,0.0,0.0,0.0,-9.73,0.07,0
2023-03-01 06:30:00+00:00,0.0,13.05,1.02,2.82,-10.01,0.14,0
2023-03-01 07:30:00+00:00,156.13,118.13,8.7,12.54,-10.06,0.14,0
2023-03-01 08:30:00+00:00,335.25,199.7,17.03,21.33,-8.03,0.21,0
2023-03-01 09:30:00+00:00,420.23,265.28,22.95,28.63,-4.39,0.28,0
2023-03-01 10:30:00+00:00,464.97,318.56,27.08,33.74,-1.03,0.69,0
2023-03-01 11:30:00+00:00,470.97,358.0,29.3,35.96,0.2,0.69,0
2023-03-01 12:30:00+00:00,463.38,353.79,28.78,34.93,1.21,0.62,0
2023-03-01 13:30:00+00:00,335.24,300.53,23.4,30.82,1.91,0.69,0
2023-03-01 14:30:00+00:00,157.01,217.84,15.72,24.24,1.87,0.69,0
2023-03-01 15:30:00+00:00,34.33,115.72,7.91,15.93,1.37,0.41,0
2023-03-01 16:30:00+00:00,0.0,29.1,2.28,6.49,0.53,0.07,0
2023-03-01 17:30:00+00:00,0.0,0.0,0.0,-3.58,-0.48,0.0,0
2023-03-01 18:30:00+00:00,0.0,0.0,0.0,0.0,-1.5,0.0,0
2023-03-01 19:30:00+00:00,0.0,0.0,0.0,0.0,-1.94,0.28,0
2023-03-01 20:30:00+00:00,0.0,0.0,0.0,0.0,-2.61,0.62,0
2023-03-01 21:30:00+00:00,0.0,0.0,0.0,0.0,-3.15,0.48,0
2023-03-01 22:30:00+00:00,0.0,0.0,0.0,0.0,-3.41,0.48,0
2023-03-01 23:30:00+00:00,0.0,0.0,0.0,0.0,-3.5,0.55,0
2023-03-02 00:30:00+00:00,0.0,0.0,0.0,0.0,-3.53,0.55,0
2023-03-02 01:30:00+00:00,0.0,0.0,0.0,0.0,-4.05,0.48,0
2023-03-02 02:30:00+00:00,0.0,0.0,0.0,0.0,-4.12,0.48,0
2023-03-02 03:30:00+00:00,0.0,0.0,0.0,0.0,-4.38,0.41,0
2023-03-02 04:30:00+00:00,0.0,0.0,0.0,0.0,-4.44,0.41,0
2023-03-02 05:30:00+00:00,0.0,0.0,0.0,0.0,-4.63,0.34,0
2023-03-02 06:30:00+00:00,0.0,15.0,1.17,3.13,-4.98,0.34,0
2023-03-02 07:30:00+00:00,132.51,106.86,8.05,12.86,-6.77,0.28,0
2023-03-02 08:30:00+00:00,230.39,199.79,15.47,21.68,-5.12,0.28,0
2023-03-02 09:30:00+00:00,506.32,262.1,24.8,29.0,-2.85,0.41,0
2023-03-02 10:30:00+00:00,751.11,246.73,31.0,34.12,-2.05,0.62,0
2023-03-02 11:30:00+00:00,829.86,240.3,33.2,36.34,-1.18,0.83,0
2023-03-02 12:30:00+00:00,756.13,251.16,31.51,35.29,-0.34,0.83,0
2023-03-02 13:30:00+00:00,649.44,232.3,27.39,31.15,-0.26,0.76,0
2023-03-02 14:30:00+00:00,506.48,191.49,21.13,24.55,-0.19,0.62,0
2023-03-02 15:30:00+00:00,253.41,129.0,11.6,16.21,0.22,0.41,0
2023-03-02 16:30:00+00:00,0.0,24.48,1.92,6.75,-0.21,0.14,0
2023-03-02 17:30:00+00:00,0.0,0.0,0.0,-3.34,-1.18,0.21,0
2023-03-02 18:30:00+00:00,0.0,0.0,0.0,0.0,-2.46,0.34,0
2023-03-02 19:30:00+00:00,0.0,0.0,0.0,0.0,-3.71,0.28,0
2023-03-02 20:30:00+00:00,0.0,0.0,0.0,0.0,-4.79,0.28,0
2023-03-02 21:30:00+00:00,0.0,0.0,0.0,0.0,-5.73,0.21,0
2023-03-02 22:30:00+00:00,0.0,0.0,0.0,0.0,-6.54,0.21,0
2023-03-02 23:30:00+00:00,0.0,0.0,0.0,0.0,-7.23,0.21,0
2023-03-03 00:30:00+00:00,0.0,0.0,0.0,0.0,-7.79,0.21,0
2023-03-03 01:30:00+00:00,0.0,0.0,0.0,0.0,-9.07,0.21,0
2023-03-03 02:30:00+00:00,0.0,0.0,0.0,0.0,-8.91,0.28,0
2023-03-03 03:30:00+00:00,0.0,0.0,0.0,0.0,-9.11,0.28,0
2023-03-03 04:30:00+00:00,0.0,0.0,0.0,0.0,-9.28,0.28,0
2023-03-03 05:30:00+00:00,0.0,0.0,0.0,0.0,-9.57,0.34,0
2023-03-03 06:30:00+00:00,0.0,14.62,1.14,3.44,-10.02,0.34,0
2023-03-03 07:30:00+00:00,267.67,102.82,10.18,13.19,-9.4,0.48,0
2023-03-03 08:30:00+00:00,538.89,135.88,19.52,22.02,-6.76,0.48,0
2023-03-03 09:30:00+00:00,705.82,167.22,26.36,29.36,-3.5,0.55,0
2023-03-03 10:30:00+00:00,837.7,180.59,31.25,34.5,-1.36,0.55,0
2023-03-03 11:30:00+00:00,901.72,178.12,33.28,36.73,-0.22,0.48,0
2023-03-03 12:30:00+00:00,839.69,195.99,32.03,35.66,0.41,0.34,0
2023-03-03 13:30:00+00:00,737.37,190.48,28.39,31.49,0.81,0.28,0
2023-03-03 14:30:00+00:00,595.43,151.38,22.08,24.85,1.09,0.34,0
2023-03-03 15:30:00+00:00,359.54,120.2,13.52,16.48,1.15,0.34,0
2023-03-03 16:30:00+00:00,0.0,23.81,1.86,7.01,0.56,0.34,0
2023-03-03 17:30:00+00:00,0.0,0.0,0.0,-3.09,-0.6,0.41,0
2023-03-03 18:30:00+00:00,0.0,0.0,0.0,0.0,-2.17,0.48,0
2023-03-03 19:30:00+00:00,0.0,0.0,0.0,0.0,-3.77,0.48,0
2023-03-03 20:30:00+00:00,0.0,0.0,0.0,0.0,-4.59,0.48,0
2023-03-03 21:30:00+00:00,0.0,0.0,0.0,0.0,-5.38,0.34,0
2023-03-03 22:30:00+00:00,0.0,0.0,0.0,0.0,-6.18,0.28,0
2023-03-03 23:30:00+00:00,0.0,0.0,0.0,0.0,-6.97,0.21,0
2023-03-04 00:30:00+00:00,0.0,0.0,0.0,0.0,-7.89,0.21,0
2023-03-04 01:30:00+00:00,0.0,0.0,0.0,0.0,-8.92,0.21,0
2023-03-04 02:30:00+00:00,0.0,0.0,0.0,0.0,-9.37,0.21,0
2023-03-04 03:30:00+00:00,0.0,0.0,0.0,0.0,-9.65,0.28,0
2023-03-04 04:30:00+00:00,0.0,0.0,0.0,0.0,-10.03,0.34,0
2023-03-04 05:30:00+00:00,0.0,0.0,0.0,0.0,-10.34,0.34,0
2023-03-04 06:30:00+00:00,0.0,12.41,0.97,3.76,-10.39,0.41,0
2023-03-04 07:30:00+00:00,262.59,90.58,9.86,13.52,-8.75,0.48,0
2023-03-04 08:30:00+00:00,458.25,130.95,17.67,22.37,-6.4,0.41,0
2023-03-04 09:30:00+00:00,652.66,172.33,25.44,29.73,-3.44,0.62,0
2023-03-04 10:30:00+00:00,767.59,203.6,30.47,34.88,-1.67,0.76,0
2023-03-04 11:30:00+00:00,872.68,192.38,33.27,37.11,-1.01,0.83,0
2023-03-04 12:30:00+00:00,903.33,175.19,33.37,36.03,-0.02,0.9,0
2023-03-04 13:30:00+00:00,738.83,185.86,28.56,31.83,0.67,0.97,0
2023-03-04 14:30:00+00:00,508.32,177.48,21.15,25.16,-0.29,0.97,0
2023-03-04 15:30:00+00:00,355.14,115.56,13.49,16.76,-0.11,0.97,0
2023-03-04 16:30:00+00:00,0.0,24.22,1.9,7.26,-0.2,0.83,0
2023-03-04 17:30:00+00:00,0.0,0.0,0.0,-2.85,-0.96,0.76,0
2023-03-04 18:30:00+00:00,0.0,0.0,0.0,0.0,-2.28,0.76,0
2023-03-04 19:30:00+00:00,0.0,0.0,0.0,0.0,-3.38,0.69,0
2023-03-04 20:30:00+00:00,0.0,0.0,0.0,0.0,-4.12,0.69,0
2023-03-04 21:30:00+00:00,0.0,0.0,0.0,0.0,-5.79,0.62,0
2023-03-04 22:30:00+00:00,0.0,0.0,0.0,0.0,-7.1,0.55,0
2023-03-04 23:30:00+00:00,0.0,0.0,0.0,0.0,-8.8,0.48,0
2023-03-05 00:30:00+00:00,0.0,0.0,0.0,0.0,-9.43,0.48,0
2023-03-05 01:30:00+00:00,0.0,0.0,0.0,0.0,-8.68,0.48,0
2023-03-05 02:30:00+00:00,0.0,0.0,0.0,0.0,-9.21,0.55,0
2023-03-05 03:30:00+00:00,0.0,0.0,0.0,0.0,-9.56,0.48,0
2023-03-05 04:30:00+00:00,0.0,0.0,0.0,0.0,-9.89,0.48,0
2023-03-05 05:30:00+00:00,0.0,0.0,0.0,0.0,-9.92,0.48,0
2023-03-05 06:30:00+00:00,0.0,13.98,1.09,4.08,-10.36,0.48,0
2023-03-05 07:30:00+00:00,241.44,111.43,10.45,13.86,-9.54,0.55,0
2023-03-05 08:30:00+00:00,489.79,138.54,18.96,22.72,-7.25,0.48,0
2023-03-05 09:30:00+00:00,692.24,165.68,26.53,30.1,-3.63,0.55,0
2023-03-05 10:30:00+00:00,815.04,176.76,31.1,35.27,-1.28,0.76,0
2023-03-05 11:30:00+00:00,812.67,226.02,33.12,37.5,-0.31,0.76,0
2023-03-05 12:30:00+00:00,907.14,170.45,33.63,36.4,0.52,0.83,0
2023-03-05 13:30:00+00:00,796.08,164.94,29.67,32.17,1.15,0.9,0
2023-03-05 14:30:00+00:00,559.06,149.99,21.65,25.46,0.53,0.9,0
2023-03-05 15:30:00+00:00,388.35,112.15,14.33,17.03,0.68,0.76,0
2023-03-05 16:30:00+00:00,0.0,25.53,2.0,7.52,0.23,0.62,0
2023-03-05 17:30:00+00:00,0.0,0.0,0.0,-2.61,-1.05,0.48,0
2023-03-05 18:30:00+00:00,0.0,0.0,0.0,0.0,-2.68,0.41,0
2023-03-05 19:30:00+00:00,0.0,0.0,0.0,0.0,-4.51,0.41,0
2023-03-05 20:30:00+00:00,0.0,0.0,0.0,0.0,-5.76,0.41,0
2023-03-05 21:30:00+00:00,0.0,0.0,0.0,0.0,-6.76,0.34,0
2023-03-05 22:30:00+00:00,0.0,0.0,0.0,0.0,-7.57,0.34,0
2023-03-05 23:30:00+00:00,0.0,0.0,0.0,0.0,-8.24,0.34,0
2023-03-06 00:30:00+00:00,0.0,0.0,0.0,0.0,-8.79,0.41,0
2023-03-06 01:30:00+00:00,0.0,0.0,0.0,0.0,-8.69,0.41,0
2023-03-06 02:30:00+00:00,0.0,0.0,0.0,0.0,-8.57,0.41,0
2023-03-06 03:30:00+00:00,0.0,0.0,0.0,0.0,-8.4,0.34,0
2023-03-06 04:30:00+00:00,0.0,0.0,0.0,0.0,-8.47,0.34,0
2023-03-06 05:30:00+00:00,0.0,0.0,0.0,0.0,-8.5,0.41,0
2023-03-06 06:30:00+00:00,0.0,19.15,1.5,4.4,-8.54,0.41,0
2023-03-06 07:30:00+00:00,144.0,120.83,9.39,14.19,-8.5,0.41,0
2023-03-06 08:30:00+00:00,384.1,201.04,19.14,23.08,-6.54,0.41,0
2023-03-06 09:30:00+00:00,650.24,211.06,27.34,30.48,-3.52,0.62,0
2023-03-06 10:30:00+00:00,767.91,199.99,30.92,35.66,-2.08,0.69,0
2023-03-06 11:30:00+00:00,830.87,196.56,32.86,37.89,-1.33,0.83,0
2023-03-06 12:30:00+00:00,686.07,198.9,28.82,36.77,-0.5,0.9,0
2023-03-06 13:30:00+00:00,610.72,206.76,26.51,32.51,-0.66,0.9,0
2023-03-06 14:30:00+00:00,506.81,151.79,20.65,25.77,-0.42,1.03,0
2023-03-06 15:30:00+00:00,280.19,118.39,12.41,17.31,-0.95,0.9,0
2023-03-06 16:30:00+00:00,0.0,27.57,2.16,7.77,-1.07,0.69,0
2023-03-06 17:30:00+00:00,0.0,0.0,0.0,-2.36,-1.88,0.69,0
2023-03-06 18:30:00+00:00,0.0,0.0,0.0,0.0,-3.22,0.69,0
2023-03-06 19:30:00+00:00,0.0,0.0,0.0,0.0,-4.6,0.69,0
2023-03-06 20:30:00+00:00,0.0,0.0,0.0,0.0,-5.23,0.76,0
2023-03-06 21:30:00+00:00,0.0,0.0,0.0,0.0,-5.57,0.69,0
2023-03-06 22:30:00+00:00,0.0,0.0,0.0,0.0,-6.54,0.55,0
2023-03-06 23:30:00+00:00,0.0,0.0,0.0,0.0,-7.98,0.48,0
2023-03-07 00:30:00+00:00,0.0,0.0,0.0,0.0,-8.84,0.48,0
2023-03-07 01:30:00+00:00,0.0,0.0,0.0,0.0,-9.39,0.48,0
2023-03-07 02:30:00+00:00,0.0,0.0,0.0,0.0,-10.52,0.48,0
2023-03-07 03:30:00+00:00,0.0,0.0,0.0,0.0,-11.53,0.41,0
2023-03-07 04:30:00+00:00,0.0,0.0,0.0,0.0,-11.86,0.41,0
2023-03-07 05:30:00+00:00,0.0,0.0,0.0,0.0,-12.2,0.34,0
2023-03-07 06:30:00+00:00,0.0,14.55,1.14,4.73,-12.03,0.28,0
2023-03-07 07:30:00+00:00,219.2,86.83,9.42,14.53,-10.62,0.28,0
2023-03-07 08:30:00+00:00,417.35,136.01,17.58,23.43,-8.87,0.21,0
2023-03-07 09:30:00+00:00,651.09,150.81,25.45,30.85,-5.55,0.21,0
2023-03-07 10:30:00+00:00,768.73,159.42,29.75,36.05,-2.81,0.41,0
2023-03-07 11:30:00+00:00,721.26,221.22,31.03,38.28,-1.74,0.55,0
2023-03-07 12:30:00+00:00,439.83,292.49,26.8,37.14,-0.62,0.48,0
2023-03-07 13:30:00+00:00,559.5,211.68,25.63,32.85,-0.32,0.34,0
2023-03-07 14:30:00+00:00,87.11,207.43,14.75,26.07,-0.02,0.21,0
2023-03-07 15:30:00+00:00,14.69,110.45,7.53,17.58,-0.3,0.07,0
2023-03-07 16:30:00+00:00,0.0,30.44,2.39,8.02,-1.03,0.28,0
2023-03-07 17:30:00+00:00,0.0,0.0,0.0,-2.12,-1.94,0.48,0
2023-03-07 18:30:00+00:00,0.0,0.0,0.0,0.0,-2.73,0.48,0
2023-03-07 19:30:00+00:00,0.0,0.0,0.0,0.0,-3.98,0.55,0
2023-03-07 20:30:00+00:00,0.0,0.0,0.0,0.0,-4.57,0.55,0
2023-03-07 21:30:00+00:00,0.0,0.0,0.0,0.0,-4.72,0.62,0
2023-03-07 22:30:00+00:00,0.0,0.0,0.0,0.0,-4.99,0.62,0
2023-03-07 23:30:00+00:00,0.0,0.0,0.0,0.0,-5.25,0.62,0
2023-03-08 00:30:00+00:00,0.0,0.0,0.0,0.0,-5.37,0.48,0
2023-03-08 01:30:00+00:00,0.0,0.0,0.0,0.0,-5.9,0.48,0
2023-03-08 02:30:00+00:00,0.0,0.0,0.0,0.0,-6.56,0.41,0
2023-03-08 03:30:00+00:00,0.0,0.0,0.0,0.0,-8.06,0.34,0
2023-03-08 04:30:00+00:00,0.0,0.0,0.0,0.0,-8.9,0.41,0
2023-03-08 05:30:00+00:00,0.0,0.0,0.0,0.0,-8.7,0.34,0
2023-03-08 06:30:00+00:00,0.0,20.97,1.64,5.06,-7.83,0.28,0
2023-03-08 07:30:00+00:00,14.24,81.95,5.65,14.87,-6.47,0.21,0
2023-03-08 08:30:00+00:00,95.36,173.49,12.77,23.79,-4.62,0.28,0
2023-03-08 09:30:00+00:00,148.88,255.76,18.83,31.23,-2.73,0.34,0
2023-03-08 10:30:00+00:00,349.42,328.32,26.62,36.44,-1.49,0.41,0
2023-03-08 11:30:00+00:00,315.46,316.7,25.68,38.67,-0.23,0.55,0
2023-03-08 12:30:00+00:00,223.08,283.7,22.14,37.51,0.58,0.69,0
2023-03-08 13:30:00+00:00,175.08,313.68,22.58,33.18,1.24,0.69,0
2023-03-08 14:30:00+00:00,45.05,130.56,9.5,26.37,1.74,0.48,0
2023-03-08 15:30:00+00:00,23.91,110.96,7.69,17.85,1.13,0.48,0
2023-03-08 16:30:00+00:00,0.0,31.08,2.44,8.27,0.14,0.28,0
2023-03-08 17:30:00+00:00,0.0,0.0,0.0,-1.88,-0.74,0.28,0
2023-03-08 18:30:00+00:00,0.0,0.0,0.0,0.0,-1.37,0.21,0
2023-03-08 19:30:00+00:00,0.0,0.0,0.0,0.0,-1.99,0.14,0
2023-03-08 20:30:00+00:00,0.0,0.0,0.0,0.0,-2.09,0.28,0
2023-03-08 21:30:00+00:00,0.0,0.0,0.0,0.0,-2.31,0.21,0
2023-03-08 22:30:00+00:00,0.0,0.0,0.0,0.0,-2.83,0.07,0
2023-03-08 23:30:00+00:00,0.0,0.0,0.0,0.0,-2.99,0.21,0
2023-03-09 00:30:00+00:00,0.0,0.0,0.0,0.0,-3.06,0.48,0
2023-03-09 01:30:00+00:00,0.0,0.0,0.0,0.0,-2.24,0.55,0
2023-03-09 02:30:00+00:00,0.0,0.0,0.0,0.0,-2.15,0.69,0
2023-03-09 03:30:00+00:00,0.0,0.0,0.0,0.0,-2.19,0.69,0
2023-03-09 04:30:00+00:00,0.0,0.0,0.0,0.0,-2.22,0.83,0
2023-03-09 05:30:00+00:00,0.0,0.0,0.0,0.0,-2.32,0.9,0
2023-03-09 06:30:00+00:00,0.0,21.67,1.7,5.39,-2.39,0.9,0
2023-03-09 07:30:00+00:00,194.77,123.25,10.84,15.21,-3.13,0.83,0
2023-03-09 08:30:00+00:00,474.0,158.83,20.37,24.15,-1.16,0.83,0
2023-03-09 09:30:00+00:00,692.98,175.71,28.08,31.61,0.88,1.17,0
2023-03-09 10:30:00+00:00,794.13,192.66,32.27,36.84,1.09,1.24,0
2023-03-09 11:30:00+00:00,842.15,220.17,34.93,39.07,1.79,1.1,0
2023-03-09 12:30:00+00:00,876.14,179.67,34.31,37.89,2.18,1.1,0
2023-03-09 13:30:00+00:00,796.38,158.64,30.69,33.52,3.13,1.03,0
2023-03-09 14:30:00+00:00,636.84,136.16,24.35,26.67,3.69,0.97,0
2023-03-09 15:30:00+00:00,370.49,116.04,15.03,18.13,4.43,0.76,0
2023-03-09 16:30:00+00:00,0.0,33.06,2.59,8.53,3.61,0.48,0
2023-03-09 17:30:00+00:00,0.0,0.0,0.0,-1.64,2.31,0.41,0
2023-03-09 18:30:00+00:00,0.0,0.0,0.0,0.0,0.77,0.34,0
2023-03-09 19:30:00+00:00,0.0,0.0,0.0,0.0,-0.06,0.34,0
2023-03-09 20:30:00+00:00,0.0,0.0,0.0,0.0,-1.06,0.34,0
2023-03-09 21:30:00+00:00,0.0,0.0,0.0,0.0,-1.52,0.28,0
2023-03-09 22:30:00+00:00,0.0,0.0,0.0,0.0,-1.76,0.21,0
2023-03-09 23:30:00+00:00,0.0,0.0,0.0,0.0,-1.97,0.21,0
2023-03-10 00:30:00+00:00,0.0,0.0,0.0,0.0,-2.08,0.14,0
2023-03-10 01:30:00+00:00,0.0,0.0,0.0,0.0,-2.07,0.14,0
2023-03-10 02:30:00+00:00,0.0,0.0,0.0,0.0,-1.8,0.21,0
2023-03-10 03:30:00+00:00,0.0,0.0,0.0,0.0,-2.02,0.34,0
2023-03-10 04:30:00+00:00,0.0,0.0,0.0,0.0,-2.7,0.41,0
2023-03-10 05:30:00+00:00,0.0,0.0,0.0,-4.54,-2.78,0.41,0
2023-03-10 06:30:00+00:00,0.0,17.97,1.41,5.72,-3.05,0.34,0
2023-03-10 07:30:00+00:00,1.4,55.62,3.74,15.55,-3.04,0.76,0
2023-03-10 08:30:00+00:00,0.0,108.88,7.27,24.51,-2.15,0.55,0
2023-03-10 09:30:00+00:00,7.03,170.09,11.48,31.99,-1.29,0.69,0
2023-03-10 10:30:00+00:00,34.04,270.59,18.48,37.23,-1.46,0.9,0
2023-03-10 11:30:00+00:00,94.2,215.89,16.11,39.46,-0.46,1.31,0
2023-03-10 12:30:00+00:00,106.17,219.8,16.53,38.26,-0.4,1.45,0
2023-03-10 13:30:00+00:00,133.34,238.59,17.91,33.86,-0.48,1.45,0
2023-03-10 14:30:00+00:00,321.31,198.24,18.91,26.97,-0.57,1.86,0
2023-03-10 15:30:00+00:00,221.06,127.32,12.23,18.4,-0.92,1.79,0
2023-03-10 16:30:00+00:00,0.0,32.87,2.57,8.78,-2.29,1.52,0
2023-03-10 17:30:00+00:00,0.0,0.0,0.0,-1.4,-3.09,1.38,0
2023-03-10 18:30:00+00:00,0.0,0.0,0.0,0.0,-3.59,1.31,0
2023-03-10 19:30:00+00:00,0.0,0.0,0.0,0.0,-2.78,1.38,0
2023-03-10 20:30:00+00:00,0.0,0.0,0.0,0.0,-2.68,1.31,0
2023-03-10 21:30:00+00:00,0.0,0.0,0.0,0.0,-2.77,1.38,0
2023-03-10 22:30:00+00:00,0.0,0.0,0.0,0.0,-2.8,1.45,0
2023-03-10 23:30:00+00:00,0.0,0.0,0.0,0.0,-3.29,1.38,0
2023-03-11 00:30:00+00:00,0.0,0.0,0.0,0.0,-3.59,1.38,0
2023-03-11 01:30:00+00:00,0.0,0.0,0.0,0.0,-4.22,1.31,0
2023-03-11 02:30:00+00:00,0.0,0.0,0.0,0.0,-4.34,1.24,0
2023-03-11 03:30:00+00:00,0.0,0.0,0.0,0.0,-4.42,1.31,0
2023-03-11 04:30:00+00:00,0.0,0.0,0.0,0.0,-4.35,1.24,0
2023-03-11 05:30:00+00:00,0.0,0.0,0.0,-4.21,-4.29,1.31,0
2023-03-11 06:30:00+00:00,0.0,20.39,1.6,6.05,-4.3,1.24,0
2023-03-11 07:30:00+00:00,50.32,79.2,6.15,15.9,-3.4,1.03,0
2023-03-11 08:30:00+00:00,19.55,127.13,8.83,24.87,-3.27,1.45,0
2023-03-11 09:30:00+00:00,51.28,168.97,12.22,32.37,-2.54,1.38,0
2023-03-11 10:30:00+00:00,53.44,198.4,14.22,37.63,-1.79,1.38,0
2023-03-11 11:30:00+00:00,59.06,208.46,15.01,39.85,-1.37,1.45,0
2023-03-11 12:30:00+00:00,77.74,202.96,15.0,38.63,-1.07,1.45,0
2023-03-11 13:30:00+00:00,73.97,166.96,12.6,34.2,-0.85,1.52,0
2023-03-11 14:30:00+00:00,68.54,129.49,9.99,27.28,-0.73,1.45,0
2023-03-11 15:30:00+00:00,42.58,93.16,6.96,18.67,-0.82,1.45,0
2023-03-11 16:30:00+00:00,0.0,27.92,2.19,9.03,-1.16,1.38,0
2023-03-11 17:30:00+00:00,0.0,0.0,0.0,-1.16,-1.71,0.97,0
2023-03-11 18:30:00+00:00,0.0,0.0,0.0,0.0,-2.1,1.03,0
2023-03-11 19:30:00+00:00,0.0,0.0,0.0,0.0,-2.29,1.03,0
2023-03-11 20:30:00+00:00,0.0,0.0,0.0,0.0,-2.3,1.03,0
2023-03-11 21:30:00+00:00,0.0,0.0,0.0,0.0,-2.35,1.03,0
2023-03-11 22:30:00+00:00,0.0,0.0,0.0,0.0,-2.42,1.1,0
2023-03-11 23:30:00+00:00,0.0,0.0,0.0,0.0,-2.71,1.1,0
2023-03-12 00:30:00+00:00,0.0,0.0,0.0,0.0,-2.42,1.1,0
2023-03-12 01:30:00+00:00,0.0,0.0,0.0,0.0,-1.6,0.97,0
2023-03-12 02:30:00+00:00,0.0,0.0,0.0,0.0,-1.74,0.97,0
2023-03-12 03:30:00+00:00,0.0,0.0,0.0,0.0,-2.38,0.83,0
2023-03-12 04:30:00+00:00,0.0,0.0,0.0,0.0,-2.67,0.76,0
2023-03-12 05:30:00+00:00,0.0,0.0,0.0,-3.88,-2.47,0.62,0
2023-03-12 06:30:00+00:00,0.0,28.21,2.21,6.38,-2.88,0.76,0
2023-03-12 07:30:00+00:00,111.15,109.09,9.01,16.24,-0.94,0.9,0
2023-03-12 08:30:00+00:00,117.29,162.03,12.79,25.23,-0.77,1.17,0
2023-03-12 09:30:00+00:00,138.0,205.54,16.14,32.75,-0.55,1.24,0
2023-03-12 10:30:00+00:00,259.86,314.04,24.79,38.02,0.0,1.31,0
2023-03-12 11:30:00+00:00,494.11,290.76,29.12,40.25,0.82,1.38,0
2023-03-12 12:30:00+00:00,525.27,279.32,29.27,39.0,1.57,1.59,0
2023-03-12 13:30:00+00:00,515.59,275.7,28.31,34.53,1.47,1.52,0
2023-03-12 14:30:00+00:00,475.9,185.52,22.61,27.57,1.5,1.45,0
2023-03-12 15:30:00+00:00,354.88,119.71,15.5,18.94,2.78,1.1,0
2023-03-12 16:30:00+00:00,156.42,63.75,6.72,9.27,3.07,0.76,0
2023-03-12 17:30:00+00:00,0.0,0.0,0.0,-0.92,2.14,0.55,0
2023-03-12 18:30:00+00:00,0.0,0.0,0.0,0.0,0.75,0.41,0
2023-03-12 19:30:00+00:00,0.0,0.0,0.0,0.0,-0.17,0.41,0
2023-03-12 20:30:00+00:00,0.0,0.0,0.0,0.0,-1.01,0.48,0
2023-03-12 21:30:00+00:00,0.0,0.0,0.0,0.0,-1.65,0.34,0
2023-03-12 22:30:00+00:00,0.0,0.0,0.0,0.0,-2.23,0.28,0
2023-03-12 23:30:00+00:00,0.0,0.0,0.0,0.0,-2.65,0.28,0
2023-03-13 00:30:00+00:00,0.0,0.0,0.0,0.0,-2.82,0.28,0
2023-03-13 01:30:00+00:00,0.0,0.0,0.0,0.0,-3.69,0.28,0
2023-03-13 02:30:00+00:00,0.0,0.0,0.0,0.0,-3.57,0.28,0
2023-03-13 03:30:00+00:00,0.0,0.0,0.0,0.0,-2.58,0.28,0
2023-03-13 04:30:00+00:00,0.0,0.0,0.0,0.0,-1.63,0.28,0
2023-03-13 05:30:00+00:00,0.0,0.0,0.0,-3.55,-1.14,0.21,0
2023-03-13 06:30:00+00:00,0.0,22.56,1.77,6.72,-0.96,0.21,0
2023-03-13 07:30:00+00:00,103.97,99.28,8.46,16.59,-0.86,0.14,0
2023-03-13 08:30:00+00:00,340.54,183.65,18.96,25.6,0.65,0.28,0
2023-03-13 09:30:00+00:00,507.31,253.43,27.17,33.14,2.51,0.69,0
2023-03-13 10:30:00+00:00,687.88,251.16,32.62,38.42,3.03,0.97,0
2023-03-13 11:30:00+00:00,627.84,305.31,33.41,40.65,3.44,1.03,0
2023-03-13 12:30:00+00:00,744.09,195.55,32.18,39.38,3.17,1.1,0
2023-03-13 13:30:00+00:00,621.98,184.78,27.74,34.87,3.14,1.1,0
2023-03-13 14:30:00+00:00,441.22,147.12,20.34,27.87,2.34,1.24,0
2023-03-13 15:30:00+00:00,252.78,103.01,12.4,19.2,1.54,1.31,0
2023-03-13 16:30:00+00:00,82.89,57.66,5.13,9.52,0.91,1.24,0
2023-03-13 17:30:00+00:00,0.0,0.0,0.0,-0.68,0.47,1.1,0
2023-03-13 18:30:00+00:00,0.0,0.0,0.0,0.0,-0.04,1.03,0
2023-03-13 19:30:00+00:00,0.0,0.0,0.0,0.0,-0.82,1.1,0
2023-03-13 20:30:00+00:00,0.0,0.0,0.0,0.0,-0.94,1.1,0
2023-03-13 21:30:00+00:00,0.0,0.0,0.0,0.0,-1.26,1.17,0
2023-03-13 22:30:00+00:00,0.0,0.0,0.0,0.0,-1.25,1.03,0
2023-03-13 23:30:00+00:00,0.0,0.0,0.0,0.0,-1.06,0.83,0
2023-03-14 00:30:00+00:00,0.0,0.0,0.0,0.0,-1.03,0.41,0
2023-03-14 01:30:00+00:00,0.0,0.0,0.0,0.0,-0.43,0.21,0
2023-03-14 02:30:00+00:00,0.0,0.0,0.0,0.0,-0.4,0.34,0
2023-03-14 03:30:00+00:00,0.0,0.0,0.0,0.0,-0.3,0.48,0
2023-03-14 04:30:00+00:00,0.0,0.0,0.0,0.0,-0.3,0.34,0
2023-03-14 05:30:00+00:00,0.0,0.0,0.0,-3.22,-0.49,0.28,0
2023-03-14 06:30:00+00:00,0.0,27.8,2.18,7.06,-1.07,0.34,0
2023-03-14 07:30:00+00:00,154.1,106.68,10.03,16.94,-0.84,0.28,0
2023-03-14 08:30:00+00:00,223.38,184.65,16.42,25.96,0.0,0.41,0
2023-03-14 09:30:00+00:00,230.51,238.21,20.03,33.52,0.84,0.9,0
2023-03-14 10:30:00+00:00,107.08,301.63,21.61,38.82,0.84,1.03,0
2023-03-14 11:30:00+00:00,206.27,303.78,23.62,41.04,0.98,1.31,0
2023-03-14 12:30:00+00:00,342.57,229.74,22.73,39.75,0.56,1.72,0
2023-03-14 13:30:00+00:00,437.46,216.52,24.17,35.2,0.49,1.59,0
2023-03-14 14:30:00+00:00,311.2,200.19,19.46,28.17,0.27,1.59,0
2023-03-14 15:30:00+00:00,173.69,152.72,13.02,19.47,-1.11,1.52,0
2023-03-14 16:30:00+00:00,75.67,69.19,5.68,9.77,-2.16,1.45,0
2023-03-14 17:30:00+00:00,0.0,0.0,0.0,-0.44,-3.31,1.52,0
2023-03-14 18:30:00+00:00,0.0,0.0,0.0,0.0,-3.85,1.38,0
2023-03-14 19:30:00+00:00,0.0,0.0,0.0,0.0,-4.37,1.45,0
2023-03-14 20:30:00+00:00,0.0,0.0,0.0,0.0,-4.67,1.52,0
2023-03-14 21:30:00+00:00,0.0,0.0,0.0,0.0,-4.91,1.45,0
2023-03-14 22:30:00+00:00,0.0,0.0,0.0,0.0,-5.36,1.45,0
2023-03-14 23:30:00+00:00,0.0,0.0,0.0,0.0,-5.36,1.52,0
2023-03-15 00:30:00+00:00,0.0,0.0,0.0,0.0,-5.22,1.52,0
2023-03-15 01:30:00+00:00,0.0,0.0,0.0,0.0,-5.8,1.17,0
2023-03-15 02:30:00+00:00,0.0,0.0,0.0,0.0,-6.13,1.1,0
2023-03-15 03:30:00+00:00,0.0,0.0,0.0,0.0,-6.16,1.17,0
2023-03-15 04:30:00+00:00,0.0,0.0,0.0,0.0,-6.67,1.31,0
2023-03-15 05:30:00+00:00,0.0,0.0,0.0,-2.88,-6.88,1.31,0
2023-03-15 06:30:00+00:00,0.0,35.17,2.75,7.4,-7.15,1.17,0
2023-03-15 07:30:00+00:00,234.11,135.04,13.37,17.29,-8.53,1.52,0
2023-03-15 08:30:00+00:00,486.5,180.5,23.18,26.33,-8.07,1.66,0
2023-03-15 09:30:00+00:00,637.61,228.71,30.28,33.91,-6.97,1.59,0
2023-03-15 10:30:00+00:00,891.04,176.33,36.49,39.22,-5.9,1.59,0
2023-03-15 11:30:00+00:00,938.86,182.66,38.4,41.44,-5.07,1.52,0
2023-03-15 12:30:00+00:00,919.1,174.56,37.38,40.12,-4.37,1.59,0
2023-03-15 13:30:00+00:00,674.09,236.98,31.84,35.54,-4.0,1.52,0
2023-03-15 14:30:00+00:00,403.21,244.04,23.87,28.47,-3.8,1.38,0
2023-03-15 15:30:00+00:00,374.68,118.64,16.74,19.74,-4.08,1.31,0
2023-03-15 16:30:00+00:00,150.67,65.37,7.22,10.02,-3.7,1.17,0
2023-03-15 17:30:00+00:00,0.0,0.0,0.0,-0.2,-3.28,0.97,0
2023-03-15 18:30:00+00:00,0.0,0.0,0.0,0.0,-3.98,0.83,0
2023-03-15 19:30:00+00:00,0.0,0.0,0.0,0.0,-4.16,0.83,0
2023-03-15 20:30:00+00:00,0.0,0.0,0.0,0.0,-4.86,0.55,0
2023-03-15 21:30:00+00:00,0.0,0.0,0.0,0.0,-5.59,0.41,0
2023-03-15 22:30:00+00:00,0.0,0.0,0.0,0.0,-6.24,0.28,0
2023-03-15 23:30:00+00:00,0.0,0.0,0.0,0.0,-6.8,0.14,0
2023-03-16 00:30:00+00:00,0.0,0.0,0.0,0.0,-7.06,0.14,0
2023-03-16 01:30:00+00:00,0.0,0.0,0.0,0.0,-7.64,0.14,0
2023-03-16 02:30:00+00:00,0.0,0.0,0.0,0.0,-7.53,0.14,0
2023-03-16 03:30:00+00:00,0.0,0.0,0.0,0.0,-7.4,0.14,0
2023-03-16 04:30:00+00:00,0.0,0.0,0.0,0.0,-7.29,0.14,0
2023-03-16 05:30:00+00:00,0.0,0.0,0.0,-2.55,-7.13,0.07,0
2023-03-16 06:30:00+00:00,0.0,29.55,2.31,7.74,-6.87,0.07,0
2023-03-16 07:30:00+00:00,292.78,109.95,14.05,17.64,-7.05,0.14,0
2023-03-16 08:30:00+00:00,514.69,149.48,23.05,26.7,-3.83,0.14,0
2023-03-16 09:30:00+00:00,699.88,176.57,30.43,34.3,-0.96,0.34,0
2023-03-16 10:30:00+00:00,732.74,244.23,34.51,39.62,0.57,0.62,0
2023-03-16 11:30:00+00:00,821.83,221.18,36.5,41.84,1.63,0.76,0
2023-03-16 12:30:00+00:00,832.61,197.7,35.84,40.49,2.23,0.69,0
2023-03-16 13:30:00+00:00,749.52,176.78,32.1,35.87,2.59,0.62,0
2023-03-16 14:30:00+00:00,610.47,142.27,25.88,28.76,2.73,0.55,0
2023-03-16 15:30:00+00:00,346.69,127.74,16.57,20.0,2.68,0.41,0
2023-03-16 16:30:00+00:00,110.52,75.75,6.94,10.26,1.72,0.41,0
2023-03-16 17:30:00+00:00,0.0,6.03,0.47,0.03,0.45,0.34,0
2023-03-16 18:30:00+00:00,0.0,0.0,0.0,0.0,-0.87,0.34,0
2023-03-16 19:30:00+00:00,0.0,0.0,0.0,0.0,-2.05,0.28,0
2023-03-16 20:30:00+00:00,0.0,0.0,0.0,0.0,-2.78,0.34,0
2023-03-16 21:30:00+00:00,0.0,0.0,0.0,0.0,-3.19,0.41,0
2023-03-16 22:30:00+00:00,0.0,0.0,0.0,0.0,-3.46,0.48,0
2023-03-16 23:30:00+00:00,0.0,0.0,0.0,0.0,-3.67,0.48,0
2023-03-17 00:30:00+00:00,0.0,0.0,0.0,0.0,-3.89,0.48,0
2023-03-17 01:30:00+00:00,0.0,0.0,0.0,0.0,-4.82,0.41,0
2023-03-17 02:30:00+00:00,0.0,0.0,0.0,0.0,-4.92,0.41,0
2023-03-17 03:30:00+00:00,0.0,0.0,0.0,0.0,-4.93,0.41,0
2023-03-17 04:30:00+00:00,0.0,0.0,0.0,0.0,-4.94,0.41,0
2023-03-17 05:30:00+00:00,0.0,0.0,0.0,-2.21,-5.03,0.41,0
2023-03-17 06:30:00+00:00,0.0,29.87,2.34,8.08,-5.04,0.48,0
2023-03-17 07:30:00+00:00,278.85,112.55,14.01,17.99,-4.71,0.48,0
2023-03-17 08:30:00+00:00,489.11,153.49,22.73,27.07,-2.44,0.55,0
2023-03-17 09:30:00+00:00,647.65,194.88,29.83,34.68,-0.71,0.76,0
2023-03-17 10:30:00+00:00,677.67,268.4,34.13,40.02,-0.29,0.97,0
2023-03-17 11:30:00+00:00,710.61,285.16,35.96,42.24,0.66,0.97,0
2023-03-17 12:30:00+00:00,627.94,305.46,34.31,40.87,1.2,0.97,0
2023-03-17 13:30:00+00:00,513.81,286.56,29.9,36.21,1.68,0.97,0
2023-03-17 14:30:00+00:00,402.66,228.2,23.62,29.06,1.99,0.9,0
2023-03-17 15:30:00+00:00,266.7,152.13,15.67,20.27,1.77,0.9,0
2023-03-17 16:30:00+00:00,90.85,77.7,6.75,10.51,1.53,0.76,0
2023-03-17 17:30:00+00:00,0.0,6.7,0.52,0.27,0.52,0.62,0
2023-03-17 18:30:00+00:00,0.0,0.0,0.0,0.0,-0.76,0.48,0
2023-03-17 19:30:00+00:00,0.0,0.0,0.0,0.0,-2.05,0.41,0
2023-03-17 20:30:00+00:00,0.0,0.0,0.0,0.0,-3.13,0.34,0
2023-03-17 21:30:00+00:00,0.0,0.0,0.0,0.0,-4.22,0.28,0
2023-03-17 22:30:00+00:00,0.0,0.0,0.0,0.0,-5.5,0.28,0
2023-03-17 23:30:00+00:00,0.0,0.0,0.0,0.0,-6.77,0.14,0
2023-03-18 00:30:00+00:00,0.0,0.0,0.0,0.0,-7.19,0.21,0
2023-03-18 01:30:00+00:00,0.0,0.0,0.0,0.0,-6.17,0.14,0
2023-03-18 02:30:00+00:00,0.0,0.0,0.0,0.0,-6.54,0.07,0
2023-03-18 03:30:00+00:00,0.0,0.0,0.0,0.0,-6.61,0.07,0
2023-03-18 04:30:00+00:00,0.0,0.0,0.0,0.0,-6.69,0.07,0
2023-03-18 05:30:00+00:00,0.0,0.0,0.0,-1.87,-7.3,0.0,0
2023-03-18 06:30:00+00:00,0.0,33.89,2.65,8.42,-7.03,0.0,0
2023-03-18 07:30:00+00:00,243.91,135.58,14.28,18.34,-6.1,0.0,0
2023-03-18 08:30:00+00:00,443.55,196.11,23.41,27.44,-3.95,0.07,0
2023-03-18 09:30:00+00:00,723.7,163.28,31.28,35.07,-0.52,0.28,0
2023-03-18 10:30:00+00:00,851.93,176.29,36.22,40.42,2.24,0.69,0
2023-03-18 11:30:00+00:00,811.17,233.64,37.26,42.63,3.27,0.9,0
2023-03-18 12:30:00+00:00,642.64,294.91,34.55,41.24,3.45,0.97,0
2023-03-18 13:30:00+00:00,518.87,280.81,30.03,36.54,3.16,0.97,0
2023-03-18 14:30:00+00:00,348.81,239.26,22.93,29.35,3.33,0.97,0
2023-03-18 15:30:00+00:00,206.38,163.02,14.86,20.53,3.19,0.9,0
2023-03-18 16:30:00+00:00,80.2,77.62,6.65,10.75,3.04,0.83,0
2023-03-18 17:30:00+00:00,0.0,6.86,0.54,0.51,2.24,0.62,0
2023-03-18 18:30:00+00:00,0.0,0.0,0.0,0.0,1.3,0.55,0
2023-03-18 19:30:00+00:00,0.0,0.0,0.0,0.0,-0.24,0.41,0
2023-03-18 20:30:00+00:00,0.0,0.0,0.0,0.0,-0.75,0.41,0
2023-03-18 21:30:00+00:00,0.0,0.0,0.0,0.0,-1.15,0.41,0
2023-03-18 22:30:00+00:00,0.0,0.0,0.0,0.0,-1.5,0.34,0
2023-03-18 23:30:00+00:00,0.0,0.0,0.0,0.0,-2.0,0.34,0
2023-03-19 00:30:00+00:00,0.0,0.0,0.0,0.0,-2.5,0.21,0
2023-03-19 01:30:00+00:00,0.0,0.0,0.0,0.0,-2.57,0.14,0
2023-03-19 02:30:00+00:00,0.0,0.0,0.0,0.0,-2.52,0.07,0
2023-03-19 03:30:00+00:00,0.0,0.0,0.0,0.0,-2.44,0.07,0
2023-03-19 04:30:00+00:00,0.0,0.0,0.0,0.0,-2.24,0.0,0
2023-03-19 05:30:00+00:00,0.0,0.0,0.0,-1.54,-2.02,0.07,0
2023-03-19 06:30:00+00:00,0.0,45.28,3.55,8.76,-1.98,0.07,0
2023-03-19 07:30:00+00:00,65.11,138.89,10.41,18.69,-1.23,0.14,0
2023-03-19 08:30:00+00:00,237.08,226.58,19.59,27.8,-0.17,0.41,0
2023-03-19 09:30:00+00:00,443.89,231.8,25.9,35.46,0.53,0.62,0
2023-03-19 10:30:00+00:00,386.49,324.35,29.16,40.83,1.04,0.69,0
2023-03-19 11:30:00+00:00,299.23,342.15,28.19,43.03,1.32,0.76,0
2023-03-19 12:30:00+00:00,33.97,210.7,14.79,41.61,2.32,0.69,0
2023-03-19 13:30:00+00:00,9.01,190.73,12.92,36.87,1.91,0.55,0
2023-03-19 14:30:00+00:00,68.89,186.88,13.81,29.64,1.37,0.55,0
2023-03-19 15:30:00+00:00,86.95,122.04,10.01,20.79,1.53,0.48,0
2023-03-19 16:30:00+00:00,41.3,68.69,5.4,10.99,1.47,0.28,0
2023-03-19 17:30:00+00:00,0.0,5.65,0.44,0.74,0.82,0.07,0
2023-03-19 18:30:00+00:00,0.0,0.0,0.0,0.0,0.14,0.21,0
2023-03-19 19:30:00+00:00,0.0,0.0,0.0,0.0,-0.99,0.21,0
2023-03-19 20:30:00+00:00,0.0,0.0,0.0,0.0,-1.39,0.28,0
2023-03-19 21:30:00+00:00,0.0,0.0,0.0,0.0,-1.72,0.34,0
2023-03-19 22:30:00+00:00,0.0,0.0,0.0,0.0,-2.21,0.41,0
2023-03-19 23:30:00+00:00,0.0,0.0,0.0,0.0,-2.81,0.41,0
2023-03-20 00:30:00+00:00,0.0,0.0,0.0,0.0,-3.32,0.48,0
2023-03-20 01:30:00+00:00,0.0,0.0,0.0,0.0,-4.32,0.41,0
2023-03-20 02:30:00+00:00,0.0,0.0,0.0,0.0,-4.3,0.41,0
2023-03-20 03:30:00+00:00,0.0,0.0,0.0,0.0,-4.54,0.48,0
2023-03-20 04:30:00+00:00,0.0,0.0,0.0,0.0,-5.16,0.55,0
2023-03-20 05:30:00+00:00,0.0,0.0,0.0,-1.2,-4.74,0.62,0
2023-03-20 06:30:00+00:00,0.0,40.02,3.14,9.1,-4.6,0.55,0
2023-03-20 07:30:00+00:00,147.21,145.48,12.67,19.05,-3.86,0.48,0
2023-03-20 08:30:00+00:00,390.37,207.71,22.89,28.17,-2.33,0.41,0
2023-03-20 09:30:00+00:00,716.09,173.33,32.05,35.85,0.11,0.41,0
2023-03-20 10:30:00+00:00,833.88,192.82,36.91,41.23,1.85,0.62,0
2023-03-20 11:30:00+00:00,819.26,205.55,37.03,43.43,2.91,0.69,0
2023-03-20 12:30:00+00:00,842.88,191.3,37.18,41.98,3.61,0.76,0
2023-03-20 13:30:00+00:00,689.9,186.11,31.77,37.2,3.8,0.83,0
2023-03-20 14:30:00+00:00,621.86,141.34,27.42,29.93,3.85,0.83,0
2023-03-20 15:30:00+00:00,336.44,137.73,17.67,21.05,4.32,0.69,0
2023-03-20 16:30:00+00:00,125.46,76.11,7.98,11.23,4.04,0.48,0
2023-03-20 17:30:00+00:00,0.0,7.18,0.56,0.98,3.07,0.48,0
2023-03-20 18:30:00+00:00,0.0,0.0,0.0,0.0,1.57,0.55,0
2023-03-20 19:30:00+00:00,0.0,0.0,0.0,0.0,0.09,0.41,0
2023-03-20 20:30:00+00:00,0.0,0.0,0.0,0.0,-1.06,0.34,0
2023-03-20 21:30:00+00:00,0.0,0.0,0.0,0.0,-1.87,0.34,0
2023-03-20 22:30:00+00:00,0.0,0.0,0.0,0.0,-2.47,0.28,0
2023-03-20 23:30:00+00:00,0.0,0.0,0.0,0.0,-2.9,0.28,0
2023-03-21 00:30:00+00:00,0.0,0.0,0.0,0.0,-3.2,0.28,0
2023-03-21 01:30:00+00:00,0.0,0.0,0.0,0.0,-3.38,0.28,0
2023-03-21 02:30:00+00:00,0.0,0.0,0.0,0.0,-3.92,0.28,0
2023-03-21 03:30:00+00:00,0.0,0.0,0.0,0.0,-3.54,0.28,0
2023-03-21 04:30:00+00:00,0.0,0.0,0.0,0.0,-3.04,0.28,0
2023-03-21 05:30:00+00:00,0.0,0.0,0.0,-0.86,-2.76,0.28,0
2023-03-21 06:30:00+00:00,0.0,40.78,3.2,9.44,-2.57,0.28,0
2023-03-21 07:30:00+00:00,238.61,137.9,14.88,19.4,-2.32,0.21,0
2023-03-21 08:30:00+00:00,401.64,208.89,23.51,28.54,1.25,0.21,0
2023-03-21 09:30:00+00:00,573.79,248.3,30.89,36.23,3.9,0.28,0
2023-03-21 10:30:00+00:00,662.83,283.98,35.44,41.63,5.45,0.28,0
2023-03-21 11:30:00+00:00,691.93,301.42,37.19,43.83,6.27,0.14,0
2023-03-21 12:30:00+00:00,582.72,286.04,33.19,42.35,6.71,0.14,0
2023-03-21 13:30:00+00:00,499.32,286.25,30.44,37.53,6.85,0.14,0
2023-03-21 14:30:00+00:00,303.46,238.78,22.32,30.22,6.86,0.21,0
2023-03-21 15:30:00+00:00,132.01,166.55,13.7,21.31,6.62,0.28,0
2023-03-21 16:30:00+00:00,19.77,87.01,6.17,11.47,5.75,0.34,0
2023-03-21 17:30:00+00:00,0.0,9.51,0.74,1.21,4.7,0.41,0
2023-03-21 18:30:00+00:00,0.0,0.0,0.0,0.0,3.43,0.48,0
2023-03-21 19:30:00+00:00,0.0,0.0,0.0,0.0,2.32,0.41,0
2023-03-21 20:30:00+00:00,0.0,0.0,0.0,0.0,1.34,0.41,0
2023-03-21 21:30:00+00:00,0.0,0.0,0.0,0.0,0.46,0.41,0
2023-03-21 22:30:00+00:00,0.0,0.0,0.0,0.0,-0.29,0.41,0
2023-03-21 23:30:00+00:00,0.0,0.0,0.0,0.0,-0.97,0.41,0
2023-03-22 00:30:00+00:00,0.0,0.0,0.0,0.0,-1.63,0.41,0
2023-03-22 01:30:00+00:00,0.0,0.0,0.0,0.0,-1.9,0.34,0
2023-03-22 02:30:00+00:00,0.0,0.0,0.0,0.0,-2.09,0.28,0
2023-03-22 03:30:00+00:00,0.0,0.0,0.0,0.0,-2.26,0.14,0
2023-03-22 04:30:00+00:00,0.0,0.0,0.0,0.0,-2.37,0.14,0
2023-03-22 05:30:00+00:00,0.0,0.0,0.0,-0.52,-2.4,0.14,0
2023-03-22 06:30:00+00:00,0.0,31.94,2.5,9.79,-2.29,0.14,0
2023-03-22 07:30:00+00:00,332.97,97.55,16.26,19.75,-0.93,0.07,0
2023-03-22 08:30:00+00:00,558.45,129.2,25.39,28.91,2.12,0.0,0
2023-03-22 09:30:00+00:00,717.83,152.82,31.92,36.62,4.28,0.21,0
2023-03-22 10:30:00+00:00,836.41,168.3,36.68,42.03,5.42,0.48,0
2023-03-22 11:30:00+00:00,913.05,165.39,39.22,44.22,6.11,0.62,0
2023-03-22 12:30:00+00:00,884.14,161.79,38.06,42.72,6.63,0.62,0
2023-03-22 13:30:00+00:00,772.94,152.71,33.81,37.85,6.94,0.62,0
2023-03-22 14:30:00+00:00,598.67,133.11,26.95,30.51,7.11,0.41,0
2023-03-22 15:30:00+00:00,358.12,111.43,17.75,21.57,7.12,0.14,0
2023-03-22 16:30:00+00:00,140.75,62.22,8.15,11.71,6.43,0.28,0
2023-03-22 17:30:00+00:00,0.0,8.84,0.69,1.44,5.3,0.34,0
2023-03-22 18:30:00+00:00,0.0,0.0,0.0,0.0,3.81,0.28,0
2023-03-22 19:30:00+00:00,0.0,0.0,0.0,0.0,2.61,0.07,0
2023-03-22 20:30:00+00:00,0.0,0.0,0.0,0.0,1.53,0.07,0
2023-03-22 21:30:00+00:00,0.0,0.0,0.0,0.0,0.77,0.14,0
2023-03-22 22:30:00+00:00,0.0,0.0,0.0,0.0,0.45,0.14,0
2023-03-22 23:30:00+00:00,0.0,0.0,0.0,0.0,0.32,0.07,0
2023-03-23 00:30:00+00:00,0.0,0.0,0.0,0.0,0.24,0.07,0
2023-03-23 01:30:00+00:00,0.0,0.0,0.0,0.0,-0.18,0.14,0
2023-03-23 02:30:00+00:00,0.0,0.0,0.0,0.0,-0.42,0.21,0
2023-03-23 03:30:00+00:00,0.0,0.0,0.0,0.0,-0.63,0.21,0
2023-03-23 04:30:00+00:00,0.0,0.0,0.0,0.0,-0.62,0.21,0
2023-03-23 05:30:00+00:00,0.0,0.0,0.0,-0.18,-0.54,0.14,0
2023-03-23 06:30:00+00:00,0.0,38.87,3.05,10.13,-0.31,0.07,0
2023-03-23 07:30:00+00:00,264.67,120.22,15.3,20.1,0.76,0.0,0
2023-03-23 08:30:00+00:00,378.66,186.3,22.29,29.28,3.25,0.14,0
2023-03-23 09:30:00+00:00,553.36,226.41,29.86,37.01,4.72,0.34,0
2023-03-23 10:30:00+00:00,620.28,258.69,33.61,42.43,5.84,0.41,0
2023-03-23 11:30:00+00:00,676.17,262.81,35.63,44.62,6.65,0.41,0
2023-03-23 12:30:00+00:00,576.7,281.11,33.28,43.09,7.26,0.48,0
2023-03-23 13:30:00+00:00,444.97,234.53,26.98,38.18,7.66,0.34,0
2023-03-23 14:30:00+00:00,295.55,222.33,21.67,30.79,7.78,0.28,0
2023-03-23 15:30:00+00:00,103.29,151.7,12.4,21.82,7.67,0.28,0
2023-03-23 16:30:00+00:00,34.19,63.42,5.14,11.95,6.88,0.41,0
2023-03-23 17:30:00+00:00,0.0,7.44,0.58,1.67,5.91,0.34,0
2023-03-23 18:30:00+00:00,0.0,0.0,0.0,0.0,4.99,0.34,0
2023-03-23 19:30:00+00:00,0.0,0.0,0.0,0.0,3.85,0.34,0
2023-03-23 20:30:00+00:00,0.0,0.0,0.0,0.0,3.18,0.28,0
2023-03-23 21:30:00+00:00,0.0,0.0,0.0,0.0,2.64,0.28,0
2023-03-23 22:30:00+00:00,0.0,0.0,0.0,0.0,2.23,0.21,0
2023-03-23 23:30:00+00:00,0.0,0.0,0.0,0.0,1.84,0.21,0
2023-03-24 00:30:00+00:00,0.0,0.0,0.0,0.0,1.54,0.21,0
2023-03-24 01:30:00+00:00,0.0,0.0,0.0,0.0,1.1,0.28,0
2023-03-24 02:30:00+00:00,0.0,0.0,0.0,0.0,0.94,0.34,0
2023-03-24 03:30:00+00:00,0.0,0.0,0.0,0.0,0.73,0.34,0
2023-03-24 04:30:00+00:00,0.0,0.0,0.0,0.0,1.14,0.34,0
2023-03-24 05:30:00+00:00,0.0,4.4,0.35,0.16,1.53,0.34,0
2023-03-24 06:30:00+00:00,0.0,38.01,2.98,10.47,1.66,0.28,0
2023-03-24 07:30:00+00:00,40.06,95.92,7.48,20.46,2.19,0.34,0
2023-03-24 08:30:00+00:00,91.47,175.68,13.86,29.65,2.72,0.48,0
2023-03-24 09:30:00+00:00,267.63,199.01,20.2,37.4,3.12,0.48,0
2023-03-24 10:30:00+00:00,414.32,232.98,26.4,42.83,3.65,0.48,0
2023-03-24 11:30:00+00:00,208.18,247.97,21.5,45.02,4.37,0.41,0
2023-03-24 12:30:00+00:00,132.43,260.76,20.3,43.45,4.58,0.34,0
2023-03-24 13:30:00+00:00,51.51,249.56,17.7,38.5,4.6,0.41,0
2023-03-24 14:30:00+00:00,0.0,140.14,9.36,31.08,4.49,0.55,0
2023-03-24 15:30:00+00:00,10.34,91.55,6.39,22.08,3.85,0.28,0
2023-03-24 16:30:00+00:00,2.71,31.97,2.22,12.19,3.27,0.14,0
2023-03-24 17:30:00+00:00,0.0,3.89,0.3,1.91,2.6,0.28,0
2023-03-24 18:30:00+00:00,0.0,0.0,0.0,0.0,1.9,0.55,0
2023-03-24 19:30:00+00:00,0.0,0.0,0.0,0.0,1.23,0.62,0
2023-03-24 20:30:00+00:00,0.0,0.0,0.0,0.0,0.86,0.69,0
2023-03-24 21:30:00+00:00,0.0,0.0,0.0,0.0,0.41,0.62,0
2023-03-24 22:30:00+00:00,0.0,0.0,0.0,0.0,0.05,0.62,0
2023-03-24 23:30:00+00:00,0.0,0.0,0.0,0.0,-0.31,0.69,0
2023-03-25 00:30:00+00:00,0.0,0.0,0.0,0.0,-0.48,0.97,0
2023-03-25 01:30:00+00:00,0.0,0.0,0.0,0.0,-0.49,0.9,0
2023-03-25 02:30:00+00:00,0.0,0.0,0.0,0.0,-1.53,0.97,0
2023-03-25 03:30:00+00:00,0.0,0.0,0.0,0.0,-2.1,0.9,0
2023-03-25 04:30:00+00:00,0.0,0.0,0.0,0.0,-2.6,0.83,0
2023-03-25 05:30:00+00:00,0.0,5.46,0.43,0.5,-3.01,0.97,0
2023-03-25 06:30:00+00:00,0.0,42.0,3.29,10.81,-3.18,0.9,0
2023-03-25 07:30:00+00:00,192.09,126.9,13.74,20.81,-1.72,0.9,0
2023-03-25 08:30:00+00:00,202.49,218.03,19.17,30.02,-1.19,0.9,0
2023-03-25 09:30:00+00:00,239.14,311.73,25.51,37.79,-0.12,1.17,0
2023-03-25 10:30:00+00:00,210.91,312.36,25.17,43.23,0.21,1.24,0
2023-03-25 11:30:00+00:00,237.37,327.37,26.73,45.41,0.43,1.31,0
2023-03-25 12:30:00+00:00,290.35,317.73,27.43,43.82,0.89,1.38,0
2023-03-25 13:30:00+00:00,514.26,240.67,29.81,38.83,1.32,1.52,0
2023-03-25 14:30:00+00:00,316.18,238.14,23.37,31.36,1.45,1.45,0
2023-03-25 15:30:00+00:00,271.82,143.81,17.11,22.33,1.22,1.31,0
2023-03-25 16:30:00+00:00,99.2,72.79,7.85,12.42,0.77,1.24,0
2023-03-25 17:30:00+00:00,0.0,9.19,0.72,2.14,-0.04,0.97,0
2023-03-25 18:30:00+00:00,0.0,0.0,0.0,0.0,0.03,0.83,0
2023-03-25 19:30:00+00:00,0.0,0.0,0.0,0.0,-0.06,0.69,0
2023-03-25 20:30:00+00:00,0.0,0.0,0.0,0.0,-0.36,0.76,0
2023-03-25 21:30:00+00:00,0.0,0.0,0.0,0.0,-0.66,0.69,0
2023-03-25 22:30:00+00:00,0.0,0.0,0.0,0.0,-0.88,0.62,0
2023-03-25 23:30:00+00:00,0.0,0.0,0.0,0.0,-1.31,0.62,0
2023-03-26 00:30:00+00:00,0.0,0.0,0.0,0.0,-1.54,0.48,0
2023-03-26 01:30:00+00:00,0.0,0.0,0.0,0.0,-1.61,0.55,0
2023-03-26 02:30:00+00:00,0.0,0.0,0.0,0.0,-1.53,0.41,0
2023-03-26 03:30:00+00:00,0.0,0.0,0.0,0.0,-1.75,0.41,0
2023-03-26 04:30:00+00:00,0.0,0.0,0.0,0.0,-1.67,0.41,0
2023-03-26 05:30:00+00:00,0.0,7.08,0.56,0.84,-1.27,0.28,0
2023-03-26 06:30:00+00:00,0.0,39.16,3.07,11.15,-1.32,0.34,0
2023-03-26 07:30:00+00:00,49.47,128.85,9.85,21.16,-0.33,0.41,0
2023-03-26 08:30:00+00:00,111.31,187.34,15.19,30.38,0.65,0.07,0
2023-03-26 09:30:00+00:00,133.28,222.94,18.06,38.17,1.3,0.28,0
2023-03-26 10:30:00+00:00,17.68,245.87,16.8,43.63,1.43,0.34,0
2023-03-26 11:30:00+00:00,141.68,299.12,22.97,45.81,1.61,0.55,0
2023-03-26 12:30:00+00:00,364.48,378.66,32.56,44.18,1.74,0.76,0
2023-03-26 13:30:00+00:00,494.16,269.66,30.72,39.15,2.02,0.9,0
2023-03-26 14:30:00+00:00,391.64,216.55,24.8,31.64,1.9,1.17,0
2023-03-26 15:30:00+00:00,165.51,154.04,14.54,22.58,1.27,1.38,0
2023-03-26 16:30:00+00:00,72.29,64.32,6.62,12.66,0.07,1.03,0
2023-03-26 17:30:00+00:00,0.0,9.73,0.76,2.37,-0.86,0.76,0
2023-03-26 18:30:00+00:00,0.0,0.0,0.0,0.0,-1.18,0.62,0
2023-03-26 19:30:00+00:00,0.0,0.0,0.0,0.0,-2.05,0.76,0
2023-03-26 20:30:00+00:00,0.0,0.0,0.0,0.0,-2.65,0.76,0
2023-03-26 21:30:00+00:00,0.0,0.0,0.0,0.0,-2.94,0.83,0
2023-03-26 22:30:00+00:00,0.0,0.0,0.0,0.0,-3.32,0.97,0
2023-03-26 23:30:00+00:00,0.0,0.0,0.0,0.0,-4.55,1.1,0
2023-03-27 00:30:00+00:00,0.0,0.0,0.0,0.0,-4.7,1.1,0
2023-03-27 01:30:00+00:00,0.0,0.0,0.0,0.0,-4.76,1.1,0
2023-03-27 02:30:00+00:00,0.0,0.0,0.0,0.0,-4.96,1.17,0
2023-03-27 03:30:00+00:00,0.0,0.0,0.0,0.0,-4.68,1.24,0
2023-03-27 04:30:00+00:00,0.0,0.0,0.0,0.0,-4.14,1.24,0
2023-03-27 05:30:00+00:00,0.0,5.9,0.46,1.18,-4.2,1.17,0
2023-03-27 06:30:00+00:00,29.59,51.33,4.47,11.5,-4.07,1.24,0
2023-03-27 07:30:00+00:00,68.13,108.67,9.21,21.51,-3.48,1.31,0
2023-03-27 08:30:00+00:00,166.62,152.07,14.82,30.75,-2.62,1.59,0
2023-03-27 09:30:00+00:00,238.84,239.99,21.93,38.56,-2.02,1.59,0
2023-03-27 10:30:00+00:00,437.24,253.88,28.64,44.03,-1.89,1.66,0
2023-03-27 11:30:00+00:00,524.64,253.35,31.4,46.2,-1.86,1.72,0
2023-03-27 12:30:00+00:00,583.1,257.51,33.4,44.55,-2.41,1.72,0
2023-03-27 13:30:00+00:00,582.76,265.64,33.58,39.47,-2.45,1.66,0
2023-03-27 14:30:00+00:00,348.37,234.77,24.54,31.92,-2.71,1.79,0
2023-03-27 15:30:00+00:00,204.03,144.85,15.39,22.83,-3.1,1.59,0
2023-03-27 16:30:00+00:00,99.08,77.52,8.4,12.89,-3.98,1.52,0
2023-03-27 17:30:00+00:00,0.0,9.99,0.78,2.59,-4.5,1.59,0
2023-03-27 18:30:00+00:00,0.0,0.0,0.0,0.0,-5.84,1.17,0
2023-03-27 19:30:00+00:00,0.0,0.0,0.0,0.0,-6.84,1.38,0
2023-03-27 20:30:00+00:00,0.0,0.0,0.0,0.0,-6.92,1.52,0
2023-03-27 21:30:00+00:00,0.0,0.0,0.0,0.0,-7.1,1.31,0
2023-03-27 22:30:00+00:00,0.0,0.0,0.0,0.0,-6.7,1.45,0
2023-03-27 23:30:00+00:00,0.0,0.0,0.0,0.0,-6.57,1.52,0
2023-03-28 00:30:00+00:00,0.0,0.0,0.0,0.0,-6.99,1.38,0
2023-03-28 01:30:00+00:00,0.0,0.0,0.0,0.0,-7.77,1.03,0
2023-03-28 02:30:00+00:00,0.0,0.0,0.0,0.0,-8.52,0.9,0
2023-03-28 03:30:00+00:00,0.0,0.0,0.0,0.0,-9.04,0.76,0
2023-03-28 04:30:00+00:00,0.0,0.0,0.0,0.0,-9.73,0.62,0
2023-03-28 05:30:00+00:00,0.0,9.51,0.74,1.52,-10.14,0.55,0
2023-03-28 06:30:00+00:00,104.99,68.44,8.39,11.84,-10.08,0.55,0
2023-03-28 07:30:00+00:00,326.73,120.81,18.65,21.86,-8.2,0.62,0
2023-03-28 08:30:00+00:00,579.97,137.75,28.32,31.11,-6.39,0.62,0
2023-03-28 09:30:00+00:00,783.11,145.5,35.84,38.94,-4.23,0.76,0
2023-03-28 10:30:00+00:00,894.17,159.41,40.31,44.43,-2.04,0.83,0
2023-03-28 11:30:00+00:00,685.33,330.88,40.19,46.59,-0.55,0.83,0
2023-03-28 12:30:00+00:00,454.92,381.88,35.49,44.91,0.47,0.83,0
2023-03-28 13:30:00+00:00,216.39,306.8,25.12,39.79,0.43,0.83,0
2023-03-28 14:30:00+00:00,217.8,201.76,19.18,32.2,1.29,0.83,0
2023-03-28 15:30:00+00:00,121.45,129.48,12.13,23.08,0.82,0.83,0
2023-03-28 16:30:00+00:00,78.75,76.52,7.77,13.13,1.15,0.62,0
2023-03-28 17:30:00+00:00,0.0,10.66,0.84,2.82,0.83,0.48,0
2023-03-28 18:30:00+00:00,0.0,0.0,0.0,0.0,0.08,0.34,0
2023-03-28 19:30:00+00:00,0.0,0.0,0.0,0.0,-1.6,0.28,0
2023-03-28 20:30:00+00:00,0.0,0.0,0.0,0.0,-2.1,0.41,0
2023-03-28 21:30:00+00:00,0.0,0.0,0.0,0.0,-2.53,0.48,0
2023-03-28 22:30:00+00:00,0.0,0.0,0.0,0.0,-2.99,0.41,0
2023-03-28 23:30:00+00:00,0.0,0.0,0.0,0.0,-3.39,0.41,0
2023-03-29 00:30:00+00:00,0.0,0.0,0.0,0.0,-3.15,0.41,0
2023-03-29 01:30:00+00:00,0.0,0.0,0.0,0.0,-2.91,0.48,0
2023-03-29 02:30:00+00:00,0.0,0.0,0.0,0.0,-2.71,0.48,0
2023-03-29 03:30:00+00:00,0.0,0.0,0.0,0.0,-2.53,0.55,0
2023-03-29 04:30:00+00:00,0.0,0.0,0.0,0.0,-2.36,0.55,0
2023-03-29 05:30:00+00:00,0.0,6.83,0.53,1.85,-2.21,0.62,0
2023-03-29 06:30:00+00:00,20.41,56.94,4.57,12.17,-1.76,0.62,0
2023-03-29 07:30:00+00:00,58.41,118.95,9.65,22.21,-0.53,0.62,0
2023-03-29 08:30:00+00:00,151.94,198.48,17.19,31.48,0.77,0.76,0
2023-03-29 09:30:00+00:00,295.21,283.26,26.05,39.33,1.4,0.83,0
2023-03-29 10:30:00+00:00,467.51,333.2,33.72,44.83,2.66,0.97,0
2023-03-29 11:30:00+00:00,712.12,247.28,37.78,46.98,3.38,1.17,0
2023-03-29 12:30:00+00:00,502.31,284.73,32.52,45.27,4.14,1.31,0
2023-03-29 13:30:00+00:00,353.49,258.96,26.54,40.1,4.49,1.24,0
2023-03-29 14:30:00+00:00,269.61,178.02,19.67,32.47,4.75,1.1,0
2023-03-29 15:30:00+00:00,197.22,157.77,16.17,23.33,5.17,0.9,0
2023-03-29 16:30:00+00:00,94.29,71.41,8.21,13.36,5.2,0.76,0
2023-03-29 17:30:00+00:00,0.0,9.89,0.77,3.05,4.72,0.62,0
2023-03-29 18:30:00+00:00,0.0,0.0,0.0,0.0,3.79,0.48,0
2023-03-29 19:30:00+00:00,0.0,0.0,0.0,0.0,3.08,0.41,0
2023-03-29 20:30:00+00:00,0.0,0.0,0.0,0.0,2.66,0.34,0
2023-03-29 21:30:00+00:00,0.0,0.0,0.0,0.0,2.21,0.34,0
2023-03-29 22:30:00+00:00,0.0,0.0,0.0,0.0,1.99,0.28,0
2023-03-29 23:30:00+00:00,0.0,0.0,0.0,0.0,1.94,0.21,0
2023-03-30 00:30:00+00:00,0.0,0.0,0.0,0.0,1.9,0.21,0
2023-03-30 01:30:00+00:00,0.0,0.0,0.0,0.0,1.9,0.21,0
2023-03-30 02:30:00+00:00,0.0,0.0,0.0,0.0,1.92,0.14,0
2023-03-30 03:30:00+00:00,0.0,0.0,0.0,0.0,2.05,0.14,0
2023-03-30 04:30:00+00:00,0.0,0.0,0.0,0.0,1.94,0.21,0
2023-03-30 05:30:00+00:00,0.0,12.32,0.96,2.19,1.78,0.28,0
2023-03-30 06:30:00+00:00,28.82,55.03,4.82,12.51,1.55,0.34,0
2023-03-30 07:30:00+00:00,107.13,128.18,11.8,22.55,2.17,0.28,0
2023-03-30 08:30:00+00:00,240.42,180.05,18.98,31.84,3.41,0.48,0
2023-03-30 09:30:00+00:00,433.36,217.66,27.23,39.71,4.0,0.48,0
2023-03-30 10:30:00+00:00,493.59,179.13,27.49,45.23,4.95,0.34,0
2023-03-30 11:30:00+00:00,418.06,209.69,26.46,47.37,5.26,0.48,0
2023-03-30 12:30:00+00:00,226.9,227.83,21.42,45.63,4.48,0.69,0
2023-03-30 13:30:00+00:00,290.83,207.28,22.14,40.42,4.16,0.69,0
2023-03-30 14:30:00+00:00,197.7,161.15,16.62,32.75,4.14,0.83,0
2023-03-30 15:30:00+00:00,162.7,101.69,12.21,23.58,3.55,0.97,0
2023-03-30 16:30:00+00:00,74.8,59.06,6.88,13.59,3.22,0.69,0
2023-03-30 17:30:00+00:00,0.0,12.22,0.96,3.28,2.77,0.69,0
2023-03-30 18:30:00+00:00,0.0,0.0,0.0,0.0,2.6,0.48,0
2023-03-30 19:30:00+00:00,0.0,0.0,0.0,0.0,2.12,0.48,0
2023-03-30 20:30:00+00:00,0.0,0.0,0.0,0.0,1.28,0.34,0
2023-03-30 21:30:00+00:00,0.0,0.0,0.0,0.0,0.13,0.34,0
2023-03-30 22:30:00+00:00,0.0,0.0,0.0,0.0,-0.32,0.28,0
2023-03-30 23:30:00+00:00,0.0,0.0,0.0,0.0,-0.81,0.21,0
2023-03-31 00:30:00+00:00,0.0,0.0,0.0,0.0,-0.98,0.21,0
2023-03-31 01:30:00+00:00,0.0,0.0,0.0,0.0,-1.3,0.21,0
2023-03-31 02:30:00+00:00,0.0,0.0,0.0,0.0,-1.92,0.14,0
2023-03-31 03:30:00+00:00,0.0,0.0,0.0,0.0,-1.73,0.21,0
2023-03-31 04:30:00+00:00,0.0,0.0,0.0,0.0,-1.61,0.14,0
2023-03-31 05:30:00+00:00,0.0,8.36,0.66,2.53,-1.38,0.21,0
2023-03-31 06:30:00+00:00,27.18,62.4,5.26,12.85,-1.05,0.21,0
2023-03-31 07:30:00+00:00,57.92,136.29,10.81,22.9,0.8,0.21,0
2023-03-31 08:30:00+00:00,67.67,172.9,13.42,32.2,1.91,0.28,0
2023-03-31 09:30:00+00:00,98.75,152.35,13.16,40.09,1.86,0.34,0
2023-03-31 10:30:00+00:00,179.57,225.26,19.97,45.62,1.75,0.62,0
2023-03-31 11:30:00+00:00,435.55,270.81,30.19,47.76,1.81,0.83,0
2023-03-31 12:30:00+00:00,411.36,269.87,29.35,45.98,1.97,0.9,0
2023-03-31 13:30:00+00:00,195.19,204.47,19.17,40.73,2.21,1.03,0
2023-03-31 14:30:00+00:00,139.47,214.64,17.96,33.02,1.95,0.9,0
2023-03-31 15:30:00+00:00,53.97,135.3,10.63,23.82,1.37,1.1,0
2023-03-31 16:30:00+00:00,27.12,78.86,6.27,13.82,0.88,1.03,0
2023-03-31 17:30:00+00:00,0.0,14.84,1.16,3.5,0.17,0.97,0
2023-03-31 18:30:00+00:00,0.0,0.0,0.0,0.0,-0.67,0.9,0
2023-03-31 19:30:00+00:00,0.0,0.0,0.0,0.0,-1.37,1.24,0
2023-03-31 20:30:00+00:00,0.0,0.0,0.0,0.0,-1.69,1.1,0
2023-03-31 21:30:00+00:00,0.0,0.0,0.0,0.0,-1.94,1.1,0
2023-03-31 22:30:00+00:00,0.0,0.0,0.0,0.0,-2.38,1.1,0
2023-03-31 23:30:00+00:00,0.0,0.0,0.0,0.0,-2.46,1.03,0
2023-04-01 00:30:00+00:00,0.0,0.0,0.0,0.0,-2.46,0.97,0
2023-04-01 01:30:00+00:00,0.0,0.0,0.0,0.0,-2.49,1.1,0
2023-04-01 02:30:00+00:00,0.0,0.0,0.0,0.0,-2.39,1.03,0
2023-04-01 03:30:00+00:00,0.0,0.0,0.0,0.0,-2.8,1.1,0
2023-04-01 04:30:00+00:00,0.0,0.0,0.0,0.0,-2.92,1.03,0
2023-04-01 05:30:00+00:00,0.0,11.9,0.93,2.86,-2.62,0.97,0
2023-04-01 06:30:00+00:00,61.06,73.72,7.46,13.18,-2.61,0.97,0
2023-04-01 07:30:00+00:00,203.6,124.37,15.19,23.24,-1.94,1.1,0
2023-04-01 08:30:00+00:00,416.7,199.53,26.24,32.56,-1.16,1.1,0
2023-04-01 09:30:00+00:00,520.08,199.28,29.77,40.47,0.48,1.38,0
2023-04-01 10:30:00+00:00,704.86,236.91,37.92,46.02,0.95,1.52,0
2023-04-01 11:30:00+00:00,701.04,283.0,39.76,48.15,1.51,1.72,0
2023-04-01 12:30:00+00:00,577.42,290.45,35.89,46.34,1.87,1.66,0
2023-04-01 13:30:00+00:00,570.42,248.86,33.76,41.04,1.81,1.38,0
2023-04-01 14:30:00+00:00,330.09,232.33,24.86,33.29,1.92,1.31,0
2023-04-01 15:30:00+00:00,201.35,158.92,16.87,24.06,1.62,1.17,0
2023-04-01 16:30:00+00:00,120.59,73.41,9.95,14.05,1.19,0.83,0
2023-04-01 17:30:00+00:00,0.0,14.55,1.14,3.73,0.53,0.83,0
2023-04-01 18:30:00+00:00,0.0,0.0,0.0,0.0,0.46,0.76,0
2023-04-01 19:30:00+00:00,0.0,0.0,0.0,0.0,-0.12,0.69,0
2023-04-01 20:30:00+00:00,0.0,0.0,0.0,0.0,-0.58,0.83,0
2023-04-01 21:30:00+00:00,0.0,0.0,0.0,0.0,-0.99,0.9,0
2023-04-01 22:30:00+00:00,0.0,0.0,0.0,0.0,-1.58,0.97,0
2023-04-01 23:30:00+00:00,0.0,0.0,0.0,0.0,-1.89,0.97,0
2023-04-02 00:30:00+00:00,0.0,0.0,0.0,0.0,-2.1,0.97,0
2023-04-02 01:30:00+00:00,0.0,0.0,0.0,0.0,-2.35,0.9,0
2023-04-02 02:30:00+00:00,0.0,0.0,0.0,0.0,-2.52,0.9,0
2023-04-02 03:30:00+00:00,0.0,0.0,0.0,0.0,-2.95,0.9,0
2023-04-02 04:30:00+00:00,0.0,0.0,0.0,0.0,-3.36,1.03,0
2023-04-02 05:30:00+00:00,0.0,11.94,0.94,3.19,-3.23,0.97,0
2023-04-02 06:30:00+00:00,47.92,88.49,7.87,13.52,-2.91,0.9,0
2023-04-02 07:30:00+00:00,218.56,163.6,17.92,23.59,-2.3,0.97,0
2023-04-02 08:30:00+00:00,329.79,206.87,23.79,32.92,-0.46,1.03,0
2023-04-02 09:30:00+00:00,551.56,246.74,33.27,40.85,0.53,1.03,0
2023-04-02 10:30:00+00:00,651.48,232.61,36.11,46.41,1.25,0.97,0
2023-04-02 11:30:00+00:00,748.06,249.96,40.28,48.54,1.75,0.9,0
2023-04-02 12:30:00+00:00,720.24,206.03,37.42,46.69,2.26,0.97,0
2023-04-02 13:30:00+00:00,511.94,209.89,30.2,41.35,2.39,1.03,0
2023-04-02 14:30:00+00:00,457.61,161.42,26.21,33.56,2.21,1.03,0
2023-04-02 15:30:00+00:00,238.41,122.18,16.53,24.3,2.12,1.1,0
2023-04-02 16:30:00+00:00,127.44,68.03,10.19,14.27,1.49,0.97,0
2023-04-02 17:30:00+00:00,0.0,14.07,1.1,3.95,1.03,0.83,0
2023-04-02 18:30:00+00:00,0.0,0.0,0.0,0.0,1.12,0.69,0
2023-04-02 19:30:00+00:00,0.0,0.0,0.0,0.0,0.13,0.69,0
2023-04-02 20:30:00+00:00,0.0,0.0,0.0,0.0,-0.28,0.69,0
2023-04-02 21:30:00+00:00,0.0,0.0,0.0,0.0,-0.53,0.69,0
2023-04-02 22:30:00+00:00,0.0,0.0,0.0,0.0,-0.81,0.69,0
2023-04-02 23:30:00+00:00,0.0,0.0,0.0,0.0,-1.12,0.62,0
2023-04-03 00:30:00+00:00,0.0,0.0,0.0,0.0,-1.44,0.62,0
2023-04-03 01:30:00+00:00,0.0,0.0,0.0,0.0,-2.39,0.62,0
2023-04-03 02:30:00+00:00,0.0,0.0,0.0,0.0,-2.83,0.69,0
2023-04-03 03:30:00+00:00,0.0,0.0,0.0,0.0,-3.19,0.69,0
2023-04-03 04:30:00+00:00,0.0,0.0,0.0,0.0,-3.54,0.69,0
2023-04-03 05:30:00+00:00,0.0,12.06,0.94,3.52,-3.85,0.76,0
2023-04-03 06:30:00+00:00,34.61,75.68,6.58,13.85,-3.87,0.69,0
2023-04-03 07:30:00+00:00,173.99,172.29,16.98,23.93,-2.17,1.03,0
2023-04-03 08:30:00+00:00,336.74,225.53,25.15,33.28,-0.97,1.1,0
2023-04-03 09:30:00+00:00,548.08,246.89,33.41,41.22,-0.09,1.17,0
2023-04-03 10:30:00+00:00,744.99,226.8,39.52,46.8,0.67,1.1,0
2023-04-03 11:30:00+00:00,810.25,225.47,41.81,48.92,1.16,1.17,0
2023-04-03 12:30:00+00:00,749.31,236.94,40.1,47.04,1.4,1.31,0
2023-04-03 13:30:00+00:00,672.84,192.29,35.55,41.66,1.46,1.31,0
2023-04-03 14:30:00+00:00,454.67,144.39,25.57,33.83,1.2,1.38,0
2023-04-03 15:30:00+00:00,321.53,120.85,19.96,24.55,0.65,1.31,0
2023-04-03 16:30:00+00:00,117.93,65.89,9.83,14.5,0.12,1.17,0
2023-04-03 17:30:00+00:00,0.0,14.3,1.12,4.18,-0.68,0.97,0
2023-04-03 18:30:00+00:00,0.0,0.0,0.0,0.0,-2.19,0.9,0
2023-04-03 19:30:00+00:00,0.0,0.0,0.0,0.0,-2.86,0.83,0
2023-04-03 20:30:00+00:00,0.0,0.0,0.0,0.0,-3.57,0.76,0
2023-04-03 21:30:00+00:00,0.0,0.0,0.0,0.0,-4.84,0.62,0
2023-04-03 22:30:00+00:00,0.0,0.0,0.0,0.0,-5.4,0.48,0
2023-04-03 23:30:00+00:00,0.0,0.0,0.0,0.0,-5.89,0.41,0
2023-04-04 00:30:00+00:00,0.0,0.0,0.0,0.0,-6.41,0.21,0
2023-04-04 01:30:00+00:00,0.0,0.0,0.0,0.0,-6.72,0.21,0
2023-04-04 02:30:00+00:00,0.0,0.0,0.0,0.0,-7.23,0.21,0
2023-04-04 03:30:00+00:00,0.0,0.0,0.0,0.0,-7.66,0.34,0
2023-04-04 04:30:00+00:00,0.0,0.0,0.0,0.0,-7.76,0.55,0
2023-04-04 05:30:00+00:00,0.0,17.17,1.34,3.85,-7.89,0.55,0
2023-04-04 06:30:00+00:00,66.64,83.03,8.6,14.18,-7.8,0.55,0
2023-04-04 07:30:00+00:00,223.56,169.58,18.8,24.27,-6.49,0.48,0
2023-04-04 08:30:00+00:00,443.76,212.97,28.59,33.63,-4.52,0.69,0
2023-04-04 09:30:00+00:00,691.34,200.07,36.91,41.6,-3.13,0.83,0
2023-04-04 10:30:00+00:00,798.17,203.7,40.83,47.19,-1.96,0.9,0
2023-04-04 11:30:00+00:00,811.44,220.13,41.93,49.3,-1.2,0.9,0
2023-04-04 12:30:00+00:00,857.92,185.04,42.32,47.39,-0.66,0.9,0
2023-04-04 13:30:00+00:00,698.15,160.73,35.46,41.96,-0.33,1.03,0
2023-04-04 14:30:00+00:00,600.59,134.37,31.13,34.09,-0.3,1.03,0
2023-04-04 15:30:00+00:00,399.51,92.13,22.18,24.78,-0.4,1.1,0
2023-04-04 16:30:00+00:00,159.23,58.82,11.76,14.72,-0.82,1.03,0
2023-04-04 17:30:00+00:00,0.0,13.31,1.04,4.4,-1.93,0.76,0
2023-04-04 18:30:00+00:00,0.0,0.0,0.0,0.0,-2.23,0.62,0
2023-04-04 19:30:00+00:00,0.0,0.0,0.0,0.0,-3.89,0.62,0
2023-04-04 20:30:00+00:00,0.0,0.0,0.0,0.0,-4.79,0.48,0
2023-04-04 21:30:00+00:00,0.0,0.0,0.0,0.0,-5.65,0.41,0
2023-04-04 22:30:00+00:00,0.0,0.0,0.0,0.0,-6.51,0.41,0
2023-04-04 23:30:00+00:00,0.0,0.0,0.0,0.0,-7.05,0.28,0
2023-04-05 00:30:00+00:00,0.0,0.0,0.0,0.0,-7.18,0.28,0
2023-04-05 01:30:00+00:00,0.0,0.0,0.0,0.0,-6.75,0.21,0
2023-04-05 02:30:00+00:00,0.0,0.0,0.0,0.0,-6.66,0.14,0
2023-04-05 03:30:00+00:00,0.0,0.0,0.0,0.0,-6.87,0.14,0
2023-04-05 04:30:00+00:00,0.0,0.0,0.0,0.0,-6.93,0.21,0
2023-04-05 05:30:00+00:00,0.0,17.17,1.34,4.18,-6.85,0.21,0
2023-04-05 06:30:00+00:00,81.22,85.36,9.57,14.51,-6.71,0.34,0
2023-04-05 07:30:00+00:00,306.13,106.57,19.2,24.6,-5.62,0.48,0
2023-04-05 08:30:00+00:00,528.62,115.4,27.73,33.98,-3.34,0.69,0
2023-04-05 09:30:00+00:00,648.29,150.78,33.4,41.97,-2.06,0.76,0
2023-04-05 10:30:00+00:00,728.07,184.98,37.66,47.57,-1.31,0.83,0
2023-04-05 11:30:00+00:00,783.34,203.88,40.48,49.69,-0.8,0.9,0
2023-04-05 12:30:00+00:00,792.17,179.86,39.88,47.74,-0.19,1.1,0
2023-04-05 13:30:00+00:00,751.57,169.44,38.23,42.26,0.05,1.1,0
2023-04-05 14:30:00+00:00,540.92,166.05,30.45,34.36,0.23,1.38,0
2023-04-05 15:30:00+00:00,310.27,123.33,20.13,25.02,0.05,1.31,0
2023-04-05 16:30:00+00:00,138.37,67.38,11.39,14.95,-0.48,1.03,0
2023-04-05 17:30:00+00:00,0.0,14.04,1.1,4.62,-1.54,0.83,0
2023-04-05 18:30:00+00:00,0.0,0.0,0.0,0.0,-1.72,0.69,0
2023-04-05 19:30:00+00:00,0.0,0.0,0.0,0.0,-2.91,0.62,0
2023-04-05 20:30:00+00:00,0.0,0.0,0.0,0.0,-3.74,0.62,0
2023-04-05 21:30:00+00:00,0.0,0.0,0.0,0.0,-4.48,0.55,0
2023-04-05 22:30:00+00:00,0.0,0.0,0.0,0.0,-5.06,0.55,0
2023-04-05 23:30:00+00:00,0.0,0.0,0.0,0.0,-5.95,0.48,0
2023-04-06 00:30:00+00:00,0.0,0.0,0.0,0.0,-7.15,0.41,0
2023-04-06 01:30:00+00:00,0.0,0.0,0.0,0.0,-7.92,0.34,0
2023-04-06 02:30:00+00:00,0.0,0.0,0.0,0.0,-8.4,0.34,0
2023-04-06 03:30:00+00:00,0.0,0.0,0.0,0.0,-8.99,0.28,0
2023-04-06 04:30:00+00:00,0.0,0.0,0.0,0.0,-9.68,0.28,0
2023-04-06 05:30:00+00:00,0.0,14.17,1.11,4.51,-10.06,0.28,0
2023-04-06 06:30:00+00:00,129.02,68.01,11.28,14.84,-9.11,0.34,0
2023-04-06 07:30:00+00:00,343.05,112.34,21.32,24.94,-7.3,0.41,0
2023-04-06 08:30:00+00:00,588.85,121.87,30.78,34.33,-3.64,0.69,0
2023-04-06 09:30:00+00:00,767.05,140.28,37.95,42.34,-1.61,0.83,0
2023-04-06 10:30:00+00:00,847.63,175.27,42.17,47.96,-0.53,0.9,0
2023-04-06 11:30:00+00:00,800.77,240.11,42.99,50.07,0.26,0.97,0
2023-04-06 12:30:00+00:00,650.54,296.27,39.97,48.09,1.07,1.03,0
2023-04-06 13:30:00+00:00,515.13,272.79,34.18,42.57,1.26,1.03,0
2023-04-06 14:30:00+00:00,347.81,227.28,26.23,34.62,1.53,1.03,0
2023-04-06 15:30:00+00:00,161.49,169.15,16.8,25.26,1.22,1.03,0
2023-04-06 16:30:00+00:00,60.06,81.01,8.33,15.17,0.81,0.9,0
2023-04-06 17:30:00+00:00,0.0,18.41,1.44,4.84,-0.15,0.76,0
2023-04-06 18:30:00+00:00,0.0,0.0,0.0,0.0,-0.45,0.69,0
2023-04-06 19:30:00+00:00,0.0,0.0,0.0,0.0,-1.03,0.76,0
2023-04-06 20:30:00+00:00,0.0,0.0,0.0,0.0,-1.67,0.69,0
2023-04-06 21:30:00+00:00,0.0,0.0,0.0,0.0,-2.17,0.55,0
2023-04-06 22:30:00+00:00,0.0,0.0,0.0,0.0,-2.73,0.48,0
2023-04-06 23:30:00+00:00,0.0,0.0,0.0,0.0,-3.29,0.48,0
2023-04-07 00:30:00+00:00,0.0,0.0,0.0,0.0,-3.8,0.48,0
2023-04-07 01:30:00+00:00,0.0,0.0,0.0,0.0,-4.17,0.55,0
2023-04-07 02:30:00+00:00,0.0,0.0,0.0,0.0,-4.44,0.48,0
2023-04-07 03:30:00+00:00,0.0,0.0,0.0,0.0,-4.65,0.34,0
2023-04-07 04:30:00+00:00,0.0,0.0,0.0,0.0,-5.07,0.21,0
2023-04-07 05:30:00+00:00,0.0,17.42,1.36,4.83,-5.32,0.14,0
2023-04-07 06:30:00+00:00,36.8,78.55,7.12,15.16,-4.95,0.07,0
2023-04-07 07:30:00+00:00,51.52,133.38,10.76,25.27,-2.77,0.28,0
2023-04-07 08:30:00+00:00,82.03,165.0,13.71,34.68,-1.86,0.41,0
2023-04-07 09:30:00+00:00,11.59,252.62,17.18,42.71,-1.57,0.21,0
2023-04-07 10:30:00+00:00,0.24,209.83,14.02,48.34,-1.22,0.21,0
2023-04-07 11:30:00+00:00,72.19,290.28,21.28,50.44,-1.28,0.41,0
2023-04-07 12:30:00+00:00,171.07,287.69,23.89,48.43,-0.73,0.76,0
2023-04-07 13:30:00+00:00,146.42,290.42,23.27,42.86,-0.39,0.9,0
2023-04-07 14:30:00+00:00,162.76,235.15,20.5,34.88,-0.09,1.1,0
2023-04-07 15:30:00+00:00,62.17,165.74,13.15,25.49,0.0,1.03,0
2023-04-07 16:30:00+00:00,8.54,76.37,5.53,15.39,-0.38,0.97,0
2023-04-07 17:30:00+00:00,0.0,19.21,1.51,5.06,-1.06,0.83,0
2023-04-07 18:30:00+00:00,0.0,0.0,0.0,0.0,-1.81,0.69,0
2023-04-07 19:30:00+00:00,0.0,0.0,0.0,0.0,-2.0,0.69,0
2023-04-07 20:30:00+00:00,0.0,0.0,0.0,0.0,-2.39,0.69,0
2023-04-07 21:30:00+00:00,0.0,0.0,0.0,0.0,-2.95,0.69,0
2023-04-07 22:30:00+00:00,0.0,0.0,0.0,0.0,-3.76,0.48,0
2023-04-07 23:30:00+00:00,0.0,0.0,0.0,0.0,-4.51,0.41,0
2023-04-08 00:30:00+00:00,0.0,0.0,0.0,0.0,-5.31,0.41,0
2023-04-08 01:30:00+00:00,0.0,0.0,0.0,0.0,-5.57,0.41,0
2023-04-08 02:30:00+00:00,0.0,0.0,0.0,0.0,-6.55,0.34,0
2023-04-08 03:30:00+00:00,0.0,0.0,0.0,0.0,-7.4,0.34,0
2023-04-08 04:30:00+00:00,0.0,0.0,0.0,0.0,-7.95,0.41,0
2023-04-08 05:30:00+00:00,0.0,20.55,1.61,5.15,-8.21,0.41,0
2023-04-08 06:30:00+00:00,101.37,82.24,10.94,15.48,-7.63,0.41,0
2023-04-08 07:30:00+00:00,261.75,158.8,20.61,25.6,-4.85,0.48,0
2023-04-08 08:30:00+00:00,539.52,163.39,31.19,35.03,-2.41,0.62,0
2023-04-08 09:30:00+00:00,745.97,157.71,38.48,43.07,-0.13,0.9,0
2023-04-08 10:30:00+00:00,780.07,207.44,41.51,48.72,0.94,1.1,0
2023-04-08 11:30:00+00:00,760.29,240.37,42.06,50.82,1.89,1.17,0
2023-04-08 12:30:00+00:00,696.2,228.79,39.2,48.77,2.13,1.24,0
2023-04-08 13:30:00+00:00,593.62,214.14,34.91,43.16,2.62,1.38,0
2023-04-08 14:30:00+00:00,314.53,214.13,24.76,35.14,2.53,1.38,0
2023-04-08 15:30:00+00:00,153.33,150.67,15.75,25.72,2.22,1.31,0
2023-04-08 16:30:00+00:00,95.79,87.28,10.88,15.61,1.39,1.03,0
2023-04-08 17:30:00+00:00,0.0,16.12,1.26,5.28,0.89,0.97,0
2023-04-08 18:30:00+00:00,0.0,0.0,0.0,0.0,0.97,0.76,0
2023-04-08 19:30:00+00:00,0.0,0.0,0.0,0.0,0.49,0.69,0
2023-04-08 20:30:00+00:00,0.0,0.0,0.0,0.0,-0.2,0.62,0
2023-04-08 21:30:00+00:00,0.0,0.0,0.0,0.0,-1.16,0.55,0
2023-04-08 22:30:00+00:00,0.0,0.0,0.0,0.0,-1.64,0.48,0
2023-04-08 23:30:00+00:00,0.0,0.0,0.0,0.0,-2.08,0.41,0
2023-04-09 00:30:00+00:00,0.0,0.0,0.0,0.0,-2.64,0.41,0
2023-04-09 01:30:00+00:00,0.0,0.0,0.0,0.0,-3.83,0.34,0
2023-04-09 02:30:00+00:00,0.0,0.0,0.0,0.0,-5.0,0.34,0
2023-04-09 03:30:00+00:00,0.0,0.0,0.0,0.0,-6.63,0.28,0
2023-04-09 04:30:00+00:00,0.0,0.0,0.0,0.0,-7.87,0.28,0
2023-04-09 05:30:00+00:00,0.0,21.92,1.72,5.47,-8.41,0.34,0
2023-04-09 06:30:00+00:00,85.08,95.67,10.97,15.8,-7.74,0.28,0
2023-04-09 07:30:00+00:00,290.21,150.94,21.66,25.93,-5.16,0.34,0
2023-04-09 08:30:00+00:00,572.53,129.1,31.32,35.37,-1.92,0.41,0
2023-04-09 09:30:00+00:00,738.9,142.18,37.83,43.43,0.78,0.55,0
2023-04-09 10:30:00+00:00,734.31,168.2,38.28,49.1,2.18,0.62,0
2023-04-09 11:30:00+00:00,823.62,179.92,42.2,51.19,3.29,0.55,0
2023-04-09 12:30:00+00:00,885.58,155.08,43.81,49.11,3.87,0.62,0
2023-04-09 13:30:00+00:00,741.58,151.04,38.32,43.46,3.76,0.83,0
2023-04-09 14:30:00+00:00,591.04,127.78,32.05,35.39,3.96,0.9,0
2023-04-09 15:30:00+00:00,348.95,98.28,21.71,25.95,3.82,0.9,0
2023-04-09 16:30:00+00:00,152.48,56.69,12.69,15.83,3.99,0.62,0
2023-04-09 17:30:00+00:00,0.0,16.37,1.28,5.5,3.64,0.62,0
2023-04-09 18:30:00+00:00,0.0,0.0,0.0,-4.65,2.55,0.62,0
2023-04-09 19:30:00+00:00,0.0,0.0,0.0,0.0,0.71,0.48,0
2023-04-09 20:30:00+00:00,0.0,0.0,0.0,0.0,-0.43,0.41,0
2023-04-09 21:30:00+00:00,0.0,0.0,0.0,0.0,-1.41,0.34,0
2023-04-09 22:30:00+00:00,0.0,0.0,0.0,0.0,-2.12,0.28,0
2023-04-09 23:30:00+00:00,0.0,0.0,0.0,0.0,-2.65,0.21,0
2023-04-10 00:30:00+00:00,0.0,0.0,0.0,0.0,-2.95,0.21,0
2023-04-10 01:30:00+00:00,0.0,0.0,0.0,0.0,-3.16,0.14,0
2023-04-10 02:30:00+00:00,0.0,0.0,0.0,0.0,-3.36,0.21,0
2023-04-10 03:30:00+00:00,0.0,0.0,0.0,0.0,-3.45,0.21,0
2023-04-10 04:30:00+00:00,0.0,0.0,0.0,-4.35,-3.48,0.14,0
2023-04-10 05:30:00+00:00,0.0,25.75,2.02,5.79,-3.46,0.14,0
2023-04-10 06:30:00+00:00,77.16,89.18,10.27,16.12,-3.07,0.07,0
2023-04-10 07:30:00+00:00,307.09,103.0,20.26,26.25,-1.24,0.14,0
2023-04-10 08:30:00+00:00,558.31,116.13,30.42,35.71,1.39,0.28,0
2023-04-10 09:30:00+00:00,614.3,209.23,36.04,43.79,3.16,0.41,0
2023-04-10 10:30:00+00:00,745.83,235.69,42.0,49.48,4.25,0.34,0
2023-04-10 11:30:00+00:00,568.08,347.04,40.34,51.56,5.17,0.21,0
2023-04-10 12:30:00+00:00,542.67,321.43,38.27,49.45,5.47,0.34,0
2023-04-10 13:30:00+00:00,357.66,320.17,31.87,43.75,5.82,0.48,0
2023-04-10 14:30:00+00:00,120.76,286.61,22.48,35.65,6.1,0.41,0
2023-04-10 15:30:00+00:00,44.32,197.49,14.67,26.18,6.16,0.34,0
2023-04-10 16:30:00+00:00,18.88,109.87,8.34,16.05,5.71,0.21,0
2023-04-10 17:30:00+00:00,0.0,23.55,1.85,5.72,5.12,0.28,0
2023-04-10 18:30:00+00:00,0.0,0.0,0.0,-4.42,4.32,0.41,0
2023-04-10 19:30:00+00:00,0.0,0.0,0.0,0.0,3.51,0.21,0
2023-04-10 20:30:00+00:00,0.0,0.0,0.0,0.0,2.86,0.48,0
2023-04-10 21:30:00+00:00,0.0,0.0,0.0,0.0,2.35,0.41,0
2023-04-10 22:30:00+00:00,0.0,0.0,0.0,0.0,1.94,0.41,0
2023-04-10 23:30:00+00:00,0.0,0.0,0.0,0.0,1.75,0.34,0
2023-04-11 00:30:00+00:00,0.0,0.0,0.0,0.0,1.52,0.28,0
2023-04-11 01:30:00+00:00,0.0,0.0,0.0,0.0,1.32,0.34,0
2023-04-11 02:30:00+00:00,0.0,0.0,0.0,0.0,1.1,0.41,0
2023-04-11 03:30:00+00:00,0.0,0.0,0.0,0.0,0.86,0.41,0
2023-04-11 04:30:00+00:00,0.0,0.0,0.0,-4.03,0.63,0.48,0
2023-04-11 05:30:00+00:00,0.0,22.63,1.77,6.1,0.4,0.55,0
2023-04-11 06:30:00+00:00,7.59,73.39,5.34,16.43,0.38,0.62,0
2023-04-11 07:30:00+00:00,23.26,116.81,8.74,26.57,0.65,0.69,0
2023-04-11 08:30:00+00:00,9.3,179.9,12.32,36.05,0.87,0.83,0
2023-04-11 09:30:00+00:00,57.58,236.36,17.53,44.15,1.24,0.9,0
2023-04-11 10:30:00+00:00,95.99,321.72,24.04,49.85,1.64,0.9,0
2023-04-11 11:30:00+00:00,260.34,293.56,27.37,51.93,2.48,1.24,0
2023-04-11 12:30:00+00:00,235.17,304.47,27.17,49.79,2.86,1.31,0
2023-04-11 13:30:00+00:00,200.33,274.07,24.33,44.04,3.12,1.38,0
2023-04-11 14:30:00+00:00,264.4,223.04,23.89,35.9,3.02,1.38,0
2023-04-11 15:30:00+00:00,145.81,166.22,16.73,26.41,2.9,1.24,0
2023-04-11 16:30:00+00:00,71.47,82.62,9.72,16.27,2.5,1.1,0
2023-04-11 17:30:00+00:00,0.0,24.25,1.9,5.94,2.09,1.03,0
2023-04-11 18:30:00+00:00,0.0,0.0,0.0,-4.19,2.33,0.69,0
2023-04-11 19:30:00+00:00,0.0,0.0,0.0,0.0,1.79,0.62,0
2023-04-11 20:30:00+00:00,0.0,0.0,0.0,0.0,1.44,0.62,0
2023-04-11 21:30:00+00:00,0.0,0.0,0.0,0.0,0.99,0.55,0
2023-04-11 22:30:00+00:00,0.0,0.0,0.0,0.0,0.88,0.62,0
2023-04-11 23:30:00+00:00,0.0,0.0,0.0,0.0,0.48,0.83,0
2023-04-12 00:30:00+00:00,0.0,0.0,0.0,0.0,0.72,0.48,0
2023-04-12 01:30:00+00:00,0.0,0.0,0.0,0.0,0.4,0.62,0
2023-04-12 02:30:00+00:00,0.0,0.0,0.0,0.0,0.31,0.34,0
2023-04-12 03:30:00+00:00,0.0,0.0,0.0,0.0,-0.23,0.34,0
2023-04-12 04:30:00+00:00,0.0,0.0,0.0,-3.71,-0.75,0.41,0
2023-04-12 05:30:00+00:00,0.0,19.75,1.55,6.42,-0.85,0.34,0
2023-04-12 06:30:00+00:00,47.92,86.36,8.6,16.74,-0.4,0.28,0
2023-04-12 07:30:00+00:00,202.82,117.78,16.64,26.89,1.75,0.21,0
2023-04-12 08:30:00+00:00,221.07,204.4,21.4,36.38,3.09,0.41,0
2023-04-12 09:30:00+00:00,416.7,244.59,30.52,44.51,3.75,0.34,0
2023-04-12 10:30:00+00:00,606.8,176.69,34.34,50.22,4.5,0.48,0
2023-04-12 11:30:00+00:00,514.01,257.62,34.52,52.3,4.64,0.69,0
2023-04-12 12:30:00+00:00,500.34,261.44,34.27,50.12,4.83,0.69,0
2023-04-12 13:30:00+00:00,270.42,226.74,24.22,44.32,4.53,0.83,0
2023-04-12 14:30:00+00:00,214.9,183.78,20.04,36.15,4.43,0.83,0
2023-04-12 15:30:00+00:00,33.47,140.93,10.74,26.64,4.85,0.69,0
2023-04-12 16:30:00+00:00,6.4,74.47,5.36,16.48,4.33,0.48,0
2023-04-12 17:30:00+00:00,0.0,9.13,0.72,6.15,3.33,0.21,0
2023-04-12 18:30:00+00:00,0.0,0.0,0.0,-3.97,2.62,0.07,0
2023-04-12 19:30:00+00:00,0.0,0.0,0.0,0.0,0.98,0.41,0
2023-04-12 20:30:00+00:00,0.0,0.0,0.0,0.0,0.65,0.55,0
2023-04-12 21:30:00+00:00,0.0,0.0,0.0,0.0,-0.04,0.69,0
2023-04-12 22:30:00+00:00,0.0,0.0,0.0,0.0,-0.27,0.69,0
2023-04-12 23:30:00+00:00,0.0,0.0,0.0,0.0,-0.6,0.69,0
2023-04-13 00:30:00+00:00,0.0,0.0,0.0,0.0,-1.83,0.83,0
2023-04-13 01:30:00+00:00,0.0,0.0,0.0,0.0,-1.97,1.03,0
2023-04-13 02:30:00+00:00,0.0,0.0,0.0,0.0,-1.91,1.03,0
2023-04-13 03:30:00+00:00,0.0,0.0,0.0,0.0,-2.18,1.03,0
2023-04-13 04:30:00+00:00,0.0,0.0,0.0,-3.4,-2.41,1.17,0
2023-04-13 05:30:00+00:00,0.0,19.98,1.56,6.72,-2.9,1.1,0
2023-04-13 06:30:00+00:00,33.19,85.2,7.7,17.05,-3.39,1.17,0
2023-04-13 07:30:00+00:00,104.82,137.25,13.53,27.21,-2.62,1.31,0
2023-04-13 08:30:00+00:00,336.46,251.88,28.48,36.71,-2.44,1.38,0
2023-04-13 09:30:00+00:00,559.78,243.31,36.23,44.86,-1.85,1.52,0
2023-04-13 10:30:00+00:00,336.17,301.85,30.61,50.59,-1.29,1.66,0
2023-04-13 11:30:00+00:00,359.4,262.65,29.32,52.66,-1.14,1.72,0
2023-04-13 12:30:00+00:00,262.75,295.58,27.79,50.45,-0.92,1.72,0
2023-04-13 13:30:00+00:00,50.19,258.13,18.75,44.61,-0.82,1.72,0
2023-04-13 14:30:00+00:00,23.84,220.43,15.49,36.4,-1.15,1.59,0
2023-04-13 15:30:00+00:00,0.83,169.4,11.34,26.86,-1.64,1.66,0
2023-04-13 16:30:00+00:00,12.91,107.32,7.94,16.7,-1.95,1.45,0
2023-04-13 17:30:00+00:00,0.0,30.86,2.42,6.37,-2.5,1.38,0
2023-04-13 18:30:00+00:00,0.0,0.0,0.0,-3.74,-3.17,1.31,0
2023-04-13 19:30:00+00:00,0.0,0.0,0.0,0.0,-4.03,1.31,0
2023-04-13 20:30:00+00:00,0.0,0.0,0.0,0.0,-4.5,1.31,0
2023-04-13 21:30:00+00:00,0.0,0.0,0.0,0.0,-4.87,1.24,0
2023-04-13 22:30:00+00:00,0.0,0.0,0.0,0.0,-5.16,1.1,0
2023-04-13 23:30:00+00:00,0.0,0.0,0.0,0.0,-5.27,1.1,0
2023-04-14 00:30:00+00:00,0.0,0.0,0.0,0.0,-5.0,1.03,0
2023-04-14 01:30:00+00:00,0.0,0.0,0.0,0.0,-5.07,1.17,0
2023-04-14 02:30:00+00:00,0.0,0.0,0.0,0.0,-4.99,1.38,0
2023-04-14 03:30:00+00:00,0.0,0.0,0.0,0.0,-4.5,1.38,0
2023-04-14 04:30:00+00:00,0.0,0.0,0.0,-3.09,-4.64,1.31,0
2023-04-14 05:30:00+00:00,0.0,29.33,2.3,7.03,-5.23,1.31,0
2023-04-14 06:30:00+00:00,46.65,107.39,10.01,17.36,-4.35,1.45,0
2023-04-14 07:30:00+00:00,192.9,137.73,17.59,27.52,-3.31,1.45,0
2023-04-14 08:30:00+00:00,224.3,150.99,18.83,37.04,-2.18,1.38,0
2023-04-14 09:30:00+00:00,326.23,323.32,31.64,45.21,-1.46,1.31,0
2023-04-14 10:30:00+00:00,540.88,314.12,38.76,50.96,-0.25,1.17,0
2023-04-14 11:30:00+00:00,629.02,333.24,42.89,53.02,0.51,1.03,0
2023-04-14 12:30:00+00:00,723.37,265.87,43.64,50.78,1.2,1.1,0
2023-04-14 13:30:00+00:00,669.98,192.99,38.75,44.89,1.61,1.1,0
2023-04-14 14:30:00+00:00,504.8,173.02,31.91,36.65,1.79,1.03,0
2023-04-14 15:30:00+00:00,339.79,113.0,23.45,27.09,1.71,1.03,0
2023-04-14 16:30:00+00:00,121.29,77.95,13.28,16.91,1.42,0.9,0
2023-04-14 17:30:00+00:00,0.0,27.0,2.11,6.58,2.05,0.55,0
2023-04-14 18:30:00+00:00,0.0,0.0,0.0,-3.51,1.31,0.48,0
2023-04-14 19:30:00+00:00,0.0,0.0,0.0,0.0,0.3,0.41,0
2023-04-14 20:30:00+00:00,0.0,0.0,0.0,0.0,-0.49,0.41,0
2023-04-14 21:30:00+00:00,0.0,0.0,0.0,0.0,-1.08,0.41,0
2023-04-14 22:30:00+00:00,0.0,0.0,0.0,0.0,-1.6,0.41,0
2023-04-14 23:30:00+00:00,0.0,0.0,0.0,0.0,-2.21,0.48,0
2023-04-15 00:30:00+00:00,0.0,0.0,0.0,0.0,-2.73,0.48,0
2023-04-15 01:30:00+00:00,0.0,0.0,0.0,0.0,-3.43,0.48,0
2023-04-15 02:30:00+00:00,0.0,0.0,0.0,0.0,-3.64,0.55,0
2023-04-15 03:30:00+00:00,0.0,0.0,0.0,0.0,-3.31,0.55,0
2023-04-15 04:30:00+00:00,0.0,0.0,0.0,-2.78,-2.86,0.55,0
2023-04-15 05:30:00+00:00,0.0,21.96,1.72,7.33,-2.58,0.55,0
2023-04-15 06:30:00+00:00,21.54,96.14,7.78,17.66,-2.07,0.48,0
2023-04-15 07:30:00+00:00,31.19,166.82,12.39,27.83,-0.92,0.48,0
2023-04-15 08:30:00+00:00,160.64,255.63,22.43,37.36,-0.06,0.48,0
2023-04-15 09:30:00+00:00,183.91,288.98,25.03,45.55,0.81,0.69,0
2023-04-15 10:30:00+00:00,168.37,271.52,23.46,51.32,0.88,0.9,0
2023-04-15 11:30:00+00:00,123.28,300.49,23.74,53.38,1.01,1.1,0
2023-04-15 12:30:00+00:00,97.69,280.67,21.72,51.1,1.06,1.1,0
2023-04-15 13:30:00+00:00,58.7,225.27,16.98,45.17,1.16,1.24,0
2023-04-15 14:30:00+00:00,149.41,166.04,16.8,36.89,0.85,1.38,0
2023-04-15 15:30:00+00:00,91.61,113.91,11.74,27.31,0.7,1.45,0
2023-04-15 16:30:00+00:00,11.13,77.12,5.89,17.12,0.43,1.24,0
2023-04-15 17:30:00+00:00,0.0,22.21,1.74,6.8,0.0,1.03,0
2023-04-15 18:30:00+00:00,0.0,0.0,0.0,-3.29,-0.31,1.03,0
2023-04-15 19:30:00+00:00,0.0,0.0,0.0,0.0,-1.17,0.97,0
2023-04-15 20:30:00+00:00,0.0,0.0,0.0,0.0,-1.5,1.03,0
2023-04-15 21:30:00+00:00,0.0,0.0,0.0,0.0,-1.82,1.1,0
2023-04-15 22:30:00+00:00,0.0,0.0,0.0,0.0,-2.26,1.1,0
2023-04-15 23:30:00+00:00,0.0,0.0,0.0,0.0,-2.23,1.17,0
2023-04-16 00:30:00+00:00,0.0,0.0,0.0,0.0,-2.22,1.17,0
2023-04-16 01:30:00+00:00,0.0,0.0,0.0,0.0,-2.43,1.03,0
2023-04-16 02:30:00+00:00,0.0,0.0,0.0,0.0,-2.57,1.17,0
2023-04-16 03:30:00+00:00,0.0,0.0,0.0,0.0,-2.51,1.31,0
2023-04-16 04:30:00+00:00,0.0,0.0,0.0,-2.47,-2.39,1.38,0
2023-04-16 05:30:00+00:00,0.0,28.27,2.21,7.63,-2.42,1.31,0
2023-04-16 06:30:00+00:00,57.53,95.02,10.11,17.96,-1.93,1.31,0
2023-04-16 07:30:00+00:00,108.18,160.74,15.34,28.13,-0.8,1.38,0
2023-04-16 08:30:00+00:00,291.3,187.03,23.83,37.68,-0.2,1.45,0
2023-04-16 09:30:00+00:00,250.01,283.17,27.08,45.89,0.43,1.45,0
2023-04-16 10:30:00+00:00,311.24,290.42,29.54,51.68,1.08,1.45,0
2023-04-16 11:30:00+00:00,376.4,307.39,32.72,53.74,1.53,1.45,0
2023-04-16 12:30:00+00:00,383.19,320.3,33.69,51.42,1.94,1.52,0
2023-04-16 13:30:00+00:00,351.88,299.56,31.66,45.45,2.18,1.52,0
2023-04-16 14:30:00+00:00,250.28,185.5,22.09,37.13,2.26,1.45,0
2023-04-16 15:30:00+00:00,153.61,142.24,16.39,27.53,1.8,1.38,0
2023-04-16 16:30:00+00:00,53.74,85.13,9.4,17.33,1.43,1.24,0
2023-04-16 17:30:00+00:00,0.0,23.1,1.81,7.01,0.7,1.03,0
2023-04-16 18:30:00+00:00,0.0,0.0,0.0,-3.07,0.03,0.97,0
2023-04-16 19:30:00+00:00,0.0,0.0,0.0,0.0,0.16,0.9,0
2023-04-16 20:30:00+00:00,0.0,0.0,0.0,0.0,0.14,0.83,0
2023-04-16 21:30:00+00:00,0.0,0.0,0.0,0.0,-0.19,0.83,0
2023-04-16 22:30:00+00:00,0.0,0.0,0.0,0.0,-0.55,0.76,0
2023-04-16 23:30:00+00:00,0.0,0.0,0.0,0.0,-0.83,0.69,0
2023-04-17 00:30:00+00:00,0.0,0.0,0.0,0.0,-1.12,0.69,0
2023-04-17 01:30:00+00:00,0.0,0.0,0.0,0.0,-1.34,0.69,0
2023-04-17 02:30:00+00:00,0.0,0.0,0.0,0.0,-2.07,0.69,0
2023-04-17 03:30:00+00:00,0.0,0.0,0.0,0.0,-2.94,0.69,0
2023-04-17 04:30:00+00:00,0.0,0.0,0.0,-2.16,-3.43,0.69,0
2023-04-17 05:30:00+00:00,0.0,33.09,2.59,7.93,-3.64,0.62,0
2023-04-17 06:30:00+00:00,57.66,103.41,10.75,18.25,-3.01,0.62,0
2023-04-17 07:30:00+00:00,183.07,184.62,20.22,28.44,-1.3,0.83,0
2023-04-17 08:30:00+00:00,367.26,228.16,29.33,38.0,0.6,0.9,0
2023-04-17 09:30:00+00:00,519.13,190.53,32.99,46.23,1.79,0.97,0
2023-04-17 10:30:00+00:00,568.38,273.22,38.53,52.04,2.17,0.83,0
2023-04-17 11:30:00+00:00,545.97,356.43,41.58,54.09,3.09,0.69,0
2023-04-17 12:30:00+00:00,418.72,354.79,36.92,51.74,3.82,0.62,0
2023-04-17 13:30:00+00:00,429.99,305.24,35.09,45.73,4.44,0.48,0
2023-04-17 14:30:00+00:00,330.89,175.02,25.11,37.37,4.95,0.41,0
2023-04-17 15:30:00+00:00,246.99,147.29,21.37,27.75,5.03,0.34,0
2023-04-17 16:30:00+00:00,78.76,94.96,11.95,17.54,4.73,0.41,0
2023-04-17 17:30:00+00:00,0.0,26.46,2.07,7.22,4.29,0.34,0
2023-04-17 18:30:00+00:00,0.0,0.0,0.0,-2.84,3.52,0.34,0
2023-04-17 19:30:00+00:00,0.0,0.0,0.0,0.0,1.47,0.34,0
2023-04-17 20:30:00+00:00,0.0,0.0,0.0,0.0,0.46,0.34,0
2023-04-17 21:30:00+00:00,0.0,0.0,0.0,0.0,-0.4,0.34,0
2023-04-17 22:30:00+00:00,0.0,0.0,0.0,0.0,-0.87,0.21,0
2023-04-17 23:30:00+00:00,0.0,0.0,0.0,0.0,-1.35,0.14,0
2023-04-18 00:30:00+00:00,0.0,0.0,0.0,0.0,-1.8,0.07,0
2023-04-18 01:30:00+00:00,0.0,0.0,0.0,0.0,-2.11,0.14,0
2023-04-18 02:30:00+00:00,0.0,0.0,0.0,0.0,-2.76,0.07,0
2023-04-18 03:30:00+00:00,0.0,0.0,0.0,0.0,-3.12,0.07,0
2023-04-18 04:30:00+00:00,0.0,0.0,0.0,-1.86,-3.61,0.07,0
2023-04-18 05:30:00+00:00,0.0,33.25,2.6,8.22,-3.92,0.0,0
2023-04-18 06:30:00+00:00,127.72,79.7,14.41,18.55,-3.13,0.0,0
2023-04-18 07:30:00+00:00,351.93,106.55,24.67,28.73,1.65,0.21,0
2023-04-18 08:30:00+00:00,540.29,131.83,32.59,38.31,2.7,0.55,0
2023-04-18 09:30:00+00:00,778.91,130.14,41.84,46.56,3.52,0.69,0
2023-04-18 10:30:00+00:00,849.34,160.59,45.41,52.39,4.17,0.69,0
2023-04-18 11:30:00+00:00,646.88,200.54,38.35,54.44,4.72,0.69,0
2023-04-18 12:30:00+00:00,738.71,244.99,44.49,52.06,5.29,0.69,0
2023-04-18 13:30:00+00:00,578.27,250.6,38.67,46.0,6.12,0.62,0
2023-04-18 14:30:00+00:00,390.87,211.36,29.8,37.61,6.5,0.48,0
2023-04-18 15:30:00+00:00,220.78,168.7,21.44,27.96,6.63,0.41,0
2023-04-18 16:30:00+00:00,98.11,83.21,12.89,17.75,6.48,0.48,0
2023-04-18 17:30:00+00:00,0.0,29.97,2.35,7.43,5.88,0.21,0
2023-04-18 18:30:00+00:00,0.0,0.0,0.0,-2.62,5.02,0.28,0
2023-04-18 19:30:00+00:00,0.0,0.0,0.0,0.0,3.7,0.07,0
2023-04-18 20:30:00+00:00,0.0,0.0,0.0,0.0,2.62,0.07,0
2023-04-18 21:30:00+00:00,0.0,0.0,0.0,0.0,1.71,0.07,0
2023-04-18 22:30:00+00:00,0.0,0.0,0.0,0.0,0.78,0.0,0
2023-04-18 23:30:00+00:00,0.0,0.0,0.0,0.0,0.16,0.0,0
2023-04-19 00:30:00+00:00,0.0,0.0,0.0,0.0,-0.27,0.07,0
2023-04-19 01:30:00+00:00,0.0,0.0,0.0,0.0,-0.65,0.07,0
2023-04-19 02:30:00+00:00,0.0,0.0,0.0,0.0,-0.95,0.14,0
2023-04-19 03:30:00+00:00,0.0,0.0,0.0,0.0,-1.22,0.21,0
2023-04-19 04:30:00+00:00,0.0,0.0,0.0,-1.57,-1.47,0.28,0
2023-04-19 05:30:00+00:00,0.0,29.33,2.3,8.51,-1.65,0.34,0
2023-04-19 06:30:00+00:00,144.24,68.61,15.21,18.83,-0.72,0.34,0
2023-04-19 07:30:00+00:00,379.35,93.03,25.71,29.03,1.4,0.48,0
2023-04-19 08:30:00+00:00,594.61,115.67,34.7,38.62,3.73,0.69,0
2023-04-19 09:30:00+00:00,775.14,127.85,41.88,46.9,4.84,0.83,0
2023-04-19 10:30:00+00:00,896.23,135.11,46.66,52.74,5.12,0.9,0
2023-04-19 11:30:00+00:00,939.88,135.33,48.31,54.78,5.32,1.1,0
2023-04-19 12:30:00+00:00,832.38,170.81,45.48,52.37,5.62,1.17,0
2023-04-19 13:30:00+00:00,674.91,169.33,39.36,46.27,5.72,1.24,0
2023-04-19 14:30:00+00:00,470.36,148.51,30.54,37.85,5.58,1.24,0
2023-04-19 15:30:00+00:00,276.26,113.32,21.53,28.18,5.27,1.17,0
2023-04-19 16:30:00+00:00,113.81,59.47,12.9,17.96,5.11,1.03,0
2023-04-19 17:30:00+00:00,0.0,20.26,1.59,7.64,5.35,0.83,0
2023-04-19 18:30:00+00:00,0.0,0.0,0.0,-2.4,4.42,0.62,0
2023-04-19 19:30:00+00:00,0.0,0.0,0.0,0.0,3.38,0.55,0
2023-04-19 20:30:00+00:00,0.0,0.0,0.0,0.0,2.03,0.48,0
2023-04-19 21:30:00+00:00,0.0,0.0,0.0,0.0,1.01,0.41,0
2023-04-19 22:30:00+00:00,0.0,0.0,0.0,0.0,0.25,0.41,0
2023-04-19 23:30:00+00:00,0.0,0.0,0.0,0.0,-0.42,0.41,0
2023-04-20 00:30:00+00:00,0.0,0.0,0.0,0.0,-1.25,0.41,0
2023-04-20 01:30:00+00:00,0.0,0.0,0.0,0.0,-2.16,0.41,0
2023-04-20 02:30:00+00:00,0.0,0.0,0.0,0.0,-1.91,0.34,0
2023-04-20 03:30:00+00:00,0.0,0.0,0.0,0.0,-1.36,0.34,0
2023-04-20 04:30:00+00:00,0.0,0.0,0.0,-1.27,-1.39,0.28,0
2023-04-20 05:30:00+00:00,0.0,23.17,1.81,8.8,-1.6,0.28,0
2023-04-20 06:30:00+00:00,57.06,60.08,8.25,19.12,-1.57,0.41,0
2023-04-20 07:30:00+00:00,128.91,118.01,14.17,29.32,-0.46,0.07,0
2023-04-20 08:30:00+00:00,258.07,122.53,19.49,38.93,1.23,0.21,0
2023-04-20 09:30:00+00:00,304.47,146.98,22.23,47.22,1.94,0.28,0
2023-04-20 10:30:00+00:00,278.78,215.11,24.68,53.08,2.34,0.28,0
2023-04-20 11:30:00+00:00,173.12,252.7,22.84,55.13,2.6,0.28,0
2023-04-20 12:30:00+00:00,295.64,193.35,24.15,52.68,2.91,0.21,0
2023-04-20 13:30:00+00:00,354.42,137.79,23.92,46.54,3.28,0.21,0
2023-04-20 14:30:00+00:00,180.48,103.06,14.94,38.08,3.12,0.07,0
2023-04-20 15:30:00+00:00,127.9,48.76,10.14,28.39,2.67,0.07,0
2023-04-20 16:30:00+00:00,52.71,41.59,7.02,18.16,2.38,0.21,0
2023-04-20 17:30:00+00:00,0.0,18.09,1.42,7.85,2.05,0.28,0
2023-04-20 18:30:00+00:00,0.0,0.0,0.0,-2.18,1.31,0.28,0
2023-04-20 19:30:00+00:00,0.0,0.0,0.0,0.0,-0.28,0.0,0
2023-04-20 20:30:00+00:00,0.0,0.0,0.0,0.0,-0.84,0.0,0
2023-04-20 21:30:00+00:00,0.0,0.0,0.0,0.0,-1.31,0.0,0
2023-04-20 22:30:00+00:00,0.0,0.0,0.0,0.0,-1.63,0.14,0
2023-04-20 23:30:00+00:00,0.0,0.0,0.0,0.0,-2.27,0.21,0
2023-04-21 00:30:00+00:00,0.0,0.0,0.0,0.0,-2.31,0.21,0
2023-04-21 01:30:00+00:00,0.0,0.0,0.0,0.0,-2.93,0.21,0
2023-04-21 02:30:00+00:00,0.0,0.0,0.0,0.0,-2.46,0.34,0
2023-04-21 03:30:00+00:00,0.0,0.0,0.0,0.0,-2.32,0.28,0
2023-04-21 04:30:00+00:00,0.0,0.0,0.0,-0.98,-2.25,0.28,0
2023-04-21 05:30:00+00:00,0.0,23.68,1.85,9.08,-2.26,0.28,0
2023-04-21 06:30:00+00:00,64.04,88.62,10.68,19.4,-1.77,0.34,0
2023-04-21 07:30:00+00:00,154.77,159.92,18.02,29.6,-0.55,0.83,0
2023-04-21 08:30:00+00:00,230.85,256.45,25.86,39.23,0.23,0.97,0
2023-04-21 09:30:00+00:00,301.35,299.74,30.53,47.54,1.37,1.1,0
2023-04-21 10:30:00+00:00,265.39,303.53,29.22,53.43,1.61,1.24,0
2023-04-21 11:30:00+00:00,130.56,313.8,25.11,55.47,1.79,1.17,0
2023-04-21 12:30:00+00:00,155.66,308.08,25.63,52.99,1.72,1.1,0
2023-04-21 13:30:00+00:00,198.76,307.63,27.2,46.8,1.91,1.17,0
2023-04-21 14:30:00+00:00,130.18,250.77,21.58,38.31,1.94,1.03,0
2023-04-21 15:30:00+00:00,55.01,195.11,15.49,28.6,1.93,0.97,0
2023-04-21 16:30:00+00:00,30.01,109.0,9.65,18.37,1.91,0.76,0
2023-04-21 17:30:00+00:00,0.0,38.33,3.0,8.06,1.66,0.55,0
2023-04-21 18:30:00+00:00,0.0,0.0,0.0,-1.96,1.1,0.34,0
2023-04-21 19:30:00+00:00,0.0,0.0,0.0,0.0,0.84,0.34,0
2023-04-21 20:30:00+00:00,0.0,0.0,0.0,0.0,0.25,0.28,0
2023-04-21 21:30:00+00:00,0.0,0.0,0.0,0.0,-0.25,0.28,0
2023-04-21 22:30:00+00:00,0.0,0.0,0.0,0.0,-0.79,0.21,0
2023-04-21 23:30:00+00:00,0.0,0.0,0.0,0.0,-1.53,0.28,0
2023-04-22 00:30:00+00:00,0.0,0.0,0.0,0.0,-2.25,0.21,0
2023-04-22 01:30:00+00:00,0.0,0.0,0.0,0.0,-2.43,0.21,0
2023-04-22 02:30:00+00:00,0.0,0.0,0.0,0.0,-2.98,0.21,0
2023-04-22 03:30:00+00:00,0.0,0.0,0.0,0.0,-3.21,0.21,0
2023-04-22 04:30:00+00:00,0.0,0.0,0.0,-0.7,-3.02,0.21,0
2023-04-22 05:30:00+00:00,0.0,44.1,3.45,9.36,-2.43,0.21,0
2023-04-22 06:30:00+00:00,43.84,110.18,10.63,19.67,-1.39,0.28,0
2023-04-22 07:30:00+00:00,117.22,201.39,18.76,29.89,1.4,0.34,0
2023-04-22 08:30:00+00:00,166.17,223.67,21.46,39.52,3.33,0.48,0
2023-04-22 09:30:00+00:00,212.61,303.26,27.53,47.86,3.68,0.69,0
2023-04-22 10:30:00+00:00,366.1,341.42,35.12,53.76,4.16,0.76,0
2023-04-22 11:30:00+00:00,340.74,352.38,34.71,55.8,4.82,0.76,0
2023-04-22 12:30:00+00:00,312.87,333.41,32.74,53.29,5.39,0.76,0
2023-04-22 13:30:00+00:00,123.87,262.52,21.9,47.06,5.68,0.62,0
2023-04-22 14:30:00+00:00,58.79,139.22,11.83,38.54,5.69,0.34,0
2023-04-22 15:30:00+00:00,80.69,145.21,13.67,28.81,5.35,0.14,0
2023-04-22 16:30:00+00:00,41.35,103.94,10.34,18.57,5.47,0.34,0
2023-04-22 17:30:00+00:00,0.0,39.41,3.09,8.26,5.16,0.41,0
2023-04-22 18:30:00+00:00,0.0,0.0,0.0,-1.74,4.46,0.28,0
2023-04-22 19:30:00+00:00,0.0,0.0,0.0,0.0,4.03,0.34,0
2023-04-22 20:30:00+00:00,0.0,0.0,0.0,0.0,3.52,0.28,0
2023-04-22 21:30:00+00:00,0.0,0.0,0.0,0.0,3.06,0.21,0
2023-04-22 22:30:00+00:00,0.0,0.0,0.0,0.0,2.74,0.21,0
2023-04-22 23:30:00+00:00,0.0,0.0,0.0,0.0,2.3,0.14,0
2023-04-23 00:30:00+00:00,0.0,0.0,0.0,0.0,2.14,0.14,0
2023-04-23 01:30:00+00:00,0.0,0.0,0.0,0.0,1.99,0.07,0
2023-04-23 02:30:00+00:00,0.0,0.0,0.0,0.0,1.93,0.07,0
2023-04-23 03:30:00+00:00,0.0,0.0,0.0,0.0,1.47,0.0,0
2023-04-23 04:30:00+00:00,0.0,0.0,0.0,-0.42,1.35,0.0,0
2023-04-23 05:30:00+00:00,0.0,30.7,2.4,9.63,1.61,0.07,0
2023-04-23 06:30:00+00:00,39.92,104.21,10.02,19.95,1.99,0.14,0
2023-04-23 07:30:00+00:00,139.52,184.31,18.93,30.17,2.94,0.62,0
2023-04-23 08:30:00+00:00,144.22,256.17,22.58,39.81,3.35,0.9,0
2023-04-23 09:30:00+00:00,329.45,268.4,30.22,48.18,4.46,0.76,0
2023-04-23 10:30:00+00:00,545.93,262.16,38.39,54.1,4.61,0.83,0
2023-04-23 11:30:00+00:00,471.17,236.16,33.83,56.14,5.58,0.83,0
2023-04-23 12:30:00+00:00,279.56,321.61,30.99,53.6,6.02,0.69,0
2023-04-23 13:30:00+00:00,230.78,319.09,29.24,47.32,5.82,0.76,0
2023-04-23 14:30:00+00:00,104.78,272.86,22.09,38.77,6.24,0.69,0
2023-04-23 15:30:00+00:00,54.94,196.58,15.7,29.02,6.15,0.76,0
2023-04-23 16:30:00+00:00,28.35,106.87,9.53,18.77,5.86,0.76,0
2023-04-23 17:30:00+00:00,0.0,34.18,2.68,8.47,5.24,0.48,0
2023-04-23 18:30:00+00:00,0.0,0.0,0.0,-1.52,4.45,0.41,0
2023-04-23 19:30:00+00:00,0.0,0.0,0.0,0.0,2.8,0.21,0
2023-04-23 20:30:00+00:00,0.0,0.0,0.0,0.0,2.25,0.41,0
2023-04-23 21:30:00+00:00,0.0,0.0,0.0,0.0,1.93,0.41,0
2023-04-23 22:30:00+00:00,0.0,0.0,0.0,0.0,1.51,0.55,0
2023-04-23 23:30:00+00:00,0.0,0.0,0.0,0.0,0.96,0.69,0
2023-04-24 00:30:00+00:00,0.0,0.0,0.0,0.0,0.08,0.76,0
2023-04-24 01:30:00+00:00,0.0,0.0,0.0,0.0,0.19,0.76,0
2023-04-24 02:30:00+00:00,0.0,0.0,0.0,0.0,-0.2,0.83,0
2023-04-24 03:30:00+00:00,0.0,0.0,0.0,0.0,-0.42,0.9,0
2023-04-24 04:30:00+00:00,0.0,0.0,0.0,-0.14,-0.24,0.83,0
2023-04-24 05:30:00+00:00,0.0,35.14,2.75,9.9,-1.13,0.97,0
2023-04-24 06:30:00+00:00,34.0,102.76,9.52,20.21,-0.42,1.24,0
2023-04-24 07:30:00+00:00,157.7,178.22,19.61,30.44,1.16,1.31,0
2023-04-24 08:30:00+00:00,272.85,225.05,26.34,40.1,1.82,1.45,0
2023-04-24 09:30:00+00:00,472.43,238.39,34.84,48.49,2.32,1.52,0
2023-04-24 10:30:00+00:00,512.39,321.87,40.18,54.43,2.94,1.45,0
2023-04-24 11:30:00+00:00,619.68,296.28,43.2,56.47,3.34,1.45,0
2023-04-24 12:30:00+00:00,675.13,237.16,43.03,53.89,3.5,1.45,0
2023-04-24 13:30:00+00:00,537.78,226.04,37.24,47.58,3.67,1.59,0
2023-04-24 14:30:00+00:00,421.75,159.03,29.99,38.99,3.47,1.52,0
2023-04-24 15:30:00+00:00,271.52,109.48,22.26,29.23,3.07,1.45,0
2023-04-24 16:30:00+00:00,93.67,75.48,13.41,18.97,2.47,1.17,0
2023-04-24 17:30:00+00:00,0.0,30.6,2.4,8.67,1.83,1.1,0
2023-04-24 18:30:00+00:00,0.0,0.0,0.0,-1.31,1.4,0.97,0
2023-04-24 19:30:00+00:00,0.0,0.0,0.0,0.0,1.6,0.76,0
2023-04-24 20:30:00+00:00,0.0,0.0,0.0,0.0,1.09,0.83,0
2023-04-24 21:30:00+00:00,0.0,0.0,0.0,0.0,0.79,0.76,0
2023-04-24 22:30:00+00:00,0.0,0.0,0.0,0.0,0.41,0.76,0
2023-04-24 23:30:00+00:00,0.0,0.0,0.0,0.0,-0.01,0.69,0
2023-04-25 00:30:00+00:00,0.0,0.0,0.0,0.0,-0.5,0.83,0
2023-04-25 01:30:00+00:00,0.0,0.0,0.0,0.0,-1.01,0.83,0
2023-04-25 02:30:00+00:00,0.0,0.0,0.0,0.0,-1.31,0.76,0
2023-04-25 03:30:00+00:00,0.0,0.0,0.0,0.0,-1.78,0.69,0
2023-04-25 04:30:00+00:00,0.0,4.95,0.39,0.13,-2.15,0.76,0
2023-04-25 05:30:00+00:00,0.0,37.5,2.94,10.17,-2.62,0.69,0
2023-04-25 06:30:00+00:00,30.22,105.11,9.43,20.48,-2.54,0.83,0
2023-04-25 07:30:00+00:00,166.37,159.1,19.07,30.71,-0.54,0.97,0
2023-04-25 08:30:00+00:00,216.74,236.04,24.63,40.39,0.34,1.17,0
2023-04-25 09:30:00+00:00,339.7,262.56,30.63,48.79,0.88,1.1,0
2023-04-25 10:30:00+00:00,530.68,254.91,37.79,54.76,1.16,1.24,0
2023-04-25 11:30:00+00:00,423.59,278.8,34.43,56.79,1.56,1.31,0
2023-04-25 12:30:00+00:00,457.75,268.35,35.45,54.19,1.63,1.45,0
2023-04-25 13:30:00+00:00,521.69,240.51,37.47,47.84,1.78,1.45,0
2023-04-25 14:30:00+00:00,411.06,208.99,32.27,39.22,1.95,1.45,0
2023-04-25 15:30:00+00:00,263.13,134.88,23.42,29.43,1.61,1.52,0
2023-04-25 16:30:00+00:00,92.31,83.35,14.03,19.17,1.13,1.52,0
2023-04-25 17:30:00+00:00,0.0,29.65,2.32,8.88,0.58,1.38,0
2023-04-25 18:30:00+00:00,0.0,0.0,0.0,-1.09,-0.72,1.17,0
2023-04-25 19:30:00+00:00,0.0,0.0,0.0,0.0,-0.14,0.9,0
2023-04-25 20:30:00+00:00,0.0,0.0,0.0,0.0,-0.62,0.9,0
2023-04-25 21:30:00+00:00,0.0,0.0,0.0,0.0,-1.11,0.83,0
2023-04-25 22:30:00+00:00,0.0,0.0,0.0,0.0,-1.67,0.76,0
2023-04-25 23:30:00+00:00,0.0,0.0,0.0,0.0,-2.83,0.62,0
2023-04-26 00:30:00+00:00,0.0,0.0,0.0,0.0,-3.53,0.62,0
2023-04-26 01:30:00+00:00,0.0,0.0,0.0,0.0,-4.48,0.62,0
2023-04-26 02:30:00+00:00,0.0,0.0,0.0,0.0,-4.84,0.62,0
2023-04-26 03:30:00+00:00,0.0,0.0,0.0,0.0,-5.38,0.62,0
2023-04-26 04:30:00+00:00,0.0,6.13,0.48,0.4,-5.57,0.55,0
2023-04-26 05:30:00+00:00,0.0,49.15,3.85,10.43,-5.66,0.48,0
2023-04-26 06:30:00+00:00,101.75,106.05,15.52,20.74,-4.8,0.41,0
2023-04-26 07:30:00+00:00,342.04,108.4,26.28,30.97,-2.25,0.41,0
2023-04-26 08:30:00+00:00,588.27,116.56,36.47,40.66,0.26,0.41,0
2023-04-26 09:30:00+00:00,706.71,152.64,41.9,49.09,1.81,0.62,0
2023-04-26 10:30:00+00:00,719.62,200.45,43.73,55.08,2.79,0.69,0
2023-04-26 11:30:00+00:00,807.22,162.08,45.65,57.12,3.48,0.69,0
2023-04-26 12:30:00+00:00,777.73,179.05,45.49,54.48,3.9,0.83,0
2023-04-26 13:30:00+00:00,634.43,176.8,39.82,48.09,4.12,0.97,0
2023-04-26 14:30:00+00:00,442.67,166.99,31.93,39.44,4.18,1.1,0
2023-04-26 15:30:00+00:00,213.77,148.11,21.53,29.64,4.36,1.03,0
2023-04-26 16:30:00+00:00,67.76,93.35,12.56,19.37,4.28,1.03,0
2023-04-26 17:30:00+00:00,0.0,37.15,2.91,9.08,4.48,0.9,0
2023-04-26 18:30:00+00:00,0.0,0.0,0.0,-0.88,4.12,0.76,0
2023-04-26 19:30:00+00:00,0.0,0.0,0.0,0.0,2.9,0.62,0
2023-04-26 20:30:00+00:00,0.0,0.0,0.0,0.0,1.88,0.55,0
2023-04-26 21:30:00+00:00,0.0,0.0,0.0,0.0,1.01,0.48,0
2023-04-26 22:30:00+00:00,0.0,0.0,0.0,0.0,0.17,0.48,0
2023-04-26 23:30:00+00:00,0.0,0.0,0.0,0.0,-0.45,0.48,0
2023-04-27 00:30:00+00:00,0.0,0.0,0.0,0.0,-0.88,0.41,0
2023-04-27 01:30:00+00:00,0.0,0.0,0.0,0.0,-0.75,0.48,0
2023-04-27 02:30:00+00:00,0.0,0.0,0.0,0.0,-0.84,0.48,0
2023-04-27 03:30:00+00:00,0.0,0.0,0.0,0.0,-0.95,0.48,0
2023-04-27 04:30:00+00:00,0.0,5.14,0.4,0.67,-1.16,0.48,0
2023-04-27 05:30:00+00:00,0.0,32.14,2.52,10.68,-1.28,0.41,0
2023-04-27 06:30:00+00:00,93.02,106.38,14.95,20.99,-0.06,0.34,0
2023-04-27 07:30:00+00:00,242.67,176.12,24.51,31.23,1.44,0.41,0
2023-04-27 08:30:00+00:00,396.97,223.08,32.51,40.94,3.75,0.41,0
2023-04-27 09:30:00+00:00,581.79,229.06,39.96,49.39,5.1,0.28,0
2023-04-27 10:30:00+00:00,645.24,277.12,44.31,55.4,6.07,0.28,0
2023-04-27 11:30:00+00:00,541.5,358.19,43.65,57.44,6.85,0.41,0
2023-04-27 12:30:00+00:00,632.48,281.5,44.03,54.77,7.41,0.48,0
2023-04-27 13:30:00+00:00,475.39,284.82,38.08,48.34,7.82,0.55,0
2023-04-27 14:30:00+00:00,275.29,242.14,28.01,39.65,7.81,0.69,0
2023-04-27 15:30:00+00:00,220.88,154.44,22.51,29.84,8.23,0.62,0
2023-04-27 16:30:00+00:00,100.69,72.49,14.63,19.57,8.28,0.48,0
2023-04-27 17:30:00+00:00,0.0,28.27,2.21,9.28,7.72,0.21,0
2023-04-27 18:30:00+00:00,0.0,0.0,0.0,-0.67,6.79,0.14,0
2023-04-27 19:30:00+00:00,0.0,0.0,0.0,0.0,5.53,0.07,0
2023-04-27 20:30:00+00:00,0.0,0.0,0.0,0.0,4.36,0.07,0
2023-04-27 21:30:00+00:00,0.0,0.0,0.0,0.0,3.31,0.14,0
2023-04-27 22:30:00+00:00,0.0,0.0,0.0,0.0,2.6,0.07,0
2023-04-27 23:30:00+00:00,0.0,0.0,0.0,0.0,2.17,0.0,0
2023-04-28 00:30:00+00:00,0.0,0.0,0.0,0.0,2.05,0.07,0
2023-04-28 01:30:00+00:00,0.0,0.0,0.0,0.0,1.57,0.07,0
2023-04-28 02:30:00+00:00,0.0,0.0,0.0,0.0,1.54,0.07,0
2023-04-28 03:30:00+00:00,0.0,0.0,0.0,0.0,1.47,0.14,0
2023-04-28 04:30:00+00:00,0.0,5.71,0.45,0.93,1.4,0.07,0
2023-04-28 05:30:00+00:00,0.0,39.89,3.12,10.94,1.37,0.14,0
2023-04-28 06:30:00+00:00,21.3,97.51,8.33,21.24,2.19,0.28,0
2023-04-28 07:30:00+00:00,120.66,148.11,16.31,31.49,3.66,0.14,0
2023-04-28 08:30:00+00:00,263.33,168.37,23.33,41.21,4.96,0.21,0
2023-04-28 09:30:00+00:00,284.25,223.06,26.53,49.68,5.83,0.21,0
2023-04-28 10:30:00+00:00,246.76,246.3,25.98,55.71,6.52,0.55,0
2023-04-28 11:30:00+00:00,336.21,286.79,31.76,57.75,7.34,0.62,0
2023-04-28 12:30:00+00:00,357.59,229.47,29.67,55.06,7.41,0.76,0
2023-04-28 13:30:00+00:00,381.11,218.45,30.63,48.58,8.23,0.62,0
2023-04-28 14:30:00+00:00,223.82,209.49,23.94,39.87,8.22,0.83,0
2023-04-28 15:30:00+00:00,181.12,142.78,19.7,30.04,8.71,0.76,0
2023-04-28 16:30:00+00:00,62.88,83.16,11.75,19.76,8.99,0.62,0
2023-04-28 17:30:00+00:00,0.0,33.44,2.62,9.48,8.4,0.55,0
2023-04-28 18:30:00+00:00,0.0,0.0,0.0,-0.46,7.67,0.55,0
2023-04-28 19:30:00+00:00,0.0,0.0,0.0,0.0,6.58,0.48,0
2023-04-28 20:30:00+00:00,0.0,0.0,0.0,0.0,5.85,0.62,0
2023-04-28 21:30:00+00:00,0.0,0.0,0.0,0.0,5.28,0.62,0
2023-04-28 22:30:00+00:00,0.0,0.0,0.0,0.0,5.06,0.55,0
2023-04-28 23:30:00+00:00,0.0,0.0,0.0,0.0,4.95,0.48,0
2023-04-29 00:30:00+00:00,0.0,0.0,0.0,0.0,5.02,0.48,0
2023-04-29 01:30:00+00:00,0.0,0.0,0.0,0.0,4.88,0.55,0
2023-04-29 02:30:00+00:00,0.0,0.0,0.0,0.0,4.75,0.48,0
2023-04-29 03:30:00+00:00,0.0,0.0,0.0,0.0,4.61,0.41,0
2023-04-29 04:30:00+00:00,0.0,3.32,0.26,1.19,4.47,0.41,0
2023-04-29 05:30:00+00:00,0.0,29.2,2.29,11.18,4.27,0.48,0
2023-04-29 06:30:00+00:00,4.78,86.92,6.22,21.49,4.29,0.48,0
2023-04-29 07:30:00+00:00,15.85,143.42,10.42,31.74,5.04,0.55,0
2023-04-29 08:30:00+00:00,91.76,272.61,21.87,41.47,5.52,0.83,0
2023-04-29 09:30:00+00:00,301.17,310.21,32.19,49.97,5.9,0.9,0
2023-04-29 10:30:00+00:00,442.9,349.14,39.67,56.02,7.13,0.97,0
2023-04-29 11:30:00+00:00,358.99,342.0,35.81,58.06,8.15,0.9,0
2023-04-29 12:30:00+00:00,396.97,355.54,38.19,55.34,8.74,0.9,0
2023-04-29 13:30:00+00:00,239.45,299.51,29.14,48.82,9.17,0.9,0
2023-04-29 14:30:00+00:00,223.38,280.44,28.09,40.08,9.29,0.83,0
2023-04-29 15:30:00+00:00,166.96,148.24,19.35,30.24,9.45,0.83,0
2023-04-29 16:30:00+00:00,53.88,100.86,12.16,19.95,9.22,0.69,0
2023-04-29 17:30:00+00:00,0.0,39.64,3.1,9.67,8.61,0.48,0
2023-04-29 18:30:00+00:00,0.0,0.0,0.0,-0.25,7.65,0.41,0
2023-04-29 19:30:00+00:00,0.0,0.0,0.0,0.0,6.08,0.41,0
2023-04-29 20:30:00+00:00,0.0,0.0,0.0,0.0,5.1,0.34,0
2023-04-29 21:30:00+00:00,0.0,0.0,0.0,0.0,4.31,0.28,0
2023-04-29 22:30:00+00:00,0.0,0.0,0.0,0.0,3.54,0.28,0
2023-04-29 23:30:00+00:00,0.0,0.0,0.0,0.0,2.98,0.21,0
2023-04-30 00:30:00+00:00,0.0,0.0,0.0,0.0,2.38,0.21,0
2023-04-30 01:30:00+00:00,0.0,0.0,0.0,0.0,1.57,0.21,0
2023-04-30 02:30:00+00:00,0.0,0.0,0.0,0.0,0.94,0.07,0
2023-04-30 03:30:00+00:00,0.0,0.0,0.0,0.0,1.31,0.0,0
2023-04-30 04:30:00+00:00,0.0,6.0,0.47,1.44,1.53,0.14,0
2023-04-30 05:30:00+00:00,0.0,37.75,2.96,11.43,1.68,0.21,0
2023-04-30 06:30:00+00:00,18.6,128.15,10.18,21.73,2.22,0.21,0
2023-04-30 07:30:00+00:00,73.97,172.17,15.42,31.98,4.07,0.41,0
2023-04-30 08:30:00+00:00,147.97,244.2,22.6,41.73,4.99,0.55,0
2023-04-30 09:30:00+00:00,181.59,284.71,25.98,50.25,5.92,0.76,0
2023-04-30 10:30:00+00:00,164.76,198.55,19.97,56.33,5.84,0.9,0
2023-04-30 11:30:00+00:00,175.51,287.81,25.7,58.37,6.63,0.83,0
2023-04-30 12:30:00+00:00,102.31,279.84,22.47,55.62,7.13,0.83,0
2023-04-30 13:30:00+00:00,12.71,199.42,13.84,49.07,6.96,0.76,0
2023-04-30 14:30:00+00:00,0.5,121.55,8.14,40.3,6.46,0.62,0
2023-04-30 15:30:00+00:00,9.59,134.25,9.51,30.43,6.03,0.55,0
2023-04-30 16:30:00+00:00,0.91,70.15,4.78,20.15,5.89,0.48,0
2023-04-30 17:30:00+00:00,0.0,28.24,2.21,9.87,5.21,0.41,0
2023-04-30 18:30:00+00:00,0.0,0.0,0.0,-0.04,4.61,0.34,0
2023-04-30 19:30:00+00:00,0.0,0.0,0.0,0.0,3.31,0.34,0
2023-04-30 20:30:00+00:00,0.0,0.0,0.0,0.0,3.06,0.41,0
2023-04-30 21:30:00+00:00,0.0,0.0,0.0,0.0,2.88,0.41,0
2023-04-30 22:30:00+00:00,0.0,0.0,0.0,0.0,2.82,0.41,0
2023-04-30 23:30:00+00:00,0.0,0.0,0.0,0.0,2.73,0.48,0
2023-05-01 00:30:00+00:00,0.0,0.0,0.0,0.0,2.71,0.48,0
2023-05-01 01:30:00+00:00,0.0,0.0,0.0,0.0,2.82,0.62,0
2023-05-01 02:30:00+00:00,0.0,0.0,0.0,0.0,2.75,0.62,0
2023-05-01 03:30:00+00:00,0.0,0.0,0.0,0.0,2.55,0.34,0
2023-05-01 04:30:00+00:00,0.0,1.5,0.12,1.69,2.18,0.21,0
2023-05-01 05:30:00+00:00,0.0,6.29,0.49,11.67,1.91,0.21,0
2023-05-01 06:30:00+00:00,0.0,60.99,4.07,21.97,1.76,0.34,0
2023-05-01 07:30:00+00:00,0.0,57.29,3.82,32.22,1.93,0.62,0
2023-05-01 08:30:00+00:00,0.0,115.21,7.69,41.99,2.0,0.55,0
2023-05-01 09:30:00+00:00,0.0,140.33,9.37,50.52,2.13,0.62,0
2023-05-01 10:30:00+00:00,0.0,154.48,10.32,56.63,2.37,0.55,0
2023-05-01 11:30:00+00:00,14.32,184.92,12.93,58.67,2.51,0.48,0
2023-05-01 12:30:00+00:00,1.37,186.97,12.54,55.89,2.74,0.21,0
2023-05-01 13:30:00+00:00,0.0,172.27,11.5,49.3,2.78,0.41,0
2023-05-01 14:30:00+00:00,0.0,144.56,9.65,40.51,3.08,0.41,0
2023-05-01 15:30:00+00:00,0.0,108.92,7.27,30.63,2.7,0.41,0
2023-05-01 16:30:00+00:00,1.05,95.46,6.48,20.34,2.58,0.48,0
2023-05-01 17:30:00+00:00,0.0,38.55,3.02,10.06,2.72,0.48,0
2023-05-01 18:30:00+00:00,0.0,3.61,0.28,0.17,2.67,0.55,0
2023-05-01 19:30:00+00:00,0.0,0.0,0.0,0.0,2.38,0.76,0
2023-05-01 20:30:00+00:00,0.0,0.0,0.0,0.0,2.31,0.83,0
2023-05-01 21:30:00+00:00,0.0,0.0,0.0,0.0,1.93,0.83,0
2023-05-01 22:30:00+00:00,0.0,0.0,0.0,0.0,1.8,0.83,0
2023-05-01 23:30:00+00:00,0.0,0.0,0.0,0.0,1.64,0.83,0
2023-05-02 00:30:00+00:00,0.0,0.0,0.0,0.0,1.24,0.9,0
2023-05-02 01:30:00+00:00,0.0,0.0,0.0,0.0,1.21,0.97,0
2023-05-02 02:30:00+00:00,0.0,0.0,0.0,0.0,1.01,1.03,0
2023-05-02 03:30:00+00:00,0.0,0.0,0.0,0.0,1.18,0.97,0
2023-05-02 04:30:00+00:00,0.0,9.73,0.76,1.93,1.45,0.9,0
2023-05-02 05:30:00+00:00,0.0,54.79,4.29,11.9,1.29,0.97,0
2023-05-02 06:30:00+00:00,30.14,123.01,10.96,22.2,1.09,1.1,0
2023-05-02 07:30:00+00:00,161.18,182.79,21.08,32.46,1.96,1.17,0
2023-05-02 08:30:00+00:00,316.16,241.0,30.49,42.23,2.39,1.17,0
2023-05-02 09:30:00+00:00,472.34,265.09,37.79,50.8,3.01,1.31,0
2023-05-02 10:30:00+00:00,515.35,288.89,40.21,56.92,3.69,1.38,0
2023-05-02 11:30:00+00:00,531.43,319.01,42.25,58.97,4.19,1.38,0
2023-05-02 12:30:00+00:00,533.69,285.03,40.92,56.16,4.54,1.38,0
2023-05-02 13:30:00+00:00,504.45,254.0,38.93,49.54,4.68,1.38,0
2023-05-02 14:30:00+00:00,422.66,189.91,33.53,40.71,4.79,1.38,0
2023-05-02 15:30:00+00:00,246.15,145.24,24.58,30.82,4.91,1.31,0
2023-05-02 16:30:00+00:00,98.14,72.59,15.66,20.52,5.07,1.17,0
2023-05-02 17:30:00+00:00,0.0,36.03,2.82,10.26,5.84,0.97,0
2023-05-02 18:30:00+00:00,0.0,5.33,0.42,0.37,5.32,0.83,0
2023-05-02 19:30:00+00:00,0.0,0.0,0.0,0.0,4.16,0.62,0
2023-05-02 20:30:00+00:00,0.0,0.0,0.0,0.0,2.95,0.48,0
2023-05-02 21:30:00+00:00,0.0,0.0,0.0,0.0,1.51,0.41,0
2023-05-02 22:30:00+00:00,0.0,0.0,0.0,0.0,0.38,0.34,0
2023-05-02 23:30:00+00:00,0.0,0.0,0.0,0.0,-1.3,0.34,0
2023-05-03 00:30:00+00:00,0.0,0.0,0.0,0.0,-2.05,0.28,0
2023-05-03 01:30:00+00:00,0.0,0.0,0.0,0.0,-2.7,0.28,0
2023-05-03 02:30:00+00:00,0.0,0.0,0.0,0.0,-3.19,0.28,0
2023-05-03 03:30:00+00:00,0.0,0.0,0.0,0.0,-3.42,0.21,0
2023-05-03 04:30:00+00:00,0.0,8.94,0.7,2.17,-3.56,0.21,0
2023-05-03 05:30:00+00:00,0.0,44.61,3.5,12.13,-3.21,0.14,0
2023-05-03 06:30:00+00:00,87.94,124.52,16.6,22.42,-1.7,0.07,0
2023-05-03 07:30:00+00:00,344.09,104.88,27.94,32.69,0.5,0.07,0
2023-05-03 08:30:00+00:00,577.97,114.85,37.79,42.48,4.14,0.07,0
2023-05-03 09:30:00+00:00,750.86,124.13,44.68,51.06,6.8,0.62,0
2023-05-03 10:30:00+00:00,844.17,138.15,48.6,57.21,8.04,0.62,0
2023-05-03 11:30:00+00:00,851.06,156.11,49.39,59.27,8.7,0.48,0
2023-05-03 12:30:00+00:00,789.64,154.47,46.85,56.43,9.16,0.41,0
2023-05-03 13:30:00+00:00,684.95,142.92,42.57,49.77,9.43,0.41,0
2023-05-03 14:30:00+00:00,524.4,121.93,35.78,40.92,9.64,0.34,0
2023-05-03 15:30:00+00:00,323.16,93.12,26.89,31.01,9.71,0.21,0
2023-05-03 16:30:00+00:00,115.24,59.12,17.0,20.71,9.51,0.28,0
2023-05-03 17:30:00+00:00,0.0,33.76,2.65,10.45,8.51,0.21,0
2023-05-03 18:30:00+00:00,0.0,5.71,0.45,0.58,7.4,0.21,0
2023-05-03 19:30:00+00:00,0.0,0.0,0.0,0.0,6.17,0.34,0
2023-05-03 20:30:00+00:00,0.0,0.0,0.0,0.0,4.81,0.34,0
2023-05-03 21:30:00+00:00,0.0,0.0,0.0,0.0,3.79,0.34,0
2023-05-03 22:30:00+00:00,0.0,0.0,0.0,0.0,3.09,0.34,0
2023-05-03 23:30:00+00:00,0.0,0.0,0.0,0.0,2.79,0.34,0
2023-05-04 00:30:00+00:00,0.0,0.0,0.0,0.0,2.8,0.34,0
2023-05-04 01:30:00+00:00,0.0,0.0,0.0,0.0,3.03,0.28,0
2023-05-04 02:30:00+00:00,0.0,0.0,0.0,0.0,2.86,0.21,0
2023-05-04 03:30:00+00:00,0.0,0.0,0.0,0.0,2.32,0.14,0
2023-05-04 04:30:00+00:00,0.0,9.73,0.76,2.4,1.28,0.14,0
2023-05-04 05:30:00+00:00,0.0,57.99,4.54,12.35,0.22,0.14,0
2023-05-04 06:30:00+00:00,74.23,100.14,13.81,22.64,0.55,0.14,0
2023-05-04 07:30:00+00:00,217.55,159.76,23.34,32.92,2.07,0.14,0
2023-05-04 08:30:00+00:00,443.15,146.72,32.35,42.72,4.7,0.14,0
2023-05-04 09:30:00+00:00,626.44,140.32,39.4,51.32,7.03,0.28,0
2023-05-04 10:30:00+00:00,686.9,176.55,43.01,57.5,8.63,0.28,0
2023-05-04 11:30:00+00:00,704.53,168.95,43.17,59.56,9.57,0.21,0
2023-05-04 12:30:00+00:00,684.44,184.61,43.42,56.7,10.19,0.14,0
2023-05-04 13:30:00+00:00,578.84,164.09,38.48,50.0,10.7,0.14,0
2023-05-04 14:30:00+00:00,467.59,139.73,33.81,41.12,10.9,0.07,0
2023-05-04 15:30:00+00:00,295.99,106.26,26.08,31.2,11.0,0.07,0
2023-05-04 16:30:00+00:00,105.47,66.12,16.62,20.9,10.74,0.0,0
2023-05-04 17:30:00+00:00,0.0,43.05,3.37,10.64,9.51,0.14,0
2023-05-04 18:30:00+00:00,0.0,6.25,0.49,0.78,8.35,0.21,0
2023-05-04 19:30:00+00:00,0.0,0.0,0.0,0.0,7.41,0.14,0
2023-05-04 20:30:00+00:00,0.0,0.0,0.0,0.0,5.99,0.21,0
2023-05-04 21:30:00+00:00,0.0,0.0,0.0,0.0,4.78,0.21,0
2023-05-04 22:30:00+00:00,0.0,0.0,0.0,0.0,3.86,0.28,0
2023-05-04 23:30:00+00:00,0.0,0.0,0.0,0.0,3.37,0.28,0
2023-05-05 00:30:00+00:00,0.0,0.0,0.0,0.0,3.03,0.28,0
2023-05-05 01:30:00+00:00,0.0,0.0,0.0,0.0,2.78,0.28,0
2023-05-05 02:30:00+00:00,0.0,0.0,0.0,0.0,2.5,0.21,0
2023-05-05 03:30:00+00:00,0.0,0.0,0.0,0.0,2.24,0.21,0
2023-05-05 04:30:00+00:00,0.0,10.08,0.79,2.63,2.09,0.21,0
2023-05-05 05:30:00+00:00,0.0,43.46,3.4,12.57,2.07,0.14,0
2023-05-05 06:30:00+00:00,112.46,87.43,16.96,22.86,3.15,0.07,0
2023-05-05 07:30:00+00:00,290.57,128.79,26.32,33.14,6.25,0.28,0
2023-05-05 08:30:00+00:00,447.12,188.83,34.99,42.95,8.09,0.55,0
2023-05-05 09:30:00+00:00,615.49,173.63,40.75,51.58,9.12,0.62,0
2023-05-05 10:30:00+00:00,615.24,247.34,43.31,57.78,9.79,0.69,0
2023-05-05 11:30:00+00:00,402.92,326.7,37.62,59.84,10.29,0.69,0
2023-05-05 12:30:00+00:00,406.68,285.44,35.8,56.96,10.47,0.55,0
2023-05-05 13:30:00+00:00,359.16,243.76,32.09,50.22,10.78,0.41,0
2023-05-05 14:30:00+00:00,201.48,201.72,23.25,41.32,11.02,0.48,0
2023-05-05 15:30:00+00:00,120.51,174.99,18.94,31.39,10.51,0.14,0
2023-05-05 16:30:00+00:00,42.05,121.19,13.0,21.08,9.99,0.07,0
2023-05-05 17:30:00+00:00,0.0,48.32,3.78,10.83,8.97,0.14,0
2023-05-05 18:30:00+00:00,0.0,6.35,0.5,0.98,7.92,0.28,0
2023-05-05 19:30:00+00:00,0.0,0.0,0.0,0.0,6.56,0.41,0
2023-05-05 20:30:00+00:00,0.0,0.0,0.0,0.0,5.52,0.28,0
2023-05-05 21:30:00+00:00,0.0,0.0,0.0,0.0,4.39,0.28,0
2023-05-05 22:30:00+00:00,0.0,0.0,0.0,0.0,3.12,0.34,0
2023-05-05 23:30:00+00:00,0.0,0.0,0.0,0.0,2.16,0.28,0
2023-05-06 00:30:00+00:00,0.0,0.0,0.0,0.0,1.89,0.28,0
2023-05-06 01:30:00+00:00,0.0,0.0,0.0,0.0,2.31,0.28,0
2023-05-06 02:30:00+00:00,0.0,0.0,0.0,0.0,2.33,0.28,0
2023-05-06 03:30:00+00:00,0.0,0.0,0.0,0.0,2.5,0.21,0
2023-05-06 04:30:00+00:00,0.0,10.34,0.81,2.85,2.57,0.21,0
2023-05-06 05:30:00+00:00,0.0,44.04,3.45,12.79,2.91,0.21,0
2023-05-06 06:30:00+00:00,120.99,72.56,17.04,23.07,3.93,0.21,0
2023-05-06 07:30:00+00:00,278.79,113.75,24.9,33.35,7.16,0.07,0
2023-05-06 08:30:00+00:00,440.89,143.39,32.47,43.18,8.82,0.14,0
2023-05-06 09:30:00+00:00,594.89,182.71,40.39,51.83,9.93,0.28,0
2023-05-06 10:30:00+00:00,738.87,172.67,45.84,58.05,10.74,0.34,0
2023-05-06 11:30:00+00:00,650.62,248.19,44.94,60.13,11.44,0.41,0
2023-05-06 12:30:00+00:00,562.31,260.6,41.8,57.21,11.91,0.41,0
2023-05-06 13:30:00+00:00,366.45,284.39,34.78,50.44,12.22,0.34,0
2023-05-06 14:30:00+00:00,297.15,215.05,29.06,41.52,12.28,0.21,0
2023-05-06 15:30:00+00:00,201.13,131.27,21.62,31.57,12.1,0.28,0
2023-05-06 16:30:00+00:00,68.49,87.57,14.06,21.26,11.37,0.07,0
2023-05-06 17:30:00+00:00,0.0,37.78,2.96,11.02,10.27,0.07,0
2023-05-06 18:30:00+00:00,0.0,5.94,0.47,1.18,9.22,0.21,0
2023-05-06 19:30:00+00:00,0.0,0.0,0.0,0.0,7.67,0.07,0
2023-05-06 20:30:00+00:00,0.0,0.0,0.0,0.0,6.39,0.07,0
2023-05-06 21:30:00+00:00,0.0,0.0,0.0,0.0,5.36,0.07,0
2023-05-06 22:30:00+00:00,0.0,0.0,0.0,0.0,4.86,0.0,0
2023-05-06 23:30:00+00:00,0.0,0.0,0.0,0.0,4.38,0.0,0
2023-05-07 00:30:00+00:00,0.0,0.0,0.0,0.0,4.19,0.0,0
2023-05-07 01:30:00+00:00,0.0,0.0,0.0,0.0,3.75,0.0,0
2023-05-07 02:30:00+00:00,0.0,0.0,0.0,0.0,3.72,0.07,0
2023-05-07 03:30:00+00:00,0.0,0.0,0.0,0.0,3.71,0.07,0
2023-05-07 04:30:00+00:00,0.0,12.99,1.02,3.07,3.61,0.14,0
2023-05-07 05:30:00+00:00,0.0,55.59,4.35,13.0,3.74,0.07,0
2023-05-07 06:30:00+00:00,44.17,123.06,12.64,23.28,4.74,0.0,0
2023-05-07 07:30:00+00:00,163.36,199.46,22.83,33.56,6.34,0.07,0
2023-05-07 08:30:00+00:00,329.23,229.86,31.36,43.4,8.04,0.21,0
2023-05-07 09:30:00+00:00,420.56,294.41,37.82,52.07,9.3,0.55,0
2023-05-07 10:30:00+00:00,328.78,386.28,38.17,58.32,10.02,0.69,0
2023-05-07 11:30:00+00:00,141.42,349.5,28.54,60.4,10.3,0.76,0
2023-05-07 12:30:00+00:00,74.01,296.97,22.7,57.47,10.21,0.55,0
2023-05-07 13:30:00+00:00,9.72,248.7,17.01,50.66,9.62,0.07,0
2023-05-07 14:30:00+00:00,53.95,161.28,13.48,41.71,8.97,0.21,0
2023-05-07 15:30:00+00:00,31.38,103.5,8.94,31.75,8.46,0.21,0
2023-05-07 16:30:00+00:00,16.57,88.53,7.92,21.44,7.95,0.34,0
2023-05-07 17:30:00+00:00,0.0,29.07,2.28,11.2,7.53,0.28,0
2023-05-07 18:30:00+00:00,0.0,3.03,0.24,1.37,6.62,0.34,0
2023-05-07 19:30:00+00:00,0.0,0.0,0.0,0.0,5.69,0.55,0
2023-05-07 20:30:00+00:00,0.0,0.0,0.0,0.0,5.19,0.48,0
2023-05-07 21:30:00+00:00,0.0,0.0,0.0,0.0,4.49,0.48,0
2023-05-07 22:30:00+00:00,0.0,0.0,0.0,0.0,4.09,0.48,0
2023-05-07 23:30:00+00:00,0.0,0.0,0.0,0.0,3.81,0.48,0
2023-05-08 00:30:00+00:00,0.0,0.0,0.0,0.0,3.46,0.48,0
2023-05-08 01:30:00+00:00,0.0,0.0,0.0,0.0,3.21,0.48,0
2023-05-08 02:30:00+00:00,0.0,0.0,0.0,0.0,3.09,0.48,0
2023-05-08 03:30:00+00:00,0.0,0.0,0.0,0.0,3.04,0.55,0
2023-05-08 04:30:00+00:00,0.0,8.71,0.68,3.28,3.05,0.55,0
2023-05-08 05:30:00+00:00,0.0,49.4,3.87,13.2,3.03,0.48,0
2023-05-08 06:30:00+00:00,29.74,121.98,11.17,23.48,3.59,0.48,0
2023-05-08 07:30:00+00:00,232.45,142.84,23.95,33.77,5.01,0.69,0
2023-05-08 08:30:00+00:00,241.85,231.29,27.1,43.62,6.39,0.83,0
2023-05-08 09:30:00+00:00,247.55,292.95,29.97,52.31,6.93,0.9,0
2023-05-08 10:30:00+00:00,379.39,322.97,36.97,58.59,7.59,0.9,0
2023-05-08 11:30:00+00:00,384.37,315.04,36.61,60.68,8.45,0.97,0
2023-05-08 12:30:00+00:00,297.3,310.1,32.76,57.72,9.03,0.9,0
2023-05-08 13:30:00+00:00,220.83,321.97,30.58,50.88,9.35,0.97,0
2023-05-08 14:30:00+00:00,193.9,191.79,22.6,41.9,9.36,0.97,0
2023-05-08 15:30:00+00:00,124.22,137.56,17.2,31.93,9.22,0.83,0
2023-05-08 16:30:00+00:00,41.65,93.61,11.43,21.62,9.39,0.41,0
2023-05-08 17:30:00+00:00,0.0,43.18,3.38,11.38,9.04,0.48,0
2023-05-08 18:30:00+00:00,0.0,8.14,0.64,1.57,8.19,0.62,0
2023-05-08 19:30:00+00:00,0.0,0.0,0.0,0.0,6.65,0.55,0
2023-05-08 20:30:00+00:00,0.0,0.0,0.0,0.0,5.87,0.41,0
2023-05-08 21:30:00+00:00,0.0,0.0,0.0,0.0,5.1,0.41,0
2023-05-08 22:30:00+00:00,0.0,0.0,0.0,0.0,4.62,0.28,0
2023-05-08 23:30:00+00:00,0.0,0.0,0.0,0.0,3.8,0.21,0
2023-05-09 00:30:00+00:00,0.0,0.0,0.0,0.0,3.23,0.21,0
2023-05-09 01:30:00+00:00,0.0,0.0,0.0,0.0,2.65,0.34,0
2023-05-09 02:30:00+00:00,0.0,0.0,0.0,0.0,1.84,0.28,0
2023-05-09 03:30:00+00:00,0.0,0.0,0.0,0.0,0.94,0.14,0
2023-05-09 04:30:00+00:00,0.0,12.83,1.01,3.49,0.37,0.14,0
2023-05-09 05:30:00+00:00,0.0,55.62,4.36,13.4,0.15,0.14,0
2023-05-09 06:30:00+00:00,18.94,127.92,10.5,23.67,1.16,0.07,0
2023-05-09 07:30:00+00:00,77.77,190.98,17.34,33.96,2.62,0.07,0
2023-05-09 08:30:00+00:00,259.53,266.94,30.16,43.83,4.49,0.14,0
2023-05-09 09:30:00+00:00,361.07,222.1,31.39,52.54,6.69,0.69,0
2023-05-09 10:30:00+00:00,304.44,326.03,34.01,58.85,6.92,0.97,0
2023-05-09 11:30:00+00:00,185.48,338.11,29.69,60.94,7.21,1.03,0
2023-05-09 12:30:00+00:00,200.99,330.37,29.96,57.96,7.59,1.03,0
2023-05-09 13:30:00+00:00,156.93,238.7,22.88,51.09,7.87,0.97,0
2023-05-09 14:30:00+00:00,59.73,203.85,16.56,42.09,8.34,0.76,0
2023-05-09 15:30:00+00:00,2.82,111.8,7.65,32.11,8.05,0.62,0
2023-05-09 16:30:00+00:00,0.0,43.73,2.92,21.8,7.16,0.34,0
2023-05-09 17:30:00+00:00,0.0,10.59,0.83,11.57,6.46,0.28,0
2023-05-09 18:30:00+00:00,0.0,2.23,0.17,1.76,5.74,0.0,0
2023-05-09 19:30:00+00:00,0.0,0.0,0.0,0.0,4.58,0.14,0
2023-05-09 20:30:00+00:00,0.0,0.0,0.0,0.0,4.22,0.28,0
2023-05-09 21:30:00+00:00,0.0,0.0,0.0,0.0,3.84,0.41,0
2023-05-09 22:30:00+00:00,0.0,0.0,0.0,0.0,3.51,0.55,0
2023-05-09 23:30:00+00:00,0.0,0.0,0.0,0.0,3.25,0.76,0
2023-05-10 00:30:00+00:00,0.0,0.0,0.0,0.0,2.75,0.9,0
2023-05-10 01:30:00+00:00,0.0,0.0,0.0,0.0,3.07,0.83,0
2023-05-10 02:30:00+00:00,0.0,0.0,0.0,0.0,2.88,0.76,0
2023-05-10 03:30:00+00:00,0.0,0.0,0.0,0.0,2.74,0.83,0
2023-05-10 04:30:00+00:00,0.0,6.93,0.54,3.69,2.59,0.83,0
2023-05-10 05:30:00+00:00,0.0,38.84,3.04,13.59,2.79,0.76,0
2023-05-10 06:30:00+00:00,3.83,100.9,7.14,23.86,2.36,1.17,0
2023-05-10 07:30:00+00:00,32.5,150.13,12.01,34.16,2.71,1.1,0
2023-05-10 08:30:00+00:00,46.73,190.83,15.04,44.03,3.18,1.1,0
2023-05-10 09:30:00+00:00,169.81,230.28,22.95,52.77,3.42,1.1,0
2023-05-10 10:30:00+00:00,322.21,306.53,33.8,59.1,4.2,0.97,0
2023-05-10 11:30:00+00:00,320.62,306.02,33.57,61.21,4.46,1.1,0
2023-05-10 12:30:00+00:00,437.95,292.56,38.34,58.2,4.5,1.24,0
2023-05-10 13:30:00+00:00,307.84,296.33,33.27,51.3,4.83,1.24,0
2023-05-10 14:30:00+00:00,282.4,212.6,28.75,42.28,4.62,1.17,0
2023-05-10 15:30:00+00:00,147.41,148.39,19.64,32.29,4.78,1.1,0
2023-05-10 16:30:00+00:00,27.33,112.89,11.08,21.97,4.71,0.97,0
2023-05-10 17:30:00+00:00,0.0,45.54,3.57,11.74,4.17,0.9,0
2023-05-10 18:30:00+00:00,0.0,7.91,0.62,1.95,3.41,0.97,0
2023-05-10 19:30:00+00:00,0.0,0.0,0.0,0.0,3.23,0.76,0
2023-05-10 20:30:00+00:00,0.0,0.0,0.0,0.0,2.77,0.9,0
2023-05-10 21:30:00+00:00,0.0,0.0,0.0,0.0,2.03,0.83,0
2023-05-10 22:30:00+00:00,0.0,0.0,0.0,0.0,1.73,0.83,0
2023-05-10 23:30:00+00:00,0.0,0.0,0.0,0.0,1.44,0.83,0
2023-05-11 00:30:00+00:00,0.0,0.0,0.0,0.0,0.92,0.97,0
2023-05-11 01:30:00+00:00,0.0,0.0,0.0,0.0,0.9,0.97,0
2023-05-11 02:30:00+00:00,0.0,0.0,0.0,0.0,0.86,0.9,0
2023-05-11 03:30:00+00:00,0.0,0.0,0.0,0.0,0.67,0.76,0
2023-05-11 04:30:00+00:00,0.0,13.08,1.02,3.89,0.46,0.9,0
2023-05-11 05:30:00+00:00,0.0,56.17,4.4,13.78,0.16,0.97,0
2023-05-11 06:30:00+00:00,11.02,139.33,10.48,24.05,0.16,0.97,0
2023-05-11 07:30:00+00:00,74.93,213.33,18.7,34.35,2.24,1.03,0
2023-05-11 08:30:00+00:00,128.04,271.96,24.16,44.23,2.28,1.1,0
2023-05-11 09:30:00+00:00,170.31,323.44,28.64,52.99,2.85,1.03,0
2023-05-11 10:30:00+00:00,159.48,389.71,31.95,59.35,3.34,1.03,0
2023-05-11 11:30:00+00:00,171.7,388.17,32.28,61.47,3.8,1.03,0
2023-05-11 12:30:00+00:00,233.1,393.91,35.16,58.44,4.26,1.1,0
2023-05-11 13:30:00+00:00,199.4,345.84,31.32,51.51,4.44,1.03,0
2023-05-11 14:30:00+00:00,174.28,222.93,23.7,42.47,4.59,0.97,0
2023-05-11 15:30:00+00:00,111.32,183.06,19.46,32.46,4.46,1.03,0
2023-05-11 16:30:00+00:00,15.41,77.1,7.17,22.14,4.92,0.83,0
2023-05-11 17:30:00+00:00,0.0,46.66,3.65,11.92,4.53,0.62,0
2023-05-11 18:30:00+00:00,0.0,7.75,0.61,2.14,4.08,0.55,0
2023-05-11 19:30:00+00:00,0.0,0.0,0.0,0.0,3.26,0.41,0
2023-05-11 20:30:00+00:00,0.0,0.0,0.0,0.0,2.91,0.48,0
2023-05-11 21:30:00+00:00,0.0,0.0,0.0,0.0,2.67,0.48,0
2023-05-11 22:30:00+00:00,0.0,0.0,0.0,0.0,2.24,0.48,0
2023-05-11 23:30:00+00:00,0.0,0.0,0.0,0.0,1.89,0.48,0
2023-05-12 00:30:00+00:00,0.0,0.0,0.0,0.0,1.49,0.48,0
2023-05-12 01:30:00+00:00,0.0,0.0,0.0,0.0,1.25,0.48,0
2023-05-12 02:30:00+00:00,0.0,0.0,0.0,0.0,1.1,0.48,0
2023-05-12 03:30:00+00:00,0.0,0.0,0.0,0.0,0.86,0.48,0
2023-05-12 04:30:00+00:00,0.0,14.11,1.11,4.08,0.53,0.41,0
2023-05-12 05:30:00+00:00,0.0,49.15,3.85,13.97,0.62,0.48,0
2023-05-12 06:30:00+00:00,26.89,107.63,10.11,24.23,1.1,0.48,0
2023-05-12 07:30:00+00:00,98.69,207.54,19.86,34.53,2.5,0.28,0
2023-05-12 08:30:00+00:00,134.51,268.0,24.3,44.42,3.27,0.48,0
2023-05-12 09:30:00+00:00,283.01,305.36,32.7,53.21,3.92,0.48,0
2023-05-12 10:30:00+00:00,357.45,397.3,40.61,59.59,4.59,0.41,0
2023-05-12 11:30:00+00:00,286.14,275.86,30.55,61.72,4.95,0.55,0
2023-05-12 12:30:00+00:00,284.97,281.62,31.01,58.67,5.06,0.55,0
2023-05-12 13:30:00+00:00,227.67,260.27,27.67,51.71,5.46,0.48,0
2023-05-12 14:30:00+00:00,77.15,231.97,19.33,42.65,5.32,0.48,0
2023-05-12 15:30:00+00:00,71.0,155.38,15.1,32.64,5.06,0.62,0
2023-05-12 16:30:00+00:00,22.55,108.06,10.25,22.31,5.02,0.55,0
2023-05-12 17:30:00+00:00,0.0,54.6,4.28,12.1,4.63,0.48,0
2023-05-12 18:30:00+00:00,0.0,10.34,0.81,2.32,3.99,0.34,0
2023-05-12 19:30:00+00:00,0.0,0.0,0.0,0.0,2.7,0.41,0
2023-05-12 20:30:00+00:00,0.0,0.0,0.0,0.0,2.04,0.48,0
2023-05-12 21:30:00+00:00,0.0,0.0,0.0,0.0,1.6,0.48,0
2023-05-12 22:30:00+00:00,0.0,0.0,0.0,0.0,1.28,0.41,0
2023-05-12 23:30:00+00:00,0.0,0.0,0.0,0.0,1.21,0.34,0
2023-05-13 00:30:00+00:00,0.0,0.0,0.0,0.0,0.83,0.28,0
2023-05-13 01:30:00+00:00,0.0,0.0,0.0,0.0,0.14,0.21,0
2023-05-13 02:30:00+00:00,0.0,0.0,0.0,0.0,0.03,0.21,0
2023-05-13 03:30:00+00:00,0.0,0.0,0.0,0.0,-0.22,0.14,0
2023-05-13 04:30:00+00:00,0.0,11.74,0.92,4.27,-0.03,0.07,0
2023-05-13 05:30:00+00:00,0.0,49.46,3.87,14.14,0.35,0.14,0
2023-05-13 06:30:00+00:00,24.96,117.58,10.61,24.4,1.14,0.34,0
2023-05-13 07:30:00+00:00,135.53,173.63,20.17,34.7,2.34,0.69,0
2023-05-13 08:30:00+00:00,248.89,221.45,27.49,44.61,2.99,0.76,0
2023-05-13 09:30:00+00:00,334.98,306.56,35.32,53.42,3.66,0.76,0
2023-05-13 10:30:00+00:00,351.38,283.44,34.17,59.83,4.56,0.62,0
2023-05-13 11:30:00+00:00,302.47,298.74,32.66,61.97,5.15,0.55,0
2023-05-13 12:30:00+00:00,174.48,277.66,25.95,58.9,5.27,0.62,0
2023-05-13 13:30:00+00:00,243.9,281.26,29.74,51.91,5.17,0.55,0
2023-05-13 14:30:00+00:00,144.99,219.77,22.14,42.83,5.04,0.62,0
2023-05-13 15:30:00+00:00,81.89,153.6,15.78,32.81,5.31,0.48,0
2023-05-13 16:30:00+00:00,26.57,119.98,11.67,22.48,5.17,0.55,0
2023-05-13 17:30:00+00:00,0.0,49.21,3.85,12.27,4.86,0.69,0
2023-05-13 18:30:00+00:00,0.0,10.56,0.83,2.51,4.21,0.41,0
2023-05-13 19:30:00+00:00,0.0,0.0,0.0,0.0,3.31,0.41,0
2023-05-13 20:30:00+00:00,0.0,0.0,0.0,0.0,2.39,0.28,0
2023-05-13 21:30:00+00:00,0.0,0.0,0.0,0.0,1.66,0.28,0
2023-05-13 22:30:00+00:00,0.0,0.0,0.0,0.0,0.93,0.21,0
2023-05-13 23:30:00+00:00,0.0,0.0,0.0,0.0,0.97,0.14,0
2023-05-14 00:30:00+00:00,0.0,0.0,0.0,0.0,1.22,0.07,0
2023-05-14 01:30:00+00:00,0.0,0.0,0.0,0.0,1.03,0.0,0
2023-05-14 02:30:00+00:00,0.0,0.0,0.0,0.0,1.2,0.07,0
2023-05-14 03:30:00+00:00,0.0,0.0,0.0,0.0,1.12,0.28,0
2023-05-14 04:30:00+00:00,0.0,14.2,1.11,4.45,0.9,0.28,0
2023-05-14 05:30:00+00:00,0.0,56.29,4.41,14.32,0.82,0.34,0
2023-05-14 06:30:00+00:00,16.16,108.7,9.07,24.57,1.35,0.28,0
2023-05-14 07:30:00+00:00,96.49,229.7,21.25,34.88,2.15,0.55,0
2023-05-14 08:30:00+00:00,238.91,267.31,29.72,44.79,2.35,0.76,0
2023-05-14 09:30:00+00:00,244.47,312.42,31.53,53.62,3.64,0.69,0
2023-05-14 10:30:00+00:00,464.55,308.73,40.95,60.06,4.16,0.76,0
2023-05-14 11:30:00+00:00,528.95,290.33,42.8,62.21,5.02,0.83,0
2023-05-14 12:30:00+00:00,310.12,298.28,33.29,59.13,5.32,1.1,0
2023-05-14 13:30:00+00:00,222.76,287.86,29.22,52.11,5.29,1.17,0
2023-05-14 14:30:00+00:00,232.87,237.77,28.02,43.01,5.48,1.1,0
2023-05-14 15:30:00+00:00,159.94,158.74,21.63,32.97,5.47,1.1,0
2023-05-14 16:30:00+00:00,28.63,106.84,11.14,22.65,5.65,1.03,0
2023-05-14 17:30:00+00:00,0.0,41.55,3.25,12.44,5.32,0.83,0
2023-05-14 18:30:00+00:00,0.0,9.03,0.71,2.69,5.15,0.76,0
2023-05-14 19:30:00+00:00,0.0,0.0,0.0,0.0,4.01,0.76,0
2023-05-14 20:30:00+00:00,0.0,0.0,0.0,0.0,3.66,0.76,0
2023-05-14 21:30:00+00:00,0.0,0.0,0.0,0.0,3.21,0.83,0
2023-05-14 22:30:00+00:00,0.0,0.0,0.0,0.0,2.94,0.9,0
2023-05-14 23:30:00+00:00,0.0,0.0,0.0,0.0,2.61,0.76,0
2023-05-15 00:30:00+00:00,0.0,0.0,0.0,0.0,2.54,0.76,0
2023-05-15 01:30:00+00:00,0.0,0.0,0.0,0.0,2.47,0.9,0
2023-05-15 02:30:00+00:00,0.0,0.0,0.0,0.0,2.46,0.83,0
2023-05-15 03:30:00+00:00,0.0,0.0,0.0,0.0,2.2,0.83,0
2023-05-15 04:30:00+00:00,0.0,15.73,1.23,4.63,2.17,0.76,0
2023-05-15 05:30:00+00:00,0.0,64.88,5.08,14.48,2.18,0.9,0
2023-05-15 06:30:00+00:00,73.9,104.01,15.44,24.73,1.47,1.17,0
2023-05-15 07:30:00+00:00,209.98,173.93,25.39,35.04,2.69,1.31,0
2023-05-15 08:30:00+00:00,371.5,210.63,33.91,44.97,3.12,1.31,0
2023-05-15 09:30:00+00:00,426.74,266.68,37.92,53.82,3.99,1.38,0
2023-05-15 10:30:00+00:00,578.89,268.46,44.58,60.28,4.58,1.31,0
2023-05-15 11:30:00+00:00,541.82,306.52,44.42,62.45,5.25,1.17,0
2023-05-15 12:30:00+00:00,448.41,325.84,41.36,59.35,5.62,1.17,0
2023-05-15 13:30:00+00:00,388.52,285.4,37.27,52.3,5.69,1.17,0
2023-05-15 14:30:00+00:00,284.96,220.08,30.02,43.18,5.62,1.1,0
2023-05-15 15:30:00+00:00,167.12,156.15,22.12,33.14,5.71,1.1,0
2023-05-15 16:30:00+00:00,63.88,79.8,14.44,22.81,6.54,0.9,0
2023-05-15 17:30:00+00:00,0.0,49.34,3.87,12.61,6.47,0.83,0
2023-05-15 18:30:00+00:00,0.0,11.68,0.91,2.87,5.96,0.76,0
2023-05-15 19:30:00+00:00,0.0,0.0,0.0,0.0,4.52,0.83,0
2023-05-15 20:30:00+00:00,0.0,0.0,0.0,0.0,3.57,0.83,0
2023-05-15 21:30:00+00:00,0.0,0.0,0.0,0.0,2.8,0.83,0
2023-05-15 22:30:00+00:00,0.0,0.0,0.0,0.0,2.28,0.83,0
2023-05-15 23:30:00+00:00,0.0,0.0,0.0,0.0,2.08,0.83,0
2023-05-16 00:30:00+00:00,0.0,0.0,0.0,0.0,2.03,0.76,0
2023-05-16 01:30:00+00:00,0.0,0.0,0.0,0.0,1.54,0.76,0
2023-05-16 02:30:00+00:00,0.0,0.0,0.0,0.0,1.5,0.83,0
2023-05-16 03:30:00+00:00,0.0,0.0,0.0,0.0,1.13,0.9,0
2023-05-16 04:30:00+00:00,0.0,14.94,1.17,4.8,1.01,0.97,0
2023-05-16 05:30:00+00:00,0.0,55.97,4.38,14.64,0.35,1.31,0
2023-05-16 06:30:00+00:00,24.33,129.06,11.43,24.89,1.3,1.45,0
2023-05-16 07:30:00+00:00,128.13,209.78,22.2,35.2,1.72,1.45,0
2023-05-16 08:30:00+00:00,192.5,269.41,27.63,45.14,2.83,1.45,0
2023-05-16 09:30:00+00:00,282.45,315.79,33.69,54.01,3.59,1.45,0
2023-05-16 10:30:00+00:00,196.61,403.94,34.6,60.5,4.24,1.38,0
2023-05-16 11:30:00+00:00,82.27,385.28,28.85,62.68,4.57,1.31,0
2023-05-16 12:30:00+00:00,9.51,269.85,18.42,59.56,4.37,1.31,0
2023-05-16 13:30:00+00:00,24.02,249.2,17.73,52.49,3.67,1.31,0
2023-05-16 14:30:00+00:00,8.59,180.35,12.5,43.35,3.31,1.31,0
2023-05-16 15:30:00+00:00,1.39,123.37,8.34,33.3,2.84,1.24,0
2023-05-16 16:30:00+00:00,0.0,51.93,3.47,22.98,2.48,1.31,0
2023-05-16 17:30:00+00:00,0.0,26.1,2.05,12.78,1.93,1.31,0
2023-05-16 18:30:00+00:00,0.0,7.44,0.58,3.04,1.63,1.24,0
2023-05-16 19:30:00+00:00,0.0,0.0,0.0,0.0,1.47,1.17,0
2023-05-16 20:30:00+00:00,0.0,0.0,0.0,0.0,1.21,1.17,0
2023-05-16 21:30:00+00:00,0.0,0.0,0.0,0.0,1.07,1.1,0
2023-05-16 22:30:00+00:00,0.0,0.0,0.0,0.0,0.9,1.1,0
2023-05-16 23:30:00+00:00,0.0,0.0,0.0,0.0,0.78,1.1,0
2023-05-17 00:30:00+00:00,0.0,0.0,0.0,0.0,0.49,1.1,0
2023-05-17 01:30:00+00:00,0.0,0.0,0.0,0.0,-0.06,1.03,0
2023-05-17 02:30:00+00:00,0.0,0.0,0.0,0.0,-0.23,0.97,0
2023-05-17 03:30:00+00:00,0.0,0.0,0.0,0.0,-0.41,0.97,0
2023-05-17 04:30:00+00:00,0.0,16.37,1.28,4.96,-0.68,0.97,0
2023-05-17 05:30:00+00:00,0.0,65.45,5.13,14.8,-0.59,1.03,0
2023-05-17 06:30:00+00:00,8.31,152.41,11.15,25.04,-0.17,1.1,0
2023-05-17 07:30:00+00:00,47.64,210.12,17.07,35.35,0.94,1.17,0
2023-05-17 08:30:00+00:00,140.92,279.28,25.63,45.31,1.56,1.17,0
2023-05-17 09:30:00+00:00,103.49,293.15,24.15,54.19,2.25,1.17,0
2023-05-17 10:30:00+00:00,97.98,353.87,27.55,60.71,2.59,1.1,0
2023-05-17 11:30:00+00:00,35.25,355.3,25.1,62.91,3.13,1.1,0
2023-05-17 12:30:00+00:00,20.65,350.1,24.19,59.77,3.34,1.1,0
2023-05-17 13:30:00+00:00,10.73,245.76,16.9,52.68,3.41,1.1,0
2023-05-17 14:30:00+00:00,0.24,180.87,12.09,43.52,3.24,0.97,0
2023-05-17 15:30:00+00:00,2.2,143.9,9.76,33.46,3.15,0.9,0
2023-05-17 16:30:00+00:00,0.0,69.57,4.65,23.14,3.18,0.83,0
2023-05-17 17:30:00+00:00,0.0,35.97,2.82,12.94,3.04,0.62,0
2023-05-17 18:30:00+00:00,0.0,8.55,0.67,3.22,2.8,0.62,0
2023-05-17 19:30:00+00:00,0.0,0.0,0.0,0.0,2.25,0.55,0
2023-05-17 20:30:00+00:00,0.0,0.0,0.0,0.0,1.71,0.34,0
2023-05-17 21:30:00+00:00,0.0,0.0,0.0,0.0,1.32,0.28,0
2023-05-17 22:30:00+00:00,0.0,0.0,0.0,0.0,1.08,0.34,0
2023-05-17 23:30:00+00:00,0.0,0.0,0.0,0.0,1.03,0.41,0
2023-05-18 00:30:00+00:00,0.0,0.0,0.0,0.0,0.98,0.28,0
2023-05-18 01:30:00+00:00,0.0,0.0,0.0,0.0,1.15,0.34,0
2023-05-18 02:30:00+00:00,0.0,0.0,0.0,0.0,1.1,0.34,0
2023-05-18 03:30:00+00:00,0.0,0.0,0.0,0.0,0.84,0.28,0
2023-05-18 04:30:00+00:00,0.0,17.9,1.4,5.12,0.12,0.28,0
2023-05-18 05:30:00+00:00,0.0,62.64,4.91,14.95,0.23,0.21,0
2023-05-18 06:30:00+00:00,46.74,104.67,12.57,25.19,1.73,0.21,0
2023-05-18 07:30:00+00:00,156.25,137.57,19.84,35.5,2.89,0.34,0
2023-05-18 08:30:00+00:00,195.62,205.85,24.18,45.46,4.33,0.48,0
2023-05-18 09:30:00+00:00,129.02,259.09,23.24,54.37,5.11,0.48,0
2023-05-18 10:30:00+00:00,61.97,237.66,18.63,60.92,5.66,0.48,0
2023-05-18 11:30:00+00:00,78.76,203.51,17.17,63.13,5.9,0.55,0
2023-05-18 12:30:00+00:00,84.59,122.29,12.34,59.98,5.93,0.55,0
2023-05-18 13:30:00+00:00,50.68,241.36,18.49,52.86,5.59,0.41,0
2023-05-18 14:30:00+00:00,99.71,132.14,14.51,43.69,5.61,0.48,0
2023-05-18 15:30:00+00:00,44.64,163.68,14.08,33.62,5.25,0.48,0
2023-05-18 16:30:00+00:00,27.99,106.68,11.31,23.29,5.43,0.55,0
2023-05-18 17:30:00+00:00,0.0,40.62,3.18,13.11,5.47,0.55,0
2023-05-18 18:30:00+00:00,0.0,10.24,0.8,3.39,4.41,0.41,0
2023-05-18 19:30:00+00:00,0.0,0.0,0.0,0.0,3.35,0.41,0
2023-05-18 20:30:00+00:00,0.0,0.0,0.0,0.0,2.46,0.41,0
2023-05-18 21:30:00+00:00,0.0,0.0,0.0,0.0,2.03,0.34,0
2023-05-18 22:30:00+00:00,0.0,0.0,0.0,0.0,1.66,0.34,0
2023-05-18 23:30:00+00:00,0.0,0.0,0.0,0.0,1.6,0.34,0
2023-05-19 00:30:00+00:00,0.0,0.0,0.0,0.0,1.11,0.34,0
2023-05-19 01:30:00+00:00,0.0,0.0,0.0,0.0,1.25,0.41,0
2023-05-19 02:30:00+00:00,0.0,0.0,0.0,0.0,1.61,0.48,0
2023-05-19 03:30:00+00:00,0.0,0.0,0.0,-3.79,1.88,0.48,0
2023-05-19 04:30:00+00:00,0.0,11.9,0.93,5.28,2.07,0.55,0
2023-05-19 05:30:00+00:00,0.0,44.39,3.48,15.1,2.47,0.55,0
2023-05-19 06:30:00+00:00,10.72,109.7,8.62,25.33,2.61,0.83,0
2023-05-19 07:30:00+00:00,36.64,156.91,12.94,35.65,2.92,0.97,0
2023-05-19 08:30:00+00:00,72.74,238.27,19.66,45.62,3.58,1.03,0
2023-05-19 09:30:00+00:00,66.64,246.46,19.55,54.55,4.23,1.03,0
2023-05-19 10:30:00+00:00,73.11,279.96,21.86,61.12,4.64,1.1,0
2023-05-19 11:30:00+00:00,74.26,303.59,23.39,63.35,5.3,0.97,0
2023-05-19 12:30:00+00:00,56.29,301.07,22.5,60.19,5.76,0.97,0
2023-05-19 13:30:00+00:00,48.54,235.94,18.05,53.04,5.93,0.9,0
2023-05-19 14:30:00+00:00,53.55,183.61,15.21,43.85,6.27,0.9,0
2023-05-19 15:30:00+00:00,11.23,100.78,7.55,33.78,5.66,0.97,0
2023-05-19 16:30:00+00:00,0.74,53.1,3.65,23.45,5.69,0.76,0
2023-05-19 17:30:00+00:00,0.0,26.07,2.04,13.27,4.42,0.69,0
2023-05-19 18:30:00+00:00,0.0,4.56,0.36,3.56,3.55,0.62,0
2023-05-19 19:30:00+00:00,0.0,0.0,0.0,0.0,3.02,0.76,0
2023-05-19 20:30:00+00:00,0.0,0.0,0.0,0.0,2.76,0.76,0
2023-05-19 21:30:00+00:00,0.0,0.0,0.0,0.0,2.51,0.76,0
2023-05-19 22:30:00+00:00,0.0,0.0,0.0,0.0,2.33,0.69,0
2023-05-19 23:30:00+00:00,0.0,0.0,0.0,0.0,2.14,0.62,0
2023-05-20 00:30:00+00:00,0.0,0.0,0.0,0.0,1.62,0.48,0
2023-05-20 01:30:00+00:00,0.0,0.0,0.0,0.0,1.48,0.48,0
2023-05-20 02:30:00+00:00,0.0,0.0,0.0,0.0,1.42,0.48,0
2023-05-20 03:30:00+00:00,0.0,0.0,0.0,-3.63,1.81,0.48,0
2023-05-20 04:30:00+00:00,0.0,12.09,0.95,5.43,2.19,0.55,0
2023-05-20 05:30:00+00:00,0.0,42.22,3.31,15.24,2.71,0.48,0
2023-05-20 06:30:00+00:00,34.26,122.17,12.37,25.46,3.4,0.48,0
2023-05-20 07:30:00+00:00,120.03,158.72,18.81,35.78,4.26,0.9,0
2023-05-20 08:30:00+00:00,232.38,185.72,25.23,45.76,5.25,0.97,0
2023-05-20 09:30:00+00:00,226.03,194.78,24.25,54.71,5.63,1.24,0
2023-05-20 10:30:00+00:00,192.65,229.67,24.24,61.32,5.79,1.31,0
2023-05-20 11:30:00+00:00,146.17,235.81,22.36,63.56,6.05,1.24,0
2023-05-20 12:30:00+00:00,70.51,225.74,18.31,60.38,6.28,1.1,0
2023-05-20 13:30:00+00:00,109.63,192.85,18.33,53.22,6.12,1.03,0
2023-05-20 14:30:00+00:00,42.87,159.78,13.09,44.01,5.94,0.97,0
2023-05-20 15:30:00+00:00,6.44,101.96,7.28,33.93,5.62,0.9,0
2023-05-20 16:30:00+00:00,2.04,75.11,5.32,23.6,5.17,0.69,0
2023-05-20 17:30:00+00:00,0.0,34.27,2.69,13.42,4.97,0.48,0
2023-05-20 18:30:00+00:00,0.0,8.52,0.67,3.72,4.51,0.48,0
2023-05-20 19:30:00+00:00,0.0,0.0,0.0,0.0,4.27,0.55,0
2023-05-20 20:30:00+00:00,0.0,0.0,0.0,0.0,4.12,0.55,0
2023-05-20 21:30:00+00:00,0.0,0.0,0.0,0.0,4.03,0.55,0
2023-05-20 22:30:00+00:00,0.0,0.0,0.0,0.0,4.0,0.48,0
2023-05-20 23:30:00+00:00,0.0,0.0,0.0,0.0,3.98,0.48,0
2023-05-21 00:30:00+00:00,0.0,0.0,0.0,0.0,3.88,0.41,0
2023-05-21 01:30:00+00:00,0.0,0.0,0.0,0.0,4.05,0.41,0
2023-05-21 02:30:00+00:00,0.0,0.0,0.0,0.0,4.04,0.41,0
2023-05-21 03:30:00+00:00,0.0,0.0,0.0,-3.47,3.84,0.34,0
2023-05-21 04:30:00+00:00,0.0,15.86,1.24,5.57,3.77,0.34,0
2023-05-21 05:30:00+00:00,0.0,43.88,3.44,15.37,4.08,0.41,0
2023-05-21 06:30:00+00:00,14.99,93.04,8.07,25.59,4.92,0.48,0
2023-05-21 07:30:00+00:00,50.12,138.61,12.72,35.91,6.28,0.55,0
2023-05-21 08:30:00+00:00,104.53,171.28,17.21,45.9,6.89,0.55,0
2023-05-21 09:30:00+00:00,125.07,233.77,21.61,54.87,7.19,0.69,0
2023-05-21 10:30:00+00:00,168.14,284.87,26.48,61.51,7.5,0.9,0
2023-05-21 11:30:00+00:00,170.48,276.87,26.02,63.77,7.86,0.97,0
2023-05-21 12:30:00+00:00,144.48,299.83,26.36,60.58,8.12,1.1,0
2023-05-21 13:30:00+00:00,93.34,286.4,23.44,53.39,8.55,1.03,0
2023-05-21 14:30:00+00:00,42.83,233.76,17.91,44.17,9.38,0.76,0
2023-05-21 15:30:00+00:00,73.04,184.26,17.57,34.08,9.63,0.62,0
2023-05-21 16:30:00+00:00,43.31,102.63,13.62,23.75,9.79,0.55,0
2023-05-21 17:30:00+00:00,0.0,51.12,4.0,13.58,9.47,0.48,0
2023-05-21 18:30:00+00:00,0.0,14.2,1.11,3.89,8.61,0.34,0
2023-05-21 19:30:00+00:00,0.0,0.0,0.0,0.0,7.11,0.21,0
2023-05-21 20:30:00+00:00,0.0,0.0,0.0,0.0,5.98,0.28,0
2023-05-21 21:30:00+00:00,0.0,0.0,0.0,0.0,5.21,0.28,0
2023-05-21 22:30:00+00:00,0.0,0.0,0.0,0.0,4.45,0.21,0
2023-05-21 23:30:00+00:00,0.0,0.0,0.0,0.0,3.6,0.14,0
2023-05-22 00:30:00+00:00,0.0,0.0,0.0,0.0,2.54,0.14,0
2023-05-22 01:30:00+00:00,0.0,0.0,0.0,0.0,2.15,0.14,0
2023-05-22 02:30:00+00:00,0.0,0.0,0.0,0.0,1.55,0.14,0
2023-05-22 03:30:00+00:00,0.0,0.0,0.0,-3.32,1.04,0.14,0
2023-05-22 04:30:00+00:00,0.0,21.22,1.66,5.71,0.78,0.14,0
2023-05-22 05:30:00+00:00,0.0,59.2,4.64,15.5,1.59,0.14,0
2023-05-22 06:30:00+00:00,55.48,101.4,13.8,25.72,3.66,0.14,0
2023-05-22 07:30:00+00:00,151.44,167.11,21.72,36.04,7.86,0.21,0
2023-05-22 08:30:00+00:00,329.14,227.4,33.44,46.04,9.12,0.34,0
2023-05-22 09:30:00+00:00,548.28,194.76,41.66,55.03,10.45,0.48,0
2023-05-22 10:30:00+00:00,595.61,221.7,44.19,61.69,11.52,0.48,0
2023-05-22 11:30:00+00:00,496.03,253.06,40.37,63.97,12.19,0.34,0
2023-05-22 12:30:00+00:00,413.67,283.84,38.29,60.77,12.59,0.21,0
2023-05-22 13:30:00+00:00,326.8,219.94,31.28,53.56,12.55,0.14,0
2023-05-22 14:30:00+00:00,152.11,212.37,22.68,44.32,12.54,0.34,0
2023-05-22 15:30:00+00:00,43.83,175.34,14.9,34.23,12.21,0.34,0
2023-05-22 16:30:00+00:00,22.77,109.07,10.88,23.9,11.6,0.34,0
2023-05-22 17:30:00+00:00,0.0,55.59,4.35,13.73,10.73,0.14,0
2023-05-22 18:30:00+00:00,0.0,13.15,1.03,4.05,9.86,0.28,0
2023-05-22 19:30:00+00:00,0.0,0.0,0.0,0.0,9.59,0.07,0
2023-05-22 20:30:00+00:00,0.0,0.0,0.0,0.0,8.44,0.14,0
2023-05-22 21:30:00+00:00,0.0,0.0,0.0,0.0,7.43,0.14,0
2023-05-22 22:30:00+00:00,0.0,0.0,0.0,0.0,5.94,0.07,0
2023-05-22 23:30:00+00:00,0.0,0.0,0.0,0.0,4.81,0.07,0
2023-05-23 00:30:00+00:00,0.0,0.0,0.0,0.0,2.78,0.0,0
2023-05-23 01:30:00+00:00,0.0,0.0,0.0,0.0,1.72,0.0,0
2023-05-23 02:30:00+00:00,0.0,0.0,0.0,0.0,1.38,0.07,0
2023-05-23 03:30:00+00:00,0.0,0.0,0.0,-3.18,1.33,0.21,0
2023-05-23 04:30:00+00:00,0.0,21.09,1.65,5.84,0.88,0.28,0
2023-05-23 05:30:00+00:00,0.0,62.23,4.87,15.62,1.72,0.28,0
2023-05-23 06:30:00+00:00,86.81,96.81,17.7,25.84,3.32,0.21,0
2023-05-23 07:30:00+00:00,270.03,126.69,28.13,36.16,8.13,0.07,0
2023-05-23 08:30:00+00:00,471.11,132.38,36.91,46.17,11.0,0.07,0
2023-05-23 09:30:00+00:00,485.92,193.94,38.31,55.17,12.32,0.28,0
2023-05-23 10:30:00+00:00,550.21,211.3,41.4,61.86,12.94,0.41,0
2023-05-23 11:30:00+00:00,531.67,273.39,43.37,64.16,13.36,0.41,0
2023-05-23 12:30:00+00:00,452.66,232.55,37.59,60.95,13.79,0.28,0
2023-05-23 13:30:00+00:00,374.07,229.65,34.46,53.73,13.87,0.14,0
2023-05-23 14:30:00+00:00,255.01,190.42,27.49,44.47,13.7,0.48,0
2023-05-23 15:30:00+00:00,109.11,150.96,18.26,34.37,13.13,0.48,0
2023-05-23 16:30:00+00:00,31.66,84.68,10.68,24.04,12.36,0.41,0
2023-05-23 17:30:00+00:00,0.0,49.34,3.87,13.88,11.65,0.41,0
2023-05-23 18:30:00+00:00,0.0,15.0,1.17,4.2,10.47,0.34,0
2023-05-23 19:30:00+00:00,0.0,0.0,0.0,0.0,10.09,0.21,0
2023-05-23 20:30:00+00:00,0.0,0.0,0.0,0.0,9.2,0.21,0
2023-05-23 21:30:00+00:00,0.0,0.0,0.0,0.0,8.64,0.14,0
2023-05-23 22:30:00+00:00,0.0,0.0,0.0,0.0,7.55,0.07,0
2023-05-23 23:30:00+00:00,0.0,0.0,0.0,0.0,6.28,0.07,0
2023-05-24 00:30:00+00:00,0.0,0.0,0.0,0.0,4.3,0.07,0
2023-05-24 01:30:00+00:00,0.0,0.0,0.0,0.0,3.7,0.07,0
2023-05-24 02:30:00+00:00,0.0,0.0,0.0,0.0,3.41,0.14,0
2023-05-24 03:30:00+00:00,0.0,0.0,0.0,-3.04,3.3,0.14,0
2023-05-24 04:30:00+00:00,0.0,18.16,1.42,5.96,3.51,0.14,0
2023-05-24 05:30:00+00:00,0.0,59.1,4.63,15.74,3.76,0.14,0
2023-05-24 06:30:00+00:00,33.26,94.59,10.62,25.95,4.52,0.07,0
2023-05-24 07:30:00+00:00,134.43,140.17,18.99,36.27,6.84,0.14,0
2023-05-24 08:30:00+00:00,238.32,170.72,25.05,46.29,8.33,0.28,0
2023-05-24 09:30:00+00:00,318.76,218.95,30.78,55.32,9.12,0.48,0
2023-05-24 10:30:00+00:00,136.46,210.93,20.58,62.03,9.91,0.48,0
2023-05-24 11:30:00+00:00,109.16,261.42,22.38,64.35,9.93,0.14,0
2023-05-24 12:30:00+00:00,153.78,292.63,26.47,61.13,9.67,0.41,0
2023-05-24 13:30:00+00:00,256.12,209.84,27.13,53.89,9.83,0.48,0
2023-05-24 14:30:00+00:00,89.99,171.7,16.66,44.62,9.23,0.62,0
2023-05-24 15:30:00+00:00,71.67,154.2,15.68,34.51,8.59,0.69,0
2023-05-24 16:30:00+00:00,10.46,84.34,7.31,24.18,8.39,0.62,0
2023-05-24 17:30:00+00:00,0.0,34.69,2.72,14.02,7.94,0.41,0
2023-05-24 18:30:00+00:00,0.0,7.95,0.62,4.36,7.39,0.41,0
2023-05-24 19:30:00+00:00,0.0,0.0,0.0,0.0,6.41,0.34,0
2023-05-24 20:30:00+00:00,0.0,0.0,0.0,0.0,5.98,0.28,0
2023-05-24 21:30:00+00:00,0.0,0.0,0.0,0.0,5.46,0.14,0
2023-05-24 22:30:00+00:00,0.0,0.0,0.0,0.0,5.01,0.14,0
2023-05-24 23:30:00+00:00,0.0,0.0,0.0,0.0,4.66,0.28,0
2023-05-25 00:30:00+00:00,0.0,0.0,0.0,0.0,4.51,0.41,0
2023-05-25 01:30:00+00:00,0.0,0.0,0.0,0.0,3.84,0.48,0
2023-05-25 02:30:00+00:00,0.0,0.0,0.0,0.0,3.59,0.62,0
2023-05-25 03:30:00+00:00,0.0,0.0,0.0,-2.91,3.42,0.69,0
2023-05-25 04:30:00+00:00,0.0,7.91,0.62,6.08,3.32,0.76,0
2023-05-25 05:30:00+00:00,0.0,18.51,1.45,15.85,2.95,0.9,0
2023-05-25 06:30:00+00:00,3.21,43.62,3.33,26.06,2.72,1.03,0
2023-05-25 07:30:00+00:00,11.22,105.65,7.87,36.38,3.26,0.69,0
2023-05-25 08:30:00+00:00,57.94,215.42,17.56,46.41,3.16,1.03,0
2023-05-25 09:30:00+00:00,144.58,335.93,29.02,55.45,3.9,1.17,0
2023-05-25 10:30:00+00:00,139.72,383.24,31.42,62.2,6.9,1.1,0
2023-05-25 11:30:00+00:00,277.89,384.56,37.48,64.53,7.0,1.17,0
2023-05-25 12:30:00+00:00,300.84,317.88,34.95,61.31,7.8,1.17,0
2023-05-25 13:30:00+00:00,289.86,282.66,33.19,54.04,8.98,1.03,0
2023-05-25 14:30:00+00:00,212.66,242.93,28.24,44.77,10.28,0.76,0
2023-05-25 15:30:00+00:00,123.66,176.05,21.1,34.65,10.59,0.69,0
2023-05-25 16:30:00+00:00,35.23,122.58,14.0,24.32,10.65,0.55,0
2023-05-25 17:30:00+00:00,0.0,57.06,4.47,14.17,9.88,0.41,0
2023-05-25 18:30:00+00:00,0.0,16.05,1.26,4.51,8.83,0.34,0
2023-05-25 19:30:00+00:00,0.0,0.0,0.0,0.0,7.92,0.28,0
2023-05-25 20:30:00+00:00,0.0,0.0,0.0,0.0,4.68,0.0,0
2023-05-25 21:30:00+00:00,0.0,0.0,0.0,0.0,4.1,0.0,0
2023-05-25 22:30:00+00:00,0.0,0.0,0.0,0.0,3.21,0.0,0
2023-05-25 23:30:00+00:00,0.0,0.0,0.0,0.0,2.56,0.0,0
2023-05-26 00:30:00+00:00,0.0,0.0,0.0,0.0,2.03,0.0,0
2023-05-26 01:30:00+00:00,0.0,0.0,0.0,0.0,1.76,0.0,0
2023-05-26 02:30:00+00:00,0.0,0.0,0.0,0.0,0.52,0.0,0
2023-05-26 03:30:00+00:00,0.0,0.0,0.0,-2.78,-0.11,0.0,0
2023-05-26 04:30:00+00:00,0.0,23.81,1.86,6.2,-0.32,0.07,0
2023-05-26 05:30:00+00:00,0.0,59.17,4.63,15.95,-0.06,0.0,0
2023-05-26 06:30:00+00:00,96.78,92.83,19.27,26.16,2.26,0.0,0
2023-05-26 07:30:00+00:00,278.08,112.39,28.36,36.48,6.68,0.07,0
2023-05-26 08:30:00+00:00,460.42,138.21,37.06,46.52,10.32,0.34,0
2023-05-26 09:30:00+00:00,501.65,189.16,39.34,55.58,12.39,0.34,0
2023-05-26 10:30:00+00:00,601.39,196.11,43.75,62.35,13.32,0.21,0
2023-05-26 11:30:00+00:00,674.93,153.29,45.07,64.71,13.99,0.07,0
2023-05-26 12:30:00+00:00,618.13,191.39,44.59,61.48,14.46,0.07,0
2023-05-26 13:30:00+00:00,460.81,167.95,36.22,54.2,14.85,0.21,0
2023-05-26 14:30:00+00:00,280.29,198.77,29.81,44.91,14.87,0.28,0
2023-05-26 15:30:00+00:00,204.91,104.68,23.16,34.79,14.69,0.28,0
2023-05-26 16:30:00+00:00,74.2,70.49,16.96,24.46,14.39,0.28,0
2023-05-26 17:30:00+00:00,0.0,40.56,3.18,14.31,13.4,0.34,0
2023-05-26 18:30:00+00:00,0.0,13.79,1.08,4.65,12.06,0.41,0
2023-05-26 19:30:00+00:00,0.0,0.0,0.0,0.0,10.93,0.34,0
2023-05-26 20:30:00+00:00,0.0,0.0,0.0,0.0,9.55,0.28,0
2023-05-26 21:30:00+00:00,0.0,0.0,0.0,0.0,8.42,0.21,0
2023-05-26 22:30:00+00:00,0.0,0.0,0.0,0.0,7.25,0.07,0
2023-05-26 23:30:00+00:00,0.0,0.0,0.0,0.0,6.24,0.07,0
2023-05-27 00:30:00+00:00,0.0,0.0,0.0,0.0,5.27,0.07,0
2023-05-27 01:30:00+00:00,0.0,0.0,0.0,0.0,4.28,0.07,0
2023-05-27 02:30:00+00:00,0.0,0.0,0.0,0.0,3.04,0.0,0
2023-05-27 03:30:00+00:00,0.0,0.0,0.0,-2.66,2.57,0.0,0
2023-05-27 04:30:00+00:00,0.0,20.42,1.6,6.3,2.17,0.07,0
2023-05-27 05:30:00+00:00,0.0,54.51,4.27,16.05,2.9,0.07,0
2023-05-27 06:30:00+00:00,92.5,79.85,17.91,26.25,4.05,0.0,0
2023-05-27 07:30:00+00:00,161.85,145.83,21.62,36.58,7.8,0.41,0
2023-05-27 08:30:00+00:00,307.51,177.6,29.89,46.62,10.06,0.41,0
2023-05-27 09:30:00+00:00,474.97,134.61,35.01,55.7,11.78,0.41,0
2023-05-27 10:30:00+00:00,527.4,152.97,37.61,62.5,12.81,0.28,0
2023-05-27 11:30:00+00:00,522.05,177.32,38.27,64.88,13.34,0.14,0
2023-05-27 12:30:00+00:00,461.36,169.23,35.06,61.64,13.46,0.14,0
2023-05-27 13:30:00+00:00,372.9,193.81,32.81,54.35,13.66,0.0,0
2023-05-27 14:30:00+00:00,360.56,149.3,32.11,45.05,14.02,0.28,0
2023-05-27 15:30:00+00:00,223.56,114.34,25.4,34.92,14.22,0.21,0
2023-05-27 16:30:00+00:00,60.66,81.94,15.59,24.59,13.22,0.21,0
2023-05-27 17:30:00+00:00,0.0,53.68,4.2,14.45,11.95,0.28,0
2023-05-27 18:30:00+00:00,0.0,14.26,1.12,4.8,10.76,0.28,0
2023-05-27 19:30:00+00:00,0.0,0.0,0.0,0.0,9.46,0.28,0
2023-05-27 20:30:00+00:00,0.0,0.0,0.0,0.0,8.4,0.14,0
2023-05-27 21:30:00+00:00,0.0,0.0,0.0,0.0,7.43,0.07,0
2023-05-27 22:30:00+00:00,0.0,0.0,0.0,0.0,6.09,0.14,0
2023-05-27 23:30:00+00:00,0.0,0.0,0.0,0.0,4.9,0.14,0
2023-05-28 00:30:00+00:00,0.0,0.0,0.0,0.0,3.58,0.0,0
2023-05-28 01:30:00+00:00,0.0,0.0,0.0,0.0,2.47,0.0,0
2023-05-28 02:30:00+00:00,0.0,0.0,0.0,0.0,3.02,0.0,0
2023-05-28 03:30:00+00:00,0.0,0.0,0.0,-2.55,1.86,0.07,0
2023-05-28 04:30:00+00:00,0.0,21.09,1.65,6.41,1.57,0.07,0
2023-05-28 05:30:00+00:00,0.0,57.0,4.47,16.15,2.65,0.07,0
2023-05-28 06:30:00+00:00,52.5,113.67,14.8,26.34,4.32,0.14,0
2023-05-28 07:30:00+00:00,160.98,167.17,22.98,36.67,8.01,0.28,0
2023-05-28 08:30:00+00:00,392.92,129.43,32.57,46.72,10.27,0.14,0
2023-05-28 09:30:00+00:00,424.52,216.01,36.74,55.82,11.63,0.07,0
2023-05-28 10:30:00+00:00,563.71,199.0,42.13,62.65,12.53,0.21,0
2023-05-28 11:30:00+00:00,475.0,217.1,38.03,65.04,13.17,0.28,0
2023-05-28 12:30:00+00:00,568.41,178.23,41.44,61.81,13.43,0.21,0
2023-05-28 13:30:00+00:00,456.55,165.33,36.06,54.49,13.91,0.14,0
2023-05-28 14:30:00+00:00,403.61,135.45,34.23,45.18,13.21,0.34,0
2023-05-28 15:30:00+00:00,217.91,125.71,25.76,35.05,13.75,0.34,0
2023-05-28 16:30:00+00:00,45.52,96.32,14.1,24.72,13.15,0.34,0
2023-05-28 17:30:00+00:00,0.0,45.32,3.55,14.58,12.28,0.14,0
2023-05-28 18:30:00+00:00,0.0,13.4,1.05,4.94,11.06,0.21,0
2023-05-28 19:30:00+00:00,0.0,0.0,0.0,-3.86,10.12,0.28,0
2023-05-28 20:30:00+00:00,0.0,0.0,0.0,0.0,8.9,0.34,0
2023-05-28 21:30:00+00:00,0.0,0.0,0.0,0.0,7.55,0.14,0
2023-05-28 22:30:00+00:00,0.0,0.0,0.0,0.0,6.48,0.07,0
2023-05-28 23:30:00+00:00,0.0,0.0,0.0,0.0,5.42,0.07,0
2023-05-29 00:30:00+00:00,0.0,0.0,0.0,0.0,3.66,0.07,0
2023-05-29 01:30:00+00:00,0.0,0.0,0.0,0.0,1.72,0.07,0
2023-05-29 02:30:00+00:00,0.0,0.0,0.0,0.0,1.24,0.14,0
2023-05-29 03:30:00+00:00,0.0,0.0,0.0,-2.44,1.51,0.14,0
2023-05-29 04:30:00+00:00,0.0,19.75,1.55,6.5,2.07,0.14,0
2023-05-29 05:30:00+00:00,0.0,56.68,4.44,16.24,3.86,0.14,0
2023-05-29 06:30:00+00:00,74.82,111.92,17.95,26.43,6.59,0.21,0
2023-05-29 07:30:00+00:00,184.73,159.35,24.4,36.76,9.09,0.62,0
2023-05-29 08:30:00+00:00,264.57,216.56,29.75,46.81,10.27,0.69,0
2023-05-29 09:30:00+00:00,325.49,259.57,33.88,55.93,11.2,0.9,0
2023-05-29 10:30:00+00:00,361.65,274.21,35.71,62.78,11.54,0.97,0
2023-05-29 11:30:00+00:00,438.16,224.36,36.61,65.2,12.08,0.9,0
2023-05-29 12:30:00+00:00,309.37,228.12,30.52,61.96,12.63,0.76,0
2023-05-29 13:30:00+00:00,324.56,218.4,31.7,54.64,12.76,0.62,0
2023-05-29 14:30:00+00:00,185.64,189.96,23.72,45.31,13.07,0.62,0
2023-05-29 15:30:00+00:00,109.51,133.22,17.52,35.18,12.88,0.55,0
2023-05-29 16:30:00+00:00,33.09,95.35,11.96,24.85,11.75,0.48,0
2023-05-29 17:30:00+00:00,0.0,46.62,3.65,14.71,10.28,0.41,0
2023-05-29 18:30:00+00:00,0.0,14.46,1.13,5.08,9.58,0.07,0
2023-05-29 19:30:00+00:00,0.0,0.0,0.0,-3.72,10.03,0.28,0
2023-05-29 20:30:00+00:00,0.0,0.0,0.0,0.0,8.81,0.28,0
2023-05-29 21:30:00+00:00,0.0,0.0,0.0,0.0,7.64,0.34,0
2023-05-29 22:30:00+00:00,0.0,0.0,0.0,0.0,5.63,0.14,0
2023-05-29 23:30:00+00:00,0.0,0.0,0.0,0.0,4.51,0.14,0
2023-05-30 00:30:00+00:00,0.0,0.0,0.0,0.0,3.62,0.14,0
2023-05-30 01:30:00+00:00,0.0,0.0,0.0,0.0,3.21,0.07,0
2023-05-30 02:30:00+00:00,0.0,0.0,0.0,0.0,2.42,0.0,0
2023-05-30 03:30:00+00:00,0.0,0.0,0.0,-2.34,1.7,0.0,0
2023-05-30 04:30:00+00:00,0.0,26.01,2.04,6.6,1.14,0.0,0
2023-05-30 05:30:00+00:00,0.0,71.61,5.61,16.32,1.81,0.07,0
2023-05-30 06:30:00+00:00,74.3,106.13,17.6,26.51,3.7,0.07,0
2023-05-30 07:30:00+00:00,200.42,164.42,26.03,36.84,10.42,0.14,0
2023-05-30 08:30:00+00:00,286.16,220.58,31.38,46.9,12.04,0.28,0
2023-05-30 09:30:00+00:00,293.21,256.08,32.04,56.03,12.94,0.34,0
2023-05-30 10:30:00+00:00,359.29,285.61,36.31,62.91,13.37,0.41,0
2023-05-30 11:30:00+00:00,400.44,233.99,35.27,65.35,13.68,0.41,0
2023-05-30 12:30:00+00:00,444.88,266.21,39.75,62.11,13.79,0.41,0
2023-05-30 13:30:00+00:00,447.02,207.33,38.03,54.77,14.21,0.41,0
2023-05-30 14:30:00+00:00,256.65,164.96,26.7,45.44,14.3,0.41,0
2023-05-30 15:30:00+00:00,182.32,120.88,22.7,35.31,12.99,0.55,0
2023-05-30 16:30:00+00:00,63.6,66.79,15.25,24.98,12.99,0.28,0
2023-05-30 17:30:00+00:00,0.0,46.34,3.63,14.84,12.39,0.41,0
2023-05-30 18:30:00+00:00,0.0,14.2,1.11,5.21,11.31,0.28,0
2023-05-30 19:30:00+00:00,0.0,0.0,0.0,-3.58,10.36,0.34,0
2023-05-30 20:30:00+00:00,0.0,0.0,0.0,0.0,9.13,0.28,0
2023-05-30 21:30:00+00:00,0.0,0.0,0.0,0.0,8.11,0.34,0
2023-05-30 22:30:00+00:00,0.0,0.0,0.0,0.0,7.11,0.69,0
2023-05-30 23:30:00+00:00,0.0,0.0,0.0,0.0,6.41,0.69,0
2023-05-31 00:30:00+00:00,0.0,0.0,0.0,0.0,5.95,0.62,0
2023-05-31 01:30:00+00:00,0.0,0.0,0.0,0.0,5.04,0.48,0
2023-05-31 02:30:00+00:00,0.0,0.0,0.0,0.0,4.84,0.48,0
2023-05-31 03:30:00+00:00,0.0,0.0,0.0,-2.24,4.92,0.48,0
2023-05-31 04:30:00+00:00,0.0,16.75,1.31,6.68,4.91,0.41,0
2023-05-31 05:30:00+00:00,0.0,53.17,4.17,16.4,4.91,0.69,0
2023-05-31 06:30:00+00:00,28.4,91.5,10.12,26.58,5.85,0.62,0
2023-05-31 07:30:00+00:00,82.33,127.65,14.73,36.91,7.02,0.76,0
2023-05-31 08:30:00+00:00,118.48,171.91,18.45,46.98,8.39,0.69,0
2023-05-31 09:30:00+00:00,130.49,163.89,17.9,56.13,8.39,0.76,0
2023-05-31 10:30:00+00:00,181.65,235.51,24.55,63.04,8.22,0.83,0
2023-05-31 11:30:00+00:00,271.73,179.81,25.66,65.5,9.17,0.76,0
2023-05-31 12:30:00+00:00,320.91,241.57,32.01,62.26,9.13,0.76,0
2023-05-31 13:30:00+00:00,227.59,270.5,29.62,54.91,10.52,0.76,0
2023-05-31 14:30:00+00:00,218.18,110.41,21.08,45.57,11.01,0.97,0
2023-05-31 15:30:00+00:00,136.21,113.87,18.55,35.43,11.35,0.83,0
2023-05-31 16:30:00+00:00,45.29,89.2,13.73,25.1,11.37,0.9,0
2023-05-31 17:30:00+00:00,0.0,48.99,3.84,14.96,10.91,0.69,0
2023-05-31 18:30:00+00:00,0.0,14.49,1.14,5.34,10.14,0.62,0
2023-05-31 19:30:00+00:00,0.0,0.0,0.0,-3.44,9.21,0.62,0
2023-05-31 20:30:00+00:00,0.0,0.0,0.0,0.0,8.22,0.55,0
2023-05-31 21:30:00+00:00,0.0,0.0,0.0,0.0,7.23,0.34,0
2023-05-31 22:30:00+00:00,0.0,0.0,0.0,0.0,6.43,0.28,0
2023-05-31 23:30:00+00:00,0.0,0.0,0.0,0.0,5.03,0.21,0
2023-06-01 00:30:00+00:00,0.0,0.0,0.0,0.0,3.93,0.14,0
2023-06-01 01:30:00+00:00,0.0,0.0,0.0,0.0,3.5,0.0,0
2023-06-01 02:30:00+00:00,0.0,0.0,0.0,0.0,2.89,0.0,0
2023-06-01 03:30:00+00:00,0.0,0.0,0.0,-2.15,2.03,0.0,0
2023-06-01 04:30:00+00:00,0.0,23.42,1.84,6.76,1.35,0.0,0
2023-06-01 05:30:00+00:00,0.0,59.33,4.65,16.47,1.51,0.07,0
2023-06-01 06:30:00+00:00,72.2,106.31,17.56,26.65,4.38,0.07,0
2023-06-01 07:30:00+00:00,218.03,149.83,26.73,36.98,8.84,0.07,0
2023-06-01 08:30:00+00:00,373.18,177.97,34.56,47.06,11.43,0.07,0
2023-06-01 09:30:00+00:00,562.65,133.11,40.61,56.22,12.76,0.14,0
2023-06-01 10:30:00+00:00,587.87,139.9,40.78,63.15,13.7,0.34,0
2023-06-01 11:30:00+00:00,615.91,174.62,43.72,65.64,14.13,0.48,0
2023-06-01 12:30:00+00:00,486.42,211.62,39.18,62.4,14.42,0.41,0
2023-06-01 13:30:00+00:00,341.66,221.34,33.03,55.04,14.56,0.28,0
2023-06-01 14:30:00+00:00,223.89,148.72,23.79,45.69,14.21,0.0,0
2023-06-01 15:30:00+00:00,138.57,111.34,18.64,35.54,12.53,0.48,0
2023-06-01 16:30:00+00:00,29.31,88.95,10.98,25.22,12.28,0.34,0
2023-06-01 17:30:00+00:00,0.0,47.74,3.74,15.08,11.74,0.48,0
2023-06-01 18:30:00+00:00,0.0,15.35,1.2,5.46,11.02,0.41,0
2023-06-01 19:30:00+00:00,0.0,0.0,0.0,-3.31,11.08,0.21,0
2023-06-01 20:30:00+00:00,0.0,0.0,0.0,0.0,9.74,0.21,0
2023-06-01 21:30:00+00:00,0.0,0.0,0.0,0.0,8.65,0.21,0
2023-06-01 22:30:00+00:00,0.0,0.0,0.0,0.0,7.48,0.14,0
2023-06-01 23:30:00+00:00,0.0,0.0,0.0,0.0,6.06,0.14,0
2023-06-02 00:30:00+00:00,0.0,0.0,0.0,0.0,4.64,0.14,0
2023-06-02 01:30:00+00:00,0.0,0.0,0.0,0.0,3.44,0.14,0
2023-06-02 02:30:00+00:00,0.0,0.0,0.0,0.0,2.58,0.14,0
2023-06-02 03:30:00+00:00,0.0,0.0,0.0,-2.07,1.85,0.14,0
2023-06-02 04:30:00+00:00,0.0,23.17,1.81,6.84,1.96,0.14,0
2023-06-02 05:30:00+00:00,0.0,53.52,4.19,16.54,3.06,0.07,0
2023-06-02 06:30:00+00:00,84.61,84.83,18.02,26.71,6.77,0.0,0
2023-06-02 07:30:00+00:00,241.51,107.58,26.1,37.04,10.54,0.14,0
2023-06-02 08:30:00+00:00,393.59,142.99,33.99,47.13,12.2,0.28,0
2023-06-02 09:30:00+00:00,560.53,132.09,40.54,56.31,13.31,0.34,0
2023-06-02 10:30:00+00:00,513.38,182.56,39.05,63.26,14.32,0.48,0
2023-06-02 11:30:00+00:00,447.8,215.22,36.94,65.77,14.89,0.48,0
2023-06-02 12:30:00+00:00,485.8,127.04,34.65,62.53,14.83,0.41,0
2023-06-02 13:30:00+00:00,355.11,218.03,33.67,55.16,14.32,0.48,0
2023-06-02 14:30:00+00:00,232.7,161.75,25.19,45.81,14.57,0.48,0
2023-06-02 15:30:00+00:00,123.57,128.59,18.55,35.66,13.92,0.14,0
2023-06-02 16:30:00+00:00,29.69,93.28,11.37,25.33,12.62,0.21,0
2023-06-02 17:30:00+00:00,0.0,51.83,4.06,15.2,11.35,0.28,0
2023-06-02 18:30:00+00:00,0.0,15.86,1.24,5.59,10.86,0.48,0
2023-06-02 19:30:00+00:00,0.0,0.0,0.0,-3.18,10.82,0.21,0
2023-06-02 20:30:00+00:00,0.0,0.0,0.0,0.0,9.93,0.21,0
2023-06-02 21:30:00+00:00,0.0,0.0,0.0,0.0,8.03,0.21,0
2023-06-02 22:30:00+00:00,0.0,0.0,0.0,0.0,6.2,0.14,0
2023-06-02 23:30:00+00:00,0.0,0.0,0.0,0.0,5.63,0.14,0
2023-06-03 00:30:00+00:00,0.0,0.0,0.0,0.0,4.86,0.07,0
2023-06-03 01:30:00+00:00,0.0,0.0,0.0,0.0,4.56,0.07,0
2023-06-03 02:30:00+00:00,0.0,0.0,0.0,0.0,3.75,0.07,0
2023-06-03 03:30:00+00:00,0.0,0.0,0.0,-1.99,2.75,0.07,0
2023-06-03 04:30:00+00:00,0.0,22.5,1.76,6.9,2.51,0.07,0
2023-06-03 05:30:00+00:00,0.0,63.0,4.93,16.6,3.89,0.07,0
2023-06-03 06:30:00+00:00,84.27,73.35,17.29,26.77,6.19,0.07,0
2023-06-03 07:30:00+00:00,262.25,91.88,26.93,37.1,10.61,0.48,0
2023-06-03 08:30:00+00:00,434.1,131.68,36.1,47.19,11.93,0.48,0
2023-06-03 09:30:00+00:00,510.95,162.05,39.36,56.38,13.25,0.48,0
2023-06-03 10:30:00+00:00,451.33,203.78,36.91,63.37,14.16,0.34,0
2023-06-03 11:30:00+00:00,319.75,255.53,32.63,65.9,13.67,0.21,0
2023-06-03 12:30:00+00:00,333.97,187.45,29.79,62.66,13.27,0.55,0
2023-06-03 13:30:00+00:00,194.24,177.27,22.38,55.28,13.38,0.21,0
2023-06-03 14:30:00+00:00,93.66,158.17,16.3,45.92,12.26,0.21,0
2023-06-03 15:30:00+00:00,6.12,103.33,7.4,35.77,11.77,0.34,0
2023-06-03 16:30:00+00:00,3.57,103.4,7.53,25.44,10.7,0.21,0
2023-06-03 17:30:00+00:00,0.0,57.57,4.51,15.32,10.86,0.21,0
2023-06-03 18:30:00+00:00,0.0,15.54,1.22,5.7,10.46,0.21,0
2023-06-03 19:30:00+00:00,0.0,0.0,0.0,-3.06,9.54,0.07,0
2023-06-03 20:30:00+00:00,0.0,0.0,0.0,0.0,8.91,0.14,0
2023-06-03 21:30:00+00:00,0.0,0.0,0.0,0.0,8.04,0.14,0
2023-06-03 22:30:00+00:00,0.0,0.0,0.0,0.0,7.53,0.14,0
2023-06-03 23:30:00+00:00,0.0,0.0,0.0,0.0,6.98,0.21,0
2023-06-04 00:30:00+00:00,0.0,0.0,0.0,0.0,6.68,0.07,0
2023-06-04 01:30:00+00:00,0.0,0.0,0.0,0.0,6.35,0.14,0
2023-06-04 02:30:00+00:00,0.0,0.0,0.0,0.0,6.24,0.14,0
2023-06-04 03:30:00+00:00,0.0,0.0,0.0,-1.92,5.82,0.14,0
2023-06-04 04:30:00+00:00,0.0,16.43,1.29,6.97,5.28,0.07,0
2023-06-04 05:30:00+00:00,0.0,49.56,3.88,16.66,5.67,0.07,0
2023-06-04 06:30:00+00:00,26.32,107.85,11.1,26.82,7.67,0.07,0
2023-06-04 07:30:00+00:00,63.63,145.74,14.61,37.15,9.03,0.28,0
2023-06-04 08:30:00+00:00,194.77,145.42,21.65,47.25,9.58,0.28,0
2023-06-04 09:30:00+00:00,247.08,184.19,25.65,56.46,10.72,0.41,0
2023-06-04 10:30:00+00:00,298.35,213.97,29.41,63.46,11.32,0.41,0
2023-06-04 11:30:00+00:00,298.49,221.14,29.62,66.02,12.19,0.41,0
2023-06-04 12:30:00+00:00,228.39,213.98,25.82,62.79,12.44,0.41,0
2023-06-04 13:30:00+00:00,191.47,186.37,22.82,55.4,12.01,0.76,0
2023-06-04 14:30:00+00:00,84.69,165.43,16.23,46.03,11.3,0.62,0
2023-06-04 15:30:00+00:00,52.61,162.42,15.04,35.88,10.93,0.55,0
2023-06-04 16:30:00+00:00,18.4,78.33,8.42,25.55,10.36,0.48,0
2023-06-04 17:30:00+00:00,0.0,46.34,3.63,15.43,10.12,0.34,0
2023-06-04 18:30:00+00:00,0.0,17.93,1.41,5.82,9.6,0.21,0
2023-06-04 19:30:00+00:00,0.0,0.0,0.0,-2.94,9.15,0.41,0
2023-06-04 20:30:00+00:00,0.0,0.0,0.0,0.0,8.46,0.07,0
2023-06-04 21:30:00+00:00,0.0,0.0,0.0,0.0,7.53,0.14,0
2023-06-04 22:30:00+00:00,0.0,0.0,0.0,0.0,6.35,0.14,0
2023-06-04 23:30:00+00:00,0.0,0.0,0.0,0.0,5.47,0.14,0
2023-06-05 00:30:00+00:00,0.0,0.0,0.0,0.0,4.68,0.14,0
2023-06-05 01:30:00+00:00,0.0,0.0,0.0,0.0,4.01,0.14,0
2023-06-05 02:30:00+00:00,0.0,0.0,0.0,0.0,3.15,0.07,0
2023-06-05 03:30:00+00:00,0.0,0.0,0.0,-1.85,2.68,0.07,0
2023-06-05 04:30:00+00:00,0.0,24.22,1.9,7.03,2.08,0.07,0
2023-06-05 05:30:00+00:00,0.0,60.35,4.73,16.71,2.85,0.14,0
2023-06-05 06:30:00+00:00,39.47,88.64,11.81,26.87,5.8,0.21,0
2023-06-05 07:30:00+00:00,154.06,125.6,20.47,37.2,9.34,0.28,0
2023-06-05 08:30:00+00:00,293.63,203.09,31.33,47.3,10.83,0.21,0
2023-06-05 09:30:00+00:00,473.45,168.14,37.69,56.52,12.0,0.34,0
2023-06-05 10:30:00+00:00,512.69,174.82,38.85,63.55,12.68,0.28,0
2023-06-05 11:30:00+00:00,626.24,188.51,45.42,66.14,13.17,0.21,0
2023-06-05 12:30:00+00:00,445.96,206.01,36.98,62.91,13.75,0.21,0
2023-06-05 13:30:00+00:00,328.7,115.86,26.53,55.51,13.84,0.28,0
2023-06-05 14:30:00+00:00,288.45,102.14,25.44,46.14,12.81,0.28,0
2023-06-05 15:30:00+00:00,157.95,107.93,20.23,35.98,12.71,0.48,0
2023-06-05 16:30:00+00:00,62.82,64.98,15.32,25.66,12.78,0.48,0
2023-06-05 17:30:00+00:00,0.0,42.67,3.34,15.53,12.35,0.34,0
2023-06-05 18:30:00+00:00,0.0,16.98,1.33,5.93,11.34,0.34,0
2023-06-05 19:30:00+00:00,0.0,0.0,0.0,-2.83,10.08,0.28,0
2023-06-05 20:30:00+00:00,0.0,0.0,0.0,0.0,9.43,0.21,0
2023-06-05 21:30:00+00:00,0.0,0.0,0.0,0.0,8.72,0.21,0
2023-06-05 22:30:00+00:00,0.0,0.0,0.0,0.0,7.97,0.14,0
2023-06-05 23:30:00+00:00,0.0,0.0,0.0,0.0,7.34,0.14,0
2023-06-06 00:30:00+00:00,0.0,0.0,0.0,0.0,6.71,0.21,0
2023-06-06 01:30:00+00:00,0.0,0.0,0.0,0.0,5.57,0.28,0
2023-06-06 02:30:00+00:00,0.0,0.0,0.0,0.0,4.24,0.28,0
2023-06-06 03:30:00+00:00,0.0,0.0,0.0,-1.79,3.59,0.34,0
2023-06-06 04:30:00+00:00,0.0,23.42,1.84,7.08,2.97,0.34,0
2023-06-06 05:30:00+00:00,0.0,65.84,5.16,16.75,3.55,0.34,0
2023-06-06 06:30:00+00:00,43.53,133.32,15.57,26.91,6.02,0.34,0
2023-06-06 07:30:00+00:00,172.48,170.13,24.81,37.24,9.61,0.55,0
2023-06-06 08:30:00+00:00,297.35,194.24,31.12,47.35,11.5,0.62,0
2023-06-06 09:30:00+00:00,559.73,143.74,41.55,56.58,13.08,0.48,0
2023-06-06 10:30:00+00:00,688.48,138.95,46.94,63.64,14.18,0.34,0
2023-06-06 11:30:00+00:00,639.1,177.22,45.63,66.24,14.87,0.41,0
2023-06-06 12:30:00+00:00,579.25,164.33,42.2,63.02,15.39,0.28,0
2023-06-06 13:30:00+00:00,488.15,132.01,36.91,55.62,15.48,0.28,0
2023-06-06 14:30:00+00:00,386.68,121.9,33.2,46.24,15.14,0.34,0
2023-06-06 15:30:00+00:00,218.42,97.86,24.78,36.08,14.46,0.41,0
2023-06-06 16:30:00+00:00,61.8,72.76,15.74,25.76,13.49,0.41,0
2023-06-06 17:30:00+00:00,0.0,49.43,3.87,15.64,12.94,0.55,0
2023-06-06 18:30:00+00:00,0.0,18.61,1.46,6.03,12.36,0.41,0
2023-06-06 19:30:00+00:00,0.0,0.0,0.0,-2.72,10.94,0.21,0
2023-06-06 20:30:00+00:00,0.0,0.0,0.0,0.0,10.22,0.21,0
2023-06-06 21:30:00+00:00,0.0,0.0,0.0,0.0,9.47,0.21,0
2023-06-06 22:30:00+00:00,0.0,0.0,0.0,0.0,8.7,0.21,0
2023-06-06 23:30:00+00:00,0.0,0.0,0.0,0.0,7.88,0.14,0
2023-06-07 00:30:00+00:00,0.0,0.0,0.0,0.0,7.24,0.14,0
2023-06-07 01:30:00+00:00,0.0,0.0,0.0,0.0,6.61,0.14,0
2023-06-07 02:30:00+00:00,0.0,0.0,0.0,0.0,6.08,0.14,0
2023-06-07 03:30:00+00:00,0.0,0.0,0.0,-1.73,5.75,0.21,0
2023-06-07 04:30:00+00:00,0.0,19.69,1.54,7.12,5.44,0.28,0
2023-06-07 05:30:00+00:00,0.0,41.49,3.25,16.79,5.69,0.14,0
2023-06-07 06:30:00+00:00,104.37,57.55,19.84,26.95,8.44,0.07,0
2023-06-07 07:30:00+00:00,271.88,96.6,28.49,37.28,11.15,0.07,0
2023-06-07 08:30:00+00:00,380.72,127.91,32.77,47.39,12.57,0.07,0
2023-06-07 09:30:00+00:00,504.57,173.86,40.01,56.64,13.49,0.14,0
2023-06-07 10:30:00+00:00,631.27,136.22,43.62,63.71,14.33,0.21,0
2023-06-07 11:30:00+00:00,462.54,177.95,36.03,66.34,14.62,0.34,0
2023-06-07 12:30:00+00:00,376.46,230.99,34.72,63.13,14.49,0.41,0
2023-06-07 13:30:00+00:00,307.51,165.88,28.27,55.72,14.26,0.21,0
2023-06-07 14:30:00+00:00,223.13,162.01,24.82,46.34,13.46,0.14,0
2023-06-07 15:30:00+00:00,164.84,111.28,21.11,36.18,13.29,0.21,0
2023-06-07 16:30:00+00:00,53.62,72.69,14.29,25.85,12.91,0.21,0
2023-06-07 17:30:00+00:00,0.0,40.75,3.19,15.73,12.12,0.21,0
2023-06-07 18:30:00+00:00,0.0,17.36,1.36,6.14,11.11,0.41,0
2023-06-07 19:30:00+00:00,0.0,0.0,0.0,-2.61,9.68,0.14,0
2023-06-07 20:30:00+00:00,0.0,0.0,0.0,0.0,8.67,0.07,0
2023-06-07 21:30:00+00:00,0.0,0.0,0.0,0.0,7.9,0.14,0
2023-06-07 22:30:00+00:00,0.0,0.0,0.0,0.0,6.49,0.14,0
2023-06-07 23:30:00+00:00,0.0,0.0,0.0,0.0,5.31,0.14,0
2023-06-08 00:30:00+00:00,0.0,0.0,0.0,0.0,4.82,0.07,0
2023-06-08 01:30:00+00:00,0.0,0.0,0.0,0.0,3.84,0.07,0
2023-06-08 02:30:00+00:00,0.0,0.0,0.0,0.0,3.5,0.0,0
2023-06-08 03:30:00+00:00,0.0,0.0,0.0,-1.69,2.76,0.07,0
2023-06-08 04:30:00+00:00,0.0,24.45,1.91,7.16,2.33,0.14,0
2023-06-08 05:30:00+00:00,0.0,62.01,4.86,16.83,3.27,0.14,0
2023-06-08 06:30:00+00:00,45.79,127.91,15.7,26.98,6.76,0.14,0
2023-06-08 07:30:00+00:00,220.8,137.36,26.88,37.31,10.23,0.14,0
2023-06-08 08:30:00+00:00,430.54,116.02,35.49,47.42,11.89,0.14,0
2023-06-08 09:30:00+00:00,526.14,146.37,39.87,56.68,13.15,0.34,0
2023-06-08 10:30:00+00:00,532.3,193.33,41.16,63.78,14.24,0.48,0
2023-06-08 11:30:00+00:00,507.24,173.92,38.3,66.44,14.31,0.34,0
2023-06-08 12:30:00+00:00,331.52,165.31,28.63,63.23,14.1,0.28,0
2023-06-08 13:30:00+00:00,203.55,183.05,23.41,55.82,13.81,0.34,0
2023-06-08 14:30:00+00:00,267.33,167.52,28.06,46.44,13.16,0.21,0
2023-06-08 15:30:00+00:00,131.24,121.76,18.97,36.27,13.77,0.34,0
2023-06-08 16:30:00+00:00,43.94,89.25,13.75,25.95,12.94,0.14,0
2023-06-08 17:30:00+00:00,0.0,41.1,3.22,15.83,12.79,0.28,0
2023-06-08 18:30:00+00:00,0.0,18.57,1.46,6.23,12.36,0.41,0
2023-06-08 19:30:00+00:00,0.0,0.0,0.0,-2.51,10.83,0.48,0
2023-06-08 20:30:00+00:00,0.0,0.0,0.0,0.0,9.35,0.28,0
2023-06-08 21:30:00+00:00,0.0,0.0,0.0,0.0,8.57,0.21,0
2023-06-08 22:30:00+00:00,0.0,0.0,0.0,0.0,7.36,0.21,0
2023-06-08 23:30:00+00:00,0.0,0.0,0.0,0.0,6.34,0.14,0
2023-06-09 00:30:00+00:00,0.0,0.0,0.0,0.0,5.56,0.14,0
2023-06-09 01:30:00+00:00,0.0,0.0,0.0,0.0,4.83,0.07,0
2023-06-09 02:30:00+00:00,0.0,0.0,0.0,0.0,3.68,0.07,0
2023-06-09 03:30:00+00:00,0.0,0.0,0.0,-1.64,2.64,0.07,0
2023-06-09 04:30:00+00:00,0.0,27.6,2.16,7.2,2.2,0.07,0
2023-06-09 05:30:00+00:00,0.0,73.53,5.76,16.85,3.47,0.07,0
2023-06-09 06:30:00+00:00,33.91,124.17,13.62,27.0,6.76,0.07,0
2023-06-09 07:30:00+00:00,137.55,147.0,20.73,37.33,10.49,0.21,0
2023-06-09 08:30:00+00:00,246.09,215.62,29.32,47.45,12.34,0.62,0
2023-06-09 09:30:00+00:00,272.88,202.22,28.36,56.73,13.81,0.69,0
2023-06-09 10:30:00+00:00,506.05,240.91,42.34,63.85,14.44,0.83,0
2023-06-09 11:30:00+00:00,436.36,193.59,35.57,66.53,15.49,0.9,0
2023-06-09 12:30:00+00:00,352.83,225.0,33.21,63.33,15.62,0.69,0
2023-06-09 13:30:00+00:00,248.46,206.29,27.34,55.92,15.6,0.69,0
2023-06-09 14:30:00+00:00,200.48,152.42,22.86,46.53,15.1,0.48,0
2023-06-09 15:30:00+00:00,96.3,137.52,17.09,36.36,15.09,0.69,0
2023-06-09 16:30:00+00:00,13.43,110.04,9.73,26.04,14.52,0.55,0
2023-06-09 17:30:00+00:00,0.0,52.37,4.1,15.92,13.33,0.55,0
2023-06-09 18:30:00+00:00,0.0,14.68,1.15,6.33,12.45,0.41,0
2023-06-09 19:30:00+00:00,0.0,0.0,0.0,-2.42,11.7,0.28,0
2023-06-09 20:30:00+00:00,0.0,0.0,0.0,0.0,11.23,0.21,0
2023-06-09 21:30:00+00:00,0.0,0.0,0.0,0.0,10.76,0.07,0
2023-06-09 22:30:00+00:00,0.0,0.0,0.0,0.0,10.44,0.07,0
2023-06-09 23:30:00+00:00,0.0,0.0,0.0,0.0,10.1,0.0,0
2023-06-10 00:30:00+00:00,0.0,0.0,0.0,0.0,9.91,0.0,0
2023-06-10 01:30:00+00:00,0.0,0.0,0.0,0.0,9.63,0.07,0
2023-06-10 02:30:00+00:00,0.0,0.0,0.0,0.0,9.46,0.07,0
2023-06-10 03:30:00+00:00,0.0,0.0,0.0,-1.6,9.31,0.0,0
2023-06-10 04:30:00+00:00,0.0,18.96,1.49,7.23,9.05,0.07,0
2023-06-10 05:30:00+00:00,0.0,29.04,2.27,16.88,9.06,0.07,0
2023-06-10 06:30:00+00:00,5.12,86.48,6.57,27.02,9.68,0.14,0
2023-06-10 07:30:00+00:00,6.12,65.26,4.86,37.35,10.6,0.41,0
2023-06-10 08:30:00+00:00,52.85,168.13,14.45,47.48,10.69,0.48,0
2023-06-10 09:30:00+00:00,126.7,182.79,19.1,56.76,12.17,0.41,0
2023-06-10 10:30:00+00:00,154.18,235.37,23.43,63.9,12.92,0.28,0
2023-06-10 11:30:00+00:00,231.27,298.42,30.96,66.61,13.8,0.21,0
2023-06-10 12:30:00+00:00,296.82,274.98,33.15,63.42,14.48,0.21,0
2023-06-10 13:30:00+00:00,330.16,186.43,30.87,56.01,15.33,0.21,0
2023-06-10 14:30:00+00:00,166.23,179.66,22.35,46.61,15.29,0.07,0
2023-06-10 15:30:00+00:00,120.86,143.8,19.56,36.45,15.09,0.34,0
2023-06-10 16:30:00+00:00,37.13,96.56,13.05,26.12,14.91,0.41,0
2023-06-10 17:30:00+00:00,0.0,47.07,3.69,16.01,14.67,0.41,0
2023-06-10 18:30:00+00:00,0.0,21.25,1.66,6.42,13.6,0.34,0
2023-06-10 19:30:00+00:00,0.0,0.0,0.0,-2.33,12.73,0.21,0
2023-06-10 20:30:00+00:00,0.0,0.0,0.0,0.0,11.96,0.41,0
2023-06-10 21:30:00+00:00,0.0,0.0,0.0,0.0,11.2,0.34,0
2023-06-10 22:30:00+00:00,0.0,0.0,0.0,0.0,10.75,0.34,0
2023-06-10 23:30:00+00:00,0.0,0.0,0.0,0.0,9.98,0.34,0
2023-06-11 00:30:00+00:00,0.0,0.0,0.0,0.0,8.84,0.41,0
2023-06-11 01:30:00+00:00,0.0,0.0,0.0,0.0,7.99,0.48,0
2023-06-11 02:30:00+00:00,0.0,0.0,0.0,0.0,7.0,0.48,0
2023-06-11 03:30:00+00:00,0.0,0.0,0.0,-1.57,7.05,0.41,0
2023-06-11 04:30:00+00:00,0.0,23.33,1.83,7.25,6.66,0.41,0
2023-06-11 05:30:00+00:00,0.0,72.73,5.7,16.9,6.84,0.41,0
2023-06-11 06:30:00+00:00,63.46,101.75,16.96,27.04,8.8,0.41,0
2023-06-11 07:30:00+00:00,227.43,121.4,26.67,37.37,12.04,0.76,0
2023-06-11 08:30:00+00:00,364.25,146.86,33.08,47.5,13.86,0.69,0
2023-06-11 09:30:00+00:00,545.95,128.23,40.28,56.79,15.3,0.48,0
2023-06-11 10:30:00+00:00,572.54,130.12,40.22,63.95,16.22,0.28,0
2023-06-11 11:30:00+00:00,561.61,165.95,41.05,66.68,16.68,0.21,0
2023-06-11 12:30:00+00:00,521.76,152.32,38.61,63.5,16.79,0.14,0
2023-06-11 13:30:00+00:00,416.51,156.93,34.3,56.09,16.62,0.28,0
2023-06-11 14:30:00+00:00,290.23,141.17,28.12,46.7,15.88,0.28,0
2023-06-11 15:30:00+00:00,137.71,116.9,19.28,36.53,15.6,0.21,0
2023-06-11 16:30:00+00:00,57.4,67.18,14.61,26.21,15.59,0.34,0
2023-06-11 17:30:00+00:00,0.0,37.78,2.96,16.09,14.5,0.41,0
2023-06-11 18:30:00+00:00,0.0,18.03,1.41,6.5,13.26,0.41,0
2023-06-11 19:30:00+00:00,0.0,0.0,0.0,-2.24,12.81,0.0,0
2023-06-11 20:30:00+00:00,0.0,0.0,0.0,0.0,11.61,0.14,0
2023-06-11 21:30:00+00:00,0.0,0.0,0.0,0.0,10.85,0.14,0
2023-06-11 22:30:00+00:00,0.0,0.0,0.0,0.0,10.16,0.07,0
2023-06-11 23:30:00+00:00,0.0,0.0,0.0,0.0,9.19,0.21,0
2023-06-12 00:30:00+00:00,0.0,0.0,0.0,0.0,8.24,0.14,0
2023-06-12 01:30:00+00:00,0.0,0.0,0.0,0.0,7.76,0.14,0
2023-06-12 02:30:00+00:00,0.0,0.0,0.0,0.0,7.25,0.07,0
2023-06-12 03:30:00+00:00,0.0,0.0,0.0,-1.55,7.34,0.14,0
2023-06-12 04:30:00+00:00,0.0,18.03,1.41,7.27,7.24,0.07,0
2023-06-12 05:30:00+00:00,0.0,62.1,4.87,16.91,7.89,0.07,0
2023-06-12 06:30:00+00:00,35.88,124.65,14.12,27.05,10.12,0.07,0
2023-06-12 07:30:00+00:00,158.25,148.44,22.66,37.38,11.3,0.41,0
2023-06-12 08:30:00+00:00,352.23,150.48,32.55,47.51,13.33,0.14,0
2023-06-12 09:30:00+00:00,523.77,154.84,40.47,56.82,14.73,0.07,0
2023-06-12 10:30:00+00:00,529.29,194.32,41.28,64.0,15.8,0.07,0
2023-06-12 11:30:00+00:00,478.92,227.82,39.89,66.75,16.21,0.28,0
2023-06-12 12:30:00+00:00,427.64,177.12,34.73,63.58,16.26,0.07,0
2023-06-12 13:30:00+00:00,323.79,134.77,27.6,56.17,16.2,0.07,0
2023-06-12 14:30:00+00:00,278.62,121.13,26.19,46.78,16.03,0.28,0
2023-06-12 15:30:00+00:00,108.05,131.44,17.72,36.61,15.01,0.07,0
2023-06-12 16:30:00+00:00,43.91,69.33,12.35,26.28,14.86,0.07,0
2023-06-12 17:30:00+00:00,0.0,50.23,3.93,16.17,14.3,0.07,0
2023-06-12 18:30:00+00:00,0.0,17.11,1.34,6.58,13.75,0.07,0
2023-06-12 19:30:00+00:00,0.0,0.0,0.0,-2.16,12.81,0.34,0
2023-06-12 20:30:00+00:00,0.0,0.0,0.0,0.0,12.19,0.34,0
2023-06-12 21:30:00+00:00,0.0,0.0,0.0,0.0,11.37,0.14,0
2023-06-12 22:30:00+00:00,0.0,0.0,0.0,0.0,10.92,0.28,0
2023-06-12 23:30:00+00:00,0.0,0.0,0.0,0.0,10.42,0.28,0
2023-06-13 00:30:00+00:00,0.0,0.0,0.0,0.0,10.29,0.41,0
2023-06-13 01:30:00+00:00,0.0,0.0,0.0,0.0,9.72,0.48,0
2023-06-13 02:30:00+00:00,0.0,0.0,0.0,0.0,9.44,0.48,0
2023-06-13 03:30:00+00:00,0.0,0.0,0.0,-1.53,9.15,0.34,0
2023-06-13 04:30:00+00:00,0.0,13.08,1.02,7.28,8.94,0.28,0
2023-06-13 05:30:00+00:00,0.0,37.78,2.96,16.92,8.94,0.55,0
2023-06-13 06:30:00+00:00,14.3,71.19,7.03,27.06,9.77,0.34,0
2023-06-13 07:30:00+00:00,14.41,93.61,7.42,37.38,10.86,0.55,0
2023-06-13 08:30:00+00:00,45.08,92.48,9.07,47.52,11.05,0.55,0
2023-06-13 09:30:00+00:00,26.1,95.37,7.87,56.83,11.29,0.41,0
2023-06-13 10:30:00+00:00,29.5,116.98,9.4,64.03,10.94,0.41,0
2023-06-13 11:30:00+00:00,50.52,151.58,12.75,66.81,11.05,0.48,0
2023-06-13 12:30:00+00:00,141.38,154.24,17.81,63.65,11.41,0.48,0
2023-06-13 13:30:00+00:00,104.62,139.62,15.23,56.25,12.17,0.48,0
2023-06-13 14:30:00+00:00,49.42,119.7,11.16,46.85,11.98,0.41,0
2023-06-13 15:30:00+00:00,43.54,129.5,12.24,36.68,11.36,0.34,0
2023-06-13 16:30:00+00:00,15.22,89.58,8.67,26.36,11.44,0.41,0
2023-06-13 17:30:00+00:00,0.0,53.42,4.18,16.25,11.05,0.41,0
2023-06-13 18:30:00+00:00,0.0,18.48,1.45,6.66,10.66,0.41,0
2023-06-13 19:30:00+00:00,0.0,0.0,0.0,-2.09,10.16,0.34,0
2023-06-13 20:30:00+00:00,0.0,0.0,0.0,0.0,9.62,0.21,0
2023-06-13 21:30:00+00:00,0.0,0.0,0.0,0.0,9.12,0.21,0
2023-06-13 22:30:00+00:00,0.0,0.0,0.0,0.0,8.0,0.14,0
2023-06-13 23:30:00+00:00,0.0,0.0,0.0,0.0,7.52,0.07,0
2023-06-14 00:30:00+00:00,0.0,0.0,0.0,0.0,7.3,0.07,0
2023-06-14 01:30:00+00:00,0.0,0.0,0.0,0.0,7.39,0.07,0
2023-06-14 02:30:00+00:00,0.0,0.0,0.0,0.0,7.08,0.0,0
2023-06-14 03:30:00+00:00,0.0,0.0,0.0,-1.51,6.61,0.0,0
2023-06-14 04:30:00+00:00,0.0,26.55,2.08,7.29,6.31,0.14,0
2023-06-14 05:30:00+00:00,0.0,67.18,5.26,16.92,6.74,0.21,0
2023-06-14 06:30:00+00:00,30.23,115.79,12.67,27.06,8.64,0.41,0
2023-06-14 07:30:00+00:00,139.45,151.23,21.38,37.38,10.25,0.48,0
2023-06-14 08:30:00+00:00,324.07,141.08,30.23,47.52,11.98,0.48,0
2023-06-14 09:30:00+00:00,387.82,147.9,32.07,56.85,13.58,0.48,0
2023-06-14 10:30:00+00:00,411.9,206.87,35.52,64.06,14.37,0.48,0
2023-06-14 11:30:00+00:00,485.95,207.81,39.25,66.86,15.03,0.41,0
2023-06-14 12:30:00+00:00,525.05,172.72,40.02,63.72,15.44,0.34,0
2023-06-14 13:30:00+00:00,429.99,162.94,35.54,56.32,15.75,0.41,0
2023-06-14 14:30:00+00:00,378.03,131.7,33.55,46.92,15.71,0.41,0
2023-06-14 15:30:00+00:00,202.24,109.9,24.41,36.75,15.76,0.48,0
2023-06-14 16:30:00+00:00,70.21,66.28,16.83,26.43,14.58,0.62,0
2023-06-14 17:30:00+00:00,0.0,45.99,3.6,16.32,14.17,0.62,0
2023-06-14 18:30:00+00:00,0.0,21.73,1.7,6.73,13.4,0.48,0
2023-06-14 19:30:00+00:00,0.0,0.0,0.0,-2.02,12.73,0.34,0
2023-06-14 20:30:00+00:00,0.0,0.0,0.0,0.0,11.9,0.34,0
2023-06-14 21:30:00+00:00,0.0,0.0,0.0,0.0,10.69,0.48,0
2023-06-14 22:30:00+00:00,0.0,0.0,0.0,0.0,9.52,0.48,0
2023-06-14 23:30:00+00:00,0.0,0.0,0.0,0.0,8.68,0.55,0
2023-06-15 00:30:00+00:00,0.0,0.0,0.0,0.0,7.82,0.55,0
2023-06-15 01:30:00+00:00,0.0,0.0,0.0,0.0,7.33,0.48,0
2023-06-15 02:30:00+00:00,0.0,0.0,0.0,0.0,6.63,0.55,0
2023-06-15 03:30:00+00:00,0.0,0.0,0.0,-1.51,6.01,0.55,0
2023-06-15 04:30:00+00:00,0.0,23.2,1.82,7.29,5.55,0.55,0
2023-06-15 05:30:00+00:00,0.0,48.51,3.8,16.92,5.79,0.48,0
2023-06-15 06:30:00+00:00,85.3,73.8,18.99,27.05,8.8,0.62,0
2023-06-15 07:30:00+00:00,250.54,102.11,27.71,37.38,11.46,0.9,0
2023-06-15 08:30:00+00:00,418.82,115.12,35.15,47.52,12.8,0.97,0
2023-06-15 09:30:00+00:00,479.63,168.95,38.74,56.85,13.88,1.17,0
2023-06-15 10:30:00+00:00,536.19,169.64,40.46,64.09,14.32,1.17,0
2023-06-15 11:30:00+00:00,470.28,208.13,38.44,66.91,14.61,1.17,0
2023-06-15 12:30:00+00:00,625.46,141.15,44.11,63.78,14.83,1.24,0
2023-06-15 13:30:00+00:00,441.51,137.42,34.82,56.38,15.24,1.45,0
2023-06-15 14:30:00+00:00,330.32,135.95,30.59,46.99,14.93,1.52,0
2023-06-15 15:30:00+00:00,155.37,117.63,20.87,36.82,14.69,1.38,0
2023-06-15 16:30:00+00:00,61.11,85.23,16.55,26.49,14.13,1.17,0
2023-06-15 17:30:00+00:00,0.0,49.34,3.87,16.38,13.59,1.17,0
2023-06-15 18:30:00+00:00,0.0,22.27,1.75,6.79,12.75,0.9,0
2023-06-15 19:30:00+00:00,0.0,0.0,0.0,-1.95,11.68,0.69,0
2023-06-15 20:30:00+00:00,0.0,0.0,0.0,0.0,11.04,0.62,0
2023-06-15 21:30:00+00:00,0.0,0.0,0.0,0.0,10.12,0.76,0
2023-06-15 22:30:00+00:00,0.0,0.0,0.0,0.0,9.34,0.69,0
2023-06-15 23:30:00+00:00,0.0,0.0,0.0,0.0,8.65,0.69,0
2023-06-16 00:30:00+00:00,0.0,0.0,0.0,0.0,8.04,0.62,0
2023-06-16 01:30:00+00:00,0.0,0.0,0.0,0.0,7.45,0.62,0
2023-06-16 02:30:00+00:00,0.0,0.0,0.0,0.0,6.98,0.62,0
2023-06-16 03:30:00+00:00,0.0,0.0,0.0,-1.5,6.54,0.69,0
2023-06-16 04:30:00+00:00,0.0,23.07,1.81,7.29,6.26,0.69,0
2023-06-16 05:30:00+00:00,0.0,45.99,3.6,16.91,6.55,0.69,0
2023-06-16 06:30:00+00:00,90.92,67.8,19.61,27.04,8.23,0.76,0
2023-06-16 07:30:00+00:00,258.82,93.97,27.97,37.37,11.06,0.97,0
2023-06-16 08:30:00+00:00,343.02,143.73,31.73,47.52,12.33,1.17,0
2023-06-16 09:30:00+00:00,509.52,159.86,40.08,56.85,13.06,1.31,0
2023-06-16 10:30:00+00:00,537.44,209.68,42.73,64.1,13.96,1.45,0
2023-06-16 11:30:00+00:00,491.66,219.99,40.28,66.95,14.58,1.52,0
2023-06-16 12:30:00+00:00,516.27,159.21,38.85,63.84,14.67,1.45,0
2023-06-16 13:30:00+00:00,495.11,156.93,39.16,56.45,14.91,1.45,0
2023-06-16 14:30:00+00:00,378.64,142.82,34.28,47.05,15.12,1.52,0
2023-06-16 15:30:00+00:00,230.76,94.39,25.93,36.88,14.77,1.59,0
2023-06-16 16:30:00+00:00,70.39,76.64,17.58,26.56,14.35,1.31,0
2023-06-16 17:30:00+00:00,0.0,50.55,3.96,16.44,13.47,1.24,0
2023-06-16 18:30:00+00:00,0.0,22.91,1.8,6.85,12.61,0.97,0
2023-06-16 19:30:00+00:00,0.0,0.0,0.0,-1.89,11.59,0.9,0
2023-06-16 20:30:00+00:00,0.0,0.0,0.0,0.0,10.62,0.69,0
2023-06-16 21:30:00+00:00,0.0,0.0,0.0,0.0,10.01,0.48,0
2023-06-16 22:30:00+00:00,0.0,0.0,0.0,0.0,9.16,0.41,0
2023-06-16 23:30:00+00:00,0.0,0.0,0.0,0.0,8.44,0.34,0
2023-06-17 00:30:00+00:00,0.0,0.0,0.0,0.0,7.78,0.34,0
2023-06-17 01:30:00+00:00,0.0,0.0,0.0,0.0,7.14,0.34,0
2023-06-17 02:30:00+00:00,0.0,0.0,0.0,0.0,6.55,0.34,0
2023-06-17 03:30:00+00:00,0.0,0.0,0.0,-1.51,6.0,0.41,0
2023-06-17 04:30:00+00:00,0.0,23.36,1.83,7.28,5.52,0.41,0
2023-06-17 05:30:00+00:00,0.0,44.71,3.5,16.9,5.86,0.34,0
2023-06-17 06:30:00+00:00,99.44,58.99,20.53,27.03,8.79,0.41,0
2023-06-17 07:30:00+00:00,278.48,87.21,29.31,37.35,12.29,0.55,0
2023-06-17 08:30:00+00:00,457.35,102.55,37.16,47.5,13.7,0.48,0
2023-06-17 09:30:00+00:00,584.04,125.28,42.76,56.85,14.92,0.62,0
2023-06-17 10:30:00+00:00,637.92,136.57,44.6,64.11,16.14,0.83,0
2023-06-17 11:30:00+00:00,519.98,209.73,41.31,66.98,17.08,0.9,0
2023-06-17 12:30:00+00:00,559.72,181.25,42.53,63.89,17.55,0.83,0
2023-06-17 13:30:00+00:00,515.32,135.11,39.2,56.5,17.96,0.76,0
2023-06-17 14:30:00+00:00,412.85,115.51,35.05,47.11,18.1,0.76,0
2023-06-17 15:30:00+00:00,239.59,92.96,26.61,36.94,17.94,0.69,0
2023-06-17 16:30:00+00:00,69.97,77.29,17.52,26.61,17.39,0.48,0
2023-06-17 17:30:00+00:00,0.0,43.88,3.44,16.5,16.64,0.41,0
2023-06-17 18:30:00+00:00,0.0,22.15,1.74,6.91,15.85,0.34,0
2023-06-17 19:30:00+00:00,0.0,0.0,0.0,-1.84,15.4,0.21,0
2023-06-17 20:30:00+00:00,0.0,0.0,0.0,0.0,14.16,0.28,0
2023-06-17 21:30:00+00:00,0.0,0.0,0.0,0.0,13.1,0.28,0
2023-06-17 22:30:00+00:00,0.0,0.0,0.0,0.0,12.12,0.21,0
2023-06-17 23:30:00+00:00,0.0,0.0,0.0,0.0,11.29,0.14,0
2023-06-18 00:30:00+00:00,0.0,0.0,0.0,0.0,10.61,0.14,0
2023-06-18 01:30:00+00:00,0.0,0.0,0.0,0.0,9.76,0.07,0
2023-06-18 02:30:00+00:00,0.0,0.0,0.0,0.0,9.36,0.07,0
2023-06-18 03:30:00+00:00,0.0,0.0,0.0,-1.51,8.96,0.07,0
2023-06-18 04:30:00+00:00,0.0,23.3,1.82,7.27,8.65,0.07,0
2023-06-18 05:30:00+00:00,0.0,44.29,3.47,16.88,8.79,0.07,0
2023-06-18 06:30:00+00:00,76.84,73.05,17.76,27.01,10.91,0.28,0
2023-06-18 07:30:00+00:00,227.41,79.79,24.45,37.34,13.62,0.62,0
2023-06-18 08:30:00+00:00,374.34,115.39,32.27,47.49,14.75,0.69,0
2023-06-18 09:30:00+00:00,423.86,155.43,34.75,56.84,15.83,0.69,0
2023-06-18 10:30:00+00:00,484.05,197.08,39.09,64.12,16.64,0.76,0
2023-06-18 11:30:00+00:00,468.74,231.42,39.69,67.01,17.11,0.83,0
2023-06-18 12:30:00+00:00,276.84,226.78,29.44,63.93,17.51,0.76,0
2023-06-18 13:30:00+00:00,238.71,229.94,28.34,56.55,17.28,0.76,0
2023-06-18 14:30:00+00:00,151.35,178.34,21.41,47.16,16.93,0.76,0
2023-06-18 15:30:00+00:00,65.96,138.75,14.71,36.99,16.45,0.76,0
2023-06-18 16:30:00+00:00,22.33,95.21,10.26,26.67,15.71,0.55,0
2023-06-18 17:30:00+00:00,0.0,44.61,3.5,16.55,14.77,0.55,0
2023-06-18 18:30:00+00:00,0.0,24.29,1.9,6.96,13.9,0.55,0
2023-06-18 19:30:00+00:00,0.0,0.0,0.0,-1.79,13.74,0.28,0
2023-06-18 20:30:00+00:00,0.0,0.0,0.0,0.0,12.92,0.28,0
2023-06-18 21:30:00+00:00,0.0,0.0,0.0,0.0,11.42,0.14,0
2023-06-18 22:30:00+00:00,0.0,0.0,0.0,0.0,10.7,0.07,0
2023-06-18 23:30:00+00:00,0.0,0.0,0.0,0.0,10.1,0.0,0
2023-06-19 00:30:00+00:00,0.0,0.0,0.0,0.0,9.65,0.0,0
2023-06-19 01:30:00+00:00,0.0,0.0,0.0,0.0,9.03,0.07,0
2023-06-19 02:30:00+00:00,0.0,0.0,0.0,0.0,8.68,0.14,0
2023-06-19 03:30:00+00:00,0.0,0.0,0.0,-1.53,8.42,0.14,0
2023-06-19 04:30:00+00:00,0.0,23.49,1.84,7.25,8.18,0.07,0
2023-06-19 05:30:00+00:00,0.0,69.25,5.42,16.86,8.7,0.07,0
2023-06-19 06:30:00+00:00,32.56,125.65,13.93,26.98,10.39,0.14,0
2023-06-19 07:30:00+00:00,114.17,181.9,21.39,37.31,12.93,0.34,0
2023-06-19 08:30:00+00:00,317.6,144.28,30.16,47.47,14.55,0.62,0
2023-06-19 09:30:00+00:00,444.79,155.0,36.0,56.82,16.02,0.76,0
2023-06-19 10:30:00+00:00,403.32,257.76,38.0,64.12,17.02,0.83,0
2023-06-19 11:30:00+00:00,446.58,207.14,37.17,67.03,17.8,0.76,0
2023-06-19 12:30:00+00:00,319.96,208.9,30.73,63.97,17.46,0.76,0
2023-06-19 13:30:00+00:00,143.0,232.56,23.21,56.6,16.89,0.9,0
2023-06-19 14:30:00+00:00,95.36,163.93,16.95,47.21,16.35,0.76,0
2023-06-19 15:30:00+00:00,8.39,120.65,8.75,37.04,15.62,0.83,0
2023-06-19 16:30:00+00:00,3.35,109.74,7.91,26.72,15.04,0.55,0
2023-06-19 17:30:00+00:00,0.0,54.54,4.27,16.6,14.9,0.69,0
2023-06-19 18:30:00+00:00,0.0,24.29,1.9,7.01,14.58,0.62,0
2023-06-19 19:30:00+00:00,0.0,0.0,0.0,-1.74,13.98,0.76,0
2023-06-19 20:30:00+00:00,0.0,0.0,0.0,0.0,12.96,0.55,0
2023-06-19 21:30:00+00:00,0.0,0.0,0.0,0.0,12.69,0.48,0
2023-06-19 22:30:00+00:00,0.0,0.0,0.0,0.0,12.33,0.41,0
2023-06-19 23:30:00+00:00,0.0,0.0,0.0,0.0,11.95,0.41,0
2023-06-20 00:30:00+00:00,0.0,0.0,0.0,0.0,11.71,0.34,0
2023-06-20 01:30:00+00:00,0.0,0.0,0.0,0.0,11.17,0.41,0
2023-06-20 02:30:00+00:00,0.0,0.0,0.0,0.0,10.62,0.41,0
2023-06-20 03:30:00+00:00,0.0,0.0,0.0,-1.55,10.42,0.41,0
2023-06-20 04:30:00+00:00,0.0,21.8,1.71,7.22,10.27,0.41,0
2023-06-20 05:30:00+00:00,0.0,62.74,4.92,16.83,10.65,0.69,0
2023-06-20 06:30:00+00:00,19.78,94.61,9.65,26.96,12.05,0.9,0
2023-06-20 07:30:00+00:00,96.79,118.29,15.89,37.28,12.99,1.24,0
2023-06-20 08:30:00+00:00,186.11,157.41,22.32,47.44,14.5,1.31,0
2023-06-20 09:30:00+00:00,227.42,223.41,27.31,56.8,15.64,1.45,0
2023-06-20 10:30:00+00:00,225.72,268.59,29.23,64.11,16.53,1.45,0
2023-06-20 11:30:00+00:00,147.86,293.77,26.7,67.04,16.92,1.45,0
2023-06-20 12:30:00+00:00,129.76,294.28,25.95,64.0,17.03,1.38,0
2023-06-20 13:30:00+00:00,165.68,262.6,26.29,56.64,17.27,1.31,0
2023-06-20 14:30:00+00:00,107.56,242.01,22.64,47.25,17.39,1.38,0
2023-06-20 15:30:00+00:00,3.66,148.58,10.22,37.09,17.28,1.38,0
2023-06-20 16:30:00+00:00,0.0,91.69,6.12,26.76,16.33,0.9,0
2023-06-20 17:30:00+00:00,0.0,62.17,4.87,16.64,15.63,0.83,0
2023-06-20 18:30:00+00:00,0.0,17.42,1.36,7.05,15.19,0.9,0
2023-06-20 19:30:00+00:00,0.0,0.0,0.0,-1.7,14.77,0.69,0
2023-06-20 20:30:00+00:00,0.0,0.0,0.0,0.0,13.76,0.62,0
2023-06-20 21:30:00+00:00,0.0,0.0,0.0,0.0,13.49,0.55,0
2023-06-20 22:30:00+00:00,0.0,0.0,0.0,0.0,12.87,0.41,0
2023-06-20 23:30:00+00:00,0.0,0.0,0.0,0.0,12.15,0.34,0
2023-06-21 00:30:00+00:00,0.0,0.0,0.0,0.0,11.37,0.28,0
2023-06-21 01:30:00+00:00,0.0,0.0,0.0,0.0,10.36,0.21,0
2023-06-21 02:30:00+00:00,0.0,0.0,0.0,0.0,9.88,0.21,0
2023-06-21 03:30:00+00:00,0.0,0.0,0.0,-1.57,9.55,0.07,0
2023-06-21 04:30:00+00:00,0.0,24.83,1.95,7.2,9.15,0.07,0
2023-06-21 05:30:00+00:00,0.0,64.11,5.02,16.8,9.48,0.07,0
2023-06-21 06:30:00+00:00,45.4,110.93,15.21,26.92,11.82,0.14,0
2023-06-21 07:30:00+00:00,197.91,124.6,24.85,37.25,14.48,0.28,0
2023-06-21 08:30:00+00:00,412.13,123.81,35.41,47.41,16.78,0.55,0
2023-06-21 09:30:00+00:00,456.7,182.91,38.29,56.77,18.77,0.48,0
2023-06-21 10:30:00+00:00,433.23,250.21,39.22,64.09,19.62,0.28,0
2023-06-21 11:30:00+00:00,399.61,277.85,38.57,67.04,20.36,0.41,0
2023-06-21 12:30:00+00:00,116.48,268.41,23.67,64.02,20.28,0.76,0
2023-06-21 13:30:00+00:00,154.14,274.65,26.41,56.67,19.48,0.41,0
2023-06-21 14:30:00+00:00,35.49,216.86,16.63,47.29,19.52,0.48,0
2023-06-21 15:30:00+00:00,0.0,102.1,6.82,37.13,18.71,0.69,0
2023-06-21 16:30:00+00:00,0.0,86.6,5.78,26.8,17.28,0.07,0
2023-06-21 17:30:00+00:00,0.0,59.58,4.67,16.68,17.09,0.48,0
2023-06-21 18:30:00+00:00,0.0,23.46,1.84,7.08,17.04,0.69,0
2023-06-21 19:30:00+00:00,0.0,0.0,0.0,-1.67,16.36,0.9,0
2023-06-21 20:30:00+00:00,0.0,0.0,0.0,0.0,16.0,0.76,0
2023-06-21 21:30:00+00:00,0.0,0.0,0.0,0.0,15.29,0.83,0
2023-06-21 22:30:00+00:00,0.0,0.0,0.0,0.0,14.39,0.83,0
2023-06-21 23:30:00+00:00,0.0,0.0,0.0,0.0,13.76,0.83,0
2023-06-22 00:30:00+00:00,0.0,0.0,0.0,0.0,13.15,0.76,0
2023-06-22 01:30:00+00:00,0.0,0.0,0.0,0.0,12.6,0.69,0
2023-06-22 02:30:00+00:00,0.0,0.0,0.0,0.0,11.92,0.55,0
2023-06-22 03:30:00+00:00,0.0,0.0,0.0,-1.6,11.04,0.55,0
2023-06-22 04:30:00+00:00,0.0,26.77,2.1,7.16,10.36,0.48,0
2023-06-22 05:30:00+00:00,0.0,60.06,4.7,16.77,10.41,0.48,0
2023-06-22 06:30:00+00:00,28.21,126.01,13.29,26.89,12.4,0.55,0
2023-06-22 07:30:00+00:00,66.95,199.39,18.7,37.21,15.12,0.9,0
2023-06-22 08:30:00+00:00,100.51,240.76,22.12,47.37,16.13,1.17,0
2023-06-22 09:30:00+00:00,135.65,292.08,26.5,56.74,16.95,1.38,0
2023-06-22 10:30:00+00:00,124.93,293.18,25.64,64.07,17.59,1.38,0
2023-06-22 11:30:00+00:00,163.41,271.41,26.09,67.04,17.58,1.38,0
2023-06-22 12:30:00+00:00,159.23,260.31,25.33,64.04,17.83,1.45,0
2023-06-22 13:30:00+00:00,111.41,257.24,23.04,56.7,17.76,1.38,0
2023-06-22 14:30:00+00:00,197.48,232.07,27.61,47.32,17.76,1.45,0
2023-06-22 15:30:00+00:00,98.11,138.68,17.35,37.16,17.47,1.38,0
2023-06-22 16:30:00+00:00,31.11,90.42,11.38,26.83,16.43,1.66,0
2023-06-22 17:30:00+00:00,0.0,42.73,3.35,16.72,15.54,0.69,0
2023-06-22 18:30:00+00:00,0.0,17.9,1.4,7.12,14.23,0.48,0
2023-06-22 19:30:00+00:00,0.0,0.0,0.0,-1.64,12.82,0.07,0
2023-06-22 20:30:00+00:00,0.0,0.0,0.0,0.0,11.92,0.48,0
2023-06-22 21:30:00+00:00,0.0,0.0,0.0,0.0,11.56,0.55,0
2023-06-22 22:30:00+00:00,0.0,0.0,0.0,0.0,11.34,0.83,0
2023-06-22 23:30:00+00:00,0.0,0.0,0.0,0.0,11.02,1.03,0
2023-06-23 00:30:00+00:00,0.0,0.0,0.0,0.0,10.86,0.97,0
2023-06-23 01:30:00+00:00,0.0,0.0,0.0,0.0,10.89,1.1,0
2023-06-23 02:30:00+00:00,0.0,0.0,0.0,0.0,10.38,1.17,0
2023-06-23 03:30:00+00:00,0.0,0.0,0.0,-1.64,10.33,1.17,0
2023-06-23 04:30:00+00:00,0.0,18.89,1.48,7.12,10.0,0.97,0
2023-06-23 05:30:00+00:00,0.0,45.32,3.55,16.72,10.43,1.31,0
2023-06-23 06:30:00+00:00,58.6,83.56,15.66,26.84,10.5,1.24,0
2023-06-23 07:30:00+00:00,168.05,115.11,21.73,37.17,11.3,1.52,0
2023-06-23 08:30:00+00:00,340.55,136.69,31.31,47.33,12.04,1.59,0
2023-06-23 09:30:00+00:00,487.26,138.03,37.65,56.71,13.39,1.79,0
2023-06-23 10:30:00+00:00,568.42,157.07,41.75,64.04,14.44,1.72,0
2023-06-23 11:30:00+00:00,664.06,143.87,45.94,67.03,15.29,1.66,0
2023-06-23 12:30:00+00:00,584.34,159.24,42.78,64.05,16.08,1.72,0
2023-06-23 13:30:00+00:00,540.33,142.0,41.1,56.72,16.45,1.66,0
2023-06-23 14:30:00+00:00,434.48,107.49,36.01,47.35,16.76,1.59,0
2023-06-23 15:30:00+00:00,269.55,93.73,29.17,37.19,16.71,1.66,0
2023-06-23 16:30:00+00:00,81.05,68.71,18.5,26.86,16.29,1.66,0
2023-06-23 17:30:00+00:00,0.0,48.09,3.77,16.74,15.44,1.52,0
2023-06-23 18:30:00+00:00,0.0,21.96,1.72,7.14,14.44,1.31,0
2023-06-23 19:30:00+00:00,0.0,0.0,0.0,-1.62,13.09,1.17,0
2023-06-23 20:30:00+00:00,0.0,0.0,0.0,0.0,11.4,1.03,0
2023-06-23 21:30:00+00:00,0.0,0.0,0.0,0.0,11.47,0.9,0
2023-06-23 22:30:00+00:00,0.0,0.0,0.0,0.0,11.08,0.83,0
2023-06-23 23:30:00+00:00,0.0,0.0,0.0,0.0,10.38,0.69,0
2023-06-24 00:30:00+00:00,0.0,0.0,0.0,0.0,9.62,0.62,0
2023-06-24 01:30:00+00:00,0.0,0.0,0.0,0.0,8.51,0.55,0
2023-06-24 02:30:00+00:00,0.0,0.0,0.0,0.0,7.83,0.55,0
2023-06-24 03:30:00+00:00,0.0,0.0,0.0,-1.68,7.07,0.48,0
2023-06-24 04:30:00+00:00,0.0,23.26,1.82,7.08,6.01,0.41,0
2023-06-24 05:30:00+00:00,0.0,51.09,4.0,16.68,6.46,0.41,0
2023-06-24 06:30:00+00:00,89.99,65.74,19.99,26.8,8.93,0.48,0
2023-06-24 07:30:00+00:00,279.07,81.24,29.24,37.12,12.09,0.76,0
2023-06-24 08:30:00+00:00,453.03,99.52,36.85,47.28,14.26,0.69,0
2023-06-24 09:30:00+00:00,595.03,112.89,42.87,56.66,15.94,0.62,0
2023-06-24 10:30:00+00:00,686.42,120.61,46.63,64.01,17.21,0.55,0
2023-06-24 11:30:00+00:00,709.46,126.05,47.58,67.02,18.23,0.48,0
2023-06-24 12:30:00+00:00,663.68,128.15,45.69,64.06,19.15,0.55,0
2023-06-24 13:30:00+00:00,587.34,113.51,42.4,56.74,19.75,0.41,0
2023-06-24 14:30:00+00:00,433.86,110.81,36.13,47.37,20.14,0.62,0
2023-06-24 15:30:00+00:00,258.94,89.12,27.89,37.22,20.15,0.62,0
2023-06-24 16:30:00+00:00,93.87,57.43,19.83,26.89,19.73,0.62,0
2023-06-24 17:30:00+00:00,0.0,43.56,3.41,16.77,18.96,0.48,0
2023-06-24 18:30:00+00:00,0.0,22.37,1.75,7.16,17.87,0.41,0
2023-06-24 19:30:00+00:00,0.0,0.0,0.0,-1.61,16.68,0.34,0
2023-06-24 20:30:00+00:00,0.0,0.0,0.0,0.0,15.64,0.34,0
2023-06-24 21:30:00+00:00,0.0,0.0,0.0,0.0,14.57,0.48,0
2023-06-24 22:30:00+00:00,0.0,0.0,0.0,0.0,13.56,0.62,0
2023-06-24 23:30:00+00:00,0.0,0.0,0.0,0.0,12.69,0.62,0
2023-06-25 00:30:00+00:00,0.0,0.0,0.0,0.0,12.09,0.62,0
2023-06-25 01:30:00+00:00,0.0,0.0,0.0,0.0,11.85,0.55,0
2023-06-25 02:30:00+00:00,0.0,0.0,0.0,0.0,11.31,0.41,0
2023-06-25 03:30:00+00:00,0.0,0.0,0.0,-1.73,10.87,0.21,0
2023-06-25 04:30:00+00:00,0.0,23.84,1.87,7.03,9.74,0.07,0
2023-06-25 05:30:00+00:00,0.0,57.44,4.5,16.63,9.56,0.07,0
2023-06-25 06:30:00+00:00,77.33,79.11,18.77,26.75,12.04,0.14,0
2023-06-25 07:30:00+00:00,269.61,82.37,28.48,37.07,15.24,0.41,0
2023-06-25 08:30:00+00:00,419.23,109.43,35.08,47.23,17.03,0.55,0
2023-06-25 09:30:00+00:00,569.77,123.23,41.87,56.62,18.48,0.62,0
2023-06-25 10:30:00+00:00,582.64,174.68,43.49,63.97,19.78,0.69,0
2023-06-25 11:30:00+00:00,646.57,164.6,46.01,66.99,20.64,0.69,0
2023-06-25 12:30:00+00:00,624.39,133.48,43.67,64.06,20.88,0.69,0
2023-06-25 13:30:00+00:00,533.92,129.63,39.97,56.75,21.01,0.69,0
2023-06-25 14:30:00+00:00,380.07,121.22,33.02,47.39,20.98,0.62,0
2023-06-25 15:30:00+00:00,208.16,108.09,24.64,37.24,20.34,0.48,0
2023-06-25 16:30:00+00:00,79.6,62.42,17.6,26.91,19.81,0.55,0
2023-06-25 17:30:00+00:00,0.0,39.06,3.06,16.79,19.13,0.55,0
2023-06-25 18:30:00+00:00,0.0,21.7,1.7,7.18,18.32,0.55,0
2023-06-25 19:30:00+00:00,0.0,0.0,0.0,-1.59,17.46,0.48,0
2023-06-25 20:30:00+00:00,0.0,0.0,0.0,0.0,16.72,0.62,0
2023-06-25 21:30:00+00:00,0.0,0.0,0.0,0.0,15.67,0.69,0
2023-06-25 22:30:00+00:00,0.0,0.0,0.0,0.0,14.72,0.76,0
2023-06-25 23:30:00+00:00,0.0,0.0,0.0,0.0,13.97,0.76,0
2023-06-26 00:30:00+00:00,0.0,0.0,0.0,0.0,13.25,0.76,0
2023-06-26 01:30:00+00:00,0.0,0.0,0.0,0.0,12.87,0.76,0
2023-06-26 02:30:00+00:00,0.0,0.0,0.0,0.0,12.16,0.83,0
2023-06-26 03:30:00+00:00,0.0,0.0,0.0,-1.78,10.96,0.76,0
2023-06-26 04:30:00+00:00,0.0,20.58,1.61,6.98,10.54,0.69,0
2023-06-26 05:30:00+00:00,0.0,62.2,4.87,16.57,10.68,0.76,0
2023-06-26 06:30:00+00:00,80.73,72.17,18.9,26.69,12.94,0.76,0
2023-06-26 07:30:00+00:00,272.37,81.12,28.65,37.02,15.87,0.97,0
2023-06-26 08:30:00+00:00,430.41,99.67,35.28,47.18,17.42,0.97,0
2023-06-26 09:30:00+00:00,540.39,131.62,40.51,56.56,18.65,0.97,0
2023-06-26 10:30:00+00:00,612.18,149.5,43.82,63.92,19.63,1.03,0
2023-06-26 11:30:00+00:00,630.29,147.54,44.15,66.96,20.48,1.03,0
2023-06-26 12:30:00+00:00,568.16,148.33,41.19,64.05,20.86,0.97,0
2023-06-26 13:30:00+00:00,407.47,161.88,34.12,56.76,20.81,0.9,0
2023-06-26 14:30:00+00:00,304.53,121.79,27.93,47.41,20.47,0.83,0
2023-06-26 15:30:00+00:00,173.59,93.02,20.69,37.25,20.08,0.76,0
2023-06-26 16:30:00+00:00,73.25,69.82,16.96,26.93,19.53,0.83,0
2023-06-26 17:30:00+00:00,0.0,43.56,3.41,16.8,18.73,0.9,0
2023-06-26 18:30:00+00:00,0.0,18.64,1.46,7.19,17.61,0.76,0
2023-06-26 19:30:00+00:00,0.0,0.0,0.0,-1.59,16.56,0.76,0
2023-06-26 20:30:00+00:00,0.0,0.0,0.0,0.0,15.14,0.83,0
2023-06-26 21:30:00+00:00,0.0,0.0,0.0,0.0,14.71,0.83,0
2023-06-26 22:30:00+00:00,0.0,0.0,0.0,0.0,14.44,0.83,0
2023-06-26 23:30:00+00:00,0.0,0.0,0.0,0.0,13.5,0.97,0
2023-06-27 00:30:00+00:00,0.0,0.0,0.0,0.0,13.08,0.83,0
2023-06-27 01:30:00+00:00,0.0,0.0,0.0,0.0,12.32,0.83,0
2023-06-27 02:30:00+00:00,0.0,0.0,0.0,0.0,12.09,0.76,0
2023-06-27 03:30:00+00:00,0.0,0.0,0.0,-1.84,11.78,0.76,0
2023-06-27 04:30:00+00:00,0.0,19.95,1.56,6.92,11.53,0.76,0
2023-06-27 05:30:00+00:00,0.0,56.42,4.42,16.52,11.91,0.76,0
2023-06-27 06:30:00+00:00,34.61,93.63,12.27,26.63,12.41,0.97,0
2023-06-27 07:30:00+00:00,151.84,117.51,20.52,36.96,13.59,1.1,0
2023-06-27 08:30:00+00:00,347.74,120.34,30.82,47.12,14.69,1.17,0
2023-06-27 09:30:00+00:00,367.27,176.82,32.61,56.51,16.09,1.1,0
2023-06-27 10:30:00+00:00,490.88,145.78,36.65,63.87,16.98,1.17,0
2023-06-27 11:30:00+00:00,499.25,200.26,39.61,66.93,17.71,1.24,0
2023-06-27 12:30:00+00:00,363.7,208.04,32.99,64.04,18.4,1.38,0
2023-06-27 13:30:00+00:00,337.3,208.84,32.64,56.76,18.57,1.45,0
2023-06-27 14:30:00+00:00,287.8,169.95,29.62,47.42,18.88,1.59,0
2023-06-27 15:30:00+00:00,115.57,159.74,20.04,37.27,18.84,1.66,0
2023-06-27 16:30:00+00:00,31.69,119.78,13.33,26.94,18.04,1.45,0
2023-06-27 17:30:00+00:00,0.0,57.54,4.51,16.81,17.16,1.24,0
2023-06-27 18:30:00+00:00,0.0,24.83,1.95,7.19,16.04,1.1,0
2023-06-27 19:30:00+00:00,0.0,0.0,0.0,-1.59,15.11,0.97,0
2023-06-27 20:30:00+00:00,0.0,0.0,0.0,0.0,13.3,0.97,0
2023-06-27 21:30:00+00:00,0.0,0.0,0.0,0.0,12.32,0.97,0
2023-06-27 22:30:00+00:00,0.0,0.0,0.0,0.0,11.65,0.9,0
2023-06-27 23:30:00+00:00,0.0,0.0,0.0,0.0,11.1,0.9,0
2023-06-28 00:30:00+00:00,0.0,0.0,0.0,0.0,10.56,0.83,0
2023-06-28 01:30:00+00:00,0.0,0.0,0.0,0.0,9.95,0.69,0
2023-06-28 02:30:00+00:00,0.0,0.0,0.0,0.0,9.26,0.55,0
2023-06-28 03:30:00+00:00,0.0,0.0,0.0,-1.9,8.81,0.55,0
2023-06-28 04:30:00+00:00,0.0,23.33,1.83,6.86,8.33,0.62,0
2023-06-28 05:30:00+00:00,0.0,53.8,4.22,16.45,8.08,0.69,0
2023-06-28 06:30:00+00:00,83.83,65.95,19.06,26.57,10.12,0.69,0
2023-06-28 07:30:00+00:00,243.85,101.22,27.42,36.9,12.54,0.9,0
2023-06-28 08:30:00+00:00,425.41,105.08,35.21,47.06,14.38,0.9,0
2023-06-28 09:30:00+00:00,498.42,150.75,38.96,56.44,16.01,0.9,0
2023-06-28 10:30:00+00:00,530.32,177.83,40.6,63.81,17.22,0.83,0
2023-06-28 11:30:00+00:00,477.34,188.34,37.73,66.89,18.39,0.9,0
2023-06-28 12:30:00+00:00,401.91,216.08,35.51,64.02,19.12,0.83,0
2023-06-28 13:30:00+00:00,383.32,177.83,33.53,56.76,19.44,0.69,0
2023-06-28 14:30:00+00:00,281.73,133.38,27.03,47.42,19.24,0.55,0
2023-06-28 15:30:00+00:00,213.53,103.73,24.68,37.27,18.59,0.62,0
2023-06-28 16:30:00+00:00,60.81,75.39,15.08,26.94,18.13,0.55,0
2023-06-28 17:30:00+00:00,0.0,47.36,3.71,16.81,17.24,0.41,0
2023-06-28 18:30:00+00:00,0.0,22.15,1.74,7.19,16.21,0.28,0
2023-06-28 19:30:00+00:00,0.0,0.0,0.0,-1.6,15.27,0.21,0
2023-06-28 20:30:00+00:00,0.0,0.0,0.0,0.0,14.38,0.21,0
2023-06-28 21:30:00+00:00,0.0,0.0,0.0,0.0,13.44,0.14,0
2023-06-28 22:30:00+00:00,0.0,0.0,0.0,0.0,12.68,0.07,0
2023-06-28 23:30:00+00:00,0.0,0.0,0.0,0.0,12.07,0.07,0
2023-06-29 00:30:00+00:00,0.0,0.0,0.0,0.0,11.56,0.14,0
2023-06-29 01:30:00+00:00,0.0,0.0,0.0,0.0,11.34,0.28,0
2023-06-29 02:30:00+00:00,0.0,0.0,0.0,0.0,11.04,0.41,0
2023-06-29 03:30:00+00:00,0.0,0.0,0.0,-1.96,11.02,0.48,0
2023-06-29 04:30:00+00:00,0.0,16.31,1.28,6.79,11.01,0.55,0
2023-06-29 05:30:00+00:00,0.0,48.38,3.79,16.39,11.1,0.62,0
2023-06-29 06:30:00+00:00,38.8,94.06,13.06,26.5,12.43,0.69,0
2023-06-29 07:30:00+00:00,158.96,130.42,21.93,36.83,13.44,0.62,0
2023-06-29 08:30:00+00:00,248.73,160.76,26.57,46.99,14.82,0.55,0
2023-06-29 09:30:00+00:00,335.5,207.4,32.46,56.38,16.06,0.34,0
2023-06-29 10:30:00+00:00,287.86,214.15,29.23,63.75,16.99,0.28,0
2023-06-29 11:30:00+00:00,202.05,246.91,26.48,66.84,17.27,0.34,0
2023-06-29 12:30:00+00:00,84.65,195.97,17.43,63.99,17.02,0.41,0
2023-06-29 13:30:00+00:00,14.54,153.0,11.02,56.75,15.9,0.41,0
2023-06-29 14:30:00+00:00,0.0,91.1,6.08,47.42,14.9,0.48,0
2023-06-29 15:30:00+00:00,0.0,48.22,3.22,37.27,14.13,0.0,0
2023-06-29 16:30:00+00:00,5.96,79.39,6.27,26.95,13.5,0.14,0
2023-06-29 17:30:00+00:00,0.0,49.37,3.87,16.81,13.67,0.34,0
2023-06-29 18:30:00+00:00,0.0,7.15,0.56,7.19,13.26,0.14,0
2023-06-29 19:30:00+00:00,0.0,0.0,0.0,-1.61,12.02,0.14,0
2023-06-29 20:30:00+00:00,0.0,0.0,0.0,0.0,11.79,0.21,0
2023-06-29 21:30:00+00:00,0.0,0.0,0.0,0.0,11.57,0.07,0
2023-06-29 22:30:00+00:00,0.0,0.0,0.0,0.0,10.97,0.21,0
2023-06-29 23:30:00+00:00,0.0,0.0,0.0,0.0,10.36,0.14,0
2023-06-30 00:30:00+00:00,0.0,0.0,0.0,0.0,9.37,0.07,0
2023-06-30 01:30:00+00:00,0.0,0.0,0.0,0.0,9.36,0.0,0
2023-06-30 02:30:00+00:00,0.0,0.0,0.0,0.0,8.76,0.0,0
2023-06-30 03:30:00+00:00,0.0,0.0,0.0,-2.04,8.48,0.07,0
2023-06-30 04:30:00+00:00,0.0,20.17,1.58,6.72,8.51,0.14,0
2023-06-30 05:30:00+00:00,0.0,60.73,4.76,16.31,9.5,0.14,0
2023-06-30 06:30:00+00:00,0.0,61.93,4.13,26.43,10.57,0.21,0
2023-06-30 07:30:00+00:00,0.0,58.6,3.91,36.76,11.07,0.28,0
2023-06-30 08:30:00+00:00,0.0,73.01,4.87,46.92,11.35,0.21,0
2023-06-30 09:30:00+00:00,0.69,110.72,7.43,56.3,11.5,0.28,0
2023-06-30 10:30:00+00:00,1.72,162.17,10.92,63.68,11.73,0.34,0
2023-06-30 11:30:00+00:00,58.96,229.51,18.23,66.78,12.07,0.55,0
2023-06-30 12:30:00+00:00,47.64,181.56,14.58,63.96,13.18,0.55,0
2023-06-30 13:30:00+00:00,30.07,136.52,10.8,56.73,13.1,0.55,0
2023-06-30 14:30:00+00:00,14.46,114.38,8.56,47.41,12.53,0.62,0
2023-06-30 15:30:00+00:00,19.81,113.89,9.21,37.27,12.41,0.83,0
2023-06-30 16:30:00+00:00,5.32,73.26,5.75,26.94,12.02,1.03,0
2023-06-30 17:30:00+00:00,0.0,28.34,2.22,16.81,11.63,0.97,0
2023-06-30 18:30:00+00:00,0.0,9.25,0.72,7.18,11.2,0.83,0
2023-06-30 19:30:00+00:00,0.0,0.0,0.0,-1.63,10.72,0.83,0
2023-06-30 20:30:00+00:00,0.0,0.0,0.0,0.0,10.47,0.83,0
2023-06-30 21:30:00+00:00,0.0,0.0,0.0,0.0,10.25,0.83,0
2023-06-30 22:30:00+00:00,0.0,0.0,0.0,0.0,10.06,0.83,0
2023-06-30 23:30:00+00:00,0.0,0.0,0.0,0.0,9.89,0.83,0
2023-07-01 00:30:00+00:00,0.0,0.0,0.0,0.0,9.54,0.83,0
2023-07-01 01:30:00+00:00,0.0,0.0,0.0,0.0,8.96,0.83,0
2023-07-01 02:30:00+00:00,0.0,0.0,0.0,0.0,8.57,0.76,0
2023-07-01 03:30:00+00:00,0.0,0.0,0.0,-2.11,8.24,0.76,0
2023-07-01 04:30:00+00:00,0.0,15.38,1.21,6.64,8.09,0.9,0
2023-07-01 05:30:00+00:00,0.0,39.92,3.13,16.24,8.46,0.97,0
2023-07-01 06:30:00+00:00,51.62,88.69,14.96,26.36,8.52,1.1,0
2023-07-01 07:30:00+00:00,172.75,121.08,22.47,36.68,9.41,0.97,0
2023-07-01 08:30:00+00:00,292.61,175.62,30.28,46.84,10.91,1.1,0
2023-07-01 09:30:00+00:00,405.28,200.25,36.06,56.23,12.48,1.17,0
2023-07-01 10:30:00+00:00,422.7,235.57,37.66,63.6,13.91,1.24,0
2023-07-01 11:30:00+00:00,527.34,207.76,41.42,66.71,14.93,1.31,0
2023-07-01 12:30:00+00:00,557.7,177.72,41.97,63.92,15.99,1.59,0
2023-07-01 13:30:00+00:00,348.57,183.66,31.72,56.71,16.77,1.72,0
2023-07-01 14:30:00+00:00,154.21,171.81,21.02,47.4,16.37,1.45,0
2023-07-01 15:30:00+00:00,133.93,115.41,18.59,37.26,15.73,1.24,0
2023-07-01 16:30:00+00:00,42.06,65.85,11.12,26.93,15.27,1.03,0
2023-07-01 17:30:00+00:00,0.0,43.75,3.43,16.79,14.64,0.97,0
2023-07-01 18:30:00+00:00,0.0,13.05,1.02,7.16,13.79,0.83,0
2023-07-01 19:30:00+00:00,0.0,0.0,0.0,-1.65,12.76,0.83,0
2023-07-01 20:30:00+00:00,0.0,0.0,0.0,0.0,12.12,0.83,0
2023-07-01 21:30:00+00:00,0.0,0.0,0.0,0.0,11.57,0.83,0
2023-07-01 22:30:00+00:00,0.0,0.0,0.0,0.0,11.01,0.83,0
2023-07-01 23:30:00+00:00,0.0,0.0,0.0,0.0,10.28,0.76,0
2023-07-02 00:30:00+00:00,0.0,0.0,0.0,0.0,10.05,0.69,0
2023-07-02 01:30:00+00:00,0.0,0.0,0.0,0.0,10.47,0.62,0
2023-07-02 02:30:00+00:00,0.0,0.0,0.0,0.0,10.06,0.69,0
2023-07-02 03:30:00+00:00,0.0,0.0,0.0,-2.2,9.67,0.76,0
2023-07-02 04:30:00+00:00,0.0,11.65,0.91,6.56,9.63,0.69,0
2023-07-02 05:30:00+00:00,0.0,35.07,2.75,16.16,9.65,0.83,0
2023-07-02 06:30:00+00:00,18.68,58.5,7.11,26.28,10.8,0.97,0
2023-07-02 07:30:00+00:00,77.56,115.19,14.09,36.6,11.06,1.1,0
2023-07-02 08:30:00+00:00,142.62,166.65,20.04,46.76,12.24,1.1,0
2023-07-02 09:30:00+00:00,187.23,198.51,23.47,56.15,13.4,1.03,0
2023-07-02 10:30:00+00:00,212.24,235.37,26.44,63.52,14.37,0.97,0
2023-07-02 11:30:00+00:00,201.48,204.86,23.87,66.64,15.34,0.97,0
2023-07-02 12:30:00+00:00,177.79,226.83,24.12,63.87,15.68,0.97,0
2023-07-02 13:30:00+00:00,200.71,231.01,26.12,56.68,16.25,0.97,0
2023-07-02 14:30:00+00:00,74.09,185.38,16.88,47.38,16.76,0.97,0
2023-07-02 15:30:00+00:00,131.11,117.02,18.42,37.25,16.35,0.9,0
2023-07-02 16:30:00+00:00,58.03,81.1,14.71,26.92,16.11,0.97,0
2023-07-02 17:30:00+00:00,0.0,53.13,4.16,16.78,15.6,0.97,0
2023-07-02 18:30:00+00:00,0.0,21.38,1.67,7.14,14.7,0.83,0
2023-07-02 19:30:00+00:00,0.0,0.0,0.0,-1.68,13.98,0.76,0
2023-07-02 20:30:00+00:00,0.0,0.0,0.0,0.0,12.67,0.76,0
2023-07-02 21:30:00+00:00,0.0,0.0,0.0,0.0,12.09,0.76,0
2023-07-02 22:30:00+00:00,0.0,0.0,0.0,0.0,11.71,0.76,0
2023-07-02 23:30:00+00:00,0.0,0.0,0.0,0.0,11.52,0.69,0
2023-07-03 00:30:00+00:00,0.0,0.0,0.0,0.0,11.23,0.69,0
2023-07-03 01:30:00+00:00,0.0,0.0,0.0,0.0,10.77,0.62,0
2023-07-03 02:30:00+00:00,0.0,0.0,0.0,0.0,10.39,0.62,0
2023-07-03 03:30:00+00:00,0.0,0.0,0.0,-2.28,10.21,0.48,0
2023-07-03 04:30:00+00:00,0.0,18.35,1.44,6.47,9.93,0.48,0
2023-07-03 05:30:00+00:00,0.0,45.79,3.59,16.07,9.62,0.62,0
2023-07-03 06:30:00+00:00,57.49,72.3,14.83,26.19,10.69,0.69,0
2023-07-03 07:30:00+00:00,152.4,116.37,20.4,36.52,12.13,0.83,0
2023-07-03 08:30:00+00:00,250.53,145.25,25.66,46.68,13.37,0.76,0
2023-07-03 09:30:00+00:00,349.41,192.2,32.27,56.06,14.5,0.9,0
2023-07-03 10:30:00+00:00,465.32,203.73,38.16,63.43,15.64,0.9,0
2023-07-03 11:30:00+00:00,529.27,188.45,40.38,66.57,16.54,1.03,0
2023-07-03 12:30:00+00:00,543.17,189.16,41.65,63.81,17.15,1.03,0
2023-07-03 13:30:00+00:00,482.84,140.31,37.08,56.65,17.44,0.97,0
2023-07-03 14:30:00+00:00,305.85,164.79,30.21,47.36,17.2,0.97,0
2023-07-03 15:30:00+00:00,240.82,92.49,25.94,37.23,16.57,1.1,0
2023-07-03 16:30:00+00:00,77.15,65.23,16.58,26.9,15.98,1.03,0
2023-07-03 17:30:00+00:00,0.0,49.46,3.87,16.76,15.2,0.97,0
2023-07-03 18:30:00+00:00,0.0,22.12,1.73,7.11,14.29,0.83,0
2023-07-03 19:30:00+00:00,0.0,0.0,0.0,-1.72,13.25,0.76,0
2023-07-03 20:30:00+00:00,0.0,0.0,0.0,0.0,11.85,0.76,0
2023-07-03 21:30:00+00:00,0.0,0.0,0.0,0.0,11.73,0.69,0
2023-07-03 22:30:00+00:00,0.0,0.0,0.0,0.0,11.15,0.69,0
2023-07-03 23:30:00+00:00,0.0,0.0,0.0,0.0,10.65,0.69,0
2023-07-04 00:30:00+00:00,0.0,0.0,0.0,0.0,10.07,0.62,0
2023-07-04 01:30:00+00:00,0.0,0.0,0.0,0.0,10.04,0.62,0
2023-07-04 02:30:00+00:00,0.0,0.0,0.0,0.0,9.57,0.62,0
2023-07-04 03:30:00+00:00,0.0,0.0,0.0,-2.37,9.09,0.55,0
2023-07-04 04:30:00+00:00,0.0,17.87,1.4,6.38,8.71,0.55,0
2023-07-04 05:30:00+00:00,0.0,48.95,3.83,15.99,8.53,0.48,0
2023-07-04 06:30:00+00:00,55.11,71.39,14.33,26.11,9.95,0.62,0
2023-07-04 07:30:00+00:00,213.34,97.29,24.35,36.43,12.11,0.28,0
2023-07-04 08:30:00+00:00,388.61,104.81,32.44,46.59,13.64,0.07,0
2023-07-04 09:30:00+00:00,460.79,152.65,36.55,55.97,14.89,0.34,0
2023-07-04 10:30:00+00:00,561.05,170.13,41.65,63.34,15.85,0.41,0
2023-07-04 11:30:00+00:00,533.99,191.69,40.75,66.48,16.52,0.41,0
2023-07-04 12:30:00+00:00,553.16,154.68,40.29,63.75,16.3,0.28,0
2023-07-04 13:30:00+00:00,249.02,121.68,22.27,56.61,16.77,0.14,0
2023-07-04 14:30:00+00:00,191.61,168.95,23.1,47.33,14.84,0.28,0
2023-07-04 15:30:00+00:00,156.8,107.67,19.83,37.2,15.23,0.28,0
2023-07-04 16:30:00+00:00,58.73,77.06,14.36,26.88,14.91,0.41,0
2023-07-04 17:30:00+00:00,0.0,53.1,4.16,16.73,13.94,0.69,0
2023-07-04 18:30:00+00:00,0.0,21.57,1.69,7.08,12.94,0.55,0
2023-07-04 19:30:00+00:00,0.0,0.0,0.0,-1.76,13.2,0.14,0
2023-07-04 20:30:00+00:00,0.0,0.0,0.0,0.0,12.24,0.21,0
2023-07-04 21:30:00+00:00,0.0,0.0,0.0,0.0,11.42,0.21,0
2023-07-04 22:30:00+00:00,0.0,0.0,0.0,0.0,10.77,0.21,0
2023-07-04 23:30:00+00:00,0.0,0.0,0.0,0.0,10.19,0.21,0
2023-07-05 00:30:00+00:00,0.0,0.0,0.0,0.0,9.74,0.21,0
2023-07-05 01:30:00+00:00,0.0,0.0,0.0,0.0,9.36,0.21,0
2023-07-05 02:30:00+00:00,0.0,0.0,0.0,0.0,9.13,0.21,0
2023-07-05 03:30:00+00:00,0.0,0.0,0.0,-2.47,9.03,0.21,0
2023-07-05 04:30:00+00:00,0.0,17.49,1.37,6.29,8.86,0.34,0
2023-07-05 05:30:00+00:00,0.0,47.55,3.72,15.9,9.15,0.34,0
2023-07-05 06:30:00+00:00,67.98,60.89,15.82,26.02,10.51,0.41,0
2023-07-05 07:30:00+00:00,160.83,111.24,20.72,36.34,12.66,0.41,0
2023-07-05 08:30:00+00:00,238.16,124.17,23.53,46.5,13.67,0.62,0
2023-07-05 09:30:00+00:00,350.86,185.29,31.87,55.87,14.15,0.76,0
2023-07-05 10:30:00+00:00,429.37,216.77,36.8,63.24,15.09,0.55,0
2023-07-05 11:30:00+00:00,482.7,185.68,37.57,66.39,15.75,0.62,0
2023-07-05 12:30:00+00:00,428.95,166.03,33.92,63.69,16.03,0.62,0
2023-07-05 13:30:00+00:00,298.0,199.72,29.57,56.56,15.29,0.69,0
2023-07-05 14:30:00+00:00,168.54,127.38,19.07,47.29,14.99,0.76,0
2023-07-05 15:30:00+00:00,129.49,130.65,19.01,37.17,14.03,0.9,0
2023-07-05 16:30:00+00:00,62.17,80.19,15.04,26.85,13.98,1.1,0
2023-07-05 17:30:00+00:00,0.0,52.94,4.15,16.69,13.03,0.9,0
2023-07-05 18:30:00+00:00,0.0,22.05,1.73,7.04,12.24,0.9,0
2023-07-05 19:30:00+00:00,0.0,0.0,0.0,-1.8,11.79,0.76,0
2023-07-05 20:30:00+00:00,0.0,0.0,0.0,0.0,10.4,0.69,0
2023-07-05 21:30:00+00:00,0.0,0.0,0.0,0.0,10.2,0.62,0
2023-07-05 22:30:00+00:00,0.0,0.0,0.0,0.0,9.81,0.55,0
2023-07-05 23:30:00+00:00,0.0,0.0,0.0,0.0,9.36,0.55,0
2023-07-06 00:30:00+00:00,0.0,0.0,0.0,0.0,9.07,0.41,0
2023-07-06 01:30:00+00:00,0.0,0.0,0.0,0.0,8.53,0.48,0
2023-07-06 02:30:00+00:00,0.0,0.0,0.0,0.0,8.32,0.41,0
2023-07-06 03:30:00+00:00,0.0,0.0,0.0,-2.57,7.97,0.48,0
2023-07-06 04:30:00+00:00,0.0,20.07,1.57,6.19,7.68,0.41,0
2023-07-06 05:30:00+00:00,0.0,49.18,3.85,15.8,7.96,0.41,0
2023-07-06 06:30:00+00:00,82.35,65.16,18.69,25.92,9.4,0.48,0
2023-07-06 07:30:00+00:00,250.83,87.98,26.89,36.25,11.59,0.62,0
2023-07-06 08:30:00+00:00,326.4,122.41,29.18,46.4,13.27,0.69,0
2023-07-06 09:30:00+00:00,414.25,187.43,35.62,55.77,14.06,0.69,0
2023-07-06 10:30:00+00:00,480.53,196.67,38.45,63.14,14.94,0.55,0
2023-07-06 11:30:00+00:00,435.91,200.85,35.81,66.3,15.11,0.55,0
2023-07-06 12:30:00+00:00,464.06,199.11,37.6,63.61,15.42,0.41,0
2023-07-06 13:30:00+00:00,370.66,174.61,32.22,56.51,15.73,0.48,0
2023-07-06 14:30:00+00:00,104.7,199.37,19.55,47.25,15.14,0.69,0
2023-07-06 15:30:00+00:00,112.57,152.08,18.97,37.14,13.55,0.55,0
2023-07-06 16:30:00+00:00,50.14,77.46,12.87,26.81,13.29,0.48,0
2023-07-06 17:30:00+00:00,0.0,57.57,4.51,16.66,13.1,0.48,0
2023-07-06 18:30:00+00:00,0.0,20.42,1.6,6.99,12.69,0.48,0
2023-07-06 19:30:00+00:00,0.0,0.0,0.0,-1.86,13.01,0.14,0
2023-07-06 20:30:00+00:00,0.0,0.0,0.0,0.0,11.95,0.28,0
2023-07-06 21:30:00+00:00,0.0,0.0,0.0,0.0,10.74,0.14,0
2023-07-06 22:30:00+00:00,0.0,0.0,0.0,0.0,9.86,0.0,0
2023-07-06 23:30:00+00:00,0.0,0.0,0.0,0.0,9.03,0.14,0
2023-07-07 00:30:00+00:00,0.0,0.0,0.0,0.0,8.54,0.21,0
2023-07-07 01:30:00+00:00,0.0,0.0,0.0,0.0,8.36,0.21,0
2023-07-07 02:30:00+00:00,0.0,0.0,0.0,0.0,7.97,0.14,0
2023-07-07 03:30:00+00:00,0.0,0.0,0.0,-2.68,7.39,0.21,0
2023-07-07 04:30:00+00:00,0.0,18.86,1.48,6.09,6.45,0.21,0
2023-07-07 05:30:00+00:00,0.0,47.45,3.72,15.7,7.27,0.14,0
2023-07-07 06:30:00+00:00,94.03,51.28,19.68,25.83,10.29,0.07,0
2023-07-07 07:30:00+00:00,280.88,75.57,28.64,36.15,14.19,0.48,0
2023-07-07 08:30:00+00:00,460.96,94.21,36.53,46.31,15.67,0.48,0
2023-07-07 09:30:00+00:00,596.54,108.47,42.08,55.67,17.05,0.62,0
2023-07-07 10:30:00+00:00,634.89,145.85,44.32,63.03,18.06,0.62,0
2023-07-07 11:30:00+00:00,605.36,159.77,42.78,66.19,18.75,0.62,0
2023-07-07 12:30:00+00:00,545.61,149.5,39.37,63.53,19.01,0.76,0
2023-07-07 13:30:00+00:00,471.37,166.78,37.56,56.45,18.78,0.83,0
2023-07-07 14:30:00+00:00,327.56,153.97,30.72,47.21,18.5,1.03,0
2023-07-07 15:30:00+00:00,155.52,104.78,19.36,37.1,17.69,1.03,0
2023-07-07 16:30:00+00:00,56.07,94.11,14.87,26.77,16.88,0.9,0
2023-07-07 17:30:00+00:00,0.0,47.55,3.72,16.61,16.13,0.9,0
2023-07-07 18:30:00+00:00,0.0,22.18,1.74,6.94,15.47,0.83,0
2023-07-07 19:30:00+00:00,0.0,0.0,0.0,-1.92,15.02,0.76,0
2023-07-07 20:30:00+00:00,0.0,0.0,0.0,0.0,14.21,0.48,0
2023-07-07 21:30:00+00:00,0.0,0.0,0.0,0.0,13.49,0.41,0
2023-07-07 22:30:00+00:00,0.0,0.0,0.0,0.0,12.8,0.34,0
2023-07-07 23:30:00+00:00,0.0,0.0,0.0,0.0,12.19,0.41,0
2023-07-08 00:30:00+00:00,0.0,0.0,0.0,0.0,11.52,0.41,0
2023-07-08 01:30:00+00:00,0.0,0.0,0.0,0.0,10.48,0.28,0
2023-07-08 02:30:00+00:00,0.0,0.0,0.0,0.0,10.01,0.34,0
2023-07-08 03:30:00+00:00,0.0,0.0,0.0,-2.79,9.57,0.28,0
2023-07-08 04:30:00+00:00,0.0,17.14,1.34,5.98,8.96,0.21,0
2023-07-08 05:30:00+00:00,0.0,54.76,4.29,15.6,9.41,0.28,0
2023-07-08 06:30:00+00:00,6.47,82.8,6.63,25.73,11.43,0.48,0
2023-07-08 07:30:00+00:00,40.31,121.96,11.39,36.05,12.75,0.34,0
2023-07-08 08:30:00+00:00,92.09,130.62,14.47,46.2,13.52,0.48,0
2023-07-08 09:30:00+00:00,236.01,140.05,22.55,55.56,14.09,0.48,0
2023-07-08 10:30:00+00:00,376.69,217.41,33.83,62.91,15.32,0.76,0
2023-07-08 11:30:00+00:00,403.29,217.38,34.87,66.08,16.84,0.83,0
2023-07-08 12:30:00+00:00,380.32,215.54,33.85,63.45,17.8,0.55,0
2023-07-08 13:30:00+00:00,437.95,173.69,35.91,56.39,18.27,0.28,0
2023-07-08 14:30:00+00:00,304.01,160.59,29.5,47.16,18.93,0.07,0
2023-07-08 15:30:00+00:00,175.95,115.5,21.61,37.05,19.03,0.14,0
2023-07-08 16:30:00+00:00,89.17,58.27,17.35,26.72,18.83,0.34,0
2023-07-08 17:30:00+00:00,0.0,39.54,3.1,16.56,18.55,0.28,0
2023-07-08 18:30:00+00:00,0.0,19.75,1.55,6.89,17.91,0.21,0
2023-07-08 19:30:00+00:00,0.0,0.0,0.0,-1.98,16.65,0.41,0
2023-07-08 20:30:00+00:00,0.0,0.0,0.0,0.0,15.76,0.41,0
2023-07-08 21:30:00+00:00,0.0,0.0,0.0,0.0,14.88,0.34,0
2023-07-08 22:30:00+00:00,0.0,0.0,0.0,0.0,14.11,0.41,0
2023-07-08 23:30:00+00:00,0.0,0.0,0.0,0.0,13.23,0.34,0
2023-07-09 00:30:00+00:00,0.0,0.0,0.0,0.0,12.06,0.34,0
2023-07-09 01:30:00+00:00,0.0,0.0,0.0,0.0,11.39,0.34,0
2023-07-09 02:30:00+00:00,0.0,0.0,0.0,0.0,10.36,0.34,0
2023-07-09 03:30:00+00:00,0.0,0.0,0.0,-2.9,9.97,0.28,0
2023-07-09 04:30:00+00:00,0.0,18.45,1.44,5.87,9.44,0.28,0
2023-07-09 05:30:00+00:00,0.0,51.44,4.03,15.49,9.87,0.21,0
2023-07-09 06:30:00+00:00,68.32,81.4,17.24,25.62,12.68,0.21,0
2023-07-09 07:30:00+00:00,257.72,90.93,27.46,35.95,17.18,0.07,0
2023-07-09 08:30:00+00:00,451.01,96.32,35.8,46.1,19.99,0.07,0
2023-07-09 09:30:00+00:00,581.72,111.01,41.13,55.45,21.23,0.14,0
2023-07-09 10:30:00+00:00,655.47,119.48,43.91,62.79,22.19,0.14,0
2023-07-09 11:30:00+00:00,677.79,132.73,45.21,65.97,22.86,0.28,0
2023-07-09 12:30:00+00:00,488.01,193.87,38.41,63.35,23.35,0.34,0
2023-07-09 13:30:00+00:00,422.65,182.55,35.43,56.32,23.36,0.28,0
2023-07-09 14:30:00+00:00,334.92,129.11,29.58,47.1,23.36,0.55,0
2023-07-09 15:30:00+00:00,203.71,106.73,23.22,37.0,22.64,0.34,0
2023-07-09 16:30:00+00:00,69.38,77.75,15.58,26.67,22.16,0.21,0
2023-07-09 17:30:00+00:00,0.0,44.36,3.47,16.51,21.39,0.28,0
2023-07-09 18:30:00+00:00,0.0,19.5,1.53,6.82,20.45,0.07,0
2023-07-09 19:30:00+00:00,0.0,0.0,0.0,-2.05,19.85,0.21,0
2023-07-09 20:30:00+00:00,0.0,0.0,0.0,0.0,18.72,0.28,0
2023-07-09 21:30:00+00:00,0.0,0.0,0.0,0.0,17.74,0.21,0
2023-07-09 22:30:00+00:00,0.0,0.0,0.0,0.0,16.75,0.21,0
2023-07-09 23:30:00+00:00,0.0,0.0,0.0,0.0,15.88,0.28,0
2023-07-10 00:30:00+00:00,0.0,0.0,0.0,0.0,15.22,0.28,0
2023-07-10 01:30:00+00:00,0.0,0.0,0.0,0.0,14.6,0.34,0
2023-07-10 02:30:00+00:00,0.0,0.0,0.0,0.0,14.12,0.34,0
2023-07-10 03:30:00+00:00,0.0,0.0,0.0,-3.02,13.64,0.34,0
2023-07-10 04:30:00+00:00,0.0,18.22,1.43,5.76,13.2,0.34,0
2023-07-10 05:30:00+00:00,0.0,41.49,3.25,15.38,13.17,0.34,0
2023-07-10 06:30:00+00:00,82.39,54.2,17.63,25.52,14.57,0.34,0
2023-07-10 07:30:00+00:00,229.2,83.5,24.47,35.84,19.04,0.14,0
2023-07-10 08:30:00+00:00,413.59,103.29,33.59,45.99,20.38,0.21,0
2023-07-10 09:30:00+00:00,503.79,139.23,37.92,55.33,21.51,0.55,0
2023-07-10 10:30:00+00:00,595.74,132.84,41.13,62.67,22.2,0.76,0
2023-07-10 11:30:00+00:00,583.2,164.33,41.53,65.84,22.8,0.76,0
2023-07-10 12:30:00+00:00,492.71,153.17,36.38,63.25,23.08,0.83,0
2023-07-10 13:30:00+00:00,346.36,166.7,30.12,56.24,22.94,0.76,0
2023-07-10 14:30:00+00:00,353.97,112.94,29.79,47.04,22.51,0.62,0
2023-07-10 15:30:00+00:00,222.26,101.7,24.32,36.95,22.41,0.69,0
2023-07-10 16:30:00+00:00,88.45,60.34,17.1,26.62,22.13,0.55,0
2023-07-10 17:30:00+00:00,0.0,45.28,3.55,16.45,21.74,0.48,0
2023-07-10 18:30:00+00:00,0.0,19.88,1.56,6.76,20.83,0.34,0
2023-07-10 19:30:00+00:00,0.0,0.0,0.0,-2.13,18.86,0.28,0
2023-07-10 20:30:00+00:00,0.0,0.0,0.0,0.0,17.98,0.07,0
2023-07-10 21:30:00+00:00,0.0,0.0,0.0,0.0,16.96,0.14,0
2023-07-10 22:30:00+00:00,0.0,0.0,0.0,0.0,16.06,0.14,0
2023-07-10 23:30:00+00:00,0.0,0.0,0.0,0.0,15.23,0.14,0
2023-07-11 00:30:00+00:00,0.0,0.0,0.0,0.0,14.63,0.21,0
2023-07-11 01:30:00+00:00,0.0,0.0,0.0,0.0,13.86,0.21,0
2023-07-11 02:30:00+00:00,0.0,0.0,0.0,0.0,13.46,0.21,0
2023-07-11 03:30:00+00:00,0.0,0.0,0.0,-3.14,13.1,0.28,0
2023-07-11 04:30:00+00:00,0.0,16.72,1.31,5.64,12.84,0.28,0
2023-07-11 05:30:00+00:00,0.0,38.14,2.99,15.27,13.17,0.21,0
2023-07-11 06:30:00+00:00,81.62,55.91,17.55,25.41,14.99,0.14,0
2023-07-11 07:30:00+00:00,242.37,84.64,25.57,35.73,18.56,0.41,0
2023-07-11 08:30:00+00:00,402.67,115.71,33.48,45.87,20.24,0.55,0
2023-07-11 09:30:00+00:00,601.52,103.93,41.73,55.21,21.61,0.48,0
2023-07-11 10:30:00+00:00,560.02,171.0,41.07,62.54,22.83,0.62,0
2023-07-11 11:30:00+00:00,615.94,173.59,43.72,65.71,23.39,0.83,0
2023-07-11 12:30:00+00:00,563.45,173.83,41.29,63.15,23.65,0.69,0
2023-07-11 13:30:00+00:00,520.72,154.86,39.41,56.16,23.61,0.83,0
2023-07-11 14:30:00+00:00,370.74,131.59,31.85,46.97,23.66,0.62,0
2023-07-11 15:30:00+00:00,206.22,125.64,24.41,36.88,23.55,0.97,0
2023-07-11 16:30:00+00:00,79.71,83.8,17.33,26.55,22.75,1.03,0
2023-07-11 17:30:00+00:00,0.0,54.22,4.25,16.38,21.63,1.17,0
2023-07-11 18:30:00+00:00,0.0,26.68,2.09,6.68,19.81,0.55,0
2023-07-11 19:30:00+00:00,0.0,0.0,0.0,-2.21,18.82,0.28,0
2023-07-11 20:30:00+00:00,0.0,0.0,0.0,0.0,17.73,0.21,0
2023-07-11 21:30:00+00:00,0.0,0.0,0.0,0.0,16.79,0.41,0
2023-07-11 22:30:00+00:00,0.0,0.0,0.0,0.0,15.85,0.34,0
2023-07-11 23:30:00+00:00,0.0,0.0,0.0,0.0,15.15,0.34,0
2023-07-12 00:30:00+00:00,0.0,0.0,0.0,0.0,14.83,0.21,0
2023-07-12 01:30:00+00:00,0.0,0.0,0.0,0.0,14.13,0.14,0
2023-07-12 02:30:00+00:00,0.0,0.0,0.0,0.0,13.81,0.14,0
2023-07-12 03:30:00+00:00,0.0,0.0,0.0,-3.27,13.6,0.28,0
2023-07-12 04:30:00+00:00,0.0,14.58,1.14,5.52,12.99,0.28,0
2023-07-12 05:30:00+00:00,0.0,38.87,3.05,15.15,13.07,0.14,0
2023-07-12 06:30:00+00:00,14.86,117.63,10.37,25.29,13.75,0.28,0
2023-07-12 07:30:00+00:00,73.34,137.97,15.0,35.62,15.51,0.41,0
2023-07-12 08:30:00+00:00,160.1,185.86,22.01,45.76,16.43,0.62,0
2023-07-12 09:30:00+00:00,287.12,196.33,28.51,55.09,17.3,0.55,0
2023-07-12 10:30:00+00:00,63.63,188.16,15.74,62.4,18.11,0.34,0
2023-07-12 11:30:00+00:00,66.53,201.56,16.69,65.58,17.4,0.14,0
2023-07-12 12:30:00+00:00,215.96,243.94,26.78,63.03,17.66,0.34,0
2023-07-12 13:30:00+00:00,302.62,204.43,29.69,56.07,18.45,0.34,0
2023-07-12 14:30:00+00:00,121.39,201.92,20.52,46.9,18.66,0.21,0
2023-07-12 15:30:00+00:00,23.65,131.42,10.56,36.82,17.76,0.69,0
2023-07-12 16:30:00+00:00,1.31,69.26,4.81,26.49,16.27,0.55,0
2023-07-12 17:30:00+00:00,0.0,28.34,2.22,16.31,15.31,0.55,0
2023-07-12 18:30:00+00:00,0.0,9.96,0.78,6.6,14.56,0.55,0
2023-07-12 19:30:00+00:00,0.0,0.0,0.0,-2.3,13.66,1.31,0
2023-07-12 20:30:00+00:00,0.0,0.0,0.0,0.0,13.1,0.69,0
2023-07-12 21:30:00+00:00,0.0,0.0,0.0,0.0,13.07,0.55,0
2023-07-12 22:30:00+00:00,0.0,0.0,0.0,0.0,12.69,0.69,0
2023-07-12 23:30:00+00:00,0.0,0.0,0.0,0.0,12.45,0.69,0
2023-07-13 00:30:00+00:00,0.0,0.0,0.0,0.0,12.15,0.83,0
2023-07-13 01:30:00+00:00,0.0,0.0,0.0,0.0,11.86,0.83,0
2023-07-13 02:30:00+00:00,0.0,0.0,0.0,0.0,11.44,0.9,0
2023-07-13 03:30:00+00:00,0.0,0.0,0.0,-3.4,11.35,0.83,0
2023-07-13 04:30:00+00:00,0.0,9.25,0.72,5.4,11.2,0.83,0
2023-07-13 05:30:00+00:00,0.0,41.81,3.27,15.03,11.6,0.76,0
2023-07-13 06:30:00+00:00,28.01,71.71,9.43,25.18,12.08,0.76,0
2023-07-13 07:30:00+00:00,101.57,104.09,15.05,35.5,12.79,0.83,0
2023-07-13 08:30:00+00:00,138.22,161.4,19.12,45.64,13.54,1.1,0
2023-07-13 09:30:00+00:00,213.71,212.69,25.41,54.96,14.21,1.17,0
2023-07-13 10:30:00+00:00,223.39,242.66,27.08,62.26,15.06,1.03,0
2023-07-13 11:30:00+00:00,415.63,202.79,34.37,65.44,15.54,0.97,0
2023-07-13 12:30:00+00:00,468.69,203.66,37.54,62.91,16.51,1.03,0
2023-07-13 13:30:00+00:00,391.35,187.97,33.61,55.98,16.89,1.17,0
2023-07-13 14:30:00+00:00,280.08,145.53,26.71,46.82,16.77,1.17,0
2023-07-13 15:30:00+00:00,207.46,135.19,24.9,36.74,16.95,1.38,0
2023-07-13 16:30:00+00:00,92.37,68.0,17.81,26.41,16.62,1.03,0
2023-07-13 17:30:00+00:00,0.0,40.37,3.16,16.23,15.94,1.03,0
2023-07-13 18:30:00+00:00,0.0,20.17,1.58,6.52,15.15,0.9,0
2023-07-13 19:30:00+00:00,0.0,0.0,0.0,-2.4,14.63,0.69,0
2023-07-13 20:30:00+00:00,0.0,0.0,0.0,0.0,13.81,0.62,0
2023-07-13 21:30:00+00:00,0.0,0.0,0.0,0.0,13.09,0.48,0
2023-07-13 22:30:00+00:00,0.0,0.0,0.0,0.0,12.19,0.34,0
2023-07-13 23:30:00+00:00,0.0,0.0,0.0,0.0,11.39,0.21,0
2023-07-14 00:30:00+00:00,0.0,0.0,0.0,0.0,10.61,0.07,0
2023-07-14 01:30:00+00:00,0.0,0.0,0.0,0.0,9.54,0.0,0
2023-07-14 02:30:00+00:00,0.0,0.0,0.0,0.0,8.37,0.07,0
2023-07-14 03:30:00+00:00,0.0,0.0,0.0,-3.53,7.93,0.14,0
2023-07-14 04:30:00+00:00,0.0,17.97,1.41,5.27,7.81,0.28,0
2023-07-14 05:30:00+00:00,0.0,51.06,4.0,14.91,8.1,0.28,0
2023-07-14 06:30:00+00:00,55.55,81.4,14.69,25.06,10.5,0.41,0
2023-07-14 07:30:00+00:00,102.83,130.53,16.79,35.39,13.28,0.97,0
2023-07-14 08:30:00+00:00,204.81,163.61,23.31,45.51,14.26,1.03,0
2023-07-14 09:30:00+00:00,286.13,143.78,25.3,54.82,15.53,1.1,0
2023-07-14 10:30:00+00:00,297.58,150.81,25.49,62.12,16.42,1.03,0
2023-07-14 11:30:00+00:00,424.92,159.68,32.41,65.29,16.9,0.97,0
2023-07-14 12:30:00+00:00,485.64,143.88,35.13,62.79,17.41,0.9,0
2023-07-14 13:30:00+00:00,399.59,144.87,31.59,55.87,18.35,0.62,0
2023-07-14 14:30:00+00:00,283.6,120.8,25.4,46.73,18.16,0.41,0
2023-07-14 15:30:00+00:00,178.35,73.53,18.68,36.66,18.24,0.69,0
2023-07-14 16:30:00+00:00,77.18,53.15,14.4,26.34,17.57,0.69,0
2023-07-14 17:30:00+00:00,0.0,37.08,2.9,16.15,17.13,0.69,0
2023-07-14 18:30:00+00:00,0.0,17.17,1.34,6.43,16.56,0.62,0
2023-07-14 19:30:00+00:00,0.0,0.0,0.0,-2.5,14.81,0.55,0
2023-07-14 20:30:00+00:00,0.0,0.0,0.0,0.0,14.04,0.41,0
2023-07-14 21:30:00+00:00,0.0,0.0,0.0,0.0,13.64,0.34,0
2023-07-14 22:30:00+00:00,0.0,0.0,0.0,0.0,13.16,0.28,0
2023-07-14 23:30:00+00:00,0.0,0.0,0.0,0.0,12.66,0.21,0
2023-07-15 00:30:00+00:00,0.0,0.0,0.0,0.0,12.18,0.21,0
2023-07-15 01:30:00+00:00,0.0,0.0,0.0,0.0,12.04,0.21,0
2023-07-15 02:30:00+00:00,0.0,0.0,0.0,0.0,11.65,0.21,0
2023-07-15 03:30:00+00:00,0.0,0.0,0.0,-3.67,11.04,0.28,0
2023-07-15 04:30:00+00:00,0.0,16.69,1.31,5.14,10.34,0.28,0
2023-07-15 05:30:00+00:00,0.0,53.61,4.2,14.79,10.39,0.41,0
2023-07-15 06:30:00+00:00,39.87,75.93,11.61,24.93,11.88,0.69,0
2023-07-15 07:30:00+00:00,120.31,122.43,17.62,35.26,13.79,1.24,0
2023-07-15 08:30:00+00:00,265.39,126.9,24.86,45.39,15.23,1.31,0
2023-07-15 09:30:00+00:00,489.63,110.59,35.02,54.69,16.37,1.17,0
2023-07-15 10:30:00+00:00,503.35,177.04,37.88,61.97,17.64,1.24,0
2023-07-15 11:30:00+00:00,425.62,163.2,32.56,65.14,18.61,1.24,0
2023-07-15 12:30:00+00:00,416.05,182.58,33.4,62.65,18.87,1.24,0
2023-07-15 13:30:00+00:00,345.47,150.7,28.78,55.77,19.05,1.17,0
2023-07-15 14:30:00+00:00,193.02,162.28,22.21,46.64,17.89,0.97,0
2023-07-15 15:30:00+00:00,138.44,110.53,17.82,36.58,18.09,1.03,0
2023-07-15 16:30:00+00:00,39.55,87.85,11.37,26.25,17.47,0.97,0
2023-07-15 17:30:00+00:00,0.0,48.51,3.8,16.06,16.37,0.83,0
2023-07-15 18:30:00+00:00,0.0,15.64,1.22,6.33,15.74,0.76,0
2023-07-15 19:30:00+00:00,0.0,0.0,0.0,-2.6,15.13,0.62,0
2023-07-15 20:30:00+00:00,0.0,0.0,0.0,0.0,14.18,0.34,0
2023-07-15 21:30:00+00:00,0.0,0.0,0.0,0.0,13.88,0.21,0
2023-07-15 22:30:00+00:00,0.0,0.0,0.0,0.0,13.45,0.14,0
2023-07-15 23:30:00+00:00,0.0,0.0,0.0,0.0,13.13,0.07,0
2023-07-16 00:30:00+00:00,0.0,0.0,0.0,0.0,12.97,0.14,0
2023-07-16 01:30:00+00:00,0.0,0.0,0.0,0.0,13.07,0.21,0
2023-07-16 02:30:00+00:00,0.0,0.0,0.0,0.0,12.93,0.34,0
2023-07-16 03:30:00+00:00,0.0,0.0,0.0,0.0,12.84,0.34,0
2023-07-16 04:30:00+00:00,0.0,8.9,0.7,5.0,12.61,0.34,0
2023-07-16 05:30:00+00:00,0.0,42.28,3.31,14.66,12.86,0.28,0
2023-07-16 06:30:00+00:00,25.2,84.49,9.74,24.81,13.59,0.07,0
2023-07-16 07:30:00+00:00,172.98,116.73,21.4,35.14,14.67,0.83,0
2023-07-16 08:30:00+00:00,246.71,125.44,23.52,45.26,16.25,0.9,0
2023-07-16 09:30:00+00:00,281.74,145.72,25.03,54.55,17.27,0.83,0
2023-07-16 10:30:00+00:00,403.62,168.0,31.94,61.81,17.93,0.76,0
2023-07-16 11:30:00+00:00,298.9,225.67,29.48,64.98,18.69,0.76,0
2023-07-16 12:30:00+00:00,256.78,266.34,29.92,62.51,18.4,0.62,0
2023-07-16 13:30:00+00:00,235.47,186.31,24.74,55.65,18.39,0.48,0
2023-07-16 14:30:00+00:00,127.36,176.56,19.14,46.54,17.94,0.41,0
2023-07-16 15:30:00+00:00,86.3,119.11,14.36,36.49,17.36,0.55,0
2023-07-16 16:30:00+00:00,26.38,81.01,9.03,26.16,16.65,0.21,0
2023-07-16 17:30:00+00:00,0.0,51.03,4.0,15.97,16.09,0.21,0
2023-07-16 18:30:00+00:00,0.0,13.66,1.07,6.23,15.96,0.14,0
2023-07-16 19:30:00+00:00,0.0,0.0,0.0,-2.72,15.73,0.28,0
2023-07-16 20:30:00+00:00,0.0,0.0,0.0,0.0,15.04,0.07,0
2023-07-16 21:30:00+00:00,0.0,0.0,0.0,0.0,14.16,0.14,0
2023-07-16 22:30:00+00:00,0.0,0.0,0.0,0.0,14.03,0.28,0
2023-07-16 23:30:00+00:00,0.0,0.0,0.0,0.0,13.55,0.41,0
2023-07-17 00:30:00+00:00,0.0,0.0,0.0,0.0,13.15,0.48,0
2023-07-17 01:30:00+00:00,0.0,0.0,0.0,0.0,13.14,0.62,0
2023-07-17 02:30:00+00:00,0.0,0.0,0.0,0.0,12.72,0.69,0
2023-07-17 03:30:00+00:00,0.0,0.0,0.0,0.0,12.62,0.55,0
2023-07-17 04:30:00+00:00,0.0,13.34,1.04,4.87,12.5,0.41,0
2023-07-17 05:30:00+00:00,0.0,53.58,4.2,14.53,12.35,0.41,0
2023-07-17 06:30:00+00:00,50.22,90.45,14.21,24.68,14.06,0.62,0
2023-07-17 07:30:00+00:00,189.13,105.2,21.89,35.01,16.03,0.48,0
2023-07-17 08:30:00+00:00,284.67,147.81,27.12,45.12,17.4,0.55,0
2023-07-17 09:30:00+00:00,432.95,162.16,34.35,54.4,18.81,0.97,0
2023-07-17 10:30:00+00:00,426.97,158.93,32.6,61.65,19.89,1.38,0
2023-07-17 11:30:00+00:00,516.01,158.81,36.9,64.81,20.28,1.52,0
2023-07-17 12:30:00+00:00,435.05,189.43,34.6,62.37,20.8,1.59,0
2023-07-17 13:30:00+00:00,363.45,182.58,31.39,55.53,20.92,1.24,0
2023-07-17 14:30:00+00:00,339.11,140.15,29.68,46.44,20.77,1.59,0
2023-07-17 15:30:00+00:00,208.24,99.62,22.32,36.39,20.67,1.45,0
2023-07-17 16:30:00+00:00,81.9,62.76,15.35,26.07,20.2,0.76,0
2023-07-17 17:30:00+00:00,0.0,37.5,2.94,15.87,19.56,0.76,0
2023-07-17 18:30:00+00:00,0.0,16.53,1.29,6.12,18.71,0.62,0
2023-07-17 19:30:00+00:00,0.0,0.0,0.0,-2.84,17.53,0.62,0
2023-07-17 20:30:00+00:00,0.0,0.0,0.0,0.0,16.6,0.76,0
2023-07-17 21:30:00+00:00,0.0,0.0,0.0,0.0,16.32,0.69,0
2023-07-17 22:30:00+00:00,0.0,0.0,0.0,0.0,15.71,0.69,0
2023-07-17 23:30:00+00:00,0.0,0.0,0.0,0.0,14.98,0.48,0
2023-07-18 00:30:00+00:00,0.0,0.0,0.0,0.0,14.42,0.41,0
2023-07-18 01:30:00+00:00,0.0,0.0,0.0,0.0,13.78,0.41,0
2023-07-18 02:30:00+00:00,0.0,0.0,0.0,0.0,13.09,0.41,0
2023-07-18 03:30:00+00:00,0.0,0.0,0.0,0.0,12.42,0.41,0
2023-07-18 04:30:00+00:00,0.0,14.78,1.16,4.72,11.83,0.41,0
2023-07-18 05:30:00+00:00,0.0,48.79,3.82,14.39,11.59,0.34,0
2023-07-18 06:30:00+00:00,56.6,99.06,15.78,24.55,13.12,0.28,0
2023-07-18 07:30:00+00:00,239.74,83.11,24.5,34.88,17.17,0.21,0
2023-07-18 08:30:00+00:00,408.27,118.64,33.19,44.99,20.23,0.62,0
2023-07-18 09:30:00+00:00,553.57,127.12,39.25,54.25,22.15,0.69,0
2023-07-18 10:30:00+00:00,669.34,111.75,43.17,61.49,22.81,0.62,0
2023-07-18 11:30:00+00:00,583.12,170.17,40.95,64.64,23.56,0.62,0
2023-07-18 12:30:00+00:00,512.9,212.78,39.85,62.21,23.21,0.62,0
2023-07-18 13:30:00+00:00,224.27,211.73,25.52,55.41,21.8,1.03,0
2023-07-18 14:30:00+00:00,326.21,114.56,27.3,46.33,20.69,0.48,0
2023-07-18 15:30:00+00:00,265.65,81.82,25.54,36.29,21.56,0.76,0
2023-07-18 16:30:00+00:00,75.41,79.15,15.47,25.97,21.93,0.97,0
2023-07-18 17:30:00+00:00,0.0,40.56,3.18,15.76,20.98,0.34,0
2023-07-18 18:30:00+00:00,0.0,18.89,1.48,6.01,20.35,0.41,0
2023-07-18 19:30:00+00:00,0.0,0.0,0.0,-2.96,19.53,0.28,0
2023-07-18 20:30:00+00:00,0.0,0.0,0.0,0.0,18.34,0.28,0
2023-07-18 21:30:00+00:00,0.0,0.0,0.0,0.0,17.12,0.69,0
2023-07-18 22:30:00+00:00,0.0,0.0,0.0,0.0,15.71,0.69,0
2023-07-18 23:30:00+00:00,0.0,0.0,0.0,0.0,13.91,1.03,0
2023-07-19 00:30:00+00:00,0.0,0.0,0.0,0.0,14.31,0.69,0
2023-07-19 01:30:00+00:00,0.0,0.0,0.0,0.0,14.4,0.76,0
2023-07-19 02:30:00+00:00,0.0,0.0,0.0,0.0,14.5,0.62,0
2023-07-19 03:30:00+00:00,0.0,0.0,0.0,0.0,14.45,0.62,0
2023-07-19 04:30:00+00:00,0.0,12.86,1.01,4.58,13.94,0.97,0
2023-07-19 05:30:00+00:00,0.0,41.61,3.26,14.25,14.5,0.69,0
2023-07-19 06:30:00+00:00,57.81,73.25,14.05,24.42,15.38,0.83,0
2023-07-19 07:30:00+00:00,241.68,93.04,25.15,34.75,18.11,0.69,0
2023-07-19 08:30:00+00:00,406.11,96.81,31.68,44.85,19.29,0.83,0
2023-07-19 09:30:00+00:00,426.25,136.4,32.34,54.1,20.55,1.72,0
2023-07-19 10:30:00+00:00,437.89,197.56,35.08,61.32,20.97,1.72,0
2023-07-19 11:30:00+00:00,517.08,183.9,38.07,64.46,21.24,1.45,0
2023-07-19 12:30:00+00:00,473.29,160.53,34.84,62.05,21.18,1.66,0
2023-07-19 13:30:00+00:00,427.33,152.16,33.02,55.27,20.87,1.79,0
2023-07-19 14:30:00+00:00,282.67,142.26,26.12,46.21,20.68,1.79,0
2023-07-19 15:30:00+00:00,171.18,100.77,19.36,36.18,19.85,1.17,0
2023-07-19 16:30:00+00:00,71.87,64.43,13.84,25.86,19.09,1.31,0
2023-07-19 17:30:00+00:00,0.0,40.34,3.16,15.65,18.37,1.31,0
2023-07-19 18:30:00+00:00,0.0,14.9,1.17,5.89,17.46,1.17,0
2023-07-19 19:30:00+00:00,0.0,0.0,0.0,-3.09,16.23,1.1,0
2023-07-19 20:30:00+00:00,0.0,0.0,0.0,0.0,14.51,1.17,0
2023-07-19 21:30:00+00:00,0.0,0.0,0.0,0.0,13.59,0.9,0
2023-07-19 22:30:00+00:00,0.0,0.0,0.0,0.0,13.02,0.97,0
2023-07-19 23:30:00+00:00,0.0,0.0,0.0,0.0,12.85,0.83,0
2023-07-20 00:30:00+00:00,0.0,0.0,0.0,0.0,12.37,0.83,0
2023-07-20 01:30:00+00:00,0.0,0.0,0.0,0.0,11.39,0.9,0
2023-07-20 02:30:00+00:00,0.0,0.0,0.0,0.0,11.6,0.76,0
2023-07-20 03:30:00+00:00,0.0,0.0,0.0,0.0,11.03,0.83,0
2023-07-20 04:30:00+00:00,0.0,11.52,0.9,4.43,10.74,0.83,0
2023-07-20 05:30:00+00:00,0.0,43.31,3.39,14.11,10.55,0.97,0
2023-07-20 06:30:00+00:00,80.84,61.04,16.77,24.28,11.81,1.03,0
2023-07-20 07:30:00+00:00,224.81,97.68,23.95,34.61,13.45,0.83,0
2023-07-20 08:30:00+00:00,406.67,123.29,33.07,44.71,15.07,0.97,0
2023-07-20 09:30:00+00:00,536.23,113.46,37.23,53.95,16.72,0.9,0
2023-07-20 10:30:00+00:00,545.46,151.17,38.19,61.14,17.72,0.76,0
2023-07-20 11:30:00+00:00,550.31,175.93,39.26,64.28,18.33,0.76,0
2023-07-20 12:30:00+00:00,587.68,146.71,40.09,61.89,18.79,0.76,0
2023-07-20 13:30:00+00:00,486.38,128.99,34.94,55.13,19.2,0.97,0
2023-07-20 14:30:00+00:00,365.5,107.47,29.1,46.09,19.24,1.1,0
2023-07-20 15:30:00+00:00,209.33,105.91,22.44,36.07,19.06,1.1,0
2023-07-20 16:30:00+00:00,95.82,54.78,16.24,25.75,18.6,0.76,0
2023-07-20 17:30:00+00:00,0.0,41.87,3.28,15.54,17.81,0.69,0
2023-07-20 18:30:00+00:00,0.0,15.8,1.24,5.77,16.88,0.62,0
2023-07-20 19:30:00+00:00,0.0,0.0,0.0,-3.23,15.92,0.48,0
2023-07-20 20:30:00+00:00,0.0,0.0,0.0,0.0,15.18,0.41,0
2023-07-20 21:30:00+00:00,0.0,0.0,0.0,0.0,14.35,0.41,0
2023-07-20 22:30:00+00:00,0.0,0.0,0.0,0.0,13.47,0.48,0
2023-07-20 23:30:00+00:00,0.0,0.0,0.0,0.0,12.99,0.48,0
2023-07-21 00:30:00+00:00,0.0,0.0,0.0,0.0,12.51,0.41,0
2023-07-21 01:30:00+00:00,0.0,0.0,0.0,0.0,11.96,0.34,0
2023-07-21 02:30:00+00:00,0.0,0.0,0.0,0.0,11.2,0.34,0
2023-07-21 03:30:00+00:00,0.0,0.0,0.0,0.0,10.44,0.41,0
2023-07-21 04:30:00+00:00,0.0,13.08,1.02,4.28,10.04,0.41,0
2023-07-21 05:30:00+00:00,0.0,39.83,3.12,13.97,10.55,0.34,0
2023-07-21 06:30:00+00:00,62.47,67.4,14.16,24.14,12.24,0.62,0
2023-07-21 07:30:00+00:00,171.33,105.65,20.11,34.47,14.24,0.55,0
2023-07-21 08:30:00+00:00,256.38,162.38,25.85,44.56,15.28,0.62,0
2023-07-21 09:30:00+00:00,204.62,208.29,24.23,53.79,15.84,0.83,0
2023-07-21 10:30:00+00:00,415.42,210.68,34.42,60.96,15.55,0.76,0
2023-07-21 11:30:00+00:00,357.03,184.96,29.72,64.09,16.48,0.97,0
2023-07-21 12:30:00+00:00,307.33,212.06,28.96,61.72,16.44,0.83,0
2023-07-21 13:30:00+00:00,405.48,171.88,32.67,54.99,16.74,0.83,0
2023-07-21 14:30:00+00:00,283.59,184.88,28.43,45.96,16.2,0.9,0
2023-07-21 15:30:00+00:00,185.89,109.6,20.8,35.95,16.74,0.83,0
2023-07-21 16:30:00+00:00,60.89,80.51,13.26,25.63,14.88,1.38,0
2023-07-21 17:30:00+00:00,0.0,41.61,3.26,15.41,13.89,1.1,0
2023-07-21 18:30:00+00:00,0.0,14.2,1.11,5.64,13.1,0.97,0
2023-07-21 19:30:00+00:00,0.0,0.0,0.0,-3.37,13.48,0.9,0
2023-07-21 20:30:00+00:00,0.0,0.0,0.0,0.0,12.19,0.83,0
2023-07-21 21:30:00+00:00,0.0,0.0,0.0,0.0,11.9,0.76,0
2023-07-21 22:30:00+00:00,0.0,0.0,0.0,0.0,11.65,0.76,0
2023-07-21 23:30:00+00:00,0.0,0.0,0.0,0.0,10.9,0.83,0
2023-07-22 00:30:00+00:00,0.0,0.0,0.0,0.0,10.9,0.69,0
2023-07-22 01:30:00+00:00,0.0,0.0,0.0,0.0,10.66,0.62,0
2023-07-22 02:30:00+00:00,0.0,0.0,0.0,0.0,10.27,0.55,0
2023-07-22 03:30:00+00:00,0.0,0.0,0.0,0.0,9.92,0.55,0
2023-07-22 04:30:00+00:00,0.0,12.03,0.94,4.13,9.4,0.69,0
2023-07-22 05:30:00+00:00,0.0,34.31,2.69,13.83,9.27,0.69,0
2023-07-22 06:30:00+00:00,50.44,67.22,12.16,24.0,10.23,0.76,0
2023-07-22 07:30:00+00:00,158.04,115.34,19.58,34.33,11.83,0.76,0
2023-07-22 08:30:00+00:00,319.19,134.72,27.98,44.41,13.01,0.83,0
2023-07-22 09:30:00+00:00,495.99,119.56,34.98,53.63,14.09,0.83,0
2023-07-22 10:30:00+00:00,555.61,172.69,39.59,60.78,15.2,0.97,0
2023-07-22 11:30:00+00:00,522.18,177.94,37.65,63.89,16.0,0.9,0
2023-07-22 12:30:00+00:00,625.75,126.55,40.8,61.54,16.44,0.83,0
2023-07-22 13:30:00+00:00,522.65,137.1,37.13,54.84,16.98,0.97,0
2023-07-22 14:30:00+00:00,418.98,115.47,32.56,45.83,16.99,1.03,0
2023-07-22 15:30:00+00:00,249.07,104.37,25.07,35.83,16.71,0.9,0
2023-07-22 16:30:00+00:00,103.07,54.64,16.87,25.5,16.26,0.69,0
2023-07-22 17:30:00+00:00,0.0,40.69,3.19,15.29,15.65,0.55,0
2023-07-22 18:30:00+00:00,0.0,15.83,1.24,5.5,14.79,0.69,0
2023-07-22 19:30:00+00:00,0.0,0.0,0.0,-3.52,14.07,0.48,0
2023-07-22 20:30:00+00:00,0.0,0.0,0.0,0.0,13.19,0.41,0
2023-07-22 21:30:00+00:00,0.0,0.0,0.0,0.0,12.2,0.48,0
2023-07-22 22:30:00+00:00,0.0,0.0,0.0,0.0,11.35,0.41,0
2023-07-22 23:30:00+00:00,0.0,0.0,0.0,0.0,10.71,0.41,0
2023-07-23 00:30:00+00:00,0.0,0.0,0.0,0.0,10.23,0.34,0
2023-07-23 01:30:00+00:00,0.0,0.0,0.0,0.0,9.62,0.41,0
2023-07-23 02:30:00+00:00,0.0,0.0,0.0,0.0,9.1,0.34,0
2023-07-23 03:30:00+00:00,0.0,0.0,0.0,0.0,8.64,0.28,0
2023-07-23 04:30:00+00:00,0.0,11.36,0.89,3.97,8.26,0.21,0
2023-07-23 05:30:00+00:00,0.0,37.08,2.9,13.68,7.9,0.14,0
2023-07-23 06:30:00+00:00,88.81,54.02,17.03,23.86,10.09,0.14,0
2023-07-23 07:30:00+00:00,251.41,83.67,24.77,34.19,13.51,0.14,0
2023-07-23 08:30:00+00:00,466.78,85.54,34.3,44.26,15.23,0.28,0
2023-07-23 09:30:00+00:00,598.94,115.36,40.44,53.46,16.76,0.48,0
2023-07-23 10:30:00+00:00,731.61,109.38,45.64,60.59,17.98,0.62,0
2023-07-23 11:30:00+00:00,616.57,188.06,42.93,63.69,18.94,0.83,0
2023-07-23 12:30:00+00:00,586.35,157.11,40.13,61.35,19.34,0.97,0
2023-07-23 13:30:00+00:00,422.84,152.78,32.33,54.68,19.7,1.24,0
2023-07-23 14:30:00+00:00,300.32,145.73,26.95,45.69,19.51,0.9,0
2023-07-23 15:30:00+00:00,222.92,110.45,23.35,35.7,19.35,0.55,0
2023-07-23 16:30:00+00:00,90.0,62.16,15.53,25.38,18.78,0.48,0
2023-07-23 17:30:00+00:00,0.0,37.5,2.94,15.15,18.1,0.21,0
2023-07-23 18:30:00+00:00,0.0,14.78,1.16,5.36,17.43,0.34,0
2023-07-23 19:30:00+00:00,0.0,0.0,0.0,-3.67,16.16,0.55,0
2023-07-23 20:30:00+00:00,0.0,0.0,0.0,0.0,15.2,0.34,0
2023-07-23 21:30:00+00:00,0.0,0.0,0.0,0.0,14.27,0.28,0
2023-07-23 22:30:00+00:00,0.0,0.0,0.0,0.0,13.51,0.21,0
2023-07-23 23:30:00+00:00,0.0,0.0,0.0,0.0,12.81,0.21,0
2023-07-24 00:30:00+00:00,0.0,0.0,0.0,0.0,12.02,0.21,0
2023-07-24 01:30:00+00:00,0.0,0.0,0.0,0.0,10.92,0.21,0
2023-07-24 02:30:00+00:00,0.0,0.0,0.0,0.0,10.14,0.28,0
2023-07-24 03:30:00+00:00,0.0,0.0,0.0,0.0,9.51,0.34,0
2023-07-24 04:30:00+00:00,0.0,11.52,0.9,3.82,9.24,0.28,0
2023-07-24 05:30:00+00:00,0.0,57.95,4.54,13.53,9.59,0.41,0
2023-07-24 06:30:00+00:00,62.61,73.83,14.26,23.71,11.6,0.69,0
2023-07-24 07:30:00+00:00,190.83,102.9,21.11,34.04,13.81,1.24,0
2023-07-24 08:30:00+00:00,58.37,160.66,14.0,44.11,15.32,1.24,0
2023-07-24 09:30:00+00:00,218.17,189.53,23.62,53.29,15.18,0.97,0
2023-07-24 10:30:00+00:00,435.06,167.28,32.74,60.4,15.94,1.03,0
2023-07-24 11:30:00+00:00,345.75,230.34,31.43,63.49,16.97,1.1,0
2023-07-24 12:30:00+00:00,91.08,167.99,15.57,61.16,17.41,0.69,0
2023-07-24 13:30:00+00:00,3.14,107.67,7.35,54.51,15.87,0.34,0
2023-07-24 14:30:00+00:00,0.0,108.06,7.22,45.55,14.43,0.28,0
2023-07-24 15:30:00+00:00,75.93,117.32,13.12,35.56,14.19,0.21,0
2023-07-24 16:30:00+00:00,42.82,85.84,11.05,25.24,14.7,0.21,0
2023-07-24 17:30:00+00:00,0.0,53.42,4.18,15.01,14.86,0.41,0
2023-07-24 18:30:00+00:00,0.0,13.53,1.06,5.21,14.36,0.14,0
2023-07-24 19:30:00+00:00,0.0,0.0,0.0,0.0,13.1,0.41,0
2023-07-24 20:30:00+00:00,0.0,0.0,0.0,0.0,12.16,0.55,0
2023-07-24 21:30:00+00:00,0.0,0.0,0.0,0.0,11.6,0.69,0
2023-07-24 22:30:00+00:00,0.0,0.0,0.0,0.0,11.39,0.62,0
2023-07-24 23:30:00+00:00,0.0,0.0,0.0,0.0,10.82,0.69,0
2023-07-25 00:30:00+00:00,0.0,0.0,0.0,0.0,10.46,0.76,0
2023-07-25 01:30:00+00:00,0.0,0.0,0.0,0.0,10.53,0.62,0
2023-07-25 02:30:00+00:00,0.0,0.0,0.0,0.0,10.34,0.62,0
2023-07-25 03:30:00+00:00,0.0,0.0,0.0,0.0,10.0,0.62,0
2023-07-25 04:30:00+00:00,0.0,7.53,0.59,3.65,8.99,1.1,0
2023-07-25 05:30:00+00:00,0.0,36.06,2.82,13.38,9.26,0.76,0
2023-07-25 06:30:00+00:00,6.2,58.08,4.77,23.56,10.07,1.03,0
2023-07-25 07:30:00+00:00,92.91,121.35,14.84,33.89,10.13,1.03,0
2023-07-25 08:30:00+00:00,323.16,164.93,29.55,43.95,11.16,1.17,0
2023-07-25 09:30:00+00:00,438.1,199.13,35.65,53.12,13.03,1.24,0
2023-07-25 10:30:00+00:00,501.93,218.5,38.78,60.2,14.07,1.38,0
2023-07-25 11:30:00+00:00,511.25,203.09,38.03,63.28,14.6,1.45,0
2023-07-25 12:30:00+00:00,386.29,180.57,30.78,60.97,15.26,1.59,0
2023-07-25 13:30:00+00:00,444.86,170.46,34.22,54.34,14.59,1.45,0
2023-07-25 14:30:00+00:00,300.94,153.41,27.19,45.4,14.56,1.59,0
2023-07-25 15:30:00+00:00,129.41,144.94,18.53,35.42,13.76,1.59,0
2023-07-25 16:30:00+00:00,78.74,80.23,15.06,25.1,12.93,1.38,0
2023-07-25 17:30:00+00:00,0.0,50.33,3.94,14.87,11.38,1.38,0
2023-07-25 18:30:00+00:00,0.0,12.13,0.95,5.06,10.41,1.38,0
2023-07-25 19:30:00+00:00,0.0,0.0,0.0,0.0,8.39,1.31,0
2023-07-25 20:30:00+00:00,0.0,0.0,0.0,0.0,7.42,1.31,0
2023-07-25 21:30:00+00:00,0.0,0.0,0.0,0.0,6.51,1.31,0
2023-07-25 22:30:00+00:00,0.0,0.0,0.0,0.0,5.98,1.52,0
2023-07-25 23:30:00+00:00,0.0,0.0,0.0,0.0,5.51,1.72,0
2023-07-26 00:30:00+00:00,0.0,0.0,0.0,0.0,5.58,1.52,0
2023-07-26 01:30:00+00:00,0.0,0.0,0.0,0.0,5.26,1.59,0
2023-07-26 02:30:00+00:00,0.0,0.0,0.0,0.0,4.95,1.45,0
2023-07-26 03:30:00+00:00,0.0,0.0,0.0,0.0,5.0,1.38,0
2023-07-26 04:30:00+00:00,0.0,10.31,0.81,3.49,4.96,1.31,0
2023-07-26 05:30:00+00:00,0.0,40.91,3.2,13.22,4.94,1.45,0
2023-07-26 06:30:00+00:00,56.97,70.03,12.9,23.41,5.49,1.38,0
2023-07-26 07:30:00+00:00,175.86,115.18,20.49,33.74,6.17,1.52,0
2023-07-26 08:30:00+00:00,288.42,146.42,26.3,43.8,7.34,1.52,0
2023-07-26 09:30:00+00:00,434.57,202.13,35.47,52.94,8.38,1.72,0
2023-07-26 10:30:00+00:00,465.27,239.49,37.9,60.0,10.03,1.79,0
2023-07-26 11:30:00+00:00,546.58,222.6,40.68,63.06,10.82,1.93,0
2023-07-26 12:30:00+00:00,507.35,196.76,37.66,60.76,11.52,1.93,0
2023-07-26 13:30:00+00:00,456.6,171.09,34.74,54.17,11.81,1.86,0
2023-07-26 14:30:00+00:00,377.4,134.05,30.47,45.24,11.67,1.86,0
2023-07-26 15:30:00+00:00,176.58,131.54,20.92,35.27,11.41,1.72,0
2023-07-26 16:30:00+00:00,90.99,74.84,16.08,24.95,11.04,1.52,0
2023-07-26 17:30:00+00:00,0.0,37.4,2.93,14.72,10.71,1.45,0
2023-07-26 18:30:00+00:00,0.0,14.2,1.11,4.9,9.96,1.24,0
2023-07-26 19:30:00+00:00,0.0,0.0,0.0,0.0,9.16,1.03,0
2023-07-26 20:30:00+00:00,0.0,0.0,0.0,0.0,7.71,0.9,0
2023-07-26 21:30:00+00:00,0.0,0.0,0.0,0.0,7.91,0.62,0
2023-07-26 22:30:00+00:00,0.0,0.0,0.0,0.0,7.24,0.41,0
2023-07-26 23:30:00+00:00,0.0,0.0,0.0,0.0,6.68,0.34,0
2023-07-27 00:30:00+00:00,0.0,0.0,0.0,0.0,6.07,0.28,0
2023-07-27 01:30:00+00:00,0.0,0.0,0.0,0.0,5.29,0.21,0
2023-07-27 02:30:00+00:00,0.0,0.0,0.0,0.0,4.84,0.14,0
2023-07-27 03:30:00+00:00,0.0,0.0,0.0,0.0,4.65,0.07,0
2023-07-27 04:30:00+00:00,0.0,11.71,0.92,3.32,4.44,0.07,0
2023-07-27 05:30:00+00:00,0.0,41.26,3.23,13.06,4.47,0.0,0
2023-07-27 06:30:00+00:00,63.9,76.58,14.23,23.26,6.63,0.14,0
2023-07-27 07:30:00+00:00,193.01,95.44,20.43,33.59,9.77,0.55,0
2023-07-27 08:30:00+00:00,189.88,149.93,20.66,43.63,11.26,0.48,0
2023-07-27 09:30:00+00:00,293.79,231.02,29.62,52.76,12.24,0.62,0
2023-07-27 10:30:00+00:00,623.17,160.81,41.74,59.8,13.91,0.62,0
2023-07-27 11:30:00+00:00,671.25,157.58,43.54,62.84,15.87,0.62,0
2023-07-27 12:30:00+00:00,585.52,165.52,39.89,60.55,17.05,0.55,0
2023-07-27 13:30:00+00:00,384.49,195.79,32.14,53.98,17.63,0.55,0
2023-07-27 14:30:00+00:00,334.55,131.26,27.65,45.07,17.56,0.69,0
2023-07-27 15:30:00+00:00,188.75,94.05,19.38,35.12,17.32,0.48,0
2023-07-27 16:30:00+00:00,87.02,77.58,15.63,24.8,16.74,0.41,0
2023-07-27 17:30:00+00:00,0.0,42.95,3.37,14.56,16.23,0.28,0
2023-07-27 18:30:00+00:00,0.0,14.14,1.11,4.73,15.32,0.07,0
2023-07-27 19:30:00+00:00,0.0,0.0,0.0,0.0,14.35,0.07,0
2023-07-27 20:30:00+00:00,0.0,0.0,0.0,0.0,13.25,0.07,0
2023-07-27 21:30:00+00:00,0.0,0.0,0.0,0.0,12.41,0.14,0
2023-07-27 22:30:00+00:00,0.0,0.0,0.0,0.0,11.78,0.14,0
2023-07-27 23:30:00+00:00,0.0,0.0,0.0,0.0,11.39,0.14,0
2023-07-28 00:30:00+00:00,0.0,0.0,0.0,0.0,11.03,0.14,0
2023-07-28 01:30:00+00:00,0.0,0.0,0.0,0.0,11.33,0.21,0
2023-07-28 02:30:00+00:00,0.0,0.0,0.0,0.0,11.06,0.28,0
2023-07-28 03:30:00+00:00,0.0,0.0,0.0,0.0,10.68,0.28,0
2023-07-28 04:30:00+00:00,0.0,9.16,0.72,3.16,10.39,0.34,0
2023-07-28 05:30:00+00:00,0.0,37.72,2.95,12.9,10.5,0.34,0
2023-07-28 06:30:00+00:00,71.48,69.63,14.68,23.11,11.53,0.41,0
2023-07-28 07:30:00+00:00,214.8,105.48,22.52,33.43,14.2,0.28,0
2023-07-28 08:30:00+00:00,283.91,157.93,26.45,43.47,15.57,0.62,0
2023-07-28 09:30:00+00:00,412.98,168.02,32.2,52.58,16.53,0.97,0
2023-07-28 10:30:00+00:00,379.04,244.81,33.7,59.59,17.5,1.03,0
2023-07-28 11:30:00+00:00,209.5,291.56,28.33,62.61,18.12,1.03,0
2023-07-28 12:30:00+00:00,374.72,260.8,34.3,60.34,17.99,0.76,0
2023-07-28 13:30:00+00:00,187.73,272.79,26.69,53.79,18.4,0.97,0
2023-07-28 14:30:00+00:00,238.08,170.18,24.24,44.91,17.79,0.9,0
2023-07-28 15:30:00+00:00,207.66,119.87,22.15,34.96,17.81,0.76,0
2023-07-28 16:30:00+00:00,59.41,97.38,13.51,24.65,17.76,0.9,0
2023-07-28 17:30:00+00:00,0.0,54.25,4.25,14.4,17.16,0.69,0
2023-07-28 18:30:00+00:00,0.0,16.18,1.27,4.56,16.28,0.28,0
2023-07-28 19:30:00+00:00,0.0,0.0,0.0,0.0,15.44,0.34,0
2023-07-28 20:30:00+00:00,0.0,0.0,0.0,0.0,14.47,0.48,0
2023-07-28 21:30:00+00:00,0.0,0.0,0.0,0.0,13.67,0.34,0
2023-07-28 22:30:00+00:00,0.0,0.0,0.0,0.0,12.78,0.28,0
2023-07-28 23:30:00+00:00,0.0,0.0,0.0,0.0,12.07,0.28,0
2023-07-29 00:30:00+00:00,0.0,0.0,0.0,0.0,11.51,0.28,0
2023-07-29 01:30:00+00:00,0.0,0.0,0.0,0.0,11.08,0.34,0
2023-07-29 02:30:00+00:00,0.0,0.0,0.0,0.0,10.88,0.41,0
2023-07-29 03:30:00+00:00,0.0,0.0,0.0,0.0,10.53,0.41,0
2023-07-29 04:30:00+00:00,0.0,9.41,0.74,2.98,10.21,0.41,0
2023-07-29 05:30:00+00:00,0.0,36.51,2.86,12.74,9.97,0.28,0
2023-07-29 06:30:00+00:00,81.61,60.45,15.3,22.95,11.28,0.28,0
2023-07-29 07:30:00+00:00,206.62,88.71,20.75,33.28,15.18,0.48,0
2023-07-29 08:30:00+00:00,440.02,97.74,32.21,43.3,16.32,0.55,0
2023-07-29 09:30:00+00:00,434.75,159.98,32.78,52.39,17.69,1.1,0
2023-07-29 10:30:00+00:00,458.94,176.56,33.82,59.37,18.27,1.1,0
2023-07-29 11:30:00+00:00,545.93,209.65,39.52,62.38,18.1,0.97,0
2023-07-29 12:30:00+00:00,313.31,205.1,28.16,60.12,18.85,0.55,0
2023-07-29 13:30:00+00:00,138.84,173.57,18.3,53.6,17.28,0.69,0
2023-07-29 14:30:00+00:00,117.31,137.97,15.57,44.73,16.56,0.41,0
2023-07-29 15:30:00+00:00,93.41,109.17,13.54,34.79,16.05,0.62,0
2023-07-29 16:30:00+00:00,62.43,73.07,12.12,24.48,16.17,0.48,0
2023-07-29 17:30:00+00:00,0.0,38.81,3.04,14.24,16.44,0.55,0
2023-07-29 18:30:00+00:00,0.0,9.61,0.75,4.39,15.59,0.41,0
2023-07-29 19:30:00+00:00,0.0,0.0,0.0,0.0,14.6,0.69,0
2023-07-29 20:30:00+00:00,0.0,0.0,0.0,0.0,13.75,0.62,0
2023-07-29 21:30:00+00:00,0.0,0.0,0.0,0.0,13.6,0.48,0
2023-07-29 22:30:00+00:00,0.0,0.0,0.0,0.0,12.95,0.48,0
2023-07-29 23:30:00+00:00,0.0,0.0,0.0,0.0,12.2,0.48,0
2023-07-30 00:30:00+00:00,0.0,0.0,0.0,0.0,11.35,0.55,0
2023-07-30 01:30:00+00:00,0.0,0.0,0.0,0.0,10.76,0.55,0
2023-07-30 02:30:00+00:00,0.0,0.0,0.0,0.0,10.45,0.55,0
2023-07-30 03:30:00+00:00,0.0,0.0,0.0,0.0,9.85,0.48,0
2023-07-30 04:30:00+00:00,0.0,9.51,0.74,2.81,9.28,0.55,0
2023-07-30 05:30:00+00:00,0.0,44.36,3.47,12.58,9.37,0.55,0
2023-07-30 06:30:00+00:00,38.54,91.37,11.31,22.79,10.56,0.62,0
2023-07-30 07:30:00+00:00,106.72,132.09,16.14,33.12,12.85,0.76,0
2023-07-30 08:30:00+00:00,211.45,143.96,21.26,43.14,13.99,0.9,0
2023-07-30 09:30:00+00:00,373.97,171.78,30.08,52.21,14.59,1.24,0
2023-07-30 10:30:00+00:00,322.23,237.21,30.35,59.15,15.87,1.38,0
2023-07-30 11:30:00+00:00,399.73,224.39,33.07,62.14,16.55,1.31,0
2023-07-30 12:30:00+00:00,482.94,198.7,35.96,59.89,17.3,1.45,0
2023-07-30 13:30:00+00:00,410.21,180.31,32.23,53.4,17.82,1.52,0
2023-07-30 14:30:00+00:00,330.51,136.03,27.27,44.55,17.89,1.45,0
2023-07-30 15:30:00+00:00,277.79,95.99,25.35,34.62,17.77,1.38,0
2023-07-30 16:30:00+00:00,94.96,67.89,15.46,24.31,17.53,1.31,0
2023-07-30 17:30:00+00:00,0.0,38.49,3.01,14.06,16.8,1.17,0
2023-07-30 18:30:00+00:00,0.0,12.92,1.01,4.21,15.73,1.03,0
2023-07-30 19:30:00+00:00,0.0,0.0,0.0,0.0,14.22,0.9,0
2023-07-30 20:30:00+00:00,0.0,0.0,0.0,0.0,13.46,0.83,0
2023-07-30 21:30:00+00:00,0.0,0.0,0.0,0.0,13.28,0.69,0
2023-07-30 22:30:00+00:00,0.0,0.0,0.0,0.0,12.6,0.69,0
2023-07-30 23:30:00+00:00,0.0,0.0,0.0,0.0,12.2,0.76,0
2023-07-31 00:30:00+00:00,0.0,0.0,0.0,0.0,11.67,0.69,0
2023-07-31 01:30:00+00:00,0.0,0.0,0.0,0.0,10.57,0.55,0
2023-07-31 02:30:00+00:00,0.0,0.0,0.0,0.0,10.0,0.62,0
2023-07-31 03:30:00+00:00,0.0,0.0,0.0,0.0,9.6,0.41,0
2023-07-31 04:30:00+00:00,0.0,12.35,0.97,2.64,9.1,0.41,0
2023-07-31 05:30:00+00:00,0.0,57.73,4.52,12.41,8.85,0.41,0
2023-07-31 06:30:00+00:00,38.62,106.93,12.28,22.63,9.76,0.41,0
2023-07-31 07:30:00+00:00,184.89,138.93,21.93,32.95,12.16,0.76,0
2023-07-31 08:30:00+00:00,243.92,190.72,25.69,42.96,14.07,0.62,0
2023-07-31 09:30:00+00:00,572.7,138.16,38.67,52.01,15.21,0.48,0
2023-07-31 10:30:00+00:00,707.38,119.96,43.3,58.93,17.16,0.62,0
2023-07-31 11:30:00+00:00,722.23,135.64,44.29,61.9,18.44,0.62,0
2023-07-31 12:30:00+00:00,701.33,123.89,43.04,59.66,19.23,0.69,0
2023-07-31 13:30:00+00:00,442.96,184.05,33.97,53.19,19.62,0.62,0
2023-07-31 14:30:00+00:00,259.5,155.95,24.28,44.36,19.36,0.76,0
2023-07-31 15:30:00+00:00,158.4,152.96,20.42,34.45,18.79,0.62,0
2023-07-31 16:30:00+00:00,76.15,80.22,13.97,24.14,18.32,0.62,0
2023-07-31 17:30:00+00:00,0.0,40.72,3.19,13.89,17.57,0.55,0
2023-07-31 18:30:00+00:00,0.0,11.04,0.86,4.02,16.59,0.34,0
2023-07-31 19:30:00+00:00,0.0,0.0,0.0,0.0,15.99,0.14,0
2023-07-31 20:30:00+00:00,0.0,0.0,0.0,0.0,14.78,0.28,0
2023-07-31 21:30:00+00:00,0.0,0.0,0.0,0.0,13.85,0.34,0
2023-07-31 22:30:00+00:00,0.0,0.0,0.0,0.0,13.39,0.34,0
2023-07-31 23:30:00+00:00,0.0,0.0,0.0,0.0,12.99,0.34,0
2023-08-01 00:30:00+00:00,0.0,0.0,0.0,0.0,12.61,0.34,0
2023-08-01 01:30:00+00:00,0.0,0.0,0.0,0.0,12.83,0.41,0
2023-08-01 02:30:00+00:00,0.0,0.0,0.0,0.0,12.59,0.41,0
2023-08-01 03:30:00+00:00,0.0,0.0,0.0,0.0,12.38,0.41,0
2023-08-01 04:30:00+00:00,0.0,6.77,0.53,2.46,12.44,0.48,0
2023-08-01 05:30:00+00:00,0.0,36.0,2.82,12.25,12.48,0.48,0
2023-08-01 06:30:00+00:00,47.36,79.18,11.45,22.47,12.75,0.48,0
2023-08-01 07:30:00+00:00,96.01,122.46,14.65,32.79,14.59,0.69,0
2023-08-01 08:30:00+00:00,55.23,172.13,14.36,42.79,15.25,0.69,0
2023-08-01 09:30:00+00:00,229.29,161.87,21.96,51.82,15.45,0.83,0
2023-08-01 10:30:00+00:00,282.54,209.43,26.73,58.71,15.46,1.52,0
2023-08-01 11:30:00+00:00,175.02,191.23,20.57,61.65,15.52,1.59,0
2023-08-01 12:30:00+00:00,241.24,225.96,25.73,59.42,15.06,1.52,0
2023-08-01 13:30:00+00:00,193.75,211.96,23.08,52.98,15.49,1.45,0
2023-08-01 14:30:00+00:00,139.58,235.22,22.53,44.17,15.42,1.52,0
2023-08-01 15:30:00+00:00,45.15,171.66,14.25,34.26,15.62,1.45,0
2023-08-01 16:30:00+00:00,18.95,127.83,10.62,23.96,15.01,1.31,0
2023-08-01 17:30:00+00:00,0.0,54.06,4.23,13.7,14.41,1.24,0
2023-08-01 18:30:00+00:00,0.0,11.3,0.89,3.83,13.51,1.24,0
2023-08-01 19:30:00+00:00,0.0,0.0,0.0,0.0,13.15,1.1,0
2023-08-01 20:30:00+00:00,0.0,0.0,0.0,0.0,11.68,1.03,0
2023-08-01 21:30:00+00:00,0.0,0.0,0.0,0.0,11.01,0.97,0
2023-08-01 22:30:00+00:00,0.0,0.0,0.0,0.0,10.51,0.97,0
2023-08-01 23:30:00+00:00,0.0,0.0,0.0,0.0,10.7,0.76,0
2023-08-02 00:30:00+00:00,0.0,0.0,0.0,0.0,10.69,0.62,0
2023-08-02 01:30:00+00:00,0.0,0.0,0.0,0.0,9.69,0.55,0
2023-08-02 02:30:00+00:00,0.0,0.0,0.0,0.0,9.36,0.41,0
2023-08-02 03:30:00+00:00,0.0,0.0,0.0,0.0,9.23,0.48,0
2023-08-02 04:30:00+00:00,0.0,2.49,0.2,2.28,9.11,0.48,0
2023-08-02 05:30:00+00:00,0.0,23.26,1.82,12.08,9.6,0.48,0
2023-08-02 06:30:00+00:00,34.39,56.78,8.16,22.31,10.51,0.34,0
2023-08-02 07:30:00+00:00,130.27,110.53,16.15,32.63,12.64,0.28,0
2023-08-02 08:30:00+00:00,271.11,140.26,24.07,42.61,14.55,0.55,0
2023-08-02 09:30:00+00:00,321.61,188.13,27.95,51.62,16.25,0.76,0
2023-08-02 10:30:00+00:00,419.67,145.82,29.7,58.48,17.78,1.24,0
2023-08-02 11:30:00+00:00,387.4,166.04,28.96,61.4,18.87,1.38,0
2023-08-02 12:30:00+00:00,547.88,143.28,35.84,59.18,19.48,1.38,0
2023-08-02 13:30:00+00:00,510.74,130.19,34.33,52.76,19.86,1.24,0
2023-08-02 14:30:00+00:00,421.51,89.15,29.43,43.97,19.65,0.9,0
2023-08-02 15:30:00+00:00,206.89,102.13,20.36,34.08,19.57,0.76,0
2023-08-02 16:30:00+00:00,89.23,65.62,14.2,23.78,18.93,0.76,0
2023-08-02 17:30:00+00:00,0.0,32.74,2.56,13.51,18.33,0.69,0
2023-08-02 18:30:00+00:00,0.0,6.8,0.53,3.63,17.32,0.41,0
2023-08-02 19:30:00+00:00,0.0,0.0,0.0,0.0,15.46,0.21,0
2023-08-02 20:30:00+00:00,0.0,0.0,0.0,0.0,14.57,0.28,0
2023-08-02 21:30:00+00:00,0.0,0.0,0.0,0.0,14.1,0.48,0
2023-08-02 22:30:00+00:00,0.0,0.0,0.0,0.0,13.41,0.69,0
2023-08-02 23:30:00+00:00,0.0,0.0,0.0,0.0,12.94,0.48,0
2023-08-03 00:30:00+00:00,0.0,0.0,0.0,0.0,11.47,0.41,0
2023-08-03 01:30:00+00:00,0.0,0.0,0.0,0.0,11.21,0.41,0
2023-08-03 02:30:00+00:00,0.0,0.0,0.0,0.0,10.5,0.48,0
2023-08-03 03:30:00+00:00,0.0,0.0,0.0,0.0,9.7,0.55,0
2023-08-03 04:30:00+00:00,0.0,5.71,0.45,2.1,8.84,0.55,0
2023-08-03 05:30:00+00:00,0.0,36.86,2.89,11.91,8.61,0.48,0
2023-08-03 06:30:00+00:00,47.73,71.24,10.73,22.14,10.35,0.62,0
2023-08-03 07:30:00+00:00,187.37,117.21,20.35,32.46,12.07,0.83,0
2023-08-03 08:30:00+00:00,318.68,151.3,27.21,42.43,13.3,0.83,0
2023-08-03 09:30:00+00:00,611.74,102.69,38.32,51.42,14.59,1.03,0
2023-08-03 10:30:00+00:00,648.14,148.71,41.08,58.24,15.95,1.1,0
2023-08-03 11:30:00+00:00,686.02,145.04,42.32,61.14,16.86,0.9,0
2023-08-03 12:30:00+00:00,585.61,160.56,38.43,58.93,17.7,0.83,0
2023-08-03 13:30:00+00:00,562.2,136.37,37.15,52.54,18.08,0.83,0
2023-08-03 14:30:00+00:00,445.14,113.92,31.93,43.77,18.01,0.76,0
2023-08-03 15:30:00+00:00,278.46,80.02,23.74,33.88,17.53,0.62,0
2023-08-03 16:30:00+00:00,97.64,66.58,15.04,23.59,16.98,0.55,0
2023-08-03 17:30:00+00:00,0.0,34.85,2.73,13.32,15.52,0.62,0
2023-08-03 18:30:00+00:00,0.0,8.65,0.68,3.43,14.53,0.76,0
2023-08-03 19:30:00+00:00,0.0,0.0,0.0,0.0,13.31,1.1,0
2023-08-03 20:30:00+00:00,0.0,0.0,0.0,0.0,11.44,0.9,0
2023-08-03 21:30:00+00:00,0.0,0.0,0.0,0.0,10.66,0.97,0
2023-08-03 22:30:00+00:00,0.0,0.0,0.0,0.0,10.13,0.97,0
2023-08-03 23:30:00+00:00,0.0,0.0,0.0,0.0,9.83,0.97,0
2023-08-04 00:30:00+00:00,0.0,0.0,0.0,0.0,9.64,0.9,0
2023-08-04 01:30:00+00:00,0.0,0.0,0.0,0.0,8.86,0.83,0
2023-08-04 02:30:00+00:00,0.0,0.0,0.0,0.0,8.44,0.83,0
2023-08-04 03:30:00+00:00,0.0,0.0,0.0,0.0,8.15,0.76,0
2023-08-04 04:30:00+00:00,0.0,6.54,0.51,1.91,7.92,0.69,0
2023-08-04 05:30:00+00:00,0.0,34.75,2.72,11.74,7.72,0.76,0
2023-08-04 06:30:00+00:00,55.05,71.43,11.53,21.98,8.49,0.83,0
2023-08-04 07:30:00+00:00,149.18,129.97,18.4,32.29,9.74,1.03,0
2023-08-04 08:30:00+00:00,236.48,140.34,21.91,42.25,10.96,0.97,0
2023-08-04 09:30:00+00:00,350.64,194.99,29.51,51.21,11.54,1.03,0
2023-08-04 10:30:00+00:00,304.46,236.27,28.97,58.01,12.81,1.03,0
2023-08-04 11:30:00+00:00,219.36,247.24,25.68,60.88,13.57,0.97,0
2023-08-04 12:30:00+00:00,186.47,201.76,21.62,58.67,13.12,1.03,0
2023-08-04 13:30:00+00:00,166.73,217.97,21.98,52.31,12.65,1.17,0
2023-08-04 14:30:00+00:00,72.89,183.03,15.81,43.56,12.9,1.24,0
2023-08-04 15:30:00+00:00,57.63,135.58,12.6,33.68,12.2,1.24,0
2023-08-04 16:30:00+00:00,14.85,94.5,7.87,23.39,11.78,1.31,0
2023-08-04 17:30:00+00:00,0.0,32.74,2.56,13.12,10.97,1.24,0
2023-08-04 18:30:00+00:00,0.0,7.31,0.57,3.22,9.95,1.17,0
2023-08-04 19:30:00+00:00,0.0,0.0,0.0,0.0,9.56,1.1,0
2023-08-04 20:30:00+00:00,0.0,0.0,0.0,0.0,9.0,1.1,0
2023-08-04 21:30:00+00:00,0.0,0.0,0.0,0.0,8.34,1.03,0
2023-08-04 22:30:00+00:00,0.0,0.0,0.0,0.0,8.54,1.1,0
2023-08-04 23:30:00+00:00,0.0,0.0,0.0,0.0,8.31,1.17,0
2023-08-05 00:30:00+00:00,0.0,0.0,0.0,0.0,7.99,1.1,0
2023-08-05 01:30:00+00:00,0.0,0.0,0.0,0.0,7.47,1.24,0
2023-08-05 02:30:00+00:00,0.0,0.0,0.0,0.0,7.14,1.31,0
2023-08-05 03:30:00+00:00,0.0,0.0,0.0,0.0,7.08,1.38,0
2023-08-05 04:30:00+00:00,0.0,4.6,0.36,1.73,6.82,1.45,0
2023-08-05 05:30:00+00:00,0.0,30.03,2.35,11.56,6.8,1.45,0
2023-08-05 06:30:00+00:00,28.04,70.13,8.04,21.81,7.07,1.79,0
2023-08-05 07:30:00+00:00,103.16,109.39,13.99,32.12,7.49,1.72,0
2023-08-05 08:30:00+00:00,227.05,114.18,19.78,42.07,8.04,1.59,0
2023-08-05 09:30:00+00:00,246.54,197.46,24.49,51.01,9.59,1.59,0
2023-08-05 10:30:00+00:00,319.77,237.41,29.61,57.76,10.88,1.66,0
2023-08-05 11:30:00+00:00,405.84,238.2,33.35,60.61,12.0,1.66,0
2023-08-05 12:30:00+00:00,477.36,197.25,34.71,58.41,13.21,1.59,0
2023-08-05 13:30:00+00:00,553.38,151.71,37.09,52.07,13.99,1.52,0
2023-08-05 14:30:00+00:00,367.99,118.49,27.5,43.34,14.6,1.66,0
2023-08-05 15:30:00+00:00,239.65,111.03,22.6,33.48,14.45,1.52,0
2023-08-05 16:30:00+00:00,107.4,67.07,15.81,23.19,14.14,1.38,0
2023-08-05 17:30:00+00:00,0.0,34.34,2.69,12.92,13.61,1.17,0
2023-08-05 18:30:00+00:00,0.0,9.32,0.73,3.01,12.76,1.03,0
2023-08-05 19:30:00+00:00,0.0,0.0,0.0,0.0,11.4,0.9,0
2023-08-05 20:30:00+00:00,0.0,0.0,0.0,0.0,10.14,0.83,0
2023-08-05 21:30:00+00:00,0.0,0.0,0.0,0.0,9.42,0.83,0
2023-08-05 22:30:00+00:00,0.0,0.0,0.0,0.0,8.67,0.97,0
2023-08-05 23:30:00+00:00,0.0,0.0,0.0,0.0,8.12,0.97,0
2023-08-06 00:30:00+00:00,0.0,0.0,0.0,0.0,7.7,0.9,0
2023-08-06 01:30:00+00:00,0.0,0.0,0.0,0.0,7.51,0.9,0
2023-08-06 02:30:00+00:00,0.0,0.0,0.0,0.0,7.08,0.9,0
2023-08-06 03:30:00+00:00,0.0,0.0,0.0,0.0,6.59,0.83,0
2023-08-06 04:30:00+00:00,0.0,6.67,0.52,1.54,6.04,0.9,0
2023-08-06 05:30:00+00:00,0.0,34.66,2.71,11.39,5.23,1.03,0
2023-08-06 06:30:00+00:00,54.11,68.32,10.93,21.64,6.16,1.24,0
2023-08-06 07:30:00+00:00,175.34,133.57,20.08,31.94,7.67,1.59,0
2023-08-06 08:30:00+00:00,227.52,144.15,21.42,41.88,8.66,1.72,0
2023-08-06 09:30:00+00:00,340.26,164.09,27.04,50.8,8.57,1.66,0
2023-08-06 10:30:00+00:00,415.8,195.72,31.64,57.52,9.29,1.79,0
2023-08-06 11:30:00+00:00,384.69,215.92,31.06,60.34,9.93,1.86,0
2023-08-06 12:30:00+00:00,344.64,223.05,29.79,58.15,10.22,1.93,0
2023-08-06 13:30:00+00:00,324.46,184.92,27.3,51.83,9.67,2.0,0
2023-08-06 14:30:00+00:00,260.23,156.13,23.63,43.12,9.77,1.93,0
2023-08-06 15:30:00+00:00,179.28,117.91,18.97,33.27,9.33,1.86,0
2023-08-06 16:30:00+00:00,74.31,85.33,13.35,22.98,8.84,1.79,0
2023-08-06 17:30:00+00:00,0.0,41.2,3.23,12.71,8.09,1.79,0
2023-08-06 18:30:00+00:00,0.0,7.18,0.56,2.79,6.87,1.52,0
2023-08-06 19:30:00+00:00,0.0,0.0,0.0,0.0,6.09,1.52,0
2023-08-06 20:30:00+00:00,0.0,0.0,0.0,0.0,5.27,1.52,0
2023-08-06 21:30:00+00:00,0.0,0.0,0.0,0.0,4.73,1.52,0
2023-08-06 22:30:00+00:00,0.0,0.0,0.0,0.0,4.5,1.59,0
2023-08-06 23:30:00+00:00,0.0,0.0,0.0,0.0,4.01,1.59,0
2023-08-07 00:30:00+00:00,0.0,0.0,0.0,0.0,3.71,1.52,0
2023-08-07 01:30:00+00:00,0.0,0.0,0.0,0.0,3.36,1.45,0
2023-08-07 02:30:00+00:00,0.0,0.0,0.0,0.0,3.49,1.52,0
2023-08-07 03:30:00+00:00,0.0,0.0,0.0,0.0,3.05,1.45,0
2023-08-07 04:30:00+00:00,0.0,6.1,0.48,1.35,3.14,1.52,0
2023-08-07 05:30:00+00:00,0.0,38.68,3.03,11.21,2.92,1.38,0
2023-08-07 06:30:00+00:00,67.73,75.64,12.89,21.46,3.95,1.52,0
2023-08-07 07:30:00+00:00,243.37,115.82,23.37,31.77,4.99,1.79,0
2023-08-07 08:30:00+00:00,413.08,124.23,30.28,41.7,6.22,1.93,0
2023-08-07 09:30:00+00:00,496.71,190.52,36.02,50.58,7.14,1.93,0
2023-08-07 10:30:00+00:00,689.23,146.11,42.14,57.27,8.49,1.93,0
2023-08-07 11:30:00+00:00,639.73,173.83,40.67,60.07,9.48,2.0,0
2023-08-07 12:30:00+00:00,573.39,183.25,38.24,57.88,10.07,2.14,0
2023-08-07 13:30:00+00:00,504.86,157.59,34.55,51.58,10.19,2.07,0
2023-08-07 14:30:00+00:00,397.67,145.51,30.23,42.9,10.5,1.93,0
2023-08-07 15:30:00+00:00,281.53,101.69,24.45,33.06,10.45,1.93,0
2023-08-07 16:30:00+00:00,118.84,64.38,16.49,22.77,10.31,1.72,0
2023-08-07 17:30:00+00:00,0.0,34.43,2.7,12.49,9.75,1.38,0
2023-08-07 18:30:00+00:00,0.0,8.52,0.67,2.57,8.89,1.17,0
2023-08-07 19:30:00+00:00,0.0,0.0,0.0,0.0,8.0,0.97,0
2023-08-07 20:30:00+00:00,0.0,0.0,0.0,0.0,6.8,0.83,0
2023-08-07 21:30:00+00:00,0.0,0.0,0.0,0.0,6.78,0.69,0
2023-08-07 22:30:00+00:00,0.0,0.0,0.0,0.0,6.13,0.48,0
2023-08-07 23:30:00+00:00,0.0,0.0,0.0,0.0,5.74,0.34,0
2023-08-08 00:30:00+00:00,0.0,0.0,0.0,0.0,5.34,0.28,0
2023-08-08 01:30:00+00:00,0.0,0.0,0.0,0.0,4.59,0.28,0
2023-08-08 02:30:00+00:00,0.0,0.0,0.0,0.0,4.53,0.28,0
2023-08-08 03:30:00+00:00,0.0,0.0,0.0,0.0,4.43,0.21,0
2023-08-08 04:30:00+00:00,0.0,6.22,0.49,1.16,4.17,0.28,0
2023-08-08 05:30:00+00:00,0.0,43.72,3.42,11.03,4.08,0.34,0
2023-08-08 06:30:00+00:00,58.45,92.12,12.75,21.29,5.37,0.28,0
2023-08-08 07:30:00+00:00,240.06,111.05,22.67,31.59,8.18,0.28,0
2023-08-08 08:30:00+00:00,412.77,152.42,31.56,41.51,10.12,0.0,0
2023-08-08 09:30:00+00:00,599.58,155.1,39.2,50.37,11.67,0.21,0
2023-08-08 10:30:00+00:00,610.78,192.31,40.38,57.02,13.08,0.41,0
2023-08-08 11:30:00+00:00,579.5,197.01,38.77,59.79,14.13,0.55,0
2023-08-08 12:30:00+00:00,567.69,215.33,39.4,57.6,15.1,0.83,0
2023-08-08 13:30:00+00:00,437.73,189.08,32.71,51.33,15.91,0.9,0
2023-08-08 14:30:00+00:00,370.82,117.63,27.11,42.67,15.66,0.48,0
2023-08-08 15:30:00+00:00,239.35,102.63,21.6,32.84,15.09,0.41,0
2023-08-08 16:30:00+00:00,67.66,69.76,11.41,22.56,14.53,0.41,0
2023-08-08 17:30:00+00:00,0.0,36.92,2.89,12.27,13.56,0.41,0
2023-08-08 18:30:00+00:00,0.0,10.47,0.82,2.34,12.65,0.41,0
2023-08-08 19:30:00+00:00,0.0,0.0,0.0,0.0,11.24,0.48,0
2023-08-08 20:30:00+00:00,0.0,0.0,0.0,0.0,10.73,0.41,0
2023-08-08 21:30:00+00:00,0.0,0.0,0.0,0.0,9.93,0.34,0
2023-08-08 22:30:00+00:00,0.0,0.0,0.0,0.0,9.22,0.48,0
2023-08-08 23:30:00+00:00,0.0,0.0,0.0,0.0,8.84,0.41,0
2023-08-09 00:30:00+00:00,0.0,0.0,0.0,0.0,8.46,0.34,0
2023-08-09 01:30:00+00:00,0.0,0.0,0.0,0.0,8.52,0.41,0
2023-08-09 02:30:00+00:00,0.0,0.0,0.0,0.0,8.01,0.48,0
2023-08-09 03:30:00+00:00,0.0,0.0,0.0,0.0,7.53,0.55,0
2023-08-09 04:30:00+00:00,0.0,6.35,0.5,0.97,7.19,0.62,0
2023-08-09 05:30:00+00:00,0.0,46.02,3.6,10.85,7.17,0.62,0
2023-08-09 06:30:00+00:00,66.53,80.8,12.75,21.12,8.41,0.62,0
2023-08-09 07:30:00+00:00,152.1,116.54,17.15,31.41,11.28,0.83,0
2023-08-09 08:30:00+00:00,235.52,153.09,21.99,41.31,12.41,1.03,0
2023-08-09 09:30:00+00:00,390.77,158.62,28.79,50.15,13.39,1.1,0
2023-08-09 10:30:00+00:00,378.71,181.4,28.75,56.76,14.84,1.59,0
2023-08-09 11:30:00+00:00,447.47,182.51,31.74,59.5,15.77,1.72,0
2023-08-09 12:30:00+00:00,457.73,216.9,34.2,57.32,16.67,1.86,0
2023-08-09 13:30:00+00:00,387.32,172.95,29.27,51.07,17.44,1.79,0
2023-08-09 14:30:00+00:00,323.46,153.36,26.37,42.43,17.48,1.45,0
2023-08-09 15:30:00+00:00,248.77,108.1,22.35,32.61,17.27,1.45,0
2023-08-09 16:30:00+00:00,97.74,61.46,13.77,22.34,16.92,1.31,0
2023-08-09 17:30:00+00:00,0.0,31.91,2.5,12.05,16.1,1.17,0
2023-08-09 18:30:00+00:00,0.0,5.3,0.42,2.11,15.08,1.03,0
2023-08-09 19:30:00+00:00,0.0,0.0,0.0,0.0,13.59,0.83,0
2023-08-09 20:30:00+00:00,0.0,0.0,0.0,0.0,13.12,0.69,0
2023-08-09 21:30:00+00:00,0.0,0.0,0.0,0.0,12.72,0.69,0
2023-08-09 22:30:00+00:00,0.0,0.0,0.0,0.0,12.17,0.62,0
2023-08-09 23:30:00+00:00,0.0,0.0,0.0,0.0,11.39,0.48,0
2023-08-10 00:30:00+00:00,0.0,0.0,0.0,0.0,10.41,0.41,0
2023-08-10 01:30:00+00:00,0.0,0.0,0.0,0.0,9.43,0.41,0
2023-08-10 02:30:00+00:00,0.0,0.0,0.0,0.0,8.65,0.41,0
2023-08-10 03:30:00+00:00,0.0,0.0,0.0,0.0,7.58,0.41,0
2023-08-10 04:30:00+00:00,0.0,5.65,0.44,0.78,6.7,0.41,0
2023-08-10 05:30:00+00:00,0.0,43.88,3.44,10.67,6.52,0.48,0
2023-08-10 06:30:00+00:00,72.12,82.22,13.29,20.94,8.33,0.48,0
2023-08-10 07:30:00+00:00,295.02,82.63,24.21,31.23,12.4,0.55,0
2023-08-10 08:30:00+00:00,495.21,95.76,32.65,41.12,15.75,0.76,0
2023-08-10 09:30:00+00:00,658.5,106.36,39.3,49.92,17.89,0.83,0
2023-08-10 10:30:00+00:00,747.63,123.51,43.2,56.5,19.56,0.76,0
2023-08-10 11:30:00+00:00,708.95,169.05,43.1,59.21,20.85,0.76,0
2023-08-10 12:30:00+00:00,725.31,136.01,42.62,57.04,21.62,0.55,0
2023-08-10 13:30:00+00:00,666.41,105.18,39.43,50.81,22.15,0.48,0
2023-08-10 14:30:00+00:00,489.24,108.51,32.64,42.19,22.01,0.69,0
2023-08-10 15:30:00+00:00,303.26,86.31,24.37,32.38,21.33,0.48,0
2023-08-10 16:30:00+00:00,127.2,53.02,15.99,22.11,20.77,0.34,0
2023-08-10 17:30:00+00:00,0.0,31.5,2.47,11.82,19.83,0.28,0
2023-08-10 18:30:00+00:00,0.0,7.47,0.58,1.87,18.49,0.21,0
2023-08-10 19:30:00+00:00,0.0,0.0,0.0,0.0,17.71,0.34,0
2023-08-10 20:30:00+00:00,0.0,0.0,0.0,0.0,16.74,0.34,0
2023-08-10 21:30:00+00:00,0.0,0.0,0.0,0.0,15.72,0.48,0
2023-08-10 22:30:00+00:00,0.0,0.0,0.0,0.0,14.67,0.48,0
2023-08-10 23:30:00+00:00,0.0,0.0,0.0,0.0,13.88,0.48,0
2023-08-11 00:30:00+00:00,0.0,0.0,0.0,0.0,13.28,0.48,0
2023-08-11 01:30:00+00:00,0.0,0.0,0.0,0.0,12.86,0.48,0
2023-08-11 02:30:00+00:00,0.0,0.0,0.0,0.0,11.93,0.48,0
2023-08-11 03:30:00+00:00,0.0,0.0,0.0,0.0,10.17,0.41,0
2023-08-11 04:30:00+00:00,0.0,4.53,0.35,0.58,9.72,0.34,0
2023-08-11 05:30:00+00:00,0.0,36.8,2.88,10.49,9.58,0.34,0
2023-08-11 06:30:00+00:00,39.2,103.87,11.04,20.76,10.73,0.28,0
2023-08-11 07:30:00+00:00,228.78,124.37,22.12,31.05,13.64,0.28,0
2023-08-11 08:30:00+00:00,439.29,113.06,30.26,40.92,17.41,0.41,0
2023-08-11 09:30:00+00:00,552.03,147.92,35.77,49.7,19.15,0.28,0
2023-08-11 10:30:00+00:00,652.56,153.45,39.81,56.24,20.27,0.14,0
2023-08-11 11:30:00+00:00,718.57,120.31,40.97,58.92,21.07,0.14,0
2023-08-11 12:30:00+00:00,604.25,134.44,36.5,56.75,21.6,0.21,0
2023-08-11 13:30:00+00:00,592.84,130.04,36.74,50.54,21.91,0.14,0
2023-08-11 14:30:00+00:00,426.4,96.73,28.43,41.94,22.02,0.21,0
2023-08-11 15:30:00+00:00,230.39,84.81,19.53,32.15,21.67,0.14,0
2023-08-11 16:30:00+00:00,84.05,66.89,12.48,21.88,20.82,0.21,0
2023-08-11 17:30:00+00:00,0.0,34.63,2.71,11.58,20.01,0.21,0
2023-08-11 18:30:00+00:00,0.0,6.38,0.5,1.63,19.01,0.14,0
2023-08-11 19:30:00+00:00,0.0,0.0,0.0,0.0,18.0,0.34,0
2023-08-11 20:30:00+00:00,0.0,0.0,0.0,0.0,16.72,0.34,0
2023-08-11 21:30:00+00:00,0.0,0.0,0.0,0.0,15.96,0.41,0
2023-08-11 22:30:00+00:00,0.0,0.0,0.0,0.0,15.14,0.34,0
2023-08-11 23:30:00+00:00,0.0,0.0,0.0,0.0,14.61,0.34,0
2023-08-12 00:30:00+00:00,0.0,0.0,0.0,0.0,14.17,0.34,0
2023-08-12 01:30:00+00:00,0.0,0.0,0.0,0.0,13.63,0.34,0
2023-08-12 02:30:00+00:00,0.0,0.0,0.0,0.0,13.53,0.28,0
2023-08-12 03:30:00+00:00,0.0,0.0,0.0,0.0,13.27,0.21,0
2023-08-12 04:30:00+00:00,0.0,3.61,0.28,0.39,13.06,0.14,0
2023-08-12 05:30:00+00:00,0.0,29.81,2.34,10.3,12.77,0.14,0
2023-08-12 06:30:00+00:00,54.38,67.65,10.1,20.58,13.56,0.0,0
2023-08-12 07:30:00+00:00,118.13,108.63,14.24,30.87,15.99,0.34,0
2023-08-12 08:30:00+00:00,360.75,128.51,26.69,40.72,17.51,0.34,0
2023-08-12 09:30:00+00:00,342.88,177.02,27.05,49.47,19.08,0.28,0
2023-08-12 10:30:00+00:00,475.12,215.03,34.45,55.97,19.56,0.34,0
2023-08-12 11:30:00+00:00,478.45,220.15,34.63,58.63,20.52,0.41,0
2023-08-12 12:30:00+00:00,470.49,238.29,35.39,56.45,20.92,0.41,0
2023-08-12 13:30:00+00:00,278.76,205.76,25.64,50.27,21.11,0.41,0
2023-08-12 14:30:00+00:00,102.18,136.09,13.96,41.69,19.52,0.62,0
2023-08-12 15:30:00+00:00,83.32,102.81,11.67,31.91,18.13,0.62,0
2023-08-12 16:30:00+00:00,40.66,74.83,8.77,21.64,18.11,0.55,0
2023-08-12 17:30:00+00:00,0.0,32.01,2.51,11.35,17.94,0.41,0
2023-08-12 18:30:00+00:00,0.0,5.43,0.42,1.38,17.38,0.41,0
2023-08-12 19:30:00+00:00,0.0,0.0,0.0,0.0,16.76,0.14,0
2023-08-12 20:30:00+00:00,0.0,0.0,0.0,0.0,15.9,0.07,0
2023-08-12 21:30:00+00:00,0.0,0.0,0.0,0.0,15.16,0.07,0
2023-08-12 22:30:00+00:00,0.0,0.0,0.0,0.0,14.26,0.14,0
2023-08-12 23:30:00+00:00,0.0,0.0,0.0,0.0,13.28,0.14,0
2023-08-13 00:30:00+00:00,0.0,0.0,0.0,0.0,12.49,0.21,0
2023-08-13 01:30:00+00:00,0.0,0.0,0.0,0.0,11.85,0.21,0
2023-08-13 02:30:00+00:00,0.0,0.0,0.0,0.0,10.96,0.14,0
2023-08-13 03:30:00+00:00,0.0,0.0,0.0,0.0,10.55,0.14,0
2023-08-13 04:30:00+00:00,0.0,4.53,0.35,0.19,10.49,0.14,0
2023-08-13 05:30:00+00:00,0.0,35.04,2.75,10.12,10.44,0.07,0
2023-08-13 06:30:00+00:00,80.85,73.57,13.06,20.4,11.76,0.07,0
2023-08-13 07:30:00+00:00,266.95,103.97,22.92,30.68,16.54,0.21,0
2023-08-13 08:30:00+00:00,481.38,101.69,31.46,40.52,18.84,0.41,0
2023-08-13 09:30:00+00:00,482.71,154.1,32.29,49.24,20.41,0.55,0
2023-08-13 10:30:00+00:00,501.37,197.08,34.54,55.7,21.14,0.62,0
2023-08-13 11:30:00+00:00,484.67,190.16,33.19,58.33,21.59,0.55,0
2023-08-13 12:30:00+00:00,415.5,186.43,30.09,56.15,20.85,0.62,0
2023-08-13 13:30:00+00:00,292.19,195.42,25.55,49.99,20.91,0.34,0
2023-08-13 14:30:00+00:00,263.73,113.85,20.57,41.43,20.6,0.34,0
2023-08-13 15:30:00+00:00,128.09,115.28,14.95,31.66,20.26,0.55,0
2023-08-13 16:30:00+00:00,54.85,70.47,9.73,21.4,19.79,0.34,0
2023-08-13 17:30:00+00:00,0.0,28.47,2.23,11.1,19.2,0.41,0
2023-08-13 18:30:00+00:00,0.0,4.18,0.33,1.13,18.26,0.48,0
2023-08-13 19:30:00+00:00,0.0,0.0,0.0,0.0,16.56,0.62,0
2023-08-13 20:30:00+00:00,0.0,0.0,0.0,0.0,16.01,0.34,0
2023-08-13 21:30:00+00:00,0.0,0.0,0.0,0.0,15.45,0.28,0
2023-08-13 22:30:00+00:00,0.0,0.0,0.0,0.0,14.89,0.21,0
2023-08-13 23:30:00+00:00,0.0,0.0,0.0,0.0,14.48,0.21,0
2023-08-14 00:30:00+00:00,0.0,0.0,0.0,0.0,13.83,0.14,0
2023-08-14 01:30:00+00:00,0.0,0.0,0.0,0.0,13.17,0.21,0
2023-08-14 02:30:00+00:00,0.0,0.0,0.0,0.0,12.8,0.28,0
2023-08-14 03:30:00+00:00,0.0,0.0,0.0,0.0,12.39,0.21,0
2023-08-14 04:30:00+00:00,0.0,0.0,0.0,-0.01,12.24,0.21,0
2023-08-14 05:30:00+00:00,0.0,35.36,2.77,9.93,12.06,0.21,0
2023-08-14 06:30:00+00:00,56.58,84.06,11.13,20.22,12.41,0.41,0
2023-08-14 07:30:00+00:00,213.7,94.17,18.88,30.5,15.34,0.55,0
2023-08-14 08:30:00+00:00,373.88,117.15,26.38,40.32,17.11,0.9,0
2023-08-14 09:30:00+00:00,370.17,175.64,27.95,49.01,18.5,1.03,0
2023-08-14 10:30:00+00:00,427.85,226.09,32.6,55.43,19.21,0.9,0
2023-08-14 11:30:00+00:00,309.21,226.37,27.4,58.02,19.97,0.83,0
2023-08-14 12:30:00+00:00,229.42,255.12,25.84,55.85,20.02,0.9,0
2023-08-14 13:30:00+00:00,152.98,247.93,22.54,49.7,19.62,0.83,0
2023-08-14 14:30:00+00:00,129.89,200.37,19.07,41.16,19.29,0.76,0
2023-08-14 15:30:00+00:00,59.92,153.47,13.43,31.41,19.04,0.97,0
2023-08-14 16:30:00+00:00,61.96,80.94,10.96,21.15,17.76,0.83,0
2023-08-14 17:30:00+00:00,0.0,31.98,2.5,10.85,17.44,0.69,0
2023-08-14 18:30:00+00:00,0.0,4.56,0.36,0.87,16.67,0.62,0
2023-08-14 19:30:00+00:00,0.0,0.0,0.0,0.0,16.09,0.55,0
2023-08-14 20:30:00+00:00,0.0,0.0,0.0,0.0,15.75,0.28,0
2023-08-14 21:30:00+00:00,0.0,0.0,0.0,0.0,15.1,0.21,0
2023-08-14 22:30:00+00:00,0.0,0.0,0.0,0.0,14.32,0.21,0
2023-08-14 23:30:00+00:00,0.0,0.0,0.0,0.0,13.43,0.21,0
2023-08-15 00:30:00+00:00,0.0,0.0,0.0,0.0,13.04,0.21,0
2023-08-15 01:30:00+00:00,0.0,0.0,0.0,0.0,12.74,0.21,0
2023-08-15 02:30:00+00:00,0.0,0.0,0.0,0.0,12.62,0.21,0
2023-08-15 03:30:00+00:00,0.0,0.0,0.0,0.0,12.33,0.21,0
2023-08-15 04:30:00+00:00,0.0,0.0,0.0,-0.21,12.24,0.14,0
2023-08-15 05:30:00+00:00,0.0,29.23,2.29,9.74,11.94,0.21,0
2023-08-15 06:30:00+00:00,64.33,83.3,11.69,20.04,12.8,0.21,0
2023-08-15 07:30:00+00:00,217.59,94.73,18.96,30.31,15.04,0.21,0
2023-08-15 08:30:00+00:00,383.24,115.81,26.59,40.11,16.97,0.28,0
2023-08-15 09:30:00+00:00,526.04,157.8,34.14,48.77,18.64,0.28,0
2023-08-15 10:30:00+00:00,593.48,179.14,37.44,55.15,20.09,0.21,0
2023-08-15 11:30:00+00:00,433.39,236.14,33.02,57.71,20.84,0.21,0
2023-08-15 12:30:00+00:00,272.92,229.38,26.05,55.54,19.73,0.21,0
2023-08-15 13:30:00+00:00,117.06,212.07,18.84,49.42,20.23,0.28,0
2023-08-15 14:30:00+00:00,36.06,164.48,12.58,40.9,18.94,0.14,0
2023-08-15 15:30:00+00:00,13.94,102.75,7.63,31.15,16.65,0.41,0
2023-08-15 16:30:00+00:00,28.6,90.39,8.53,20.9,16.18,0.28,0
2023-08-15 17:30:00+00:00,0.0,35.68,2.8,10.6,16.33,0.28,0
2023-08-15 18:30:00+00:00,0.0,4.91,0.38,0.61,16.02,0.34,0
2023-08-15 19:30:00+00:00,0.0,0.0,0.0,0.0,17.04,0.34,0
2023-08-15 20:30:00+00:00,0.0,0.0,0.0,0.0,15.91,0.28,0
2023-08-15 21:30:00+00:00,0.0,0.0,0.0,0.0,15.03,0.21,0
2023-08-15 22:30:00+00:00,0.0,0.0,0.0,0.0,13.94,0.14,0
2023-08-15 23:30:00+00:00,0.0,0.0,0.0,0.0,12.28,0.14,0
2023-08-16 00:30:00+00:00,0.0,0.0,0.0,0.0,11.41,0.14,0
2023-08-16 01:30:00+00:00,0.0,0.0,0.0,0.0,11.39,0.14,0
2023-08-16 02:30:00+00:00,0.0,0.0,0.0,0.0,10.73,0.14,0
2023-08-16 03:30:00+00:00,0.0,0.0,0.0,0.0,10.42,0.14,0
2023-08-16 04:30:00+00:00,0.0,0.0,0.0,-0.41,10.51,0.07,0
2023-08-16 05:30:00+00:00,0.0,28.66,2.25,9.56,10.79,0.14,0
2023-08-16 06:30:00+00:00,104.97,58.68,13.81,19.85,12.08,0.14,0
2023-08-16 07:30:00+00:00,302.33,81.03,23.09,30.12,16.84,0.07,0
2023-08-16 08:30:00+00:00,499.78,96.7,31.41,39.91,19.14,0.41,0
2023-08-16 09:30:00+00:00,600.03,137.38,36.43,48.53,20.29,0.48,0
2023-08-16 10:30:00+00:00,688.1,143.19,39.83,54.87,20.98,0.48,0
2023-08-16 11:30:00+00:00,541.52,192.85,35.33,57.4,21.42,0.41,0
2023-08-16 12:30:00+00:00,353.18,228.37,29.22,55.22,21.41,0.34,0
2023-08-16 13:30:00+00:00,220.61,176.41,21.02,49.12,20.15,0.55,0
2023-08-16 14:30:00+00:00,156.53,162.2,17.85,40.62,19.02,0.28,0
2023-08-16 15:30:00+00:00,62.56,140.69,12.67,30.89,18.58,0.28,0
2023-08-16 16:30:00+00:00,32.8,94.83,9.14,20.65,18.5,0.41,0
2023-08-16 17:30:00+00:00,0.0,32.01,2.51,10.34,18.31,0.41,0
2023-08-16 18:30:00+00:00,0.0,3.8,0.3,0.34,17.64,0.41,0
2023-08-16 19:30:00+00:00,0.0,0.0,0.0,0.0,17.09,0.28,0
2023-08-16 20:30:00+00:00,0.0,0.0,0.0,0.0,16.13,0.14,0
2023-08-16 21:30:00+00:00,0.0,0.0,0.0,0.0,15.22,0.14,0
2023-08-16 22:30:00+00:00,0.0,0.0,0.0,0.0,14.71,0.21,0
2023-08-16 23:30:00+00:00,0.0,0.0,0.0,0.0,14.32,0.0,0
2023-08-17 00:30:00+00:00,0.0,0.0,0.0,0.0,13.86,0.21,0
2023-08-17 01:30:00+00:00,0.0,0.0,0.0,0.0,13.65,0.21,0
2023-08-17 02:30:00+00:00,0.0,0.0,0.0,0.0,13.33,0.21,0
2023-08-17 03:30:00+00:00,0.0,0.0,0.0,0.0,12.99,0.28,0
2023-08-17 04:30:00+00:00,0.0,0.0,0.0,-0.61,12.64,0.21,0
2023-08-17 05:30:00+00:00,0.0,31.02,2.43,9.37,11.95,0.21,0
2023-08-17 06:30:00+00:00,38.44,96.78,9.9,19.66,13.23,0.14,0
2023-08-17 07:30:00+00:00,168.08,126.07,17.56,29.92,15.64,0.14,0
2023-08-17 08:30:00+00:00,120.19,148.76,15.34,39.7,18.12,0.14,0
2023-08-17 09:30:00+00:00,255.7,242.25,26.17,48.29,18.22,0.41,0
2023-08-17 10:30:00+00:00,287.03,206.18,25.14,54.59,18.82,0.34,0
2023-08-17 11:30:00+00:00,288.83,253.05,27.73,57.09,19.33,0.21,0
2023-08-17 12:30:00+00:00,421.26,235.11,32.29,54.91,20.15,0.28,0
2023-08-17 13:30:00+00:00,132.28,169.5,16.77,48.83,20.82,0.0,0
2023-08-17 14:30:00+00:00,28.85,152.5,11.45,40.35,19.65,0.48,0
2023-08-17 15:30:00+00:00,35.26,143.21,11.37,30.63,18.03,0.76,0
2023-08-17 16:30:00+00:00,43.36,76.06,8.75,20.39,18.03,0.55,0
2023-08-17 17:30:00+00:00,0.0,30.64,2.4,10.08,17.67,0.28,0
2023-08-17 18:30:00+00:00,0.0,4.5,0.35,0.07,17.18,0.28,0
2023-08-17 19:30:00+00:00,0.0,0.0,0.0,0.0,16.71,0.28,0
2023-08-17 20:30:00+00:00,0.0,0.0,0.0,0.0,15.8,0.28,0
2023-08-17 21:30:00+00:00,0.0,0.0,0.0,0.0,15.04,0.28,0
2023-08-17 22:30:00+00:00,0.0,0.0,0.0,0.0,14.38,0.28,0
2023-08-17 23:30:00+00:00,0.0,0.0,0.0,0.0,13.76,0.28,0
2023-08-18 00:30:00+00:00,0.0,0.0,0.0,0.0,13.3,0.28,0
2023-08-18 01:30:00+00:00,0.0,0.0,0.0,0.0,12.99,0.34,0
2023-08-18 02:30:00+00:00,0.0,0.0,0.0,0.0,12.8,0.34,0
2023-08-18 03:30:00+00:00,0.0,0.0,0.0,0.0,12.54,0.34,0
2023-08-18 04:30:00+00:00,0.0,0.0,0.0,-0.81,11.41,0.41,0
2023-08-18 05:30:00+00:00,0.0,26.26,2.06,9.18,10.59,0.41,0
2023-08-18 06:30:00+00:00,102.42,63.25,13.37,19.48,12.22,0.34,0
2023-08-18 07:30:00+00:00,306.9,85.71,23.11,29.73,16.3,0.28,0
2023-08-18 08:30:00+00:00,504.76,96.54,31.14,39.49,19.3,0.34,0
2023-08-18 09:30:00+00:00,526.37,161.52,33.68,48.05,20.54,0.28,0
2023-08-18 10:30:00+00:00,631.55,151.3,37.16,54.31,21.19,0.14,0
2023-08-18 11:30:00+00:00,705.6,155.9,40.42,56.77,21.94,0.14,0
2023-08-18 12:30:00+00:00,563.01,190.22,35.96,54.59,22.55,0.14,0
2023-08-18 13:30:00+00:00,368.13,200.87,28.52,48.52,22.51,0.07,0
2023-08-18 14:30:00+00:00,346.03,142.63,25.46,40.06,22.32,0.41,0
2023-08-18 15:30:00+00:00,176.03,113.97,17.02,30.36,22.23,0.07,0
2023-08-18 16:30:00+00:00,71.73,74.67,10.98,20.12,21.18,0.9,0
2023-08-18 17:30:00+00:00,0.0,28.02,2.2,9.81,20.05,0.48,0
2023-08-18 18:30:00+00:00,0.0,0.0,0.0,-0.2,18.92,0.21,0
2023-08-18 19:30:00+00:00,0.0,0.0,0.0,0.0,19.22,0.14,0
2023-08-18 20:30:00+00:00,0.0,0.0,0.0,0.0,17.93,0.21,0
2023-08-18 21:30:00+00:00,0.0,0.0,0.0,0.0,16.96,0.0,0
2023-08-18 22:30:00+00:00,0.0,0.0,0.0,0.0,16.11,0.07,0
2023-08-18 23:30:00+00:00,0.0,0.0,0.0,0.0,15.39,0.07,0
2023-08-19 00:30:00+00:00,0.0,0.0,0.0,0.0,14.83,0.0,0
2023-08-19 01:30:00+00:00,0.0,0.0,0.0,0.0,14.29,0.07,0
2023-08-19 02:30:00+00:00,0.0,0.0,0.0,0.0,13.94,0.21,0
2023-08-19 03:30:00+00:00,0.0,0.0,0.0,0.0,13.56,0.28,0
2023-08-19 04:30:00+00:00,0.0,0.0,0.0,-1.01,13.17,0.34,0
2023-08-19 05:30:00+00:00,0.0,28.11,2.2,8.98,12.88,0.41,0
2023-08-19 06:30:00+00:00,101.08,63.36,13.02,19.29,13.6,0.34,0
2023-08-19 07:30:00+00:00,274.24,103.56,21.94,29.54,17.0,0.34,0
2023-08-19 08:30:00+00:00,502.6,101.54,31.01,39.27,20.42,0.48,0
2023-08-19 09:30:00+00:00,666.18,109.32,37.46,47.8,21.98,0.55,0
2023-08-19 10:30:00+00:00,647.74,123.64,36.33,54.02,23.03,0.55,0
2023-08-19 11:30:00+00:00,698.74,142.61,39.25,56.44,23.57,0.48,0
2023-08-19 12:30:00+00:00,593.73,135.97,34.47,54.26,24.29,0.34,0
2023-08-19 13:30:00+00:00,480.66,110.64,28.77,48.22,24.37,0.48,0
2023-08-19 14:30:00+00:00,380.09,120.49,25.78,39.78,24.02,0.48,0
2023-08-19 15:30:00+00:00,213.1,109.59,18.67,30.09,23.7,0.48,0
2023-08-19 16:30:00+00:00,72.32,77.95,11.13,19.85,23.19,0.34,0
2023-08-19 17:30:00+00:00,0.0,25.88,2.03,9.54,22.17,0.41,0
2023-08-19 18:30:00+00:00,0.0,0.0,0.0,-0.48,21.15,0.41,0
2023-08-19 19:30:00+00:00,0.0,0.0,0.0,0.0,19.57,0.41,0
2023-08-19 20:30:00+00:00,0.0,0.0,0.0,0.0,18.43,0.41,0
2023-08-19 21:30:00+00:00,0.0,0.0,0.0,0.0,17.34,0.34,0
2023-08-19 22:30:00+00:00,0.0,0.0,0.0,0.0,16.33,0.34,0
2023-08-19 23:30:00+00:00,0.0,0.0,0.0,0.0,15.45,0.34,0
2023-08-20 00:30:00+00:00,0.0,0.0,0.0,0.0,14.83,0.34,0
2023-08-20 01:30:00+00:00,0.0,0.0,0.0,0.0,14.37,0.34,0
2023-08-20 02:30:00+00:00,0.0,0.0,0.0,0.0,14.05,0.34,0
2023-08-20 03:30:00+00:00,0.0,0.0,0.0,0.0,13.77,0.34,0
2023-08-20 04:30:00+00:00,0.0,0.0,0.0,-1.22,13.09,0.41,0
2023-08-20 05:30:00+00:00,0.0,25.56,2.0,8.79,12.29,0.48,0
2023-08-20 06:30:00+00:00,111.46,58.7,13.39,19.1,14.12,0.34,0
2023-08-20 07:30:00+00:00,308.07,83.89,22.57,29.34,18.33,0.28,0
2023-08-20 08:30:00+00:00,495.13,102.31,30.41,39.06,21.33,0.48,0
2023-08-20 09:30:00+00:00,671.37,107.11,37.33,47.55,22.72,0.48,0
2023-08-20 10:30:00+00:00,747.79,124.72,40.69,53.72,23.85,0.48,0
2023-08-20 11:30:00+00:00,691.05,129.7,38.06,56.12,24.52,0.69,0
2023-08-20 12:30:00+00:00,609.23,151.95,35.72,53.93,24.8,0.76,0
2023-08-20 13:30:00+00:00,488.46,156.11,31.21,47.9,24.77,0.69,0
2023-08-20 14:30:00+00:00,349.18,132.15,24.71,39.49,24.6,0.62,0
2023-08-20 15:30:00+00:00,252.54,79.1,19.0,29.81,24.3,0.55,0
2023-08-20 16:30:00+00:00,94.53,57.58,11.55,19.58,23.81,0.48,0
2023-08-20 17:30:00+00:00,0.0,25.37,1.99,9.27,22.92,0.28,0
2023-08-20 18:30:00+00:00,0.0,0.0,0.0,-0.77,21.97,0.21,0
2023-08-20 19:30:00+00:00,0.0,0.0,0.0,0.0,21.28,0.0,0
2023-08-20 20:30:00+00:00,0.0,0.0,0.0,0.0,20.0,0.0,0
2023-08-20 21:30:00+00:00,0.0,0.0,0.0,0.0,18.93,0.14,0
2023-08-20 22:30:00+00:00,0.0,0.0,0.0,0.0,17.93,0.14,0
2023-08-20 23:30:00+00:00,0.0,0.0,0.0,0.0,17.08,0.07,0
2023-08-21 00:30:00+00:00,0.0,0.0,0.0,0.0,16.17,0.07,0
2023-08-21 01:30:00+00:00,0.0,0.0,0.0,0.0,15.11,0.14,0
2023-08-21 02:30:00+00:00,0.0,0.0,0.0,0.0,13.96,0.14,0
2023-08-21 03:30:00+00:00,0.0,0.0,0.0,0.0,13.13,0.21,0
2023-08-21 04:30:00+00:00,0.0,0.0,0.0,-1.43,12.47,0.21,0
2023-08-21 05:30:00+00:00,0.0,30.16,2.36,8.6,11.78,0.21,0
2023-08-21 06:30:00+00:00,100.22,63.93,12.51,18.91,13.23,0.21,0
2023-08-21 07:30:00+00:00,225.82,108.03,19.05,29.14,18.05,0.28,0
2023-08-21 08:30:00+00:00,499.66,97.77,30.15,38.84,20.37,0.48,0
2023-08-21 09:30:00+00:00,633.15,113.02,35.56,47.3,22.2,0.41,0
2023-08-21 10:30:00+00:00,709.86,134.15,39.15,53.43,23.36,0.28,0
2023-08-21 11:30:00+00:00,618.88,176.37,36.89,55.79,24.2,0.34,0
2023-08-21 12:30:00+00:00,593.58,174.86,35.92,53.6,24.81,0.41,0
2023-08-21 13:30:00+00:00,504.22,145.6,31.2,47.59,25.18,0.41,0
2023-08-21 14:30:00+00:00,454.3,114.92,28.7,39.19,25.13,0.41,0
2023-08-21 15:30:00+00:00,291.12,78.23,20.91,29.53,24.96,0.34,0
2023-08-21 16:30:00+00:00,100.33,59.42,11.99,19.3,24.24,0.28,0
2023-08-21 17:30:00+00:00,0.0,22.63,1.77,8.99,23.24,0.28,0
2023-08-21 18:30:00+00:00,0.0,0.0,0.0,-1.05,22.25,0.21,0
2023-08-21 19:30:00+00:00,0.0,0.0,0.0,0.0,21.13,0.0,0
2023-08-21 20:30:00+00:00,0.0,0.0,0.0,0.0,20.12,0.14,0
2023-08-21 21:30:00+00:00,0.0,0.0,0.0,0.0,19.14,0.07,0
2023-08-21 22:30:00+00:00,0.0,0.0,0.0,0.0,18.2,0.07,0
2023-08-21 23:30:00+00:00,0.0,0.0,0.0,0.0,17.44,0.07,0
2023-08-22 00:30:00+00:00,0.0,0.0,0.0,0.0,16.78,0.14,0
2023-08-22 01:30:00+00:00,0.0,0.0,0.0,0.0,16.17,0.21,0
2023-08-22 02:30:00+00:00,0.0,0.0,0.0,0.0,15.71,0.21,0
2023-08-22 03:30:00+00:00,0.0,0.0,0.0,0.0,15.38,0.21,0
2023-08-22 04:30:00+00:00,0.0,0.0,0.0,-1.63,14.54,0.34,0
2023-08-22 05:30:00+00:00,0.0,29.39,2.3,8.4,13.35,0.34,0
2023-08-22 06:30:00+00:00,96.53,65.97,12.11,18.72,14.65,0.21,0
2023-08-22 07:30:00+00:00,284.7,97.7,21.5,28.94,18.59,0.28,0
2023-08-22 08:30:00+00:00,511.4,95.38,30.35,38.62,21.77,0.41,0
2023-08-22 09:30:00+00:00,625.15,130.09,35.74,47.05,23.27,0.34,0
2023-08-22 10:30:00+00:00,633.47,154.31,36.47,53.13,24.36,0.34,0
2023-08-22 11:30:00+00:00,746.91,126.2,39.89,55.45,25.02,0.34,0
2023-08-22 12:30:00+00:00,627.1,159.87,36.44,53.26,25.56,0.41,0
2023-08-22 13:30:00+00:00,504.77,127.48,30.13,47.27,25.55,0.48,0
2023-08-22 14:30:00+00:00,397.52,123.2,26.18,38.89,24.16,0.62,0
2023-08-22 15:30:00+00:00,227.6,97.7,18.31,29.24,24.51,0.83,0
2023-08-22 16:30:00+00:00,87.48,55.21,10.54,19.02,23.12,0.55,0
2023-08-22 17:30:00+00:00,0.0,21.57,1.69,8.7,22.51,0.41,0
2023-08-22 18:30:00+00:00,0.0,0.0,0.0,-1.34,20.94,0.62,0
2023-08-22 19:30:00+00:00,0.0,0.0,0.0,0.0,20.38,0.41,0
2023-08-22 20:30:00+00:00,0.0,0.0,0.0,0.0,19.46,0.41,0
2023-08-22 21:30:00+00:00,0.0,0.0,0.0,0.0,18.54,0.41,0
2023-08-22 22:30:00+00:00,0.0,0.0,0.0,0.0,17.56,0.34,0
2023-08-22 23:30:00+00:00,0.0,0.0,0.0,0.0,16.5,0.34,0
2023-08-23 00:30:00+00:00,0.0,0.0,0.0,0.0,14.97,0.34,0
2023-08-23 01:30:00+00:00,0.0,0.0,0.0,0.0,14.39,0.34,0
2023-08-23 02:30:00+00:00,0.0,0.0,0.0,0.0,14.1,0.34,0
2023-08-23 03:30:00+00:00,0.0,0.0,0.0,0.0,13.37,0.34,0
2023-08-23 04:30:00+00:00,0.0,0.0,0.0,-1.84,12.14,0.34,0
2023-08-23 05:30:00+00:00,0.0,28.59,2.24,8.21,11.87,0.34,0
2023-08-23 06:30:00+00:00,112.58,57.97,12.68,18.52,13.94,0.34,0
2023-08-23 07:30:00+00:00,314.04,80.98,21.97,28.74,19.37,0.48,0
2023-08-23 08:30:00+00:00,507.44,95.62,29.89,38.4,22.21,0.76,0
2023-08-23 09:30:00+00:00,669.82,107.57,36.46,46.79,23.61,0.83,0
2023-08-23 10:30:00+00:00,778.35,112.66,40.7,52.83,24.76,0.97,0
2023-08-23 11:30:00+00:00,736.25,153.61,40.44,55.12,25.51,0.83,0
2023-08-23 12:30:00+00:00,776.1,122.52,41.03,52.92,25.94,0.9,0
2023-08-23 13:30:00+00:00,493.57,160.8,31.07,46.95,25.84,0.97,0
2023-08-23 14:30:00+00:00,376.36,118.64,24.76,38.59,25.53,1.03,0
2023-08-23 15:30:00+00:00,264.26,99.99,20.22,28.95,24.23,0.97,0
2023-08-23 16:30:00+00:00,115.94,58.16,12.82,18.74,23.78,0.76,0
2023-08-23 17:30:00+00:00,0.0,26.1,2.05,8.42,23.16,0.55,0
2023-08-23 18:30:00+00:00,0.0,0.0,0.0,-1.64,22.05,0.55,0
2023-08-23 19:30:00+00:00,0.0,0.0,0.0,0.0,22.2,0.41,0
2023-08-23 20:30:00+00:00,0.0,0.0,0.0,0.0,20.91,0.41,0
2023-08-23 21:30:00+00:00,0.0,0.0,0.0,0.0,19.74,0.34,0
2023-08-23 22:30:00+00:00,0.0,0.0,0.0,0.0,18.81,0.34,0
2023-08-23 23:30:00+00:00,0.0,0.0,0.0,0.0,18.02,0.28,0
2023-08-24 00:30:00+00:00,0.0,0.0,0.0,0.0,17.47,0.21,0
2023-08-24 01:30:00+00:00,0.0,0.0,0.0,0.0,16.91,0.0,0
2023-08-24 02:30:00+00:00,0.0,0.0,0.0,0.0,16.63,0.0,0
2023-08-24 03:30:00+00:00,0.0,0.0,0.0,0.0,16.49,0.07,0
2023-08-24 04:30:00+00:00,0.0,0.0,0.0,-2.05,16.48,0.07,0
2023-08-24 05:30:00+00:00,0.0,22.63,1.77,8.01,16.49,0.07,0
2023-08-24 06:30:00+00:00,118.19,56.03,12.76,18.33,16.81,0.07,0
2023-08-24 07:30:00+00:00,278.16,104.34,21.02,28.54,19.57,0.21,0
2023-08-24 08:30:00+00:00,508.17,100.09,29.88,38.17,22.6,0.41,0
2023-08-24 09:30:00+00:00,659.32,111.34,35.89,46.53,24.15,0.34,0
2023-08-24 10:30:00+00:00,642.9,167.8,37.05,52.52,24.92,0.48,0
2023-08-24 11:30:00+00:00,605.55,176.96,35.7,54.78,25.15,0.69,0
2023-08-24 12:30:00+00:00,728.71,134.62,39.22,52.57,25.14,0.41,0
2023-08-24 13:30:00+00:00,466.63,151.8,29.26,46.62,25.78,0.55,0
2023-08-24 14:30:00+00:00,280.08,163.74,22.58,38.28,25.29,0.69,0
2023-08-24 15:30:00+00:00,165.56,111.81,15.57,28.65,23.82,0.55,0
2023-08-24 16:30:00+00:00,40.84,80.48,8.36,18.45,21.77,0.14,0
2023-08-24 17:30:00+00:00,0.0,21.83,1.71,8.13,21.5,0.34,0
2023-08-24 18:30:00+00:00,0.0,0.0,0.0,-1.94,20.5,0.28,0
2023-08-24 19:30:00+00:00,0.0,0.0,0.0,0.0,20.68,0.21,0
2023-08-24 20:30:00+00:00,0.0,0.0,0.0,0.0,19.67,0.14,0
2023-08-24 21:30:00+00:00,0.0,0.0,0.0,0.0,18.73,0.14,0
2023-08-24 22:30:00+00:00,0.0,0.0,0.0,0.0,17.89,0.14,0
2023-08-24 23:30:00+00:00,0.0,0.0,0.0,0.0,17.21,0.07,0
2023-08-25 00:30:00+00:00,0.0,0.0,0.0,0.0,16.54,0.07,0
2023-08-25 01:30:00+00:00,0.0,0.0,0.0,0.0,15.54,0.07,0
2023-08-25 02:30:00+00:00,0.0,0.0,0.0,0.0,15.28,0.0,0
2023-08-25 03:30:00+00:00,0.0,0.0,0.0,0.0,15.02,0.0,0
2023-08-25 04:30:00+00:00,0.0,0.0,0.0,-2.26,14.68,0.0,0
2023-08-25 05:30:00+00:00,0.0,22.72,1.78,7.81,14.31,0.07,0
2023-08-25 06:30:00+00:00,96.45,68.06,11.6,18.14,15.1,0.21,0
2023-08-25 07:30:00+00:00,255.15,110.2,19.9,28.34,17.59,0.28,0
2023-08-25 08:30:00+00:00,384.47,169.47,27.32,37.95,19.79,0.62,0
2023-08-25 09:30:00+00:00,315.18,209.45,25.76,46.27,20.94,0.55,0
2023-08-25 10:30:00+00:00,246.63,280.75,26.92,52.22,21.26,0.55,0
2023-08-25 11:30:00+00:00,323.28,249.35,27.93,54.44,20.4,0.41,0
2023-08-25 12:30:00+00:00,131.34,237.56,20.33,52.23,21.23,0.34,0
2023-08-25 13:30:00+00:00,11.15,244.64,16.7,46.29,20.37,0.28,0
2023-08-25 14:30:00+00:00,124.52,174.55,16.52,37.97,20.25,0.76,0
2023-08-25 15:30:00+00:00,240.82,94.86,18.33,28.36,20.25,0.9,0
2023-08-25 16:30:00+00:00,48.46,57.12,7.35,18.15,20.49,0.76,0
2023-08-25 17:30:00+00:00,0.0,18.83,1.47,7.83,18.26,0.69,0
2023-08-25 18:30:00+00:00,0.0,0.0,0.0,-2.24,16.82,0.14,0
2023-08-25 19:30:00+00:00,0.0,0.0,0.0,0.0,15.93,0.41,0
2023-08-25 20:30:00+00:00,0.0,0.0,0.0,0.0,15.66,0.07,0
2023-08-25 21:30:00+00:00,0.0,0.0,0.0,0.0,14.71,0.0,0
2023-08-25 22:30:00+00:00,0.0,0.0,0.0,0.0,13.92,0.48,0
2023-08-25 23:30:00+00:00,0.0,0.0,0.0,0.0,13.38,0.14,0
2023-08-26 00:30:00+00:00,0.0,0.0,0.0,0.0,12.99,0.21,0
2023-08-26 01:30:00+00:00,0.0,0.0,0.0,0.0,12.42,0.28,0
2023-08-26 02:30:00+00:00,0.0,0.0,0.0,0.0,12.11,0.28,0
2023-08-26 03:30:00+00:00,0.0,0.0,0.0,0.0,11.57,0.28,0
2023-08-26 04:30:00+00:00,0.0,0.0,0.0,-2.47,11.39,0.28,0
2023-08-26 05:30:00+00:00,0.0,22.75,1.78,7.61,10.83,0.14,0
2023-08-26 06:30:00+00:00,69.25,64.65,9.22,17.94,11.82,0.0,0
2023-08-26 07:30:00+00:00,71.93,109.33,10.65,28.13,14.36,0.48,0
2023-08-26 08:30:00+00:00,113.36,191.24,17.02,37.72,15.0,0.69,0
2023-08-26 09:30:00+00:00,139.78,206.73,18.77,46.01,16.17,0.69,0
2023-08-26 10:30:00+00:00,22.21,205.48,14.48,51.91,16.47,0.62,0
2023-08-26 11:30:00+00:00,0.0,108.62,7.25,54.09,16.09,0.55,0
2023-08-26 12:30:00+00:00,2.01,103.16,6.97,51.87,14.72,0.28,0
2023-08-26 13:30:00+00:00,0.0,114.5,7.64,45.95,14.3,0.34,0
2023-08-26 14:30:00+00:00,9.01,103.54,7.29,37.65,14.34,0.69,0
2023-08-26 15:30:00+00:00,78.11,126.25,11.99,28.05,14.67,0.34,0
2023-08-26 16:30:00+00:00,39.34,70.13,7.45,17.86,15.09,0.28,0
2023-08-26 17:30:00+00:00,0.0,18.86,1.48,7.53,14.95,0.21,0
2023-08-26 18:30:00+00:00,0.0,0.0,0.0,-2.54,14.37,0.28,0
2023-08-26 19:30:00+00:00,0.0,0.0,0.0,0.0,13.78,0.21,0
2023-08-26 20:30:00+00:00,0.0,0.0,0.0,0.0,13.5,0.48,0
2023-08-26 21:30:00+00:00,0.0,0.0,0.0,0.0,13.31,0.62,0
2023-08-26 22:30:00+00:00,0.0,0.0,0.0,0.0,12.77,0.55,0
2023-08-26 23:30:00+00:00,0.0,0.0,0.0,0.0,12.32,0.48,0
2023-08-27 00:30:00+00:00,0.0,0.0,0.0,0.0,11.89,0.48,0
2023-08-27 01:30:00+00:00,0.0,0.0,0.0,0.0,12.02,0.34,0
2023-08-27 02:30:00+00:00,0.0,0.0,0.0,0.0,11.9,0.28,0
2023-08-27 03:30:00+00:00,0.0,0.0,0.0,0.0,11.72,0.48,0
2023-08-27 04:30:00+00:00,0.0,0.0,0.0,-2.68,11.6,0.41,0
2023-08-27 05:30:00+00:00,0.0,12.09,0.95,7.42,11.58,0.07,0
2023-08-27 06:30:00+00:00,0.03,39.5,2.64,17.74,11.41,0.62,0
2023-08-27 07:30:00+00:00,0.0,48.56,3.24,27.92,11.14,0.48,0
2023-08-27 08:30:00+00:00,0.0,77.32,5.16,37.49,11.08,0.69,0
2023-08-27 09:30:00+00:00,0.17,65.16,4.36,45.74,11.12,0.69,0
2023-08-27 10:30:00+00:00,0.0,84.02,5.61,51.6,10.88,0.69,0
2023-08-27 11:30:00+00:00,8.51,141.21,9.74,53.74,10.99,0.69,0
2023-08-27 12:30:00+00:00,51.78,155.76,12.29,51.52,11.4,0.76,0
2023-08-27 13:30:00+00:00,5.33,60.67,4.28,45.61,11.63,0.76,0
2023-08-27 14:30:00+00:00,0.0,51.67,3.45,37.33,11.05,0.83,0
2023-08-27 15:30:00+00:00,0.0,18.12,1.21,27.75,10.78,0.97,0
2023-08-27 16:30:00+00:00,0.0,15.84,1.06,17.56,10.47,0.9,0
2023-08-27 17:30:00+00:00,0.0,4.44,0.35,7.23,10.23,0.97,0
2023-08-27 18:30:00+00:00,0.0,0.0,0.0,-2.85,9.72,0.9,0
2023-08-27 19:30:00+00:00,0.0,0.0,0.0,0.0,9.47,0.9,0
2023-08-27 20:30:00+00:00,0.0,0.0,0.0,0.0,9.05,0.97,0
2023-08-27 21:30:00+00:00,0.0,0.0,0.0,0.0,8.51,0.97,0
2023-08-27 22:30:00+00:00,0.0,0.0,0.0,0.0,8.13,0.9,0
2023-08-27 23:30:00+00:00,0.0,0.0,0.0,0.0,7.75,0.97,0
2023-08-28 00:30:00+00:00,0.0,0.0,0.0,0.0,7.54,0.9,0
2023-08-28 01:30:00+00:00,0.0,0.0,0.0,0.0,6.39,1.03,0
2023-08-28 02:30:00+00:00,0.0,0.0,0.0,0.0,5.76,1.1,0
2023-08-28 03:30:00+00:00,0.0,0.0,0.0,0.0,4.88,1.1,0
2023-08-28 04:30:00+00:00,0.0,0.0,0.0,-2.89,4.32,1.03,0
2023-08-28 05:30:00+00:00,0.0,5.07,0.4,7.22,3.96,1.1,0
2023-08-28 06:30:00+00:00,0.0,8.09,0.54,17.54,3.52,1.17,0
2023-08-28 07:30:00+00:00,0.0,21.98,1.47,27.72,2.87,0.97,0
2023-08-28 08:30:00+00:00,0.0,47.25,3.15,37.26,1.85,0.97,0
2023-08-28 09:30:00+00:00,0.0,68.52,4.57,45.47,1.81,1.03,0
2023-08-28 10:30:00+00:00,0.0,51.86,3.46,51.28,1.85,1.03,0
2023-08-28 11:30:00+00:00,0.0,69.15,4.62,53.39,1.63,1.03,0
2023-08-28 12:30:00+00:00,16.69,180.12,12.6,51.16,1.65,1.17,0
2023-08-28 13:30:00+00:00,16.08,100.32,7.33,45.27,2.11,1.38,0
2023-08-28 14:30:00+00:00,0.0,50.02,3.34,37.01,1.99,1.31,0
2023-08-28 15:30:00+00:00,0.0,37.89,2.53,27.44,1.84,1.31,0
2023-08-28 16:30:00+00:00,0.0,34.9,2.33,17.25,1.76,1.38,0
2023-08-28 17:30:00+00:00,0.0,7.34,0.57,6.93,1.66,1.45,0
2023-08-28 18:30:00+00:00,0.0,0.0,0.0,-3.16,1.52,1.24,0
2023-08-28 19:30:00+00:00,0.0,0.0,0.0,0.0,1.4,1.31,0
2023-08-28 20:30:00+00:00,0.0,0.0,0.0,0.0,1.21,1.24,0
2023-08-28 21:30:00+00:00,0.0,0.0,0.0,0.0,1.19,1.24,0
2023-08-28 22:30:00+00:00,0.0,0.0,0.0,0.0,1.23,1.17,0
2023-08-28 23:30:00+00:00,0.0,0.0,0.0,0.0,1.12,1.17,0
2023-08-29 00:30:00+00:00,0.0,0.0,0.0,0.0,1.17,1.1,0
2023-08-29 01:30:00+00:00,0.0,0.0,0.0,0.0,1.33,1.1,0
2023-08-29 02:30:00+00:00,0.0,0.0,0.0,0.0,1.23,1.1,0
2023-08-29 03:30:00+00:00,0.0,0.0,0.0,0.0,1.28,1.03,0
2023-08-29 04:30:00+00:00,0.0,0.0,0.0,-3.1,1.2,1.1,0
2023-08-29 05:30:00+00:00,0.0,21.16,1.66,7.02,1.16,1.17,0
2023-08-29 06:30:00+00:00,1.51,72.41,4.93,17.34,1.14,1.38,0
2023-08-29 07:30:00+00:00,44.18,172.16,13.22,27.51,1.72,1.59,0
2023-08-29 08:30:00+00:00,146.08,230.12,20.31,37.03,2.33,1.66,0
2023-08-29 09:30:00+00:00,250.37,271.58,26.18,45.2,2.78,1.72,0
2023-08-29 10:30:00+00:00,231.66,295.48,26.83,50.96,3.38,1.72,0
2023-08-29 11:30:00+00:00,248.3,301.03,27.68,53.04,3.7,1.66,0
2023-08-29 12:30:00+00:00,194.71,311.5,26.55,50.8,3.88,1.66,0
2023-08-29 13:30:00+00:00,184.21,211.4,20.45,44.92,3.88,1.66,0
2023-08-29 14:30:00+00:00,146.24,238.7,20.82,36.68,3.83,1.45,0
2023-08-29 15:30:00+00:00,99.32,165.45,15.08,27.12,3.76,1.52,0
2023-08-29 16:30:00+00:00,13.78,101.27,7.62,16.95,3.84,1.38,0
2023-08-29 17:30:00+00:00,0.0,27.54,2.16,6.62,3.77,1.24,0
2023-08-29 18:30:00+00:00,0.0,0.0,0.0,-3.48,4.29,1.03,0
2023-08-29 19:30:00+00:00,0.0,0.0,0.0,0.0,3.9,1.03,0
2023-08-29 20:30:00+00:00,0.0,0.0,0.0,0.0,3.74,0.97,0
2023-08-29 21:30:00+00:00,0.0,0.0,0.0,0.0,3.6,0.97,0
2023-08-29 22:30:00+00:00,0.0,0.0,0.0,0.0,3.76,0.83,0
2023-08-29 23:30:00+00:00,0.0,0.0,0.0,0.0,3.51,0.83,0
2023-08-30 00:30:00+00:00,0.0,0.0,0.0,0.0,3.1,0.76,0
2023-08-30 01:30:00+00:00,0.0,0.0,0.0,0.0,3.34,0.83,0
2023-08-30 02:30:00+00:00,0.0,0.0,0.0,0.0,2.97,0.76,0
2023-08-30 03:30:00+00:00,0.0,0.0,0.0,0.0,2.54,0.69,0
2023-08-30 04:30:00+00:00,0.0,0.0,0.0,-3.31,1.85,0.69,0
2023-08-30 05:30:00+00:00,0.0,26.49,2.07,6.81,1.12,0.69,0
2023-08-30 06:30:00+00:00,60.84,92.59,9.85,17.14,1.21,0.69,0
2023-08-30 07:30:00+00:00,211.07,152.4,19.03,27.29,2.75,1.17,0
2023-08-30 08:30:00+00:00,336.37,219.93,26.82,36.79,3.53,1.17,0
2023-08-30 09:30:00+00:00,480.84,239.4,32.9,44.93,5.61,1.03,0
2023-08-30 10:30:00+00:00,492.58,273.02,34.72,50.64,7.15,0.97,0
2023-08-30 11:30:00+00:00,485.64,308.5,36.14,52.68,7.99,1.03,0
2023-08-30 12:30:00+00:00,410.85,268.79,31.5,50.44,8.7,1.03,0
2023-08-30 13:30:00+00:00,298.54,240.13,26.07,44.58,9.09,1.03,0
2023-08-30 14:30:00+00:00,216.93,213.28,21.86,36.35,9.17,1.1,0
2023-08-30 15:30:00+00:00,131.47,142.87,15.03,26.81,9.19,1.1,0
2023-08-30 16:30:00+00:00,66.84,69.65,8.94,16.64,9.58,0.97,0
2023-08-30 17:30:00+00:00,0.0,18.89,1.48,6.31,9.0,0.69,0
2023-08-30 18:30:00+00:00,0.0,0.0,0.0,-3.8,8.18,0.69,0
2023-08-30 19:30:00+00:00,0.0,0.0,0.0,0.0,6.83,0.62,0
2023-08-30 20:30:00+00:00,0.0,0.0,0.0,0.0,6.14,0.62,0
2023-08-30 21:30:00+00:00,0.0,0.0,0.0,0.0,5.42,0.62,0
2023-08-30 22:30:00+00:00,0.0,0.0,0.0,0.0,4.7,0.55,0
2023-08-30 23:30:00+00:00,0.0,0.0,0.0,0.0,4.65,0.62,0
2023-08-31 00:30:00+00:00,0.0,0.0,0.0,0.0,4.18,0.62,0
2023-08-31 01:30:00+00:00,0.0,0.0,0.0,0.0,3.99,0.55,0
2023-08-31 02:30:00+00:00,0.0,0.0,0.0,0.0,3.56,0.55,0
2023-08-31 03:30:00+00:00,0.0,0.0,0.0,0.0,3.18,0.55,0
2023-08-31 04:30:00+00:00,0.0,0.0,0.0,-3.52,2.94,0.48,0
2023-08-31 05:30:00+00:00,0.0,26.55,2.08,6.61,2.59,0.55,0
2023-08-31 06:30:00+00:00,51.93,86.94,8.84,16.94,2.84,0.55,0
2023-08-31 07:30:00+00:00,191.68,132.67,16.92,27.08,4.3,0.41,0
2023-08-31 08:30:00+00:00,439.23,88.18,24.4,36.55,7.53,0.41,0
2023-08-31 09:30:00+00:00,571.48,143.58,31.78,44.65,9.44,0.55,0
2023-08-31 10:30:00+00:00,558.66,159.61,31.6,50.32,10.72,0.55,0
2023-08-31 11:30:00+00:00,591.33,239.62,36.56,52.32,11.57,0.55,0
2023-08-31 12:30:00+00:00,350.17,262.69,28.86,50.07,12.71,0.83,0
2023-08-31 13:30:00+00:00,295.45,210.16,24.22,44.22,12.39,1.03,0
2023-08-31 14:30:00+00:00,281.69,140.46,20.36,36.02,13.38,0.69,0
2023-08-31 15:30:00+00:00,78.2,98.35,9.97,26.49,13.39,0.62,0
2023-08-31 16:30:00+00:00,29.97,41.89,4.73,16.32,12.66,0.41,0
2023-08-31 17:30:00+00:00,0.0,10.59,0.83,6.0,11.89,0.34,0
2023-08-31 18:30:00+00:00,0.0,0.0,0.0,-4.12,11.08,0.34,0
2023-08-31 19:30:00+00:00,0.0,0.0,0.0,0.0,10.48,0.14,0
2023-08-31 20:30:00+00:00,0.0,0.0,0.0,0.0,9.94,0.28,0
2023-08-31 21:30:00+00:00,0.0,0.0,0.0,0.0,9.6,0.34,0
2023-08-31 22:30:00+00:00,0.0,0.0,0.0,0.0,9.26,0.41,0
2023-08-31 23:30:00+00:00,0.0,0.0,0.0,0.0,9.05,0.41,0
2023-09-01 00:30:00+00:00,0.0,0.0,0.0,0.0,8.76,0.34,0
2023-09-01 01:30:00+00:00,0.0,0.0,0.0,0.0,8.51,0.28,0
2023-09-01 02:30:00+00:00,0.0,0.0,0.0,0.0,8.0,0.21,0
2023-09-01 03:30:00+00:00,0.0,0.0,0.0,0.0,7.49,0.14,0
2023-09-01 04:30:00+00:00,0.0,0.0,0.0,-3.74,7.06,0.07,0
2023-09-01 05:30:00+00:00,0.0,16.95,1.33,6.41,6.81,0.0,0
2023-09-01 06:30:00+00:00,117.35,44.48,10.15,16.74,7.23,0.07,0
2023-09-01 07:30:00+00:00,271.63,70.36,17.12,26.87,10.25,0.07,0
2023-09-01 08:30:00+00:00,460.34,111.84,26.22,36.32,12.39,0.14,0
2023-09-01 09:30:00+00:00,616.67,129.03,32.73,44.37,13.9,0.28,0
2023-09-01 10:30:00+00:00,524.53,187.83,31.4,49.99,14.93,0.34,0
2023-09-01 11:30:00+00:00,629.02,176.92,34.88,51.96,15.84,0.55,0
2023-09-01 12:30:00+00:00,566.25,163.35,31.89,49.7,16.67,0.62,0
2023-09-01 13:30:00+00:00,555.28,119.21,29.78,43.87,17.01,0.21,0
2023-09-01 14:30:00+00:00,371.92,121.92,23.0,35.68,17.13,0.07,0
2023-09-01 15:30:00+00:00,221.99,90.55,15.96,26.16,16.78,0.07,0
2023-09-01 16:30:00+00:00,94.11,55.55,9.59,16.01,16.0,0.28,0
2023-09-01 17:30:00+00:00,0.0,18.0,1.41,5.68,15.05,0.34,0
2023-09-01 18:30:00+00:00,0.0,0.0,0.0,-4.44,14.1,0.28,0
2023-09-01 19:30:00+00:00,0.0,0.0,0.0,0.0,13.07,0.34,0
2023-09-01 20:30:00+00:00,0.0,0.0,0.0,0.0,12.38,0.41,0
2023-09-01 21:30:00+00:00,0.0,0.0,0.0,0.0,11.69,0.41,0
2023-09-01 22:30:00+00:00,0.0,0.0,0.0,0.0,11.01,0.28,0
2023-09-01 23:30:00+00:00,0.0,0.0,0.0,0.0,10.46,0.28,0
2023-09-02 00:30:00+00:00,0.0,0.0,0.0,0.0,10.06,0.28,0
2023-09-02 01:30:00+00:00,0.0,0.0,0.0,0.0,9.59,0.21,0
2023-09-02 02:30:00+00:00,0.0,0.0,0.0,0.0,9.29,0.21,0
2023-09-02 03:30:00+00:00,0.0,0.0,0.0,0.0,8.96,0.21,0
2023-09-02 04:30:00+00:00,0.0,0.0,0.0,-3.95,8.66,0.21,0
2023-09-02 05:30:00+00:00,0.0,18.57,1.46,6.21,8.44,0.21,0
2023-09-02 06:30:00+00:00,47.84,57.83,6.6,16.53,8.95,0.21,0
2023-09-02 07:30:00+00:00,146.7,108.48,13.33,26.65,11.2,0.34,0
2023-09-02 08:30:00+00:00,256.85,137.74,18.88,36.07,12.72,0.55,0
2023-09-02 09:30:00+00:00,438.51,181.03,27.8,44.09,13.9,0.76,0
2023-09-02 10:30:00+00:00,403.19,217.4,28.11,49.67,15.26,0.83,0
2023-09-02 11:30:00+00:00,395.24,224.09,28.13,51.6,16.01,0.97,0
2023-09-02 12:30:00+00:00,402.8,204.97,27.47,49.33,16.24,0.83,0
2023-09-02 13:30:00+00:00,305.42,170.93,22.24,43.51,16.49,0.76,0
2023-09-02 14:30:00+00:00,293.82,126.3,19.81,35.34,16.28,0.55,0
2023-09-02 15:30:00+00:00,191.1,95.4,14.64,25.84,15.91,0.48,0
2023-09-02 16:30:00+00:00,65.9,55.27,7.68,15.69,15.52,0.41,0
2023-09-02 17:30:00+00:00,0.0,12.83,1.01,5.36,14.71,0.28,0
2023-09-02 18:30:00+00:00,0.0,0.0,0.0,0.0,13.86,0.14,0
2023-09-02 19:30:00+00:00,0.0,0.0,0.0,0.0,13.75,0.28,0
2023-09-02 20:30:00+00:00,0.0,0.0,0.0,0.0,12.84,0.28,0
2023-09-02 21:30:00+00:00,0.0,0.0,0.0,0.0,12.02,0.21,0
2023-09-02 22:30:00+00:00,0.0,0.0,0.0,0.0,11.23,0.14,0
2023-09-02 23:30:00+00:00,0.0,0.0,0.0,0.0,9.68,0.07,0
2023-09-03 00:30:00+00:00,0.0,0.0,0.0,0.0,8.78,0.14,0
2023-09-03 01:30:00+00:00,0.0,0.0,0.0,0.0,8.03,0.14,0
2023-09-03 02:30:00+00:00,0.0,0.0,0.0,0.0,7.67,0.14,0
2023-09-03 03:30:00+00:00,0.0,0.0,0.0,0.0,6.7,0.21,0
2023-09-03 04:30:00+00:00,0.0,0.0,0.0,-4.16,6.22,0.28,0
2023-09-03 05:30:00+00:00,0.0,22.72,1.78,6.0,5.97,0.28,0
2023-09-03 06:30:00+00:00,37.34,93.83,8.19,16.33,6.96,0.21,0
2023-09-03 07:30:00+00:00,136.94,160.63,15.77,26.43,10.21,0.34,0
2023-09-03 08:30:00+00:00,270.03,222.75,23.73,35.83,14.17,0.48,0
2023-09-03 09:30:00+00:00,559.73,195.95,33.0,43.81,16.56,0.55,0
2023-09-03 10:30:00+00:00,752.39,154.61,38.4,49.34,18.29,0.55,0
2023-09-03 11:30:00+00:00,680.85,206.58,37.77,51.23,19.56,0.41,0
2023-09-03 12:30:00+00:00,679.77,193.35,37.26,48.96,20.32,0.41,0
2023-09-03 13:30:00+00:00,536.75,184.68,31.62,43.15,20.81,0.55,0
2023-09-03 14:30:00+00:00,350.55,160.12,23.63,35.0,20.87,0.62,0
2023-09-03 15:30:00+00:00,196.8,137.28,16.99,25.51,20.48,0.55,0
2023-09-03 16:30:00+00:00,63.06,81.1,8.97,15.37,19.82,0.55,0
2023-09-03 17:30:00+00:00,0.0,20.52,1.61,5.04,18.73,0.55,0
2023-09-03 18:30:00+00:00,0.0,0.0,0.0,0.0,17.85,0.55,0
2023-09-03 19:30:00+00:00,0.0,0.0,0.0,0.0,16.67,0.34,0
2023-09-03 20:30:00+00:00,0.0,0.0,0.0,0.0,15.55,0.28,0
2023-09-03 21:30:00+00:00,0.0,0.0,0.0,0.0,14.63,0.14,0
2023-09-03 22:30:00+00:00,0.0,0.0,0.0,0.0,13.61,0.07,0
2023-09-03 23:30:00+00:00,0.0,0.0,0.0,0.0,12.69,0.14,0
2023-09-04 00:30:00+00:00,0.0,0.0,0.0,0.0,10.98,0.14,0
2023-09-04 01:30:00+00:00,0.0,0.0,0.0,0.0,9.08,0.07,0
2023-09-04 02:30:00+00:00,0.0,0.0,0.0,0.0,8.29,0.07,0
2023-09-04 03:30:00+00:00,0.0,0.0,0.0,0.0,8.17,0.07,0
2023-09-04 04:30:00+00:00,0.0,0.0,0.0,-4.38,7.71,0.07,0
2023-09-04 05:30:00+00:00,0.0,24.41,1.91,5.8,7.23,0.0,0
2023-09-04 06:30:00+00:00,77.47,83.82,9.59,16.12,8.19,0.0,0
2023-09-04 07:30:00+00:00,209.6,139.98,17.4,26.22,13.53,0.0,0
2023-09-04 08:30:00+00:00,448.1,148.28,26.7,35.59,17.46,0.28,0
2023-09-04 09:30:00+00:00,621.49,128.72,32.14,43.53,19.41,0.34,0
2023-09-04 10:30:00+00:00,674.28,166.91,35.59,49.0,20.66,0.28,0
2023-09-04 11:30:00+00:00,681.62,152.37,35.12,50.86,21.6,0.28,0
2023-09-04 12:30:00+00:00,641.95,147.75,33.48,48.58,22.1,0.34,0
2023-09-04 13:30:00+00:00,525.12,128.56,28.32,42.79,22.26,0.34,0
2023-09-04 14:30:00+00:00,419.64,101.46,23.4,34.65,22.09,0.28,0
2023-09-04 15:30:00+00:00,238.92,76.44,15.47,25.18,21.72,0.21,0
2023-09-04 16:30:00+00:00,97.33,48.3,8.91,15.04,20.87,0.21,0
2023-09-04 17:30:00+00:00,0.0,12.0,0.94,4.71,19.94,0.14,0
2023-09-04 18:30:00+00:00,0.0,0.0,0.0,0.0,18.8,0.14,0
2023-09-04 19:30:00+00:00,0.0,0.0,0.0,0.0,17.68,0.34,0
2023-09-04 20:30:00+00:00,0.0,0.0,0.0,0.0,16.51,0.41,0
2023-09-04 21:30:00+00:00,0.0,0.0,0.0,0.0,15.83,0.48,0
2023-09-04 22:30:00+00:00,0.0,0.0,0.0,0.0,15.32,0.55,0
2023-09-04 23:30:00+00:00,0.0,0.0,0.0,0.0,15.0,0.55,0
2023-09-05 00:30:00+00:00,0.0,0.0,0.0,0.0,14.58,0.55,0
2023-09-05 01:30:00+00:00,0.0,0.0,0.0,0.0,14.02,0.48,0
2023-09-05 02:30:00+00:00,0.0,0.0,0.0,0.0,13.96,0.34,0
2023-09-05 03:30:00+00:00,0.0,0.0,0.0,0.0,13.86,0.0,0
2023-09-05 04:30:00+00:00,0.0,0.0,0.0,0.0,13.44,0.14,0
2023-09-05 05:30:00+00:00,0.0,15.45,1.21,5.59,12.46,0.21,0
2023-09-05 06:30:00+00:00,57.12,71.31,7.65,15.92,12.53,0.28,0
2023-09-05 07:30:00+00:00,183.34,114.77,14.81,26.0,14.0,0.41,0
2023-09-05 08:30:00+00:00,454.81,120.31,25.42,35.34,15.69,0.55,0
2023-09-05 09:30:00+00:00,591.47,134.96,30.97,43.24,17.7,0.55,0
2023-09-05 10:30:00+00:00,577.93,192.97,32.84,48.67,19.12,0.41,0
2023-09-05 11:30:00+00:00,753.96,136.64,37.01,50.49,19.92,0.34,0
2023-09-05 12:30:00+00:00,778.99,129.0,37.82,48.2,20.49,0.34,0
2023-09-05 13:30:00+00:00,705.56,112.35,34.63,42.42,20.87,0.28,0
2023-09-05 14:30:00+00:00,486.98,124.17,27.02,34.31,20.83,0.28,0
2023-09-05 15:30:00+00:00,303.96,85.41,18.65,24.85,20.43,0.28,0
2023-09-05 16:30:00+00:00,117.96,48.71,9.98,14.72,19.7,0.28,0
2023-09-05 17:30:00+00:00,0.0,12.64,0.99,4.39,18.61,0.21,0
2023-09-05 18:30:00+00:00,0.0,0.0,0.0,0.0,17.28,0.14,0
2023-09-05 19:30:00+00:00,0.0,0.0,0.0,0.0,16.03,0.41,0
2023-09-05 20:30:00+00:00,0.0,0.0,0.0,0.0,14.92,0.62,0
2023-09-05 21:30:00+00:00,0.0,0.0,0.0,0.0,13.96,0.69,0
2023-09-05 22:30:00+00:00,0.0,0.0,0.0,0.0,13.18,0.62,0
2023-09-05 23:30:00+00:00,0.0,0.0,0.0,0.0,12.53,0.55,0
2023-09-06 00:30:00+00:00,0.0,0.0,0.0,0.0,12.14,0.34,0
2023-09-06 01:30:00+00:00,0.0,0.0,0.0,0.0,11.06,0.21,0
2023-09-06 02:30:00+00:00,0.0,0.0,0.0,0.0,10.67,0.0,0
2023-09-06 03:30:00+00:00,0.0,0.0,0.0,0.0,10.43,0.21,0
2023-09-06 04:30:00+00:00,0.0,0.0,0.0,0.0,10.2,0.28,0
2023-09-06 05:30:00+00:00,0.0,18.13,1.42,5.38,9.87,0.34,0
2023-09-06 06:30:00+00:00,64.89,83.98,8.7,15.71,9.88,0.34,0
2023-09-06 07:30:00+00:00,207.47,130.96,16.49,25.77,11.58,0.07,0
2023-09-06 08:30:00+00:00,506.77,115.68,27.08,35.09,14.23,0.07,0
2023-09-06 09:30:00+00:00,731.1,108.31,35.12,42.95,16.56,0.34,0
2023-09-06 10:30:00+00:00,827.9,114.38,38.82,48.33,18.27,0.62,0
2023-09-06 11:30:00+00:00,869.27,113.69,40.31,50.12,19.36,0.69,0
2023-09-06 12:30:00+00:00,822.17,112.09,38.54,47.82,20.09,0.76,0
2023-09-06 13:30:00+00:00,659.46,121.36,32.88,42.05,20.47,0.76,0
2023-09-06 14:30:00+00:00,441.98,126.43,25.04,33.96,20.41,0.76,0
2023-09-06 15:30:00+00:00,267.99,94.78,17.3,24.51,20.01,0.69,0
2023-09-06 16:30:00+00:00,97.48,51.44,8.78,14.39,19.26,0.62,0
2023-09-06 17:30:00+00:00,0.0,12.67,0.99,4.06,18.13,0.48,0
2023-09-06 18:30:00+00:00,0.0,0.0,0.0,0.0,16.79,0.34,0
2023-09-06 19:30:00+00:00,0.0,0.0,0.0,0.0,15.55,0.34,0
2023-09-06 20:30:00+00:00,0.0,0.0,0.0,0.0,14.35,0.28,0
2023-09-06 21:30:00+00:00,0.0,0.0,0.0,0.0,12.2,0.21,0
2023-09-06 22:30:00+00:00,0.0,0.0,0.0,0.0,11.4,0.14,0
2023-09-06 23:30:00+00:00,0.0,0.0,0.0,0.0,10.93,0.14,0
2023-09-07 00:30:00+00:00,0.0,0.0,0.0,0.0,10.46,0.07,0
2023-09-07 01:30:00+00:00,0.0,0.0,0.0,0.0,10.91,0.07,0
2023-09-07 02:30:00+00:00,0.0,0.0,0.0,0.0,10.39,0.07,0
2023-09-07 03:30:00+00:00,0.0,0.0,0.0,0.0,9.7,0.07,0
2023-09-07 04:30:00+00:00,0.0,0.0,0.0,0.0,9.3,0.0,0
2023-09-07 05:30:00+00:00,0.0,15.19,1.19,5.18,9.22,0.0,0
2023-09-07 06:30:00+00:00,100.9,70.22,9.54,15.5,9.81,0.0,0
2023-09-07 07:30:00+00:00,315.1,98.16,19.09,25.55,12.07,0.07,0
2023-09-07 08:30:00+00:00,569.1,98.57,28.59,34.84,15.78,0.28,0
2023-09-07 09:30:00+00:00,728.92,111.69,34.88,42.66,18.13,0.41,0
2023-09-07 10:30:00+00:00,829.61,118.26,38.76,47.99,19.6,0.34,0
2023-09-07 11:30:00+00:00,858.04,119.49,39.81,49.74,20.58,0.41,0
2023-09-07 12:30:00+00:00,814.6,117.48,38.17,47.44,21.19,0.41,0
2023-09-07 13:30:00+00:00,680.25,118.9,33.32,41.68,21.49,0.41,0
2023-09-07 14:30:00+00:00,474.57,107.75,25.26,33.6,21.57,0.41,0
2023-09-07 15:30:00+00:00,276.05,83.78,16.89,24.17,21.16,0.41,0
2023-09-07 16:30:00+00:00,78.25,49.41,7.45,14.05,20.12,0.41,0
2023-09-07 17:30:00+00:00,0.0,10.75,0.84,3.73,18.85,0.34,0
2023-09-07 18:30:00+00:00,0.0,0.0,0.0,0.0,17.65,0.28,0
2023-09-07 19:30:00+00:00,0.0,0.0,0.0,0.0,16.62,0.34,0
2023-09-07 20:30:00+00:00,0.0,0.0,0.0,0.0,15.62,0.41,0
2023-09-07 21:30:00+00:00,0.0,0.0,0.0,0.0,14.9,0.48,0
2023-09-07 22:30:00+00:00,0.0,0.0,0.0,0.0,14.18,0.48,0
2023-09-07 23:30:00+00:00,0.0,0.0,0.0,0.0,13.7,0.48,0
2023-09-08 00:30:00+00:00,0.0,0.0,0.0,0.0,13.37,0.41,0
2023-09-08 01:30:00+00:00,0.0,0.0,0.0,0.0,13.22,0.28,0
2023-09-08 02:30:00+00:00,0.0,0.0,0.0,0.0,12.8,0.21,0
2023-09-08 03:30:00+00:00,0.0,0.0,0.0,0.0,12.63,0.14,0
2023-09-08 04:30:00+00:00,0.0,0.0,0.0,0.0,12.35,0.14,0
2023-09-08 05:30:00+00:00,0.0,14.58,1.14,4.97,11.83,0.21,0
2023-09-08 06:30:00+00:00,38.5,55.01,5.48,15.29,11.64,0.28,0
2023-09-08 07:30:00+00:00,170.47,111.83,13.71,25.33,13.15,0.21,0
2023-09-08 08:30:00+00:00,316.9,144.25,20.58,34.59,15.24,0.07,0
2023-09-08 09:30:00+00:00,558.76,141.46,29.27,42.37,17.02,0.0,0
2023-09-08 10:30:00+00:00,722.98,130.07,34.82,47.65,18.41,0.14,0
2023-09-08 11:30:00+00:00,731.68,137.69,35.41,49.37,19.67,0.28,0
2023-09-08 12:30:00+00:00,610.71,146.92,31.31,47.05,20.31,0.34,0
2023-09-08 13:30:00+00:00,523.98,171.55,29.37,41.31,20.43,0.34,0
2023-09-08 14:30:00+00:00,368.13,141.93,22.44,33.25,20.52,0.28,0
2023-09-08 15:30:00+00:00,151.26,88.66,11.76,23.83,20.13,0.28,0
2023-09-08 16:30:00+00:00,69.85,48.93,6.85,13.72,19.26,0.14,0
2023-09-08 17:30:00+00:00,0.0,10.21,0.8,3.39,18.52,0.14,0
2023-09-08 18:30:00+00:00,0.0,0.0,0.0,0.0,17.55,0.14,0
2023-09-08 19:30:00+00:00,0.0,0.0,0.0,0.0,16.6,0.21,0
2023-09-08 20:30:00+00:00,0.0,0.0,0.0,0.0,15.78,0.34,0
2023-09-08 21:30:00+00:00,0.0,0.0,0.0,0.0,15.07,0.34,0
2023-09-08 22:30:00+00:00,0.0,0.0,0.0,0.0,14.27,0.28,0
2023-09-08 23:30:00+00:00,0.0,0.0,0.0,0.0,13.67,0.28,0
2023-09-09 00:30:00+00:00,0.0,0.0,0.0,0.0,13.25,0.28,0
2023-09-09 01:30:00+00:00,0.0,0.0,0.0,0.0,13.16,0.28,0
2023-09-09 02:30:00+00:00,0.0,0.0,0.0,0.0,12.98,0.28,0
2023-09-09 03:30:00+00:00,0.0,0.0,0.0,0.0,12.67,0.14,0
2023-09-09 04:30:00+00:00,0.0,0.0,0.0,0.0,12.11,0.14,0
2023-09-09 05:30:00+00:00,0.0,13.5,1.06,4.76,12.0,0.28,0
2023-09-09 06:30:00+00:00,49.47,63.87,6.46,15.08,12.11,0.28,0
2023-09-09 07:30:00+00:00,218.84,109.52,15.31,25.1,14.94,0.21,0
2023-09-09 08:30:00+00:00,395.2,135.24,22.88,34.33,16.86,0.41,0
2023-09-09 09:30:00+00:00,617.14,131.41,30.81,42.07,18.41,0.21,0
2023-09-09 10:30:00+00:00,710.66,138.52,34.45,47.31,19.98,0.07,0
2023-09-09 11:30:00+00:00,641.38,172.87,33.32,48.99,20.85,0.28,0
2023-09-09 12:30:00+00:00,486.89,189.96,28.56,46.67,21.31,0.14,0
2023-09-09 13:30:00+00:00,441.8,175.45,26.33,40.94,21.3,0.14,0
2023-09-09 14:30:00+00:00,347.19,127.27,20.75,32.89,21.23,0.21,0
2023-09-09 15:30:00+00:00,205.69,88.41,13.81,23.49,20.75,0.34,0
2023-09-09 16:30:00+00:00,90.55,46.83,7.67,13.39,19.9,0.28,0
2023-09-09 17:30:00+00:00,0.0,9.73,0.76,3.06,18.97,0.21,0
2023-09-09 18:30:00+00:00,0.0,0.0,0.0,0.0,17.94,0.14,0
2023-09-09 19:30:00+00:00,0.0,0.0,0.0,0.0,17.04,0.21,0
2023-09-09 20:30:00+00:00,0.0,0.0,0.0,0.0,16.03,0.28,0
2023-09-09 21:30:00+00:00,0.0,0.0,0.0,0.0,15.16,0.21,0
2023-09-09 22:30:00+00:00,0.0,0.0,0.0,0.0,14.35,0.21,0
2023-09-09 23:30:00+00:00,0.0,0.0,0.0,0.0,13.76,0.21,0
2023-09-10 00:30:00+00:00,0.0,0.0,0.0,0.0,13.37,0.21,0
2023-09-10 01:30:00+00:00,0.0,0.0,0.0,0.0,13.07,0.21,0
2023-09-10 02:30:00+00:00,0.0,0.0,0.0,0.0,13.01,0.14,0
2023-09-10 03:30:00+00:00,0.0,0.0,0.0,0.0,12.42,0.07,0
2023-09-10 04:30:00+00:00,0.0,0.0,0.0,0.0,12.09,0.14,0
2023-09-10 05:30:00+00:00,0.0,13.02,1.02,4.55,11.89,0.21,0
2023-09-10 06:30:00+00:00,48.4,57.56,5.95,14.87,12.11,0.21,0
2023-09-10 07:30:00+00:00,194.28,119.4,14.73,24.87,14.79,0.21,0
2023-09-10 08:30:00+00:00,436.65,132.51,24.11,34.08,16.94,0.28,0
2023-09-10 09:30:00+00:00,657.17,129.04,31.97,41.77,18.62,0.14,0
2023-09-10 10:30:00+00:00,717.64,161.34,35.43,46.97,19.87,0.14,0
2023-09-10 11:30:00+00:00,794.72,133.68,37.1,48.61,20.77,0.28,0
2023-09-10 12:30:00+00:00,706.1,146.25,34.38,46.28,21.46,0.41,0
2023-09-10 13:30:00+00:00,585.89,119.56,28.9,40.56,21.76,0.34,0
2023-09-10 14:30:00+00:00,378.03,99.04,20.38,32.53,21.58,0.28,0
2023-09-10 15:30:00+00:00,202.92,78.32,13.01,23.14,21.01,0.28,0
2023-09-10 16:30:00+00:00,81.72,39.5,6.67,13.05,20.13,0.28,0
2023-09-10 17:30:00+00:00,0.0,8.52,0.67,2.72,19.12,0.21,0
2023-09-10 18:30:00+00:00,0.0,0.0,0.0,0.0,17.94,0.14,0
2023-09-10 19:30:00+00:00,0.0,0.0,0.0,0.0,17.01,0.28,0
2023-09-10 20:30:00+00:00,0.0,0.0,0.0,0.0,16.05,0.34,0
2023-09-10 21:30:00+00:00,0.0,0.0,0.0,0.0,15.23,0.28,0
2023-09-10 22:30:00+00:00,0.0,0.0,0.0,0.0,14.53,0.28,0
2023-09-10 23:30:00+00:00,0.0,0.0,0.0,0.0,13.92,0.28,0
2023-09-11 00:30:00+00:00,0.0,0.0,0.0,0.0,13.44,0.28,0
2023-09-11 01:30:00+00:00,0.0,0.0,0.0,0.0,12.45,0.28,0
2023-09-11 02:30:00+00:00,0.0,0.0,0.0,0.0,11.37,0.28,0
2023-09-11 03:30:00+00:00,0.0,0.0,0.0,0.0,10.59,0.21,0
2023-09-11 04:30:00+00:00,0.0,0.0,0.0,0.0,10.09,0.21,0
2023-09-11 05:30:00+00:00,0.0,14.39,1.13,4.34,9.65,0.14,0
2023-09-11 06:30:00+00:00,76.06,74.77,8.06,14.65,10.05,0.14,0
2023-09-11 07:30:00+00:00,243.53,119.03,16.38,24.64,13.07,0.14,0
2023-09-11 08:30:00+00:00,391.49,131.46,22.15,33.82,16.89,0.07,0
2023-09-11 09:30:00+00:00,575.91,128.24,28.62,41.47,18.37,0.14,0
2023-09-11 10:30:00+00:00,589.72,168.45,30.81,46.62,19.42,0.28,0
2023-09-11 11:30:00+00:00,542.94,180.87,29.7,48.23,19.79,0.55,0
2023-09-11 12:30:00+00:00,569.46,169.8,30.16,45.89,20.17,0.55,0
2023-09-11 13:30:00+00:00,435.05,172.39,25.55,40.18,20.27,0.34,0
2023-09-11 14:30:00+00:00,253.49,165.64,18.96,32.17,20.03,0.34,0
2023-09-11 15:30:00+00:00,88.66,103.48,9.93,22.8,19.03,0.55,0
2023-09-11 16:30:00+00:00,26.52,67.66,5.65,12.71,17.6,0.14,0
2023-09-11 17:30:00+00:00,0.0,8.65,0.68,2.38,16.35,0.28,0
2023-09-11 18:30:00+00:00,0.0,0.0,0.0,0.0,15.52,0.14,0
2023-09-11 19:30:00+00:00,0.0,0.0,0.0,0.0,14.09,0.28,0
2023-09-11 20:30:00+00:00,0.0,0.0,0.0,0.0,13.11,0.28,0
2023-09-11 21:30:00+00:00,0.0,0.0,0.0,0.0,12.31,0.21,0
2023-09-11 22:30:00+00:00,0.0,0.0,0.0,0.0,11.76,0.21,0
2023-09-11 23:30:00+00:00,0.0,0.0,0.0,0.0,11.35,0.21,0
2023-09-12 00:30:00+00:00,0.0,0.0,0.0,0.0,11.14,0.21,0
2023-09-12 01:30:00+00:00,0.0,0.0,0.0,0.0,10.85,0.28,0
2023-09-12 02:30:00+00:00,0.0,0.0,0.0,0.0,10.64,0.28,0
2023-09-12 03:30:00+00:00,0.0,0.0,0.0,0.0,10.45,0.28,0
2023-09-12 04:30:00+00:00,0.0,0.0,0.0,0.0,9.84,0.28,0
2023-09-12 05:30:00+00:00,0.0,15.06,1.18,4.13,9.24,0.28,0
2023-09-12 06:30:00+00:00,25.87,79.65,6.27,14.44,9.97,0.07,0
2023-09-12 07:30:00+00:00,51.01,120.9,9.65,24.41,12.38,0.07,0
2023-09-12 08:30:00+00:00,242.57,165.05,18.43,33.56,14.83,0.21,0
2023-09-12 09:30:00+00:00,241.46,217.26,21.28,41.17,16.97,0.41,0
2023-09-12 10:30:00+00:00,261.72,275.33,25.14,46.27,18.07,0.55,0
2023-09-12 11:30:00+00:00,368.98,246.22,26.87,47.85,18.79,0.55,0
2023-09-12 12:30:00+00:00,257.99,248.19,23.54,45.5,18.78,0.62,0
2023-09-12 13:30:00+00:00,276.01,158.63,19.24,39.8,18.02,0.62,0
2023-09-12 14:30:00+00:00,78.12,128.85,11.03,31.81,16.72,0.21,0
2023-09-12 15:30:00+00:00,47.76,83.94,7.25,22.45,16.6,0.48,0
2023-09-12 16:30:00+00:00,0.1,33.03,2.21,12.37,15.29,0.48,0
2023-09-12 17:30:00+00:00,0.0,6.32,0.49,2.04,13.74,0.21,0
2023-09-12 18:30:00+00:00,0.0,0.0,0.0,0.0,13.1,0.21,0
2023-09-12 19:30:00+00:00,0.0,0.0,0.0,0.0,14.46,0.34,0
2023-09-12 20:30:00+00:00,0.0,0.0,0.0,0.0,13.71,0.14,0
2023-09-12 21:30:00+00:00,0.0,0.0,0.0,0.0,12.47,0.07,0
2023-09-12 22:30:00+00:00,0.0,0.0,0.0,0.0,12.05,0.07,0
2023-09-12 23:30:00+00:00,0.0,0.0,0.0,0.0,11.73,0.21,0
2023-09-13 00:30:00+00:00,0.0,0.0,0.0,0.0,11.34,0.21,0
2023-09-13 01:30:00+00:00,0.0,0.0,0.0,0.0,10.89,0.14,0
2023-09-13 02:30:00+00:00,0.0,0.0,0.0,0.0,10.44,0.14,0
2023-09-13 03:30:00+00:00,0.0,0.0,0.0,0.0,10.04,0.21,0
2023-09-13 04:30:00+00:00,0.0,0.0,0.0,0.0,10.01,0.14,0
2023-09-13 05:30:00+00:00,0.0,11.65,0.91,3.92,9.47,0.28,0
2023-09-13 06:30:00+00:00,20.52,39.19,3.46,14.22,9.8,0.28,0
2023-09-13 07:30:00+00:00,0.0,63.31,4.23,24.18,11.15,0.21,0
2023-09-13 08:30:00+00:00,1.13,81.96,5.51,33.3,11.89,0.41,0
2023-09-13 09:30:00+00:00,0.0,64.96,4.34,40.87,12.04,0.34,0
2023-09-13 10:30:00+00:00,28.27,138.43,10.1,45.92,11.77,0.41,0
2023-09-13 11:30:00+00:00,23.29,118.37,8.64,47.46,12.77,0.55,0
2023-09-13 12:30:00+00:00,2.71,58.44,4.0,45.1,12.85,0.62,0
2023-09-13 13:30:00+00:00,0.0,37.18,2.48,39.42,12.06,0.34,0
2023-09-13 14:30:00+00:00,0.0,36.54,2.44,31.45,11.79,0.41,0
2023-09-13 15:30:00+00:00,9.53,40.77,3.08,22.1,11.76,0.48,0
2023-09-13 16:30:00+00:00,24.43,26.89,2.91,12.03,11.67,0.48,0
2023-09-13 17:30:00+00:00,0.0,3.7,0.29,1.7,11.38,0.48,0
2023-09-13 18:30:00+00:00,0.0,0.0,0.0,0.0,10.84,0.55,0
2023-09-13 19:30:00+00:00,0.0,0.0,0.0,0.0,10.34,0.48,0
2023-09-13 20:30:00+00:00,0.0,0.0,0.0,0.0,10.25,0.48,0
2023-09-13 21:30:00+00:00,0.0,0.0,0.0,0.0,10.16,0.48,0
2023-09-13 22:30:00+00:00,0.0,0.0,0.0,0.0,9.92,0.48,0
2023-09-13 23:30:00+00:00,0.0,0.0,0.0,0.0,9.63,0.48,0
2023-09-14 00:30:00+00:00,0.0,0.0,0.0,0.0,9.58,0.48,0
2023-09-14 01:30:00+00:00,0.0,0.0,0.0,0.0,9.25,0.48,0
2023-09-14 02:30:00+00:00,0.0,0.0,0.0,0.0,9.22,0.48,0
2023-09-14 03:30:00+00:00,0.0,0.0,0.0,0.0,9.09,0.48,0
2023-09-14 04:30:00+00:00,0.0,0.0,0.0,0.0,9.0,0.48,0
2023-09-14 05:30:00+00:00,0.0,5.58,0.44,3.71,9.07,0.41,0
2023-09-14 06:30:00+00:00,16.06,50.25,3.96,14.01,9.17,0.34,0
2023-09-14 07:30:00+00:00,84.22,81.1,8.24,23.95,9.63,0.34,0
2023-09-14 08:30:00+00:00,177.69,171.34,16.47,33.04,11.01,0.21,0
2023-09-14 09:30:00+00:00,334.69,189.83,22.51,40.56,12.86,0.55,0
2023-09-14 10:30:00+00:00,236.51,169.06,18.37,45.57,13.63,0.83,0
2023-09-14 11:30:00+00:00,259.76,191.05,20.32,47.08,13.75,0.62,0
2023-09-14 12:30:00+00:00,327.7,186.8,22.21,44.71,14.3,0.83,0
2023-09-14 13:30:00+00:00,192.05,164.15,16.61,39.04,14.7,0.62,0
2023-09-14 14:30:00+00:00,151.62,132.63,13.47,31.08,14.67,0.41,0
2023-09-14 15:30:00+00:00,60.67,84.61,7.64,21.75,14.46,0.34,0
2023-09-14 16:30:00+00:00,17.94,29.3,2.73,11.69,13.85,0.41,0
2023-09-14 17:30:00+00:00,0.0,3.0,0.23,1.36,13.06,0.28,0
2023-09-14 18:30:00+00:00,0.0,0.0,0.0,0.0,12.45,0.34,0
2023-09-14 19:30:00+00:00,0.0,0.0,0.0,0.0,11.22,0.34,0
2023-09-14 20:30:00+00:00,0.0,0.0,0.0,0.0,10.97,0.28,0
2023-09-14 21:30:00+00:00,0.0,0.0,0.0,0.0,10.15,0.28,0
2023-09-14 22:30:00+00:00,0.0,0.0,0.0,0.0,9.73,0.41,0
2023-09-14 23:30:00+00:00,0.0,0.0,0.0,0.0,9.62,0.41,0
2023-09-15 00:30:00+00:00,0.0,0.0,0.0,0.0,9.65,0.83,0
2023-09-15 01:30:00+00:00,0.0,0.0,0.0,0.0,9.41,0.69,0
2023-09-15 02:30:00+00:00,0.0,0.0,0.0,0.0,9.33,0.48,0
2023-09-15 03:30:00+00:00,0.0,0.0,0.0,0.0,9.28,0.34,0
2023-09-15 04:30:00+00:00,0.0,0.0,0.0,0.0,9.23,0.34,0
2023-09-15 05:30:00+00:00,0.0,8.52,0.67,3.49,9.1,0.41,0
2023-09-15 06:30:00+00:00,17.01,37.54,3.16,13.79,8.99,0.41,0
2023-09-15 07:30:00+00:00,21.63,77.78,5.89,23.71,10.35,0.76,0
2023-09-15 08:30:00+00:00,78.34,107.39,9.61,32.77,10.94,0.69,0
2023-09-15 09:30:00+00:00,85.2,136.5,11.65,40.26,11.57,0.76,0
2023-09-15 10:30:00+00:00,57.98,170.28,13.0,45.22,11.93,0.9,0
2023-09-15 11:30:00+00:00,247.26,196.73,20.15,46.69,12.86,0.9,0
2023-09-15 12:30:00+00:00,182.32,174.14,16.88,44.32,13.76,0.97,0
2023-09-15 13:30:00+00:00,224.53,163.46,17.49,38.66,13.57,0.97,0
2023-09-15 14:30:00+00:00,152.39,121.57,12.78,30.72,13.74,0.9,0
2023-09-15 15:30:00+00:00,100.29,97.14,9.63,21.4,13.77,0.97,0
2023-09-15 16:30:00+00:00,34.79,42.93,4.24,11.34,13.1,0.83,0
2023-09-15 17:30:00+00:00,0.0,5.14,0.4,1.02,12.51,0.55,0
2023-09-15 18:30:00+00:00,0.0,0.0,0.0,0.0,11.52,0.48,0
2023-09-15 19:30:00+00:00,0.0,0.0,0.0,0.0,10.4,0.55,0
2023-09-15 20:30:00+00:00,0.0,0.0,0.0,0.0,10.21,0.48,0
2023-09-15 21:30:00+00:00,0.0,0.0,0.0,0.0,9.9,0.41,0
2023-09-15 22:30:00+00:00,0.0,0.0,0.0,0.0,9.54,0.41,0
2023-09-15 23:30:00+00:00,0.0,0.0,0.0,0.0,9.29,0.48,0
2023-09-16 00:30:00+00:00,0.0,0.0,0.0,0.0,9.06,0.48,0
2023-09-16 01:30:00+00:00,0.0,0.0,0.0,0.0,8.71,0.48,0
2023-09-16 02:30:00+00:00,0.0,0.0,0.0,0.0,8.55,0.55,0
2023-09-16 03:30:00+00:00,0.0,0.0,0.0,0.0,8.41,0.55,0
2023-09-16 04:30:00+00:00,0.0,0.0,0.0,0.0,8.35,0.55,0
2023-09-16 05:30:00+00:00,0.0,6.45,0.51,3.28,8.31,0.55,0
2023-09-16 06:30:00+00:00,16.39,37.02,3.08,13.57,8.5,0.69,0
2023-09-16 07:30:00+00:00,22.73,59.17,4.71,23.48,9.85,1.1,0
2023-09-16 08:30:00+00:00,114.36,102.13,10.39,32.51,10.47,1.1,0
2023-09-16 09:30:00+00:00,256.79,142.17,17.29,39.95,11.51,1.24,0
2023-09-16 10:30:00+00:00,362.86,186.84,23.07,44.86,12.93,1.17,0
2023-09-16 11:30:00+00:00,344.79,219.83,24.21,46.3,13.93,1.17,0
2023-09-16 12:30:00+00:00,304.38,143.49,18.96,43.92,14.55,1.24,0
2023-09-16 13:30:00+00:00,204.93,174.23,17.37,38.27,14.23,1.24,0
2023-09-16 14:30:00+00:00,81.98,108.03,9.7,30.35,14.3,1.24,0
2023-09-16 15:30:00+00:00,29.45,70.59,5.66,21.04,13.65,0.97,0
2023-09-16 16:30:00+00:00,7.01,30.65,2.32,11.0,13.05,0.83,0
2023-09-16 17:30:00+00:00,0.0,3.13,0.25,0.67,12.3,0.55,0
2023-09-16 18:30:00+00:00,0.0,0.0,0.0,0.0,11.8,0.62,0
2023-09-16 19:30:00+00:00,0.0,0.0,0.0,0.0,11.17,0.55,0
2023-09-16 20:30:00+00:00,0.0,0.0,0.0,0.0,10.96,0.41,0
2023-09-16 21:30:00+00:00,0.0,0.0,0.0,0.0,10.43,0.34,0
2023-09-16 22:30:00+00:00,0.0,0.0,0.0,0.0,10.14,0.34,0
2023-09-16 23:30:00+00:00,0.0,0.0,0.0,0.0,9.75,0.34,0
2023-09-17 00:30:00+00:00,0.0,0.0,0.0,0.0,9.53,0.34,0
2023-09-17 01:30:00+00:00,0.0,0.0,0.0,0.0,9.14,0.34,0
2023-09-17 02:30:00+00:00,0.0,0.0,0.0,0.0,8.96,0.48,0
2023-09-17 03:30:00+00:00,0.0,0.0,0.0,0.0,9.04,0.48,0
2023-09-17 04:30:00+00:00,0.0,0.0,0.0,0.0,9.05,0.41,0
2023-09-17 05:30:00+00:00,0.0,11.49,0.9,3.06,9.11,0.34,0
2023-09-17 06:30:00+00:00,27.89,63.86,5.14,13.35,9.21,0.28,0
2023-09-17 07:30:00+00:00,104.51,112.72,10.51,23.24,9.69,0.55,0
2023-09-17 08:30:00+00:00,175.89,153.96,15.16,32.24,11.16,0.83,0
2023-09-17 09:30:00+00:00,323.7,195.66,22.02,39.64,12.66,0.97,0
2023-09-17 10:30:00+00:00,340.43,263.16,26.1,44.51,14.22,1.03,0
2023-09-17 11:30:00+00:00,301.75,248.57,24.3,45.91,15.39,1.1,0
2023-09-17 12:30:00+00:00,373.27,226.89,25.21,43.52,16.04,1.03,0
2023-09-17 13:30:00+00:00,341.11,160.41,20.77,37.89,16.31,0.97,0
2023-09-17 14:30:00+00:00,301.23,131.77,17.91,29.98,16.29,0.97,0
2023-09-17 15:30:00+00:00,186.82,96.21,12.22,20.69,16.15,0.97,0
2023-09-17 16:30:00+00:00,47.58,42.92,4.59,10.65,15.61,0.97,0
2023-09-17 17:30:00+00:00,0.0,3.99,0.31,0.33,14.64,0.83,0
2023-09-17 18:30:00+00:00,0.0,0.0,0.0,0.0,13.54,0.83,0
2023-09-17 19:30:00+00:00,0.0,0.0,0.0,0.0,12.2,0.76,0
2023-09-17 20:30:00+00:00,0.0,0.0,0.0,0.0,11.5,0.76,0
2023-09-17 21:30:00+00:00,0.0,0.0,0.0,0.0,11.05,0.76,0
2023-09-17 22:30:00+00:00,0.0,0.0,0.0,0.0,10.94,0.76,0
2023-09-17 23:30:00+00:00,0.0,0.0,0.0,0.0,10.97,0.69,0
2023-09-18 00:30:00+00:00,0.0,0.0,0.0,0.0,10.79,0.76,0
2023-09-18 01:30:00+00:00,0.0,0.0,0.0,0.0,10.86,0.69,0
2023-09-18 02:30:00+00:00,0.0,0.0,0.0,0.0,10.72,0.62,0
2023-09-18 03:30:00+00:00,0.0,0.0,0.0,0.0,10.69,0.62,0
2023-09-18 04:30:00+00:00,0.0,0.0,0.0,0.0,10.68,0.55,0
2023-09-18 05:30:00+00:00,0.0,8.17,0.64,2.85,10.51,0.55,0
2023-09-18 06:30:00+00:00,0.0,8.8,0.59,13.13,10.5,0.76,0
2023-09-18 07:30:00+00:00,0.0,12.21,0.81,23.0,11.45,0.07,0
2023-09-18 08:30:00+00:00,5.25,66.41,4.6,31.97,11.71,0.21,0
2023-09-18 09:30:00+00:00,16.03,98.38,7.06,39.33,12.81,0.28,0
2023-09-18 10:30:00+00:00,33.02,147.48,10.77,44.15,13.45,0.48,0
2023-09-18 11:30:00+00:00,177.36,182.25,17.02,45.52,14.4,0.48,0
2023-09-18 12:30:00+00:00,118.57,160.25,14.0,43.12,15.14,0.34,0
2023-09-18 13:30:00+00:00,102.49,175.13,14.35,37.5,14.91,0.28,0
2023-09-18 14:30:00+00:00,108.65,113.58,10.73,29.61,15.19,0.14,0
2023-09-18 15:30:00+00:00,41.79,87.78,7.06,20.33,14.57,0.21,0
2023-09-18 16:30:00+00:00,22.87,46.62,3.86,10.3,13.76,0.41,0
2023-09-18 17:30:00+00:00,0.0,0.0,0.0,-0.01,12.93,0.21,0
2023-09-18 18:30:00+00:00,0.0,0.0,0.0,0.0,11.84,0.41,0
2023-09-18 19:30:00+00:00,0.0,0.0,0.0,0.0,10.88,0.41,0
2023-09-18 20:30:00+00:00,0.0,0.0,0.0,0.0,10.35,0.48,0
2023-09-18 21:30:00+00:00,0.0,0.0,0.0,0.0,9.66,0.55,0
2023-09-18 22:30:00+00:00,0.0,0.0,0.0,0.0,9.11,0.69,0
2023-09-18 23:30:00+00:00,0.0,0.0,0.0,0.0,8.46,0.62,0
2023-09-19 00:30:00+00:00,0.0,0.0,0.0,0.0,7.8,0.62,0
2023-09-19 01:30:00+00:00,0.0,0.0,0.0,0.0,7.93,0.69,0
2023-09-19 02:30:00+00:00,0.0,0.0,0.0,0.0,7.74,0.69,0
2023-09-19 03:30:00+00:00,0.0,0.0,0.0,0.0,7.55,0.62,0
2023-09-19 04:30:00+00:00,0.0,0.0,0.0,0.0,7.07,0.62,0
2023-09-19 05:30:00+00:00,0.0,8.17,0.64,2.63,6.79,0.62,0
2023-09-19 06:30:00+00:00,85.49,41.84,5.65,12.91,6.7,0.69,0
2023-09-19 07:30:00+00:00,241.05,76.69,12.8,22.76,8.44,0.76,0
2023-09-19 08:30:00+00:00,268.71,152.52,17.65,31.7,10.39,0.83,0
2023-09-19 09:30:00+00:00,366.51,189.24,22.71,39.01,11.83,0.83,0
2023-09-19 10:30:00+00:00,550.72,175.35,28.06,43.79,13.14,0.76,0
2023-09-19 11:30:00+00:00,596.85,178.23,29.74,45.13,14.37,0.76,0
2023-09-19 12:30:00+00:00,626.2,145.15,29.24,42.73,15.32,0.76,0
2023-09-19 13:30:00+00:00,411.18,162.66,22.78,37.11,15.87,0.69,0
2023-09-19 14:30:00+00:00,333.26,145.89,19.25,29.24,15.89,0.48,0
2023-09-19 15:30:00+00:00,155.27,96.77,10.94,19.98,15.72,0.41,0
2023-09-19 16:30:00+00:00,75.11,43.14,5.38,9.96,14.87,0.28,0
2023-09-19 17:30:00+00:00,0.0,0.0,0.0,-0.36,14.06,0.21,0
2023-09-19 18:30:00+00:00,0.0,0.0,0.0,0.0,13.1,0.07,0
2023-09-19 19:30:00+00:00,0.0,0.0,0.0,0.0,12.18,0.07,0
2023-09-19 20:30:00+00:00,0.0,0.0,0.0,0.0,11.52,0.21,0
2023-09-19 21:30:00+00:00,0.0,0.0,0.0,0.0,10.95,0.14,0
2023-09-19 22:30:00+00:00,0.0,0.0,0.0,0.0,10.38,0.28,0
2023-09-19 23:30:00+00:00,0.0,0.0,0.0,0.0,9.83,0.41,0
2023-09-20 00:30:00+00:00,0.0,0.0,0.0,0.0,9.31,0.48,0
2023-09-20 01:30:00+00:00,0.0,0.0,0.0,0.0,8.31,0.41,0
2023-09-20 02:30:00+00:00,0.0,0.0,0.0,0.0,7.87,0.34,0
2023-09-20 03:30:00+00:00,0.0,0.0,0.0,0.0,7.64,0.34,0
2023-09-20 04:30:00+00:00,0.0,0.0,0.0,0.0,7.44,0.34,0
2023-09-20 05:30:00+00:00,0.0,6.99,0.55,2.42,7.62,0.34,0
2023-09-20 06:30:00+00:00,29.51,69.47,5.41,12.68,7.88,0.41,0
2023-09-20 07:30:00+00:00,135.45,111.51,11.09,22.52,8.33,0.76,0
2023-09-20 08:30:00+00:00,345.22,158.35,20.12,31.42,10.05,1.03,0
2023-09-20 09:30:00+00:00,415.71,173.02,23.29,38.7,11.95,1.24,0
2023-09-20 10:30:00+00:00,289.08,179.74,19.93,43.43,13.34,1.38,0
2023-09-20 11:30:00+00:00,366.06,220.27,24.31,44.74,13.51,1.31,0
2023-09-20 12:30:00+00:00,345.26,212.53,23.22,42.33,13.97,1.38,0
2023-09-20 13:30:00+00:00,286.05,170.82,19.15,36.73,13.85,1.31,0
2023-09-20 14:30:00+00:00,176.72,119.92,12.97,28.87,13.67,1.17,0
2023-09-20 15:30:00+00:00,117.04,93.34,9.47,19.62,13.31,1.1,0
2023-09-20 16:30:00+00:00,0.0,33.0,2.59,9.61,12.87,1.17,0
2023-09-20 17:30:00+00:00,0.0,0.0,0.0,-0.7,11.86,0.9,0
2023-09-20 18:30:00+00:00,0.0,0.0,0.0,0.0,10.93,0.9,0
2023-09-20 19:30:00+00:00,0.0,0.0,0.0,0.0,10.16,0.62,0
2023-09-20 20:30:00+00:00,0.0,0.0,0.0,0.0,9.66,0.62,0
2023-09-20 21:30:00+00:00,0.0,0.0,0.0,0.0,9.61,0.76,0
2023-09-20 22:30:00+00:00,0.0,0.0,0.0,0.0,9.6,0.69,0
2023-09-20 23:30:00+00:00,0.0,0.0,0.0,0.0,9.59,0.69,0
2023-09-21 00:30:00+00:00,0.0,0.0,0.0,0.0,9.4,0.62,0
2023-09-21 01:30:00+00:00,0.0,0.0,0.0,0.0,9.42,0.55,0
2023-09-21 02:30:00+00:00,0.0,0.0,0.0,0.0,9.2,0.62,0
2023-09-21 03:30:00+00:00,0.0,0.0,0.0,0.0,9.23,0.69,0
2023-09-21 04:30:00+00:00,0.0,0.0,0.0,0.0,9.32,0.69,0
2023-09-21 05:30:00+00:00,0.0,5.27,0.41,2.2,9.28,0.69,0
2023-09-21 06:30:00+00:00,34.68,25.18,2.82,12.46,9.46,0.9,0
2023-09-21 07:30:00+00:00,56.31,48.24,4.99,22.28,9.97,1.1,0
2023-09-21 08:30:00+00:00,105.59,97.86,9.58,31.15,10.55,1.1,0
2023-09-21 09:30:00+00:00,197.81,151.93,15.52,38.38,11.63,1.17,0
2023-09-21 10:30:00+00:00,205.51,162.97,16.48,43.07,12.52,1.24,0
2023-09-21 11:30:00+00:00,261.46,182.3,19.19,44.35,12.3,1.31,0
2023-09-21 12:30:00+00:00,105.34,175.11,14.38,41.93,12.91,1.31,0
2023-09-21 13:30:00+00:00,24.15,103.56,7.61,36.34,12.19,1.38,0
2023-09-21 14:30:00+00:00,39.13,67.91,5.72,28.5,11.2,1.31,0
2023-09-21 15:30:00+00:00,33.24,43.24,3.93,19.27,10.93,1.24,0
2023-09-21 16:30:00+00:00,0.0,20.1,1.57,9.26,10.72,1.24,0
2023-09-21 17:30:00+00:00,0.0,0.0,0.0,-1.05,10.37,1.03,0
2023-09-21 18:30:00+00:00,0.0,0.0,0.0,0.0,9.94,0.69,0
2023-09-21 19:30:00+00:00,0.0,0.0,0.0,0.0,9.95,0.69,0
2023-09-21 20:30:00+00:00,0.0,0.0,0.0,0.0,9.86,0.55,0
2023-09-21 21:30:00+00:00,0.0,0.0,0.0,0.0,9.78,0.34,0
2023-09-21 22:30:00+00:00,0.0,0.0,0.0,0.0,9.78,0.21,0
2023-09-21 23:30:00+00:00,0.0,0.0,0.0,0.0,9.69,0.14,0
2023-09-22 00:30:00+00:00,0.0,0.0,0.0,0.0,9.71,0.14,0
2023-09-22 01:30:00+00:00,0.0,0.0,0.0,0.0,9.42,0.21,0
2023-09-22 02:30:00+00:00,0.0,0.0,0.0,0.0,9.24,0.14,0
2023-09-22 03:30:00+00:00,0.0,0.0,0.0,0.0,8.97,0.41,0
2023-09-22 04:30:00+00:00,0.0,0.0,0.0,0.0,8.74,0.55,0
2023-09-22 05:30:00+00:00,0.0,1.47,0.11,1.98,8.46,0.69,0
2023-09-22 06:30:00+00:00,0.0,18.2,1.21,12.23,7.66,0.62,0
2023-09-22 07:30:00+00:00,9.08,73.71,5.17,22.03,7.28,0.55,0
2023-09-22 08:30:00+00:00,106.29,128.99,11.37,30.87,7.06,0.83,0
2023-09-22 09:30:00+00:00,243.15,156.11,16.97,38.06,7.84,0.76,0
2023-09-22 10:30:00+00:00,292.03,172.64,19.42,42.71,8.83,0.76,0
2023-09-22 11:30:00+00:00,324.5,155.65,19.55,43.96,9.61,0.9,0
2023-09-22 12:30:00+00:00,370.85,134.11,19.83,41.53,10.25,0.83,0
2023-09-22 13:30:00+00:00,335.18,147.14,19.17,35.95,10.61,0.83,0
2023-09-22 14:30:00+00:00,177.64,110.24,12.27,28.13,10.94,0.83,0
2023-09-22 15:30:00+00:00,109.87,77.9,8.22,18.91,10.23,0.69,0
2023-09-22 16:30:00+00:00,0.0,27.35,2.14,8.92,9.02,0.76,0
2023-09-22 17:30:00+00:00,0.0,0.0,0.0,-1.4,7.61,0.76,0
2023-09-22 18:30:00+00:00,0.0,0.0,0.0,0.0,6.35,0.9,0
2023-09-22 19:30:00+00:00,0.0,0.0,0.0,0.0,6.05,0.69,0
2023-09-22 20:30:00+00:00,0.0,0.0,0.0,0.0,5.7,0.69,0
2023-09-22 21:30:00+00:00,0.0,0.0,0.0,0.0,5.74,0.76,0
2023-09-22 22:30:00+00:00,0.0,0.0,0.0,0.0,4.84,0.83,0
2023-09-22 23:30:00+00:00,0.0,0.0,0.0,0.0,4.77,0.76,0
2023-09-23 00:30:00+00:00,0.0,0.0,0.0,0.0,4.59,0.83,0
2023-09-23 01:30:00+00:00,0.0,0.0,0.0,0.0,4.55,0.83,0
2023-09-23 02:30:00+00:00,0.0,0.0,0.0,0.0,4.1,0.9,0
2023-09-23 03:30:00+00:00,0.0,0.0,0.0,0.0,4.03,0.9,0
2023-09-23 04:30:00+00:00,0.0,0.0,0.0,0.0,3.77,0.97,0
2023-09-23 05:30:00+00:00,0.0,5.46,0.43,1.76,3.52,0.9,0
2023-09-23 06:30:00+00:00,0.49,32.44,2.18,12.01,3.47,0.97,0
2023-09-23 07:30:00+00:00,35.49,101.68,7.64,21.79,3.36,0.97,0
2023-09-23 08:30:00+00:00,38.11,153.26,11.09,30.59,3.8,1.1,0
2023-09-23 09:30:00+00:00,185.61,174.38,16.26,37.74,4.26,1.17,0
2023-09-23 10:30:00+00:00,313.83,226.67,22.69,42.34,4.9,1.24,0
2023-09-23 11:30:00+00:00,292.7,236.7,22.7,43.56,6.01,1.45,0
2023-09-23 12:30:00+00:00,309.6,231.92,22.78,41.13,6.86,1.52,0
2023-09-23 13:30:00+00:00,439.47,195.7,24.39,35.56,7.38,1.59,0
2023-09-23 14:30:00+00:00,310.33,169.84,18.92,27.76,7.85,1.52,0
2023-09-23 15:30:00+00:00,249.91,86.21,12.7,18.55,7.81,1.45,0
2023-09-23 16:30:00+00:00,0.0,31.37,2.46,8.57,7.34,1.31,0
2023-09-23 17:30:00+00:00,0.0,0.0,0.0,-1.74,6.46,1.17,0
2023-09-23 18:30:00+00:00,0.0,0.0,0.0,0.0,5.38,1.1,0
2023-09-23 19:30:00+00:00,0.0,0.0,0.0,0.0,3.82,1.1,0
2023-09-23 20:30:00+00:00,0.0,0.0,0.0,0.0,3.34,1.03,0
2023-09-23 21:30:00+00:00,0.0,0.0,0.0,0.0,3.27,0.9,0
2023-09-23 22:30:00+00:00,0.0,0.0,0.0,0.0,3.2,0.83,0
2023-09-23 23:30:00+00:00,0.0,0.0,0.0,0.0,2.65,0.76,0
2023-09-24 00:30:00+00:00,0.0,0.0,0.0,0.0,2.04,0.62,0
2023-09-24 01:30:00+00:00,0.0,0.0,0.0,0.0,0.9,0.62,0
2023-09-24 02:30:00+00:00,0.0,0.0,0.0,0.0,-0.07,0.62,0
2023-09-24 03:30:00+00:00,0.0,0.0,0.0,0.0,-0.93,0.55,0
2023-09-24 04:30:00+00:00,0.0,0.0,0.0,0.0,-1.84,0.55,0
2023-09-24 05:30:00+00:00,0.0,7.24,0.57,1.54,-2.64,0.55,0
2023-09-24 06:30:00+00:00,152.64,57.32,7.83,11.78,-2.69,0.48,0
2023-09-24 07:30:00+00:00,349.2,103.02,16.49,21.54,0.35,0.55,0
2023-09-24 08:30:00+00:00,595.27,119.68,25.55,30.32,4.48,0.62,0
2023-09-24 09:30:00+00:00,794.96,121.54,32.54,37.42,7.7,0.76,0
2023-09-24 10:30:00+00:00,881.98,123.35,35.69,41.98,9.77,0.83,0
2023-09-24 11:30:00+00:00,895.31,141.46,36.86,43.17,11.09,0.69,0
2023-09-24 12:30:00+00:00,869.16,122.52,35.18,40.73,12.1,0.62,0
2023-09-24 13:30:00+00:00,731.6,115.75,30.12,35.17,12.71,0.48,0
2023-09-24 14:30:00+00:00,539.27,100.85,22.84,27.39,12.85,0.48,0
2023-09-24 15:30:00+00:00,313.69,77.43,14.1,18.2,12.5,0.48,0
2023-09-24 16:30:00+00:00,0.0,23.3,1.82,8.22,11.69,0.48,0
2023-09-24 17:30:00+00:00,0.0,0.0,0.0,-2.09,10.53,0.34,0
2023-09-24 18:30:00+00:00,0.0,0.0,0.0,0.0,9.23,0.28,0
2023-09-24 19:30:00+00:00,0.0,0.0,0.0,0.0,7.67,0.21,0
2023-09-24 20:30:00+00:00,0.0,0.0,0.0,0.0,6.52,0.21,0
2023-09-24 21:30:00+00:00,0.0,0.0,0.0,0.0,5.48,0.28,0
2023-09-24 22:30:00+00:00,0.0,0.0,0.0,0.0,4.54,0.28,0
2023-09-24 23:30:00+00:00,0.0,0.0,0.0,0.0,3.76,0.28,0
2023-09-25 00:30:00+00:00,0.0,0.0,0.0,0.0,3.12,0.28,0
2023-09-25 01:30:00+00:00,0.0,0.0,0.0,0.0,2.7,0.28,0
2023-09-25 02:30:00+00:00,0.0,0.0,0.0,0.0,2.32,0.28,0
2023-09-25 03:30:00+00:00,0.0,0.0,0.0,0.0,2.04,0.21,0
2023-09-25 04:30:00+00:00,0.0,0.0,0.0,0.0,1.89,0.21,0
2023-09-25 05:30:00+00:00,0.0,6.61,0.52,1.32,1.94,0.21,0
2023-09-25 06:30:00+00:00,148.78,59.93,7.66,11.55,1.09,0.21,0
2023-09-25 07:30:00+00:00,382.29,96.01,16.99,21.29,2.32,0.07,0
2023-09-25 08:30:00+00:00,621.14,108.25,25.67,30.04,7.77,0.07,0
2023-09-25 09:30:00+00:00,798.54,115.3,32.12,37.1,11.28,0.07,0
2023-09-25 10:30:00+00:00,886.72,127.6,35.7,41.62,13.15,0.0,0
2023-09-25 11:30:00+00:00,908.38,128.85,36.51,42.78,14.38,0.07,0
2023-09-25 12:30:00+00:00,852.61,124.82,34.41,40.33,15.2,0.07,0
2023-09-25 13:30:00+00:00,721.23,115.5,29.47,34.79,15.55,0.14,0
2023-09-25 14:30:00+00:00,531.49,100.36,22.28,27.02,15.43,0.28,0
2023-09-25 15:30:00+00:00,306.21,77.23,13.61,17.84,14.8,0.34,0
2023-09-25 16:30:00+00:00,0.0,22.59,1.77,7.87,13.84,0.28,0
2023-09-25 17:30:00+00:00,0.0,0.0,0.0,-2.43,12.59,0.28,0
2023-09-25 18:30:00+00:00,0.0,0.0,0.0,0.0,11.24,0.21,0
2023-09-25 19:30:00+00:00,0.0,0.0,0.0,0.0,9.86,0.21,0
2023-09-25 20:30:00+00:00,0.0,0.0,0.0,0.0,8.81,0.28,0
2023-09-25 21:30:00+00:00,0.0,0.0,0.0,0.0,7.97,0.28,0
2023-09-25 22:30:00+00:00,0.0,0.0,0.0,0.0,7.11,0.21,0
2023-09-25 23:30:00+00:00,0.0,0.0,0.0,0.0,6.33,0.14,0
2023-09-26 00:30:00+00:00,0.0,0.0,0.0,0.0,5.83,0.07,0
2023-09-26 01:30:00+00:00,0.0,0.0,0.0,0.0,5.72,0.0,0
2023-09-26 02:30:00+00:00,0.0,0.0,0.0,0.0,5.38,0.07,0
2023-09-26 03:30:00+00:00,0.0,0.0,0.0,0.0,5.13,0.07,0
2023-09-26 04:30:00+00:00,0.0,0.0,0.0,0.0,5.02,0.07,0
2023-09-26 05:30:00+00:00,0.0,6.06,0.47,1.1,4.72,0.07,0
2023-09-26 06:30:00+00:00,0.0,33.0,2.59,11.32,4.1,0.07,0
2023-09-26 07:30:00+00:00,357.23,97.45,16.04,21.04,5.53,0.07,0
2023-09-26 08:30:00+00:00,603.12,104.19,24.65,29.75,10.3,0.07,0
2023-09-26 09:30:00+00:00,764.56,117.64,30.79,36.78,13.38,0.34,0
2023-09-26 10:30:00+00:00,859.3,125.46,34.4,41.25,14.9,0.55,0
2023-09-26 11:30:00+00:00,879.85,127.41,35.2,42.38,15.98,0.48,0
2023-09-26 12:30:00+00:00,823.91,123.93,33.13,39.93,16.72,0.34,0
2023-09-26 13:30:00+00:00,696.46,115.2,28.36,34.4,17.11,0.28,0
2023-09-26 14:30:00+00:00,511.33,100.36,21.37,26.65,17.06,0.28,0
2023-09-26 15:30:00+00:00,292.06,76.86,12.93,17.49,16.59,0.28,0
2023-09-26 16:30:00+00:00,0.0,21.8,1.71,7.53,15.7,0.21,0
2023-09-26 17:30:00+00:00,0.0,0.0,0.0,-2.77,14.58,0.21,0
2023-09-26 18:30:00+00:00,0.0,0.0,0.0,0.0,13.13,0.34,0
2023-09-26 19:30:00+00:00,0.0,0.0,0.0,0.0,11.55,0.41,0
2023-09-26 20:30:00+00:00,0.0,0.0,0.0,0.0,10.31,0.41,0
2023-09-26 21:30:00+00:00,0.0,0.0,0.0,0.0,9.27,0.34,0
2023-09-26 22:30:00+00:00,0.0,0.0,0.0,0.0,8.37,0.28,0
2023-09-26 23:30:00+00:00,0.0,0.0,0.0,0.0,7.76,0.21,0
2023-09-27 00:30:00+00:00,0.0,0.0,0.0,0.0,7.33,0.14,0
2023-09-27 01:30:00+00:00,0.0,0.0,0.0,0.0,6.51,0.14,0
2023-09-27 02:30:00+00:00,0.0,0.0,0.0,0.0,5.32,0.14,0
2023-09-27 03:30:00+00:00,0.0,0.0,0.0,0.0,4.16,0.07,0
2023-09-27 04:30:00+00:00,0.0,0.0,0.0,0.0,3.66,0.07,0
2023-09-27 05:30:00+00:00,0.0,6.61,0.52,0.88,2.39,0.14,0
2023-09-27 06:30:00+00:00,0.0,43.91,3.44,11.09,2.39,0.07,0
2023-09-27 07:30:00+00:00,205.92,131.96,13.16,20.79,4.43,0.0,0
2023-09-27 08:30:00+00:00,422.16,170.69,21.58,29.47,8.86,0.07,0
2023-09-27 09:30:00+00:00,729.85,137.15,30.12,36.45,12.76,0.48,0
2023-09-27 10:30:00+00:00,858.15,126.35,34.1,40.89,14.9,0.9,0
2023-09-27 11:30:00+00:00,877.06,127.97,34.83,41.99,16.16,0.9,0
2023-09-27 12:30:00+00:00,819.96,124.0,32.7,39.53,16.86,0.76,0
2023-09-27 13:30:00+00:00,685.61,117.99,27.83,34.01,17.23,0.69,0
2023-09-27 14:30:00+00:00,427.91,121.78,19.41,26.28,17.41,0.62,0
2023-09-27 15:30:00+00:00,281.22,78.73,12.45,17.13,16.94,0.55,0
2023-09-27 16:30:00+00:00,0.0,20.26,1.59,7.18,15.94,0.48,0
2023-09-27 17:30:00+00:00,0.0,0.0,0.0,-3.12,14.64,0.41,0
2023-09-27 18:30:00+00:00,0.0,0.0,0.0,0.0,13.34,0.34,0
2023-09-27 19:30:00+00:00,0.0,0.0,0.0,0.0,12.35,0.28,0
2023-09-27 20:30:00+00:00,0.0,0.0,0.0,0.0,11.27,0.28,0
2023-09-27 21:30:00+00:00,0.0,0.0,0.0,0.0,10.62,0.14,0
2023-09-27 22:30:00+00:00,0.0,0.0,0.0,0.0,10.14,0.14,0
2023-09-27 23:30:00+00:00,0.0,0.0,0.0,0.0,9.79,0.14,0
2023-09-28 00:30:00+00:00,0.0,0.0,0.0,0.0,9.54,0.21,0
2023-09-28 01:30:00+00:00,0.0,0.0,0.0,0.0,9.51,0.28,0
2023-09-28 02:30:00+00:00,0.0,0.0,0.0,0.0,9.17,0.28,0
2023-09-28 03:30:00+00:00,0.0,0.0,0.0,0.0,8.9,0.34,0
2023-09-28 04:30:00+00:00,0.0,0.0,0.0,0.0,8.7,0.41,0
2023-09-28 05:30:00+00:00,0.0,4.85,0.38,0.65,8.12,0.41,0
2023-09-28 06:30:00+00:00,0.0,43.78,3.43,10.86,7.86,0.41,0
2023-09-28 07:30:00+00:00,274.13,115.61,14.02,20.54,7.68,0.34,0
2023-09-28 08:30:00+00:00,402.49,150.15,19.94,29.19,11.74,0.34,0
2023-09-28 09:30:00+00:00,695.73,152.78,29.38,36.13,14.23,0.28,0
2023-09-28 10:30:00+00:00,737.73,187.48,32.34,40.52,15.97,0.21,0
2023-09-28 11:30:00+00:00,741.53,195.83,32.87,41.6,16.98,0.14,0
2023-09-28 12:30:00+00:00,683.62,190.73,30.72,39.13,17.6,0.14,0
2023-09-28 13:30:00+00:00,553.64,176.04,25.79,33.62,17.84,0.14,0
2023-09-28 14:30:00+00:00,355.72,140.7,17.9,25.91,17.76,0.07,0
2023-09-28 15:30:00+00:00,188.53,93.4,10.36,16.78,17.23,0.07,0
2023-09-28 16:30:00+00:00,0.0,21.25,1.66,6.84,16.37,0.07,0
2023-09-28 17:30:00+00:00,0.0,0.0,0.0,-3.46,15.37,0.14,0
2023-09-28 18:30:00+00:00,0.0,0.0,0.0,0.0,14.04,0.21,0
2023-09-28 19:30:00+00:00,0.0,0.0,0.0,0.0,12.62,0.21,0
2023-09-28 20:30:00+00:00,0.0,0.0,0.0,0.0,11.76,0.14,0
2023-09-28 21:30:00+00:00,0.0,0.0,0.0,0.0,10.92,0.14,0
2023-09-28 22:30:00+00:00,0.0,0.0,0.0,0.0,10.22,0.07,0
2023-09-28 23:30:00+00:00,0.0,0.0,0.0,0.0,9.63,0.07,0
2023-09-29 00:30:00+00:00,0.0,0.0,0.0,0.0,9.17,0.07,0
2023-09-29 01:30:00+00:00,0.0,0.0,0.0,0.0,8.42,0.14,0
2023-09-29 02:30:00+00:00,0.0,0.0,0.0,0.0,8.02,0.21,0
2023-09-29 03:30:00+00:00,0.0,0.0,0.0,0.0,7.13,0.28,0
2023-09-29 04:30:00+00:00,0.0,0.0,0.0,0.0,6.58,0.34,0
2023-09-29 05:30:00+00:00,0.0,4.63,0.36,0.43,5.96,0.41,0
2023-09-29 06:30:00+00:00,0.0,42.95,3.37,10.62,6.16,0.41,0
2023-09-29 07:30:00+00:00,276.69,110.51,13.68,20.28,7.28,0.48,0
2023-09-29 08:30:00+00:00,529.38,119.43,22.16,28.9,11.65,0.62,0
2023-09-29 09:30:00+00:00,724.24,123.33,28.87,35.8,14.79,0.76,0
2023-09-29 10:30:00+00:00,825.33,129.09,32.57,40.15,16.34,0.76,0
2023-09-29 11:30:00+00:00,854.36,127.37,33.49,41.2,17.32,0.83,0
2023-09-29 12:30:00+00:00,807.96,123.24,31.7,38.74,17.97,0.83,0
2023-09-29 13:30:00+00:00,696.58,110.35,27.32,33.24,18.29,0.83,0
2023-09-29 14:30:00+00:00,471.59,106.33,19.6,25.54,18.18,0.9,0
2023-09-29 15:30:00+00:00,202.65,86.95,10.26,16.42,17.62,0.83,0
2023-09-29 16:30:00+00:00,0.0,19.24,1.51,6.49,16.53,0.76,0
2023-09-29 17:30:00+00:00,0.0,0.0,0.0,-3.8,15.37,0.9,0
2023-09-29 18:30:00+00:00,0.0,0.0,0.0,0.0,14.15,0.83,0
2023-09-29 19:30:00+00:00,0.0,0.0,0.0,0.0,14.06,0.69,0
2023-09-29 20:30:00+00:00,0.0,0.0,0.0,0.0,13.45,0.69,0
2023-09-29 21:30:00+00:00,0.0,0.0,0.0,0.0,12.99,0.69,0
2023-09-29 22:30:00+00:00,0.0,0.0,0.0,0.0,12.23,0.83,0
2023-09-29 23:30:00+00:00,0.0,0.0,0.0,0.0,12.38,0.62,0
2023-09-30 00:30:00+00:00,0.0,0.0,0.0,0.0,12.09,0.62,0
2023-09-30 01:30:00+00:00,0.0,0.0,0.0,0.0,10.67,0.69,0
2023-09-30 02:30:00+00:00,0.0,0.0,0.0,0.0,10.59,0.62,0
2023-09-30 03:30:00+00:00,0.0,0.0,0.0,0.0,10.71,0.48,0
2023-09-30 04:30:00+00:00,0.0,0.0,0.0,0.0,9.6,0.55,0
2023-09-30 05:30:00+00:00,0.0,2.87,0.22,0.21,9.79,0.69,0
2023-09-30 06:30:00+00:00,0.0,34.98,2.74,10.39,9.78,0.69,0
2023-09-30 07:30:00+00:00,169.29,86.52,9.64,20.03,10.77,0.76,0
2023-09-30 08:30:00+00:00,375.31,108.34,16.97,28.61,11.9,0.83,0
2023-09-30 09:30:00+00:00,423.06,169.85,21.61,35.48,13.33,0.48,0
2023-09-30 10:30:00+00:00,628.6,171.89,27.94,39.79,14.77,0.28,0
2023-09-30 11:30:00+00:00,628.76,188.66,28.71,40.81,16.08,0.41,0
2023-09-30 12:30:00+00:00,671.97,160.86,28.67,38.34,16.8,0.34,0
2023-09-30 13:30:00+00:00,542.32,139.47,23.49,32.85,17.36,0.48,0
2023-09-30 14:30:00+00:00,394.08,114.62,17.45,25.17,17.19,0.41,0
2023-09-30 15:30:00+00:00,217.37,75.6,9.96,16.07,16.52,0.34,0
2023-09-30 16:30:00+00:00,0.0,16.28,1.27,6.15,15.55,0.41,0
2023-09-30 17:30:00+00:00,0.0,0.0,0.0,-4.14,14.4,0.48,0
2023-09-30 18:30:00+00:00,0.0,0.0,0.0,0.0,13.37,0.55,0
2023-09-30 19:30:00+00:00,0.0,0.0,0.0,0.0,12.81,0.48,0
2023-09-30 20:30:00+00:00,0.0,0.0,0.0,0.0,12.1,0.41,0
2023-09-30 21:30:00+00:00,0.0,0.0,0.0,0.0,10.89,0.34,0
2023-09-30 22:30:00+00:00,0.0,0.0,0.0,0.0,10.08,0.41,0
2023-09-30 23:30:00+00:00,0.0,0.0,0.0,0.0,9.26,0.41,0
2023-10-01 00:30:00+00:00,0.0,0.0,0.0,0.0,8.52,0.34,0
2023-10-01 01:30:00+00:00,0.0,0.0,0.0,0.0,7.77,0.34,0
2023-10-01 02:30:00+00:00,0.0,0.0,0.0,0.0,6.55,0.34,0
2023-10-01 03:30:00+00:00,0.0,0.0,0.0,0.0,5.96,0.28,0
2023-10-01 04:30:00+00:00,0.0,0.0,0.0,0.0,5.52,0.28,0
2023-10-01 05:30:00+00:00,0.0,0.0,0.0,-0.02,5.05,0.34,0
2023-10-01 06:30:00+00:00,0.0,27.7,2.17,10.15,5.39,0.28,0
2023-10-01 07:30:00+00:00,353.19,92.79,14.61,19.77,7.61,0.21,0
2023-10-01 08:30:00+00:00,546.95,111.23,21.87,28.32,12.69,0.14,0
2023-10-01 09:30:00+00:00,735.42,114.27,28.32,35.15,15.88,0.14,0
2023-10-01 10:30:00+00:00,796.37,128.74,31.09,39.42,17.67,0.14,0
2023-10-01 11:30:00+00:00,787.42,156.23,31.93,40.42,18.73,0.14,0
2023-10-01 12:30:00+00:00,735.67,149.73,29.9,37.94,19.38,0.14,0
2023-10-01 13:30:00+00:00,580.34,142.55,24.49,32.47,19.72,0.14,0
2023-10-01 14:30:00+00:00,470.13,102.79,18.92,24.8,19.55,0.14,0
2023-10-01 15:30:00+00:00,273.25,77.53,11.29,15.72,19.14,0.21,0
2023-10-01 16:30:00+00:00,0.0,16.82,1.32,5.81,18.24,0.21,0
2023-10-01 17:30:00+00:00,0.0,0.0,0.0,-4.48,17.2,0.21,0
2023-10-01 18:30:00+00:00,0.0,0.0,0.0,0.0,15.77,0.21,0
2023-10-01 19:30:00+00:00,0.0,0.0,0.0,0.0,14.28,0.14,0
2023-10-01 20:30:00+00:00,0.0,0.0,0.0,0.0,13.19,0.14,0
2023-10-01 21:30:00+00:00,0.0,0.0,0.0,0.0,12.32,0.07,0
2023-10-01 22:30:00+00:00,0.0,0.0,0.0,0.0,11.64,0.07,0
2023-10-01 23:30:00+00:00,0.0,0.0,0.0,0.0,11.13,0.0,0
2023-10-02 00:30:00+00:00,0.0,0.0,0.0,0.0,10.27,0.07,0
2023-10-02 01:30:00+00:00,0.0,0.0,0.0,0.0,8.68,0.14,0
2023-10-02 02:30:00+00:00,0.0,0.0,0.0,0.0,8.61,0.14,0
2023-10-02 03:30:00+00:00,0.0,0.0,0.0,0.0,8.51,0.21,0
2023-10-02 04:30:00+00:00,0.0,0.0,0.0,0.0,8.45,0.21,0
2023-10-02 05:30:00+00:00,0.0,0.0,0.0,-0.24,8.43,0.21,0
2023-10-02 06:30:00+00:00,0.0,29.68,2.32,9.92,8.52,0.21,0
2023-10-02 07:30:00+00:00,350.89,101.17,14.66,19.51,8.6,0.07,0
2023-10-02 08:30:00+00:00,550.18,122.75,22.16,28.04,12.78,0.07,0
2023-10-02 09:30:00+00:00,714.03,124.95,27.8,34.82,15.83,0.41,0
2023-10-02 10:30:00+00:00,864.05,127.68,32.86,39.05,17.27,0.48,0
2023-10-02 11:30:00+00:00,877.32,131.98,33.5,40.03,18.37,0.62,0
2023-10-02 12:30:00+00:00,830.99,120.83,31.46,37.55,19.0,0.62,0
2023-10-02 13:30:00+00:00,677.51,121.42,26.3,32.08,19.29,0.62,0
2023-10-02 14:30:00+00:00,521.66,95.69,19.88,24.44,19.23,0.55,0
2023-10-02 15:30:00+00:00,248.2,83.91,10.7,15.37,18.67,0.48,0
2023-10-02 16:30:00+00:00,0.0,17.07,1.34,5.47,17.5,0.48,0
2023-10-02 17:30:00+00:00,0.0,0.0,0.0,0.0,16.33,0.41,0
2023-10-02 18:30:00+00:00,0.0,0.0,0.0,0.0,14.97,0.41,0
2023-10-02 19:30:00+00:00,0.0,0.0,0.0,0.0,13.74,0.48,0
2023-10-02 20:30:00+00:00,0.0,0.0,0.0,0.0,13.2,0.48,0
2023-10-02 21:30:00+00:00,0.0,0.0,0.0,0.0,12.54,0.48,0
2023-10-02 22:30:00+00:00,0.0,0.0,0.0,0.0,12.22,0.34,0
2023-10-02 23:30:00+00:00,0.0,0.0,0.0,0.0,11.72,0.21,0
2023-10-03 00:30:00+00:00,0.0,0.0,0.0,0.0,11.06,0.07,0
2023-10-03 01:30:00+00:00,0.0,0.0,0.0,0.0,11.03,0.07,0
2023-10-03 02:30:00+00:00,0.0,0.0,0.0,0.0,10.4,0.14,0
2023-10-03 03:30:00+00:00,0.0,0.0,0.0,0.0,9.44,0.14,0
2023-10-03 04:30:00+00:00,0.0,0.0,0.0,0.0,8.25,0.21,0
2023-10-03 05:30:00+00:00,0.0,0.0,0.0,-0.47,7.27,0.21,0
2023-10-03 06:30:00+00:00,0.0,36.06,2.82,9.68,6.63,0.21,0
2023-10-03 07:30:00+00:00,256.94,109.2,12.42,19.25,7.8,0.21,0
2023-10-03 08:30:00+00:00,524.95,126.62,21.34,27.75,12.0,0.28,0
2023-10-03 09:30:00+00:00,652.32,157.61,26.95,34.49,15.84,0.41,0
2023-10-03 10:30:00+00:00,783.32,153.58,31.07,38.69,17.73,0.55,0
2023-10-03 11:30:00+00:00,809.39,150.3,31.82,39.64,18.78,0.62,0
2023-10-03 12:30:00+00:00,783.33,138.72,30.37,37.15,19.3,0.76,0
2023-10-03 13:30:00+00:00,650.82,125.51,25.39,31.7,19.35,0.83,0
2023-10-03 14:30:00+00:00,479.74,104.74,18.77,24.07,18.85,0.97,0
2023-10-03 15:30:00+00:00,194.18,76.17,8.9,15.02,17.6,0.83,0
2023-10-03 16:30:00+00:00,0.0,14.11,1.11,5.13,16.32,0.76,0
2023-10-03 17:30:00+00:00,0.0,0.0,0.0,0.0,14.74,0.83,0
2023-10-03 18:30:00+00:00,0.0,0.0,0.0,0.0,13.02,0.97,0
2023-10-03 19:30:00+00:00,0.0,0.0,0.0,0.0,11.97,0.97,0
2023-10-03 20:30:00+00:00,0.0,0.0,0.0,0.0,11.36,0.97,0
2023-10-03 21:30:00+00:00,0.0,0.0,0.0,0.0,10.53,1.1,0
2023-10-03 22:30:00+00:00,0.0,0.0,0.0,0.0,10.17,0.97,0
2023-10-03 23:30:00+00:00,0.0,0.0,0.0,0.0,9.95,0.9,0
2023-10-04 00:30:00+00:00,0.0,0.0,0.0,0.0,9.6,0.76,0
2023-10-04 01:30:00+00:00,0.0,0.0,0.0,0.0,8.6,0.76,0
2023-10-04 02:30:00+00:00,0.0,0.0,0.0,0.0,8.15,0.83,0
2023-10-04 03:30:00+00:00,0.0,0.0,0.0,0.0,7.75,0.9,0
2023-10-04 04:30:00+00:00,0.0,0.0,0.0,0.0,7.34,0.97,0
2023-10-04 05:30:00+00:00,0.0,0.0,0.0,-0.7,7.13,0.9,0
2023-10-04 06:30:00+00:00,0.0,24.54,1.92,9.44,6.92,0.9,0
2023-10-04 07:30:00+00:00,139.25,112.21,9.83,18.99,8.21,0.69,0
2023-10-04 08:30:00+00:00,344.85,167.68,18.08,27.45,8.55,0.76,0
2023-10-04 09:30:00+00:00,619.45,172.03,26.32,34.16,9.91,0.62,0
2023-10-04 10:30:00+00:00,761.62,170.46,30.79,38.32,11.99,0.34,0
2023-10-04 11:30:00+00:00,819.55,153.61,31.97,39.25,13.33,0.07,0
2023-10-04 12:30:00+00:00,759.34,145.48,29.63,36.76,14.2,0.07,0
2023-10-04 13:30:00+00:00,613.48,158.15,25.28,31.32,14.61,0.0,0
2023-10-04 14:30:00+00:00,310.65,147.33,15.86,23.71,14.65,0.14,0
2023-10-04 15:30:00+00:00,86.49,103.96,7.98,14.67,14.04,0.14,0
2023-10-04 16:30:00+00:00,0.0,22.08,1.73,4.8,12.97,0.0,0
2023-10-04 17:30:00+00:00,0.0,0.0,0.0,0.0,11.84,0.07,0
2023-10-04 18:30:00+00:00,0.0,0.0,0.0,0.0,10.88,0.07,0
2023-10-04 19:30:00+00:00,0.0,0.0,0.0,0.0,9.98,0.21,0
2023-10-04 20:30:00+00:00,0.0,0.0,0.0,0.0,9.09,0.28,0
2023-10-04 21:30:00+00:00,0.0,0.0,0.0,0.0,8.28,0.21,0
2023-10-04 22:30:00+00:00,0.0,0.0,0.0,0.0,7.57,0.21,0
2023-10-04 23:30:00+00:00,0.0,0.0,0.0,0.0,6.89,0.21,0
2023-10-05 00:30:00+00:00,0.0,0.0,0.0,0.0,6.13,0.14,0
2023-10-05 01:30:00+00:00,0.0,0.0,0.0,0.0,5.16,0.07,0
2023-10-05 02:30:00+00:00,0.0,0.0,0.0,0.0,4.11,0.0,0
2023-10-05 03:30:00+00:00,0.0,0.0,0.0,0.0,3.84,0.0,0
2023-10-05 04:30:00+00:00,0.0,0.0,0.0,0.0,3.33,0.0,0
2023-10-05 05:30:00+00:00,0.0,0.0,0.0,-0.93,2.84,0.07,0
2023-10-05 06:30:00+00:00,0.0,28.82,2.26,9.2,2.75,0.07,0
2023-10-05 07:30:00+00:00,260.75,101.63,11.86,18.73,4.52,0.07,0
2023-10-05 08:30:00+00:00,472.63,152.77,20.48,27.16,9.04,0.14,0
2023-10-05 09:30:00+00:00,461.73,209.56,23.44,33.83,12.6,0.28,0
2023-10-05 10:30:00+00:00,605.53,187.61,26.79,37.95,13.98,0.34,0
2023-10-05 11:30:00+00:00,693.62,182.26,29.13,38.86,14.91,0.41,0
2023-10-05 12:30:00+00:00,767.81,158.67,30.09,36.37,15.66,0.55,0
2023-10-05 13:30:00+00:00,639.86,144.67,25.25,30.94,16.15,0.62,0
2023-10-05 14:30:00+00:00,485.68,105.49,18.45,23.35,16.09,0.69,0
2023-10-05 15:30:00+00:00,249.15,80.54,9.97,14.33,15.39,0.62,0
2023-10-05 16:30:00+00:00,0.0,18.83,1.47,4.46,14.18,0.48,0
2023-10-05 17:30:00+00:00,0.0,0.0,0.0,0.0,12.77,0.55,0
2023-10-05 18:30:00+00:00,0.0,0.0,0.0,0.0,12.13,0.55,0
2023-10-05 19:30:00+00:00,0.0,0.0,0.0,0.0,11.1,0.48,0
2023-10-05 20:30:00+00:00,0.0,0.0,0.0,0.0,10.28,0.62,0
2023-10-05 21:30:00+00:00,0.0,0.0,0.0,0.0,9.58,0.48,0
2023-10-05 22:30:00+00:00,0.0,0.0,0.0,0.0,8.89,0.41,0
2023-10-05 23:30:00+00:00,0.0,0.0,0.0,0.0,8.25,0.41,0
2023-10-06 00:30:00+00:00,0.0,0.0,0.0,0.0,7.8,0.34,0
2023-10-06 01:30:00+00:00,0.0,0.0,0.0,0.0,7.69,0.41,0
2023-10-06 02:30:00+00:00,0.0,0.0,0.0,0.0,7.46,0.41,0
2023-10-06 03:30:00+00:00,0.0,0.0,0.0,0.0,6.61,0.48,0
2023-10-06 04:30:00+00:00,0.0,0.0,0.0,0.0,5.1,0.48,0
2023-10-06 05:30:00+00:00,0.0,0.0,0.0,-1.15,5.42,0.41,0
2023-10-06 06:30:00+00:00,0.0,28.85,2.26,8.96,5.53,0.41,0
2023-10-06 07:30:00+00:00,324.63,110.25,13.52,18.47,6.87,0.41,0
2023-10-06 08:30:00+00:00,542.15,138.48,21.54,26.87,10.75,0.41,0
2023-10-06 09:30:00+00:00,682.29,163.6,27.25,33.5,14.26,0.34,0
2023-10-06 10:30:00+00:00,792.53,167.09,31.02,37.59,15.89,0.28,0
2023-10-06 11:30:00+00:00,733.51,188.8,30.25,38.47,16.93,0.28,0
2023-10-06 12:30:00+00:00,704.95,172.08,28.52,35.98,17.41,0.28,0
2023-10-06 13:30:00+00:00,625.37,145.87,24.62,30.57,17.52,0.28,0
2023-10-06 14:30:00+00:00,486.13,108.26,18.31,22.99,17.31,0.28,0
2023-10-06 15:30:00+00:00,280.91,74.72,10.26,13.99,16.68,0.28,0
2023-10-06 16:30:00+00:00,0.0,12.48,0.98,4.13,15.59,0.28,0
2023-10-06 17:30:00+00:00,0.0,0.0,0.0,0.0,14.67,0.34,0
2023-10-06 18:30:00+00:00,0.0,0.0,0.0,0.0,13.27,0.55,0
2023-10-06 19:30:00+00:00,0.0,0.0,0.0,0.0,11.85,0.48,0
2023-10-06 20:30:00+00:00,0.0,0.0,0.0,0.0,10.81,0.48,0
2023-10-06 21:30:00+00:00,0.0,0.0,0.0,0.0,9.92,0.41,0
2023-10-06 22:30:00+00:00,0.0,0.0,0.0,0.0,9.1,0.41,0
2023-10-06 23:30:00+00:00,0.0,0.0,0.0,0.0,8.39,0.41,0
2023-10-07 00:30:00+00:00,0.0,0.0,0.0,0.0,6.69,0.48,0
2023-10-07 01:30:00+00:00,0.0,0.0,0.0,0.0,6.06,0.48,0
2023-10-07 02:30:00+00:00,0.0,0.0,0.0,0.0,6.35,0.48,0
2023-10-07 03:30:00+00:00,0.0,0.0,0.0,0.0,6.84,0.55,0
2023-10-07 04:30:00+00:00,0.0,0.0,0.0,0.0,7.36,0.62,0
2023-10-07 05:30:00+00:00,0.0,0.0,0.0,-1.38,7.95,0.69,0
2023-10-07 06:30:00+00:00,0.0,24.6,1.93,8.72,8.24,0.69,0
2023-10-07 07:30:00+00:00,414.37,86.79,14.61,18.21,8.01,0.55,0
2023-10-07 08:30:00+00:00,628.06,107.46,22.5,26.57,10.89,0.55,0
2023-10-07 09:30:00+00:00,784.25,119.91,28.3,33.17,14.48,0.76,0
2023-10-07 10:30:00+00:00,869.06,126.55,31.51,37.22,16.3,0.9,0
2023-10-07 11:30:00+00:00,877.59,128.7,31.93,38.08,17.4,1.03,0
2023-10-07 12:30:00+00:00,815.09,125.77,29.71,35.59,17.96,1.1,0
2023-10-07 13:30:00+00:00,684.46,115.53,24.9,30.19,18.11,1.1,0
2023-10-07 14:30:00+00:00,481.49,100.54,17.65,22.63,17.95,1.1,0
2023-10-07 15:30:00+00:00,263.09,71.98,9.54,13.64,17.32,0.97,0
2023-10-07 16:30:00+00:00,0.0,11.27,0.88,3.8,16.23,0.83,0
2023-10-07 17:30:00+00:00,0.0,0.0,0.0,0.0,15.41,0.69,0
2023-10-07 18:30:00+00:00,0.0,0.0,0.0,0.0,14.42,0.62,0
2023-10-07 19:30:00+00:00,0.0,0.0,0.0,0.0,13.28,0.55,0
2023-10-07 20:30:00+00:00,0.0,0.0,0.0,0.0,12.38,0.48,0
2023-10-07 21:30:00+00:00,0.0,0.0,0.0,0.0,11.61,0.48,0
2023-10-07 22:30:00+00:00,0.0,0.0,0.0,0.0,10.95,0.41,0
2023-10-07 23:30:00+00:00,0.0,0.0,0.0,0.0,10.42,0.41,0
2023-10-08 00:30:00+00:00,0.0,0.0,0.0,0.0,9.92,0.41,0
2023-10-08 01:30:00+00:00,0.0,0.0,0.0,0.0,9.95,0.41,0
2023-10-08 02:30:00+00:00,0.0,0.0,0.0,0.0,9.58,0.48,0
2023-10-08 03:30:00+00:00,0.0,0.0,0.0,0.0,9.35,0.48,0
2023-10-08 04:30:00+00:00,0.0,0.0,0.0,0.0,8.97,0.48,0
2023-10-08 05:30:00+00:00,0.0,0.0,0.0,-1.61,8.54,0.48,0
2023-10-08 06:30:00+00:00,0.0,23.71,1.86,8.48,8.28,0.48,0
2023-10-08 07:30:00+00:00,379.91,86.01,13.51,17.95,9.65,0.41,0
2023-10-08 08:30:00+00:00,589.1,107.87,21.19,26.28,13.03,0.48,0
2023-10-08 09:30:00+00:00,751.36,120.27,27.1,32.84,16.9,0.69,0
2023-10-08 10:30:00+00:00,822.06,136.24,30.2,36.85,18.52,0.83,0
2023-10-08 11:30:00+00:00,810.56,146.21,30.33,37.69,19.23,1.1,0
2023-10-08 12:30:00+00:00,792.59,128.53,28.88,35.2,19.39,1.1,0
2023-10-08 13:30:00+00:00,589.68,139.23,22.9,29.82,19.35,1.1,0
2023-10-08 14:30:00+00:00,412.92,114.02,16.17,22.28,19.04,0.97,0
2023-10-08 15:30:00+00:00,233.93,74.53,8.81,13.31,18.48,0.76,0
2023-10-08 16:30:00+00:00,0.0,10.85,0.85,3.47,17.42,0.62,0
2023-10-08 17:30:00+00:00,0.0,0.0,0.0,0.0,16.8,0.55,0
2023-10-08 18:30:00+00:00,0.0,0.0,0.0,0.0,15.43,0.41,0
2023-10-08 19:30:00+00:00,0.0,0.0,0.0,0.0,14.02,0.41,0
2023-10-08 20:30:00+00:00,0.0,0.0,0.0,0.0,12.93,0.34,0
2023-10-08 21:30:00+00:00,0.0,0.0,0.0,0.0,11.98,0.28,0
2023-10-08 22:30:00+00:00,0.0,0.0,0.0,0.0,11.29,0.28,0
2023-10-08 23:30:00+00:00,0.0,0.0,0.0,0.0,10.7,0.34,0
2023-10-09 00:30:00+00:00,0.0,0.0,0.0,0.0,10.13,0.34,0
2023-10-09 01:30:00+00:00,0.0,0.0,0.0,0.0,9.79,0.34,0
2023-10-09 02:30:00+00:00,0.0,0.0,0.0,0.0,9.5,0.41,0
2023-10-09 03:30:00+00:00,0.0,0.0,0.0,0.0,9.12,0.41,0
2023-10-09 04:30:00+00:00,0.0,0.0,0.0,0.0,8.78,0.41,0
2023-10-09 05:30:00+00:00,0.0,0.0,0.0,-1.84,8.45,0.48,0
2023-10-09 06:30:00+00:00,0.0,23.07,1.81,8.24,8.18,0.48,0
2023-10-09 07:30:00+00:00,391.96,86.58,13.6,17.68,9.17,0.41,0
2023-10-09 08:30:00+00:00,607.4,107.71,21.42,25.99,12.86,0.48,0
2023-10-09 09:30:00+00:00,766.88,120.15,27.26,32.5,16.89,0.76,0
2023-10-09 10:30:00+00:00,862.24,126.04,30.72,36.49,18.42,0.9,0
2023-10-09 11:30:00+00:00,840.47,133.45,30.46,37.31,19.13,1.03,0
2023-10-09 12:30:00+00:00,803.26,133.48,29.08,34.82,19.38,1.1,0
2023-10-09 13:30:00+00:00,680.94,116.01,24.27,29.44,19.44,1.17,0
2023-10-09 14:30:00+00:00,492.22,99.49,17.39,21.92,19.16,1.17,0
2023-10-09 15:30:00+00:00,263.97,72.89,9.17,12.97,18.49,0.97,0
2023-10-09 16:30:00+00:00,0.0,10.05,0.79,3.14,17.31,0.83,0
2023-10-09 17:30:00+00:00,0.0,0.0,0.0,0.0,16.68,0.76,0
2023-10-09 18:30:00+00:00,0.0,0.0,0.0,0.0,15.34,0.69,0
2023-10-09 19:30:00+00:00,0.0,0.0,0.0,0.0,13.91,0.62,0
2023-10-09 20:30:00+00:00,0.0,0.0,0.0,0.0,12.91,0.55,0
2023-10-09 21:30:00+00:00,0.0,0.0,0.0,0.0,12.07,0.55,0
2023-10-09 22:30:00+00:00,0.0,0.0,0.0,0.0,11.4,0.55,0
2023-10-09 23:30:00+00:00,0.0,0.0,0.0,0.0,10.8,0.55,0
2023-10-10 00:30:00+00:00,0.0,0.0,0.0,0.0,10.24,0.62,0
2023-10-10 01:30:00+00:00,0.0,0.0,0.0,0.0,9.32,0.62,0
2023-10-10 02:30:00+00:00,0.0,0.0,0.0,0.0,8.77,0.55,0
2023-10-10 03:30:00+00:00,0.0,0.0,0.0,0.0,8.28,0.55,0
2023-10-10 04:30:00+00:00,0.0,0.0,0.0,0.0,8.04,0.55,0
2023-10-10 05:30:00+00:00,0.0,0.0,0.0,-2.08,7.71,0.55,0
2023-10-10 06:30:00+00:00,0.0,22.4,1.75,8.0,7.36,0.55,0
2023-10-10 07:30:00+00:00,394.0,86.08,13.41,17.42,8.78,0.41,0
2023-10-10 08:30:00+00:00,591.3,113.24,20.93,25.69,12.06,0.48,0
2023-10-10 09:30:00+00:00,725.6,138.98,26.51,32.17,15.75,0.62,0
2023-10-10 10:30:00+00:00,803.58,152.05,29.7,36.12,17.23,0.76,0
2023-10-10 11:30:00+00:00,829.71,151.31,30.51,36.93,18.11,0.76,0
2023-10-10 12:30:00+00:00,765.38,148.37,28.27,34.43,18.63,0.69,0
2023-10-10 13:30:00+00:00,611.89,146.77,23.26,29.07,18.82,0.69,0
2023-10-10 14:30:00+00:00,407.63,125.87,16.05,21.57,18.65,0.62,0
2023-10-10 15:30:00+00:00,227.93,80.35,8.53,12.63,17.99,0.48,0
2023-10-10 16:30:00+00:00,0.0,9.83,0.77,2.82,16.94,0.34,0
2023-10-10 17:30:00+00:00,0.0,0.0,0.0,0.0,16.17,0.41,0
2023-10-10 18:30:00+00:00,0.0,0.0,0.0,0.0,14.73,0.34,0
2023-10-10 19:30:00+00:00,0.0,0.0,0.0,0.0,13.18,0.34,0
2023-10-10 20:30:00+00:00,0.0,0.0,0.0,0.0,12.0,0.34,0
2023-10-10 21:30:00+00:00,0.0,0.0,0.0,0.0,11.0,0.28,0
2023-10-10 22:30:00+00:00,0.0,0.0,0.0,0.0,10.27,0.21,0
2023-10-10 23:30:00+00:00,0.0,0.0,0.0,0.0,9.77,0.21,0
2023-10-11 00:30:00+00:00,0.0,0.0,0.0,0.0,9.37,0.21,0
2023-10-11 01:30:00+00:00,0.0,0.0,0.0,0.0,8.37,0.28,0
2023-10-11 02:30:00+00:00,0.0,0.0,0.0,0.0,6.95,0.28,0
2023-10-11 03:30:00+00:00,0.0,0.0,0.0,0.0,6.95,0.28,0
2023-10-11 04:30:00+00:00,0.0,0.0,0.0,0.0,6.8,0.28,0
2023-10-11 05:30:00+00:00,0.0,0.0,0.0,-2.31,6.48,0.28,0
2023-10-11 06:30:00+00:00,0.0,23.55,1.85,7.75,6.21,0.28,0
2023-10-11 07:30:00+00:00,342.56,97.11,12.43,17.15,6.9,0.21,0
2023-10-11 08:30:00+00:00,574.46,118.76,20.44,25.39,10.9,0.21,0
2023-10-11 09:30:00+00:00,774.42,118.12,26.85,31.84,14.55,0.21,0
2023-10-11 10:30:00+00:00,863.72,126.63,30.21,35.76,16.09,0.28,0
2023-10-11 11:30:00+00:00,882.44,128.15,30.9,36.54,16.93,0.34,0
2023-10-11 12:30:00+00:00,819.6,125.6,28.7,34.05,17.46,0.41,0
2023-10-11 13:30:00+00:00,686.15,115.64,23.85,28.71,17.65,0.34,0
2023-10-11 14:30:00+00:00,492.7,99.72,16.9,21.22,17.45,0.34,0
2023-10-11 15:30:00+00:00,264.57,71.22,8.7,12.3,16.84,0.21,0
2023-10-11 16:30:00+00:00,0.0,8.55,0.67,2.5,15.77,0.07,0
2023-10-11 17:30:00+00:00,0.0,0.0,0.0,0.0,14.76,0.0,0
2023-10-11 18:30:00+00:00,0.0,0.0,0.0,0.0,13.46,0.07,0
2023-10-11 19:30:00+00:00,0.0,0.0,0.0,0.0,12.38,0.21,0
2023-10-11 20:30:00+00:00,0.0,0.0,0.0,0.0,11.33,0.28,0
2023-10-11 21:30:00+00:00,0.0,0.0,0.0,0.0,10.5,0.34,0
2023-10-11 22:30:00+00:00,0.0,0.0,0.0,0.0,9.76,0.34,0
2023-10-11 23:30:00+00:00,0.0,0.0,0.0,0.0,9.05,0.34,0
2023-10-12 00:30:00+00:00,0.0,0.0,0.0,0.0,8.4,0.41,0
2023-10-12 01:30:00+00:00,0.0,0.0,0.0,0.0,7.79,0.41,0
2023-10-12 02:30:00+00:00,0.0,0.0,0.0,0.0,7.12,0.55,0
2023-10-12 03:30:00+00:00,0.0,0.0,0.0,0.0,6.39,0.55,0
2023-10-12 04:30:00+00:00,0.0,0.0,0.0,0.0,5.87,0.48,0
2023-10-12 05:30:00+00:00,0.0,0.0,0.0,-2.54,5.96,0.34,0
2023-10-12 06:30:00+00:00,0.0,24.6,1.93,7.51,5.96,0.55,0
2023-10-12 07:30:00+00:00,222.57,105.97,10.19,16.88,6.47,0.41,0
2023-10-12 08:30:00+00:00,376.77,151.82,16.75,25.1,9.69,0.41,0
2023-10-12 09:30:00+00:00,605.19,173.88,24.13,31.51,13.45,0.55,0
2023-10-12 10:30:00+00:00,781.39,160.76,28.86,35.4,15.16,0.62,0
2023-10-12 11:30:00+00:00,807.86,155.41,29.5,36.16,16.11,0.69,0
2023-10-12 12:30:00+00:00,818.7,134.53,28.69,33.67,16.56,0.69,0
2023-10-12 13:30:00+00:00,711.53,119.11,24.37,28.34,16.72,0.69,0
2023-10-12 14:30:00+00:00,503.2,100.43,16.93,20.88,16.54,0.62,0
2023-10-12 15:30:00+00:00,263.95,73.3,8.55,11.97,15.97,0.48,0
2023-10-12 16:30:00+00:00,0.0,9.19,0.72,2.18,14.95,0.21,0
2023-10-12 17:30:00+00:00,0.0,0.0,0.0,0.0,14.05,0.28,0
2023-10-12 18:30:00+00:00,0.0,0.0,0.0,0.0,12.75,0.41,0
2023-10-12 19:30:00+00:00,0.0,0.0,0.0,0.0,11.49,0.34,0
2023-10-12 20:30:00+00:00,0.0,0.0,0.0,0.0,10.54,0.34,0
2023-10-12 21:30:00+00:00,0.0,0.0,0.0,0.0,9.83,0.34,0
2023-10-12 22:30:00+00:00,0.0,0.0,0.0,0.0,9.26,0.28,0
2023-10-12 23:30:00+00:00,0.0,0.0,0.0,0.0,8.73,0.28,0
2023-10-13 00:30:00+00:00,0.0,0.0,0.0,0.0,7.19,0.34,0
2023-10-13 01:30:00+00:00,0.0,0.0,0.0,0.0,5.64,0.28,0
2023-10-13 02:30:00+00:00,0.0,0.0,0.0,0.0,5.78,0.21,0
2023-10-13 03:30:00+00:00,0.0,0.0,0.0,0.0,5.73,0.21,0
2023-10-13 04:30:00+00:00,0.0,0.0,0.0,0.0,5.85,0.14,0
2023-10-13 05:30:00+00:00,0.0,0.0,0.0,-2.77,5.96,0.07,0
2023-10-13 06:30:00+00:00,0.0,21.19,1.66,7.26,5.91,0.0,0
2023-10-13 07:30:00+00:00,291.09,78.58,10.28,16.62,5.85,0.0,0
2023-10-13 08:30:00+00:00,473.26,100.16,16.8,24.8,8.77,0.14,0
2023-10-13 09:30:00+00:00,606.84,123.17,22.06,31.18,12.05,0.48,0
2023-10-13 10:30:00+00:00,765.64,137.34,27.35,35.04,13.5,0.83,0
2023-10-13 11:30:00+00:00,745.93,152.01,27.46,35.79,14.47,0.97,0
2023-10-13 12:30:00+00:00,688.3,152.42,25.58,33.3,15.05,1.03,0
2023-10-13 13:30:00+00:00,531.37,116.79,19.4,27.98,15.39,0.97,0
2023-10-13 14:30:00+00:00,272.63,92.45,11.15,20.53,15.13,1.03,0
2023-10-13 15:30:00+00:00,186.89,63.77,6.65,11.64,14.24,0.9,0
2023-10-13 16:30:00+00:00,0.0,7.24,0.57,1.87,13.19,0.69,0
2023-10-13 17:30:00+00:00,0.0,0.0,0.0,0.0,11.85,0.69,0
2023-10-13 18:30:00+00:00,0.0,0.0,0.0,0.0,10.92,0.62,0
2023-10-13 19:30:00+00:00,0.0,0.0,0.0,0.0,10.28,0.48,0
2023-10-13 20:30:00+00:00,0.0,0.0,0.0,0.0,9.55,0.41,0
2023-10-13 21:30:00+00:00,0.0,0.0,0.0,0.0,9.26,0.34,0
2023-10-13 22:30:00+00:00,0.0,0.0,0.0,0.0,8.88,0.28,0
2023-10-13 23:30:00+00:00,0.0,0.0,0.0,0.0,8.47,0.14,0
2023-10-14 00:30:00+00:00,0.0,0.0,0.0,0.0,8.03,0.07,0
2023-10-14 01:30:00+00:00,0.0,0.0,0.0,0.0,8.16,0.07,0
2023-10-14 02:30:00+00:00,0.0,0.0,0.0,0.0,7.92,0.21,0
2023-10-14 03:30:00+00:00,0.0,0.0,0.0,0.0,7.65,0.28,0
2023-10-14 04:30:00+00:00,0.0,0.0,0.0,0.0,7.6,0.28,0
2023-10-14 05:30:00+00:00,0.0,0.0,0.0,-3.01,7.74,0.34,0
2023-10-14 06:30:00+00:00,0.0,12.99,1.02,7.02,7.79,0.34,0
2023-10-14 07:30:00+00:00,2.54,44.41,3.01,16.35,7.95,0.28,0
2023-10-14 08:30:00+00:00,136.65,80.95,8.07,24.5,8.64,0.34,0
2023-10-14 09:30:00+00:00,212.03,133.01,12.88,30.85,10.16,0.41,0
2023-10-14 10:30:00+00:00,305.74,198.12,18.45,34.68,10.89,0.69,0
2023-10-14 11:30:00+00:00,308.94,162.1,16.85,35.41,12.08,0.97,0
2023-10-14 12:30:00+00:00,445.71,201.32,21.37,32.92,12.18,0.97,0
2023-10-14 13:30:00+00:00,348.95,161.09,16.73,27.62,12.75,1.03,0
2023-10-14 14:30:00+00:00,259.67,113.78,11.65,20.19,11.8,1.17,0
2023-10-14 15:30:00+00:00,101.28,49.55,4.55,11.32,11.1,1.1,0
2023-10-14 16:30:00+00:00,0.0,5.68,0.44,1.55,10.16,0.83,0
2023-10-14 17:30:00+00:00,0.0,0.0,0.0,0.0,9.31,0.9,0
2023-10-14 18:30:00+00:00,0.0,0.0,0.0,0.0,8.55,1.03,0
2023-10-14 19:30:00+00:00,0.0,0.0,0.0,0.0,7.55,1.03,0
2023-10-14 20:30:00+00:00,0.0,0.0,0.0,0.0,7.02,0.9,0
2023-10-14 21:30:00+00:00,0.0,0.0,0.0,0.0,6.67,0.9,0
2023-10-14 22:30:00+00:00,0.0,0.0,0.0,0.0,6.45,0.83,0
2023-10-14 23:30:00+00:00,0.0,0.0,0.0,0.0,5.97,0.9,0
2023-10-15 00:30:00+00:00,0.0,0.0,0.0,0.0,5.58,1.03,0
2023-10-15 01:30:00+00:00,0.0,0.0,0.0,0.0,4.87,0.97,0
2023-10-15 02:30:00+00:00,0.0,0.0,0.0,0.0,4.7,1.03,0
2023-10-15 03:30:00+00:00,0.0,0.0,0.0,0.0,4.13,1.1,0
2023-10-15 04:30:00+00:00,0.0,0.0,0.0,0.0,3.56,1.17,0
2023-10-15 05:30:00+00:00,0.0,0.0,0.0,-3.24,3.25,1.24,0
2023-10-15 06:30:00+00:00,0.0,17.26,1.35,6.77,2.49,1.17,0
2023-10-15 07:30:00+00:00,115.14,70.79,6.36,16.08,2.89,1.38,0
2023-10-15 08:30:00+00:00,253.73,118.85,12.28,24.21,2.93,1.59,0
2023-10-15 09:30:00+00:00,482.41,165.05,20.21,30.52,3.71,1.59,0
2023-10-15 10:30:00+00:00,421.04,217.24,21.61,34.32,4.79,1.66,0
2023-10-15 11:30:00+00:00,401.62,245.51,22.55,35.04,5.43,1.66,0
2023-10-15 12:30:00+00:00,417.3,240.16,22.24,32.55,6.02,1.66,0
2023-10-15 13:30:00+00:00,451.02,202.71,20.41,27.26,6.34,1.59,0
2023-10-15 14:30:00+00:00,305.1,139.17,13.41,19.85,6.35,1.52,0
2023-10-15 15:30:00+00:00,120.78,81.21,6.16,11.0,5.83,1.38,0
2023-10-15 16:30:00+00:00,0.0,8.71,0.68,1.25,4.89,1.17,0
2023-10-15 17:30:00+00:00,0.0,0.0,0.0,0.0,4.04,0.97,0
2023-10-15 18:30:00+00:00,0.0,0.0,0.0,0.0,2.88,0.9,0
2023-10-15 19:30:00+00:00,0.0,0.0,0.0,0.0,2.14,0.9,0
2023-10-15 20:30:00+00:00,0.0,0.0,0.0,0.0,2.43,0.69,0
2023-10-15 21:30:00+00:00,0.0,0.0,0.0,0.0,2.14,0.41,0
2023-10-15 22:30:00+00:00,0.0,0.0,0.0,0.0,1.74,0.21,0
2023-10-15 23:30:00+00:00,0.0,0.0,0.0,0.0,1.34,0.21,0
2023-10-16 00:30:00+00:00,0.0,0.0,0.0,0.0,0.99,0.41,0
2023-10-16 01:30:00+00:00,0.0,0.0,0.0,0.0,0.44,0.48,0
2023-10-16 02:30:00+00:00,0.0,0.0,0.0,0.0,0.49,0.48,0
2023-10-16 03:30:00+00:00,0.0,0.0,0.0,0.0,0.52,0.55,0
2023-10-16 04:30:00+00:00,0.0,0.0,0.0,0.0,0.41,0.55,0
2023-10-16 05:30:00+00:00,0.0,0.0,0.0,-3.47,0.32,0.62,0
2023-10-16 06:30:00+00:00,0.0,21.54,1.69,6.52,0.32,0.62,0
2023-10-16 07:30:00+00:00,138.01,81.8,7.2,15.81,0.93,0.55,0
2023-10-16 08:30:00+00:00,197.62,131.27,11.69,23.91,2.77,0.76,0
2023-10-16 09:30:00+00:00,257.12,161.38,15.03,30.19,3.96,0.97,0
2023-10-16 10:30:00+00:00,358.79,194.55,19.12,33.96,4.95,1.03,0
2023-10-16 11:30:00+00:00,542.33,166.0,22.16,34.66,5.96,0.97,0
2023-10-16 12:30:00+00:00,542.11,167.59,21.84,32.18,6.84,0.9,0
2023-10-16 13:30:00+00:00,542.68,137.43,19.78,26.91,7.27,0.76,0
2023-10-16 14:30:00+00:00,324.44,123.32,12.97,19.52,7.61,0.55,0
2023-10-16 15:30:00+00:00,187.8,71.5,6.5,10.68,7.41,0.48,0
2023-10-16 16:30:00+00:00,0.0,6.96,0.54,0.94,6.51,0.41,0
2023-10-16 17:30:00+00:00,0.0,0.0,0.0,0.0,5.24,0.34,0
2023-10-16 18:30:00+00:00,0.0,0.0,0.0,0.0,4.28,0.34,0
2023-10-16 19:30:00+00:00,0.0,0.0,0.0,0.0,3.53,0.21,0
2023-10-16 20:30:00+00:00,0.0,0.0,0.0,0.0,2.74,0.14,0
2023-10-16 21:30:00+00:00,0.0,0.0,0.0,0.0,1.42,0.07,0
2023-10-16 22:30:00+00:00,0.0,0.0,0.0,0.0,1.03,0.07,0
2023-10-16 23:30:00+00:00,0.0,0.0,0.0,0.0,0.67,0.07,0
2023-10-17 00:30:00+00:00,0.0,0.0,0.0,0.0,0.0,0.07,0
2023-10-17 01:30:00+00:00,0.0,0.0,0.0,0.0,-0.52,0.07,0
2023-10-17 02:30:00+00:00,0.0,0.0,0.0,0.0,-1.26,0.07,0
2023-10-17 03:30:00+00:00,0.0,0.0,0.0,0.0,-2.05,0.07,0
2023-10-17 04:30:00+00:00,0.0,0.0,0.0,0.0,-2.44,0.14,0
2023-10-17 05:30:00+00:00,0.0,0.0,0.0,-3.71,-2.42,0.07,0
2023-10-17 06:30:00+00:00,0.0,18.73,1.47,6.28,-2.14,0.07,0
2023-10-17 07:30:00+00:00,267.21,96.89,9.88,15.54,0.28,0.0,0
2023-10-17 08:30:00+00:00,519.16,144.09,18.61,23.61,3.2,0.21,0
2023-10-17 09:30:00+00:00,627.36,183.78,23.86,29.86,5.8,0.48,0
2023-10-17 10:30:00+00:00,729.3,201.69,27.69,33.6,7.37,0.62,0
2023-10-17 11:30:00+00:00,765.31,195.7,28.49,34.29,8.62,0.62,0
2023-10-17 12:30:00+00:00,653.8,195.11,25.29,31.81,9.47,0.55,0
2023-10-17 13:30:00+00:00,482.72,163.84,19.18,26.56,10.02,0.21,0
2023-10-17 14:30:00+00:00,308.36,135.03,12.95,19.19,10.21,0.0,0
2023-10-17 15:30:00+00:00,101.14,79.44,5.66,10.37,9.62,0.21,0
2023-10-17 16:30:00+00:00,0.0,7.37,0.58,0.64,8.55,0.41,0
2023-10-17 17:30:00+00:00,0.0,0.0,0.0,0.0,7.3,0.34,0
2023-10-17 18:30:00+00:00,0.0,0.0,0.0,0.0,6.26,0.34,0
2023-10-17 19:30:00+00:00,0.0,0.0,0.0,0.0,5.33,0.41,0
2023-10-17 20:30:00+00:00,0.0,0.0,0.0,0.0,4.74,0.41,0
2023-10-17 21:30:00+00:00,0.0,0.0,0.0,0.0,4.28,0.41,0
2023-10-17 22:30:00+00:00,0.0,0.0,0.0,0.0,3.89,0.41,0
2023-10-17 23:30:00+00:00,0.0,0.0,0.0,0.0,3.64,0.41,0
2023-10-18 00:30:00+00:00,0.0,0.0,0.0,0.0,3.29,0.48,0
2023-10-18 01:30:00+00:00,0.0,0.0,0.0,0.0,1.89,0.48,0
2023-10-18 02:30:00+00:00,0.0,0.0,0.0,0.0,1.85,0.48,0
2023-10-18 03:30:00+00:00,0.0,0.0,0.0,0.0,1.58,0.48,0
2023-10-18 04:30:00+00:00,0.0,0.0,0.0,0.0,1.39,0.55,0
2023-10-18 05:30:00+00:00,0.0,0.0,0.0,-3.94,1.36,0.55,0
2023-10-18 06:30:00+00:00,0.0,14.01,1.1,6.03,1.23,0.55,0
2023-10-18 07:30:00+00:00,82.26,75.68,5.94,15.28,1.95,0.9,0
2023-10-18 08:30:00+00:00,279.76,112.91,12.18,23.31,3.08,1.1,0
2023-10-18 09:30:00+00:00,215.87,156.69,13.81,29.53,4.41,1.17,0
2023-10-18 10:30:00+00:00,268.27,169.92,15.87,33.25,5.57,1.31,0
2023-10-18 11:30:00+00:00,171.2,175.93,14.4,33.93,6.42,1.38,0
2023-10-18 12:30:00+00:00,101.63,144.08,11.23,31.45,6.72,1.31,0
2023-10-18 13:30:00+00:00,92.44,126.71,9.78,26.21,6.7,1.24,0
2023-10-18 14:30:00+00:00,2.05,74.91,5.03,18.86,6.57,1.24,0
2023-10-18 15:30:00+00:00,15.61,35.01,2.48,10.06,5.89,1.03,0
2023-10-18 16:30:00+00:00,0.0,3.93,0.31,0.34,5.3,1.03,0
2023-10-18 17:30:00+00:00,0.0,0.0,0.0,0.0,4.49,0.97,0
2023-10-18 18:30:00+00:00,0.0,0.0,0.0,0.0,4.01,0.83,0
2023-10-18 19:30:00+00:00,0.0,0.0,0.0,0.0,3.84,0.97,0
2023-10-18 20:30:00+00:00,0.0,0.0,0.0,0.0,3.39,0.97,0
2023-10-18 21:30:00+00:00,0.0,0.0,0.0,0.0,3.08,0.76,0
2023-10-18 22:30:00+00:00,0.0,0.0,0.0,0.0,2.9,0.69,0
2023-10-18 23:30:00+00:00,0.0,0.0,0.0,0.0,2.71,0.62,0
2023-10-19 00:30:00+00:00,0.0,0.0,0.0,0.0,2.66,0.55,0
2023-10-19 01:30:00+00:00,0.0,0.0,0.0,0.0,2.64,0.48,0
2023-10-19 02:30:00+00:00,0.0,0.0,0.0,0.0,2.75,0.48,0
2023-10-19 03:30:00+00:00,0.0,0.0,0.0,0.0,2.89,0.62,0
2023-10-19 04:30:00+00:00,0.0,0.0,0.0,0.0,3.15,0.83,0
2023-10-19 05:30:00+00:00,0.0,0.0,0.0,-4.18,3.32,0.9,0
2023-10-19 06:30:00+00:00,0.0,10.47,0.82,5.78,3.47,0.9,0
2023-10-19 07:30:00+00:00,87.73,61.72,5.21,15.01,3.22,0.83,0
2023-10-19 08:30:00+00:00,138.61,116.35,9.67,23.02,4.0,1.24,0
2023-10-19 09:30:00+00:00,215.21,135.06,12.62,29.2,5.0,1.45,0
2023-10-19 10:30:00+00:00,151.89,133.97,11.62,32.9,5.91,1.45,0
2023-10-19 11:30:00+00:00,222.5,164.32,14.66,33.56,6.38,1.38,0
2023-10-19 12:30:00+00:00,318.03,134.48,14.9,31.09,6.84,1.45,0
2023-10-19 13:30:00+00:00,190.94,135.65,11.85,25.86,7.1,1.45,0
2023-10-19 14:30:00+00:00,20.68,66.87,4.75,18.53,7.13,1.45,0
2023-10-19 15:30:00+00:00,0.67,26.11,1.75,9.75,6.37,1.31,0
2023-10-19 16:30:00+00:00,0.0,2.87,0.22,0.04,5.53,1.24,0
2023-10-19 17:30:00+00:00,0.0,0.0,0.0,0.0,4.89,1.03,0
2023-10-19 18:30:00+00:00,0.0,0.0,0.0,0.0,4.59,1.03,0
2023-10-19 19:30:00+00:00,0.0,0.0,0.0,0.0,3.8,0.9,0
2023-10-19 20:30:00+00:00,0.0,0.0,0.0,0.0,3.73,1.24,0
2023-10-19 21:30:00+00:00,0.0,0.0,0.0,0.0,3.9,1.45,0
2023-10-19 22:30:00+00:00,0.0,0.0,0.0,0.0,4.03,1.79,0
2023-10-19 23:30:00+00:00,0.0,0.0,0.0,0.0,4.12,1.79,0
2023-10-20 00:30:00+00:00,0.0,0.0,0.0,0.0,4.17,1.72,0
2023-10-20 01:30:00+00:00,0.0,0.0,0.0,0.0,4.74,0.97,0
2023-10-20 02:30:00+00:00,0.0,0.0,0.0,0.0,4.84,1.17,0
2023-10-20 03:30:00+00:00,0.0,0.0,0.0,0.0,4.95,1.17,0
2023-10-20 04:30:00+00:00,0.0,0.0,0.0,0.0,5.05,1.66,0
2023-10-20 05:30:00+00:00,0.0,0.0,0.0,0.0,5.18,1.52,0
2023-10-20 06:30:00+00:00,0.0,7.79,0.61,5.53,5.19,1.59,0
2023-10-20 07:30:00+00:00,1.03,18.63,1.26,14.74,5.6,1.03,0
2023-10-20 08:30:00+00:00,0.4,33.76,2.26,22.72,6.04,1.66,0
2023-10-20 09:30:00+00:00,0.0,27.37,1.83,28.88,6.29,1.52,0
2023-10-20 10:30:00+00:00,0.0,32.57,2.17,32.55,6.61,1.45,0
2023-10-20 11:30:00+00:00,0.0,32.5,2.17,33.2,6.85,1.24,0
2023-10-20 12:30:00+00:00,10.25,47.08,3.38,30.73,6.82,0.97,0
2023-10-20 13:30:00+00:00,28.45,62.64,4.72,25.52,7.21,0.97,0
2023-10-20 14:30:00+00:00,95.54,87.12,6.96,18.21,7.58,0.97,0
2023-10-20 15:30:00+00:00,47.98,36.68,2.84,9.44,7.11,0.97,0
2023-10-20 16:30:00+00:00,0.0,0.0,0.0,-0.25,6.42,0.9,0
2023-10-20 17:30:00+00:00,0.0,0.0,0.0,0.0,5.56,0.69,0
2023-10-20 18:30:00+00:00,0.0,0.0,0.0,0.0,5.38,0.9,0
2023-10-20 19:30:00+00:00,0.0,0.0,0.0,0.0,4.74,0.62,0
2023-10-20 20:30:00+00:00,0.0,0.0,0.0,0.0,4.71,0.62,0
2023-10-20 21:30:00+00:00,0.0,0.0,0.0,0.0,4.35,0.48,0
2023-10-20 22:30:00+00:00,0.0,0.0,0.0,0.0,3.86,0.21,0
2023-10-20 23:30:00+00:00,0.0,0.0,0.0,0.0,3.85,0.14,0
2023-10-21 00:30:00+00:00,0.0,0.0,0.0,0.0,3.6,0.07,0
2023-10-21 01:30:00+00:00,0.0,0.0,0.0,0.0,3.46,0.14,0
2023-10-21 02:30:00+00:00,0.0,0.0,0.0,0.0,3.3,0.07,0
2023-10-21 03:30:00+00:00,0.0,0.0,0.0,0.0,2.84,0.14,0
2023-10-21 04:30:00+00:00,0.0,0.0,0.0,0.0,2.04,0.14,0
2023-10-21 05:30:00+00:00,0.0,0.0,0.0,0.0,1.49,0.14,0
2023-10-21 06:30:00+00:00,0.0,11.39,0.89,5.28,0.92,0.21,0
2023-10-21 07:30:00+00:00,127.21,68.27,5.98,14.47,2.47,0.14,0
2023-10-21 08:30:00+00:00,96.38,92.21,7.56,22.42,4.01,0.14,0
2023-10-21 09:30:00+00:00,74.9,107.75,8.42,28.55,5.25,0.14,0
2023-10-21 10:30:00+00:00,28.58,115.38,8.18,32.2,5.96,0.28,0
2023-10-21 11:30:00+00:00,198.05,109.61,11.16,32.84,6.34,0.34,0
2023-10-21 12:30:00+00:00,344.79,141.85,15.55,30.37,6.91,0.28,0
2023-10-21 13:30:00+00:00,225.93,79.61,9.59,25.18,7.53,0.14,0
2023-10-21 14:30:00+00:00,87.6,69.71,5.84,17.89,6.88,0.21,0
2023-10-21 15:30:00+00:00,4.87,24.76,1.7,9.14,6.42,0.14,0
2023-10-21 16:30:00+00:00,0.0,0.0,0.0,-0.53,5.45,0.28,0
2023-10-21 17:30:00+00:00,0.0,0.0,0.0,0.0,4.09,0.48,0
2023-10-21 18:30:00+00:00,0.0,0.0,0.0,0.0,3.6,0.55,0
2023-10-21 19:30:00+00:00,0.0,0.0,0.0,0.0,2.38,0.41,0
2023-10-21 20:30:00+00:00,0.0,0.0,0.0,0.0,2.26,0.48,0
2023-10-21 21:30:00+00:00,0.0,0.0,0.0,0.0,2.25,0.48,0
2023-10-21 22:30:00+00:00,0.0,0.0,0.0,0.0,1.78,0.55,0
2023-10-21 23:30:00+00:00,0.0,0.0,0.0,0.0,1.22,0.48,0
2023-10-22 00:30:00+00:00,0.0,0.0,0.0,0.0,1.02,0.41,0
2023-10-22 01:30:00+00:00,0.0,0.0,0.0,0.0,0.63,0.41,0
2023-10-22 02:30:00+00:00,0.0,0.0,0.0,0.0,-0.19,0.41,0
2023-10-22 03:30:00+00:00,0.0,0.0,0.0,0.0,-1.11,0.34,0
2023-10-22 04:30:00+00:00,0.0,0.0,0.0,0.0,-2.0,0.34,0
2023-10-22 05:30:00+00:00,0.0,0.0,0.0,0.0,-2.87,0.41,0
2023-10-22 06:30:00+00:00,0.0,16.24,1.27,5.03,-3.4,0.41,0
2023-10-22 07:30:00+00:00,231.55,104.07,8.86,14.2,-2.48,0.28,0
2023-10-22 08:30:00+00:00,415.94,144.67,15.49,22.13,0.77,0.28,0
2023-10-22 09:30:00+00:00,598.75,167.67,21.53,28.23,4.06,0.14,0
2023-10-22 10:30:00+00:00,771.33,124.41,24.85,31.85,5.82,0.41,0
2023-10-22 11:30:00+00:00,758.7,125.37,24.69,32.48,6.95,0.55,0
2023-10-22 12:30:00+00:00,646.91,112.92,21.08,30.02,7.65,0.55,0
2023-10-22 13:30:00+00:00,567.77,124.51,18.57,24.85,7.93,0.55,0
2023-10-22 14:30:00+00:00,263.07,100.16,9.99,17.58,7.99,0.69,0
2023-10-22 15:30:00+00:00,52.92,51.04,3.55,8.85,7.53,0.62,0
2023-10-22 16:30:00+00:00,0.0,0.0,0.0,-0.82,6.72,0.48,0
2023-10-22 17:30:00+00:00,0.0,0.0,0.0,0.0,5.85,0.48,0
2023-10-22 18:30:00+00:00,0.0,0.0,0.0,0.0,5.36,0.48,0
2023-10-22 19:30:00+00:00,0.0,0.0,0.0,0.0,4.44,0.41,0
2023-10-22 20:30:00+00:00,0.0,0.0,0.0,0.0,4.02,0.41,0
2023-10-22 21:30:00+00:00,0.0,0.0,0.0,0.0,3.32,0.41,0
2023-10-22 22:30:00+00:00,0.0,0.0,0.0,0.0,2.82,0.41,0
2023-10-22 23:30:00+00:00,0.0,0.0,0.0,0.0,2.77,0.41,0
2023-10-23 00:30:00+00:00,0.0,0.0,0.0,0.0,2.82,0.48,0
2023-10-23 01:30:00+00:00,0.0,0.0,0.0,0.0,1.81,0.48,0
2023-10-23 02:30:00+00:00,0.0,0.0,0.0,0.0,1.78,0.55,0
2023-10-23 03:30:00+00:00,0.0,0.0,0.0,0.0,1.59,0.62,0
2023-10-23 04:30:00+00:00,0.0,0.0,0.0,0.0,1.34,0.76,0
2023-10-23 05:30:00+00:00,0.0,0.0,0.0,0.0,1.27,1.03,0
2023-10-23 06:30:00+00:00,0.0,12.89,1.01,4.79,1.67,1.1,0
2023-10-23 07:30:00+00:00,59.77,64.99,4.85,13.93,2.18,1.17,0
2023-10-23 08:30:00+00:00,35.97,86.01,6.21,21.83,3.36,1.45,0
2023-10-23 09:30:00+00:00,36.7,139.78,9.76,27.91,3.97,1.59,0
2023-10-23 10:30:00+00:00,182.8,174.45,14.11,31.5,4.79,1.59,0
2023-10-23 11:30:00+00:00,114.19,152.16,11.81,32.13,5.45,1.59,0
2023-10-23 12:30:00+00:00,160.26,130.45,11.22,29.68,5.64,1.59,0
2023-10-23 13:30:00+00:00,139.49,105.61,9.1,24.52,5.81,1.59,0
2023-10-23 14:30:00+00:00,83.02,77.09,6.08,17.27,5.86,1.52,0
2023-10-23 15:30:00+00:00,34.06,30.79,2.28,8.56,5.45,1.45,0
2023-10-23 16:30:00+00:00,0.0,0.0,0.0,-1.1,4.86,1.31,0
2023-10-23 17:30:00+00:00,0.0,0.0,0.0,0.0,4.32,1.03,0
2023-10-23 18:30:00+00:00,0.0,0.0,0.0,0.0,3.95,1.03,0
2023-10-23 19:30:00+00:00,0.0,0.0,0.0,0.0,3.46,0.97,0
2023-10-23 20:30:00+00:00,0.0,0.0,0.0,0.0,3.46,0.97,0
2023-10-23 21:30:00+00:00,0.0,0.0,0.0,0.0,3.19,0.9,0
2023-10-23 22:30:00+00:00,0.0,0.0,0.0,0.0,2.96,0.83,0
2023-10-23 23:30:00+00:00,0.0,0.0,0.0,0.0,2.83,0.83,0
2023-10-24 00:30:00+00:00,0.0,0.0,0.0,0.0,2.82,0.83,0
2023-10-24 01:30:00+00:00,0.0,0.0,0.0,0.0,3.08,0.83,0
2023-10-24 02:30:00+00:00,0.0,0.0,0.0,0.0,3.12,0.83,0
2023-10-24 03:30:00+00:00,0.0,0.0,0.0,0.0,3.21,0.83,0
2023-10-24 04:30:00+00:00,0.0,0.0,0.0,0.0,3.28,0.69,0
2023-10-24 05:30:00+00:00,0.0,0.0,0.0,0.0,3.31,0.69,0
2023-10-24 06:30:00+00:00,0.0,2.71,0.21,4.54,3.24,0.62,0
2023-10-24 07:30:00+00:00,0.12,14.95,1.0,13.66,3.12,0.83,0
2023-10-24 08:30:00+00:00,0.0,26.73,1.79,21.54,3.41,0.69,0
2023-10-24 09:30:00+00:00,0.1,57.03,3.81,27.58,3.6,0.69,0
2023-10-24 10:30:00+00:00,5.23,91.74,6.22,31.16,4.12,0.55,0
2023-10-24 11:30:00+00:00,2.84,78.38,5.29,31.78,4.88,0.21,0
2023-10-24 12:30:00+00:00,39.92,77.03,5.88,29.33,5.04,0.41,0
2023-10-24 13:30:00+00:00,27.3,51.33,3.93,24.19,4.89,0.69,0
2023-10-24 14:30:00+00:00,10.61,37.85,2.69,16.96,4.54,0.69,0
2023-10-24 15:30:00+00:00,14.94,19.53,1.43,8.27,4.26,0.76,0
2023-10-24 16:30:00+00:00,0.0,0.0,0.0,-1.37,3.96,0.9,0
2023-10-24 17:30:00+00:00,0.0,0.0,0.0,0.0,3.52,0.83,0
2023-10-24 18:30:00+00:00,0.0,0.0,0.0,0.0,3.36,0.9,0
2023-10-24 19:30:00+00:00,0.0,0.0,0.0,0.0,1.77,0.55,0
2023-10-24 20:30:00+00:00,0.0,0.0,0.0,0.0,1.32,0.48,0
2023-10-24 21:30:00+00:00,0.0,0.0,0.0,0.0,0.98,0.62,0
2023-10-24 22:30:00+00:00,0.0,0.0,0.0,0.0,0.79,0.62,0
2023-10-24 23:30:00+00:00,0.0,0.0,0.0,0.0,0.69,0.55,0
2023-10-25 00:30:00+00:00,0.0,0.0,0.0,0.0,0.71,0.48,0
2023-10-25 01:30:00+00:00,0.0,0.0,0.0,0.0,0.76,0.48,0
2023-10-25 02:30:00+00:00,0.0,0.0,0.0,0.0,-0.2,0.55,0
2023-10-25 03:30:00+00:00,0.0,0.0,0.0,0.0,-1.35,0.48,0
2023-10-25 04:30:00+00:00,0.0,0.0,0.0,0.0,-2.22,0.41,0
2023-10-25 05:30:00+00:00,0.0,0.0,0.0,0.0,-2.59,0.28,0
2023-10-25 06:30:00+00:00,0.0,15.29,1.2,4.29,-3.17,0.21,0
2023-10-25 07:30:00+00:00,176.76,101.64,7.7,13.39,-3.2,0.21,0
2023-10-25 08:30:00+00:00,149.65,145.29,10.88,21.24,0.26,0.21,0
2023-10-25 09:30:00+00:00,314.45,196.8,16.64,27.26,3.21,0.14,0
2023-10-25 10:30:00+00:00,606.13,178.9,22.25,30.82,5.48,0.41,0
2023-10-25 11:30:00+00:00,624.07,180.92,22.84,31.43,6.91,0.62,0
2023-10-25 12:30:00+00:00,524.21,170.88,19.84,28.99,7.65,0.69,0
2023-10-25 13:30:00+00:00,171.5,103.89,9.42,23.86,7.87,0.76,0
2023-10-25 14:30:00+00:00,153.29,100.32,8.02,16.66,6.88,0.69,0
2023-10-25 15:30:00+00:00,60.12,25.15,2.14,7.98,6.1,0.41,0
2023-10-25 16:30:00+00:00,0.0,0.0,0.0,-1.64,4.97,0.14,0
2023-10-25 17:30:00+00:00,0.0,0.0,0.0,0.0,4.18,0.14,0
2023-10-25 18:30:00+00:00,0.0,0.0,0.0,0.0,3.68,0.28,0
2023-10-25 19:30:00+00:00,0.0,0.0,0.0,0.0,3.25,0.28,0
2023-10-25 20:30:00+00:00,0.0,0.0,0.0,0.0,3.17,0.55,0
2023-10-25 21:30:00+00:00,0.0,0.0,0.0,0.0,3.13,0.9,0
2023-10-25 22:30:00+00:00,0.0,0.0,0.0,0.0,3.1,1.03,0
2023-10-25 23:30:00+00:00,0.0,0.0,0.0,0.0,3.07,0.97,0
2023-10-26 00:30:00+00:00,0.0,0.0,0.0,0.0,2.78,0.55,0
2023-10-26 01:30:00+00:00,0.0,0.0,0.0,0.0,2.4,0.48,0
2023-10-26 02:30:00+00:00,0.0,0.0,0.0,0.0,2.32,0.41,0
2023-10-26 03:30:00+00:00,0.0,0.0,0.0,0.0,2.3,0.48,0
2023-10-26 04:30:00+00:00,0.0,0.0,0.0,0.0,2.22,0.55,0
2023-10-26 05:30:00+00:00,0.0,0.0,0.0,0.0,2.34,0.48,0
2023-10-26 06:30:00+00:00,0.0,15.03,1.18,4.04,2.26,0.55,0
2023-10-26 07:30:00+00:00,41.26,94.7,6.31,13.12,2.06,0.48,0
2023-10-26 08:30:00+00:00,44.54,145.77,9.91,20.95,3.61,0.55,0
2023-10-26 09:30:00+00:00,34.76,177.74,12.09,26.95,4.99,0.55,0
2023-10-26 10:30:00+00:00,155.68,193.29,14.51,30.48,6.14,0.55,0
2023-10-26 11:30:00+00:00,188.82,206.9,15.75,31.08,7.05,0.41,0
2023-10-26 12:30:00+00:00,176.47,195.17,14.69,28.65,7.18,0.41,0
2023-10-26 13:30:00+00:00,110.72,134.65,10.08,23.55,7.29,0.41,0
2023-10-26 14:30:00+00:00,31.34,67.68,4.82,16.36,7.52,0.62,0
2023-10-26 15:30:00+00:00,0.51,13.56,0.91,7.7,6.88,0.48,0
2023-10-26 16:30:00+00:00,0.0,0.0,0.0,-1.91,5.89,0.48,0
2023-10-26 17:30:00+00:00,0.0,0.0,0.0,0.0,5.17,0.55,0
2023-10-26 18:30:00+00:00,0.0,0.0,0.0,0.0,4.72,0.62,0
2023-10-26 19:30:00+00:00,0.0,0.0,0.0,0.0,3.66,0.9,0
2023-10-26 20:30:00+00:00,0.0,0.0,0.0,0.0,3.36,0.76,0
2023-10-26 21:30:00+00:00,0.0,0.0,0.0,0.0,3.25,0.41,0
2023-10-26 22:30:00+00:00,0.0,0.0,0.0,0.0,2.98,0.28,0
2023-10-26 23:30:00+00:00,0.0,0.0,0.0,0.0,2.82,0.21,0
2023-10-27 00:30:00+00:00,0.0,0.0,0.0,0.0,2.54,0.69,0
2023-10-27 01:30:00+00:00,0.0,0.0,0.0,0.0,2.75,0.97,0
2023-10-27 02:30:00+00:00,0.0,0.0,0.0,0.0,2.74,1.03,0
2023-10-27 03:30:00+00:00,0.0,0.0,0.0,0.0,2.61,1.03,0
2023-10-27 04:30:00+00:00,0.0,0.0,0.0,0.0,2.48,1.1,0
2023-10-27 05:30:00+00:00,0.0,0.0,0.0,0.0,1.59,1.17,0
2023-10-27 06:30:00+00:00,0.0,13.75,1.08,3.79,1.54,1.1,0
2023-10-27 07:30:00+00:00,160.18,93.96,7.0,12.85,0.7,1.38,0
2023-10-27 08:30:00+00:00,333.87,177.01,14.49,20.66,0.73,1.45,0
2023-10-27 09:30:00+00:00,598.1,202.87,21.66,26.63,2.08,1.38,0
2023-10-27 10:30:00+00:00,585.87,244.04,23.8,30.15,2.57,1.38,0
2023-10-27 11:30:00+00:00,794.98,174.16,25.96,30.74,2.82,1.31,0
2023-10-27 12:30:00+00:00,782.39,161.98,24.66,28.32,3.08,1.17,0
2023-10-27 13:30:00+00:00,626.1,139.39,19.17,23.23,3.54,1.1,0
2023-10-27 14:30:00+00:00,460.48,113.4,12.91,16.06,3.91,1.03,0
2023-10-27 15:30:00+00:00,206.65,63.02,4.71,7.43,5.29,0.76,0
2023-10-27 16:30:00+00:00,0.0,0.0,0.0,-2.17,4.65,0.48,0
2023-10-27 17:30:00+00:00,0.0,0.0,0.0,0.0,3.4,0.34,0
2023-10-27 18:30:00+00:00,0.0,0.0,0.0,0.0,2.03,0.34,0
2023-10-27 19:30:00+00:00,0.0,0.0,0.0,0.0,1.41,0.34,0
2023-10-27 20:30:00+00:00,0.0,0.0,0.0,0.0,0.15,0.55,0
2023-10-27 21:30:00+00:00,0.0,0.0,0.0,0.0,-0.45,0.69,0
2023-10-27 22:30:00+00:00,0.0,0.0,0.0,0.0,-0.59,0.76,0
2023-10-27 23:30:00+00:00,0.0,0.0,0.0,0.0,-1.38,0.69,0
2023-10-28 00:30:00+00:00,0.0,0.0,0.0,0.0,-1.98,0.69,0
2023-10-28 01:30:00+00:00,0.0,0.0,0.0,0.0,-2.21,0.55,0
2023-10-28 02:30:00+00:00,0.0,0.0,0.0,0.0,-3.32,0.48,0
2023-10-28 03:30:00+00:00,0.0,0.0,0.0,0.0,-3.96,0.48,0
2023-10-28 04:30:00+00:00,0.0,0.0,0.0,0.0,-3.86,0.48,0
2023-10-28 05:30:00+00:00,0.0,0.0,0.0,0.0,-5.2,0.48,0
2023-10-28 06:30:00+00:00,0.0,13.91,1.09,3.54,-6.07,0.48,0
2023-10-28 07:30:00+00:00,197.63,108.62,7.84,12.59,-4.96,0.41,0
2023-10-28 08:30:00+00:00,415.95,175.22,15.5,20.37,-3.25,0.34,0
2023-10-28 09:30:00+00:00,458.51,228.26,19.82,26.32,-0.25,0.28,0
2023-10-28 10:30:00+00:00,345.78,243.96,19.48,29.82,2.76,0.28,0
2023-10-28 11:30:00+00:00,424.99,255.37,21.32,30.4,3.68,0.48,0
2023-10-28 12:30:00+00:00,510.08,179.4,19.33,27.99,4.59,0.55,0
2023-10-28 13:30:00+00:00,538.28,158.72,17.84,22.92,4.93,0.62,0
2023-10-28 14:30:00+00:00,408.02,103.27,11.52,15.77,5.23,0.76,0
2023-10-28 15:30:00+00:00,199.6,53.64,4.23,7.16,5.02,0.55,0
2023-10-28 16:30:00+00:00,0.0,0.0,0.0,-2.42,4.2,0.55,0
2023-10-28 17:30:00+00:00,0.0,0.0,0.0,0.0,3.01,0.48,0
2023-10-28 18:30:00+00:00,0.0,0.0,0.0,0.0,1.86,0.41,0
2023-10-28 19:30:00+00:00,0.0,0.0,0.0,0.0,1.64,0.34,0
2023-10-28 20:30:00+00:00,0.0,0.0,0.0,0.0,0.87,0.34,0
2023-10-28 21:30:00+00:00,0.0,0.0,0.0,0.0,0.32,0.34,0
2023-10-28 22:30:00+00:00,0.0,0.0,0.0,0.0,-0.79,0.41,0
2023-10-28 23:30:00+00:00,0.0,0.0,0.0,0.0,-1.01,0.48,0
2023-10-29 00:30:00+00:00,0.0,0.0,0.0,0.0,-1.12,0.55,0
2023-10-29 01:30:00+00:00,0.0,0.0,0.0,0.0,-2.78,0.48,0
2023-10-29 02:30:00+00:00,0.0,0.0,0.0,0.0,-2.71,0.48,0
2023-10-29 03:30:00+00:00,0.0,0.0,0.0,0.0,-2.72,0.48,0
2023-10-29 04:30:00+00:00,0.0,0.0,0.0,0.0,-2.64,0.55,0
2023-10-29 05:30:00+00:00,0.0,0.0,0.0,0.0,-2.56,0.48,0
2023-10-29 06:30:00+00:00,0.0,9.0,0.71,3.3,-1.88,0.55,0
2023-10-29 07:30:00+00:00,84.97,68.21,4.97,12.32,-0.81,0.83,0
2023-10-29 08:30:00+00:00,137.3,116.9,9.0,20.08,0.27,0.9,0
2023-10-29 09:30:00+00:00,270.89,165.33,14.07,26.0,1.54,1.38,0
2023-10-29 10:30:00+00:00,206.91,164.36,13.52,29.49,2.87,1.45,0
2023-10-29 11:30:00+00:00,199.27,186.79,14.61,30.07,3.14,1.52,0
2023-10-29 12:30:00+00:00,83.56,163.8,11.68,27.67,3.66,1.45,0
2023-10-29 13:30:00+00:00,72.01,126.76,9.06,22.61,3.76,1.38,0
2023-10-29 14:30:00+00:00,82.19,88.03,6.37,15.49,3.75,1.38,0
2023-10-29 15:30:00+00:00,28.17,30.43,2.06,6.89,3.96,1.31,0
2023-10-29 16:30:00+00:00,0.0,0.0,0.0,-2.68,3.44,1.03,0
2023-10-29 17:30:00+00:00,0.0,0.0,0.0,0.0,3.03,0.83,0
2023-10-29 18:30:00+00:00,0.0,0.0,0.0,0.0,2.75,0.76,0
2023-10-29 19:30:00+00:00,0.0,0.0,0.0,0.0,1.85,0.83,0
2023-10-29 20:30:00+00:00,0.0,0.0,0.0,0.0,1.62,0.76,0
2023-10-29 21:30:00+00:00,0.0,0.0,0.0,0.0,1.72,0.76,0
2023-10-29 22:30:00+00:00,0.0,0.0,0.0,0.0,1.96,0.76,0
2023-10-29 23:30:00+00:00,0.0,0.0,0.0,0.0,2.07,0.83,0
2023-10-30 00:30:00+00:00,0.0,0.0,0.0,0.0,2.07,0.83,0
2023-10-30 01:30:00+00:00,0.0,0.0,0.0,0.0,2.5,0.9,0
2023-10-30 02:30:00+00:00,0.0,0.0,0.0,0.0,2.45,0.97,0
2023-10-30 03:30:00+00:00,0.0,0.0,0.0,0.0,2.61,0.97,0
2023-10-30 04:30:00+00:00,0.0,0.0,0.0,0.0,2.78,0.9,0
2023-10-30 05:30:00+00:00,0.0,0.0,0.0,0.0,3.0,0.9,0
2023-10-30 06:30:00+00:00,0.0,9.25,0.72,3.05,3.01,0.9,0
2023-10-30 07:30:00+00:00,93.71,66.3,4.89,12.05,2.32,1.03,0
2023-10-30 08:30:00+00:00,75.08,115.58,8.22,19.79,3.04,1.52,0
2023-10-30 09:30:00+00:00,155.86,161.23,12.17,25.69,4.29,1.59,0
2023-10-30 10:30:00+00:00,62.13,162.68,11.44,29.16,5.3,1.45,0
2023-10-30 11:30:00+00:00,35.37,129.85,9.11,29.74,5.55,1.38,0
2023-10-30 12:30:00+00:00,5.76,112.22,7.56,27.34,5.69,1.45,0
2023-10-30 13:30:00+00:00,4.28,69.42,4.69,22.31,5.71,1.38,0
2023-10-30 14:30:00+00:00,0.0,41.67,2.78,15.21,5.3,1.31,0
2023-10-30 15:30:00+00:00,0.0,9.51,0.63,6.63,5.15,1.31,0
2023-10-30 16:30:00+00:00,0.0,0.0,0.0,-2.92,4.8,1.03,0
2023-10-30 17:30:00+00:00,0.0,0.0,0.0,0.0,4.67,0.83,0
2023-10-30 18:30:00+00:00,0.0,0.0,0.0,0.0,4.47,0.62,0
2023-10-30 19:30:00+00:00,0.0,0.0,0.0,0.0,2.9,0.9,0
2023-10-30 20:30:00+00:00,0.0,0.0,0.0,0.0,2.43,1.03,0
2023-10-30 21:30:00+00:00,0.0,0.0,0.0,0.0,2.26,0.97,0
2023-10-30 22:30:00+00:00,0.0,0.0,0.0,0.0,2.24,0.9,0
2023-10-30 23:30:00+00:00,0.0,0.0,0.0,0.0,2.22,0.9,0
2023-10-31 00:30:00+00:00,0.0,0.0,0.0,0.0,1.99,0.97,0
2023-10-31 01:30:00+00:00,0.0,0.0,0.0,0.0,2.28,0.97,0
2023-10-31 02:30:00+00:00,0.0,0.0,0.0,0.0,1.26,1.1,0
2023-10-31 03:30:00+00:00,0.0,0.0,0.0,0.0,0.7,1.17,0
2023-10-31 04:30:00+00:00,0.0,0.0,0.0,0.0,0.09,1.17,0
2023-10-31 05:30:00+00:00,0.0,0.0,0.0,0.0,-0.1,1.1,0
2023-10-31 06:30:00+00:00,0.0,8.33,0.65,2.8,-0.16,1.1,0
2023-10-31 07:30:00+00:00,0.0,48.6,3.25,11.79,0.09,1.03,0
2023-10-31 08:30:00+00:00,51.32,116.48,8.05,19.5,0.04,1.1,0
2023-10-31 09:30:00+00:00,27.35,170.83,11.52,25.38,0.87,1.24,0
2023-10-31 10:30:00+00:00,261.18,243.09,17.93,28.84,1.34,1.03,0
2023-10-31 11:30:00+00:00,314.35,278.65,20.32,29.41,1.98,1.24,0
2023-10-31 12:30:00+00:00,318.67,216.89,17.14,27.03,2.45,1.31,0
2023-10-31 13:30:00+00:00,250.6,173.99,13.32,22.01,2.27,1.24,0
2023-10-31 14:30:00+00:00,122.61,88.57,6.65,14.93,1.93,1.03,0
2023-10-31 15:30:00+00:00,98.48,44.95,2.89,6.37,1.71,0.83,0
2023-10-31 16:30:00+00:00,0.0,0.0,0.0,-3.17,1.18,0.83,0
2023-10-31 17:30:00+00:00,0.0,0.0,0.0,0.0,1.51,0.76,0
2023-10-31 18:30:00+00:00,0.0,0.0,0.0,0.0,0.91,0.69,0
2023-10-31 19:30:00+00:00,0.0,0.0,0.0,0.0,0.28,0.62,0
2023-10-31 20:30:00+00:00,0.0,0.0,0.0,0.0,-0.59,0.48,0
2023-10-31 21:30:00+00:00,0.0,0.0,0.0,0.0,-1.44,0.34,0
2023-10-31 22:30:00+00:00,0.0,0.0,0.0,0.0,-2.97,0.28,0
2023-10-31 23:30:00+00:00,0.0,0.0,0.0,0.0,-4.84,0.21,0
2023-11-01 00:30:00+00:00,0.0,0.0,0.0,0.0,-6.53,0.14,0
2023-11-01 01:30:00+00:00,0.0,0.0,0.0,0.0,-7.57,0.14,0
2023-11-01 02:30:00+00:00,0.0,0.0,0.0,0.0,-8.62,0.07,0
2023-11-01 03:30:00+00:00,0.0,0.0,0.0,0.0,-8.57,0.14,0
2023-11-01 04:30:00+00:00,0.0,0.0,0.0,0.0,-8.76,0.21,0
2023-11-01 05:30:00+00:00,0.0,0.0,0.0,0.0,-7.7,0.28,0
2023-11-01 06:30:00+00:00,0.0,12.83,1.01,2.56,-6.7,0.34,0
2023-11-01 07:30:00+00:00,84.17,100.35,6.4,11.53,-5.83,0.41,0
2023-11-01 08:30:00+00:00,152.91,180.07,12.06,19.22,-3.83,0.48,0
2023-11-01 09:30:00+00:00,150.66,204.97,14.27,25.08,-0.28,0.76,0
2023-11-01 10:30:00+00:00,186.94,230.86,16.43,28.52,0.54,1.03,0
2023-11-01 11:30:00+00:00,153.17,233.9,16.35,29.09,2.1,1.1,0
2023-11-01 12:30:00+00:00,171.58,222.37,15.59,26.72,2.06,1.24,0
2023-11-01 13:30:00+00:00,85.56,145.54,10.14,21.72,1.97,1.17,0
2023-11-01 14:30:00+00:00,22.32,78.59,5.32,14.66,2.26,0.97,0
2023-11-01 15:30:00+00:00,8.45,26.05,1.72,6.12,1.6,0.69,0
2023-11-01 16:30:00+00:00,0.0,0.0,0.0,-3.4,1.12,0.48,0
2023-11-01 17:30:00+00:00,0.0,0.0,0.0,0.0,0.71,0.28,0
2023-11-01 18:30:00+00:00,0.0,0.0,0.0,0.0,0.41,0.28,0
2023-11-01 19:30:00+00:00,0.0,0.0,0.0,0.0,-0.3,0.34,0
2023-11-01 20:30:00+00:00,0.0,0.0,0.0,0.0,-1.12,0.34,0
2023-11-01 21:30:00+00:00,0.0,0.0,0.0,0.0,-1.96,0.34,0
2023-11-01 22:30:00+00:00,0.0,0.0,0.0,0.0,-3.51,0.41,0
2023-11-01 23:30:00+00:00,0.0,0.0,0.0,0.0,-4.14,0.48,0
2023-11-02 00:30:00+00:00,0.0,0.0,0.0,0.0,-4.66,0.55,0
2023-11-02 01:30:00+00:00,0.0,0.0,0.0,0.0,-4.43,0.55,0
2023-11-02 02:30:00+00:00,0.0,0.0,0.0,0.0,-4.33,0.69,0
2023-11-02 03:30:00+00:00,0.0,0.0,0.0,0.0,-3.49,0.62,0
2023-11-02 04:30:00+00:00,0.0,0.0,0.0,0.0,-2.76,0.76,0
2023-11-02 05:30:00+00:00,0.0,0.0,0.0,0.0,-2.24,0.76,0
2023-11-02 06:30:00+00:00,0.0,6.57,0.52,2.31,-2.01,0.9,0
2023-11-02 07:30:00+00:00,0.0,22.37,1.75,11.26,-1.52,1.1,0
2023-11-02 08:30:00+00:00,0.0,47.18,3.15,18.94,-0.94,1.24,0
2023-11-02 09:30:00+00:00,0.0,53.5,3.57,24.78,0.03,1.24,0
2023-11-02 10:30:00+00:00,0.0,83.64,5.58,28.2,0.57,1.24,0
2023-11-02 11:30:00+00:00,2.69,46.17,3.14,28.77,0.69,1.17,0
2023-11-02 12:30:00+00:00,0.0,30.96,2.07,26.41,0.59,0.76,0
2023-11-02 13:30:00+00:00,0.0,47.93,3.2,21.43,0.54,0.62,0
2023-11-02 14:30:00+00:00,0.0,39.2,2.62,14.39,0.85,0.14,0
2023-11-02 15:30:00+00:00,1.58,9.98,0.67,5.87,0.4,0.62,0
2023-11-02 16:30:00+00:00,0.0,0.0,0.0,-3.63,0.67,0.34,0
2023-11-02 17:30:00+00:00,0.0,0.0,0.0,0.0,0.21,0.48,0
2023-11-02 18:30:00+00:00,0.0,0.0,0.0,0.0,-0.34,0.76,0
2023-11-02 19:30:00+00:00,0.0,0.0,0.0,0.0,-0.34,0.41,0
2023-11-02 20:30:00+00:00,0.0,0.0,0.0,0.0,-1.3,0.48,0
2023-11-02 21:30:00+00:00,0.0,0.0,0.0,0.0,-1.85,0.62,0
2023-11-02 22:30:00+00:00,0.0,0.0,0.0,0.0,-2.64,0.69,0
2023-11-02 23:30:00+00:00,0.0,0.0,0.0,0.0,-3.58,0.55,0
2023-11-03 00:30:00+00:00,0.0,0.0,0.0,0.0,-3.56,0.69,0
2023-11-03 01:30:00+00:00,0.0,0.0,0.0,0.0,-3.92,0.9,0
2023-11-03 02:30:00+00:00,0.0,0.0,0.0,0.0,-4.07,0.97,0
2023-11-03 03:30:00+00:00,0.0,0.0,0.0,0.0,-3.7,1.03,0
2023-11-03 04:30:00+00:00,0.0,0.0,0.0,0.0,-3.71,0.97,0
2023-11-03 05:30:00+00:00,0.0,0.0,0.0,0.0,-3.6,1.03,0
2023-11-03 06:30:00+00:00,0.0,5.17,0.41,2.07,-3.7,1.17,0
2023-11-03 07:30:00+00:00,0.0,46.72,3.66,11.0,-3.15,1.1,0
2023-11-03 08:30:00+00:00,0.0,95.03,6.35,18.65,-2.73,1.17,0
2023-11-03 09:30:00+00:00,25.23,173.15,11.62,24.47,-2.36,1.52,0
2023-11-03 10:30:00+00:00,234.65,269.06,18.59,27.89,-1.9,1.31,0
2023-11-03 11:30:00+00:00,559.74,284.6,23.57,28.46,-1.3,1.24,0
2023-11-03 12:30:00+00:00,596.04,217.56,21.14,26.1,-0.87,1.31,0
2023-11-03 13:30:00+00:00,298.07,226.49,15.69,21.15,-0.49,1.03,0
2023-11-03 14:30:00+00:00,154.04,133.72,8.73,14.13,0.28,0.83,0
2023-11-03 15:30:00+00:00,51.71,41.51,2.52,5.63,0.47,0.55,0
2023-11-03 16:30:00+00:00,0.0,0.0,0.0,-3.86,-0.3,0.41,0
2023-11-03 17:30:00+00:00,0.0,0.0,0.0,0.0,-1.32,0.48,0
2023-11-03 18:30:00+00:00,0.0,0.0,0.0,0.0,-2.19,0.41,0
2023-11-03 19:30:00+00:00,0.0,0.0,0.0,0.0,-3.92,0.48,0
2023-11-03 20:30:00+00:00,0.0,0.0,0.0,0.0,-4.66,0.41,0
2023-11-03 21:30:00+00:00,0.0,0.0,0.0,0.0,-5.36,0.48,0
2023-11-03 22:30:00+00:00,0.0,0.0,0.0,0.0,-6.09,0.41,0
2023-11-03 23:30:00+00:00,0.0,0.0,0.0,0.0,-6.73,0.34,0
2023-11-04 00:30:00+00:00,0.0,0.0,0.0,0.0,-7.45,0.41,0
2023-11-04 01:30:00+00:00,0.0,0.0,0.0,0.0,-8.78,0.41,0
2023-11-04 02:30:00+00:00,0.0,0.0,0.0,0.0,-9.43,0.34,0
2023-11-04 03:30:00+00:00,0.0,0.0,0.0,0.0,-9.74,0.34,0
2023-11-04 04:30:00+00:00,0.0,0.0,0.0,0.0,-9.97,0.28,0
2023-11-04 05:30:00+00:00,0.0,0.0,0.0,0.0,-10.25,0.21,0
2023-11-04 06:30:00+00:00,0.0,11.27,0.88,1.82,-10.72,0.21,0
2023-11-04 07:30:00+00:00,0.0,61.81,4.84,10.74,-12.84,0.28,0
2023-11-04 08:30:00+00:00,93.91,159.81,10.55,18.37,-10.55,0.48,0
2023-11-04 09:30:00+00:00,13.43,139.13,9.36,24.18,-6.93,0.55,0
2023-11-04 10:30:00+00:00,44.86,152.13,10.51,27.58,-5.11,0.9,0
2023-11-04 11:30:00+00:00,95.28,196.9,13.65,28.15,-4.65,1.17,0
2023-11-04 12:30:00+00:00,206.39,195.24,14.32,25.81,-3.51,1.31,0
2023-11-04 13:30:00+00:00,14.75,115.38,7.78,20.87,-2.7,1.31,0
2023-11-04 14:30:00+00:00,0.0,40.25,2.69,13.88,-2.29,1.31,0
2023-11-04 15:30:00+00:00,0.0,12.54,0.84,5.4,-2.4,1.17,0
2023-11-04 16:30:00+00:00,0.0,0.0,0.0,-4.08,-2.51,1.1,0
2023-11-04 17:30:00+00:00,0.0,0.0,0.0,0.0,-2.58,1.03,0
2023-11-04 18:30:00+00:00,0.0,0.0,0.0,0.0,-2.51,0.97,0
2023-11-04 19:30:00+00:00,0.0,0.0,0.0,0.0,-3.01,0.55,0
2023-11-04 20:30:00+00:00,0.0,0.0,0.0,0.0,-2.83,0.14,0
2023-11-04 21:30:00+00:00,0.0,0.0,0.0,0.0,-2.8,0.14,0
2023-11-04 22:30:00+00:00,0.0,0.0,0.0,0.0,-2.8,0.21,0
2023-11-04 23:30:00+00:00,0.0,0.0,0.0,0.0,-2.86,0.21,0
2023-11-05 00:30:00+00:00,0.0,0.0,0.0,0.0,-2.9,0.28,0
2023-11-05 01:30:00+00:00,0.0,0.0,0.0,0.0,-2.09,0.34,0
2023-11-05 02:30:00+00:00,0.0,0.0,0.0,0.0,-2.84,0.28,0
2023-11-05 03:30:00+00:00,0.0,0.0,0.0,0.0,-4.45,0.34,0
2023-11-05 04:30:00+00:00,0.0,0.0,0.0,0.0,-4.58,0.28,0
2023-11-05 05:30:00+00:00,0.0,0.0,0.0,0.0,-4.68,0.55,0
2023-11-05 06:30:00+00:00,0.0,8.52,0.67,1.58,-4.66,0.34,0
2023-11-05 07:30:00+00:00,0.0,53.04,4.15,10.48,-5.71,0.21,0
2023-11-05 08:30:00+00:00,64.2,110.21,7.61,18.1,-4.26,0.28,0
2023-11-05 09:30:00+00:00,106.18,181.72,12.45,23.88,-1.96,0.41,0
2023-11-05 10:30:00+00:00,299.15,225.75,17.05,27.27,-0.34,0.69,0
2023-11-05 11:30:00+00:00,393.22,241.68,19.09,27.84,0.6,0.9,0
2023-11-05 12:30:00+00:00,410.83,243.26,18.8,25.51,1.15,1.1,0
2023-11-05 13:30:00+00:00,273.83,176.09,13.1,20.59,1.61,1.1,0
2023-11-05 14:30:00+00:00,236.72,117.32,8.49,13.62,1.57,0.97,0
2023-11-05 15:30:00+00:00,135.38,45.54,2.79,5.16,0.93,1.03,0
2023-11-05 16:30:00+00:00,0.0,0.0,0.0,-4.3,0.23,0.9,0
2023-11-05 17:30:00+00:00,0.0,0.0,0.0,0.0,-0.15,0.76,0
2023-11-05 18:30:00+00:00,0.0,0.0,0.0,0.0,-0.79,0.76,0
2023-11-05 19:30:00+00:00,0.0,0.0,0.0,0.0,-1.12,0.83,0
2023-11-05 20:30:00+00:00,0.0,0.0,0.0,0.0,-1.86,0.76,0
2023-11-05 21:30:00+00:00,0.0,0.0,0.0,0.0,-2.5,0.69,0
2023-11-05 22:30:00+00:00,0.0,0.0,0.0,0.0,-3.39,0.69,0
2023-11-05 23:30:00+00:00,0.0,0.0,0.0,0.0,-5.51,0.55,0
2023-11-06 00:30:00+00:00,0.0,0.0,0.0,0.0,-9.02,0.55,0
2023-11-06 01:30:00+00:00,0.0,0.0,0.0,0.0,-9.43,0.55,0
2023-11-06 02:30:00+00:00,0.0,0.0,0.0,0.0,-9.17,0.55,0
2023-11-06 03:30:00+00:00,0.0,0.0,0.0,0.0,-9.43,0.48,0
2023-11-06 04:30:00+00:00,0.0,0.0,0.0,0.0,-9.95,0.48,0
2023-11-06 05:30:00+00:00,0.0,0.0,0.0,0.0,-10.94,0.41,0
2023-11-06 06:30:00+00:00,0.0,7.85,0.62,1.34,-11.16,0.34,0
2023-11-06 07:30:00+00:00,0.0,45.38,3.55,10.23,-9.26,0.28,0
2023-11-06 08:30:00+00:00,277.11,175.17,12.3,17.82,-7.29,0.28,0
2023-11-06 09:30:00+00:00,487.59,226.51,18.61,23.59,-4.77,0.28,0
2023-11-06 10:30:00+00:00,591.13,236.01,21.64,26.97,-2.11,0.21,0
2023-11-06 11:30:00+00:00,670.87,216.88,22.59,27.54,1.04,0.34,0
2023-11-06 12:30:00+00:00,677.49,191.41,21.17,25.22,2.72,0.41,0
2023-11-06 13:30:00+00:00,599.87,148.85,16.82,20.33,3.34,0.41,0
2023-11-06 14:30:00+00:00,396.11,116.19,10.11,13.38,3.38,0.41,0
2023-11-06 15:30:00+00:00,186.47,45.95,2.97,4.94,2.56,0.28,0
2023-11-06 16:30:00+00:00,0.0,0.0,0.0,0.0,1.55,0.14,0
2023-11-06 17:30:00+00:00,0.0,0.0,0.0,0.0,0.26,0.07,0
2023-11-06 18:30:00+00:00,0.0,0.0,0.0,0.0,-1.12,0.14,0
2023-11-06 19:30:00+00:00,0.0,0.0,0.0,0.0,-2.35,0.21,0
2023-11-06 20:30:00+00:00,0.0,0.0,0.0,0.0,-3.13,0.28,0
2023-11-06 21:30:00+00:00,0.0,0.0,0.0,0.0,-4.39,0.28,0
2023-11-06 22:30:00+00:00,0.0,0.0,0.0,0.0,-6.22,0.28,0
2023-11-06 23:30:00+00:00,0.0,0.0,0.0,0.0,-7.82,0.21,0
2023-11-07 00:30:00+00:00,0.0,0.0,0.0,0.0,-8.27,0.21,0
2023-11-07 01:30:00+00:00,0.0,0.0,0.0,0.0,-9.08,0.14,0
2023-11-07 02:30:00+00:00,0.0,0.0,0.0,0.0,-9.39,0.21,0
2023-11-07 03:30:00+00:00,0.0,0.0,0.0,0.0,-10.22,0.21,0
2023-11-07 04:30:00+00:00,0.0,0.0,0.0,0.0,-10.55,0.28,0
2023-11-07 05:30:00+00:00,0.0,0.0,0.0,0.0,-10.64,0.28,0
2023-11-07 06:30:00+00:00,0.0,6.8,0.53,1.1,-10.94,0.28,0
2023-11-07 07:30:00+00:00,0.0,39.38,3.09,9.97,-9.06,0.28,0
2023-11-07 08:30:00+00:00,240.59,139.74,10.4,17.55,-7.97,0.34,0
2023-11-07 09:30:00+00:00,331.61,167.86,14.04,23.3,-6.28,0.28,0
2023-11-07 10:30:00+00:00,497.39,215.91,19.22,26.67,-3.92,0.41,0
2023-11-07 11:30:00+00:00,605.89,168.36,19.6,27.24,-1.3,0.62,0
2023-11-07 12:30:00+00:00,623.59,156.69,18.9,24.94,0.33,0.76,0
2023-11-07 13:30:00+00:00,443.51,138.96,13.77,20.06,1.11,0.83,0
2023-11-07 14:30:00+00:00,291.33,120.47,8.89,13.14,1.13,0.83,0
2023-11-07 15:30:00+00:00,145.88,38.94,2.49,4.72,0.49,0.62,0
2023-11-07 16:30:00+00:00,0.0,0.0,0.0,0.0,-0.45,0.76,0
2023-11-07 17:30:00+00:00,0.0,0.0,0.0,0.0,-1.48,0.76,0
2023-11-07 18:30:00+00:00,0.0,0.0,0.0,0.0,-2.97,0.69,0
2023-11-07 19:30:00+00:00,0.0,0.0,0.0,0.0,-4.63,0.76,0
2023-11-07 20:30:00+00:00,0.0,0.0,0.0,0.0,-6.18,0.69,0
2023-11-07 21:30:00+00:00,0.0,0.0,0.0,0.0,-7.58,0.62,0
2023-11-07 22:30:00+00:00,0.0,0.0,0.0,0.0,-8.79,0.55,0
2023-11-07 23:30:00+00:00,0.0,0.0,0.0,0.0,-8.63,0.55,0
2023-11-08 00:30:00+00:00,0.0,0.0,0.0,0.0,-9.33,0.48,0
2023-11-08 01:30:00+00:00,0.0,0.0,0.0,0.0,-10.32,0.48,0
2023-11-08 02:30:00+00:00,0.0,0.0,0.0,0.0,-11.11,0.48,0
2023-11-08 03:30:00+00:00,0.0,0.0,0.0,0.0,-11.37,0.48,0
2023-11-08 04:30:00+00:00,0.0,0.0,0.0,0.0,-11.56,0.48,0
2023-11-08 05:30:00+00:00,0.0,0.0,0.0,0.0,-12.29,0.41,0
2023-11-08 06:30:00+00:00,0.0,7.24,0.57,0.86,-13.15,0.41,0
2023-11-08 07:30:00+00:00,0.0,46.56,3.65,9.72,-12.13,0.41,0
2023-11-08 08:30:00+00:00,354.53,178.55,12.94,17.28,-10.52,0.41,0
2023-11-08 09:30:00+00:00,721.43,162.32,20.13,23.01,-7.25,0.34,0
2023-11-08 10:30:00+00:00,826.17,171.4,23.56,26.37,-2.94,0.34,0
2023-11-08 11:30:00+00:00,876.38,153.97,24.26,26.95,0.16,0.28,0
2023-11-08 12:30:00+00:00,809.22,147.32,21.95,24.66,1.46,0.28,0
2023-11-08 13:30:00+00:00,664.82,131.28,17.04,19.81,1.95,0.48,0
2023-11-08 14:30:00+00:00,445.42,103.94,10.08,12.9,1.9,0.41,0
2023-11-08 15:30:00+00:00,204.97,40.63,2.76,4.5,1.21,0.28,0
2023-11-08 16:30:00+00:00,0.0,0.0,0.0,0.0,0.01,0.21,0
2023-11-08 17:30:00+00:00,0.0,0.0,0.0,0.0,-1.4,0.21,0
2023-11-08 18:30:00+00:00,0.0,0.0,0.0,0.0,-2.73,0.21,0
2023-11-08 19:30:00+00:00,0.0,0.0,0.0,0.0,-3.95,0.34,0
2023-11-08 20:30:00+00:00,0.0,0.0,0.0,0.0,-4.76,0.34,0
2023-11-08 21:30:00+00:00,0.0,0.0,0.0,0.0,-5.2,0.34,0
2023-11-08 22:30:00+00:00,0.0,0.0,0.0,0.0,-5.7,0.41,0
2023-11-08 23:30:00+00:00,0.0,0.0,0.0,0.0,-6.19,0.34,0
2023-11-09 00:30:00+00:00,0.0,0.0,0.0,0.0,-6.3,0.34,0
2023-11-09 01:30:00+00:00,0.0,0.0,0.0,0.0,-7.97,0.34,0
2023-11-09 02:30:00+00:00,0.0,0.0,0.0,0.0,-7.36,0.41,0
2023-11-09 03:30:00+00:00,0.0,0.0,0.0,0.0,-7.55,0.41,0
2023-11-09 04:30:00+00:00,0.0,0.0,0.0,0.0,-7.11,0.41,0
2023-11-09 05:30:00+00:00,0.0,0.0,0.0,0.0,-6.69,0.41,0
2023-11-09 06:30:00+00:00,0.0,5.81,0.46,0.62,-6.17,0.41,0
2023-11-09 07:30:00+00:00,0.0,34.31,2.69,9.47,-6.84,0.41,0
2023-11-09 08:30:00+00:00,0.27,79.47,5.31,17.01,-5.4,0.41,0
2023-11-09 09:30:00+00:00,2.82,116.32,7.78,22.73,-3.79,0.55,0
2023-11-09 10:30:00+00:00,15.09,133.14,9.0,26.08,-2.93,0.9,0
2023-11-09 11:30:00+00:00,0.0,123.86,8.27,26.66,-2.56,1.03,0
2023-11-09 12:30:00+00:00,0.34,115.06,7.69,24.39,-2.15,0.97,0
2023-11-09 13:30:00+00:00,0.0,69.6,4.65,19.55,-2.1,1.03,0
2023-11-09 14:30:00+00:00,0.92,55.64,3.72,12.67,-2.11,0.9,0
2023-11-09 15:30:00+00:00,0.0,12.24,0.82,4.29,-1.95,0.83,0
2023-11-09 16:30:00+00:00,0.0,0.0,0.0,0.0,-1.97,0.48,0
2023-11-09 17:30:00+00:00,0.0,0.0,0.0,0.0,-2.07,0.34,0
2023-11-09 18:30:00+00:00,0.0,0.0,0.0,0.0,-2.18,0.14,0
2023-11-09 19:30:00+00:00,0.0,0.0,0.0,0.0,-3.03,0.14,0
2023-11-09 20:30:00+00:00,0.0,0.0,0.0,0.0,-3.33,0.14,0
2023-11-09 21:30:00+00:00,0.0,0.0,0.0,0.0,-3.97,0.07,0
2023-11-09 22:30:00+00:00,0.0,0.0,0.0,0.0,-6.1,0.14,0
2023-11-09 23:30:00+00:00,0.0,0.0,0.0,0.0,-7.5,0.14,0
2023-11-10 00:30:00+00:00,0.0,0.0,0.0,0.0,-8.14,0.14,0
2023-11-10 01:30:00+00:00,0.0,0.0,0.0,0.0,-6.89,0.21,0
2023-11-10 02:30:00+00:00,0.0,0.0,0.0,0.0,-7.3,0.21,0
2023-11-10 03:30:00+00:00,0.0,0.0,0.0,0.0,-7.81,0.07,0
2023-11-10 04:30:00+00:00,0.0,0.0,0.0,0.0,-7.53,0.0,0
2023-11-10 05:30:00+00:00,0.0,0.0,0.0,0.0,-7.09,0.07,0
2023-11-10 06:30:00+00:00,0.0,2.81,0.22,0.39,-6.91,0.14,0
2023-11-10 07:30:00+00:00,0.0,24.16,1.89,9.22,-5.32,0.07,0
2023-11-10 08:30:00+00:00,5.52,38.4,2.63,16.74,-4.59,0.07,0
2023-11-10 09:30:00+00:00,25.78,125.87,8.52,22.45,-4.06,0.21,0
2023-11-10 10:30:00+00:00,141.32,170.74,12.25,25.8,-2.31,0.41,0
2023-11-10 11:30:00+00:00,119.85,178.75,12.56,26.38,-1.49,0.69,0
2023-11-10 12:30:00+00:00,117.71,166.33,11.62,24.12,-1.47,0.83,0
2023-11-10 13:30:00+00:00,246.14,169.92,12.02,19.31,-1.52,0.9,0
2023-11-10 14:30:00+00:00,289.08,127.34,8.69,12.45,-1.51,1.03,0
2023-11-10 15:30:00+00:00,160.72,40.22,2.39,4.09,-1.06,0.83,0
2023-11-10 16:30:00+00:00,0.0,0.0,0.0,0.0,-1.97,0.69,0
2023-11-10 17:30:00+00:00,0.0,0.0,0.0,0.0,-3.44,0.55,0
2023-11-10 18:30:00+00:00,0.0,0.0,0.0,0.0,-5.2,0.48,0
2023-11-10 19:30:00+00:00,0.0,0.0,0.0,0.0,-5.14,0.62,0
2023-11-10 20:30:00+00:00,0.0,0.0,0.0,0.0,-5.78,0.62,0
2023-11-10 21:30:00+00:00,0.0,0.0,0.0,0.0,-6.92,0.55,0
2023-11-10 22:30:00+00:00,0.0,0.0,0.0,0.0,-8.24,0.48,0
2023-11-10 23:30:00+00:00,0.0,0.0,0.0,0.0,-8.79,0.55,0
2023-11-11 00:30:00+00:00,0.0,0.0,0.0,0.0,-8.92,0.76,0
2023-11-11 01:30:00+00:00,0.0,0.0,0.0,0.0,-8.42,0.9,0
2023-11-11 02:30:00+00:00,0.0,0.0,0.0,0.0,-8.4,0.97,0
2023-11-11 03:30:00+00:00,0.0,0.0,0.0,0.0,-8.39,0.97,0
2023-11-11 04:30:00+00:00,0.0,0.0,0.0,0.0,-8.16,0.9,0
2023-11-11 05:30:00+00:00,0.0,0.0,0.0,0.0,-8.17,0.9,0
2023-11-11 06:30:00+00:00,0.0,5.39,0.42,0.15,-8.7,0.83,0
2023-11-11 07:30:00+00:00,0.0,40.53,3.17,8.97,-10.49,0.76,0
2023-11-11 08:30:00+00:00,303.01,144.57,10.76,16.48,-8.15,0.76,0
2023-11-11 09:30:00+00:00,401.14,208.8,16.01,22.18,-6.33,0.83,0
2023-11-11 10:30:00+00:00,531.2,228.81,19.57,25.52,-4.62,0.9,0
2023-11-11 11:30:00+00:00,650.22,208.0,20.99,26.1,-3.11,1.03,0
2023-11-11 12:30:00+00:00,396.5,223.83,17.02,23.86,-2.6,1.17,0
2023-11-11 13:30:00+00:00,430.79,169.02,13.99,19.07,-3.14,1.24,0
2023-11-11 14:30:00+00:00,368.19,125.45,9.27,12.23,-2.53,1.17,0
2023-11-11 15:30:00+00:00,158.15,36.29,2.21,3.89,-2.47,0.9,0
2023-11-11 16:30:00+00:00,0.0,0.0,0.0,0.0,-3.41,0.69,0
2023-11-11 17:30:00+00:00,0.0,0.0,0.0,0.0,-4.61,0.69,0
2023-11-11 18:30:00+00:00,0.0,0.0,0.0,0.0,-6.2,0.55,0
2023-11-11 19:30:00+00:00,0.0,0.0,0.0,0.0,-5.53,0.55,0
2023-11-11 20:30:00+00:00,0.0,0.0,0.0,0.0,-6.57,0.48,0
2023-11-11 21:30:00+00:00,0.0,0.0,0.0,0.0,-8.05,0.34,0
2023-11-11 22:30:00+00:00,0.0,0.0,0.0,0.0,-10.63,0.28,0
2023-11-11 23:30:00+00:00,0.0,0.0,0.0,0.0,-13.17,0.28,0
2023-11-12 00:30:00+00:00,0.0,0.0,0.0,0.0,-13.43,0.21,0
2023-11-12 01:30:00+00:00,0.0,0.0,0.0,0.0,-14.02,0.14,0
2023-11-12 02:30:00+00:00,0.0,0.0,0.0,0.0,-13.39,0.07,0
2023-11-12 03:30:00+00:00,0.0,0.0,0.0,0.0,-11.52,0.14,0
2023-11-12 04:30:00+00:00,0.0,0.0,0.0,0.0,-9.8,0.07,0
2023-11-12 05:30:00+00:00,0.0,0.0,0.0,0.0,-8.68,0.14,0
2023-11-12 06:30:00+00:00,0.0,0.0,0.0,-0.08,-8.11,0.28,0
2023-11-12 07:30:00+00:00,0.0,36.51,2.86,8.72,-7.28,0.34,0
2023-11-12 08:30:00+00:00,113.8,105.78,7.37,16.22,-6.29,0.48,0
2023-11-12 09:30:00+00:00,51.88,122.02,8.41,21.91,-4.29,0.62,0
2023-11-12 10:30:00+00:00,90.36,147.45,10.42,25.24,-3.23,0.83,0
2023-11-12 11:30:00+00:00,187.11,144.94,11.37,25.83,-2.19,0.97,0
2023-11-12 12:30:00+00:00,209.6,167.31,12.38,23.6,-1.57,0.97,0
2023-11-12 13:30:00+00:00,81.81,109.2,7.65,18.83,-1.31,1.1,0
2023-11-12 14:30:00+00:00,5.5,57.28,3.83,12.02,-0.88,0.97,0
2023-11-12 15:30:00+00:00,0.0,10.86,0.72,3.7,-0.79,0.83,0
2023-11-12 16:30:00+00:00,0.0,0.0,0.0,0.0,-1.1,0.97,0
2023-11-12 17:30:00+00:00,0.0,0.0,0.0,0.0,-0.93,1.03,0
2023-11-12 18:30:00+00:00,0.0,0.0,0.0,0.0,-0.67,1.03,0
2023-11-12 19:30:00+00:00,0.0,0.0,0.0,0.0,-0.4,1.03,0
2023-11-12 20:30:00+00:00,0.0,0.0,0.0,0.0,-0.14,0.97,0
2023-11-12 21:30:00+00:00,0.0,0.0,0.0,0.0,0.01,0.9,0
2023-11-12 22:30:00+00:00,0.0,0.0,0.0,0.0,0.14,0.9,0
2023-11-12 23:30:00+00:00,0.0,0.0,0.0,0.0,0.32,0.97,0
2023-11-13 00:30:00+00:00,0.0,0.0,0.0,0.0,-0.05,1.1,0
2023-11-13 01:30:00+00:00,0.0,0.0,0.0,0.0,1.15,0.97,0
2023-11-13 02:30:00+00:00,0.0,0.0,0.0,0.0,1.23,0.9,0
2023-11-13 03:30:00+00:00,0.0,0.0,0.0,0.0,1.22,0.9,0
2023-11-13 04:30:00+00:00,0.0,0.0,0.0,0.0,1.31,0.83,0
2023-11-13 05:30:00+00:00,0.0,0.0,0.0,0.0,1.5,0.83,0
2023-11-13 06:30:00+00:00,0.0,0.0,0.0,-0.31,1.63,0.9,0
2023-11-13 07:30:00+00:00,0.0,28.88,2.26,8.48,1.23,1.03,0
2023-11-13 08:30:00+00:00,97.5,105.34,7.2,15.97,2.07,0.83,0
2023-11-13 09:30:00+00:00,338.96,160.37,13.14,21.64,2.77,0.83,0
2023-11-13 10:30:00+00:00,376.25,232.11,17.3,24.97,3.66,0.97,0
2023-11-13 11:30:00+00:00,553.13,226.97,19.7,25.56,4.61,0.97,0
2023-11-13 12:30:00+00:00,376.46,206.96,15.87,23.35,5.47,0.83,0
2023-11-13 13:30:00+00:00,191.31,146.24,10.26,18.6,5.29,0.76,0
2023-11-13 14:30:00+00:00,129.91,98.67,6.29,11.81,4.91,0.76,0
2023-11-13 15:30:00+00:00,50.56,25.14,1.52,3.51,4.6,0.62,0
2023-11-13 16:30:00+00:00,0.0,0.0,0.0,0.0,4.3,0.69,0
2023-11-13 17:30:00+00:00,0.0,0.0,0.0,0.0,4.0,0.69,0
2023-11-13 18:30:00+00:00,0.0,0.0,0.0,0.0,3.87,0.76,0
2023-11-13 19:30:00+00:00,0.0,0.0,0.0,0.0,4.22,0.83,0
2023-11-13 20:30:00+00:00,0.0,0.0,0.0,0.0,4.18,0.76,0
2023-11-13 21:30:00+00:00,0.0,0.0,0.0,0.0,2.97,0.76,0
2023-11-13 22:30:00+00:00,0.0,0.0,0.0,0.0,2.44,0.76,0
2023-11-13 23:30:00+00:00,0.0,0.0,0.0,0.0,2.69,0.69,0
2023-11-14 00:30:00+00:00,0.0,0.0,0.0,0.0,3.01,0.62,0
2023-11-14 01:30:00+00:00,0.0,0.0,0.0,0.0,3.18,0.55,0
2023-11-14 02:30:00+00:00,0.0,0.0,0.0,0.0,3.25,0.69,0
2023-11-14 03:30:00+00:00,0.0,0.0,0.0,0.0,3.1,0.62,0
2023-11-14 04:30:00+00:00,0.0,0.0,0.0,0.0,3.16,0.55,0
2023-11-14 05:30:00+00:00,0.0,0.0,0.0,0.0,3.31,0.69,0
2023-11-14 06:30:00+00:00,0.0,0.0,0.0,-0.54,3.06,0.9,0
2023-11-14 07:30:00+00:00,0.0,14.55,1.14,8.24,4.5,0.83,0
2023-11-14 08:30:00+00:00,43.13,42.99,3.3,15.71,4.6,0.76,0
2023-11-14 09:30:00+00:00,37.64,58.19,4.35,21.37,4.81,0.76,0
2023-11-14 10:30:00+00:00,71.35,111.91,8.11,24.7,4.84,0.83,0
2023-11-14 11:30:00+00:00,156.91,158.56,11.61,25.3,5.06,0.76,0
2023-11-14 12:30:00+00:00,167.12,111.99,9.08,23.1,5.17,0.83,0
2023-11-14 13:30:00+00:00,101.06,86.81,6.52,18.38,5.75,0.55,0
2023-11-14 14:30:00+00:00,107.42,43.51,3.61,11.61,5.77,0.69,0
2023-11-14 15:30:00+00:00,4.08,6.89,0.47,3.33,5.64,0.69,0
2023-11-14 16:30:00+00:00,0.0,0.0,0.0,0.0,5.28,0.83,0
2023-11-14 17:30:00+00:00,0.0,0.0,0.0,0.0,4.39,0.69,0
2023-11-14 18:30:00+00:00,0.0,0.0,0.0,0.0,3.71,0.83,0
2023-11-14 19:30:00+00:00,0.0,0.0,0.0,0.0,2.39,1.24,0
2023-11-14 20:30:00+00:00,0.0,0.0,0.0,0.0,2.59,0.97,0
2023-11-14 21:30:00+00:00,0.0,0.0,0.0,0.0,1.87,1.17,0
2023-11-14 22:30:00+00:00,0.0,0.0,0.0,0.0,1.16,1.17,0
2023-11-14 23:30:00+00:00,0.0,0.0,0.0,0.0,0.64,1.24,0
2023-11-15 00:30:00+00:00,0.0,0.0,0.0,0.0,-0.39,1.24,0
2023-11-15 01:30:00+00:00,0.0,0.0,0.0,0.0,-0.36,1.24,0
2023-11-15 02:30:00+00:00,0.0,0.0,0.0,0.0,-0.89,1.31,0
2023-11-15 03:30:00+00:00,0.0,0.0,0.0,0.0,-1.14,1.24,0
2023-11-15 04:30:00+00:00,0.0,0.0,0.0,0.0,-1.05,1.17,0
2023-11-15 05:30:00+00:00,0.0,0.0,0.0,0.0,-1.2,1.17,0
2023-11-15 06:30:00+00:00,0.0,0.0,0.0,-0.76,-1.39,1.17,0
2023-11-15 07:30:00+00:00,0.0,32.3,2.53,8.0,-1.95,1.1,0
2023-11-15 08:30:00+00:00,172.37,110.32,7.81,15.46,-1.89,1.31,0
2023-11-15 09:30:00+00:00,458.47,146.8,14.06,21.11,-1.46,1.52,0
2023-11-15 10:30:00+00:00,425.95,187.7,15.99,24.44,-0.34,1.45,0
2023-11-15 11:30:00+00:00,528.48,216.87,18.69,25.05,0.67,1.45,0
2023-11-15 12:30:00+00:00,634.46,186.2,18.61,22.86,0.72,1.52,0
2023-11-15 13:30:00+00:00,505.29,150.2,13.84,18.16,0.86,1.45,0
2023-11-15 14:30:00+00:00,368.51,98.43,7.99,11.41,-0.04,1.45,0
2023-11-15 15:30:00+00:00,168.22,25.81,1.7,3.16,0.11,1.1,0
2023-11-15 16:30:00+00:00,0.0,0.0,0.0,0.0,0.0,0.9,0
2023-11-15 17:30:00+00:00,0.0,0.0,0.0,0.0,-0.73,1.03,0
2023-11-15 18:30:00+00:00,0.0,0.0,0.0,0.0,-1.2,0.76,0
2023-11-15 19:30:00+00:00,0.0,0.0,0.0,0.0,-0.57,0.69,0
2023-11-15 20:30:00+00:00,0.0,0.0,0.0,0.0,-0.64,0.55,0
2023-11-15 21:30:00+00:00,0.0,0.0,0.0,0.0,-0.86,0.48,0
2023-11-15 22:30:00+00:00,0.0,0.0,0.0,0.0,-1.3,0.41,0
2023-11-15 23:30:00+00:00,0.0,0.0,0.0,0.0,-1.56,0.41,0
2023-11-16 00:30:00+00:00,0.0,0.0,0.0,0.0,-2.06,0.34,0
2023-11-16 01:30:00+00:00,0.0,0.0,0.0,0.0,-3.07,0.34,0
2023-11-16 02:30:00+00:00,0.0,0.0,0.0,0.0,-3.09,0.34,0
2023-11-16 03:30:00+00:00,0.0,0.0,0.0,0.0,-3.2,0.28,0
2023-11-16 04:30:00+00:00,0.0,0.0,0.0,0.0,-3.16,0.21,0
2023-11-16 05:30:00+00:00,0.0,0.0,0.0,0.0,-2.84,0.07,0
2023-11-16 06:30:00+00:00,0.0,0.0,0.0,-0.99,-1.96,0.0,0
2023-11-16 07:30:00+00:00,0.0,31.85,2.5,7.77,-1.61,0.14,0
2023-11-16 08:30:00+00:00,41.94,74.77,5.13,15.22,-0.55,0.07,0
2023-11-16 09:30:00+00:00,10.67,86.09,5.83,20.86,0.58,0.34,0
2023-11-16 10:30:00+00:00,49.76,132.42,9.11,24.18,0.73,0.76,0
2023-11-16 11:30:00+00:00,103.65,111.64,8.44,24.79,1.16,0.83,0
2023-11-16 12:30:00+00:00,323.27,140.9,12.27,22.63,0.19,0.97,0
2023-11-16 13:30:00+00:00,148.42,89.5,7.05,17.95,0.46,0.76,0
2023-11-16 14:30:00+00:00,217.68,69.21,5.52,11.22,0.59,0.48,0
2023-11-16 15:30:00+00:00,0.0,8.62,0.67,2.99,0.48,0.28,0
2023-11-16 16:30:00+00:00,0.0,0.0,0.0,0.0,-0.35,0.21,0
2023-11-16 17:30:00+00:00,0.0,0.0,0.0,0.0,-1.06,0.28,0
2023-11-16 18:30:00+00:00,0.0,0.0,0.0,0.0,-1.36,0.48,0
2023-11-16 19:30:00+00:00,0.0,0.0,0.0,0.0,-0.61,0.69,0
2023-11-16 20:30:00+00:00,0.0,0.0,0.0,0.0,-0.55,0.97,0
2023-11-16 21:30:00+00:00,0.0,0.0,0.0,0.0,-1.02,1.17,0
2023-11-16 22:30:00+00:00,0.0,0.0,0.0,0.0,-1.26,1.17,0
2023-11-16 23:30:00+00:00,0.0,0.0,0.0,0.0,-2.0,1.24,0
2023-11-17 00:30:00+00:00,0.0,0.0,0.0,0.0,-2.6,1.38,0
2023-11-17 01:30:00+00:00,0.0,0.0,0.0,0.0,-2.12,1.45,0
2023-11-17 02:30:00+00:00,0.0,0.0,0.0,0.0,-2.3,1.38,0
2023-11-17 03:30:00+00:00,0.0,0.0,0.0,0.0,-2.71,1.45,0
2023-11-17 04:30:00+00:00,0.0,0.0,0.0,0.0,-2.44,1.24,0
2023-11-17 05:30:00+00:00,0.0,0.0,0.0,0.0,-2.86,1.24,0
2023-11-17 06:30:00+00:00,0.0,0.0,0.0,-1.21,-3.28,1.24,0
2023-11-17 07:30:00+00:00,0.0,19.69,1.54,7.53,-3.59,1.24,0
2023-11-17 08:30:00+00:00,92.01,86.72,6.03,14.97,-3.44,1.17,0
2023-11-17 09:30:00+00:00,143.02,132.98,9.5,20.61,-3.5,1.17,0
2023-11-17 10:30:00+00:00,263.92,198.26,14.25,23.93,-3.11,1.17,0
2023-11-17 11:30:00+00:00,371.02,177.99,14.79,24.55,-2.61,1.38,0
2023-11-17 12:30:00+00:00,426.42,178.84,15.0,22.4,-2.28,1.31,0
2023-11-17 13:30:00+00:00,329.0,154.81,11.55,17.74,-2.47,1.52,0
2023-11-17 14:30:00+00:00,183.1,95.51,6.13,11.04,-2.92,1.45,0
2023-11-17 15:30:00+00:00,0.0,10.15,0.79,2.82,-2.77,1.1,0
2023-11-17 16:30:00+00:00,0.0,0.0,0.0,0.0,-3.26,1.17,0
2023-11-17 17:30:00+00:00,0.0,0.0,0.0,0.0,-3.22,1.03,0
2023-11-17 18:30:00+00:00,0.0,0.0,0.0,0.0,-3.87,0.97,0
2023-11-17 19:30:00+00:00,0.0,0.0,0.0,0.0,-3.48,1.03,0
2023-11-17 20:30:00+00:00,0.0,0.0,0.0,0.0,-4.22,1.17,0
2023-11-17 21:30:00+00:00,0.0,0.0,0.0,0.0,-4.18,1.1,0
2023-11-17 22:30:00+00:00,0.0,0.0,0.0,0.0,-4.19,1.03,0
2023-11-17 23:30:00+00:00,0.0,0.0,0.0,0.0,-4.6,0.97,0
2023-11-18 00:30:00+00:00,0.0,0.0,0.0,0.0,-4.62,0.83,0
2023-11-18 01:30:00+00:00,0.0,0.0,0.0,0.0,-6.71,0.76,0
2023-11-18 02:30:00+00:00,0.0,0.0,0.0,0.0,-7.94,0.76,0
2023-11-18 03:30:00+00:00,0.0,0.0,0.0,0.0,-9.23,0.62,0
2023-11-18 04:30:00+00:00,0.0,0.0,0.0,0.0,-9.27,0.55,0
2023-11-18 05:30:00+00:00,0.0,0.0,0.0,0.0,-9.35,0.62,0
2023-11-18 06:30:00+00:00,0.0,0.0,0.0,-1.43,-8.93,0.62,0
2023-11-18 07:30:00+00:00,0.0,33.48,2.62,7.31,-10.04,0.62,0
2023-11-18 08:30:00+00:00,187.85,137.21,8.82,14.73,-8.6,0.55,0
2023-11-18 09:30:00+00:00,203.88,160.59,11.25,20.36,-6.05,0.62,0
2023-11-18 10:30:00+00:00,164.62,167.94,11.87,23.68,-3.48,0.62,0
2023-11-18 11:30:00+00:00,88.27,165.31,11.28,24.31,-1.5,0.69,0
2023-11-18 12:30:00+00:00,83.46,161.32,10.84,22.18,-0.65,0.62,0
2023-11-18 13:30:00+00:00,0.0,86.45,5.77,17.54,-0.21,0.62,0
2023-11-18 14:30:00+00:00,0.0,43.81,2.92,10.86,-0.25,0.62,0
2023-11-18 15:30:00+00:00,0.0,8.94,0.7,2.67,-0.39,0.62,0
2023-11-18 16:30:00+00:00,0.0,0.0,0.0,0.0,-0.34,0.62,0
2023-11-18 17:30:00+00:00,0.0,0.0,0.0,0.0,-0.15,0.69,0
2023-11-18 18:30:00+00:00,0.0,0.0,0.0,0.0,0.18,0.76,0
2023-11-18 19:30:00+00:00,0.0,0.0,0.0,0.0,0.61,0.69,0
2023-11-18 20:30:00+00:00,0.0,0.0,0.0,0.0,0.99,0.69,0
2023-11-18 21:30:00+00:00,0.0,0.0,0.0,0.0,1.31,0.62,0
2023-11-18 22:30:00+00:00,0.0,0.0,0.0,0.0,1.45,0.69,0
2023-11-18 23:30:00+00:00,0.0,0.0,0.0,0.0,1.43,0.69,0
2023-11-19 00:30:00+00:00,0.0,0.0,0.0,0.0,1.38,0.62,0
2023-11-19 01:30:00+00:00,0.0,0.0,0.0,0.0,2.07,0.69,0
2023-11-19 02:30:00+00:00,0.0,0.0,0.0,0.0,1.51,0.76,0
2023-11-19 03:30:00+00:00,0.0,0.0,0.0,0.0,0.87,0.69,0
2023-11-19 04:30:00+00:00,0.0,0.0,0.0,0.0,0.75,0.69,0
2023-11-19 05:30:00+00:00,0.0,0.0,0.0,0.0,0.73,0.76,0
2023-11-19 06:30:00+00:00,0.0,0.0,0.0,-1.64,0.44,0.76,0
2023-11-19 07:30:00+00:00,0.0,25.37,1.99,7.08,1.81,0.9,0
2023-11-19 08:30:00+00:00,164.96,83.41,6.3,14.5,2.16,0.9,0
2023-11-19 09:30:00+00:00,114.25,127.04,8.89,20.12,2.78,0.9,0
2023-11-19 10:30:00+00:00,281.23,189.1,13.85,23.44,3.52,0.76,0
2023-11-19 11:30:00+00:00,358.14,206.38,15.56,24.08,4.04,0.97,0
2023-11-19 12:30:00+00:00,188.69,173.54,12.03,21.96,4.55,1.03,0
2023-11-19 13:30:00+00:00,169.17,121.22,8.57,17.35,4.36,1.1,0
2023-11-19 14:30:00+00:00,129.2,76.88,5.01,10.69,4.07,1.17,0
2023-11-19 15:30:00+00:00,0.0,8.39,0.66,2.52,4.5,0.9,0
2023-11-19 16:30:00+00:00,0.0,0.0,0.0,0.0,4.18,0.83,0
2023-11-19 17:30:00+00:00,0.0,0.0,0.0,0.0,3.95,0.83,0
2023-11-19 18:30:00+00:00,0.0,0.0,0.0,0.0,3.8,0.9,0
2023-11-19 19:30:00+00:00,0.0,0.0,0.0,0.0,3.54,0.9,0
2023-11-19 20:30:00+00:00,0.0,0.0,0.0,0.0,3.49,0.83,0
2023-11-19 21:30:00+00:00,0.0,0.0,0.0,0.0,3.32,0.83,0
2023-11-19 22:30:00+00:00,0.0,0.0,0.0,0.0,3.21,0.83,0
2023-11-19 23:30:00+00:00,0.0,0.0,0.0,0.0,3.14,0.9,0
2023-11-20 00:30:00+00:00,0.0,0.0,0.0,0.0,2.83,0.83,0
2023-11-20 01:30:00+00:00,0.0,0.0,0.0,0.0,2.09,0.83,0
2023-11-20 02:30:00+00:00,0.0,0.0,0.0,0.0,0.83,0.69,0
2023-11-20 03:30:00+00:00,0.0,0.0,0.0,0.0,-0.2,0.76,0
2023-11-20 04:30:00+00:00,0.0,0.0,0.0,0.0,-1.49,0.76,0
2023-11-20 05:30:00+00:00,0.0,0.0,0.0,0.0,-2.72,0.76,0
2023-11-20 06:30:00+00:00,0.0,0.0,0.0,-1.86,-3.51,0.69,0
2023-11-20 07:30:00+00:00,0.0,24.92,1.95,6.86,-0.33,0.69,0
2023-11-20 08:30:00+00:00,365.45,109.76,9.18,14.26,-0.88,0.69,0
2023-11-20 09:30:00+00:00,545.94,148.8,14.72,19.88,0.18,0.69,0
2023-11-20 10:30:00+00:00,712.47,164.26,19.0,23.2,2.24,0.76,0
2023-11-20 11:30:00+00:00,774.23,161.78,20.22,23.85,4.07,0.83,0
2023-11-20 12:30:00+00:00,710.04,141.42,17.78,21.75,4.73,0.9,0
2023-11-20 13:30:00+00:00,579.43,114.28,13.21,17.16,5.11,0.9,0
2023-11-20 14:30:00+00:00,273.11,53.72,5.27,10.53,5.05,0.83,0
2023-11-20 15:30:00+00:00,0.0,6.86,0.54,2.37,4.14,0.69,0
2023-11-20 16:30:00+00:00,0.0,0.0,0.0,0.0,3.01,0.62,0
2023-11-20 17:30:00+00:00,0.0,0.0,0.0,0.0,1.75,0.62,0
2023-11-20 18:30:00+00:00,0.0,0.0,0.0,0.0,0.76,0.69,0
2023-11-20 19:30:00+00:00,0.0,0.0,0.0,0.0,0.25,0.76,0
2023-11-20 20:30:00+00:00,0.0,0.0,0.0,0.0,0.31,0.83,0
2023-11-20 21:30:00+00:00,0.0,0.0,0.0,0.0,-0.13,0.9,0
2023-11-20 22:30:00+00:00,0.0,0.0,0.0,0.0,-0.46,0.9,0
2023-11-20 23:30:00+00:00,0.0,0.0,0.0,0.0,-0.53,0.9,0
2023-11-21 00:30:00+00:00,0.0,0.0,0.0,0.0,-0.57,0.83,0
2023-11-21 01:30:00+00:00,0.0,0.0,0.0,0.0,-0.66,1.03,0
2023-11-21 02:30:00+00:00,0.0,0.0,0.0,0.0,-1.53,1.03,0
2023-11-21 03:30:00+00:00,0.0,0.0,0.0,0.0,-2.36,1.03,0
2023-11-21 04:30:00+00:00,0.0,0.0,0.0,0.0,-2.85,1.03,0
2023-11-21 05:30:00+00:00,0.0,0.0,0.0,0.0,-2.84,1.03,0
2023-11-21 06:30:00+00:00,0.0,0.0,0.0,-2.07,-3.15,1.1,0
2023-11-21 07:30:00+00:00,0.0,27.03,2.12,6.64,-2.55,1.03,0
2023-11-21 08:30:00+00:00,260.41,98.32,7.6,14.04,-2.73,1.17,0
2023-11-21 09:30:00+00:00,296.61,128.94,10.6,19.65,-1.49,1.03,0
2023-11-21 10:30:00+00:00,434.02,133.47,13.45,22.97,-1.01,1.1,0
2023-11-21 11:30:00+00:00,578.85,115.95,15.37,23.63,-0.6,1.24,0
2023-11-21 12:30:00+00:00,291.79,148.12,11.76,21.55,-0.18,1.17,0
2023-11-21 13:30:00+00:00,328.24,111.76,9.64,16.98,-0.18,1.17,0
2023-11-21 14:30:00+00:00,227.27,56.29,4.83,10.37,-0.2,1.17,0
2023-11-21 15:30:00+00:00,0.0,7.53,0.59,2.23,0.47,0.83,0
2023-11-21 16:30:00+00:00,0.0,0.0,0.0,0.0,0.0,0.9,0
2023-11-21 17:30:00+00:00,0.0,0.0,0.0,0.0,-0.51,0.9,0
2023-11-21 18:30:00+00:00,0.0,0.0,0.0,0.0,-0.89,1.03,0
2023-11-21 19:30:00+00:00,0.0,0.0,0.0,0.0,-1.16,0.9,0
2023-11-21 20:30:00+00:00,0.0,0.0,0.0,0.0,-1.41,0.97,0
2023-11-21 21:30:00+00:00,0.0,0.0,0.0,0.0,-1.48,0.97,0
2023-11-21 22:30:00+00:00,0.0,0.0,0.0,0.0,-1.59,0.97,0
2023-11-21 23:30:00+00:00,0.0,0.0,0.0,0.0,-1.72,1.03,0
2023-11-22 00:30:00+00:00,0.0,0.0,0.0,0.0,-2.23,1.1,0
2023-11-22 01:30:00+00:00,0.0,0.0,0.0,0.0,-2.56,1.1,0
2023-11-22 02:30:00+00:00,0.0,0.0,0.0,0.0,-2.47,1.1,0
2023-11-22 03:30:00+00:00,0.0,0.0,0.0,0.0,-2.49,1.17,0
2023-11-22 04:30:00+00:00,0.0,0.0,0.0,0.0,-2.71,1.17,0
2023-11-22 05:30:00+00:00,0.0,0.0,0.0,0.0,-2.55,1.17,0
2023-11-22 06:30:00+00:00,0.0,0.0,0.0,-2.28,-2.3,1.1,0
2023-11-22 07:30:00+00:00,0.0,21.76,1.7,6.42,-1.95,1.1,0
2023-11-22 08:30:00+00:00,137.36,81.64,5.84,13.81,-2.19,1.17,0
2023-11-22 09:30:00+00:00,257.06,115.73,9.53,19.42,-2.17,1.24,0
2023-11-22 10:30:00+00:00,391.48,156.73,13.6,22.74,-1.45,1.17,0
2023-11-22 11:30:00+00:00,516.29,173.24,16.13,23.41,-1.19,1.03,0
2023-11-22 12:30:00+00:00,607.51,137.32,15.72,21.35,-0.79,1.1,0
2023-11-22 13:30:00+00:00,517.3,111.32,11.99,16.8,0.27,0.97,0
2023-11-22 14:30:00+00:00,329.24,69.15,6.09,10.22,0.2,0.97,0
2023-11-22 15:30:00+00:00,0.0,4.72,0.37,2.1,-0.15,0.97,0
2023-11-22 16:30:00+00:00,0.0,0.0,0.0,0.0,-0.8,0.76,0
2023-11-22 17:30:00+00:00,0.0,0.0,0.0,0.0,-1.25,0.69,0
2023-11-22 18:30:00+00:00,0.0,0.0,0.0,0.0,-1.63,0.69,0
2023-11-22 19:30:00+00:00,0.0,0.0,0.0,0.0,-2.29,0.69,0
2023-11-22 20:30:00+00:00,0.0,0.0,0.0,0.0,-2.64,0.69,0
2023-11-22 21:30:00+00:00,0.0,0.0,0.0,0.0,-2.99,0.41,0
2023-11-22 22:30:00+00:00,0.0,0.0,0.0,0.0,-3.51,0.34,0
2023-11-22 23:30:00+00:00,0.0,0.0,0.0,0.0,-4.11,0.34,0
2023-11-23 00:30:00+00:00,0.0,0.0,0.0,0.0,-4.42,0.41,0
2023-11-23 01:30:00+00:00,0.0,0.0,0.0,0.0,-4.85,0.41,0
2023-11-23 02:30:00+00:00,0.0,0.0,0.0,0.0,-4.45,0.55,0
2023-11-23 03:30:00+00:00,0.0,0.0,0.0,0.0,-3.85,0.62,0
2023-11-23 04:30:00+00:00,0.0,0.0,0.0,0.0,-3.25,0.62,0
2023-11-23 05:30:00+00:00,0.0,0.0,0.0,0.0,-2.95,0.62,0
2023-11-23 06:30:00+00:00,0.0,0.0,0.0,-2.48,-3.07,0.69,0
2023-11-23 07:30:00+00:00,0.0,15.03,1.18,6.21,-4.28,0.62,0
2023-11-23 08:30:00+00:00,458.1,89.51,9.34,13.59,-2.93,0.69,0
2023-11-23 09:30:00+00:00,689.94,97.48,15.1,19.2,-0.73,0.76,0
2023-11-23 10:30:00+00:00,757.74,105.47,17.7,22.52,2.08,0.83,0
2023-11-23 11:30:00+00:00,815.6,111.49,19.14,23.2,3.74,0.9,0
2023-11-23 12:30:00+00:00,718.98,105.79,16.55,21.16,4.77,0.9,0
2023-11-23 13:30:00+00:00,622.47,93.14,12.92,16.64,5.02,0.83,0
2023-11-23 14:30:00+00:00,385.86,67.29,6.53,10.07,4.8,0.83,0
2023-11-23 15:30:00+00:00,0.0,5.49,0.43,1.98,4.13,0.76,0
2023-11-23 16:30:00+00:00,0.0,0.0,0.0,0.0,3.16,0.69,0
2023-11-23 17:30:00+00:00,0.0,0.0,0.0,0.0,2.32,0.76,0
2023-11-23 18:30:00+00:00,0.0,0.0,0.0,0.0,1.93,0.9,0
2023-11-23 19:30:00+00:00,0.0,0.0,0.0,0.0,1.27,0.83,0
2023-11-23 20:30:00+00:00,0.0,0.0,0.0,0.0,1.12,0.83,0
2023-11-23 21:30:00+00:00,0.0,0.0,0.0,0.0,1.12,0.83,0
2023-11-23 22:30:00+00:00,0.0,0.0,0.0,0.0,1.2,0.83,0
2023-11-23 23:30:00+00:00,0.0,0.0,0.0,0.0,1.33,0.9,0
2023-11-24 00:30:00+00:00,0.0,0.0,0.0,0.0,1.49,1.03,0
2023-11-24 01:30:00+00:00,0.0,0.0,0.0,0.0,2.57,1.17,0
2023-11-24 02:30:00+00:00,0.0,0.0,0.0,0.0,2.44,1.24,0
2023-11-24 03:30:00+00:00,0.0,0.0,0.0,0.0,2.17,1.31,0
2023-11-24 04:30:00+00:00,0.0,0.0,0.0,0.0,1.84,1.38,0
2023-11-24 05:30:00+00:00,0.0,0.0,0.0,0.0,1.57,1.45,0
2023-11-24 06:30:00+00:00,0.0,0.0,0.0,-2.68,1.27,1.52,0
2023-11-24 07:30:00+00:00,0.0,14.62,1.14,6.0,0.5,1.45,0
2023-11-24 08:30:00+00:00,345.57,76.51,7.52,13.38,0.19,1.38,0
2023-11-24 09:30:00+00:00,507.26,98.08,12.13,18.98,0.04,1.45,0
2023-11-24 10:30:00+00:00,479.76,103.27,12.82,22.31,-0.48,1.52,0
2023-11-24 11:30:00+00:00,508.81,98.63,13.31,23.0,-1.09,1.79,0
2023-11-24 12:30:00+00:00,549.66,70.45,12.56,20.98,-1.46,1.93,0
2023-11-24 13:30:00+00:00,381.74,71.93,8.75,16.47,-1.45,2.07,0
2023-11-24 14:30:00+00:00,232.29,45.17,4.35,9.93,-1.53,1.79,0
2023-11-24 15:30:00+00:00,0.0,4.08,0.32,1.86,-2.27,1.79,0
2023-11-24 16:30:00+00:00,0.0,0.0,0.0,0.0,-1.83,1.52,0
2023-11-24 17:30:00+00:00,0.0,0.0,0.0,0.0,-3.52,1.66,0
2023-11-24 18:30:00+00:00,0.0,0.0,0.0,0.0,-4.6,1.79,0
2023-11-24 19:30:00+00:00,0.0,0.0,0.0,0.0,-4.3,1.66,0
2023-11-24 20:30:00+00:00,0.0,0.0,0.0,0.0,-5.35,1.66,0
2023-11-24 21:30:00+00:00,0.0,0.0,0.0,0.0,-6.88,1.59,0
2023-11-24 22:30:00+00:00,0.0,0.0,0.0,0.0,-7.37,1.59,0
2023-11-24 23:30:00+00:00,0.0,0.0,0.0,0.0,-7.65,1.52,0
2023-11-25 00:30:00+00:00,0.0,0.0,0.0,0.0,-8.2,1.66,0
2023-11-25 01:30:00+00:00,0.0,0.0,0.0,0.0,-8.27,1.79,0
2023-11-25 02:30:00+00:00,0.0,0.0,0.0,0.0,-8.49,1.66,0
2023-11-25 03:30:00+00:00,0.0,0.0,0.0,0.0,-8.8,1.79,0
2023-11-25 04:30:00+00:00,0.0,0.0,0.0,0.0,-8.47,1.52,0
2023-11-25 05:30:00+00:00,0.0,0.0,0.0,0.0,-8.44,1.38,0
2023-11-25 06:30:00+00:00,0.0,0.0,0.0,-2.88,-8.57,1.38,0
2023-11-25 07:30:00+00:00,0.0,23.81,1.86,5.79,-8.61,1.45,0
2023-11-25 08:30:00+00:00,112.38,106.52,6.72,13.17,-8.82,1.45,0
2023-11-25 09:30:00+00:00,157.52,164.57,10.71,18.76,-8.57,1.38,0
2023-11-25 10:30:00+00:00,235.98,182.23,12.7,22.1,-7.92,1.38,0
2023-11-25 11:30:00+00:00,431.38,238.29,16.97,22.8,-7.87,1.38,0
2023-11-25 12:30:00+00:00,346.78,184.89,13.49,20.8,-6.98,1.66,0
2023-11-25 13:30:00+00:00,310.71,154.76,10.66,16.32,-7.16,1.66,0
2023-11-25 14:30:00+00:00,93.64,55.02,3.67,9.8,-7.46,1.45,0
2023-11-25 15:30:00+00:00,0.0,5.84,0.46,1.74,-7.9,1.31,0
2023-11-25 16:30:00+00:00,0.0,0.0,0.0,0.0,-8.18,1.17,0
2023-11-25 17:30:00+00:00,0.0,0.0,0.0,0.0,-8.6,1.24,0
2023-11-25 18:30:00+00:00,0.0,0.0,0.0,0.0,-8.92,1.24,0
2023-11-25 19:30:00+00:00,0.0,0.0,0.0,0.0,-8.73,1.31,0
2023-11-25 20:30:00+00:00,0.0,0.0,0.0,0.0,-8.83,1.31,0
2023-11-25 21:30:00+00:00,0.0,0.0,0.0,0.0,-8.94,1.38,0
2023-11-25 22:30:00+00:00,0.0,0.0,0.0,0.0,-9.07,1.31,0
2023-11-25 23:30:00+00:00,0.0,0.0,0.0,0.0,-9.07,1.31,0
2023-11-26 00:30:00+00:00,0.0,0.0,0.0,0.0,-8.98,1.31,0
2023-11-26 01:30:00+00:00,0.0,0.0,0.0,0.0,-9.99,1.24,0
2023-11-26 02:30:00+00:00,0.0,0.0,0.0,0.0,-10.16,1.24,0
2023-11-26 03:30:00+00:00,0.0,0.0,0.0,0.0,-10.23,1.17,0
2023-11-26 04:30:00+00:00,0.0,0.0,0.0,0.0,-10.39,1.17,0
2023-11-26 05:30:00+00:00,0.0,0.0,0.0,0.0,-10.8,1.1,0
2023-11-26 06:30:00+00:00,0.0,0.0,0.0,-3.08,-11.04,1.03,0
2023-11-26 07:30:00+00:00,0.0,26.65,2.09,5.59,-12.37,1.03,0
2023-11-26 08:30:00+00:00,185.72,135.03,8.07,12.96,-12.19,0.9,0
2023-11-26 09:30:00+00:00,333.48,203.67,13.33,18.56,-11.29,0.83,0
2023-11-26 10:30:00+00:00,544.34,200.79,16.71,21.89,-10.05,0.97,0
2023-11-26 11:30:00+00:00,655.22,208.31,18.76,22.61,-8.99,1.03,0
2023-11-26 12:30:00+00:00,672.8,184.16,17.53,20.63,-7.98,1.1,0
2023-11-26 13:30:00+00:00,579.15,162.81,13.71,16.17,-6.61,1.1,0
2023-11-26 14:30:00+00:00,369.29,119.02,7.32,9.68,-5.81,0.97,0
2023-11-26 15:30:00+00:00,0.0,7.98,0.62,1.64,-6.36,0.76,0
2023-11-26 16:30:00+00:00,0.0,0.0,0.0,0.0,-7.15,0.69,0
2023-11-26 17:30:00+00:00,0.0,0.0,0.0,0.0,-7.89,0.62,0
2023-11-26 18:30:00+00:00,0.0,0.0,0.0,0.0,-8.68,0.55,0
2023-11-26 19:30:00+00:00,0.0,0.0,0.0,0.0,-8.83,0.48,0
2023-11-26 20:30:00+00:00,0.0,0.0,0.0,0.0,-9.67,0.41,0
2023-11-26 21:30:00+00:00,0.0,0.0,0.0,0.0,-10.58,0.41,0
2023-11-26 22:30:00+00:00,0.0,0.0,0.0,0.0,-11.4,0.34,0
2023-11-26 23:30:00+00:00,0.0,0.0,0.0,0.0,-12.39,0.34,0
2023-11-27 00:30:00+00:00,0.0,0.0,0.0,0.0,-13.34,0.28,0
2023-11-27 01:30:00+00:00,0.0,0.0,0.0,0.0,-13.08,0.28,0
2023-11-27 02:30:00+00:00,0.0,0.0,0.0,0.0,-12.84,0.28,0
2023-11-27 03:30:00+00:00,0.0,0.0,0.0,0.0,-12.53,0.34,0
2023-11-27 04:30:00+00:00,0.0,0.0,0.0,0.0,-12.18,0.34,0
2023-11-27 05:30:00+00:00,0.0,0.0,0.0,0.0,-11.92,0.34,0
2023-11-27 06:30:00+00:00,0.0,0.0,0.0,-3.27,-11.66,0.34,0
2023-11-27 07:30:00+00:00,0.0,25.91,2.03,5.39,-11.3,0.28,0
2023-11-27 08:30:00+00:00,364.44,141.89,9.29,12.76,-10.64,0.34,0
2023-11-27 09:30:00+00:00,534.56,186.31,14.72,18.35,-8.56,0.28,0
2023-11-27 10:30:00+00:00,505.89,225.51,16.9,21.7,-5.49,0.14,0
2023-11-27 11:30:00+00:00,238.27,205.4,13.78,22.43,-3.32,0.28,0
2023-11-27 12:30:00+00:00,95.66,165.58,10.85,20.47,-2.74,0.41,0
2023-11-27 13:30:00+00:00,44.48,111.75,7.32,16.03,-2.67,0.48,0
2023-11-27 14:30:00+00:00,32.85,61.16,3.89,9.56,-2.82,0.41,0
2023-11-27 15:30:00+00:00,0.0,7.95,0.62,1.54,-3.18,0.48,0
2023-11-27 16:30:00+00:00,0.0,0.0,0.0,0.0,-3.69,0.48,0
2023-11-27 17:30:00+00:00,0.0,0.0,0.0,0.0,-4.21,0.48,0
2023-11-27 18:30:00+00:00,0.0,0.0,0.0,0.0,-4.52,0.48,0
2023-11-27 19:30:00+00:00,0.0,0.0,0.0,0.0,-4.76,0.07,0
2023-11-27 20:30:00+00:00,0.0,0.0,0.0,0.0,-4.8,0.21,0
2023-11-27 21:30:00+00:00,0.0,0.0,0.0,0.0,-4.71,0.41,0
2023-11-27 22:30:00+00:00,0.0,0.0,0.0,0.0,-4.52,0.55,0
2023-11-27 23:30:00+00:00,0.0,0.0,0.0,0.0,-4.51,0.62,0
2023-11-28 00:30:00+00:00,0.0,0.0,0.0,0.0,-4.5,0.69,0
2023-11-28 01:30:00+00:00,0.0,0.0,0.0,0.0,-4.02,0.83,0
2023-11-28 02:30:00+00:00,0.0,0.0,0.0,0.0,-4.23,0.97,0
2023-11-28 03:30:00+00:00,0.0,0.0,0.0,0.0,-5.0,1.03,0
2023-11-28 04:30:00+00:00,0.0,0.0,0.0,0.0,-5.15,1.03,0
2023-11-28 05:30:00+00:00,0.0,0.0,0.0,0.0,-5.52,1.03,0
2023-11-28 06:30:00+00:00,0.0,0.0,0.0,-3.46,-6.55,1.17,0
2023-11-28 07:30:00+00:00,0.0,15.86,1.24,5.2,-5.27,1.24,0
2023-11-28 08:30:00+00:00,157.88,92.33,6.1,12.56,-5.36,1.03,0
2023-11-28 09:30:00+00:00,306.99,146.66,10.82,18.16,-5.32,1.1,0
2023-11-28 10:30:00+00:00,251.58,174.64,12.3,21.51,-5.17,1.24,0
2023-11-28 11:30:00+00:00,184.72,165.56,11.51,22.25,-5.13,1.31,0
2023-11-28 12:30:00+00:00,169.61,141.58,9.92,20.31,-4.99,1.31,0
2023-11-28 13:30:00+00:00,145.37,112.32,7.6,15.89,-5.32,1.52,0
2023-11-28 14:30:00+00:00,148.63,67.08,4.3,9.44,-5.8,1.66,0
2023-11-28 15:30:00+00:00,0.0,6.35,0.5,1.45,-6.26,1.72,0
2023-11-28 16:30:00+00:00,0.0,0.0,0.0,0.0,-6.28,1.45,0
2023-11-28 17:30:00+00:00,0.0,0.0,0.0,0.0,-6.65,1.45,0
2023-11-28 18:30:00+00:00,0.0,0.0,0.0,0.0,-6.98,1.38,0
2023-11-28 19:30:00+00:00,0.0,0.0,0.0,0.0,-6.84,1.24,0
2023-11-28 20:30:00+00:00,0.0,0.0,0.0,0.0,-7.06,1.17,0
2023-11-28 21:30:00+00:00,0.0,0.0,0.0,0.0,-7.26,1.1,0
2023-11-28 22:30:00+00:00,0.0,0.0,0.0,0.0,-7.4,1.03,0
2023-11-28 23:30:00+00:00,0.0,0.0,0.0,0.0,-7.92,0.9,0
2023-11-29 00:30:00+00:00,0.0,0.0,0.0,0.0,-8.68,0.83,0
2023-11-29 01:30:00+00:00,0.0,0.0,0.0,0.0,-10.13,0.76,0
2023-11-29 02:30:00+00:00,0.0,0.0,0.0,0.0,-11.3,0.69,0
2023-11-29 03:30:00+00:00,0.0,0.0,0.0,0.0,-13.62,0.62,0
2023-11-29 04:30:00+00:00,0.0,0.0,0.0,0.0,-14.91,0.62,0
2023-11-29 05:30:00+00:00,0.0,0.0,0.0,0.0,-15.88,0.62,0
2023-11-29 06:30:00+00:00,0.0,0.0,0.0,-3.64,-16.19,0.55,0
2023-11-29 07:30:00+00:00,0.0,18.8,1.47,5.01,-13.89,0.55,0
2023-11-29 08:30:00+00:00,511.64,141.94,10.42,12.37,-13.89,0.48,0
2023-11-29 09:30:00+00:00,707.76,170.77,16.31,17.97,-12.93,0.41,0
2023-11-29 10:30:00+00:00,831.93,174.47,19.84,21.32,-11.03,0.34,0
2023-11-29 11:30:00+00:00,852.32,179.1,20.63,22.08,-8.95,0.28,0
2023-11-29 12:30:00+00:00,780.83,174.84,18.52,20.16,-7.33,0.28,0
2023-11-29 13:30:00+00:00,542.13,179.17,13.36,15.77,-6.51,0.28,0
2023-11-29 14:30:00+00:00,269.86,126.57,6.69,9.34,-6.58,0.14,0
2023-11-29 15:30:00+00:00,0.0,9.41,0.74,1.36,-7.49,0.14,0
2023-11-29 16:30:00+00:00,0.0,0.0,0.0,0.0,-8.44,0.21,0
2023-11-29 17:30:00+00:00,0.0,0.0,0.0,0.0,-9.27,0.21,0
2023-11-29 18:30:00+00:00,0.0,0.0,0.0,0.0,-9.99,0.21,0
2023-11-29 19:30:00+00:00,0.0,0.0,0.0,0.0,-9.67,0.21,0
2023-11-29 20:30:00+00:00,0.0,0.0,0.0,0.0,-9.49,0.28,0
2023-11-29 21:30:00+00:00,0.0,0.0,0.0,0.0,-9.21,0.28,0
2023-11-29 22:30:00+00:00,0.0,0.0,0.0,0.0,-8.94,0.34,0
2023-11-29 23:30:00+00:00,0.0,0.0,0.0,0.0,-8.53,0.34,0
2023-11-30 00:30:00+00:00,0.0,0.0,0.0,0.0,-8.04,0.41,0
2023-11-30 01:30:00+00:00,0.0,0.0,0.0,0.0,-8.46,0.34,0
2023-11-30 02:30:00+00:00,0.0,0.0,0.0,0.0,-8.35,0.34,0
2023-11-30 03:30:00+00:00,0.0,0.0,0.0,0.0,-8.16,0.41,0
2023-11-30 04:30:00+00:00,0.0,0.0,0.0,0.0,-8.01,0.48,0
2023-11-30 05:30:00+00:00,0.0,0.0,0.0,0.0,-7.75,0.41,0
2023-11-30 06:30:00+00:00,0.0,0.0,0.0,-3.82,-7.38,0.48,0
2023-11-30 07:30:00+00:00,0.0,11.42,0.89,4.83,-7.77,0.62,0
2023-11-30 08:30:00+00:00,0.0,30.96,2.07,12.18,-7.35,0.69,0
2023-11-30 09:30:00+00:00,0.0,50.21,3.35,17.78,-6.87,0.69,0
2023-11-30 10:30:00+00:00,0.0,70.02,4.67,21.15,-6.39,0.48,0
2023-11-30 11:30:00+00:00,2.78,113.59,7.59,21.92,-5.76,0.21,0
2023-11-30 12:30:00+00:00,7.18,128.6,8.57,20.01,-4.84,0.21,0
2023-11-30 13:30:00+00:00,0.63,91.68,6.12,15.65,-3.77,0.28,0
2023-11-30 14:30:00+00:00,4.29,54.04,3.58,9.24,-3.21,0.28,0
2023-11-30 15:30:00+00:00,0.0,6.77,0.53,1.28,-2.95,0.34,0
2023-11-30 16:30:00+00:00,0.0,0.0,0.0,0.0,-2.89,0.28,0
2023-11-30 17:30:00+00:00,0.0,0.0,0.0,0.0,-2.87,0.21,0
2023-11-30 18:30:00+00:00,0.0,0.0,0.0,0.0,-2.8,0.14,0
2023-11-30 19:30:00+00:00,0.0,0.0,0.0,0.0,-2.97,0.07,0
2023-11-30 20:30:00+00:00,0.0,0.0,0.0,0.0,-2.83,0.0,0
2023-11-30 21:30:00+00:00,0.0,0.0,0.0,0.0,-2.69,0.0,0
2023-11-30 22:30:00+00:00,0.0,0.0,0.0,0.0,-2.63,0.0,0
2023-11-30 23:30:00+00:00,0.0,0.0,0.0,0.0,-2.6,0.07,0
2023-12-01 00:30:00+00:00,0.0,0.0,0.0,0.0,-2.66,0.07,0
2023-12-01 01:30:00+00:00,0.0,0.0,0.0,0.0,-2.77,0.14,0
2023-12-01 02:30:00+00:00,0.0,0.0,0.0,0.0,-2.77,0.14,0
2023-12-01 03:30:00+00:00,0.0,0.0,0.0,0.0,-2.72,0.14,0
2023-12-01 04:30:00+00:00,0.0,0.0,0.0,0.0,-2.58,0.21,0
2023-12-01 05:30:00+00:00,0.0,0.0,0.0,0.0,-2.55,0.21,0
2023-12-01 06:30:00+00:00,0.0,0.0,0.0,-4.0,-2.45,0.21,0
2023-12-01 07:30:00+00:00,0.0,12.41,0.97,4.65,-2.39,0.21,0
2023-12-01 08:30:00+00:00,0.0,49.35,3.3,12.0,-2.22,0.21,0
2023-12-01 09:30:00+00:00,8.85,64.51,4.36,17.6,-1.83,0.14,0
2023-12-01 10:30:00+00:00,28.47,104.68,7.1,20.97,-1.48,0.34,0
2023-12-01 11:30:00+00:00,0.0,84.02,5.61,21.76,-0.75,0.55,0
2023-12-01 12:30:00+00:00,0.0,57.66,3.85,19.88,-0.6,0.48,0
2023-12-01 13:30:00+00:00,0.0,38.9,2.6,15.53,-0.68,0.48,0
2023-12-01 14:30:00+00:00,0.0,30.18,2.01,9.15,-0.83,0.55,0
2023-12-01 15:30:00+00:00,0.0,2.71,0.21,1.21,-0.99,0.41,0
2023-12-01 16:30:00+00:00,0.0,0.0,0.0,0.0,-1.1,0.41,0
2023-12-01 17:30:00+00:00,0.0,0.0,0.0,0.0,-1.32,0.41,0
2023-12-01 18:30:00+00:00,0.0,0.0,0.0,0.0,-1.56,0.62,0
2023-12-01 19:30:00+00:00,0.0,0.0,0.0,0.0,-2.54,0.55,0
2023-12-01 20:30:00+00:00,0.0,0.0,0.0,0.0,-2.47,0.62,0
2023-12-01 21:30:00+00:00,0.0,0.0,0.0,0.0,-2.46,0.69,0
2023-12-01 22:30:00+00:00,0.0,0.0,0.0,0.0,-2.64,0.76,0
2023-12-01 23:30:00+00:00,0.0,0.0,0.0,0.0,-2.74,0.76,0
2023-12-02 00:30:00+00:00,0.0,0.0,0.0,0.0,-3.27,0.9,0
2023-12-02 01:30:00+00:00,0.0,0.0,0.0,0.0,-3.08,1.03,0
2023-12-02 02:30:00+00:00,0.0,0.0,0.0,0.0,-3.69,1.1,0
2023-12-02 03:30:00+00:00,0.0,0.0,0.0,0.0,-4.13,1.17,0
2023-12-02 04:30:00+00:00,0.0,0.0,0.0,0.0,-4.5,1.24,0
2023-12-02 05:30:00+00:00,0.0,0.0,0.0,0.0,-4.9,1.31,0
2023-12-02 06:30:00+00:00,0.0,0.0,0.0,-4.17,-5.22,1.38,0
2023-12-02 07:30:00+00:00,0.0,15.51,1.21,4.47,-5.68,1.45,0
2023-12-02 08:30:00+00:00,2.22,57.92,3.86,11.83,-5.72,1.52,0
2023-12-02 09:30:00+00:00,5.06,98.91,6.6,17.43,-5.63,1.72,0
2023-12-02 10:30:00+00:00,61.01,137.95,9.22,20.81,-5.63,1.66,0
2023-12-02 11:30:00+00:00,46.95,139.15,9.31,21.61,-5.8,1.72,0
2023-12-02 12:30:00+00:00,63.65,152.4,9.98,19.75,-5.96,1.66,0
2023-12-02 13:30:00+00:00,176.89,146.99,9.15,15.42,-6.15,1.72,0
2023-12-02 14:30:00+00:00,127.9,77.31,4.51,9.06,-6.58,1.72,0
2023-12-02 15:30:00+00:00,0.0,6.8,0.53,1.14,-7.21,1.59,0
2023-12-02 16:30:00+00:00,0.0,0.0,0.0,0.0,-8.06,1.52,0
2023-12-02 17:30:00+00:00,0.0,0.0,0.0,0.0,-8.6,1.45,0
2023-12-02 18:30:00+00:00,0.0,0.0,0.0,0.0,-9.16,1.38,0
2023-12-02 19:30:00+00:00,0.0,0.0,0.0,0.0,-9.62,1.24,0
2023-12-02 20:30:00+00:00,0.0,0.0,0.0,0.0,-10.19,1.24,0
2023-12-02 21:30:00+00:00,0.0,0.0,0.0,0.0,-10.5,1.24,0
2023-12-02 22:30:00+00:00,0.0,0.0,0.0,0.0,-11.0,1.1,0
2023-12-02 23:30:00+00:00,0.0,0.0,0.0,0.0,-11.51,0.97,0
2023-12-03 00:30:00+00:00,0.0,0.0,0.0,0.0,-11.72,0.9,0
2023-12-03 01:30:00+00:00,0.0,0.0,0.0,0.0,-13.66,0.76,0
2023-12-03 02:30:00+00:00,0.0,0.0,0.0,0.0,-14.31,0.76,0
2023-12-03 03:30:00+00:00,0.0,0.0,0.0,0.0,-15.76,0.62,0
2023-12-03 04:30:00+00:00,0.0,0.0,0.0,0.0,-17.12,0.62,0
2023-12-03 05:30:00+00:00,0.0,0.0,0.0,0.0,-17.87,0.62,0
2023-12-03 06:30:00+00:00,0.0,0.0,0.0,-4.34,-19.08,0.55,0
2023-12-03 07:30:00+00:00,0.0,18.35,1.44,4.3,-16.91,0.48,0
2023-12-03 08:30:00+00:00,443.88,157.98,9.67,11.66,-16.73,0.48,0
2023-12-03 09:30:00+00:00,645.48,193.83,15.54,17.26,-15.59,0.48,0
2023-12-03 10:30:00+00:00,836.99,175.3,19.41,20.65,-13.62,0.41,0
2023-12-03 11:30:00+00:00,855.99,178.28,20.16,21.47,-10.76,0.34,0
2023-12-03 12:30:00+00:00,786.44,171.64,18.07,19.63,-8.78,0.28,0
2023-12-03 13:30:00+00:00,597.39,161.44,13.2,15.33,-7.91,0.21,0
2023-12-03 14:30:00+00:00,394.93,116.29,6.93,8.98,-8.29,0.14,0
2023-12-03 15:30:00+00:00,0.0,6.16,0.48,1.08,-9.26,0.07,0
2023-12-03 16:30:00+00:00,0.0,0.0,0.0,0.0,-10.48,0.14,0
2023-12-03 17:30:00+00:00,0.0,0.0,0.0,0.0,-11.69,0.07,0
2023-12-03 18:30:00+00:00,0.0,0.0,0.0,0.0,-12.62,0.07,0
2023-12-03 19:30:00+00:00,0.0,0.0,0.0,0.0,-13.33,0.0,0
2023-12-03 20:30:00+00:00,0.0,0.0,0.0,0.0,-13.91,0.07,0
2023-12-03 21:30:00+00:00,0.0,0.0,0.0,0.0,-14.22,0.14,0
2023-12-03 22:30:00+00:00,0.0,0.0,0.0,0.0,-14.35,0.21,0
2023-12-03 23:30:00+00:00,0.0,0.0,0.0,0.0,-14.24,0.28,0
2023-12-04 00:30:00+00:00,0.0,0.0,0.0,0.0,-14.46,0.34,0
2023-12-04 01:30:00+00:00,0.0,0.0,0.0,0.0,-16.6,0.28,0
2023-12-04 02:30:00+00:00,0.0,0.0,0.0,0.0,-18.2,0.21,0
2023-12-04 03:30:00+00:00,0.0,0.0,0.0,0.0,-18.31,0.28,0
2023-12-04 04:30:00+00:00,0.0,0.0,0.0,0.0,-17.48,0.34,0
2023-12-04 05:30:00+00:00,0.0,0.0,0.0,0.0,-16.49,0.41,0
2023-12-04 06:30:00+00:00,0.0,0.0,0.0,0.0,-15.64,0.48,0
2023-12-04 07:30:00+00:00,0.0,20.52,1.61,4.14,-13.84,0.55,0
2023-12-04 08:30:00+00:00,52.16,88.67,5.54,11.49,-12.84,0.62,0
2023-12-04 09:30:00+00:00,102.67,149.62,9.48,17.1,-11.96,0.69,0
2023-12-04 10:30:00+00:00,232.7,206.79,13.24,20.5,-11.13,0.9,0
2023-12-04 11:30:00+00:00,166.81,201.7,12.94,21.34,-10.49,1.03,0
2023-12-04 12:30:00+00:00,61.15,143.5,9.43,19.51,-10.21,1.03,0
2023-12-04 13:30:00+00:00,14.8,102.87,6.8,15.23,-9.88,0.97,0
2023-12-04 14:30:00+00:00,2.24,43.25,2.88,8.91,-9.64,0.9,0
2023-12-04 15:30:00+00:00,0.0,5.3,0.42,1.02,-9.79,0.83,0
2023-12-04 16:30:00+00:00,0.0,0.0,0.0,0.0,-9.89,0.76,0
2023-12-04 17:30:00+00:00,0.0,0.0,0.0,0.0,-9.84,0.76,0
2023-12-04 18:30:00+00:00,0.0,0.0,0.0,0.0,-9.87,0.69,0
2023-12-04 19:30:00+00:00,0.0,0.0,0.0,0.0,-10.83,0.55,0
2023-12-04 20:30:00+00:00,0.0,0.0,0.0,0.0,-11.15,0.55,0
2023-12-04 21:30:00+00:00,0.0,0.0,0.0,0.0,-11.45,0.41,0
2023-12-04 22:30:00+00:00,0.0,0.0,0.0,0.0,-11.69,0.34,0
2023-12-04 23:30:00+00:00,0.0,0.0,0.0,0.0,-11.94,0.28,0
2023-12-05 00:30:00+00:00,0.0,0.0,0.0,0.0,-12.15,0.14,0
2023-12-05 01:30:00+00:00,0.0,0.0,0.0,0.0,-11.05,0.07,0
2023-12-05 02:30:00+00:00,0.0,0.0,0.0,0.0,-11.22,0.07,0
2023-12-05 03:30:00+00:00,0.0,0.0,0.0,0.0,-11.34,0.14,0
2023-12-05 04:30:00+00:00,0.0,0.0,0.0,0.0,-11.5,0.21,0
2023-12-05 05:30:00+00:00,0.0,0.0,0.0,0.0,-11.49,0.21,0
2023-12-05 06:30:00+00:00,0.0,0.0,0.0,0.0,-12.05,0.28,0
2023-12-05 07:30:00+00:00,0.0,17.07,1.34,3.97,-12.32,0.21,0
2023-12-05 08:30:00+00:00,0.0,57.54,4.51,11.33,-11.5,0.34,0
2023-12-05 09:30:00+00:00,250.38,171.4,10.86,16.95,-10.63,0.41,0
2023-12-05 10:30:00+00:00,442.24,238.74,15.9,20.35,-9.15,0.55,0
2023-12-05 11:30:00+00:00,462.24,201.73,15.19,21.21,-7.09,0.76,0
2023-12-05 12:30:00+00:00,502.04,224.71,15.66,19.4,-5.8,0.76,0
2023-12-05 13:30:00+00:00,333.74,181.62,11.1,15.15,-4.77,0.76,0
2023-12-05 14:30:00+00:00,230.92,115.78,5.95,8.85,-4.86,0.76,0
2023-12-05 15:30:00+00:00,0.0,7.18,0.56,0.98,-5.47,0.69,0
2023-12-05 16:30:00+00:00,0.0,0.0,0.0,0.0,-6.08,0.69,0
2023-12-05 17:30:00+00:00,0.0,0.0,0.0,0.0,-7.08,0.76,0
2023-12-05 18:30:00+00:00,0.0,0.0,0.0,0.0,-8.35,0.76,0
2023-12-05 19:30:00+00:00,0.0,0.0,0.0,0.0,-8.2,0.76,0
2023-12-05 20:30:00+00:00,0.0,0.0,0.0,0.0,-8.68,0.76,0
2023-12-05 21:30:00+00:00,0.0,0.0,0.0,0.0,-9.66,0.76,0
2023-12-05 22:30:00+00:00,0.0,0.0,0.0,0.0,-10.1,0.76,0
2023-12-05 23:30:00+00:00,0.0,0.0,0.0,0.0,-10.87,0.69,0
2023-12-06 00:30:00+00:00,0.0,0.0,0.0,0.0,-10.99,0.69,0
2023-12-06 01:30:00+00:00,0.0,0.0,0.0,0.0,-10.94,0.69,0
2023-12-06 02:30:00+00:00,0.0,0.0,0.0,0.0,-11.39,0.69,0
2023-12-06 03:30:00+00:00,0.0,0.0,0.0,0.0,-11.82,0.69,0
2023-12-06 04:30:00+00:00,0.0,0.0,0.0,0.0,-13.22,0.69,0
2023-12-06 05:30:00+00:00,0.0,0.0,0.0,0.0,-14.47,0.69,0
2023-12-06 06:30:00+00:00,0.0,0.0,0.0,0.0,-15.26,0.62,0
2023-12-06 07:30:00+00:00,0.0,16.98,1.33,3.82,-14.72,0.69,0
2023-12-06 08:30:00+00:00,0.0,63.28,4.96,11.18,-14.34,0.62,0
2023-12-06 09:30:00+00:00,332.86,178.19,11.59,16.8,-13.01,0.62,0
2023-12-06 10:30:00+00:00,413.48,195.85,14.11,20.22,-11.61,0.55,0
2023-12-06 11:30:00+00:00,371.92,212.95,14.6,21.09,-9.88,0.62,0
2023-12-06 12:30:00+00:00,473.32,190.29,14.23,19.3,-8.63,0.62,0
2023-12-06 13:30:00+00:00,355.24,152.29,10.27,15.07,-7.38,0.69,0
2023-12-06 14:30:00+00:00,185.02,102.17,5.38,8.79,-7.54,0.69,0
2023-12-06 15:30:00+00:00,0.0,6.45,0.51,0.94,-8.98,0.62,0
2023-12-06 16:30:00+00:00,0.0,0.0,0.0,0.0,-10.24,0.55,0
2023-12-06 17:30:00+00:00,0.0,0.0,0.0,0.0,-11.87,0.55,0
2023-12-06 18:30:00+00:00,0.0,0.0,0.0,0.0,-13.46,0.55,0
2023-12-06 19:30:00+00:00,0.0,0.0,0.0,0.0,-13.03,0.69,0
2023-12-06 20:30:00+00:00,0.0,0.0,0.0,0.0,-13.47,0.62,0
2023-12-06 21:30:00+00:00,0.0,0.0,0.0,0.0,-13.91,0.55,0
2023-12-06 22:30:00+00:00,0.0,0.0,0.0,0.0,-14.3,0.55,0
2023-12-06 23:30:00+00:00,0.0,0.0,0.0,0.0,-14.77,0.55,0
2023-12-07 00:30:00+00:00,0.0,0.0,0.0,0.0,-15.4,0.55,0
2023-12-07 01:30:00+00:00,0.0,0.0,0.0,0.0,-16.52,0.48,0
2023-12-07 02:30:00+00:00,0.0,0.0,0.0,0.0,-17.13,0.41,0
2023-12-07 03:30:00+00:00,0.0,0.0,0.0,0.0,-17.14,0.41,0
2023-12-07 04:30:00+00:00,0.0,0.0,0.0,0.0,-17.78,0.48,0
2023-12-07 05:30:00+00:00,0.0,0.0,0.0,0.0,-17.92,0.41,0
2023-12-07 06:30:00+00:00,0.0,0.0,0.0,0.0,-18.11,0.41,0
2023-12-07 07:30:00+00:00,0.0,14.07,1.1,3.67,-16.05,0.28,0
2023-12-07 08:30:00+00:00,0.0,39.76,3.11,11.03,-15.05,0.28,0
2023-12-07 09:30:00+00:00,642.98,162.65,14.31,16.65,-12.77,0.14,0
2023-12-07 10:30:00+00:00,820.88,152.02,18.18,20.09,-9.45,0.21,0
2023-12-07 11:30:00+00:00,850.37,150.07,19.0,20.97,-6.49,0.28,0
2023-12-07 12:30:00+00:00,776.86,146.06,16.97,19.21,-4.84,0.41,0
2023-12-07 13:30:00+00:00,532.0,154.07,12.0,15.0,-4.28,0.48,0
2023-12-07 14:30:00+00:00,178.37,99.35,5.25,8.74,-4.45,0.34,0
2023-12-07 15:30:00+00:00,0.0,6.96,0.54,0.9,-4.99,0.28,0
2023-12-07 16:30:00+00:00,0.0,0.0,0.0,0.0,-5.5,0.34,0
2023-12-07 17:30:00+00:00,0.0,0.0,0.0,0.0,-5.79,0.41,0
2023-12-07 18:30:00+00:00,0.0,0.0,0.0,0.0,-5.97,0.48,0
2023-12-07 19:30:00+00:00,0.0,0.0,0.0,0.0,-5.66,0.48,0
2023-12-07 20:30:00+00:00,0.0,0.0,0.0,0.0,-5.62,0.55,0
2023-12-07 21:30:00+00:00,0.0,0.0,0.0,0.0,-5.7,0.69,0
2023-12-07 22:30:00+00:00,0.0,0.0,0.0,0.0,-5.56,0.76,0
2023-12-07 23:30:00+00:00,0.0,0.0,0.0,0.0,-5.43,0.76,0
2023-12-08 00:30:00+00:00,0.0,0.0,0.0,0.0,-5.36,0.76,0
2023-12-08 01:30:00+00:00,0.0,0.0,0.0,0.0,-5.7,0.83,0
2023-12-08 02:30:00+00:00,0.0,0.0,0.0,0.0,-5.73,0.76,0
2023-12-08 03:30:00+00:00,0.0,0.0,0.0,0.0,-5.87,0.69,0
2023-12-08 04:30:00+00:00,0.0,0.0,0.0,0.0,-5.96,0.55,0
2023-12-08 05:30:00+00:00,0.0,0.0,0.0,0.0,-6.03,0.34,0
2023-12-08 06:30:00+00:00,0.0,0.0,0.0,0.0,-6.06,0.21,0
2023-12-08 07:30:00+00:00,0.0,8.71,0.68,3.52,-6.52,0.28,0
2023-12-08 08:30:00+00:00,0.0,38.36,3.0,10.88,-6.51,0.21,0
2023-12-08 09:30:00+00:00,0.62,86.38,5.77,16.52,-6.13,0.14,0
2023-12-08 10:30:00+00:00,8.35,133.31,8.88,19.96,-5.41,0.21,0
2023-12-08 11:30:00+00:00,11.91,129.55,8.64,20.86,-4.46,0.28,0
2023-12-08 12:30:00+00:00,2.89,103.28,6.9,19.12,-4.03,0.21,0
2023-12-08 13:30:00+00:00,1.48,66.55,4.44,14.93,-3.82,0.14,0
2023-12-08 14:30:00+00:00,2.08,35.76,2.38,8.69,-3.79,0.14,0
2023-12-08 15:30:00+00:00,0.0,4.31,0.34,0.87,-3.81,0.21,0
2023-12-08 16:30:00+00:00,0.0,0.0,0.0,0.0,-3.82,0.41,0
2023-12-08 17:30:00+00:00,0.0,0.0,0.0,0.0,-3.66,0.55,0
2023-12-08 18:30:00+00:00,0.0,0.0,0.0,0.0,-3.5,0.69,0
2023-12-08 19:30:00+00:00,0.0,0.0,0.0,0.0,-3.53,0.76,0
2023-12-08 20:30:00+00:00,0.0,0.0,0.0,0.0,-3.44,0.69,0
2023-12-08 21:30:00+00:00,0.0,0.0,0.0,0.0,-3.41,0.76,0
2023-12-08 22:30:00+00:00,0.0,0.0,0.0,0.0,-3.4,0.83,0
2023-12-08 23:30:00+00:00,0.0,0.0,0.0,0.0,-3.27,0.76,0
2023-12-09 00:30:00+00:00,0.0,0.0,0.0,0.0,-3.38,0.69,0
2023-12-09 01:30:00+00:00,0.0,0.0,0.0,0.0,-3.36,0.69,0
2023-12-09 02:30:00+00:00,0.0,0.0,0.0,0.0,-4.42,0.62,0
2023-12-09 03:30:00+00:00,0.0,0.0,0.0,0.0,-5.0,0.41,0
2023-12-09 04:30:00+00:00,0.0,0.0,0.0,0.0,-5.54,0.48,0
2023-12-09 05:30:00+00:00,0.0,0.0,0.0,0.0,-6.32,0.41,0
2023-12-09 06:30:00+00:00,0.0,0.0,0.0,0.0,-7.12,0.41,0
2023-12-09 07:30:00+00:00,0.0,14.36,1.12,3.38,-9.51,0.21,0
2023-12-09 08:30:00+00:00,0.0,50.04,3.92,10.75,-9.77,0.14,0
2023-12-09 09:30:00+00:00,20.06,110.77,7.31,16.39,-8.93,0.21,0
2023-12-09 10:30:00+00:00,0.0,93.9,6.27,19.85,-6.81,0.21,0
2023-12-09 11:30:00+00:00,0.0,98.28,6.56,20.77,-4.93,0.21,0
2023-12-09 12:30:00+00:00,9.28,72.39,4.89,19.04,-4.0,0.34,0
2023-12-09 13:30:00+00:00,10.25,83.34,5.54,14.88,-3.7,0.28,0
2023-12-09 14:30:00+00:00,17.18,38.32,2.51,8.66,-3.38,0.41,0
2023-12-09 15:30:00+00:00,0.0,3.67,0.29,0.85,-3.71,0.34,0
2023-12-09 16:30:00+00:00,0.0,0.0,0.0,0.0,-3.89,0.34,0
2023-12-09 17:30:00+00:00,0.0,0.0,0.0,0.0,-4.0,0.21,0
2023-12-09 18:30:00+00:00,0.0,0.0,0.0,0.0,-4.07,0.21,0
2023-12-09 19:30:00+00:00,0.0,0.0,0.0,0.0,-4.2,0.14,0
2023-12-09 20:30:00+00:00,0.0,0.0,0.0,0.0,-4.01,0.28,0
2023-12-09 21:30:00+00:00,0.0,0.0,0.0,0.0,-4.14,0.48,0
2023-12-09 22:30:00+00:00,0.0,0.0,0.0,0.0,-4.61,1.03,0
2023-12-09 23:30:00+00:00,0.0,0.0,0.0,0.0,-5.57,1.24,0
2023-12-10 00:30:00+00:00,0.0,0.0,0.0,0.0,-6.21,1.45,0
2023-12-10 01:30:00+00:00,0.0,0.0,0.0,0.0,-5.71,1.31,0
2023-12-10 02:30:00+00:00,0.0,0.0,0.0,0.0,-5.6,1.31,0
2023-12-10 03:30:00+00:00,0.0,0.0,0.0,0.0,-5.91,1.31,0
2023-12-10 04:30:00+00:00,0.0,0.0,0.0,0.0,-6.02,1.38,0
2023-12-10 05:30:00+00:00,0.0,0.0,0.0,0.0,-5.84,1.31,0
2023-12-10 06:30:00+00:00,0.0,0.0,0.0,0.0,-5.69,1.31,0
2023-12-10 07:30:00+00:00,0.0,13.91,1.09,3.24,-4.84,1.24,0
2023-12-10 08:30:00+00:00,0.0,51.09,4.0,10.62,-3.93,1.17,0
2023-12-10 09:30:00+00:00,211.0,161.49,10.03,16.27,-3.75,1.17,0
2023-12-10 10:30:00+00:00,203.1,184.88,11.89,19.74,-3.87,1.45,0
2023-12-10 11:30:00+00:00,107.55,181.93,11.69,20.67,-3.33,1.24,0
2023-12-10 12:30:00+00:00,349.04,197.21,13.08,18.97,-2.84,1.1,0
2023-12-10 13:30:00+00:00,578.69,155.22,12.4,14.83,-1.58,0.9,0
2023-12-10 14:30:00+00:00,284.97,107.34,5.79,8.63,-1.64,0.69,0
2023-12-10 15:30:00+00:00,0.0,7.15,0.56,0.84,-2.43,0.55,0
2023-12-10 16:30:00+00:00,0.0,0.0,0.0,0.0,-3.21,0.55,0
2023-12-10 17:30:00+00:00,0.0,0.0,0.0,0.0,-3.58,0.41,0
2023-12-10 18:30:00+00:00,0.0,0.0,0.0,0.0,-3.6,0.34,0
2023-12-10 19:30:00+00:00,0.0,0.0,0.0,0.0,-3.62,0.28,0
2023-12-10 20:30:00+00:00,0.0,0.0,0.0,0.0,-3.5,0.21,0
2023-12-10 21:30:00+00:00,0.0,0.0,0.0,0.0,-3.61,0.41,0
2023-12-10 22:30:00+00:00,0.0,0.0,0.0,0.0,-3.86,0.34,0
2023-12-10 23:30:00+00:00,0.0,0.0,0.0,0.0,-3.99,0.41,0
2023-12-11 00:30:00+00:00,0.0,0.0,0.0,0.0,-4.37,0.48,0
2023-12-11 01:30:00+00:00,0.0,0.0,0.0,0.0,-4.74,0.55,0
2023-12-11 02:30:00+00:00,0.0,0.0,0.0,0.0,-4.54,0.62,0
2023-12-11 03:30:00+00:00,0.0,0.0,0.0,0.0,-4.19,0.69,0
2023-12-11 04:30:00+00:00,0.0,0.0,0.0,0.0,-3.93,0.69,0
2023-12-11 05:30:00+00:00,0.0,0.0,0.0,0.0,-3.49,0.69,0
2023-12-11 06:30:00+00:00,0.0,0.0,0.0,0.0,-2.63,0.76,0
2023-12-11 07:30:00+00:00,0.0,9.19,0.72,3.11,-2.41,0.34,0
2023-12-11 08:30:00+00:00,0.0,33.89,2.65,10.49,-2.04,0.34,0
2023-12-11 09:30:00+00:00,9.68,82.29,5.49,16.15,-1.76,0.48,0
2023-12-11 10:30:00+00:00,49.92,116.19,7.8,19.63,-0.81,0.62,0
2023-12-11 11:30:00+00:00,34.77,123.52,8.26,20.59,-0.03,0.62,0
2023-12-11 12:30:00+00:00,20.46,91.45,6.16,18.91,0.41,0.76,0
2023-12-11 13:30:00+00:00,79.95,84.09,5.66,14.78,0.54,0.83,0
2023-12-11 14:30:00+00:00,80.17,48.95,3.09,8.6,0.77,0.83,0
2023-12-11 15:30:00+00:00,0.0,4.85,0.38,0.83,0.51,0.9,0
2023-12-11 16:30:00+00:00,0.0,0.0,0.0,0.0,0.53,0.83,0
2023-12-11 17:30:00+00:00,0.0,0.0,0.0,0.0,0.5,0.83,0
2023-12-11 18:30:00+00:00,0.0,0.0,0.0,0.0,0.27,0.97,0
2023-12-11 19:30:00+00:00,0.0,0.0,0.0,0.0,0.28,0.76,0
2023-12-11 20:30:00+00:00,0.0,0.0,0.0,0.0,0.24,0.76,0
2023-12-11 21:30:00+00:00,0.0,0.0,0.0,0.0,0.0,0.83,0
2023-12-11 22:30:00+00:00,0.0,0.0,0.0,0.0,0.17,0.83,0
2023-12-11 23:30:00+00:00,0.0,0.0,0.0,0.0,0.32,0.76,0
2023-12-12 00:30:00+00:00,0.0,0.0,0.0,0.0,0.51,0.76,0
2023-12-12 01:30:00+00:00,0.0,0.0,0.0,0.0,0.56,0.76,0
2023-12-12 02:30:00+00:00,0.0,0.0,0.0,0.0,0.63,0.83,0
2023-12-12 03:30:00+00:00,0.0,0.0,0.0,0.0,0.74,0.83,0
2023-12-12 04:30:00+00:00,0.0,0.0,0.0,0.0,0.76,0.76,0
2023-12-12 05:30:00+00:00,0.0,0.0,0.0,0.0,0.69,0.62,0
2023-12-12 06:30:00+00:00,0.0,0.0,0.0,0.0,0.41,0.55,0
2023-12-12 07:30:00+00:00,0.0,11.07,0.87,2.99,-0.18,0.48,0
2023-12-12 08:30:00+00:00,0.0,44.33,3.47,10.37,-0.13,0.41,0
2023-12-12 09:30:00+00:00,176.73,163.0,9.92,16.04,0.47,0.48,0
2023-12-12 10:30:00+00:00,246.73,163.93,11.16,19.54,1.85,0.55,0
2023-12-12 11:30:00+00:00,292.05,160.9,11.65,20.51,2.57,0.48,0
2023-12-12 12:30:00+00:00,234.7,183.83,11.75,18.85,2.97,0.41,0
2023-12-12 13:30:00+00:00,395.22,165.56,10.8,14.75,3.39,0.41,0
2023-12-12 14:30:00+00:00,174.1,85.24,4.7,8.59,3.29,0.41,0
2023-12-12 15:30:00+00:00,0.0,4.79,0.37,0.83,2.71,0.34,0
2023-12-12 16:30:00+00:00,0.0,0.0,0.0,0.0,2.22,0.41,0
2023-12-12 17:30:00+00:00,0.0,0.0,0.0,0.0,1.75,0.34,0
2023-12-12 18:30:00+00:00,0.0,0.0,0.0,0.0,1.5,0.28,0
2023-12-12 19:30:00+00:00,0.0,0.0,0.0,0.0,0.74,0.34,0
2023-12-12 20:30:00+00:00,0.0,0.0,0.0,0.0,0.6,0.34,0
2023-12-12 21:30:00+00:00,0.0,0.0,0.0,0.0,0.54,0.41,0
2023-12-12 22:30:00+00:00,0.0,0.0,0.0,0.0,0.46,0.48,0
2023-12-12 23:30:00+00:00,0.0,0.0,0.0,0.0,0.29,0.48,0
2023-12-13 00:30:00+00:00,0.0,0.0,0.0,0.0,0.14,0.48,0
2023-12-13 01:30:00+00:00,0.0,0.0,0.0,0.0,0.31,0.48,0
2023-12-13 02:30:00+00:00,0.0,0.0,0.0,0.0,-0.02,0.41,0
2023-12-13 03:30:00+00:00,0.0,0.0,0.0,0.0,-0.18,0.41,0
2023-12-13 04:30:00+00:00,0.0,0.0,0.0,0.0,-0.58,0.55,0
2023-12-13 05:30:00+00:00,0.0,0.0,0.0,0.0,-0.61,0.48,0
2023-12-13 06:30:00+00:00,0.0,0.0,0.0,0.0,-0.7,0.48,0
2023-12-13 07:30:00+00:00,0.0,13.08,1.02,2.87,-1.34,0.48,0
2023-12-13 08:30:00+00:00,0.0,45.38,3.55,10.26,-1.35,0.55,0
2023-12-13 09:30:00+00:00,58.84,118.83,7.67,15.94,-0.86,0.55,0
2023-12-13 10:30:00+00:00,91.66,177.13,11.27,19.45,0.11,0.55,0
2023-12-13 11:30:00+00:00,278.28,196.14,12.94,20.44,0.76,0.69,0
2023-12-13 12:30:00+00:00,346.51,205.39,13.26,18.81,0.67,0.83,0
2023-12-13 13:30:00+00:00,318.73,151.18,9.74,14.72,0.87,0.83,0
2023-12-13 14:30:00+00:00,250.1,90.91,5.14,8.58,0.54,0.69,0
2023-12-13 15:30:00+00:00,0.0,5.55,0.43,0.84,-0.18,0.69,0
2023-12-13 16:30:00+00:00,0.0,0.0,0.0,0.0,-1.01,0.76,0
2023-12-13 17:30:00+00:00,0.0,0.0,0.0,0.0,-1.83,0.69,0
2023-12-13 18:30:00+00:00,0.0,0.0,0.0,0.0,-2.63,0.62,0
2023-12-13 19:30:00+00:00,0.0,0.0,0.0,0.0,-4.67,0.83,0
2023-12-13 20:30:00+00:00,0.0,0.0,0.0,0.0,-4.94,0.76,0
2023-12-13 21:30:00+00:00,0.0,0.0,0.0,0.0,-5.32,0.76,0
2023-12-13 22:30:00+00:00,0.0,0.0,0.0,0.0,-5.73,0.83,0
2023-12-13 23:30:00+00:00,0.0,0.0,0.0,0.0,-5.84,0.83,0
2023-12-14 00:30:00+00:00,0.0,0.0,0.0,0.0,-6.05,0.83,0
2023-12-14 01:30:00+00:00,0.0,0.0,0.0,0.0,-7.16,0.76,0
2023-12-14 02:30:00+00:00,0.0,0.0,0.0,0.0,-7.11,0.9,0
2023-12-14 03:30:00+00:00,0.0,0.0,0.0,0.0,-7.07,0.76,0
2023-12-14 04:30:00+00:00,0.0,0.0,0.0,0.0,-7.5,0.83,0
2023-12-14 05:30:00+00:00,0.0,0.0,0.0,0.0,-7.22,0.83,0
2023-12-14 06:30:00+00:00,0.0,0.0,0.0,0.0,-6.99,0.9,0
2023-12-14 07:30:00+00:00,0.0,10.02,0.78,2.76,-5.53,0.83,0
2023-12-14 08:30:00+00:00,0.0,51.41,4.03,10.15,-5.26,0.83,0
2023-12-14 09:30:00+00:00,259.2,158.22,9.98,15.84,-4.61,0.97,0
2023-12-14 10:30:00+00:00,251.26,176.63,11.67,19.37,-3.98,1.1,0
2023-12-14 11:30:00+00:00,234.34,176.66,11.81,20.38,-3.86,1.17,0
2023-12-14 12:30:00+00:00,293.87,163.9,11.3,18.76,-3.55,1.17,0
2023-12-14 13:30:00+00:00,129.84,98.88,6.58,14.7,-3.43,1.45,0
2023-12-14 14:30:00+00:00,93.63,70.74,4.06,8.57,-3.03,1.1,0
2023-12-14 15:30:00+00:00,0.0,4.08,0.32,0.85,-3.21,1.03,0
2023-12-14 16:30:00+00:00,0.0,0.0,0.0,0.0,-3.23,0.97,0
2023-12-14 17:30:00+00:00,0.0,0.0,0.0,0.0,-3.69,1.03,0
2023-12-14 18:30:00+00:00,0.0,0.0,0.0,0.0,-3.67,0.97,0
2023-12-14 19:30:00+00:00,0.0,0.0,0.0,0.0,-2.85,1.03,0
2023-12-14 20:30:00+00:00,0.0,0.0,0.0,0.0,-3.15,1.03,0
2023-12-14 21:30:00+00:00,0.0,0.0,0.0,0.0,-3.22,1.03,0
2023-12-14 22:30:00+00:00,0.0,0.0,0.0,0.0,-3.32,1.03,0
2023-12-14 23:30:00+00:00,0.0,0.0,0.0,0.0,-3.51,1.03,0
2023-12-15 00:30:00+00:00,0.0,0.0,0.0,0.0,-3.72,0.97,0
2023-12-15 01:30:00+00:00,0.0,0.0,0.0,0.0,-4.7,1.03,0
2023-12-15 02:30:00+00:00,0.0,0.0,0.0,0.0,-5.01,1.03,0
2023-12-15 03:30:00+00:00,0.0,0.0,0.0,0.0,-5.13,1.03,0
2023-12-15 04:30:00+00:00,0.0,0.0,0.0,0.0,-5.15,0.97,0
2023-12-15 05:30:00+00:00,0.0,0.0,0.0,0.0,-5.03,0.97,0
2023-12-15 06:30:00+00:00,0.0,0.0,0.0,0.0,-5.36,1.03,0
2023-12-15 07:30:00+00:00,0.0,12.45,0.97,2.65,-5.36,1.03,0
2023-12-15 08:30:00+00:00,0.0,48.32,3.78,10.05,-5.67,1.1,0
2023-12-15 09:30:00+00:00,333.64,171.84,10.9,15.75,-6.16,1.38,0
2023-12-15 10:30:00+00:00,478.74,201.22,14.48,19.29,-5.84,1.38,0
2023-12-15 11:30:00+00:00,491.39,245.35,16.4,20.33,-5.31,1.31,0
2023-12-15 12:30:00+00:00,580.41,144.43,13.8,18.73,-4.37,1.17,0
2023-12-15 13:30:00+00:00,366.85,113.42,8.92,14.69,-3.49,1.1,0
2023-12-15 14:30:00+00:00,223.71,105.15,5.44,8.58,-3.31,1.03,0
2023-12-15 15:30:00+00:00,0.0,6.06,0.47,0.87,-4.02,1.03,0
2023-12-15 16:30:00+00:00,0.0,0.0,0.0,0.0,-5.27,0.83,0
2023-12-15 17:30:00+00:00,0.0,0.0,0.0,0.0,-6.13,0.83,0
2023-12-15 18:30:00+00:00,0.0,0.0,0.0,0.0,-6.86,0.69,0
2023-12-15 19:30:00+00:00,0.0,0.0,0.0,0.0,-5.57,0.83,0
2023-12-15 20:30:00+00:00,0.0,0.0,0.0,0.0,-6.28,0.9,0
2023-12-15 21:30:00+00:00,0.0,0.0,0.0,0.0,-7.19,0.62,0
2023-12-15 22:30:00+00:00,0.0,0.0,0.0,0.0,-7.48,0.48,0
2023-12-15 23:30:00+00:00,0.0,0.0,0.0,0.0,-8.84,0.41,0
2023-12-16 00:30:00+00:00,0.0,0.0,0.0,0.0,-8.97,0.41,0
2023-12-16 01:30:00+00:00,0.0,0.0,0.0,0.0,-9.38,0.41,0
2023-12-16 02:30:00+00:00,0.0,0.0,0.0,0.0,-9.93,0.41,0
2023-12-16 03:30:00+00:00,0.0,0.0,0.0,0.0,-9.78,0.41,0
2023-12-16 04:30:00+00:00,0.0,0.0,0.0,0.0,-9.69,0.41,0
2023-12-16 05:30:00+00:00,0.0,0.0,0.0,0.0,-9.63,0.41,0
2023-12-16 06:30:00+00:00,0.0,0.0,0.0,0.0,-9.35,0.41,0
2023-12-16 07:30:00+00:00,0.0,9.51,0.74,2.55,-6.97,0.41,0
2023-12-16 08:30:00+00:00,0.0,31.88,2.5,9.96,-6.52,0.41,0
2023-12-16 09:30:00+00:00,621.88,142.28,12.92,15.67,-5.38,0.41,0
2023-12-16 10:30:00+00:00,758.45,157.53,16.78,19.23,-3.72,0.34,0
2023-12-16 11:30:00+00:00,784.28,161.68,17.74,20.28,-1.82,0.28,0
2023-12-16 12:30:00+00:00,737.36,150.71,16.07,18.7,-0.66,0.34,0
2023-12-16 13:30:00+00:00,581.88,126.98,11.61,14.68,-0.29,0.28,0
2023-12-16 14:30:00+00:00,371.61,98.51,6.03,8.59,-0.69,0.28,0
2023-12-16 15:30:00+00:00,0.0,5.2,0.41,0.89,-1.37,0.21,0
2023-12-16 16:30:00+00:00,0.0,0.0,0.0,0.0,-2.24,0.14,0
2023-12-16 17:30:00+00:00,0.0,0.0,0.0,0.0,-2.93,0.14,0
2023-12-16 18:30:00+00:00,0.0,0.0,0.0,0.0,-3.44,0.14,0
2023-12-16 19:30:00+00:00,0.0,0.0,0.0,0.0,-3.71,0.07,0
2023-12-16 20:30:00+00:00,0.0,0.0,0.0,0.0,-3.88,0.14,0
2023-12-16 21:30:00+00:00,0.0,0.0,0.0,0.0,-3.95,0.14,0
2023-12-16 22:30:00+00:00,0.0,0.0,0.0,0.0,-3.91,0.07,0
2023-12-16 23:30:00+00:00,0.0,0.0,0.0,0.0,-3.78,0.07,0
2023-12-17 00:30:00+00:00,0.0,0.0,0.0,0.0,-3.54,0.07,0
2023-12-17 01:30:00+00:00,0.0,0.0,0.0,0.0,-2.95,0.07,0
2023-12-17 02:30:00+00:00,0.0,0.0,0.0,0.0,-2.81,0.07,0
2023-12-17 03:30:00+00:00,0.0,0.0,0.0,0.0,-2.69,0.07,0
2023-12-17 04:30:00+00:00,0.0,0.0,0.0,0.0,-3.25,0.14,0
2023-12-17 05:30:00+00:00,0.0,0.0,0.0,0.0,-3.19,0.14,0
2023-12-17 06:30:00+00:00,0.0,0.0,0.0,0.0,-2.97,0.14,0
2023-12-17 07:30:00+00:00,0.0,7.85,0.62,2.45,-3.88,0.07,0
2023-12-17 08:30:00+00:00,0.0,29.55,2.31,9.87,-3.45,0.07,0
2023-12-17 09:30:00+00:00,621.51,123.77,12.44,15.6,-2.24,0.14,0
2023-12-17 10:30:00+00:00,723.12,133.12,15.64,19.17,-0.8,0.28,0
2023-12-17 11:30:00+00:00,762.18,144.09,16.95,20.24,0.59,0.28,0
2023-12-17 12:30:00+00:00,730.97,140.91,15.73,18.69,1.73,0.28,0
2023-12-17 13:30:00+00:00,578.2,129.67,11.62,14.68,2.21,0.21,0
2023-12-17 14:30:00+00:00,382.16,94.28,6.02,8.61,2.06,0.14,0
2023-12-17 15:30:00+00:00,0.0,5.11,0.4,0.92,1.54,0.14,0
2023-12-17 16:30:00+00:00,0.0,0.0,0.0,0.0,0.74,0.14,0
2023-12-17 17:30:00+00:00,0.0,0.0,0.0,0.0,0.14,0.07,0
2023-12-17 18:30:00+00:00,0.0,0.0,0.0,0.0,-0.15,0.0,0
2023-12-17 19:30:00+00:00,0.0,0.0,0.0,0.0,-0.19,0.0,0
2023-12-17 20:30:00+00:00,0.0,0.0,0.0,0.0,-0.35,0.07,0
2023-12-17 21:30:00+00:00,0.0,0.0,0.0,0.0,-0.53,0.07,0
2023-12-17 22:30:00+00:00,0.0,0.0,0.0,0.0,-0.79,0.14,0
2023-12-17 23:30:00+00:00,0.0,0.0,0.0,0.0,-1.18,0.14,0
2023-12-18 00:30:00+00:00,0.0,0.0,0.0,0.0,-1.63,0.21,0
2023-12-18 01:30:00+00:00,0.0,0.0,0.0,0.0,-2.24,0.21,0
2023-12-18 02:30:00+00:00,0.0,0.0,0.0,0.0,-2.4,0.21,0
2023-12-18 03:30:00+00:00,0.0,0.0,0.0,0.0,-2.52,0.21,0
2023-12-18 04:30:00+00:00,0.0,0.0,0.0,0.0,-2.69,0.21,0
2023-12-18 05:30:00+00:00,0.0,0.0,0.0,0.0,-2.78,0.21,0
2023-12-18 06:30:00+00:00,0.0,0.0,0.0,0.0,-2.8,0.28,0
2023-12-18 07:30:00+00:00,0.0,8.49,0.67,2.36,-3.74,0.21,0
2023-12-18 08:30:00+00:00,0.0,28.43,2.23,9.79,-3.24,0.21,0
2023-12-18 09:30:00+00:00,665.7,132.73,13.15,15.53,-1.87,0.07,0
2023-12-18 10:30:00+00:00,779.84,145.58,16.73,19.12,-0.38,0.07,0
2023-12-18 11:30:00+00:00,806.63,150.85,17.75,20.21,0.77,0.14,0
2023-12-18 12:30:00+00:00,750.68,145.53,16.1,18.67,1.72,0.07,0
2023-12-18 13:30:00+00:00,613.57,129.63,12.04,14.69,2.11,0.07,0
2023-12-18 14:30:00+00:00,391.45,96.81,6.15,8.63,1.88,0.07,0
2023-12-18 15:30:00+00:00,0.0,5.27,0.41,0.96,1.25,0.07,0
2023-12-18 16:30:00+00:00,0.0,0.0,0.0,0.0,0.35,0.14,0
2023-12-18 17:30:00+00:00,0.0,0.0,0.0,0.0,-0.41,0.14,0
2023-12-18 18:30:00+00:00,0.0,0.0,0.0,0.0,-0.89,0.14,0
2023-12-18 19:30:00+00:00,0.0,0.0,0.0,0.0,-1.01,0.21,0
2023-12-18 20:30:00+00:00,0.0,0.0,0.0,0.0,-1.45,0.21,0
2023-12-18 21:30:00+00:00,0.0,0.0,0.0,0.0,-1.75,0.21,0
2023-12-18 22:30:00+00:00,0.0,0.0,0.0,0.0,-1.78,0.21,0
2023-12-18 23:30:00+00:00,0.0,0.0,0.0,0.0,-1.94,0.21,0
2023-12-19 00:30:00+00:00,0.0,0.0,0.0,0.0,-2.14,0.28,0
2023-12-19 01:30:00+00:00,0.0,0.0,0.0,0.0,-2.3,0.34,0
2023-12-19 02:30:00+00:00,0.0,0.0,0.0,0.0,-2.4,0.28,0
2023-12-19 03:30:00+00:00,0.0,0.0,0.0,0.0,-2.58,0.28,0
2023-12-19 04:30:00+00:00,0.0,0.0,0.0,0.0,-2.8,0.21,0
2023-12-19 05:30:00+00:00,0.0,0.0,0.0,0.0,-3.08,0.21,0
2023-12-19 06:30:00+00:00,0.0,0.0,0.0,0.0,-3.34,0.28,0
2023-12-19 07:30:00+00:00,0.0,9.03,0.71,2.28,-4.05,0.34,0
2023-12-19 08:30:00+00:00,0.0,31.05,2.43,9.72,-3.51,0.28,0
2023-12-19 09:30:00+00:00,670.99,148.12,13.53,15.47,-2.59,0.21,0
2023-12-19 10:30:00+00:00,785.86,163.79,17.21,19.07,-1.42,0.14,0
2023-12-19 11:30:00+00:00,821.93,166.37,18.33,20.18,-0.42,0.14,0
2023-12-19 12:30:00+00:00,769.26,160.32,16.7,18.67,0.29,0.21,0
2023-12-19 13:30:00+00:00,625.54,143.79,12.5,14.7,0.57,0.21,0
2023-12-19 14:30:00+00:00,400.88,107.26,6.44,8.66,0.12,0.28,0
2023-12-19 15:30:00+00:00,0.0,5.71,0.45,1.0,-0.75,0.34,0
2023-12-19 16:30:00+00:00,0.0,0.0,0.0,0.0,-1.81,0.41,0
2023-12-19 17:30:00+00:00,0.0,0.0,0.0,0.0,-2.58,0.41,0
2023-12-19 18:30:00+00:00,0.0,0.0,0.0,0.0,-3.26,0.41,0
2023-12-19 19:30:00+00:00,0.0,0.0,0.0,0.0,-2.87,0.41,0
2023-12-19 20:30:00+00:00,0.0,0.0,0.0,0.0,-3.34,0.41,0
2023-12-19 21:30:00+00:00,0.0,0.0,0.0,0.0,-3.53,0.48,0
2023-12-19 22:30:00+00:00,0.0,0.0,0.0,0.0,-3.64,0.48,0
2023-12-19 23:30:00+00:00,0.0,0.0,0.0,0.0,-3.92,0.55,0
2023-12-20 00:30:00+00:00,0.0,0.0,0.0,0.0,-4.07,0.69,0
2023-12-20 01:30:00+00:00,0.0,0.0,0.0,0.0,-4.04,0.76,0
2023-12-20 02:30:00+00:00,0.0,0.0,0.0,0.0,-3.38,0.76,0
2023-12-20 03:30:00+00:00,0.0,0.0,0.0,0.0,-3.0,0.83,0
2023-12-20 04:30:00+00:00,0.0,0.0,0.0,0.0,-3.1,0.97,0
2023-12-20 05:30:00+00:00,0.0,0.0,0.0,0.0,-3.17,0.97,0
2023-12-20 06:30:00+00:00,0.0,0.0,0.0,0.0,-3.33,1.03,0
2023-12-20 07:30:00+00:00,0.0,9.7,0.76,2.2,-3.88,0.9,0
2023-12-20 08:30:00+00:00,0.0,44.58,3.49,9.65,-4.05,0.97,0
2023-12-20 09:30:00+00:00,312.2,131.63,9.24,15.41,-4.01,0.97,0
2023-12-20 10:30:00+00:00,316.79,174.63,11.95,19.04,-3.44,1.03,0
2023-12-20 11:30:00+00:00,225.18,165.9,11.22,20.17,-2.77,1.1,0
2023-12-20 12:30:00+00:00,254.56,171.1,11.26,18.68,-2.82,1.17,0
2023-12-20 13:30:00+00:00,244.73,129.81,8.47,14.73,-2.77,1.17,0
2023-12-20 14:30:00+00:00,151.18,83.35,4.6,8.7,-3.64,1.31,0
2023-12-20 15:30:00+00:00,0.0,5.84,0.46,1.06,-3.63,1.24,0
2023-12-20 16:30:00+00:00,0.0,0.0,0.0,0.0,-3.4,1.17,0
2023-12-20 17:30:00+00:00,0.0,0.0,0.0,0.0,-3.85,1.17,0
2023-12-20 18:30:00+00:00,0.0,0.0,0.0,0.0,-4.19,1.24,0
2023-12-20 19:30:00+00:00,0.0,0.0,0.0,0.0,-4.25,1.24,0
2023-12-20 20:30:00+00:00,0.0,0.0,0.0,0.0,-4.56,1.17,0
2023-12-20 21:30:00+00:00,0.0,0.0,0.0,0.0,-4.86,1.1,0
2023-12-20 22:30:00+00:00,0.0,0.0,0.0,0.0,-5.23,1.1,0
2023-12-20 23:30:00+00:00,0.0,0.0,0.0,0.0,-6.02,0.97,0
2023-12-21 00:30:00+00:00,0.0,0.0,0.0,0.0,-6.34,1.03,0
2023-12-21 01:30:00+00:00,0.0,0.0,0.0,0.0,-6.54,0.97,0
2023-12-21 02:30:00+00:00,0.0,0.0,0.0,0.0,-6.51,0.9,0
2023-12-21 03:30:00+00:00,0.0,0.0,0.0,0.0,-6.29,0.9,0
2023-12-21 04:30:00+00:00,0.0,0.0,0.0,0.0,-5.68,0.9,0
2023-12-21 05:30:00+00:00,0.0,0.0,0.0,0.0,-5.07,0.97,0
2023-12-21 06:30:00+00:00,0.0,0.0,0.0,0.0,-4.85,0.97,0
2023-12-21 07:30:00+00:00,0.0,8.81,0.69,2.13,-5.29,0.9,0
2023-12-21 08:30:00+00:00,0.0,44.93,3.52,9.59,-5.18,0.9,0
2023-12-21 09:30:00+00:00,197.0,136.73,8.66,15.37,-4.79,0.9,0
2023-12-21 10:30:00+00:00,69.45,122.03,8.13,19.01,-4.03,0.97,0
2023-12-21 11:30:00+00:00,25.44,90.66,6.16,20.16,-3.08,1.03,0
2023-12-21 12:30:00+00:00,12.32,80.88,5.45,18.69,-3.43,1.17,0
2023-12-21 13:30:00+00:00,0.34,69.23,4.62,14.76,-3.01,1.17,0
2023-12-21 14:30:00+00:00,0.47,30.97,2.07,8.75,-2.91,1.17,0
2023-12-21 15:30:00+00:00,0.0,3.13,0.25,1.11,-3.06,1.24,0
2023-12-21 16:30:00+00:00,0.0,0.0,0.0,0.0,-3.31,1.31,0
2023-12-21 17:30:00+00:00,0.0,0.0,0.0,0.0,-3.47,1.31,0
2023-12-21 18:30:00+00:00,0.0,0.0,0.0,0.0,-3.66,1.38,0
2023-12-21 19:30:00+00:00,0.0,0.0,0.0,0.0,-2.88,1.31,0
2023-12-21 20:30:00+00:00,0.0,0.0,0.0,0.0,-2.98,1.31,0
2023-12-21 21:30:00+00:00,0.0,0.0,0.0,0.0,-3.47,1.45,0
2023-12-21 22:30:00+00:00,0.0,0.0,0.0,0.0,-3.72,1.45,0
2023-12-21 23:30:00+00:00,0.0,0.0,0.0,0.0,-4.06,1.45,0
2023-12-22 00:30:00+00:00,0.0,0.0,0.0,0.0,-4.39,1.52,0
2023-12-22 01:30:00+00:00,0.0,0.0,0.0,0.0,-4.11,1.45,0
2023-12-22 02:30:00+00:00,0.0,0.0,0.0,0.0,-4.28,1.52,0
2023-12-22 03:30:00+00:00,0.0,0.0,0.0,0.0,-4.34,1.52,0
2023-12-22 04:30:00+00:00,0.0,0.0,0.0,0.0,-4.24,1.38,0
2023-12-22 05:30:00+00:00,0.0,0.0,0.0,0.0,-4.22,1.52,0
2023-12-22 06:30:00+00:00,0.0,0.0,0.0,0.0,-4.03,1.52,0
2023-12-22 07:30:00+00:00,0.0,3.64,0.28,2.06,-3.8,1.79,0
2023-12-22 08:30:00+00:00,0.0,22.59,1.77,9.53,-3.55,1.79,0
2023-12-22 09:30:00+00:00,21.94,56.43,3.86,15.33,-3.56,1.86,0
2023-12-22 10:30:00+00:00,65.81,95.98,6.63,18.99,-3.18,2.21,0
2023-12-22 11:30:00+00:00,77.62,111.44,7.66,20.16,-2.58,2.34,0
2023-12-22 12:30:00+00:00,1.34,93.13,6.22,18.71,-2.23,2.28,0
2023-12-22 13:30:00+00:00,10.94,71.32,4.76,14.8,-2.15,2.14,0
2023-12-22 14:30:00+00:00,6.54,37.92,2.51,8.8,-2.0,2.14,0
2023-12-22 15:30:00+00:00,0.0,4.34,0.34,1.18,-2.3,1.86,0
2023-12-22 16:30:00+00:00,0.0,0.0,0.0,0.0,-2.49,1.86,0
2023-12-22 17:30:00+00:00,0.0,0.0,0.0,0.0,-2.47,2.0,0
2023-12-22 18:30:00+00:00,0.0,0.0,0.0,0.0,-2.61,1.79,0
2023-12-22 19:30:00+00:00,0.0,0.0,0.0,0.0,-2.51,1.93,0
2023-12-22 20:30:00+00:00,0.0,0.0,0.0,0.0,-2.6,1.86,0
2023-12-22 21:30:00+00:00,0.0,0.0,0.0,0.0,-2.8,1.86,0
2023-12-22 22:30:00+00:00,0.0,0.0,0.0,0.0,-2.9,1.86,0
2023-12-22 23:30:00+00:00,0.0,0.0,0.0,0.0,-2.82,1.86,0
2023-12-23 00:30:00+00:00,0.0,0.0,0.0,0.0,-2.9,1.86,0
2023-12-23 01:30:00+00:00,0.0,0.0,0.0,0.0,-3.7,1.79,0
2023-12-23 02:30:00+00:00,0.0,0.0,0.0,0.0,-3.83,1.72,0
2023-12-23 03:30:00+00:00,0.0,0.0,0.0,0.0,-4.13,1.79,0
2023-12-23 04:30:00+00:00,0.0,0.0,0.0,0.0,-4.1,1.93,0
2023-12-23 05:30:00+00:00,0.0,0.0,0.0,0.0,-4.62,1.72,0
2023-12-23 06:30:00+00:00,0.0,0.0,0.0,0.0,-4.83,1.79,0
2023-12-23 07:30:00+00:00,0.0,8.11,0.63,2.01,-4.61,1.66,0
2023-12-23 08:30:00+00:00,0.0,37.15,2.91,9.49,-4.81,1.66,0
2023-12-23 09:30:00+00:00,377.33,165.08,10.81,15.29,-4.57,1.59,0
2023-12-23 10:30:00+00:00,374.06,189.98,12.96,18.97,-4.34,2.14,0
2023-12-23 11:30:00+00:00,639.21,189.8,16.36,20.16,-3.54,1.79,0
2023-12-23 12:30:00+00:00,585.15,196.84,15.27,18.73,-3.02,1.72,0
2023-12-23 13:30:00+00:00,494.14,171.26,11.82,14.84,-2.78,1.66,0
2023-12-23 14:30:00+00:00,315.21,108.52,6.03,8.86,-2.85,1.52,0
2023-12-23 15:30:00+00:00,0.0,6.7,0.52,1.25,-3.73,1.52,0
2023-12-23 16:30:00+00:00,0.0,0.0,0.0,0.0,-4.39,1.45,0
2023-12-23 17:30:00+00:00,0.0,0.0,0.0,0.0,-4.21,1.38,0
2023-12-23 18:30:00+00:00,0.0,0.0,0.0,0.0,-4.65,1.38,0
2023-12-23 19:30:00+00:00,0.0,0.0,0.0,0.0,-2.18,1.38,0
2023-12-23 20:30:00+00:00,0.0,0.0,0.0,0.0,-2.6,1.31,0
2023-12-23 21:30:00+00:00,0.0,0.0,0.0,0.0,-3.08,1.31,0
2023-12-23 22:30:00+00:00,0.0,0.0,0.0,0.0,-3.52,1.17,0
2023-12-23 23:30:00+00:00,0.0,0.0,0.0,0.0,-4.07,1.1,0
2023-12-24 00:30:00+00:00,0.0,0.0,0.0,0.0,-4.53,1.03,0
2023-12-24 01:30:00+00:00,0.0,0.0,0.0,0.0,-4.59,0.97,0
2023-12-24 02:30:00+00:00,0.0,0.0,0.0,0.0,-4.82,0.9,0
2023-12-24 03:30:00+00:00,0.0,0.0,0.0,0.0,-5.25,0.9,0
2023-12-24 04:30:00+00:00,0.0,0.0,0.0,0.0,-4.73,0.9,0
2023-12-24 05:30:00+00:00,0.0,0.0,0.0,0.0,-4.37,0.9,0
2023-12-24 06:30:00+00:00,0.0,0.0,0.0,0.0,-3.98,0.9,0
2023-12-24 07:30:00+00:00,0.0,7.56,0.59,1.95,-3.57,0.97,0
2023-12-24 08:30:00+00:00,0.0,30.09,2.36,9.45,-3.32,0.9,0
2023-12-24 09:30:00+00:00,624.9,139.06,12.67,15.27,-2.51,0.83,0
2023-12-24 10:30:00+00:00,681.61,156.41,15.53,18.97,-1.27,0.83,0
2023-12-24 11:30:00+00:00,703.93,163.39,16.55,20.18,-0.11,0.83,0
2023-12-24 12:30:00+00:00,616.56,151.93,14.46,18.77,0.81,0.9,0
2023-12-24 13:30:00+00:00,358.95,117.93,9.04,14.89,1.01,0.83,0
2023-12-24 14:30:00+00:00,169.58,61.65,3.96,8.92,0.79,0.83,0
2023-12-24 15:30:00+00:00,0.0,4.95,0.39,1.32,0.45,0.83,0
2023-12-24 16:30:00+00:00,0.0,0.0,0.0,0.0,0.01,0.83,0
2023-12-24 17:30:00+00:00,0.0,0.0,0.0,0.0,-0.25,0.83,0
2023-12-24 18:30:00+00:00,0.0,0.0,0.0,0.0,-0.52,0.76,0
2023-12-24 19:30:00+00:00,0.0,0.0,0.0,0.0,0.16,0.76,0
2023-12-24 20:30:00+00:00,0.0,0.0,0.0,0.0,0.0,0.76,0
2023-12-24 21:30:00+00:00,0.0,0.0,0.0,0.0,-0.24,0.69,0
2023-12-24 22:30:00+00:00,0.0,0.0,0.0,0.0,-0.4,0.69,0
2023-12-24 23:30:00+00:00,0.0,0.0,0.0,0.0,-0.51,0.69,0
2023-12-25 00:30:00+00:00,0.0,0.0,0.0,0.0,-0.48,0.69,0
2023-12-25 01:30:00+00:00,0.0,0.0,0.0,0.0,-0.2,0.62,0
2023-12-25 02:30:00+00:00,0.0,0.0,0.0,0.0,-0.14,0.62,0
2023-12-25 03:30:00+00:00,0.0,0.0,0.0,0.0,-0.21,0.69,0
2023-12-25 04:30:00+00:00,0.0,0.0,0.0,0.0,-0.32,0.69,0
2023-12-25 05:30:00+00:00,0.0,0.0,0.0,0.0,-0.59,0.62,0
2023-12-25 06:30:00+00:00,0.0,0.0,0.0,0.0,-1.7,0.62,0
2023-12-25 07:30:00+00:00,0.0,7.44,0.58,1.91,-0.08,0.62,0
2023-12-25 08:30:00+00:00,0.0,32.71,2.56,9.41,-0.03,0.62,0
2023-12-25 09:30:00+00:00,471.31,155.29,11.37,15.25,0.73,0.62,0
2023-12-25 10:30:00+00:00,543.51,191.15,14.73,18.97,1.85,0.62,0
2023-12-25 11:30:00+00:00,688.55,164.65,16.38,20.2,3.04,0.62,0
2023-12-25 12:30:00+00:00,704.85,151.13,15.66,18.81,4.11,0.62,0
2023-12-25 13:30:00+00:00,584.4,131.69,11.87,14.95,4.54,0.55,0
2023-12-25 14:30:00+00:00,382.84,97.46,6.28,9.0,4.14,0.55,0
2023-12-25 15:30:00+00:00,0.0,6.32,0.49,1.4,3.36,0.55,0
2023-12-25 16:30:00+00:00,0.0,0.0,0.0,0.0,2.26,0.55,0
2023-12-25 17:30:00+00:00,0.0,0.0,0.0,0.0,1.21,0.55,0
2023-12-25 18:30:00+00:00,0.0,0.0,0.0,0.0,0.38,0.48,0
2023-12-25 19:30:00+00:00,0.0,0.0,0.0,0.0,0.33,0.55,0
2023-12-25 20:30:00+00:00,0.0,0.0,0.0,0.0,-0.34,0.48,0
2023-12-25 21:30:00+00:00,0.0,0.0,0.0,0.0,-0.88,0.48,0
2023-12-25 22:30:00+00:00,0.0,0.0,0.0,0.0,-1.38,0.48,0
2023-12-25 23:30:00+00:00,0.0,0.0,0.0,0.0,-1.61,0.48,0
2023-12-26 00:30:00+00:00,0.0,0.0,0.0,0.0,-2.21,0.55,0
2023-12-26 01:30:00+00:00,0.0,0.0,0.0,0.0,-2.35,0.55,0
2023-12-26 02:30:00+00:00,0.0,0.0,0.0,0.0,-2.13,0.55,0
2023-12-26 03:30:00+00:00,0.0,0.0,0.0,0.0,-1.79,0.62,0
2023-12-26 04:30:00+00:00,0.0,0.0,0.0,0.0,-1.76,0.62,0
2023-12-26 05:30:00+00:00,0.0,0.0,0.0,0.0,-1.81,0.62,0
2023-12-26 06:30:00+00:00,0.0,0.0,0.0,0.0,-1.93,0.62,0
2023-12-26 07:30:00+00:00,0.0,7.6,0.59,1.87,-1.31,0.69,0
2023-12-26 08:30:00+00:00,0.0,24.89,1.95,9.38,-1.29,0.62,0
2023-12-26 09:30:00+00:00,496.77,99.29,10.15,15.24,-0.85,0.62,0
2023-12-26 10:30:00+00:00,479.82,133.05,12.25,18.98,-0.05,0.62,0
2023-12-26 11:30:00+00:00,212.88,185.99,12.06,20.23,0.76,0.62,0
2023-12-26 12:30:00+00:00,268.17,178.9,11.72,18.86,1.36,0.69,0
2023-12-26 13:30:00+00:00,361.16,108.78,8.82,15.02,1.92,0.76,0
2023-12-26 14:30:00+00:00,349.86,93.06,5.99,9.08,1.76,0.69,0
2023-12-26 15:30:00+00:00,0.0,6.06,0.47,1.49,1.17,0.62,0
2023-12-26 16:30:00+00:00,0.0,0.0,0.0,0.0,0.3,0.62,0
2023-12-26 17:30:00+00:00,0.0,0.0,0.0,0.0,-0.54,0.55,0
2023-12-26 18:30:00+00:00,0.0,0.0,0.0,0.0,-1.27,0.55,0
2023-12-26 19:30:00+00:00,0.0,0.0,0.0,0.0,-0.57,0.41,0
2023-12-26 20:30:00+00:00,0.0,0.0,0.0,0.0,-1.63,0.41,0
2023-12-26 21:30:00+00:00,0.0,0.0,0.0,0.0,-2.49,0.41,0
2023-12-26 22:30:00+00:00,0.0,0.0,0.0,0.0,-2.57,0.34,0
2023-12-26 23:30:00+00:00,0.0,0.0,0.0,0.0,-2.57,0.28,0
2023-12-27 00:30:00+00:00,0.0,0.0,0.0,0.0,-2.66,0.34,0
2023-12-27 01:30:00+00:00,0.0,0.0,0.0,0.0,-3.27,0.28,0
2023-12-27 02:30:00+00:00,0.0,0.0,0.0,0.0,-3.38,0.28,0
2023-12-27 03:30:00+00:00,0.0,0.0,0.0,0.0,-3.41,0.28,0
2023-12-27 04:30:00+00:00,0.0,0.0,0.0,0.0,-3.47,0.21,0
2023-12-27 05:30:00+00:00,0.0,0.0,0.0,0.0,-3.9,0.21,0
2023-12-27 06:30:00+00:00,0.0,0.0,0.0,0.0,-4.05,0.14,0
2023-12-27 07:30:00+00:00,0.0,6.93,0.54,1.83,-3.06,0.14,0
2023-12-27 08:30:00+00:00,0.0,27.7,2.17,9.36,-3.14,0.14,0
2023-12-27 09:30:00+00:00,525.45,136.87,11.46,15.24,-1.63,0.14,0
2023-12-27 10:30:00+00:00,672.8,155.21,15.42,19.0,-0.3,0.28,0
2023-12-27 11:30:00+00:00,640.27,176.68,16.09,20.27,1.03,0.34,0
2023-12-27 12:30:00+00:00,566.46,195.89,15.13,18.92,1.99,0.41,0
2023-12-27 13:30:00+00:00,533.31,157.6,12.01,15.09,2.42,0.41,0
2023-12-27 14:30:00+00:00,337.06,109.12,6.32,9.16,2.11,0.34,0
2023-12-27 15:30:00+00:00,0.0,8.52,0.67,1.58,1.41,0.28,0
2023-12-27 16:30:00+00:00,0.0,0.0,0.0,0.0,0.43,0.34,0
2023-12-27 17:30:00+00:00,0.0,0.0,0.0,0.0,-0.31,0.34,0
2023-12-27 18:30:00+00:00,0.0,0.0,0.0,0.0,-0.8,0.34,0
2023-12-27 19:30:00+00:00,0.0,0.0,0.0,0.0,-2.15,0.14,0
2023-12-27 20:30:00+00:00,0.0,0.0,0.0,0.0,-2.43,0.14,0
2023-12-27 21:30:00+00:00,0.0,0.0,0.0,0.0,-2.6,0.07,0
2023-12-27 22:30:00+00:00,0.0,0.0,0.0,0.0,-2.72,0.07,0
2023-12-27 23:30:00+00:00,0.0,0.0,0.0,0.0,-2.8,0.07,0
2023-12-28 00:30:00+00:00,0.0,0.0,0.0,0.0,-2.78,0.07,0
2023-12-28 01:30:00+00:00,0.0,0.0,0.0,0.0,-3.07,0.07,0
2023-12-28 02:30:00+00:00,0.0,0.0,0.0,0.0,-3.74,0.07,0
2023-12-28 03:30:00+00:00,0.0,0.0,0.0,0.0,-4.35,0.07,0
2023-12-28 04:30:00+00:00,0.0,0.0,0.0,0.0,-4.61,0.07,0
2023-12-28 05:30:00+00:00,0.0,0.0,0.0,0.0,-4.76,0.07,0
2023-12-28 06:30:00+00:00,0.0,0.0,0.0,0.0,-4.26,0.07,0
2023-12-28 07:30:00+00:00,0.0,6.99,0.55,1.8,-3.13,0.14,0
2023-12-28 08:30:00+00:00,0.0,28.02,2.2,9.35,-2.9,0.21,0
2023-12-28 09:30:00+00:00,280.96,132.39,8.98,15.24,-2.28,0.21,0
2023-12-28 10:30:00+00:00,196.63,165.98,10.82,19.02,-1.27,0.21,0
2023-12-28 11:30:00+00:00,160.14,174.75,11.35,20.31,-0.42,0.14,0
2023-12-28 12:30:00+00:00,115.37,138.28,9.15,18.98,0.0,0.14,0
2023-12-28 13:30:00+00:00,47.12,107.1,6.94,15.17,0.06,0.14,0
2023-12-28 14:30:00+00:00,57.56,58.23,3.62,9.25,-0.15,0.21,0
2023-12-28 15:30:00+00:00,0.0,8.14,0.64,1.68,-0.46,0.14,0
2023-12-28 16:30:00+00:00,0.0,0.0,0.0,0.0,-0.86,0.14,0
2023-12-28 17:30:00+00:00,0.0,0.0,0.0,0.0,-0.95,0.14,0
2023-12-28 18:30:00+00:00,0.0,0.0,0.0,0.0,-0.97,0.14,0
2023-12-28 19:30:00+00:00,0.0,0.0,0.0,0.0,-1.75,0.07,0
2023-12-28 20:30:00+00:00,0.0,0.0,0.0,0.0,-1.85,0.07,0
2023-12-28 21:30:00+00:00,0.0,0.0,0.0,0.0,-1.76,0.14,0
2023-12-28 22:30:00+00:00,0.0,0.0,0.0,0.0,-1.58,0.21,0
2023-12-28 23:30:00+00:00,0.0,0.0,0.0,0.0,-1.51,0.21,0
2023-12-29 00:30:00+00:00,0.0,0.0,0.0,0.0,-1.64,0.21,0
2023-12-29 01:30:00+00:00,0.0,0.0,0.0,0.0,-1.49,0.21,0
2023-12-29 02:30:00+00:00,0.0,0.0,0.0,0.0,-1.4,0.21,0
2023-12-29 03:30:00+00:00,0.0,0.0,0.0,0.0,-1.17,0.28,0
2023-12-29 04:30:00+00:00,0.0,0.0,0.0,0.0,-0.93,0.28,0
2023-12-29 05:30:00+00:00,0.0,0.0,0.0,0.0,-0.87,0.34,0
2023-12-29 06:30:00+00:00,0.0,0.0,0.0,0.0,-0.68,0.34,0
2023-12-29 07:30:00+00:00,0.0,4.53,0.35,1.78,-1.61,0.21,0
2023-12-29 08:30:00+00:00,0.0,34.02,2.66,9.35,-1.73,0.21,0
2023-12-29 09:30:00+00:00,2.63,58.36,3.91,15.25,-1.31,0.21,0
2023-12-29 10:30:00+00:00,93.37,105.25,7.31,19.05,-0.86,0.21,0
2023-12-29 11:30:00+00:00,137.95,139.19,9.49,20.37,0.31,0.28,0
2023-12-29 12:30:00+00:00,98.05,122.03,8.24,19.05,1.0,0.41,0
2023-12-29 13:30:00+00:00,157.51,120.52,7.79,15.26,1.36,0.48,0
2023-12-29 14:30:00+00:00,68.43,62.04,3.82,9.35,1.43,0.48,0
2023-12-29 15:30:00+00:00,0.0,7.69,0.6,1.79,1.12,0.48,0
2023-12-29 16:30:00+00:00,0.0,0.0,0.0,0.0,0.68,0.41,0
2023-12-29 17:30:00+00:00,0.0,0.0,0.0,0.0,0.25,0.41,0
2023-12-29 18:30:00+00:00,0.0,0.0,0.0,0.0,0.06,0.41,0
2023-12-29 19:30:00+00:00,0.0,0.0,0.0,0.0,-0.95,0.28,0
2023-12-29 20:30:00+00:00,0.0,0.0,0.0,0.0,-1.21,0.34,0
2023-12-29 21:30:00+00:00,0.0,0.0,0.0,0.0,-1.09,0.41,0
2023-12-29 22:30:00+00:00,0.0,0.0,0.0,0.0,-1.05,0.48,0
2023-12-29 23:30:00+00:00,0.0,0.0,0.0,0.0,-1.1,0.48,0
2023-12-30 00:30:00+00:00,0.0,0.0,0.0,0.0,-1.24,0.48,0
2023-12-30 01:30:00+00:00,0.0,0.0,0.0,0.0,-1.94,0.48,0
2023-12-30 02:30:00+00:00,0.0,0.0,0.0,0.0,-2.08,0.48,0
2023-12-30 03:30:00+00:00,0.0,0.0,0.0,0.0,-2.7,0.48,0
2023-12-30 04:30:00+00:00,0.0,0.0,0.0,0.0,-3.22,0.48,0
2023-12-30 05:30:00+00:00,0.0,0.0,0.0,0.0,-3.78,0.41,0
2023-12-30 06:30:00+00:00,0.0,0.0,0.0,0.0,-4.29,0.34,0
2023-12-30 07:30:00+00:00,0.0,9.29,0.73,1.77,-5.05,0.28,0
2023-12-30 08:30:00+00:00,0.0,43.94,3.44,9.35,-5.57,0.21,0
2023-12-30 09:30:00+00:00,283.85,175.68,10.57,15.27,-4.66,0.14,0
2023-12-30 10:30:00+00:00,484.89,219.32,15.04,19.09,-3.61,0.07,0
2023-12-30 11:30:00+00:00,589.61,194.02,16.02,20.43,-2.1,0.21,0
2023-12-30 12:30:00+00:00,729.39,163.63,16.52,19.13,-0.55,0.28,0
2023-12-30 13:30:00+00:00,505.94,146.53,11.58,15.35,0.49,0.41,0
2023-12-30 14:30:00+00:00,343.66,113.53,6.63,9.46,0.22,0.41,0
2023-12-30 15:30:00+00:00,0.0,8.94,0.7,1.9,-0.53,0.48,0
2023-12-30 16:30:00+00:00,0.0,0.0,0.0,0.0,-1.55,0.41,0
2023-12-30 17:30:00+00:00,0.0,0.0,0.0,0.0,-2.52,0.41,0
2023-12-30 18:30:00+00:00,0.0,0.0,0.0,0.0,-3.24,0.41,0
2023-12-30 19:30:00+00:00,0.0,0.0,0.0,0.0,-3.86,0.34,0
2023-12-30 20:30:00+00:00,0.0,0.0,0.0,0.0,-4.19,0.41,0
2023-12-30 21:30:00+00:00,0.0,0.0,0.0,0.0,-4.36,0.48,0
2023-12-30 22:30:00+00:00,0.0,0.0,0.0,0.0,-4.52,0.48,0
2023-12-30 23:30:00+00:00,0.0,0.0,0.0,0.0,-4.57,0.55,0
2023-12-31 00:30:00+00:00,0.0,0.0,0.0,0.0,-4.46,0.55,0
2023-12-31 01:30:00+00:00,0.0,0.0,0.0,0.0,-4.78,0.62,0
2023-12-31 02:30:00+00:00,0.0,0.0,0.0,0.0,-4.63,0.69,0
2023-12-31 03:30:00+00:00,0.0,0.0,0.0,0.0,-4.61,0.76,0
2023-12-31 04:30:00+00:00,0.0,0.0,0.0,0.0,-4.61,0.76,0
2023-12-31 05:30:00+00:00,0.0,0.0,0.0,0.0,-4.54,0.83,0
2023-12-31 06:30:00+00:00,0.0,0.0,0.0,0.0,-4.42,0.83,0
2023-12-31 07:30:00+00:00,0.0,9.0,0.71,1.76,-4.21,0.69,0
2023-12-31 08:30:00+00:00,0.0,42.76,3.35,9.35,-4.31,0.69,0
2023-12-31 09:30:00+00:00,139.6,116.6,7.56,15.3,-4.18,0.83,0
2023-12-31 10:30:00+00:00,201.83,162.52,10.73,19.14,-3.74,0.9,0
2023-12-31 11:30:00+00:00,217.73,170.33,11.47,20.5,-3.15,0.97,0
2023-12-31 12:30:00+00:00,223.92,157.85,10.67,19.22,-2.74,0.9,0
2023-12-31 13:30:00+00:00,63.38,103.25,6.74,15.45,-2.17,0.76,0
2023-12-31 14:30:00+00:00,27.56,52.13,3.37,9.57,-2.15,0.55,0
2023-12-31 15:30:00+00:00,0.0,6.35,0.5,2.02,-2.42,0.48,0
2023-12-31 16:30:00+00:00,0.0,0.0,0.0,0.0,-2.92,0.07,0
2023-12-31 17:30:00+00:00,0.0,0.0,0.0,0.0,-3.2,0.48,0
2023-12-31 18:30:00+00:00,0.0,0.0,0.0,0.0,-3.38,0.62,0
2023-12-31 19:30:00+00:00,0.0,0.0,0.0,0.0,-3.85,0.62,0
2023-12-31 20:30:00+00:00,0.0,0.0,0.0,0.0,-4.05,0.76,0
2023-12-31 21:30:00+00:00,0.0,0.0,0.0,0.0,-4.54,0.76,0
2023-12-31 22:30:00+00:00,0.0,0.0,0.0,0.0,-5.25,0.62,0
2023-12-31 23:30:00+00:00,0.0,0.0,0.0,0.0,-7.21,0.62,0
