Country,ISO3 Code,Datetime (UTC),Datetime (Local),Price (EUR/MWhe)
Switzerland,CHE,2024-01-01 00:00:00,2024-01-01 01:00:00,21.99
Switzerland,CHE,2024-01-01 01:00:00,2024-01-01 02:00:00,14.32
Switzerland,CHE,2024-01-01 02:00:00,2024-01-01 03:00:00,11.37
Switzerland,CHE,2024-01-01 03:00:00,2024-01-01 04:00:00,11.35
Switzerland,CHE,2024-01-01 04:00:00,2024-01-01 05:00:00,11.39
Switzerland,CHE,2024-01-01 05:00:00,2024-01-01 06:00:00,11.34
Switzerland,CHE,2024-01-01 06:00:00,2024-01-01 07:00:00,8.31
Switzerland,CHE,2024-01-01 07:00:00,2024-01-01 08:00:00,8.51
Switzerland,CHE,2024-01-01 08:00:00,2024-01-01 09:00:00,10.63
Switzerland,CHE,2024-01-01 09:00:00,2024-01-01 10:00:00,9.75
Switzerland,CHE,2024-01-01 10:00:00,2024-01-01 11:00:00,8.24
Switzerland,CHE,2024-01-01 11:00:00,2024-01-01 12:00:00,10.71
Switzerland,CHE,2024-01-01 12:00:00,2024-01-01 13:00:00,9.31
Switzerland,CHE,2024-01-01 13:00:00,2024-01-01 14:00:00,11.51
Switzerland,CHE,2024-01-01 14:00:00,2024-01-01 15:00:00,20.41
Switzerland,CHE,2024-01-01 15:00:00,2024-01-01 16:00:00,29.09
Switzerland,CHE,2024-01-01 16:00:00,2024-01-01 17:00:00,42.1
Switzerland,CHE,2024-01-01 17:00:00,2024-01-01 18:00:00,48.83
Switzerland,CHE,2024-01-01 18:00:00,2024-01-01 19:00:00,43.31
Switzerland,CHE,2024-01-01 19:00:00,2024-01-01 20:00:00,42.59
Switzerland,CHE,2024-01-01 20:00:00,2024-01-01 21:00:00,35.0
Switzerland,CHE,2024-01-01 21:00:00,2024-01-01 22:00:00,34.01
Switzerland,CHE,2024-01-01 22:00:00,2024-01-01 23:00:00,26.07
Switzerland,CHE,2024-01-01 23:00:00,2024-01-02 00:00:00,22.24
Switzerland,CHE,2024-01-02 00:00:00,2024-01-02 01:00:00,14.0
Switzerland,CHE,2024-01-02 01:00:00,2024-01-02 02:00:00,11.32
Switzerland,CHE,2024-01-02 02:00:00,2024-01-02 03:00:00,9.66
Switzerland,CHE,2024-01-02 03:00:00,2024-01-02 04:00:00,10.01
Switzerland,CHE,2024-01-02 04:00:00,2024-01-02 05:00:00,11.36
Switzerland,CHE,2024-01-02 05:00:00,2024-01-02 06:00:00,19.89
Switzerland,CHE,2024-01-02 06:00:00,2024-01-02 07:00:00,40.56
Switzerland,CHE,2024-01-02 07:00:00,2024-01-02 08:00:00,48.36
Switzerland,CHE,2024-01-02 08:00:00,2024-01-02 09:00:00,51.81
Switzerland,CHE,2024-01-02 09:00:00,2024-01-02 10:00:00,51.89
Switzerland,CHE,2024-01-02 10:00:00,2024-01-02 11:00:00,55.87
Switzerland,CHE,2024-01-02 11:00:00,2024-01-02 12:00:00,58.49
Switzerland,CHE,2024-01-02 12:00:00,2024-01-02 13:00:00,61.17
Switzerland,CHE,2024-01-02 13:00:00,2024-01-02 14:00:00,64.98
Switzerland,CHE,2024-01-02 14:00:00,2024-01-02 15:00:00,67.44
Switzerland,CHE,2024-01-02 15:00:00,2024-01-02 16:00:00,72.51
Switzerland,CHE,2024-01-02 16:00:00,2024-01-02 17:00:00,75.8
Switzerland,CHE,2024-01-02 17:00:00,2024-01-02 18:00:00,67.84
Switzerland,CHE,2024-01-02 18:00:00,2024-01-02 19:00:00,60.03
Switzerland,CHE,2024-01-02 19:00:00,2024-01-02 20:00:00,48.26
Switzerland,CHE,2024-01-02 20:00:00,2024-01-02 21:00:00,33.12
Switzerland,CHE,2024-01-02 21:00:00,2024-01-02 22:00:00,28.8
Switzerland,CHE,2024-01-02 22:00:00,2024-01-02 23:00:00,18.01
Switzerland,CHE,2024-01-02 23:00:00,2024-01-03 00:00:00,19.45
Switzerland,CHE,2024-01-03 00:00:00,2024-01-03 01:00:00,15.14
Switzerland,CHE,2024-01-03 01:00:00,2024-01-03 02:00:00,11.35
Switzerland,CHE,2024-01-03 02:00:00,2024-01-03 03:00:00,11.32
Switzerland,CHE,2024-01-03 03:00:00,2024-01-03 04:00:00,11.3
Switzerland,CHE,2024-01-03 04:00:00,2024-01-03 05:00:00,23.61
Switzerland,CHE,2024-01-03 05:00:00,2024-01-03 06:00:00,51.91
Switzerland,CHE,2024-01-03 06:00:00,2024-01-03 07:00:00,60.02
Switzerland,CHE,2024-01-03 07:00:00,2024-01-03 08:00:00,62.07
Switzerland,CHE,2024-01-03 08:00:00,2024-01-03 09:00:00,62.88
Switzerland,CHE,2024-01-03 09:00:00,2024-01-03 10:00:00,58.6
Switzerland,CHE,2024-01-03 10:00:00,2024-01-03 11:00:00,56.22
Switzerland,CHE,2024-01-03 11:00:00,2024-01-03 12:00:00,60.03
Switzerland,CHE,2024-01-03 12:00:00,2024-01-03 13:00:00,64.96
Switzerland,CHE,2024-01-03 13:00:00,2024-01-03 14:00:00,71.69
Switzerland,CHE,2024-01-03 14:00:00,2024-01-03 15:00:00,78.19
Switzerland,CHE,2024-01-03 15:00:00,2024-01-03 16:00:00,75.74
Switzerland,CHE,2024-01-03 16:00:00,2024-01-03 17:00:00,81.59
Switzerland,CHE,2024-01-03 17:00:00,2024-01-03 18:00:00,85.96
Switzerland,CHE,2024-01-03 18:00:00,2024-01-03 19:00:00,82.04
Switzerland,CHE,2024-01-03 19:00:00,2024-01-03 20:00:00,82.71
Switzerland,CHE,2024-01-03 20:00:00,2024-01-03 21:00:00,66.99
Switzerland,CHE,2024-01-03 21:00:00,2024-01-03 22:00:00,65.74
Switzerland,CHE,2024-01-03 22:00:00,2024-01-03 23:00:00,53.37
Switzerland,CHE,2024-01-03 23:00:00,2024-01-04 00:00:00,48.43
Switzerland,CHE,2024-01-04 00:00:00,2024-01-04 01:00:00,40.99
Switzerland,CHE,2024-01-04 01:00:00,2024-01-04 02:00:00,36.06
Switzerland,CHE,2024-01-04 02:00:00,2024-01-04 03:00:00,30.12
Switzerland,CHE,2024-01-04 03:00:00,2024-01-04 04:00:00,32.7
Switzerland,CHE,2024-01-04 04:00:00,2024-01-04 05:00:00,54.87
Switzerland,CHE,2024-01-04 05:00:00,2024-01-04 06:00:00,70.73
Switzerland,CHE,2024-01-04 06:00:00,2024-01-04 07:00:00,84.19
Switzerland,CHE,2024-01-04 07:00:00,2024-01-04 08:00:00,90.7
Switzerland,CHE,2024-01-04 08:00:00,2024-01-04 09:00:00,93.95
Switzerland,CHE,2024-01-04 09:00:00,2024-01-04 10:00:00,91.6
Switzerland,CHE,2024-01-04 10:00:00,2024-01-04 11:00:00,88.38
Switzerland,CHE,2024-01-04 11:00:00,2024-01-04 12:00:00,86.53
Switzerland,CHE,2024-01-04 12:00:00,2024-01-04 13:00:00,87.3
Switzerland,CHE,2024-01-04 13:00:00,2024-01-04 14:00:00,91.56
Switzerland,CHE,2024-01-04 14:00:00,2024-01-04 15:00:00,93.79
Switzerland,CHE,2024-01-04 15:00:00,2024-01-04 16:00:00,104.93
Switzerland,CHE,2024-01-04 16:00:00,2024-01-04 17:00:00,108.06
Switzerland,CHE,2024-01-04 17:00:00,2024-01-04 18:00:00,109.09
Switzerland,CHE,2024-01-04 18:00:00,2024-01-04 19:00:00,108.09
Switzerland,CHE,2024-01-04 19:00:00,2024-01-04 20:00:00,99.09
Switzerland,CHE,2024-01-04 20:00:00,2024-01-04 21:00:00,95.45
Switzerland,CHE,2024-01-04 21:00:00,2024-01-04 22:00:00,92.6
Switzerland,CHE,2024-01-04 22:00:00,2024-01-04 23:00:00,87.96
Switzerland,CHE,2024-01-04 23:00:00,2024-01-05 00:00:00,86.8
Switzerland,CHE,2024-01-05 00:00:00,2024-01-05 01:00:00,81.64
Switzerland,CHE,2024-01-05 01:00:00,2024-01-05 02:00:00,78.29
Switzerland,CHE,2024-01-05 02:00:00,2024-01-05 03:00:00,77.21
Switzerland,CHE,2024-01-05 03:00:00,2024-01-05 04:00:00,76.74
Switzerland,CHE,2024-01-05 04:00:00,2024-01-05 05:00:00,82.9
Switzerland,CHE,2024-01-05 05:00:00,2024-01-05 06:00:00,88.54
Switzerland,CHE,2024-01-05 06:00:00,2024-01-05 07:00:00,100.02
Switzerland,CHE,2024-01-05 07:00:00,2024-01-05 08:00:00,104.07
Switzerland,CHE,2024-01-05 08:00:00,2024-01-05 09:00:00,100.77
Switzerland,CHE,2024-01-05 09:00:00,2024-01-05 10:00:00,98.19
Switzerland,CHE,2024-01-05 10:00:00,2024-01-05 11:00:00,98.01
Switzerland,CHE,2024-01-05 11:00:00,2024-01-05 12:00:00,92.52
Switzerland,CHE,2024-01-05 12:00:00,2024-01-05 13:00:00,93.79
Switzerland,CHE,2024-01-05 13:00:00,2024-01-05 14:00:00,95.08
Switzerland,CHE,2024-01-05 14:00:00,2024-01-05 15:00:00,99.42
Switzerland,CHE,2024-01-05 15:00:00,2024-01-05 16:00:00,100.92
Switzerland,CHE,2024-01-05 16:00:00,2024-01-05 17:00:00,109.05
Switzerland,CHE,2024-01-05 17:00:00,2024-01-05 18:00:00,110.35
Switzerland,CHE,2024-01-05 18:00:00,2024-01-05 19:00:00,105.82
Switzerland,CHE,2024-01-05 19:00:00,2024-01-05 20:00:00,98.25
Switzerland,CHE,2024-01-05 20:00:00,2024-01-05 21:00:00,92.97
Switzerland,CHE,2024-01-05 21:00:00,2024-01-05 22:00:00,88.55
Switzerland,CHE,2024-01-05 22:00:00,2024-01-05 23:00:00,85.87
Switzerland,CHE,2024-01-05 23:00:00,2024-01-06 00:00:00,80.64
Switzerland,CHE,2024-01-06 00:00:00,2024-01-06 01:00:00,76.02
Switzerland,CHE,2024-01-06 01:00:00,2024-01-06 02:00:00,75.63
Switzerland,CHE,2024-01-06 02:00:00,2024-01-06 03:00:00,73.51
Switzerland,CHE,2024-01-06 03:00:00,2024-01-06 04:00:00,73.71
Switzerland,CHE,2024-01-06 04:00:00,2024-01-06 05:00:00,75.03
Switzerland,CHE,2024-01-06 05:00:00,2024-01-06 06:00:00,75.3
Switzerland,CHE,2024-01-06 06:00:00,2024-01-06 07:00:00,80.05
Switzerland,CHE,2024-01-06 07:00:00,2024-01-06 08:00:00,83.97
Switzerland,CHE,2024-01-06 08:00:00,2024-01-06 09:00:00,88.3
Switzerland,CHE,2024-01-06 09:00:00,2024-01-06 10:00:00,90.24
Switzerland,CHE,2024-01-06 10:00:00,2024-01-06 11:00:00,92.29
Switzerland,CHE,2024-01-06 11:00:00,2024-01-06 12:00:00,91.04
Switzerland,CHE,2024-01-06 12:00:00,2024-01-06 13:00:00,89.69
Switzerland,CHE,2024-01-06 13:00:00,2024-01-06 14:00:00,90.22
Switzerland,CHE,2024-01-06 14:00:00,2024-01-06 15:00:00,91.31
Switzerland,CHE,2024-01-06 15:00:00,2024-01-06 16:00:00,95.06
Switzerland,CHE,2024-01-06 16:00:00,2024-01-06 17:00:00,97.84
Switzerland,CHE,2024-01-06 17:00:00,2024-01-06 18:00:00,96.35
Switzerland,CHE,2024-01-06 18:00:00,2024-01-06 19:00:00,92.29
Switzerland,CHE,2024-01-06 19:00:00,2024-01-06 20:00:00,90.2
Switzerland,CHE,2024-01-06 20:00:00,2024-01-06 21:00:00,86.9
Switzerland,CHE,2024-01-06 21:00:00,2024-01-06 22:00:00,86.47
Switzerland,CHE,2024-01-06 22:00:00,2024-01-06 23:00:00,82.47
Switzerland,CHE,2024-01-06 23:00:00,2024-01-07 00:00:00,85.0
Switzerland,CHE,2024-01-07 00:00:00,2024-01-07 01:00:00,80.72
Switzerland,CHE,2024-01-07 01:00:00,2024-01-07 02:00:00,77.53
Switzerland,CHE,2024-01-07 02:00:00,2024-01-07 03:00:00,74.09
Switzerland,CHE,2024-01-07 03:00:00,2024-01-07 04:00:00,72.24
Switzerland,CHE,2024-01-07 04:00:00,2024-01-07 05:00:00,74.05
Switzerland,CHE,2024-01-07 05:00:00,2024-01-07 06:00:00,76.08
Switzerland,CHE,2024-01-07 06:00:00,2024-01-07 07:00:00,79.45
Switzerland,CHE,2024-01-07 07:00:00,2024-01-07 08:00:00,82.53
Switzerland,CHE,2024-01-07 08:00:00,2024-01-07 09:00:00,89.24
Switzerland,CHE,2024-01-07 09:00:00,2024-01-07 10:00:00,93.63
Switzerland,CHE,2024-01-07 10:00:00,2024-01-07 11:00:00,95.4
Switzerland,CHE,2024-01-07 11:00:00,2024-01-07 12:00:00,95.02
Switzerland,CHE,2024-01-07 12:00:00,2024-01-07 13:00:00,91.93
Switzerland,CHE,2024-01-07 13:00:00,2024-01-07 14:00:00,91.87
Switzerland,CHE,2024-01-07 14:00:00,2024-01-07 15:00:00,92.32
Switzerland,CHE,2024-01-07 15:00:00,2024-01-07 16:00:00,96.76
Switzerland,CHE,2024-01-07 16:00:00,2024-01-07 17:00:00,104.77
Switzerland,CHE,2024-01-07 17:00:00,2024-01-07 18:00:00,108.16
Switzerland,CHE,2024-01-07 18:00:00,2024-01-07 19:00:00,104.75
Switzerland,CHE,2024-01-07 19:00:00,2024-01-07 20:00:00,101.75
Switzerland,CHE,2024-01-07 20:00:00,2024-01-07 21:00:00,98.41
Switzerland,CHE,2024-01-07 21:00:00,2024-01-07 22:00:00,96.07
Switzerland,CHE,2024-01-07 22:00:00,2024-01-07 23:00:00,92.28
Switzerland,CHE,2024-01-07 23:00:00,2024-01-08 00:00:00,89.38
Switzerland,CHE,2024-01-08 00:00:00,2024-01-08 01:00:00,88.45
Switzerland,CHE,2024-01-08 01:00:00,2024-01-08 02:00:00,86.55
Switzerland,CHE,2024-01-08 02:00:00,2024-01-08 03:00:00,85.08
Switzerland,CHE,2024-01-08 03:00:00,2024-01-08 04:00:00,85.06
Switzerland,CHE,2024-01-08 04:00:00,2024-01-08 05:00:00,88.57
Switzerland,CHE,2024-01-08 05:00:00,2024-01-08 06:00:00,100.47
Switzerland,CHE,2024-01-08 06:00:00,2024-01-08 07:00:00,108.36
Switzerland,CHE,2024-01-08 07:00:00,2024-01-08 08:00:00,117.83
Switzerland,CHE,2024-01-08 08:00:00,2024-01-08 09:00:00,117.62
Switzerland,CHE,2024-01-08 09:00:00,2024-01-08 10:00:00,112.54
Switzerland,CHE,2024-01-08 10:00:00,2024-01-08 11:00:00,111.62
Switzerland,CHE,2024-01-08 11:00:00,2024-01-08 12:00:00,105.08
Switzerland,CHE,2024-01-08 12:00:00,2024-01-08 13:00:00,104.96
Switzerland,CHE,2024-01-08 13:00:00,2024-01-08 14:00:00,107.84
Switzerland,CHE,2024-01-08 14:00:00,2024-01-08 15:00:00,111.06
Switzerland,CHE,2024-01-08 15:00:00,2024-01-08 16:00:00,119.23
Switzerland,CHE,2024-01-08 16:00:00,2024-01-08 17:00:00,136.73
Switzerland,CHE,2024-01-08 17:00:00,2024-01-08 18:00:00,137.08
Switzerland,CHE,2024-01-08 18:00:00,2024-01-08 19:00:00,128.57
Switzerland,CHE,2024-01-08 19:00:00,2024-01-08 20:00:00,116.55
Switzerland,CHE,2024-01-08 20:00:00,2024-01-08 21:00:00,104.09
Switzerland,CHE,2024-01-08 21:00:00,2024-01-08 22:00:00,102.99
Switzerland,CHE,2024-01-08 22:00:00,2024-01-08 23:00:00,100.93
Switzerland,CHE,2024-01-08 23:00:00,2024-01-09 00:00:00,94.29
Switzerland,CHE,2024-01-09 00:00:00,2024-01-09 01:00:00,93.95
Switzerland,CHE,2024-01-09 01:00:00,2024-01-09 02:00:00,93.07
Switzerland,CHE,2024-01-09 02:00:00,2024-01-09 03:00:00,91.95
Switzerland,CHE,2024-01-09 03:00:00,2024-01-09 04:00:00,91.84
Switzerland,CHE,2024-01-09 04:00:00,2024-01-09 05:00:00,95.77
Switzerland,CHE,2024-01-09 05:00:00,2024-01-09 06:00:00,107.56
Switzerland,CHE,2024-01-09 06:00:00,2024-01-09 07:00:00,126.99
Switzerland,CHE,2024-01-09 07:00:00,2024-01-09 08:00:00,135.76
Switzerland,CHE,2024-01-09 08:00:00,2024-01-09 09:00:00,128.41
Switzerland,CHE,2024-01-09 09:00:00,2024-01-09 10:00:00,112.6
Switzerland,CHE,2024-01-09 10:00:00,2024-01-09 11:00:00,106.91
Switzerland,CHE,2024-01-09 11:00:00,2024-01-09 12:00:00,101.96
Switzerland,CHE,2024-01-09 12:00:00,2024-01-09 13:00:00,102.78
Switzerland,CHE,2024-01-09 13:00:00,2024-01-09 14:00:00,110.73
Switzerland,CHE,2024-01-09 14:00:00,2024-01-09 15:00:00,118.34
Switzerland,CHE,2024-01-09 15:00:00,2024-01-09 16:00:00,129.03
Switzerland,CHE,2024-01-09 16:00:00,2024-01-09 17:00:00,142.72
Switzerland,CHE,2024-01-09 17:00:00,2024-01-09 18:00:00,143.05
Switzerland,CHE,2024-01-09 18:00:00,2024-01-09 19:00:00,132.95
Switzerland,CHE,2024-01-09 19:00:00,2024-01-09 20:00:00,115.89
Switzerland,CHE,2024-01-09 20:00:00,2024-01-09 21:00:00,108.95
Switzerland,CHE,2024-01-09 21:00:00,2024-01-09 22:00:00,103.3
Switzerland,CHE,2024-01-09 22:00:00,2024-01-09 23:00:00,98.72
Switzerland,CHE,2024-01-09 23:00:00,2024-01-10 00:00:00,93.62
Switzerland,CHE,2024-01-10 00:00:00,2024-01-10 01:00:00,91.26
Switzerland,CHE,2024-01-10 01:00:00,2024-01-10 02:00:00,90.59
Switzerland,CHE,2024-01-10 02:00:00,2024-01-10 03:00:00,89.25
Switzerland,CHE,2024-01-10 03:00:00,2024-01-10 04:00:00,89.22
Switzerland,CHE,2024-01-10 04:00:00,2024-01-10 05:00:00,92.0
Switzerland,CHE,2024-01-10 05:00:00,2024-01-10 06:00:00,104.65
Switzerland,CHE,2024-01-10 06:00:00,2024-01-10 07:00:00,123.28
Switzerland,CHE,2024-01-10 07:00:00,2024-01-10 08:00:00,137.62
Switzerland,CHE,2024-01-10 08:00:00,2024-01-10 09:00:00,126.06
Switzerland,CHE,2024-01-10 09:00:00,2024-01-10 10:00:00,114.85
Switzerland,CHE,2024-01-10 10:00:00,2024-01-10 11:00:00,108.61
Switzerland,CHE,2024-01-10 11:00:00,2024-01-10 12:00:00,104.07
Switzerland,CHE,2024-01-10 12:00:00,2024-01-10 13:00:00,103.84
Switzerland,CHE,2024-01-10 13:00:00,2024-01-10 14:00:00,108.57
Switzerland,CHE,2024-01-10 14:00:00,2024-01-10 15:00:00,117.74
Switzerland,CHE,2024-01-10 15:00:00,2024-01-10 16:00:00,125.06
Switzerland,CHE,2024-01-10 16:00:00,2024-01-10 17:00:00,137.26
Switzerland,CHE,2024-01-10 17:00:00,2024-01-10 18:00:00,138.1
Switzerland,CHE,2024-01-10 18:00:00,2024-01-10 19:00:00,128.47
Switzerland,CHE,2024-01-10 19:00:00,2024-01-10 20:00:00,116.27
Switzerland,CHE,2024-01-10 20:00:00,2024-01-10 21:00:00,105.72
Switzerland,CHE,2024-01-10 21:00:00,2024-01-10 22:00:00,102.43
Switzerland,CHE,2024-01-10 22:00:00,2024-01-10 23:00:00,97.53
Switzerland,CHE,2024-01-10 23:00:00,2024-01-11 00:00:00,92.31
Switzerland,CHE,2024-01-11 00:00:00,2024-01-11 01:00:00,89.51
Switzerland,CHE,2024-01-11 01:00:00,2024-01-11 02:00:00,87.18
Switzerland,CHE,2024-01-11 02:00:00,2024-01-11 03:00:00,86.25
Switzerland,CHE,2024-01-11 03:00:00,2024-01-11 04:00:00,86.69
Switzerland,CHE,2024-01-11 04:00:00,2024-01-11 05:00:00,90.33
Switzerland,CHE,2024-01-11 05:00:00,2024-01-11 06:00:00,104.83
Switzerland,CHE,2024-01-11 06:00:00,2024-01-11 07:00:00,121.45
Switzerland,CHE,2024-01-11 07:00:00,2024-01-11 08:00:00,142.42
Switzerland,CHE,2024-01-11 08:00:00,2024-01-11 09:00:00,130.11
Switzerland,CHE,2024-01-11 09:00:00,2024-01-11 10:00:00,115.45
Switzerland,CHE,2024-01-11 10:00:00,2024-01-11 11:00:00,105.77
Switzerland,CHE,2024-01-11 11:00:00,2024-01-11 12:00:00,100.68
Switzerland,CHE,2024-01-11 12:00:00,2024-01-11 13:00:00,100.66
Switzerland,CHE,2024-01-11 13:00:00,2024-01-11 14:00:00,105.21
Switzerland,CHE,2024-01-11 14:00:00,2024-01-11 15:00:00,116.63
Switzerland,CHE,2024-01-11 15:00:00,2024-01-11 16:00:00,125.62
Switzerland,CHE,2024-01-11 16:00:00,2024-01-11 17:00:00,139.26
Switzerland,CHE,2024-01-11 17:00:00,2024-01-11 18:00:00,140.23
Switzerland,CHE,2024-01-11 18:00:00,2024-01-11 19:00:00,133.02
Switzerland,CHE,2024-01-11 19:00:00,2024-01-11 20:00:00,116.64
Switzerland,CHE,2024-01-11 20:00:00,2024-01-11 21:00:00,105.48
Switzerland,CHE,2024-01-11 21:00:00,2024-01-11 22:00:00,101.9
Switzerland,CHE,2024-01-11 22:00:00,2024-01-11 23:00:00,94.71
Switzerland,CHE,2024-01-11 23:00:00,2024-01-12 00:00:00,87.9
Switzerland,CHE,2024-01-12 00:00:00,2024-01-12 01:00:00,85.53
Switzerland,CHE,2024-01-12 01:00:00,2024-01-12 02:00:00,85.33
Switzerland,CHE,2024-01-12 02:00:00,2024-01-12 03:00:00,83.92
Switzerland,CHE,2024-01-12 03:00:00,2024-01-12 04:00:00,84.47
Switzerland,CHE,2024-01-12 04:00:00,2024-01-12 05:00:00,86.55
Switzerland,CHE,2024-01-12 05:00:00,2024-01-12 06:00:00,97.84
Switzerland,CHE,2024-01-12 06:00:00,2024-01-12 07:00:00,114.93
Switzerland,CHE,2024-01-12 07:00:00,2024-01-12 08:00:00,133.4
Switzerland,CHE,2024-01-12 08:00:00,2024-01-12 09:00:00,123.45
Switzerland,CHE,2024-01-12 09:00:00,2024-01-12 10:00:00,112.54
Switzerland,CHE,2024-01-12 10:00:00,2024-01-12 11:00:00,105.63
Switzerland,CHE,2024-01-12 11:00:00,2024-01-12 12:00:00,100.99
Switzerland,CHE,2024-01-12 12:00:00,2024-01-12 13:00:00,98.39
Switzerland,CHE,2024-01-12 13:00:00,2024-01-12 14:00:00,100.96
Switzerland,CHE,2024-01-12 14:00:00,2024-01-12 15:00:00,106.1
Switzerland,CHE,2024-01-12 15:00:00,2024-01-12 16:00:00,111.74
Switzerland,CHE,2024-01-12 16:00:00,2024-01-12 17:00:00,122.03
Switzerland,CHE,2024-01-12 17:00:00,2024-01-12 18:00:00,125.05
Switzerland,CHE,2024-01-12 18:00:00,2024-01-12 19:00:00,118.87
Switzerland,CHE,2024-01-12 19:00:00,2024-01-12 20:00:00,107.8
Switzerland,CHE,2024-01-12 20:00:00,2024-01-12 21:00:00,97.7
Switzerland,CHE,2024-01-12 21:00:00,2024-01-12 22:00:00,94.45
Switzerland,CHE,2024-01-12 22:00:00,2024-01-12 23:00:00,89.6
Switzerland,CHE,2024-01-12 23:00:00,2024-01-13 00:00:00,92.9
Switzerland,CHE,2024-01-13 00:00:00,2024-01-13 01:00:00,87.57
Switzerland,CHE,2024-01-13 01:00:00,2024-01-13 02:00:00,86.93
Switzerland,CHE,2024-01-13 02:00:00,2024-01-13 03:00:00,86.62
Switzerland,CHE,2024-01-13 03:00:00,2024-01-13 04:00:00,86.26
Switzerland,CHE,2024-01-13 04:00:00,2024-01-13 05:00:00,86.93
Switzerland,CHE,2024-01-13 05:00:00,2024-01-13 06:00:00,88.03
Switzerland,CHE,2024-01-13 06:00:00,2024-01-13 07:00:00,88.45
Switzerland,CHE,2024-01-13 07:00:00,2024-01-13 08:00:00,90.21
Switzerland,CHE,2024-01-13 08:00:00,2024-01-13 09:00:00,92.99
Switzerland,CHE,2024-01-13 09:00:00,2024-01-13 10:00:00,93.08
Switzerland,CHE,2024-01-13 10:00:00,2024-01-13 11:00:00,91.93
Switzerland,CHE,2024-01-13 11:00:00,2024-01-13 12:00:00,87.62
Switzerland,CHE,2024-01-13 12:00:00,2024-01-13 13:00:00,86.48
Switzerland,CHE,2024-01-13 13:00:00,2024-01-13 14:00:00,86.9
Switzerland,CHE,2024-01-13 14:00:00,2024-01-13 15:00:00,90.03
Switzerland,CHE,2024-01-13 15:00:00,2024-01-13 16:00:00,90.7
Switzerland,CHE,2024-01-13 16:00:00,2024-01-13 17:00:00,97.97
Switzerland,CHE,2024-01-13 17:00:00,2024-01-13 18:00:00,100.97
Switzerland,CHE,2024-01-13 18:00:00,2024-01-13 19:00:00,99.28
Switzerland,CHE,2024-01-13 19:00:00,2024-01-13 20:00:00,95.73
Switzerland,CHE,2024-01-13 20:00:00,2024-01-13 21:00:00,91.99
Switzerland,CHE,2024-01-13 21:00:00,2024-01-13 22:00:00,92.8
Switzerland,CHE,2024-01-13 22:00:00,2024-01-13 23:00:00,91.66
Switzerland,CHE,2024-01-13 23:00:00,2024-01-14 00:00:00,87.21
Switzerland,CHE,2024-01-14 00:00:00,2024-01-14 01:00:00,86.52
Switzerland,CHE,2024-01-14 01:00:00,2024-01-14 02:00:00,86.5
Switzerland,CHE,2024-01-14 02:00:00,2024-01-14 03:00:00,86.06
Switzerland,CHE,2024-01-14 03:00:00,2024-01-14 04:00:00,85.98
Switzerland,CHE,2024-01-14 04:00:00,2024-01-14 05:00:00,86.07
Switzerland,CHE,2024-01-14 05:00:00,2024-01-14 06:00:00,86.02
Switzerland,CHE,2024-01-14 06:00:00,2024-01-14 07:00:00,86.34
Switzerland,CHE,2024-01-14 07:00:00,2024-01-14 08:00:00,86.03
Switzerland,CHE,2024-01-14 08:00:00,2024-01-14 09:00:00,86.94
Switzerland,CHE,2024-01-14 09:00:00,2024-01-14 10:00:00,86.1
Switzerland,CHE,2024-01-14 10:00:00,2024-01-14 11:00:00,86.01
Switzerland,CHE,2024-01-14 11:00:00,2024-01-14 12:00:00,84.87
Switzerland,CHE,2024-01-14 12:00:00,2024-01-14 13:00:00,86.02
Switzerland,CHE,2024-01-14 13:00:00,2024-01-14 14:00:00,86.28
Switzerland,CHE,2024-01-14 14:00:00,2024-01-14 15:00:00,88.75
Switzerland,CHE,2024-01-14 15:00:00,2024-01-14 16:00:00,92.42
Switzerland,CHE,2024-01-14 16:00:00,2024-01-14 17:00:00,96.06
Switzerland,CHE,2024-01-14 17:00:00,2024-01-14 18:00:00,97.68
Switzerland,CHE,2024-01-14 18:00:00,2024-01-14 19:00:00,96.4
Switzerland,CHE,2024-01-14 19:00:00,2024-01-14 20:00:00,93.43
Switzerland,CHE,2024-01-14 20:00:00,2024-01-14 21:00:00,90.95
Switzerland,CHE,2024-01-14 21:00:00,2024-01-14 22:00:00,90.1
Switzerland,CHE,2024-01-14 22:00:00,2024-01-14 23:00:00,86.93
Switzerland,CHE,2024-01-14 23:00:00,2024-01-15 00:00:00,88.52
Switzerland,CHE,2024-01-15 00:00:00,2024-01-15 01:00:00,86.91
Switzerland,CHE,2024-01-15 01:00:00,2024-01-15 02:00:00,87.09
Switzerland,CHE,2024-01-15 02:00:00,2024-01-15 03:00:00,87.2
Switzerland,CHE,2024-01-15 03:00:00,2024-01-15 04:00:00,87.0
Switzerland,CHE,2024-01-15 04:00:00,2024-01-15 05:00:00,89.06
Switzerland,CHE,2024-01-15 05:00:00,2024-01-15 06:00:00,94.43
Switzerland,CHE,2024-01-15 06:00:00,2024-01-15 07:00:00,100.27
Switzerland,CHE,2024-01-15 07:00:00,2024-01-15 08:00:00,106.85
Switzerland,CHE,2024-01-15 08:00:00,2024-01-15 09:00:00,103.88
Switzerland,CHE,2024-01-15 09:00:00,2024-01-15 10:00:00,103.9
Switzerland,CHE,2024-01-15 10:00:00,2024-01-15 11:00:00,100.33
Switzerland,CHE,2024-01-15 11:00:00,2024-01-15 12:00:00,98.06
Switzerland,CHE,2024-01-15 12:00:00,2024-01-15 13:00:00,98.48
Switzerland,CHE,2024-01-15 13:00:00,2024-01-15 14:00:00,99.71
Switzerland,CHE,2024-01-15 14:00:00,2024-01-15 15:00:00,99.98
Switzerland,CHE,2024-01-15 15:00:00,2024-01-15 16:00:00,102.52
Switzerland,CHE,2024-01-15 16:00:00,2024-01-15 17:00:00,112.07
Switzerland,CHE,2024-01-15 17:00:00,2024-01-15 18:00:00,118.65
Switzerland,CHE,2024-01-15 18:00:00,2024-01-15 19:00:00,112.87
Switzerland,CHE,2024-01-15 19:00:00,2024-01-15 20:00:00,103.95
Switzerland,CHE,2024-01-15 20:00:00,2024-01-15 21:00:00,98.0
Switzerland,CHE,2024-01-15 21:00:00,2024-01-15 22:00:00,95.65
Switzerland,CHE,2024-01-15 22:00:00,2024-01-15 23:00:00,92.21
Switzerland,CHE,2024-01-15 23:00:00,2024-01-16 00:00:00,88.86
Switzerland,CHE,2024-01-16 00:00:00,2024-01-16 01:00:00,89.41
Switzerland,CHE,2024-01-16 01:00:00,2024-01-16 02:00:00,88.04
Switzerland,CHE,2024-01-16 02:00:00,2024-01-16 03:00:00,88.41
Switzerland,CHE,2024-01-16 03:00:00,2024-01-16 04:00:00,88.47
Switzerland,CHE,2024-01-16 04:00:00,2024-01-16 05:00:00,89.4
Switzerland,CHE,2024-01-16 05:00:00,2024-01-16 06:00:00,96.33
Switzerland,CHE,2024-01-16 06:00:00,2024-01-16 07:00:00,111.09
Switzerland,CHE,2024-01-16 07:00:00,2024-01-16 08:00:00,134.33
Switzerland,CHE,2024-01-16 08:00:00,2024-01-16 09:00:00,127.05
Switzerland,CHE,2024-01-16 09:00:00,2024-01-16 10:00:00,116.72
Switzerland,CHE,2024-01-16 10:00:00,2024-01-16 11:00:00,107.84
Switzerland,CHE,2024-01-16 11:00:00,2024-01-16 12:00:00,99.12
Switzerland,CHE,2024-01-16 12:00:00,2024-01-16 13:00:00,98.59
Switzerland,CHE,2024-01-16 13:00:00,2024-01-16 14:00:00,100.75
Switzerland,CHE,2024-01-16 14:00:00,2024-01-16 15:00:00,111.83
Switzerland,CHE,2024-01-16 15:00:00,2024-01-16 16:00:00,117.23
Switzerland,CHE,2024-01-16 16:00:00,2024-01-16 17:00:00,134.35
Switzerland,CHE,2024-01-16 17:00:00,2024-01-16 18:00:00,131.96
Switzerland,CHE,2024-01-16 18:00:00,2024-01-16 19:00:00,122.04
Switzerland,CHE,2024-01-16 19:00:00,2024-01-16 20:00:00,106.55
Switzerland,CHE,2024-01-16 20:00:00,2024-01-16 21:00:00,96.35
Switzerland,CHE,2024-01-16 21:00:00,2024-01-16 22:00:00,96.38
Switzerland,CHE,2024-01-16 22:00:00,2024-01-16 23:00:00,92.07
Switzerland,CHE,2024-01-16 23:00:00,2024-01-17 00:00:00,87.86
Switzerland,CHE,2024-01-17 00:00:00,2024-01-17 01:00:00,85.9
Switzerland,CHE,2024-01-17 01:00:00,2024-01-17 02:00:00,83.05
Switzerland,CHE,2024-01-17 02:00:00,2024-01-17 03:00:00,82.92
Switzerland,CHE,2024-01-17 03:00:00,2024-01-17 04:00:00,82.95
Switzerland,CHE,2024-01-17 04:00:00,2024-01-17 05:00:00,87.76
Switzerland,CHE,2024-01-17 05:00:00,2024-01-17 06:00:00,92.93
Switzerland,CHE,2024-01-17 06:00:00,2024-01-17 07:00:00,108.02
Switzerland,CHE,2024-01-17 07:00:00,2024-01-17 08:00:00,114.22
Switzerland,CHE,2024-01-17 08:00:00,2024-01-17 09:00:00,112.65
Switzerland,CHE,2024-01-17 09:00:00,2024-01-17 10:00:00,111.42
Switzerland,CHE,2024-01-17 10:00:00,2024-01-17 11:00:00,110.16
Switzerland,CHE,2024-01-17 11:00:00,2024-01-17 12:00:00,107.24
Switzerland,CHE,2024-01-17 12:00:00,2024-01-17 13:00:00,106.36
Switzerland,CHE,2024-01-17 13:00:00,2024-01-17 14:00:00,107.7
Switzerland,CHE,2024-01-17 14:00:00,2024-01-17 15:00:00,112.58
Switzerland,CHE,2024-01-17 15:00:00,2024-01-17 16:00:00,115.99
Switzerland,CHE,2024-01-17 16:00:00,2024-01-17 17:00:00,128.12
Switzerland,CHE,2024-01-17 17:00:00,2024-01-17 18:00:00,122.83
Switzerland,CHE,2024-01-17 18:00:00,2024-01-17 19:00:00,111.94
Switzerland,CHE,2024-01-17 19:00:00,2024-01-17 20:00:00,103.47
Switzerland,CHE,2024-01-17 20:00:00,2024-01-17 21:00:00,93.48
Switzerland,CHE,2024-01-17 21:00:00,2024-01-17 22:00:00,91.95
Switzerland,CHE,2024-01-17 22:00:00,2024-01-17 23:00:00,88.18
Switzerland,CHE,2024-01-17 23:00:00,2024-01-18 00:00:00,81.2
Switzerland,CHE,2024-01-18 00:00:00,2024-01-18 01:00:00,77.47
Switzerland,CHE,2024-01-18 01:00:00,2024-01-18 02:00:00,76.23
Switzerland,CHE,2024-01-18 02:00:00,2024-01-18 03:00:00,75.92
Switzerland,CHE,2024-01-18 03:00:00,2024-01-18 04:00:00,76.19
Switzerland,CHE,2024-01-18 04:00:00,2024-01-18 05:00:00,80.7
Switzerland,CHE,2024-01-18 05:00:00,2024-01-18 06:00:00,90.49
Switzerland,CHE,2024-01-18 06:00:00,2024-01-18 07:00:00,105.36
Switzerland,CHE,2024-01-18 07:00:00,2024-01-18 08:00:00,114.93
Switzerland,CHE,2024-01-18 08:00:00,2024-01-18 09:00:00,113.5
Switzerland,CHE,2024-01-18 09:00:00,2024-01-18 10:00:00,104.52
Switzerland,CHE,2024-01-18 10:00:00,2024-01-18 11:00:00,100.83
Switzerland,CHE,2024-01-18 11:00:00,2024-01-18 12:00:00,94.46
Switzerland,CHE,2024-01-18 12:00:00,2024-01-18 13:00:00,93.47
Switzerland,CHE,2024-01-18 13:00:00,2024-01-18 14:00:00,93.46
Switzerland,CHE,2024-01-18 14:00:00,2024-01-18 15:00:00,94.47
Switzerland,CHE,2024-01-18 15:00:00,2024-01-18 16:00:00,97.37
Switzerland,CHE,2024-01-18 16:00:00,2024-01-18 17:00:00,106.19
Switzerland,CHE,2024-01-18 17:00:00,2024-01-18 18:00:00,105.77
Switzerland,CHE,2024-01-18 18:00:00,2024-01-18 19:00:00,99.28
Switzerland,CHE,2024-01-18 19:00:00,2024-01-18 20:00:00,91.77
Switzerland,CHE,2024-01-18 20:00:00,2024-01-18 21:00:00,90.15
Switzerland,CHE,2024-01-18 21:00:00,2024-01-18 22:00:00,88.17
Switzerland,CHE,2024-01-18 22:00:00,2024-01-18 23:00:00,83.94
Switzerland,CHE,2024-01-18 23:00:00,2024-01-19 00:00:00,81.3
Switzerland,CHE,2024-01-19 00:00:00,2024-01-19 01:00:00,80.0
Switzerland,CHE,2024-01-19 01:00:00,2024-01-19 02:00:00,79.34
Switzerland,CHE,2024-01-19 02:00:00,2024-01-19 03:00:00,79.1
Switzerland,CHE,2024-01-19 03:00:00,2024-01-19 04:00:00,78.76
Switzerland,CHE,2024-01-19 04:00:00,2024-01-19 05:00:00,81.09
Switzerland,CHE,2024-01-19 05:00:00,2024-01-19 06:00:00,86.0
Switzerland,CHE,2024-01-19 06:00:00,2024-01-19 07:00:00,96.14
Switzerland,CHE,2024-01-19 07:00:00,2024-01-19 08:00:00,105.15
Switzerland,CHE,2024-01-19 08:00:00,2024-01-19 09:00:00,106.0
Switzerland,CHE,2024-01-19 09:00:00,2024-01-19 10:00:00,94.11
Switzerland,CHE,2024-01-19 10:00:00,2024-01-19 11:00:00,89.26
Switzerland,CHE,2024-01-19 11:00:00,2024-01-19 12:00:00,84.82
Switzerland,CHE,2024-01-19 12:00:00,2024-01-19 13:00:00,85.24
Switzerland,CHE,2024-01-19 13:00:00,2024-01-19 14:00:00,87.56
Switzerland,CHE,2024-01-19 14:00:00,2024-01-19 15:00:00,87.88
Switzerland,CHE,2024-01-19 15:00:00,2024-01-19 16:00:00,91.91
Switzerland,CHE,2024-01-19 16:00:00,2024-01-19 17:00:00,93.96
Switzerland,CHE,2024-01-19 17:00:00,2024-01-19 18:00:00,98.02
Switzerland,CHE,2024-01-19 18:00:00,2024-01-19 19:00:00,93.48
Switzerland,CHE,2024-01-19 19:00:00,2024-01-19 20:00:00,89.7
Switzerland,CHE,2024-01-19 20:00:00,2024-01-19 21:00:00,85.98
Switzerland,CHE,2024-01-19 21:00:00,2024-01-19 22:00:00,88.39
Switzerland,CHE,2024-01-19 22:00:00,2024-01-19 23:00:00,84.27
Switzerland,CHE,2024-01-19 23:00:00,2024-01-20 00:00:00,78.97
Switzerland,CHE,2024-01-20 00:00:00,2024-01-20 01:00:00,78.97
Switzerland,CHE,2024-01-20 01:00:00,2024-01-20 02:00:00,79.08
Switzerland,CHE,2024-01-20 02:00:00,2024-01-20 03:00:00,78.06
Switzerland,CHE,2024-01-20 03:00:00,2024-01-20 04:00:00,78.05
Switzerland,CHE,2024-01-20 04:00:00,2024-01-20 05:00:00,79.06
Switzerland,CHE,2024-01-20 05:00:00,2024-01-20 06:00:00,78.95
Switzerland,CHE,2024-01-20 06:00:00,2024-01-20 07:00:00,79.04
Switzerland,CHE,2024-01-20 07:00:00,2024-01-20 08:00:00,83.43
Switzerland,CHE,2024-01-20 08:00:00,2024-01-20 09:00:00,86.57
Switzerland,CHE,2024-01-20 09:00:00,2024-01-20 10:00:00,84.44
Switzerland,CHE,2024-01-20 10:00:00,2024-01-20 11:00:00,78.96
Switzerland,CHE,2024-01-20 11:00:00,2024-01-20 12:00:00,75.04
Switzerland,CHE,2024-01-20 12:00:00,2024-01-20 13:00:00,72.59
Switzerland,CHE,2024-01-20 13:00:00,2024-01-20 14:00:00,74.35
Switzerland,CHE,2024-01-20 14:00:00,2024-01-20 15:00:00,79.03
Switzerland,CHE,2024-01-20 15:00:00,2024-01-20 16:00:00,84.09
Switzerland,CHE,2024-01-20 16:00:00,2024-01-20 17:00:00,89.21
Switzerland,CHE,2024-01-20 17:00:00,2024-01-20 18:00:00,92.29
Switzerland,CHE,2024-01-20 18:00:00,2024-01-20 19:00:00,89.06
Switzerland,CHE,2024-01-20 19:00:00,2024-01-20 20:00:00,85.78
Switzerland,CHE,2024-01-20 20:00:00,2024-01-20 21:00:00,80.84
Switzerland,CHE,2024-01-20 21:00:00,2024-01-20 22:00:00,81.26
Switzerland,CHE,2024-01-20 22:00:00,2024-01-20 23:00:00,77.96
Switzerland,CHE,2024-01-20 23:00:00,2024-01-21 00:00:00,74.99
Switzerland,CHE,2024-01-21 00:00:00,2024-01-21 01:00:00,74.94
Switzerland,CHE,2024-01-21 01:00:00,2024-01-21 02:00:00,73.45
Switzerland,CHE,2024-01-21 02:00:00,2024-01-21 03:00:00,73.67
Switzerland,CHE,2024-01-21 03:00:00,2024-01-21 04:00:00,74.36
Switzerland,CHE,2024-01-21 04:00:00,2024-01-21 05:00:00,74.39
Switzerland,CHE,2024-01-21 05:00:00,2024-01-21 06:00:00,75.97
Switzerland,CHE,2024-01-21 06:00:00,2024-01-21 07:00:00,74.74
Switzerland,CHE,2024-01-21 07:00:00,2024-01-21 08:00:00,74.41
Switzerland,CHE,2024-01-21 08:00:00,2024-01-21 09:00:00,74.39
Switzerland,CHE,2024-01-21 09:00:00,2024-01-21 10:00:00,74.36
Switzerland,CHE,2024-01-21 10:00:00,2024-01-21 11:00:00,73.06
Switzerland,CHE,2024-01-21 11:00:00,2024-01-21 12:00:00,69.28
Switzerland,CHE,2024-01-21 12:00:00,2024-01-21 13:00:00,69.22
Switzerland,CHE,2024-01-21 13:00:00,2024-01-21 14:00:00,73.11
Switzerland,CHE,2024-01-21 14:00:00,2024-01-21 15:00:00,74.33
Switzerland,CHE,2024-01-21 15:00:00,2024-01-21 16:00:00,75.8
Switzerland,CHE,2024-01-21 16:00:00,2024-01-21 17:00:00,78.62
Switzerland,CHE,2024-01-21 17:00:00,2024-01-21 18:00:00,78.66
Switzerland,CHE,2024-01-21 18:00:00,2024-01-21 19:00:00,78.53
Switzerland,CHE,2024-01-21 19:00:00,2024-01-21 20:00:00,78.2
Switzerland,CHE,2024-01-21 20:00:00,2024-01-21 21:00:00,76.54
Switzerland,CHE,2024-01-21 21:00:00,2024-01-21 22:00:00,77.4
Switzerland,CHE,2024-01-21 22:00:00,2024-01-21 23:00:00,76.36
Switzerland,CHE,2024-01-21 23:00:00,2024-01-22 00:00:00,73.17
Switzerland,CHE,2024-01-22 00:00:00,2024-01-22 01:00:00,74.31
Switzerland,CHE,2024-01-22 01:00:00,2024-01-22 02:00:00,74.35
Switzerland,CHE,2024-01-22 02:00:00,2024-01-22 03:00:00,74.06
Switzerland,CHE,2024-01-22 03:00:00,2024-01-22 04:00:00,72.04
Switzerland,CHE,2024-01-22 04:00:00,2024-01-22 05:00:00,74.08
Switzerland,CHE,2024-01-22 05:00:00,2024-01-22 06:00:00,77.65
Switzerland,CHE,2024-01-22 06:00:00,2024-01-22 07:00:00,81.0
Switzerland,CHE,2024-01-22 07:00:00,2024-01-22 08:00:00,81.75
Switzerland,CHE,2024-01-22 08:00:00,2024-01-22 09:00:00,79.89
Switzerland,CHE,2024-01-22 09:00:00,2024-01-22 10:00:00,80.52
Switzerland,CHE,2024-01-22 10:00:00,2024-01-22 11:00:00,82.88
Switzerland,CHE,2024-01-22 11:00:00,2024-01-22 12:00:00,82.95
Switzerland,CHE,2024-01-22 12:00:00,2024-01-22 13:00:00,82.92
Switzerland,CHE,2024-01-22 13:00:00,2024-01-22 14:00:00,82.3
Switzerland,CHE,2024-01-22 14:00:00,2024-01-22 15:00:00,82.37
Switzerland,CHE,2024-01-22 15:00:00,2024-01-22 16:00:00,82.26
Switzerland,CHE,2024-01-22 16:00:00,2024-01-22 17:00:00,84.53
Switzerland,CHE,2024-01-22 17:00:00,2024-01-22 18:00:00,84.37
Switzerland,CHE,2024-01-22 18:00:00,2024-01-22 19:00:00,82.62
Switzerland,CHE,2024-01-22 19:00:00,2024-01-22 20:00:00,78.84
Switzerland,CHE,2024-01-22 20:00:00,2024-01-22 21:00:00,77.55
Switzerland,CHE,2024-01-22 21:00:00,2024-01-22 22:00:00,77.86
Switzerland,CHE,2024-01-22 22:00:00,2024-01-22 23:00:00,74.38
Switzerland,CHE,2024-01-22 23:00:00,2024-01-23 00:00:00,71.06
Switzerland,CHE,2024-01-23 00:00:00,2024-01-23 01:00:00,72.71
Switzerland,CHE,2024-01-23 01:00:00,2024-01-23 02:00:00,72.7
Switzerland,CHE,2024-01-23 02:00:00,2024-01-23 03:00:00,71.63
Switzerland,CHE,2024-01-23 03:00:00,2024-01-23 04:00:00,71.64
Switzerland,CHE,2024-01-23 04:00:00,2024-01-23 05:00:00,71.6
Switzerland,CHE,2024-01-23 05:00:00,2024-01-23 06:00:00,75.94
Switzerland,CHE,2024-01-23 06:00:00,2024-01-23 07:00:00,79.87
Switzerland,CHE,2024-01-23 07:00:00,2024-01-23 08:00:00,82.97
Switzerland,CHE,2024-01-23 08:00:00,2024-01-23 09:00:00,82.51
Switzerland,CHE,2024-01-23 09:00:00,2024-01-23 10:00:00,79.03
Switzerland,CHE,2024-01-23 10:00:00,2024-01-23 11:00:00,76.83
Switzerland,CHE,2024-01-23 11:00:00,2024-01-23 12:00:00,76.25
Switzerland,CHE,2024-01-23 12:00:00,2024-01-23 13:00:00,76.83
Switzerland,CHE,2024-01-23 13:00:00,2024-01-23 14:00:00,75.92
Switzerland,CHE,2024-01-23 14:00:00,2024-01-23 15:00:00,77.07
Switzerland,CHE,2024-01-23 15:00:00,2024-01-23 16:00:00,77.99
Switzerland,CHE,2024-01-23 16:00:00,2024-01-23 17:00:00,80.63
Switzerland,CHE,2024-01-23 17:00:00,2024-01-23 18:00:00,80.22
Switzerland,CHE,2024-01-23 18:00:00,2024-01-23 19:00:00,77.52
Switzerland,CHE,2024-01-23 19:00:00,2024-01-23 20:00:00,77.02
Switzerland,CHE,2024-01-23 20:00:00,2024-01-23 21:00:00,75.22
Switzerland,CHE,2024-01-23 21:00:00,2024-01-23 22:00:00,75.23
Switzerland,CHE,2024-01-23 22:00:00,2024-01-23 23:00:00,70.01
Switzerland,CHE,2024-01-23 23:00:00,2024-01-24 00:00:00,75.62
Switzerland,CHE,2024-01-24 00:00:00,2024-01-24 01:00:00,72.06
Switzerland,CHE,2024-01-24 01:00:00,2024-01-24 02:00:00,69.39
Switzerland,CHE,2024-01-24 02:00:00,2024-01-24 03:00:00,70.08
Switzerland,CHE,2024-01-24 03:00:00,2024-01-24 04:00:00,68.99
Switzerland,CHE,2024-01-24 04:00:00,2024-01-24 05:00:00,72.05
Switzerland,CHE,2024-01-24 05:00:00,2024-01-24 06:00:00,78.06
Switzerland,CHE,2024-01-24 06:00:00,2024-01-24 07:00:00,82.75
Switzerland,CHE,2024-01-24 07:00:00,2024-01-24 08:00:00,81.9
Switzerland,CHE,2024-01-24 08:00:00,2024-01-24 09:00:00,81.48
Switzerland,CHE,2024-01-24 09:00:00,2024-01-24 10:00:00,78.13
Switzerland,CHE,2024-01-24 10:00:00,2024-01-24 11:00:00,76.97
Switzerland,CHE,2024-01-24 11:00:00,2024-01-24 12:00:00,79.64
Switzerland,CHE,2024-01-24 12:00:00,2024-01-24 13:00:00,79.9
Switzerland,CHE,2024-01-24 13:00:00,2024-01-24 14:00:00,79.23
Switzerland,CHE,2024-01-24 14:00:00,2024-01-24 15:00:00,79.37
Switzerland,CHE,2024-01-24 15:00:00,2024-01-24 16:00:00,81.01
Switzerland,CHE,2024-01-24 16:00:00,2024-01-24 17:00:00,82.93
Switzerland,CHE,2024-01-24 17:00:00,2024-01-24 18:00:00,86.48
Switzerland,CHE,2024-01-24 18:00:00,2024-01-24 19:00:00,84.91
Switzerland,CHE,2024-01-24 19:00:00,2024-01-24 20:00:00,77.94
Switzerland,CHE,2024-01-24 20:00:00,2024-01-24 21:00:00,76.01
Switzerland,CHE,2024-01-24 21:00:00,2024-01-24 22:00:00,76.01
Switzerland,CHE,2024-01-24 22:00:00,2024-01-24 23:00:00,75.6
Switzerland,CHE,2024-01-24 23:00:00,2024-01-25 00:00:00,72.07
Switzerland,CHE,2024-01-25 00:00:00,2024-01-25 01:00:00,72.17
Switzerland,CHE,2024-01-25 01:00:00,2024-01-25 02:00:00,69.01
Switzerland,CHE,2024-01-25 02:00:00,2024-01-25 03:00:00,68.62
Switzerland,CHE,2024-01-25 03:00:00,2024-01-25 04:00:00,69.76
Switzerland,CHE,2024-01-25 04:00:00,2024-01-25 05:00:00,76.04
Switzerland,CHE,2024-01-25 05:00:00,2024-01-25 06:00:00,77.52
Switzerland,CHE,2024-01-25 06:00:00,2024-01-25 07:00:00,85.51
Switzerland,CHE,2024-01-25 07:00:00,2024-01-25 08:00:00,87.95
Switzerland,CHE,2024-01-25 08:00:00,2024-01-25 09:00:00,87.87
Switzerland,CHE,2024-01-25 09:00:00,2024-01-25 10:00:00,84.48
Switzerland,CHE,2024-01-25 10:00:00,2024-01-25 11:00:00,82.57
Switzerland,CHE,2024-01-25 11:00:00,2024-01-25 12:00:00,80.7
Switzerland,CHE,2024-01-25 12:00:00,2024-01-25 13:00:00,82.01
Switzerland,CHE,2024-01-25 13:00:00,2024-01-25 14:00:00,83.83
Switzerland,CHE,2024-01-25 14:00:00,2024-01-25 15:00:00,88.14
Switzerland,CHE,2024-01-25 15:00:00,2024-01-25 16:00:00,95.0
Switzerland,CHE,2024-01-25 16:00:00,2024-01-25 17:00:00,103.37
Switzerland,CHE,2024-01-25 17:00:00,2024-01-25 18:00:00,103.39
Switzerland,CHE,2024-01-25 18:00:00,2024-01-25 19:00:00,96.85
Switzerland,CHE,2024-01-25 19:00:00,2024-01-25 20:00:00,87.23
Switzerland,CHE,2024-01-25 20:00:00,2024-01-25 21:00:00,80.45
Switzerland,CHE,2024-01-25 21:00:00,2024-01-25 22:00:00,78.63
Switzerland,CHE,2024-01-25 22:00:00,2024-01-25 23:00:00,76.06
Switzerland,CHE,2024-01-25 23:00:00,2024-01-26 00:00:00,70.11
Switzerland,CHE,2024-01-26 00:00:00,2024-01-26 01:00:00,67.97
Switzerland,CHE,2024-01-26 01:00:00,2024-01-26 02:00:00,69.56
Switzerland,CHE,2024-01-26 02:00:00,2024-01-26 03:00:00,69.9
Switzerland,CHE,2024-01-26 03:00:00,2024-01-26 04:00:00,69.23
Switzerland,CHE,2024-01-26 04:00:00,2024-01-26 05:00:00,70.05
Switzerland,CHE,2024-01-26 05:00:00,2024-01-26 06:00:00,79.19
Switzerland,CHE,2024-01-26 06:00:00,2024-01-26 07:00:00,82.16
Switzerland,CHE,2024-01-26 07:00:00,2024-01-26 08:00:00,84.71
Switzerland,CHE,2024-01-26 08:00:00,2024-01-26 09:00:00,82.53
Switzerland,CHE,2024-01-26 09:00:00,2024-01-26 10:00:00,80.53
Switzerland,CHE,2024-01-26 10:00:00,2024-01-26 11:00:00,78.02
Switzerland,CHE,2024-01-26 11:00:00,2024-01-26 12:00:00,80.35
Switzerland,CHE,2024-01-26 12:00:00,2024-01-26 13:00:00,80.06
Switzerland,CHE,2024-01-26 13:00:00,2024-01-26 14:00:00,79.04
Switzerland,CHE,2024-01-26 14:00:00,2024-01-26 15:00:00,79.08
Switzerland,CHE,2024-01-26 15:00:00,2024-01-26 16:00:00,78.95
Switzerland,CHE,2024-01-26 16:00:00,2024-01-26 17:00:00,81.19
Switzerland,CHE,2024-01-26 17:00:00,2024-01-26 18:00:00,87.38
Switzerland,CHE,2024-01-26 18:00:00,2024-01-26 19:00:00,88.73
Switzerland,CHE,2024-01-26 19:00:00,2024-01-26 20:00:00,84.37
Switzerland,CHE,2024-01-26 20:00:00,2024-01-26 21:00:00,81.07
Switzerland,CHE,2024-01-26 21:00:00,2024-01-26 22:00:00,78.35
Switzerland,CHE,2024-01-26 22:00:00,2024-01-26 23:00:00,72.14
Switzerland,CHE,2024-01-26 23:00:00,2024-01-27 00:00:00,65.28
Switzerland,CHE,2024-01-27 00:00:00,2024-01-27 01:00:00,65.03
Switzerland,CHE,2024-01-27 01:00:00,2024-01-27 02:00:00,64.9
Switzerland,CHE,2024-01-27 02:00:00,2024-01-27 03:00:00,65.57
Switzerland,CHE,2024-01-27 03:00:00,2024-01-27 04:00:00,65.66
Switzerland,CHE,2024-01-27 04:00:00,2024-01-27 05:00:00,63.56
Switzerland,CHE,2024-01-27 05:00:00,2024-01-27 06:00:00,61.01
Switzerland,CHE,2024-01-27 06:00:00,2024-01-27 07:00:00,65.34
Switzerland,CHE,2024-01-27 07:00:00,2024-01-27 08:00:00,72.38
Switzerland,CHE,2024-01-27 08:00:00,2024-01-27 09:00:00,70.25
Switzerland,CHE,2024-01-27 09:00:00,2024-01-27 10:00:00,66.32
Switzerland,CHE,2024-01-27 10:00:00,2024-01-27 11:00:00,62.52
Switzerland,CHE,2024-01-27 11:00:00,2024-01-27 12:00:00,63.04
Switzerland,CHE,2024-01-27 12:00:00,2024-01-27 13:00:00,54.38
Switzerland,CHE,2024-01-27 13:00:00,2024-01-27 14:00:00,58.37
Switzerland,CHE,2024-01-27 14:00:00,2024-01-27 15:00:00,68.38
Switzerland,CHE,2024-01-27 15:00:00,2024-01-27 16:00:00,77.62
Switzerland,CHE,2024-01-27 16:00:00,2024-01-27 17:00:00,83.15
Switzerland,CHE,2024-01-27 17:00:00,2024-01-27 18:00:00,90.35
Switzerland,CHE,2024-01-27 18:00:00,2024-01-27 19:00:00,87.32
Switzerland,CHE,2024-01-27 19:00:00,2024-01-27 20:00:00,82.87
Switzerland,CHE,2024-01-27 20:00:00,2024-01-27 21:00:00,78.46
Switzerland,CHE,2024-01-27 21:00:00,2024-01-27 22:00:00,77.03
Switzerland,CHE,2024-01-27 22:00:00,2024-01-27 23:00:00,74.11
Switzerland,CHE,2024-01-27 23:00:00,2024-01-28 00:00:00,73.31
Switzerland,CHE,2024-01-28 00:00:00,2024-01-28 01:00:00,69.04
Switzerland,CHE,2024-01-28 01:00:00,2024-01-28 02:00:00,66.31
Switzerland,CHE,2024-01-28 02:00:00,2024-01-28 03:00:00,63.16
Switzerland,CHE,2024-01-28 03:00:00,2024-01-28 04:00:00,61.92
Switzerland,CHE,2024-01-28 04:00:00,2024-01-28 05:00:00,61.03
Switzerland,CHE,2024-01-28 05:00:00,2024-01-28 06:00:00,64.58
Switzerland,CHE,2024-01-28 06:00:00,2024-01-28 07:00:00,68.83
Switzerland,CHE,2024-01-28 07:00:00,2024-01-28 08:00:00,66.41
Switzerland,CHE,2024-01-28 08:00:00,2024-01-28 09:00:00,64.34
Switzerland,CHE,2024-01-28 09:00:00,2024-01-28 10:00:00,60.01
Switzerland,CHE,2024-01-28 10:00:00,2024-01-28 11:00:00,54.04
Switzerland,CHE,2024-01-28 11:00:00,2024-01-28 12:00:00,49.85
Switzerland,CHE,2024-01-28 12:00:00,2024-01-28 13:00:00,36.85
Switzerland,CHE,2024-01-28 13:00:00,2024-01-28 14:00:00,42.8
Switzerland,CHE,2024-01-28 14:00:00,2024-01-28 15:00:00,52.8
Switzerland,CHE,2024-01-28 15:00:00,2024-01-28 16:00:00,66.46
Switzerland,CHE,2024-01-28 16:00:00,2024-01-28 17:00:00,77.31
Switzerland,CHE,2024-01-28 17:00:00,2024-01-28 18:00:00,80.08
Switzerland,CHE,2024-01-28 18:00:00,2024-01-28 19:00:00,78.63
Switzerland,CHE,2024-01-28 19:00:00,2024-01-28 20:00:00,76.54
Switzerland,CHE,2024-01-28 20:00:00,2024-01-28 21:00:00,74.04
Switzerland,CHE,2024-01-28 21:00:00,2024-01-28 22:00:00,72.33
Switzerland,CHE,2024-01-28 22:00:00,2024-01-28 23:00:00,70.23
Switzerland,CHE,2024-01-28 23:00:00,2024-01-29 00:00:00,65.81
Switzerland,CHE,2024-01-29 00:00:00,2024-01-29 01:00:00,60.53
Switzerland,CHE,2024-01-29 01:00:00,2024-01-29 02:00:00,51.39
Switzerland,CHE,2024-01-29 02:00:00,2024-01-29 03:00:00,54.97
Switzerland,CHE,2024-01-29 03:00:00,2024-01-29 04:00:00,54.95
Switzerland,CHE,2024-01-29 04:00:00,2024-01-29 05:00:00,67.55
Switzerland,CHE,2024-01-29 05:00:00,2024-01-29 06:00:00,79.06
Switzerland,CHE,2024-01-29 06:00:00,2024-01-29 07:00:00,85.78
Switzerland,CHE,2024-01-29 07:00:00,2024-01-29 08:00:00,94.41
Switzerland,CHE,2024-01-29 08:00:00,2024-01-29 09:00:00,85.85
Switzerland,CHE,2024-01-29 09:00:00,2024-01-29 10:00:00,79.14
Switzerland,CHE,2024-01-29 10:00:00,2024-01-29 11:00:00,77.97
Switzerland,CHE,2024-01-29 11:00:00,2024-01-29 12:00:00,77.13
Switzerland,CHE,2024-01-29 12:00:00,2024-01-29 13:00:00,76.9
Switzerland,CHE,2024-01-29 13:00:00,2024-01-29 14:00:00,81.08
Switzerland,CHE,2024-01-29 14:00:00,2024-01-29 15:00:00,85.54
Switzerland,CHE,2024-01-29 15:00:00,2024-01-29 16:00:00,100.94
Switzerland,CHE,2024-01-29 16:00:00,2024-01-29 17:00:00,111.07
Switzerland,CHE,2024-01-29 17:00:00,2024-01-29 18:00:00,112.97
Switzerland,CHE,2024-01-29 18:00:00,2024-01-29 19:00:00,106.93
Switzerland,CHE,2024-01-29 19:00:00,2024-01-29 20:00:00,91.45
Switzerland,CHE,2024-01-29 20:00:00,2024-01-29 21:00:00,82.85
Switzerland,CHE,2024-01-29 21:00:00,2024-01-29 22:00:00,79.81
Switzerland,CHE,2024-01-29 22:00:00,2024-01-29 23:00:00,76.34
Switzerland,CHE,2024-01-29 23:00:00,2024-01-30 00:00:00,70.36
Switzerland,CHE,2024-01-30 00:00:00,2024-01-30 01:00:00,68.62
Switzerland,CHE,2024-01-30 01:00:00,2024-01-30 02:00:00,68.65
Switzerland,CHE,2024-01-30 02:00:00,2024-01-30 03:00:00,68.2
Switzerland,CHE,2024-01-30 03:00:00,2024-01-30 04:00:00,68.18
Switzerland,CHE,2024-01-30 04:00:00,2024-01-30 05:00:00,70.05
Switzerland,CHE,2024-01-30 05:00:00,2024-01-30 06:00:00,79.03
Switzerland,CHE,2024-01-30 06:00:00,2024-01-30 07:00:00,88.8
Switzerland,CHE,2024-01-30 07:00:00,2024-01-30 08:00:00,96.21
Switzerland,CHE,2024-01-30 08:00:00,2024-01-30 09:00:00,88.05
Switzerland,CHE,2024-01-30 09:00:00,2024-01-30 10:00:00,80.09
Switzerland,CHE,2024-01-30 10:00:00,2024-01-30 11:00:00,78.89
Switzerland,CHE,2024-01-30 11:00:00,2024-01-30 12:00:00,76.38
Switzerland,CHE,2024-01-30 12:00:00,2024-01-30 13:00:00,76.38
Switzerland,CHE,2024-01-30 13:00:00,2024-01-30 14:00:00,78.16
Switzerland,CHE,2024-01-30 14:00:00,2024-01-30 15:00:00,81.4
Switzerland,CHE,2024-01-30 15:00:00,2024-01-30 16:00:00,83.89
Switzerland,CHE,2024-01-30 16:00:00,2024-01-30 17:00:00,87.99
Switzerland,CHE,2024-01-30 17:00:00,2024-01-30 18:00:00,96.01
Switzerland,CHE,2024-01-30 18:00:00,2024-01-30 19:00:00,92.01
Switzerland,CHE,2024-01-30 19:00:00,2024-01-30 20:00:00,85.61
Switzerland,CHE,2024-01-30 20:00:00,2024-01-30 21:00:00,79.54
Switzerland,CHE,2024-01-30 21:00:00,2024-01-30 22:00:00,78.25
Switzerland,CHE,2024-01-30 22:00:00,2024-01-30 23:00:00,76.09
Switzerland,CHE,2024-01-30 23:00:00,2024-01-31 00:00:00,74.03
Switzerland,CHE,2024-01-31 00:00:00,2024-01-31 01:00:00,71.07
Switzerland,CHE,2024-01-31 01:00:00,2024-01-31 02:00:00,69.52
Switzerland,CHE,2024-01-31 02:00:00,2024-01-31 03:00:00,69.83
Switzerland,CHE,2024-01-31 03:00:00,2024-01-31 04:00:00,68.6
Switzerland,CHE,2024-01-31 04:00:00,2024-01-31 05:00:00,74.85
Switzerland,CHE,2024-01-31 05:00:00,2024-01-31 06:00:00,82.31
Switzerland,CHE,2024-01-31 06:00:00,2024-01-31 07:00:00,99.17
Switzerland,CHE,2024-01-31 07:00:00,2024-01-31 08:00:00,109.52
Switzerland,CHE,2024-01-31 08:00:00,2024-01-31 09:00:00,92.0
Switzerland,CHE,2024-01-31 09:00:00,2024-01-31 10:00:00,83.68
Switzerland,CHE,2024-01-31 10:00:00,2024-01-31 11:00:00,79.38
Switzerland,CHE,2024-01-31 11:00:00,2024-01-31 12:00:00,76.59
Switzerland,CHE,2024-01-31 12:00:00,2024-01-31 13:00:00,76.97
Switzerland,CHE,2024-01-31 13:00:00,2024-01-31 14:00:00,78.12
Switzerland,CHE,2024-01-31 14:00:00,2024-01-31 15:00:00,79.95
Switzerland,CHE,2024-01-31 15:00:00,2024-01-31 16:00:00,80.88
Switzerland,CHE,2024-01-31 16:00:00,2024-01-31 17:00:00,83.97
Switzerland,CHE,2024-01-31 17:00:00,2024-01-31 18:00:00,88.28
Switzerland,CHE,2024-01-31 18:00:00,2024-01-31 19:00:00,85.79
Switzerland,CHE,2024-01-31 19:00:00,2024-01-31 20:00:00,81.03
Switzerland,CHE,2024-01-31 20:00:00,2024-01-31 21:00:00,76.47
Switzerland,CHE,2024-01-31 21:00:00,2024-01-31 22:00:00,75.5
Switzerland,CHE,2024-01-31 22:00:00,2024-01-31 23:00:00,69.88
Switzerland,CHE,2024-01-31 23:00:00,2024-02-01 00:00:00,70.84
Switzerland,CHE,2024-02-01 00:00:00,2024-02-01 01:00:00,70.82
Switzerland,CHE,2024-02-01 01:00:00,2024-02-01 02:00:00,70.8
Switzerland,CHE,2024-02-01 02:00:00,2024-02-01 03:00:00,73.85
Switzerland,CHE,2024-02-01 03:00:00,2024-02-01 04:00:00,74.06
Switzerland,CHE,2024-02-01 04:00:00,2024-02-01 05:00:00,74.09
Switzerland,CHE,2024-02-01 05:00:00,2024-02-01 06:00:00,86.0
Switzerland,CHE,2024-02-01 06:00:00,2024-02-01 07:00:00,91.07
Switzerland,CHE,2024-02-01 07:00:00,2024-02-01 08:00:00,91.38
Switzerland,CHE,2024-02-01 08:00:00,2024-02-01 09:00:00,90.68
Switzerland,CHE,2024-02-01 09:00:00,2024-02-01 10:00:00,85.99
Switzerland,CHE,2024-02-01 10:00:00,2024-02-01 11:00:00,85.02
Switzerland,CHE,2024-02-01 11:00:00,2024-02-01 12:00:00,83.68
Switzerland,CHE,2024-02-01 12:00:00,2024-02-01 13:00:00,84.15
Switzerland,CHE,2024-02-01 13:00:00,2024-02-01 14:00:00,83.65
Switzerland,CHE,2024-02-01 14:00:00,2024-02-01 15:00:00,86.91
Switzerland,CHE,2024-02-01 15:00:00,2024-02-01 16:00:00,88.86
Switzerland,CHE,2024-02-01 16:00:00,2024-02-01 17:00:00,91.89
Switzerland,CHE,2024-02-01 17:00:00,2024-02-01 18:00:00,99.54
Switzerland,CHE,2024-02-01 18:00:00,2024-02-01 19:00:00,94.54
Switzerland,CHE,2024-02-01 19:00:00,2024-02-01 20:00:00,92.57
Switzerland,CHE,2024-02-01 20:00:00,2024-02-01 21:00:00,85.01
Switzerland,CHE,2024-02-01 21:00:00,2024-02-01 22:00:00,80.47
Switzerland,CHE,2024-02-01 22:00:00,2024-02-01 23:00:00,73.27
Switzerland,CHE,2024-02-01 23:00:00,2024-02-02 00:00:00,72.92
Switzerland,CHE,2024-02-02 00:00:00,2024-02-02 01:00:00,72.89
Switzerland,CHE,2024-02-02 01:00:00,2024-02-02 02:00:00,77.19
Switzerland,CHE,2024-02-02 02:00:00,2024-02-02 03:00:00,79.03
Switzerland,CHE,2024-02-02 03:00:00,2024-02-02 04:00:00,79.11
Switzerland,CHE,2024-02-02 04:00:00,2024-02-02 05:00:00,78.09
Switzerland,CHE,2024-02-02 05:00:00,2024-02-02 06:00:00,83.99
Switzerland,CHE,2024-02-02 06:00:00,2024-02-02 07:00:00,88.77
Switzerland,CHE,2024-02-02 07:00:00,2024-02-02 08:00:00,91.0
Switzerland,CHE,2024-02-02 08:00:00,2024-02-02 09:00:00,87.98
Switzerland,CHE,2024-02-02 09:00:00,2024-02-02 10:00:00,86.5
Switzerland,CHE,2024-02-02 10:00:00,2024-02-02 11:00:00,83.02
Switzerland,CHE,2024-02-02 11:00:00,2024-02-02 12:00:00,82.64
Switzerland,CHE,2024-02-02 12:00:00,2024-02-02 13:00:00,82.61
Switzerland,CHE,2024-02-02 13:00:00,2024-02-02 14:00:00,82.64
Switzerland,CHE,2024-02-02 14:00:00,2024-02-02 15:00:00,82.67
Switzerland,CHE,2024-02-02 15:00:00,2024-02-02 16:00:00,87.11
Switzerland,CHE,2024-02-02 16:00:00,2024-02-02 17:00:00,86.01
Switzerland,CHE,2024-02-02 17:00:00,2024-02-02 18:00:00,88.19
Switzerland,CHE,2024-02-02 18:00:00,2024-02-02 19:00:00,84.2
Switzerland,CHE,2024-02-02 19:00:00,2024-02-02 20:00:00,78.98
Switzerland,CHE,2024-02-02 20:00:00,2024-02-02 21:00:00,76.49
Switzerland,CHE,2024-02-02 21:00:00,2024-02-02 22:00:00,78.09
Switzerland,CHE,2024-02-02 22:00:00,2024-02-02 23:00:00,73.13
Switzerland,CHE,2024-02-02 23:00:00,2024-02-03 00:00:00,69.74
Switzerland,CHE,2024-02-03 00:00:00,2024-02-03 01:00:00,77.01
Switzerland,CHE,2024-02-03 01:00:00,2024-02-03 02:00:00,70.24
Switzerland,CHE,2024-02-03 02:00:00,2024-02-03 03:00:00,70.11
Switzerland,CHE,2024-02-03 03:00:00,2024-02-03 04:00:00,69.71
Switzerland,CHE,2024-02-03 04:00:00,2024-02-03 05:00:00,68.33
Switzerland,CHE,2024-02-03 05:00:00,2024-02-03 06:00:00,69.74
Switzerland,CHE,2024-02-03 06:00:00,2024-02-03 07:00:00,69.74
Switzerland,CHE,2024-02-03 07:00:00,2024-02-03 08:00:00,69.36
Switzerland,CHE,2024-02-03 08:00:00,2024-02-03 09:00:00,66.5
Switzerland,CHE,2024-02-03 09:00:00,2024-02-03 10:00:00,66.93
Switzerland,CHE,2024-02-03 10:00:00,2024-02-03 11:00:00,61.87
Switzerland,CHE,2024-02-03 11:00:00,2024-02-03 12:00:00,44.74
Switzerland,CHE,2024-02-03 12:00:00,2024-02-03 13:00:00,32.55
Switzerland,CHE,2024-02-03 13:00:00,2024-02-03 14:00:00,44.62
Switzerland,CHE,2024-02-03 14:00:00,2024-02-03 15:00:00,63.06
Switzerland,CHE,2024-02-03 15:00:00,2024-02-03 16:00:00,79.11
Switzerland,CHE,2024-02-03 16:00:00,2024-02-03 17:00:00,79.64
Switzerland,CHE,2024-02-03 17:00:00,2024-02-03 18:00:00,79.98
Switzerland,CHE,2024-02-03 18:00:00,2024-02-03 19:00:00,79.69
Switzerland,CHE,2024-02-03 19:00:00,2024-02-03 20:00:00,79.52
Switzerland,CHE,2024-02-03 20:00:00,2024-02-03 21:00:00,79.08
Switzerland,CHE,2024-02-03 21:00:00,2024-02-03 22:00:00,79.17
Switzerland,CHE,2024-02-03 22:00:00,2024-02-03 23:00:00,69.78
Switzerland,CHE,2024-02-03 23:00:00,2024-02-04 00:00:00,77.05
Switzerland,CHE,2024-02-04 00:00:00,2024-02-04 01:00:00,70.14
Switzerland,CHE,2024-02-04 01:00:00,2024-02-04 02:00:00,66.86
Switzerland,CHE,2024-02-04 02:00:00,2024-02-04 03:00:00,61.98
Switzerland,CHE,2024-02-04 03:00:00,2024-02-04 04:00:00,57.02
Switzerland,CHE,2024-02-04 04:00:00,2024-02-04 05:00:00,62.01
Switzerland,CHE,2024-02-04 05:00:00,2024-02-04 06:00:00,63.05
Switzerland,CHE,2024-02-04 06:00:00,2024-02-04 07:00:00,68.06
Switzerland,CHE,2024-02-04 07:00:00,2024-02-04 08:00:00,62.04
Switzerland,CHE,2024-02-04 08:00:00,2024-02-04 09:00:00,57.03
Switzerland,CHE,2024-02-04 09:00:00,2024-02-04 10:00:00,20.09
Switzerland,CHE,2024-02-04 10:00:00,2024-02-04 11:00:00,22.47
Switzerland,CHE,2024-02-04 11:00:00,2024-02-04 12:00:00,12.72
Switzerland,CHE,2024-02-04 12:00:00,2024-02-04 13:00:00,7.85
Switzerland,CHE,2024-02-04 13:00:00,2024-02-04 14:00:00,11.35
Switzerland,CHE,2024-02-04 14:00:00,2024-02-04 15:00:00,25.33
Switzerland,CHE,2024-02-04 15:00:00,2024-02-04 16:00:00,55.07
Switzerland,CHE,2024-02-04 16:00:00,2024-02-04 17:00:00,78.24
Switzerland,CHE,2024-02-04 17:00:00,2024-02-04 18:00:00,77.81
Switzerland,CHE,2024-02-04 18:00:00,2024-02-04 19:00:00,77.66
Switzerland,CHE,2024-02-04 19:00:00,2024-02-04 20:00:00,77.4
Switzerland,CHE,2024-02-04 20:00:00,2024-02-04 21:00:00,79.22
Switzerland,CHE,2024-02-04 21:00:00,2024-02-04 22:00:00,79.16
Switzerland,CHE,2024-02-04 22:00:00,2024-02-04 23:00:00,78.22
Switzerland,CHE,2024-02-04 23:00:00,2024-02-05 00:00:00,69.7
Switzerland,CHE,2024-02-05 00:00:00,2024-02-05 01:00:00,67.05
Switzerland,CHE,2024-02-05 01:00:00,2024-02-05 02:00:00,65.06
Switzerland,CHE,2024-02-05 02:00:00,2024-02-05 03:00:00,65.79
Switzerland,CHE,2024-02-05 03:00:00,2024-02-05 04:00:00,65.89
Switzerland,CHE,2024-02-05 04:00:00,2024-02-05 05:00:00,77.8
Switzerland,CHE,2024-02-05 05:00:00,2024-02-05 06:00:00,78.92
Switzerland,CHE,2024-02-05 06:00:00,2024-02-05 07:00:00,81.15
Switzerland,CHE,2024-02-05 07:00:00,2024-02-05 08:00:00,83.72
Switzerland,CHE,2024-02-05 08:00:00,2024-02-05 09:00:00,81.93
Switzerland,CHE,2024-02-05 09:00:00,2024-02-05 10:00:00,72.25
Switzerland,CHE,2024-02-05 10:00:00,2024-02-05 11:00:00,74.96
Switzerland,CHE,2024-02-05 11:00:00,2024-02-05 12:00:00,56.47
Switzerland,CHE,2024-02-05 12:00:00,2024-02-05 13:00:00,53.28
Switzerland,CHE,2024-02-05 13:00:00,2024-02-05 14:00:00,61.09
Switzerland,CHE,2024-02-05 14:00:00,2024-02-05 15:00:00,70.15
Switzerland,CHE,2024-02-05 15:00:00,2024-02-05 16:00:00,78.45
Switzerland,CHE,2024-02-05 16:00:00,2024-02-05 17:00:00,81.9
Switzerland,CHE,2024-02-05 17:00:00,2024-02-05 18:00:00,86.21
Switzerland,CHE,2024-02-05 18:00:00,2024-02-05 19:00:00,83.94
Switzerland,CHE,2024-02-05 19:00:00,2024-02-05 20:00:00,80.0
Switzerland,CHE,2024-02-05 20:00:00,2024-02-05 21:00:00,70.17
Switzerland,CHE,2024-02-05 21:00:00,2024-02-05 22:00:00,70.14
Switzerland,CHE,2024-02-05 22:00:00,2024-02-05 23:00:00,65.03
Switzerland,CHE,2024-02-05 23:00:00,2024-02-06 00:00:00,62.47
Switzerland,CHE,2024-02-06 00:00:00,2024-02-06 01:00:00,62.29
Switzerland,CHE,2024-02-06 01:00:00,2024-02-06 02:00:00,62.2
Switzerland,CHE,2024-02-06 02:00:00,2024-02-06 03:00:00,62.14
Switzerland,CHE,2024-02-06 03:00:00,2024-02-06 04:00:00,62.01
Switzerland,CHE,2024-02-06 04:00:00,2024-02-06 05:00:00,64.36
Switzerland,CHE,2024-02-06 05:00:00,2024-02-06 06:00:00,76.34
Switzerland,CHE,2024-02-06 06:00:00,2024-02-06 07:00:00,81.18
Switzerland,CHE,2024-02-06 07:00:00,2024-02-06 08:00:00,83.25
Switzerland,CHE,2024-02-06 08:00:00,2024-02-06 09:00:00,80.81
Switzerland,CHE,2024-02-06 09:00:00,2024-02-06 10:00:00,72.44
Switzerland,CHE,2024-02-06 10:00:00,2024-02-06 11:00:00,69.2
Switzerland,CHE,2024-02-06 11:00:00,2024-02-06 12:00:00,68.32
Switzerland,CHE,2024-02-06 12:00:00,2024-02-06 13:00:00,67.04
Switzerland,CHE,2024-02-06 13:00:00,2024-02-06 14:00:00,63.04
Switzerland,CHE,2024-02-06 14:00:00,2024-02-06 15:00:00,64.89
Switzerland,CHE,2024-02-06 15:00:00,2024-02-06 16:00:00,77.86
Switzerland,CHE,2024-02-06 16:00:00,2024-02-06 17:00:00,80.94
Switzerland,CHE,2024-02-06 17:00:00,2024-02-06 18:00:00,81.36
Switzerland,CHE,2024-02-06 18:00:00,2024-02-06 19:00:00,80.09
Switzerland,CHE,2024-02-06 19:00:00,2024-02-06 20:00:00,77.07
Switzerland,CHE,2024-02-06 20:00:00,2024-02-06 21:00:00,70.54
Switzerland,CHE,2024-02-06 21:00:00,2024-02-06 22:00:00,70.85
Switzerland,CHE,2024-02-06 22:00:00,2024-02-06 23:00:00,65.34
Switzerland,CHE,2024-02-06 23:00:00,2024-02-07 00:00:00,71.25
Switzerland,CHE,2024-02-07 00:00:00,2024-02-07 01:00:00,70.89
Switzerland,CHE,2024-02-07 01:00:00,2024-02-07 02:00:00,70.8
Switzerland,CHE,2024-02-07 02:00:00,2024-02-07 03:00:00,70.85
Switzerland,CHE,2024-02-07 03:00:00,2024-02-07 04:00:00,70.2
Switzerland,CHE,2024-02-07 04:00:00,2024-02-07 05:00:00,71.64
Switzerland,CHE,2024-02-07 05:00:00,2024-02-07 06:00:00,72.1
Switzerland,CHE,2024-02-07 06:00:00,2024-02-07 07:00:00,82.01
Switzerland,CHE,2024-02-07 07:00:00,2024-02-07 08:00:00,85.48
Switzerland,CHE,2024-02-07 08:00:00,2024-02-07 09:00:00,83.27
Switzerland,CHE,2024-02-07 09:00:00,2024-02-07 10:00:00,80.25
Switzerland,CHE,2024-02-07 10:00:00,2024-02-07 11:00:00,79.83
Switzerland,CHE,2024-02-07 11:00:00,2024-02-07 12:00:00,80.24
Switzerland,CHE,2024-02-07 12:00:00,2024-02-07 13:00:00,81.41
Switzerland,CHE,2024-02-07 13:00:00,2024-02-07 14:00:00,86.49
Switzerland,CHE,2024-02-07 14:00:00,2024-02-07 15:00:00,90.32
Switzerland,CHE,2024-02-07 15:00:00,2024-02-07 16:00:00,93.38
Switzerland,CHE,2024-02-07 16:00:00,2024-02-07 17:00:00,112.0
Switzerland,CHE,2024-02-07 17:00:00,2024-02-07 18:00:00,116.08
Switzerland,CHE,2024-02-07 18:00:00,2024-02-07 19:00:00,101.94
Switzerland,CHE,2024-02-07 19:00:00,2024-02-07 20:00:00,92.74
Switzerland,CHE,2024-02-07 20:00:00,2024-02-07 21:00:00,85.74
Switzerland,CHE,2024-02-07 21:00:00,2024-02-07 22:00:00,84.02
Switzerland,CHE,2024-02-07 22:00:00,2024-02-07 23:00:00,80.29
Switzerland,CHE,2024-02-07 23:00:00,2024-02-08 00:00:00,79.3
Switzerland,CHE,2024-02-08 00:00:00,2024-02-08 01:00:00,75.81
Switzerland,CHE,2024-02-08 01:00:00,2024-02-08 02:00:00,74.69
Switzerland,CHE,2024-02-08 02:00:00,2024-02-08 03:00:00,73.54
Switzerland,CHE,2024-02-08 03:00:00,2024-02-08 04:00:00,73.54
Switzerland,CHE,2024-02-08 04:00:00,2024-02-08 05:00:00,78.94
Switzerland,CHE,2024-02-08 05:00:00,2024-02-08 06:00:00,89.58
Switzerland,CHE,2024-02-08 06:00:00,2024-02-08 07:00:00,107.17
Switzerland,CHE,2024-02-08 07:00:00,2024-02-08 08:00:00,120.95
Switzerland,CHE,2024-02-08 08:00:00,2024-02-08 09:00:00,107.55
Switzerland,CHE,2024-02-08 09:00:00,2024-02-08 10:00:00,95.06
Switzerland,CHE,2024-02-08 10:00:00,2024-02-08 11:00:00,93.06
Switzerland,CHE,2024-02-08 11:00:00,2024-02-08 12:00:00,89.9
Switzerland,CHE,2024-02-08 12:00:00,2024-02-08 13:00:00,88.53
Switzerland,CHE,2024-02-08 13:00:00,2024-02-08 14:00:00,89.93
Switzerland,CHE,2024-02-08 14:00:00,2024-02-08 15:00:00,92.56
Switzerland,CHE,2024-02-08 15:00:00,2024-02-08 16:00:00,95.99
Switzerland,CHE,2024-02-08 16:00:00,2024-02-08 17:00:00,98.87
Switzerland,CHE,2024-02-08 17:00:00,2024-02-08 18:00:00,95.67
Switzerland,CHE,2024-02-08 18:00:00,2024-02-08 19:00:00,87.48
Switzerland,CHE,2024-02-08 19:00:00,2024-02-08 20:00:00,82.16
Switzerland,CHE,2024-02-08 20:00:00,2024-02-08 21:00:00,80.42
Switzerland,CHE,2024-02-08 21:00:00,2024-02-08 22:00:00,80.33
Switzerland,CHE,2024-02-08 22:00:00,2024-02-08 23:00:00,72.91
Switzerland,CHE,2024-02-08 23:00:00,2024-02-09 00:00:00,72.22
Switzerland,CHE,2024-02-09 00:00:00,2024-02-09 01:00:00,72.13
Switzerland,CHE,2024-02-09 01:00:00,2024-02-09 02:00:00,70.1
Switzerland,CHE,2024-02-09 02:00:00,2024-02-09 03:00:00,69.99
Switzerland,CHE,2024-02-09 03:00:00,2024-02-09 04:00:00,71.73
Switzerland,CHE,2024-02-09 04:00:00,2024-02-09 05:00:00,72.49
Switzerland,CHE,2024-02-09 05:00:00,2024-02-09 06:00:00,77.02
Switzerland,CHE,2024-02-09 06:00:00,2024-02-09 07:00:00,83.04
Switzerland,CHE,2024-02-09 07:00:00,2024-02-09 08:00:00,83.03
Switzerland,CHE,2024-02-09 08:00:00,2024-02-09 09:00:00,78.58
Switzerland,CHE,2024-02-09 09:00:00,2024-02-09 10:00:00,78.58
Switzerland,CHE,2024-02-09 10:00:00,2024-02-09 11:00:00,81.03
Switzerland,CHE,2024-02-09 11:00:00,2024-02-09 12:00:00,80.29
Switzerland,CHE,2024-02-09 12:00:00,2024-02-09 13:00:00,80.49
Switzerland,CHE,2024-02-09 13:00:00,2024-02-09 14:00:00,80.35
Switzerland,CHE,2024-02-09 14:00:00,2024-02-09 15:00:00,80.83
Switzerland,CHE,2024-02-09 15:00:00,2024-02-09 16:00:00,84.19
Switzerland,CHE,2024-02-09 16:00:00,2024-02-09 17:00:00,89.15
Switzerland,CHE,2024-02-09 17:00:00,2024-02-09 18:00:00,89.31
Switzerland,CHE,2024-02-09 18:00:00,2024-02-09 19:00:00,86.07
Switzerland,CHE,2024-02-09 19:00:00,2024-02-09 20:00:00,81.01
Switzerland,CHE,2024-02-09 20:00:00,2024-02-09 21:00:00,77.98
Switzerland,CHE,2024-02-09 21:00:00,2024-02-09 22:00:00,77.02
Switzerland,CHE,2024-02-09 22:00:00,2024-02-09 23:00:00,72.0
Switzerland,CHE,2024-02-09 23:00:00,2024-02-10 00:00:00,67.9
Switzerland,CHE,2024-02-10 00:00:00,2024-02-10 01:00:00,65.98
Switzerland,CHE,2024-02-10 01:00:00,2024-02-10 02:00:00,64.59
Switzerland,CHE,2024-02-10 02:00:00,2024-02-10 03:00:00,64.53
Switzerland,CHE,2024-02-10 03:00:00,2024-02-10 04:00:00,62.9
Switzerland,CHE,2024-02-10 04:00:00,2024-02-10 05:00:00,64.54
Switzerland,CHE,2024-02-10 05:00:00,2024-02-10 06:00:00,64.82
Switzerland,CHE,2024-02-10 06:00:00,2024-02-10 07:00:00,70.67
Switzerland,CHE,2024-02-10 07:00:00,2024-02-10 08:00:00,74.53
Switzerland,CHE,2024-02-10 08:00:00,2024-02-10 09:00:00,74.59
Switzerland,CHE,2024-02-10 09:00:00,2024-02-10 10:00:00,70.83
Switzerland,CHE,2024-02-10 10:00:00,2024-02-10 11:00:00,69.08
Switzerland,CHE,2024-02-10 11:00:00,2024-02-10 12:00:00,68.17
Switzerland,CHE,2024-02-10 12:00:00,2024-02-10 13:00:00,67.87
Switzerland,CHE,2024-02-10 13:00:00,2024-02-10 14:00:00,68.62
Switzerland,CHE,2024-02-10 14:00:00,2024-02-10 15:00:00,73.21
Switzerland,CHE,2024-02-10 15:00:00,2024-02-10 16:00:00,80.38
Switzerland,CHE,2024-02-10 16:00:00,2024-02-10 17:00:00,84.3
Switzerland,CHE,2024-02-10 17:00:00,2024-02-10 18:00:00,85.67
Switzerland,CHE,2024-02-10 18:00:00,2024-02-10 19:00:00,79.97
Switzerland,CHE,2024-02-10 19:00:00,2024-02-10 20:00:00,74.67
Switzerland,CHE,2024-02-10 20:00:00,2024-02-10 21:00:00,69.77
Switzerland,CHE,2024-02-10 21:00:00,2024-02-10 22:00:00,70.43
Switzerland,CHE,2024-02-10 22:00:00,2024-02-10 23:00:00,66.75
Switzerland,CHE,2024-02-10 23:00:00,2024-02-11 00:00:00,60.11
Switzerland,CHE,2024-02-11 00:00:00,2024-02-11 01:00:00,60.35
Switzerland,CHE,2024-02-11 01:00:00,2024-02-11 02:00:00,57.81
Switzerland,CHE,2024-02-11 02:00:00,2024-02-11 03:00:00,57.45
Switzerland,CHE,2024-02-11 03:00:00,2024-02-11 04:00:00,52.83
Switzerland,CHE,2024-02-11 04:00:00,2024-02-11 05:00:00,51.06
Switzerland,CHE,2024-02-11 05:00:00,2024-02-11 06:00:00,58.59
Switzerland,CHE,2024-02-11 06:00:00,2024-02-11 07:00:00,59.27
Switzerland,CHE,2024-02-11 07:00:00,2024-02-11 08:00:00,62.7
Switzerland,CHE,2024-02-11 08:00:00,2024-02-11 09:00:00,62.96
Switzerland,CHE,2024-02-11 09:00:00,2024-02-11 10:00:00,63.97
Switzerland,CHE,2024-02-11 10:00:00,2024-02-11 11:00:00,64.9
Switzerland,CHE,2024-02-11 11:00:00,2024-02-11 12:00:00,64.01
Switzerland,CHE,2024-02-11 12:00:00,2024-02-11 13:00:00,62.31
Switzerland,CHE,2024-02-11 13:00:00,2024-02-11 14:00:00,61.9
Switzerland,CHE,2024-02-11 14:00:00,2024-02-11 15:00:00,65.01
Switzerland,CHE,2024-02-11 15:00:00,2024-02-11 16:00:00,69.17
Switzerland,CHE,2024-02-11 16:00:00,2024-02-11 17:00:00,78.27
Switzerland,CHE,2024-02-11 17:00:00,2024-02-11 18:00:00,81.07
Switzerland,CHE,2024-02-11 18:00:00,2024-02-11 19:00:00,79.51
Switzerland,CHE,2024-02-11 19:00:00,2024-02-11 20:00:00,77.05
Switzerland,CHE,2024-02-11 20:00:00,2024-02-11 21:00:00,70.87
Switzerland,CHE,2024-02-11 21:00:00,2024-02-11 22:00:00,68.85
Switzerland,CHE,2024-02-11 22:00:00,2024-02-11 23:00:00,63.64
Switzerland,CHE,2024-02-11 23:00:00,2024-02-12 00:00:00,65.42
Switzerland,CHE,2024-02-12 00:00:00,2024-02-12 01:00:00,63.92
Switzerland,CHE,2024-02-12 01:00:00,2024-02-12 02:00:00,62.54
Switzerland,CHE,2024-02-12 02:00:00,2024-02-12 03:00:00,61.09
Switzerland,CHE,2024-02-12 03:00:00,2024-02-12 04:00:00,63.02
Switzerland,CHE,2024-02-12 04:00:00,2024-02-12 05:00:00,65.85
Switzerland,CHE,2024-02-12 05:00:00,2024-02-12 06:00:00,78.08
Switzerland,CHE,2024-02-12 06:00:00,2024-02-12 07:00:00,88.57
Switzerland,CHE,2024-02-12 07:00:00,2024-02-12 08:00:00,94.22
Switzerland,CHE,2024-02-12 08:00:00,2024-02-12 09:00:00,89.01
Switzerland,CHE,2024-02-12 09:00:00,2024-02-12 10:00:00,82.94
Switzerland,CHE,2024-02-12 10:00:00,2024-02-12 11:00:00,79.17
Switzerland,CHE,2024-02-12 11:00:00,2024-02-12 12:00:00,74.31
Switzerland,CHE,2024-02-12 12:00:00,2024-02-12 13:00:00,73.64
Switzerland,CHE,2024-02-12 13:00:00,2024-02-12 14:00:00,73.78
Switzerland,CHE,2024-02-12 14:00:00,2024-02-12 15:00:00,78.39
Switzerland,CHE,2024-02-12 15:00:00,2024-02-12 16:00:00,80.15
Switzerland,CHE,2024-02-12 16:00:00,2024-02-12 17:00:00,86.86
Switzerland,CHE,2024-02-12 17:00:00,2024-02-12 18:00:00,98.24
Switzerland,CHE,2024-02-12 18:00:00,2024-02-12 19:00:00,93.28
Switzerland,CHE,2024-02-12 19:00:00,2024-02-12 20:00:00,84.44
Switzerland,CHE,2024-02-12 20:00:00,2024-02-12 21:00:00,78.85
Switzerland,CHE,2024-02-12 21:00:00,2024-02-12 22:00:00,76.58
Switzerland,CHE,2024-02-12 22:00:00,2024-02-12 23:00:00,67.75
Switzerland,CHE,2024-02-12 23:00:00,2024-02-13 00:00:00,68.5
Switzerland,CHE,2024-02-13 00:00:00,2024-02-13 01:00:00,67.06
Switzerland,CHE,2024-02-13 01:00:00,2024-02-13 02:00:00,67.35
Switzerland,CHE,2024-02-13 02:00:00,2024-02-13 03:00:00,68.58
Switzerland,CHE,2024-02-13 03:00:00,2024-02-13 04:00:00,68.61
Switzerland,CHE,2024-02-13 04:00:00,2024-02-13 05:00:00,68.64
Switzerland,CHE,2024-02-13 05:00:00,2024-02-13 06:00:00,78.08
Switzerland,CHE,2024-02-13 06:00:00,2024-02-13 07:00:00,86.01
Switzerland,CHE,2024-02-13 07:00:00,2024-02-13 08:00:00,89.36
Switzerland,CHE,2024-02-13 08:00:00,2024-02-13 09:00:00,84.42
Switzerland,CHE,2024-02-13 09:00:00,2024-02-13 10:00:00,77.92
Switzerland,CHE,2024-02-13 10:00:00,2024-02-13 11:00:00,75.97
Switzerland,CHE,2024-02-13 11:00:00,2024-02-13 12:00:00,73.44
Switzerland,CHE,2024-02-13 12:00:00,2024-02-13 13:00:00,72.35
Switzerland,CHE,2024-02-13 13:00:00,2024-02-13 14:00:00,71.1
Switzerland,CHE,2024-02-13 14:00:00,2024-02-13 15:00:00,76.01
Switzerland,CHE,2024-02-13 15:00:00,2024-02-13 16:00:00,82.99
Switzerland,CHE,2024-02-13 16:00:00,2024-02-13 17:00:00,91.63
Switzerland,CHE,2024-02-13 17:00:00,2024-02-13 18:00:00,96.05
Switzerland,CHE,2024-02-13 18:00:00,2024-02-13 19:00:00,92.86
Switzerland,CHE,2024-02-13 19:00:00,2024-02-13 20:00:00,81.56
Switzerland,CHE,2024-02-13 20:00:00,2024-02-13 21:00:00,78.13
Switzerland,CHE,2024-02-13 21:00:00,2024-02-13 22:00:00,75.68
Switzerland,CHE,2024-02-13 22:00:00,2024-02-13 23:00:00,69.3
Switzerland,CHE,2024-02-13 23:00:00,2024-02-14 00:00:00,63.01
Switzerland,CHE,2024-02-14 00:00:00,2024-02-14 01:00:00,61.94
Switzerland,CHE,2024-02-14 01:00:00,2024-02-14 02:00:00,62.01
Switzerland,CHE,2024-02-14 02:00:00,2024-02-14 03:00:00,60.56
Switzerland,CHE,2024-02-14 03:00:00,2024-02-14 04:00:00,61.9
Switzerland,CHE,2024-02-14 04:00:00,2024-02-14 05:00:00,63.91
Switzerland,CHE,2024-02-14 05:00:00,2024-02-14 06:00:00,73.44
Switzerland,CHE,2024-02-14 06:00:00,2024-02-14 07:00:00,78.19
Switzerland,CHE,2024-02-14 07:00:00,2024-02-14 08:00:00,82.45
Switzerland,CHE,2024-02-14 08:00:00,2024-02-14 09:00:00,76.16
Switzerland,CHE,2024-02-14 09:00:00,2024-02-14 10:00:00,73.0
Switzerland,CHE,2024-02-14 10:00:00,2024-02-14 11:00:00,68.07
Switzerland,CHE,2024-02-14 11:00:00,2024-02-14 12:00:00,63.21
Switzerland,CHE,2024-02-14 12:00:00,2024-02-14 13:00:00,63.07
Switzerland,CHE,2024-02-14 13:00:00,2024-02-14 14:00:00,67.51
Switzerland,CHE,2024-02-14 14:00:00,2024-02-14 15:00:00,71.14
Switzerland,CHE,2024-02-14 15:00:00,2024-02-14 16:00:00,75.19
Switzerland,CHE,2024-02-14 16:00:00,2024-02-14 17:00:00,80.15
Switzerland,CHE,2024-02-14 17:00:00,2024-02-14 18:00:00,84.01
Switzerland,CHE,2024-02-14 18:00:00,2024-02-14 19:00:00,82.81
Switzerland,CHE,2024-02-14 19:00:00,2024-02-14 20:00:00,76.4
Switzerland,CHE,2024-02-14 20:00:00,2024-02-14 21:00:00,73.13
Switzerland,CHE,2024-02-14 21:00:00,2024-02-14 22:00:00,69.76
Switzerland,CHE,2024-02-14 22:00:00,2024-02-14 23:00:00,62.83
Switzerland,CHE,2024-02-14 23:00:00,2024-02-15 00:00:00,63.9
Switzerland,CHE,2024-02-15 00:00:00,2024-02-15 01:00:00,65.02
Switzerland,CHE,2024-02-15 01:00:00,2024-02-15 02:00:00,64.38
Switzerland,CHE,2024-02-15 02:00:00,2024-02-15 03:00:00,64.34
Switzerland,CHE,2024-02-15 03:00:00,2024-02-15 04:00:00,64.05
Switzerland,CHE,2024-02-15 04:00:00,2024-02-15 05:00:00,64.54
Switzerland,CHE,2024-02-15 05:00:00,2024-02-15 06:00:00,73.61
Switzerland,CHE,2024-02-15 06:00:00,2024-02-15 07:00:00,82.51
Switzerland,CHE,2024-02-15 07:00:00,2024-02-15 08:00:00,82.66
Switzerland,CHE,2024-02-15 08:00:00,2024-02-15 09:00:00,75.95
Switzerland,CHE,2024-02-15 09:00:00,2024-02-15 10:00:00,71.15
Switzerland,CHE,2024-02-15 10:00:00,2024-02-15 11:00:00,69.08
Switzerland,CHE,2024-02-15 11:00:00,2024-02-15 12:00:00,66.62
Switzerland,CHE,2024-02-15 12:00:00,2024-02-15 13:00:00,65.63
Switzerland,CHE,2024-02-15 13:00:00,2024-02-15 14:00:00,67.68
Switzerland,CHE,2024-02-15 14:00:00,2024-02-15 15:00:00,71.07
Switzerland,CHE,2024-02-15 15:00:00,2024-02-15 16:00:00,79.43
Switzerland,CHE,2024-02-15 16:00:00,2024-02-15 17:00:00,84.29
Switzerland,CHE,2024-02-15 17:00:00,2024-02-15 18:00:00,87.08
Switzerland,CHE,2024-02-15 18:00:00,2024-02-15 19:00:00,81.46
Switzerland,CHE,2024-02-15 19:00:00,2024-02-15 20:00:00,72.54
Switzerland,CHE,2024-02-15 20:00:00,2024-02-15 21:00:00,70.05
Switzerland,CHE,2024-02-15 21:00:00,2024-02-15 22:00:00,66.46
Switzerland,CHE,2024-02-15 22:00:00,2024-02-15 23:00:00,64.23
Switzerland,CHE,2024-02-15 23:00:00,2024-02-16 00:00:00,60.57
Switzerland,CHE,2024-02-16 00:00:00,2024-02-16 01:00:00,60.97
Switzerland,CHE,2024-02-16 01:00:00,2024-02-16 02:00:00,60.78
Switzerland,CHE,2024-02-16 02:00:00,2024-02-16 03:00:00,61.21
Switzerland,CHE,2024-02-16 03:00:00,2024-02-16 04:00:00,61.57
Switzerland,CHE,2024-02-16 04:00:00,2024-02-16 05:00:00,61.24
Switzerland,CHE,2024-02-16 05:00:00,2024-02-16 06:00:00,68.01
Switzerland,CHE,2024-02-16 06:00:00,2024-02-16 07:00:00,71.19
Switzerland,CHE,2024-02-16 07:00:00,2024-02-16 08:00:00,72.75
Switzerland,CHE,2024-02-16 08:00:00,2024-02-16 09:00:00,68.68
Switzerland,CHE,2024-02-16 09:00:00,2024-02-16 10:00:00,62.94
Switzerland,CHE,2024-02-16 10:00:00,2024-02-16 11:00:00,63.15
Switzerland,CHE,2024-02-16 11:00:00,2024-02-16 12:00:00,62.77
Switzerland,CHE,2024-02-16 12:00:00,2024-02-16 13:00:00,62.72
Switzerland,CHE,2024-02-16 13:00:00,2024-02-16 14:00:00,62.44
Switzerland,CHE,2024-02-16 14:00:00,2024-02-16 15:00:00,63.66
Switzerland,CHE,2024-02-16 15:00:00,2024-02-16 16:00:00,68.79
Switzerland,CHE,2024-02-16 16:00:00,2024-02-16 17:00:00,71.95
Switzerland,CHE,2024-02-16 17:00:00,2024-02-16 18:00:00,73.75
Switzerland,CHE,2024-02-16 18:00:00,2024-02-16 19:00:00,72.54
Switzerland,CHE,2024-02-16 19:00:00,2024-02-16 20:00:00,69.75
Switzerland,CHE,2024-02-16 20:00:00,2024-02-16 21:00:00,64.71
Switzerland,CHE,2024-02-16 21:00:00,2024-02-16 22:00:00,64.09
Switzerland,CHE,2024-02-16 22:00:00,2024-02-16 23:00:00,60.36
Switzerland,CHE,2024-02-16 23:00:00,2024-02-17 00:00:00,62.54
Switzerland,CHE,2024-02-17 00:00:00,2024-02-17 01:00:00,61.86
Switzerland,CHE,2024-02-17 01:00:00,2024-02-17 02:00:00,60.01
Switzerland,CHE,2024-02-17 02:00:00,2024-02-17 03:00:00,60.03
Switzerland,CHE,2024-02-17 03:00:00,2024-02-17 04:00:00,59.55
Switzerland,CHE,2024-02-17 04:00:00,2024-02-17 05:00:00,58.72
Switzerland,CHE,2024-02-17 05:00:00,2024-02-17 06:00:00,61.93
Switzerland,CHE,2024-02-17 06:00:00,2024-02-17 07:00:00,68.0
Switzerland,CHE,2024-02-17 07:00:00,2024-02-17 08:00:00,69.89
Switzerland,CHE,2024-02-17 08:00:00,2024-02-17 09:00:00,68.68
Switzerland,CHE,2024-02-17 09:00:00,2024-02-17 10:00:00,64.21
Switzerland,CHE,2024-02-17 10:00:00,2024-02-17 11:00:00,62.09
Switzerland,CHE,2024-02-17 11:00:00,2024-02-17 12:00:00,62.08
Switzerland,CHE,2024-02-17 12:00:00,2024-02-17 13:00:00,58.84
Switzerland,CHE,2024-02-17 13:00:00,2024-02-17 14:00:00,60.45
Switzerland,CHE,2024-02-17 14:00:00,2024-02-17 15:00:00,67.63
Switzerland,CHE,2024-02-17 15:00:00,2024-02-17 16:00:00,74.21
Switzerland,CHE,2024-02-17 16:00:00,2024-02-17 17:00:00,79.92
Switzerland,CHE,2024-02-17 17:00:00,2024-02-17 18:00:00,82.97
Switzerland,CHE,2024-02-17 18:00:00,2024-02-17 19:00:00,86.18
Switzerland,CHE,2024-02-17 19:00:00,2024-02-17 20:00:00,77.68
Switzerland,CHE,2024-02-17 20:00:00,2024-02-17 21:00:00,73.39
Switzerland,CHE,2024-02-17 21:00:00,2024-02-17 22:00:00,71.84
Switzerland,CHE,2024-02-17 22:00:00,2024-02-17 23:00:00,68.61
Switzerland,CHE,2024-02-17 23:00:00,2024-02-18 00:00:00,61.06
Switzerland,CHE,2024-02-18 00:00:00,2024-02-18 01:00:00,59.62
Switzerland,CHE,2024-02-18 01:00:00,2024-02-18 02:00:00,58.19
Switzerland,CHE,2024-02-18 02:00:00,2024-02-18 03:00:00,53.03
Switzerland,CHE,2024-02-18 03:00:00,2024-02-18 04:00:00,53.01
Switzerland,CHE,2024-02-18 04:00:00,2024-02-18 05:00:00,54.36
Switzerland,CHE,2024-02-18 05:00:00,2024-02-18 06:00:00,52.72
Switzerland,CHE,2024-02-18 06:00:00,2024-02-18 07:00:00,53.3
Switzerland,CHE,2024-02-18 07:00:00,2024-02-18 08:00:00,53.07
Switzerland,CHE,2024-02-18 08:00:00,2024-02-18 09:00:00,52.93
Switzerland,CHE,2024-02-18 09:00:00,2024-02-18 10:00:00,49.21
Switzerland,CHE,2024-02-18 10:00:00,2024-02-18 11:00:00,45.71
Switzerland,CHE,2024-02-18 11:00:00,2024-02-18 12:00:00,43.44
Switzerland,CHE,2024-02-18 12:00:00,2024-02-18 13:00:00,39.6
Switzerland,CHE,2024-02-18 13:00:00,2024-02-18 14:00:00,48.02
Switzerland,CHE,2024-02-18 14:00:00,2024-02-18 15:00:00,56.07
Switzerland,CHE,2024-02-18 15:00:00,2024-02-18 16:00:00,59.33
Switzerland,CHE,2024-02-18 16:00:00,2024-02-18 17:00:00,70.07
Switzerland,CHE,2024-02-18 17:00:00,2024-02-18 18:00:00,71.29
Switzerland,CHE,2024-02-18 18:00:00,2024-02-18 19:00:00,70.07
Switzerland,CHE,2024-02-18 19:00:00,2024-02-18 20:00:00,65.38
Switzerland,CHE,2024-02-18 20:00:00,2024-02-18 21:00:00,59.75
Switzerland,CHE,2024-02-18 21:00:00,2024-02-18 22:00:00,59.47
Switzerland,CHE,2024-02-18 22:00:00,2024-02-18 23:00:00,57.43
Switzerland,CHE,2024-02-18 23:00:00,2024-02-19 00:00:00,55.41
Switzerland,CHE,2024-02-19 00:00:00,2024-02-19 01:00:00,54.66
Switzerland,CHE,2024-02-19 01:00:00,2024-02-19 02:00:00,54.66
Switzerland,CHE,2024-02-19 02:00:00,2024-02-19 03:00:00,55.14
Switzerland,CHE,2024-02-19 03:00:00,2024-02-19 04:00:00,55.61
Switzerland,CHE,2024-02-19 04:00:00,2024-02-19 05:00:00,56.27
Switzerland,CHE,2024-02-19 05:00:00,2024-02-19 06:00:00,65.97
Switzerland,CHE,2024-02-19 06:00:00,2024-02-19 07:00:00,71.43
Switzerland,CHE,2024-02-19 07:00:00,2024-02-19 08:00:00,73.47
Switzerland,CHE,2024-02-19 08:00:00,2024-02-19 09:00:00,70.59
Switzerland,CHE,2024-02-19 09:00:00,2024-02-19 10:00:00,67.83
Switzerland,CHE,2024-02-19 10:00:00,2024-02-19 11:00:00,66.58
Switzerland,CHE,2024-02-19 11:00:00,2024-02-19 12:00:00,64.5
Switzerland,CHE,2024-02-19 12:00:00,2024-02-19 13:00:00,63.78
Switzerland,CHE,2024-02-19 13:00:00,2024-02-19 14:00:00,64.01
Switzerland,CHE,2024-02-19 14:00:00,2024-02-19 15:00:00,66.1
Switzerland,CHE,2024-02-19 15:00:00,2024-02-19 16:00:00,69.24
Switzerland,CHE,2024-02-19 16:00:00,2024-02-19 17:00:00,72.74
Switzerland,CHE,2024-02-19 17:00:00,2024-02-19 18:00:00,81.9
Switzerland,CHE,2024-02-19 18:00:00,2024-02-19 19:00:00,76.49
Switzerland,CHE,2024-02-19 19:00:00,2024-02-19 20:00:00,70.02
Switzerland,CHE,2024-02-19 20:00:00,2024-02-19 21:00:00,68.1
Switzerland,CHE,2024-02-19 21:00:00,2024-02-19 22:00:00,67.35
Switzerland,CHE,2024-02-19 22:00:00,2024-02-19 23:00:00,64.2
Switzerland,CHE,2024-02-19 23:00:00,2024-02-20 00:00:00,57.69
Switzerland,CHE,2024-02-20 00:00:00,2024-02-20 01:00:00,56.69
Switzerland,CHE,2024-02-20 01:00:00,2024-02-20 02:00:00,56.63
Switzerland,CHE,2024-02-20 02:00:00,2024-02-20 03:00:00,55.91
Switzerland,CHE,2024-02-20 03:00:00,2024-02-20 04:00:00,55.75
Switzerland,CHE,2024-02-20 04:00:00,2024-02-20 05:00:00,61.24
Switzerland,CHE,2024-02-20 05:00:00,2024-02-20 06:00:00,71.3
Switzerland,CHE,2024-02-20 06:00:00,2024-02-20 07:00:00,82.82
Switzerland,CHE,2024-02-20 07:00:00,2024-02-20 08:00:00,84.76
Switzerland,CHE,2024-02-20 08:00:00,2024-02-20 09:00:00,73.85
Switzerland,CHE,2024-02-20 09:00:00,2024-02-20 10:00:00,70.39
Switzerland,CHE,2024-02-20 10:00:00,2024-02-20 11:00:00,67.3
Switzerland,CHE,2024-02-20 11:00:00,2024-02-20 12:00:00,63.07
Switzerland,CHE,2024-02-20 12:00:00,2024-02-20 13:00:00,59.18
Switzerland,CHE,2024-02-20 13:00:00,2024-02-20 14:00:00,58.98
Switzerland,CHE,2024-02-20 14:00:00,2024-02-20 15:00:00,66.86
Switzerland,CHE,2024-02-20 15:00:00,2024-02-20 16:00:00,68.49
Switzerland,CHE,2024-02-20 16:00:00,2024-02-20 17:00:00,71.11
Switzerland,CHE,2024-02-20 17:00:00,2024-02-20 18:00:00,78.36
Switzerland,CHE,2024-02-20 18:00:00,2024-02-20 19:00:00,76.09
Switzerland,CHE,2024-02-20 19:00:00,2024-02-20 20:00:00,72.06
Switzerland,CHE,2024-02-20 20:00:00,2024-02-20 21:00:00,67.1
Switzerland,CHE,2024-02-20 21:00:00,2024-02-20 22:00:00,65.04
Switzerland,CHE,2024-02-20 22:00:00,2024-02-20 23:00:00,58.94
Switzerland,CHE,2024-02-20 23:00:00,2024-02-21 00:00:00,54.87
Switzerland,CHE,2024-02-21 00:00:00,2024-02-21 01:00:00,55.05
Switzerland,CHE,2024-02-21 01:00:00,2024-02-21 02:00:00,55.06
Switzerland,CHE,2024-02-21 02:00:00,2024-02-21 03:00:00,55.18
Switzerland,CHE,2024-02-21 03:00:00,2024-02-21 04:00:00,54.99
Switzerland,CHE,2024-02-21 04:00:00,2024-02-21 05:00:00,55.06
Switzerland,CHE,2024-02-21 05:00:00,2024-02-21 06:00:00,65.9
Switzerland,CHE,2024-02-21 06:00:00,2024-02-21 07:00:00,70.9
Switzerland,CHE,2024-02-21 07:00:00,2024-02-21 08:00:00,74.76
Switzerland,CHE,2024-02-21 08:00:00,2024-02-21 09:00:00,68.54
Switzerland,CHE,2024-02-21 09:00:00,2024-02-21 10:00:00,65.94
Switzerland,CHE,2024-02-21 10:00:00,2024-02-21 11:00:00,63.91
Switzerland,CHE,2024-02-21 11:00:00,2024-02-21 12:00:00,60.59
Switzerland,CHE,2024-02-21 12:00:00,2024-02-21 13:00:00,60.81
Switzerland,CHE,2024-02-21 13:00:00,2024-02-21 14:00:00,62.96
Switzerland,CHE,2024-02-21 14:00:00,2024-02-21 15:00:00,65.55
Switzerland,CHE,2024-02-21 15:00:00,2024-02-21 16:00:00,66.83
Switzerland,CHE,2024-02-21 16:00:00,2024-02-21 17:00:00,67.32
Switzerland,CHE,2024-02-21 17:00:00,2024-02-21 18:00:00,67.52
Switzerland,CHE,2024-02-21 18:00:00,2024-02-21 19:00:00,66.8
Switzerland,CHE,2024-02-21 19:00:00,2024-02-21 20:00:00,66.07
Switzerland,CHE,2024-02-21 20:00:00,2024-02-21 21:00:00,59.3
Switzerland,CHE,2024-02-21 21:00:00,2024-02-21 22:00:00,57.49
Switzerland,CHE,2024-02-21 22:00:00,2024-02-21 23:00:00,54.68
Switzerland,CHE,2024-02-21 23:00:00,2024-02-22 00:00:00,56.86
Switzerland,CHE,2024-02-22 00:00:00,2024-02-22 01:00:00,56.34
Switzerland,CHE,2024-02-22 01:00:00,2024-02-22 02:00:00,56.46
Switzerland,CHE,2024-02-22 02:00:00,2024-02-22 03:00:00,56.27
Switzerland,CHE,2024-02-22 03:00:00,2024-02-22 04:00:00,56.27
Switzerland,CHE,2024-02-22 04:00:00,2024-02-22 05:00:00,56.09
Switzerland,CHE,2024-02-22 05:00:00,2024-02-22 06:00:00,64.47
Switzerland,CHE,2024-02-22 06:00:00,2024-02-22 07:00:00,71.62
Switzerland,CHE,2024-02-22 07:00:00,2024-02-22 08:00:00,73.26
Switzerland,CHE,2024-02-22 08:00:00,2024-02-22 09:00:00,68.72
Switzerland,CHE,2024-02-22 09:00:00,2024-02-22 10:00:00,66.52
Switzerland,CHE,2024-02-22 10:00:00,2024-02-22 11:00:00,63.74
Switzerland,CHE,2024-02-22 11:00:00,2024-02-22 12:00:00,60.08
Switzerland,CHE,2024-02-22 12:00:00,2024-02-22 13:00:00,63.93
Switzerland,CHE,2024-02-22 13:00:00,2024-02-22 14:00:00,62.64
Switzerland,CHE,2024-02-22 14:00:00,2024-02-22 15:00:00,62.44
Switzerland,CHE,2024-02-22 15:00:00,2024-02-22 16:00:00,64.55
Switzerland,CHE,2024-02-22 16:00:00,2024-02-22 17:00:00,64.61
Switzerland,CHE,2024-02-22 17:00:00,2024-02-22 18:00:00,66.67
Switzerland,CHE,2024-02-22 18:00:00,2024-02-22 19:00:00,64.5
Switzerland,CHE,2024-02-22 19:00:00,2024-02-22 20:00:00,62.09
Switzerland,CHE,2024-02-22 20:00:00,2024-02-22 21:00:00,57.66
Switzerland,CHE,2024-02-22 21:00:00,2024-02-22 22:00:00,57.64
Switzerland,CHE,2024-02-22 22:00:00,2024-02-22 23:00:00,55.03
Switzerland,CHE,2024-02-22 23:00:00,2024-02-23 00:00:00,56.53
Switzerland,CHE,2024-02-23 00:00:00,2024-02-23 01:00:00,56.67
Switzerland,CHE,2024-02-23 01:00:00,2024-02-23 02:00:00,57.29
Switzerland,CHE,2024-02-23 02:00:00,2024-02-23 03:00:00,55.69
Switzerland,CHE,2024-02-23 03:00:00,2024-02-23 04:00:00,55.61
Switzerland,CHE,2024-02-23 04:00:00,2024-02-23 05:00:00,57.43
Switzerland,CHE,2024-02-23 05:00:00,2024-02-23 06:00:00,57.97
Switzerland,CHE,2024-02-23 06:00:00,2024-02-23 07:00:00,66.1
Switzerland,CHE,2024-02-23 07:00:00,2024-02-23 08:00:00,67.49
Switzerland,CHE,2024-02-23 08:00:00,2024-02-23 09:00:00,59.52
Switzerland,CHE,2024-02-23 09:00:00,2024-02-23 10:00:00,56.73
Switzerland,CHE,2024-02-23 10:00:00,2024-02-23 11:00:00,57.08
Switzerland,CHE,2024-02-23 11:00:00,2024-02-23 12:00:00,55.84
Switzerland,CHE,2024-02-23 12:00:00,2024-02-23 13:00:00,55.76
Switzerland,CHE,2024-02-23 13:00:00,2024-02-23 14:00:00,55.8
Switzerland,CHE,2024-02-23 14:00:00,2024-02-23 15:00:00,56.73
Switzerland,CHE,2024-02-23 15:00:00,2024-02-23 16:00:00,59.04
Switzerland,CHE,2024-02-23 16:00:00,2024-02-23 17:00:00,70.96
Switzerland,CHE,2024-02-23 17:00:00,2024-02-23 18:00:00,77.43
Switzerland,CHE,2024-02-23 18:00:00,2024-02-23 19:00:00,77.12
Switzerland,CHE,2024-02-23 19:00:00,2024-02-23 20:00:00,70.83
Switzerland,CHE,2024-02-23 20:00:00,2024-02-23 21:00:00,68.52
Switzerland,CHE,2024-02-23 21:00:00,2024-02-23 22:00:00,65.98
Switzerland,CHE,2024-02-23 22:00:00,2024-02-23 23:00:00,63.46
Switzerland,CHE,2024-02-23 23:00:00,2024-02-24 00:00:00,64.07
Switzerland,CHE,2024-02-24 00:00:00,2024-02-24 01:00:00,59.98
Switzerland,CHE,2024-02-24 01:00:00,2024-02-24 02:00:00,57.33
Switzerland,CHE,2024-02-24 02:00:00,2024-02-24 03:00:00,56.61
Switzerland,CHE,2024-02-24 03:00:00,2024-02-24 04:00:00,56.86
Switzerland,CHE,2024-02-24 04:00:00,2024-02-24 05:00:00,58.14
Switzerland,CHE,2024-02-24 05:00:00,2024-02-24 06:00:00,64.0
Switzerland,CHE,2024-02-24 06:00:00,2024-02-24 07:00:00,69.19
Switzerland,CHE,2024-02-24 07:00:00,2024-02-24 08:00:00,68.77
Switzerland,CHE,2024-02-24 08:00:00,2024-02-24 09:00:00,59.29
Switzerland,CHE,2024-02-24 09:00:00,2024-02-24 10:00:00,55.02
Switzerland,CHE,2024-02-24 10:00:00,2024-02-24 11:00:00,52.03
Switzerland,CHE,2024-02-24 11:00:00,2024-02-24 12:00:00,47.18
Switzerland,CHE,2024-02-24 12:00:00,2024-02-24 13:00:00,38.09
Switzerland,CHE,2024-02-24 13:00:00,2024-02-24 14:00:00,52.42
Switzerland,CHE,2024-02-24 14:00:00,2024-02-24 15:00:00,54.16
Switzerland,CHE,2024-02-24 15:00:00,2024-02-24 16:00:00,59.93
Switzerland,CHE,2024-02-24 16:00:00,2024-02-24 17:00:00,72.5
Switzerland,CHE,2024-02-24 17:00:00,2024-02-24 18:00:00,81.03
Switzerland,CHE,2024-02-24 18:00:00,2024-02-24 19:00:00,78.1
Switzerland,CHE,2024-02-24 19:00:00,2024-02-24 20:00:00,71.6
Switzerland,CHE,2024-02-24 20:00:00,2024-02-24 21:00:00,63.92
Switzerland,CHE,2024-02-24 21:00:00,2024-02-24 22:00:00,63.91
Switzerland,CHE,2024-02-24 22:00:00,2024-02-24 23:00:00,59.11
Switzerland,CHE,2024-02-24 23:00:00,2024-02-25 00:00:00,60.04
Switzerland,CHE,2024-02-25 00:00:00,2024-02-25 01:00:00,58.77
Switzerland,CHE,2024-02-25 01:00:00,2024-02-25 02:00:00,56.47
Switzerland,CHE,2024-02-25 02:00:00,2024-02-25 03:00:00,55.94
Switzerland,CHE,2024-02-25 03:00:00,2024-02-25 04:00:00,55.57
Switzerland,CHE,2024-02-25 04:00:00,2024-02-25 05:00:00,56.11
Switzerland,CHE,2024-02-25 05:00:00,2024-02-25 06:00:00,56.81
Switzerland,CHE,2024-02-25 06:00:00,2024-02-25 07:00:00,57.84
Switzerland,CHE,2024-02-25 07:00:00,2024-02-25 08:00:00,58.35
Switzerland,CHE,2024-02-25 08:00:00,2024-02-25 09:00:00,56.08
Switzerland,CHE,2024-02-25 09:00:00,2024-02-25 10:00:00,54.9
Switzerland,CHE,2024-02-25 10:00:00,2024-02-25 11:00:00,47.85
Switzerland,CHE,2024-02-25 11:00:00,2024-02-25 12:00:00,43.11
Switzerland,CHE,2024-02-25 12:00:00,2024-02-25 13:00:00,38.57
Switzerland,CHE,2024-02-25 13:00:00,2024-02-25 14:00:00,43.0
Switzerland,CHE,2024-02-25 14:00:00,2024-02-25 15:00:00,53.08
Switzerland,CHE,2024-02-25 15:00:00,2024-02-25 16:00:00,65.06
Switzerland,CHE,2024-02-25 16:00:00,2024-02-25 17:00:00,72.11
Switzerland,CHE,2024-02-25 17:00:00,2024-02-25 18:00:00,73.79
Switzerland,CHE,2024-02-25 18:00:00,2024-02-25 19:00:00,75.56
Switzerland,CHE,2024-02-25 19:00:00,2024-02-25 20:00:00,70.54
Switzerland,CHE,2024-02-25 20:00:00,2024-02-25 21:00:00,66.24
Switzerland,CHE,2024-02-25 21:00:00,2024-02-25 22:00:00,65.01
Switzerland,CHE,2024-02-25 22:00:00,2024-02-25 23:00:00,61.75
Switzerland,CHE,2024-02-25 23:00:00,2024-02-26 00:00:00,59.56
Switzerland,CHE,2024-02-26 00:00:00,2024-02-26 01:00:00,58.14
Switzerland,CHE,2024-02-26 01:00:00,2024-02-26 02:00:00,57.02
Switzerland,CHE,2024-02-26 02:00:00,2024-02-26 03:00:00,56.34
Switzerland,CHE,2024-02-26 03:00:00,2024-02-26 04:00:00,57.16
Switzerland,CHE,2024-02-26 04:00:00,2024-02-26 05:00:00,59.73
Switzerland,CHE,2024-02-26 05:00:00,2024-02-26 06:00:00,71.03
Switzerland,CHE,2024-02-26 06:00:00,2024-02-26 07:00:00,80.22
Switzerland,CHE,2024-02-26 07:00:00,2024-02-26 08:00:00,82.64
Switzerland,CHE,2024-02-26 08:00:00,2024-02-26 09:00:00,75.26
Switzerland,CHE,2024-02-26 09:00:00,2024-02-26 10:00:00,69.85
Switzerland,CHE,2024-02-26 10:00:00,2024-02-26 11:00:00,66.08
Switzerland,CHE,2024-02-26 11:00:00,2024-02-26 12:00:00,65.77
Switzerland,CHE,2024-02-26 12:00:00,2024-02-26 13:00:00,65.36
Switzerland,CHE,2024-02-26 13:00:00,2024-02-26 14:00:00,65.39
Switzerland,CHE,2024-02-26 14:00:00,2024-02-26 15:00:00,66.4
Switzerland,CHE,2024-02-26 15:00:00,2024-02-26 16:00:00,69.66
Switzerland,CHE,2024-02-26 16:00:00,2024-02-26 17:00:00,77.94
Switzerland,CHE,2024-02-26 17:00:00,2024-02-26 18:00:00,84.26
Switzerland,CHE,2024-02-26 18:00:00,2024-02-26 19:00:00,79.52
Switzerland,CHE,2024-02-26 19:00:00,2024-02-26 20:00:00,72.74
Switzerland,CHE,2024-02-26 20:00:00,2024-02-26 21:00:00,68.3
Switzerland,CHE,2024-02-26 21:00:00,2024-02-26 22:00:00,67.37
Switzerland,CHE,2024-02-26 22:00:00,2024-02-26 23:00:00,64.75
Switzerland,CHE,2024-02-26 23:00:00,2024-02-27 00:00:00,63.02
Switzerland,CHE,2024-02-27 00:00:00,2024-02-27 01:00:00,58.89
Switzerland,CHE,2024-02-27 01:00:00,2024-02-27 02:00:00,58.5
Switzerland,CHE,2024-02-27 02:00:00,2024-02-27 03:00:00,57.62
Switzerland,CHE,2024-02-27 03:00:00,2024-02-27 04:00:00,58.99
Switzerland,CHE,2024-02-27 04:00:00,2024-02-27 05:00:00,65.23
Switzerland,CHE,2024-02-27 05:00:00,2024-02-27 06:00:00,73.42
Switzerland,CHE,2024-02-27 06:00:00,2024-02-27 07:00:00,86.51
Switzerland,CHE,2024-02-27 07:00:00,2024-02-27 08:00:00,91.95
Switzerland,CHE,2024-02-27 08:00:00,2024-02-27 09:00:00,78.23
Switzerland,CHE,2024-02-27 09:00:00,2024-02-27 10:00:00,73.56
Switzerland,CHE,2024-02-27 10:00:00,2024-02-27 11:00:00,71.5
Switzerland,CHE,2024-02-27 11:00:00,2024-02-27 12:00:00,68.35
Switzerland,CHE,2024-02-27 12:00:00,2024-02-27 13:00:00,67.96
Switzerland,CHE,2024-02-27 13:00:00,2024-02-27 14:00:00,68.62
Switzerland,CHE,2024-02-27 14:00:00,2024-02-27 15:00:00,71.06
Switzerland,CHE,2024-02-27 15:00:00,2024-02-27 16:00:00,81.78
Switzerland,CHE,2024-02-27 16:00:00,2024-02-27 17:00:00,97.49
Switzerland,CHE,2024-02-27 17:00:00,2024-02-27 18:00:00,111.96
Switzerland,CHE,2024-02-27 18:00:00,2024-02-27 19:00:00,106.31
Switzerland,CHE,2024-02-27 19:00:00,2024-02-27 20:00:00,87.3
Switzerland,CHE,2024-02-27 20:00:00,2024-02-27 21:00:00,75.75
Switzerland,CHE,2024-02-27 21:00:00,2024-02-27 22:00:00,73.0
Switzerland,CHE,2024-02-27 22:00:00,2024-02-27 23:00:00,68.64
Switzerland,CHE,2024-02-27 23:00:00,2024-02-28 00:00:00,68.26
Switzerland,CHE,2024-02-28 00:00:00,2024-02-28 01:00:00,66.71
Switzerland,CHE,2024-02-28 01:00:00,2024-02-28 02:00:00,65.55
Switzerland,CHE,2024-02-28 02:00:00,2024-02-28 03:00:00,64.0
Switzerland,CHE,2024-02-28 03:00:00,2024-02-28 04:00:00,63.94
Switzerland,CHE,2024-02-28 04:00:00,2024-02-28 05:00:00,67.5
Switzerland,CHE,2024-02-28 05:00:00,2024-02-28 06:00:00,74.61
Switzerland,CHE,2024-02-28 06:00:00,2024-02-28 07:00:00,98.28
Switzerland,CHE,2024-02-28 07:00:00,2024-02-28 08:00:00,101.65
Switzerland,CHE,2024-02-28 08:00:00,2024-02-28 09:00:00,83.4
Switzerland,CHE,2024-02-28 09:00:00,2024-02-28 10:00:00,74.53
Switzerland,CHE,2024-02-28 10:00:00,2024-02-28 11:00:00,69.85
Switzerland,CHE,2024-02-28 11:00:00,2024-02-28 12:00:00,67.66
Switzerland,CHE,2024-02-28 12:00:00,2024-02-28 13:00:00,68.08
Switzerland,CHE,2024-02-28 13:00:00,2024-02-28 14:00:00,68.66
Switzerland,CHE,2024-02-28 14:00:00,2024-02-28 15:00:00,70.54
Switzerland,CHE,2024-02-28 15:00:00,2024-02-28 16:00:00,73.87
Switzerland,CHE,2024-02-28 16:00:00,2024-02-28 17:00:00,82.27
Switzerland,CHE,2024-02-28 17:00:00,2024-02-28 18:00:00,92.43
Switzerland,CHE,2024-02-28 18:00:00,2024-02-28 19:00:00,82.16
Switzerland,CHE,2024-02-28 19:00:00,2024-02-28 20:00:00,73.53
Switzerland,CHE,2024-02-28 20:00:00,2024-02-28 21:00:00,67.59
Switzerland,CHE,2024-02-28 21:00:00,2024-02-28 22:00:00,66.45
Switzerland,CHE,2024-02-28 22:00:00,2024-02-28 23:00:00,63.92
Switzerland,CHE,2024-02-28 23:00:00,2024-02-29 00:00:00,59.65
Switzerland,CHE,2024-02-29 00:00:00,2024-02-29 01:00:00,57.86
Switzerland,CHE,2024-02-29 01:00:00,2024-02-29 02:00:00,57.63
Switzerland,CHE,2024-02-29 02:00:00,2024-02-29 03:00:00,57.64
Switzerland,CHE,2024-02-29 03:00:00,2024-02-29 04:00:00,57.48
Switzerland,CHE,2024-02-29 04:00:00,2024-02-29 05:00:00,63.01
Switzerland,CHE,2024-02-29 05:00:00,2024-02-29 06:00:00,69.12
Switzerland,CHE,2024-02-29 06:00:00,2024-02-29 07:00:00,72.34
Switzerland,CHE,2024-02-29 07:00:00,2024-02-29 08:00:00,72.85
Switzerland,CHE,2024-02-29 08:00:00,2024-02-29 09:00:00,68.94
Switzerland,CHE,2024-02-29 09:00:00,2024-02-29 10:00:00,65.03
Switzerland,CHE,2024-02-29 10:00:00,2024-02-29 11:00:00,63.01
Switzerland,CHE,2024-02-29 11:00:00,2024-02-29 12:00:00,58.11
Switzerland,CHE,2024-02-29 12:00:00,2024-02-29 13:00:00,57.45
Switzerland,CHE,2024-02-29 13:00:00,2024-02-29 14:00:00,57.55
Switzerland,CHE,2024-02-29 14:00:00,2024-02-29 15:00:00,63.58
Switzerland,CHE,2024-02-29 15:00:00,2024-02-29 16:00:00,69.56
Switzerland,CHE,2024-02-29 16:00:00,2024-02-29 17:00:00,73.68
Switzerland,CHE,2024-02-29 17:00:00,2024-02-29 18:00:00,78.72
Switzerland,CHE,2024-02-29 18:00:00,2024-02-29 19:00:00,74.99
Switzerland,CHE,2024-02-29 19:00:00,2024-02-29 20:00:00,70.95
Switzerland,CHE,2024-02-29 20:00:00,2024-02-29 21:00:00,66.91
Switzerland,CHE,2024-02-29 21:00:00,2024-02-29 22:00:00,65.7
Switzerland,CHE,2024-02-29 22:00:00,2024-02-29 23:00:00,62.69
Switzerland,CHE,2024-02-29 23:00:00,2024-03-01 00:00:00,64.35
Switzerland,CHE,2024-03-01 00:00:00,2024-03-01 01:00:00,63.92
Switzerland,CHE,2024-03-01 01:00:00,2024-03-01 02:00:00,63.9
Switzerland,CHE,2024-03-01 02:00:00,2024-03-01 03:00:00,64.11
Switzerland,CHE,2024-03-01 03:00:00,2024-03-01 04:00:00,63.99
Switzerland,CHE,2024-03-01 04:00:00,2024-03-01 05:00:00,63.99
Switzerland,CHE,2024-03-01 05:00:00,2024-03-01 06:00:00,73.9
Switzerland,CHE,2024-03-01 06:00:00,2024-03-01 07:00:00,80.93
Switzerland,CHE,2024-03-01 07:00:00,2024-03-01 08:00:00,81.09
Switzerland,CHE,2024-03-01 08:00:00,2024-03-01 09:00:00,77.15
Switzerland,CHE,2024-03-01 09:00:00,2024-03-01 10:00:00,71.92
Switzerland,CHE,2024-03-01 10:00:00,2024-03-01 11:00:00,70.93
Switzerland,CHE,2024-03-01 11:00:00,2024-03-01 12:00:00,69.94
Switzerland,CHE,2024-03-01 12:00:00,2024-03-01 13:00:00,69.88
Switzerland,CHE,2024-03-01 13:00:00,2024-03-01 14:00:00,69.84
Switzerland,CHE,2024-03-01 14:00:00,2024-03-01 15:00:00,71.06
Switzerland,CHE,2024-03-01 15:00:00,2024-03-01 16:00:00,78.04
Switzerland,CHE,2024-03-01 16:00:00,2024-03-01 17:00:00,88.36
Switzerland,CHE,2024-03-01 17:00:00,2024-03-01 18:00:00,94.6
Switzerland,CHE,2024-03-01 18:00:00,2024-03-01 19:00:00,85.87
Switzerland,CHE,2024-03-01 19:00:00,2024-03-01 20:00:00,76.48
Switzerland,CHE,2024-03-01 20:00:00,2024-03-01 21:00:00,69.99
Switzerland,CHE,2024-03-01 21:00:00,2024-03-01 22:00:00,69.69
Switzerland,CHE,2024-03-01 22:00:00,2024-03-01 23:00:00,64.76
Switzerland,CHE,2024-03-01 23:00:00,2024-03-02 00:00:00,65.82
Switzerland,CHE,2024-03-02 00:00:00,2024-03-02 01:00:00,64.59
Switzerland,CHE,2024-03-02 01:00:00,2024-03-02 02:00:00,64.13
Switzerland,CHE,2024-03-02 02:00:00,2024-03-02 03:00:00,62.85
Switzerland,CHE,2024-03-02 03:00:00,2024-03-02 04:00:00,62.93
Switzerland,CHE,2024-03-02 04:00:00,2024-03-02 05:00:00,62.9
Switzerland,CHE,2024-03-02 05:00:00,2024-03-02 06:00:00,63.51
Switzerland,CHE,2024-03-02 06:00:00,2024-03-02 07:00:00,64.03
Switzerland,CHE,2024-03-02 07:00:00,2024-03-02 08:00:00,65.24
Switzerland,CHE,2024-03-02 08:00:00,2024-03-02 09:00:00,63.1
Switzerland,CHE,2024-03-02 09:00:00,2024-03-02 10:00:00,62.7
Switzerland,CHE,2024-03-02 10:00:00,2024-03-02 11:00:00,60.23
Switzerland,CHE,2024-03-02 11:00:00,2024-03-02 12:00:00,54.85
Switzerland,CHE,2024-03-02 12:00:00,2024-03-02 13:00:00,52.88
Switzerland,CHE,2024-03-02 13:00:00,2024-03-02 14:00:00,58.0
Switzerland,CHE,2024-03-02 14:00:00,2024-03-02 15:00:00,64.7
Switzerland,CHE,2024-03-02 15:00:00,2024-03-02 16:00:00,71.57
Switzerland,CHE,2024-03-02 16:00:00,2024-03-02 17:00:00,79.73
Switzerland,CHE,2024-03-02 17:00:00,2024-03-02 18:00:00,82.4
Switzerland,CHE,2024-03-02 18:00:00,2024-03-02 19:00:00,80.89
Switzerland,CHE,2024-03-02 19:00:00,2024-03-02 20:00:00,73.96
Switzerland,CHE,2024-03-02 20:00:00,2024-03-02 21:00:00,70.96
Switzerland,CHE,2024-03-02 21:00:00,2024-03-02 22:00:00,68.81
Switzerland,CHE,2024-03-02 22:00:00,2024-03-02 23:00:00,64.54
Switzerland,CHE,2024-03-02 23:00:00,2024-03-03 00:00:00,66.45
Switzerland,CHE,2024-03-03 00:00:00,2024-03-03 01:00:00,65.53
Switzerland,CHE,2024-03-03 01:00:00,2024-03-03 02:00:00,60.01
Switzerland,CHE,2024-03-03 02:00:00,2024-03-03 03:00:00,59.55
Switzerland,CHE,2024-03-03 03:00:00,2024-03-03 04:00:00,57.81
Switzerland,CHE,2024-03-03 04:00:00,2024-03-03 05:00:00,58.97
Switzerland,CHE,2024-03-03 05:00:00,2024-03-03 06:00:00,60.28
Switzerland,CHE,2024-03-03 06:00:00,2024-03-03 07:00:00,60.71
Switzerland,CHE,2024-03-03 07:00:00,2024-03-03 08:00:00,61.16
Switzerland,CHE,2024-03-03 08:00:00,2024-03-03 09:00:00,62.92
Switzerland,CHE,2024-03-03 09:00:00,2024-03-03 10:00:00,58.73
Switzerland,CHE,2024-03-03 10:00:00,2024-03-03 11:00:00,56.44
Switzerland,CHE,2024-03-03 11:00:00,2024-03-03 12:00:00,52.96
Switzerland,CHE,2024-03-03 12:00:00,2024-03-03 13:00:00,49.06
Switzerland,CHE,2024-03-03 13:00:00,2024-03-03 14:00:00,52.44
Switzerland,CHE,2024-03-03 14:00:00,2024-03-03 15:00:00,57.2
Switzerland,CHE,2024-03-03 15:00:00,2024-03-03 16:00:00,66.5
Switzerland,CHE,2024-03-03 16:00:00,2024-03-03 17:00:00,76.74
Switzerland,CHE,2024-03-03 17:00:00,2024-03-03 18:00:00,87.0
Switzerland,CHE,2024-03-03 18:00:00,2024-03-03 19:00:00,87.64
Switzerland,CHE,2024-03-03 19:00:00,2024-03-03 20:00:00,82.38
Switzerland,CHE,2024-03-03 20:00:00,2024-03-03 21:00:00,78.07
Switzerland,CHE,2024-03-03 21:00:00,2024-03-03 22:00:00,77.74
Switzerland,CHE,2024-03-03 22:00:00,2024-03-03 23:00:00,75.02
Switzerland,CHE,2024-03-03 23:00:00,2024-03-04 00:00:00,66.96
Switzerland,CHE,2024-03-04 00:00:00,2024-03-04 01:00:00,65.45
Switzerland,CHE,2024-03-04 01:00:00,2024-03-04 02:00:00,65.09
Switzerland,CHE,2024-03-04 02:00:00,2024-03-04 03:00:00,65.36
Switzerland,CHE,2024-03-04 03:00:00,2024-03-04 04:00:00,66.28
Switzerland,CHE,2024-03-04 04:00:00,2024-03-04 05:00:00,69.63
Switzerland,CHE,2024-03-04 05:00:00,2024-03-04 06:00:00,81.16
Switzerland,CHE,2024-03-04 06:00:00,2024-03-04 07:00:00,97.26
Switzerland,CHE,2024-03-04 07:00:00,2024-03-04 08:00:00,105.09
Switzerland,CHE,2024-03-04 08:00:00,2024-03-04 09:00:00,89.77
Switzerland,CHE,2024-03-04 09:00:00,2024-03-04 10:00:00,78.82
Switzerland,CHE,2024-03-04 10:00:00,2024-03-04 11:00:00,77.46
Switzerland,CHE,2024-03-04 11:00:00,2024-03-04 12:00:00,73.77
Switzerland,CHE,2024-03-04 12:00:00,2024-03-04 13:00:00,73.72
Switzerland,CHE,2024-03-04 13:00:00,2024-03-04 14:00:00,73.95
Switzerland,CHE,2024-03-04 14:00:00,2024-03-04 15:00:00,74.47
Switzerland,CHE,2024-03-04 15:00:00,2024-03-04 16:00:00,83.06
Switzerland,CHE,2024-03-04 16:00:00,2024-03-04 17:00:00,95.68
Switzerland,CHE,2024-03-04 17:00:00,2024-03-04 18:00:00,103.61
Switzerland,CHE,2024-03-04 18:00:00,2024-03-04 19:00:00,100.84
Switzerland,CHE,2024-03-04 19:00:00,2024-03-04 20:00:00,83.66
Switzerland,CHE,2024-03-04 20:00:00,2024-03-04 21:00:00,78.92
Switzerland,CHE,2024-03-04 21:00:00,2024-03-04 22:00:00,77.86
Switzerland,CHE,2024-03-04 22:00:00,2024-03-04 23:00:00,72.95
Switzerland,CHE,2024-03-04 23:00:00,2024-03-05 00:00:00,66.25
Switzerland,CHE,2024-03-05 00:00:00,2024-03-05 01:00:00,69.75
Switzerland,CHE,2024-03-05 01:00:00,2024-03-05 02:00:00,69.8
Switzerland,CHE,2024-03-05 02:00:00,2024-03-05 03:00:00,69.79
Switzerland,CHE,2024-03-05 03:00:00,2024-03-05 04:00:00,70.01
Switzerland,CHE,2024-03-05 04:00:00,2024-03-05 05:00:00,70.05
Switzerland,CHE,2024-03-05 05:00:00,2024-03-05 06:00:00,75.82
Switzerland,CHE,2024-03-05 06:00:00,2024-03-05 07:00:00,84.71
Switzerland,CHE,2024-03-05 07:00:00,2024-03-05 08:00:00,89.1
Switzerland,CHE,2024-03-05 08:00:00,2024-03-05 09:00:00,82.85
Switzerland,CHE,2024-03-05 09:00:00,2024-03-05 10:00:00,78.94
Switzerland,CHE,2024-03-05 10:00:00,2024-03-05 11:00:00,77.65
Switzerland,CHE,2024-03-05 11:00:00,2024-03-05 12:00:00,76.14
Switzerland,CHE,2024-03-05 12:00:00,2024-03-05 13:00:00,76.04
Switzerland,CHE,2024-03-05 13:00:00,2024-03-05 14:00:00,76.51
Switzerland,CHE,2024-03-05 14:00:00,2024-03-05 15:00:00,75.02
Switzerland,CHE,2024-03-05 15:00:00,2024-03-05 16:00:00,78.36
Switzerland,CHE,2024-03-05 16:00:00,2024-03-05 17:00:00,85.65
Switzerland,CHE,2024-03-05 17:00:00,2024-03-05 18:00:00,103.73
Switzerland,CHE,2024-03-05 18:00:00,2024-03-05 19:00:00,105.5
Switzerland,CHE,2024-03-05 19:00:00,2024-03-05 20:00:00,88.56
Switzerland,CHE,2024-03-05 20:00:00,2024-03-05 21:00:00,77.88
Switzerland,CHE,2024-03-05 21:00:00,2024-03-05 22:00:00,75.42
Switzerland,CHE,2024-03-05 22:00:00,2024-03-05 23:00:00,73.19
Switzerland,CHE,2024-03-05 23:00:00,2024-03-06 00:00:00,74.59
Switzerland,CHE,2024-03-06 00:00:00,2024-03-06 01:00:00,74.1
Switzerland,CHE,2024-03-06 01:00:00,2024-03-06 02:00:00,73.43
Switzerland,CHE,2024-03-06 02:00:00,2024-03-06 03:00:00,74.45
Switzerland,CHE,2024-03-06 03:00:00,2024-03-06 04:00:00,72.95
Switzerland,CHE,2024-03-06 04:00:00,2024-03-06 05:00:00,74.49
Switzerland,CHE,2024-03-06 05:00:00,2024-03-06 06:00:00,85.44
Switzerland,CHE,2024-03-06 06:00:00,2024-03-06 07:00:00,102.09
Switzerland,CHE,2024-03-06 07:00:00,2024-03-06 08:00:00,112.54
Switzerland,CHE,2024-03-06 08:00:00,2024-03-06 09:00:00,91.98
Switzerland,CHE,2024-03-06 09:00:00,2024-03-06 10:00:00,82.3
Switzerland,CHE,2024-03-06 10:00:00,2024-03-06 11:00:00,79.84
Switzerland,CHE,2024-03-06 11:00:00,2024-03-06 12:00:00,78.68
Switzerland,CHE,2024-03-06 12:00:00,2024-03-06 13:00:00,78.63
Switzerland,CHE,2024-03-06 13:00:00,2024-03-06 14:00:00,77.99
Switzerland,CHE,2024-03-06 14:00:00,2024-03-06 15:00:00,80.43
Switzerland,CHE,2024-03-06 15:00:00,2024-03-06 16:00:00,83.62
Switzerland,CHE,2024-03-06 16:00:00,2024-03-06 17:00:00,98.17
Switzerland,CHE,2024-03-06 17:00:00,2024-03-06 18:00:00,121.37
Switzerland,CHE,2024-03-06 18:00:00,2024-03-06 19:00:00,119.18
Switzerland,CHE,2024-03-06 19:00:00,2024-03-06 20:00:00,98.23
Switzerland,CHE,2024-03-06 20:00:00,2024-03-06 21:00:00,84.71
Switzerland,CHE,2024-03-06 21:00:00,2024-03-06 22:00:00,80.17
Switzerland,CHE,2024-03-06 22:00:00,2024-03-06 23:00:00,77.95
Switzerland,CHE,2024-03-06 23:00:00,2024-03-07 00:00:00,77.01
Switzerland,CHE,2024-03-07 00:00:00,2024-03-07 01:00:00,76.1
Switzerland,CHE,2024-03-07 01:00:00,2024-03-07 02:00:00,76.21
Switzerland,CHE,2024-03-07 02:00:00,2024-03-07 03:00:00,76.11
Switzerland,CHE,2024-03-07 03:00:00,2024-03-07 04:00:00,76.22
Switzerland,CHE,2024-03-07 04:00:00,2024-03-07 05:00:00,77.99
Switzerland,CHE,2024-03-07 05:00:00,2024-03-07 06:00:00,83.57
Switzerland,CHE,2024-03-07 06:00:00,2024-03-07 07:00:00,96.96
Switzerland,CHE,2024-03-07 07:00:00,2024-03-07 08:00:00,95.14
Switzerland,CHE,2024-03-07 08:00:00,2024-03-07 09:00:00,83.37
Switzerland,CHE,2024-03-07 09:00:00,2024-03-07 10:00:00,77.09
Switzerland,CHE,2024-03-07 10:00:00,2024-03-07 11:00:00,76.25
Switzerland,CHE,2024-03-07 11:00:00,2024-03-07 12:00:00,75.04
Switzerland,CHE,2024-03-07 12:00:00,2024-03-07 13:00:00,74.71
Switzerland,CHE,2024-03-07 13:00:00,2024-03-07 14:00:00,71.29
Switzerland,CHE,2024-03-07 14:00:00,2024-03-07 15:00:00,76.01
Switzerland,CHE,2024-03-07 15:00:00,2024-03-07 16:00:00,77.06
Switzerland,CHE,2024-03-07 16:00:00,2024-03-07 17:00:00,83.18
Switzerland,CHE,2024-03-07 17:00:00,2024-03-07 18:00:00,90.08
Switzerland,CHE,2024-03-07 18:00:00,2024-03-07 19:00:00,90.16
Switzerland,CHE,2024-03-07 19:00:00,2024-03-07 20:00:00,82.4
Switzerland,CHE,2024-03-07 20:00:00,2024-03-07 21:00:00,78.57
Switzerland,CHE,2024-03-07 21:00:00,2024-03-07 22:00:00,78.06
Switzerland,CHE,2024-03-07 22:00:00,2024-03-07 23:00:00,77.17
Switzerland,CHE,2024-03-07 23:00:00,2024-03-08 00:00:00,76.07
Switzerland,CHE,2024-03-08 00:00:00,2024-03-08 01:00:00,76.84
Switzerland,CHE,2024-03-08 01:00:00,2024-03-08 02:00:00,76.92
Switzerland,CHE,2024-03-08 02:00:00,2024-03-08 03:00:00,75.38
Switzerland,CHE,2024-03-08 03:00:00,2024-03-08 04:00:00,75.34
Switzerland,CHE,2024-03-08 04:00:00,2024-03-08 05:00:00,75.09
Switzerland,CHE,2024-03-08 05:00:00,2024-03-08 06:00:00,79.37
Switzerland,CHE,2024-03-08 06:00:00,2024-03-08 07:00:00,87.59
Switzerland,CHE,2024-03-08 07:00:00,2024-03-08 08:00:00,83.04
Switzerland,CHE,2024-03-08 08:00:00,2024-03-08 09:00:00,76.24
Switzerland,CHE,2024-03-08 09:00:00,2024-03-08 10:00:00,76.2
Switzerland,CHE,2024-03-08 10:00:00,2024-03-08 11:00:00,75.51
Switzerland,CHE,2024-03-08 11:00:00,2024-03-08 12:00:00,73.59
Switzerland,CHE,2024-03-08 12:00:00,2024-03-08 13:00:00,73.58
Switzerland,CHE,2024-03-08 13:00:00,2024-03-08 14:00:00,73.55
Switzerland,CHE,2024-03-08 14:00:00,2024-03-08 15:00:00,73.58
Switzerland,CHE,2024-03-08 15:00:00,2024-03-08 16:00:00,75.38
Switzerland,CHE,2024-03-08 16:00:00,2024-03-08 17:00:00,80.74
Switzerland,CHE,2024-03-08 17:00:00,2024-03-08 18:00:00,81.19
Switzerland,CHE,2024-03-08 18:00:00,2024-03-08 19:00:00,80.7
Switzerland,CHE,2024-03-08 19:00:00,2024-03-08 20:00:00,77.79
Switzerland,CHE,2024-03-08 20:00:00,2024-03-08 21:00:00,73.49
Switzerland,CHE,2024-03-08 21:00:00,2024-03-08 22:00:00,73.59
Switzerland,CHE,2024-03-08 22:00:00,2024-03-08 23:00:00,70.06
Switzerland,CHE,2024-03-08 23:00:00,2024-03-09 00:00:00,74.67
Switzerland,CHE,2024-03-09 00:00:00,2024-03-09 01:00:00,75.86
Switzerland,CHE,2024-03-09 01:00:00,2024-03-09 02:00:00,75.12
Switzerland,CHE,2024-03-09 02:00:00,2024-03-09 03:00:00,74.69
Switzerland,CHE,2024-03-09 03:00:00,2024-03-09 04:00:00,73.6
Switzerland,CHE,2024-03-09 04:00:00,2024-03-09 05:00:00,73.84
Switzerland,CHE,2024-03-09 05:00:00,2024-03-09 06:00:00,74.62
Switzerland,CHE,2024-03-09 06:00:00,2024-03-09 07:00:00,74.62
Switzerland,CHE,2024-03-09 07:00:00,2024-03-09 08:00:00,71.02
Switzerland,CHE,2024-03-09 08:00:00,2024-03-09 09:00:00,71.53
Switzerland,CHE,2024-03-09 09:00:00,2024-03-09 10:00:00,71.51
Switzerland,CHE,2024-03-09 10:00:00,2024-03-09 11:00:00,70.37
Switzerland,CHE,2024-03-09 11:00:00,2024-03-09 12:00:00,66.3
Switzerland,CHE,2024-03-09 12:00:00,2024-03-09 13:00:00,63.79
Switzerland,CHE,2024-03-09 13:00:00,2024-03-09 14:00:00,71.04
Switzerland,CHE,2024-03-09 14:00:00,2024-03-09 15:00:00,71.08
Switzerland,CHE,2024-03-09 15:00:00,2024-03-09 16:00:00,72.25
Switzerland,CHE,2024-03-09 16:00:00,2024-03-09 17:00:00,72.56
Switzerland,CHE,2024-03-09 17:00:00,2024-03-09 18:00:00,77.9
Switzerland,CHE,2024-03-09 18:00:00,2024-03-09 19:00:00,76.19
Switzerland,CHE,2024-03-09 19:00:00,2024-03-09 20:00:00,75.96
Switzerland,CHE,2024-03-09 20:00:00,2024-03-09 21:00:00,75.27
Switzerland,CHE,2024-03-09 21:00:00,2024-03-09 22:00:00,75.48
Switzerland,CHE,2024-03-09 22:00:00,2024-03-09 23:00:00,72.59
Switzerland,CHE,2024-03-09 23:00:00,2024-03-10 00:00:00,72.86
Switzerland,CHE,2024-03-10 00:00:00,2024-03-10 01:00:00,66.25
Switzerland,CHE,2024-03-10 01:00:00,2024-03-10 02:00:00,65.55
Switzerland,CHE,2024-03-10 02:00:00,2024-03-10 03:00:00,62.1
Switzerland,CHE,2024-03-10 03:00:00,2024-03-10 04:00:00,64.02
Switzerland,CHE,2024-03-10 04:00:00,2024-03-10 05:00:00,61.22
Switzerland,CHE,2024-03-10 05:00:00,2024-03-10 06:00:00,60.67
Switzerland,CHE,2024-03-10 06:00:00,2024-03-10 07:00:00,63.07
Switzerland,CHE,2024-03-10 07:00:00,2024-03-10 08:00:00,71.44
Switzerland,CHE,2024-03-10 08:00:00,2024-03-10 09:00:00,73.08
Switzerland,CHE,2024-03-10 09:00:00,2024-03-10 10:00:00,74.22
Switzerland,CHE,2024-03-10 10:00:00,2024-03-10 11:00:00,73.04
Switzerland,CHE,2024-03-10 11:00:00,2024-03-10 12:00:00,72.87
Switzerland,CHE,2024-03-10 12:00:00,2024-03-10 13:00:00,71.41
Switzerland,CHE,2024-03-10 13:00:00,2024-03-10 14:00:00,70.22
Switzerland,CHE,2024-03-10 14:00:00,2024-03-10 15:00:00,68.09
Switzerland,CHE,2024-03-10 15:00:00,2024-03-10 16:00:00,72.81
Switzerland,CHE,2024-03-10 16:00:00,2024-03-10 17:00:00,73.06
Switzerland,CHE,2024-03-10 17:00:00,2024-03-10 18:00:00,76.04
Switzerland,CHE,2024-03-10 18:00:00,2024-03-10 19:00:00,76.75
Switzerland,CHE,2024-03-10 19:00:00,2024-03-10 20:00:00,76.34
Switzerland,CHE,2024-03-10 20:00:00,2024-03-10 21:00:00,75.26
Switzerland,CHE,2024-03-10 21:00:00,2024-03-10 22:00:00,75.37
Switzerland,CHE,2024-03-10 22:00:00,2024-03-10 23:00:00,73.06
Switzerland,CHE,2024-03-10 23:00:00,2024-03-11 00:00:00,71.6
Switzerland,CHE,2024-03-11 00:00:00,2024-03-11 01:00:00,68.02
Switzerland,CHE,2024-03-11 01:00:00,2024-03-11 02:00:00,68.06
Switzerland,CHE,2024-03-11 02:00:00,2024-03-11 03:00:00,69.01
Switzerland,CHE,2024-03-11 03:00:00,2024-03-11 04:00:00,71.52
Switzerland,CHE,2024-03-11 04:00:00,2024-03-11 05:00:00,73.83
Switzerland,CHE,2024-03-11 05:00:00,2024-03-11 06:00:00,75.64
Switzerland,CHE,2024-03-11 06:00:00,2024-03-11 07:00:00,87.2
Switzerland,CHE,2024-03-11 07:00:00,2024-03-11 08:00:00,91.91
Switzerland,CHE,2024-03-11 08:00:00,2024-03-11 09:00:00,86.93
Switzerland,CHE,2024-03-11 09:00:00,2024-03-11 10:00:00,85.1
Switzerland,CHE,2024-03-11 10:00:00,2024-03-11 11:00:00,83.77
Switzerland,CHE,2024-03-11 11:00:00,2024-03-11 12:00:00,76.75
Switzerland,CHE,2024-03-11 12:00:00,2024-03-11 13:00:00,76.74
Switzerland,CHE,2024-03-11 13:00:00,2024-03-11 14:00:00,76.83
Switzerland,CHE,2024-03-11 14:00:00,2024-03-11 15:00:00,81.13
Switzerland,CHE,2024-03-11 15:00:00,2024-03-11 16:00:00,80.91
Switzerland,CHE,2024-03-11 16:00:00,2024-03-11 17:00:00,93.1
Switzerland,CHE,2024-03-11 17:00:00,2024-03-11 18:00:00,125.41
Switzerland,CHE,2024-03-11 18:00:00,2024-03-11 19:00:00,134.96
Switzerland,CHE,2024-03-11 19:00:00,2024-03-11 20:00:00,108.3
Switzerland,CHE,2024-03-11 20:00:00,2024-03-11 21:00:00,83.53
Switzerland,CHE,2024-03-11 21:00:00,2024-03-11 22:00:00,76.92
Switzerland,CHE,2024-03-11 22:00:00,2024-03-11 23:00:00,75.74
Switzerland,CHE,2024-03-11 23:00:00,2024-03-12 00:00:00,72.31
Switzerland,CHE,2024-03-12 00:00:00,2024-03-12 01:00:00,71.42
Switzerland,CHE,2024-03-12 01:00:00,2024-03-12 02:00:00,70.82
Switzerland,CHE,2024-03-12 02:00:00,2024-03-12 03:00:00,70.67
Switzerland,CHE,2024-03-12 03:00:00,2024-03-12 04:00:00,71.07
Switzerland,CHE,2024-03-12 04:00:00,2024-03-12 05:00:00,73.04
Switzerland,CHE,2024-03-12 05:00:00,2024-03-12 06:00:00,81.0
Switzerland,CHE,2024-03-12 06:00:00,2024-03-12 07:00:00,98.93
Switzerland,CHE,2024-03-12 07:00:00,2024-03-12 08:00:00,100.23
Switzerland,CHE,2024-03-12 08:00:00,2024-03-12 09:00:00,86.92
Switzerland,CHE,2024-03-12 09:00:00,2024-03-12 10:00:00,80.31
Switzerland,CHE,2024-03-12 10:00:00,2024-03-12 11:00:00,76.54
Switzerland,CHE,2024-03-12 11:00:00,2024-03-12 12:00:00,75.03
Switzerland,CHE,2024-03-12 12:00:00,2024-03-12 13:00:00,75.74
Switzerland,CHE,2024-03-12 13:00:00,2024-03-12 14:00:00,74.98
Switzerland,CHE,2024-03-12 14:00:00,2024-03-12 15:00:00,77.04
Switzerland,CHE,2024-03-12 15:00:00,2024-03-12 16:00:00,84.62
Switzerland,CHE,2024-03-12 16:00:00,2024-03-12 17:00:00,104.83
Switzerland,CHE,2024-03-12 17:00:00,2024-03-12 18:00:00,125.4
Switzerland,CHE,2024-03-12 18:00:00,2024-03-12 19:00:00,115.36
Switzerland,CHE,2024-03-12 19:00:00,2024-03-12 20:00:00,89.77
Switzerland,CHE,2024-03-12 20:00:00,2024-03-12 21:00:00,79.81
Switzerland,CHE,2024-03-12 21:00:00,2024-03-12 22:00:00,77.11
Switzerland,CHE,2024-03-12 22:00:00,2024-03-12 23:00:00,72.03
Switzerland,CHE,2024-03-12 23:00:00,2024-03-13 00:00:00,65.87
Switzerland,CHE,2024-03-13 00:00:00,2024-03-13 01:00:00,68.24
Switzerland,CHE,2024-03-13 01:00:00,2024-03-13 02:00:00,68.08
Switzerland,CHE,2024-03-13 02:00:00,2024-03-13 03:00:00,67.06
Switzerland,CHE,2024-03-13 03:00:00,2024-03-13 04:00:00,67.55
Switzerland,CHE,2024-03-13 04:00:00,2024-03-13 05:00:00,68.82
Switzerland,CHE,2024-03-13 05:00:00,2024-03-13 06:00:00,73.1
Switzerland,CHE,2024-03-13 06:00:00,2024-03-13 07:00:00,84.19
Switzerland,CHE,2024-03-13 07:00:00,2024-03-13 08:00:00,85.1
Switzerland,CHE,2024-03-13 08:00:00,2024-03-13 09:00:00,77.73
Switzerland,CHE,2024-03-13 09:00:00,2024-03-13 10:00:00,72.58
Switzerland,CHE,2024-03-13 10:00:00,2024-03-13 11:00:00,71.88
Switzerland,CHE,2024-03-13 11:00:00,2024-03-13 12:00:00,70.06
Switzerland,CHE,2024-03-13 12:00:00,2024-03-13 13:00:00,70.39
Switzerland,CHE,2024-03-13 13:00:00,2024-03-13 14:00:00,70.68
Switzerland,CHE,2024-03-13 14:00:00,2024-03-13 15:00:00,71.55
Switzerland,CHE,2024-03-13 15:00:00,2024-03-13 16:00:00,72.6
Switzerland,CHE,2024-03-13 16:00:00,2024-03-13 17:00:00,85.33
Switzerland,CHE,2024-03-13 17:00:00,2024-03-13 18:00:00,94.16
Switzerland,CHE,2024-03-13 18:00:00,2024-03-13 19:00:00,90.33
Switzerland,CHE,2024-03-13 19:00:00,2024-03-13 20:00:00,79.8
Switzerland,CHE,2024-03-13 20:00:00,2024-03-13 21:00:00,72.26
Switzerland,CHE,2024-03-13 21:00:00,2024-03-13 22:00:00,71.08
Switzerland,CHE,2024-03-13 22:00:00,2024-03-13 23:00:00,69.72
Switzerland,CHE,2024-03-13 23:00:00,2024-03-14 00:00:00,70.02
Switzerland,CHE,2024-03-14 00:00:00,2024-03-14 01:00:00,69.5
Switzerland,CHE,2024-03-14 01:00:00,2024-03-14 02:00:00,69.07
Switzerland,CHE,2024-03-14 02:00:00,2024-03-14 03:00:00,68.53
Switzerland,CHE,2024-03-14 03:00:00,2024-03-14 04:00:00,68.54
Switzerland,CHE,2024-03-14 04:00:00,2024-03-14 05:00:00,70.03
Switzerland,CHE,2024-03-14 05:00:00,2024-03-14 06:00:00,77.91
Switzerland,CHE,2024-03-14 06:00:00,2024-03-14 07:00:00,90.02
Switzerland,CHE,2024-03-14 07:00:00,2024-03-14 08:00:00,86.93
Switzerland,CHE,2024-03-14 08:00:00,2024-03-14 09:00:00,71.27
Switzerland,CHE,2024-03-14 09:00:00,2024-03-14 10:00:00,70.73
Switzerland,CHE,2024-03-14 10:00:00,2024-03-14 11:00:00,70.7
Switzerland,CHE,2024-03-14 11:00:00,2024-03-14 12:00:00,67.37
Switzerland,CHE,2024-03-14 12:00:00,2024-03-14 13:00:00,66.27
Switzerland,CHE,2024-03-14 13:00:00,2024-03-14 14:00:00,68.41
Switzerland,CHE,2024-03-14 14:00:00,2024-03-14 15:00:00,70.83
Switzerland,CHE,2024-03-14 15:00:00,2024-03-14 16:00:00,73.06
Switzerland,CHE,2024-03-14 16:00:00,2024-03-14 17:00:00,87.28
Switzerland,CHE,2024-03-14 17:00:00,2024-03-14 18:00:00,99.59
Switzerland,CHE,2024-03-14 18:00:00,2024-03-14 19:00:00,93.55
Switzerland,CHE,2024-03-14 19:00:00,2024-03-14 20:00:00,78.2
Switzerland,CHE,2024-03-14 20:00:00,2024-03-14 21:00:00,72.56
Switzerland,CHE,2024-03-14 21:00:00,2024-03-14 22:00:00,72.54
Switzerland,CHE,2024-03-14 22:00:00,2024-03-14 23:00:00,70.83
Switzerland,CHE,2024-03-14 23:00:00,2024-03-15 00:00:00,69.2
Switzerland,CHE,2024-03-15 00:00:00,2024-03-15 01:00:00,69.18
Switzerland,CHE,2024-03-15 01:00:00,2024-03-15 02:00:00,69.15
Switzerland,CHE,2024-03-15 02:00:00,2024-03-15 03:00:00,69.09
Switzerland,CHE,2024-03-15 03:00:00,2024-03-15 04:00:00,69.08
Switzerland,CHE,2024-03-15 04:00:00,2024-03-15 05:00:00,69.8
Switzerland,CHE,2024-03-15 05:00:00,2024-03-15 06:00:00,71.97
Switzerland,CHE,2024-03-15 06:00:00,2024-03-15 07:00:00,73.07
Switzerland,CHE,2024-03-15 07:00:00,2024-03-15 08:00:00,72.9
Switzerland,CHE,2024-03-15 08:00:00,2024-03-15 09:00:00,72.06
Switzerland,CHE,2024-03-15 09:00:00,2024-03-15 10:00:00,72.08
Switzerland,CHE,2024-03-15 10:00:00,2024-03-15 11:00:00,72.33
Switzerland,CHE,2024-03-15 11:00:00,2024-03-15 12:00:00,72.31
Switzerland,CHE,2024-03-15 12:00:00,2024-03-15 13:00:00,72.08
Switzerland,CHE,2024-03-15 13:00:00,2024-03-15 14:00:00,72.04
Switzerland,CHE,2024-03-15 14:00:00,2024-03-15 15:00:00,72.04
Switzerland,CHE,2024-03-15 15:00:00,2024-03-15 16:00:00,71.76
Switzerland,CHE,2024-03-15 16:00:00,2024-03-15 17:00:00,76.32
Switzerland,CHE,2024-03-15 17:00:00,2024-03-15 18:00:00,82.28
Switzerland,CHE,2024-03-15 18:00:00,2024-03-15 19:00:00,78.36
Switzerland,CHE,2024-03-15 19:00:00,2024-03-15 20:00:00,73.52
Switzerland,CHE,2024-03-15 20:00:00,2024-03-15 21:00:00,70.04
Switzerland,CHE,2024-03-15 21:00:00,2024-03-15 22:00:00,69.13
Switzerland,CHE,2024-03-15 22:00:00,2024-03-15 23:00:00,68.74
Switzerland,CHE,2024-03-15 23:00:00,2024-03-16 00:00:00,71.95
Switzerland,CHE,2024-03-16 00:00:00,2024-03-16 01:00:00,71.35
Switzerland,CHE,2024-03-16 01:00:00,2024-03-16 02:00:00,71.0
Switzerland,CHE,2024-03-16 02:00:00,2024-03-16 03:00:00,69.75
Switzerland,CHE,2024-03-16 03:00:00,2024-03-16 04:00:00,68.83
Switzerland,CHE,2024-03-16 04:00:00,2024-03-16 05:00:00,68.84
Switzerland,CHE,2024-03-16 05:00:00,2024-03-16 06:00:00,69.03
Switzerland,CHE,2024-03-16 06:00:00,2024-03-16 07:00:00,68.76
Switzerland,CHE,2024-03-16 07:00:00,2024-03-16 08:00:00,68.66
Switzerland,CHE,2024-03-16 08:00:00,2024-03-16 09:00:00,68.74
Switzerland,CHE,2024-03-16 09:00:00,2024-03-16 10:00:00,68.46
Switzerland,CHE,2024-03-16 10:00:00,2024-03-16 11:00:00,66.53
Switzerland,CHE,2024-03-16 11:00:00,2024-03-16 12:00:00,56.0
Switzerland,CHE,2024-03-16 12:00:00,2024-03-16 13:00:00,47.03
Switzerland,CHE,2024-03-16 13:00:00,2024-03-16 14:00:00,59.6
Switzerland,CHE,2024-03-16 14:00:00,2024-03-16 15:00:00,67.1
Switzerland,CHE,2024-03-16 15:00:00,2024-03-16 16:00:00,69.94
Switzerland,CHE,2024-03-16 16:00:00,2024-03-16 17:00:00,72.96
Switzerland,CHE,2024-03-16 17:00:00,2024-03-16 18:00:00,78.55
Switzerland,CHE,2024-03-16 18:00:00,2024-03-16 19:00:00,81.48
Switzerland,CHE,2024-03-16 19:00:00,2024-03-16 20:00:00,75.03
Switzerland,CHE,2024-03-16 20:00:00,2024-03-16 21:00:00,72.62
Switzerland,CHE,2024-03-16 21:00:00,2024-03-16 22:00:00,71.99
Switzerland,CHE,2024-03-16 22:00:00,2024-03-16 23:00:00,68.94
Switzerland,CHE,2024-03-16 23:00:00,2024-03-17 00:00:00,67.56
Switzerland,CHE,2024-03-17 00:00:00,2024-03-17 01:00:00,65.1
Switzerland,CHE,2024-03-17 01:00:00,2024-03-17 02:00:00,61.36
Switzerland,CHE,2024-03-17 02:00:00,2024-03-17 03:00:00,58.23
Switzerland,CHE,2024-03-17 03:00:00,2024-03-17 04:00:00,55.53
Switzerland,CHE,2024-03-17 04:00:00,2024-03-17 05:00:00,55.15
Switzerland,CHE,2024-03-17 05:00:00,2024-03-17 06:00:00,61.07
Switzerland,CHE,2024-03-17 06:00:00,2024-03-17 07:00:00,58.82
Switzerland,CHE,2024-03-17 07:00:00,2024-03-17 08:00:00,52.1
Switzerland,CHE,2024-03-17 08:00:00,2024-03-17 09:00:00,44.31
Switzerland,CHE,2024-03-17 09:00:00,2024-03-17 10:00:00,39.49
Switzerland,CHE,2024-03-17 10:00:00,2024-03-17 11:00:00,39.38
Switzerland,CHE,2024-03-17 11:00:00,2024-03-17 12:00:00,39.46
Switzerland,CHE,2024-03-17 12:00:00,2024-03-17 13:00:00,35.58
Switzerland,CHE,2024-03-17 13:00:00,2024-03-17 14:00:00,40.33
Switzerland,CHE,2024-03-17 14:00:00,2024-03-17 15:00:00,52.82
Switzerland,CHE,2024-03-17 15:00:00,2024-03-17 16:00:00,68.33
Switzerland,CHE,2024-03-17 16:00:00,2024-03-17 17:00:00,81.11
Switzerland,CHE,2024-03-17 17:00:00,2024-03-17 18:00:00,87.15
Switzerland,CHE,2024-03-17 18:00:00,2024-03-17 19:00:00,88.38
Switzerland,CHE,2024-03-17 19:00:00,2024-03-17 20:00:00,81.61
Switzerland,CHE,2024-03-17 20:00:00,2024-03-17 21:00:00,74.44
Switzerland,CHE,2024-03-17 21:00:00,2024-03-17 22:00:00,72.42
Switzerland,CHE,2024-03-17 22:00:00,2024-03-17 23:00:00,68.38
Switzerland,CHE,2024-03-17 23:00:00,2024-03-18 00:00:00,68.07
Switzerland,CHE,2024-03-18 00:00:00,2024-03-18 01:00:00,66.16
Switzerland,CHE,2024-03-18 01:00:00,2024-03-18 02:00:00,63.08
Switzerland,CHE,2024-03-18 02:00:00,2024-03-18 03:00:00,60.06
Switzerland,CHE,2024-03-18 03:00:00,2024-03-18 04:00:00,66.16
Switzerland,CHE,2024-03-18 04:00:00,2024-03-18 05:00:00,69.61
Switzerland,CHE,2024-03-18 05:00:00,2024-03-18 06:00:00,79.23
Switzerland,CHE,2024-03-18 06:00:00,2024-03-18 07:00:00,90.57
Switzerland,CHE,2024-03-18 07:00:00,2024-03-18 08:00:00,89.64
Switzerland,CHE,2024-03-18 08:00:00,2024-03-18 09:00:00,81.81
Switzerland,CHE,2024-03-18 09:00:00,2024-03-18 10:00:00,76.96
Switzerland,CHE,2024-03-18 10:00:00,2024-03-18 11:00:00,76.45
Switzerland,CHE,2024-03-18 11:00:00,2024-03-18 12:00:00,74.25
Switzerland,CHE,2024-03-18 12:00:00,2024-03-18 13:00:00,73.53
Switzerland,CHE,2024-03-18 13:00:00,2024-03-18 14:00:00,73.08
Switzerland,CHE,2024-03-18 14:00:00,2024-03-18 15:00:00,74.95
Switzerland,CHE,2024-03-18 15:00:00,2024-03-18 16:00:00,84.91
Switzerland,CHE,2024-03-18 16:00:00,2024-03-18 17:00:00,102.95
Switzerland,CHE,2024-03-18 17:00:00,2024-03-18 18:00:00,132.92
Switzerland,CHE,2024-03-18 18:00:00,2024-03-18 19:00:00,125.46
Switzerland,CHE,2024-03-18 19:00:00,2024-03-18 20:00:00,96.17
Switzerland,CHE,2024-03-18 20:00:00,2024-03-18 21:00:00,82.18
Switzerland,CHE,2024-03-18 21:00:00,2024-03-18 22:00:00,78.94
Switzerland,CHE,2024-03-18 22:00:00,2024-03-18 23:00:00,74.61
Switzerland,CHE,2024-03-18 23:00:00,2024-03-19 00:00:00,76.04
Switzerland,CHE,2024-03-19 00:00:00,2024-03-19 01:00:00,74.27
Switzerland,CHE,2024-03-19 01:00:00,2024-03-19 02:00:00,73.66
Switzerland,CHE,2024-03-19 02:00:00,2024-03-19 03:00:00,72.57
Switzerland,CHE,2024-03-19 03:00:00,2024-03-19 04:00:00,73.62
Switzerland,CHE,2024-03-19 04:00:00,2024-03-19 05:00:00,76.98
Switzerland,CHE,2024-03-19 05:00:00,2024-03-19 06:00:00,90.22
Switzerland,CHE,2024-03-19 06:00:00,2024-03-19 07:00:00,101.96
Switzerland,CHE,2024-03-19 07:00:00,2024-03-19 08:00:00,93.96
Switzerland,CHE,2024-03-19 08:00:00,2024-03-19 09:00:00,80.17
Switzerland,CHE,2024-03-19 09:00:00,2024-03-19 10:00:00,73.38
Switzerland,CHE,2024-03-19 10:00:00,2024-03-19 11:00:00,72.2
Switzerland,CHE,2024-03-19 11:00:00,2024-03-19 12:00:00,58.05
Switzerland,CHE,2024-03-19 12:00:00,2024-03-19 13:00:00,60.82
Switzerland,CHE,2024-03-19 13:00:00,2024-03-19 14:00:00,64.51
Switzerland,CHE,2024-03-19 14:00:00,2024-03-19 15:00:00,73.04
Switzerland,CHE,2024-03-19 15:00:00,2024-03-19 16:00:00,82.04
Switzerland,CHE,2024-03-19 16:00:00,2024-03-19 17:00:00,109.01
Switzerland,CHE,2024-03-19 17:00:00,2024-03-19 18:00:00,136.66
Switzerland,CHE,2024-03-19 18:00:00,2024-03-19 19:00:00,127.96
Switzerland,CHE,2024-03-19 19:00:00,2024-03-19 20:00:00,107.06
Switzerland,CHE,2024-03-19 20:00:00,2024-03-19 21:00:00,85.29
Switzerland,CHE,2024-03-19 21:00:00,2024-03-19 22:00:00,82.9
Switzerland,CHE,2024-03-19 22:00:00,2024-03-19 23:00:00,79.68
Switzerland,CHE,2024-03-19 23:00:00,2024-03-20 00:00:00,78.08
Switzerland,CHE,2024-03-20 00:00:00,2024-03-20 01:00:00,77.28
Switzerland,CHE,2024-03-20 01:00:00,2024-03-20 02:00:00,77.05
Switzerland,CHE,2024-03-20 02:00:00,2024-03-20 03:00:00,77.01
Switzerland,CHE,2024-03-20 03:00:00,2024-03-20 04:00:00,77.07
Switzerland,CHE,2024-03-20 04:00:00,2024-03-20 05:00:00,80.45
Switzerland,CHE,2024-03-20 05:00:00,2024-03-20 06:00:00,101.92
Switzerland,CHE,2024-03-20 06:00:00,2024-03-20 07:00:00,119.97
Switzerland,CHE,2024-03-20 07:00:00,2024-03-20 08:00:00,106.42
Switzerland,CHE,2024-03-20 08:00:00,2024-03-20 09:00:00,77.2
Switzerland,CHE,2024-03-20 09:00:00,2024-03-20 10:00:00,74.16
Switzerland,CHE,2024-03-20 10:00:00,2024-03-20 11:00:00,71.19
Switzerland,CHE,2024-03-20 11:00:00,2024-03-20 12:00:00,61.58
Switzerland,CHE,2024-03-20 12:00:00,2024-03-20 13:00:00,64.24
Switzerland,CHE,2024-03-20 13:00:00,2024-03-20 14:00:00,70.76
Switzerland,CHE,2024-03-20 14:00:00,2024-03-20 15:00:00,77.05
Switzerland,CHE,2024-03-20 15:00:00,2024-03-20 16:00:00,88.76
Switzerland,CHE,2024-03-20 16:00:00,2024-03-20 17:00:00,112.57
Switzerland,CHE,2024-03-20 17:00:00,2024-03-20 18:00:00,148.5
Switzerland,CHE,2024-03-20 18:00:00,2024-03-20 19:00:00,146.99
Switzerland,CHE,2024-03-20 19:00:00,2024-03-20 20:00:00,124.3
Switzerland,CHE,2024-03-20 20:00:00,2024-03-20 21:00:00,96.81
Switzerland,CHE,2024-03-20 21:00:00,2024-03-20 22:00:00,85.22
Switzerland,CHE,2024-03-20 22:00:00,2024-03-20 23:00:00,79.27
Switzerland,CHE,2024-03-20 23:00:00,2024-03-21 00:00:00,78.08
Switzerland,CHE,2024-03-21 00:00:00,2024-03-21 01:00:00,76.64
Switzerland,CHE,2024-03-21 01:00:00,2024-03-21 02:00:00,76.14
Switzerland,CHE,2024-03-21 02:00:00,2024-03-21 03:00:00,72.75
Switzerland,CHE,2024-03-21 03:00:00,2024-03-21 04:00:00,73.09
Switzerland,CHE,2024-03-21 04:00:00,2024-03-21 05:00:00,76.63
Switzerland,CHE,2024-03-21 05:00:00,2024-03-21 06:00:00,85.25
Switzerland,CHE,2024-03-21 06:00:00,2024-03-21 07:00:00,99.02
Switzerland,CHE,2024-03-21 07:00:00,2024-03-21 08:00:00,91.86
Switzerland,CHE,2024-03-21 08:00:00,2024-03-21 09:00:00,78.26
Switzerland,CHE,2024-03-21 09:00:00,2024-03-21 10:00:00,76.6
Switzerland,CHE,2024-03-21 10:00:00,2024-03-21 11:00:00,75.46
Switzerland,CHE,2024-03-21 11:00:00,2024-03-21 12:00:00,70.73
Switzerland,CHE,2024-03-21 12:00:00,2024-03-21 13:00:00,69.89
Switzerland,CHE,2024-03-21 13:00:00,2024-03-21 14:00:00,69.91
Switzerland,CHE,2024-03-21 14:00:00,2024-03-21 15:00:00,75.11
Switzerland,CHE,2024-03-21 15:00:00,2024-03-21 16:00:00,77.92
Switzerland,CHE,2024-03-21 16:00:00,2024-03-21 17:00:00,96.5
Switzerland,CHE,2024-03-21 17:00:00,2024-03-21 18:00:00,127.0
Switzerland,CHE,2024-03-21 18:00:00,2024-03-21 19:00:00,127.14
Switzerland,CHE,2024-03-21 19:00:00,2024-03-21 20:00:00,97.25
Switzerland,CHE,2024-03-21 20:00:00,2024-03-21 21:00:00,80.04
Switzerland,CHE,2024-03-21 21:00:00,2024-03-21 22:00:00,78.22
Switzerland,CHE,2024-03-21 22:00:00,2024-03-21 23:00:00,76.74
Switzerland,CHE,2024-03-21 23:00:00,2024-03-22 00:00:00,70.57
Switzerland,CHE,2024-03-22 00:00:00,2024-03-22 01:00:00,70.74
Switzerland,CHE,2024-03-22 01:00:00,2024-03-22 02:00:00,70.91
Switzerland,CHE,2024-03-22 02:00:00,2024-03-22 03:00:00,70.43
Switzerland,CHE,2024-03-22 03:00:00,2024-03-22 04:00:00,70.82
Switzerland,CHE,2024-03-22 04:00:00,2024-03-22 05:00:00,72.77
Switzerland,CHE,2024-03-22 05:00:00,2024-03-22 06:00:00,74.87
Switzerland,CHE,2024-03-22 06:00:00,2024-03-22 07:00:00,75.47
Switzerland,CHE,2024-03-22 07:00:00,2024-03-22 08:00:00,75.35
Switzerland,CHE,2024-03-22 08:00:00,2024-03-22 09:00:00,75.11
Switzerland,CHE,2024-03-22 09:00:00,2024-03-22 10:00:00,72.74
Switzerland,CHE,2024-03-22 10:00:00,2024-03-22 11:00:00,68.11
Switzerland,CHE,2024-03-22 11:00:00,2024-03-22 12:00:00,65.73
Switzerland,CHE,2024-03-22 12:00:00,2024-03-22 13:00:00,65.35
Switzerland,CHE,2024-03-22 13:00:00,2024-03-22 14:00:00,62.96
Switzerland,CHE,2024-03-22 14:00:00,2024-03-22 15:00:00,67.65
Switzerland,CHE,2024-03-22 15:00:00,2024-03-22 16:00:00,71.2
Switzerland,CHE,2024-03-22 16:00:00,2024-03-22 17:00:00,85.74
Switzerland,CHE,2024-03-22 17:00:00,2024-03-22 18:00:00,115.13
Switzerland,CHE,2024-03-22 18:00:00,2024-03-22 19:00:00,113.11
Switzerland,CHE,2024-03-22 19:00:00,2024-03-22 20:00:00,83.61
Switzerland,CHE,2024-03-22 20:00:00,2024-03-22 21:00:00,76.84
Switzerland,CHE,2024-03-22 21:00:00,2024-03-22 22:00:00,75.23
Switzerland,CHE,2024-03-22 22:00:00,2024-03-22 23:00:00,73.5
Switzerland,CHE,2024-03-22 23:00:00,2024-03-23 00:00:00,72.71
Switzerland,CHE,2024-03-23 00:00:00,2024-03-23 01:00:00,72.5
Switzerland,CHE,2024-03-23 01:00:00,2024-03-23 02:00:00,72.46
Switzerland,CHE,2024-03-23 02:00:00,2024-03-23 03:00:00,69.69
Switzerland,CHE,2024-03-23 03:00:00,2024-03-23 04:00:00,69.63
Switzerland,CHE,2024-03-23 04:00:00,2024-03-23 05:00:00,70.95
Switzerland,CHE,2024-03-23 05:00:00,2024-03-23 06:00:00,70.98
Switzerland,CHE,2024-03-23 06:00:00,2024-03-23 07:00:00,72.47
Switzerland,CHE,2024-03-23 07:00:00,2024-03-23 08:00:00,72.72
Switzerland,CHE,2024-03-23 08:00:00,2024-03-23 09:00:00,70.21
Switzerland,CHE,2024-03-23 09:00:00,2024-03-23 10:00:00,55.88
Switzerland,CHE,2024-03-23 10:00:00,2024-03-23 11:00:00,37.92
Switzerland,CHE,2024-03-23 11:00:00,2024-03-23 12:00:00,-5.95
Switzerland,CHE,2024-03-23 12:00:00,2024-03-23 13:00:00,-11.66
Switzerland,CHE,2024-03-23 13:00:00,2024-03-23 14:00:00,-9.33
Switzerland,CHE,2024-03-23 14:00:00,2024-03-23 15:00:00,50.81
Switzerland,CHE,2024-03-23 15:00:00,2024-03-23 16:00:00,65.67
Switzerland,CHE,2024-03-23 16:00:00,2024-03-23 17:00:00,72.73
Switzerland,CHE,2024-03-23 17:00:00,2024-03-23 18:00:00,74.15
Switzerland,CHE,2024-03-23 18:00:00,2024-03-23 19:00:00,72.77
Switzerland,CHE,2024-03-23 19:00:00,2024-03-23 20:00:00,72.55
Switzerland,CHE,2024-03-23 20:00:00,2024-03-23 21:00:00,73.76
Switzerland,CHE,2024-03-23 21:00:00,2024-03-23 22:00:00,72.48
Switzerland,CHE,2024-03-23 22:00:00,2024-03-23 23:00:00,65.59
Switzerland,CHE,2024-03-23 23:00:00,2024-03-24 00:00:00,20.79
Switzerland,CHE,2024-03-24 00:00:00,2024-03-24 01:00:00,8.8
Switzerland,CHE,2024-03-24 01:00:00,2024-03-24 02:00:00,13.43
Switzerland,CHE,2024-03-24 02:00:00,2024-03-24 03:00:00,11.66
Switzerland,CHE,2024-03-24 03:00:00,2024-03-24 04:00:00,11.36
Switzerland,CHE,2024-03-24 04:00:00,2024-03-24 05:00:00,11.8
Switzerland,CHE,2024-03-24 05:00:00,2024-03-24 06:00:00,11.38
Switzerland,CHE,2024-03-24 06:00:00,2024-03-24 07:00:00,9.99
Switzerland,CHE,2024-03-24 07:00:00,2024-03-24 08:00:00,-0.08
Switzerland,CHE,2024-03-24 08:00:00,2024-03-24 09:00:00,-2.31
Switzerland,CHE,2024-03-24 09:00:00,2024-03-24 10:00:00,-1.94
Switzerland,CHE,2024-03-24 10:00:00,2024-03-24 11:00:00,-0.87
Switzerland,CHE,2024-03-24 11:00:00,2024-03-24 12:00:00,-3.09
Switzerland,CHE,2024-03-24 12:00:00,2024-03-24 13:00:00,-6.75
Switzerland,CHE,2024-03-24 13:00:00,2024-03-24 14:00:00,-6.22
Switzerland,CHE,2024-03-24 14:00:00,2024-03-24 15:00:00,-1.13
Switzerland,CHE,2024-03-24 15:00:00,2024-03-24 16:00:00,11.34
Switzerland,CHE,2024-03-24 16:00:00,2024-03-24 17:00:00,53.07
Switzerland,CHE,2024-03-24 17:00:00,2024-03-24 18:00:00,72.59
Switzerland,CHE,2024-03-24 18:00:00,2024-03-24 19:00:00,75.77
Switzerland,CHE,2024-03-24 19:00:00,2024-03-24 20:00:00,74.96
Switzerland,CHE,2024-03-24 20:00:00,2024-03-24 21:00:00,73.53
Switzerland,CHE,2024-03-24 21:00:00,2024-03-24 22:00:00,74.0
Switzerland,CHE,2024-03-24 22:00:00,2024-03-24 23:00:00,72.72
Switzerland,CHE,2024-03-24 23:00:00,2024-03-25 00:00:00,61.79
Switzerland,CHE,2024-03-25 00:00:00,2024-03-25 01:00:00,61.13
Switzerland,CHE,2024-03-25 01:00:00,2024-03-25 02:00:00,61.18
Switzerland,CHE,2024-03-25 02:00:00,2024-03-25 03:00:00,61.78
Switzerland,CHE,2024-03-25 03:00:00,2024-03-25 04:00:00,67.1
Switzerland,CHE,2024-03-25 04:00:00,2024-03-25 05:00:00,74.02
Switzerland,CHE,2024-03-25 05:00:00,2024-03-25 06:00:00,81.56
Switzerland,CHE,2024-03-25 06:00:00,2024-03-25 07:00:00,93.83
Switzerland,CHE,2024-03-25 07:00:00,2024-03-25 08:00:00,89.39
Switzerland,CHE,2024-03-25 08:00:00,2024-03-25 09:00:00,77.04
Switzerland,CHE,2024-03-25 09:00:00,2024-03-25 10:00:00,66.72
Switzerland,CHE,2024-03-25 10:00:00,2024-03-25 11:00:00,62.02
Switzerland,CHE,2024-03-25 11:00:00,2024-03-25 12:00:00,59.89
Switzerland,CHE,2024-03-25 12:00:00,2024-03-25 13:00:00,60.41
Switzerland,CHE,2024-03-25 13:00:00,2024-03-25 14:00:00,61.18
Switzerland,CHE,2024-03-25 14:00:00,2024-03-25 15:00:00,69.39
Switzerland,CHE,2024-03-25 15:00:00,2024-03-25 16:00:00,76.95
Switzerland,CHE,2024-03-25 16:00:00,2024-03-25 17:00:00,102.95
Switzerland,CHE,2024-03-25 17:00:00,2024-03-25 18:00:00,141.59
Switzerland,CHE,2024-03-25 18:00:00,2024-03-25 19:00:00,142.32
Switzerland,CHE,2024-03-25 19:00:00,2024-03-25 20:00:00,104.47
Switzerland,CHE,2024-03-25 20:00:00,2024-03-25 21:00:00,82.2
Switzerland,CHE,2024-03-25 21:00:00,2024-03-25 22:00:00,79.58
Switzerland,CHE,2024-03-25 22:00:00,2024-03-25 23:00:00,75.78
Switzerland,CHE,2024-03-25 23:00:00,2024-03-26 00:00:00,79.97
Switzerland,CHE,2024-03-26 00:00:00,2024-03-26 01:00:00,77.49
Switzerland,CHE,2024-03-26 01:00:00,2024-03-26 02:00:00,75.8
Switzerland,CHE,2024-03-26 02:00:00,2024-03-26 03:00:00,73.95
Switzerland,CHE,2024-03-26 03:00:00,2024-03-26 04:00:00,73.96
Switzerland,CHE,2024-03-26 04:00:00,2024-03-26 05:00:00,75.78
Switzerland,CHE,2024-03-26 05:00:00,2024-03-26 06:00:00,80.86
Switzerland,CHE,2024-03-26 06:00:00,2024-03-26 07:00:00,82.02
Switzerland,CHE,2024-03-26 07:00:00,2024-03-26 08:00:00,78.47
Switzerland,CHE,2024-03-26 08:00:00,2024-03-26 09:00:00,74.86
Switzerland,CHE,2024-03-26 09:00:00,2024-03-26 10:00:00,72.02
Switzerland,CHE,2024-03-26 10:00:00,2024-03-26 11:00:00,68.06
Switzerland,CHE,2024-03-26 11:00:00,2024-03-26 12:00:00,61.74
Switzerland,CHE,2024-03-26 12:00:00,2024-03-26 13:00:00,62.09
Switzerland,CHE,2024-03-26 13:00:00,2024-03-26 14:00:00,62.25
Switzerland,CHE,2024-03-26 14:00:00,2024-03-26 15:00:00,73.98
Switzerland,CHE,2024-03-26 15:00:00,2024-03-26 16:00:00,75.54
Switzerland,CHE,2024-03-26 16:00:00,2024-03-26 17:00:00,81.39
Switzerland,CHE,2024-03-26 17:00:00,2024-03-26 18:00:00,97.57
Switzerland,CHE,2024-03-26 18:00:00,2024-03-26 19:00:00,98.09
Switzerland,CHE,2024-03-26 19:00:00,2024-03-26 20:00:00,81.31
Switzerland,CHE,2024-03-26 20:00:00,2024-03-26 21:00:00,76.55
Switzerland,CHE,2024-03-26 21:00:00,2024-03-26 22:00:00,76.8
Switzerland,CHE,2024-03-26 22:00:00,2024-03-26 23:00:00,75.79
Switzerland,CHE,2024-03-26 23:00:00,2024-03-27 00:00:00,80.93
Switzerland,CHE,2024-03-27 00:00:00,2024-03-27 01:00:00,79.87
Switzerland,CHE,2024-03-27 01:00:00,2024-03-27 02:00:00,79.95
Switzerland,CHE,2024-03-27 02:00:00,2024-03-27 03:00:00,77.08
Switzerland,CHE,2024-03-27 03:00:00,2024-03-27 04:00:00,76.95
Switzerland,CHE,2024-03-27 04:00:00,2024-03-27 05:00:00,81.12
Switzerland,CHE,2024-03-27 05:00:00,2024-03-27 06:00:00,85.3
Switzerland,CHE,2024-03-27 06:00:00,2024-03-27 07:00:00,91.32
Switzerland,CHE,2024-03-27 07:00:00,2024-03-27 08:00:00,84.61
Switzerland,CHE,2024-03-27 08:00:00,2024-03-27 09:00:00,81.28
Switzerland,CHE,2024-03-27 09:00:00,2024-03-27 10:00:00,81.27
Switzerland,CHE,2024-03-27 10:00:00,2024-03-27 11:00:00,81.23
Switzerland,CHE,2024-03-27 11:00:00,2024-03-27 12:00:00,80.93
Switzerland,CHE,2024-03-27 12:00:00,2024-03-27 13:00:00,80.91
Switzerland,CHE,2024-03-27 13:00:00,2024-03-27 14:00:00,80.62
Switzerland,CHE,2024-03-27 14:00:00,2024-03-27 15:00:00,81.16
Switzerland,CHE,2024-03-27 15:00:00,2024-03-27 16:00:00,86.13
Switzerland,CHE,2024-03-27 16:00:00,2024-03-27 17:00:00,99.99
Switzerland,CHE,2024-03-27 17:00:00,2024-03-27 18:00:00,123.78
Switzerland,CHE,2024-03-27 18:00:00,2024-03-27 19:00:00,120.06
Switzerland,CHE,2024-03-27 19:00:00,2024-03-27 20:00:00,93.08
Switzerland,CHE,2024-03-27 20:00:00,2024-03-27 21:00:00,83.03
Switzerland,CHE,2024-03-27 21:00:00,2024-03-27 22:00:00,81.26
Switzerland,CHE,2024-03-27 22:00:00,2024-03-27 23:00:00,77.02
Switzerland,CHE,2024-03-27 23:00:00,2024-03-28 00:00:00,74.23
Switzerland,CHE,2024-03-28 00:00:00,2024-03-28 01:00:00,74.01
Switzerland,CHE,2024-03-28 01:00:00,2024-03-28 02:00:00,71.13
Switzerland,CHE,2024-03-28 02:00:00,2024-03-28 03:00:00,65.44
Switzerland,CHE,2024-03-28 03:00:00,2024-03-28 04:00:00,70.12
Switzerland,CHE,2024-03-28 04:00:00,2024-03-28 05:00:00,76.24
Switzerland,CHE,2024-03-28 05:00:00,2024-03-28 06:00:00,84.27
Switzerland,CHE,2024-03-28 06:00:00,2024-03-28 07:00:00,83.98
Switzerland,CHE,2024-03-28 07:00:00,2024-03-28 08:00:00,81.09
Switzerland,CHE,2024-03-28 08:00:00,2024-03-28 09:00:00,80.13
Switzerland,CHE,2024-03-28 09:00:00,2024-03-28 10:00:00,78.99
Switzerland,CHE,2024-03-28 10:00:00,2024-03-28 11:00:00,79.94
Switzerland,CHE,2024-03-28 11:00:00,2024-03-28 12:00:00,74.18
Switzerland,CHE,2024-03-28 12:00:00,2024-03-28 13:00:00,72.76
Switzerland,CHE,2024-03-28 13:00:00,2024-03-28 14:00:00,72.72
Switzerland,CHE,2024-03-28 14:00:00,2024-03-28 15:00:00,73.96
Switzerland,CHE,2024-03-28 15:00:00,2024-03-28 16:00:00,75.12
Switzerland,CHE,2024-03-28 16:00:00,2024-03-28 17:00:00,74.56
Switzerland,CHE,2024-03-28 17:00:00,2024-03-28 18:00:00,80.61
Switzerland,CHE,2024-03-28 18:00:00,2024-03-28 19:00:00,79.66
Switzerland,CHE,2024-03-28 19:00:00,2024-03-28 20:00:00,76.23
Switzerland,CHE,2024-03-28 20:00:00,2024-03-28 21:00:00,77.02
Switzerland,CHE,2024-03-28 21:00:00,2024-03-28 22:00:00,76.83
Switzerland,CHE,2024-03-28 22:00:00,2024-03-28 23:00:00,72.78
Switzerland,CHE,2024-03-28 23:00:00,2024-03-29 00:00:00,72.04
Switzerland,CHE,2024-03-29 00:00:00,2024-03-29 01:00:00,67.05
Switzerland,CHE,2024-03-29 01:00:00,2024-03-29 02:00:00,63.22
Switzerland,CHE,2024-03-29 02:00:00,2024-03-29 03:00:00,63.34
Switzerland,CHE,2024-03-29 03:00:00,2024-03-29 04:00:00,62.83
Switzerland,CHE,2024-03-29 04:00:00,2024-03-29 05:00:00,69.66
Switzerland,CHE,2024-03-29 05:00:00,2024-03-29 06:00:00,61.57
Switzerland,CHE,2024-03-29 06:00:00,2024-03-29 07:00:00,62.2
Switzerland,CHE,2024-03-29 07:00:00,2024-03-29 08:00:00,61.82
Switzerland,CHE,2024-03-29 08:00:00,2024-03-29 09:00:00,61.68
Switzerland,CHE,2024-03-29 09:00:00,2024-03-29 10:00:00,61.4
Switzerland,CHE,2024-03-29 10:00:00,2024-03-29 11:00:00,60.25
Switzerland,CHE,2024-03-29 11:00:00,2024-03-29 12:00:00,60.53
Switzerland,CHE,2024-03-29 12:00:00,2024-03-29 13:00:00,54.28
Switzerland,CHE,2024-03-29 13:00:00,2024-03-29 14:00:00,55.54
Switzerland,CHE,2024-03-29 14:00:00,2024-03-29 15:00:00,61.34
Switzerland,CHE,2024-03-29 15:00:00,2024-03-29 16:00:00,61.96
Switzerland,CHE,2024-03-29 16:00:00,2024-03-29 17:00:00,71.81
Switzerland,CHE,2024-03-29 17:00:00,2024-03-29 18:00:00,84.03
Switzerland,CHE,2024-03-29 18:00:00,2024-03-29 19:00:00,92.11
Switzerland,CHE,2024-03-29 19:00:00,2024-03-29 20:00:00,83.59
Switzerland,CHE,2024-03-29 20:00:00,2024-03-29 21:00:00,75.12
Switzerland,CHE,2024-03-29 21:00:00,2024-03-29 22:00:00,72.55
Switzerland,CHE,2024-03-29 22:00:00,2024-03-29 23:00:00,66.58
Switzerland,CHE,2024-03-29 23:00:00,2024-03-30 00:00:00,61.77
Switzerland,CHE,2024-03-30 00:00:00,2024-03-30 01:00:00,57.38
Switzerland,CHE,2024-03-30 01:00:00,2024-03-30 02:00:00,54.15
Switzerland,CHE,2024-03-30 02:00:00,2024-03-30 03:00:00,53.38
Switzerland,CHE,2024-03-30 03:00:00,2024-03-30 04:00:00,54.92
Switzerland,CHE,2024-03-30 04:00:00,2024-03-30 05:00:00,55.68
Switzerland,CHE,2024-03-30 05:00:00,2024-03-30 06:00:00,52.4
Switzerland,CHE,2024-03-30 06:00:00,2024-03-30 07:00:00,41.05
Switzerland,CHE,2024-03-30 07:00:00,2024-03-30 08:00:00,37.1
Switzerland,CHE,2024-03-30 08:00:00,2024-03-30 09:00:00,29.63
Switzerland,CHE,2024-03-30 09:00:00,2024-03-30 10:00:00,19.56
Switzerland,CHE,2024-03-30 10:00:00,2024-03-30 11:00:00,14.73
Switzerland,CHE,2024-03-30 11:00:00,2024-03-30 12:00:00,8.64
Switzerland,CHE,2024-03-30 12:00:00,2024-03-30 13:00:00,1.74
Switzerland,CHE,2024-03-30 13:00:00,2024-03-30 14:00:00,11.28
Switzerland,CHE,2024-03-30 14:00:00,2024-03-30 15:00:00,25.26
Switzerland,CHE,2024-03-30 15:00:00,2024-03-30 16:00:00,41.62
Switzerland,CHE,2024-03-30 16:00:00,2024-03-30 17:00:00,70.94
Switzerland,CHE,2024-03-30 17:00:00,2024-03-30 18:00:00,81.59
Switzerland,CHE,2024-03-30 18:00:00,2024-03-30 19:00:00,83.14
Switzerland,CHE,2024-03-30 19:00:00,2024-03-30 20:00:00,72.37
Switzerland,CHE,2024-03-30 20:00:00,2024-03-30 21:00:00,65.71
Switzerland,CHE,2024-03-30 21:00:00,2024-03-30 22:00:00,62.26
Switzerland,CHE,2024-03-30 22:00:00,2024-03-30 23:00:00,57.86
Switzerland,CHE,2024-03-30 23:00:00,2024-03-31 00:00:00,66.95
Switzerland,CHE,2024-03-31 00:00:00,2024-03-31 01:00:00,60.37
Switzerland,CHE,2024-03-31 01:00:00,2024-03-31 03:00:00,56.51
Switzerland,CHE,2024-03-31 02:00:00,2024-03-31 04:00:00,56.8
Switzerland,CHE,2024-03-31 03:00:00,2024-03-31 05:00:00,56.7
Switzerland,CHE,2024-03-31 04:00:00,2024-03-31 06:00:00,57.86
Switzerland,CHE,2024-03-31 05:00:00,2024-03-31 07:00:00,57.79
Switzerland,CHE,2024-03-31 06:00:00,2024-03-31 08:00:00,57.71
Switzerland,CHE,2024-03-31 07:00:00,2024-03-31 09:00:00,53.37
Switzerland,CHE,2024-03-31 08:00:00,2024-03-31 10:00:00,39.09
Switzerland,CHE,2024-03-31 09:00:00,2024-03-31 11:00:00,19.75
Switzerland,CHE,2024-03-31 10:00:00,2024-03-31 12:00:00,2.5
Switzerland,CHE,2024-03-31 11:00:00,2024-03-31 13:00:00,-0.13
Switzerland,CHE,2024-03-31 12:00:00,2024-03-31 14:00:00,-1.91
Switzerland,CHE,2024-03-31 13:00:00,2024-03-31 15:00:00,6.24
Switzerland,CHE,2024-03-31 14:00:00,2024-03-31 16:00:00,40.51
Switzerland,CHE,2024-03-31 15:00:00,2024-03-31 17:00:00,57.95
Switzerland,CHE,2024-03-31 16:00:00,2024-03-31 18:00:00,73.01
Switzerland,CHE,2024-03-31 17:00:00,2024-03-31 19:00:00,72.72
Switzerland,CHE,2024-03-31 18:00:00,2024-03-31 20:00:00,74.64
Switzerland,CHE,2024-03-31 19:00:00,2024-03-31 21:00:00,74.52
Switzerland,CHE,2024-03-31 20:00:00,2024-03-31 22:00:00,67.31
Switzerland,CHE,2024-03-31 21:00:00,2024-03-31 23:00:00,62.86
Switzerland,CHE,2024-03-31 22:00:00,2024-04-01 00:00:00,44.23
Switzerland,CHE,2024-03-31 23:00:00,2024-04-01 01:00:00,40.01
Switzerland,CHE,2024-04-01 00:00:00,2024-04-01 02:00:00,40.03
Switzerland,CHE,2024-04-01 01:00:00,2024-04-01 03:00:00,39.66
Switzerland,CHE,2024-04-01 02:00:00,2024-04-01 04:00:00,40.47
Switzerland,CHE,2024-04-01 03:00:00,2024-04-01 05:00:00,43.18
Switzerland,CHE,2024-04-01 04:00:00,2024-04-01 06:00:00,47.22
Switzerland,CHE,2024-04-01 05:00:00,2024-04-01 07:00:00,47.4
Switzerland,CHE,2024-04-01 06:00:00,2024-04-01 08:00:00,45.88
Switzerland,CHE,2024-04-01 07:00:00,2024-04-01 09:00:00,42.58
Switzerland,CHE,2024-04-01 08:00:00,2024-04-01 10:00:00,35.03
Switzerland,CHE,2024-04-01 09:00:00,2024-04-01 11:00:00,27.38
Switzerland,CHE,2024-04-01 10:00:00,2024-04-01 12:00:00,16.64
Switzerland,CHE,2024-04-01 11:00:00,2024-04-01 13:00:00,7.71
Switzerland,CHE,2024-04-01 12:00:00,2024-04-01 14:00:00,-5.0
Switzerland,CHE,2024-04-01 13:00:00,2024-04-01 15:00:00,-4.76
Switzerland,CHE,2024-04-01 14:00:00,2024-04-01 16:00:00,-2.02
Switzerland,CHE,2024-04-01 15:00:00,2024-04-01 17:00:00,7.46
Switzerland,CHE,2024-04-01 16:00:00,2024-04-01 18:00:00,29.26
Switzerland,CHE,2024-04-01 17:00:00,2024-04-01 19:00:00,47.13
Switzerland,CHE,2024-04-01 18:00:00,2024-04-01 20:00:00,49.36
Switzerland,CHE,2024-04-01 19:00:00,2024-04-01 21:00:00,43.59
Switzerland,CHE,2024-04-01 20:00:00,2024-04-01 22:00:00,35.09
Switzerland,CHE,2024-04-01 21:00:00,2024-04-01 23:00:00,26.57
Switzerland,CHE,2024-04-01 22:00:00,2024-04-02 00:00:00,13.58
Switzerland,CHE,2024-04-01 23:00:00,2024-04-02 01:00:00,11.02
Switzerland,CHE,2024-04-02 00:00:00,2024-04-02 02:00:00,7.61
Switzerland,CHE,2024-04-02 01:00:00,2024-04-02 03:00:00,4.93
Switzerland,CHE,2024-04-02 02:00:00,2024-04-02 04:00:00,9.19
Switzerland,CHE,2024-04-02 03:00:00,2024-04-02 05:00:00,23.58
Switzerland,CHE,2024-04-02 04:00:00,2024-04-02 06:00:00,56.05
Switzerland,CHE,2024-04-02 05:00:00,2024-04-02 07:00:00,71.36
Switzerland,CHE,2024-04-02 06:00:00,2024-04-02 08:00:00,73.22
Switzerland,CHE,2024-04-02 07:00:00,2024-04-02 09:00:00,67.26
Switzerland,CHE,2024-04-02 08:00:00,2024-04-02 10:00:00,64.78
Switzerland,CHE,2024-04-02 09:00:00,2024-04-02 11:00:00,57.49
Switzerland,CHE,2024-04-02 10:00:00,2024-04-02 12:00:00,53.1
Switzerland,CHE,2024-04-02 11:00:00,2024-04-02 13:00:00,53.3
Switzerland,CHE,2024-04-02 12:00:00,2024-04-02 14:00:00,52.67
Switzerland,CHE,2024-04-02 13:00:00,2024-04-02 15:00:00,56.86
Switzerland,CHE,2024-04-02 14:00:00,2024-04-02 16:00:00,63.65
Switzerland,CHE,2024-04-02 15:00:00,2024-04-02 17:00:00,71.3
Switzerland,CHE,2024-04-02 16:00:00,2024-04-02 18:00:00,66.18
Switzerland,CHE,2024-04-02 17:00:00,2024-04-02 19:00:00,81.27
Switzerland,CHE,2024-04-02 18:00:00,2024-04-02 20:00:00,81.71
Switzerland,CHE,2024-04-02 19:00:00,2024-04-02 21:00:00,74.15
Switzerland,CHE,2024-04-02 20:00:00,2024-04-02 22:00:00,72.73
Switzerland,CHE,2024-04-02 21:00:00,2024-04-02 23:00:00,67.6
Switzerland,CHE,2024-04-02 22:00:00,2024-04-03 00:00:00,72.18
Switzerland,CHE,2024-04-02 23:00:00,2024-04-03 01:00:00,72.16
Switzerland,CHE,2024-04-03 00:00:00,2024-04-03 02:00:00,72.05
Switzerland,CHE,2024-04-03 01:00:00,2024-04-03 03:00:00,72.45
Switzerland,CHE,2024-04-03 02:00:00,2024-04-03 04:00:00,72.41
Switzerland,CHE,2024-04-03 03:00:00,2024-04-03 05:00:00,74.28
Switzerland,CHE,2024-04-03 04:00:00,2024-04-03 06:00:00,88.65
Switzerland,CHE,2024-04-03 05:00:00,2024-04-03 07:00:00,117.71
Switzerland,CHE,2024-04-03 06:00:00,2024-04-03 08:00:00,116.88
Switzerland,CHE,2024-04-03 07:00:00,2024-04-03 09:00:00,89.79
Switzerland,CHE,2024-04-03 08:00:00,2024-04-03 10:00:00,77.1
Switzerland,CHE,2024-04-03 09:00:00,2024-04-03 11:00:00,75.2
Switzerland,CHE,2024-04-03 10:00:00,2024-04-03 12:00:00,74.24
Switzerland,CHE,2024-04-03 11:00:00,2024-04-03 13:00:00,74.09
Switzerland,CHE,2024-04-03 12:00:00,2024-04-03 14:00:00,74.41
Switzerland,CHE,2024-04-03 13:00:00,2024-04-03 15:00:00,74.09
Switzerland,CHE,2024-04-03 14:00:00,2024-04-03 16:00:00,75.03
Switzerland,CHE,2024-04-03 15:00:00,2024-04-03 17:00:00,76.6
Switzerland,CHE,2024-04-03 16:00:00,2024-04-03 18:00:00,95.4
Switzerland,CHE,2024-04-03 17:00:00,2024-04-03 19:00:00,112.31
Switzerland,CHE,2024-04-03 18:00:00,2024-04-03 20:00:00,103.04
Switzerland,CHE,2024-04-03 19:00:00,2024-04-03 21:00:00,75.23
Switzerland,CHE,2024-04-03 20:00:00,2024-04-03 22:00:00,74.13
Switzerland,CHE,2024-04-03 21:00:00,2024-04-03 23:00:00,71.36
Switzerland,CHE,2024-04-03 22:00:00,2024-04-04 00:00:00,68.9
Switzerland,CHE,2024-04-03 23:00:00,2024-04-04 01:00:00,67.99
Switzerland,CHE,2024-04-04 00:00:00,2024-04-04 02:00:00,68.24
Switzerland,CHE,2024-04-04 01:00:00,2024-04-04 03:00:00,68.04
Switzerland,CHE,2024-04-04 02:00:00,2024-04-04 04:00:00,67.79
Switzerland,CHE,2024-04-04 03:00:00,2024-04-04 05:00:00,69.49
Switzerland,CHE,2024-04-04 04:00:00,2024-04-04 06:00:00,70.18
Switzerland,CHE,2024-04-04 05:00:00,2024-04-04 07:00:00,75.61
Switzerland,CHE,2024-04-04 06:00:00,2024-04-04 08:00:00,75.97
Switzerland,CHE,2024-04-04 07:00:00,2024-04-04 09:00:00,70.17
Switzerland,CHE,2024-04-04 08:00:00,2024-04-04 10:00:00,67.21
Switzerland,CHE,2024-04-04 09:00:00,2024-04-04 11:00:00,65.45
Switzerland,CHE,2024-04-04 10:00:00,2024-04-04 12:00:00,58.44
Switzerland,CHE,2024-04-04 11:00:00,2024-04-04 13:00:00,56.83
Switzerland,CHE,2024-04-04 12:00:00,2024-04-04 14:00:00,57.56
Switzerland,CHE,2024-04-04 13:00:00,2024-04-04 15:00:00,56.01
Switzerland,CHE,2024-04-04 14:00:00,2024-04-04 16:00:00,57.48
Switzerland,CHE,2024-04-04 15:00:00,2024-04-04 17:00:00,63.9
Switzerland,CHE,2024-04-04 16:00:00,2024-04-04 18:00:00,71.96
Switzerland,CHE,2024-04-04 17:00:00,2024-04-04 19:00:00,84.72
Switzerland,CHE,2024-04-04 18:00:00,2024-04-04 20:00:00,79.49
Switzerland,CHE,2024-04-04 19:00:00,2024-04-04 21:00:00,70.11
Switzerland,CHE,2024-04-04 20:00:00,2024-04-04 22:00:00,69.07
Switzerland,CHE,2024-04-04 21:00:00,2024-04-04 23:00:00,67.57
Switzerland,CHE,2024-04-04 22:00:00,2024-04-05 00:00:00,56.6
Switzerland,CHE,2024-04-04 23:00:00,2024-04-05 01:00:00,56.14
Switzerland,CHE,2024-04-05 00:00:00,2024-04-05 02:00:00,56.11
Switzerland,CHE,2024-04-05 01:00:00,2024-04-05 03:00:00,55.78
Switzerland,CHE,2024-04-05 02:00:00,2024-04-05 04:00:00,56.28
Switzerland,CHE,2024-04-05 03:00:00,2024-04-05 05:00:00,63.46
Switzerland,CHE,2024-04-05 04:00:00,2024-04-05 06:00:00,76.06
Switzerland,CHE,2024-04-05 05:00:00,2024-04-05 07:00:00,84.08
Switzerland,CHE,2024-04-05 06:00:00,2024-04-05 08:00:00,80.02
Switzerland,CHE,2024-04-05 07:00:00,2024-04-05 09:00:00,67.94
Switzerland,CHE,2024-04-05 08:00:00,2024-04-05 10:00:00,57.55
Switzerland,CHE,2024-04-05 09:00:00,2024-04-05 11:00:00,55.9
Switzerland,CHE,2024-04-05 10:00:00,2024-04-05 12:00:00,51.73
Switzerland,CHE,2024-04-05 11:00:00,2024-04-05 13:00:00,45.02
Switzerland,CHE,2024-04-05 12:00:00,2024-04-05 14:00:00,35.72
Switzerland,CHE,2024-04-05 13:00:00,2024-04-05 15:00:00,51.01
Switzerland,CHE,2024-04-05 14:00:00,2024-04-05 16:00:00,53.63
Switzerland,CHE,2024-04-05 15:00:00,2024-04-05 17:00:00,55.81
Switzerland,CHE,2024-04-05 16:00:00,2024-04-05 18:00:00,66.69
Switzerland,CHE,2024-04-05 17:00:00,2024-04-05 19:00:00,69.82
Switzerland,CHE,2024-04-05 18:00:00,2024-04-05 20:00:00,68.03
Switzerland,CHE,2024-04-05 19:00:00,2024-04-05 21:00:00,61.52
Switzerland,CHE,2024-04-05 20:00:00,2024-04-05 22:00:00,59.65
Switzerland,CHE,2024-04-05 21:00:00,2024-04-05 23:00:00,56.2
Switzerland,CHE,2024-04-05 22:00:00,2024-04-06 00:00:00,51.57
Switzerland,CHE,2024-04-05 23:00:00,2024-04-06 01:00:00,52.16
Switzerland,CHE,2024-04-06 00:00:00,2024-04-06 02:00:00,51.91
Switzerland,CHE,2024-04-06 01:00:00,2024-04-06 03:00:00,51.49
Switzerland,CHE,2024-04-06 02:00:00,2024-04-06 04:00:00,51.47
Switzerland,CHE,2024-04-06 03:00:00,2024-04-06 05:00:00,53.74
Switzerland,CHE,2024-04-06 04:00:00,2024-04-06 06:00:00,55.88
Switzerland,CHE,2024-04-06 05:00:00,2024-04-06 07:00:00,55.77
Switzerland,CHE,2024-04-06 06:00:00,2024-04-06 08:00:00,53.64
Switzerland,CHE,2024-04-06 07:00:00,2024-04-06 09:00:00,45.42
Switzerland,CHE,2024-04-06 08:00:00,2024-04-06 10:00:00,7.77
Switzerland,CHE,2024-04-06 09:00:00,2024-04-06 11:00:00,-6.55
Switzerland,CHE,2024-04-06 10:00:00,2024-04-06 12:00:00,-18.25
Switzerland,CHE,2024-04-06 11:00:00,2024-04-06 13:00:00,-53.38
Switzerland,CHE,2024-04-06 12:00:00,2024-04-06 14:00:00,-49.98
Switzerland,CHE,2024-04-06 13:00:00,2024-04-06 15:00:00,-20.67
Switzerland,CHE,2024-04-06 14:00:00,2024-04-06 16:00:00,-3.34
Switzerland,CHE,2024-04-06 15:00:00,2024-04-06 17:00:00,28.29
Switzerland,CHE,2024-04-06 16:00:00,2024-04-06 18:00:00,58.57
Switzerland,CHE,2024-04-06 17:00:00,2024-04-06 19:00:00,65.17
Switzerland,CHE,2024-04-06 18:00:00,2024-04-06 20:00:00,59.6
Switzerland,CHE,2024-04-06 19:00:00,2024-04-06 21:00:00,54.49
Switzerland,CHE,2024-04-06 20:00:00,2024-04-06 22:00:00,54.03
Switzerland,CHE,2024-04-06 21:00:00,2024-04-06 23:00:00,51.24
Switzerland,CHE,2024-04-06 22:00:00,2024-04-07 00:00:00,50.11
Switzerland,CHE,2024-04-06 23:00:00,2024-04-07 01:00:00,19.95
Switzerland,CHE,2024-04-07 00:00:00,2024-04-07 02:00:00,12.53
Switzerland,CHE,2024-04-07 01:00:00,2024-04-07 03:00:00,11.79
Switzerland,CHE,2024-04-07 02:00:00,2024-04-07 04:00:00,11.33
Switzerland,CHE,2024-04-07 03:00:00,2024-04-07 05:00:00,14.91
Switzerland,CHE,2024-04-07 04:00:00,2024-04-07 06:00:00,29.93
Switzerland,CHE,2024-04-07 05:00:00,2024-04-07 07:00:00,12.08
Switzerland,CHE,2024-04-07 06:00:00,2024-04-07 08:00:00,1.0
Switzerland,CHE,2024-04-07 07:00:00,2024-04-07 09:00:00,-1.62
Switzerland,CHE,2024-04-07 08:00:00,2024-04-07 10:00:00,-5.02
Switzerland,CHE,2024-04-07 09:00:00,2024-04-07 11:00:00,-14.96
Switzerland,CHE,2024-04-07 10:00:00,2024-04-07 12:00:00,-33.64
Switzerland,CHE,2024-04-07 11:00:00,2024-04-07 13:00:00,-62.39
Switzerland,CHE,2024-04-07 12:00:00,2024-04-07 14:00:00,-55.77
Switzerland,CHE,2024-04-07 13:00:00,2024-04-07 15:00:00,-24.88
Switzerland,CHE,2024-04-07 14:00:00,2024-04-07 16:00:00,-3.09
Switzerland,CHE,2024-04-07 15:00:00,2024-04-07 17:00:00,31.46
Switzerland,CHE,2024-04-07 16:00:00,2024-04-07 18:00:00,72.44
Switzerland,CHE,2024-04-07 17:00:00,2024-04-07 19:00:00,74.79
Switzerland,CHE,2024-04-07 18:00:00,2024-04-07 20:00:00,77.77
Switzerland,CHE,2024-04-07 19:00:00,2024-04-07 21:00:00,75.06
Switzerland,CHE,2024-04-07 20:00:00,2024-04-07 22:00:00,72.59
Switzerland,CHE,2024-04-07 21:00:00,2024-04-07 23:00:00,69.21
Switzerland,CHE,2024-04-07 22:00:00,2024-04-08 00:00:00,66.42
Switzerland,CHE,2024-04-07 23:00:00,2024-04-08 01:00:00,63.82
Switzerland,CHE,2024-04-08 00:00:00,2024-04-08 02:00:00,62.55
Switzerland,CHE,2024-04-08 01:00:00,2024-04-08 03:00:00,64.83
Switzerland,CHE,2024-04-08 02:00:00,2024-04-08 04:00:00,67.66
Switzerland,CHE,2024-04-08 03:00:00,2024-04-08 05:00:00,73.68
Switzerland,CHE,2024-04-08 04:00:00,2024-04-08 06:00:00,85.8
Switzerland,CHE,2024-04-08 05:00:00,2024-04-08 07:00:00,108.36
Switzerland,CHE,2024-04-08 06:00:00,2024-04-08 08:00:00,106.21
Switzerland,CHE,2024-04-08 07:00:00,2024-04-08 09:00:00,84.81
Switzerland,CHE,2024-04-08 08:00:00,2024-04-08 10:00:00,72.5
Switzerland,CHE,2024-04-08 09:00:00,2024-04-08 11:00:00,64.24
Switzerland,CHE,2024-04-08 10:00:00,2024-04-08 12:00:00,52.87
Switzerland,CHE,2024-04-08 11:00:00,2024-04-08 13:00:00,51.89
Switzerland,CHE,2024-04-08 12:00:00,2024-04-08 14:00:00,52.58
Switzerland,CHE,2024-04-08 13:00:00,2024-04-08 15:00:00,60.81
Switzerland,CHE,2024-04-08 14:00:00,2024-04-08 16:00:00,70.98
Switzerland,CHE,2024-04-08 15:00:00,2024-04-08 17:00:00,79.36
Switzerland,CHE,2024-04-08 16:00:00,2024-04-08 18:00:00,89.41
Switzerland,CHE,2024-04-08 17:00:00,2024-04-08 19:00:00,96.66
Switzerland,CHE,2024-04-08 18:00:00,2024-04-08 20:00:00,90.89
Switzerland,CHE,2024-04-08 19:00:00,2024-04-08 21:00:00,81.18
Switzerland,CHE,2024-04-08 20:00:00,2024-04-08 22:00:00,75.1
Switzerland,CHE,2024-04-08 21:00:00,2024-04-08 23:00:00,69.0
Switzerland,CHE,2024-04-08 22:00:00,2024-04-09 00:00:00,70.17
Switzerland,CHE,2024-04-08 23:00:00,2024-04-09 01:00:00,66.37
Switzerland,CHE,2024-04-09 00:00:00,2024-04-09 02:00:00,63.31
Switzerland,CHE,2024-04-09 01:00:00,2024-04-09 03:00:00,61.7
Switzerland,CHE,2024-04-09 02:00:00,2024-04-09 04:00:00,61.08
Switzerland,CHE,2024-04-09 03:00:00,2024-04-09 05:00:00,72.1
Switzerland,CHE,2024-04-09 04:00:00,2024-04-09 06:00:00,77.98
Switzerland,CHE,2024-04-09 05:00:00,2024-04-09 07:00:00,83.19
Switzerland,CHE,2024-04-09 06:00:00,2024-04-09 08:00:00,78.37
Switzerland,CHE,2024-04-09 07:00:00,2024-04-09 09:00:00,69.13
Switzerland,CHE,2024-04-09 08:00:00,2024-04-09 10:00:00,69.4
Switzerland,CHE,2024-04-09 09:00:00,2024-04-09 11:00:00,70.43
Switzerland,CHE,2024-04-09 10:00:00,2024-04-09 12:00:00,66.54
Switzerland,CHE,2024-04-09 11:00:00,2024-04-09 13:00:00,65.91
Switzerland,CHE,2024-04-09 12:00:00,2024-04-09 14:00:00,65.52
Switzerland,CHE,2024-04-09 13:00:00,2024-04-09 15:00:00,67.04
Switzerland,CHE,2024-04-09 14:00:00,2024-04-09 16:00:00,66.5
Switzerland,CHE,2024-04-09 15:00:00,2024-04-09 17:00:00,60.99
Switzerland,CHE,2024-04-09 16:00:00,2024-04-09 18:00:00,67.68
Switzerland,CHE,2024-04-09 17:00:00,2024-04-09 19:00:00,71.5
Switzerland,CHE,2024-04-09 18:00:00,2024-04-09 20:00:00,70.16
Switzerland,CHE,2024-04-09 19:00:00,2024-04-09 21:00:00,64.81
Switzerland,CHE,2024-04-09 20:00:00,2024-04-09 22:00:00,64.09
Switzerland,CHE,2024-04-09 21:00:00,2024-04-09 23:00:00,55.36
Switzerland,CHE,2024-04-09 22:00:00,2024-04-10 00:00:00,57.74
Switzerland,CHE,2024-04-09 23:00:00,2024-04-10 01:00:00,58.4
Switzerland,CHE,2024-04-10 00:00:00,2024-04-10 02:00:00,59.04
Switzerland,CHE,2024-04-10 01:00:00,2024-04-10 03:00:00,57.96
Switzerland,CHE,2024-04-10 02:00:00,2024-04-10 04:00:00,57.98
Switzerland,CHE,2024-04-10 03:00:00,2024-04-10 05:00:00,60.27
Switzerland,CHE,2024-04-10 04:00:00,2024-04-10 06:00:00,74.67
Switzerland,CHE,2024-04-10 05:00:00,2024-04-10 07:00:00,87.65
Switzerland,CHE,2024-04-10 06:00:00,2024-04-10 08:00:00,84.95
Switzerland,CHE,2024-04-10 07:00:00,2024-04-10 09:00:00,73.52
Switzerland,CHE,2024-04-10 08:00:00,2024-04-10 10:00:00,65.01
Switzerland,CHE,2024-04-10 09:00:00,2024-04-10 11:00:00,59.53
Switzerland,CHE,2024-04-10 10:00:00,2024-04-10 12:00:00,59.82
Switzerland,CHE,2024-04-10 11:00:00,2024-04-10 13:00:00,58.66
Switzerland,CHE,2024-04-10 12:00:00,2024-04-10 14:00:00,57.39
Switzerland,CHE,2024-04-10 13:00:00,2024-04-10 15:00:00,56.82
Switzerland,CHE,2024-04-10 14:00:00,2024-04-10 16:00:00,58.47
Switzerland,CHE,2024-04-10 15:00:00,2024-04-10 17:00:00,74.32
Switzerland,CHE,2024-04-10 16:00:00,2024-04-10 18:00:00,99.62
Switzerland,CHE,2024-04-10 17:00:00,2024-04-10 19:00:00,119.8
Switzerland,CHE,2024-04-10 18:00:00,2024-04-10 20:00:00,121.19
Switzerland,CHE,2024-04-10 19:00:00,2024-04-10 21:00:00,93.92
Switzerland,CHE,2024-04-10 20:00:00,2024-04-10 22:00:00,85.0
Switzerland,CHE,2024-04-10 21:00:00,2024-04-10 23:00:00,71.91
Switzerland,CHE,2024-04-10 22:00:00,2024-04-11 00:00:00,65.4
Switzerland,CHE,2024-04-10 23:00:00,2024-04-11 01:00:00,59.13
Switzerland,CHE,2024-04-11 00:00:00,2024-04-11 02:00:00,59.48
Switzerland,CHE,2024-04-11 01:00:00,2024-04-11 03:00:00,59.33
Switzerland,CHE,2024-04-11 02:00:00,2024-04-11 04:00:00,58.64
Switzerland,CHE,2024-04-11 03:00:00,2024-04-11 05:00:00,64.17
Switzerland,CHE,2024-04-11 04:00:00,2024-04-11 06:00:00,75.5
Switzerland,CHE,2024-04-11 05:00:00,2024-04-11 07:00:00,81.17
Switzerland,CHE,2024-04-11 06:00:00,2024-04-11 08:00:00,79.09
Switzerland,CHE,2024-04-11 07:00:00,2024-04-11 09:00:00,59.15
Switzerland,CHE,2024-04-11 08:00:00,2024-04-11 10:00:00,57.1
Switzerland,CHE,2024-04-11 09:00:00,2024-04-11 11:00:00,48.02
Switzerland,CHE,2024-04-11 10:00:00,2024-04-11 12:00:00,11.3
Switzerland,CHE,2024-04-11 11:00:00,2024-04-11 13:00:00,11.23
Switzerland,CHE,2024-04-11 12:00:00,2024-04-11 14:00:00,10.09
Switzerland,CHE,2024-04-11 13:00:00,2024-04-11 15:00:00,28.75
Switzerland,CHE,2024-04-11 14:00:00,2024-04-11 16:00:00,55.45
Switzerland,CHE,2024-04-11 15:00:00,2024-04-11 17:00:00,75.13
Switzerland,CHE,2024-04-11 16:00:00,2024-04-11 18:00:00,89.61
Switzerland,CHE,2024-04-11 17:00:00,2024-04-11 19:00:00,126.47
Switzerland,CHE,2024-04-11 18:00:00,2024-04-11 20:00:00,127.95
Switzerland,CHE,2024-04-11 19:00:00,2024-04-11 21:00:00,92.3
Switzerland,CHE,2024-04-11 20:00:00,2024-04-11 22:00:00,80.74
Switzerland,CHE,2024-04-11 21:00:00,2024-04-11 23:00:00,76.49
Switzerland,CHE,2024-04-11 22:00:00,2024-04-12 00:00:00,71.77
Switzerland,CHE,2024-04-11 23:00:00,2024-04-12 01:00:00,68.94
Switzerland,CHE,2024-04-12 00:00:00,2024-04-12 02:00:00,67.34
Switzerland,CHE,2024-04-12 01:00:00,2024-04-12 03:00:00,66.39
Switzerland,CHE,2024-04-12 02:00:00,2024-04-12 04:00:00,66.23
Switzerland,CHE,2024-04-12 03:00:00,2024-04-12 05:00:00,72.56
Switzerland,CHE,2024-04-12 04:00:00,2024-04-12 06:00:00,85.8
Switzerland,CHE,2024-04-12 05:00:00,2024-04-12 07:00:00,88.49
Switzerland,CHE,2024-04-12 06:00:00,2024-04-12 08:00:00,81.08
Switzerland,CHE,2024-04-12 07:00:00,2024-04-12 09:00:00,64.28
Switzerland,CHE,2024-04-12 08:00:00,2024-04-12 10:00:00,39.05
Switzerland,CHE,2024-04-12 09:00:00,2024-04-12 11:00:00,19.57
Switzerland,CHE,2024-04-12 10:00:00,2024-04-12 12:00:00,3.98
Switzerland,CHE,2024-04-12 11:00:00,2024-04-12 13:00:00,-4.2
Switzerland,CHE,2024-04-12 12:00:00,2024-04-12 14:00:00,-2.95
Switzerland,CHE,2024-04-12 13:00:00,2024-04-12 15:00:00,-1.44
Switzerland,CHE,2024-04-12 14:00:00,2024-04-12 16:00:00,19.84
Switzerland,CHE,2024-04-12 15:00:00,2024-04-12 17:00:00,54.56
Switzerland,CHE,2024-04-12 16:00:00,2024-04-12 18:00:00,79.0
Switzerland,CHE,2024-04-12 17:00:00,2024-04-12 19:00:00,90.09
Switzerland,CHE,2024-04-12 18:00:00,2024-04-12 20:00:00,91.05
Switzerland,CHE,2024-04-12 19:00:00,2024-04-12 21:00:00,87.13
Switzerland,CHE,2024-04-12 20:00:00,2024-04-12 22:00:00,74.3
Switzerland,CHE,2024-04-12 21:00:00,2024-04-12 23:00:00,65.45
Switzerland,CHE,2024-04-12 22:00:00,2024-04-13 00:00:00,65.11
Switzerland,CHE,2024-04-12 23:00:00,2024-04-13 01:00:00,55.66
Switzerland,CHE,2024-04-13 00:00:00,2024-04-13 02:00:00,50.05
Switzerland,CHE,2024-04-13 01:00:00,2024-04-13 03:00:00,41.71
Switzerland,CHE,2024-04-13 02:00:00,2024-04-13 04:00:00,39.95
Switzerland,CHE,2024-04-13 03:00:00,2024-04-13 05:00:00,43.12
Switzerland,CHE,2024-04-13 04:00:00,2024-04-13 06:00:00,56.29
Switzerland,CHE,2024-04-13 05:00:00,2024-04-13 07:00:00,55.06
Switzerland,CHE,2024-04-13 06:00:00,2024-04-13 08:00:00,38.14
Switzerland,CHE,2024-04-13 07:00:00,2024-04-13 09:00:00,9.09
Switzerland,CHE,2024-04-13 08:00:00,2024-04-13 10:00:00,-1.95
Switzerland,CHE,2024-04-13 09:00:00,2024-04-13 11:00:00,-9.08
Switzerland,CHE,2024-04-13 10:00:00,2024-04-13 12:00:00,-25.34
Switzerland,CHE,2024-04-13 11:00:00,2024-04-13 13:00:00,-51.75
Switzerland,CHE,2024-04-13 12:00:00,2024-04-13 14:00:00,-51.93
Switzerland,CHE,2024-04-13 13:00:00,2024-04-13 15:00:00,-32.98
Switzerland,CHE,2024-04-13 14:00:00,2024-04-13 16:00:00,-13.39
Switzerland,CHE,2024-04-13 15:00:00,2024-04-13 17:00:00,9.79
Switzerland,CHE,2024-04-13 16:00:00,2024-04-13 18:00:00,63.02
Switzerland,CHE,2024-04-13 17:00:00,2024-04-13 19:00:00,78.45
Switzerland,CHE,2024-04-13 18:00:00,2024-04-13 20:00:00,80.4
Switzerland,CHE,2024-04-13 19:00:00,2024-04-13 21:00:00,58.85
Switzerland,CHE,2024-04-13 20:00:00,2024-04-13 22:00:00,58.0
Switzerland,CHE,2024-04-13 21:00:00,2024-04-13 23:00:00,56.06
Switzerland,CHE,2024-04-13 22:00:00,2024-04-14 00:00:00,24.71
Switzerland,CHE,2024-04-13 23:00:00,2024-04-14 01:00:00,11.35
Switzerland,CHE,2024-04-14 00:00:00,2024-04-14 02:00:00,11.35
Switzerland,CHE,2024-04-14 01:00:00,2024-04-14 03:00:00,7.06
Switzerland,CHE,2024-04-14 02:00:00,2024-04-14 04:00:00,3.65
Switzerland,CHE,2024-04-14 03:00:00,2024-04-14 05:00:00,7.27
Switzerland,CHE,2024-04-14 04:00:00,2024-04-14 06:00:00,11.36
Switzerland,CHE,2024-04-14 05:00:00,2024-04-14 07:00:00,5.36
Switzerland,CHE,2024-04-14 06:00:00,2024-04-14 08:00:00,-2.2
Switzerland,CHE,2024-04-14 07:00:00,2024-04-14 09:00:00,-12.92
Switzerland,CHE,2024-04-14 08:00:00,2024-04-14 10:00:00,-26.74
Switzerland,CHE,2024-04-14 09:00:00,2024-04-14 11:00:00,-47.6
Switzerland,CHE,2024-04-14 10:00:00,2024-04-14 12:00:00,-65.78
Switzerland,CHE,2024-04-14 11:00:00,2024-04-14 13:00:00,-91.49
Switzerland,CHE,2024-04-14 12:00:00,2024-04-14 14:00:00,-91.51
Switzerland,CHE,2024-04-14 13:00:00,2024-04-14 15:00:00,-62.04
Switzerland,CHE,2024-04-14 14:00:00,2024-04-14 16:00:00,-31.71
Switzerland,CHE,2024-04-14 15:00:00,2024-04-14 17:00:00,-5.94
Switzerland,CHE,2024-04-14 16:00:00,2024-04-14 18:00:00,45.43
Switzerland,CHE,2024-04-14 17:00:00,2024-04-14 19:00:00,79.22
Switzerland,CHE,2024-04-14 18:00:00,2024-04-14 20:00:00,83.77
Switzerland,CHE,2024-04-14 19:00:00,2024-04-14 21:00:00,84.06
Switzerland,CHE,2024-04-14 20:00:00,2024-04-14 22:00:00,85.02
Switzerland,CHE,2024-04-14 21:00:00,2024-04-14 23:00:00,81.55
Switzerland,CHE,2024-04-14 22:00:00,2024-04-15 00:00:00,76.98
Switzerland,CHE,2024-04-14 23:00:00,2024-04-15 01:00:00,73.13
Switzerland,CHE,2024-04-15 00:00:00,2024-04-15 02:00:00,67.88
Switzerland,CHE,2024-04-15 01:00:00,2024-04-15 03:00:00,66.68
Switzerland,CHE,2024-04-15 02:00:00,2024-04-15 04:00:00,67.2
Switzerland,CHE,2024-04-15 03:00:00,2024-04-15 05:00:00,78.14
Switzerland,CHE,2024-04-15 04:00:00,2024-04-15 06:00:00,92.09
Switzerland,CHE,2024-04-15 05:00:00,2024-04-15 07:00:00,107.65
Switzerland,CHE,2024-04-15 06:00:00,2024-04-15 08:00:00,103.07
Switzerland,CHE,2024-04-15 07:00:00,2024-04-15 09:00:00,84.01
Switzerland,CHE,2024-04-15 08:00:00,2024-04-15 10:00:00,77.92
Switzerland,CHE,2024-04-15 09:00:00,2024-04-15 11:00:00,65.27
Switzerland,CHE,2024-04-15 10:00:00,2024-04-15 12:00:00,39.09
Switzerland,CHE,2024-04-15 11:00:00,2024-04-15 13:00:00,23.75
Switzerland,CHE,2024-04-15 12:00:00,2024-04-15 14:00:00,18.84
Switzerland,CHE,2024-04-15 13:00:00,2024-04-15 15:00:00,50.05
Switzerland,CHE,2024-04-15 14:00:00,2024-04-15 16:00:00,62.11
Switzerland,CHE,2024-04-15 15:00:00,2024-04-15 17:00:00,67.51
Switzerland,CHE,2024-04-15 16:00:00,2024-04-15 18:00:00,66.83
Switzerland,CHE,2024-04-15 17:00:00,2024-04-15 19:00:00,73.05
Switzerland,CHE,2024-04-15 18:00:00,2024-04-15 20:00:00,71.25
Switzerland,CHE,2024-04-15 19:00:00,2024-04-15 21:00:00,66.4
Switzerland,CHE,2024-04-15 20:00:00,2024-04-15 22:00:00,67.01
Switzerland,CHE,2024-04-15 21:00:00,2024-04-15 23:00:00,65.97
Switzerland,CHE,2024-04-15 22:00:00,2024-04-16 00:00:00,16.48
Switzerland,CHE,2024-04-15 23:00:00,2024-04-16 01:00:00,11.36
Switzerland,CHE,2024-04-16 00:00:00,2024-04-16 02:00:00,11.39
Switzerland,CHE,2024-04-16 01:00:00,2024-04-16 03:00:00,11.34
Switzerland,CHE,2024-04-16 02:00:00,2024-04-16 04:00:00,26.0
Switzerland,CHE,2024-04-16 03:00:00,2024-04-16 05:00:00,56.75
Switzerland,CHE,2024-04-16 04:00:00,2024-04-16 06:00:00,70.96
Switzerland,CHE,2024-04-16 05:00:00,2024-04-16 07:00:00,80.69
Switzerland,CHE,2024-04-16 06:00:00,2024-04-16 08:00:00,78.11
Switzerland,CHE,2024-04-16 07:00:00,2024-04-16 09:00:00,69.72
Switzerland,CHE,2024-04-16 08:00:00,2024-04-16 10:00:00,68.32
Switzerland,CHE,2024-04-16 09:00:00,2024-04-16 11:00:00,64.01
Switzerland,CHE,2024-04-16 10:00:00,2024-04-16 12:00:00,50.07
Switzerland,CHE,2024-04-16 11:00:00,2024-04-16 13:00:00,50.31
Switzerland,CHE,2024-04-16 12:00:00,2024-04-16 14:00:00,57.42
Switzerland,CHE,2024-04-16 13:00:00,2024-04-16 15:00:00,61.72
Switzerland,CHE,2024-04-16 14:00:00,2024-04-16 16:00:00,65.13
Switzerland,CHE,2024-04-16 15:00:00,2024-04-16 17:00:00,80.14
Switzerland,CHE,2024-04-16 16:00:00,2024-04-16 18:00:00,103.21
Switzerland,CHE,2024-04-16 17:00:00,2024-04-16 19:00:00,137.14
Switzerland,CHE,2024-04-16 18:00:00,2024-04-16 20:00:00,140.53
Switzerland,CHE,2024-04-16 19:00:00,2024-04-16 21:00:00,112.38
Switzerland,CHE,2024-04-16 20:00:00,2024-04-16 22:00:00,98.94
Switzerland,CHE,2024-04-16 21:00:00,2024-04-16 23:00:00,86.44
Switzerland,CHE,2024-04-16 22:00:00,2024-04-17 00:00:00,83.41
Switzerland,CHE,2024-04-16 23:00:00,2024-04-17 01:00:00,79.07
Switzerland,CHE,2024-04-17 00:00:00,2024-04-17 02:00:00,78.15
Switzerland,CHE,2024-04-17 01:00:00,2024-04-17 03:00:00,77.67
Switzerland,CHE,2024-04-17 02:00:00,2024-04-17 04:00:00,78.17
Switzerland,CHE,2024-04-17 03:00:00,2024-04-17 05:00:00,82.58
Switzerland,CHE,2024-04-17 04:00:00,2024-04-17 06:00:00,90.0
Switzerland,CHE,2024-04-17 05:00:00,2024-04-17 07:00:00,102.91
Switzerland,CHE,2024-04-17 06:00:00,2024-04-17 08:00:00,101.11
Switzerland,CHE,2024-04-17 07:00:00,2024-04-17 09:00:00,90.24
Switzerland,CHE,2024-04-17 08:00:00,2024-04-17 10:00:00,91.82
Switzerland,CHE,2024-04-17 09:00:00,2024-04-17 11:00:00,87.03
Switzerland,CHE,2024-04-17 10:00:00,2024-04-17 12:00:00,78.11
Switzerland,CHE,2024-04-17 11:00:00,2024-04-17 13:00:00,74.88
Switzerland,CHE,2024-04-17 12:00:00,2024-04-17 14:00:00,73.84
Switzerland,CHE,2024-04-17 13:00:00,2024-04-17 15:00:00,77.73
Switzerland,CHE,2024-04-17 14:00:00,2024-04-17 16:00:00,82.86
Switzerland,CHE,2024-04-17 15:00:00,2024-04-17 17:00:00,88.98
Switzerland,CHE,2024-04-17 16:00:00,2024-04-17 18:00:00,93.5
Switzerland,CHE,2024-04-17 17:00:00,2024-04-17 19:00:00,101.28
Switzerland,CHE,2024-04-17 18:00:00,2024-04-17 20:00:00,101.18
Switzerland,CHE,2024-04-17 19:00:00,2024-04-17 21:00:00,93.96
Switzerland,CHE,2024-04-17 20:00:00,2024-04-17 22:00:00,93.83
Switzerland,CHE,2024-04-17 21:00:00,2024-04-17 23:00:00,89.67
Switzerland,CHE,2024-04-17 22:00:00,2024-04-18 00:00:00,90.95
Switzerland,CHE,2024-04-17 23:00:00,2024-04-18 01:00:00,88.9
Switzerland,CHE,2024-04-18 00:00:00,2024-04-18 02:00:00,88.03
Switzerland,CHE,2024-04-18 01:00:00,2024-04-18 03:00:00,87.47
Switzerland,CHE,2024-04-18 02:00:00,2024-04-18 04:00:00,87.9
Switzerland,CHE,2024-04-18 03:00:00,2024-04-18 05:00:00,92.54
Switzerland,CHE,2024-04-18 04:00:00,2024-04-18 06:00:00,99.21
Switzerland,CHE,2024-04-18 05:00:00,2024-04-18 07:00:00,128.46
Switzerland,CHE,2024-04-18 06:00:00,2024-04-18 08:00:00,116.35
Switzerland,CHE,2024-04-18 07:00:00,2024-04-18 09:00:00,94.39
Switzerland,CHE,2024-04-18 08:00:00,2024-04-18 10:00:00,86.61
Switzerland,CHE,2024-04-18 09:00:00,2024-04-18 11:00:00,82.35
Switzerland,CHE,2024-04-18 10:00:00,2024-04-18 12:00:00,75.7
Switzerland,CHE,2024-04-18 11:00:00,2024-04-18 13:00:00,71.84
Switzerland,CHE,2024-04-18 12:00:00,2024-04-18 14:00:00,71.86
Switzerland,CHE,2024-04-18 13:00:00,2024-04-18 15:00:00,66.18
Switzerland,CHE,2024-04-18 14:00:00,2024-04-18 16:00:00,70.06
Switzerland,CHE,2024-04-18 15:00:00,2024-04-18 17:00:00,85.16
Switzerland,CHE,2024-04-18 16:00:00,2024-04-18 18:00:00,94.73
Switzerland,CHE,2024-04-18 17:00:00,2024-04-18 19:00:00,126.02
Switzerland,CHE,2024-04-18 18:00:00,2024-04-18 20:00:00,128.55
Switzerland,CHE,2024-04-18 19:00:00,2024-04-18 21:00:00,95.03
Switzerland,CHE,2024-04-18 20:00:00,2024-04-18 22:00:00,85.39
Switzerland,CHE,2024-04-18 21:00:00,2024-04-18 23:00:00,75.78
Switzerland,CHE,2024-04-18 22:00:00,2024-04-19 00:00:00,79.68
Switzerland,CHE,2024-04-18 23:00:00,2024-04-19 01:00:00,75.63
Switzerland,CHE,2024-04-19 00:00:00,2024-04-19 02:00:00,74.97
Switzerland,CHE,2024-04-19 01:00:00,2024-04-19 03:00:00,74.16
Switzerland,CHE,2024-04-19 02:00:00,2024-04-19 04:00:00,74.0
Switzerland,CHE,2024-04-19 03:00:00,2024-04-19 05:00:00,75.45
Switzerland,CHE,2024-04-19 04:00:00,2024-04-19 06:00:00,81.09
Switzerland,CHE,2024-04-19 05:00:00,2024-04-19 07:00:00,84.62
Switzerland,CHE,2024-04-19 06:00:00,2024-04-19 08:00:00,82.43
Switzerland,CHE,2024-04-19 07:00:00,2024-04-19 09:00:00,74.39
Switzerland,CHE,2024-04-19 08:00:00,2024-04-19 10:00:00,70.05
Switzerland,CHE,2024-04-19 09:00:00,2024-04-19 11:00:00,45.78
Switzerland,CHE,2024-04-19 10:00:00,2024-04-19 12:00:00,38.14
Switzerland,CHE,2024-04-19 11:00:00,2024-04-19 13:00:00,23.7
Switzerland,CHE,2024-04-19 12:00:00,2024-04-19 14:00:00,23.7
Switzerland,CHE,2024-04-19 13:00:00,2024-04-19 15:00:00,54.08
Switzerland,CHE,2024-04-19 14:00:00,2024-04-19 16:00:00,69.03
Switzerland,CHE,2024-04-19 15:00:00,2024-04-19 17:00:00,74.2
Switzerland,CHE,2024-04-19 16:00:00,2024-04-19 18:00:00,75.06
Switzerland,CHE,2024-04-19 17:00:00,2024-04-19 19:00:00,81.19
Switzerland,CHE,2024-04-19 18:00:00,2024-04-19 20:00:00,81.73
Switzerland,CHE,2024-04-19 19:00:00,2024-04-19 21:00:00,76.93
Switzerland,CHE,2024-04-19 20:00:00,2024-04-19 22:00:00,75.0
Switzerland,CHE,2024-04-19 21:00:00,2024-04-19 23:00:00,70.0
Switzerland,CHE,2024-04-19 22:00:00,2024-04-20 00:00:00,69.09
Switzerland,CHE,2024-04-19 23:00:00,2024-04-20 01:00:00,62.89
Switzerland,CHE,2024-04-20 00:00:00,2024-04-20 02:00:00,56.05
Switzerland,CHE,2024-04-20 01:00:00,2024-04-20 03:00:00,50.97
Switzerland,CHE,2024-04-20 02:00:00,2024-04-20 04:00:00,52.21
Switzerland,CHE,2024-04-20 03:00:00,2024-04-20 05:00:00,55.76
Switzerland,CHE,2024-04-20 04:00:00,2024-04-20 06:00:00,60.91
Switzerland,CHE,2024-04-20 05:00:00,2024-04-20 07:00:00,62.93
Switzerland,CHE,2024-04-20 06:00:00,2024-04-20 08:00:00,64.95
Switzerland,CHE,2024-04-20 07:00:00,2024-04-20 09:00:00,56.53
Switzerland,CHE,2024-04-20 08:00:00,2024-04-20 10:00:00,50.04
Switzerland,CHE,2024-04-20 09:00:00,2024-04-20 11:00:00,43.71
Switzerland,CHE,2024-04-20 10:00:00,2024-04-20 12:00:00,30.67
Switzerland,CHE,2024-04-20 11:00:00,2024-04-20 13:00:00,21.62
Switzerland,CHE,2024-04-20 12:00:00,2024-04-20 14:00:00,18.75
Switzerland,CHE,2024-04-20 13:00:00,2024-04-20 15:00:00,25.93
Switzerland,CHE,2024-04-20 14:00:00,2024-04-20 16:00:00,42.04
Switzerland,CHE,2024-04-20 15:00:00,2024-04-20 17:00:00,58.99
Switzerland,CHE,2024-04-20 16:00:00,2024-04-20 18:00:00,81.05
Switzerland,CHE,2024-04-20 17:00:00,2024-04-20 19:00:00,84.15
Switzerland,CHE,2024-04-20 18:00:00,2024-04-20 20:00:00,87.64
Switzerland,CHE,2024-04-20 19:00:00,2024-04-20 21:00:00,88.94
Switzerland,CHE,2024-04-20 20:00:00,2024-04-20 22:00:00,85.75
Switzerland,CHE,2024-04-20 21:00:00,2024-04-20 23:00:00,78.5
Switzerland,CHE,2024-04-20 22:00:00,2024-04-21 00:00:00,78.38
Switzerland,CHE,2024-04-20 23:00:00,2024-04-21 01:00:00,73.98
Switzerland,CHE,2024-04-21 00:00:00,2024-04-21 02:00:00,70.64
Switzerland,CHE,2024-04-21 01:00:00,2024-04-21 03:00:00,68.67
Switzerland,CHE,2024-04-21 02:00:00,2024-04-21 04:00:00,67.77
Switzerland,CHE,2024-04-21 03:00:00,2024-04-21 05:00:00,68.36
Switzerland,CHE,2024-04-21 04:00:00,2024-04-21 06:00:00,67.51
Switzerland,CHE,2024-04-21 05:00:00,2024-04-21 07:00:00,63.76
Switzerland,CHE,2024-04-21 06:00:00,2024-04-21 08:00:00,62.31
Switzerland,CHE,2024-04-21 07:00:00,2024-04-21 09:00:00,54.02
Switzerland,CHE,2024-04-21 08:00:00,2024-04-21 10:00:00,34.62
Switzerland,CHE,2024-04-21 09:00:00,2024-04-21 11:00:00,27.92
Switzerland,CHE,2024-04-21 10:00:00,2024-04-21 12:00:00,10.83
Switzerland,CHE,2024-04-21 11:00:00,2024-04-21 13:00:00,0.96
Switzerland,CHE,2024-04-21 12:00:00,2024-04-21 14:00:00,-1.43
Switzerland,CHE,2024-04-21 13:00:00,2024-04-21 15:00:00,1.03
Switzerland,CHE,2024-04-21 14:00:00,2024-04-21 16:00:00,14.19
Switzerland,CHE,2024-04-21 15:00:00,2024-04-21 17:00:00,51.94
Switzerland,CHE,2024-04-21 16:00:00,2024-04-21 18:00:00,72.12
Switzerland,CHE,2024-04-21 17:00:00,2024-04-21 19:00:00,86.9
Switzerland,CHE,2024-04-21 18:00:00,2024-04-21 20:00:00,90.04
Switzerland,CHE,2024-04-21 19:00:00,2024-04-21 21:00:00,88.91
Switzerland,CHE,2024-04-21 20:00:00,2024-04-21 22:00:00,85.96
Switzerland,CHE,2024-04-21 21:00:00,2024-04-21 23:00:00,82.41
Switzerland,CHE,2024-04-21 22:00:00,2024-04-22 00:00:00,74.84
Switzerland,CHE,2024-04-21 23:00:00,2024-04-22 01:00:00,73.68
Switzerland,CHE,2024-04-22 00:00:00,2024-04-22 02:00:00,73.38
Switzerland,CHE,2024-04-22 01:00:00,2024-04-22 03:00:00,73.19
Switzerland,CHE,2024-04-22 02:00:00,2024-04-22 04:00:00,75.42
Switzerland,CHE,2024-04-22 03:00:00,2024-04-22 05:00:00,82.47
Switzerland,CHE,2024-04-22 04:00:00,2024-04-22 06:00:00,98.08
Switzerland,CHE,2024-04-22 05:00:00,2024-04-22 07:00:00,106.95
Switzerland,CHE,2024-04-22 06:00:00,2024-04-22 08:00:00,104.34
Switzerland,CHE,2024-04-22 07:00:00,2024-04-22 09:00:00,88.32
Switzerland,CHE,2024-04-22 08:00:00,2024-04-22 10:00:00,82.3
Switzerland,CHE,2024-04-22 09:00:00,2024-04-22 11:00:00,80.22
Switzerland,CHE,2024-04-22 10:00:00,2024-04-22 12:00:00,75.66
Switzerland,CHE,2024-04-22 11:00:00,2024-04-22 13:00:00,73.62
Switzerland,CHE,2024-04-22 12:00:00,2024-04-22 14:00:00,72.78
Switzerland,CHE,2024-04-22 13:00:00,2024-04-22 15:00:00,73.31
Switzerland,CHE,2024-04-22 14:00:00,2024-04-22 16:00:00,77.49
Switzerland,CHE,2024-04-22 15:00:00,2024-04-22 17:00:00,82.5
Switzerland,CHE,2024-04-22 16:00:00,2024-04-22 18:00:00,103.13
Switzerland,CHE,2024-04-22 17:00:00,2024-04-22 19:00:00,102.93
Switzerland,CHE,2024-04-22 18:00:00,2024-04-22 20:00:00,104.49
Switzerland,CHE,2024-04-22 19:00:00,2024-04-22 21:00:00,103.02
Switzerland,CHE,2024-04-22 20:00:00,2024-04-22 22:00:00,95.45
Switzerland,CHE,2024-04-22 21:00:00,2024-04-22 23:00:00,85.7
Switzerland,CHE,2024-04-22 22:00:00,2024-04-23 00:00:00,87.8
Switzerland,CHE,2024-04-22 23:00:00,2024-04-23 01:00:00,86.06
Switzerland,CHE,2024-04-23 00:00:00,2024-04-23 02:00:00,85.3
Switzerland,CHE,2024-04-23 01:00:00,2024-04-23 03:00:00,85.51
Switzerland,CHE,2024-04-23 02:00:00,2024-04-23 04:00:00,85.58
Switzerland,CHE,2024-04-23 03:00:00,2024-04-23 05:00:00,89.96
Switzerland,CHE,2024-04-23 04:00:00,2024-04-23 06:00:00,108.75
Switzerland,CHE,2024-04-23 05:00:00,2024-04-23 07:00:00,148.77
Switzerland,CHE,2024-04-23 06:00:00,2024-04-23 08:00:00,132.17
Switzerland,CHE,2024-04-23 07:00:00,2024-04-23 09:00:00,100.07
Switzerland,CHE,2024-04-23 08:00:00,2024-04-23 10:00:00,83.45
Switzerland,CHE,2024-04-23 09:00:00,2024-04-23 11:00:00,80.01
Switzerland,CHE,2024-04-23 10:00:00,2024-04-23 12:00:00,79.97
Switzerland,CHE,2024-04-23 11:00:00,2024-04-23 13:00:00,79.94
Switzerland,CHE,2024-04-23 12:00:00,2024-04-23 14:00:00,78.74
Switzerland,CHE,2024-04-23 13:00:00,2024-04-23 15:00:00,79.98
Switzerland,CHE,2024-04-23 14:00:00,2024-04-23 16:00:00,83.49
Switzerland,CHE,2024-04-23 15:00:00,2024-04-23 17:00:00,91.18
Switzerland,CHE,2024-04-23 16:00:00,2024-04-23 18:00:00,104.81
Switzerland,CHE,2024-04-23 17:00:00,2024-04-23 19:00:00,106.98
Switzerland,CHE,2024-04-23 18:00:00,2024-04-23 20:00:00,107.0
Switzerland,CHE,2024-04-23 19:00:00,2024-04-23 21:00:00,106.18
Switzerland,CHE,2024-04-23 20:00:00,2024-04-23 22:00:00,93.01
Switzerland,CHE,2024-04-23 21:00:00,2024-04-23 23:00:00,85.81
Switzerland,CHE,2024-04-23 22:00:00,2024-04-24 00:00:00,78.73
Switzerland,CHE,2024-04-23 23:00:00,2024-04-24 01:00:00,75.78
Switzerland,CHE,2024-04-24 00:00:00,2024-04-24 02:00:00,75.79
Switzerland,CHE,2024-04-24 01:00:00,2024-04-24 03:00:00,75.96
Switzerland,CHE,2024-04-24 02:00:00,2024-04-24 04:00:00,75.95
Switzerland,CHE,2024-04-24 03:00:00,2024-04-24 05:00:00,80.1
Switzerland,CHE,2024-04-24 04:00:00,2024-04-24 06:00:00,95.74
Switzerland,CHE,2024-04-24 05:00:00,2024-04-24 07:00:00,114.26
Switzerland,CHE,2024-04-24 06:00:00,2024-04-24 08:00:00,103.46
Switzerland,CHE,2024-04-24 07:00:00,2024-04-24 09:00:00,91.09
Switzerland,CHE,2024-04-24 08:00:00,2024-04-24 10:00:00,80.13
Switzerland,CHE,2024-04-24 09:00:00,2024-04-24 11:00:00,77.73
Switzerland,CHE,2024-04-24 10:00:00,2024-04-24 12:00:00,72.27
Switzerland,CHE,2024-04-24 11:00:00,2024-04-24 13:00:00,72.05
Switzerland,CHE,2024-04-24 12:00:00,2024-04-24 14:00:00,70.42
Switzerland,CHE,2024-04-24 13:00:00,2024-04-24 15:00:00,73.93
Switzerland,CHE,2024-04-24 14:00:00,2024-04-24 16:00:00,77.0
Switzerland,CHE,2024-04-24 15:00:00,2024-04-24 17:00:00,84.95
Switzerland,CHE,2024-04-24 16:00:00,2024-04-24 18:00:00,94.17
Switzerland,CHE,2024-04-24 17:00:00,2024-04-24 19:00:00,97.06
Switzerland,CHE,2024-04-24 18:00:00,2024-04-24 20:00:00,98.21
Switzerland,CHE,2024-04-24 19:00:00,2024-04-24 21:00:00,104.49
Switzerland,CHE,2024-04-24 20:00:00,2024-04-24 22:00:00,94.06
Switzerland,CHE,2024-04-24 21:00:00,2024-04-24 23:00:00,85.17
Switzerland,CHE,2024-04-24 22:00:00,2024-04-25 00:00:00,84.48
Switzerland,CHE,2024-04-24 23:00:00,2024-04-25 01:00:00,83.69
Switzerland,CHE,2024-04-25 00:00:00,2024-04-25 02:00:00,80.45
Switzerland,CHE,2024-04-25 01:00:00,2024-04-25 03:00:00,77.08
Switzerland,CHE,2024-04-25 02:00:00,2024-04-25 04:00:00,76.95
Switzerland,CHE,2024-04-25 03:00:00,2024-04-25 05:00:00,85.09
Switzerland,CHE,2024-04-25 04:00:00,2024-04-25 06:00:00,92.72
Switzerland,CHE,2024-04-25 05:00:00,2024-04-25 07:00:00,113.02
Switzerland,CHE,2024-04-25 06:00:00,2024-04-25 08:00:00,112.14
Switzerland,CHE,2024-04-25 07:00:00,2024-04-25 09:00:00,93.94
Switzerland,CHE,2024-04-25 08:00:00,2024-04-25 10:00:00,86.05
Switzerland,CHE,2024-04-25 09:00:00,2024-04-25 11:00:00,82.1
Switzerland,CHE,2024-04-25 10:00:00,2024-04-25 12:00:00,77.34
Switzerland,CHE,2024-04-25 11:00:00,2024-04-25 13:00:00,73.13
Switzerland,CHE,2024-04-25 12:00:00,2024-04-25 14:00:00,71.91
Switzerland,CHE,2024-04-25 13:00:00,2024-04-25 15:00:00,73.39
Switzerland,CHE,2024-04-25 14:00:00,2024-04-25 16:00:00,78.73
Switzerland,CHE,2024-04-25 15:00:00,2024-04-25 17:00:00,85.06
Switzerland,CHE,2024-04-25 16:00:00,2024-04-25 18:00:00,88.21
Switzerland,CHE,2024-04-25 17:00:00,2024-04-25 19:00:00,88.56
Switzerland,CHE,2024-04-25 18:00:00,2024-04-25 20:00:00,88.41
Switzerland,CHE,2024-04-25 19:00:00,2024-04-25 21:00:00,89.58
Switzerland,CHE,2024-04-25 20:00:00,2024-04-25 22:00:00,91.24
Switzerland,CHE,2024-04-25 21:00:00,2024-04-25 23:00:00,82.42
Switzerland,CHE,2024-04-25 22:00:00,2024-04-26 00:00:00,76.32
Switzerland,CHE,2024-04-25 23:00:00,2024-04-26 01:00:00,75.02
Switzerland,CHE,2024-04-26 00:00:00,2024-04-26 02:00:00,74.29
Switzerland,CHE,2024-04-26 01:00:00,2024-04-26 03:00:00,72.94
Switzerland,CHE,2024-04-26 02:00:00,2024-04-26 04:00:00,75.09
Switzerland,CHE,2024-04-26 03:00:00,2024-04-26 05:00:00,80.72
Switzerland,CHE,2024-04-26 04:00:00,2024-04-26 06:00:00,93.24
Switzerland,CHE,2024-04-26 05:00:00,2024-04-26 07:00:00,99.85
Switzerland,CHE,2024-04-26 06:00:00,2024-04-26 08:00:00,95.08
Switzerland,CHE,2024-04-26 07:00:00,2024-04-26 09:00:00,81.05
Switzerland,CHE,2024-04-26 08:00:00,2024-04-26 10:00:00,72.7
Switzerland,CHE,2024-04-26 09:00:00,2024-04-26 11:00:00,68.84
Switzerland,CHE,2024-04-26 10:00:00,2024-04-26 12:00:00,66.23
Switzerland,CHE,2024-04-26 11:00:00,2024-04-26 13:00:00,63.99
Switzerland,CHE,2024-04-26 12:00:00,2024-04-26 14:00:00,64.18
Switzerland,CHE,2024-04-26 13:00:00,2024-04-26 15:00:00,65.69
Switzerland,CHE,2024-04-26 14:00:00,2024-04-26 16:00:00,70.07
Switzerland,CHE,2024-04-26 15:00:00,2024-04-26 17:00:00,79.97
Switzerland,CHE,2024-04-26 16:00:00,2024-04-26 18:00:00,90.21
Switzerland,CHE,2024-04-26 17:00:00,2024-04-26 19:00:00,93.23
Switzerland,CHE,2024-04-26 18:00:00,2024-04-26 20:00:00,94.17
Switzerland,CHE,2024-04-26 19:00:00,2024-04-26 21:00:00,97.89
Switzerland,CHE,2024-04-26 20:00:00,2024-04-26 22:00:00,88.75
Switzerland,CHE,2024-04-26 21:00:00,2024-04-26 23:00:00,81.35
Switzerland,CHE,2024-04-26 22:00:00,2024-04-27 00:00:00,85.48
Switzerland,CHE,2024-04-26 23:00:00,2024-04-27 01:00:00,80.68
Switzerland,CHE,2024-04-27 00:00:00,2024-04-27 02:00:00,80.33
Switzerland,CHE,2024-04-27 01:00:00,2024-04-27 03:00:00,79.48
Switzerland,CHE,2024-04-27 02:00:00,2024-04-27 04:00:00,79.52
Switzerland,CHE,2024-04-27 03:00:00,2024-04-27 05:00:00,79.94
Switzerland,CHE,2024-04-27 04:00:00,2024-04-27 06:00:00,78.76
Switzerland,CHE,2024-04-27 05:00:00,2024-04-27 07:00:00,76.7
Switzerland,CHE,2024-04-27 06:00:00,2024-04-27 08:00:00,66.82
Switzerland,CHE,2024-04-27 07:00:00,2024-04-27 09:00:00,57.74
Switzerland,CHE,2024-04-27 08:00:00,2024-04-27 10:00:00,34.68
Switzerland,CHE,2024-04-27 09:00:00,2024-04-27 11:00:00,16.4
Switzerland,CHE,2024-04-27 10:00:00,2024-04-27 12:00:00,3.87
Switzerland,CHE,2024-04-27 11:00:00,2024-04-27 13:00:00,-2.16
Switzerland,CHE,2024-04-27 12:00:00,2024-04-27 14:00:00,-2.62
Switzerland,CHE,2024-04-27 13:00:00,2024-04-27 15:00:00,-0.93
Switzerland,CHE,2024-04-27 14:00:00,2024-04-27 16:00:00,16.99
Switzerland,CHE,2024-04-27 15:00:00,2024-04-27 17:00:00,56.08
Switzerland,CHE,2024-04-27 16:00:00,2024-04-27 18:00:00,77.01
Switzerland,CHE,2024-04-27 17:00:00,2024-04-27 19:00:00,85.01
Switzerland,CHE,2024-04-27 18:00:00,2024-04-27 20:00:00,87.76
Switzerland,CHE,2024-04-27 19:00:00,2024-04-27 21:00:00,83.6
Switzerland,CHE,2024-04-27 20:00:00,2024-04-27 22:00:00,75.68
Switzerland,CHE,2024-04-27 21:00:00,2024-04-27 23:00:00,67.01
Switzerland,CHE,2024-04-27 22:00:00,2024-04-28 00:00:00,54.52
Switzerland,CHE,2024-04-27 23:00:00,2024-04-28 01:00:00,53.79
Switzerland,CHE,2024-04-28 00:00:00,2024-04-28 02:00:00,52.54
Switzerland,CHE,2024-04-28 01:00:00,2024-04-28 03:00:00,38.22
Switzerland,CHE,2024-04-28 02:00:00,2024-04-28 04:00:00,32.08
Switzerland,CHE,2024-04-28 03:00:00,2024-04-28 05:00:00,32.0
Switzerland,CHE,2024-04-28 04:00:00,2024-04-28 06:00:00,23.34
Switzerland,CHE,2024-04-28 05:00:00,2024-04-28 07:00:00,9.06
Switzerland,CHE,2024-04-28 06:00:00,2024-04-28 08:00:00,-2.52
Switzerland,CHE,2024-04-28 07:00:00,2024-04-28 09:00:00,-4.03
Switzerland,CHE,2024-04-28 08:00:00,2024-04-28 10:00:00,-5.85
Switzerland,CHE,2024-04-28 09:00:00,2024-04-28 11:00:00,-10.84
Switzerland,CHE,2024-04-28 10:00:00,2024-04-28 12:00:00,-10.37
Switzerland,CHE,2024-04-28 11:00:00,2024-04-28 13:00:00,-42.98
Switzerland,CHE,2024-04-28 12:00:00,2024-04-28 14:00:00,-52.0
Switzerland,CHE,2024-04-28 13:00:00,2024-04-28 15:00:00,-33.24
Switzerland,CHE,2024-04-28 14:00:00,2024-04-28 16:00:00,-5.74
Switzerland,CHE,2024-04-28 15:00:00,2024-04-28 17:00:00,1.66
Switzerland,CHE,2024-04-28 16:00:00,2024-04-28 18:00:00,50.55
Switzerland,CHE,2024-04-28 17:00:00,2024-04-28 19:00:00,72.76
Switzerland,CHE,2024-04-28 18:00:00,2024-04-28 20:00:00,82.26
Switzerland,CHE,2024-04-28 19:00:00,2024-04-28 21:00:00,79.51
Switzerland,CHE,2024-04-28 20:00:00,2024-04-28 22:00:00,75.1
Switzerland,CHE,2024-04-28 21:00:00,2024-04-28 23:00:00,72.01
Switzerland,CHE,2024-04-28 22:00:00,2024-04-29 00:00:00,66.42
Switzerland,CHE,2024-04-28 23:00:00,2024-04-29 01:00:00,63.98
Switzerland,CHE,2024-04-29 00:00:00,2024-04-29 02:00:00,68.29
Switzerland,CHE,2024-04-29 01:00:00,2024-04-29 03:00:00,68.3
Switzerland,CHE,2024-04-29 02:00:00,2024-04-29 04:00:00,74.1
Switzerland,CHE,2024-04-29 03:00:00,2024-04-29 05:00:00,82.13
Switzerland,CHE,2024-04-29 04:00:00,2024-04-29 06:00:00,98.18
Switzerland,CHE,2024-04-29 05:00:00,2024-04-29 07:00:00,116.53
Switzerland,CHE,2024-04-29 06:00:00,2024-04-29 08:00:00,102.8
Switzerland,CHE,2024-04-29 07:00:00,2024-04-29 09:00:00,81.95
Switzerland,CHE,2024-04-29 08:00:00,2024-04-29 10:00:00,62.1
Switzerland,CHE,2024-04-29 09:00:00,2024-04-29 11:00:00,54.52
Switzerland,CHE,2024-04-29 10:00:00,2024-04-29 12:00:00,46.52
Switzerland,CHE,2024-04-29 11:00:00,2024-04-29 13:00:00,43.97
Switzerland,CHE,2024-04-29 12:00:00,2024-04-29 14:00:00,44.81
Switzerland,CHE,2024-04-29 13:00:00,2024-04-29 15:00:00,56.04
Switzerland,CHE,2024-04-29 14:00:00,2024-04-29 16:00:00,68.13
Switzerland,CHE,2024-04-29 15:00:00,2024-04-29 17:00:00,80.01
Switzerland,CHE,2024-04-29 16:00:00,2024-04-29 18:00:00,94.8
Switzerland,CHE,2024-04-29 17:00:00,2024-04-29 19:00:00,131.1
Switzerland,CHE,2024-04-29 18:00:00,2024-04-29 20:00:00,140.27
Switzerland,CHE,2024-04-29 19:00:00,2024-04-29 21:00:00,102.67
Switzerland,CHE,2024-04-29 20:00:00,2024-04-29 22:00:00,85.38
Switzerland,CHE,2024-04-29 21:00:00,2024-04-29 23:00:00,78.02
Switzerland,CHE,2024-04-29 22:00:00,2024-04-30 00:00:00,76.92
Switzerland,CHE,2024-04-29 23:00:00,2024-04-30 01:00:00,72.08
Switzerland,CHE,2024-04-30 00:00:00,2024-04-30 02:00:00,70.29
Switzerland,CHE,2024-04-30 01:00:00,2024-04-30 03:00:00,71.41
Switzerland,CHE,2024-04-30 02:00:00,2024-04-30 04:00:00,72.96
Switzerland,CHE,2024-04-30 03:00:00,2024-04-30 05:00:00,77.92
Switzerland,CHE,2024-04-30 04:00:00,2024-04-30 06:00:00,90.19
Switzerland,CHE,2024-04-30 05:00:00,2024-04-30 07:00:00,98.0
Switzerland,CHE,2024-04-30 06:00:00,2024-04-30 08:00:00,87.05
Switzerland,CHE,2024-04-30 07:00:00,2024-04-30 09:00:00,73.29
Switzerland,CHE,2024-04-30 08:00:00,2024-04-30 10:00:00,56.45
Switzerland,CHE,2024-04-30 09:00:00,2024-04-30 11:00:00,46.95
Switzerland,CHE,2024-04-30 10:00:00,2024-04-30 12:00:00,24.48
Switzerland,CHE,2024-04-30 11:00:00,2024-04-30 13:00:00,14.06
Switzerland,CHE,2024-04-30 12:00:00,2024-04-30 14:00:00,20.06
Switzerland,CHE,2024-04-30 13:00:00,2024-04-30 15:00:00,29.57
Switzerland,CHE,2024-04-30 14:00:00,2024-04-30 16:00:00,46.95
Switzerland,CHE,2024-04-30 15:00:00,2024-04-30 17:00:00,73.05
Switzerland,CHE,2024-04-30 16:00:00,2024-04-30 18:00:00,82.34
Switzerland,CHE,2024-04-30 17:00:00,2024-04-30 19:00:00,104.2
Switzerland,CHE,2024-04-30 18:00:00,2024-04-30 20:00:00,105.83
Switzerland,CHE,2024-04-30 19:00:00,2024-04-30 21:00:00,88.81
Switzerland,CHE,2024-04-30 20:00:00,2024-04-30 22:00:00,78.03
Switzerland,CHE,2024-04-30 21:00:00,2024-04-30 23:00:00,71.07
Switzerland,CHE,2024-04-30 22:00:00,2024-05-01 00:00:00,57.37
Switzerland,CHE,2024-04-30 23:00:00,2024-05-01 01:00:00,53.04
Switzerland,CHE,2024-05-01 00:00:00,2024-05-01 02:00:00,50.25
Switzerland,CHE,2024-05-01 01:00:00,2024-05-01 03:00:00,47.07
Switzerland,CHE,2024-05-01 02:00:00,2024-05-01 04:00:00,46.55
Switzerland,CHE,2024-05-01 03:00:00,2024-05-01 05:00:00,46.21
Switzerland,CHE,2024-05-01 04:00:00,2024-05-01 06:00:00,44.15
Switzerland,CHE,2024-05-01 05:00:00,2024-05-01 07:00:00,36.7
Switzerland,CHE,2024-05-01 06:00:00,2024-05-01 08:00:00,29.08
Switzerland,CHE,2024-05-01 07:00:00,2024-05-01 09:00:00,20.67
Switzerland,CHE,2024-05-01 08:00:00,2024-05-01 10:00:00,18.85
Switzerland,CHE,2024-05-01 09:00:00,2024-05-01 11:00:00,5.52
Switzerland,CHE,2024-05-01 10:00:00,2024-05-01 12:00:00,8.09
Switzerland,CHE,2024-05-01 11:00:00,2024-05-01 13:00:00,9.45
Switzerland,CHE,2024-05-01 12:00:00,2024-05-01 14:00:00,4.66
Switzerland,CHE,2024-05-01 13:00:00,2024-05-01 15:00:00,5.05
Switzerland,CHE,2024-05-01 14:00:00,2024-05-01 16:00:00,3.37
Switzerland,CHE,2024-05-01 15:00:00,2024-05-01 17:00:00,1.94
Switzerland,CHE,2024-05-01 16:00:00,2024-05-01 18:00:00,24.68
Switzerland,CHE,2024-05-01 17:00:00,2024-05-01 19:00:00,50.08
Switzerland,CHE,2024-05-01 18:00:00,2024-05-01 20:00:00,51.97
Switzerland,CHE,2024-05-01 19:00:00,2024-05-01 21:00:00,52.47
Switzerland,CHE,2024-05-01 20:00:00,2024-05-01 22:00:00,42.28
Switzerland,CHE,2024-05-01 21:00:00,2024-05-01 23:00:00,29.98
Switzerland,CHE,2024-05-01 22:00:00,2024-05-02 00:00:00,32.82
Switzerland,CHE,2024-05-01 23:00:00,2024-05-02 01:00:00,16.32
Switzerland,CHE,2024-05-02 00:00:00,2024-05-02 02:00:00,14.25
Switzerland,CHE,2024-05-02 01:00:00,2024-05-02 03:00:00,13.18
Switzerland,CHE,2024-05-02 02:00:00,2024-05-02 04:00:00,16.43
Switzerland,CHE,2024-05-02 03:00:00,2024-05-02 05:00:00,34.9
Switzerland,CHE,2024-05-02 04:00:00,2024-05-02 06:00:00,61.74
Switzerland,CHE,2024-05-02 05:00:00,2024-05-02 07:00:00,72.54
Switzerland,CHE,2024-05-02 06:00:00,2024-05-02 08:00:00,63.17
Switzerland,CHE,2024-05-02 07:00:00,2024-05-02 09:00:00,54.33
Switzerland,CHE,2024-05-02 08:00:00,2024-05-02 10:00:00,53.89
Switzerland,CHE,2024-05-02 09:00:00,2024-05-02 11:00:00,57.17
Switzerland,CHE,2024-05-02 10:00:00,2024-05-02 12:00:00,58.84
Switzerland,CHE,2024-05-02 11:00:00,2024-05-02 13:00:00,54.66
Switzerland,CHE,2024-05-02 12:00:00,2024-05-02 14:00:00,50.64
Switzerland,CHE,2024-05-02 13:00:00,2024-05-02 15:00:00,59.25
Switzerland,CHE,2024-05-02 14:00:00,2024-05-02 16:00:00,55.05
Switzerland,CHE,2024-05-02 15:00:00,2024-05-02 17:00:00,58.62
Switzerland,CHE,2024-05-02 16:00:00,2024-05-02 18:00:00,73.75
Switzerland,CHE,2024-05-02 17:00:00,2024-05-02 19:00:00,85.11
Switzerland,CHE,2024-05-02 18:00:00,2024-05-02 20:00:00,85.14
Switzerland,CHE,2024-05-02 19:00:00,2024-05-02 21:00:00,75.1
Switzerland,CHE,2024-05-02 20:00:00,2024-05-02 22:00:00,68.28
Switzerland,CHE,2024-05-02 21:00:00,2024-05-02 23:00:00,60.97
Switzerland,CHE,2024-05-02 22:00:00,2024-05-03 00:00:00,57.54
Switzerland,CHE,2024-05-02 23:00:00,2024-05-03 01:00:00,55.08
Switzerland,CHE,2024-05-03 00:00:00,2024-05-03 02:00:00,52.19
Switzerland,CHE,2024-05-03 01:00:00,2024-05-03 03:00:00,52.11
Switzerland,CHE,2024-05-03 02:00:00,2024-05-03 04:00:00,51.45
Switzerland,CHE,2024-05-03 03:00:00,2024-05-03 05:00:00,59.57
Switzerland,CHE,2024-05-03 04:00:00,2024-05-03 06:00:00,77.59
Switzerland,CHE,2024-05-03 05:00:00,2024-05-03 07:00:00,84.58
Switzerland,CHE,2024-05-03 06:00:00,2024-05-03 08:00:00,81.09
Switzerland,CHE,2024-05-03 07:00:00,2024-05-03 09:00:00,75.04
Switzerland,CHE,2024-05-03 08:00:00,2024-05-03 10:00:00,69.69
Switzerland,CHE,2024-05-03 09:00:00,2024-05-03 11:00:00,60.38
Switzerland,CHE,2024-05-03 10:00:00,2024-05-03 12:00:00,58.45
Switzerland,CHE,2024-05-03 11:00:00,2024-05-03 13:00:00,56.37
Switzerland,CHE,2024-05-03 12:00:00,2024-05-03 14:00:00,51.04
Switzerland,CHE,2024-05-03 13:00:00,2024-05-03 15:00:00,55.47
Switzerland,CHE,2024-05-03 14:00:00,2024-05-03 16:00:00,59.24
Switzerland,CHE,2024-05-03 15:00:00,2024-05-03 17:00:00,71.87
Switzerland,CHE,2024-05-03 16:00:00,2024-05-03 18:00:00,79.86
Switzerland,CHE,2024-05-03 17:00:00,2024-05-03 19:00:00,90.97
Switzerland,CHE,2024-05-03 18:00:00,2024-05-03 20:00:00,95.09
Switzerland,CHE,2024-05-03 19:00:00,2024-05-03 21:00:00,85.77
Switzerland,CHE,2024-05-03 20:00:00,2024-05-03 22:00:00,79.27
Switzerland,CHE,2024-05-03 21:00:00,2024-05-03 23:00:00,76.1
Switzerland,CHE,2024-05-03 22:00:00,2024-05-04 00:00:00,82.63
Switzerland,CHE,2024-05-03 23:00:00,2024-05-04 01:00:00,79.85
Switzerland,CHE,2024-05-04 00:00:00,2024-05-04 02:00:00,79.54
Switzerland,CHE,2024-05-04 01:00:00,2024-05-04 03:00:00,79.42
Switzerland,CHE,2024-05-04 02:00:00,2024-05-04 04:00:00,79.81
Switzerland,CHE,2024-05-04 03:00:00,2024-05-04 05:00:00,79.91
Switzerland,CHE,2024-05-04 04:00:00,2024-05-04 06:00:00,81.01
Switzerland,CHE,2024-05-04 05:00:00,2024-05-04 07:00:00,81.25
Switzerland,CHE,2024-05-04 06:00:00,2024-05-04 08:00:00,77.7
Switzerland,CHE,2024-05-04 07:00:00,2024-05-04 09:00:00,62.28
Switzerland,CHE,2024-05-04 08:00:00,2024-05-04 10:00:00,55.1
Switzerland,CHE,2024-05-04 09:00:00,2024-05-04 11:00:00,36.32
Switzerland,CHE,2024-05-04 10:00:00,2024-05-04 12:00:00,27.71
Switzerland,CHE,2024-05-04 11:00:00,2024-05-04 13:00:00,18.21
Switzerland,CHE,2024-05-04 12:00:00,2024-05-04 14:00:00,19.21
Switzerland,CHE,2024-05-04 13:00:00,2024-05-04 15:00:00,36.27
Switzerland,CHE,2024-05-04 14:00:00,2024-05-04 16:00:00,59.76
Switzerland,CHE,2024-05-04 15:00:00,2024-05-04 17:00:00,76.98
Switzerland,CHE,2024-05-04 16:00:00,2024-05-04 18:00:00,89.16
Switzerland,CHE,2024-05-04 17:00:00,2024-05-04 19:00:00,105.81
Switzerland,CHE,2024-05-04 18:00:00,2024-05-04 20:00:00,111.22
Switzerland,CHE,2024-05-04 19:00:00,2024-05-04 21:00:00,92.92
Switzerland,CHE,2024-05-04 20:00:00,2024-05-04 22:00:00,85.71
Switzerland,CHE,2024-05-04 21:00:00,2024-05-04 23:00:00,79.08
Switzerland,CHE,2024-05-04 22:00:00,2024-05-05 00:00:00,80.04
Switzerland,CHE,2024-05-04 23:00:00,2024-05-05 01:00:00,72.55
Switzerland,CHE,2024-05-05 00:00:00,2024-05-05 02:00:00,69.14
Switzerland,CHE,2024-05-05 01:00:00,2024-05-05 03:00:00,63.34
Switzerland,CHE,2024-05-05 02:00:00,2024-05-05 04:00:00,62.5
Switzerland,CHE,2024-05-05 03:00:00,2024-05-05 05:00:00,61.7
Switzerland,CHE,2024-05-05 04:00:00,2024-05-05 06:00:00,61.05
Switzerland,CHE,2024-05-05 05:00:00,2024-05-05 07:00:00,52.47
Switzerland,CHE,2024-05-05 06:00:00,2024-05-05 08:00:00,37.1
Switzerland,CHE,2024-05-05 07:00:00,2024-05-05 09:00:00,27.39
Switzerland,CHE,2024-05-05 08:00:00,2024-05-05 10:00:00,13.92
Switzerland,CHE,2024-05-05 09:00:00,2024-05-05 11:00:00,5.0
Switzerland,CHE,2024-05-05 10:00:00,2024-05-05 12:00:00,0.45
Switzerland,CHE,2024-05-05 11:00:00,2024-05-05 13:00:00,-5.75
Switzerland,CHE,2024-05-05 12:00:00,2024-05-05 14:00:00,-11.94
Switzerland,CHE,2024-05-05 13:00:00,2024-05-05 15:00:00,-6.33
Switzerland,CHE,2024-05-05 14:00:00,2024-05-05 16:00:00,-0.49
Switzerland,CHE,2024-05-05 15:00:00,2024-05-05 17:00:00,25.98
Switzerland,CHE,2024-05-05 16:00:00,2024-05-05 18:00:00,74.22
Switzerland,CHE,2024-05-05 17:00:00,2024-05-05 19:00:00,91.37
Switzerland,CHE,2024-05-05 18:00:00,2024-05-05 20:00:00,98.78
Switzerland,CHE,2024-05-05 19:00:00,2024-05-05 21:00:00,97.4
Switzerland,CHE,2024-05-05 20:00:00,2024-05-05 22:00:00,91.59
Switzerland,CHE,2024-05-05 21:00:00,2024-05-05 23:00:00,86.63
Switzerland,CHE,2024-05-05 22:00:00,2024-05-06 00:00:00,80.92
Switzerland,CHE,2024-05-05 23:00:00,2024-05-06 01:00:00,79.53
Switzerland,CHE,2024-05-06 00:00:00,2024-05-06 02:00:00,79.15
Switzerland,CHE,2024-05-06 01:00:00,2024-05-06 03:00:00,78.69
Switzerland,CHE,2024-05-06 02:00:00,2024-05-06 04:00:00,80.96
Switzerland,CHE,2024-05-06 03:00:00,2024-05-06 05:00:00,86.85
Switzerland,CHE,2024-05-06 04:00:00,2024-05-06 06:00:00,98.86
Switzerland,CHE,2024-05-06 05:00:00,2024-05-06 07:00:00,116.24
Switzerland,CHE,2024-05-06 06:00:00,2024-05-06 08:00:00,100.43
Switzerland,CHE,2024-05-06 07:00:00,2024-05-06 09:00:00,93.04
Switzerland,CHE,2024-05-06 08:00:00,2024-05-06 10:00:00,84.02
Switzerland,CHE,2024-05-06 09:00:00,2024-05-06 11:00:00,84.02
Switzerland,CHE,2024-05-06 10:00:00,2024-05-06 12:00:00,80.09
Switzerland,CHE,2024-05-06 11:00:00,2024-05-06 13:00:00,81.01
Switzerland,CHE,2024-05-06 12:00:00,2024-05-06 14:00:00,80.38
Switzerland,CHE,2024-05-06 13:00:00,2024-05-06 15:00:00,84.36
Switzerland,CHE,2024-05-06 14:00:00,2024-05-06 16:00:00,88.23
Switzerland,CHE,2024-05-06 15:00:00,2024-05-06 17:00:00,92.52
Switzerland,CHE,2024-05-06 16:00:00,2024-05-06 18:00:00,101.33
Switzerland,CHE,2024-05-06 17:00:00,2024-05-06 19:00:00,125.18
Switzerland,CHE,2024-05-06 18:00:00,2024-05-06 20:00:00,130.28
Switzerland,CHE,2024-05-06 19:00:00,2024-05-06 21:00:00,103.86
Switzerland,CHE,2024-05-06 20:00:00,2024-05-06 22:00:00,97.03
Switzerland,CHE,2024-05-06 21:00:00,2024-05-06 23:00:00,85.83
Switzerland,CHE,2024-05-06 22:00:00,2024-05-07 00:00:00,81.85
Switzerland,CHE,2024-05-06 23:00:00,2024-05-07 01:00:00,78.48
Switzerland,CHE,2024-05-07 00:00:00,2024-05-07 02:00:00,79.0
Switzerland,CHE,2024-05-07 01:00:00,2024-05-07 03:00:00,80.34
Switzerland,CHE,2024-05-07 02:00:00,2024-05-07 04:00:00,80.8
Switzerland,CHE,2024-05-07 03:00:00,2024-05-07 05:00:00,85.37
Switzerland,CHE,2024-05-07 04:00:00,2024-05-07 06:00:00,102.89
Switzerland,CHE,2024-05-07 05:00:00,2024-05-07 07:00:00,126.41
Switzerland,CHE,2024-05-07 06:00:00,2024-05-07 08:00:00,112.43
Switzerland,CHE,2024-05-07 07:00:00,2024-05-07 09:00:00,91.31
Switzerland,CHE,2024-05-07 08:00:00,2024-05-07 10:00:00,82.62
Switzerland,CHE,2024-05-07 09:00:00,2024-05-07 11:00:00,80.01
Switzerland,CHE,2024-05-07 10:00:00,2024-05-07 12:00:00,76.99
Switzerland,CHE,2024-05-07 11:00:00,2024-05-07 13:00:00,79.13
Switzerland,CHE,2024-05-07 12:00:00,2024-05-07 14:00:00,74.54
Switzerland,CHE,2024-05-07 13:00:00,2024-05-07 15:00:00,77.47
Switzerland,CHE,2024-05-07 14:00:00,2024-05-07 16:00:00,81.19
Switzerland,CHE,2024-05-07 15:00:00,2024-05-07 17:00:00,88.18
Switzerland,CHE,2024-05-07 16:00:00,2024-05-07 18:00:00,106.96
Switzerland,CHE,2024-05-07 17:00:00,2024-05-07 19:00:00,133.34
Switzerland,CHE,2024-05-07 18:00:00,2024-05-07 20:00:00,137.83
Switzerland,CHE,2024-05-07 19:00:00,2024-05-07 21:00:00,107.32
Switzerland,CHE,2024-05-07 20:00:00,2024-05-07 22:00:00,94.2
Switzerland,CHE,2024-05-07 21:00:00,2024-05-07 23:00:00,85.33
Switzerland,CHE,2024-05-07 22:00:00,2024-05-08 00:00:00,83.55
Switzerland,CHE,2024-05-07 23:00:00,2024-05-08 01:00:00,81.02
Switzerland,CHE,2024-05-08 00:00:00,2024-05-08 02:00:00,82.22
Switzerland,CHE,2024-05-08 01:00:00,2024-05-08 03:00:00,83.29
Switzerland,CHE,2024-05-08 02:00:00,2024-05-08 04:00:00,81.52
Switzerland,CHE,2024-05-08 03:00:00,2024-05-08 05:00:00,85.43
Switzerland,CHE,2024-05-08 04:00:00,2024-05-08 06:00:00,98.51
Switzerland,CHE,2024-05-08 05:00:00,2024-05-08 07:00:00,111.07
Switzerland,CHE,2024-05-08 06:00:00,2024-05-08 08:00:00,108.79
Switzerland,CHE,2024-05-08 07:00:00,2024-05-08 09:00:00,89.86
Switzerland,CHE,2024-05-08 08:00:00,2024-05-08 10:00:00,84.69
Switzerland,CHE,2024-05-08 09:00:00,2024-05-08 11:00:00,81.11
Switzerland,CHE,2024-05-08 10:00:00,2024-05-08 12:00:00,72.93
Switzerland,CHE,2024-05-08 11:00:00,2024-05-08 13:00:00,68.31
Switzerland,CHE,2024-05-08 12:00:00,2024-05-08 14:00:00,66.36
Switzerland,CHE,2024-05-08 13:00:00,2024-05-08 15:00:00,69.24
Switzerland,CHE,2024-05-08 14:00:00,2024-05-08 16:00:00,75.21
Switzerland,CHE,2024-05-08 15:00:00,2024-05-08 17:00:00,85.97
Switzerland,CHE,2024-05-08 16:00:00,2024-05-08 18:00:00,98.17
Switzerland,CHE,2024-05-08 17:00:00,2024-05-08 19:00:00,100.03
Switzerland,CHE,2024-05-08 18:00:00,2024-05-08 20:00:00,103.01
Switzerland,CHE,2024-05-08 19:00:00,2024-05-08 21:00:00,98.91
Switzerland,CHE,2024-05-08 20:00:00,2024-05-08 22:00:00,94.67
Switzerland,CHE,2024-05-08 21:00:00,2024-05-08 23:00:00,85.38
Switzerland,CHE,2024-05-08 22:00:00,2024-05-09 00:00:00,84.95
Switzerland,CHE,2024-05-08 23:00:00,2024-05-09 01:00:00,82.67
Switzerland,CHE,2024-05-09 00:00:00,2024-05-09 02:00:00,81.63
Switzerland,CHE,2024-05-09 01:00:00,2024-05-09 03:00:00,81.9
Switzerland,CHE,2024-05-09 02:00:00,2024-05-09 04:00:00,82.81
Switzerland,CHE,2024-05-09 03:00:00,2024-05-09 05:00:00,83.82
Switzerland,CHE,2024-05-09 04:00:00,2024-05-09 06:00:00,80.96
Switzerland,CHE,2024-05-09 05:00:00,2024-05-09 07:00:00,77.93
Switzerland,CHE,2024-05-09 06:00:00,2024-05-09 08:00:00,67.07
Switzerland,CHE,2024-05-09 07:00:00,2024-05-09 09:00:00,37.12
Switzerland,CHE,2024-05-09 08:00:00,2024-05-09 10:00:00,9.35
Switzerland,CHE,2024-05-09 09:00:00,2024-05-09 11:00:00,0.37
Switzerland,CHE,2024-05-09 10:00:00,2024-05-09 12:00:00,-1.75
Switzerland,CHE,2024-05-09 11:00:00,2024-05-09 13:00:00,-3.25
Switzerland,CHE,2024-05-09 12:00:00,2024-05-09 14:00:00,-3.04
Switzerland,CHE,2024-05-09 13:00:00,2024-05-09 15:00:00,-0.9
Switzerland,CHE,2024-05-09 14:00:00,2024-05-09 16:00:00,17.57
Switzerland,CHE,2024-05-09 15:00:00,2024-05-09 17:00:00,60.01
Switzerland,CHE,2024-05-09 16:00:00,2024-05-09 18:00:00,85.39
Switzerland,CHE,2024-05-09 17:00:00,2024-05-09 19:00:00,88.0
Switzerland,CHE,2024-05-09 18:00:00,2024-05-09 20:00:00,87.62
Switzerland,CHE,2024-05-09 19:00:00,2024-05-09 21:00:00,87.67
Switzerland,CHE,2024-05-09 20:00:00,2024-05-09 22:00:00,92.63
Switzerland,CHE,2024-05-09 21:00:00,2024-05-09 23:00:00,86.55
Switzerland,CHE,2024-05-09 22:00:00,2024-05-10 00:00:00,82.28
Switzerland,CHE,2024-05-09 23:00:00,2024-05-10 01:00:00,82.21
Switzerland,CHE,2024-05-10 00:00:00,2024-05-10 02:00:00,76.7
Switzerland,CHE,2024-05-10 01:00:00,2024-05-10 03:00:00,76.85
Switzerland,CHE,2024-05-10 02:00:00,2024-05-10 04:00:00,77.49
Switzerland,CHE,2024-05-10 03:00:00,2024-05-10 05:00:00,84.96
Switzerland,CHE,2024-05-10 04:00:00,2024-05-10 06:00:00,87.66
Switzerland,CHE,2024-05-10 05:00:00,2024-05-10 07:00:00,88.14
Switzerland,CHE,2024-05-10 06:00:00,2024-05-10 08:00:00,84.73
Switzerland,CHE,2024-05-10 07:00:00,2024-05-10 09:00:00,68.22
Switzerland,CHE,2024-05-10 08:00:00,2024-05-10 10:00:00,44.95
Switzerland,CHE,2024-05-10 09:00:00,2024-05-10 11:00:00,21.93
Switzerland,CHE,2024-05-10 10:00:00,2024-05-10 12:00:00,13.84
Switzerland,CHE,2024-05-10 11:00:00,2024-05-10 13:00:00,9.9
Switzerland,CHE,2024-05-10 12:00:00,2024-05-10 14:00:00,9.03
Switzerland,CHE,2024-05-10 13:00:00,2024-05-10 15:00:00,28.37
Switzerland,CHE,2024-05-10 14:00:00,2024-05-10 16:00:00,54.95
Switzerland,CHE,2024-05-10 15:00:00,2024-05-10 17:00:00,75.96
Switzerland,CHE,2024-05-10 16:00:00,2024-05-10 18:00:00,87.35
Switzerland,CHE,2024-05-10 17:00:00,2024-05-10 19:00:00,86.46
Switzerland,CHE,2024-05-10 18:00:00,2024-05-10 20:00:00,86.24
Switzerland,CHE,2024-05-10 19:00:00,2024-05-10 21:00:00,87.73
Switzerland,CHE,2024-05-10 20:00:00,2024-05-10 22:00:00,93.0
Switzerland,CHE,2024-05-10 21:00:00,2024-05-10 23:00:00,85.39
Switzerland,CHE,2024-05-10 22:00:00,2024-05-11 00:00:00,89.0
Switzerland,CHE,2024-05-10 23:00:00,2024-05-11 01:00:00,86.45
Switzerland,CHE,2024-05-11 00:00:00,2024-05-11 02:00:00,85.32
Switzerland,CHE,2024-05-11 01:00:00,2024-05-11 03:00:00,83.4
Switzerland,CHE,2024-05-11 02:00:00,2024-05-11 04:00:00,83.04
Switzerland,CHE,2024-05-11 03:00:00,2024-05-11 05:00:00,84.8
Switzerland,CHE,2024-05-11 04:00:00,2024-05-11 06:00:00,80.65
Switzerland,CHE,2024-05-11 05:00:00,2024-05-11 07:00:00,77.91
Switzerland,CHE,2024-05-11 06:00:00,2024-05-11 08:00:00,61.65
Switzerland,CHE,2024-05-11 07:00:00,2024-05-11 09:00:00,31.57
Switzerland,CHE,2024-05-11 08:00:00,2024-05-11 10:00:00,0.92
Switzerland,CHE,2024-05-11 09:00:00,2024-05-11 11:00:00,-4.28
Switzerland,CHE,2024-05-11 10:00:00,2024-05-11 12:00:00,-9.13
Switzerland,CHE,2024-05-11 11:00:00,2024-05-11 13:00:00,-12.44
Switzerland,CHE,2024-05-11 12:00:00,2024-05-11 14:00:00,-12.12
Switzerland,CHE,2024-05-11 13:00:00,2024-05-11 15:00:00,-5.6
Switzerland,CHE,2024-05-11 14:00:00,2024-05-11 16:00:00,2.41
Switzerland,CHE,2024-05-11 15:00:00,2024-05-11 17:00:00,46.83
Switzerland,CHE,2024-05-11 16:00:00,2024-05-11 18:00:00,77.98
Switzerland,CHE,2024-05-11 17:00:00,2024-05-11 19:00:00,85.78
Switzerland,CHE,2024-05-11 18:00:00,2024-05-11 20:00:00,87.61
Switzerland,CHE,2024-05-11 19:00:00,2024-05-11 21:00:00,90.49
Switzerland,CHE,2024-05-11 20:00:00,2024-05-11 22:00:00,86.78
Switzerland,CHE,2024-05-11 21:00:00,2024-05-11 23:00:00,75.99
Switzerland,CHE,2024-05-11 22:00:00,2024-05-12 00:00:00,57.93
Switzerland,CHE,2024-05-11 23:00:00,2024-05-12 01:00:00,51.53
Switzerland,CHE,2024-05-12 00:00:00,2024-05-12 02:00:00,49.1
Switzerland,CHE,2024-05-12 01:00:00,2024-05-12 03:00:00,47.32
Switzerland,CHE,2024-05-12 02:00:00,2024-05-12 04:00:00,50.85
Switzerland,CHE,2024-05-12 03:00:00,2024-05-12 05:00:00,50.61
Switzerland,CHE,2024-05-12 04:00:00,2024-05-12 06:00:00,44.99
Switzerland,CHE,2024-05-12 05:00:00,2024-05-12 07:00:00,24.0
Switzerland,CHE,2024-05-12 06:00:00,2024-05-12 08:00:00,-2.28
Switzerland,CHE,2024-05-12 07:00:00,2024-05-12 09:00:00,-13.93
Switzerland,CHE,2024-05-12 08:00:00,2024-05-12 10:00:00,-35.45
Switzerland,CHE,2024-05-12 09:00:00,2024-05-12 11:00:00,-67.74
Switzerland,CHE,2024-05-12 10:00:00,2024-05-12 12:00:00,-102.36
Switzerland,CHE,2024-05-12 11:00:00,2024-05-12 13:00:00,-145.12
Switzerland,CHE,2024-05-12 12:00:00,2024-05-12 14:00:00,-137.29
Switzerland,CHE,2024-05-12 13:00:00,2024-05-12 15:00:00,-73.57
Switzerland,CHE,2024-05-12 14:00:00,2024-05-12 16:00:00,-41.12
Switzerland,CHE,2024-05-12 15:00:00,2024-05-12 17:00:00,-13.48
Switzerland,CHE,2024-05-12 16:00:00,2024-05-12 18:00:00,44.42
Switzerland,CHE,2024-05-12 17:00:00,2024-05-12 19:00:00,73.25
Switzerland,CHE,2024-05-12 18:00:00,2024-05-12 20:00:00,74.74
Switzerland,CHE,2024-05-12 19:00:00,2024-05-12 21:00:00,62.69
Switzerland,CHE,2024-05-12 20:00:00,2024-05-12 22:00:00,55.87
Switzerland,CHE,2024-05-12 21:00:00,2024-05-12 23:00:00,51.98
Switzerland,CHE,2024-05-12 22:00:00,2024-05-13 00:00:00,29.74
Switzerland,CHE,2024-05-12 23:00:00,2024-05-13 01:00:00,24.79
Switzerland,CHE,2024-05-13 00:00:00,2024-05-13 02:00:00,22.04
Switzerland,CHE,2024-05-13 01:00:00,2024-05-13 03:00:00,25.18
Switzerland,CHE,2024-05-13 02:00:00,2024-05-13 04:00:00,29.16
Switzerland,CHE,2024-05-13 03:00:00,2024-05-13 05:00:00,47.93
Switzerland,CHE,2024-05-13 04:00:00,2024-05-13 06:00:00,76.65
Switzerland,CHE,2024-05-13 05:00:00,2024-05-13 07:00:00,81.35
Switzerland,CHE,2024-05-13 06:00:00,2024-05-13 08:00:00,75.02
Switzerland,CHE,2024-05-13 07:00:00,2024-05-13 09:00:00,45.98
Switzerland,CHE,2024-05-13 08:00:00,2024-05-13 10:00:00,24.05
Switzerland,CHE,2024-05-13 09:00:00,2024-05-13 11:00:00,18.78
Switzerland,CHE,2024-05-13 10:00:00,2024-05-13 12:00:00,14.1
Switzerland,CHE,2024-05-13 11:00:00,2024-05-13 13:00:00,11.04
Switzerland,CHE,2024-05-13 12:00:00,2024-05-13 14:00:00,11.17
Switzerland,CHE,2024-05-13 13:00:00,2024-05-13 15:00:00,14.09
Switzerland,CHE,2024-05-13 14:00:00,2024-05-13 16:00:00,21.92
Switzerland,CHE,2024-05-13 15:00:00,2024-05-13 17:00:00,48.05
Switzerland,CHE,2024-05-13 16:00:00,2024-05-13 18:00:00,78.66
Switzerland,CHE,2024-05-13 17:00:00,2024-05-13 19:00:00,106.82
Switzerland,CHE,2024-05-13 18:00:00,2024-05-13 20:00:00,109.28
Switzerland,CHE,2024-05-13 19:00:00,2024-05-13 21:00:00,93.9
Switzerland,CHE,2024-05-13 20:00:00,2024-05-13 22:00:00,79.95
Switzerland,CHE,2024-05-13 21:00:00,2024-05-13 23:00:00,59.72
Switzerland,CHE,2024-05-13 22:00:00,2024-05-14 00:00:00,38.45
Switzerland,CHE,2024-05-13 23:00:00,2024-05-14 01:00:00,35.03
Switzerland,CHE,2024-05-14 00:00:00,2024-05-14 02:00:00,31.62
Switzerland,CHE,2024-05-14 01:00:00,2024-05-14 03:00:00,29.77
Switzerland,CHE,2024-05-14 02:00:00,2024-05-14 04:00:00,31.99
Switzerland,CHE,2024-05-14 03:00:00,2024-05-14 05:00:00,42.29
Switzerland,CHE,2024-05-14 04:00:00,2024-05-14 06:00:00,65.48
Switzerland,CHE,2024-05-14 05:00:00,2024-05-14 07:00:00,73.88
Switzerland,CHE,2024-05-14 06:00:00,2024-05-14 08:00:00,42.96
Switzerland,CHE,2024-05-14 07:00:00,2024-05-14 09:00:00,14.17
Switzerland,CHE,2024-05-14 08:00:00,2024-05-14 10:00:00,0.08
Switzerland,CHE,2024-05-14 09:00:00,2024-05-14 11:00:00,-1.25
Switzerland,CHE,2024-05-14 10:00:00,2024-05-14 12:00:00,-11.84
Switzerland,CHE,2024-05-14 11:00:00,2024-05-14 13:00:00,-14.95
Switzerland,CHE,2024-05-14 12:00:00,2024-05-14 14:00:00,-15.4
Switzerland,CHE,2024-05-14 13:00:00,2024-05-14 15:00:00,-3.09
Switzerland,CHE,2024-05-14 14:00:00,2024-05-14 16:00:00,-2.0
Switzerland,CHE,2024-05-14 15:00:00,2024-05-14 17:00:00,3.35
Switzerland,CHE,2024-05-14 16:00:00,2024-05-14 18:00:00,48.51
Switzerland,CHE,2024-05-14 17:00:00,2024-05-14 19:00:00,83.83
Switzerland,CHE,2024-05-14 18:00:00,2024-05-14 20:00:00,84.41
Switzerland,CHE,2024-05-14 19:00:00,2024-05-14 21:00:00,74.38
Switzerland,CHE,2024-05-14 20:00:00,2024-05-14 22:00:00,58.06
Switzerland,CHE,2024-05-14 21:00:00,2024-05-14 23:00:00,46.08
Switzerland,CHE,2024-05-14 22:00:00,2024-05-15 00:00:00,28.17
Switzerland,CHE,2024-05-14 23:00:00,2024-05-15 01:00:00,23.89
Switzerland,CHE,2024-05-15 00:00:00,2024-05-15 02:00:00,20.96
Switzerland,CHE,2024-05-15 01:00:00,2024-05-15 03:00:00,21.69
Switzerland,CHE,2024-05-15 02:00:00,2024-05-15 04:00:00,22.5
Switzerland,CHE,2024-05-15 03:00:00,2024-05-15 05:00:00,37.82
Switzerland,CHE,2024-05-15 04:00:00,2024-05-15 06:00:00,60.24
Switzerland,CHE,2024-05-15 05:00:00,2024-05-15 07:00:00,74.58
Switzerland,CHE,2024-05-15 06:00:00,2024-05-15 08:00:00,58.09
Switzerland,CHE,2024-05-15 07:00:00,2024-05-15 09:00:00,27.25
Switzerland,CHE,2024-05-15 08:00:00,2024-05-15 10:00:00,23.53
Switzerland,CHE,2024-05-15 09:00:00,2024-05-15 11:00:00,42.94
Switzerland,CHE,2024-05-15 10:00:00,2024-05-15 12:00:00,0.51
Switzerland,CHE,2024-05-15 11:00:00,2024-05-15 13:00:00,4.5
Switzerland,CHE,2024-05-15 12:00:00,2024-05-15 14:00:00,5.6
Switzerland,CHE,2024-05-15 13:00:00,2024-05-15 15:00:00,23.51
Switzerland,CHE,2024-05-15 14:00:00,2024-05-15 16:00:00,11.23
Switzerland,CHE,2024-05-15 15:00:00,2024-05-15 17:00:00,25.81
Switzerland,CHE,2024-05-15 16:00:00,2024-05-15 18:00:00,61.35
Switzerland,CHE,2024-05-15 17:00:00,2024-05-15 19:00:00,80.79
Switzerland,CHE,2024-05-15 18:00:00,2024-05-15 20:00:00,78.23
Switzerland,CHE,2024-05-15 19:00:00,2024-05-15 21:00:00,75.77
Switzerland,CHE,2024-05-15 20:00:00,2024-05-15 22:00:00,55.28
Switzerland,CHE,2024-05-15 21:00:00,2024-05-15 23:00:00,41.23
Switzerland,CHE,2024-05-15 22:00:00,2024-05-16 00:00:00,48.05
Switzerland,CHE,2024-05-15 23:00:00,2024-05-16 01:00:00,45.02
Switzerland,CHE,2024-05-16 00:00:00,2024-05-16 02:00:00,43.91
Switzerland,CHE,2024-05-16 01:00:00,2024-05-16 03:00:00,42.77
Switzerland,CHE,2024-05-16 02:00:00,2024-05-16 04:00:00,45.71
Switzerland,CHE,2024-05-16 03:00:00,2024-05-16 05:00:00,59.54
Switzerland,CHE,2024-05-16 04:00:00,2024-05-16 06:00:00,74.08
Switzerland,CHE,2024-05-16 05:00:00,2024-05-16 07:00:00,75.26
Switzerland,CHE,2024-05-16 06:00:00,2024-05-16 08:00:00,74.02
Switzerland,CHE,2024-05-16 07:00:00,2024-05-16 09:00:00,40.84
Switzerland,CHE,2024-05-16 08:00:00,2024-05-16 10:00:00,19.45
Switzerland,CHE,2024-05-16 09:00:00,2024-05-16 11:00:00,10.57
Switzerland,CHE,2024-05-16 10:00:00,2024-05-16 12:00:00,4.67
Switzerland,CHE,2024-05-16 11:00:00,2024-05-16 13:00:00,7.29
Switzerland,CHE,2024-05-16 12:00:00,2024-05-16 14:00:00,10.51
Switzerland,CHE,2024-05-16 13:00:00,2024-05-16 15:00:00,20.49
Switzerland,CHE,2024-05-16 14:00:00,2024-05-16 16:00:00,18.82
Switzerland,CHE,2024-05-16 15:00:00,2024-05-16 17:00:00,39.43
Switzerland,CHE,2024-05-16 16:00:00,2024-05-16 18:00:00,75.32
Switzerland,CHE,2024-05-16 17:00:00,2024-05-16 19:00:00,75.93
Switzerland,CHE,2024-05-16 18:00:00,2024-05-16 20:00:00,74.3
Switzerland,CHE,2024-05-16 19:00:00,2024-05-16 21:00:00,74.07
Switzerland,CHE,2024-05-16 20:00:00,2024-05-16 22:00:00,77.52
Switzerland,CHE,2024-05-16 21:00:00,2024-05-16 23:00:00,65.75
Switzerland,CHE,2024-05-16 22:00:00,2024-05-17 00:00:00,64.12
Switzerland,CHE,2024-05-16 23:00:00,2024-05-17 01:00:00,59.56
Switzerland,CHE,2024-05-17 00:00:00,2024-05-17 02:00:00,56.82
Switzerland,CHE,2024-05-17 01:00:00,2024-05-17 03:00:00,53.86
Switzerland,CHE,2024-05-17 02:00:00,2024-05-17 04:00:00,55.84
Switzerland,CHE,2024-05-17 03:00:00,2024-05-17 05:00:00,60.07
Switzerland,CHE,2024-05-17 04:00:00,2024-05-17 06:00:00,68.65
Switzerland,CHE,2024-05-17 05:00:00,2024-05-17 07:00:00,84.0
Switzerland,CHE,2024-05-17 06:00:00,2024-05-17 08:00:00,85.04
Switzerland,CHE,2024-05-17 07:00:00,2024-05-17 09:00:00,78.82
Switzerland,CHE,2024-05-17 08:00:00,2024-05-17 10:00:00,57.38
Switzerland,CHE,2024-05-17 09:00:00,2024-05-17 11:00:00,46.53
Switzerland,CHE,2024-05-17 10:00:00,2024-05-17 12:00:00,30.7
Switzerland,CHE,2024-05-17 11:00:00,2024-05-17 13:00:00,20.52
Switzerland,CHE,2024-05-17 12:00:00,2024-05-17 14:00:00,22.56
Switzerland,CHE,2024-05-17 13:00:00,2024-05-17 15:00:00,33.77
Switzerland,CHE,2024-05-17 14:00:00,2024-05-17 16:00:00,44.83
Switzerland,CHE,2024-05-17 15:00:00,2024-05-17 17:00:00,68.04
Switzerland,CHE,2024-05-17 16:00:00,2024-05-17 18:00:00,72.52
Switzerland,CHE,2024-05-17 17:00:00,2024-05-17 19:00:00,75.86
Switzerland,CHE,2024-05-17 18:00:00,2024-05-17 20:00:00,75.71
Switzerland,CHE,2024-05-17 19:00:00,2024-05-17 21:00:00,76.8
Switzerland,CHE,2024-05-17 20:00:00,2024-05-17 22:00:00,75.27
Switzerland,CHE,2024-05-17 21:00:00,2024-05-17 23:00:00,70.98
Switzerland,CHE,2024-05-17 22:00:00,2024-05-18 00:00:00,71.57
Switzerland,CHE,2024-05-17 23:00:00,2024-05-18 01:00:00,68.45
Switzerland,CHE,2024-05-18 00:00:00,2024-05-18 02:00:00,66.35
Switzerland,CHE,2024-05-18 01:00:00,2024-05-18 03:00:00,68.75
Switzerland,CHE,2024-05-18 02:00:00,2024-05-18 04:00:00,69.2
Switzerland,CHE,2024-05-18 03:00:00,2024-05-18 05:00:00,69.75
Switzerland,CHE,2024-05-18 04:00:00,2024-05-18 06:00:00,68.39
Switzerland,CHE,2024-05-18 05:00:00,2024-05-18 07:00:00,69.31
Switzerland,CHE,2024-05-18 06:00:00,2024-05-18 08:00:00,57.54
Switzerland,CHE,2024-05-18 07:00:00,2024-05-18 09:00:00,36.98
Switzerland,CHE,2024-05-18 08:00:00,2024-05-18 10:00:00,5.66
Switzerland,CHE,2024-05-18 09:00:00,2024-05-18 11:00:00,2.64
Switzerland,CHE,2024-05-18 10:00:00,2024-05-18 12:00:00,-1.91
Switzerland,CHE,2024-05-18 11:00:00,2024-05-18 13:00:00,-2.3
Switzerland,CHE,2024-05-18 12:00:00,2024-05-18 14:00:00,-4.21
Switzerland,CHE,2024-05-18 13:00:00,2024-05-18 15:00:00,-0.71
Switzerland,CHE,2024-05-18 14:00:00,2024-05-18 16:00:00,2.91
Switzerland,CHE,2024-05-18 15:00:00,2024-05-18 17:00:00,41.33
Switzerland,CHE,2024-05-18 16:00:00,2024-05-18 18:00:00,69.07
Switzerland,CHE,2024-05-18 17:00:00,2024-05-18 19:00:00,75.05
Switzerland,CHE,2024-05-18 18:00:00,2024-05-18 20:00:00,76.67
Switzerland,CHE,2024-05-18 19:00:00,2024-05-18 21:00:00,76.69
Switzerland,CHE,2024-05-18 20:00:00,2024-05-18 22:00:00,82.03
Switzerland,CHE,2024-05-18 21:00:00,2024-05-18 23:00:00,77.14
Switzerland,CHE,2024-05-18 22:00:00,2024-05-19 00:00:00,75.47
Switzerland,CHE,2024-05-18 23:00:00,2024-05-19 01:00:00,75.25
Switzerland,CHE,2024-05-19 00:00:00,2024-05-19 02:00:00,73.65
Switzerland,CHE,2024-05-19 01:00:00,2024-05-19 03:00:00,72.41
Switzerland,CHE,2024-05-19 02:00:00,2024-05-19 04:00:00,72.34
Switzerland,CHE,2024-05-19 03:00:00,2024-05-19 05:00:00,74.11
Switzerland,CHE,2024-05-19 04:00:00,2024-05-19 06:00:00,66.61
Switzerland,CHE,2024-05-19 05:00:00,2024-05-19 07:00:00,58.11
Switzerland,CHE,2024-05-19 06:00:00,2024-05-19 08:00:00,34.9
Switzerland,CHE,2024-05-19 07:00:00,2024-05-19 09:00:00,9.55
Switzerland,CHE,2024-05-19 08:00:00,2024-05-19 10:00:00,-1.13
Switzerland,CHE,2024-05-19 09:00:00,2024-05-19 11:00:00,-10.82
Switzerland,CHE,2024-05-19 10:00:00,2024-05-19 12:00:00,-15.85
Switzerland,CHE,2024-05-19 11:00:00,2024-05-19 13:00:00,-19.66
Switzerland,CHE,2024-05-19 12:00:00,2024-05-19 14:00:00,-23.59
Switzerland,CHE,2024-05-19 13:00:00,2024-05-19 15:00:00,-20.31
Switzerland,CHE,2024-05-19 14:00:00,2024-05-19 16:00:00,-7.54
Switzerland,CHE,2024-05-19 15:00:00,2024-05-19 17:00:00,19.97
Switzerland,CHE,2024-05-19 16:00:00,2024-05-19 18:00:00,65.02
Switzerland,CHE,2024-05-19 17:00:00,2024-05-19 19:00:00,74.91
Switzerland,CHE,2024-05-19 18:00:00,2024-05-19 20:00:00,76.68
Switzerland,CHE,2024-05-19 19:00:00,2024-05-19 21:00:00,75.47
Switzerland,CHE,2024-05-19 20:00:00,2024-05-19 22:00:00,82.05
Switzerland,CHE,2024-05-19 21:00:00,2024-05-19 23:00:00,79.05
Switzerland,CHE,2024-05-19 22:00:00,2024-05-20 00:00:00,80.19
Switzerland,CHE,2024-05-19 23:00:00,2024-05-20 01:00:00,79.89
Switzerland,CHE,2024-05-20 00:00:00,2024-05-20 02:00:00,78.92
Switzerland,CHE,2024-05-20 01:00:00,2024-05-20 03:00:00,77.89
Switzerland,CHE,2024-05-20 02:00:00,2024-05-20 04:00:00,77.86
Switzerland,CHE,2024-05-20 03:00:00,2024-05-20 05:00:00,79.04
Switzerland,CHE,2024-05-20 04:00:00,2024-05-20 06:00:00,76.63
Switzerland,CHE,2024-05-20 05:00:00,2024-05-20 07:00:00,75.37
Switzerland,CHE,2024-05-20 06:00:00,2024-05-20 08:00:00,59.07
Switzerland,CHE,2024-05-20 07:00:00,2024-05-20 09:00:00,27.08
Switzerland,CHE,2024-05-20 08:00:00,2024-05-20 10:00:00,15.09
Switzerland,CHE,2024-05-20 09:00:00,2024-05-20 11:00:00,7.93
Switzerland,CHE,2024-05-20 10:00:00,2024-05-20 12:00:00,2.15
Switzerland,CHE,2024-05-20 11:00:00,2024-05-20 13:00:00,-0.46
Switzerland,CHE,2024-05-20 12:00:00,2024-05-20 14:00:00,2.73
Switzerland,CHE,2024-05-20 13:00:00,2024-05-20 15:00:00,17.28
Switzerland,CHE,2024-05-20 14:00:00,2024-05-20 16:00:00,23.74
Switzerland,CHE,2024-05-20 15:00:00,2024-05-20 17:00:00,53.96
Switzerland,CHE,2024-05-20 16:00:00,2024-05-20 18:00:00,77.02
Switzerland,CHE,2024-05-20 17:00:00,2024-05-20 19:00:00,80.28
Switzerland,CHE,2024-05-20 18:00:00,2024-05-20 20:00:00,80.2
Switzerland,CHE,2024-05-20 19:00:00,2024-05-20 21:00:00,80.2
Switzerland,CHE,2024-05-20 20:00:00,2024-05-20 22:00:00,85.05
Switzerland,CHE,2024-05-20 21:00:00,2024-05-20 23:00:00,79.39
Switzerland,CHE,2024-05-20 22:00:00,2024-05-21 00:00:00,76.92
Switzerland,CHE,2024-05-20 23:00:00,2024-05-21 01:00:00,74.03
Switzerland,CHE,2024-05-21 00:00:00,2024-05-21 02:00:00,74.14
Switzerland,CHE,2024-05-21 01:00:00,2024-05-21 03:00:00,73.24
Switzerland,CHE,2024-05-21 02:00:00,2024-05-21 04:00:00,75.92
Switzerland,CHE,2024-05-21 03:00:00,2024-05-21 05:00:00,79.47
Switzerland,CHE,2024-05-21 04:00:00,2024-05-21 06:00:00,83.26
Switzerland,CHE,2024-05-21 05:00:00,2024-05-21 07:00:00,85.2
Switzerland,CHE,2024-05-21 06:00:00,2024-05-21 08:00:00,92.49
Switzerland,CHE,2024-05-21 07:00:00,2024-05-21 09:00:00,89.32
Switzerland,CHE,2024-05-21 08:00:00,2024-05-21 10:00:00,75.3
Switzerland,CHE,2024-05-21 09:00:00,2024-05-21 11:00:00,70.07
Switzerland,CHE,2024-05-21 10:00:00,2024-05-21 12:00:00,65.07
Switzerland,CHE,2024-05-21 11:00:00,2024-05-21 13:00:00,64.93
Switzerland,CHE,2024-05-21 12:00:00,2024-05-21 14:00:00,65.0
Switzerland,CHE,2024-05-21 13:00:00,2024-05-21 15:00:00,65.57
Switzerland,CHE,2024-05-21 14:00:00,2024-05-21 16:00:00,76.29
Switzerland,CHE,2024-05-21 15:00:00,2024-05-21 17:00:00,85.07
Switzerland,CHE,2024-05-21 16:00:00,2024-05-21 18:00:00,87.82
Switzerland,CHE,2024-05-21 17:00:00,2024-05-21 19:00:00,86.63
Switzerland,CHE,2024-05-21 18:00:00,2024-05-21 20:00:00,85.18
Switzerland,CHE,2024-05-21 19:00:00,2024-05-21 21:00:00,85.03
Switzerland,CHE,2024-05-21 20:00:00,2024-05-21 22:00:00,76.44
Switzerland,CHE,2024-05-21 21:00:00,2024-05-21 23:00:00,70.0
Switzerland,CHE,2024-05-21 22:00:00,2024-05-22 00:00:00,72.68
Switzerland,CHE,2024-05-21 23:00:00,2024-05-22 01:00:00,69.21
Switzerland,CHE,2024-05-22 00:00:00,2024-05-22 02:00:00,64.06
Switzerland,CHE,2024-05-22 01:00:00,2024-05-22 03:00:00,62.57
Switzerland,CHE,2024-05-22 02:00:00,2024-05-22 04:00:00,63.87
Switzerland,CHE,2024-05-22 03:00:00,2024-05-22 05:00:00,71.17
Switzerland,CHE,2024-05-22 04:00:00,2024-05-22 06:00:00,90.98
Switzerland,CHE,2024-05-22 05:00:00,2024-05-22 07:00:00,89.04
Switzerland,CHE,2024-05-22 06:00:00,2024-05-22 08:00:00,88.86
Switzerland,CHE,2024-05-22 07:00:00,2024-05-22 09:00:00,85.02
Switzerland,CHE,2024-05-22 08:00:00,2024-05-22 10:00:00,75.96
Switzerland,CHE,2024-05-22 09:00:00,2024-05-22 11:00:00,67.89
Switzerland,CHE,2024-05-22 10:00:00,2024-05-22 12:00:00,54.2
Switzerland,CHE,2024-05-22 11:00:00,2024-05-22 13:00:00,48.04
Switzerland,CHE,2024-05-22 12:00:00,2024-05-22 14:00:00,48.92
Switzerland,CHE,2024-05-22 13:00:00,2024-05-22 15:00:00,58.45
Switzerland,CHE,2024-05-22 14:00:00,2024-05-22 16:00:00,73.31
Switzerland,CHE,2024-05-22 15:00:00,2024-05-22 17:00:00,85.1
Switzerland,CHE,2024-05-22 16:00:00,2024-05-22 18:00:00,94.5
Switzerland,CHE,2024-05-22 17:00:00,2024-05-22 19:00:00,91.17
Switzerland,CHE,2024-05-22 18:00:00,2024-05-22 20:00:00,91.21
Switzerland,CHE,2024-05-22 19:00:00,2024-05-22 21:00:00,92.62
Switzerland,CHE,2024-05-22 20:00:00,2024-05-22 22:00:00,94.41
Switzerland,CHE,2024-05-22 21:00:00,2024-05-22 23:00:00,91.18
Switzerland,CHE,2024-05-22 22:00:00,2024-05-23 00:00:00,86.92
Switzerland,CHE,2024-05-22 23:00:00,2024-05-23 01:00:00,85.33
Switzerland,CHE,2024-05-23 00:00:00,2024-05-23 02:00:00,79.07
Switzerland,CHE,2024-05-23 01:00:00,2024-05-23 03:00:00,77.92
Switzerland,CHE,2024-05-23 02:00:00,2024-05-23 04:00:00,81.16
Switzerland,CHE,2024-05-23 03:00:00,2024-05-23 05:00:00,87.03
Switzerland,CHE,2024-05-23 04:00:00,2024-05-23 06:00:00,100.06
Switzerland,CHE,2024-05-23 05:00:00,2024-05-23 07:00:00,89.38
Switzerland,CHE,2024-05-23 06:00:00,2024-05-23 08:00:00,91.03
Switzerland,CHE,2024-05-23 07:00:00,2024-05-23 09:00:00,82.04
Switzerland,CHE,2024-05-23 08:00:00,2024-05-23 10:00:00,70.11
Switzerland,CHE,2024-05-23 09:00:00,2024-05-23 11:00:00,70.52
Switzerland,CHE,2024-05-23 10:00:00,2024-05-23 12:00:00,67.48
Switzerland,CHE,2024-05-23 11:00:00,2024-05-23 13:00:00,67.48
Switzerland,CHE,2024-05-23 12:00:00,2024-05-23 14:00:00,66.39
Switzerland,CHE,2024-05-23 13:00:00,2024-05-23 15:00:00,70.16
Switzerland,CHE,2024-05-23 14:00:00,2024-05-23 16:00:00,86.43
Switzerland,CHE,2024-05-23 15:00:00,2024-05-23 17:00:00,89.38
Switzerland,CHE,2024-05-23 16:00:00,2024-05-23 18:00:00,93.05
Switzerland,CHE,2024-05-23 17:00:00,2024-05-23 19:00:00,89.4
Switzerland,CHE,2024-05-23 18:00:00,2024-05-23 20:00:00,88.63
Switzerland,CHE,2024-05-23 19:00:00,2024-05-23 21:00:00,88.55
Switzerland,CHE,2024-05-23 20:00:00,2024-05-23 22:00:00,89.27
Switzerland,CHE,2024-05-23 21:00:00,2024-05-23 23:00:00,88.48
Switzerland,CHE,2024-05-23 22:00:00,2024-05-24 00:00:00,89.61
Switzerland,CHE,2024-05-23 23:00:00,2024-05-24 01:00:00,87.5
Switzerland,CHE,2024-05-24 00:00:00,2024-05-24 02:00:00,87.72
Switzerland,CHE,2024-05-24 01:00:00,2024-05-24 03:00:00,87.49
Switzerland,CHE,2024-05-24 02:00:00,2024-05-24 04:00:00,87.04
Switzerland,CHE,2024-05-24 03:00:00,2024-05-24 05:00:00,88.57
Switzerland,CHE,2024-05-24 04:00:00,2024-05-24 06:00:00,87.93
Switzerland,CHE,2024-05-24 05:00:00,2024-05-24 07:00:00,89.28
Switzerland,CHE,2024-05-24 06:00:00,2024-05-24 08:00:00,88.9
Switzerland,CHE,2024-05-24 07:00:00,2024-05-24 09:00:00,87.37
Switzerland,CHE,2024-05-24 08:00:00,2024-05-24 10:00:00,88.5
Switzerland,CHE,2024-05-24 09:00:00,2024-05-24 11:00:00,87.07
Switzerland,CHE,2024-05-24 10:00:00,2024-05-24 12:00:00,84.21
Switzerland,CHE,2024-05-24 11:00:00,2024-05-24 13:00:00,82.09
Switzerland,CHE,2024-05-24 12:00:00,2024-05-24 14:00:00,79.3
Switzerland,CHE,2024-05-24 13:00:00,2024-05-24 15:00:00,83.9
Switzerland,CHE,2024-05-24 14:00:00,2024-05-24 16:00:00,86.14
Switzerland,CHE,2024-05-24 15:00:00,2024-05-24 17:00:00,87.42
Switzerland,CHE,2024-05-24 16:00:00,2024-05-24 18:00:00,86.08
Switzerland,CHE,2024-05-24 17:00:00,2024-05-24 19:00:00,86.09
Switzerland,CHE,2024-05-24 18:00:00,2024-05-24 20:00:00,87.18
Switzerland,CHE,2024-05-24 19:00:00,2024-05-24 21:00:00,90.85
Switzerland,CHE,2024-05-24 20:00:00,2024-05-24 22:00:00,91.56
Switzerland,CHE,2024-05-24 21:00:00,2024-05-24 23:00:00,87.99
Switzerland,CHE,2024-05-24 22:00:00,2024-05-25 00:00:00,87.23
Switzerland,CHE,2024-05-24 23:00:00,2024-05-25 01:00:00,86.72
Switzerland,CHE,2024-05-25 00:00:00,2024-05-25 02:00:00,86.18
Switzerland,CHE,2024-05-25 01:00:00,2024-05-25 03:00:00,86.43
Switzerland,CHE,2024-05-25 02:00:00,2024-05-25 04:00:00,88.06
Switzerland,CHE,2024-05-25 03:00:00,2024-05-25 05:00:00,87.85
Switzerland,CHE,2024-05-25 04:00:00,2024-05-25 06:00:00,87.04
Switzerland,CHE,2024-05-25 05:00:00,2024-05-25 07:00:00,88.19
Switzerland,CHE,2024-05-25 06:00:00,2024-05-25 08:00:00,84.43
Switzerland,CHE,2024-05-25 07:00:00,2024-05-25 09:00:00,70.06
Switzerland,CHE,2024-05-25 08:00:00,2024-05-25 10:00:00,54.85
Switzerland,CHE,2024-05-25 09:00:00,2024-05-25 11:00:00,31.57
Switzerland,CHE,2024-05-25 10:00:00,2024-05-25 12:00:00,11.63
Switzerland,CHE,2024-05-25 11:00:00,2024-05-25 13:00:00,7.91
Switzerland,CHE,2024-05-25 12:00:00,2024-05-25 14:00:00,5.3
Switzerland,CHE,2024-05-25 13:00:00,2024-05-25 15:00:00,18.35
Switzerland,CHE,2024-05-25 14:00:00,2024-05-25 16:00:00,50.83
Switzerland,CHE,2024-05-25 15:00:00,2024-05-25 17:00:00,77.74
Switzerland,CHE,2024-05-25 16:00:00,2024-05-25 18:00:00,86.2
Switzerland,CHE,2024-05-25 17:00:00,2024-05-25 19:00:00,88.06
Switzerland,CHE,2024-05-25 18:00:00,2024-05-25 20:00:00,86.12
Switzerland,CHE,2024-05-25 19:00:00,2024-05-25 21:00:00,86.12
Switzerland,CHE,2024-05-25 20:00:00,2024-05-25 22:00:00,85.81
Switzerland,CHE,2024-05-25 21:00:00,2024-05-25 23:00:00,85.59
Switzerland,CHE,2024-05-25 22:00:00,2024-05-26 00:00:00,83.62
Switzerland,CHE,2024-05-25 23:00:00,2024-05-26 01:00:00,84.08
Switzerland,CHE,2024-05-26 00:00:00,2024-05-26 02:00:00,84.57
Switzerland,CHE,2024-05-26 01:00:00,2024-05-26 03:00:00,83.24
Switzerland,CHE,2024-05-26 02:00:00,2024-05-26 04:00:00,83.22
Switzerland,CHE,2024-05-26 03:00:00,2024-05-26 05:00:00,81.9
Switzerland,CHE,2024-05-26 04:00:00,2024-05-26 06:00:00,74.75
Switzerland,CHE,2024-05-26 05:00:00,2024-05-26 07:00:00,65.49
Switzerland,CHE,2024-05-26 06:00:00,2024-05-26 08:00:00,26.81
Switzerland,CHE,2024-05-26 07:00:00,2024-05-26 09:00:00,5.52
Switzerland,CHE,2024-05-26 08:00:00,2024-05-26 10:00:00,-0.96
Switzerland,CHE,2024-05-26 09:00:00,2024-05-26 11:00:00,-1.99
Switzerland,CHE,2024-05-26 10:00:00,2024-05-26 12:00:00,-5.2
Switzerland,CHE,2024-05-26 11:00:00,2024-05-26 13:00:00,-11.1
Switzerland,CHE,2024-05-26 12:00:00,2024-05-26 14:00:00,-13.58
Switzerland,CHE,2024-05-26 13:00:00,2024-05-26 15:00:00,-6.55
Switzerland,CHE,2024-05-26 14:00:00,2024-05-26 16:00:00,-0.03
Switzerland,CHE,2024-05-26 15:00:00,2024-05-26 17:00:00,51.63
Switzerland,CHE,2024-05-26 16:00:00,2024-05-26 18:00:00,81.65
Switzerland,CHE,2024-05-26 17:00:00,2024-05-26 19:00:00,84.08
Switzerland,CHE,2024-05-26 18:00:00,2024-05-26 20:00:00,87.14
Switzerland,CHE,2024-05-26 19:00:00,2024-05-26 21:00:00,85.66
Switzerland,CHE,2024-05-26 20:00:00,2024-05-26 22:00:00,87.72
Switzerland,CHE,2024-05-26 21:00:00,2024-05-26 23:00:00,86.12
Switzerland,CHE,2024-05-26 22:00:00,2024-05-27 00:00:00,82.85
Switzerland,CHE,2024-05-26 23:00:00,2024-05-27 01:00:00,82.52
Switzerland,CHE,2024-05-27 00:00:00,2024-05-27 02:00:00,79.9
Switzerland,CHE,2024-05-27 01:00:00,2024-05-27 03:00:00,79.92
Switzerland,CHE,2024-05-27 02:00:00,2024-05-27 04:00:00,82.75
Switzerland,CHE,2024-05-27 03:00:00,2024-05-27 05:00:00,86.22
Switzerland,CHE,2024-05-27 04:00:00,2024-05-27 06:00:00,85.98
Switzerland,CHE,2024-05-27 05:00:00,2024-05-27 07:00:00,83.57
Switzerland,CHE,2024-05-27 06:00:00,2024-05-27 08:00:00,86.3
Switzerland,CHE,2024-05-27 07:00:00,2024-05-27 09:00:00,85.26
Switzerland,CHE,2024-05-27 08:00:00,2024-05-27 10:00:00,85.84
Switzerland,CHE,2024-05-27 09:00:00,2024-05-27 11:00:00,84.06
Switzerland,CHE,2024-05-27 10:00:00,2024-05-27 12:00:00,80.74
Switzerland,CHE,2024-05-27 11:00:00,2024-05-27 13:00:00,81.57
Switzerland,CHE,2024-05-27 12:00:00,2024-05-27 14:00:00,74.75
Switzerland,CHE,2024-05-27 13:00:00,2024-05-27 15:00:00,80.57
Switzerland,CHE,2024-05-27 14:00:00,2024-05-27 16:00:00,87.04
Switzerland,CHE,2024-05-27 15:00:00,2024-05-27 17:00:00,87.01
Switzerland,CHE,2024-05-27 16:00:00,2024-05-27 18:00:00,85.75
Switzerland,CHE,2024-05-27 17:00:00,2024-05-27 19:00:00,83.2
Switzerland,CHE,2024-05-27 18:00:00,2024-05-27 20:00:00,83.2
Switzerland,CHE,2024-05-27 19:00:00,2024-05-27 21:00:00,83.09
Switzerland,CHE,2024-05-27 20:00:00,2024-05-27 22:00:00,82.86
Switzerland,CHE,2024-05-27 21:00:00,2024-05-27 23:00:00,82.32
Switzerland,CHE,2024-05-27 22:00:00,2024-05-28 00:00:00,83.28
Switzerland,CHE,2024-05-27 23:00:00,2024-05-28 01:00:00,83.28
Switzerland,CHE,2024-05-28 00:00:00,2024-05-28 02:00:00,84.01
Switzerland,CHE,2024-05-28 01:00:00,2024-05-28 03:00:00,83.94
Switzerland,CHE,2024-05-28 02:00:00,2024-05-28 04:00:00,83.3
Switzerland,CHE,2024-05-28 03:00:00,2024-05-28 05:00:00,83.26
Switzerland,CHE,2024-05-28 04:00:00,2024-05-28 06:00:00,83.25
Switzerland,CHE,2024-05-28 05:00:00,2024-05-28 07:00:00,83.27
Switzerland,CHE,2024-05-28 06:00:00,2024-05-28 08:00:00,83.26
Switzerland,CHE,2024-05-28 07:00:00,2024-05-28 09:00:00,84.06
Switzerland,CHE,2024-05-28 08:00:00,2024-05-28 10:00:00,82.76
Switzerland,CHE,2024-05-28 09:00:00,2024-05-28 11:00:00,80.85
Switzerland,CHE,2024-05-28 10:00:00,2024-05-28 12:00:00,65.38
Switzerland,CHE,2024-05-28 11:00:00,2024-05-28 13:00:00,63.96
Switzerland,CHE,2024-05-28 12:00:00,2024-05-28 14:00:00,62.86
Switzerland,CHE,2024-05-28 13:00:00,2024-05-28 15:00:00,65.98
Switzerland,CHE,2024-05-28 14:00:00,2024-05-28 16:00:00,80.74
Switzerland,CHE,2024-05-28 15:00:00,2024-05-28 17:00:00,83.24
Switzerland,CHE,2024-05-28 16:00:00,2024-05-28 18:00:00,83.21
Switzerland,CHE,2024-05-28 17:00:00,2024-05-28 19:00:00,82.03
Switzerland,CHE,2024-05-28 18:00:00,2024-05-28 20:00:00,82.72
Switzerland,CHE,2024-05-28 19:00:00,2024-05-28 21:00:00,83.21
Switzerland,CHE,2024-05-28 20:00:00,2024-05-28 22:00:00,83.22
Switzerland,CHE,2024-05-28 21:00:00,2024-05-28 23:00:00,83.23
Switzerland,CHE,2024-05-28 22:00:00,2024-05-29 00:00:00,75.1
Switzerland,CHE,2024-05-28 23:00:00,2024-05-29 01:00:00,66.38
Switzerland,CHE,2024-05-29 00:00:00,2024-05-29 02:00:00,65.37
Switzerland,CHE,2024-05-29 01:00:00,2024-05-29 03:00:00,64.05
Switzerland,CHE,2024-05-29 02:00:00,2024-05-29 04:00:00,64.89
Switzerland,CHE,2024-05-29 03:00:00,2024-05-29 05:00:00,68.97
Switzerland,CHE,2024-05-29 04:00:00,2024-05-29 06:00:00,81.58
Switzerland,CHE,2024-05-29 05:00:00,2024-05-29 07:00:00,83.46
Switzerland,CHE,2024-05-29 06:00:00,2024-05-29 08:00:00,83.49
Switzerland,CHE,2024-05-29 07:00:00,2024-05-29 09:00:00,75.02
Switzerland,CHE,2024-05-29 08:00:00,2024-05-29 10:00:00,64.98
Switzerland,CHE,2024-05-29 09:00:00,2024-05-29 11:00:00,65.0
Switzerland,CHE,2024-05-29 10:00:00,2024-05-29 12:00:00,62.04
Switzerland,CHE,2024-05-29 11:00:00,2024-05-29 13:00:00,63.1
Switzerland,CHE,2024-05-29 12:00:00,2024-05-29 14:00:00,62.05
Switzerland,CHE,2024-05-29 13:00:00,2024-05-29 15:00:00,65.08
Switzerland,CHE,2024-05-29 14:00:00,2024-05-29 16:00:00,66.95
Switzerland,CHE,2024-05-29 15:00:00,2024-05-29 17:00:00,83.46
Switzerland,CHE,2024-05-29 16:00:00,2024-05-29 18:00:00,82.56
Switzerland,CHE,2024-05-29 17:00:00,2024-05-29 19:00:00,82.47
Switzerland,CHE,2024-05-29 18:00:00,2024-05-29 20:00:00,82.65
Switzerland,CHE,2024-05-29 19:00:00,2024-05-29 21:00:00,82.15
Switzerland,CHE,2024-05-29 20:00:00,2024-05-29 22:00:00,81.73
Switzerland,CHE,2024-05-29 21:00:00,2024-05-29 23:00:00,80.0
Switzerland,CHE,2024-05-29 22:00:00,2024-05-30 00:00:00,80.34
Switzerland,CHE,2024-05-29 23:00:00,2024-05-30 01:00:00,80.17
Switzerland,CHE,2024-05-30 00:00:00,2024-05-30 02:00:00,80.37
Switzerland,CHE,2024-05-30 01:00:00,2024-05-30 03:00:00,79.93
Switzerland,CHE,2024-05-30 02:00:00,2024-05-30 04:00:00,80.1
Switzerland,CHE,2024-05-30 03:00:00,2024-05-30 05:00:00,79.55
Switzerland,CHE,2024-05-30 04:00:00,2024-05-30 06:00:00,80.34
Switzerland,CHE,2024-05-30 05:00:00,2024-05-30 07:00:00,80.38
Switzerland,CHE,2024-05-30 06:00:00,2024-05-30 08:00:00,81.61
Switzerland,CHE,2024-05-30 07:00:00,2024-05-30 09:00:00,80.31
Switzerland,CHE,2024-05-30 08:00:00,2024-05-30 10:00:00,70.14
Switzerland,CHE,2024-05-30 09:00:00,2024-05-30 11:00:00,65.08
Switzerland,CHE,2024-05-30 10:00:00,2024-05-30 12:00:00,57.69
Switzerland,CHE,2024-05-30 11:00:00,2024-05-30 13:00:00,53.55
Switzerland,CHE,2024-05-30 12:00:00,2024-05-30 14:00:00,51.36
Switzerland,CHE,2024-05-30 13:00:00,2024-05-30 15:00:00,61.71
Switzerland,CHE,2024-05-30 14:00:00,2024-05-30 16:00:00,66.8
Switzerland,CHE,2024-05-30 15:00:00,2024-05-30 17:00:00,82.16
Switzerland,CHE,2024-05-30 16:00:00,2024-05-30 18:00:00,80.43
Switzerland,CHE,2024-05-30 17:00:00,2024-05-30 19:00:00,80.78
Switzerland,CHE,2024-05-30 18:00:00,2024-05-30 20:00:00,82.21
Switzerland,CHE,2024-05-30 19:00:00,2024-05-30 21:00:00,82.31
Switzerland,CHE,2024-05-30 20:00:00,2024-05-30 22:00:00,80.91
Switzerland,CHE,2024-05-30 21:00:00,2024-05-30 23:00:00,80.03
Switzerland,CHE,2024-05-30 22:00:00,2024-05-31 00:00:00,76.2
Switzerland,CHE,2024-05-30 23:00:00,2024-05-31 01:00:00,78.88
Switzerland,CHE,2024-05-31 00:00:00,2024-05-31 02:00:00,79.06
Switzerland,CHE,2024-05-31 01:00:00,2024-05-31 03:00:00,79.06
Switzerland,CHE,2024-05-31 02:00:00,2024-05-31 04:00:00,78.89
Switzerland,CHE,2024-05-31 03:00:00,2024-05-31 05:00:00,76.82
Switzerland,CHE,2024-05-31 04:00:00,2024-05-31 06:00:00,76.29
Switzerland,CHE,2024-05-31 05:00:00,2024-05-31 07:00:00,79.15
Switzerland,CHE,2024-05-31 06:00:00,2024-05-31 08:00:00,79.3
Switzerland,CHE,2024-05-31 07:00:00,2024-05-31 09:00:00,81.65
Switzerland,CHE,2024-05-31 08:00:00,2024-05-31 10:00:00,86.38
Switzerland,CHE,2024-05-31 09:00:00,2024-05-31 11:00:00,87.05
Switzerland,CHE,2024-05-31 10:00:00,2024-05-31 12:00:00,82.61
Switzerland,CHE,2024-05-31 11:00:00,2024-05-31 13:00:00,79.24
Switzerland,CHE,2024-05-31 12:00:00,2024-05-31 14:00:00,78.82
Switzerland,CHE,2024-05-31 13:00:00,2024-05-31 15:00:00,79.26
Switzerland,CHE,2024-05-31 14:00:00,2024-05-31 16:00:00,80.97
Switzerland,CHE,2024-05-31 15:00:00,2024-05-31 17:00:00,79.1
Switzerland,CHE,2024-05-31 16:00:00,2024-05-31 18:00:00,79.03
Switzerland,CHE,2024-05-31 17:00:00,2024-05-31 19:00:00,77.05
Switzerland,CHE,2024-05-31 18:00:00,2024-05-31 20:00:00,75.02
Switzerland,CHE,2024-05-31 19:00:00,2024-05-31 21:00:00,71.86
Switzerland,CHE,2024-05-31 20:00:00,2024-05-31 22:00:00,74.68
Switzerland,CHE,2024-05-31 21:00:00,2024-05-31 23:00:00,77.69
Switzerland,CHE,2024-05-31 22:00:00,2024-06-01 00:00:00,79.75
Switzerland,CHE,2024-05-31 23:00:00,2024-06-01 01:00:00,76.68
Switzerland,CHE,2024-06-01 00:00:00,2024-06-01 02:00:00,70.64
Switzerland,CHE,2024-06-01 01:00:00,2024-06-01 03:00:00,68.47
Switzerland,CHE,2024-06-01 02:00:00,2024-06-01 04:00:00,64.29
Switzerland,CHE,2024-06-01 03:00:00,2024-06-01 05:00:00,58.29
Switzerland,CHE,2024-06-01 04:00:00,2024-06-01 06:00:00,60.47
Switzerland,CHE,2024-06-01 05:00:00,2024-06-01 07:00:00,61.26
Switzerland,CHE,2024-06-01 06:00:00,2024-06-01 08:00:00,59.89
Switzerland,CHE,2024-06-01 07:00:00,2024-06-01 09:00:00,56.48
Switzerland,CHE,2024-06-01 08:00:00,2024-06-01 10:00:00,54.29
Switzerland,CHE,2024-06-01 09:00:00,2024-06-01 11:00:00,30.54
Switzerland,CHE,2024-06-01 10:00:00,2024-06-01 12:00:00,25.0
Switzerland,CHE,2024-06-01 11:00:00,2024-06-01 13:00:00,7.7
Switzerland,CHE,2024-06-01 12:00:00,2024-06-01 14:00:00,4.63
Switzerland,CHE,2024-06-01 13:00:00,2024-06-01 15:00:00,2.93
Switzerland,CHE,2024-06-01 14:00:00,2024-06-01 16:00:00,10.82
Switzerland,CHE,2024-06-01 15:00:00,2024-06-01 17:00:00,42.94
Switzerland,CHE,2024-06-01 16:00:00,2024-06-01 18:00:00,53.0
Switzerland,CHE,2024-06-01 17:00:00,2024-06-01 19:00:00,60.52
Switzerland,CHE,2024-06-01 18:00:00,2024-06-01 20:00:00,61.78
Switzerland,CHE,2024-06-01 19:00:00,2024-06-01 21:00:00,62.74
Switzerland,CHE,2024-06-01 20:00:00,2024-06-01 22:00:00,63.1
Switzerland,CHE,2024-06-01 21:00:00,2024-06-01 23:00:00,61.78
Switzerland,CHE,2024-06-01 22:00:00,2024-06-02 00:00:00,54.66
Switzerland,CHE,2024-06-01 23:00:00,2024-06-02 01:00:00,52.92
Switzerland,CHE,2024-06-02 00:00:00,2024-06-02 02:00:00,47.02
Switzerland,CHE,2024-06-02 01:00:00,2024-06-02 03:00:00,42.56
Switzerland,CHE,2024-06-02 02:00:00,2024-06-02 04:00:00,40.82
Switzerland,CHE,2024-06-02 03:00:00,2024-06-02 05:00:00,26.62
Switzerland,CHE,2024-06-02 04:00:00,2024-06-02 06:00:00,22.27
Switzerland,CHE,2024-06-02 05:00:00,2024-06-02 07:00:00,17.09
Switzerland,CHE,2024-06-02 06:00:00,2024-06-02 08:00:00,17.58
Switzerland,CHE,2024-06-02 07:00:00,2024-06-02 09:00:00,15.18
Switzerland,CHE,2024-06-02 08:00:00,2024-06-02 10:00:00,13.11
Switzerland,CHE,2024-06-02 09:00:00,2024-06-02 11:00:00,5.54
Switzerland,CHE,2024-06-02 10:00:00,2024-06-02 12:00:00,8.18
Switzerland,CHE,2024-06-02 11:00:00,2024-06-02 13:00:00,-5.05
Switzerland,CHE,2024-06-02 12:00:00,2024-06-02 14:00:00,-15.78
Switzerland,CHE,2024-06-02 13:00:00,2024-06-02 15:00:00,-19.95
Switzerland,CHE,2024-06-02 14:00:00,2024-06-02 16:00:00,-6.36
Switzerland,CHE,2024-06-02 15:00:00,2024-06-02 17:00:00,5.16
Switzerland,CHE,2024-06-02 16:00:00,2024-06-02 18:00:00,22.41
Switzerland,CHE,2024-06-02 17:00:00,2024-06-02 19:00:00,57.99
Switzerland,CHE,2024-06-02 18:00:00,2024-06-02 20:00:00,59.54
Switzerland,CHE,2024-06-02 19:00:00,2024-06-02 21:00:00,66.34
Switzerland,CHE,2024-06-02 20:00:00,2024-06-02 22:00:00,63.03
Switzerland,CHE,2024-06-02 21:00:00,2024-06-02 23:00:00,59.55
Switzerland,CHE,2024-06-02 22:00:00,2024-06-03 00:00:00,74.04
Switzerland,CHE,2024-06-02 23:00:00,2024-06-03 01:00:00,70.64
Switzerland,CHE,2024-06-03 00:00:00,2024-06-03 02:00:00,71.07
Switzerland,CHE,2024-06-03 01:00:00,2024-06-03 03:00:00,71.34
Switzerland,CHE,2024-06-03 02:00:00,2024-06-03 04:00:00,71.67
Switzerland,CHE,2024-06-03 03:00:00,2024-06-03 05:00:00,59.14
Switzerland,CHE,2024-06-03 04:00:00,2024-06-03 06:00:00,60.09
Switzerland,CHE,2024-06-03 05:00:00,2024-06-03 07:00:00,78.09
Switzerland,CHE,2024-06-03 06:00:00,2024-06-03 08:00:00,79.97
Switzerland,CHE,2024-06-03 07:00:00,2024-06-03 09:00:00,76.73
Switzerland,CHE,2024-06-03 08:00:00,2024-06-03 10:00:00,82.72
Switzerland,CHE,2024-06-03 09:00:00,2024-06-03 11:00:00,78.41
Switzerland,CHE,2024-06-03 10:00:00,2024-06-03 12:00:00,76.54
Switzerland,CHE,2024-06-03 11:00:00,2024-06-03 13:00:00,74.07
Switzerland,CHE,2024-06-03 12:00:00,2024-06-03 14:00:00,64.79
Switzerland,CHE,2024-06-03 13:00:00,2024-06-03 15:00:00,68.74
Switzerland,CHE,2024-06-03 14:00:00,2024-06-03 16:00:00,76.59
Switzerland,CHE,2024-06-03 15:00:00,2024-06-03 17:00:00,80.32
Switzerland,CHE,2024-06-03 16:00:00,2024-06-03 18:00:00,75.47
Switzerland,CHE,2024-06-03 17:00:00,2024-06-03 19:00:00,73.97
Switzerland,CHE,2024-06-03 18:00:00,2024-06-03 20:00:00,74.08
Switzerland,CHE,2024-06-03 19:00:00,2024-06-03 21:00:00,74.09
Switzerland,CHE,2024-06-03 20:00:00,2024-06-03 22:00:00,71.89
Switzerland,CHE,2024-06-03 21:00:00,2024-06-03 23:00:00,60.0
Switzerland,CHE,2024-06-03 22:00:00,2024-06-04 00:00:00,85.61
Switzerland,CHE,2024-06-03 23:00:00,2024-06-04 01:00:00,86.7
Switzerland,CHE,2024-06-04 00:00:00,2024-06-04 02:00:00,86.99
Switzerland,CHE,2024-06-04 01:00:00,2024-06-04 03:00:00,87.1
Switzerland,CHE,2024-06-04 02:00:00,2024-06-04 04:00:00,85.83
Switzerland,CHE,2024-06-04 03:00:00,2024-06-04 05:00:00,81.76
Switzerland,CHE,2024-06-04 04:00:00,2024-06-04 06:00:00,82.39
Switzerland,CHE,2024-06-04 05:00:00,2024-06-04 07:00:00,75.84
Switzerland,CHE,2024-06-04 06:00:00,2024-06-04 08:00:00,75.95
Switzerland,CHE,2024-06-04 07:00:00,2024-06-04 09:00:00,79.92
Switzerland,CHE,2024-06-04 08:00:00,2024-06-04 10:00:00,88.07
Switzerland,CHE,2024-06-04 09:00:00,2024-06-04 11:00:00,83.7
Switzerland,CHE,2024-06-04 10:00:00,2024-06-04 12:00:00,68.1
Switzerland,CHE,2024-06-04 11:00:00,2024-06-04 13:00:00,65.54
Switzerland,CHE,2024-06-04 12:00:00,2024-06-04 14:00:00,60.76
Switzerland,CHE,2024-06-04 13:00:00,2024-06-04 15:00:00,64.83
Switzerland,CHE,2024-06-04 14:00:00,2024-06-04 16:00:00,68.0
Switzerland,CHE,2024-06-04 15:00:00,2024-06-04 17:00:00,84.42
Switzerland,CHE,2024-06-04 16:00:00,2024-06-04 18:00:00,75.58
Switzerland,CHE,2024-06-04 17:00:00,2024-06-04 19:00:00,77.66
Switzerland,CHE,2024-06-04 18:00:00,2024-06-04 20:00:00,79.98
Switzerland,CHE,2024-06-04 19:00:00,2024-06-04 21:00:00,74.07
Switzerland,CHE,2024-06-04 20:00:00,2024-06-04 22:00:00,79.93
Switzerland,CHE,2024-06-04 21:00:00,2024-06-04 23:00:00,75.11
Switzerland,CHE,2024-06-04 22:00:00,2024-06-05 00:00:00,65.43
Switzerland,CHE,2024-06-04 23:00:00,2024-06-05 01:00:00,60.54
Switzerland,CHE,2024-06-05 00:00:00,2024-06-05 02:00:00,58.36
Switzerland,CHE,2024-06-05 01:00:00,2024-06-05 03:00:00,60.0
Switzerland,CHE,2024-06-05 02:00:00,2024-06-05 04:00:00,57.91
Switzerland,CHE,2024-06-05 03:00:00,2024-06-05 05:00:00,65.0
Switzerland,CHE,2024-06-05 04:00:00,2024-06-05 06:00:00,79.36
Switzerland,CHE,2024-06-05 05:00:00,2024-06-05 07:00:00,77.94
Switzerland,CHE,2024-06-05 06:00:00,2024-06-05 08:00:00,77.1
Switzerland,CHE,2024-06-05 07:00:00,2024-06-05 09:00:00,79.35
Switzerland,CHE,2024-06-05 08:00:00,2024-06-05 10:00:00,68.04
Switzerland,CHE,2024-06-05 09:00:00,2024-06-05 11:00:00,61.69
Switzerland,CHE,2024-06-05 10:00:00,2024-06-05 12:00:00,47.33
Switzerland,CHE,2024-06-05 11:00:00,2024-06-05 13:00:00,45.58
Switzerland,CHE,2024-06-05 12:00:00,2024-06-05 14:00:00,42.36
Switzerland,CHE,2024-06-05 13:00:00,2024-06-05 15:00:00,60.09
Switzerland,CHE,2024-06-05 14:00:00,2024-06-05 16:00:00,62.65
Switzerland,CHE,2024-06-05 15:00:00,2024-06-05 17:00:00,79.93
Switzerland,CHE,2024-06-05 16:00:00,2024-06-05 18:00:00,76.6
Switzerland,CHE,2024-06-05 17:00:00,2024-06-05 19:00:00,76.03
Switzerland,CHE,2024-06-05 18:00:00,2024-06-05 20:00:00,76.96
Switzerland,CHE,2024-06-05 19:00:00,2024-06-05 21:00:00,83.05
Switzerland,CHE,2024-06-05 20:00:00,2024-06-05 22:00:00,82.06
Switzerland,CHE,2024-06-05 21:00:00,2024-06-05 23:00:00,81.08
Switzerland,CHE,2024-06-05 22:00:00,2024-06-06 00:00:00,76.03
Switzerland,CHE,2024-06-05 23:00:00,2024-06-06 01:00:00,66.05
Switzerland,CHE,2024-06-06 00:00:00,2024-06-06 02:00:00,66.03
Switzerland,CHE,2024-06-06 01:00:00,2024-06-06 03:00:00,71.23
Switzerland,CHE,2024-06-06 02:00:00,2024-06-06 04:00:00,68.06
Switzerland,CHE,2024-06-06 03:00:00,2024-06-06 05:00:00,57.81
Switzerland,CHE,2024-06-06 04:00:00,2024-06-06 06:00:00,59.11
Switzerland,CHE,2024-06-06 05:00:00,2024-06-06 07:00:00,73.48
Switzerland,CHE,2024-06-06 06:00:00,2024-06-06 08:00:00,73.41
Switzerland,CHE,2024-06-06 07:00:00,2024-06-06 09:00:00,61.33
Switzerland,CHE,2024-06-06 08:00:00,2024-06-06 10:00:00,57.96
Switzerland,CHE,2024-06-06 09:00:00,2024-06-06 11:00:00,45.88
Switzerland,CHE,2024-06-06 10:00:00,2024-06-06 12:00:00,30.57
Switzerland,CHE,2024-06-06 11:00:00,2024-06-06 13:00:00,28.43
Switzerland,CHE,2024-06-06 12:00:00,2024-06-06 14:00:00,26.26
Switzerland,CHE,2024-06-06 13:00:00,2024-06-06 15:00:00,38.42
Switzerland,CHE,2024-06-06 14:00:00,2024-06-06 16:00:00,60.42
Switzerland,CHE,2024-06-06 15:00:00,2024-06-06 17:00:00,80.48
Switzerland,CHE,2024-06-06 16:00:00,2024-06-06 18:00:00,66.9
Switzerland,CHE,2024-06-06 17:00:00,2024-06-06 19:00:00,78.42
Switzerland,CHE,2024-06-06 18:00:00,2024-06-06 20:00:00,83.04
Switzerland,CHE,2024-06-06 19:00:00,2024-06-06 21:00:00,83.04
Switzerland,CHE,2024-06-06 20:00:00,2024-06-06 22:00:00,84.39
Switzerland,CHE,2024-06-06 21:00:00,2024-06-06 23:00:00,82.25
Switzerland,CHE,2024-06-06 22:00:00,2024-06-07 00:00:00,80.0
Switzerland,CHE,2024-06-06 23:00:00,2024-06-07 01:00:00,77.96
Switzerland,CHE,2024-06-07 00:00:00,2024-06-07 02:00:00,76.02
Switzerland,CHE,2024-06-07 01:00:00,2024-06-07 03:00:00,76.02
Switzerland,CHE,2024-06-07 02:00:00,2024-06-07 04:00:00,76.02
Switzerland,CHE,2024-06-07 03:00:00,2024-06-07 05:00:00,65.03
Switzerland,CHE,2024-06-07 04:00:00,2024-06-07 06:00:00,71.46
Switzerland,CHE,2024-06-07 05:00:00,2024-06-07 07:00:00,78.68
Switzerland,CHE,2024-06-07 06:00:00,2024-06-07 08:00:00,81.07
Switzerland,CHE,2024-06-07 07:00:00,2024-06-07 09:00:00,76.37
Switzerland,CHE,2024-06-07 08:00:00,2024-06-07 10:00:00,58.63
Switzerland,CHE,2024-06-07 09:00:00,2024-06-07 11:00:00,45.88
Switzerland,CHE,2024-06-07 10:00:00,2024-06-07 12:00:00,29.7
Switzerland,CHE,2024-06-07 11:00:00,2024-06-07 13:00:00,23.2
Switzerland,CHE,2024-06-07 12:00:00,2024-06-07 14:00:00,22.34
Switzerland,CHE,2024-06-07 13:00:00,2024-06-07 15:00:00,15.24
Switzerland,CHE,2024-06-07 14:00:00,2024-06-07 16:00:00,57.5
Switzerland,CHE,2024-06-07 15:00:00,2024-06-07 17:00:00,71.06
Switzerland,CHE,2024-06-07 16:00:00,2024-06-07 18:00:00,63.43
Switzerland,CHE,2024-06-07 17:00:00,2024-06-07 19:00:00,72.84
Switzerland,CHE,2024-06-07 18:00:00,2024-06-07 20:00:00,79.43
Switzerland,CHE,2024-06-07 19:00:00,2024-06-07 21:00:00,80.58
Switzerland,CHE,2024-06-07 20:00:00,2024-06-07 22:00:00,81.88
Switzerland,CHE,2024-06-07 21:00:00,2024-06-07 23:00:00,80.01
Switzerland,CHE,2024-06-07 22:00:00,2024-06-08 00:00:00,72.53
Switzerland,CHE,2024-06-07 23:00:00,2024-06-08 01:00:00,70.04
Switzerland,CHE,2024-06-08 00:00:00,2024-06-08 02:00:00,71.22
Switzerland,CHE,2024-06-08 01:00:00,2024-06-08 03:00:00,73.13
Switzerland,CHE,2024-06-08 02:00:00,2024-06-08 04:00:00,73.13
Switzerland,CHE,2024-06-08 03:00:00,2024-06-08 05:00:00,57.11
Switzerland,CHE,2024-06-08 04:00:00,2024-06-08 06:00:00,58.27
Switzerland,CHE,2024-06-08 05:00:00,2024-06-08 07:00:00,56.52
Switzerland,CHE,2024-06-08 06:00:00,2024-06-08 08:00:00,48.6
Switzerland,CHE,2024-06-08 07:00:00,2024-06-08 09:00:00,14.6
Switzerland,CHE,2024-06-08 08:00:00,2024-06-08 10:00:00,-3.77
Switzerland,CHE,2024-06-08 09:00:00,2024-06-08 11:00:00,-9.75
Switzerland,CHE,2024-06-08 10:00:00,2024-06-08 12:00:00,-17.57
Switzerland,CHE,2024-06-08 11:00:00,2024-06-08 13:00:00,-27.24
Switzerland,CHE,2024-06-08 12:00:00,2024-06-08 14:00:00,-42.96
Switzerland,CHE,2024-06-08 13:00:00,2024-06-08 15:00:00,-30.89
Switzerland,CHE,2024-06-08 14:00:00,2024-06-08 16:00:00,-13.93
Switzerland,CHE,2024-06-08 15:00:00,2024-06-08 17:00:00,5.61
Switzerland,CHE,2024-06-08 16:00:00,2024-06-08 18:00:00,53.05
Switzerland,CHE,2024-06-08 17:00:00,2024-06-08 19:00:00,56.84
Switzerland,CHE,2024-06-08 18:00:00,2024-06-08 20:00:00,56.66
Switzerland,CHE,2024-06-08 19:00:00,2024-06-08 21:00:00,56.04
Switzerland,CHE,2024-06-08 20:00:00,2024-06-08 22:00:00,55.22
Switzerland,CHE,2024-06-08 21:00:00,2024-06-08 23:00:00,55.37
Switzerland,CHE,2024-06-08 22:00:00,2024-06-09 00:00:00,54.38
Switzerland,CHE,2024-06-08 23:00:00,2024-06-09 01:00:00,41.85
Switzerland,CHE,2024-06-09 00:00:00,2024-06-09 02:00:00,24.36
Switzerland,CHE,2024-06-09 01:00:00,2024-06-09 03:00:00,14.5
Switzerland,CHE,2024-06-09 02:00:00,2024-06-09 04:00:00,8.25
Switzerland,CHE,2024-06-09 03:00:00,2024-06-09 05:00:00,6.05
Switzerland,CHE,2024-06-09 04:00:00,2024-06-09 06:00:00,10.72
Switzerland,CHE,2024-06-09 05:00:00,2024-06-09 07:00:00,8.42
Switzerland,CHE,2024-06-09 06:00:00,2024-06-09 08:00:00,2.22
Switzerland,CHE,2024-06-09 07:00:00,2024-06-09 09:00:00,-7.75
Switzerland,CHE,2024-06-09 08:00:00,2024-06-09 10:00:00,-20.89
Switzerland,CHE,2024-06-09 09:00:00,2024-06-09 11:00:00,-26.67
Switzerland,CHE,2024-06-09 10:00:00,2024-06-09 12:00:00,-34.55
Switzerland,CHE,2024-06-09 11:00:00,2024-06-09 13:00:00,-43.71
Switzerland,CHE,2024-06-09 12:00:00,2024-06-09 14:00:00,-44.54
Switzerland,CHE,2024-06-09 13:00:00,2024-06-09 15:00:00,-29.81
Switzerland,CHE,2024-06-09 14:00:00,2024-06-09 16:00:00,-12.21
Switzerland,CHE,2024-06-09 15:00:00,2024-06-09 17:00:00,-0.79
Switzerland,CHE,2024-06-09 16:00:00,2024-06-09 18:00:00,37.98
Switzerland,CHE,2024-06-09 17:00:00,2024-06-09 19:00:00,55.09
Switzerland,CHE,2024-06-09 18:00:00,2024-06-09 20:00:00,53.92
Switzerland,CHE,2024-06-09 19:00:00,2024-06-09 21:00:00,53.01
Switzerland,CHE,2024-06-09 20:00:00,2024-06-09 22:00:00,54.27
Switzerland,CHE,2024-06-09 21:00:00,2024-06-09 23:00:00,50.09
Switzerland,CHE,2024-06-09 22:00:00,2024-06-10 00:00:00,66.5
Switzerland,CHE,2024-06-09 23:00:00,2024-06-10 01:00:00,67.37
Switzerland,CHE,2024-06-10 00:00:00,2024-06-10 02:00:00,63.75
Switzerland,CHE,2024-06-10 01:00:00,2024-06-10 03:00:00,60.34
Switzerland,CHE,2024-06-10 02:00:00,2024-06-10 04:00:00,58.03
Switzerland,CHE,2024-06-10 03:00:00,2024-06-10 05:00:00,51.15
Switzerland,CHE,2024-06-10 04:00:00,2024-06-10 06:00:00,68.6
Switzerland,CHE,2024-06-10 05:00:00,2024-06-10 07:00:00,68.96
Switzerland,CHE,2024-06-10 06:00:00,2024-06-10 08:00:00,69.25
Switzerland,CHE,2024-06-10 07:00:00,2024-06-10 09:00:00,69.04
Switzerland,CHE,2024-06-10 08:00:00,2024-06-10 10:00:00,68.85
Switzerland,CHE,2024-06-10 09:00:00,2024-06-10 11:00:00,68.14
Switzerland,CHE,2024-06-10 10:00:00,2024-06-10 12:00:00,53.88
Switzerland,CHE,2024-06-10 11:00:00,2024-06-10 13:00:00,51.99
Switzerland,CHE,2024-06-10 12:00:00,2024-06-10 14:00:00,53.88
Switzerland,CHE,2024-06-10 13:00:00,2024-06-10 15:00:00,53.57
Switzerland,CHE,2024-06-10 14:00:00,2024-06-10 16:00:00,53.56
Switzerland,CHE,2024-06-10 15:00:00,2024-06-10 17:00:00,61.5
Switzerland,CHE,2024-06-10 16:00:00,2024-06-10 18:00:00,65.58
Switzerland,CHE,2024-06-10 17:00:00,2024-06-10 19:00:00,69.21
Switzerland,CHE,2024-06-10 18:00:00,2024-06-10 20:00:00,68.66
Switzerland,CHE,2024-06-10 19:00:00,2024-06-10 21:00:00,68.17
Switzerland,CHE,2024-06-10 20:00:00,2024-06-10 22:00:00,68.03
Switzerland,CHE,2024-06-10 21:00:00,2024-06-10 23:00:00,60.02
Switzerland,CHE,2024-06-10 22:00:00,2024-06-11 00:00:00,60.04
Switzerland,CHE,2024-06-10 23:00:00,2024-06-11 01:00:00,57.18
Switzerland,CHE,2024-06-11 00:00:00,2024-06-11 02:00:00,57.21
Switzerland,CHE,2024-06-11 01:00:00,2024-06-11 03:00:00,55.24
Switzerland,CHE,2024-06-11 02:00:00,2024-06-11 04:00:00,56.12
Switzerland,CHE,2024-06-11 03:00:00,2024-06-11 05:00:00,56.05
Switzerland,CHE,2024-06-11 04:00:00,2024-06-11 06:00:00,60.02
Switzerland,CHE,2024-06-11 05:00:00,2024-06-11 07:00:00,67.43
Switzerland,CHE,2024-06-11 06:00:00,2024-06-11 08:00:00,66.9
Switzerland,CHE,2024-06-11 07:00:00,2024-06-11 09:00:00,60.04
Switzerland,CHE,2024-06-11 08:00:00,2024-06-11 10:00:00,54.18
Switzerland,CHE,2024-06-11 09:00:00,2024-06-11 11:00:00,52.2
Switzerland,CHE,2024-06-11 10:00:00,2024-06-11 12:00:00,47.04
Switzerland,CHE,2024-06-11 11:00:00,2024-06-11 13:00:00,44.6
Switzerland,CHE,2024-06-11 12:00:00,2024-06-11 14:00:00,43.85
Switzerland,CHE,2024-06-11 13:00:00,2024-06-11 15:00:00,50.03
Switzerland,CHE,2024-06-11 14:00:00,2024-06-11 16:00:00,53.06
Switzerland,CHE,2024-06-11 15:00:00,2024-06-11 17:00:00,55.7
Switzerland,CHE,2024-06-11 16:00:00,2024-06-11 18:00:00,62.24
Switzerland,CHE,2024-06-11 17:00:00,2024-06-11 19:00:00,65.91
Switzerland,CHE,2024-06-11 18:00:00,2024-06-11 20:00:00,60.08
Switzerland,CHE,2024-06-11 19:00:00,2024-06-11 21:00:00,62.44
Switzerland,CHE,2024-06-11 20:00:00,2024-06-11 22:00:00,69.83
Switzerland,CHE,2024-06-11 21:00:00,2024-06-11 23:00:00,69.67
Switzerland,CHE,2024-06-11 22:00:00,2024-06-12 00:00:00,69.63
Switzerland,CHE,2024-06-11 23:00:00,2024-06-12 01:00:00,69.14
Switzerland,CHE,2024-06-12 00:00:00,2024-06-12 02:00:00,69.05
Switzerland,CHE,2024-06-12 01:00:00,2024-06-12 03:00:00,69.62
Switzerland,CHE,2024-06-12 02:00:00,2024-06-12 04:00:00,69.04
Switzerland,CHE,2024-06-12 03:00:00,2024-06-12 05:00:00,60.09
Switzerland,CHE,2024-06-12 04:00:00,2024-06-12 06:00:00,69.03
Switzerland,CHE,2024-06-12 05:00:00,2024-06-12 07:00:00,63.94
Switzerland,CHE,2024-06-12 06:00:00,2024-06-12 08:00:00,62.67
Switzerland,CHE,2024-06-12 07:00:00,2024-06-12 09:00:00,58.09
Switzerland,CHE,2024-06-12 08:00:00,2024-06-12 10:00:00,59.14
Switzerland,CHE,2024-06-12 09:00:00,2024-06-12 11:00:00,47.47
Switzerland,CHE,2024-06-12 10:00:00,2024-06-12 12:00:00,37.05
Switzerland,CHE,2024-06-12 11:00:00,2024-06-12 13:00:00,28.21
Switzerland,CHE,2024-06-12 12:00:00,2024-06-12 14:00:00,26.25
Switzerland,CHE,2024-06-12 13:00:00,2024-06-12 15:00:00,32.16
Switzerland,CHE,2024-06-12 14:00:00,2024-06-12 16:00:00,56.11
Switzerland,CHE,2024-06-12 15:00:00,2024-06-12 17:00:00,56.3
Switzerland,CHE,2024-06-12 16:00:00,2024-06-12 18:00:00,56.35
Switzerland,CHE,2024-06-12 17:00:00,2024-06-12 19:00:00,63.56
Switzerland,CHE,2024-06-12 18:00:00,2024-06-12 20:00:00,72.05
Switzerland,CHE,2024-06-12 19:00:00,2024-06-12 21:00:00,76.06
Switzerland,CHE,2024-06-12 20:00:00,2024-06-12 22:00:00,74.31
Switzerland,CHE,2024-06-12 21:00:00,2024-06-12 23:00:00,70.37
Switzerland,CHE,2024-06-12 22:00:00,2024-06-13 00:00:00,63.07
Switzerland,CHE,2024-06-12 23:00:00,2024-06-13 01:00:00,59.42
Switzerland,CHE,2024-06-13 00:00:00,2024-06-13 02:00:00,63.53
Switzerland,CHE,2024-06-13 01:00:00,2024-06-13 03:00:00,65.05
Switzerland,CHE,2024-06-13 02:00:00,2024-06-13 04:00:00,65.1
Switzerland,CHE,2024-06-13 03:00:00,2024-06-13 05:00:00,53.9
Switzerland,CHE,2024-06-13 04:00:00,2024-06-13 06:00:00,58.08
Switzerland,CHE,2024-06-13 05:00:00,2024-06-13 07:00:00,60.09
Switzerland,CHE,2024-06-13 06:00:00,2024-06-13 08:00:00,61.08
Switzerland,CHE,2024-06-13 07:00:00,2024-06-13 09:00:00,57.3
Switzerland,CHE,2024-06-13 08:00:00,2024-06-13 10:00:00,67.01
Switzerland,CHE,2024-06-13 09:00:00,2024-06-13 11:00:00,63.33
Switzerland,CHE,2024-06-13 10:00:00,2024-06-13 12:00:00,53.91
Switzerland,CHE,2024-06-13 11:00:00,2024-06-13 13:00:00,50.73
Switzerland,CHE,2024-06-13 12:00:00,2024-06-13 14:00:00,49.78
Switzerland,CHE,2024-06-13 13:00:00,2024-06-13 15:00:00,56.67
Switzerland,CHE,2024-06-13 14:00:00,2024-06-13 16:00:00,60.8
Switzerland,CHE,2024-06-13 15:00:00,2024-06-13 17:00:00,69.09
Switzerland,CHE,2024-06-13 16:00:00,2024-06-13 18:00:00,58.04
Switzerland,CHE,2024-06-13 17:00:00,2024-06-13 19:00:00,57.26
Switzerland,CHE,2024-06-13 18:00:00,2024-06-13 20:00:00,61.69
Switzerland,CHE,2024-06-13 19:00:00,2024-06-13 21:00:00,65.04
Switzerland,CHE,2024-06-13 20:00:00,2024-06-13 22:00:00,65.99
Switzerland,CHE,2024-06-13 21:00:00,2024-06-13 23:00:00,65.98
Switzerland,CHE,2024-06-13 22:00:00,2024-06-14 00:00:00,62.09
Switzerland,CHE,2024-06-13 23:00:00,2024-06-14 01:00:00,62.44
Switzerland,CHE,2024-06-14 00:00:00,2024-06-14 02:00:00,62.19
Switzerland,CHE,2024-06-14 01:00:00,2024-06-14 03:00:00,62.17
Switzerland,CHE,2024-06-14 02:00:00,2024-06-14 04:00:00,62.15
Switzerland,CHE,2024-06-14 03:00:00,2024-06-14 05:00:00,57.27
Switzerland,CHE,2024-06-14 04:00:00,2024-06-14 06:00:00,60.24
Switzerland,CHE,2024-06-14 05:00:00,2024-06-14 07:00:00,62.13
Switzerland,CHE,2024-06-14 06:00:00,2024-06-14 08:00:00,62.13
Switzerland,CHE,2024-06-14 07:00:00,2024-06-14 09:00:00,63.33
Switzerland,CHE,2024-06-14 08:00:00,2024-06-14 10:00:00,70.52
Switzerland,CHE,2024-06-14 09:00:00,2024-06-14 11:00:00,70.92
Switzerland,CHE,2024-06-14 10:00:00,2024-06-14 12:00:00,66.36
Switzerland,CHE,2024-06-14 11:00:00,2024-06-14 13:00:00,60.43
Switzerland,CHE,2024-06-14 12:00:00,2024-06-14 14:00:00,55.78
Switzerland,CHE,2024-06-14 13:00:00,2024-06-14 15:00:00,57.2
Switzerland,CHE,2024-06-14 14:00:00,2024-06-14 16:00:00,62.19
Switzerland,CHE,2024-06-14 15:00:00,2024-06-14 17:00:00,66.53
Switzerland,CHE,2024-06-14 16:00:00,2024-06-14 18:00:00,59.79
Switzerland,CHE,2024-06-14 17:00:00,2024-06-14 19:00:00,62.02
Switzerland,CHE,2024-06-14 18:00:00,2024-06-14 20:00:00,60.05
Switzerland,CHE,2024-06-14 19:00:00,2024-06-14 21:00:00,55.04
Switzerland,CHE,2024-06-14 20:00:00,2024-06-14 22:00:00,61.41
Switzerland,CHE,2024-06-14 21:00:00,2024-06-14 23:00:00,61.1
Switzerland,CHE,2024-06-14 22:00:00,2024-06-15 00:00:00,52.45
Switzerland,CHE,2024-06-14 23:00:00,2024-06-15 01:00:00,47.5
Switzerland,CHE,2024-06-15 00:00:00,2024-06-15 02:00:00,40.98
Switzerland,CHE,2024-06-15 01:00:00,2024-06-15 03:00:00,32.99
Switzerland,CHE,2024-06-15 02:00:00,2024-06-15 04:00:00,28.79
Switzerland,CHE,2024-06-15 03:00:00,2024-06-15 05:00:00,25.48
Switzerland,CHE,2024-06-15 04:00:00,2024-06-15 06:00:00,34.06
Switzerland,CHE,2024-06-15 05:00:00,2024-06-15 07:00:00,18.93
Switzerland,CHE,2024-06-15 06:00:00,2024-06-15 08:00:00,14.6
Switzerland,CHE,2024-06-15 07:00:00,2024-06-15 09:00:00,9.44
Switzerland,CHE,2024-06-15 08:00:00,2024-06-15 10:00:00,-4.64
Switzerland,CHE,2024-06-15 09:00:00,2024-06-15 11:00:00,-22.68
Switzerland,CHE,2024-06-15 10:00:00,2024-06-15 12:00:00,-41.17
Switzerland,CHE,2024-06-15 11:00:00,2024-06-15 13:00:00,-57.97
Switzerland,CHE,2024-06-15 12:00:00,2024-06-15 14:00:00,-62.63
Switzerland,CHE,2024-06-15 13:00:00,2024-06-15 15:00:00,-51.35
Switzerland,CHE,2024-06-15 14:00:00,2024-06-15 16:00:00,-24.62
Switzerland,CHE,2024-06-15 15:00:00,2024-06-15 17:00:00,0.28
Switzerland,CHE,2024-06-15 16:00:00,2024-06-15 18:00:00,13.07
Switzerland,CHE,2024-06-15 17:00:00,2024-06-15 19:00:00,45.56
Switzerland,CHE,2024-06-15 18:00:00,2024-06-15 20:00:00,45.08
Switzerland,CHE,2024-06-15 19:00:00,2024-06-15 21:00:00,45.49
Switzerland,CHE,2024-06-15 20:00:00,2024-06-15 22:00:00,45.03
Switzerland,CHE,2024-06-15 21:00:00,2024-06-15 23:00:00,44.53
Switzerland,CHE,2024-06-15 22:00:00,2024-06-16 00:00:00,37.52
Switzerland,CHE,2024-06-15 23:00:00,2024-06-16 01:00:00,28.19
Switzerland,CHE,2024-06-16 00:00:00,2024-06-16 02:00:00,18.32
Switzerland,CHE,2024-06-16 01:00:00,2024-06-16 03:00:00,13.28
Switzerland,CHE,2024-06-16 02:00:00,2024-06-16 04:00:00,15.06
Switzerland,CHE,2024-06-16 03:00:00,2024-06-16 05:00:00,19.96
Switzerland,CHE,2024-06-16 04:00:00,2024-06-16 06:00:00,19.34
Switzerland,CHE,2024-06-16 05:00:00,2024-06-16 07:00:00,15.73
Switzerland,CHE,2024-06-16 06:00:00,2024-06-16 08:00:00,8.29
Switzerland,CHE,2024-06-16 07:00:00,2024-06-16 09:00:00,0.77
Switzerland,CHE,2024-06-16 08:00:00,2024-06-16 10:00:00,-10.18
Switzerland,CHE,2024-06-16 09:00:00,2024-06-16 11:00:00,-18.77
Switzerland,CHE,2024-06-16 10:00:00,2024-06-16 12:00:00,-30.65
Switzerland,CHE,2024-06-16 11:00:00,2024-06-16 13:00:00,-49.99
Switzerland,CHE,2024-06-16 12:00:00,2024-06-16 14:00:00,-58.66
Switzerland,CHE,2024-06-16 13:00:00,2024-06-16 15:00:00,-46.53
Switzerland,CHE,2024-06-16 14:00:00,2024-06-16 16:00:00,-12.8
Switzerland,CHE,2024-06-16 15:00:00,2024-06-16 17:00:00,7.88
Switzerland,CHE,2024-06-16 16:00:00,2024-06-16 18:00:00,20.97
Switzerland,CHE,2024-06-16 17:00:00,2024-06-16 19:00:00,39.49
Switzerland,CHE,2024-06-16 18:00:00,2024-06-16 20:00:00,46.02
Switzerland,CHE,2024-06-16 19:00:00,2024-06-16 21:00:00,45.98
Switzerland,CHE,2024-06-16 20:00:00,2024-06-16 22:00:00,53.99
Switzerland,CHE,2024-06-16 21:00:00,2024-06-16 23:00:00,46.86
Switzerland,CHE,2024-06-16 22:00:00,2024-06-17 00:00:00,46.88
Switzerland,CHE,2024-06-16 23:00:00,2024-06-17 01:00:00,47.78
Switzerland,CHE,2024-06-17 00:00:00,2024-06-17 02:00:00,50.64
Switzerland,CHE,2024-06-17 01:00:00,2024-06-17 03:00:00,50.06
Switzerland,CHE,2024-06-17 02:00:00,2024-06-17 04:00:00,47.74
Switzerland,CHE,2024-06-17 03:00:00,2024-06-17 05:00:00,45.56
Switzerland,CHE,2024-06-17 04:00:00,2024-06-17 06:00:00,47.06
Switzerland,CHE,2024-06-17 05:00:00,2024-06-17 07:00:00,51.41
Switzerland,CHE,2024-06-17 06:00:00,2024-06-17 08:00:00,50.28
Switzerland,CHE,2024-06-17 07:00:00,2024-06-17 09:00:00,45.7
Switzerland,CHE,2024-06-17 08:00:00,2024-06-17 10:00:00,50.04
Switzerland,CHE,2024-06-17 09:00:00,2024-06-17 11:00:00,46.41
Switzerland,CHE,2024-06-17 10:00:00,2024-06-17 12:00:00,38.53
Switzerland,CHE,2024-06-17 11:00:00,2024-06-17 13:00:00,27.98
Switzerland,CHE,2024-06-17 12:00:00,2024-06-17 14:00:00,33.2
Switzerland,CHE,2024-06-17 13:00:00,2024-06-17 15:00:00,46.59
Switzerland,CHE,2024-06-17 14:00:00,2024-06-17 16:00:00,53.97
Switzerland,CHE,2024-06-17 15:00:00,2024-06-17 17:00:00,47.0
Switzerland,CHE,2024-06-17 16:00:00,2024-06-17 18:00:00,46.09
Switzerland,CHE,2024-06-17 17:00:00,2024-06-17 19:00:00,52.14
Switzerland,CHE,2024-06-17 18:00:00,2024-06-17 20:00:00,59.09
Switzerland,CHE,2024-06-17 19:00:00,2024-06-17 21:00:00,60.14
Switzerland,CHE,2024-06-17 20:00:00,2024-06-17 22:00:00,59.5
Switzerland,CHE,2024-06-17 21:00:00,2024-06-17 23:00:00,58.21
Switzerland,CHE,2024-06-17 22:00:00,2024-06-18 00:00:00,51.63
Switzerland,CHE,2024-06-17 23:00:00,2024-06-18 01:00:00,47.11
Switzerland,CHE,2024-06-18 00:00:00,2024-06-18 02:00:00,45.6
Switzerland,CHE,2024-06-18 01:00:00,2024-06-18 03:00:00,44.06
Switzerland,CHE,2024-06-18 02:00:00,2024-06-18 04:00:00,39.04
Switzerland,CHE,2024-06-18 03:00:00,2024-06-18 05:00:00,24.93
Switzerland,CHE,2024-06-18 04:00:00,2024-06-18 06:00:00,45.17
Switzerland,CHE,2024-06-18 05:00:00,2024-06-18 07:00:00,54.49
Switzerland,CHE,2024-06-18 06:00:00,2024-06-18 08:00:00,55.07
Switzerland,CHE,2024-06-18 07:00:00,2024-06-18 09:00:00,50.34
Switzerland,CHE,2024-06-18 08:00:00,2024-06-18 10:00:00,45.42
Switzerland,CHE,2024-06-18 09:00:00,2024-06-18 11:00:00,43.29
Switzerland,CHE,2024-06-18 10:00:00,2024-06-18 12:00:00,39.1
Switzerland,CHE,2024-06-18 11:00:00,2024-06-18 13:00:00,44.67
Switzerland,CHE,2024-06-18 12:00:00,2024-06-18 14:00:00,45.03
Switzerland,CHE,2024-06-18 13:00:00,2024-06-18 15:00:00,41.39
Switzerland,CHE,2024-06-18 14:00:00,2024-06-18 16:00:00,20.1
Switzerland,CHE,2024-06-18 15:00:00,2024-06-18 17:00:00,44.63
Switzerland,CHE,2024-06-18 16:00:00,2024-06-18 18:00:00,40.42
Switzerland,CHE,2024-06-18 17:00:00,2024-06-18 19:00:00,56.01
Switzerland,CHE,2024-06-18 18:00:00,2024-06-18 20:00:00,59.18
Switzerland,CHE,2024-06-18 19:00:00,2024-06-18 21:00:00,59.28
Switzerland,CHE,2024-06-18 20:00:00,2024-06-18 22:00:00,59.56
Switzerland,CHE,2024-06-18 21:00:00,2024-06-18 23:00:00,58.1
Switzerland,CHE,2024-06-18 22:00:00,2024-06-19 00:00:00,43.28
Switzerland,CHE,2024-06-18 23:00:00,2024-06-19 01:00:00,41.85
Switzerland,CHE,2024-06-19 00:00:00,2024-06-19 02:00:00,43.22
Switzerland,CHE,2024-06-19 01:00:00,2024-06-19 03:00:00,42.25
Switzerland,CHE,2024-06-19 02:00:00,2024-06-19 04:00:00,43.27
Switzerland,CHE,2024-06-19 03:00:00,2024-06-19 05:00:00,43.96
Switzerland,CHE,2024-06-19 04:00:00,2024-06-19 06:00:00,44.09
Switzerland,CHE,2024-06-19 05:00:00,2024-06-19 07:00:00,47.95
Switzerland,CHE,2024-06-19 06:00:00,2024-06-19 08:00:00,47.97
Switzerland,CHE,2024-06-19 07:00:00,2024-06-19 09:00:00,44.22
Switzerland,CHE,2024-06-19 08:00:00,2024-06-19 10:00:00,45.24
Switzerland,CHE,2024-06-19 09:00:00,2024-06-19 11:00:00,44.55
Switzerland,CHE,2024-06-19 10:00:00,2024-06-19 12:00:00,43.74
Switzerland,CHE,2024-06-19 11:00:00,2024-06-19 13:00:00,42.71
Switzerland,CHE,2024-06-19 12:00:00,2024-06-19 14:00:00,33.97
Switzerland,CHE,2024-06-19 13:00:00,2024-06-19 15:00:00,37.44
Switzerland,CHE,2024-06-19 14:00:00,2024-06-19 16:00:00,42.88
Switzerland,CHE,2024-06-19 15:00:00,2024-06-19 17:00:00,44.13
Switzerland,CHE,2024-06-19 16:00:00,2024-06-19 18:00:00,44.06
Switzerland,CHE,2024-06-19 17:00:00,2024-06-19 19:00:00,45.96
Switzerland,CHE,2024-06-19 18:00:00,2024-06-19 20:00:00,44.19
Switzerland,CHE,2024-06-19 19:00:00,2024-06-19 21:00:00,46.3
Switzerland,CHE,2024-06-19 20:00:00,2024-06-19 22:00:00,46.84
Switzerland,CHE,2024-06-19 21:00:00,2024-06-19 23:00:00,45.98
Switzerland,CHE,2024-06-19 22:00:00,2024-06-20 00:00:00,56.06
Switzerland,CHE,2024-06-19 23:00:00,2024-06-20 01:00:00,46.81
Switzerland,CHE,2024-06-20 00:00:00,2024-06-20 02:00:00,45.8
Switzerland,CHE,2024-06-20 01:00:00,2024-06-20 03:00:00,44.67
Switzerland,CHE,2024-06-20 02:00:00,2024-06-20 04:00:00,45.34
Switzerland,CHE,2024-06-20 03:00:00,2024-06-20 05:00:00,46.08
Switzerland,CHE,2024-06-20 04:00:00,2024-06-20 06:00:00,52.07
Switzerland,CHE,2024-06-20 05:00:00,2024-06-20 07:00:00,63.63
Switzerland,CHE,2024-06-20 06:00:00,2024-06-20 08:00:00,65.32
Switzerland,CHE,2024-06-20 07:00:00,2024-06-20 09:00:00,65.39
Switzerland,CHE,2024-06-20 08:00:00,2024-06-20 10:00:00,58.42
Switzerland,CHE,2024-06-20 09:00:00,2024-06-20 11:00:00,52.89
Switzerland,CHE,2024-06-20 10:00:00,2024-06-20 12:00:00,48.65
Switzerland,CHE,2024-06-20 11:00:00,2024-06-20 13:00:00,45.85
Switzerland,CHE,2024-06-20 12:00:00,2024-06-20 14:00:00,46.46
Switzerland,CHE,2024-06-20 13:00:00,2024-06-20 15:00:00,50.43
Switzerland,CHE,2024-06-20 14:00:00,2024-06-20 16:00:00,53.99
Switzerland,CHE,2024-06-20 15:00:00,2024-06-20 17:00:00,51.07
Switzerland,CHE,2024-06-20 16:00:00,2024-06-20 18:00:00,54.94
Switzerland,CHE,2024-06-20 17:00:00,2024-06-20 19:00:00,67.43
Switzerland,CHE,2024-06-20 18:00:00,2024-06-20 20:00:00,72.98
Switzerland,CHE,2024-06-20 19:00:00,2024-06-20 21:00:00,69.26
Switzerland,CHE,2024-06-20 20:00:00,2024-06-20 22:00:00,67.07
Switzerland,CHE,2024-06-20 21:00:00,2024-06-20 23:00:00,63.38
Switzerland,CHE,2024-06-20 22:00:00,2024-06-21 00:00:00,92.25
Switzerland,CHE,2024-06-20 23:00:00,2024-06-21 01:00:00,83.82
Switzerland,CHE,2024-06-21 00:00:00,2024-06-21 02:00:00,70.07
Switzerland,CHE,2024-06-21 01:00:00,2024-06-21 03:00:00,62.71
Switzerland,CHE,2024-06-21 02:00:00,2024-06-21 04:00:00,61.94
Switzerland,CHE,2024-06-21 03:00:00,2024-06-21 05:00:00,69.08
Switzerland,CHE,2024-06-21 04:00:00,2024-06-21 06:00:00,95.84
Switzerland,CHE,2024-06-21 05:00:00,2024-06-21 07:00:00,117.11
Switzerland,CHE,2024-06-21 06:00:00,2024-06-21 08:00:00,117.28
Switzerland,CHE,2024-06-21 07:00:00,2024-06-21 09:00:00,96.01
Switzerland,CHE,2024-06-21 08:00:00,2024-06-21 10:00:00,83.15
Switzerland,CHE,2024-06-21 09:00:00,2024-06-21 11:00:00,70.31
Switzerland,CHE,2024-06-21 10:00:00,2024-06-21 12:00:00,65.12
Switzerland,CHE,2024-06-21 11:00:00,2024-06-21 13:00:00,60.76
Switzerland,CHE,2024-06-21 12:00:00,2024-06-21 14:00:00,59.39
Switzerland,CHE,2024-06-21 13:00:00,2024-06-21 15:00:00,60.65
Switzerland,CHE,2024-06-21 14:00:00,2024-06-21 16:00:00,62.02
Switzerland,CHE,2024-06-21 15:00:00,2024-06-21 17:00:00,57.5
Switzerland,CHE,2024-06-21 16:00:00,2024-06-21 18:00:00,59.97
Switzerland,CHE,2024-06-21 17:00:00,2024-06-21 19:00:00,77.33
Switzerland,CHE,2024-06-21 18:00:00,2024-06-21 20:00:00,96.97
Switzerland,CHE,2024-06-21 19:00:00,2024-06-21 21:00:00,92.25
Switzerland,CHE,2024-06-21 20:00:00,2024-06-21 22:00:00,88.78
Switzerland,CHE,2024-06-21 21:00:00,2024-06-21 23:00:00,75.14
Switzerland,CHE,2024-06-21 22:00:00,2024-06-22 00:00:00,61.33
Switzerland,CHE,2024-06-21 23:00:00,2024-06-22 01:00:00,50.16
Switzerland,CHE,2024-06-22 00:00:00,2024-06-22 02:00:00,39.66
Switzerland,CHE,2024-06-22 01:00:00,2024-06-22 03:00:00,35.07
Switzerland,CHE,2024-06-22 02:00:00,2024-06-22 04:00:00,32.69
Switzerland,CHE,2024-06-22 03:00:00,2024-06-22 05:00:00,36.9
Switzerland,CHE,2024-06-22 04:00:00,2024-06-22 06:00:00,29.64
Switzerland,CHE,2024-06-22 05:00:00,2024-06-22 07:00:00,37.08
Switzerland,CHE,2024-06-22 06:00:00,2024-06-22 08:00:00,31.76
Switzerland,CHE,2024-06-22 07:00:00,2024-06-22 09:00:00,20.03
Switzerland,CHE,2024-06-22 08:00:00,2024-06-22 10:00:00,5.34
Switzerland,CHE,2024-06-22 09:00:00,2024-06-22 11:00:00,-1.65
Switzerland,CHE,2024-06-22 10:00:00,2024-06-22 12:00:00,-2.9
Switzerland,CHE,2024-06-22 11:00:00,2024-06-22 13:00:00,-5.92
Switzerland,CHE,2024-06-22 12:00:00,2024-06-22 14:00:00,-6.85
Switzerland,CHE,2024-06-22 13:00:00,2024-06-22 15:00:00,-7.6
Switzerland,CHE,2024-06-22 14:00:00,2024-06-22 16:00:00,-9.98
Switzerland,CHE,2024-06-22 15:00:00,2024-06-22 17:00:00,3.94
Switzerland,CHE,2024-06-22 16:00:00,2024-06-22 18:00:00,40.1
Switzerland,CHE,2024-06-22 17:00:00,2024-06-22 19:00:00,54.51
Switzerland,CHE,2024-06-22 18:00:00,2024-06-22 20:00:00,65.3
Switzerland,CHE,2024-06-22 19:00:00,2024-06-22 21:00:00,66.48
Switzerland,CHE,2024-06-22 20:00:00,2024-06-22 22:00:00,71.53
Switzerland,CHE,2024-06-22 21:00:00,2024-06-22 23:00:00,67.36
Switzerland,CHE,2024-06-22 22:00:00,2024-06-23 00:00:00,64.78
Switzerland,CHE,2024-06-22 23:00:00,2024-06-23 01:00:00,58.92
Switzerland,CHE,2024-06-23 00:00:00,2024-06-23 02:00:00,53.52
Switzerland,CHE,2024-06-23 01:00:00,2024-06-23 03:00:00,50.91
Switzerland,CHE,2024-06-23 02:00:00,2024-06-23 04:00:00,52.09
Switzerland,CHE,2024-06-23 03:00:00,2024-06-23 05:00:00,48.94
Switzerland,CHE,2024-06-23 04:00:00,2024-06-23 06:00:00,47.7
Switzerland,CHE,2024-06-23 05:00:00,2024-06-23 07:00:00,39.57
Switzerland,CHE,2024-06-23 06:00:00,2024-06-23 08:00:00,24.06
Switzerland,CHE,2024-06-23 07:00:00,2024-06-23 09:00:00,5.24
Switzerland,CHE,2024-06-23 08:00:00,2024-06-23 10:00:00,6.71
Switzerland,CHE,2024-06-23 09:00:00,2024-06-23 11:00:00,5.42
Switzerland,CHE,2024-06-23 10:00:00,2024-06-23 12:00:00,4.06
Switzerland,CHE,2024-06-23 11:00:00,2024-06-23 13:00:00,0.97
Switzerland,CHE,2024-06-23 12:00:00,2024-06-23 14:00:00,-0.71
Switzerland,CHE,2024-06-23 13:00:00,2024-06-23 15:00:00,2.43
Switzerland,CHE,2024-06-23 14:00:00,2024-06-23 16:00:00,6.04
Switzerland,CHE,2024-06-23 15:00:00,2024-06-23 17:00:00,26.58
Switzerland,CHE,2024-06-23 16:00:00,2024-06-23 18:00:00,47.72
Switzerland,CHE,2024-06-23 17:00:00,2024-06-23 19:00:00,58.97
Switzerland,CHE,2024-06-23 18:00:00,2024-06-23 20:00:00,67.38
Switzerland,CHE,2024-06-23 19:00:00,2024-06-23 21:00:00,68.62
Switzerland,CHE,2024-06-23 20:00:00,2024-06-23 22:00:00,67.91
Switzerland,CHE,2024-06-23 21:00:00,2024-06-23 23:00:00,67.42
Switzerland,CHE,2024-06-23 22:00:00,2024-06-24 00:00:00,53.8
Switzerland,CHE,2024-06-23 23:00:00,2024-06-24 01:00:00,51.28
Switzerland,CHE,2024-06-24 00:00:00,2024-06-24 02:00:00,50.66
Switzerland,CHE,2024-06-24 01:00:00,2024-06-24 03:00:00,48.95
Switzerland,CHE,2024-06-24 02:00:00,2024-06-24 04:00:00,50.6
Switzerland,CHE,2024-06-24 03:00:00,2024-06-24 05:00:00,51.06
Switzerland,CHE,2024-06-24 04:00:00,2024-06-24 06:00:00,48.99
Switzerland,CHE,2024-06-24 05:00:00,2024-06-24 07:00:00,53.33
Switzerland,CHE,2024-06-24 06:00:00,2024-06-24 08:00:00,54.02
Switzerland,CHE,2024-06-24 07:00:00,2024-06-24 09:00:00,52.89
Switzerland,CHE,2024-06-24 08:00:00,2024-06-24 10:00:00,52.47
Switzerland,CHE,2024-06-24 09:00:00,2024-06-24 11:00:00,50.6
Switzerland,CHE,2024-06-24 10:00:00,2024-06-24 12:00:00,40.96
Switzerland,CHE,2024-06-24 11:00:00,2024-06-24 13:00:00,34.49
Switzerland,CHE,2024-06-24 12:00:00,2024-06-24 14:00:00,35.58
Switzerland,CHE,2024-06-24 13:00:00,2024-06-24 15:00:00,45.78
Switzerland,CHE,2024-06-24 14:00:00,2024-06-24 16:00:00,51.87
Switzerland,CHE,2024-06-24 15:00:00,2024-06-24 17:00:00,46.52
Switzerland,CHE,2024-06-24 16:00:00,2024-06-24 18:00:00,53.04
Switzerland,CHE,2024-06-24 17:00:00,2024-06-24 19:00:00,64.19
Switzerland,CHE,2024-06-24 18:00:00,2024-06-24 20:00:00,79.49
Switzerland,CHE,2024-06-24 19:00:00,2024-06-24 21:00:00,78.18
Switzerland,CHE,2024-06-24 20:00:00,2024-06-24 22:00:00,78.13
Switzerland,CHE,2024-06-24 21:00:00,2024-06-24 23:00:00,67.57
Switzerland,CHE,2024-06-24 22:00:00,2024-06-25 00:00:00,51.75
Switzerland,CHE,2024-06-24 23:00:00,2024-06-25 01:00:00,48.6
Switzerland,CHE,2024-06-25 00:00:00,2024-06-25 02:00:00,48.09
Switzerland,CHE,2024-06-25 01:00:00,2024-06-25 03:00:00,37.09
Switzerland,CHE,2024-06-25 02:00:00,2024-06-25 04:00:00,39.44
Switzerland,CHE,2024-06-25 03:00:00,2024-06-25 05:00:00,46.39
Switzerland,CHE,2024-06-25 04:00:00,2024-06-25 06:00:00,48.92
Switzerland,CHE,2024-06-25 05:00:00,2024-06-25 07:00:00,57.07
Switzerland,CHE,2024-06-25 06:00:00,2024-06-25 08:00:00,61.76
Switzerland,CHE,2024-06-25 07:00:00,2024-06-25 09:00:00,50.57
Switzerland,CHE,2024-06-25 08:00:00,2024-06-25 10:00:00,50.73
Switzerland,CHE,2024-06-25 09:00:00,2024-06-25 11:00:00,38.01
Switzerland,CHE,2024-06-25 10:00:00,2024-06-25 12:00:00,30.04
Switzerland,CHE,2024-06-25 11:00:00,2024-06-25 13:00:00,28.94
Switzerland,CHE,2024-06-25 12:00:00,2024-06-25 14:00:00,27.78
Switzerland,CHE,2024-06-25 13:00:00,2024-06-25 15:00:00,36.78
Switzerland,CHE,2024-06-25 14:00:00,2024-06-25 16:00:00,49.08
Switzerland,CHE,2024-06-25 15:00:00,2024-06-25 17:00:00,47.2
Switzerland,CHE,2024-06-25 16:00:00,2024-06-25 18:00:00,50.78
Switzerland,CHE,2024-06-25 17:00:00,2024-06-25 19:00:00,61.73
Switzerland,CHE,2024-06-25 18:00:00,2024-06-25 20:00:00,60.67
Switzerland,CHE,2024-06-25 19:00:00,2024-06-25 21:00:00,66.43
Switzerland,CHE,2024-06-25 20:00:00,2024-06-25 22:00:00,63.12
Switzerland,CHE,2024-06-25 21:00:00,2024-06-25 23:00:00,63.11
Switzerland,CHE,2024-06-25 22:00:00,2024-06-26 00:00:00,62.0
Switzerland,CHE,2024-06-25 23:00:00,2024-06-26 01:00:00,58.74
Switzerland,CHE,2024-06-26 00:00:00,2024-06-26 02:00:00,55.76
Switzerland,CHE,2024-06-26 01:00:00,2024-06-26 03:00:00,48.11
Switzerland,CHE,2024-06-26 02:00:00,2024-06-26 04:00:00,48.3
Switzerland,CHE,2024-06-26 03:00:00,2024-06-26 05:00:00,56.61
Switzerland,CHE,2024-06-26 04:00:00,2024-06-26 06:00:00,59.19
Switzerland,CHE,2024-06-26 05:00:00,2024-06-26 07:00:00,62.0
Switzerland,CHE,2024-06-26 06:00:00,2024-06-26 08:00:00,64.45
Switzerland,CHE,2024-06-26 07:00:00,2024-06-26 09:00:00,73.28
Switzerland,CHE,2024-06-26 08:00:00,2024-06-26 10:00:00,57.2
Switzerland,CHE,2024-06-26 09:00:00,2024-06-26 11:00:00,45.1
Switzerland,CHE,2024-06-26 10:00:00,2024-06-26 12:00:00,39.96
Switzerland,CHE,2024-06-26 11:00:00,2024-06-26 13:00:00,31.44
Switzerland,CHE,2024-06-26 12:00:00,2024-06-26 14:00:00,40.94
Switzerland,CHE,2024-06-26 13:00:00,2024-06-26 15:00:00,45.55
Switzerland,CHE,2024-06-26 14:00:00,2024-06-26 16:00:00,48.93
Switzerland,CHE,2024-06-26 15:00:00,2024-06-26 17:00:00,48.42
Switzerland,CHE,2024-06-26 16:00:00,2024-06-26 18:00:00,60.41
Switzerland,CHE,2024-06-26 17:00:00,2024-06-26 19:00:00,60.41
Switzerland,CHE,2024-06-26 18:00:00,2024-06-26 20:00:00,60.25
Switzerland,CHE,2024-06-26 19:00:00,2024-06-26 21:00:00,60.4
Switzerland,CHE,2024-06-26 20:00:00,2024-06-26 22:00:00,61.24
Switzerland,CHE,2024-06-26 21:00:00,2024-06-26 23:00:00,60.15
Switzerland,CHE,2024-06-26 22:00:00,2024-06-27 00:00:00,62.46
Switzerland,CHE,2024-06-26 23:00:00,2024-06-27 01:00:00,62.53
Switzerland,CHE,2024-06-27 00:00:00,2024-06-27 02:00:00,61.04
Switzerland,CHE,2024-06-27 01:00:00,2024-06-27 03:00:00,59.94
Switzerland,CHE,2024-06-27 02:00:00,2024-06-27 04:00:00,59.82
Switzerland,CHE,2024-06-27 03:00:00,2024-06-27 05:00:00,61.79
Switzerland,CHE,2024-06-27 04:00:00,2024-06-27 06:00:00,65.77
Switzerland,CHE,2024-06-27 05:00:00,2024-06-27 07:00:00,66.81
Switzerland,CHE,2024-06-27 06:00:00,2024-06-27 08:00:00,66.81
Switzerland,CHE,2024-06-27 07:00:00,2024-06-27 09:00:00,66.42
Switzerland,CHE,2024-06-27 08:00:00,2024-06-27 10:00:00,61.91
Switzerland,CHE,2024-06-27 09:00:00,2024-06-27 11:00:00,54.9
Switzerland,CHE,2024-06-27 10:00:00,2024-06-27 12:00:00,48.6
Switzerland,CHE,2024-06-27 11:00:00,2024-06-27 13:00:00,45.09
Switzerland,CHE,2024-06-27 12:00:00,2024-06-27 14:00:00,44.2
Switzerland,CHE,2024-06-27 13:00:00,2024-06-27 15:00:00,49.9
Switzerland,CHE,2024-06-27 14:00:00,2024-06-27 16:00:00,49.91
Switzerland,CHE,2024-06-27 15:00:00,2024-06-27 17:00:00,53.39
Switzerland,CHE,2024-06-27 16:00:00,2024-06-27 18:00:00,62.19
Switzerland,CHE,2024-06-27 17:00:00,2024-06-27 19:00:00,66.81
Switzerland,CHE,2024-06-27 18:00:00,2024-06-27 20:00:00,66.81
Switzerland,CHE,2024-06-27 19:00:00,2024-06-27 21:00:00,65.62
Switzerland,CHE,2024-06-27 20:00:00,2024-06-27 22:00:00,66.8
Switzerland,CHE,2024-06-27 21:00:00,2024-06-27 23:00:00,64.06
Switzerland,CHE,2024-06-27 22:00:00,2024-06-28 00:00:00,58.9
Switzerland,CHE,2024-06-27 23:00:00,2024-06-28 01:00:00,47.62
Switzerland,CHE,2024-06-28 00:00:00,2024-06-28 02:00:00,46.82
Switzerland,CHE,2024-06-28 01:00:00,2024-06-28 03:00:00,45.05
Switzerland,CHE,2024-06-28 02:00:00,2024-06-28 04:00:00,45.03
Switzerland,CHE,2024-06-28 03:00:00,2024-06-28 05:00:00,45.39
Switzerland,CHE,2024-06-28 04:00:00,2024-06-28 06:00:00,47.58
Switzerland,CHE,2024-06-28 05:00:00,2024-06-28 07:00:00,63.71
Switzerland,CHE,2024-06-28 06:00:00,2024-06-28 08:00:00,63.91
Switzerland,CHE,2024-06-28 07:00:00,2024-06-28 09:00:00,60.2
Switzerland,CHE,2024-06-28 08:00:00,2024-06-28 10:00:00,43.49
Switzerland,CHE,2024-06-28 09:00:00,2024-06-28 11:00:00,14.86
Switzerland,CHE,2024-06-28 10:00:00,2024-06-28 12:00:00,2.08
Switzerland,CHE,2024-06-28 11:00:00,2024-06-28 13:00:00,-0.99
Switzerland,CHE,2024-06-28 12:00:00,2024-06-28 14:00:00,-0.99
Switzerland,CHE,2024-06-28 13:00:00,2024-06-28 15:00:00,-0.05
Switzerland,CHE,2024-06-28 14:00:00,2024-06-28 16:00:00,20.02
Switzerland,CHE,2024-06-28 15:00:00,2024-06-28 17:00:00,29.06
Switzerland,CHE,2024-06-28 16:00:00,2024-06-28 18:00:00,55.13
Switzerland,CHE,2024-06-28 17:00:00,2024-06-28 19:00:00,63.01
Switzerland,CHE,2024-06-28 18:00:00,2024-06-28 20:00:00,62.91
Switzerland,CHE,2024-06-28 19:00:00,2024-06-28 21:00:00,61.99
Switzerland,CHE,2024-06-28 20:00:00,2024-06-28 22:00:00,61.91
Switzerland,CHE,2024-06-28 21:00:00,2024-06-28 23:00:00,60.21
Switzerland,CHE,2024-06-28 22:00:00,2024-06-29 00:00:00,63.67
Switzerland,CHE,2024-06-28 23:00:00,2024-06-29 01:00:00,58.76
Switzerland,CHE,2024-06-29 00:00:00,2024-06-29 02:00:00,44.95
Switzerland,CHE,2024-06-29 01:00:00,2024-06-29 03:00:00,40.05
Switzerland,CHE,2024-06-29 02:00:00,2024-06-29 04:00:00,39.83
Switzerland,CHE,2024-06-29 03:00:00,2024-06-29 05:00:00,39.96
Switzerland,CHE,2024-06-29 04:00:00,2024-06-29 06:00:00,39.98
Switzerland,CHE,2024-06-29 05:00:00,2024-06-29 07:00:00,40.3
Switzerland,CHE,2024-06-29 06:00:00,2024-06-29 08:00:00,40.39
Switzerland,CHE,2024-06-29 07:00:00,2024-06-29 09:00:00,39.57
Switzerland,CHE,2024-06-29 08:00:00,2024-06-29 10:00:00,10.39
Switzerland,CHE,2024-06-29 09:00:00,2024-06-29 11:00:00,4.84
Switzerland,CHE,2024-06-29 10:00:00,2024-06-29 12:00:00,-2.51
Switzerland,CHE,2024-06-29 11:00:00,2024-06-29 13:00:00,-4.02
Switzerland,CHE,2024-06-29 12:00:00,2024-06-29 14:00:00,-2.64
Switzerland,CHE,2024-06-29 13:00:00,2024-06-29 15:00:00,5.1
Switzerland,CHE,2024-06-29 14:00:00,2024-06-29 16:00:00,24.23
Switzerland,CHE,2024-06-29 15:00:00,2024-06-29 17:00:00,44.39
Switzerland,CHE,2024-06-29 16:00:00,2024-06-29 18:00:00,43.2
Switzerland,CHE,2024-06-29 17:00:00,2024-06-29 19:00:00,53.1
Switzerland,CHE,2024-06-29 18:00:00,2024-06-29 20:00:00,60.58
Switzerland,CHE,2024-06-29 19:00:00,2024-06-29 21:00:00,61.88
Switzerland,CHE,2024-06-29 20:00:00,2024-06-29 22:00:00,61.2
Switzerland,CHE,2024-06-29 21:00:00,2024-06-29 23:00:00,59.93
Switzerland,CHE,2024-06-29 22:00:00,2024-06-30 00:00:00,50.14
Switzerland,CHE,2024-06-29 23:00:00,2024-06-30 01:00:00,42.91
Switzerland,CHE,2024-06-30 00:00:00,2024-06-30 02:00:00,39.99
Switzerland,CHE,2024-06-30 01:00:00,2024-06-30 03:00:00,39.91
Switzerland,CHE,2024-06-30 02:00:00,2024-06-30 04:00:00,39.03
Switzerland,CHE,2024-06-30 03:00:00,2024-06-30 05:00:00,40.02
Switzerland,CHE,2024-06-30 04:00:00,2024-06-30 06:00:00,26.94
Switzerland,CHE,2024-06-30 05:00:00,2024-06-30 07:00:00,9.75
Switzerland,CHE,2024-06-30 06:00:00,2024-06-30 08:00:00,9.27
Switzerland,CHE,2024-06-30 07:00:00,2024-06-30 09:00:00,9.45
Switzerland,CHE,2024-06-30 08:00:00,2024-06-30 10:00:00,-1.36
Switzerland,CHE,2024-06-30 09:00:00,2024-06-30 11:00:00,-3.52
Switzerland,CHE,2024-06-30 10:00:00,2024-06-30 12:00:00,-5.13
Switzerland,CHE,2024-06-30 11:00:00,2024-06-30 13:00:00,-6.81
Switzerland,CHE,2024-06-30 12:00:00,2024-06-30 14:00:00,-6.69
Switzerland,CHE,2024-06-30 13:00:00,2024-06-30 15:00:00,-4.7
Switzerland,CHE,2024-06-30 14:00:00,2024-06-30 16:00:00,-3.72
Switzerland,CHE,2024-06-30 15:00:00,2024-06-30 17:00:00,13.25
Switzerland,CHE,2024-06-30 16:00:00,2024-06-30 18:00:00,18.63
Switzerland,CHE,2024-06-30 17:00:00,2024-06-30 19:00:00,43.62
Switzerland,CHE,2024-06-30 18:00:00,2024-06-30 20:00:00,54.13
Switzerland,CHE,2024-06-30 19:00:00,2024-06-30 21:00:00,59.7
Switzerland,CHE,2024-06-30 20:00:00,2024-06-30 22:00:00,59.08
Switzerland,CHE,2024-06-30 21:00:00,2024-06-30 23:00:00,57.89
Switzerland,CHE,2024-06-30 22:00:00,2024-07-01 00:00:00,60.89
Switzerland,CHE,2024-06-30 23:00:00,2024-07-01 01:00:00,55.39
Switzerland,CHE,2024-07-01 00:00:00,2024-07-01 02:00:00,43.47
Switzerland,CHE,2024-07-01 01:00:00,2024-07-01 03:00:00,41.62
Switzerland,CHE,2024-07-01 02:00:00,2024-07-01 04:00:00,41.56
Switzerland,CHE,2024-07-01 03:00:00,2024-07-01 05:00:00,48.7
Switzerland,CHE,2024-07-01 04:00:00,2024-07-01 06:00:00,57.47
Switzerland,CHE,2024-07-01 05:00:00,2024-07-01 07:00:00,56.98
Switzerland,CHE,2024-07-01 06:00:00,2024-07-01 08:00:00,59.04
Switzerland,CHE,2024-07-01 07:00:00,2024-07-01 09:00:00,56.79
Switzerland,CHE,2024-07-01 08:00:00,2024-07-01 10:00:00,53.1
Switzerland,CHE,2024-07-01 09:00:00,2024-07-01 11:00:00,39.66
Switzerland,CHE,2024-07-01 10:00:00,2024-07-01 12:00:00,39.6
Switzerland,CHE,2024-07-01 11:00:00,2024-07-01 13:00:00,39.54
Switzerland,CHE,2024-07-01 12:00:00,2024-07-01 14:00:00,39.5
Switzerland,CHE,2024-07-01 13:00:00,2024-07-01 15:00:00,31.3
Switzerland,CHE,2024-07-01 14:00:00,2024-07-01 16:00:00,25.47
Switzerland,CHE,2024-07-01 15:00:00,2024-07-01 17:00:00,29.84
Switzerland,CHE,2024-07-01 16:00:00,2024-07-01 18:00:00,42.8
Switzerland,CHE,2024-07-01 17:00:00,2024-07-01 19:00:00,50.04
Switzerland,CHE,2024-07-01 18:00:00,2024-07-01 20:00:00,52.71
Switzerland,CHE,2024-07-01 19:00:00,2024-07-01 21:00:00,54.64
Switzerland,CHE,2024-07-01 20:00:00,2024-07-01 22:00:00,54.54
Switzerland,CHE,2024-07-01 21:00:00,2024-07-01 23:00:00,51.7
Switzerland,CHE,2024-07-01 22:00:00,2024-07-02 00:00:00,49.4
Switzerland,CHE,2024-07-01 23:00:00,2024-07-02 01:00:00,48.46
Switzerland,CHE,2024-07-02 00:00:00,2024-07-02 02:00:00,48.06
Switzerland,CHE,2024-07-02 01:00:00,2024-07-02 03:00:00,36.78
Switzerland,CHE,2024-07-02 02:00:00,2024-07-02 04:00:00,35.29
Switzerland,CHE,2024-07-02 03:00:00,2024-07-02 05:00:00,37.79
Switzerland,CHE,2024-07-02 04:00:00,2024-07-02 06:00:00,50.7
Switzerland,CHE,2024-07-02 05:00:00,2024-07-02 07:00:00,50.7
Switzerland,CHE,2024-07-02 06:00:00,2024-07-02 08:00:00,50.71
Switzerland,CHE,2024-07-02 07:00:00,2024-07-02 09:00:00,49.5
Switzerland,CHE,2024-07-02 08:00:00,2024-07-02 10:00:00,40.08
Switzerland,CHE,2024-07-02 09:00:00,2024-07-02 11:00:00,37.14
Switzerland,CHE,2024-07-02 10:00:00,2024-07-02 12:00:00,29.64
Switzerland,CHE,2024-07-02 11:00:00,2024-07-02 13:00:00,26.15
Switzerland,CHE,2024-07-02 12:00:00,2024-07-02 14:00:00,18.31
Switzerland,CHE,2024-07-02 13:00:00,2024-07-02 15:00:00,10.47
Switzerland,CHE,2024-07-02 14:00:00,2024-07-02 16:00:00,19.94
Switzerland,CHE,2024-07-02 15:00:00,2024-07-02 17:00:00,30.58
Switzerland,CHE,2024-07-02 16:00:00,2024-07-02 18:00:00,44.98
Switzerland,CHE,2024-07-02 17:00:00,2024-07-02 19:00:00,51.06
Switzerland,CHE,2024-07-02 18:00:00,2024-07-02 20:00:00,50.11
Switzerland,CHE,2024-07-02 19:00:00,2024-07-02 21:00:00,50.7
Switzerland,CHE,2024-07-02 20:00:00,2024-07-02 22:00:00,50.31
Switzerland,CHE,2024-07-02 21:00:00,2024-07-02 23:00:00,48.05
Switzerland,CHE,2024-07-02 22:00:00,2024-07-03 00:00:00,57.91
Switzerland,CHE,2024-07-02 23:00:00,2024-07-03 01:00:00,54.8
Switzerland,CHE,2024-07-03 00:00:00,2024-07-03 02:00:00,48.02
Switzerland,CHE,2024-07-03 01:00:00,2024-07-03 03:00:00,46.02
Switzerland,CHE,2024-07-03 02:00:00,2024-07-03 04:00:00,43.16
Switzerland,CHE,2024-07-03 03:00:00,2024-07-03 05:00:00,46.85
Switzerland,CHE,2024-07-03 04:00:00,2024-07-03 06:00:00,51.95
Switzerland,CHE,2024-07-03 05:00:00,2024-07-03 07:00:00,51.41
Switzerland,CHE,2024-07-03 06:00:00,2024-07-03 08:00:00,51.61
Switzerland,CHE,2024-07-03 07:00:00,2024-07-03 09:00:00,52.5
Switzerland,CHE,2024-07-03 08:00:00,2024-07-03 10:00:00,49.94
Switzerland,CHE,2024-07-03 09:00:00,2024-07-03 11:00:00,48.37
Switzerland,CHE,2024-07-03 10:00:00,2024-07-03 12:00:00,47.27
Switzerland,CHE,2024-07-03 11:00:00,2024-07-03 13:00:00,47.97
Switzerland,CHE,2024-07-03 12:00:00,2024-07-03 14:00:00,48.4
Switzerland,CHE,2024-07-03 13:00:00,2024-07-03 15:00:00,52.4
Switzerland,CHE,2024-07-03 14:00:00,2024-07-03 16:00:00,48.69
Switzerland,CHE,2024-07-03 15:00:00,2024-07-03 17:00:00,47.97
Switzerland,CHE,2024-07-03 16:00:00,2024-07-03 18:00:00,36.35
Switzerland,CHE,2024-07-03 17:00:00,2024-07-03 19:00:00,51.41
Switzerland,CHE,2024-07-03 18:00:00,2024-07-03 20:00:00,51.41
Switzerland,CHE,2024-07-03 19:00:00,2024-07-03 21:00:00,50.09
Switzerland,CHE,2024-07-03 20:00:00,2024-07-03 22:00:00,50.08
Switzerland,CHE,2024-07-03 21:00:00,2024-07-03 23:00:00,48.21
Switzerland,CHE,2024-07-03 22:00:00,2024-07-04 00:00:00,38.05
Switzerland,CHE,2024-07-03 23:00:00,2024-07-04 01:00:00,40.15
Switzerland,CHE,2024-07-04 00:00:00,2024-07-04 02:00:00,39.94
Switzerland,CHE,2024-07-04 01:00:00,2024-07-04 03:00:00,35.03
Switzerland,CHE,2024-07-04 02:00:00,2024-07-04 04:00:00,33.68
Switzerland,CHE,2024-07-04 03:00:00,2024-07-04 05:00:00,28.42
Switzerland,CHE,2024-07-04 04:00:00,2024-07-04 06:00:00,30.87
Switzerland,CHE,2024-07-04 05:00:00,2024-07-04 07:00:00,38.06
Switzerland,CHE,2024-07-04 06:00:00,2024-07-04 08:00:00,40.33
Switzerland,CHE,2024-07-04 07:00:00,2024-07-04 09:00:00,33.1
Switzerland,CHE,2024-07-04 08:00:00,2024-07-04 10:00:00,14.25
Switzerland,CHE,2024-07-04 09:00:00,2024-07-04 11:00:00,4.96
Switzerland,CHE,2024-07-04 10:00:00,2024-07-04 12:00:00,0.63
Switzerland,CHE,2024-07-04 11:00:00,2024-07-04 13:00:00,-4.3
Switzerland,CHE,2024-07-04 12:00:00,2024-07-04 14:00:00,-8.09
Switzerland,CHE,2024-07-04 13:00:00,2024-07-04 15:00:00,-2.09
Switzerland,CHE,2024-07-04 14:00:00,2024-07-04 16:00:00,0.1
Switzerland,CHE,2024-07-04 15:00:00,2024-07-04 17:00:00,4.96
Switzerland,CHE,2024-07-04 16:00:00,2024-07-04 18:00:00,35.01
Switzerland,CHE,2024-07-04 17:00:00,2024-07-04 19:00:00,36.22
Switzerland,CHE,2024-07-04 18:00:00,2024-07-04 20:00:00,39.51
Switzerland,CHE,2024-07-04 19:00:00,2024-07-04 21:00:00,41.18
Switzerland,CHE,2024-07-04 20:00:00,2024-07-04 22:00:00,42.07
Switzerland,CHE,2024-07-04 21:00:00,2024-07-04 23:00:00,42.09
Switzerland,CHE,2024-07-04 22:00:00,2024-07-05 00:00:00,39.83
Switzerland,CHE,2024-07-04 23:00:00,2024-07-05 01:00:00,32.45
Switzerland,CHE,2024-07-05 00:00:00,2024-07-05 02:00:00,28.59
Switzerland,CHE,2024-07-05 01:00:00,2024-07-05 03:00:00,24.0
Switzerland,CHE,2024-07-05 02:00:00,2024-07-05 04:00:00,26.33
Switzerland,CHE,2024-07-05 03:00:00,2024-07-05 05:00:00,30.6
Switzerland,CHE,2024-07-05 04:00:00,2024-07-05 06:00:00,39.08
Switzerland,CHE,2024-07-05 05:00:00,2024-07-05 07:00:00,43.79
Switzerland,CHE,2024-07-05 06:00:00,2024-07-05 08:00:00,41.34
Switzerland,CHE,2024-07-05 07:00:00,2024-07-05 09:00:00,28.12
Switzerland,CHE,2024-07-05 08:00:00,2024-07-05 10:00:00,5.94
Switzerland,CHE,2024-07-05 09:00:00,2024-07-05 11:00:00,-0.03
Switzerland,CHE,2024-07-05 10:00:00,2024-07-05 12:00:00,-2.02
Switzerland,CHE,2024-07-05 11:00:00,2024-07-05 13:00:00,-4.6
Switzerland,CHE,2024-07-05 12:00:00,2024-07-05 14:00:00,-3.75
Switzerland,CHE,2024-07-05 13:00:00,2024-07-05 15:00:00,0.99
Switzerland,CHE,2024-07-05 14:00:00,2024-07-05 16:00:00,5.03
Switzerland,CHE,2024-07-05 15:00:00,2024-07-05 17:00:00,29.95
Switzerland,CHE,2024-07-05 16:00:00,2024-07-05 18:00:00,33.93
Switzerland,CHE,2024-07-05 17:00:00,2024-07-05 19:00:00,49.38
Switzerland,CHE,2024-07-05 18:00:00,2024-07-05 20:00:00,47.81
Switzerland,CHE,2024-07-05 19:00:00,2024-07-05 21:00:00,51.01
Switzerland,CHE,2024-07-05 20:00:00,2024-07-05 22:00:00,51.0
Switzerland,CHE,2024-07-05 21:00:00,2024-07-05 23:00:00,48.03
Switzerland,CHE,2024-07-05 22:00:00,2024-07-06 00:00:00,42.08
Switzerland,CHE,2024-07-05 23:00:00,2024-07-06 01:00:00,40.95
Switzerland,CHE,2024-07-06 00:00:00,2024-07-06 02:00:00,39.91
Switzerland,CHE,2024-07-06 01:00:00,2024-07-06 03:00:00,39.03
Switzerland,CHE,2024-07-06 02:00:00,2024-07-06 04:00:00,37.06
Switzerland,CHE,2024-07-06 03:00:00,2024-07-06 05:00:00,28.83
Switzerland,CHE,2024-07-06 04:00:00,2024-07-06 06:00:00,7.27
Switzerland,CHE,2024-07-06 05:00:00,2024-07-06 07:00:00,1.51
Switzerland,CHE,2024-07-06 06:00:00,2024-07-06 08:00:00,1.66
Switzerland,CHE,2024-07-06 07:00:00,2024-07-06 09:00:00,0.08
Switzerland,CHE,2024-07-06 08:00:00,2024-07-06 10:00:00,-1.13
Switzerland,CHE,2024-07-06 09:00:00,2024-07-06 11:00:00,-18.87
Switzerland,CHE,2024-07-06 10:00:00,2024-07-06 12:00:00,-46.02
Switzerland,CHE,2024-07-06 11:00:00,2024-07-06 13:00:00,-57.97
Switzerland,CHE,2024-07-06 12:00:00,2024-07-06 14:00:00,-67.68
Switzerland,CHE,2024-07-06 13:00:00,2024-07-06 15:00:00,-46.57
Switzerland,CHE,2024-07-06 14:00:00,2024-07-06 16:00:00,-24.59
Switzerland,CHE,2024-07-06 15:00:00,2024-07-06 17:00:00,-5.21
Switzerland,CHE,2024-07-06 16:00:00,2024-07-06 18:00:00,0.99
Switzerland,CHE,2024-07-06 17:00:00,2024-07-06 19:00:00,11.89
Switzerland,CHE,2024-07-06 18:00:00,2024-07-06 20:00:00,20.0
Switzerland,CHE,2024-07-06 19:00:00,2024-07-06 21:00:00,20.02
Switzerland,CHE,2024-07-06 20:00:00,2024-07-06 22:00:00,25.23
Switzerland,CHE,2024-07-06 21:00:00,2024-07-06 23:00:00,20.69
Switzerland,CHE,2024-07-06 22:00:00,2024-07-07 00:00:00,-0.54
Switzerland,CHE,2024-07-06 23:00:00,2024-07-07 01:00:00,-0.88
Switzerland,CHE,2024-07-07 00:00:00,2024-07-07 02:00:00,-2.38
Switzerland,CHE,2024-07-07 01:00:00,2024-07-07 03:00:00,-4.25
Switzerland,CHE,2024-07-07 02:00:00,2024-07-07 04:00:00,-4.7
Switzerland,CHE,2024-07-07 03:00:00,2024-07-07 05:00:00,-4.01
Switzerland,CHE,2024-07-07 04:00:00,2024-07-07 06:00:00,-4.19
Switzerland,CHE,2024-07-07 05:00:00,2024-07-07 07:00:00,-6.37
Switzerland,CHE,2024-07-07 06:00:00,2024-07-07 08:00:00,-12.6
Switzerland,CHE,2024-07-07 07:00:00,2024-07-07 09:00:00,-10.28
Switzerland,CHE,2024-07-07 08:00:00,2024-07-07 10:00:00,-10.63
Switzerland,CHE,2024-07-07 09:00:00,2024-07-07 11:00:00,-12.79
Switzerland,CHE,2024-07-07 10:00:00,2024-07-07 12:00:00,-16.28
Switzerland,CHE,2024-07-07 11:00:00,2024-07-07 13:00:00,-18.02
Switzerland,CHE,2024-07-07 12:00:00,2024-07-07 14:00:00,-21.12
Switzerland,CHE,2024-07-07 13:00:00,2024-07-07 15:00:00,-18.92
Switzerland,CHE,2024-07-07 14:00:00,2024-07-07 16:00:00,-2.89
Switzerland,CHE,2024-07-07 15:00:00,2024-07-07 17:00:00,5.96
Switzerland,CHE,2024-07-07 16:00:00,2024-07-07 18:00:00,20.43
Switzerland,CHE,2024-07-07 17:00:00,2024-07-07 19:00:00,33.31
Switzerland,CHE,2024-07-07 18:00:00,2024-07-07 20:00:00,48.71
Switzerland,CHE,2024-07-07 19:00:00,2024-07-07 21:00:00,51.08
Switzerland,CHE,2024-07-07 20:00:00,2024-07-07 22:00:00,51.23
Switzerland,CHE,2024-07-07 21:00:00,2024-07-07 23:00:00,49.16
Switzerland,CHE,2024-07-07 22:00:00,2024-07-08 00:00:00,59.21
Switzerland,CHE,2024-07-07 23:00:00,2024-07-08 01:00:00,56.89
Switzerland,CHE,2024-07-08 00:00:00,2024-07-08 02:00:00,52.1
Switzerland,CHE,2024-07-08 01:00:00,2024-07-08 03:00:00,49.05
Switzerland,CHE,2024-07-08 02:00:00,2024-07-08 04:00:00,48.7
Switzerland,CHE,2024-07-08 03:00:00,2024-07-08 05:00:00,54.09
Switzerland,CHE,2024-07-08 04:00:00,2024-07-08 06:00:00,55.21
Switzerland,CHE,2024-07-08 05:00:00,2024-07-08 07:00:00,57.61
Switzerland,CHE,2024-07-08 06:00:00,2024-07-08 08:00:00,57.14
Switzerland,CHE,2024-07-08 07:00:00,2024-07-08 09:00:00,55.09
Switzerland,CHE,2024-07-08 08:00:00,2024-07-08 10:00:00,44.06
Switzerland,CHE,2024-07-08 09:00:00,2024-07-08 11:00:00,35.47
Switzerland,CHE,2024-07-08 10:00:00,2024-07-08 12:00:00,21.93
Switzerland,CHE,2024-07-08 11:00:00,2024-07-08 13:00:00,20.06
Switzerland,CHE,2024-07-08 12:00:00,2024-07-08 14:00:00,20.05
Switzerland,CHE,2024-07-08 13:00:00,2024-07-08 15:00:00,30.98
Switzerland,CHE,2024-07-08 14:00:00,2024-07-08 16:00:00,39.04
Switzerland,CHE,2024-07-08 15:00:00,2024-07-08 17:00:00,39.99
Switzerland,CHE,2024-07-08 16:00:00,2024-07-08 18:00:00,59.87
Switzerland,CHE,2024-07-08 17:00:00,2024-07-08 19:00:00,69.47
Switzerland,CHE,2024-07-08 18:00:00,2024-07-08 20:00:00,55.27
Switzerland,CHE,2024-07-08 19:00:00,2024-07-08 21:00:00,55.14
Switzerland,CHE,2024-07-08 20:00:00,2024-07-08 22:00:00,54.1
Switzerland,CHE,2024-07-08 21:00:00,2024-07-08 23:00:00,52.36
Switzerland,CHE,2024-07-08 22:00:00,2024-07-09 00:00:00,47.69
Switzerland,CHE,2024-07-08 23:00:00,2024-07-09 01:00:00,47.3
Switzerland,CHE,2024-07-09 00:00:00,2024-07-09 02:00:00,46.0
Switzerland,CHE,2024-07-09 01:00:00,2024-07-09 03:00:00,43.07
Switzerland,CHE,2024-07-09 02:00:00,2024-07-09 04:00:00,42.81
Switzerland,CHE,2024-07-09 03:00:00,2024-07-09 05:00:00,45.83
Switzerland,CHE,2024-07-09 04:00:00,2024-07-09 06:00:00,53.71
Switzerland,CHE,2024-07-09 05:00:00,2024-07-09 07:00:00,55.31
Switzerland,CHE,2024-07-09 06:00:00,2024-07-09 08:00:00,54.62
Switzerland,CHE,2024-07-09 07:00:00,2024-07-09 09:00:00,49.62
Switzerland,CHE,2024-07-09 08:00:00,2024-07-09 10:00:00,48.27
Switzerland,CHE,2024-07-09 09:00:00,2024-07-09 11:00:00,35.45
Switzerland,CHE,2024-07-09 10:00:00,2024-07-09 12:00:00,21.65
Switzerland,CHE,2024-07-09 11:00:00,2024-07-09 13:00:00,13.01
Switzerland,CHE,2024-07-09 12:00:00,2024-07-09 14:00:00,7.29
Switzerland,CHE,2024-07-09 13:00:00,2024-07-09 15:00:00,16.24
Switzerland,CHE,2024-07-09 14:00:00,2024-07-09 16:00:00,42.38
Switzerland,CHE,2024-07-09 15:00:00,2024-07-09 17:00:00,47.64
Switzerland,CHE,2024-07-09 16:00:00,2024-07-09 18:00:00,57.5
Switzerland,CHE,2024-07-09 17:00:00,2024-07-09 19:00:00,58.91
Switzerland,CHE,2024-07-09 18:00:00,2024-07-09 20:00:00,59.37
Switzerland,CHE,2024-07-09 19:00:00,2024-07-09 21:00:00,59.33
Switzerland,CHE,2024-07-09 20:00:00,2024-07-09 22:00:00,58.31
Switzerland,CHE,2024-07-09 21:00:00,2024-07-09 23:00:00,55.6
Switzerland,CHE,2024-07-09 22:00:00,2024-07-10 00:00:00,54.5
Switzerland,CHE,2024-07-09 23:00:00,2024-07-10 01:00:00,51.68
Switzerland,CHE,2024-07-10 00:00:00,2024-07-10 02:00:00,45.23
Switzerland,CHE,2024-07-10 01:00:00,2024-07-10 03:00:00,43.7
Switzerland,CHE,2024-07-10 02:00:00,2024-07-10 04:00:00,40.77
Switzerland,CHE,2024-07-10 03:00:00,2024-07-10 05:00:00,44.9
Switzerland,CHE,2024-07-10 04:00:00,2024-07-10 06:00:00,48.84
Switzerland,CHE,2024-07-10 05:00:00,2024-07-10 07:00:00,56.3
Switzerland,CHE,2024-07-10 06:00:00,2024-07-10 08:00:00,56.29
Switzerland,CHE,2024-07-10 07:00:00,2024-07-10 09:00:00,61.22
Switzerland,CHE,2024-07-10 08:00:00,2024-07-10 10:00:00,52.01
Switzerland,CHE,2024-07-10 09:00:00,2024-07-10 11:00:00,49.18
Switzerland,CHE,2024-07-10 10:00:00,2024-07-10 12:00:00,42.2
Switzerland,CHE,2024-07-10 11:00:00,2024-07-10 13:00:00,39.36
Switzerland,CHE,2024-07-10 12:00:00,2024-07-10 14:00:00,37.85
Switzerland,CHE,2024-07-10 13:00:00,2024-07-10 15:00:00,39.9
Switzerland,CHE,2024-07-10 14:00:00,2024-07-10 16:00:00,40.77
Switzerland,CHE,2024-07-10 15:00:00,2024-07-10 17:00:00,44.91
Switzerland,CHE,2024-07-10 16:00:00,2024-07-10 18:00:00,54.5
Switzerland,CHE,2024-07-10 17:00:00,2024-07-10 19:00:00,54.61
Switzerland,CHE,2024-07-10 18:00:00,2024-07-10 20:00:00,50.58
Switzerland,CHE,2024-07-10 19:00:00,2024-07-10 21:00:00,50.54
Switzerland,CHE,2024-07-10 20:00:00,2024-07-10 22:00:00,50.49
Switzerland,CHE,2024-07-10 21:00:00,2024-07-10 23:00:00,49.21
Switzerland,CHE,2024-07-10 22:00:00,2024-07-11 00:00:00,60.11
Switzerland,CHE,2024-07-10 23:00:00,2024-07-11 01:00:00,57.35
Switzerland,CHE,2024-07-11 00:00:00,2024-07-11 02:00:00,58.82
Switzerland,CHE,2024-07-11 01:00:00,2024-07-11 03:00:00,53.81
Switzerland,CHE,2024-07-11 02:00:00,2024-07-11 04:00:00,53.06
Switzerland,CHE,2024-07-11 03:00:00,2024-07-11 05:00:00,52.1
Switzerland,CHE,2024-07-11 04:00:00,2024-07-11 06:00:00,58.05
Switzerland,CHE,2024-07-11 05:00:00,2024-07-11 07:00:00,65.34
Switzerland,CHE,2024-07-11 06:00:00,2024-07-11 08:00:00,60.1
Switzerland,CHE,2024-07-11 07:00:00,2024-07-11 09:00:00,61.89
Switzerland,CHE,2024-07-11 08:00:00,2024-07-11 10:00:00,64.41
Switzerland,CHE,2024-07-11 09:00:00,2024-07-11 11:00:00,60.8
Switzerland,CHE,2024-07-11 10:00:00,2024-07-11 12:00:00,48.0
Switzerland,CHE,2024-07-11 11:00:00,2024-07-11 13:00:00,43.98
Switzerland,CHE,2024-07-11 12:00:00,2024-07-11 14:00:00,41.49
Switzerland,CHE,2024-07-11 13:00:00,2024-07-11 15:00:00,43.41
Switzerland,CHE,2024-07-11 14:00:00,2024-07-11 16:00:00,51.8
Switzerland,CHE,2024-07-11 15:00:00,2024-07-11 17:00:00,60.19
Switzerland,CHE,2024-07-11 16:00:00,2024-07-11 18:00:00,61.29
Switzerland,CHE,2024-07-11 17:00:00,2024-07-11 19:00:00,62.64
Switzerland,CHE,2024-07-11 18:00:00,2024-07-11 20:00:00,61.44
Switzerland,CHE,2024-07-11 19:00:00,2024-07-11 21:00:00,63.17
Switzerland,CHE,2024-07-11 20:00:00,2024-07-11 22:00:00,62.67
Switzerland,CHE,2024-07-11 21:00:00,2024-07-11 23:00:00,56.82
Switzerland,CHE,2024-07-11 22:00:00,2024-07-12 00:00:00,60.76
Switzerland,CHE,2024-07-11 23:00:00,2024-07-12 01:00:00,56.4
Switzerland,CHE,2024-07-12 00:00:00,2024-07-12 02:00:00,49.9
Switzerland,CHE,2024-07-12 01:00:00,2024-07-12 03:00:00,44.04
Switzerland,CHE,2024-07-12 02:00:00,2024-07-12 04:00:00,41.02
Switzerland,CHE,2024-07-12 03:00:00,2024-07-12 05:00:00,41.1
Switzerland,CHE,2024-07-12 04:00:00,2024-07-12 06:00:00,48.1
Switzerland,CHE,2024-07-12 05:00:00,2024-07-12 07:00:00,60.21
Switzerland,CHE,2024-07-12 06:00:00,2024-07-12 08:00:00,74.0
Switzerland,CHE,2024-07-12 07:00:00,2024-07-12 09:00:00,69.92
Switzerland,CHE,2024-07-12 08:00:00,2024-07-12 10:00:00,60.13
Switzerland,CHE,2024-07-12 09:00:00,2024-07-12 11:00:00,58.75
Switzerland,CHE,2024-07-12 10:00:00,2024-07-12 12:00:00,53.29
Switzerland,CHE,2024-07-12 11:00:00,2024-07-12 13:00:00,48.6
Switzerland,CHE,2024-07-12 12:00:00,2024-07-12 14:00:00,42.19
Switzerland,CHE,2024-07-12 13:00:00,2024-07-12 15:00:00,42.06
Switzerland,CHE,2024-07-12 14:00:00,2024-07-12 16:00:00,41.37
Switzerland,CHE,2024-07-12 15:00:00,2024-07-12 17:00:00,42.45
Switzerland,CHE,2024-07-12 16:00:00,2024-07-12 18:00:00,54.05
Switzerland,CHE,2024-07-12 17:00:00,2024-07-12 19:00:00,60.11
Switzerland,CHE,2024-07-12 18:00:00,2024-07-12 20:00:00,58.3
Switzerland,CHE,2024-07-12 19:00:00,2024-07-12 21:00:00,55.53
Switzerland,CHE,2024-07-12 20:00:00,2024-07-12 22:00:00,60.15
Switzerland,CHE,2024-07-12 21:00:00,2024-07-12 23:00:00,48.6
Switzerland,CHE,2024-07-12 22:00:00,2024-07-13 00:00:00,52.51
Switzerland,CHE,2024-07-12 23:00:00,2024-07-13 01:00:00,49.48
Switzerland,CHE,2024-07-13 00:00:00,2024-07-13 02:00:00,48.31
Switzerland,CHE,2024-07-13 01:00:00,2024-07-13 03:00:00,42.07
Switzerland,CHE,2024-07-13 02:00:00,2024-07-13 04:00:00,38.15
Switzerland,CHE,2024-07-13 03:00:00,2024-07-13 05:00:00,30.76
Switzerland,CHE,2024-07-13 04:00:00,2024-07-13 06:00:00,39.04
Switzerland,CHE,2024-07-13 05:00:00,2024-07-13 07:00:00,39.08
Switzerland,CHE,2024-07-13 06:00:00,2024-07-13 08:00:00,30.59
Switzerland,CHE,2024-07-13 07:00:00,2024-07-13 09:00:00,12.44
Switzerland,CHE,2024-07-13 08:00:00,2024-07-13 10:00:00,2.28
Switzerland,CHE,2024-07-13 09:00:00,2024-07-13 11:00:00,-2.4
Switzerland,CHE,2024-07-13 10:00:00,2024-07-13 12:00:00,-3.94
Switzerland,CHE,2024-07-13 11:00:00,2024-07-13 13:00:00,-14.3
Switzerland,CHE,2024-07-13 12:00:00,2024-07-13 14:00:00,-22.56
Switzerland,CHE,2024-07-13 13:00:00,2024-07-13 15:00:00,-12.54
Switzerland,CHE,2024-07-13 14:00:00,2024-07-13 16:00:00,-5.3
Switzerland,CHE,2024-07-13 15:00:00,2024-07-13 17:00:00,5.38
Switzerland,CHE,2024-07-13 16:00:00,2024-07-13 18:00:00,30.01
Switzerland,CHE,2024-07-13 17:00:00,2024-07-13 19:00:00,50.9
Switzerland,CHE,2024-07-13 18:00:00,2024-07-13 20:00:00,53.11
Switzerland,CHE,2024-07-13 19:00:00,2024-07-13 21:00:00,54.79
Switzerland,CHE,2024-07-13 20:00:00,2024-07-13 22:00:00,55.99
Switzerland,CHE,2024-07-13 21:00:00,2024-07-13 23:00:00,54.16
Switzerland,CHE,2024-07-13 22:00:00,2024-07-14 00:00:00,61.36
Switzerland,CHE,2024-07-13 23:00:00,2024-07-14 01:00:00,54.63
Switzerland,CHE,2024-07-14 00:00:00,2024-07-14 02:00:00,47.83
Switzerland,CHE,2024-07-14 01:00:00,2024-07-14 03:00:00,43.77
Switzerland,CHE,2024-07-14 02:00:00,2024-07-14 04:00:00,39.56
Switzerland,CHE,2024-07-14 03:00:00,2024-07-14 05:00:00,32.23
Switzerland,CHE,2024-07-14 04:00:00,2024-07-14 06:00:00,27.18
Switzerland,CHE,2024-07-14 05:00:00,2024-07-14 07:00:00,14.33
Switzerland,CHE,2024-07-14 06:00:00,2024-07-14 08:00:00,5.71
Switzerland,CHE,2024-07-14 07:00:00,2024-07-14 09:00:00,-6.08
Switzerland,CHE,2024-07-14 08:00:00,2024-07-14 10:00:00,-30.99
Switzerland,CHE,2024-07-14 09:00:00,2024-07-14 11:00:00,-47.55
Switzerland,CHE,2024-07-14 10:00:00,2024-07-14 12:00:00,-427.51
Switzerland,CHE,2024-07-14 11:00:00,2024-07-14 13:00:00,-82.57
Switzerland,CHE,2024-07-14 12:00:00,2024-07-14 14:00:00,-67.94
Switzerland,CHE,2024-07-14 13:00:00,2024-07-14 15:00:00,-47.31
Switzerland,CHE,2024-07-14 14:00:00,2024-07-14 16:00:00,-7.81
Switzerland,CHE,2024-07-14 15:00:00,2024-07-14 17:00:00,5.05
Switzerland,CHE,2024-07-14 16:00:00,2024-07-14 18:00:00,39.29
Switzerland,CHE,2024-07-14 17:00:00,2024-07-14 19:00:00,55.01
Switzerland,CHE,2024-07-14 18:00:00,2024-07-14 20:00:00,62.97
Switzerland,CHE,2024-07-14 19:00:00,2024-07-14 21:00:00,63.1
Switzerland,CHE,2024-07-14 20:00:00,2024-07-14 22:00:00,67.49
Switzerland,CHE,2024-07-14 21:00:00,2024-07-14 23:00:00,63.79
Switzerland,CHE,2024-07-14 22:00:00,2024-07-15 00:00:00,53.32
Switzerland,CHE,2024-07-14 23:00:00,2024-07-15 01:00:00,52.6
Switzerland,CHE,2024-07-15 00:00:00,2024-07-15 02:00:00,52.61
Switzerland,CHE,2024-07-15 01:00:00,2024-07-15 03:00:00,51.04
Switzerland,CHE,2024-07-15 02:00:00,2024-07-15 04:00:00,45.42
Switzerland,CHE,2024-07-15 03:00:00,2024-07-15 05:00:00,50.01
Switzerland,CHE,2024-07-15 04:00:00,2024-07-15 06:00:00,53.8
Switzerland,CHE,2024-07-15 05:00:00,2024-07-15 07:00:00,53.3
Switzerland,CHE,2024-07-15 06:00:00,2024-07-15 08:00:00,52.6
Switzerland,CHE,2024-07-15 07:00:00,2024-07-15 09:00:00,45.4
Switzerland,CHE,2024-07-15 08:00:00,2024-07-15 10:00:00,41.04
Switzerland,CHE,2024-07-15 09:00:00,2024-07-15 11:00:00,24.0
Switzerland,CHE,2024-07-15 10:00:00,2024-07-15 12:00:00,7.35
Switzerland,CHE,2024-07-15 11:00:00,2024-07-15 13:00:00,3.29
Switzerland,CHE,2024-07-15 12:00:00,2024-07-15 14:00:00,3.98
Switzerland,CHE,2024-07-15 13:00:00,2024-07-15 15:00:00,18.66
Switzerland,CHE,2024-07-15 14:00:00,2024-07-15 16:00:00,33.03
Switzerland,CHE,2024-07-15 15:00:00,2024-07-15 17:00:00,37.77
Switzerland,CHE,2024-07-15 16:00:00,2024-07-15 18:00:00,52.61
Switzerland,CHE,2024-07-15 17:00:00,2024-07-15 19:00:00,53.35
Switzerland,CHE,2024-07-15 18:00:00,2024-07-15 20:00:00,53.58
Switzerland,CHE,2024-07-15 19:00:00,2024-07-15 21:00:00,57.01
Switzerland,CHE,2024-07-15 20:00:00,2024-07-15 22:00:00,50.0
Switzerland,CHE,2024-07-15 21:00:00,2024-07-15 23:00:00,43.84
Switzerland,CHE,2024-07-15 22:00:00,2024-07-16 00:00:00,49.4
Switzerland,CHE,2024-07-15 23:00:00,2024-07-16 01:00:00,42.8
Switzerland,CHE,2024-07-16 00:00:00,2024-07-16 02:00:00,34.14
Switzerland,CHE,2024-07-16 01:00:00,2024-07-16 03:00:00,26.0
Switzerland,CHE,2024-07-16 02:00:00,2024-07-16 04:00:00,23.73
Switzerland,CHE,2024-07-16 03:00:00,2024-07-16 05:00:00,30.83
Switzerland,CHE,2024-07-16 04:00:00,2024-07-16 06:00:00,33.05
Switzerland,CHE,2024-07-16 05:00:00,2024-07-16 07:00:00,49.36
Switzerland,CHE,2024-07-16 06:00:00,2024-07-16 08:00:00,50.31
Switzerland,CHE,2024-07-16 07:00:00,2024-07-16 09:00:00,43.71
Switzerland,CHE,2024-07-16 08:00:00,2024-07-16 10:00:00,24.88
Switzerland,CHE,2024-07-16 09:00:00,2024-07-16 11:00:00,11.5
Switzerland,CHE,2024-07-16 10:00:00,2024-07-16 12:00:00,2.17
Switzerland,CHE,2024-07-16 11:00:00,2024-07-16 13:00:00,-2.63
Switzerland,CHE,2024-07-16 12:00:00,2024-07-16 14:00:00,-0.48
Switzerland,CHE,2024-07-16 13:00:00,2024-07-16 15:00:00,-1.07
Switzerland,CHE,2024-07-16 14:00:00,2024-07-16 16:00:00,3.97
Switzerland,CHE,2024-07-16 15:00:00,2024-07-16 17:00:00,23.11
Switzerland,CHE,2024-07-16 16:00:00,2024-07-16 18:00:00,49.82
Switzerland,CHE,2024-07-16 17:00:00,2024-07-16 19:00:00,53.84
Switzerland,CHE,2024-07-16 18:00:00,2024-07-16 20:00:00,53.58
Switzerland,CHE,2024-07-16 19:00:00,2024-07-16 21:00:00,53.38
Switzerland,CHE,2024-07-16 20:00:00,2024-07-16 22:00:00,52.72
Switzerland,CHE,2024-07-16 21:00:00,2024-07-16 23:00:00,50.5
Switzerland,CHE,2024-07-16 22:00:00,2024-07-17 00:00:00,57.89
Switzerland,CHE,2024-07-16 23:00:00,2024-07-17 01:00:00,55.83
Switzerland,CHE,2024-07-17 00:00:00,2024-07-17 02:00:00,54.81
Switzerland,CHE,2024-07-17 01:00:00,2024-07-17 03:00:00,50.9
Switzerland,CHE,2024-07-17 02:00:00,2024-07-17 04:00:00,50.9
Switzerland,CHE,2024-07-17 03:00:00,2024-07-17 05:00:00,52.05
Switzerland,CHE,2024-07-17 04:00:00,2024-07-17 06:00:00,53.32
Switzerland,CHE,2024-07-17 05:00:00,2024-07-17 07:00:00,71.09
Switzerland,CHE,2024-07-17 06:00:00,2024-07-17 08:00:00,81.53
Switzerland,CHE,2024-07-17 07:00:00,2024-07-17 09:00:00,55.37
Switzerland,CHE,2024-07-17 08:00:00,2024-07-17 10:00:00,44.4
Switzerland,CHE,2024-07-17 09:00:00,2024-07-17 11:00:00,36.5
Switzerland,CHE,2024-07-17 10:00:00,2024-07-17 12:00:00,22.59
Switzerland,CHE,2024-07-17 11:00:00,2024-07-17 13:00:00,19.99
Switzerland,CHE,2024-07-17 12:00:00,2024-07-17 14:00:00,17.67
Switzerland,CHE,2024-07-17 13:00:00,2024-07-17 15:00:00,16.58
Switzerland,CHE,2024-07-17 14:00:00,2024-07-17 16:00:00,34.37
Switzerland,CHE,2024-07-17 15:00:00,2024-07-17 17:00:00,51.92
Switzerland,CHE,2024-07-17 16:00:00,2024-07-17 18:00:00,56.28
Switzerland,CHE,2024-07-17 17:00:00,2024-07-17 19:00:00,50.91
Switzerland,CHE,2024-07-17 18:00:00,2024-07-17 20:00:00,52.32
Switzerland,CHE,2024-07-17 19:00:00,2024-07-17 21:00:00,54.3
Switzerland,CHE,2024-07-17 20:00:00,2024-07-17 22:00:00,67.79
Switzerland,CHE,2024-07-17 21:00:00,2024-07-17 23:00:00,56.61
Switzerland,CHE,2024-07-17 22:00:00,2024-07-18 00:00:00,79.94
Switzerland,CHE,2024-07-17 23:00:00,2024-07-18 01:00:00,78.74
Switzerland,CHE,2024-07-18 00:00:00,2024-07-18 02:00:00,59.0
Switzerland,CHE,2024-07-18 01:00:00,2024-07-18 03:00:00,57.6
Switzerland,CHE,2024-07-18 02:00:00,2024-07-18 04:00:00,58.19
Switzerland,CHE,2024-07-18 03:00:00,2024-07-18 05:00:00,65.15
Switzerland,CHE,2024-07-18 04:00:00,2024-07-18 06:00:00,78.75
Switzerland,CHE,2024-07-18 05:00:00,2024-07-18 07:00:00,76.77
Switzerland,CHE,2024-07-18 06:00:00,2024-07-18 08:00:00,65.18
Switzerland,CHE,2024-07-18 07:00:00,2024-07-18 09:00:00,77.91
Switzerland,CHE,2024-07-18 08:00:00,2024-07-18 10:00:00,63.74
Switzerland,CHE,2024-07-18 09:00:00,2024-07-18 11:00:00,52.59
Switzerland,CHE,2024-07-18 10:00:00,2024-07-18 12:00:00,49.06
Switzerland,CHE,2024-07-18 11:00:00,2024-07-18 13:00:00,43.44
Switzerland,CHE,2024-07-18 12:00:00,2024-07-18 14:00:00,43.56
Switzerland,CHE,2024-07-18 13:00:00,2024-07-18 15:00:00,50.89
Switzerland,CHE,2024-07-18 14:00:00,2024-07-18 16:00:00,65.19
Switzerland,CHE,2024-07-18 15:00:00,2024-07-18 17:00:00,78.71
Switzerland,CHE,2024-07-18 16:00:00,2024-07-18 18:00:00,91.36
Switzerland,CHE,2024-07-18 17:00:00,2024-07-18 19:00:00,53.36
Switzerland,CHE,2024-07-18 18:00:00,2024-07-18 20:00:00,54.0
Switzerland,CHE,2024-07-18 19:00:00,2024-07-18 21:00:00,54.0
Switzerland,CHE,2024-07-18 20:00:00,2024-07-18 22:00:00,53.19
Switzerland,CHE,2024-07-18 21:00:00,2024-07-18 23:00:00,51.91
Switzerland,CHE,2024-07-18 22:00:00,2024-07-19 00:00:00,53.37
Switzerland,CHE,2024-07-18 23:00:00,2024-07-19 01:00:00,52.59
Switzerland,CHE,2024-07-19 00:00:00,2024-07-19 02:00:00,52.23
Switzerland,CHE,2024-07-19 01:00:00,2024-07-19 03:00:00,51.0
Switzerland,CHE,2024-07-19 02:00:00,2024-07-19 04:00:00,50.95
Switzerland,CHE,2024-07-19 03:00:00,2024-07-19 05:00:00,51.05
Switzerland,CHE,2024-07-19 04:00:00,2024-07-19 06:00:00,53.39
Switzerland,CHE,2024-07-19 05:00:00,2024-07-19 07:00:00,55.62
Switzerland,CHE,2024-07-19 06:00:00,2024-07-19 08:00:00,55.16
Switzerland,CHE,2024-07-19 07:00:00,2024-07-19 09:00:00,53.09
Switzerland,CHE,2024-07-19 08:00:00,2024-07-19 10:00:00,51.0
Switzerland,CHE,2024-07-19 09:00:00,2024-07-19 11:00:00,50.52
Switzerland,CHE,2024-07-19 10:00:00,2024-07-19 12:00:00,38.89
Switzerland,CHE,2024-07-19 11:00:00,2024-07-19 13:00:00,36.64
Switzerland,CHE,2024-07-19 12:00:00,2024-07-19 14:00:00,37.59
Switzerland,CHE,2024-07-19 13:00:00,2024-07-19 15:00:00,40.5
Switzerland,CHE,2024-07-19 14:00:00,2024-07-19 16:00:00,49.19
Switzerland,CHE,2024-07-19 15:00:00,2024-07-19 17:00:00,49.99
Switzerland,CHE,2024-07-19 16:00:00,2024-07-19 18:00:00,55.1
Switzerland,CHE,2024-07-19 17:00:00,2024-07-19 19:00:00,56.99
Switzerland,CHE,2024-07-19 18:00:00,2024-07-19 20:00:00,57.12
Switzerland,CHE,2024-07-19 19:00:00,2024-07-19 21:00:00,55.16
Switzerland,CHE,2024-07-19 20:00:00,2024-07-19 22:00:00,55.07
Switzerland,CHE,2024-07-19 21:00:00,2024-07-19 23:00:00,54.54
Switzerland,CHE,2024-07-19 22:00:00,2024-07-20 00:00:00,49.01
Switzerland,CHE,2024-07-19 23:00:00,2024-07-20 01:00:00,49.99
Switzerland,CHE,2024-07-20 00:00:00,2024-07-20 02:00:00,50.2
Switzerland,CHE,2024-07-20 01:00:00,2024-07-20 03:00:00,44.34
Switzerland,CHE,2024-07-20 02:00:00,2024-07-20 04:00:00,39.14
Switzerland,CHE,2024-07-20 03:00:00,2024-07-20 05:00:00,39.15
Switzerland,CHE,2024-07-20 04:00:00,2024-07-20 06:00:00,42.7
Switzerland,CHE,2024-07-20 05:00:00,2024-07-20 07:00:00,44.38
Switzerland,CHE,2024-07-20 06:00:00,2024-07-20 08:00:00,44.34
Switzerland,CHE,2024-07-20 07:00:00,2024-07-20 09:00:00,41.12
Switzerland,CHE,2024-07-20 08:00:00,2024-07-20 10:00:00,28.56
Switzerland,CHE,2024-07-20 09:00:00,2024-07-20 11:00:00,21.99
Switzerland,CHE,2024-07-20 10:00:00,2024-07-20 12:00:00,9.76
Switzerland,CHE,2024-07-20 11:00:00,2024-07-20 13:00:00,5.64
Switzerland,CHE,2024-07-20 12:00:00,2024-07-20 14:00:00,8.87
Switzerland,CHE,2024-07-20 13:00:00,2024-07-20 15:00:00,15.7
Switzerland,CHE,2024-07-20 14:00:00,2024-07-20 16:00:00,26.27
Switzerland,CHE,2024-07-20 15:00:00,2024-07-20 17:00:00,42.31
Switzerland,CHE,2024-07-20 16:00:00,2024-07-20 18:00:00,47.11
Switzerland,CHE,2024-07-20 17:00:00,2024-07-20 19:00:00,52.5
Switzerland,CHE,2024-07-20 18:00:00,2024-07-20 20:00:00,47.65
Switzerland,CHE,2024-07-20 19:00:00,2024-07-20 21:00:00,49.2
Switzerland,CHE,2024-07-20 20:00:00,2024-07-20 22:00:00,49.01
Switzerland,CHE,2024-07-20 21:00:00,2024-07-20 23:00:00,49.0
Switzerland,CHE,2024-07-20 22:00:00,2024-07-21 00:00:00,52.29
Switzerland,CHE,2024-07-20 23:00:00,2024-07-21 01:00:00,51.41
Switzerland,CHE,2024-07-21 00:00:00,2024-07-21 02:00:00,51.4
Switzerland,CHE,2024-07-21 01:00:00,2024-07-21 03:00:00,44.91
Switzerland,CHE,2024-07-21 02:00:00,2024-07-21 04:00:00,43.19
Switzerland,CHE,2024-07-21 03:00:00,2024-07-21 05:00:00,41.68
Switzerland,CHE,2024-07-21 04:00:00,2024-07-21 06:00:00,42.75
Switzerland,CHE,2024-07-21 05:00:00,2024-07-21 07:00:00,41.72
Switzerland,CHE,2024-07-21 06:00:00,2024-07-21 08:00:00,32.06
Switzerland,CHE,2024-07-21 07:00:00,2024-07-21 09:00:00,13.61
Switzerland,CHE,2024-07-21 08:00:00,2024-07-21 10:00:00,4.48
Switzerland,CHE,2024-07-21 09:00:00,2024-07-21 11:00:00,4.37
Switzerland,CHE,2024-07-21 10:00:00,2024-07-21 12:00:00,1.02
Switzerland,CHE,2024-07-21 11:00:00,2024-07-21 13:00:00,0.04
Switzerland,CHE,2024-07-21 12:00:00,2024-07-21 14:00:00,-0.83
Switzerland,CHE,2024-07-21 13:00:00,2024-07-21 15:00:00,3.28
Switzerland,CHE,2024-07-21 14:00:00,2024-07-21 16:00:00,11.69
Switzerland,CHE,2024-07-21 15:00:00,2024-07-21 17:00:00,38.01
Switzerland,CHE,2024-07-21 16:00:00,2024-07-21 18:00:00,39.15
Switzerland,CHE,2024-07-21 17:00:00,2024-07-21 19:00:00,44.15
Switzerland,CHE,2024-07-21 18:00:00,2024-07-21 20:00:00,51.21
Switzerland,CHE,2024-07-21 19:00:00,2024-07-21 21:00:00,52.39
Switzerland,CHE,2024-07-21 20:00:00,2024-07-21 22:00:00,52.71
Switzerland,CHE,2024-07-21 21:00:00,2024-07-21 23:00:00,52.4
Switzerland,CHE,2024-07-21 22:00:00,2024-07-22 00:00:00,53.27
Switzerland,CHE,2024-07-21 23:00:00,2024-07-22 01:00:00,44.6
Switzerland,CHE,2024-07-22 00:00:00,2024-07-22 02:00:00,42.25
Switzerland,CHE,2024-07-22 01:00:00,2024-07-22 03:00:00,39.81
Switzerland,CHE,2024-07-22 02:00:00,2024-07-22 04:00:00,39.45
Switzerland,CHE,2024-07-22 03:00:00,2024-07-22 05:00:00,44.08
Switzerland,CHE,2024-07-22 04:00:00,2024-07-22 06:00:00,53.85
Switzerland,CHE,2024-07-22 05:00:00,2024-07-22 07:00:00,52.4
Switzerland,CHE,2024-07-22 06:00:00,2024-07-22 08:00:00,53.39
Switzerland,CHE,2024-07-22 07:00:00,2024-07-22 09:00:00,54.2
Switzerland,CHE,2024-07-22 08:00:00,2024-07-22 10:00:00,52.01
Switzerland,CHE,2024-07-22 09:00:00,2024-07-22 11:00:00,50.05
Switzerland,CHE,2024-07-22 10:00:00,2024-07-22 12:00:00,43.39
Switzerland,CHE,2024-07-22 11:00:00,2024-07-22 13:00:00,32.63
Switzerland,CHE,2024-07-22 12:00:00,2024-07-22 14:00:00,22.09
Switzerland,CHE,2024-07-22 13:00:00,2024-07-22 15:00:00,18.77
Switzerland,CHE,2024-07-22 14:00:00,2024-07-22 16:00:00,35.06
Switzerland,CHE,2024-07-22 15:00:00,2024-07-22 17:00:00,39.41
Switzerland,CHE,2024-07-22 16:00:00,2024-07-22 18:00:00,52.23
Switzerland,CHE,2024-07-22 17:00:00,2024-07-22 19:00:00,52.54
Switzerland,CHE,2024-07-22 18:00:00,2024-07-22 20:00:00,52.55
Switzerland,CHE,2024-07-22 19:00:00,2024-07-22 21:00:00,52.41
Switzerland,CHE,2024-07-22 20:00:00,2024-07-22 22:00:00,52.41
Switzerland,CHE,2024-07-22 21:00:00,2024-07-22 23:00:00,51.19
Switzerland,CHE,2024-07-22 22:00:00,2024-07-23 00:00:00,53.12
Switzerland,CHE,2024-07-22 23:00:00,2024-07-23 01:00:00,52.4
Switzerland,CHE,2024-07-23 00:00:00,2024-07-23 02:00:00,44.5
Switzerland,CHE,2024-07-23 01:00:00,2024-07-23 03:00:00,42.45
Switzerland,CHE,2024-07-23 02:00:00,2024-07-23 04:00:00,41.51
Switzerland,CHE,2024-07-23 03:00:00,2024-07-23 05:00:00,43.18
Switzerland,CHE,2024-07-23 04:00:00,2024-07-23 06:00:00,49.09
Switzerland,CHE,2024-07-23 05:00:00,2024-07-23 07:00:00,53.03
Switzerland,CHE,2024-07-23 06:00:00,2024-07-23 08:00:00,55.01
Switzerland,CHE,2024-07-23 07:00:00,2024-07-23 09:00:00,53.43
Switzerland,CHE,2024-07-23 08:00:00,2024-07-23 10:00:00,44.36
Switzerland,CHE,2024-07-23 09:00:00,2024-07-23 11:00:00,42.98
Switzerland,CHE,2024-07-23 10:00:00,2024-07-23 12:00:00,41.16
Switzerland,CHE,2024-07-23 11:00:00,2024-07-23 13:00:00,39.44
Switzerland,CHE,2024-07-23 12:00:00,2024-07-23 14:00:00,37.34
Switzerland,CHE,2024-07-23 13:00:00,2024-07-23 15:00:00,39.89
Switzerland,CHE,2024-07-23 14:00:00,2024-07-23 16:00:00,41.74
Switzerland,CHE,2024-07-23 15:00:00,2024-07-23 17:00:00,41.05
Switzerland,CHE,2024-07-23 16:00:00,2024-07-23 18:00:00,51.5
Switzerland,CHE,2024-07-23 17:00:00,2024-07-23 19:00:00,54.26
Switzerland,CHE,2024-07-23 18:00:00,2024-07-23 20:00:00,53.4
Switzerland,CHE,2024-07-23 19:00:00,2024-07-23 21:00:00,52.4
Switzerland,CHE,2024-07-23 20:00:00,2024-07-23 22:00:00,53.07
Switzerland,CHE,2024-07-23 21:00:00,2024-07-23 23:00:00,52.53
Switzerland,CHE,2024-07-23 22:00:00,2024-07-24 00:00:00,76.97
Switzerland,CHE,2024-07-23 23:00:00,2024-07-24 01:00:00,69.69
Switzerland,CHE,2024-07-24 00:00:00,2024-07-24 02:00:00,66.57
Switzerland,CHE,2024-07-24 01:00:00,2024-07-24 03:00:00,62.43
Switzerland,CHE,2024-07-24 02:00:00,2024-07-24 04:00:00,61.27
Switzerland,CHE,2024-07-24 03:00:00,2024-07-24 05:00:00,65.34
Switzerland,CHE,2024-07-24 04:00:00,2024-07-24 06:00:00,77.88
Switzerland,CHE,2024-07-24 05:00:00,2024-07-24 07:00:00,92.32
Switzerland,CHE,2024-07-24 06:00:00,2024-07-24 08:00:00,87.95
Switzerland,CHE,2024-07-24 07:00:00,2024-07-24 09:00:00,67.27
Switzerland,CHE,2024-07-24 08:00:00,2024-07-24 10:00:00,50.0
Switzerland,CHE,2024-07-24 09:00:00,2024-07-24 11:00:00,34.23
Switzerland,CHE,2024-07-24 10:00:00,2024-07-24 12:00:00,-0.05
Switzerland,CHE,2024-07-24 11:00:00,2024-07-24 13:00:00,-3.31
Switzerland,CHE,2024-07-24 12:00:00,2024-07-24 14:00:00,-4.36
Switzerland,CHE,2024-07-24 13:00:00,2024-07-24 15:00:00,-2.49
Switzerland,CHE,2024-07-24 14:00:00,2024-07-24 16:00:00,10.04
Switzerland,CHE,2024-07-24 15:00:00,2024-07-24 17:00:00,45.15
Switzerland,CHE,2024-07-24 16:00:00,2024-07-24 18:00:00,63.28
Switzerland,CHE,2024-07-24 17:00:00,2024-07-24 19:00:00,55.36
Switzerland,CHE,2024-07-24 18:00:00,2024-07-24 20:00:00,71.8
Switzerland,CHE,2024-07-24 19:00:00,2024-07-24 21:00:00,74.81
Switzerland,CHE,2024-07-24 20:00:00,2024-07-24 22:00:00,99.11
Switzerland,CHE,2024-07-24 21:00:00,2024-07-24 23:00:00,84.95
Switzerland,CHE,2024-07-24 22:00:00,2024-07-25 00:00:00,53.2
Switzerland,CHE,2024-07-24 23:00:00,2024-07-25 01:00:00,54.01
Switzerland,CHE,2024-07-25 00:00:00,2024-07-25 02:00:00,54.7
Switzerland,CHE,2024-07-25 01:00:00,2024-07-25 03:00:00,52.41
Switzerland,CHE,2024-07-25 02:00:00,2024-07-25 04:00:00,50.53
Switzerland,CHE,2024-07-25 03:00:00,2024-07-25 05:00:00,55.0
Switzerland,CHE,2024-07-25 04:00:00,2024-07-25 06:00:00,57.49
Switzerland,CHE,2024-07-25 05:00:00,2024-07-25 07:00:00,53.2
Switzerland,CHE,2024-07-25 06:00:00,2024-07-25 08:00:00,53.21
Switzerland,CHE,2024-07-25 07:00:00,2024-07-25 09:00:00,48.1
Switzerland,CHE,2024-07-25 08:00:00,2024-07-25 10:00:00,53.9
Switzerland,CHE,2024-07-25 09:00:00,2024-07-25 11:00:00,36.03
Switzerland,CHE,2024-07-25 10:00:00,2024-07-25 12:00:00,28.2
Switzerland,CHE,2024-07-25 11:00:00,2024-07-25 13:00:00,24.11
Switzerland,CHE,2024-07-25 12:00:00,2024-07-25 14:00:00,24.42
Switzerland,CHE,2024-07-25 13:00:00,2024-07-25 15:00:00,37.22
Switzerland,CHE,2024-07-25 14:00:00,2024-07-25 16:00:00,48.11
Switzerland,CHE,2024-07-25 15:00:00,2024-07-25 17:00:00,54.31
Switzerland,CHE,2024-07-25 16:00:00,2024-07-25 18:00:00,55.4
Switzerland,CHE,2024-07-25 17:00:00,2024-07-25 19:00:00,53.37
Switzerland,CHE,2024-07-25 18:00:00,2024-07-25 20:00:00,53.71
Switzerland,CHE,2024-07-25 19:00:00,2024-07-25 21:00:00,54.01
Switzerland,CHE,2024-07-25 20:00:00,2024-07-25 22:00:00,55.1
Switzerland,CHE,2024-07-25 21:00:00,2024-07-25 23:00:00,53.61
Switzerland,CHE,2024-07-25 22:00:00,2024-07-26 00:00:00,55.44
Switzerland,CHE,2024-07-25 23:00:00,2024-07-26 01:00:00,49.9
Switzerland,CHE,2024-07-26 00:00:00,2024-07-26 02:00:00,48.02
Switzerland,CHE,2024-07-26 01:00:00,2024-07-26 03:00:00,49.54
Switzerland,CHE,2024-07-26 02:00:00,2024-07-26 04:00:00,48.7
Switzerland,CHE,2024-07-26 03:00:00,2024-07-26 05:00:00,48.08
Switzerland,CHE,2024-07-26 04:00:00,2024-07-26 06:00:00,56.06
Switzerland,CHE,2024-07-26 05:00:00,2024-07-26 07:00:00,57.41
Switzerland,CHE,2024-07-26 06:00:00,2024-07-26 08:00:00,57.4
Switzerland,CHE,2024-07-26 07:00:00,2024-07-26 09:00:00,57.41
Switzerland,CHE,2024-07-26 08:00:00,2024-07-26 10:00:00,54.68
Switzerland,CHE,2024-07-26 09:00:00,2024-07-26 11:00:00,51.18
Switzerland,CHE,2024-07-26 10:00:00,2024-07-26 12:00:00,49.58
Switzerland,CHE,2024-07-26 11:00:00,2024-07-26 13:00:00,35.96
Switzerland,CHE,2024-07-26 12:00:00,2024-07-26 14:00:00,35.21
Switzerland,CHE,2024-07-26 13:00:00,2024-07-26 15:00:00,35.97
Switzerland,CHE,2024-07-26 14:00:00,2024-07-26 16:00:00,50.85
Switzerland,CHE,2024-07-26 15:00:00,2024-07-26 17:00:00,55.48
Switzerland,CHE,2024-07-26 16:00:00,2024-07-26 18:00:00,56.26
Switzerland,CHE,2024-07-26 17:00:00,2024-07-26 19:00:00,53.99
Switzerland,CHE,2024-07-26 18:00:00,2024-07-26 20:00:00,54.26
Switzerland,CHE,2024-07-26 19:00:00,2024-07-26 21:00:00,55.0
Switzerland,CHE,2024-07-26 20:00:00,2024-07-26 22:00:00,55.15
Switzerland,CHE,2024-07-26 21:00:00,2024-07-26 23:00:00,53.87
Switzerland,CHE,2024-07-26 22:00:00,2024-07-27 00:00:00,57.5
Switzerland,CHE,2024-07-26 23:00:00,2024-07-27 01:00:00,56.69
Switzerland,CHE,2024-07-27 00:00:00,2024-07-27 02:00:00,56.05
Switzerland,CHE,2024-07-27 01:00:00,2024-07-27 03:00:00,50.07
Switzerland,CHE,2024-07-27 02:00:00,2024-07-27 04:00:00,49.14
Switzerland,CHE,2024-07-27 03:00:00,2024-07-27 05:00:00,49.09
Switzerland,CHE,2024-07-27 04:00:00,2024-07-27 06:00:00,49.2
Switzerland,CHE,2024-07-27 05:00:00,2024-07-27 07:00:00,49.17
Switzerland,CHE,2024-07-27 06:00:00,2024-07-27 08:00:00,49.2
Switzerland,CHE,2024-07-27 07:00:00,2024-07-27 09:00:00,48.5
Switzerland,CHE,2024-07-27 08:00:00,2024-07-27 10:00:00,40.44
Switzerland,CHE,2024-07-27 09:00:00,2024-07-27 11:00:00,36.66
Switzerland,CHE,2024-07-27 10:00:00,2024-07-27 12:00:00,31.52
Switzerland,CHE,2024-07-27 11:00:00,2024-07-27 13:00:00,21.81
Switzerland,CHE,2024-07-27 12:00:00,2024-07-27 14:00:00,17.53
Switzerland,CHE,2024-07-27 13:00:00,2024-07-27 15:00:00,37.11
Switzerland,CHE,2024-07-27 14:00:00,2024-07-27 16:00:00,46.59
Switzerland,CHE,2024-07-27 15:00:00,2024-07-27 17:00:00,47.1
Switzerland,CHE,2024-07-27 16:00:00,2024-07-27 18:00:00,49.7
Switzerland,CHE,2024-07-27 17:00:00,2024-07-27 19:00:00,56.74
Switzerland,CHE,2024-07-27 18:00:00,2024-07-27 20:00:00,58.04
Switzerland,CHE,2024-07-27 19:00:00,2024-07-27 21:00:00,57.55
Switzerland,CHE,2024-07-27 20:00:00,2024-07-27 22:00:00,69.09
Switzerland,CHE,2024-07-27 21:00:00,2024-07-27 23:00:00,57.87
Switzerland,CHE,2024-07-27 22:00:00,2024-07-28 00:00:00,49.19
Switzerland,CHE,2024-07-27 23:00:00,2024-07-28 01:00:00,45.7
Switzerland,CHE,2024-07-28 00:00:00,2024-07-28 02:00:00,43.04
Switzerland,CHE,2024-07-28 01:00:00,2024-07-28 03:00:00,45.9
Switzerland,CHE,2024-07-28 02:00:00,2024-07-28 04:00:00,43.01
Switzerland,CHE,2024-07-28 03:00:00,2024-07-28 05:00:00,38.3
Switzerland,CHE,2024-07-28 04:00:00,2024-07-28 06:00:00,38.93
Switzerland,CHE,2024-07-28 05:00:00,2024-07-28 07:00:00,26.1
Switzerland,CHE,2024-07-28 06:00:00,2024-07-28 08:00:00,26.27
Switzerland,CHE,2024-07-28 07:00:00,2024-07-28 09:00:00,15.58
Switzerland,CHE,2024-07-28 08:00:00,2024-07-28 10:00:00,-7.32
Switzerland,CHE,2024-07-28 09:00:00,2024-07-28 11:00:00,-18.07
Switzerland,CHE,2024-07-28 10:00:00,2024-07-28 12:00:00,-41.05
Switzerland,CHE,2024-07-28 11:00:00,2024-07-28 13:00:00,-82.75
Switzerland,CHE,2024-07-28 12:00:00,2024-07-28 14:00:00,-103.47
Switzerland,CHE,2024-07-28 13:00:00,2024-07-28 15:00:00,-91.46
Switzerland,CHE,2024-07-28 14:00:00,2024-07-28 16:00:00,-35.96
Switzerland,CHE,2024-07-28 15:00:00,2024-07-28 17:00:00,-10.07
Switzerland,CHE,2024-07-28 16:00:00,2024-07-28 18:00:00,42.61
Switzerland,CHE,2024-07-28 17:00:00,2024-07-28 19:00:00,49.48
Switzerland,CHE,2024-07-28 18:00:00,2024-07-28 20:00:00,50.1
Switzerland,CHE,2024-07-28 19:00:00,2024-07-28 21:00:00,49.81
Switzerland,CHE,2024-07-28 20:00:00,2024-07-28 22:00:00,54.36
Switzerland,CHE,2024-07-28 21:00:00,2024-07-28 23:00:00,52.6
Switzerland,CHE,2024-07-28 22:00:00,2024-07-29 00:00:00,44.9
Switzerland,CHE,2024-07-28 23:00:00,2024-07-29 01:00:00,42.97
Switzerland,CHE,2024-07-29 00:00:00,2024-07-29 02:00:00,42.94
Switzerland,CHE,2024-07-29 01:00:00,2024-07-29 03:00:00,41.39
Switzerland,CHE,2024-07-29 02:00:00,2024-07-29 04:00:00,41.63
Switzerland,CHE,2024-07-29 03:00:00,2024-07-29 05:00:00,39.02
Switzerland,CHE,2024-07-29 04:00:00,2024-07-29 06:00:00,40.82
Switzerland,CHE,2024-07-29 05:00:00,2024-07-29 07:00:00,46.5
Switzerland,CHE,2024-07-29 06:00:00,2024-07-29 08:00:00,47.16
Switzerland,CHE,2024-07-29 07:00:00,2024-07-29 09:00:00,42.59
Switzerland,CHE,2024-07-29 08:00:00,2024-07-29 10:00:00,26.09
Switzerland,CHE,2024-07-29 09:00:00,2024-07-29 11:00:00,7.36
Switzerland,CHE,2024-07-29 10:00:00,2024-07-29 12:00:00,1.91
Switzerland,CHE,2024-07-29 11:00:00,2024-07-29 13:00:00,1.01
Switzerland,CHE,2024-07-29 12:00:00,2024-07-29 14:00:00,4.91
Switzerland,CHE,2024-07-29 13:00:00,2024-07-29 15:00:00,14.32
Switzerland,CHE,2024-07-29 14:00:00,2024-07-29 16:00:00,29.25
Switzerland,CHE,2024-07-29 15:00:00,2024-07-29 17:00:00,46.94
Switzerland,CHE,2024-07-29 16:00:00,2024-07-29 18:00:00,54.8
Switzerland,CHE,2024-07-29 17:00:00,2024-07-29 19:00:00,56.2
Switzerland,CHE,2024-07-29 18:00:00,2024-07-29 20:00:00,58.79
Switzerland,CHE,2024-07-29 19:00:00,2024-07-29 21:00:00,56.7
Switzerland,CHE,2024-07-29 20:00:00,2024-07-29 22:00:00,57.99
Switzerland,CHE,2024-07-29 21:00:00,2024-07-29 23:00:00,54.05
Switzerland,CHE,2024-07-29 22:00:00,2024-07-30 00:00:00,51.0
Switzerland,CHE,2024-07-29 23:00:00,2024-07-30 01:00:00,48.8
Switzerland,CHE,2024-07-30 00:00:00,2024-07-30 02:00:00,47.5
Switzerland,CHE,2024-07-30 01:00:00,2024-07-30 03:00:00,46.02
Switzerland,CHE,2024-07-30 02:00:00,2024-07-30 04:00:00,45.49
Switzerland,CHE,2024-07-30 03:00:00,2024-07-30 05:00:00,44.6
Switzerland,CHE,2024-07-30 04:00:00,2024-07-30 06:00:00,45.0
Switzerland,CHE,2024-07-30 05:00:00,2024-07-30 07:00:00,45.93
Switzerland,CHE,2024-07-30 06:00:00,2024-07-30 08:00:00,44.99
Switzerland,CHE,2024-07-30 07:00:00,2024-07-30 09:00:00,44.85
Switzerland,CHE,2024-07-30 08:00:00,2024-07-30 10:00:00,43.79
Switzerland,CHE,2024-07-30 09:00:00,2024-07-30 11:00:00,27.31
Switzerland,CHE,2024-07-30 10:00:00,2024-07-30 12:00:00,14.13
Switzerland,CHE,2024-07-30 11:00:00,2024-07-30 13:00:00,10.87
Switzerland,CHE,2024-07-30 12:00:00,2024-07-30 14:00:00,13.45
Switzerland,CHE,2024-07-30 13:00:00,2024-07-30 15:00:00,36.19
Switzerland,CHE,2024-07-30 14:00:00,2024-07-30 16:00:00,45.0
Switzerland,CHE,2024-07-30 15:00:00,2024-07-30 17:00:00,50.93
Switzerland,CHE,2024-07-30 16:00:00,2024-07-30 18:00:00,52.22
Switzerland,CHE,2024-07-30 17:00:00,2024-07-30 19:00:00,51.01
Switzerland,CHE,2024-07-30 18:00:00,2024-07-30 20:00:00,51.0
Switzerland,CHE,2024-07-30 19:00:00,2024-07-30 21:00:00,50.82
Switzerland,CHE,2024-07-30 20:00:00,2024-07-30 22:00:00,50.93
Switzerland,CHE,2024-07-30 21:00:00,2024-07-30 23:00:00,48.17
Switzerland,CHE,2024-07-30 22:00:00,2024-07-31 00:00:00,42.75
Switzerland,CHE,2024-07-30 23:00:00,2024-07-31 01:00:00,46.04
Switzerland,CHE,2024-07-31 00:00:00,2024-07-31 02:00:00,42.58
Switzerland,CHE,2024-07-31 01:00:00,2024-07-31 03:00:00,42.29
Switzerland,CHE,2024-07-31 02:00:00,2024-07-31 04:00:00,40.0
Switzerland,CHE,2024-07-31 03:00:00,2024-07-31 05:00:00,39.03
Switzerland,CHE,2024-07-31 04:00:00,2024-07-31 06:00:00,40.69
Switzerland,CHE,2024-07-31 05:00:00,2024-07-31 07:00:00,43.84
Switzerland,CHE,2024-07-31 06:00:00,2024-07-31 08:00:00,43.66
Switzerland,CHE,2024-07-31 07:00:00,2024-07-31 09:00:00,42.8
Switzerland,CHE,2024-07-31 08:00:00,2024-07-31 10:00:00,38.91
Switzerland,CHE,2024-07-31 09:00:00,2024-07-31 11:00:00,32.89
Switzerland,CHE,2024-07-31 10:00:00,2024-07-31 12:00:00,26.92
Switzerland,CHE,2024-07-31 11:00:00,2024-07-31 13:00:00,22.02
Switzerland,CHE,2024-07-31 12:00:00,2024-07-31 14:00:00,30.17
Switzerland,CHE,2024-07-31 13:00:00,2024-07-31 15:00:00,35.71
Switzerland,CHE,2024-07-31 14:00:00,2024-07-31 16:00:00,41.4
Switzerland,CHE,2024-07-31 15:00:00,2024-07-31 17:00:00,44.36
Switzerland,CHE,2024-07-31 16:00:00,2024-07-31 18:00:00,42.58
Switzerland,CHE,2024-07-31 17:00:00,2024-07-31 19:00:00,41.74
Switzerland,CHE,2024-07-31 18:00:00,2024-07-31 20:00:00,43.23
Switzerland,CHE,2024-07-31 19:00:00,2024-07-31 21:00:00,43.95
Switzerland,CHE,2024-07-31 20:00:00,2024-07-31 22:00:00,46.29
Switzerland,CHE,2024-07-31 21:00:00,2024-07-31 23:00:00,44.26
Switzerland,CHE,2024-07-31 22:00:00,2024-08-01 00:00:00,43.89
Switzerland,CHE,2024-07-31 23:00:00,2024-08-01 01:00:00,44.01
Switzerland,CHE,2024-08-01 00:00:00,2024-08-01 02:00:00,41.77
Switzerland,CHE,2024-08-01 01:00:00,2024-08-01 03:00:00,42.12
Switzerland,CHE,2024-08-01 02:00:00,2024-08-01 04:00:00,41.19
Switzerland,CHE,2024-08-01 03:00:00,2024-08-01 05:00:00,42.58
Switzerland,CHE,2024-08-01 04:00:00,2024-08-01 06:00:00,42.25
Switzerland,CHE,2024-08-01 05:00:00,2024-08-01 07:00:00,44.0
Switzerland,CHE,2024-08-01 06:00:00,2024-08-01 08:00:00,44.0
Switzerland,CHE,2024-08-01 07:00:00,2024-08-01 09:00:00,42.65
Switzerland,CHE,2024-08-01 08:00:00,2024-08-01 10:00:00,42.91
Switzerland,CHE,2024-08-01 09:00:00,2024-08-01 11:00:00,41.46
Switzerland,CHE,2024-08-01 10:00:00,2024-08-01 12:00:00,41.05
Switzerland,CHE,2024-08-01 11:00:00,2024-08-01 13:00:00,41.01
Switzerland,CHE,2024-08-01 12:00:00,2024-08-01 14:00:00,40.01
Switzerland,CHE,2024-08-01 13:00:00,2024-08-01 15:00:00,39.8
Switzerland,CHE,2024-08-01 14:00:00,2024-08-01 16:00:00,41.21
Switzerland,CHE,2024-08-01 15:00:00,2024-08-01 17:00:00,43.16
Switzerland,CHE,2024-08-01 16:00:00,2024-08-01 18:00:00,42.13
Switzerland,CHE,2024-08-01 17:00:00,2024-08-01 19:00:00,42.1
Switzerland,CHE,2024-08-01 18:00:00,2024-08-01 20:00:00,42.44
Switzerland,CHE,2024-08-01 19:00:00,2024-08-01 21:00:00,42.87
Switzerland,CHE,2024-08-01 20:00:00,2024-08-01 22:00:00,42.66
Switzerland,CHE,2024-08-01 21:00:00,2024-08-01 23:00:00,40.91
Switzerland,CHE,2024-08-01 22:00:00,2024-08-02 00:00:00,38.79
Switzerland,CHE,2024-08-01 23:00:00,2024-08-02 01:00:00,38.79
Switzerland,CHE,2024-08-02 00:00:00,2024-08-02 02:00:00,38.8
Switzerland,CHE,2024-08-02 01:00:00,2024-08-02 03:00:00,41.04
Switzerland,CHE,2024-08-02 02:00:00,2024-08-02 04:00:00,38.3
Switzerland,CHE,2024-08-02 03:00:00,2024-08-02 05:00:00,37.97
Switzerland,CHE,2024-08-02 04:00:00,2024-08-02 06:00:00,38.8
Switzerland,CHE,2024-08-02 05:00:00,2024-08-02 07:00:00,38.3
Switzerland,CHE,2024-08-02 06:00:00,2024-08-02 08:00:00,38.31
Switzerland,CHE,2024-08-02 07:00:00,2024-08-02 09:00:00,37.96
Switzerland,CHE,2024-08-02 08:00:00,2024-08-02 10:00:00,41.78
Switzerland,CHE,2024-08-02 09:00:00,2024-08-02 11:00:00,42.3
Switzerland,CHE,2024-08-02 10:00:00,2024-08-02 12:00:00,39.17
Switzerland,CHE,2024-08-02 11:00:00,2024-08-02 13:00:00,38.3
Switzerland,CHE,2024-08-02 12:00:00,2024-08-02 14:00:00,38.29
Switzerland,CHE,2024-08-02 13:00:00,2024-08-02 15:00:00,47.5
Switzerland,CHE,2024-08-02 14:00:00,2024-08-02 16:00:00,45.14
Switzerland,CHE,2024-08-02 15:00:00,2024-08-02 17:00:00,44.9
Switzerland,CHE,2024-08-02 16:00:00,2024-08-02 18:00:00,40.43
Switzerland,CHE,2024-08-02 17:00:00,2024-08-02 19:00:00,39.59
Switzerland,CHE,2024-08-02 18:00:00,2024-08-02 20:00:00,39.5
Switzerland,CHE,2024-08-02 19:00:00,2024-08-02 21:00:00,39.12
Switzerland,CHE,2024-08-02 20:00:00,2024-08-02 22:00:00,39.98
Switzerland,CHE,2024-08-02 21:00:00,2024-08-02 23:00:00,39.03
Switzerland,CHE,2024-08-02 22:00:00,2024-08-03 00:00:00,43.59
Switzerland,CHE,2024-08-02 23:00:00,2024-08-03 01:00:00,47.7
Switzerland,CHE,2024-08-03 00:00:00,2024-08-03 02:00:00,43.6
Switzerland,CHE,2024-08-03 01:00:00,2024-08-03 03:00:00,39.19
Switzerland,CHE,2024-08-03 02:00:00,2024-08-03 04:00:00,35.01
Switzerland,CHE,2024-08-03 03:00:00,2024-08-03 05:00:00,34.91
Switzerland,CHE,2024-08-03 04:00:00,2024-08-03 06:00:00,36.04
Switzerland,CHE,2024-08-03 05:00:00,2024-08-03 07:00:00,35.12
Switzerland,CHE,2024-08-03 06:00:00,2024-08-03 08:00:00,35.17
Switzerland,CHE,2024-08-03 07:00:00,2024-08-03 09:00:00,42.99
Switzerland,CHE,2024-08-03 08:00:00,2024-08-03 10:00:00,32.0
Switzerland,CHE,2024-08-03 09:00:00,2024-08-03 11:00:00,25.53
Switzerland,CHE,2024-08-03 10:00:00,2024-08-03 12:00:00,23.36
Switzerland,CHE,2024-08-03 11:00:00,2024-08-03 13:00:00,11.97
Switzerland,CHE,2024-08-03 12:00:00,2024-08-03 14:00:00,9.5
Switzerland,CHE,2024-08-03 13:00:00,2024-08-03 15:00:00,17.57
Switzerland,CHE,2024-08-03 14:00:00,2024-08-03 16:00:00,29.37
Switzerland,CHE,2024-08-03 15:00:00,2024-08-03 17:00:00,39.16
Switzerland,CHE,2024-08-03 16:00:00,2024-08-03 18:00:00,37.09
Switzerland,CHE,2024-08-03 17:00:00,2024-08-03 19:00:00,47.31
Switzerland,CHE,2024-08-03 18:00:00,2024-08-03 20:00:00,46.89
Switzerland,CHE,2024-08-03 19:00:00,2024-08-03 21:00:00,43.52
Switzerland,CHE,2024-08-03 20:00:00,2024-08-03 22:00:00,45.05
Switzerland,CHE,2024-08-03 21:00:00,2024-08-03 23:00:00,47.16
Switzerland,CHE,2024-08-03 22:00:00,2024-08-04 00:00:00,48.31
Switzerland,CHE,2024-08-03 23:00:00,2024-08-04 01:00:00,43.54
Switzerland,CHE,2024-08-04 00:00:00,2024-08-04 02:00:00,41.69
Switzerland,CHE,2024-08-04 01:00:00,2024-08-04 03:00:00,40.4
Switzerland,CHE,2024-08-04 02:00:00,2024-08-04 04:00:00,39.14
Switzerland,CHE,2024-08-04 03:00:00,2024-08-04 05:00:00,39.11
Switzerland,CHE,2024-08-04 04:00:00,2024-08-04 06:00:00,39.5
Switzerland,CHE,2024-08-04 05:00:00,2024-08-04 07:00:00,39.49
Switzerland,CHE,2024-08-04 06:00:00,2024-08-04 08:00:00,39.49
Switzerland,CHE,2024-08-04 07:00:00,2024-08-04 09:00:00,27.87
Switzerland,CHE,2024-08-04 08:00:00,2024-08-04 10:00:00,11.47
Switzerland,CHE,2024-08-04 09:00:00,2024-08-04 11:00:00,5.37
Switzerland,CHE,2024-08-04 10:00:00,2024-08-04 12:00:00,-1.12
Switzerland,CHE,2024-08-04 11:00:00,2024-08-04 13:00:00,-10.15
Switzerland,CHE,2024-08-04 12:00:00,2024-08-04 14:00:00,-11.8
Switzerland,CHE,2024-08-04 13:00:00,2024-08-04 15:00:00,-5.15
Switzerland,CHE,2024-08-04 14:00:00,2024-08-04 16:00:00,4.99
Switzerland,CHE,2024-08-04 15:00:00,2024-08-04 17:00:00,37.14
Switzerland,CHE,2024-08-04 16:00:00,2024-08-04 18:00:00,42.89
Switzerland,CHE,2024-08-04 17:00:00,2024-08-04 19:00:00,51.49
Switzerland,CHE,2024-08-04 18:00:00,2024-08-04 20:00:00,49.56
Switzerland,CHE,2024-08-04 19:00:00,2024-08-04 21:00:00,48.37
Switzerland,CHE,2024-08-04 20:00:00,2024-08-04 22:00:00,47.14
Switzerland,CHE,2024-08-04 21:00:00,2024-08-04 23:00:00,46.74
Switzerland,CHE,2024-08-04 22:00:00,2024-08-05 00:00:00,47.26
Switzerland,CHE,2024-08-04 23:00:00,2024-08-05 01:00:00,48.47
Switzerland,CHE,2024-08-05 00:00:00,2024-08-05 02:00:00,47.64
Switzerland,CHE,2024-08-05 01:00:00,2024-08-05 03:00:00,43.5
Switzerland,CHE,2024-08-05 02:00:00,2024-08-05 04:00:00,41.13
Switzerland,CHE,2024-08-05 03:00:00,2024-08-05 05:00:00,40.2
Switzerland,CHE,2024-08-05 04:00:00,2024-08-05 06:00:00,44.87
Switzerland,CHE,2024-08-05 05:00:00,2024-08-05 07:00:00,54.15
Switzerland,CHE,2024-08-05 06:00:00,2024-08-05 08:00:00,55.1
Switzerland,CHE,2024-08-05 07:00:00,2024-08-05 09:00:00,49.5
Switzerland,CHE,2024-08-05 08:00:00,2024-08-05 10:00:00,50.08
Switzerland,CHE,2024-08-05 09:00:00,2024-08-05 11:00:00,43.49
Switzerland,CHE,2024-08-05 10:00:00,2024-08-05 12:00:00,37.72
Switzerland,CHE,2024-08-05 11:00:00,2024-08-05 13:00:00,32.57
Switzerland,CHE,2024-08-05 12:00:00,2024-08-05 14:00:00,32.52
Switzerland,CHE,2024-08-05 13:00:00,2024-08-05 15:00:00,39.5
Switzerland,CHE,2024-08-05 14:00:00,2024-08-05 16:00:00,40.39
Switzerland,CHE,2024-08-05 15:00:00,2024-08-05 17:00:00,47.92
Switzerland,CHE,2024-08-05 16:00:00,2024-08-05 18:00:00,78.93
Switzerland,CHE,2024-08-05 17:00:00,2024-08-05 19:00:00,49.5
Switzerland,CHE,2024-08-05 18:00:00,2024-08-05 20:00:00,49.49
Switzerland,CHE,2024-08-05 19:00:00,2024-08-05 21:00:00,48.2
Switzerland,CHE,2024-08-05 20:00:00,2024-08-05 22:00:00,49.24
Switzerland,CHE,2024-08-05 21:00:00,2024-08-05 23:00:00,48.03
Switzerland,CHE,2024-08-05 22:00:00,2024-08-06 00:00:00,58.85
Switzerland,CHE,2024-08-05 23:00:00,2024-08-06 01:00:00,51.39
Switzerland,CHE,2024-08-06 00:00:00,2024-08-06 02:00:00,43.09
Switzerland,CHE,2024-08-06 01:00:00,2024-08-06 03:00:00,41.46
Switzerland,CHE,2024-08-06 02:00:00,2024-08-06 04:00:00,39.69
Switzerland,CHE,2024-08-06 03:00:00,2024-08-06 05:00:00,42.2
Switzerland,CHE,2024-08-06 04:00:00,2024-08-06 06:00:00,49.19
Switzerland,CHE,2024-08-06 05:00:00,2024-08-06 07:00:00,54.7
Switzerland,CHE,2024-08-06 06:00:00,2024-08-06 08:00:00,68.21
Switzerland,CHE,2024-08-06 07:00:00,2024-08-06 09:00:00,59.58
Switzerland,CHE,2024-08-06 08:00:00,2024-08-06 10:00:00,41.05
Switzerland,CHE,2024-08-06 09:00:00,2024-08-06 11:00:00,31.11
Switzerland,CHE,2024-08-06 10:00:00,2024-08-06 12:00:00,23.91
Switzerland,CHE,2024-08-06 11:00:00,2024-08-06 13:00:00,17.33
Switzerland,CHE,2024-08-06 12:00:00,2024-08-06 14:00:00,18.33
Switzerland,CHE,2024-08-06 13:00:00,2024-08-06 15:00:00,35.23
Switzerland,CHE,2024-08-06 14:00:00,2024-08-06 16:00:00,41.79
Switzerland,CHE,2024-08-06 15:00:00,2024-08-06 17:00:00,45.9
Switzerland,CHE,2024-08-06 16:00:00,2024-08-06 18:00:00,57.29
Switzerland,CHE,2024-08-06 17:00:00,2024-08-06 19:00:00,49.3
Switzerland,CHE,2024-08-06 18:00:00,2024-08-06 20:00:00,49.48
Switzerland,CHE,2024-08-06 19:00:00,2024-08-06 21:00:00,50.35
Switzerland,CHE,2024-08-06 20:00:00,2024-08-06 22:00:00,51.01
Switzerland,CHE,2024-08-06 21:00:00,2024-08-06 23:00:00,49.29
Switzerland,CHE,2024-08-06 22:00:00,2024-08-07 00:00:00,49.4
Switzerland,CHE,2024-08-06 23:00:00,2024-08-07 01:00:00,43.71
Switzerland,CHE,2024-08-07 00:00:00,2024-08-07 02:00:00,40.81
Switzerland,CHE,2024-08-07 01:00:00,2024-08-07 03:00:00,43.49
Switzerland,CHE,2024-08-07 02:00:00,2024-08-07 04:00:00,43.26
Switzerland,CHE,2024-08-07 03:00:00,2024-08-07 05:00:00,43.69
Switzerland,CHE,2024-08-07 04:00:00,2024-08-07 06:00:00,44.11
Switzerland,CHE,2024-08-07 05:00:00,2024-08-07 07:00:00,49.8
Switzerland,CHE,2024-08-07 06:00:00,2024-08-07 08:00:00,52.2
Switzerland,CHE,2024-08-07 07:00:00,2024-08-07 09:00:00,51.39
Switzerland,CHE,2024-08-07 08:00:00,2024-08-07 10:00:00,43.55
Switzerland,CHE,2024-08-07 09:00:00,2024-08-07 11:00:00,43.09
Switzerland,CHE,2024-08-07 10:00:00,2024-08-07 12:00:00,39.38
Switzerland,CHE,2024-08-07 11:00:00,2024-08-07 13:00:00,36.66
Switzerland,CHE,2024-08-07 12:00:00,2024-08-07 14:00:00,37.31
Switzerland,CHE,2024-08-07 13:00:00,2024-08-07 15:00:00,38.09
Switzerland,CHE,2024-08-07 14:00:00,2024-08-07 16:00:00,38.09
Switzerland,CHE,2024-08-07 15:00:00,2024-08-07 17:00:00,37.5
Switzerland,CHE,2024-08-07 16:00:00,2024-08-07 18:00:00,45.2
Switzerland,CHE,2024-08-07 17:00:00,2024-08-07 19:00:00,52.12
Switzerland,CHE,2024-08-07 18:00:00,2024-08-07 20:00:00,52.09
Switzerland,CHE,2024-08-07 19:00:00,2024-08-07 21:00:00,54.91
Switzerland,CHE,2024-08-07 20:00:00,2024-08-07 22:00:00,52.99
Switzerland,CHE,2024-08-07 21:00:00,2024-08-07 23:00:00,49.59
Switzerland,CHE,2024-08-07 22:00:00,2024-08-08 00:00:00,47.08
Switzerland,CHE,2024-08-07 23:00:00,2024-08-08 01:00:00,45.94
Switzerland,CHE,2024-08-08 00:00:00,2024-08-08 02:00:00,45.92
Switzerland,CHE,2024-08-08 01:00:00,2024-08-08 03:00:00,45.0
Switzerland,CHE,2024-08-08 02:00:00,2024-08-08 04:00:00,43.32
Switzerland,CHE,2024-08-08 03:00:00,2024-08-08 05:00:00,44.7
Switzerland,CHE,2024-08-08 04:00:00,2024-08-08 06:00:00,46.66
Switzerland,CHE,2024-08-08 05:00:00,2024-08-08 07:00:00,46.56
Switzerland,CHE,2024-08-08 06:00:00,2024-08-08 08:00:00,46.54
Switzerland,CHE,2024-08-08 07:00:00,2024-08-08 09:00:00,45.29
Switzerland,CHE,2024-08-08 08:00:00,2024-08-08 10:00:00,45.06
Switzerland,CHE,2024-08-08 09:00:00,2024-08-08 11:00:00,45.08
Switzerland,CHE,2024-08-08 10:00:00,2024-08-08 12:00:00,43.97
Switzerland,CHE,2024-08-08 11:00:00,2024-08-08 13:00:00,40.14
Switzerland,CHE,2024-08-08 12:00:00,2024-08-08 14:00:00,39.22
Switzerland,CHE,2024-08-08 13:00:00,2024-08-08 15:00:00,40.46
Switzerland,CHE,2024-08-08 14:00:00,2024-08-08 16:00:00,44.56
Switzerland,CHE,2024-08-08 15:00:00,2024-08-08 17:00:00,44.84
Switzerland,CHE,2024-08-08 16:00:00,2024-08-08 18:00:00,45.6
Switzerland,CHE,2024-08-08 17:00:00,2024-08-08 19:00:00,50.08
Switzerland,CHE,2024-08-08 18:00:00,2024-08-08 20:00:00,50.07
Switzerland,CHE,2024-08-08 19:00:00,2024-08-08 21:00:00,50.18
Switzerland,CHE,2024-08-08 20:00:00,2024-08-08 22:00:00,51.18
Switzerland,CHE,2024-08-08 21:00:00,2024-08-08 23:00:00,50.67
Switzerland,CHE,2024-08-08 22:00:00,2024-08-09 00:00:00,41.99
Switzerland,CHE,2024-08-08 23:00:00,2024-08-09 01:00:00,47.96
Switzerland,CHE,2024-08-09 00:00:00,2024-08-09 02:00:00,46.99
Switzerland,CHE,2024-08-09 01:00:00,2024-08-09 03:00:00,42.28
Switzerland,CHE,2024-08-09 02:00:00,2024-08-09 04:00:00,41.99
Switzerland,CHE,2024-08-09 03:00:00,2024-08-09 05:00:00,42.6
Switzerland,CHE,2024-08-09 04:00:00,2024-08-09 06:00:00,45.04
Switzerland,CHE,2024-08-09 05:00:00,2024-08-09 07:00:00,44.65
Switzerland,CHE,2024-08-09 06:00:00,2024-08-09 08:00:00,44.5
Switzerland,CHE,2024-08-09 07:00:00,2024-08-09 09:00:00,39.15
Switzerland,CHE,2024-08-09 08:00:00,2024-08-09 10:00:00,32.72
Switzerland,CHE,2024-08-09 09:00:00,2024-08-09 11:00:00,30.07
Switzerland,CHE,2024-08-09 10:00:00,2024-08-09 12:00:00,30.09
Switzerland,CHE,2024-08-09 11:00:00,2024-08-09 13:00:00,25.01
Switzerland,CHE,2024-08-09 12:00:00,2024-08-09 14:00:00,27.06
Switzerland,CHE,2024-08-09 13:00:00,2024-08-09 15:00:00,31.09
Switzerland,CHE,2024-08-09 14:00:00,2024-08-09 16:00:00,31.85
Switzerland,CHE,2024-08-09 15:00:00,2024-08-09 17:00:00,31.22
Switzerland,CHE,2024-08-09 16:00:00,2024-08-09 18:00:00,41.61
Switzerland,CHE,2024-08-09 17:00:00,2024-08-09 19:00:00,44.5
Switzerland,CHE,2024-08-09 18:00:00,2024-08-09 20:00:00,44.5
Switzerland,CHE,2024-08-09 19:00:00,2024-08-09 21:00:00,43.97
Switzerland,CHE,2024-08-09 20:00:00,2024-08-09 22:00:00,44.32
Switzerland,CHE,2024-08-09 21:00:00,2024-08-09 23:00:00,45.79
Switzerland,CHE,2024-08-09 22:00:00,2024-08-10 00:00:00,49.46
Switzerland,CHE,2024-08-09 23:00:00,2024-08-10 01:00:00,43.6
Switzerland,CHE,2024-08-10 00:00:00,2024-08-10 02:00:00,42.09
Switzerland,CHE,2024-08-10 01:00:00,2024-08-10 03:00:00,43.22
Switzerland,CHE,2024-08-10 02:00:00,2024-08-10 04:00:00,37.48
Switzerland,CHE,2024-08-10 03:00:00,2024-08-10 05:00:00,39.1
Switzerland,CHE,2024-08-10 04:00:00,2024-08-10 06:00:00,43.59
Switzerland,CHE,2024-08-10 05:00:00,2024-08-10 07:00:00,39.15
Switzerland,CHE,2024-08-10 06:00:00,2024-08-10 08:00:00,37.95
Switzerland,CHE,2024-08-10 07:00:00,2024-08-10 09:00:00,17.41
Switzerland,CHE,2024-08-10 08:00:00,2024-08-10 10:00:00,2.42
Switzerland,CHE,2024-08-10 09:00:00,2024-08-10 11:00:00,-2.39
Switzerland,CHE,2024-08-10 10:00:00,2024-08-10 12:00:00,-21.86
Switzerland,CHE,2024-08-10 11:00:00,2024-08-10 13:00:00,-30.27
Switzerland,CHE,2024-08-10 12:00:00,2024-08-10 14:00:00,-23.25
Switzerland,CHE,2024-08-10 13:00:00,2024-08-10 15:00:00,-2.64
Switzerland,CHE,2024-08-10 14:00:00,2024-08-10 16:00:00,8.1
Switzerland,CHE,2024-08-10 15:00:00,2024-08-10 17:00:00,24.05
Switzerland,CHE,2024-08-10 16:00:00,2024-08-10 18:00:00,47.07
Switzerland,CHE,2024-08-10 17:00:00,2024-08-10 19:00:00,54.06
Switzerland,CHE,2024-08-10 18:00:00,2024-08-10 20:00:00,54.32
Switzerland,CHE,2024-08-10 19:00:00,2024-08-10 21:00:00,55.89
Switzerland,CHE,2024-08-10 20:00:00,2024-08-10 22:00:00,54.02
Switzerland,CHE,2024-08-10 21:00:00,2024-08-10 23:00:00,54.89
Switzerland,CHE,2024-08-10 22:00:00,2024-08-11 00:00:00,54.68
Switzerland,CHE,2024-08-10 23:00:00,2024-08-11 01:00:00,47.89
Switzerland,CHE,2024-08-11 00:00:00,2024-08-11 02:00:00,46.92
Switzerland,CHE,2024-08-11 01:00:00,2024-08-11 03:00:00,46.6
Switzerland,CHE,2024-08-11 02:00:00,2024-08-11 04:00:00,45.7
Switzerland,CHE,2024-08-11 03:00:00,2024-08-11 05:00:00,46.01
Switzerland,CHE,2024-08-11 04:00:00,2024-08-11 06:00:00,45.69
Switzerland,CHE,2024-08-11 05:00:00,2024-08-11 07:00:00,49.1
Switzerland,CHE,2024-08-11 06:00:00,2024-08-11 08:00:00,42.77
Switzerland,CHE,2024-08-11 07:00:00,2024-08-11 09:00:00,15.03
Switzerland,CHE,2024-08-11 08:00:00,2024-08-11 10:00:00,-1.09
Switzerland,CHE,2024-08-11 09:00:00,2024-08-11 11:00:00,-11.56
Switzerland,CHE,2024-08-11 10:00:00,2024-08-11 12:00:00,-25.27
Switzerland,CHE,2024-08-11 11:00:00,2024-08-11 13:00:00,-50.8
Switzerland,CHE,2024-08-11 12:00:00,2024-08-11 14:00:00,-41.54
Switzerland,CHE,2024-08-11 13:00:00,2024-08-11 15:00:00,-14.56
Switzerland,CHE,2024-08-11 14:00:00,2024-08-11 16:00:00,10.47
Switzerland,CHE,2024-08-11 15:00:00,2024-08-11 17:00:00,24.99
Switzerland,CHE,2024-08-11 16:00:00,2024-08-11 18:00:00,50.13
Switzerland,CHE,2024-08-11 17:00:00,2024-08-11 19:00:00,49.95
Switzerland,CHE,2024-08-11 18:00:00,2024-08-11 20:00:00,55.53
Switzerland,CHE,2024-08-11 19:00:00,2024-08-11 21:00:00,56.01
Switzerland,CHE,2024-08-11 20:00:00,2024-08-11 22:00:00,55.53
Switzerland,CHE,2024-08-11 21:00:00,2024-08-11 23:00:00,52.99
Switzerland,CHE,2024-08-11 22:00:00,2024-08-12 00:00:00,47.63
Switzerland,CHE,2024-08-11 23:00:00,2024-08-12 01:00:00,47.2
Switzerland,CHE,2024-08-12 00:00:00,2024-08-12 02:00:00,47.2
Switzerland,CHE,2024-08-12 01:00:00,2024-08-12 03:00:00,48.44
Switzerland,CHE,2024-08-12 02:00:00,2024-08-12 04:00:00,48.8
Switzerland,CHE,2024-08-12 03:00:00,2024-08-12 05:00:00,49.3
Switzerland,CHE,2024-08-12 04:00:00,2024-08-12 06:00:00,52.07
Switzerland,CHE,2024-08-12 05:00:00,2024-08-12 07:00:00,48.96
Switzerland,CHE,2024-08-12 06:00:00,2024-08-12 08:00:00,49.0
Switzerland,CHE,2024-08-12 07:00:00,2024-08-12 09:00:00,42.61
Switzerland,CHE,2024-08-12 08:00:00,2024-08-12 10:00:00,44.3
Switzerland,CHE,2024-08-12 09:00:00,2024-08-12 11:00:00,32.54
Switzerland,CHE,2024-08-12 10:00:00,2024-08-12 12:00:00,15.23
Switzerland,CHE,2024-08-12 11:00:00,2024-08-12 13:00:00,7.98
Switzerland,CHE,2024-08-12 12:00:00,2024-08-12 14:00:00,13.76
Switzerland,CHE,2024-08-12 13:00:00,2024-08-12 15:00:00,29.38
Switzerland,CHE,2024-08-12 14:00:00,2024-08-12 16:00:00,45.7
Switzerland,CHE,2024-08-12 15:00:00,2024-08-12 17:00:00,55.44
Switzerland,CHE,2024-08-12 16:00:00,2024-08-12 18:00:00,62.83
Switzerland,CHE,2024-08-12 17:00:00,2024-08-12 19:00:00,59.34
Switzerland,CHE,2024-08-12 18:00:00,2024-08-12 20:00:00,58.88
Switzerland,CHE,2024-08-12 19:00:00,2024-08-12 21:00:00,58.79
Switzerland,CHE,2024-08-12 20:00:00,2024-08-12 22:00:00,58.2
Switzerland,CHE,2024-08-12 21:00:00,2024-08-12 23:00:00,57.72
Switzerland,CHE,2024-08-12 22:00:00,2024-08-13 00:00:00,57.84
Switzerland,CHE,2024-08-12 23:00:00,2024-08-13 01:00:00,53.73
Switzerland,CHE,2024-08-13 00:00:00,2024-08-13 02:00:00,42.41
Switzerland,CHE,2024-08-13 01:00:00,2024-08-13 03:00:00,44.44
Switzerland,CHE,2024-08-13 02:00:00,2024-08-13 04:00:00,51.99
Switzerland,CHE,2024-08-13 03:00:00,2024-08-13 05:00:00,47.8
Switzerland,CHE,2024-08-13 04:00:00,2024-08-13 06:00:00,54.09
Switzerland,CHE,2024-08-13 05:00:00,2024-08-13 07:00:00,57.92
Switzerland,CHE,2024-08-13 06:00:00,2024-08-13 08:00:00,63.75
Switzerland,CHE,2024-08-13 07:00:00,2024-08-13 09:00:00,65.72
Switzerland,CHE,2024-08-13 08:00:00,2024-08-13 10:00:00,56.43
Switzerland,CHE,2024-08-13 09:00:00,2024-08-13 11:00:00,39.16
Switzerland,CHE,2024-08-13 10:00:00,2024-08-13 12:00:00,36.22
Switzerland,CHE,2024-08-13 11:00:00,2024-08-13 13:00:00,32.26
Switzerland,CHE,2024-08-13 12:00:00,2024-08-13 14:00:00,38.21
Switzerland,CHE,2024-08-13 13:00:00,2024-08-13 15:00:00,51.64
Switzerland,CHE,2024-08-13 14:00:00,2024-08-13 16:00:00,69.14
Switzerland,CHE,2024-08-13 15:00:00,2024-08-13 17:00:00,61.09
Switzerland,CHE,2024-08-13 16:00:00,2024-08-13 18:00:00,64.54
Switzerland,CHE,2024-08-13 17:00:00,2024-08-13 19:00:00,58.6
Switzerland,CHE,2024-08-13 18:00:00,2024-08-13 20:00:00,58.6
Switzerland,CHE,2024-08-13 19:00:00,2024-08-13 21:00:00,58.6
Switzerland,CHE,2024-08-13 20:00:00,2024-08-13 22:00:00,58.59
Switzerland,CHE,2024-08-13 21:00:00,2024-08-13 23:00:00,57.6
Switzerland,CHE,2024-08-13 22:00:00,2024-08-14 00:00:00,75.99
Switzerland,CHE,2024-08-13 23:00:00,2024-08-14 01:00:00,78.94
Switzerland,CHE,2024-08-14 00:00:00,2024-08-14 02:00:00,68.76
Switzerland,CHE,2024-08-14 01:00:00,2024-08-14 03:00:00,62.18
Switzerland,CHE,2024-08-14 02:00:00,2024-08-14 04:00:00,60.0
Switzerland,CHE,2024-08-14 03:00:00,2024-08-14 05:00:00,65.66
Switzerland,CHE,2024-08-14 04:00:00,2024-08-14 06:00:00,68.83
Switzerland,CHE,2024-08-14 05:00:00,2024-08-14 07:00:00,78.94
Switzerland,CHE,2024-08-14 06:00:00,2024-08-14 08:00:00,69.81
Switzerland,CHE,2024-08-14 07:00:00,2024-08-14 09:00:00,65.54
Switzerland,CHE,2024-08-14 08:00:00,2024-08-14 10:00:00,76.95
Switzerland,CHE,2024-08-14 09:00:00,2024-08-14 11:00:00,78.99
Switzerland,CHE,2024-08-14 10:00:00,2024-08-14 12:00:00,72.87
Switzerland,CHE,2024-08-14 11:00:00,2024-08-14 13:00:00,70.52
Switzerland,CHE,2024-08-14 12:00:00,2024-08-14 14:00:00,70.31
Switzerland,CHE,2024-08-14 13:00:00,2024-08-14 15:00:00,75.75
Switzerland,CHE,2024-08-14 14:00:00,2024-08-14 16:00:00,70.92
Switzerland,CHE,2024-08-14 15:00:00,2024-08-14 17:00:00,72.64
Switzerland,CHE,2024-08-14 16:00:00,2024-08-14 18:00:00,100.63
Switzerland,CHE,2024-08-14 17:00:00,2024-08-14 19:00:00,64.09
Switzerland,CHE,2024-08-14 18:00:00,2024-08-14 20:00:00,61.3
Switzerland,CHE,2024-08-14 19:00:00,2024-08-14 21:00:00,60.81
Switzerland,CHE,2024-08-14 20:00:00,2024-08-14 22:00:00,63.02
Switzerland,CHE,2024-08-14 21:00:00,2024-08-14 23:00:00,60.27
Switzerland,CHE,2024-08-14 22:00:00,2024-08-15 00:00:00,68.77
Switzerland,CHE,2024-08-14 23:00:00,2024-08-15 01:00:00,58.0
Switzerland,CHE,2024-08-15 00:00:00,2024-08-15 02:00:00,54.01
Switzerland,CHE,2024-08-15 01:00:00,2024-08-15 03:00:00,57.56
Switzerland,CHE,2024-08-15 02:00:00,2024-08-15 04:00:00,56.98
Switzerland,CHE,2024-08-15 03:00:00,2024-08-15 05:00:00,59.0
Switzerland,CHE,2024-08-15 04:00:00,2024-08-15 06:00:00,60.73
Switzerland,CHE,2024-08-15 05:00:00,2024-08-15 07:00:00,63.6
Switzerland,CHE,2024-08-15 06:00:00,2024-08-15 08:00:00,64.01
Switzerland,CHE,2024-08-15 07:00:00,2024-08-15 09:00:00,60.26
Switzerland,CHE,2024-08-15 08:00:00,2024-08-15 10:00:00,57.38
Switzerland,CHE,2024-08-15 09:00:00,2024-08-15 11:00:00,47.92
Switzerland,CHE,2024-08-15 10:00:00,2024-08-15 12:00:00,20.22
Switzerland,CHE,2024-08-15 11:00:00,2024-08-15 13:00:00,9.03
Switzerland,CHE,2024-08-15 12:00:00,2024-08-15 14:00:00,8.66
Switzerland,CHE,2024-08-15 13:00:00,2024-08-15 15:00:00,19.79
Switzerland,CHE,2024-08-15 14:00:00,2024-08-15 16:00:00,42.08
Switzerland,CHE,2024-08-15 15:00:00,2024-08-15 17:00:00,60.05
Switzerland,CHE,2024-08-15 16:00:00,2024-08-15 18:00:00,64.9
Switzerland,CHE,2024-08-15 17:00:00,2024-08-15 19:00:00,77.73
Switzerland,CHE,2024-08-15 18:00:00,2024-08-15 20:00:00,70.16
Switzerland,CHE,2024-08-15 19:00:00,2024-08-15 21:00:00,69.85
Switzerland,CHE,2024-08-15 20:00:00,2024-08-15 22:00:00,67.81
Switzerland,CHE,2024-08-15 21:00:00,2024-08-15 23:00:00,68.36
Switzerland,CHE,2024-08-15 22:00:00,2024-08-16 00:00:00,62.08
Switzerland,CHE,2024-08-15 23:00:00,2024-08-16 01:00:00,65.39
Switzerland,CHE,2024-08-16 00:00:00,2024-08-16 02:00:00,65.91
Switzerland,CHE,2024-08-16 01:00:00,2024-08-16 03:00:00,65.01
Switzerland,CHE,2024-08-16 02:00:00,2024-08-16 04:00:00,64.91
Switzerland,CHE,2024-08-16 03:00:00,2024-08-16 05:00:00,66.5
Switzerland,CHE,2024-08-16 04:00:00,2024-08-16 06:00:00,57.99
Switzerland,CHE,2024-08-16 05:00:00,2024-08-16 07:00:00,69.52
Switzerland,CHE,2024-08-16 06:00:00,2024-08-16 08:00:00,74.79
Switzerland,CHE,2024-08-16 07:00:00,2024-08-16 09:00:00,69.12
Switzerland,CHE,2024-08-16 08:00:00,2024-08-16 10:00:00,55.95
Switzerland,CHE,2024-08-16 09:00:00,2024-08-16 11:00:00,48.93
Switzerland,CHE,2024-08-16 10:00:00,2024-08-16 12:00:00,40.68
Switzerland,CHE,2024-08-16 11:00:00,2024-08-16 13:00:00,36.96
Switzerland,CHE,2024-08-16 12:00:00,2024-08-16 14:00:00,37.84
Switzerland,CHE,2024-08-16 13:00:00,2024-08-16 15:00:00,47.84
Switzerland,CHE,2024-08-16 14:00:00,2024-08-16 16:00:00,55.04
Switzerland,CHE,2024-08-16 15:00:00,2024-08-16 17:00:00,56.8
Switzerland,CHE,2024-08-16 16:00:00,2024-08-16 18:00:00,65.19
Switzerland,CHE,2024-08-16 17:00:00,2024-08-16 19:00:00,70.2
Switzerland,CHE,2024-08-16 18:00:00,2024-08-16 20:00:00,69.52
Switzerland,CHE,2024-08-16 19:00:00,2024-08-16 21:00:00,68.31
Switzerland,CHE,2024-08-16 20:00:00,2024-08-16 22:00:00,70.69
Switzerland,CHE,2024-08-16 21:00:00,2024-08-16 23:00:00,70.4
Switzerland,CHE,2024-08-16 22:00:00,2024-08-17 00:00:00,81.07
Switzerland,CHE,2024-08-16 23:00:00,2024-08-17 01:00:00,80.29
Switzerland,CHE,2024-08-17 00:00:00,2024-08-17 02:00:00,77.16
Switzerland,CHE,2024-08-17 01:00:00,2024-08-17 03:00:00,70.32
Switzerland,CHE,2024-08-17 02:00:00,2024-08-17 04:00:00,62.85
Switzerland,CHE,2024-08-17 03:00:00,2024-08-17 05:00:00,63.07
Switzerland,CHE,2024-08-17 04:00:00,2024-08-17 06:00:00,75.41
Switzerland,CHE,2024-08-17 05:00:00,2024-08-17 07:00:00,77.96
Switzerland,CHE,2024-08-17 06:00:00,2024-08-17 08:00:00,80.21
Switzerland,CHE,2024-08-17 07:00:00,2024-08-17 09:00:00,72.42
Switzerland,CHE,2024-08-17 08:00:00,2024-08-17 10:00:00,63.78
Switzerland,CHE,2024-08-17 09:00:00,2024-08-17 11:00:00,56.18
Switzerland,CHE,2024-08-17 10:00:00,2024-08-17 12:00:00,46.32
Switzerland,CHE,2024-08-17 11:00:00,2024-08-17 13:00:00,42.07
Switzerland,CHE,2024-08-17 12:00:00,2024-08-17 14:00:00,38.52
Switzerland,CHE,2024-08-17 13:00:00,2024-08-17 15:00:00,44.13
Switzerland,CHE,2024-08-17 14:00:00,2024-08-17 16:00:00,57.14
Switzerland,CHE,2024-08-17 15:00:00,2024-08-17 17:00:00,62.99
Switzerland,CHE,2024-08-17 16:00:00,2024-08-17 18:00:00,72.41
Switzerland,CHE,2024-08-17 17:00:00,2024-08-17 19:00:00,77.19
Switzerland,CHE,2024-08-17 18:00:00,2024-08-17 20:00:00,73.65
Switzerland,CHE,2024-08-17 19:00:00,2024-08-17 21:00:00,77.1
Switzerland,CHE,2024-08-17 20:00:00,2024-08-17 22:00:00,70.99
Switzerland,CHE,2024-08-17 21:00:00,2024-08-17 23:00:00,70.36
Switzerland,CHE,2024-08-17 22:00:00,2024-08-18 00:00:00,76.1
Switzerland,CHE,2024-08-17 23:00:00,2024-08-18 01:00:00,73.4
Switzerland,CHE,2024-08-18 00:00:00,2024-08-18 02:00:00,66.89
Switzerland,CHE,2024-08-18 01:00:00,2024-08-18 03:00:00,61.48
Switzerland,CHE,2024-08-18 02:00:00,2024-08-18 04:00:00,61.08
Switzerland,CHE,2024-08-18 03:00:00,2024-08-18 05:00:00,60.84
Switzerland,CHE,2024-08-18 04:00:00,2024-08-18 06:00:00,60.76
Switzerland,CHE,2024-08-18 05:00:00,2024-08-18 07:00:00,67.62
Switzerland,CHE,2024-08-18 06:00:00,2024-08-18 08:00:00,68.04
Switzerland,CHE,2024-08-18 07:00:00,2024-08-18 09:00:00,72.05
Switzerland,CHE,2024-08-18 08:00:00,2024-08-18 10:00:00,65.44
Switzerland,CHE,2024-08-18 09:00:00,2024-08-18 11:00:00,60.07
Switzerland,CHE,2024-08-18 10:00:00,2024-08-18 12:00:00,54.44
Switzerland,CHE,2024-08-18 11:00:00,2024-08-18 13:00:00,40.87
Switzerland,CHE,2024-08-18 12:00:00,2024-08-18 14:00:00,36.25
Switzerland,CHE,2024-08-18 13:00:00,2024-08-18 15:00:00,47.19
Switzerland,CHE,2024-08-18 14:00:00,2024-08-18 16:00:00,55.88
Switzerland,CHE,2024-08-18 15:00:00,2024-08-18 17:00:00,66.26
Switzerland,CHE,2024-08-18 16:00:00,2024-08-18 18:00:00,74.32
Switzerland,CHE,2024-08-18 17:00:00,2024-08-18 19:00:00,76.24
Switzerland,CHE,2024-08-18 18:00:00,2024-08-18 20:00:00,85.28
Switzerland,CHE,2024-08-18 19:00:00,2024-08-18 21:00:00,81.44
Switzerland,CHE,2024-08-18 20:00:00,2024-08-18 22:00:00,74.35
Switzerland,CHE,2024-08-18 21:00:00,2024-08-18 23:00:00,74.35
Switzerland,CHE,2024-08-18 22:00:00,2024-08-19 00:00:00,89.01
Switzerland,CHE,2024-08-18 23:00:00,2024-08-19 01:00:00,78.49
Switzerland,CHE,2024-08-19 00:00:00,2024-08-19 02:00:00,74.35
Switzerland,CHE,2024-08-19 01:00:00,2024-08-19 03:00:00,75.78
Switzerland,CHE,2024-08-19 02:00:00,2024-08-19 04:00:00,75.79
Switzerland,CHE,2024-08-19 03:00:00,2024-08-19 05:00:00,76.63
Switzerland,CHE,2024-08-19 04:00:00,2024-08-19 06:00:00,93.53
Switzerland,CHE,2024-08-19 05:00:00,2024-08-19 07:00:00,128.85
Switzerland,CHE,2024-08-19 06:00:00,2024-08-19 08:00:00,131.41
Switzerland,CHE,2024-08-19 07:00:00,2024-08-19 09:00:00,110.34
Switzerland,CHE,2024-08-19 08:00:00,2024-08-19 10:00:00,83.37
Switzerland,CHE,2024-08-19 09:00:00,2024-08-19 11:00:00,87.69
Switzerland,CHE,2024-08-19 10:00:00,2024-08-19 12:00:00,75.7
Switzerland,CHE,2024-08-19 11:00:00,2024-08-19 13:00:00,71.81
Switzerland,CHE,2024-08-19 12:00:00,2024-08-19 14:00:00,72.8
Switzerland,CHE,2024-08-19 13:00:00,2024-08-19 15:00:00,76.41
Switzerland,CHE,2024-08-19 14:00:00,2024-08-19 16:00:00,86.67
Switzerland,CHE,2024-08-19 15:00:00,2024-08-19 17:00:00,80.76
Switzerland,CHE,2024-08-19 16:00:00,2024-08-19 18:00:00,124.44
Switzerland,CHE,2024-08-19 17:00:00,2024-08-19 19:00:00,123.87
Switzerland,CHE,2024-08-19 18:00:00,2024-08-19 20:00:00,130.66
Switzerland,CHE,2024-08-19 19:00:00,2024-08-19 21:00:00,113.54
Switzerland,CHE,2024-08-19 20:00:00,2024-08-19 22:00:00,105.41
Switzerland,CHE,2024-08-19 21:00:00,2024-08-19 23:00:00,88.71
Switzerland,CHE,2024-08-19 22:00:00,2024-08-20 00:00:00,72.56
Switzerland,CHE,2024-08-19 23:00:00,2024-08-20 01:00:00,70.35
Switzerland,CHE,2024-08-20 00:00:00,2024-08-20 02:00:00,68.7
Switzerland,CHE,2024-08-20 01:00:00,2024-08-20 03:00:00,67.03
Switzerland,CHE,2024-08-20 02:00:00,2024-08-20 04:00:00,68.69
Switzerland,CHE,2024-08-20 03:00:00,2024-08-20 05:00:00,70.32
Switzerland,CHE,2024-08-20 04:00:00,2024-08-20 06:00:00,77.1
Switzerland,CHE,2024-08-20 05:00:00,2024-08-20 07:00:00,79.61
Switzerland,CHE,2024-08-20 06:00:00,2024-08-20 08:00:00,80.13
Switzerland,CHE,2024-08-20 07:00:00,2024-08-20 09:00:00,78.8
Switzerland,CHE,2024-08-20 08:00:00,2024-08-20 10:00:00,75.86
Switzerland,CHE,2024-08-20 09:00:00,2024-08-20 11:00:00,54.0
Switzerland,CHE,2024-08-20 10:00:00,2024-08-20 12:00:00,32.5
Switzerland,CHE,2024-08-20 11:00:00,2024-08-20 13:00:00,23.88
Switzerland,CHE,2024-08-20 12:00:00,2024-08-20 14:00:00,29.4
Switzerland,CHE,2024-08-20 13:00:00,2024-08-20 15:00:00,48.69
Switzerland,CHE,2024-08-20 14:00:00,2024-08-20 16:00:00,70.9
Switzerland,CHE,2024-08-20 15:00:00,2024-08-20 17:00:00,94.46
Switzerland,CHE,2024-08-20 16:00:00,2024-08-20 18:00:00,103.08
Switzerland,CHE,2024-08-20 17:00:00,2024-08-20 19:00:00,88.98
Switzerland,CHE,2024-08-20 18:00:00,2024-08-20 20:00:00,111.09
Switzerland,CHE,2024-08-20 19:00:00,2024-08-20 21:00:00,103.09
Switzerland,CHE,2024-08-20 20:00:00,2024-08-20 22:00:00,100.03
Switzerland,CHE,2024-08-20 21:00:00,2024-08-20 23:00:00,82.01
Switzerland,CHE,2024-08-20 22:00:00,2024-08-21 00:00:00,89.46
Switzerland,CHE,2024-08-20 23:00:00,2024-08-21 01:00:00,83.91
Switzerland,CHE,2024-08-21 00:00:00,2024-08-21 02:00:00,74.67
Switzerland,CHE,2024-08-21 01:00:00,2024-08-21 03:00:00,68.04
Switzerland,CHE,2024-08-21 02:00:00,2024-08-21 04:00:00,63.62
Switzerland,CHE,2024-08-21 03:00:00,2024-08-21 05:00:00,70.2
Switzerland,CHE,2024-08-21 04:00:00,2024-08-21 06:00:00,87.3
Switzerland,CHE,2024-08-21 05:00:00,2024-08-21 07:00:00,92.19
Switzerland,CHE,2024-08-21 06:00:00,2024-08-21 08:00:00,85.61
Switzerland,CHE,2024-08-21 07:00:00,2024-08-21 09:00:00,67.47
Switzerland,CHE,2024-08-21 08:00:00,2024-08-21 10:00:00,61.67
Switzerland,CHE,2024-08-21 09:00:00,2024-08-21 11:00:00,56.31
Switzerland,CHE,2024-08-21 10:00:00,2024-08-21 12:00:00,49.34
Switzerland,CHE,2024-08-21 11:00:00,2024-08-21 13:00:00,37.98
Switzerland,CHE,2024-08-21 12:00:00,2024-08-21 14:00:00,22.39
Switzerland,CHE,2024-08-21 13:00:00,2024-08-21 15:00:00,40.81
Switzerland,CHE,2024-08-21 14:00:00,2024-08-21 16:00:00,52.09
Switzerland,CHE,2024-08-21 15:00:00,2024-08-21 17:00:00,52.02
Switzerland,CHE,2024-08-21 16:00:00,2024-08-21 18:00:00,72.35
Switzerland,CHE,2024-08-21 17:00:00,2024-08-21 19:00:00,95.97
Switzerland,CHE,2024-08-21 18:00:00,2024-08-21 20:00:00,97.1
Switzerland,CHE,2024-08-21 19:00:00,2024-08-21 21:00:00,93.9
Switzerland,CHE,2024-08-21 20:00:00,2024-08-21 22:00:00,92.62
Switzerland,CHE,2024-08-21 21:00:00,2024-08-21 23:00:00,88.1
Switzerland,CHE,2024-08-21 22:00:00,2024-08-22 00:00:00,77.67
Switzerland,CHE,2024-08-21 23:00:00,2024-08-22 01:00:00,74.86
Switzerland,CHE,2024-08-22 00:00:00,2024-08-22 02:00:00,72.53
Switzerland,CHE,2024-08-22 01:00:00,2024-08-22 03:00:00,72.16
Switzerland,CHE,2024-08-22 02:00:00,2024-08-22 04:00:00,71.43
Switzerland,CHE,2024-08-22 03:00:00,2024-08-22 05:00:00,81.55
Switzerland,CHE,2024-08-22 04:00:00,2024-08-22 06:00:00,97.07
Switzerland,CHE,2024-08-22 05:00:00,2024-08-22 07:00:00,96.43
Switzerland,CHE,2024-08-22 06:00:00,2024-08-22 08:00:00,97.2
Switzerland,CHE,2024-08-22 07:00:00,2024-08-22 09:00:00,72.59
Switzerland,CHE,2024-08-22 08:00:00,2024-08-22 10:00:00,54.33
Switzerland,CHE,2024-08-22 09:00:00,2024-08-22 11:00:00,51.96
Switzerland,CHE,2024-08-22 10:00:00,2024-08-22 12:00:00,0.03
Switzerland,CHE,2024-08-22 11:00:00,2024-08-22 13:00:00,-4.93
Switzerland,CHE,2024-08-22 12:00:00,2024-08-22 14:00:00,-5.94
Switzerland,CHE,2024-08-22 13:00:00,2024-08-22 15:00:00,15.96
Switzerland,CHE,2024-08-22 14:00:00,2024-08-22 16:00:00,7.96
Switzerland,CHE,2024-08-22 15:00:00,2024-08-22 17:00:00,59.81
Switzerland,CHE,2024-08-22 16:00:00,2024-08-22 18:00:00,90.54
Switzerland,CHE,2024-08-22 17:00:00,2024-08-22 19:00:00,107.09
Switzerland,CHE,2024-08-22 18:00:00,2024-08-22 20:00:00,114.96
Switzerland,CHE,2024-08-22 19:00:00,2024-08-22 21:00:00,89.62
Switzerland,CHE,2024-08-22 20:00:00,2024-08-22 22:00:00,93.3
Switzerland,CHE,2024-08-22 21:00:00,2024-08-22 23:00:00,81.98
Switzerland,CHE,2024-08-22 22:00:00,2024-08-23 00:00:00,70.33
Switzerland,CHE,2024-08-22 23:00:00,2024-08-23 01:00:00,61.48
Switzerland,CHE,2024-08-23 00:00:00,2024-08-23 02:00:00,56.04
Switzerland,CHE,2024-08-23 01:00:00,2024-08-23 03:00:00,56.3
Switzerland,CHE,2024-08-23 02:00:00,2024-08-23 04:00:00,53.29
Switzerland,CHE,2024-08-23 03:00:00,2024-08-23 05:00:00,58.06
Switzerland,CHE,2024-08-23 04:00:00,2024-08-23 06:00:00,74.44
Switzerland,CHE,2024-08-23 05:00:00,2024-08-23 07:00:00,77.8
Switzerland,CHE,2024-08-23 06:00:00,2024-08-23 08:00:00,61.47
Switzerland,CHE,2024-08-23 07:00:00,2024-08-23 09:00:00,61.42
Switzerland,CHE,2024-08-23 08:00:00,2024-08-23 10:00:00,51.99
Switzerland,CHE,2024-08-23 09:00:00,2024-08-23 11:00:00,20.01
Switzerland,CHE,2024-08-23 10:00:00,2024-08-23 12:00:00,0.67
Switzerland,CHE,2024-08-23 11:00:00,2024-08-23 13:00:00,-0.07
Switzerland,CHE,2024-08-23 12:00:00,2024-08-23 14:00:00,0.98
Switzerland,CHE,2024-08-23 13:00:00,2024-08-23 15:00:00,35.05
Switzerland,CHE,2024-08-23 14:00:00,2024-08-23 16:00:00,56.41
Switzerland,CHE,2024-08-23 15:00:00,2024-08-23 17:00:00,56.42
Switzerland,CHE,2024-08-23 16:00:00,2024-08-23 18:00:00,59.74
Switzerland,CHE,2024-08-23 17:00:00,2024-08-23 19:00:00,90.93
Switzerland,CHE,2024-08-23 18:00:00,2024-08-23 20:00:00,99.24
Switzerland,CHE,2024-08-23 19:00:00,2024-08-23 21:00:00,95.81
Switzerland,CHE,2024-08-23 20:00:00,2024-08-23 22:00:00,98.04
Switzerland,CHE,2024-08-23 21:00:00,2024-08-23 23:00:00,95.44
Switzerland,CHE,2024-08-23 22:00:00,2024-08-24 00:00:00,97.44
Switzerland,CHE,2024-08-23 23:00:00,2024-08-24 01:00:00,95.84
Switzerland,CHE,2024-08-24 00:00:00,2024-08-24 02:00:00,93.34
Switzerland,CHE,2024-08-24 01:00:00,2024-08-24 03:00:00,92.07
Switzerland,CHE,2024-08-24 02:00:00,2024-08-24 04:00:00,90.15
Switzerland,CHE,2024-08-24 03:00:00,2024-08-24 05:00:00,90.07
Switzerland,CHE,2024-08-24 04:00:00,2024-08-24 06:00:00,90.3
Switzerland,CHE,2024-08-24 05:00:00,2024-08-24 07:00:00,81.0
Switzerland,CHE,2024-08-24 06:00:00,2024-08-24 08:00:00,60.63
Switzerland,CHE,2024-08-24 07:00:00,2024-08-24 09:00:00,16.43
Switzerland,CHE,2024-08-24 08:00:00,2024-08-24 10:00:00,0.02
Switzerland,CHE,2024-08-24 09:00:00,2024-08-24 11:00:00,-12.13
Switzerland,CHE,2024-08-24 10:00:00,2024-08-24 12:00:00,-24.4
Switzerland,CHE,2024-08-24 11:00:00,2024-08-24 13:00:00,-41.01
Switzerland,CHE,2024-08-24 12:00:00,2024-08-24 14:00:00,-43.78
Switzerland,CHE,2024-08-24 13:00:00,2024-08-24 15:00:00,-36.06
Switzerland,CHE,2024-08-24 14:00:00,2024-08-24 16:00:00,-12.1
Switzerland,CHE,2024-08-24 15:00:00,2024-08-24 17:00:00,0.09
Switzerland,CHE,2024-08-24 16:00:00,2024-08-24 18:00:00,58.2
Switzerland,CHE,2024-08-24 17:00:00,2024-08-24 19:00:00,80.15
Switzerland,CHE,2024-08-24 18:00:00,2024-08-24 20:00:00,77.18
Switzerland,CHE,2024-08-24 19:00:00,2024-08-24 21:00:00,72.58
Switzerland,CHE,2024-08-24 20:00:00,2024-08-24 22:00:00,68.32
Switzerland,CHE,2024-08-24 21:00:00,2024-08-24 23:00:00,52.7
Switzerland,CHE,2024-08-24 22:00:00,2024-08-25 00:00:00,17.46
Switzerland,CHE,2024-08-24 23:00:00,2024-08-25 01:00:00,5.06
Switzerland,CHE,2024-08-25 00:00:00,2024-08-25 02:00:00,6.0
Switzerland,CHE,2024-08-25 01:00:00,2024-08-25 03:00:00,0.96
Switzerland,CHE,2024-08-25 02:00:00,2024-08-25 04:00:00,0.75
Switzerland,CHE,2024-08-25 03:00:00,2024-08-25 05:00:00,6.25
Switzerland,CHE,2024-08-25 04:00:00,2024-08-25 06:00:00,8.27
Switzerland,CHE,2024-08-25 05:00:00,2024-08-25 07:00:00,7.71
Switzerland,CHE,2024-08-25 06:00:00,2024-08-25 08:00:00,14.11
Switzerland,CHE,2024-08-25 07:00:00,2024-08-25 09:00:00,0.7
Switzerland,CHE,2024-08-25 08:00:00,2024-08-25 10:00:00,-0.96
Switzerland,CHE,2024-08-25 09:00:00,2024-08-25 11:00:00,-10.36
Switzerland,CHE,2024-08-25 10:00:00,2024-08-25 12:00:00,-16.8
Switzerland,CHE,2024-08-25 11:00:00,2024-08-25 13:00:00,-24.08
Switzerland,CHE,2024-08-25 12:00:00,2024-08-25 14:00:00,-29.6
Switzerland,CHE,2024-08-25 13:00:00,2024-08-25 15:00:00,-18.42
Switzerland,CHE,2024-08-25 14:00:00,2024-08-25 16:00:00,-10.81
Switzerland,CHE,2024-08-25 15:00:00,2024-08-25 17:00:00,14.04
Switzerland,CHE,2024-08-25 16:00:00,2024-08-25 18:00:00,78.39
Switzerland,CHE,2024-08-25 17:00:00,2024-08-25 19:00:00,98.07
Switzerland,CHE,2024-08-25 18:00:00,2024-08-25 20:00:00,99.09
Switzerland,CHE,2024-08-25 19:00:00,2024-08-25 21:00:00,97.35
Switzerland,CHE,2024-08-25 20:00:00,2024-08-25 22:00:00,95.88
Switzerland,CHE,2024-08-25 21:00:00,2024-08-25 23:00:00,91.35
Switzerland,CHE,2024-08-25 22:00:00,2024-08-26 00:00:00,77.9
Switzerland,CHE,2024-08-25 23:00:00,2024-08-26 01:00:00,75.3
Switzerland,CHE,2024-08-26 00:00:00,2024-08-26 02:00:00,76.6
Switzerland,CHE,2024-08-26 01:00:00,2024-08-26 03:00:00,75.3
Switzerland,CHE,2024-08-26 02:00:00,2024-08-26 04:00:00,76.77
Switzerland,CHE,2024-08-26 03:00:00,2024-08-26 05:00:00,85.99
Switzerland,CHE,2024-08-26 04:00:00,2024-08-26 06:00:00,105.18
Switzerland,CHE,2024-08-26 05:00:00,2024-08-26 07:00:00,130.59
Switzerland,CHE,2024-08-26 06:00:00,2024-08-26 08:00:00,119.99
Switzerland,CHE,2024-08-26 07:00:00,2024-08-26 09:00:00,93.76
Switzerland,CHE,2024-08-26 08:00:00,2024-08-26 10:00:00,82.57
Switzerland,CHE,2024-08-26 09:00:00,2024-08-26 11:00:00,77.85
Switzerland,CHE,2024-08-26 10:00:00,2024-08-26 12:00:00,75.14
Switzerland,CHE,2024-08-26 11:00:00,2024-08-26 13:00:00,74.09
Switzerland,CHE,2024-08-26 12:00:00,2024-08-26 14:00:00,74.04
Switzerland,CHE,2024-08-26 13:00:00,2024-08-26 15:00:00,75.29
Switzerland,CHE,2024-08-26 14:00:00,2024-08-26 16:00:00,81.19
Switzerland,CHE,2024-08-26 15:00:00,2024-08-26 17:00:00,104.88
Switzerland,CHE,2024-08-26 16:00:00,2024-08-26 18:00:00,127.47
Switzerland,CHE,2024-08-26 17:00:00,2024-08-26 19:00:00,108.97
Switzerland,CHE,2024-08-26 18:00:00,2024-08-26 20:00:00,134.9
Switzerland,CHE,2024-08-26 19:00:00,2024-08-26 21:00:00,128.97
Switzerland,CHE,2024-08-26 20:00:00,2024-08-26 22:00:00,125.38
Switzerland,CHE,2024-08-26 21:00:00,2024-08-26 23:00:00,110.88
Switzerland,CHE,2024-08-26 22:00:00,2024-08-27 00:00:00,102.2
Switzerland,CHE,2024-08-26 23:00:00,2024-08-27 01:00:00,98.08
Switzerland,CHE,2024-08-27 00:00:00,2024-08-27 02:00:00,98.31
Switzerland,CHE,2024-08-27 01:00:00,2024-08-27 03:00:00,95.23
Switzerland,CHE,2024-08-27 02:00:00,2024-08-27 04:00:00,95.32
Switzerland,CHE,2024-08-27 03:00:00,2024-08-27 05:00:00,103.32
Switzerland,CHE,2024-08-27 04:00:00,2024-08-27 06:00:00,136.83
Switzerland,CHE,2024-08-27 05:00:00,2024-08-27 07:00:00,152.25
Switzerland,CHE,2024-08-27 06:00:00,2024-08-27 08:00:00,121.92
Switzerland,CHE,2024-08-27 07:00:00,2024-08-27 09:00:00,99.65
Switzerland,CHE,2024-08-27 08:00:00,2024-08-27 10:00:00,72.23
Switzerland,CHE,2024-08-27 09:00:00,2024-08-27 11:00:00,48.03
Switzerland,CHE,2024-08-27 10:00:00,2024-08-27 12:00:00,20.53
Switzerland,CHE,2024-08-27 11:00:00,2024-08-27 13:00:00,9.22
Switzerland,CHE,2024-08-27 12:00:00,2024-08-27 14:00:00,13.24
Switzerland,CHE,2024-08-27 13:00:00,2024-08-27 15:00:00,33.13
Switzerland,CHE,2024-08-27 14:00:00,2024-08-27 16:00:00,67.72
Switzerland,CHE,2024-08-27 15:00:00,2024-08-27 17:00:00,95.86
Switzerland,CHE,2024-08-27 16:00:00,2024-08-27 18:00:00,110.02
Switzerland,CHE,2024-08-27 17:00:00,2024-08-27 19:00:00,123.48
Switzerland,CHE,2024-08-27 18:00:00,2024-08-27 20:00:00,126.36
Switzerland,CHE,2024-08-27 19:00:00,2024-08-27 21:00:00,117.92
Switzerland,CHE,2024-08-27 20:00:00,2024-08-27 22:00:00,109.55
Switzerland,CHE,2024-08-27 21:00:00,2024-08-27 23:00:00,89.54
Switzerland,CHE,2024-08-27 22:00:00,2024-08-28 00:00:00,88.94
Switzerland,CHE,2024-08-27 23:00:00,2024-08-28 01:00:00,85.35
Switzerland,CHE,2024-08-28 00:00:00,2024-08-28 02:00:00,84.05
Switzerland,CHE,2024-08-28 01:00:00,2024-08-28 03:00:00,85.68
Switzerland,CHE,2024-08-28 02:00:00,2024-08-28 04:00:00,86.34
Switzerland,CHE,2024-08-28 03:00:00,2024-08-28 05:00:00,93.31
Switzerland,CHE,2024-08-28 04:00:00,2024-08-28 06:00:00,110.01
Switzerland,CHE,2024-08-28 05:00:00,2024-08-28 07:00:00,127.99
Switzerland,CHE,2024-08-28 06:00:00,2024-08-28 08:00:00,106.89
Switzerland,CHE,2024-08-28 07:00:00,2024-08-28 09:00:00,92.03
Switzerland,CHE,2024-08-28 08:00:00,2024-08-28 10:00:00,80.26
Switzerland,CHE,2024-08-28 09:00:00,2024-08-28 11:00:00,63.35
Switzerland,CHE,2024-08-28 10:00:00,2024-08-28 12:00:00,32.81
Switzerland,CHE,2024-08-28 11:00:00,2024-08-28 13:00:00,22.16
Switzerland,CHE,2024-08-28 12:00:00,2024-08-28 14:00:00,21.14
Switzerland,CHE,2024-08-28 13:00:00,2024-08-28 15:00:00,41.94
Switzerland,CHE,2024-08-28 14:00:00,2024-08-28 16:00:00,72.38
Switzerland,CHE,2024-08-28 15:00:00,2024-08-28 17:00:00,91.0
Switzerland,CHE,2024-08-28 16:00:00,2024-08-28 18:00:00,108.94
Switzerland,CHE,2024-08-28 17:00:00,2024-08-28 19:00:00,122.91
Switzerland,CHE,2024-08-28 18:00:00,2024-08-28 20:00:00,126.66
Switzerland,CHE,2024-08-28 19:00:00,2024-08-28 21:00:00,122.83
Switzerland,CHE,2024-08-28 20:00:00,2024-08-28 22:00:00,113.02
Switzerland,CHE,2024-08-28 21:00:00,2024-08-28 23:00:00,102.62
Switzerland,CHE,2024-08-28 22:00:00,2024-08-29 00:00:00,95.24
Switzerland,CHE,2024-08-28 23:00:00,2024-08-29 01:00:00,90.98
Switzerland,CHE,2024-08-29 00:00:00,2024-08-29 02:00:00,88.86
Switzerland,CHE,2024-08-29 01:00:00,2024-08-29 03:00:00,88.36
Switzerland,CHE,2024-08-29 02:00:00,2024-08-29 04:00:00,90.23
Switzerland,CHE,2024-08-29 03:00:00,2024-08-29 05:00:00,100.49
Switzerland,CHE,2024-08-29 04:00:00,2024-08-29 06:00:00,117.89
Switzerland,CHE,2024-08-29 05:00:00,2024-08-29 07:00:00,132.59
Switzerland,CHE,2024-08-29 06:00:00,2024-08-29 08:00:00,125.42
Switzerland,CHE,2024-08-29 07:00:00,2024-08-29 09:00:00,105.03
Switzerland,CHE,2024-08-29 08:00:00,2024-08-29 10:00:00,94.08
Switzerland,CHE,2024-08-29 09:00:00,2024-08-29 11:00:00,82.08
Switzerland,CHE,2024-08-29 10:00:00,2024-08-29 12:00:00,58.1
Switzerland,CHE,2024-08-29 11:00:00,2024-08-29 13:00:00,45.84
Switzerland,CHE,2024-08-29 12:00:00,2024-08-29 14:00:00,46.6
Switzerland,CHE,2024-08-29 13:00:00,2024-08-29 15:00:00,72.53
Switzerland,CHE,2024-08-29 14:00:00,2024-08-29 16:00:00,83.7
Switzerland,CHE,2024-08-29 15:00:00,2024-08-29 17:00:00,104.56
Switzerland,CHE,2024-08-29 16:00:00,2024-08-29 18:00:00,123.08
Switzerland,CHE,2024-08-29 17:00:00,2024-08-29 19:00:00,126.34
Switzerland,CHE,2024-08-29 18:00:00,2024-08-29 20:00:00,146.5
Switzerland,CHE,2024-08-29 19:00:00,2024-08-29 21:00:00,134.66
Switzerland,CHE,2024-08-29 20:00:00,2024-08-29 22:00:00,122.57
Switzerland,CHE,2024-08-29 21:00:00,2024-08-29 23:00:00,112.38
Switzerland,CHE,2024-08-29 22:00:00,2024-08-30 00:00:00,105.2
Switzerland,CHE,2024-08-29 23:00:00,2024-08-30 01:00:00,102.63
Switzerland,CHE,2024-08-30 00:00:00,2024-08-30 02:00:00,99.51
Switzerland,CHE,2024-08-30 01:00:00,2024-08-30 03:00:00,99.91
Switzerland,CHE,2024-08-30 02:00:00,2024-08-30 04:00:00,100.33
Switzerland,CHE,2024-08-30 03:00:00,2024-08-30 05:00:00,107.0
Switzerland,CHE,2024-08-30 04:00:00,2024-08-30 06:00:00,112.85
Switzerland,CHE,2024-08-30 05:00:00,2024-08-30 07:00:00,125.26
Switzerland,CHE,2024-08-30 06:00:00,2024-08-30 08:00:00,125.48
Switzerland,CHE,2024-08-30 07:00:00,2024-08-30 09:00:00,114.88
Switzerland,CHE,2024-08-30 08:00:00,2024-08-30 10:00:00,101.97
Switzerland,CHE,2024-08-30 09:00:00,2024-08-30 11:00:00,90.06
Switzerland,CHE,2024-08-30 10:00:00,2024-08-30 12:00:00,84.07
Switzerland,CHE,2024-08-30 11:00:00,2024-08-30 13:00:00,76.24
Switzerland,CHE,2024-08-30 12:00:00,2024-08-30 14:00:00,76.66
Switzerland,CHE,2024-08-30 13:00:00,2024-08-30 15:00:00,86.17
Switzerland,CHE,2024-08-30 14:00:00,2024-08-30 16:00:00,93.93
Switzerland,CHE,2024-08-30 15:00:00,2024-08-30 17:00:00,108.12
Switzerland,CHE,2024-08-30 16:00:00,2024-08-30 18:00:00,115.67
Switzerland,CHE,2024-08-30 17:00:00,2024-08-30 19:00:00,113.09
Switzerland,CHE,2024-08-30 18:00:00,2024-08-30 20:00:00,113.78
Switzerland,CHE,2024-08-30 19:00:00,2024-08-30 21:00:00,112.95
Switzerland,CHE,2024-08-30 20:00:00,2024-08-30 22:00:00,105.6
Switzerland,CHE,2024-08-30 21:00:00,2024-08-30 23:00:00,99.84
Switzerland,CHE,2024-08-30 22:00:00,2024-08-31 00:00:00,100.12
Switzerland,CHE,2024-08-30 23:00:00,2024-08-31 01:00:00,99.62
Switzerland,CHE,2024-08-31 00:00:00,2024-08-31 02:00:00,98.76
Switzerland,CHE,2024-08-31 01:00:00,2024-08-31 03:00:00,98.77
Switzerland,CHE,2024-08-31 02:00:00,2024-08-31 04:00:00,97.67
Switzerland,CHE,2024-08-31 03:00:00,2024-08-31 05:00:00,98.79
Switzerland,CHE,2024-08-31 04:00:00,2024-08-31 06:00:00,97.53
Switzerland,CHE,2024-08-31 05:00:00,2024-08-31 07:00:00,99.13
Switzerland,CHE,2024-08-31 06:00:00,2024-08-31 08:00:00,93.55
Switzerland,CHE,2024-08-31 07:00:00,2024-08-31 09:00:00,79.23
Switzerland,CHE,2024-08-31 08:00:00,2024-08-31 10:00:00,55.41
Switzerland,CHE,2024-08-31 09:00:00,2024-08-31 11:00:00,31.56
Switzerland,CHE,2024-08-31 10:00:00,2024-08-31 12:00:00,13.07
Switzerland,CHE,2024-08-31 11:00:00,2024-08-31 13:00:00,1.19
Switzerland,CHE,2024-08-31 12:00:00,2024-08-31 14:00:00,2.12
Switzerland,CHE,2024-08-31 13:00:00,2024-08-31 15:00:00,12.94
Switzerland,CHE,2024-08-31 14:00:00,2024-08-31 16:00:00,30.64
Switzerland,CHE,2024-08-31 15:00:00,2024-08-31 17:00:00,75.39
Switzerland,CHE,2024-08-31 16:00:00,2024-08-31 18:00:00,106.39
Switzerland,CHE,2024-08-31 17:00:00,2024-08-31 19:00:00,115.81
Switzerland,CHE,2024-08-31 18:00:00,2024-08-31 20:00:00,119.24
Switzerland,CHE,2024-08-31 19:00:00,2024-08-31 21:00:00,107.61
Switzerland,CHE,2024-08-31 20:00:00,2024-08-31 22:00:00,102.6
Switzerland,CHE,2024-08-31 21:00:00,2024-08-31 23:00:00,89.35
Switzerland,CHE,2024-08-31 22:00:00,2024-09-01 00:00:00,84.18
Switzerland,CHE,2024-08-31 23:00:00,2024-09-01 01:00:00,81.76
Switzerland,CHE,2024-09-01 00:00:00,2024-09-01 02:00:00,80.56
Switzerland,CHE,2024-09-01 01:00:00,2024-09-01 03:00:00,79.98
Switzerland,CHE,2024-09-01 02:00:00,2024-09-01 04:00:00,77.69
Switzerland,CHE,2024-09-01 03:00:00,2024-09-01 05:00:00,79.72
Switzerland,CHE,2024-09-01 04:00:00,2024-09-01 06:00:00,78.4
Switzerland,CHE,2024-09-01 05:00:00,2024-09-01 07:00:00,71.56
Switzerland,CHE,2024-09-01 06:00:00,2024-09-01 08:00:00,56.5
Switzerland,CHE,2024-09-01 07:00:00,2024-09-01 09:00:00,50.08
Switzerland,CHE,2024-09-01 08:00:00,2024-09-01 10:00:00,17.72
Switzerland,CHE,2024-09-01 09:00:00,2024-09-01 11:00:00,0.73
Switzerland,CHE,2024-09-01 10:00:00,2024-09-01 12:00:00,-1.15
Switzerland,CHE,2024-09-01 11:00:00,2024-09-01 13:00:00,-2.94
Switzerland,CHE,2024-09-01 12:00:00,2024-09-01 14:00:00,2.86
Switzerland,CHE,2024-09-01 13:00:00,2024-09-01 15:00:00,41.58
Switzerland,CHE,2024-09-01 14:00:00,2024-09-01 16:00:00,50.69
Switzerland,CHE,2024-09-01 15:00:00,2024-09-01 17:00:00,77.7
Switzerland,CHE,2024-09-01 16:00:00,2024-09-01 18:00:00,104.42
Switzerland,CHE,2024-09-01 17:00:00,2024-09-01 19:00:00,128.29
Switzerland,CHE,2024-09-01 18:00:00,2024-09-01 20:00:00,130.68
Switzerland,CHE,2024-09-01 19:00:00,2024-09-01 21:00:00,118.03
Switzerland,CHE,2024-09-01 20:00:00,2024-09-01 22:00:00,110.88
Switzerland,CHE,2024-09-01 21:00:00,2024-09-01 23:00:00,105.1
Switzerland,CHE,2024-09-01 22:00:00,2024-09-02 00:00:00,89.84
Switzerland,CHE,2024-09-01 23:00:00,2024-09-02 01:00:00,86.68
Switzerland,CHE,2024-09-02 00:00:00,2024-09-02 02:00:00,81.69
Switzerland,CHE,2024-09-02 01:00:00,2024-09-02 03:00:00,81.03
Switzerland,CHE,2024-09-02 02:00:00,2024-09-02 04:00:00,82.94
Switzerland,CHE,2024-09-02 03:00:00,2024-09-02 05:00:00,93.8
Switzerland,CHE,2024-09-02 04:00:00,2024-09-02 06:00:00,117.92
Switzerland,CHE,2024-09-02 05:00:00,2024-09-02 07:00:00,140.35
Switzerland,CHE,2024-09-02 06:00:00,2024-09-02 08:00:00,125.57
Switzerland,CHE,2024-09-02 07:00:00,2024-09-02 09:00:00,110.0
Switzerland,CHE,2024-09-02 08:00:00,2024-09-02 10:00:00,92.37
Switzerland,CHE,2024-09-02 09:00:00,2024-09-02 11:00:00,86.39
Switzerland,CHE,2024-09-02 10:00:00,2024-09-02 12:00:00,79.48
Switzerland,CHE,2024-09-02 11:00:00,2024-09-02 13:00:00,71.18
Switzerland,CHE,2024-09-02 12:00:00,2024-09-02 14:00:00,73.85
Switzerland,CHE,2024-09-02 13:00:00,2024-09-02 15:00:00,81.23
Switzerland,CHE,2024-09-02 14:00:00,2024-09-02 16:00:00,93.8
Switzerland,CHE,2024-09-02 15:00:00,2024-09-02 17:00:00,105.09
Switzerland,CHE,2024-09-02 16:00:00,2024-09-02 18:00:00,136.51
Switzerland,CHE,2024-09-02 17:00:00,2024-09-02 19:00:00,166.77
Switzerland,CHE,2024-09-02 18:00:00,2024-09-02 20:00:00,171.48
Switzerland,CHE,2024-09-02 19:00:00,2024-09-02 21:00:00,139.29
Switzerland,CHE,2024-09-02 20:00:00,2024-09-02 22:00:00,115.07
Switzerland,CHE,2024-09-02 21:00:00,2024-09-02 23:00:00,107.36
Switzerland,CHE,2024-09-02 22:00:00,2024-09-03 00:00:00,110.49
Switzerland,CHE,2024-09-02 23:00:00,2024-09-03 01:00:00,101.84
Switzerland,CHE,2024-09-03 00:00:00,2024-09-03 02:00:00,99.77
Switzerland,CHE,2024-09-03 01:00:00,2024-09-03 03:00:00,97.03
Switzerland,CHE,2024-09-03 02:00:00,2024-09-03 04:00:00,99.79
Switzerland,CHE,2024-09-03 03:00:00,2024-09-03 05:00:00,110.74
Switzerland,CHE,2024-09-03 04:00:00,2024-09-03 06:00:00,130.17
Switzerland,CHE,2024-09-03 05:00:00,2024-09-03 07:00:00,153.66
Switzerland,CHE,2024-09-03 06:00:00,2024-09-03 08:00:00,145.67
Switzerland,CHE,2024-09-03 07:00:00,2024-09-03 09:00:00,123.04
Switzerland,CHE,2024-09-03 08:00:00,2024-09-03 10:00:00,113.69
Switzerland,CHE,2024-09-03 09:00:00,2024-09-03 11:00:00,99.32
Switzerland,CHE,2024-09-03 10:00:00,2024-09-03 12:00:00,92.74
Switzerland,CHE,2024-09-03 11:00:00,2024-09-03 13:00:00,90.43
Switzerland,CHE,2024-09-03 12:00:00,2024-09-03 14:00:00,91.56
Switzerland,CHE,2024-09-03 13:00:00,2024-09-03 15:00:00,105.02
Switzerland,CHE,2024-09-03 14:00:00,2024-09-03 16:00:00,106.31
Switzerland,CHE,2024-09-03 15:00:00,2024-09-03 17:00:00,122.82
Switzerland,CHE,2024-09-03 16:00:00,2024-09-03 18:00:00,166.64
Switzerland,CHE,2024-09-03 17:00:00,2024-09-03 19:00:00,237.45
Switzerland,CHE,2024-09-03 18:00:00,2024-09-03 20:00:00,232.34
Switzerland,CHE,2024-09-03 19:00:00,2024-09-03 21:00:00,160.79
Switzerland,CHE,2024-09-03 20:00:00,2024-09-03 22:00:00,130.05
Switzerland,CHE,2024-09-03 21:00:00,2024-09-03 23:00:00,114.54
Switzerland,CHE,2024-09-03 22:00:00,2024-09-04 00:00:00,111.08
Switzerland,CHE,2024-09-03 23:00:00,2024-09-04 01:00:00,108.36
Switzerland,CHE,2024-09-04 00:00:00,2024-09-04 02:00:00,105.28
Switzerland,CHE,2024-09-04 01:00:00,2024-09-04 03:00:00,101.38
Switzerland,CHE,2024-09-04 02:00:00,2024-09-04 04:00:00,106.57
Switzerland,CHE,2024-09-04 03:00:00,2024-09-04 05:00:00,116.6
Switzerland,CHE,2024-09-04 04:00:00,2024-09-04 06:00:00,144.85
Switzerland,CHE,2024-09-04 05:00:00,2024-09-04 07:00:00,178.86
Switzerland,CHE,2024-09-04 06:00:00,2024-09-04 08:00:00,157.4
Switzerland,CHE,2024-09-04 07:00:00,2024-09-04 09:00:00,122.2
Switzerland,CHE,2024-09-04 08:00:00,2024-09-04 10:00:00,113.85
Switzerland,CHE,2024-09-04 09:00:00,2024-09-04 11:00:00,107.51
Switzerland,CHE,2024-09-04 10:00:00,2024-09-04 12:00:00,103.12
Switzerland,CHE,2024-09-04 11:00:00,2024-09-04 13:00:00,99.02
Switzerland,CHE,2024-09-04 12:00:00,2024-09-04 14:00:00,99.51
Switzerland,CHE,2024-09-04 13:00:00,2024-09-04 15:00:00,104.84
Switzerland,CHE,2024-09-04 14:00:00,2024-09-04 16:00:00,110.09
Switzerland,CHE,2024-09-04 15:00:00,2024-09-04 17:00:00,120.76
Switzerland,CHE,2024-09-04 16:00:00,2024-09-04 18:00:00,165.59
Switzerland,CHE,2024-09-04 17:00:00,2024-09-04 19:00:00,126.47
Switzerland,CHE,2024-09-04 18:00:00,2024-09-04 20:00:00,119.68
Switzerland,CHE,2024-09-04 19:00:00,2024-09-04 21:00:00,120.6
Switzerland,CHE,2024-09-04 20:00:00,2024-09-04 22:00:00,117.16
Switzerland,CHE,2024-09-04 21:00:00,2024-09-04 23:00:00,102.49
Switzerland,CHE,2024-09-04 22:00:00,2024-09-05 00:00:00,95.32
Switzerland,CHE,2024-09-04 23:00:00,2024-09-05 01:00:00,91.88
Switzerland,CHE,2024-09-05 00:00:00,2024-09-05 02:00:00,89.99
Switzerland,CHE,2024-09-05 01:00:00,2024-09-05 03:00:00,89.06
Switzerland,CHE,2024-09-05 02:00:00,2024-09-05 04:00:00,89.19
Switzerland,CHE,2024-09-05 03:00:00,2024-09-05 05:00:00,93.79
Switzerland,CHE,2024-09-05 04:00:00,2024-09-05 06:00:00,109.19
Switzerland,CHE,2024-09-05 05:00:00,2024-09-05 07:00:00,119.96
Switzerland,CHE,2024-09-05 06:00:00,2024-09-05 08:00:00,112.84
Switzerland,CHE,2024-09-05 07:00:00,2024-09-05 09:00:00,93.14
Switzerland,CHE,2024-09-05 08:00:00,2024-09-05 10:00:00,85.81
Switzerland,CHE,2024-09-05 09:00:00,2024-09-05 11:00:00,85.8
Switzerland,CHE,2024-09-05 10:00:00,2024-09-05 12:00:00,86.69
Switzerland,CHE,2024-09-05 11:00:00,2024-09-05 13:00:00,89.94
Switzerland,CHE,2024-09-05 12:00:00,2024-09-05 14:00:00,89.19
Switzerland,CHE,2024-09-05 13:00:00,2024-09-05 15:00:00,90.0
Switzerland,CHE,2024-09-05 14:00:00,2024-09-05 16:00:00,92.8
Switzerland,CHE,2024-09-05 15:00:00,2024-09-05 17:00:00,89.92
Switzerland,CHE,2024-09-05 16:00:00,2024-09-05 18:00:00,100.33
Switzerland,CHE,2024-09-05 17:00:00,2024-09-05 19:00:00,106.59
Switzerland,CHE,2024-09-05 18:00:00,2024-09-05 20:00:00,103.46
Switzerland,CHE,2024-09-05 19:00:00,2024-09-05 21:00:00,94.98
Switzerland,CHE,2024-09-05 20:00:00,2024-09-05 22:00:00,94.72
Switzerland,CHE,2024-09-05 21:00:00,2024-09-05 23:00:00,91.87
Switzerland,CHE,2024-09-05 22:00:00,2024-09-06 00:00:00,84.19
Switzerland,CHE,2024-09-05 23:00:00,2024-09-06 01:00:00,83.66
Switzerland,CHE,2024-09-06 00:00:00,2024-09-06 02:00:00,84.21
Switzerland,CHE,2024-09-06 01:00:00,2024-09-06 03:00:00,82.05
Switzerland,CHE,2024-09-06 02:00:00,2024-09-06 04:00:00,81.87
Switzerland,CHE,2024-09-06 03:00:00,2024-09-06 05:00:00,86.02
Switzerland,CHE,2024-09-06 04:00:00,2024-09-06 06:00:00,88.4
Switzerland,CHE,2024-09-06 05:00:00,2024-09-06 07:00:00,98.55
Switzerland,CHE,2024-09-06 06:00:00,2024-09-06 08:00:00,102.19
Switzerland,CHE,2024-09-06 07:00:00,2024-09-06 09:00:00,92.91
Switzerland,CHE,2024-09-06 08:00:00,2024-09-06 10:00:00,86.11
Switzerland,CHE,2024-09-06 09:00:00,2024-09-06 11:00:00,81.39
Switzerland,CHE,2024-09-06 10:00:00,2024-09-06 12:00:00,80.27
Switzerland,CHE,2024-09-06 11:00:00,2024-09-06 13:00:00,80.3
Switzerland,CHE,2024-09-06 12:00:00,2024-09-06 14:00:00,80.28
Switzerland,CHE,2024-09-06 13:00:00,2024-09-06 15:00:00,82.0
Switzerland,CHE,2024-09-06 14:00:00,2024-09-06 16:00:00,86.1
Switzerland,CHE,2024-09-06 15:00:00,2024-09-06 17:00:00,91.19
Switzerland,CHE,2024-09-06 16:00:00,2024-09-06 18:00:00,99.83
Switzerland,CHE,2024-09-06 17:00:00,2024-09-06 19:00:00,101.57
Switzerland,CHE,2024-09-06 18:00:00,2024-09-06 20:00:00,105.14
Switzerland,CHE,2024-09-06 19:00:00,2024-09-06 21:00:00,104.68
Switzerland,CHE,2024-09-06 20:00:00,2024-09-06 22:00:00,101.24
Switzerland,CHE,2024-09-06 21:00:00,2024-09-06 23:00:00,94.31
Switzerland,CHE,2024-09-06 22:00:00,2024-09-07 00:00:00,93.22
Switzerland,CHE,2024-09-06 23:00:00,2024-09-07 01:00:00,90.59
Switzerland,CHE,2024-09-07 00:00:00,2024-09-07 02:00:00,91.42
Switzerland,CHE,2024-09-07 01:00:00,2024-09-07 03:00:00,92.9
Switzerland,CHE,2024-09-07 02:00:00,2024-09-07 04:00:00,93.8
Switzerland,CHE,2024-09-07 03:00:00,2024-09-07 05:00:00,93.77
Switzerland,CHE,2024-09-07 04:00:00,2024-09-07 06:00:00,104.23
Switzerland,CHE,2024-09-07 05:00:00,2024-09-07 07:00:00,104.58
Switzerland,CHE,2024-09-07 06:00:00,2024-09-07 08:00:00,95.07
Switzerland,CHE,2024-09-07 07:00:00,2024-09-07 09:00:00,81.86
Switzerland,CHE,2024-09-07 08:00:00,2024-09-07 10:00:00,52.55
Switzerland,CHE,2024-09-07 09:00:00,2024-09-07 11:00:00,24.76
Switzerland,CHE,2024-09-07 10:00:00,2024-09-07 12:00:00,4.36
Switzerland,CHE,2024-09-07 11:00:00,2024-09-07 13:00:00,-2.05
Switzerland,CHE,2024-09-07 12:00:00,2024-09-07 14:00:00,-1.48
Switzerland,CHE,2024-09-07 13:00:00,2024-09-07 15:00:00,26.75
Switzerland,CHE,2024-09-07 14:00:00,2024-09-07 16:00:00,72.01
Switzerland,CHE,2024-09-07 15:00:00,2024-09-07 17:00:00,93.81
Switzerland,CHE,2024-09-07 16:00:00,2024-09-07 18:00:00,111.31
Switzerland,CHE,2024-09-07 17:00:00,2024-09-07 19:00:00,109.63
Switzerland,CHE,2024-09-07 18:00:00,2024-09-07 20:00:00,109.94
Switzerland,CHE,2024-09-07 19:00:00,2024-09-07 21:00:00,106.09
Switzerland,CHE,2024-09-07 20:00:00,2024-09-07 22:00:00,97.43
Switzerland,CHE,2024-09-07 21:00:00,2024-09-07 23:00:00,91.99
Switzerland,CHE,2024-09-07 22:00:00,2024-09-08 00:00:00,90.52
Switzerland,CHE,2024-09-07 23:00:00,2024-09-08 01:00:00,85.94
Switzerland,CHE,2024-09-08 00:00:00,2024-09-08 02:00:00,83.2
Switzerland,CHE,2024-09-08 01:00:00,2024-09-08 03:00:00,81.87
Switzerland,CHE,2024-09-08 02:00:00,2024-09-08 04:00:00,81.45
Switzerland,CHE,2024-09-08 03:00:00,2024-09-08 05:00:00,83.21
Switzerland,CHE,2024-09-08 04:00:00,2024-09-08 06:00:00,85.79
Switzerland,CHE,2024-09-08 05:00:00,2024-09-08 07:00:00,85.16
Switzerland,CHE,2024-09-08 06:00:00,2024-09-08 08:00:00,79.35
Switzerland,CHE,2024-09-08 07:00:00,2024-09-08 09:00:00,58.09
Switzerland,CHE,2024-09-08 08:00:00,2024-09-08 10:00:00,19.83
Switzerland,CHE,2024-09-08 09:00:00,2024-09-08 11:00:00,8.6
Switzerland,CHE,2024-09-08 10:00:00,2024-09-08 12:00:00,3.16
Switzerland,CHE,2024-09-08 11:00:00,2024-09-08 13:00:00,3.08
Switzerland,CHE,2024-09-08 12:00:00,2024-09-08 14:00:00,2.71
Switzerland,CHE,2024-09-08 13:00:00,2024-09-08 15:00:00,18.11
Switzerland,CHE,2024-09-08 14:00:00,2024-09-08 16:00:00,65.51
Switzerland,CHE,2024-09-08 15:00:00,2024-09-08 17:00:00,96.99
Switzerland,CHE,2024-09-08 16:00:00,2024-09-08 18:00:00,122.04
Switzerland,CHE,2024-09-08 17:00:00,2024-09-08 19:00:00,129.95
Switzerland,CHE,2024-09-08 18:00:00,2024-09-08 20:00:00,127.83
Switzerland,CHE,2024-09-08 19:00:00,2024-09-08 21:00:00,116.21
Switzerland,CHE,2024-09-08 20:00:00,2024-09-08 22:00:00,101.16
Switzerland,CHE,2024-09-08 21:00:00,2024-09-08 23:00:00,92.01
Switzerland,CHE,2024-09-08 22:00:00,2024-09-09 00:00:00,90.31
Switzerland,CHE,2024-09-08 23:00:00,2024-09-09 01:00:00,88.85
Switzerland,CHE,2024-09-09 00:00:00,2024-09-09 02:00:00,86.04
Switzerland,CHE,2024-09-09 01:00:00,2024-09-09 03:00:00,86.39
Switzerland,CHE,2024-09-09 02:00:00,2024-09-09 04:00:00,87.05
Switzerland,CHE,2024-09-09 03:00:00,2024-09-09 05:00:00,94.55
Switzerland,CHE,2024-09-09 04:00:00,2024-09-09 06:00:00,125.39
Switzerland,CHE,2024-09-09 05:00:00,2024-09-09 07:00:00,150.04
Switzerland,CHE,2024-09-09 06:00:00,2024-09-09 08:00:00,152.62
Switzerland,CHE,2024-09-09 07:00:00,2024-09-09 09:00:00,125.01
Switzerland,CHE,2024-09-09 08:00:00,2024-09-09 10:00:00,114.81
Switzerland,CHE,2024-09-09 09:00:00,2024-09-09 11:00:00,109.96
Switzerland,CHE,2024-09-09 10:00:00,2024-09-09 12:00:00,99.94
Switzerland,CHE,2024-09-09 11:00:00,2024-09-09 13:00:00,95.18
Switzerland,CHE,2024-09-09 12:00:00,2024-09-09 14:00:00,96.0
Switzerland,CHE,2024-09-09 13:00:00,2024-09-09 15:00:00,98.87
Switzerland,CHE,2024-09-09 14:00:00,2024-09-09 16:00:00,99.63
Switzerland,CHE,2024-09-09 15:00:00,2024-09-09 17:00:00,100.8
Switzerland,CHE,2024-09-09 16:00:00,2024-09-09 18:00:00,94.87
Switzerland,CHE,2024-09-09 17:00:00,2024-09-09 19:00:00,125.1
Switzerland,CHE,2024-09-09 18:00:00,2024-09-09 20:00:00,117.95
Switzerland,CHE,2024-09-09 19:00:00,2024-09-09 21:00:00,97.4
Switzerland,CHE,2024-09-09 20:00:00,2024-09-09 22:00:00,90.29
Switzerland,CHE,2024-09-09 21:00:00,2024-09-09 23:00:00,81.46
Switzerland,CHE,2024-09-09 22:00:00,2024-09-10 00:00:00,59.79
Switzerland,CHE,2024-09-09 23:00:00,2024-09-10 01:00:00,49.2
Switzerland,CHE,2024-09-10 00:00:00,2024-09-10 02:00:00,51.94
Switzerland,CHE,2024-09-10 01:00:00,2024-09-10 03:00:00,51.13
Switzerland,CHE,2024-09-10 02:00:00,2024-09-10 04:00:00,58.72
Switzerland,CHE,2024-09-10 03:00:00,2024-09-10 05:00:00,73.96
Switzerland,CHE,2024-09-10 04:00:00,2024-09-10 06:00:00,95.22
Switzerland,CHE,2024-09-10 05:00:00,2024-09-10 07:00:00,119.15
Switzerland,CHE,2024-09-10 06:00:00,2024-09-10 08:00:00,106.07
Switzerland,CHE,2024-09-10 07:00:00,2024-09-10 09:00:00,89.39
Switzerland,CHE,2024-09-10 08:00:00,2024-09-10 10:00:00,81.78
Switzerland,CHE,2024-09-10 09:00:00,2024-09-10 11:00:00,79.67
Switzerland,CHE,2024-09-10 10:00:00,2024-09-10 12:00:00,7.45
Switzerland,CHE,2024-09-10 11:00:00,2024-09-10 13:00:00,1.89
Switzerland,CHE,2024-09-10 12:00:00,2024-09-10 14:00:00,-1.3
Switzerland,CHE,2024-09-10 13:00:00,2024-09-10 15:00:00,76.74
Switzerland,CHE,2024-09-10 14:00:00,2024-09-10 16:00:00,84.98
Switzerland,CHE,2024-09-10 15:00:00,2024-09-10 17:00:00,84.33
Switzerland,CHE,2024-09-10 16:00:00,2024-09-10 18:00:00,72.43
Switzerland,CHE,2024-09-10 17:00:00,2024-09-10 19:00:00,86.08
Switzerland,CHE,2024-09-10 18:00:00,2024-09-10 20:00:00,86.19
Switzerland,CHE,2024-09-10 19:00:00,2024-09-10 21:00:00,77.62
Switzerland,CHE,2024-09-10 20:00:00,2024-09-10 22:00:00,79.88
Switzerland,CHE,2024-09-10 21:00:00,2024-09-10 23:00:00,72.75
Switzerland,CHE,2024-09-10 22:00:00,2024-09-11 00:00:00,59.11
Switzerland,CHE,2024-09-10 23:00:00,2024-09-11 01:00:00,47.99
Switzerland,CHE,2024-09-11 00:00:00,2024-09-11 02:00:00,45.04
Switzerland,CHE,2024-09-11 01:00:00,2024-09-11 03:00:00,43.97
Switzerland,CHE,2024-09-11 02:00:00,2024-09-11 04:00:00,51.1
Switzerland,CHE,2024-09-11 03:00:00,2024-09-11 05:00:00,82.99
Switzerland,CHE,2024-09-11 04:00:00,2024-09-11 06:00:00,94.3
Switzerland,CHE,2024-09-11 05:00:00,2024-09-11 07:00:00,105.99
Switzerland,CHE,2024-09-11 06:00:00,2024-09-11 08:00:00,103.9
Switzerland,CHE,2024-09-11 07:00:00,2024-09-11 09:00:00,97.61
Switzerland,CHE,2024-09-11 08:00:00,2024-09-11 10:00:00,86.62
Switzerland,CHE,2024-09-11 09:00:00,2024-09-11 11:00:00,84.9
Switzerland,CHE,2024-09-11 10:00:00,2024-09-11 12:00:00,77.33
Switzerland,CHE,2024-09-11 11:00:00,2024-09-11 13:00:00,77.4
Switzerland,CHE,2024-09-11 12:00:00,2024-09-11 14:00:00,80.07
Switzerland,CHE,2024-09-11 13:00:00,2024-09-11 15:00:00,84.41
Switzerland,CHE,2024-09-11 14:00:00,2024-09-11 16:00:00,90.69
Switzerland,CHE,2024-09-11 15:00:00,2024-09-11 17:00:00,100.51
Switzerland,CHE,2024-09-11 16:00:00,2024-09-11 18:00:00,115.7
Switzerland,CHE,2024-09-11 17:00:00,2024-09-11 19:00:00,126.47
Switzerland,CHE,2024-09-11 18:00:00,2024-09-11 20:00:00,121.0
Switzerland,CHE,2024-09-11 19:00:00,2024-09-11 21:00:00,110.85
Switzerland,CHE,2024-09-11 20:00:00,2024-09-11 22:00:00,107.2
Switzerland,CHE,2024-09-11 21:00:00,2024-09-11 23:00:00,97.22
Switzerland,CHE,2024-09-11 22:00:00,2024-09-12 00:00:00,89.98
Switzerland,CHE,2024-09-11 23:00:00,2024-09-12 01:00:00,85.23
Switzerland,CHE,2024-09-12 00:00:00,2024-09-12 02:00:00,83.25
Switzerland,CHE,2024-09-12 01:00:00,2024-09-12 03:00:00,81.09
Switzerland,CHE,2024-09-12 02:00:00,2024-09-12 04:00:00,83.57
Switzerland,CHE,2024-09-12 03:00:00,2024-09-12 05:00:00,88.56
Switzerland,CHE,2024-09-12 04:00:00,2024-09-12 06:00:00,108.72
Switzerland,CHE,2024-09-12 05:00:00,2024-09-12 07:00:00,135.82
Switzerland,CHE,2024-09-12 06:00:00,2024-09-12 08:00:00,134.74
Switzerland,CHE,2024-09-12 07:00:00,2024-09-12 09:00:00,105.66
Switzerland,CHE,2024-09-12 08:00:00,2024-09-12 10:00:00,95.45
Switzerland,CHE,2024-09-12 09:00:00,2024-09-12 11:00:00,85.91
Switzerland,CHE,2024-09-12 10:00:00,2024-09-12 12:00:00,80.61
Switzerland,CHE,2024-09-12 11:00:00,2024-09-12 13:00:00,78.65
Switzerland,CHE,2024-09-12 12:00:00,2024-09-12 14:00:00,80.83
Switzerland,CHE,2024-09-12 13:00:00,2024-09-12 15:00:00,85.46
Switzerland,CHE,2024-09-12 14:00:00,2024-09-12 16:00:00,92.71
Switzerland,CHE,2024-09-12 15:00:00,2024-09-12 17:00:00,114.63
Switzerland,CHE,2024-09-12 16:00:00,2024-09-12 18:00:00,129.92
Switzerland,CHE,2024-09-12 17:00:00,2024-09-12 19:00:00,136.02
Switzerland,CHE,2024-09-12 18:00:00,2024-09-12 20:00:00,102.89
Switzerland,CHE,2024-09-12 19:00:00,2024-09-12 21:00:00,102.64
Switzerland,CHE,2024-09-12 20:00:00,2024-09-12 22:00:00,100.21
Switzerland,CHE,2024-09-12 21:00:00,2024-09-12 23:00:00,92.66
Switzerland,CHE,2024-09-12 22:00:00,2024-09-13 00:00:00,92.13
Switzerland,CHE,2024-09-12 23:00:00,2024-09-13 01:00:00,89.08
Switzerland,CHE,2024-09-13 00:00:00,2024-09-13 02:00:00,86.78
Switzerland,CHE,2024-09-13 01:00:00,2024-09-13 03:00:00,86.44
Switzerland,CHE,2024-09-13 02:00:00,2024-09-13 04:00:00,85.91
Switzerland,CHE,2024-09-13 03:00:00,2024-09-13 05:00:00,89.03
Switzerland,CHE,2024-09-13 04:00:00,2024-09-13 06:00:00,107.85
Switzerland,CHE,2024-09-13 05:00:00,2024-09-13 07:00:00,126.41
Switzerland,CHE,2024-09-13 06:00:00,2024-09-13 08:00:00,128.12
Switzerland,CHE,2024-09-13 07:00:00,2024-09-13 09:00:00,104.87
Switzerland,CHE,2024-09-13 08:00:00,2024-09-13 10:00:00,95.01
Switzerland,CHE,2024-09-13 09:00:00,2024-09-13 11:00:00,82.81
Switzerland,CHE,2024-09-13 10:00:00,2024-09-13 12:00:00,78.23
Switzerland,CHE,2024-09-13 11:00:00,2024-09-13 13:00:00,71.02
Switzerland,CHE,2024-09-13 12:00:00,2024-09-13 14:00:00,61.98
Switzerland,CHE,2024-09-13 13:00:00,2024-09-13 15:00:00,66.92
Switzerland,CHE,2024-09-13 14:00:00,2024-09-13 16:00:00,70.46
Switzerland,CHE,2024-09-13 15:00:00,2024-09-13 17:00:00,74.9
Switzerland,CHE,2024-09-13 16:00:00,2024-09-13 18:00:00,92.06
Switzerland,CHE,2024-09-13 17:00:00,2024-09-13 19:00:00,99.27
Switzerland,CHE,2024-09-13 18:00:00,2024-09-13 20:00:00,94.15
Switzerland,CHE,2024-09-13 19:00:00,2024-09-13 21:00:00,82.03
Switzerland,CHE,2024-09-13 20:00:00,2024-09-13 22:00:00,76.82
Switzerland,CHE,2024-09-13 21:00:00,2024-09-13 23:00:00,71.2
Switzerland,CHE,2024-09-13 22:00:00,2024-09-14 00:00:00,63.48
Switzerland,CHE,2024-09-13 23:00:00,2024-09-14 01:00:00,54.99
Switzerland,CHE,2024-09-14 00:00:00,2024-09-14 02:00:00,49.68
Switzerland,CHE,2024-09-14 01:00:00,2024-09-14 03:00:00,44.12
Switzerland,CHE,2024-09-14 02:00:00,2024-09-14 04:00:00,44.66
Switzerland,CHE,2024-09-14 03:00:00,2024-09-14 05:00:00,52.51
Switzerland,CHE,2024-09-14 04:00:00,2024-09-14 06:00:00,66.36
Switzerland,CHE,2024-09-14 05:00:00,2024-09-14 07:00:00,80.6
Switzerland,CHE,2024-09-14 06:00:00,2024-09-14 08:00:00,80.19
Switzerland,CHE,2024-09-14 07:00:00,2024-09-14 09:00:00,72.51
Switzerland,CHE,2024-09-14 08:00:00,2024-09-14 10:00:00,42.09
Switzerland,CHE,2024-09-14 09:00:00,2024-09-14 11:00:00,25.58
Switzerland,CHE,2024-09-14 10:00:00,2024-09-14 12:00:00,4.39
Switzerland,CHE,2024-09-14 11:00:00,2024-09-14 13:00:00,-0.97
Switzerland,CHE,2024-09-14 12:00:00,2024-09-14 14:00:00,-1.59
Switzerland,CHE,2024-09-14 13:00:00,2024-09-14 15:00:00,9.56
Switzerland,CHE,2024-09-14 14:00:00,2024-09-14 16:00:00,26.72
Switzerland,CHE,2024-09-14 15:00:00,2024-09-14 17:00:00,74.14
Switzerland,CHE,2024-09-14 16:00:00,2024-09-14 18:00:00,93.54
Switzerland,CHE,2024-09-14 17:00:00,2024-09-14 19:00:00,95.59
Switzerland,CHE,2024-09-14 18:00:00,2024-09-14 20:00:00,96.49
Switzerland,CHE,2024-09-14 19:00:00,2024-09-14 21:00:00,92.21
Switzerland,CHE,2024-09-14 20:00:00,2024-09-14 22:00:00,92.0
Switzerland,CHE,2024-09-14 21:00:00,2024-09-14 23:00:00,83.7
Switzerland,CHE,2024-09-14 22:00:00,2024-09-15 00:00:00,72.6
Switzerland,CHE,2024-09-14 23:00:00,2024-09-15 01:00:00,70.3
Switzerland,CHE,2024-09-15 00:00:00,2024-09-15 02:00:00,68.55
Switzerland,CHE,2024-09-15 01:00:00,2024-09-15 03:00:00,68.7
Switzerland,CHE,2024-09-15 02:00:00,2024-09-15 04:00:00,68.15
Switzerland,CHE,2024-09-15 03:00:00,2024-09-15 05:00:00,65.57
Switzerland,CHE,2024-09-15 04:00:00,2024-09-15 06:00:00,69.46
Switzerland,CHE,2024-09-15 05:00:00,2024-09-15 07:00:00,70.17
Switzerland,CHE,2024-09-15 06:00:00,2024-09-15 08:00:00,62.25
Switzerland,CHE,2024-09-15 07:00:00,2024-09-15 09:00:00,41.93
Switzerland,CHE,2024-09-15 08:00:00,2024-09-15 10:00:00,10.64
Switzerland,CHE,2024-09-15 09:00:00,2024-09-15 11:00:00,1.87
Switzerland,CHE,2024-09-15 10:00:00,2024-09-15 12:00:00,-2.16
Switzerland,CHE,2024-09-15 11:00:00,2024-09-15 13:00:00,-3.49
Switzerland,CHE,2024-09-15 12:00:00,2024-09-15 14:00:00,-6.14
Switzerland,CHE,2024-09-15 13:00:00,2024-09-15 15:00:00,-2.63
Switzerland,CHE,2024-09-15 14:00:00,2024-09-15 16:00:00,23.89
Switzerland,CHE,2024-09-15 15:00:00,2024-09-15 17:00:00,70.46
Switzerland,CHE,2024-09-15 16:00:00,2024-09-15 18:00:00,96.79
Switzerland,CHE,2024-09-15 17:00:00,2024-09-15 19:00:00,100.2
Switzerland,CHE,2024-09-15 18:00:00,2024-09-15 20:00:00,98.21
Switzerland,CHE,2024-09-15 19:00:00,2024-09-15 21:00:00,98.28
Switzerland,CHE,2024-09-15 20:00:00,2024-09-15 22:00:00,95.21
Switzerland,CHE,2024-09-15 21:00:00,2024-09-15 23:00:00,89.88
Switzerland,CHE,2024-09-15 22:00:00,2024-09-16 00:00:00,84.96
Switzerland,CHE,2024-09-15 23:00:00,2024-09-16 01:00:00,84.9
Switzerland,CHE,2024-09-16 00:00:00,2024-09-16 02:00:00,83.19
Switzerland,CHE,2024-09-16 01:00:00,2024-09-16 03:00:00,84.63
Switzerland,CHE,2024-09-16 02:00:00,2024-09-16 04:00:00,84.25
Switzerland,CHE,2024-09-16 03:00:00,2024-09-16 05:00:00,86.99
Switzerland,CHE,2024-09-16 04:00:00,2024-09-16 06:00:00,102.02
Switzerland,CHE,2024-09-16 05:00:00,2024-09-16 07:00:00,127.62
Switzerland,CHE,2024-09-16 06:00:00,2024-09-16 08:00:00,126.41
Switzerland,CHE,2024-09-16 07:00:00,2024-09-16 09:00:00,113.09
Switzerland,CHE,2024-09-16 08:00:00,2024-09-16 10:00:00,103.05
Switzerland,CHE,2024-09-16 09:00:00,2024-09-16 11:00:00,97.76
Switzerland,CHE,2024-09-16 10:00:00,2024-09-16 12:00:00,96.34
Switzerland,CHE,2024-09-16 11:00:00,2024-09-16 13:00:00,88.46
Switzerland,CHE,2024-09-16 12:00:00,2024-09-16 14:00:00,89.59
Switzerland,CHE,2024-09-16 13:00:00,2024-09-16 15:00:00,89.12
Switzerland,CHE,2024-09-16 14:00:00,2024-09-16 16:00:00,90.29
Switzerland,CHE,2024-09-16 15:00:00,2024-09-16 17:00:00,93.06
Switzerland,CHE,2024-09-16 16:00:00,2024-09-16 18:00:00,114.98
Switzerland,CHE,2024-09-16 17:00:00,2024-09-16 19:00:00,117.06
Switzerland,CHE,2024-09-16 18:00:00,2024-09-16 20:00:00,110.23
Switzerland,CHE,2024-09-16 19:00:00,2024-09-16 21:00:00,91.41
Switzerland,CHE,2024-09-16 20:00:00,2024-09-16 22:00:00,90.3
Switzerland,CHE,2024-09-16 21:00:00,2024-09-16 23:00:00,83.31
Switzerland,CHE,2024-09-16 22:00:00,2024-09-17 00:00:00,88.54
Switzerland,CHE,2024-09-16 23:00:00,2024-09-17 01:00:00,88.76
Switzerland,CHE,2024-09-17 00:00:00,2024-09-17 02:00:00,87.62
Switzerland,CHE,2024-09-17 01:00:00,2024-09-17 03:00:00,83.67
Switzerland,CHE,2024-09-17 02:00:00,2024-09-17 04:00:00,83.18
Switzerland,CHE,2024-09-17 03:00:00,2024-09-17 05:00:00,89.94
Switzerland,CHE,2024-09-17 04:00:00,2024-09-17 06:00:00,104.42
Switzerland,CHE,2024-09-17 05:00:00,2024-09-17 07:00:00,123.29
Switzerland,CHE,2024-09-17 06:00:00,2024-09-17 08:00:00,116.02
Switzerland,CHE,2024-09-17 07:00:00,2024-09-17 09:00:00,111.1
Switzerland,CHE,2024-09-17 08:00:00,2024-09-17 10:00:00,94.98
Switzerland,CHE,2024-09-17 09:00:00,2024-09-17 11:00:00,90.07
Switzerland,CHE,2024-09-17 10:00:00,2024-09-17 12:00:00,83.06
Switzerland,CHE,2024-09-17 11:00:00,2024-09-17 13:00:00,75.49
Switzerland,CHE,2024-09-17 12:00:00,2024-09-17 14:00:00,68.33
Switzerland,CHE,2024-09-17 13:00:00,2024-09-17 15:00:00,81.13
Switzerland,CHE,2024-09-17 14:00:00,2024-09-17 16:00:00,84.7
Switzerland,CHE,2024-09-17 15:00:00,2024-09-17 17:00:00,89.89
Switzerland,CHE,2024-09-17 16:00:00,2024-09-17 18:00:00,103.29
Switzerland,CHE,2024-09-17 17:00:00,2024-09-17 19:00:00,120.0
Switzerland,CHE,2024-09-17 18:00:00,2024-09-17 20:00:00,113.69
Switzerland,CHE,2024-09-17 19:00:00,2024-09-17 21:00:00,91.9
Switzerland,CHE,2024-09-17 20:00:00,2024-09-17 22:00:00,89.5
Switzerland,CHE,2024-09-17 21:00:00,2024-09-17 23:00:00,83.96
Switzerland,CHE,2024-09-17 22:00:00,2024-09-18 00:00:00,86.37
Switzerland,CHE,2024-09-17 23:00:00,2024-09-18 01:00:00,83.49
Switzerland,CHE,2024-09-18 00:00:00,2024-09-18 02:00:00,84.03
Switzerland,CHE,2024-09-18 01:00:00,2024-09-18 03:00:00,84.04
Switzerland,CHE,2024-09-18 02:00:00,2024-09-18 04:00:00,85.46
Switzerland,CHE,2024-09-18 03:00:00,2024-09-18 05:00:00,91.91
Switzerland,CHE,2024-09-18 04:00:00,2024-09-18 06:00:00,113.2
Switzerland,CHE,2024-09-18 05:00:00,2024-09-18 07:00:00,135.91
Switzerland,CHE,2024-09-18 06:00:00,2024-09-18 08:00:00,127.35
Switzerland,CHE,2024-09-18 07:00:00,2024-09-18 09:00:00,96.14
Switzerland,CHE,2024-09-18 08:00:00,2024-09-18 10:00:00,81.18
Switzerland,CHE,2024-09-18 09:00:00,2024-09-18 11:00:00,72.97
Switzerland,CHE,2024-09-18 10:00:00,2024-09-18 12:00:00,49.65
Switzerland,CHE,2024-09-18 11:00:00,2024-09-18 13:00:00,37.01
Switzerland,CHE,2024-09-18 12:00:00,2024-09-18 14:00:00,32.32
Switzerland,CHE,2024-09-18 13:00:00,2024-09-18 15:00:00,65.14
Switzerland,CHE,2024-09-18 14:00:00,2024-09-18 16:00:00,80.64
Switzerland,CHE,2024-09-18 15:00:00,2024-09-18 17:00:00,89.09
Switzerland,CHE,2024-09-18 16:00:00,2024-09-18 18:00:00,110.28
Switzerland,CHE,2024-09-18 17:00:00,2024-09-18 19:00:00,117.62
Switzerland,CHE,2024-09-18 18:00:00,2024-09-18 20:00:00,107.21
Switzerland,CHE,2024-09-18 19:00:00,2024-09-18 21:00:00,91.76
Switzerland,CHE,2024-09-18 20:00:00,2024-09-18 22:00:00,86.34
Switzerland,CHE,2024-09-18 21:00:00,2024-09-18 23:00:00,81.13
Switzerland,CHE,2024-09-18 22:00:00,2024-09-19 00:00:00,77.96
Switzerland,CHE,2024-09-18 23:00:00,2024-09-19 01:00:00,78.11
Switzerland,CHE,2024-09-19 00:00:00,2024-09-19 02:00:00,77.28
Switzerland,CHE,2024-09-19 01:00:00,2024-09-19 03:00:00,76.18
Switzerland,CHE,2024-09-19 02:00:00,2024-09-19 04:00:00,76.99
Switzerland,CHE,2024-09-19 03:00:00,2024-09-19 05:00:00,85.4
Switzerland,CHE,2024-09-19 04:00:00,2024-09-19 06:00:00,102.49
Switzerland,CHE,2024-09-19 05:00:00,2024-09-19 07:00:00,128.35
Switzerland,CHE,2024-09-19 06:00:00,2024-09-19 08:00:00,115.05
Switzerland,CHE,2024-09-19 07:00:00,2024-09-19 09:00:00,92.56
Switzerland,CHE,2024-09-19 08:00:00,2024-09-19 10:00:00,72.09
Switzerland,CHE,2024-09-19 09:00:00,2024-09-19 11:00:00,50.08
Switzerland,CHE,2024-09-19 10:00:00,2024-09-19 12:00:00,11.06
Switzerland,CHE,2024-09-19 11:00:00,2024-09-19 13:00:00,5.88
Switzerland,CHE,2024-09-19 12:00:00,2024-09-19 14:00:00,8.71
Switzerland,CHE,2024-09-19 13:00:00,2024-09-19 15:00:00,51.01
Switzerland,CHE,2024-09-19 14:00:00,2024-09-19 16:00:00,78.19
Switzerland,CHE,2024-09-19 15:00:00,2024-09-19 17:00:00,89.66
Switzerland,CHE,2024-09-19 16:00:00,2024-09-19 18:00:00,114.98
Switzerland,CHE,2024-09-19 17:00:00,2024-09-19 19:00:00,130.23
Switzerland,CHE,2024-09-19 18:00:00,2024-09-19 20:00:00,113.5
Switzerland,CHE,2024-09-19 19:00:00,2024-09-19 21:00:00,97.49
Switzerland,CHE,2024-09-19 20:00:00,2024-09-19 22:00:00,93.62
Switzerland,CHE,2024-09-19 21:00:00,2024-09-19 23:00:00,79.78
Switzerland,CHE,2024-09-19 22:00:00,2024-09-20 00:00:00,75.42
Switzerland,CHE,2024-09-19 23:00:00,2024-09-20 01:00:00,73.84
Switzerland,CHE,2024-09-20 00:00:00,2024-09-20 02:00:00,72.64
Switzerland,CHE,2024-09-20 01:00:00,2024-09-20 03:00:00,75.85
Switzerland,CHE,2024-09-20 02:00:00,2024-09-20 04:00:00,76.15
Switzerland,CHE,2024-09-20 03:00:00,2024-09-20 05:00:00,85.1
Switzerland,CHE,2024-09-20 04:00:00,2024-09-20 06:00:00,100.2
Switzerland,CHE,2024-09-20 05:00:00,2024-09-20 07:00:00,115.34
Switzerland,CHE,2024-09-20 06:00:00,2024-09-20 08:00:00,108.7
Switzerland,CHE,2024-09-20 07:00:00,2024-09-20 09:00:00,89.4
Switzerland,CHE,2024-09-20 08:00:00,2024-09-20 10:00:00,69.4
Switzerland,CHE,2024-09-20 09:00:00,2024-09-20 11:00:00,41.79
Switzerland,CHE,2024-09-20 10:00:00,2024-09-20 12:00:00,9.4
Switzerland,CHE,2024-09-20 11:00:00,2024-09-20 13:00:00,1.56
Switzerland,CHE,2024-09-20 12:00:00,2024-09-20 14:00:00,7.95
Switzerland,CHE,2024-09-20 13:00:00,2024-09-20 15:00:00,15.64
Switzerland,CHE,2024-09-20 14:00:00,2024-09-20 16:00:00,69.46
Switzerland,CHE,2024-09-20 15:00:00,2024-09-20 17:00:00,87.85
Switzerland,CHE,2024-09-20 16:00:00,2024-09-20 18:00:00,100.27
Switzerland,CHE,2024-09-20 17:00:00,2024-09-20 19:00:00,115.66
Switzerland,CHE,2024-09-20 18:00:00,2024-09-20 20:00:00,114.0
Switzerland,CHE,2024-09-20 19:00:00,2024-09-20 21:00:00,95.08
Switzerland,CHE,2024-09-20 20:00:00,2024-09-20 22:00:00,90.46
Switzerland,CHE,2024-09-20 21:00:00,2024-09-20 23:00:00,82.96
Switzerland,CHE,2024-09-20 22:00:00,2024-09-21 00:00:00,78.87
Switzerland,CHE,2024-09-20 23:00:00,2024-09-21 01:00:00,77.73
Switzerland,CHE,2024-09-21 00:00:00,2024-09-21 02:00:00,77.0
Switzerland,CHE,2024-09-21 01:00:00,2024-09-21 03:00:00,76.82
Switzerland,CHE,2024-09-21 02:00:00,2024-09-21 04:00:00,76.31
Switzerland,CHE,2024-09-21 03:00:00,2024-09-21 05:00:00,79.08
Switzerland,CHE,2024-09-21 04:00:00,2024-09-21 06:00:00,87.28
Switzerland,CHE,2024-09-21 05:00:00,2024-09-21 07:00:00,94.35
Switzerland,CHE,2024-09-21 06:00:00,2024-09-21 08:00:00,88.17
Switzerland,CHE,2024-09-21 07:00:00,2024-09-21 09:00:00,68.07
Switzerland,CHE,2024-09-21 08:00:00,2024-09-21 10:00:00,37.85
Switzerland,CHE,2024-09-21 09:00:00,2024-09-21 11:00:00,11.49
Switzerland,CHE,2024-09-21 10:00:00,2024-09-21 12:00:00,1.38
Switzerland,CHE,2024-09-21 11:00:00,2024-09-21 13:00:00,-4.43
Switzerland,CHE,2024-09-21 12:00:00,2024-09-21 14:00:00,-0.93
Switzerland,CHE,2024-09-21 13:00:00,2024-09-21 15:00:00,3.86
Switzerland,CHE,2024-09-21 14:00:00,2024-09-21 16:00:00,42.65
Switzerland,CHE,2024-09-21 15:00:00,2024-09-21 17:00:00,89.68
Switzerland,CHE,2024-09-21 16:00:00,2024-09-21 18:00:00,98.89
Switzerland,CHE,2024-09-21 17:00:00,2024-09-21 19:00:00,108.51
Switzerland,CHE,2024-09-21 18:00:00,2024-09-21 20:00:00,104.96
Switzerland,CHE,2024-09-21 19:00:00,2024-09-21 21:00:00,93.51
Switzerland,CHE,2024-09-21 20:00:00,2024-09-21 22:00:00,86.96
Switzerland,CHE,2024-09-21 21:00:00,2024-09-21 23:00:00,80.99
Switzerland,CHE,2024-09-21 22:00:00,2024-09-22 00:00:00,88.28
Switzerland,CHE,2024-09-21 23:00:00,2024-09-22 01:00:00,85.27
Switzerland,CHE,2024-09-22 00:00:00,2024-09-22 02:00:00,81.43
Switzerland,CHE,2024-09-22 01:00:00,2024-09-22 03:00:00,83.3
Switzerland,CHE,2024-09-22 02:00:00,2024-09-22 04:00:00,82.68
Switzerland,CHE,2024-09-22 03:00:00,2024-09-22 05:00:00,85.2
Switzerland,CHE,2024-09-22 04:00:00,2024-09-22 06:00:00,87.05
Switzerland,CHE,2024-09-22 05:00:00,2024-09-22 07:00:00,90.08
Switzerland,CHE,2024-09-22 06:00:00,2024-09-22 08:00:00,82.93
Switzerland,CHE,2024-09-22 07:00:00,2024-09-22 09:00:00,66.17
Switzerland,CHE,2024-09-22 08:00:00,2024-09-22 10:00:00,22.37
Switzerland,CHE,2024-09-22 09:00:00,2024-09-22 11:00:00,4.84
Switzerland,CHE,2024-09-22 10:00:00,2024-09-22 12:00:00,-2.16
Switzerland,CHE,2024-09-22 11:00:00,2024-09-22 13:00:00,-5.37
Switzerland,CHE,2024-09-22 12:00:00,2024-09-22 14:00:00,-4.11
Switzerland,CHE,2024-09-22 13:00:00,2024-09-22 15:00:00,5.74
Switzerland,CHE,2024-09-22 14:00:00,2024-09-22 16:00:00,65.57
Switzerland,CHE,2024-09-22 15:00:00,2024-09-22 17:00:00,99.59
Switzerland,CHE,2024-09-22 16:00:00,2024-09-22 18:00:00,108.07
Switzerland,CHE,2024-09-22 17:00:00,2024-09-22 19:00:00,108.05
Switzerland,CHE,2024-09-22 18:00:00,2024-09-22 20:00:00,106.15
Switzerland,CHE,2024-09-22 19:00:00,2024-09-22 21:00:00,104.95
Switzerland,CHE,2024-09-22 20:00:00,2024-09-22 22:00:00,99.47
Switzerland,CHE,2024-09-22 21:00:00,2024-09-22 23:00:00,92.72
Switzerland,CHE,2024-09-22 22:00:00,2024-09-23 00:00:00,87.92
Switzerland,CHE,2024-09-22 23:00:00,2024-09-23 01:00:00,85.2
Switzerland,CHE,2024-09-23 00:00:00,2024-09-23 02:00:00,85.21
Switzerland,CHE,2024-09-23 01:00:00,2024-09-23 03:00:00,85.01
Switzerland,CHE,2024-09-23 02:00:00,2024-09-23 04:00:00,85.2
Switzerland,CHE,2024-09-23 03:00:00,2024-09-23 05:00:00,93.99
Switzerland,CHE,2024-09-23 04:00:00,2024-09-23 06:00:00,118.03
Switzerland,CHE,2024-09-23 05:00:00,2024-09-23 07:00:00,114.39
Switzerland,CHE,2024-09-23 06:00:00,2024-09-23 08:00:00,108.92
Switzerland,CHE,2024-09-23 07:00:00,2024-09-23 09:00:00,105.63
Switzerland,CHE,2024-09-23 08:00:00,2024-09-23 10:00:00,96.68
Switzerland,CHE,2024-09-23 09:00:00,2024-09-23 11:00:00,89.46
Switzerland,CHE,2024-09-23 10:00:00,2024-09-23 12:00:00,85.21
Switzerland,CHE,2024-09-23 11:00:00,2024-09-23 13:00:00,83.39
Switzerland,CHE,2024-09-23 12:00:00,2024-09-23 14:00:00,84.26
Switzerland,CHE,2024-09-23 13:00:00,2024-09-23 15:00:00,87.84
Switzerland,CHE,2024-09-23 14:00:00,2024-09-23 16:00:00,99.79
Switzerland,CHE,2024-09-23 15:00:00,2024-09-23 17:00:00,114.23
Switzerland,CHE,2024-09-23 16:00:00,2024-09-23 18:00:00,117.01
Switzerland,CHE,2024-09-23 17:00:00,2024-09-23 19:00:00,114.92
Switzerland,CHE,2024-09-23 18:00:00,2024-09-23 20:00:00,107.11
Switzerland,CHE,2024-09-23 19:00:00,2024-09-23 21:00:00,109.55
Switzerland,CHE,2024-09-23 20:00:00,2024-09-23 22:00:00,98.81
Switzerland,CHE,2024-09-23 21:00:00,2024-09-23 23:00:00,88.65
Switzerland,CHE,2024-09-23 22:00:00,2024-09-24 00:00:00,87.6
Switzerland,CHE,2024-09-23 23:00:00,2024-09-24 01:00:00,85.0
Switzerland,CHE,2024-09-24 00:00:00,2024-09-24 02:00:00,83.31
Switzerland,CHE,2024-09-24 01:00:00,2024-09-24 03:00:00,84.74
Switzerland,CHE,2024-09-24 02:00:00,2024-09-24 04:00:00,83.58
Switzerland,CHE,2024-09-24 03:00:00,2024-09-24 05:00:00,87.61
Switzerland,CHE,2024-09-24 04:00:00,2024-09-24 06:00:00,110.71
Switzerland,CHE,2024-09-24 05:00:00,2024-09-24 07:00:00,120.02
Switzerland,CHE,2024-09-24 06:00:00,2024-09-24 08:00:00,111.5
Switzerland,CHE,2024-09-24 07:00:00,2024-09-24 09:00:00,109.28
Switzerland,CHE,2024-09-24 08:00:00,2024-09-24 10:00:00,94.1
Switzerland,CHE,2024-09-24 09:00:00,2024-09-24 11:00:00,86.23
Switzerland,CHE,2024-09-24 10:00:00,2024-09-24 12:00:00,78.34
Switzerland,CHE,2024-09-24 11:00:00,2024-09-24 13:00:00,77.02
Switzerland,CHE,2024-09-24 12:00:00,2024-09-24 14:00:00,74.98
Switzerland,CHE,2024-09-24 13:00:00,2024-09-24 15:00:00,78.21
Switzerland,CHE,2024-09-24 14:00:00,2024-09-24 16:00:00,87.6
Switzerland,CHE,2024-09-24 15:00:00,2024-09-24 17:00:00,99.63
Switzerland,CHE,2024-09-24 16:00:00,2024-09-24 18:00:00,110.02
Switzerland,CHE,2024-09-24 17:00:00,2024-09-24 19:00:00,108.01
Switzerland,CHE,2024-09-24 18:00:00,2024-09-24 20:00:00,102.58
Switzerland,CHE,2024-09-24 19:00:00,2024-09-24 21:00:00,89.09
Switzerland,CHE,2024-09-24 20:00:00,2024-09-24 22:00:00,80.58
Switzerland,CHE,2024-09-24 21:00:00,2024-09-24 23:00:00,71.02
Switzerland,CHE,2024-09-24 22:00:00,2024-09-25 00:00:00,63.45
Switzerland,CHE,2024-09-24 23:00:00,2024-09-25 01:00:00,64.0
Switzerland,CHE,2024-09-25 00:00:00,2024-09-25 02:00:00,64.13
Switzerland,CHE,2024-09-25 01:00:00,2024-09-25 03:00:00,65.46
Switzerland,CHE,2024-09-25 02:00:00,2024-09-25 04:00:00,64.44
Switzerland,CHE,2024-09-25 03:00:00,2024-09-25 05:00:00,70.59
Switzerland,CHE,2024-09-25 04:00:00,2024-09-25 06:00:00,93.06
Switzerland,CHE,2024-09-25 05:00:00,2024-09-25 07:00:00,107.3
Switzerland,CHE,2024-09-25 06:00:00,2024-09-25 08:00:00,100.3
Switzerland,CHE,2024-09-25 07:00:00,2024-09-25 09:00:00,87.54
Switzerland,CHE,2024-09-25 08:00:00,2024-09-25 10:00:00,69.07
Switzerland,CHE,2024-09-25 09:00:00,2024-09-25 11:00:00,69.1
Switzerland,CHE,2024-09-25 10:00:00,2024-09-25 12:00:00,68.29
Switzerland,CHE,2024-09-25 11:00:00,2024-09-25 13:00:00,66.39
Switzerland,CHE,2024-09-25 12:00:00,2024-09-25 14:00:00,68.24
Switzerland,CHE,2024-09-25 13:00:00,2024-09-25 15:00:00,74.22
Switzerland,CHE,2024-09-25 14:00:00,2024-09-25 16:00:00,91.01
Switzerland,CHE,2024-09-25 15:00:00,2024-09-25 17:00:00,108.21
Switzerland,CHE,2024-09-25 16:00:00,2024-09-25 18:00:00,104.99
Switzerland,CHE,2024-09-25 17:00:00,2024-09-25 19:00:00,104.03
Switzerland,CHE,2024-09-25 18:00:00,2024-09-25 20:00:00,103.69
Switzerland,CHE,2024-09-25 19:00:00,2024-09-25 21:00:00,102.2
Switzerland,CHE,2024-09-25 20:00:00,2024-09-25 22:00:00,89.17
Switzerland,CHE,2024-09-25 21:00:00,2024-09-25 23:00:00,82.6
Switzerland,CHE,2024-09-25 22:00:00,2024-09-26 00:00:00,74.56
Switzerland,CHE,2024-09-25 23:00:00,2024-09-26 01:00:00,66.69
Switzerland,CHE,2024-09-26 00:00:00,2024-09-26 02:00:00,62.4
Switzerland,CHE,2024-09-26 01:00:00,2024-09-26 03:00:00,59.58
Switzerland,CHE,2024-09-26 02:00:00,2024-09-26 04:00:00,56.74
Switzerland,CHE,2024-09-26 03:00:00,2024-09-26 05:00:00,63.13
Switzerland,CHE,2024-09-26 04:00:00,2024-09-26 06:00:00,76.89
Switzerland,CHE,2024-09-26 05:00:00,2024-09-26 07:00:00,85.0
Switzerland,CHE,2024-09-26 06:00:00,2024-09-26 08:00:00,89.05
Switzerland,CHE,2024-09-26 07:00:00,2024-09-26 09:00:00,82.48
Switzerland,CHE,2024-09-26 08:00:00,2024-09-26 10:00:00,85.94
Switzerland,CHE,2024-09-26 09:00:00,2024-09-26 11:00:00,88.99
Switzerland,CHE,2024-09-26 10:00:00,2024-09-26 12:00:00,85.09
Switzerland,CHE,2024-09-26 11:00:00,2024-09-26 13:00:00,85.2
Switzerland,CHE,2024-09-26 12:00:00,2024-09-26 14:00:00,85.11
Switzerland,CHE,2024-09-26 13:00:00,2024-09-26 15:00:00,85.08
Switzerland,CHE,2024-09-26 14:00:00,2024-09-26 16:00:00,83.01
Switzerland,CHE,2024-09-26 15:00:00,2024-09-26 17:00:00,84.54
Switzerland,CHE,2024-09-26 16:00:00,2024-09-26 18:00:00,93.99
Switzerland,CHE,2024-09-26 17:00:00,2024-09-26 19:00:00,98.88
Switzerland,CHE,2024-09-26 18:00:00,2024-09-26 20:00:00,89.08
Switzerland,CHE,2024-09-26 19:00:00,2024-09-26 21:00:00,76.12
Switzerland,CHE,2024-09-26 20:00:00,2024-09-26 22:00:00,67.75
Switzerland,CHE,2024-09-26 21:00:00,2024-09-26 23:00:00,47.06
Switzerland,CHE,2024-09-26 22:00:00,2024-09-27 00:00:00,14.52
Switzerland,CHE,2024-09-26 23:00:00,2024-09-27 01:00:00,13.79
Switzerland,CHE,2024-09-27 00:00:00,2024-09-27 02:00:00,9.6
Switzerland,CHE,2024-09-27 01:00:00,2024-09-27 03:00:00,8.36
Switzerland,CHE,2024-09-27 02:00:00,2024-09-27 04:00:00,17.44
Switzerland,CHE,2024-09-27 03:00:00,2024-09-27 05:00:00,33.38
Switzerland,CHE,2024-09-27 04:00:00,2024-09-27 06:00:00,69.61
Switzerland,CHE,2024-09-27 05:00:00,2024-09-27 07:00:00,69.99
Switzerland,CHE,2024-09-27 06:00:00,2024-09-27 08:00:00,62.79
Switzerland,CHE,2024-09-27 07:00:00,2024-09-27 09:00:00,52.77
Switzerland,CHE,2024-09-27 08:00:00,2024-09-27 10:00:00,51.04
Switzerland,CHE,2024-09-27 09:00:00,2024-09-27 11:00:00,42.27
Switzerland,CHE,2024-09-27 10:00:00,2024-09-27 12:00:00,26.37
Switzerland,CHE,2024-09-27 11:00:00,2024-09-27 13:00:00,25.02
Switzerland,CHE,2024-09-27 12:00:00,2024-09-27 14:00:00,51.93
Switzerland,CHE,2024-09-27 13:00:00,2024-09-27 15:00:00,64.84
Switzerland,CHE,2024-09-27 14:00:00,2024-09-27 16:00:00,52.82
Switzerland,CHE,2024-09-27 15:00:00,2024-09-27 17:00:00,71.52
Switzerland,CHE,2024-09-27 16:00:00,2024-09-27 18:00:00,63.61
Switzerland,CHE,2024-09-27 17:00:00,2024-09-27 19:00:00,74.65
Switzerland,CHE,2024-09-27 18:00:00,2024-09-27 20:00:00,65.55
Switzerland,CHE,2024-09-27 19:00:00,2024-09-27 21:00:00,59.85
Switzerland,CHE,2024-09-27 20:00:00,2024-09-27 22:00:00,58.51
Switzerland,CHE,2024-09-27 21:00:00,2024-09-27 23:00:00,45.98
Switzerland,CHE,2024-09-27 22:00:00,2024-09-28 00:00:00,18.23
Switzerland,CHE,2024-09-27 23:00:00,2024-09-28 01:00:00,12.32
Switzerland,CHE,2024-09-28 00:00:00,2024-09-28 02:00:00,11.45
Switzerland,CHE,2024-09-28 01:00:00,2024-09-28 03:00:00,12.25
Switzerland,CHE,2024-09-28 02:00:00,2024-09-28 04:00:00,14.83
Switzerland,CHE,2024-09-28 03:00:00,2024-09-28 05:00:00,17.83
Switzerland,CHE,2024-09-28 04:00:00,2024-09-28 06:00:00,33.55
Switzerland,CHE,2024-09-28 05:00:00,2024-09-28 07:00:00,57.6
Switzerland,CHE,2024-09-28 06:00:00,2024-09-28 08:00:00,55.02
Switzerland,CHE,2024-09-28 07:00:00,2024-09-28 09:00:00,41.99
Switzerland,CHE,2024-09-28 08:00:00,2024-09-28 10:00:00,20.37
Switzerland,CHE,2024-09-28 09:00:00,2024-09-28 11:00:00,50.07
Switzerland,CHE,2024-09-28 10:00:00,2024-09-28 12:00:00,16.16
Switzerland,CHE,2024-09-28 11:00:00,2024-09-28 13:00:00,1.21
Switzerland,CHE,2024-09-28 12:00:00,2024-09-28 14:00:00,1.36
Switzerland,CHE,2024-09-28 13:00:00,2024-09-28 15:00:00,2.26
Switzerland,CHE,2024-09-28 14:00:00,2024-09-28 16:00:00,15.39
Switzerland,CHE,2024-09-28 15:00:00,2024-09-28 17:00:00,67.0
Switzerland,CHE,2024-09-28 16:00:00,2024-09-28 18:00:00,93.19
Switzerland,CHE,2024-09-28 17:00:00,2024-09-28 19:00:00,99.98
Switzerland,CHE,2024-09-28 18:00:00,2024-09-28 20:00:00,101.62
Switzerland,CHE,2024-09-28 19:00:00,2024-09-28 21:00:00,88.05
Switzerland,CHE,2024-09-28 20:00:00,2024-09-28 22:00:00,85.52
Switzerland,CHE,2024-09-28 21:00:00,2024-09-28 23:00:00,77.31
Switzerland,CHE,2024-09-28 22:00:00,2024-09-29 00:00:00,72.46
Switzerland,CHE,2024-09-28 23:00:00,2024-09-29 01:00:00,67.38
Switzerland,CHE,2024-09-29 00:00:00,2024-09-29 02:00:00,62.14
Switzerland,CHE,2024-09-29 01:00:00,2024-09-29 03:00:00,59.66
Switzerland,CHE,2024-09-29 02:00:00,2024-09-29 04:00:00,63.72
Switzerland,CHE,2024-09-29 03:00:00,2024-09-29 05:00:00,68.08
Switzerland,CHE,2024-09-29 04:00:00,2024-09-29 06:00:00,73.27
Switzerland,CHE,2024-09-29 05:00:00,2024-09-29 07:00:00,86.09
Switzerland,CHE,2024-09-29 06:00:00,2024-09-29 08:00:00,72.87
Switzerland,CHE,2024-09-29 07:00:00,2024-09-29 09:00:00,36.25
Switzerland,CHE,2024-09-29 08:00:00,2024-09-29 10:00:00,6.78
Switzerland,CHE,2024-09-29 09:00:00,2024-09-29 11:00:00,-0.01
Switzerland,CHE,2024-09-29 10:00:00,2024-09-29 12:00:00,0.0
Switzerland,CHE,2024-09-29 11:00:00,2024-09-29 13:00:00,-2.11
Switzerland,CHE,2024-09-29 12:00:00,2024-09-29 14:00:00,0.07
Switzerland,CHE,2024-09-29 13:00:00,2024-09-29 15:00:00,1.61
Switzerland,CHE,2024-09-29 14:00:00,2024-09-29 16:00:00,55.41
Switzerland,CHE,2024-09-29 15:00:00,2024-09-29 17:00:00,90.06
Switzerland,CHE,2024-09-29 16:00:00,2024-09-29 18:00:00,104.2
Switzerland,CHE,2024-09-29 17:00:00,2024-09-29 19:00:00,107.7
Switzerland,CHE,2024-09-29 18:00:00,2024-09-29 20:00:00,105.52
Switzerland,CHE,2024-09-29 19:00:00,2024-09-29 21:00:00,83.81
Switzerland,CHE,2024-09-29 20:00:00,2024-09-29 22:00:00,73.87
Switzerland,CHE,2024-09-29 21:00:00,2024-09-29 23:00:00,66.97
Switzerland,CHE,2024-09-29 22:00:00,2024-09-30 00:00:00,42.1
Switzerland,CHE,2024-09-29 23:00:00,2024-09-30 01:00:00,26.7
Switzerland,CHE,2024-09-30 00:00:00,2024-09-30 02:00:00,22.33
Switzerland,CHE,2024-09-30 01:00:00,2024-09-30 03:00:00,23.48
Switzerland,CHE,2024-09-30 02:00:00,2024-09-30 04:00:00,29.36
Switzerland,CHE,2024-09-30 03:00:00,2024-09-30 05:00:00,68.37
Switzerland,CHE,2024-09-30 04:00:00,2024-09-30 06:00:00,84.78
Switzerland,CHE,2024-09-30 05:00:00,2024-09-30 07:00:00,90.04
Switzerland,CHE,2024-09-30 06:00:00,2024-09-30 08:00:00,86.36
Switzerland,CHE,2024-09-30 07:00:00,2024-09-30 09:00:00,72.47
Switzerland,CHE,2024-09-30 08:00:00,2024-09-30 10:00:00,68.99
Switzerland,CHE,2024-09-30 09:00:00,2024-09-30 11:00:00,68.34
Switzerland,CHE,2024-09-30 10:00:00,2024-09-30 12:00:00,60.42
Switzerland,CHE,2024-09-30 11:00:00,2024-09-30 13:00:00,59.83
Switzerland,CHE,2024-09-30 12:00:00,2024-09-30 14:00:00,59.91
Switzerland,CHE,2024-09-30 13:00:00,2024-09-30 15:00:00,47.9
Switzerland,CHE,2024-09-30 14:00:00,2024-09-30 16:00:00,70.82
Switzerland,CHE,2024-09-30 15:00:00,2024-09-30 17:00:00,72.5
Switzerland,CHE,2024-09-30 16:00:00,2024-09-30 18:00:00,95.04
Switzerland,CHE,2024-09-30 17:00:00,2024-09-30 19:00:00,94.91
Switzerland,CHE,2024-09-30 18:00:00,2024-09-30 20:00:00,91.22
Switzerland,CHE,2024-09-30 19:00:00,2024-09-30 21:00:00,72.5
Switzerland,CHE,2024-09-30 20:00:00,2024-09-30 22:00:00,72.93
Switzerland,CHE,2024-09-30 21:00:00,2024-09-30 23:00:00,69.47
Switzerland,CHE,2024-09-30 22:00:00,2024-10-01 00:00:00,61.97
Switzerland,CHE,2024-09-30 23:00:00,2024-10-01 01:00:00,55.04
Switzerland,CHE,2024-10-01 00:00:00,2024-10-01 02:00:00,54.9
Switzerland,CHE,2024-10-01 01:00:00,2024-10-01 03:00:00,52.03
Switzerland,CHE,2024-10-01 02:00:00,2024-10-01 04:00:00,50.05
Switzerland,CHE,2024-10-01 03:00:00,2024-10-01 05:00:00,68.76
Switzerland,CHE,2024-10-01 04:00:00,2024-10-01 06:00:00,90.92
Switzerland,CHE,2024-10-01 05:00:00,2024-10-01 07:00:00,105.41
Switzerland,CHE,2024-10-01 06:00:00,2024-10-01 08:00:00,105.84
Switzerland,CHE,2024-10-01 07:00:00,2024-10-01 09:00:00,93.78
Switzerland,CHE,2024-10-01 08:00:00,2024-10-01 10:00:00,90.03
Switzerland,CHE,2024-10-01 09:00:00,2024-10-01 11:00:00,90.06
Switzerland,CHE,2024-10-01 10:00:00,2024-10-01 12:00:00,93.02
Switzerland,CHE,2024-10-01 11:00:00,2024-10-01 13:00:00,92.63
Switzerland,CHE,2024-10-01 12:00:00,2024-10-01 14:00:00,90.99
Switzerland,CHE,2024-10-01 13:00:00,2024-10-01 15:00:00,90.06
Switzerland,CHE,2024-10-01 14:00:00,2024-10-01 16:00:00,94.01
Switzerland,CHE,2024-10-01 15:00:00,2024-10-01 17:00:00,108.67
Switzerland,CHE,2024-10-01 16:00:00,2024-10-01 18:00:00,133.91
Switzerland,CHE,2024-10-01 17:00:00,2024-10-01 19:00:00,137.35
Switzerland,CHE,2024-10-01 18:00:00,2024-10-01 20:00:00,111.13
Switzerland,CHE,2024-10-01 19:00:00,2024-10-01 21:00:00,96.6
Switzerland,CHE,2024-10-01 20:00:00,2024-10-01 22:00:00,92.4
Switzerland,CHE,2024-10-01 21:00:00,2024-10-01 23:00:00,78.92
Switzerland,CHE,2024-10-01 22:00:00,2024-10-02 00:00:00,79.69
Switzerland,CHE,2024-10-01 23:00:00,2024-10-02 01:00:00,72.12
Switzerland,CHE,2024-10-02 00:00:00,2024-10-02 02:00:00,72.15
Switzerland,CHE,2024-10-02 01:00:00,2024-10-02 03:00:00,71.69
Switzerland,CHE,2024-10-02 02:00:00,2024-10-02 04:00:00,71.69
Switzerland,CHE,2024-10-02 03:00:00,2024-10-02 05:00:00,83.55
Switzerland,CHE,2024-10-02 04:00:00,2024-10-02 06:00:00,101.91
Switzerland,CHE,2024-10-02 05:00:00,2024-10-02 07:00:00,129.57
Switzerland,CHE,2024-10-02 06:00:00,2024-10-02 08:00:00,137.03
Switzerland,CHE,2024-10-02 07:00:00,2024-10-02 09:00:00,110.95
Switzerland,CHE,2024-10-02 08:00:00,2024-10-02 10:00:00,97.7
Switzerland,CHE,2024-10-02 09:00:00,2024-10-02 11:00:00,90.88
Switzerland,CHE,2024-10-02 10:00:00,2024-10-02 12:00:00,83.46
Switzerland,CHE,2024-10-02 11:00:00,2024-10-02 13:00:00,80.98
Switzerland,CHE,2024-10-02 12:00:00,2024-10-02 14:00:00,80.7
Switzerland,CHE,2024-10-02 13:00:00,2024-10-02 15:00:00,85.0
Switzerland,CHE,2024-10-02 14:00:00,2024-10-02 16:00:00,94.13
Switzerland,CHE,2024-10-02 15:00:00,2024-10-02 17:00:00,108.22
Switzerland,CHE,2024-10-02 16:00:00,2024-10-02 18:00:00,131.53
Switzerland,CHE,2024-10-02 17:00:00,2024-10-02 19:00:00,143.82
Switzerland,CHE,2024-10-02 18:00:00,2024-10-02 20:00:00,119.64
Switzerland,CHE,2024-10-02 19:00:00,2024-10-02 21:00:00,97.19
Switzerland,CHE,2024-10-02 20:00:00,2024-10-02 22:00:00,94.28
Switzerland,CHE,2024-10-02 21:00:00,2024-10-02 23:00:00,83.77
Switzerland,CHE,2024-10-02 22:00:00,2024-10-03 00:00:00,78.94
Switzerland,CHE,2024-10-02 23:00:00,2024-10-03 01:00:00,74.18
Switzerland,CHE,2024-10-03 00:00:00,2024-10-03 02:00:00,72.14
Switzerland,CHE,2024-10-03 01:00:00,2024-10-03 03:00:00,71.74
Switzerland,CHE,2024-10-03 02:00:00,2024-10-03 04:00:00,71.64
Switzerland,CHE,2024-10-03 03:00:00,2024-10-03 05:00:00,76.63
Switzerland,CHE,2024-10-03 04:00:00,2024-10-03 06:00:00,92.1
Switzerland,CHE,2024-10-03 05:00:00,2024-10-03 07:00:00,98.9
Switzerland,CHE,2024-10-03 06:00:00,2024-10-03 08:00:00,101.01
Switzerland,CHE,2024-10-03 07:00:00,2024-10-03 09:00:00,93.83
Switzerland,CHE,2024-10-03 08:00:00,2024-10-03 10:00:00,76.38
Switzerland,CHE,2024-10-03 09:00:00,2024-10-03 11:00:00,70.58
Switzerland,CHE,2024-10-03 10:00:00,2024-10-03 12:00:00,67.43
Switzerland,CHE,2024-10-03 11:00:00,2024-10-03 13:00:00,58.24
Switzerland,CHE,2024-10-03 12:00:00,2024-10-03 14:00:00,59.13
Switzerland,CHE,2024-10-03 13:00:00,2024-10-03 15:00:00,70.96
Switzerland,CHE,2024-10-03 14:00:00,2024-10-03 16:00:00,80.96
Switzerland,CHE,2024-10-03 15:00:00,2024-10-03 17:00:00,98.09
Switzerland,CHE,2024-10-03 16:00:00,2024-10-03 18:00:00,112.6
Switzerland,CHE,2024-10-03 17:00:00,2024-10-03 19:00:00,129.02
Switzerland,CHE,2024-10-03 18:00:00,2024-10-03 20:00:00,111.87
Switzerland,CHE,2024-10-03 19:00:00,2024-10-03 21:00:00,99.4
Switzerland,CHE,2024-10-03 20:00:00,2024-10-03 22:00:00,94.16
Switzerland,CHE,2024-10-03 21:00:00,2024-10-03 23:00:00,87.49
Switzerland,CHE,2024-10-03 22:00:00,2024-10-04 00:00:00,79.27
Switzerland,CHE,2024-10-03 23:00:00,2024-10-04 01:00:00,76.62
Switzerland,CHE,2024-10-04 00:00:00,2024-10-04 02:00:00,73.79
Switzerland,CHE,2024-10-04 01:00:00,2024-10-04 03:00:00,76.64
Switzerland,CHE,2024-10-04 02:00:00,2024-10-04 04:00:00,77.81
Switzerland,CHE,2024-10-04 03:00:00,2024-10-04 05:00:00,81.29
Switzerland,CHE,2024-10-04 04:00:00,2024-10-04 06:00:00,96.8
Switzerland,CHE,2024-10-04 05:00:00,2024-10-04 07:00:00,113.28
Switzerland,CHE,2024-10-04 06:00:00,2024-10-04 08:00:00,130.09
Switzerland,CHE,2024-10-04 07:00:00,2024-10-04 09:00:00,108.58
Switzerland,CHE,2024-10-04 08:00:00,2024-10-04 10:00:00,95.93
Switzerland,CHE,2024-10-04 09:00:00,2024-10-04 11:00:00,88.93
Switzerland,CHE,2024-10-04 10:00:00,2024-10-04 12:00:00,84.9
Switzerland,CHE,2024-10-04 11:00:00,2024-10-04 13:00:00,82.05
Switzerland,CHE,2024-10-04 12:00:00,2024-10-04 14:00:00,79.7
Switzerland,CHE,2024-10-04 13:00:00,2024-10-04 15:00:00,84.06
Switzerland,CHE,2024-10-04 14:00:00,2024-10-04 16:00:00,93.18
Switzerland,CHE,2024-10-04 15:00:00,2024-10-04 17:00:00,105.4
Switzerland,CHE,2024-10-04 16:00:00,2024-10-04 18:00:00,129.87
Switzerland,CHE,2024-10-04 17:00:00,2024-10-04 19:00:00,140.15
Switzerland,CHE,2024-10-04 18:00:00,2024-10-04 20:00:00,125.71
Switzerland,CHE,2024-10-04 19:00:00,2024-10-04 21:00:00,104.79
Switzerland,CHE,2024-10-04 20:00:00,2024-10-04 22:00:00,100.22
Switzerland,CHE,2024-10-04 21:00:00,2024-10-04 23:00:00,92.37
Switzerland,CHE,2024-10-04 22:00:00,2024-10-05 00:00:00,98.43
Switzerland,CHE,2024-10-04 23:00:00,2024-10-05 01:00:00,90.47
Switzerland,CHE,2024-10-05 00:00:00,2024-10-05 02:00:00,87.21
Switzerland,CHE,2024-10-05 01:00:00,2024-10-05 03:00:00,84.5
Switzerland,CHE,2024-10-05 02:00:00,2024-10-05 04:00:00,84.23
Switzerland,CHE,2024-10-05 03:00:00,2024-10-05 05:00:00,84.83
Switzerland,CHE,2024-10-05 04:00:00,2024-10-05 06:00:00,92.41
Switzerland,CHE,2024-10-05 05:00:00,2024-10-05 07:00:00,102.87
Switzerland,CHE,2024-10-05 06:00:00,2024-10-05 08:00:00,104.54
Switzerland,CHE,2024-10-05 07:00:00,2024-10-05 09:00:00,96.91
Switzerland,CHE,2024-10-05 08:00:00,2024-10-05 10:00:00,76.92
Switzerland,CHE,2024-10-05 09:00:00,2024-10-05 11:00:00,64.41
Switzerland,CHE,2024-10-05 10:00:00,2024-10-05 12:00:00,51.57
Switzerland,CHE,2024-10-05 11:00:00,2024-10-05 13:00:00,37.03
Switzerland,CHE,2024-10-05 12:00:00,2024-10-05 14:00:00,40.17
Switzerland,CHE,2024-10-05 13:00:00,2024-10-05 15:00:00,59.27
Switzerland,CHE,2024-10-05 14:00:00,2024-10-05 16:00:00,78.83
Switzerland,CHE,2024-10-05 15:00:00,2024-10-05 17:00:00,99.59
Switzerland,CHE,2024-10-05 16:00:00,2024-10-05 18:00:00,111.69
Switzerland,CHE,2024-10-05 17:00:00,2024-10-05 19:00:00,137.92
Switzerland,CHE,2024-10-05 18:00:00,2024-10-05 20:00:00,111.71
Switzerland,CHE,2024-10-05 19:00:00,2024-10-05 21:00:00,97.22
Switzerland,CHE,2024-10-05 20:00:00,2024-10-05 22:00:00,92.92
Switzerland,CHE,2024-10-05 21:00:00,2024-10-05 23:00:00,79.65
Switzerland,CHE,2024-10-05 22:00:00,2024-10-06 00:00:00,71.95
Switzerland,CHE,2024-10-05 23:00:00,2024-10-06 01:00:00,65.41
Switzerland,CHE,2024-10-06 00:00:00,2024-10-06 02:00:00,62.95
Switzerland,CHE,2024-10-06 01:00:00,2024-10-06 03:00:00,64.05
Switzerland,CHE,2024-10-06 02:00:00,2024-10-06 04:00:00,60.57
Switzerland,CHE,2024-10-06 03:00:00,2024-10-06 05:00:00,64.44
Switzerland,CHE,2024-10-06 04:00:00,2024-10-06 06:00:00,69.7
Switzerland,CHE,2024-10-06 05:00:00,2024-10-06 07:00:00,69.8
Switzerland,CHE,2024-10-06 06:00:00,2024-10-06 08:00:00,66.27
Switzerland,CHE,2024-10-06 07:00:00,2024-10-06 09:00:00,55.43
Switzerland,CHE,2024-10-06 08:00:00,2024-10-06 10:00:00,23.29
Switzerland,CHE,2024-10-06 09:00:00,2024-10-06 11:00:00,13.32
Switzerland,CHE,2024-10-06 10:00:00,2024-10-06 12:00:00,3.1
Switzerland,CHE,2024-10-06 11:00:00,2024-10-06 13:00:00,-1.84
Switzerland,CHE,2024-10-06 12:00:00,2024-10-06 14:00:00,-4.0
Switzerland,CHE,2024-10-06 13:00:00,2024-10-06 15:00:00,1.81
Switzerland,CHE,2024-10-06 14:00:00,2024-10-06 16:00:00,48.66
Switzerland,CHE,2024-10-06 15:00:00,2024-10-06 17:00:00,77.58
Switzerland,CHE,2024-10-06 16:00:00,2024-10-06 18:00:00,106.05
Switzerland,CHE,2024-10-06 17:00:00,2024-10-06 19:00:00,102.39
Switzerland,CHE,2024-10-06 18:00:00,2024-10-06 20:00:00,94.26
Switzerland,CHE,2024-10-06 19:00:00,2024-10-06 21:00:00,78.72
Switzerland,CHE,2024-10-06 20:00:00,2024-10-06 22:00:00,74.42
Switzerland,CHE,2024-10-06 21:00:00,2024-10-06 23:00:00,67.77
Switzerland,CHE,2024-10-06 22:00:00,2024-10-07 00:00:00,46.43
Switzerland,CHE,2024-10-06 23:00:00,2024-10-07 01:00:00,40.72
Switzerland,CHE,2024-10-07 00:00:00,2024-10-07 02:00:00,36.29
Switzerland,CHE,2024-10-07 01:00:00,2024-10-07 03:00:00,37.91
Switzerland,CHE,2024-10-07 02:00:00,2024-10-07 04:00:00,44.15
Switzerland,CHE,2024-10-07 03:00:00,2024-10-07 05:00:00,56.62
Switzerland,CHE,2024-10-07 04:00:00,2024-10-07 06:00:00,84.21
Switzerland,CHE,2024-10-07 05:00:00,2024-10-07 07:00:00,104.97
Switzerland,CHE,2024-10-07 06:00:00,2024-10-07 08:00:00,106.99
Switzerland,CHE,2024-10-07 07:00:00,2024-10-07 09:00:00,92.08
Switzerland,CHE,2024-10-07 08:00:00,2024-10-07 10:00:00,74.62
Switzerland,CHE,2024-10-07 09:00:00,2024-10-07 11:00:00,68.65
Switzerland,CHE,2024-10-07 10:00:00,2024-10-07 12:00:00,59.65
Switzerland,CHE,2024-10-07 11:00:00,2024-10-07 13:00:00,50.79
Switzerland,CHE,2024-10-07 12:00:00,2024-10-07 14:00:00,62.0
Switzerland,CHE,2024-10-07 13:00:00,2024-10-07 15:00:00,71.14
Switzerland,CHE,2024-10-07 14:00:00,2024-10-07 16:00:00,94.25
Switzerland,CHE,2024-10-07 15:00:00,2024-10-07 17:00:00,116.53
Switzerland,CHE,2024-10-07 16:00:00,2024-10-07 18:00:00,152.55
Switzerland,CHE,2024-10-07 17:00:00,2024-10-07 19:00:00,170.94
Switzerland,CHE,2024-10-07 18:00:00,2024-10-07 20:00:00,124.67
Switzerland,CHE,2024-10-07 19:00:00,2024-10-07 21:00:00,98.15
Switzerland,CHE,2024-10-07 20:00:00,2024-10-07 22:00:00,92.01
Switzerland,CHE,2024-10-07 21:00:00,2024-10-07 23:00:00,77.84
Switzerland,CHE,2024-10-07 22:00:00,2024-10-08 00:00:00,77.84
Switzerland,CHE,2024-10-07 23:00:00,2024-10-08 01:00:00,77.84
Switzerland,CHE,2024-10-08 00:00:00,2024-10-08 02:00:00,77.84
Switzerland,CHE,2024-10-08 01:00:00,2024-10-08 03:00:00,77.84
Switzerland,CHE,2024-10-08 02:00:00,2024-10-08 04:00:00,77.84
Switzerland,CHE,2024-10-08 03:00:00,2024-10-08 05:00:00,77.84
Switzerland,CHE,2024-10-08 04:00:00,2024-10-08 06:00:00,77.84
Switzerland,CHE,2024-10-08 05:00:00,2024-10-08 07:00:00,77.84
Switzerland,CHE,2024-10-08 06:00:00,2024-10-08 08:00:00,77.84
Switzerland,CHE,2024-10-08 07:00:00,2024-10-08 09:00:00,77.84
Switzerland,CHE,2024-10-08 08:00:00,2024-10-08 10:00:00,77.84
Switzerland,CHE,2024-10-08 09:00:00,2024-10-08 11:00:00,77.84
Switzerland,CHE,2024-10-08 10:00:00,2024-10-08 12:00:00,77.84
Switzerland,CHE,2024-10-08 11:00:00,2024-10-08 13:00:00,77.84
Switzerland,CHE,2024-10-08 12:00:00,2024-10-08 14:00:00,77.84
Switzerland,CHE,2024-10-08 13:00:00,2024-10-08 15:00:00,77.84
Switzerland,CHE,2024-10-08 14:00:00,2024-10-08 16:00:00,77.84
Switzerland,CHE,2024-10-08 15:00:00,2024-10-08 17:00:00,77.84
Switzerland,CHE,2024-10-08 16:00:00,2024-10-08 18:00:00,77.84
Switzerland,CHE,2024-10-08 17:00:00,2024-10-08 19:00:00,77.84
Switzerland,CHE,2024-10-08 18:00:00,2024-10-08 20:00:00,77.84
Switzerland,CHE,2024-10-08 19:00:00,2024-10-08 21:00:00,77.84
Switzerland,CHE,2024-10-08 20:00:00,2024-10-08 22:00:00,77.84
Switzerland,CHE,2024-10-08 21:00:00,2024-10-08 23:00:00,77.84
Switzerland,CHE,2024-10-08 22:00:00,2024-10-09 00:00:00,60.3
Switzerland,CHE,2024-10-08 23:00:00,2024-10-09 01:00:00,56.07
Switzerland,CHE,2024-10-09 00:00:00,2024-10-09 02:00:00,50.75
Switzerland,CHE,2024-10-09 01:00:00,2024-10-09 03:00:00,50.68
Switzerland,CHE,2024-10-09 02:00:00,2024-10-09 04:00:00,52.03
Switzerland,CHE,2024-10-09 03:00:00,2024-10-09 05:00:00,60.86
Switzerland,CHE,2024-10-09 04:00:00,2024-10-09 06:00:00,90.67
Switzerland,CHE,2024-10-09 05:00:00,2024-10-09 07:00:00,108.91
Switzerland,CHE,2024-10-09 06:00:00,2024-10-09 08:00:00,109.26
Switzerland,CHE,2024-10-09 07:00:00,2024-10-09 09:00:00,88.51
Switzerland,CHE,2024-10-09 08:00:00,2024-10-09 10:00:00,67.75
Switzerland,CHE,2024-10-09 09:00:00,2024-10-09 11:00:00,63.21
Switzerland,CHE,2024-10-09 10:00:00,2024-10-09 12:00:00,57.33
Switzerland,CHE,2024-10-09 11:00:00,2024-10-09 13:00:00,57.28
Switzerland,CHE,2024-10-09 12:00:00,2024-10-09 14:00:00,59.17
Switzerland,CHE,2024-10-09 13:00:00,2024-10-09 15:00:00,69.85
Switzerland,CHE,2024-10-09 14:00:00,2024-10-09 16:00:00,85.23
Switzerland,CHE,2024-10-09 15:00:00,2024-10-09 17:00:00,104.59
Switzerland,CHE,2024-10-09 16:00:00,2024-10-09 18:00:00,117.22
Switzerland,CHE,2024-10-09 17:00:00,2024-10-09 19:00:00,119.23
Switzerland,CHE,2024-10-09 18:00:00,2024-10-09 20:00:00,99.6
Switzerland,CHE,2024-10-09 19:00:00,2024-10-09 21:00:00,86.73
Switzerland,CHE,2024-10-09 20:00:00,2024-10-09 22:00:00,77.65
Switzerland,CHE,2024-10-09 21:00:00,2024-10-09 23:00:00,64.33
Switzerland,CHE,2024-10-09 22:00:00,2024-10-10 00:00:00,45.55
Switzerland,CHE,2024-10-09 23:00:00,2024-10-10 01:00:00,39.01
Switzerland,CHE,2024-10-10 00:00:00,2024-10-10 02:00:00,29.87
Switzerland,CHE,2024-10-10 01:00:00,2024-10-10 03:00:00,24.96
Switzerland,CHE,2024-10-10 02:00:00,2024-10-10 04:00:00,25.21
Switzerland,CHE,2024-10-10 03:00:00,2024-10-10 05:00:00,40.14
Switzerland,CHE,2024-10-10 04:00:00,2024-10-10 06:00:00,59.73
Switzerland,CHE,2024-10-10 05:00:00,2024-10-10 07:00:00,76.19
Switzerland,CHE,2024-10-10 06:00:00,2024-10-10 08:00:00,84.16
Switzerland,CHE,2024-10-10 07:00:00,2024-10-10 09:00:00,65.01
Switzerland,CHE,2024-10-10 08:00:00,2024-10-10 10:00:00,57.1
Switzerland,CHE,2024-10-10 09:00:00,2024-10-10 11:00:00,57.7
Switzerland,CHE,2024-10-10 10:00:00,2024-10-10 12:00:00,40.81
Switzerland,CHE,2024-10-10 11:00:00,2024-10-10 13:00:00,24.93
Switzerland,CHE,2024-10-10 12:00:00,2024-10-10 14:00:00,23.75
Switzerland,CHE,2024-10-10 13:00:00,2024-10-10 15:00:00,32.61
Switzerland,CHE,2024-10-10 14:00:00,2024-10-10 16:00:00,47.53
Switzerland,CHE,2024-10-10 15:00:00,2024-10-10 17:00:00,67.81
Switzerland,CHE,2024-10-10 16:00:00,2024-10-10 18:00:00,84.13
Switzerland,CHE,2024-10-10 17:00:00,2024-10-10 19:00:00,105.45
Switzerland,CHE,2024-10-10 18:00:00,2024-10-10 20:00:00,93.93
Switzerland,CHE,2024-10-10 19:00:00,2024-10-10 21:00:00,84.16
Switzerland,CHE,2024-10-10 20:00:00,2024-10-10 22:00:00,75.45
Switzerland,CHE,2024-10-10 21:00:00,2024-10-10 23:00:00,68.05
Switzerland,CHE,2024-10-10 22:00:00,2024-10-11 00:00:00,66.14
Switzerland,CHE,2024-10-10 23:00:00,2024-10-11 01:00:00,60.02
Switzerland,CHE,2024-10-11 00:00:00,2024-10-11 02:00:00,58.87
Switzerland,CHE,2024-10-11 01:00:00,2024-10-11 03:00:00,60.1
Switzerland,CHE,2024-10-11 02:00:00,2024-10-11 04:00:00,60.76
Switzerland,CHE,2024-10-11 03:00:00,2024-10-11 05:00:00,67.1
Switzerland,CHE,2024-10-11 04:00:00,2024-10-11 06:00:00,88.11
Switzerland,CHE,2024-10-11 05:00:00,2024-10-11 07:00:00,114.12
Switzerland,CHE,2024-10-11 06:00:00,2024-10-11 08:00:00,127.3
Switzerland,CHE,2024-10-11 07:00:00,2024-10-11 09:00:00,99.01
Switzerland,CHE,2024-10-11 08:00:00,2024-10-11 10:00:00,75.8
Switzerland,CHE,2024-10-11 09:00:00,2024-10-11 11:00:00,64.75
Switzerland,CHE,2024-10-11 10:00:00,2024-10-11 12:00:00,54.91
Switzerland,CHE,2024-10-11 11:00:00,2024-10-11 13:00:00,49.73
Switzerland,CHE,2024-10-11 12:00:00,2024-10-11 14:00:00,50.61
Switzerland,CHE,2024-10-11 13:00:00,2024-10-11 15:00:00,55.49
Switzerland,CHE,2024-10-11 14:00:00,2024-10-11 16:00:00,68.73
Switzerland,CHE,2024-10-11 15:00:00,2024-10-11 17:00:00,93.03
Switzerland,CHE,2024-10-11 16:00:00,2024-10-11 18:00:00,104.32
Switzerland,CHE,2024-10-11 17:00:00,2024-10-11 19:00:00,147.5
Switzerland,CHE,2024-10-11 18:00:00,2024-10-11 20:00:00,123.39
Switzerland,CHE,2024-10-11 19:00:00,2024-10-11 21:00:00,101.73
Switzerland,CHE,2024-10-11 20:00:00,2024-10-11 22:00:00,92.2
Switzerland,CHE,2024-10-11 21:00:00,2024-10-11 23:00:00,85.4
Switzerland,CHE,2024-10-11 22:00:00,2024-10-12 00:00:00,84.98
Switzerland,CHE,2024-10-11 23:00:00,2024-10-12 01:00:00,72.89
Switzerland,CHE,2024-10-12 00:00:00,2024-10-12 02:00:00,69.82
Switzerland,CHE,2024-10-12 01:00:00,2024-10-12 03:00:00,65.88
Switzerland,CHE,2024-10-12 02:00:00,2024-10-12 04:00:00,65.64
Switzerland,CHE,2024-10-12 03:00:00,2024-10-12 05:00:00,65.71
Switzerland,CHE,2024-10-12 04:00:00,2024-10-12 06:00:00,69.84
Switzerland,CHE,2024-10-12 05:00:00,2024-10-12 07:00:00,73.25
Switzerland,CHE,2024-10-12 06:00:00,2024-10-12 08:00:00,73.95
Switzerland,CHE,2024-10-12 07:00:00,2024-10-12 09:00:00,60.01
Switzerland,CHE,2024-10-12 08:00:00,2024-10-12 10:00:00,48.27
Switzerland,CHE,2024-10-12 09:00:00,2024-10-12 11:00:00,34.83
Switzerland,CHE,2024-10-12 10:00:00,2024-10-12 12:00:00,24.77
Switzerland,CHE,2024-10-12 11:00:00,2024-10-12 13:00:00,21.6
Switzerland,CHE,2024-10-12 12:00:00,2024-10-12 14:00:00,22.5
Switzerland,CHE,2024-10-12 13:00:00,2024-10-12 15:00:00,41.11
Switzerland,CHE,2024-10-12 14:00:00,2024-10-12 16:00:00,64.98
Switzerland,CHE,2024-10-12 15:00:00,2024-10-12 17:00:00,85.44
Switzerland,CHE,2024-10-12 16:00:00,2024-10-12 18:00:00,89.28
Switzerland,CHE,2024-10-12 17:00:00,2024-10-12 19:00:00,92.25
Switzerland,CHE,2024-10-12 18:00:00,2024-10-12 20:00:00,70.17
Switzerland,CHE,2024-10-12 19:00:00,2024-10-12 21:00:00,56.55
Switzerland,CHE,2024-10-12 20:00:00,2024-10-12 22:00:00,44.2
Switzerland,CHE,2024-10-12 21:00:00,2024-10-12 23:00:00,32.62
Switzerland,CHE,2024-10-12 22:00:00,2024-10-13 00:00:00,0.4
Switzerland,CHE,2024-10-12 23:00:00,2024-10-13 01:00:00,0.04
Switzerland,CHE,2024-10-13 00:00:00,2024-10-13 02:00:00,0.03
Switzerland,CHE,2024-10-13 01:00:00,2024-10-13 03:00:00,-0.03
Switzerland,CHE,2024-10-13 02:00:00,2024-10-13 04:00:00,-0.02
Switzerland,CHE,2024-10-13 03:00:00,2024-10-13 05:00:00,0.02
Switzerland,CHE,2024-10-13 04:00:00,2024-10-13 06:00:00,0.03
Switzerland,CHE,2024-10-13 05:00:00,2024-10-13 07:00:00,5.05
Switzerland,CHE,2024-10-13 06:00:00,2024-10-13 08:00:00,4.04
Switzerland,CHE,2024-10-13 07:00:00,2024-10-13 09:00:00,0.46
Switzerland,CHE,2024-10-13 08:00:00,2024-10-13 10:00:00,-2.52
Switzerland,CHE,2024-10-13 09:00:00,2024-10-13 11:00:00,-11.67
Switzerland,CHE,2024-10-13 10:00:00,2024-10-13 12:00:00,-17.66
Switzerland,CHE,2024-10-13 11:00:00,2024-10-13 13:00:00,-21.48
Switzerland,CHE,2024-10-13 12:00:00,2024-10-13 14:00:00,-21.94
Switzerland,CHE,2024-10-13 13:00:00,2024-10-13 15:00:00,-8.8
Switzerland,CHE,2024-10-13 14:00:00,2024-10-13 16:00:00,-0.08
Switzerland,CHE,2024-10-13 15:00:00,2024-10-13 17:00:00,23.27
Switzerland,CHE,2024-10-13 16:00:00,2024-10-13 18:00:00,58.65
Switzerland,CHE,2024-10-13 17:00:00,2024-10-13 19:00:00,70.41
Switzerland,CHE,2024-10-13 18:00:00,2024-10-13 20:00:00,61.27
Switzerland,CHE,2024-10-13 19:00:00,2024-10-13 21:00:00,54.0
Switzerland,CHE,2024-10-13 20:00:00,2024-10-13 22:00:00,53.99
Switzerland,CHE,2024-10-13 21:00:00,2024-10-13 23:00:00,46.45
Switzerland,CHE,2024-10-13 22:00:00,2024-10-14 00:00:00,32.96
Switzerland,CHE,2024-10-13 23:00:00,2024-10-14 01:00:00,29.15
Switzerland,CHE,2024-10-14 00:00:00,2024-10-14 02:00:00,31.67
Switzerland,CHE,2024-10-14 01:00:00,2024-10-14 03:00:00,32.93
Switzerland,CHE,2024-10-14 02:00:00,2024-10-14 04:00:00,45.05
Switzerland,CHE,2024-10-14 03:00:00,2024-10-14 05:00:00,57.92
Switzerland,CHE,2024-10-14 04:00:00,2024-10-14 06:00:00,89.93
Switzerland,CHE,2024-10-14 05:00:00,2024-10-14 07:00:00,113.69
Switzerland,CHE,2024-10-14 06:00:00,2024-10-14 08:00:00,111.8
Switzerland,CHE,2024-10-14 07:00:00,2024-10-14 09:00:00,106.25
Switzerland,CHE,2024-10-14 08:00:00,2024-10-14 10:00:00,91.67
Switzerland,CHE,2024-10-14 09:00:00,2024-10-14 11:00:00,87.0
Switzerland,CHE,2024-10-14 10:00:00,2024-10-14 12:00:00,77.3
Switzerland,CHE,2024-10-14 11:00:00,2024-10-14 13:00:00,73.6
Switzerland,CHE,2024-10-14 12:00:00,2024-10-14 14:00:00,75.91
Switzerland,CHE,2024-10-14 13:00:00,2024-10-14 15:00:00,87.58
Switzerland,CHE,2024-10-14 14:00:00,2024-10-14 16:00:00,95.34
Switzerland,CHE,2024-10-14 15:00:00,2024-10-14 17:00:00,95.35
Switzerland,CHE,2024-10-14 16:00:00,2024-10-14 18:00:00,108.2
Switzerland,CHE,2024-10-14 17:00:00,2024-10-14 19:00:00,112.83
Switzerland,CHE,2024-10-14 18:00:00,2024-10-14 20:00:00,108.2
Switzerland,CHE,2024-10-14 19:00:00,2024-10-14 21:00:00,101.56
Switzerland,CHE,2024-10-14 20:00:00,2024-10-14 22:00:00,100.36
Switzerland,CHE,2024-10-14 21:00:00,2024-10-14 23:00:00,91.08
Switzerland,CHE,2024-10-14 22:00:00,2024-10-15 00:00:00,91.95
Switzerland,CHE,2024-10-14 23:00:00,2024-10-15 01:00:00,83.95
Switzerland,CHE,2024-10-15 00:00:00,2024-10-15 02:00:00,80.94
Switzerland,CHE,2024-10-15 01:00:00,2024-10-15 03:00:00,84.09
Switzerland,CHE,2024-10-15 02:00:00,2024-10-15 04:00:00,83.17
Switzerland,CHE,2024-10-15 03:00:00,2024-10-15 05:00:00,91.21
Switzerland,CHE,2024-10-15 04:00:00,2024-10-15 06:00:00,94.03
Switzerland,CHE,2024-10-15 05:00:00,2024-10-15 07:00:00,157.24
Switzerland,CHE,2024-10-15 06:00:00,2024-10-15 08:00:00,164.25
Switzerland,CHE,2024-10-15 07:00:00,2024-10-15 09:00:00,117.56
Switzerland,CHE,2024-10-15 08:00:00,2024-10-15 10:00:00,96.81
Switzerland,CHE,2024-10-15 09:00:00,2024-10-15 11:00:00,86.32
Switzerland,CHE,2024-10-15 10:00:00,2024-10-15 12:00:00,77.64
Switzerland,CHE,2024-10-15 11:00:00,2024-10-15 13:00:00,75.92
Switzerland,CHE,2024-10-15 12:00:00,2024-10-15 14:00:00,76.77
Switzerland,CHE,2024-10-15 13:00:00,2024-10-15 15:00:00,83.52
Switzerland,CHE,2024-10-15 14:00:00,2024-10-15 16:00:00,90.0
Switzerland,CHE,2024-10-15 15:00:00,2024-10-15 17:00:00,98.3
Switzerland,CHE,2024-10-15 16:00:00,2024-10-15 18:00:00,101.06
Switzerland,CHE,2024-10-15 17:00:00,2024-10-15 19:00:00,101.58
Switzerland,CHE,2024-10-15 18:00:00,2024-10-15 20:00:00,92.59
Switzerland,CHE,2024-10-15 19:00:00,2024-10-15 21:00:00,79.3
Switzerland,CHE,2024-10-15 20:00:00,2024-10-15 22:00:00,63.27
Switzerland,CHE,2024-10-15 21:00:00,2024-10-15 23:00:00,55.8
Switzerland,CHE,2024-10-15 22:00:00,2024-10-16 00:00:00,33.03
Switzerland,CHE,2024-10-15 23:00:00,2024-10-16 01:00:00,24.93
Switzerland,CHE,2024-10-16 00:00:00,2024-10-16 02:00:00,20.94
Switzerland,CHE,2024-10-16 01:00:00,2024-10-16 03:00:00,16.7
Switzerland,CHE,2024-10-16 02:00:00,2024-10-16 04:00:00,13.36
Switzerland,CHE,2024-10-16 03:00:00,2024-10-16 05:00:00,24.5
Switzerland,CHE,2024-10-16 04:00:00,2024-10-16 06:00:00,48.1
Switzerland,CHE,2024-10-16 05:00:00,2024-10-16 07:00:00,67.51
Switzerland,CHE,2024-10-16 06:00:00,2024-10-16 08:00:00,63.94
Switzerland,CHE,2024-10-16 07:00:00,2024-10-16 09:00:00,48.74
Switzerland,CHE,2024-10-16 08:00:00,2024-10-16 10:00:00,25.63
Switzerland,CHE,2024-10-16 09:00:00,2024-10-16 11:00:00,17.08
Switzerland,CHE,2024-10-16 10:00:00,2024-10-16 12:00:00,7.89
Switzerland,CHE,2024-10-16 11:00:00,2024-10-16 13:00:00,3.22
Switzerland,CHE,2024-10-16 12:00:00,2024-10-16 14:00:00,4.84
Switzerland,CHE,2024-10-16 13:00:00,2024-10-16 15:00:00,18.07
Switzerland,CHE,2024-10-16 14:00:00,2024-10-16 16:00:00,46.01
Switzerland,CHE,2024-10-16 15:00:00,2024-10-16 17:00:00,68.86
Switzerland,CHE,2024-10-16 16:00:00,2024-10-16 18:00:00,77.31
Switzerland,CHE,2024-10-16 17:00:00,2024-10-16 19:00:00,85.21
Switzerland,CHE,2024-10-16 18:00:00,2024-10-16 20:00:00,67.41
Switzerland,CHE,2024-10-16 19:00:00,2024-10-16 21:00:00,52.02
Switzerland,CHE,2024-10-16 20:00:00,2024-10-16 22:00:00,45.44
Switzerland,CHE,2024-10-16 21:00:00,2024-10-16 23:00:00,33.05
Switzerland,CHE,2024-10-16 22:00:00,2024-10-17 00:00:00,12.67
Switzerland,CHE,2024-10-16 23:00:00,2024-10-17 01:00:00,4.87
Switzerland,CHE,2024-10-17 00:00:00,2024-10-17 02:00:00,5.72
Switzerland,CHE,2024-10-17 01:00:00,2024-10-17 03:00:00,3.47
Switzerland,CHE,2024-10-17 02:00:00,2024-10-17 04:00:00,6.69
Switzerland,CHE,2024-10-17 03:00:00,2024-10-17 05:00:00,23.05
Switzerland,CHE,2024-10-17 04:00:00,2024-10-17 06:00:00,61.18
Switzerland,CHE,2024-10-17 05:00:00,2024-10-17 07:00:00,78.63
Switzerland,CHE,2024-10-17 06:00:00,2024-10-17 08:00:00,80.03
Switzerland,CHE,2024-10-17 07:00:00,2024-10-17 09:00:00,68.16
Switzerland,CHE,2024-10-17 08:00:00,2024-10-17 10:00:00,59.91
Switzerland,CHE,2024-10-17 09:00:00,2024-10-17 11:00:00,53.23
Switzerland,CHE,2024-10-17 10:00:00,2024-10-17 12:00:00,48.17
Switzerland,CHE,2024-10-17 11:00:00,2024-10-17 13:00:00,48.77
Switzerland,CHE,2024-10-17 12:00:00,2024-10-17 14:00:00,59.04
Switzerland,CHE,2024-10-17 13:00:00,2024-10-17 15:00:00,61.19
Switzerland,CHE,2024-10-17 14:00:00,2024-10-17 16:00:00,82.26
Switzerland,CHE,2024-10-17 15:00:00,2024-10-17 17:00:00,85.54
Switzerland,CHE,2024-10-17 16:00:00,2024-10-17 18:00:00,90.2
Switzerland,CHE,2024-10-17 17:00:00,2024-10-17 19:00:00,101.56
Switzerland,CHE,2024-10-17 18:00:00,2024-10-17 20:00:00,88.26
Switzerland,CHE,2024-10-17 19:00:00,2024-10-17 21:00:00,84.94
Switzerland,CHE,2024-10-17 20:00:00,2024-10-17 22:00:00,82.91
Switzerland,CHE,2024-10-17 21:00:00,2024-10-17 23:00:00,76.72
Switzerland,CHE,2024-10-17 22:00:00,2024-10-18 00:00:00,78.59
Switzerland,CHE,2024-10-17 23:00:00,2024-10-18 01:00:00,75.05
Switzerland,CHE,2024-10-18 00:00:00,2024-10-18 02:00:00,76.99
Switzerland,CHE,2024-10-18 01:00:00,2024-10-18 03:00:00,74.7
Switzerland,CHE,2024-10-18 02:00:00,2024-10-18 04:00:00,74.95
Switzerland,CHE,2024-10-18 03:00:00,2024-10-18 05:00:00,80.26
Switzerland,CHE,2024-10-18 04:00:00,2024-10-18 06:00:00,89.92
Switzerland,CHE,2024-10-18 05:00:00,2024-10-18 07:00:00,93.9
Switzerland,CHE,2024-10-18 06:00:00,2024-10-18 08:00:00,99.45
Switzerland,CHE,2024-10-18 07:00:00,2024-10-18 09:00:00,94.51
Switzerland,CHE,2024-10-18 08:00:00,2024-10-18 10:00:00,87.95
Switzerland,CHE,2024-10-18 09:00:00,2024-10-18 11:00:00,81.94
Switzerland,CHE,2024-10-18 10:00:00,2024-10-18 12:00:00,76.64
Switzerland,CHE,2024-10-18 11:00:00,2024-10-18 13:00:00,74.84
Switzerland,CHE,2024-10-18 12:00:00,2024-10-18 14:00:00,74.8
Switzerland,CHE,2024-10-18 13:00:00,2024-10-18 15:00:00,82.01
Switzerland,CHE,2024-10-18 14:00:00,2024-10-18 16:00:00,88.12
Switzerland,CHE,2024-10-18 15:00:00,2024-10-18 17:00:00,90.21
Switzerland,CHE,2024-10-18 16:00:00,2024-10-18 18:00:00,96.54
Switzerland,CHE,2024-10-18 17:00:00,2024-10-18 19:00:00,120.79
Switzerland,CHE,2024-10-18 18:00:00,2024-10-18 20:00:00,102.09
Switzerland,CHE,2024-10-18 19:00:00,2024-10-18 21:00:00,88.94
Switzerland,CHE,2024-10-18 20:00:00,2024-10-18 22:00:00,83.0
Switzerland,CHE,2024-10-18 21:00:00,2024-10-18 23:00:00,75.46
Switzerland,CHE,2024-10-18 22:00:00,2024-10-19 00:00:00,79.21
Switzerland,CHE,2024-10-18 23:00:00,2024-10-19 01:00:00,74.89
Switzerland,CHE,2024-10-19 00:00:00,2024-10-19 02:00:00,73.36
Switzerland,CHE,2024-10-19 01:00:00,2024-10-19 03:00:00,72.72
Switzerland,CHE,2024-10-19 02:00:00,2024-10-19 04:00:00,72.19
Switzerland,CHE,2024-10-19 03:00:00,2024-10-19 05:00:00,72.87
Switzerland,CHE,2024-10-19 04:00:00,2024-10-19 06:00:00,76.83
Switzerland,CHE,2024-10-19 05:00:00,2024-10-19 07:00:00,87.3
Switzerland,CHE,2024-10-19 06:00:00,2024-10-19 08:00:00,88.99
Switzerland,CHE,2024-10-19 07:00:00,2024-10-19 09:00:00,87.01
Switzerland,CHE,2024-10-19 08:00:00,2024-10-19 10:00:00,79.1
Switzerland,CHE,2024-10-19 09:00:00,2024-10-19 11:00:00,73.0
Switzerland,CHE,2024-10-19 10:00:00,2024-10-19 12:00:00,64.81
Switzerland,CHE,2024-10-19 11:00:00,2024-10-19 13:00:00,58.87
Switzerland,CHE,2024-10-19 12:00:00,2024-10-19 14:00:00,64.92
Switzerland,CHE,2024-10-19 13:00:00,2024-10-19 15:00:00,69.64
Switzerland,CHE,2024-10-19 14:00:00,2024-10-19 16:00:00,86.0
Switzerland,CHE,2024-10-19 15:00:00,2024-10-19 17:00:00,91.04
Switzerland,CHE,2024-10-19 16:00:00,2024-10-19 18:00:00,92.05
Switzerland,CHE,2024-10-19 17:00:00,2024-10-19 19:00:00,91.41
Switzerland,CHE,2024-10-19 18:00:00,2024-10-19 20:00:00,90.18
Switzerland,CHE,2024-10-19 19:00:00,2024-10-19 21:00:00,81.25
Switzerland,CHE,2024-10-19 20:00:00,2024-10-19 22:00:00,75.6
Switzerland,CHE,2024-10-19 21:00:00,2024-10-19 23:00:00,64.59
Switzerland,CHE,2024-10-19 22:00:00,2024-10-20 00:00:00,60.43
Switzerland,CHE,2024-10-19 23:00:00,2024-10-20 01:00:00,50.08
Switzerland,CHE,2024-10-20 00:00:00,2024-10-20 02:00:00,42.36
Switzerland,CHE,2024-10-20 01:00:00,2024-10-20 03:00:00,40.62
Switzerland,CHE,2024-10-20 02:00:00,2024-10-20 04:00:00,40.62
Switzerland,CHE,2024-10-20 03:00:00,2024-10-20 05:00:00,42.78
Switzerland,CHE,2024-10-20 04:00:00,2024-10-20 06:00:00,50.41
Switzerland,CHE,2024-10-20 05:00:00,2024-10-20 07:00:00,61.87
Switzerland,CHE,2024-10-20 06:00:00,2024-10-20 08:00:00,63.07
Switzerland,CHE,2024-10-20 07:00:00,2024-10-20 09:00:00,36.68
Switzerland,CHE,2024-10-20 08:00:00,2024-10-20 10:00:00,17.87
Switzerland,CHE,2024-10-20 09:00:00,2024-10-20 11:00:00,3.35
Switzerland,CHE,2024-10-20 10:00:00,2024-10-20 12:00:00,0.64
Switzerland,CHE,2024-10-20 11:00:00,2024-10-20 13:00:00,-2.87
Switzerland,CHE,2024-10-20 12:00:00,2024-10-20 14:00:00,-3.36
Switzerland,CHE,2024-10-20 13:00:00,2024-10-20 15:00:00,-0.05
Switzerland,CHE,2024-10-20 14:00:00,2024-10-20 16:00:00,14.37
Switzerland,CHE,2024-10-20 15:00:00,2024-10-20 17:00:00,64.49
Switzerland,CHE,2024-10-20 16:00:00,2024-10-20 18:00:00,74.49
Switzerland,CHE,2024-10-20 17:00:00,2024-10-20 19:00:00,67.01
Switzerland,CHE,2024-10-20 18:00:00,2024-10-20 20:00:00,56.88
Switzerland,CHE,2024-10-20 19:00:00,2024-10-20 21:00:00,48.0
Switzerland,CHE,2024-10-20 20:00:00,2024-10-20 22:00:00,16.69
Switzerland,CHE,2024-10-20 21:00:00,2024-10-20 23:00:00,6.13
Switzerland,CHE,2024-10-20 22:00:00,2024-10-21 00:00:00,-0.52
Switzerland,CHE,2024-10-20 23:00:00,2024-10-21 01:00:00,0.48
Switzerland,CHE,2024-10-21 00:00:00,2024-10-21 02:00:00,0.0
Switzerland,CHE,2024-10-21 01:00:00,2024-10-21 03:00:00,-0.09
Switzerland,CHE,2024-10-21 02:00:00,2024-10-21 04:00:00,1.17
Switzerland,CHE,2024-10-21 03:00:00,2024-10-21 05:00:00,27.26
Switzerland,CHE,2024-10-21 04:00:00,2024-10-21 06:00:00,72.65
Switzerland,CHE,2024-10-21 05:00:00,2024-10-21 07:00:00,93.85
Switzerland,CHE,2024-10-21 06:00:00,2024-10-21 08:00:00,102.07
Switzerland,CHE,2024-10-21 07:00:00,2024-10-21 09:00:00,93.57
Switzerland,CHE,2024-10-21 08:00:00,2024-10-21 10:00:00,85.95
Switzerland,CHE,2024-10-21 09:00:00,2024-10-21 11:00:00,85.51
Switzerland,CHE,2024-10-21 10:00:00,2024-10-21 12:00:00,77.04
Switzerland,CHE,2024-10-21 11:00:00,2024-10-21 13:00:00,77.21
Switzerland,CHE,2024-10-21 12:00:00,2024-10-21 14:00:00,78.81
Switzerland,CHE,2024-10-21 13:00:00,2024-10-21 15:00:00,91.8
Switzerland,CHE,2024-10-21 14:00:00,2024-10-21 16:00:00,104.55
Switzerland,CHE,2024-10-21 15:00:00,2024-10-21 17:00:00,102.94
Switzerland,CHE,2024-10-21 16:00:00,2024-10-21 18:00:00,107.85
Switzerland,CHE,2024-10-21 17:00:00,2024-10-21 19:00:00,134.05
Switzerland,CHE,2024-10-21 18:00:00,2024-10-21 20:00:00,110.08
Switzerland,CHE,2024-10-21 19:00:00,2024-10-21 21:00:00,101.26
Switzerland,CHE,2024-10-21 20:00:00,2024-10-21 22:00:00,95.63
Switzerland,CHE,2024-10-21 21:00:00,2024-10-21 23:00:00,92.0
Switzerland,CHE,2024-10-21 22:00:00,2024-10-22 00:00:00,86.98
Switzerland,CHE,2024-10-21 23:00:00,2024-10-22 01:00:00,83.03
Switzerland,CHE,2024-10-22 00:00:00,2024-10-22 02:00:00,80.92
Switzerland,CHE,2024-10-22 01:00:00,2024-10-22 03:00:00,79.42
Switzerland,CHE,2024-10-22 02:00:00,2024-10-22 04:00:00,79.34
Switzerland,CHE,2024-10-22 03:00:00,2024-10-22 05:00:00,83.47
Switzerland,CHE,2024-10-22 04:00:00,2024-10-22 06:00:00,106.2
Switzerland,CHE,2024-10-22 05:00:00,2024-10-22 07:00:00,145.63
Switzerland,CHE,2024-10-22 06:00:00,2024-10-22 08:00:00,143.92
Switzerland,CHE,2024-10-22 07:00:00,2024-10-22 09:00:00,106.76
Switzerland,CHE,2024-10-22 08:00:00,2024-10-22 10:00:00,93.02
Switzerland,CHE,2024-10-22 09:00:00,2024-10-22 11:00:00,82.21
Switzerland,CHE,2024-10-22 10:00:00,2024-10-22 12:00:00,75.02
Switzerland,CHE,2024-10-22 11:00:00,2024-10-22 13:00:00,70.44
Switzerland,CHE,2024-10-22 12:00:00,2024-10-22 14:00:00,69.99
Switzerland,CHE,2024-10-22 13:00:00,2024-10-22 15:00:00,77.67
Switzerland,CHE,2024-10-22 14:00:00,2024-10-22 16:00:00,92.55
Switzerland,CHE,2024-10-22 15:00:00,2024-10-22 17:00:00,112.45
Switzerland,CHE,2024-10-22 16:00:00,2024-10-22 18:00:00,136.1
Switzerland,CHE,2024-10-22 17:00:00,2024-10-22 19:00:00,157.31
Switzerland,CHE,2024-10-22 18:00:00,2024-10-22 20:00:00,120.5
Switzerland,CHE,2024-10-22 19:00:00,2024-10-22 21:00:00,102.06
Switzerland,CHE,2024-10-22 20:00:00,2024-10-22 22:00:00,93.46
Switzerland,CHE,2024-10-22 21:00:00,2024-10-22 23:00:00,87.07
Switzerland,CHE,2024-10-22 22:00:00,2024-10-23 00:00:00,85.87
Switzerland,CHE,2024-10-22 23:00:00,2024-10-23 01:00:00,82.98
Switzerland,CHE,2024-10-23 00:00:00,2024-10-23 02:00:00,81.51
Switzerland,CHE,2024-10-23 01:00:00,2024-10-23 03:00:00,82.21
Switzerland,CHE,2024-10-23 02:00:00,2024-10-23 04:00:00,83.86
Switzerland,CHE,2024-10-23 03:00:00,2024-10-23 05:00:00,90.38
Switzerland,CHE,2024-10-23 04:00:00,2024-10-23 06:00:00,108.79
Switzerland,CHE,2024-10-23 05:00:00,2024-10-23 07:00:00,165.61
Switzerland,CHE,2024-10-23 06:00:00,2024-10-23 08:00:00,171.07
Switzerland,CHE,2024-10-23 07:00:00,2024-10-23 09:00:00,120.64
Switzerland,CHE,2024-10-23 08:00:00,2024-10-23 10:00:00,102.81
Switzerland,CHE,2024-10-23 09:00:00,2024-10-23 11:00:00,91.22
Switzerland,CHE,2024-10-23 10:00:00,2024-10-23 12:00:00,82.79
Switzerland,CHE,2024-10-23 11:00:00,2024-10-23 13:00:00,82.9
Switzerland,CHE,2024-10-23 12:00:00,2024-10-23 14:00:00,81.91
Switzerland,CHE,2024-10-23 13:00:00,2024-10-23 15:00:00,93.08
Switzerland,CHE,2024-10-23 14:00:00,2024-10-23 16:00:00,108.81
Switzerland,CHE,2024-10-23 15:00:00,2024-10-23 17:00:00,152.22
Switzerland,CHE,2024-10-23 16:00:00,2024-10-23 18:00:00,183.67
Switzerland,CHE,2024-10-23 17:00:00,2024-10-23 19:00:00,188.16
Switzerland,CHE,2024-10-23 18:00:00,2024-10-23 20:00:00,130.24
Switzerland,CHE,2024-10-23 19:00:00,2024-10-23 21:00:00,103.77
Switzerland,CHE,2024-10-23 20:00:00,2024-10-23 22:00:00,99.4
Switzerland,CHE,2024-10-23 21:00:00,2024-10-23 23:00:00,90.01
Switzerland,CHE,2024-10-23 22:00:00,2024-10-24 00:00:00,91.74
Switzerland,CHE,2024-10-23 23:00:00,2024-10-24 01:00:00,84.08
Switzerland,CHE,2024-10-24 00:00:00,2024-10-24 02:00:00,82.27
Switzerland,CHE,2024-10-24 01:00:00,2024-10-24 03:00:00,81.42
Switzerland,CHE,2024-10-24 02:00:00,2024-10-24 04:00:00,80.7
Switzerland,CHE,2024-10-24 03:00:00,2024-10-24 05:00:00,88.32
Switzerland,CHE,2024-10-24 04:00:00,2024-10-24 06:00:00,105.3
Switzerland,CHE,2024-10-24 05:00:00,2024-10-24 07:00:00,166.5
Switzerland,CHE,2024-10-24 06:00:00,2024-10-24 08:00:00,169.01
Switzerland,CHE,2024-10-24 07:00:00,2024-10-24 09:00:00,110.9
Switzerland,CHE,2024-10-24 08:00:00,2024-10-24 10:00:00,98.02
Switzerland,CHE,2024-10-24 09:00:00,2024-10-24 11:00:00,85.1
Switzerland,CHE,2024-10-24 10:00:00,2024-10-24 12:00:00,80.65
Switzerland,CHE,2024-10-24 11:00:00,2024-10-24 13:00:00,77.79
Switzerland,CHE,2024-10-24 12:00:00,2024-10-24 14:00:00,78.6
Switzerland,CHE,2024-10-24 13:00:00,2024-10-24 15:00:00,90.2
Switzerland,CHE,2024-10-24 14:00:00,2024-10-24 16:00:00,102.7
Switzerland,CHE,2024-10-24 15:00:00,2024-10-24 17:00:00,131.27
Switzerland,CHE,2024-10-24 16:00:00,2024-10-24 18:00:00,153.71
Switzerland,CHE,2024-10-24 17:00:00,2024-10-24 19:00:00,128.27
Switzerland,CHE,2024-10-24 18:00:00,2024-10-24 20:00:00,103.65
Switzerland,CHE,2024-10-24 19:00:00,2024-10-24 21:00:00,94.85
Switzerland,CHE,2024-10-24 20:00:00,2024-10-24 22:00:00,90.08
Switzerland,CHE,2024-10-24 21:00:00,2024-10-24 23:00:00,82.71
Switzerland,CHE,2024-10-24 22:00:00,2024-10-25 00:00:00,84.5
Switzerland,CHE,2024-10-24 23:00:00,2024-10-25 01:00:00,80.76
Switzerland,CHE,2024-10-25 00:00:00,2024-10-25 02:00:00,78.95
Switzerland,CHE,2024-10-25 01:00:00,2024-10-25 03:00:00,82.0
Switzerland,CHE,2024-10-25 02:00:00,2024-10-25 04:00:00,83.98
Switzerland,CHE,2024-10-25 03:00:00,2024-10-25 05:00:00,90.1
Switzerland,CHE,2024-10-25 04:00:00,2024-10-25 06:00:00,107.52
Switzerland,CHE,2024-10-25 05:00:00,2024-10-25 07:00:00,137.97
Switzerland,CHE,2024-10-25 06:00:00,2024-10-25 08:00:00,149.9
Switzerland,CHE,2024-10-25 07:00:00,2024-10-25 09:00:00,115.28
Switzerland,CHE,2024-10-25 08:00:00,2024-10-25 10:00:00,100.08
Switzerland,CHE,2024-10-25 09:00:00,2024-10-25 11:00:00,87.97
Switzerland,CHE,2024-10-25 10:00:00,2024-10-25 12:00:00,82.51
Switzerland,CHE,2024-10-25 11:00:00,2024-10-25 13:00:00,78.42
Switzerland,CHE,2024-10-25 12:00:00,2024-10-25 14:00:00,81.31
Switzerland,CHE,2024-10-25 13:00:00,2024-10-25 15:00:00,91.82
Switzerland,CHE,2024-10-25 14:00:00,2024-10-25 16:00:00,112.68
Switzerland,CHE,2024-10-25 15:00:00,2024-10-25 17:00:00,120.67
Switzerland,CHE,2024-10-25 16:00:00,2024-10-25 18:00:00,121.17
Switzerland,CHE,2024-10-25 17:00:00,2024-10-25 19:00:00,123.19
Switzerland,CHE,2024-10-25 18:00:00,2024-10-25 20:00:00,119.29
Switzerland,CHE,2024-10-25 19:00:00,2024-10-25 21:00:00,111.33
Switzerland,CHE,2024-10-25 20:00:00,2024-10-25 22:00:00,109.08
Switzerland,CHE,2024-10-25 21:00:00,2024-10-25 23:00:00,98.3
Switzerland,CHE,2024-10-25 22:00:00,2024-10-26 00:00:00,104.5
Switzerland,CHE,2024-10-25 23:00:00,2024-10-26 01:00:00,99.02
Switzerland,CHE,2024-10-26 00:00:00,2024-10-26 02:00:00,97.01
Switzerland,CHE,2024-10-26 01:00:00,2024-10-26 03:00:00,95.96
Switzerland,CHE,2024-10-26 02:00:00,2024-10-26 04:00:00,97.61
Switzerland,CHE,2024-10-26 03:00:00,2024-10-26 05:00:00,101.99
Switzerland,CHE,2024-10-26 04:00:00,2024-10-26 06:00:00,109.93
Switzerland,CHE,2024-10-26 05:00:00,2024-10-26 07:00:00,120.3
Switzerland,CHE,2024-10-26 06:00:00,2024-10-26 08:00:00,124.55
Switzerland,CHE,2024-10-26 07:00:00,2024-10-26 09:00:00,113.01
Switzerland,CHE,2024-10-26 08:00:00,2024-10-26 10:00:00,94.93
Switzerland,CHE,2024-10-26 09:00:00,2024-10-26 11:00:00,85.96
Switzerland,CHE,2024-10-26 10:00:00,2024-10-26 12:00:00,78.94
Switzerland,CHE,2024-10-26 11:00:00,2024-10-26 13:00:00,77.09
Switzerland,CHE,2024-10-26 12:00:00,2024-10-26 14:00:00,78.92
Switzerland,CHE,2024-10-26 13:00:00,2024-10-26 15:00:00,85.53
Switzerland,CHE,2024-10-26 14:00:00,2024-10-26 16:00:00,100.52
Switzerland,CHE,2024-10-26 15:00:00,2024-10-26 17:00:00,123.57
Switzerland,CHE,2024-10-26 16:00:00,2024-10-26 18:00:00,139.51
Switzerland,CHE,2024-10-26 17:00:00,2024-10-26 19:00:00,120.39
Switzerland,CHE,2024-10-26 18:00:00,2024-10-26 20:00:00,104.61
Switzerland,CHE,2024-10-26 19:00:00,2024-10-26 21:00:00,91.19
Switzerland,CHE,2024-10-26 20:00:00,2024-10-26 22:00:00,88.38
Switzerland,CHE,2024-10-26 21:00:00,2024-10-26 23:00:00,82.08
Switzerland,CHE,2024-10-26 22:00:00,2024-10-27 00:00:00,87.03
Switzerland,CHE,2024-10-26 23:00:00,2024-10-27 01:00:00,78.94
Switzerland,CHE,2024-10-27 00:00:00,2024-10-27 02:00:00,70.65
Switzerland,CHE,2024-10-27 01:00:00,2024-10-27 02:00:00,70.28
Switzerland,CHE,2024-10-27 02:00:00,2024-10-27 03:00:00,68.95
Switzerland,CHE,2024-10-27 03:00:00,2024-10-27 04:00:00,68.81
Switzerland,CHE,2024-10-27 04:00:00,2024-10-27 05:00:00,78.91
Switzerland,CHE,2024-10-27 05:00:00,2024-10-27 06:00:00,82.13
Switzerland,CHE,2024-10-27 06:00:00,2024-10-27 07:00:00,88.74
Switzerland,CHE,2024-10-27 07:00:00,2024-10-27 08:00:00,79.11
Switzerland,CHE,2024-10-27 08:00:00,2024-10-27 09:00:00,71.16
Switzerland,CHE,2024-10-27 09:00:00,2024-10-27 10:00:00,49.51
Switzerland,CHE,2024-10-27 10:00:00,2024-10-27 11:00:00,31.04
Switzerland,CHE,2024-10-27 11:00:00,2024-10-27 12:00:00,26.41
Switzerland,CHE,2024-10-27 12:00:00,2024-10-27 13:00:00,26.22
Switzerland,CHE,2024-10-27 13:00:00,2024-10-27 14:00:00,42.84
Switzerland,CHE,2024-10-27 14:00:00,2024-10-27 15:00:00,90.98
Switzerland,CHE,2024-10-27 15:00:00,2024-10-27 16:00:00,113.48
Switzerland,CHE,2024-10-27 16:00:00,2024-10-27 17:00:00,128.38
Switzerland,CHE,2024-10-27 17:00:00,2024-10-27 18:00:00,137.92
Switzerland,CHE,2024-10-27 18:00:00,2024-10-27 19:00:00,130.45
Switzerland,CHE,2024-10-27 19:00:00,2024-10-27 20:00:00,117.76
Switzerland,CHE,2024-10-27 20:00:00,2024-10-27 21:00:00,112.01
Switzerland,CHE,2024-10-27 21:00:00,2024-10-27 22:00:00,108.13
Switzerland,CHE,2024-10-27 22:00:00,2024-10-27 23:00:00,98.6
Switzerland,CHE,2024-10-27 23:00:00,2024-10-28 00:00:00,94.95
Switzerland,CHE,2024-10-28 00:00:00,2024-10-28 01:00:00,91.22
Switzerland,CHE,2024-10-28 01:00:00,2024-10-28 02:00:00,88.39
Switzerland,CHE,2024-10-28 02:00:00,2024-10-28 03:00:00,85.07
Switzerland,CHE,2024-10-28 03:00:00,2024-10-28 04:00:00,87.87
Switzerland,CHE,2024-10-28 04:00:00,2024-10-28 05:00:00,98.09
Switzerland,CHE,2024-10-28 05:00:00,2024-10-28 06:00:00,119.13
Switzerland,CHE,2024-10-28 06:00:00,2024-10-28 07:00:00,136.58
Switzerland,CHE,2024-10-28 07:00:00,2024-10-28 08:00:00,134.26
Switzerland,CHE,2024-10-28 08:00:00,2024-10-28 09:00:00,115.72
Switzerland,CHE,2024-10-28 09:00:00,2024-10-28 10:00:00,106.4
Switzerland,CHE,2024-10-28 10:00:00,2024-10-28 11:00:00,99.86
Switzerland,CHE,2024-10-28 11:00:00,2024-10-28 12:00:00,102.02
Switzerland,CHE,2024-10-28 12:00:00,2024-10-28 13:00:00,103.12
Switzerland,CHE,2024-10-28 13:00:00,2024-10-28 14:00:00,112.01
Switzerland,CHE,2024-10-28 14:00:00,2024-10-28 15:00:00,119.97
Switzerland,CHE,2024-10-28 15:00:00,2024-10-28 16:00:00,145.28
Switzerland,CHE,2024-10-28 16:00:00,2024-10-28 17:00:00,176.68
Switzerland,CHE,2024-10-28 17:00:00,2024-10-28 18:00:00,179.57
Switzerland,CHE,2024-10-28 18:00:00,2024-10-28 19:00:00,156.98
Switzerland,CHE,2024-10-28 19:00:00,2024-10-28 20:00:00,124.92
Switzerland,CHE,2024-10-28 20:00:00,2024-10-28 21:00:00,116.55
Switzerland,CHE,2024-10-28 21:00:00,2024-10-28 22:00:00,111.44
Switzerland,CHE,2024-10-28 22:00:00,2024-10-28 23:00:00,101.76
Switzerland,CHE,2024-10-28 23:00:00,2024-10-29 00:00:00,104.63
Switzerland,CHE,2024-10-29 00:00:00,2024-10-29 01:00:00,102.02
Switzerland,CHE,2024-10-29 01:00:00,2024-10-29 02:00:00,101.0
Switzerland,CHE,2024-10-29 02:00:00,2024-10-29 03:00:00,100.35
Switzerland,CHE,2024-10-29 03:00:00,2024-10-29 04:00:00,102.28
Switzerland,CHE,2024-10-29 04:00:00,2024-10-29 05:00:00,112.28
Switzerland,CHE,2024-10-29 05:00:00,2024-10-29 06:00:00,122.81
Switzerland,CHE,2024-10-29 06:00:00,2024-10-29 07:00:00,152.35
Switzerland,CHE,2024-10-29 07:00:00,2024-10-29 08:00:00,152.63
Switzerland,CHE,2024-10-29 08:00:00,2024-10-29 09:00:00,132.01
Switzerland,CHE,2024-10-29 09:00:00,2024-10-29 10:00:00,123.27
Switzerland,CHE,2024-10-29 10:00:00,2024-10-29 11:00:00,117.52
Switzerland,CHE,2024-10-29 11:00:00,2024-10-29 12:00:00,111.92
Switzerland,CHE,2024-10-29 12:00:00,2024-10-29 13:00:00,113.22
Switzerland,CHE,2024-10-29 13:00:00,2024-10-29 14:00:00,122.21
Switzerland,CHE,2024-10-29 14:00:00,2024-10-29 15:00:00,140.05
Switzerland,CHE,2024-10-29 15:00:00,2024-10-29 16:00:00,171.16
Switzerland,CHE,2024-10-29 16:00:00,2024-10-29 17:00:00,200.04
Switzerland,CHE,2024-10-29 17:00:00,2024-10-29 18:00:00,165.0
Switzerland,CHE,2024-10-29 18:00:00,2024-10-29 19:00:00,156.08
Switzerland,CHE,2024-10-29 19:00:00,2024-10-29 20:00:00,130.72
Switzerland,CHE,2024-10-29 20:00:00,2024-10-29 21:00:00,118.16
Switzerland,CHE,2024-10-29 21:00:00,2024-10-29 22:00:00,113.92
Switzerland,CHE,2024-10-29 22:00:00,2024-10-29 23:00:00,103.18
Switzerland,CHE,2024-10-29 23:00:00,2024-10-30 00:00:00,108.0
Switzerland,CHE,2024-10-30 00:00:00,2024-10-30 01:00:00,103.05
Switzerland,CHE,2024-10-30 01:00:00,2024-10-30 02:00:00,101.18
Switzerland,CHE,2024-10-30 02:00:00,2024-10-30 03:00:00,100.98
Switzerland,CHE,2024-10-30 03:00:00,2024-10-30 04:00:00,102.06
Switzerland,CHE,2024-10-30 04:00:00,2024-10-30 05:00:00,112.34
Switzerland,CHE,2024-10-30 05:00:00,2024-10-30 06:00:00,124.98
Switzerland,CHE,2024-10-30 06:00:00,2024-10-30 07:00:00,157.22
Switzerland,CHE,2024-10-30 07:00:00,2024-10-30 08:00:00,156.33
Switzerland,CHE,2024-10-30 08:00:00,2024-10-30 09:00:00,131.81
Switzerland,CHE,2024-10-30 09:00:00,2024-10-30 10:00:00,118.46
Switzerland,CHE,2024-10-30 10:00:00,2024-10-30 11:00:00,113.49
Switzerland,CHE,2024-10-30 11:00:00,2024-10-30 12:00:00,105.39
Switzerland,CHE,2024-10-30 12:00:00,2024-10-30 13:00:00,108.96
Switzerland,CHE,2024-10-30 13:00:00,2024-10-30 14:00:00,123.68
Switzerland,CHE,2024-10-30 14:00:00,2024-10-30 15:00:00,144.8
Switzerland,CHE,2024-10-30 15:00:00,2024-10-30 16:00:00,167.65
Switzerland,CHE,2024-10-30 16:00:00,2024-10-30 17:00:00,165.03
Switzerland,CHE,2024-10-30 17:00:00,2024-10-30 18:00:00,166.43
Switzerland,CHE,2024-10-30 18:00:00,2024-10-30 19:00:00,162.54
Switzerland,CHE,2024-10-30 19:00:00,2024-10-30 20:00:00,134.29
Switzerland,CHE,2024-10-30 20:00:00,2024-10-30 21:00:00,123.39
Switzerland,CHE,2024-10-30 21:00:00,2024-10-30 22:00:00,114.75
Switzerland,CHE,2024-10-30 22:00:00,2024-10-30 23:00:00,106.35
Switzerland,CHE,2024-10-30 23:00:00,2024-10-31 00:00:00,102.38
Switzerland,CHE,2024-10-31 00:00:00,2024-10-31 01:00:00,99.62
Switzerland,CHE,2024-10-31 01:00:00,2024-10-31 02:00:00,96.2
Switzerland,CHE,2024-10-31 02:00:00,2024-10-31 03:00:00,94.32
Switzerland,CHE,2024-10-31 03:00:00,2024-10-31 04:00:00,96.18
Switzerland,CHE,2024-10-31 04:00:00,2024-10-31 05:00:00,100.1
Switzerland,CHE,2024-10-31 05:00:00,2024-10-31 06:00:00,115.0
Switzerland,CHE,2024-10-31 06:00:00,2024-10-31 07:00:00,125.55
Switzerland,CHE,2024-10-31 07:00:00,2024-10-31 08:00:00,123.69
Switzerland,CHE,2024-10-31 08:00:00,2024-10-31 09:00:00,112.71
Switzerland,CHE,2024-10-31 09:00:00,2024-10-31 10:00:00,101.3
Switzerland,CHE,2024-10-31 10:00:00,2024-10-31 11:00:00,97.76
Switzerland,CHE,2024-10-31 11:00:00,2024-10-31 12:00:00,91.51
Switzerland,CHE,2024-10-31 12:00:00,2024-10-31 13:00:00,92.1
Switzerland,CHE,2024-10-31 13:00:00,2024-10-31 14:00:00,97.05
Switzerland,CHE,2024-10-31 14:00:00,2024-10-31 15:00:00,105.31
Switzerland,CHE,2024-10-31 15:00:00,2024-10-31 16:00:00,113.8
Switzerland,CHE,2024-10-31 16:00:00,2024-10-31 17:00:00,126.08
Switzerland,CHE,2024-10-31 17:00:00,2024-10-31 18:00:00,128.32
Switzerland,CHE,2024-10-31 18:00:00,2024-10-31 19:00:00,115.57
Switzerland,CHE,2024-10-31 19:00:00,2024-10-31 20:00:00,104.43
Switzerland,CHE,2024-10-31 20:00:00,2024-10-31 21:00:00,98.06
Switzerland,CHE,2024-10-31 21:00:00,2024-10-31 22:00:00,97.01
Switzerland,CHE,2024-10-31 22:00:00,2024-10-31 23:00:00,86.92
Switzerland,CHE,2024-10-31 23:00:00,2024-11-01 00:00:00,86.92
Switzerland,CHE,2024-11-01 00:00:00,2024-11-01 01:00:00,80.57
Switzerland,CHE,2024-11-01 01:00:00,2024-11-01 02:00:00,78.9
Switzerland,CHE,2024-11-01 02:00:00,2024-11-01 03:00:00,75.78
Switzerland,CHE,2024-11-01 03:00:00,2024-11-01 04:00:00,75.0
Switzerland,CHE,2024-11-01 04:00:00,2024-11-01 05:00:00,80.59
Switzerland,CHE,2024-11-01 05:00:00,2024-11-01 06:00:00,90.8
Switzerland,CHE,2024-11-01 06:00:00,2024-11-01 07:00:00,91.49
Switzerland,CHE,2024-11-01 07:00:00,2024-11-01 08:00:00,86.18
Switzerland,CHE,2024-11-01 08:00:00,2024-11-01 09:00:00,70.05
Switzerland,CHE,2024-11-01 09:00:00,2024-11-01 10:00:00,39.55
Switzerland,CHE,2024-11-01 10:00:00,2024-11-01 11:00:00,34.88
Switzerland,CHE,2024-11-01 11:00:00,2024-11-01 12:00:00,29.81
Switzerland,CHE,2024-11-01 12:00:00,2024-11-01 13:00:00,29.17
Switzerland,CHE,2024-11-01 13:00:00,2024-11-01 14:00:00,47.44
Switzerland,CHE,2024-11-01 14:00:00,2024-11-01 15:00:00,79.0
Switzerland,CHE,2024-11-01 15:00:00,2024-11-01 16:00:00,97.05
Switzerland,CHE,2024-11-01 16:00:00,2024-11-01 17:00:00,110.36
Switzerland,CHE,2024-11-01 17:00:00,2024-11-01 18:00:00,114.76
Switzerland,CHE,2024-11-01 18:00:00,2024-11-01 19:00:00,111.28
Switzerland,CHE,2024-11-01 19:00:00,2024-11-01 20:00:00,108.41
Switzerland,CHE,2024-11-01 20:00:00,2024-11-01 21:00:00,98.7
Switzerland,CHE,2024-11-01 21:00:00,2024-11-01 22:00:00,97.05
Switzerland,CHE,2024-11-01 22:00:00,2024-11-01 23:00:00,91.96
Switzerland,CHE,2024-11-01 23:00:00,2024-11-02 00:00:00,93.13
Switzerland,CHE,2024-11-02 00:00:00,2024-11-02 01:00:00,89.04
Switzerland,CHE,2024-11-02 01:00:00,2024-11-02 02:00:00,88.94
Switzerland,CHE,2024-11-02 02:00:00,2024-11-02 03:00:00,87.05
Switzerland,CHE,2024-11-02 03:00:00,2024-11-02 04:00:00,88.91
Switzerland,CHE,2024-11-02 04:00:00,2024-11-02 05:00:00,88.98
Switzerland,CHE,2024-11-02 05:00:00,2024-11-02 06:00:00,96.91
Switzerland,CHE,2024-11-02 06:00:00,2024-11-02 07:00:00,99.8
Switzerland,CHE,2024-11-02 07:00:00,2024-11-02 08:00:00,99.73
Switzerland,CHE,2024-11-02 08:00:00,2024-11-02 09:00:00,95.67
Switzerland,CHE,2024-11-02 09:00:00,2024-11-02 10:00:00,88.96
Switzerland,CHE,2024-11-02 10:00:00,2024-11-02 11:00:00,88.11
Switzerland,CHE,2024-11-02 11:00:00,2024-11-02 12:00:00,84.22
Switzerland,CHE,2024-11-02 12:00:00,2024-11-02 13:00:00,87.05
Switzerland,CHE,2024-11-02 13:00:00,2024-11-02 14:00:00,96.33
Switzerland,CHE,2024-11-02 14:00:00,2024-11-02 15:00:00,112.34
Switzerland,CHE,2024-11-02 15:00:00,2024-11-02 16:00:00,128.2
Switzerland,CHE,2024-11-02 16:00:00,2024-11-02 17:00:00,143.01
Switzerland,CHE,2024-11-02 17:00:00,2024-11-02 18:00:00,144.88
Switzerland,CHE,2024-11-02 18:00:00,2024-11-02 19:00:00,133.36
Switzerland,CHE,2024-11-02 19:00:00,2024-11-02 20:00:00,114.47
Switzerland,CHE,2024-11-02 20:00:00,2024-11-02 21:00:00,108.81
Switzerland,CHE,2024-11-02 21:00:00,2024-11-02 22:00:00,107.08
Switzerland,CHE,2024-11-02 22:00:00,2024-11-02 23:00:00,100.67
Switzerland,CHE,2024-11-02 23:00:00,2024-11-03 00:00:00,99.72
Switzerland,CHE,2024-11-03 00:00:00,2024-11-03 01:00:00,98.94
Switzerland,CHE,2024-11-03 01:00:00,2024-11-03 02:00:00,98.95
Switzerland,CHE,2024-11-03 02:00:00,2024-11-03 03:00:00,97.04
Switzerland,CHE,2024-11-03 03:00:00,2024-11-03 04:00:00,96.05
Switzerland,CHE,2024-11-03 04:00:00,2024-11-03 05:00:00,97.0
Switzerland,CHE,2024-11-03 05:00:00,2024-11-03 06:00:00,97.82
Switzerland,CHE,2024-11-03 06:00:00,2024-11-03 07:00:00,98.7
Switzerland,CHE,2024-11-03 07:00:00,2024-11-03 08:00:00,91.2
Switzerland,CHE,2024-11-03 08:00:00,2024-11-03 09:00:00,79.4
Switzerland,CHE,2024-11-03 09:00:00,2024-11-03 10:00:00,57.59
Switzerland,CHE,2024-11-03 10:00:00,2024-11-03 11:00:00,45.84
Switzerland,CHE,2024-11-03 11:00:00,2024-11-03 12:00:00,45.54
Switzerland,CHE,2024-11-03 12:00:00,2024-11-03 13:00:00,45.0
Switzerland,CHE,2024-11-03 13:00:00,2024-11-03 14:00:00,73.2
Switzerland,CHE,2024-11-03 14:00:00,2024-11-03 15:00:00,98.92
Switzerland,CHE,2024-11-03 15:00:00,2024-11-03 16:00:00,115.41
Switzerland,CHE,2024-11-03 16:00:00,2024-11-03 17:00:00,130.32
Switzerland,CHE,2024-11-03 17:00:00,2024-11-03 18:00:00,134.84
Switzerland,CHE,2024-11-03 18:00:00,2024-11-03 19:00:00,125.04
Switzerland,CHE,2024-11-03 19:00:00,2024-11-03 20:00:00,115.78
Switzerland,CHE,2024-11-03 20:00:00,2024-11-03 21:00:00,111.0
Switzerland,CHE,2024-11-03 21:00:00,2024-11-03 22:00:00,106.64
Switzerland,CHE,2024-11-03 22:00:00,2024-11-03 23:00:00,101.07
Switzerland,CHE,2024-11-03 23:00:00,2024-11-04 00:00:00,97.3
Switzerland,CHE,2024-11-04 00:00:00,2024-11-04 01:00:00,96.58
Switzerland,CHE,2024-11-04 01:00:00,2024-11-04 02:00:00,96.17
Switzerland,CHE,2024-11-04 02:00:00,2024-11-04 03:00:00,96.7
Switzerland,CHE,2024-11-04 03:00:00,2024-11-04 04:00:00,98.91
Switzerland,CHE,2024-11-04 04:00:00,2024-11-04 05:00:00,102.33
Switzerland,CHE,2024-11-04 05:00:00,2024-11-04 06:00:00,121.17
Switzerland,CHE,2024-11-04 06:00:00,2024-11-04 07:00:00,140.55
Switzerland,CHE,2024-11-04 07:00:00,2024-11-04 08:00:00,137.55
Switzerland,CHE,2024-11-04 08:00:00,2024-11-04 09:00:00,119.23
Switzerland,CHE,2024-11-04 09:00:00,2024-11-04 10:00:00,111.4
Switzerland,CHE,2024-11-04 10:00:00,2024-11-04 11:00:00,104.03
Switzerland,CHE,2024-11-04 11:00:00,2024-11-04 12:00:00,101.64
Switzerland,CHE,2024-11-04 12:00:00,2024-11-04 13:00:00,105.1
Switzerland,CHE,2024-11-04 13:00:00,2024-11-04 14:00:00,114.69
Switzerland,CHE,2024-11-04 14:00:00,2024-11-04 15:00:00,138.63
Switzerland,CHE,2024-11-04 15:00:00,2024-11-04 16:00:00,159.93
Switzerland,CHE,2024-11-04 16:00:00,2024-11-04 17:00:00,160.3
Switzerland,CHE,2024-11-04 17:00:00,2024-11-04 18:00:00,174.94
Switzerland,CHE,2024-11-04 18:00:00,2024-11-04 19:00:00,169.17
Switzerland,CHE,2024-11-04 19:00:00,2024-11-04 20:00:00,135.8
Switzerland,CHE,2024-11-04 20:00:00,2024-11-04 21:00:00,115.78
Switzerland,CHE,2024-11-04 21:00:00,2024-11-04 22:00:00,110.71
Switzerland,CHE,2024-11-04 22:00:00,2024-11-04 23:00:00,103.83
Switzerland,CHE,2024-11-04 23:00:00,2024-11-05 00:00:00,103.26
Switzerland,CHE,2024-11-05 00:00:00,2024-11-05 01:00:00,102.33
Switzerland,CHE,2024-11-05 01:00:00,2024-11-05 02:00:00,102.07
Switzerland,CHE,2024-11-05 02:00:00,2024-11-05 03:00:00,101.09
Switzerland,CHE,2024-11-05 03:00:00,2024-11-05 04:00:00,101.33
Switzerland,CHE,2024-11-05 04:00:00,2024-11-05 05:00:00,104.05
Switzerland,CHE,2024-11-05 05:00:00,2024-11-05 06:00:00,126.21
Switzerland,CHE,2024-11-05 06:00:00,2024-11-05 07:00:00,152.03
Switzerland,CHE,2024-11-05 07:00:00,2024-11-05 08:00:00,143.63
Switzerland,CHE,2024-11-05 08:00:00,2024-11-05 09:00:00,121.01
Switzerland,CHE,2024-11-05 09:00:00,2024-11-05 10:00:00,107.36
Switzerland,CHE,2024-11-05 10:00:00,2024-11-05 11:00:00,102.31
Switzerland,CHE,2024-11-05 11:00:00,2024-11-05 12:00:00,100.31
Switzerland,CHE,2024-11-05 12:00:00,2024-11-05 13:00:00,101.46
Switzerland,CHE,2024-11-05 13:00:00,2024-11-05 14:00:00,110.92
Switzerland,CHE,2024-11-05 14:00:00,2024-11-05 15:00:00,144.93
Switzerland,CHE,2024-11-05 15:00:00,2024-11-05 16:00:00,194.2
Switzerland,CHE,2024-11-05 16:00:00,2024-11-05 17:00:00,188.83
Switzerland,CHE,2024-11-05 17:00:00,2024-11-05 18:00:00,196.45
Switzerland,CHE,2024-11-05 18:00:00,2024-11-05 19:00:00,192.51
Switzerland,CHE,2024-11-05 19:00:00,2024-11-05 20:00:00,163.61
Switzerland,CHE,2024-11-05 20:00:00,2024-11-05 21:00:00,132.06
Switzerland,CHE,2024-11-05 21:00:00,2024-11-05 22:00:00,116.79
Switzerland,CHE,2024-11-05 22:00:00,2024-11-05 23:00:00,110.91
Switzerland,CHE,2024-11-05 23:00:00,2024-11-06 00:00:00,111.45
Switzerland,CHE,2024-11-06 00:00:00,2024-11-06 01:00:00,108.04
Switzerland,CHE,2024-11-06 01:00:00,2024-11-06 02:00:00,107.0
Switzerland,CHE,2024-11-06 02:00:00,2024-11-06 03:00:00,107.06
Switzerland,CHE,2024-11-06 03:00:00,2024-11-06 04:00:00,108.12
Switzerland,CHE,2024-11-06 04:00:00,2024-11-06 05:00:00,118.97
Switzerland,CHE,2024-11-06 05:00:00,2024-11-06 06:00:00,141.81
Switzerland,CHE,2024-11-06 06:00:00,2024-11-06 07:00:00,154.35
Switzerland,CHE,2024-11-06 07:00:00,2024-11-06 08:00:00,168.93
Switzerland,CHE,2024-11-06 08:00:00,2024-11-06 09:00:00,151.98
Switzerland,CHE,2024-11-06 09:00:00,2024-11-06 10:00:00,136.37
Switzerland,CHE,2024-11-06 10:00:00,2024-11-06 11:00:00,130.06
Switzerland,CHE,2024-11-06 11:00:00,2024-11-06 12:00:00,123.51
Switzerland,CHE,2024-11-06 12:00:00,2024-11-06 13:00:00,128.98
Switzerland,CHE,2024-11-06 13:00:00,2024-11-06 14:00:00,141.58
Switzerland,CHE,2024-11-06 14:00:00,2024-11-06 15:00:00,146.1
Switzerland,CHE,2024-11-06 15:00:00,2024-11-06 16:00:00,154.86
Switzerland,CHE,2024-11-06 16:00:00,2024-11-06 17:00:00,166.1
Switzerland,CHE,2024-11-06 17:00:00,2024-11-06 18:00:00,168.96
Switzerland,CHE,2024-11-06 18:00:00,2024-11-06 19:00:00,167.01
Switzerland,CHE,2024-11-06 19:00:00,2024-11-06 20:00:00,144.85
Switzerland,CHE,2024-11-06 20:00:00,2024-11-06 21:00:00,138.05
Switzerland,CHE,2024-11-06 21:00:00,2024-11-06 22:00:00,122.77
Switzerland,CHE,2024-11-06 22:00:00,2024-11-06 23:00:00,113.98
Switzerland,CHE,2024-11-06 23:00:00,2024-11-07 00:00:00,105.03
Switzerland,CHE,2024-11-07 00:00:00,2024-11-07 01:00:00,102.05
Switzerland,CHE,2024-11-07 01:00:00,2024-11-07 02:00:00,100.35
Switzerland,CHE,2024-11-07 02:00:00,2024-11-07 03:00:00,100.85
Switzerland,CHE,2024-11-07 03:00:00,2024-11-07 04:00:00,100.73
Switzerland,CHE,2024-11-07 04:00:00,2024-11-07 05:00:00,107.6
Switzerland,CHE,2024-11-07 05:00:00,2024-11-07 06:00:00,131.43
Switzerland,CHE,2024-11-07 06:00:00,2024-11-07 07:00:00,144.65
Switzerland,CHE,2024-11-07 07:00:00,2024-11-07 08:00:00,147.36
Switzerland,CHE,2024-11-07 08:00:00,2024-11-07 09:00:00,138.0
Switzerland,CHE,2024-11-07 09:00:00,2024-11-07 10:00:00,127.06
Switzerland,CHE,2024-11-07 10:00:00,2024-11-07 11:00:00,120.26
Switzerland,CHE,2024-11-07 11:00:00,2024-11-07 12:00:00,116.3
Switzerland,CHE,2024-11-07 12:00:00,2024-11-07 13:00:00,119.47
Switzerland,CHE,2024-11-07 13:00:00,2024-11-07 14:00:00,131.02
Switzerland,CHE,2024-11-07 14:00:00,2024-11-07 15:00:00,138.98
Switzerland,CHE,2024-11-07 15:00:00,2024-11-07 16:00:00,155.4
Switzerland,CHE,2024-11-07 16:00:00,2024-11-07 17:00:00,160.04
Switzerland,CHE,2024-11-07 17:00:00,2024-11-07 18:00:00,165.5
Switzerland,CHE,2024-11-07 18:00:00,2024-11-07 19:00:00,158.25
Switzerland,CHE,2024-11-07 19:00:00,2024-11-07 20:00:00,141.16
Switzerland,CHE,2024-11-07 20:00:00,2024-11-07 21:00:00,117.73
Switzerland,CHE,2024-11-07 21:00:00,2024-11-07 22:00:00,109.98
Switzerland,CHE,2024-11-07 22:00:00,2024-11-07 23:00:00,104.35
Switzerland,CHE,2024-11-07 23:00:00,2024-11-08 00:00:00,104.03
Switzerland,CHE,2024-11-08 00:00:00,2024-11-08 01:00:00,102.39
Switzerland,CHE,2024-11-08 01:00:00,2024-11-08 02:00:00,101.91
Switzerland,CHE,2024-11-08 02:00:00,2024-11-08 03:00:00,101.32
Switzerland,CHE,2024-11-08 03:00:00,2024-11-08 04:00:00,102.03
Switzerland,CHE,2024-11-08 04:00:00,2024-11-08 05:00:00,105.08
Switzerland,CHE,2024-11-08 05:00:00,2024-11-08 06:00:00,119.5
Switzerland,CHE,2024-11-08 06:00:00,2024-11-08 07:00:00,145.59
Switzerland,CHE,2024-11-08 07:00:00,2024-11-08 08:00:00,147.82
Switzerland,CHE,2024-11-08 08:00:00,2024-11-08 09:00:00,127.41
Switzerland,CHE,2024-11-08 09:00:00,2024-11-08 10:00:00,114.79
Switzerland,CHE,2024-11-08 10:00:00,2024-11-08 11:00:00,108.61
Switzerland,CHE,2024-11-08 11:00:00,2024-11-08 12:00:00,104.25
Switzerland,CHE,2024-11-08 12:00:00,2024-11-08 13:00:00,104.09
Switzerland,CHE,2024-11-08 13:00:00,2024-11-08 14:00:00,106.95
Switzerland,CHE,2024-11-08 14:00:00,2024-11-08 15:00:00,116.41
Switzerland,CHE,2024-11-08 15:00:00,2024-11-08 16:00:00,132.73
Switzerland,CHE,2024-11-08 16:00:00,2024-11-08 17:00:00,145.19
Switzerland,CHE,2024-11-08 17:00:00,2024-11-08 18:00:00,140.11
Switzerland,CHE,2024-11-08 18:00:00,2024-11-08 19:00:00,125.49
Switzerland,CHE,2024-11-08 19:00:00,2024-11-08 20:00:00,114.37
Switzerland,CHE,2024-11-08 20:00:00,2024-11-08 21:00:00,106.48
Switzerland,CHE,2024-11-08 21:00:00,2024-11-08 22:00:00,105.09
Switzerland,CHE,2024-11-08 22:00:00,2024-11-08 23:00:00,101.05
Switzerland,CHE,2024-11-08 23:00:00,2024-11-09 00:00:00,109.45
Switzerland,CHE,2024-11-09 00:00:00,2024-11-09 01:00:00,107.39
Switzerland,CHE,2024-11-09 01:00:00,2024-11-09 02:00:00,105.18
Switzerland,CHE,2024-11-09 02:00:00,2024-11-09 03:00:00,103.05
Switzerland,CHE,2024-11-09 03:00:00,2024-11-09 04:00:00,102.73
Switzerland,CHE,2024-11-09 04:00:00,2024-11-09 05:00:00,103.06
Switzerland,CHE,2024-11-09 05:00:00,2024-11-09 06:00:00,106.25
Switzerland,CHE,2024-11-09 06:00:00,2024-11-09 07:00:00,108.51
Switzerland,CHE,2024-11-09 07:00:00,2024-11-09 08:00:00,109.62
Switzerland,CHE,2024-11-09 08:00:00,2024-11-09 09:00:00,109.27
Switzerland,CHE,2024-11-09 09:00:00,2024-11-09 10:00:00,106.31
Switzerland,CHE,2024-11-09 10:00:00,2024-11-09 11:00:00,104.23
Switzerland,CHE,2024-11-09 11:00:00,2024-11-09 12:00:00,101.01
Switzerland,CHE,2024-11-09 12:00:00,2024-11-09 13:00:00,100.86
Switzerland,CHE,2024-11-09 13:00:00,2024-11-09 14:00:00,106.72
Switzerland,CHE,2024-11-09 14:00:00,2024-11-09 15:00:00,119.91
Switzerland,CHE,2024-11-09 15:00:00,2024-11-09 16:00:00,135.12
Switzerland,CHE,2024-11-09 16:00:00,2024-11-09 17:00:00,154.85
Switzerland,CHE,2024-11-09 17:00:00,2024-11-09 18:00:00,156.63
Switzerland,CHE,2024-11-09 18:00:00,2024-11-09 19:00:00,143.23
Switzerland,CHE,2024-11-09 19:00:00,2024-11-09 20:00:00,127.75
Switzerland,CHE,2024-11-09 20:00:00,2024-11-09 21:00:00,117.97
Switzerland,CHE,2024-11-09 21:00:00,2024-11-09 22:00:00,115.13
Switzerland,CHE,2024-11-09 22:00:00,2024-11-09 23:00:00,109.11
Switzerland,CHE,2024-11-09 23:00:00,2024-11-10 00:00:00,108.15
Switzerland,CHE,2024-11-10 00:00:00,2024-11-10 01:00:00,106.12
Switzerland,CHE,2024-11-10 01:00:00,2024-11-10 02:00:00,105.07
Switzerland,CHE,2024-11-10 02:00:00,2024-11-10 03:00:00,105.3
Switzerland,CHE,2024-11-10 03:00:00,2024-11-10 04:00:00,104.55
Switzerland,CHE,2024-11-10 04:00:00,2024-11-10 05:00:00,105.11
Switzerland,CHE,2024-11-10 05:00:00,2024-11-10 06:00:00,107.12
Switzerland,CHE,2024-11-10 06:00:00,2024-11-10 07:00:00,108.97
Switzerland,CHE,2024-11-10 07:00:00,2024-11-10 08:00:00,110.97
Switzerland,CHE,2024-11-10 08:00:00,2024-11-10 09:00:00,110.51
Switzerland,CHE,2024-11-10 09:00:00,2024-11-10 10:00:00,108.12
Switzerland,CHE,2024-11-10 10:00:00,2024-11-10 11:00:00,108.11
Switzerland,CHE,2024-11-10 11:00:00,2024-11-10 12:00:00,106.96
Switzerland,CHE,2024-11-10 12:00:00,2024-11-10 13:00:00,106.3
Switzerland,CHE,2024-11-10 13:00:00,2024-11-10 14:00:00,106.9
Switzerland,CHE,2024-11-10 14:00:00,2024-11-10 15:00:00,118.01
Switzerland,CHE,2024-11-10 15:00:00,2024-11-10 16:00:00,127.03
Switzerland,CHE,2024-11-10 16:00:00,2024-11-10 17:00:00,146.91
Switzerland,CHE,2024-11-10 17:00:00,2024-11-10 18:00:00,143.46
Switzerland,CHE,2024-11-10 18:00:00,2024-11-10 19:00:00,132.83
Switzerland,CHE,2024-11-10 19:00:00,2024-11-10 20:00:00,127.2
Switzerland,CHE,2024-11-10 20:00:00,2024-11-10 21:00:00,117.94
Switzerland,CHE,2024-11-10 21:00:00,2024-11-10 22:00:00,117.27
Switzerland,CHE,2024-11-10 22:00:00,2024-11-10 23:00:00,110.09
Switzerland,CHE,2024-11-10 23:00:00,2024-11-11 00:00:00,105.02
Switzerland,CHE,2024-11-11 00:00:00,2024-11-11 01:00:00,103.04
Switzerland,CHE,2024-11-11 01:00:00,2024-11-11 02:00:00,101.7
Switzerland,CHE,2024-11-11 02:00:00,2024-11-11 03:00:00,100.08
Switzerland,CHE,2024-11-11 03:00:00,2024-11-11 04:00:00,100.79
Switzerland,CHE,2024-11-11 04:00:00,2024-11-11 05:00:00,105.24
Switzerland,CHE,2024-11-11 05:00:00,2024-11-11 06:00:00,121.11
Switzerland,CHE,2024-11-11 06:00:00,2024-11-11 07:00:00,138.34
Switzerland,CHE,2024-11-11 07:00:00,2024-11-11 08:00:00,143.08
Switzerland,CHE,2024-11-11 08:00:00,2024-11-11 09:00:00,134.34
Switzerland,CHE,2024-11-11 09:00:00,2024-11-11 10:00:00,126.26
Switzerland,CHE,2024-11-11 10:00:00,2024-11-11 11:00:00,123.54
Switzerland,CHE,2024-11-11 11:00:00,2024-11-11 12:00:00,117.98
Switzerland,CHE,2024-11-11 12:00:00,2024-11-11 13:00:00,118.9
Switzerland,CHE,2024-11-11 13:00:00,2024-11-11 14:00:00,123.01
Switzerland,CHE,2024-11-11 14:00:00,2024-11-11 15:00:00,133.02
Switzerland,CHE,2024-11-11 15:00:00,2024-11-11 16:00:00,139.7
Switzerland,CHE,2024-11-11 16:00:00,2024-11-11 17:00:00,151.2
Switzerland,CHE,2024-11-11 17:00:00,2024-11-11 18:00:00,151.37
Switzerland,CHE,2024-11-11 18:00:00,2024-11-11 19:00:00,137.71
Switzerland,CHE,2024-11-11 19:00:00,2024-11-11 20:00:00,123.0
Switzerland,CHE,2024-11-11 20:00:00,2024-11-11 21:00:00,117.58
Switzerland,CHE,2024-11-11 21:00:00,2024-11-11 22:00:00,114.3
Switzerland,CHE,2024-11-11 22:00:00,2024-11-11 23:00:00,108.06
Switzerland,CHE,2024-11-11 23:00:00,2024-11-12 00:00:00,107.83
Switzerland,CHE,2024-11-12 00:00:00,2024-11-12 01:00:00,105.21
Switzerland,CHE,2024-11-12 01:00:00,2024-11-12 02:00:00,104.0
Switzerland,CHE,2024-11-12 02:00:00,2024-11-12 03:00:00,103.56
Switzerland,CHE,2024-11-12 03:00:00,2024-11-12 04:00:00,106.39
Switzerland,CHE,2024-11-12 04:00:00,2024-11-12 05:00:00,110.65
Switzerland,CHE,2024-11-12 05:00:00,2024-11-12 06:00:00,136.61
Switzerland,CHE,2024-11-12 06:00:00,2024-11-12 07:00:00,165.75
Switzerland,CHE,2024-11-12 07:00:00,2024-11-12 08:00:00,178.75
Switzerland,CHE,2024-11-12 08:00:00,2024-11-12 09:00:00,158.01
Switzerland,CHE,2024-11-12 09:00:00,2024-11-12 10:00:00,143.65
Switzerland,CHE,2024-11-12 10:00:00,2024-11-12 11:00:00,141.11
Switzerland,CHE,2024-11-12 11:00:00,2024-11-12 12:00:00,135.26
Switzerland,CHE,2024-11-12 12:00:00,2024-11-12 13:00:00,138.97
Switzerland,CHE,2024-11-12 13:00:00,2024-11-12 14:00:00,145.52
Switzerland,CHE,2024-11-12 14:00:00,2024-11-12 15:00:00,159.14
Switzerland,CHE,2024-11-12 15:00:00,2024-11-12 16:00:00,165.72
Switzerland,CHE,2024-11-12 16:00:00,2024-11-12 17:00:00,160.93
Switzerland,CHE,2024-11-12 17:00:00,2024-11-12 18:00:00,158.57
Switzerland,CHE,2024-11-12 18:00:00,2024-11-12 19:00:00,159.99
Switzerland,CHE,2024-11-12 19:00:00,2024-11-12 20:00:00,145.41
Switzerland,CHE,2024-11-12 20:00:00,2024-11-12 21:00:00,129.68
Switzerland,CHE,2024-11-12 21:00:00,2024-11-12 22:00:00,124.29
Switzerland,CHE,2024-11-12 22:00:00,2024-11-12 23:00:00,117.28
Switzerland,CHE,2024-11-12 23:00:00,2024-11-13 00:00:00,113.88
Switzerland,CHE,2024-11-13 00:00:00,2024-11-13 01:00:00,111.11
Switzerland,CHE,2024-11-13 01:00:00,2024-11-13 02:00:00,109.34
Switzerland,CHE,2024-11-13 02:00:00,2024-11-13 03:00:00,109.07
Switzerland,CHE,2024-11-13 03:00:00,2024-11-13 04:00:00,110.32
Switzerland,CHE,2024-11-13 04:00:00,2024-11-13 05:00:00,119.86
Switzerland,CHE,2024-11-13 05:00:00,2024-11-13 06:00:00,140.14
Switzerland,CHE,2024-11-13 06:00:00,2024-11-13 07:00:00,173.2
Switzerland,CHE,2024-11-13 07:00:00,2024-11-13 08:00:00,179.16
Switzerland,CHE,2024-11-13 08:00:00,2024-11-13 09:00:00,165.98
Switzerland,CHE,2024-11-13 09:00:00,2024-11-13 10:00:00,164.57
Switzerland,CHE,2024-11-13 10:00:00,2024-11-13 11:00:00,164.78
Switzerland,CHE,2024-11-13 11:00:00,2024-11-13 12:00:00,153.38
Switzerland,CHE,2024-11-13 12:00:00,2024-11-13 13:00:00,152.29
Switzerland,CHE,2024-11-13 13:00:00,2024-11-13 14:00:00,156.31
Switzerland,CHE,2024-11-13 14:00:00,2024-11-13 15:00:00,163.93
Switzerland,CHE,2024-11-13 15:00:00,2024-11-13 16:00:00,182.81
Switzerland,CHE,2024-11-13 16:00:00,2024-11-13 17:00:00,190.07
Switzerland,CHE,2024-11-13 17:00:00,2024-11-13 18:00:00,192.35
Switzerland,CHE,2024-11-13 18:00:00,2024-11-13 19:00:00,162.27
Switzerland,CHE,2024-11-13 19:00:00,2024-11-13 20:00:00,140.9
Switzerland,CHE,2024-11-13 20:00:00,2024-11-13 21:00:00,123.7
Switzerland,CHE,2024-11-13 21:00:00,2024-11-13 22:00:00,118.31
Switzerland,CHE,2024-11-13 22:00:00,2024-11-13 23:00:00,110.42
Switzerland,CHE,2024-11-13 23:00:00,2024-11-14 00:00:00,116.02
Switzerland,CHE,2024-11-14 00:00:00,2024-11-14 01:00:00,112.81
Switzerland,CHE,2024-11-14 01:00:00,2024-11-14 02:00:00,111.0
Switzerland,CHE,2024-11-14 02:00:00,2024-11-14 03:00:00,110.28
Switzerland,CHE,2024-11-14 03:00:00,2024-11-14 04:00:00,109.98
Switzerland,CHE,2024-11-14 04:00:00,2024-11-14 05:00:00,120.07
Switzerland,CHE,2024-11-14 05:00:00,2024-11-14 06:00:00,129.18
Switzerland,CHE,2024-11-14 06:00:00,2024-11-14 07:00:00,138.04
Switzerland,CHE,2024-11-14 07:00:00,2024-11-14 08:00:00,144.58
Switzerland,CHE,2024-11-14 08:00:00,2024-11-14 09:00:00,141.67
Switzerland,CHE,2024-11-14 09:00:00,2024-11-14 10:00:00,130.1
Switzerland,CHE,2024-11-14 10:00:00,2024-11-14 11:00:00,127.99
Switzerland,CHE,2024-11-14 11:00:00,2024-11-14 12:00:00,125.31
Switzerland,CHE,2024-11-14 12:00:00,2024-11-14 13:00:00,125.96
Switzerland,CHE,2024-11-14 13:00:00,2024-11-14 14:00:00,131.08
Switzerland,CHE,2024-11-14 14:00:00,2024-11-14 15:00:00,141.27
Switzerland,CHE,2024-11-14 15:00:00,2024-11-14 16:00:00,155.68
Switzerland,CHE,2024-11-14 16:00:00,2024-11-14 17:00:00,163.67
Switzerland,CHE,2024-11-14 17:00:00,2024-11-14 18:00:00,162.15
Switzerland,CHE,2024-11-14 18:00:00,2024-11-14 19:00:00,153.97
Switzerland,CHE,2024-11-14 19:00:00,2024-11-14 20:00:00,132.04
Switzerland,CHE,2024-11-14 20:00:00,2024-11-14 21:00:00,124.89
Switzerland,CHE,2024-11-14 21:00:00,2024-11-14 22:00:00,122.21
Switzerland,CHE,2024-11-14 22:00:00,2024-11-14 23:00:00,114.76
Switzerland,CHE,2024-11-14 23:00:00,2024-11-15 00:00:00,111.58
Switzerland,CHE,2024-11-15 00:00:00,2024-11-15 01:00:00,110.27
Switzerland,CHE,2024-11-15 01:00:00,2024-11-15 02:00:00,108.82
Switzerland,CHE,2024-11-15 02:00:00,2024-11-15 03:00:00,107.19
Switzerland,CHE,2024-11-15 03:00:00,2024-11-15 04:00:00,108.14
Switzerland,CHE,2024-11-15 04:00:00,2024-11-15 05:00:00,113.74
Switzerland,CHE,2024-11-15 05:00:00,2024-11-15 06:00:00,122.94
Switzerland,CHE,2024-11-15 06:00:00,2024-11-15 07:00:00,141.49
Switzerland,CHE,2024-11-15 07:00:00,2024-11-15 08:00:00,149.74
Switzerland,CHE,2024-11-15 08:00:00,2024-11-15 09:00:00,138.17
Switzerland,CHE,2024-11-15 09:00:00,2024-11-15 10:00:00,129.59
Switzerland,CHE,2024-11-15 10:00:00,2024-11-15 11:00:00,125.3
Switzerland,CHE,2024-11-15 11:00:00,2024-11-15 12:00:00,122.82
Switzerland,CHE,2024-11-15 12:00:00,2024-11-15 13:00:00,122.89
Switzerland,CHE,2024-11-15 13:00:00,2024-11-15 14:00:00,126.11
Switzerland,CHE,2024-11-15 14:00:00,2024-11-15 15:00:00,135.76
Switzerland,CHE,2024-11-15 15:00:00,2024-11-15 16:00:00,143.31
Switzerland,CHE,2024-11-15 16:00:00,2024-11-15 17:00:00,147.23
Switzerland,CHE,2024-11-15 17:00:00,2024-11-15 18:00:00,139.77
Switzerland,CHE,2024-11-15 18:00:00,2024-11-15 19:00:00,137.02
Switzerland,CHE,2024-11-15 19:00:00,2024-11-15 20:00:00,131.75
Switzerland,CHE,2024-11-15 20:00:00,2024-11-15 21:00:00,126.03
Switzerland,CHE,2024-11-15 21:00:00,2024-11-15 22:00:00,122.4
Switzerland,CHE,2024-11-15 22:00:00,2024-11-15 23:00:00,115.85
Switzerland,CHE,2024-11-15 23:00:00,2024-11-16 00:00:00,114.92
Switzerland,CHE,2024-11-16 00:00:00,2024-11-16 01:00:00,110.51
Switzerland,CHE,2024-11-16 01:00:00,2024-11-16 02:00:00,108.02
Switzerland,CHE,2024-11-16 02:00:00,2024-11-16 03:00:00,106.96
Switzerland,CHE,2024-11-16 03:00:00,2024-11-16 04:00:00,106.7
Switzerland,CHE,2024-11-16 04:00:00,2024-11-16 05:00:00,107.74
Switzerland,CHE,2024-11-16 05:00:00,2024-11-16 06:00:00,121.14
Switzerland,CHE,2024-11-16 06:00:00,2024-11-16 07:00:00,121.13
Switzerland,CHE,2024-11-16 07:00:00,2024-11-16 08:00:00,121.12
Switzerland,CHE,2024-11-16 08:00:00,2024-11-16 09:00:00,122.36
Switzerland,CHE,2024-11-16 09:00:00,2024-11-16 10:00:00,114.84
Switzerland,CHE,2024-11-16 10:00:00,2024-11-16 11:00:00,107.16
Switzerland,CHE,2024-11-16 11:00:00,2024-11-16 12:00:00,104.29
Switzerland,CHE,2024-11-16 12:00:00,2024-11-16 13:00:00,106.0
Switzerland,CHE,2024-11-16 13:00:00,2024-11-16 14:00:00,116.59
Switzerland,CHE,2024-11-16 14:00:00,2024-11-16 15:00:00,124.9
Switzerland,CHE,2024-11-16 15:00:00,2024-11-16 16:00:00,125.8
Switzerland,CHE,2024-11-16 16:00:00,2024-11-16 17:00:00,130.39
Switzerland,CHE,2024-11-16 17:00:00,2024-11-16 18:00:00,133.4
Switzerland,CHE,2024-11-16 18:00:00,2024-11-16 19:00:00,130.61
Switzerland,CHE,2024-11-16 19:00:00,2024-11-16 20:00:00,129.95
Switzerland,CHE,2024-11-16 20:00:00,2024-11-16 21:00:00,124.16
Switzerland,CHE,2024-11-16 21:00:00,2024-11-16 22:00:00,117.53
Switzerland,CHE,2024-11-16 22:00:00,2024-11-16 23:00:00,113.05
Switzerland,CHE,2024-11-16 23:00:00,2024-11-17 00:00:00,116.84
Switzerland,CHE,2024-11-17 00:00:00,2024-11-17 01:00:00,115.56
Switzerland,CHE,2024-11-17 01:00:00,2024-11-17 02:00:00,113.07
Switzerland,CHE,2024-11-17 02:00:00,2024-11-17 03:00:00,110.87
Switzerland,CHE,2024-11-17 03:00:00,2024-11-17 04:00:00,110.62
Switzerland,CHE,2024-11-17 04:00:00,2024-11-17 05:00:00,111.9
Switzerland,CHE,2024-11-17 05:00:00,2024-11-17 06:00:00,115.92
Switzerland,CHE,2024-11-17 06:00:00,2024-11-17 07:00:00,116.62
Switzerland,CHE,2024-11-17 07:00:00,2024-11-17 08:00:00,115.97
Switzerland,CHE,2024-11-17 08:00:00,2024-11-17 09:00:00,116.64
Switzerland,CHE,2024-11-17 09:00:00,2024-11-17 10:00:00,114.33
Switzerland,CHE,2024-11-17 10:00:00,2024-11-17 11:00:00,113.08
Switzerland,CHE,2024-11-17 11:00:00,2024-11-17 12:00:00,111.91
Switzerland,CHE,2024-11-17 12:00:00,2024-11-17 13:00:00,110.82
Switzerland,CHE,2024-11-17 13:00:00,2024-11-17 14:00:00,113.03
Switzerland,CHE,2024-11-17 14:00:00,2024-11-17 15:00:00,123.23
Switzerland,CHE,2024-11-17 15:00:00,2024-11-17 16:00:00,131.9
Switzerland,CHE,2024-11-17 16:00:00,2024-11-17 17:00:00,133.99
Switzerland,CHE,2024-11-17 17:00:00,2024-11-17 18:00:00,131.41
Switzerland,CHE,2024-11-17 18:00:00,2024-11-17 19:00:00,131.52
Switzerland,CHE,2024-11-17 19:00:00,2024-11-17 20:00:00,127.81
Switzerland,CHE,2024-11-17 20:00:00,2024-11-17 21:00:00,124.03
Switzerland,CHE,2024-11-17 21:00:00,2024-11-17 22:00:00,121.9
Switzerland,CHE,2024-11-17 22:00:00,2024-11-17 23:00:00,118.34
Switzerland,CHE,2024-11-17 23:00:00,2024-11-18 00:00:00,113.85
Switzerland,CHE,2024-11-18 00:00:00,2024-11-18 01:00:00,112.61
Switzerland,CHE,2024-11-18 01:00:00,2024-11-18 02:00:00,110.97
Switzerland,CHE,2024-11-18 02:00:00,2024-11-18 03:00:00,111.88
Switzerland,CHE,2024-11-18 03:00:00,2024-11-18 04:00:00,113.74
Switzerland,CHE,2024-11-18 04:00:00,2024-11-18 05:00:00,120.1
Switzerland,CHE,2024-11-18 05:00:00,2024-11-18 06:00:00,131.4
Switzerland,CHE,2024-11-18 06:00:00,2024-11-18 07:00:00,150.02
Switzerland,CHE,2024-11-18 07:00:00,2024-11-18 08:00:00,153.63
Switzerland,CHE,2024-11-18 08:00:00,2024-11-18 09:00:00,140.08
Switzerland,CHE,2024-11-18 09:00:00,2024-11-18 10:00:00,134.01
Switzerland,CHE,2024-11-18 10:00:00,2024-11-18 11:00:00,130.32
Switzerland,CHE,2024-11-18 11:00:00,2024-11-18 12:00:00,127.37
Switzerland,CHE,2024-11-18 12:00:00,2024-11-18 13:00:00,131.4
Switzerland,CHE,2024-11-18 13:00:00,2024-11-18 14:00:00,139.89
Switzerland,CHE,2024-11-18 14:00:00,2024-11-18 15:00:00,153.02
Switzerland,CHE,2024-11-18 15:00:00,2024-11-18 16:00:00,145.63
Switzerland,CHE,2024-11-18 16:00:00,2024-11-18 17:00:00,165.8
Switzerland,CHE,2024-11-18 17:00:00,2024-11-18 18:00:00,181.71
Switzerland,CHE,2024-11-18 18:00:00,2024-11-18 19:00:00,172.33
Switzerland,CHE,2024-11-18 19:00:00,2024-11-18 20:00:00,135.5
Switzerland,CHE,2024-11-18 20:00:00,2024-11-18 21:00:00,134.88
Switzerland,CHE,2024-11-18 21:00:00,2024-11-18 22:00:00,133.44
Switzerland,CHE,2024-11-18 22:00:00,2024-11-18 23:00:00,127.8
Switzerland,CHE,2024-11-18 23:00:00,2024-11-19 00:00:00,119.7
Switzerland,CHE,2024-11-19 00:00:00,2024-11-19 01:00:00,116.43
Switzerland,CHE,2024-11-19 01:00:00,2024-11-19 02:00:00,114.08
Switzerland,CHE,2024-11-19 02:00:00,2024-11-19 03:00:00,112.29
Switzerland,CHE,2024-11-19 03:00:00,2024-11-19 04:00:00,114.55
Switzerland,CHE,2024-11-19 04:00:00,2024-11-19 05:00:00,120.13
Switzerland,CHE,2024-11-19 05:00:00,2024-11-19 06:00:00,137.74
Switzerland,CHE,2024-11-19 06:00:00,2024-11-19 07:00:00,151.55
Switzerland,CHE,2024-11-19 07:00:00,2024-11-19 08:00:00,153.97
Switzerland,CHE,2024-11-19 08:00:00,2024-11-19 09:00:00,150.16
Switzerland,CHE,2024-11-19 09:00:00,2024-11-19 10:00:00,139.65
Switzerland,CHE,2024-11-19 10:00:00,2024-11-19 11:00:00,137.09
Switzerland,CHE,2024-11-19 11:00:00,2024-11-19 12:00:00,135.63
Switzerland,CHE,2024-11-19 12:00:00,2024-11-19 13:00:00,139.5
Switzerland,CHE,2024-11-19 13:00:00,2024-11-19 14:00:00,140.05
Switzerland,CHE,2024-11-19 14:00:00,2024-11-19 15:00:00,154.93
Switzerland,CHE,2024-11-19 15:00:00,2024-11-19 16:00:00,155.02
Switzerland,CHE,2024-11-19 16:00:00,2024-11-19 17:00:00,156.88
Switzerland,CHE,2024-11-19 17:00:00,2024-11-19 18:00:00,145.42
Switzerland,CHE,2024-11-19 18:00:00,2024-11-19 19:00:00,138.21
Switzerland,CHE,2024-11-19 19:00:00,2024-11-19 20:00:00,133.53
Switzerland,CHE,2024-11-19 20:00:00,2024-11-19 21:00:00,121.19
Switzerland,CHE,2024-11-19 21:00:00,2024-11-19 22:00:00,120.67
Switzerland,CHE,2024-11-19 22:00:00,2024-11-19 23:00:00,117.34
Switzerland,CHE,2024-11-19 23:00:00,2024-11-20 00:00:00,117.02
Switzerland,CHE,2024-11-20 00:00:00,2024-11-20 01:00:00,113.91
Switzerland,CHE,2024-11-20 01:00:00,2024-11-20 02:00:00,110.9
Switzerland,CHE,2024-11-20 02:00:00,2024-11-20 03:00:00,110.06
Switzerland,CHE,2024-11-20 03:00:00,2024-11-20 04:00:00,107.77
Switzerland,CHE,2024-11-20 04:00:00,2024-11-20 05:00:00,113.03
Switzerland,CHE,2024-11-20 05:00:00,2024-11-20 06:00:00,123.19
Switzerland,CHE,2024-11-20 06:00:00,2024-11-20 07:00:00,137.07
Switzerland,CHE,2024-11-20 07:00:00,2024-11-20 08:00:00,145.09
Switzerland,CHE,2024-11-20 08:00:00,2024-11-20 09:00:00,137.04
Switzerland,CHE,2024-11-20 09:00:00,2024-11-20 10:00:00,136.24
Switzerland,CHE,2024-11-20 10:00:00,2024-11-20 11:00:00,134.56
Switzerland,CHE,2024-11-20 11:00:00,2024-11-20 12:00:00,131.5
Switzerland,CHE,2024-11-20 12:00:00,2024-11-20 13:00:00,132.0
Switzerland,CHE,2024-11-20 13:00:00,2024-11-20 14:00:00,135.71
Switzerland,CHE,2024-11-20 14:00:00,2024-11-20 15:00:00,143.18
Switzerland,CHE,2024-11-20 15:00:00,2024-11-20 16:00:00,142.53
Switzerland,CHE,2024-11-20 16:00:00,2024-11-20 17:00:00,147.31
Switzerland,CHE,2024-11-20 17:00:00,2024-11-20 18:00:00,145.55
Switzerland,CHE,2024-11-20 18:00:00,2024-11-20 19:00:00,137.3
Switzerland,CHE,2024-11-20 19:00:00,2024-11-20 20:00:00,131.51
Switzerland,CHE,2024-11-20 20:00:00,2024-11-20 21:00:00,122.42
Switzerland,CHE,2024-11-20 21:00:00,2024-11-20 22:00:00,121.19
Switzerland,CHE,2024-11-20 22:00:00,2024-11-20 23:00:00,118.1
Switzerland,CHE,2024-11-20 23:00:00,2024-11-21 00:00:00,112.23
Switzerland,CHE,2024-11-21 00:00:00,2024-11-21 01:00:00,110.97
Switzerland,CHE,2024-11-21 01:00:00,2024-11-21 02:00:00,113.01
Switzerland,CHE,2024-11-21 02:00:00,2024-11-21 03:00:00,112.26
Switzerland,CHE,2024-11-21 03:00:00,2024-11-21 04:00:00,112.15
Switzerland,CHE,2024-11-21 04:00:00,2024-11-21 05:00:00,118.29
Switzerland,CHE,2024-11-21 05:00:00,2024-11-21 06:00:00,131.92
Switzerland,CHE,2024-11-21 06:00:00,2024-11-21 07:00:00,138.29
Switzerland,CHE,2024-11-21 07:00:00,2024-11-21 08:00:00,139.81
Switzerland,CHE,2024-11-21 08:00:00,2024-11-21 09:00:00,134.01
Switzerland,CHE,2024-11-21 09:00:00,2024-11-21 10:00:00,131.4
Switzerland,CHE,2024-11-21 10:00:00,2024-11-21 11:00:00,133.91
Switzerland,CHE,2024-11-21 11:00:00,2024-11-21 12:00:00,132.83
Switzerland,CHE,2024-11-21 12:00:00,2024-11-21 13:00:00,137.3
Switzerland,CHE,2024-11-21 13:00:00,2024-11-21 14:00:00,145.07
Switzerland,CHE,2024-11-21 14:00:00,2024-11-21 15:00:00,149.95
Switzerland,CHE,2024-11-21 15:00:00,2024-11-21 16:00:00,154.74
Switzerland,CHE,2024-11-21 16:00:00,2024-11-21 17:00:00,172.85
Switzerland,CHE,2024-11-21 17:00:00,2024-11-21 18:00:00,162.41
Switzerland,CHE,2024-11-21 18:00:00,2024-11-21 19:00:00,149.56
Switzerland,CHE,2024-11-21 19:00:00,2024-11-21 20:00:00,138.76
Switzerland,CHE,2024-11-21 20:00:00,2024-11-21 21:00:00,128.5
Switzerland,CHE,2024-11-21 21:00:00,2024-11-21 22:00:00,122.98
Switzerland,CHE,2024-11-21 22:00:00,2024-11-21 23:00:00,114.91
Switzerland,CHE,2024-11-21 23:00:00,2024-11-22 00:00:00,115.39
Switzerland,CHE,2024-11-22 00:00:00,2024-11-22 01:00:00,114.0
Switzerland,CHE,2024-11-22 01:00:00,2024-11-22 02:00:00,113.0
Switzerland,CHE,2024-11-22 02:00:00,2024-11-22 03:00:00,113.01
Switzerland,CHE,2024-11-22 03:00:00,2024-11-22 04:00:00,113.35
Switzerland,CHE,2024-11-22 04:00:00,2024-11-22 05:00:00,118.03
Switzerland,CHE,2024-11-22 05:00:00,2024-11-22 06:00:00,130.5
Switzerland,CHE,2024-11-22 06:00:00,2024-11-22 07:00:00,140.86
Switzerland,CHE,2024-11-22 07:00:00,2024-11-22 08:00:00,144.66
Switzerland,CHE,2024-11-22 08:00:00,2024-11-22 09:00:00,142.88
Switzerland,CHE,2024-11-22 09:00:00,2024-11-22 10:00:00,132.05
Switzerland,CHE,2024-11-22 10:00:00,2024-11-22 11:00:00,130.39
Switzerland,CHE,2024-11-22 11:00:00,2024-11-22 12:00:00,125.63
Switzerland,CHE,2024-11-22 12:00:00,2024-11-22 13:00:00,128.02
Switzerland,CHE,2024-11-22 13:00:00,2024-11-22 14:00:00,131.55
Switzerland,CHE,2024-11-22 14:00:00,2024-11-22 15:00:00,135.9
Switzerland,CHE,2024-11-22 15:00:00,2024-11-22 16:00:00,145.61
Switzerland,CHE,2024-11-22 16:00:00,2024-11-22 17:00:00,141.69
Switzerland,CHE,2024-11-22 17:00:00,2024-11-22 18:00:00,137.62
Switzerland,CHE,2024-11-22 18:00:00,2024-11-22 19:00:00,137.09
Switzerland,CHE,2024-11-22 19:00:00,2024-11-22 20:00:00,134.64
Switzerland,CHE,2024-11-22 20:00:00,2024-11-22 21:00:00,134.2
Switzerland,CHE,2024-11-22 21:00:00,2024-11-22 22:00:00,130.01
Switzerland,CHE,2024-11-22 22:00:00,2024-11-22 23:00:00,122.94
Switzerland,CHE,2024-11-22 23:00:00,2024-11-23 00:00:00,128.46
Switzerland,CHE,2024-11-23 00:00:00,2024-11-23 01:00:00,124.21
Switzerland,CHE,2024-11-23 01:00:00,2024-11-23 02:00:00,120.27
Switzerland,CHE,2024-11-23 02:00:00,2024-11-23 03:00:00,119.7
Switzerland,CHE,2024-11-23 03:00:00,2024-11-23 04:00:00,118.36
Switzerland,CHE,2024-11-23 04:00:00,2024-11-23 05:00:00,122.43
Switzerland,CHE,2024-11-23 05:00:00,2024-11-23 06:00:00,133.05
Switzerland,CHE,2024-11-23 06:00:00,2024-11-23 07:00:00,134.42
Switzerland,CHE,2024-11-23 07:00:00,2024-11-23 08:00:00,135.1
Switzerland,CHE,2024-11-23 08:00:00,2024-11-23 09:00:00,134.2
Switzerland,CHE,2024-11-23 09:00:00,2024-11-23 10:00:00,131.13
Switzerland,CHE,2024-11-23 10:00:00,2024-11-23 11:00:00,123.39
Switzerland,CHE,2024-11-23 11:00:00,2024-11-23 12:00:00,119.62
Switzerland,CHE,2024-11-23 12:00:00,2024-11-23 13:00:00,120.01
Switzerland,CHE,2024-11-23 13:00:00,2024-11-23 14:00:00,127.97
Switzerland,CHE,2024-11-23 14:00:00,2024-11-23 15:00:00,139.39
Switzerland,CHE,2024-11-23 15:00:00,2024-11-23 16:00:00,144.3
Switzerland,CHE,2024-11-23 16:00:00,2024-11-23 17:00:00,144.29
Switzerland,CHE,2024-11-23 17:00:00,2024-11-23 18:00:00,141.7
Switzerland,CHE,2024-11-23 18:00:00,2024-11-23 19:00:00,139.29
Switzerland,CHE,2024-11-23 19:00:00,2024-11-23 20:00:00,130.97
Switzerland,CHE,2024-11-23 20:00:00,2024-11-23 21:00:00,127.96
Switzerland,CHE,2024-11-23 21:00:00,2024-11-23 22:00:00,129.56
Switzerland,CHE,2024-11-23 22:00:00,2024-11-23 23:00:00,120.01
Switzerland,CHE,2024-11-23 23:00:00,2024-11-24 00:00:00,119.84
Switzerland,CHE,2024-11-24 00:00:00,2024-11-24 01:00:00,121.04
Switzerland,CHE,2024-11-24 01:00:00,2024-11-24 02:00:00,120.47
Switzerland,CHE,2024-11-24 02:00:00,2024-11-24 03:00:00,119.01
Switzerland,CHE,2024-11-24 03:00:00,2024-11-24 04:00:00,119.4
Switzerland,CHE,2024-11-24 04:00:00,2024-11-24 05:00:00,120.9
Switzerland,CHE,2024-11-24 05:00:00,2024-11-24 06:00:00,123.37
Switzerland,CHE,2024-11-24 06:00:00,2024-11-24 07:00:00,125.09
Switzerland,CHE,2024-11-24 07:00:00,2024-11-24 08:00:00,126.93
Switzerland,CHE,2024-11-24 08:00:00,2024-11-24 09:00:00,124.65
Switzerland,CHE,2024-11-24 09:00:00,2024-11-24 10:00:00,121.03
Switzerland,CHE,2024-11-24 10:00:00,2024-11-24 11:00:00,120.61
Switzerland,CHE,2024-11-24 11:00:00,2024-11-24 12:00:00,120.02
Switzerland,CHE,2024-11-24 12:00:00,2024-11-24 13:00:00,119.0
Switzerland,CHE,2024-11-24 13:00:00,2024-11-24 14:00:00,120.06
Switzerland,CHE,2024-11-24 14:00:00,2024-11-24 15:00:00,121.49
Switzerland,CHE,2024-11-24 15:00:00,2024-11-24 16:00:00,132.3
Switzerland,CHE,2024-11-24 16:00:00,2024-11-24 17:00:00,133.04
Switzerland,CHE,2024-11-24 17:00:00,2024-11-24 18:00:00,137.39
Switzerland,CHE,2024-11-24 18:00:00,2024-11-24 19:00:00,136.99
Switzerland,CHE,2024-11-24 19:00:00,2024-11-24 20:00:00,131.29
Switzerland,CHE,2024-11-24 20:00:00,2024-11-24 21:00:00,126.04
Switzerland,CHE,2024-11-24 21:00:00,2024-11-24 22:00:00,124.64
Switzerland,CHE,2024-11-24 22:00:00,2024-11-24 23:00:00,121.08
Switzerland,CHE,2024-11-24 23:00:00,2024-11-25 00:00:00,121.87
Switzerland,CHE,2024-11-25 00:00:00,2024-11-25 01:00:00,116.71
Switzerland,CHE,2024-11-25 01:00:00,2024-11-25 02:00:00,114.41
Switzerland,CHE,2024-11-25 02:00:00,2024-11-25 03:00:00,118.99
Switzerland,CHE,2024-11-25 03:00:00,2024-11-25 04:00:00,119.27
Switzerland,CHE,2024-11-25 04:00:00,2024-11-25 05:00:00,125.04
Switzerland,CHE,2024-11-25 05:00:00,2024-11-25 06:00:00,135.32
Switzerland,CHE,2024-11-25 06:00:00,2024-11-25 07:00:00,139.0
Switzerland,CHE,2024-11-25 07:00:00,2024-11-25 08:00:00,138.63
Switzerland,CHE,2024-11-25 08:00:00,2024-11-25 09:00:00,136.5
Switzerland,CHE,2024-11-25 09:00:00,2024-11-25 10:00:00,133.9
Switzerland,CHE,2024-11-25 10:00:00,2024-11-25 11:00:00,133.3
Switzerland,CHE,2024-11-25 11:00:00,2024-11-25 12:00:00,132.08
Switzerland,CHE,2024-11-25 12:00:00,2024-11-25 13:00:00,132.7
Switzerland,CHE,2024-11-25 13:00:00,2024-11-25 14:00:00,133.9
Switzerland,CHE,2024-11-25 14:00:00,2024-11-25 15:00:00,136.51
Switzerland,CHE,2024-11-25 15:00:00,2024-11-25 16:00:00,139.69
Switzerland,CHE,2024-11-25 16:00:00,2024-11-25 17:00:00,140.4
Switzerland,CHE,2024-11-25 17:00:00,2024-11-25 18:00:00,142.28
Switzerland,CHE,2024-11-25 18:00:00,2024-11-25 19:00:00,138.31
Switzerland,CHE,2024-11-25 19:00:00,2024-11-25 20:00:00,136.01
Switzerland,CHE,2024-11-25 20:00:00,2024-11-25 21:00:00,132.71
Switzerland,CHE,2024-11-25 21:00:00,2024-11-25 22:00:00,130.58
Switzerland,CHE,2024-11-25 22:00:00,2024-11-25 23:00:00,124.04
Switzerland,CHE,2024-11-25 23:00:00,2024-11-26 00:00:00,122.93
Switzerland,CHE,2024-11-26 00:00:00,2024-11-26 01:00:00,120.76
Switzerland,CHE,2024-11-26 01:00:00,2024-11-26 02:00:00,116.9
Switzerland,CHE,2024-11-26 02:00:00,2024-11-26 03:00:00,114.76
Switzerland,CHE,2024-11-26 03:00:00,2024-11-26 04:00:00,115.06
Switzerland,CHE,2024-11-26 04:00:00,2024-11-26 05:00:00,121.87
Switzerland,CHE,2024-11-26 05:00:00,2024-11-26 06:00:00,136.94
Switzerland,CHE,2024-11-26 06:00:00,2024-11-26 07:00:00,143.68
Switzerland,CHE,2024-11-26 07:00:00,2024-11-26 08:00:00,144.89
Switzerland,CHE,2024-11-26 08:00:00,2024-11-26 09:00:00,136.81
Switzerland,CHE,2024-11-26 09:00:00,2024-11-26 10:00:00,133.51
Switzerland,CHE,2024-11-26 10:00:00,2024-11-26 11:00:00,132.3
Switzerland,CHE,2024-11-26 11:00:00,2024-11-26 12:00:00,129.1
Switzerland,CHE,2024-11-26 12:00:00,2024-11-26 13:00:00,133.51
Switzerland,CHE,2024-11-26 13:00:00,2024-11-26 14:00:00,134.95
Switzerland,CHE,2024-11-26 14:00:00,2024-11-26 15:00:00,139.7
Switzerland,CHE,2024-11-26 15:00:00,2024-11-26 16:00:00,144.89
Switzerland,CHE,2024-11-26 16:00:00,2024-11-26 17:00:00,156.01
Switzerland,CHE,2024-11-26 17:00:00,2024-11-26 18:00:00,162.32
Switzerland,CHE,2024-11-26 18:00:00,2024-11-26 19:00:00,158.06
Switzerland,CHE,2024-11-26 19:00:00,2024-11-26 20:00:00,143.68
Switzerland,CHE,2024-11-26 20:00:00,2024-11-26 21:00:00,133.8
Switzerland,CHE,2024-11-26 21:00:00,2024-11-26 22:00:00,131.09
Switzerland,CHE,2024-11-26 22:00:00,2024-11-26 23:00:00,123.21
Switzerland,CHE,2024-11-26 23:00:00,2024-11-27 00:00:00,113.91
Switzerland,CHE,2024-11-27 00:00:00,2024-11-27 01:00:00,110.02
Switzerland,CHE,2024-11-27 01:00:00,2024-11-27 02:00:00,108.54
Switzerland,CHE,2024-11-27 02:00:00,2024-11-27 03:00:00,105.07
Switzerland,CHE,2024-11-27 03:00:00,2024-11-27 04:00:00,110.08
Switzerland,CHE,2024-11-27 04:00:00,2024-11-27 05:00:00,127.83
Switzerland,CHE,2024-11-27 05:00:00,2024-11-27 06:00:00,152.38
Switzerland,CHE,2024-11-27 06:00:00,2024-11-27 07:00:00,188.08
Switzerland,CHE,2024-11-27 07:00:00,2024-11-27 08:00:00,200.29
Switzerland,CHE,2024-11-27 08:00:00,2024-11-27 09:00:00,169.5
Switzerland,CHE,2024-11-27 09:00:00,2024-11-27 10:00:00,164.79
Switzerland,CHE,2024-11-27 10:00:00,2024-11-27 11:00:00,156.94
Switzerland,CHE,2024-11-27 11:00:00,2024-11-27 12:00:00,140.63
Switzerland,CHE,2024-11-27 12:00:00,2024-11-27 13:00:00,138.33
Switzerland,CHE,2024-11-27 13:00:00,2024-11-27 14:00:00,138.3
Switzerland,CHE,2024-11-27 14:00:00,2024-11-27 15:00:00,137.03
Switzerland,CHE,2024-11-27 15:00:00,2024-11-27 16:00:00,139.74
Switzerland,CHE,2024-11-27 16:00:00,2024-11-27 17:00:00,139.08
Switzerland,CHE,2024-11-27 17:00:00,2024-11-27 18:00:00,148.23
Switzerland,CHE,2024-11-27 18:00:00,2024-11-27 19:00:00,140.6
Switzerland,CHE,2024-11-27 19:00:00,2024-11-27 20:00:00,138.86
Switzerland,CHE,2024-11-27 20:00:00,2024-11-27 21:00:00,131.07
Switzerland,CHE,2024-11-27 21:00:00,2024-11-27 22:00:00,122.67
Switzerland,CHE,2024-11-27 22:00:00,2024-11-27 23:00:00,116.16
Switzerland,CHE,2024-11-27 23:00:00,2024-11-28 00:00:00,121.09
Switzerland,CHE,2024-11-28 00:00:00,2024-11-28 01:00:00,120.66
Switzerland,CHE,2024-11-28 01:00:00,2024-11-28 02:00:00,120.94
Switzerland,CHE,2024-11-28 02:00:00,2024-11-28 03:00:00,121.06
Switzerland,CHE,2024-11-28 03:00:00,2024-11-28 04:00:00,120.62
Switzerland,CHE,2024-11-28 04:00:00,2024-11-28 05:00:00,121.07
Switzerland,CHE,2024-11-28 05:00:00,2024-11-28 06:00:00,137.07
Switzerland,CHE,2024-11-28 06:00:00,2024-11-28 07:00:00,138.1
Switzerland,CHE,2024-11-28 07:00:00,2024-11-28 08:00:00,132.5
Switzerland,CHE,2024-11-28 08:00:00,2024-11-28 09:00:00,131.4
Switzerland,CHE,2024-11-28 09:00:00,2024-11-28 10:00:00,133.38
Switzerland,CHE,2024-11-28 10:00:00,2024-11-28 11:00:00,138.02
Switzerland,CHE,2024-11-28 11:00:00,2024-11-28 12:00:00,136.57
Switzerland,CHE,2024-11-28 12:00:00,2024-11-28 13:00:00,137.78
Switzerland,CHE,2024-11-28 13:00:00,2024-11-28 14:00:00,134.98
Switzerland,CHE,2024-11-28 14:00:00,2024-11-28 15:00:00,134.55
Switzerland,CHE,2024-11-28 15:00:00,2024-11-28 16:00:00,132.3
Switzerland,CHE,2024-11-28 16:00:00,2024-11-28 17:00:00,139.1
Switzerland,CHE,2024-11-28 17:00:00,2024-11-28 18:00:00,142.02
Switzerland,CHE,2024-11-28 18:00:00,2024-11-28 19:00:00,141.08
Switzerland,CHE,2024-11-28 19:00:00,2024-11-28 20:00:00,134.7
Switzerland,CHE,2024-11-28 20:00:00,2024-11-28 21:00:00,131.88
Switzerland,CHE,2024-11-28 21:00:00,2024-11-28 22:00:00,130.06
Switzerland,CHE,2024-11-28 22:00:00,2024-11-28 23:00:00,121.47
Switzerland,CHE,2024-11-28 23:00:00,2024-11-29 00:00:00,112.81
Switzerland,CHE,2024-11-29 00:00:00,2024-11-29 01:00:00,110.62
Switzerland,CHE,2024-11-29 01:00:00,2024-11-29 02:00:00,106.13
Switzerland,CHE,2024-11-29 02:00:00,2024-11-29 03:00:00,105.35
Switzerland,CHE,2024-11-29 03:00:00,2024-11-29 04:00:00,108.02
Switzerland,CHE,2024-11-29 04:00:00,2024-11-29 05:00:00,116.06
Switzerland,CHE,2024-11-29 05:00:00,2024-11-29 06:00:00,139.15
Switzerland,CHE,2024-11-29 06:00:00,2024-11-29 07:00:00,171.57
Switzerland,CHE,2024-11-29 07:00:00,2024-11-29 08:00:00,191.77
Switzerland,CHE,2024-11-29 08:00:00,2024-11-29 09:00:00,166.07
Switzerland,CHE,2024-11-29 09:00:00,2024-11-29 10:00:00,153.15
Switzerland,CHE,2024-11-29 10:00:00,2024-11-29 11:00:00,146.43
Switzerland,CHE,2024-11-29 11:00:00,2024-11-29 12:00:00,138.94
Switzerland,CHE,2024-11-29 12:00:00,2024-11-29 13:00:00,137.83
Switzerland,CHE,2024-11-29 13:00:00,2024-11-29 14:00:00,140.48
Switzerland,CHE,2024-11-29 14:00:00,2024-11-29 15:00:00,155.94
Switzerland,CHE,2024-11-29 15:00:00,2024-11-29 16:00:00,165.79
Switzerland,CHE,2024-11-29 16:00:00,2024-11-29 17:00:00,164.46
Switzerland,CHE,2024-11-29 17:00:00,2024-11-29 18:00:00,161.31
Switzerland,CHE,2024-11-29 18:00:00,2024-11-29 19:00:00,146.66
Switzerland,CHE,2024-11-29 19:00:00,2024-11-29 20:00:00,131.21
Switzerland,CHE,2024-11-29 20:00:00,2024-11-29 21:00:00,123.88
Switzerland,CHE,2024-11-29 21:00:00,2024-11-29 22:00:00,116.8
Switzerland,CHE,2024-11-29 22:00:00,2024-11-29 23:00:00,113.18
Switzerland,CHE,2024-11-29 23:00:00,2024-11-30 00:00:00,111.95
Switzerland,CHE,2024-11-30 00:00:00,2024-11-30 01:00:00,109.84
Switzerland,CHE,2024-11-30 01:00:00,2024-11-30 02:00:00,106.04
Switzerland,CHE,2024-11-30 02:00:00,2024-11-30 03:00:00,105.3
Switzerland,CHE,2024-11-30 03:00:00,2024-11-30 04:00:00,105.99
Switzerland,CHE,2024-11-30 04:00:00,2024-11-30 05:00:00,109.03
Switzerland,CHE,2024-11-30 05:00:00,2024-11-30 06:00:00,113.19
Switzerland,CHE,2024-11-30 06:00:00,2024-11-30 07:00:00,116.75
Switzerland,CHE,2024-11-30 07:00:00,2024-11-30 08:00:00,124.32
Switzerland,CHE,2024-11-30 08:00:00,2024-11-30 09:00:00,115.25
Switzerland,CHE,2024-11-30 09:00:00,2024-11-30 10:00:00,109.88
Switzerland,CHE,2024-11-30 10:00:00,2024-11-30 11:00:00,106.27
Switzerland,CHE,2024-11-30 11:00:00,2024-11-30 12:00:00,105.55
Switzerland,CHE,2024-11-30 12:00:00,2024-11-30 13:00:00,105.78
Switzerland,CHE,2024-11-30 13:00:00,2024-11-30 14:00:00,110.5
Switzerland,CHE,2024-11-30 14:00:00,2024-11-30 15:00:00,125.59
Switzerland,CHE,2024-11-30 15:00:00,2024-11-30 16:00:00,130.49
Switzerland,CHE,2024-11-30 16:00:00,2024-11-30 17:00:00,138.01
Switzerland,CHE,2024-11-30 17:00:00,2024-11-30 18:00:00,143.02
Switzerland,CHE,2024-11-30 18:00:00,2024-11-30 19:00:00,133.68
Switzerland,CHE,2024-11-30 19:00:00,2024-11-30 20:00:00,126.02
Switzerland,CHE,2024-11-30 20:00:00,2024-11-30 21:00:00,118.67
Switzerland,CHE,2024-11-30 21:00:00,2024-11-30 22:00:00,113.62
Switzerland,CHE,2024-11-30 22:00:00,2024-11-30 23:00:00,110.41
Switzerland,CHE,2024-11-30 23:00:00,2024-12-01 00:00:00,103.67
Switzerland,CHE,2024-12-01 00:00:00,2024-12-01 01:00:00,100.44
Switzerland,CHE,2024-12-01 01:00:00,2024-12-01 02:00:00,96.29
Switzerland,CHE,2024-12-01 02:00:00,2024-12-01 03:00:00,95.07
Switzerland,CHE,2024-12-01 03:00:00,2024-12-01 04:00:00,92.18
Switzerland,CHE,2024-12-01 04:00:00,2024-12-01 05:00:00,93.37
Switzerland,CHE,2024-12-01 05:00:00,2024-12-01 06:00:00,89.25
Switzerland,CHE,2024-12-01 06:00:00,2024-12-01 07:00:00,93.2
Switzerland,CHE,2024-12-01 07:00:00,2024-12-01 08:00:00,99.81
Switzerland,CHE,2024-12-01 08:00:00,2024-12-01 09:00:00,95.22
Switzerland,CHE,2024-12-01 09:00:00,2024-12-01 10:00:00,92.77
Switzerland,CHE,2024-12-01 10:00:00,2024-12-01 11:00:00,90.73
Switzerland,CHE,2024-12-01 11:00:00,2024-12-01 12:00:00,91.53
Switzerland,CHE,2024-12-01 12:00:00,2024-12-01 13:00:00,91.48
Switzerland,CHE,2024-12-01 13:00:00,2024-12-01 14:00:00,95.34
Switzerland,CHE,2024-12-01 14:00:00,2024-12-01 15:00:00,109.79
Switzerland,CHE,2024-12-01 15:00:00,2024-12-01 16:00:00,128.1
Switzerland,CHE,2024-12-01 16:00:00,2024-12-01 17:00:00,130.69
Switzerland,CHE,2024-12-01 17:00:00,2024-12-01 18:00:00,128.1
Switzerland,CHE,2024-12-01 18:00:00,2024-12-01 19:00:00,124.23
Switzerland,CHE,2024-12-01 19:00:00,2024-12-01 20:00:00,125.45
Switzerland,CHE,2024-12-01 20:00:00,2024-12-01 21:00:00,124.01
Switzerland,CHE,2024-12-01 21:00:00,2024-12-01 22:00:00,118.5
Switzerland,CHE,2024-12-01 22:00:00,2024-12-01 23:00:00,115.15
Switzerland,CHE,2024-12-01 23:00:00,2024-12-02 00:00:00,108.06
Switzerland,CHE,2024-12-02 00:00:00,2024-12-02 01:00:00,100.51
Switzerland,CHE,2024-12-02 01:00:00,2024-12-02 02:00:00,99.01
Switzerland,CHE,2024-12-02 02:00:00,2024-12-02 03:00:00,100.91
Switzerland,CHE,2024-12-02 03:00:00,2024-12-02 04:00:00,96.96
Switzerland,CHE,2024-12-02 04:00:00,2024-12-02 05:00:00,107.14
Switzerland,CHE,2024-12-02 05:00:00,2024-12-02 06:00:00,126.86
Switzerland,CHE,2024-12-02 06:00:00,2024-12-02 07:00:00,142.67
Switzerland,CHE,2024-12-02 07:00:00,2024-12-02 08:00:00,145.3
Switzerland,CHE,2024-12-02 08:00:00,2024-12-02 09:00:00,138.6
Switzerland,CHE,2024-12-02 09:00:00,2024-12-02 10:00:00,135.77
Switzerland,CHE,2024-12-02 10:00:00,2024-12-02 11:00:00,133.76
Switzerland,CHE,2024-12-02 11:00:00,2024-12-02 12:00:00,130.41
Switzerland,CHE,2024-12-02 12:00:00,2024-12-02 13:00:00,132.18
Switzerland,CHE,2024-12-02 13:00:00,2024-12-02 14:00:00,136.09
Switzerland,CHE,2024-12-02 14:00:00,2024-12-02 15:00:00,144.94
Switzerland,CHE,2024-12-02 15:00:00,2024-12-02 16:00:00,144.57
Switzerland,CHE,2024-12-02 16:00:00,2024-12-02 17:00:00,148.95
Switzerland,CHE,2024-12-02 17:00:00,2024-12-02 18:00:00,148.58
Switzerland,CHE,2024-12-02 18:00:00,2024-12-02 19:00:00,145.3
Switzerland,CHE,2024-12-02 19:00:00,2024-12-02 20:00:00,138.59
Switzerland,CHE,2024-12-02 20:00:00,2024-12-02 21:00:00,128.14
Switzerland,CHE,2024-12-02 21:00:00,2024-12-02 22:00:00,117.51
Switzerland,CHE,2024-12-02 22:00:00,2024-12-02 23:00:00,100.27
Switzerland,CHE,2024-12-02 23:00:00,2024-12-03 00:00:00,116.13
Switzerland,CHE,2024-12-03 00:00:00,2024-12-03 01:00:00,116.6
Switzerland,CHE,2024-12-03 01:00:00,2024-12-03 02:00:00,116.61
Switzerland,CHE,2024-12-03 02:00:00,2024-12-03 03:00:00,114.01
Switzerland,CHE,2024-12-03 03:00:00,2024-12-03 04:00:00,114.8
Switzerland,CHE,2024-12-03 04:00:00,2024-12-03 05:00:00,118.81
Switzerland,CHE,2024-12-03 05:00:00,2024-12-03 06:00:00,136.79
Switzerland,CHE,2024-12-03 06:00:00,2024-12-03 07:00:00,146.58
Switzerland,CHE,2024-12-03 07:00:00,2024-12-03 08:00:00,151.43
Switzerland,CHE,2024-12-03 08:00:00,2024-12-03 09:00:00,147.52
Switzerland,CHE,2024-12-03 09:00:00,2024-12-03 10:00:00,144.29
Switzerland,CHE,2024-12-03 10:00:00,2024-12-03 11:00:00,139.67
Switzerland,CHE,2024-12-03 11:00:00,2024-12-03 12:00:00,135.99
Switzerland,CHE,2024-12-03 12:00:00,2024-12-03 13:00:00,138.97
Switzerland,CHE,2024-12-03 13:00:00,2024-12-03 14:00:00,146.5
Switzerland,CHE,2024-12-03 14:00:00,2024-12-03 15:00:00,154.93
Switzerland,CHE,2024-12-03 15:00:00,2024-12-03 16:00:00,194.88
Switzerland,CHE,2024-12-03 16:00:00,2024-12-03 17:00:00,216.07
Switzerland,CHE,2024-12-03 17:00:00,2024-12-03 18:00:00,193.09
Switzerland,CHE,2024-12-03 18:00:00,2024-12-03 19:00:00,166.59
Switzerland,CHE,2024-12-03 19:00:00,2024-12-03 20:00:00,149.76
Switzerland,CHE,2024-12-03 20:00:00,2024-12-03 21:00:00,141.84
Switzerland,CHE,2024-12-03 21:00:00,2024-12-03 22:00:00,136.99
Switzerland,CHE,2024-12-03 22:00:00,2024-12-03 23:00:00,130.0
Switzerland,CHE,2024-12-03 23:00:00,2024-12-04 00:00:00,128.99
Switzerland,CHE,2024-12-04 00:00:00,2024-12-04 01:00:00,126.86
Switzerland,CHE,2024-12-04 01:00:00,2024-12-04 02:00:00,124.08
Switzerland,CHE,2024-12-04 02:00:00,2024-12-04 03:00:00,120.7
Switzerland,CHE,2024-12-04 03:00:00,2024-12-04 04:00:00,122.61
Switzerland,CHE,2024-12-04 04:00:00,2024-12-04 05:00:00,130.04
Switzerland,CHE,2024-12-04 05:00:00,2024-12-04 06:00:00,147.75
Switzerland,CHE,2024-12-04 06:00:00,2024-12-04 07:00:00,197.09
Switzerland,CHE,2024-12-04 07:00:00,2024-12-04 08:00:00,231.59
Switzerland,CHE,2024-12-04 08:00:00,2024-12-04 09:00:00,234.2
Switzerland,CHE,2024-12-04 09:00:00,2024-12-04 10:00:00,194.97
Switzerland,CHE,2024-12-04 10:00:00,2024-12-04 11:00:00,185.99
Switzerland,CHE,2024-12-04 11:00:00,2024-12-04 12:00:00,180.62
Switzerland,CHE,2024-12-04 12:00:00,2024-12-04 13:00:00,186.88
Switzerland,CHE,2024-12-04 13:00:00,2024-12-04 14:00:00,225.35
Switzerland,CHE,2024-12-04 14:00:00,2024-12-04 15:00:00,251.44
Switzerland,CHE,2024-12-04 15:00:00,2024-12-04 16:00:00,239.92
Switzerland,CHE,2024-12-04 16:00:00,2024-12-04 17:00:00,259.21
Switzerland,CHE,2024-12-04 17:00:00,2024-12-04 18:00:00,215.35
Switzerland,CHE,2024-12-04 18:00:00,2024-12-04 19:00:00,199.85
Switzerland,CHE,2024-12-04 19:00:00,2024-12-04 20:00:00,167.57
Switzerland,CHE,2024-12-04 20:00:00,2024-12-04 21:00:00,143.78
Switzerland,CHE,2024-12-04 21:00:00,2024-12-04 22:00:00,135.24
Switzerland,CHE,2024-12-04 22:00:00,2024-12-04 23:00:00,126.95
Switzerland,CHE,2024-12-04 23:00:00,2024-12-05 00:00:00,115.2
Switzerland,CHE,2024-12-05 00:00:00,2024-12-05 01:00:00,110.89
Switzerland,CHE,2024-12-05 01:00:00,2024-12-05 02:00:00,108.72
Switzerland,CHE,2024-12-05 02:00:00,2024-12-05 03:00:00,107.62
Switzerland,CHE,2024-12-05 03:00:00,2024-12-05 04:00:00,107.55
Switzerland,CHE,2024-12-05 04:00:00,2024-12-05 05:00:00,114.89
Switzerland,CHE,2024-12-05 05:00:00,2024-12-05 06:00:00,131.53
Switzerland,CHE,2024-12-05 06:00:00,2024-12-05 07:00:00,142.13
Switzerland,CHE,2024-12-05 07:00:00,2024-12-05 08:00:00,146.56
Switzerland,CHE,2024-12-05 08:00:00,2024-12-05 09:00:00,149.18
Switzerland,CHE,2024-12-05 09:00:00,2024-12-05 10:00:00,144.32
Switzerland,CHE,2024-12-05 10:00:00,2024-12-05 11:00:00,140.29
Switzerland,CHE,2024-12-05 11:00:00,2024-12-05 12:00:00,133.92
Switzerland,CHE,2024-12-05 12:00:00,2024-12-05 13:00:00,135.3
Switzerland,CHE,2024-12-05 13:00:00,2024-12-05 14:00:00,139.91
Switzerland,CHE,2024-12-05 14:00:00,2024-12-05 15:00:00,136.57
Switzerland,CHE,2024-12-05 15:00:00,2024-12-05 16:00:00,136.41
Switzerland,CHE,2024-12-05 16:00:00,2024-12-05 17:00:00,136.01
Switzerland,CHE,2024-12-05 17:00:00,2024-12-05 18:00:00,143.09
Switzerland,CHE,2024-12-05 18:00:00,2024-12-05 19:00:00,138.52
Switzerland,CHE,2024-12-05 19:00:00,2024-12-05 20:00:00,143.09
Switzerland,CHE,2024-12-05 20:00:00,2024-12-05 21:00:00,135.29
Switzerland,CHE,2024-12-05 21:00:00,2024-12-05 22:00:00,130.07
Switzerland,CHE,2024-12-05 22:00:00,2024-12-05 23:00:00,121.76
Switzerland,CHE,2024-12-05 23:00:00,2024-12-06 00:00:00,116.3
Switzerland,CHE,2024-12-06 00:00:00,2024-12-06 01:00:00,111.95
Switzerland,CHE,2024-12-06 01:00:00,2024-12-06 02:00:00,110.04
Switzerland,CHE,2024-12-06 02:00:00,2024-12-06 03:00:00,109.53
Switzerland,CHE,2024-12-06 03:00:00,2024-12-06 04:00:00,110.26
Switzerland,CHE,2024-12-06 04:00:00,2024-12-06 05:00:00,116.31
Switzerland,CHE,2024-12-06 05:00:00,2024-12-06 06:00:00,130.01
Switzerland,CHE,2024-12-06 06:00:00,2024-12-06 07:00:00,138.4
Switzerland,CHE,2024-12-06 07:00:00,2024-12-06 08:00:00,141.99
Switzerland,CHE,2024-12-06 08:00:00,2024-12-06 09:00:00,136.97
Switzerland,CHE,2024-12-06 09:00:00,2024-12-06 10:00:00,133.95
Switzerland,CHE,2024-12-06 10:00:00,2024-12-06 11:00:00,131.02
Switzerland,CHE,2024-12-06 11:00:00,2024-12-06 12:00:00,120.1
Switzerland,CHE,2024-12-06 12:00:00,2024-12-06 13:00:00,131.02
Switzerland,CHE,2024-12-06 13:00:00,2024-12-06 14:00:00,135.1
Switzerland,CHE,2024-12-06 14:00:00,2024-12-06 15:00:00,136.29
Switzerland,CHE,2024-12-06 15:00:00,2024-12-06 16:00:00,135.09
Switzerland,CHE,2024-12-06 16:00:00,2024-12-06 17:00:00,139.44
Switzerland,CHE,2024-12-06 17:00:00,2024-12-06 18:00:00,144.52
Switzerland,CHE,2024-12-06 18:00:00,2024-12-06 19:00:00,139.81
Switzerland,CHE,2024-12-06 19:00:00,2024-12-06 20:00:00,135.1
Switzerland,CHE,2024-12-06 20:00:00,2024-12-06 21:00:00,127.84
Switzerland,CHE,2024-12-06 21:00:00,2024-12-06 22:00:00,130.52
Switzerland,CHE,2024-12-06 22:00:00,2024-12-06 23:00:00,120.03
Switzerland,CHE,2024-12-06 23:00:00,2024-12-07 00:00:00,119.71
Switzerland,CHE,2024-12-07 00:00:00,2024-12-07 01:00:00,116.73
Switzerland,CHE,2024-12-07 01:00:00,2024-12-07 02:00:00,114.8
Switzerland,CHE,2024-12-07 02:00:00,2024-12-07 03:00:00,114.11
Switzerland,CHE,2024-12-07 03:00:00,2024-12-07 04:00:00,113.7
Switzerland,CHE,2024-12-07 04:00:00,2024-12-07 05:00:00,113.82
Switzerland,CHE,2024-12-07 05:00:00,2024-12-07 06:00:00,114.8
Switzerland,CHE,2024-12-07 06:00:00,2024-12-07 07:00:00,118.06
Switzerland,CHE,2024-12-07 07:00:00,2024-12-07 08:00:00,119.88
Switzerland,CHE,2024-12-07 08:00:00,2024-12-07 09:00:00,122.37
Switzerland,CHE,2024-12-07 09:00:00,2024-12-07 10:00:00,120.02
Switzerland,CHE,2024-12-07 10:00:00,2024-12-07 11:00:00,119.83
Switzerland,CHE,2024-12-07 11:00:00,2024-12-07 12:00:00,118.77
Switzerland,CHE,2024-12-07 12:00:00,2024-12-07 13:00:00,119.78
Switzerland,CHE,2024-12-07 13:00:00,2024-12-07 14:00:00,120.05
Switzerland,CHE,2024-12-07 14:00:00,2024-12-07 15:00:00,124.99
Switzerland,CHE,2024-12-07 15:00:00,2024-12-07 16:00:00,125.01
Switzerland,CHE,2024-12-07 16:00:00,2024-12-07 17:00:00,126.1
Switzerland,CHE,2024-12-07 17:00:00,2024-12-07 18:00:00,124.99
Switzerland,CHE,2024-12-07 18:00:00,2024-12-07 19:00:00,123.77
Switzerland,CHE,2024-12-07 19:00:00,2024-12-07 20:00:00,119.77
Switzerland,CHE,2024-12-07 20:00:00,2024-12-07 21:00:00,117.38
Switzerland,CHE,2024-12-07 21:00:00,2024-12-07 22:00:00,118.85
Switzerland,CHE,2024-12-07 22:00:00,2024-12-07 23:00:00,113.4
Switzerland,CHE,2024-12-07 23:00:00,2024-12-08 00:00:00,117.18
Switzerland,CHE,2024-12-08 00:00:00,2024-12-08 01:00:00,115.0
Switzerland,CHE,2024-12-08 01:00:00,2024-12-08 02:00:00,103.09
Switzerland,CHE,2024-12-08 02:00:00,2024-12-08 03:00:00,93.07
Switzerland,CHE,2024-12-08 03:00:00,2024-12-08 04:00:00,91.86
Switzerland,CHE,2024-12-08 04:00:00,2024-12-08 05:00:00,103.41
Switzerland,CHE,2024-12-08 05:00:00,2024-12-08 06:00:00,115.61
Switzerland,CHE,2024-12-08 06:00:00,2024-12-08 07:00:00,116.06
Switzerland,CHE,2024-12-08 07:00:00,2024-12-08 08:00:00,120.06
Switzerland,CHE,2024-12-08 08:00:00,2024-12-08 09:00:00,120.3
Switzerland,CHE,2024-12-08 09:00:00,2024-12-08 10:00:00,120.54
Switzerland,CHE,2024-12-08 10:00:00,2024-12-08 11:00:00,119.22
Switzerland,CHE,2024-12-08 11:00:00,2024-12-08 12:00:00,117.31
Switzerland,CHE,2024-12-08 12:00:00,2024-12-08 13:00:00,118.08
Switzerland,CHE,2024-12-08 13:00:00,2024-12-08 14:00:00,121.09
Switzerland,CHE,2024-12-08 14:00:00,2024-12-08 15:00:00,124.69
Switzerland,CHE,2024-12-08 15:00:00,2024-12-08 16:00:00,133.61
Switzerland,CHE,2024-12-08 16:00:00,2024-12-08 17:00:00,137.06
Switzerland,CHE,2024-12-08 17:00:00,2024-12-08 18:00:00,133.9
Switzerland,CHE,2024-12-08 18:00:00,2024-12-08 19:00:00,132.99
Switzerland,CHE,2024-12-08 19:00:00,2024-12-08 20:00:00,123.0
Switzerland,CHE,2024-12-08 20:00:00,2024-12-08 21:00:00,120.46
Switzerland,CHE,2024-12-08 21:00:00,2024-12-08 22:00:00,120.6
Switzerland,CHE,2024-12-08 22:00:00,2024-12-08 23:00:00,117.2
Switzerland,CHE,2024-12-08 23:00:00,2024-12-09 00:00:00,114.56
Switzerland,CHE,2024-12-09 00:00:00,2024-12-09 01:00:00,106.83
Switzerland,CHE,2024-12-09 01:00:00,2024-12-09 02:00:00,102.3
Switzerland,CHE,2024-12-09 02:00:00,2024-12-09 03:00:00,102.14
Switzerland,CHE,2024-12-09 03:00:00,2024-12-09 04:00:00,101.09
Switzerland,CHE,2024-12-09 04:00:00,2024-12-09 05:00:00,119.03
Switzerland,CHE,2024-12-09 05:00:00,2024-12-09 06:00:00,130.54
Switzerland,CHE,2024-12-09 06:00:00,2024-12-09 07:00:00,139.1
Switzerland,CHE,2024-12-09 07:00:00,2024-12-09 08:00:00,142.69
Switzerland,CHE,2024-12-09 08:00:00,2024-12-09 09:00:00,140.04
Switzerland,CHE,2024-12-09 09:00:00,2024-12-09 10:00:00,138.8
Switzerland,CHE,2024-12-09 10:00:00,2024-12-09 11:00:00,138.81
Switzerland,CHE,2024-12-09 11:00:00,2024-12-09 12:00:00,137.92
Switzerland,CHE,2024-12-09 12:00:00,2024-12-09 13:00:00,137.98
Switzerland,CHE,2024-12-09 13:00:00,2024-12-09 14:00:00,138.81
Switzerland,CHE,2024-12-09 14:00:00,2024-12-09 15:00:00,151.22
Switzerland,CHE,2024-12-09 15:00:00,2024-12-09 16:00:00,157.08
Switzerland,CHE,2024-12-09 16:00:00,2024-12-09 17:00:00,155.01
Switzerland,CHE,2024-12-09 17:00:00,2024-12-09 18:00:00,145.04
Switzerland,CHE,2024-12-09 18:00:00,2024-12-09 19:00:00,146.06
Switzerland,CHE,2024-12-09 19:00:00,2024-12-09 20:00:00,139.29
Switzerland,CHE,2024-12-09 20:00:00,2024-12-09 21:00:00,134.51
Switzerland,CHE,2024-12-09 21:00:00,2024-12-09 22:00:00,131.04
Switzerland,CHE,2024-12-09 22:00:00,2024-12-09 23:00:00,128.19
Switzerland,CHE,2024-12-09 23:00:00,2024-12-10 00:00:00,121.64
Switzerland,CHE,2024-12-10 00:00:00,2024-12-10 01:00:00,115.22
Switzerland,CHE,2024-12-10 01:00:00,2024-12-10 02:00:00,119.72
Switzerland,CHE,2024-12-10 02:00:00,2024-12-10 03:00:00,119.77
Switzerland,CHE,2024-12-10 03:00:00,2024-12-10 04:00:00,117.23
Switzerland,CHE,2024-12-10 04:00:00,2024-12-10 05:00:00,126.91
Switzerland,CHE,2024-12-10 05:00:00,2024-12-10 06:00:00,138.45
Switzerland,CHE,2024-12-10 06:00:00,2024-12-10 07:00:00,168.0
Switzerland,CHE,2024-12-10 07:00:00,2024-12-10 08:00:00,176.97
Switzerland,CHE,2024-12-10 08:00:00,2024-12-10 09:00:00,161.99
Switzerland,CHE,2024-12-10 09:00:00,2024-12-10 10:00:00,161.97
Switzerland,CHE,2024-12-10 10:00:00,2024-12-10 11:00:00,157.4
Switzerland,CHE,2024-12-10 11:00:00,2024-12-10 12:00:00,157.25
Switzerland,CHE,2024-12-10 12:00:00,2024-12-10 13:00:00,162.08
Switzerland,CHE,2024-12-10 13:00:00,2024-12-10 14:00:00,172.25
Switzerland,CHE,2024-12-10 14:00:00,2024-12-10 15:00:00,179.84
Switzerland,CHE,2024-12-10 15:00:00,2024-12-10 16:00:00,187.43
Switzerland,CHE,2024-12-10 16:00:00,2024-12-10 17:00:00,198.7
Switzerland,CHE,2024-12-10 17:00:00,2024-12-10 18:00:00,184.55
Switzerland,CHE,2024-12-10 18:00:00,2024-12-10 19:00:00,176.71
Switzerland,CHE,2024-12-10 19:00:00,2024-12-10 20:00:00,159.41
Switzerland,CHE,2024-12-10 20:00:00,2024-12-10 21:00:00,145.03
Switzerland,CHE,2024-12-10 21:00:00,2024-12-10 22:00:00,138.26
Switzerland,CHE,2024-12-10 22:00:00,2024-12-10 23:00:00,131.16
Switzerland,CHE,2024-12-10 23:00:00,2024-12-11 00:00:00,122.86
Switzerland,CHE,2024-12-11 00:00:00,2024-12-11 01:00:00,119.28
Switzerland,CHE,2024-12-11 01:00:00,2024-12-11 02:00:00,116.0
Switzerland,CHE,2024-12-11 02:00:00,2024-12-11 03:00:00,114.0
Switzerland,CHE,2024-12-11 03:00:00,2024-12-11 04:00:00,119.14
Switzerland,CHE,2024-12-11 04:00:00,2024-12-11 05:00:00,126.96
Switzerland,CHE,2024-12-11 05:00:00,2024-12-11 06:00:00,161.72
Switzerland,CHE,2024-12-11 06:00:00,2024-12-11 07:00:00,229.94
Switzerland,CHE,2024-12-11 07:00:00,2024-12-11 08:00:00,278.16
Switzerland,CHE,2024-12-11 08:00:00,2024-12-11 09:00:00,236.44
Switzerland,CHE,2024-12-11 09:00:00,2024-12-11 10:00:00,303.95
Switzerland,CHE,2024-12-11 10:00:00,2024-12-11 11:00:00,242.45
Switzerland,CHE,2024-12-11 11:00:00,2024-12-11 12:00:00,240.4
Switzerland,CHE,2024-12-11 12:00:00,2024-12-11 13:00:00,256.89
Switzerland,CHE,2024-12-11 13:00:00,2024-12-11 14:00:00,245.05
Switzerland,CHE,2024-12-11 14:00:00,2024-12-11 15:00:00,225.76
Switzerland,CHE,2024-12-11 15:00:00,2024-12-11 16:00:00,241.34
Switzerland,CHE,2024-12-11 16:00:00,2024-12-11 17:00:00,258.68
Switzerland,CHE,2024-12-11 17:00:00,2024-12-11 18:00:00,279.28
Switzerland,CHE,2024-12-11 18:00:00,2024-12-11 19:00:00,246.35
Switzerland,CHE,2024-12-11 19:00:00,2024-12-11 20:00:00,199.41
Switzerland,CHE,2024-12-11 20:00:00,2024-12-11 21:00:00,173.98
Switzerland,CHE,2024-12-11 21:00:00,2024-12-11 22:00:00,145.57
Switzerland,CHE,2024-12-11 22:00:00,2024-12-11 23:00:00,132.83
Switzerland,CHE,2024-12-11 23:00:00,2024-12-12 00:00:00,120.79
Switzerland,CHE,2024-12-12 00:00:00,2024-12-12 01:00:00,114.93
Switzerland,CHE,2024-12-12 01:00:00,2024-12-12 02:00:00,111.59
Switzerland,CHE,2024-12-12 02:00:00,2024-12-12 03:00:00,110.54
Switzerland,CHE,2024-12-12 03:00:00,2024-12-12 04:00:00,115.33
Switzerland,CHE,2024-12-12 04:00:00,2024-12-12 05:00:00,125.62
Switzerland,CHE,2024-12-12 05:00:00,2024-12-12 06:00:00,165.6
Switzerland,CHE,2024-12-12 06:00:00,2024-12-12 07:00:00,191.06
Switzerland,CHE,2024-12-12 07:00:00,2024-12-12 08:00:00,216.98
Switzerland,CHE,2024-12-12 08:00:00,2024-12-12 09:00:00,206.08
Switzerland,CHE,2024-12-12 09:00:00,2024-12-12 10:00:00,189.31
Switzerland,CHE,2024-12-12 10:00:00,2024-12-12 11:00:00,183.56
Switzerland,CHE,2024-12-12 11:00:00,2024-12-12 12:00:00,178.1
Switzerland,CHE,2024-12-12 12:00:00,2024-12-12 13:00:00,176.37
Switzerland,CHE,2024-12-12 13:00:00,2024-12-12 14:00:00,185.0
Switzerland,CHE,2024-12-12 14:00:00,2024-12-12 15:00:00,194.38
Switzerland,CHE,2024-12-12 15:00:00,2024-12-12 16:00:00,208.66
Switzerland,CHE,2024-12-12 16:00:00,2024-12-12 17:00:00,264.0
Switzerland,CHE,2024-12-12 17:00:00,2024-12-12 18:00:00,268.84
Switzerland,CHE,2024-12-12 18:00:00,2024-12-12 19:00:00,237.4
Switzerland,CHE,2024-12-12 19:00:00,2024-12-12 20:00:00,191.79
Switzerland,CHE,2024-12-12 20:00:00,2024-12-12 21:00:00,164.14
Switzerland,CHE,2024-12-12 21:00:00,2024-12-12 22:00:00,142.39
Switzerland,CHE,2024-12-12 22:00:00,2024-12-12 23:00:00,133.94
Switzerland,CHE,2024-12-12 23:00:00,2024-12-13 00:00:00,130.1
Switzerland,CHE,2024-12-13 00:00:00,2024-12-13 01:00:00,124.88
Switzerland,CHE,2024-12-13 01:00:00,2024-12-13 02:00:00,121.15
Switzerland,CHE,2024-12-13 02:00:00,2024-12-13 03:00:00,120.39
Switzerland,CHE,2024-12-13 03:00:00,2024-12-13 04:00:00,122.39
Switzerland,CHE,2024-12-13 04:00:00,2024-12-13 05:00:00,126.66
Switzerland,CHE,2024-12-13 05:00:00,2024-12-13 06:00:00,158.99
Switzerland,CHE,2024-12-13 06:00:00,2024-12-13 07:00:00,236.19
Switzerland,CHE,2024-12-13 07:00:00,2024-12-13 08:00:00,310.64
Switzerland,CHE,2024-12-13 08:00:00,2024-12-13 09:00:00,253.54
Switzerland,CHE,2024-12-13 09:00:00,2024-12-13 10:00:00,206.07
Switzerland,CHE,2024-12-13 10:00:00,2024-12-13 11:00:00,186.93
Switzerland,CHE,2024-12-13 11:00:00,2024-12-13 12:00:00,177.46
Switzerland,CHE,2024-12-13 12:00:00,2024-12-13 13:00:00,178.93
Switzerland,CHE,2024-12-13 13:00:00,2024-12-13 14:00:00,188.59
Switzerland,CHE,2024-12-13 14:00:00,2024-12-13 15:00:00,208.97
Switzerland,CHE,2024-12-13 15:00:00,2024-12-13 16:00:00,242.0
Switzerland,CHE,2024-12-13 16:00:00,2024-12-13 17:00:00,289.85
Switzerland,CHE,2024-12-13 17:00:00,2024-12-13 18:00:00,283.33
Switzerland,CHE,2024-12-13 18:00:00,2024-12-13 19:00:00,239.11
Switzerland,CHE,2024-12-13 19:00:00,2024-12-13 20:00:00,179.54
Switzerland,CHE,2024-12-13 20:00:00,2024-12-13 21:00:00,155.41
Switzerland,CHE,2024-12-13 21:00:00,2024-12-13 22:00:00,140.2
Switzerland,CHE,2024-12-13 22:00:00,2024-12-13 23:00:00,129.59
Switzerland,CHE,2024-12-13 23:00:00,2024-12-14 00:00:00,121.37
Switzerland,CHE,2024-12-14 00:00:00,2024-12-14 01:00:00,116.85
Switzerland,CHE,2024-12-14 01:00:00,2024-12-14 02:00:00,111.78
Switzerland,CHE,2024-12-14 02:00:00,2024-12-14 03:00:00,114.97
Switzerland,CHE,2024-12-14 03:00:00,2024-12-14 04:00:00,114.51
Switzerland,CHE,2024-12-14 04:00:00,2024-12-14 05:00:00,117.58
Switzerland,CHE,2024-12-14 05:00:00,2024-12-14 06:00:00,121.39
Switzerland,CHE,2024-12-14 06:00:00,2024-12-14 07:00:00,117.6
Switzerland,CHE,2024-12-14 07:00:00,2024-12-14 08:00:00,122.12
Switzerland,CHE,2024-12-14 08:00:00,2024-12-14 09:00:00,122.21
Switzerland,CHE,2024-12-14 09:00:00,2024-12-14 10:00:00,121.39
Switzerland,CHE,2024-12-14 10:00:00,2024-12-14 11:00:00,121.47
Switzerland,CHE,2024-12-14 11:00:00,2024-12-14 12:00:00,123.3
Switzerland,CHE,2024-12-14 12:00:00,2024-12-14 13:00:00,120.57
Switzerland,CHE,2024-12-14 13:00:00,2024-12-14 14:00:00,123.87
Switzerland,CHE,2024-12-14 14:00:00,2024-12-14 15:00:00,127.01
Switzerland,CHE,2024-12-14 15:00:00,2024-12-14 16:00:00,131.05
Switzerland,CHE,2024-12-14 16:00:00,2024-12-14 17:00:00,132.09
Switzerland,CHE,2024-12-14 17:00:00,2024-12-14 18:00:00,132.08
Switzerland,CHE,2024-12-14 18:00:00,2024-12-14 19:00:00,126.0
Switzerland,CHE,2024-12-14 19:00:00,2024-12-14 20:00:00,123.46
Switzerland,CHE,2024-12-14 20:00:00,2024-12-14 21:00:00,120.7
Switzerland,CHE,2024-12-14 21:00:00,2024-12-14 22:00:00,119.47
Switzerland,CHE,2024-12-14 22:00:00,2024-12-14 23:00:00,114.38
Switzerland,CHE,2024-12-14 23:00:00,2024-12-15 00:00:00,99.21
Switzerland,CHE,2024-12-15 00:00:00,2024-12-15 01:00:00,99.21
Switzerland,CHE,2024-12-15 01:00:00,2024-12-15 02:00:00,99.4
Switzerland,CHE,2024-12-15 02:00:00,2024-12-15 03:00:00,103.4
Switzerland,CHE,2024-12-15 03:00:00,2024-12-15 04:00:00,103.59
Switzerland,CHE,2024-12-15 04:00:00,2024-12-15 05:00:00,103.28
Switzerland,CHE,2024-12-15 05:00:00,2024-12-15 06:00:00,99.4
Switzerland,CHE,2024-12-15 06:00:00,2024-12-15 07:00:00,96.31
Switzerland,CHE,2024-12-15 07:00:00,2024-12-15 08:00:00,98.81
Switzerland,CHE,2024-12-15 08:00:00,2024-12-15 09:00:00,105.03
Switzerland,CHE,2024-12-15 09:00:00,2024-12-15 10:00:00,108.93
Switzerland,CHE,2024-12-15 10:00:00,2024-12-15 11:00:00,103.64
Switzerland,CHE,2024-12-15 11:00:00,2024-12-15 12:00:00,104.56
Switzerland,CHE,2024-12-15 12:00:00,2024-12-15 13:00:00,100.01
Switzerland,CHE,2024-12-15 13:00:00,2024-12-15 14:00:00,101.3
Switzerland,CHE,2024-12-15 14:00:00,2024-12-15 15:00:00,103.68
Switzerland,CHE,2024-12-15 15:00:00,2024-12-15 16:00:00,109.63
Switzerland,CHE,2024-12-15 16:00:00,2024-12-15 17:00:00,110.77
Switzerland,CHE,2024-12-15 17:00:00,2024-12-15 18:00:00,102.48
Switzerland,CHE,2024-12-15 18:00:00,2024-12-15 19:00:00,103.65
Switzerland,CHE,2024-12-15 19:00:00,2024-12-15 20:00:00,99.2
Switzerland,CHE,2024-12-15 20:00:00,2024-12-15 21:00:00,113.8
Switzerland,CHE,2024-12-15 21:00:00,2024-12-15 22:00:00,113.91
Switzerland,CHE,2024-12-15 22:00:00,2024-12-15 23:00:00,104.73
Switzerland,CHE,2024-12-15 23:00:00,2024-12-16 00:00:00,100.3
Switzerland,CHE,2024-12-16 00:00:00,2024-12-16 01:00:00,97.51
Switzerland,CHE,2024-12-16 01:00:00,2024-12-16 02:00:00,95.62
Switzerland,CHE,2024-12-16 02:00:00,2024-12-16 03:00:00,95.4
Switzerland,CHE,2024-12-16 03:00:00,2024-12-16 04:00:00,95.95
Switzerland,CHE,2024-12-16 04:00:00,2024-12-16 05:00:00,99.7
Switzerland,CHE,2024-12-16 05:00:00,2024-12-16 06:00:00,114.2
Switzerland,CHE,2024-12-16 06:00:00,2024-12-16 07:00:00,123.54
Switzerland,CHE,2024-12-16 07:00:00,2024-12-16 08:00:00,125.59
Switzerland,CHE,2024-12-16 08:00:00,2024-12-16 09:00:00,122.3
Switzerland,CHE,2024-12-16 09:00:00,2024-12-16 10:00:00,120.94
Switzerland,CHE,2024-12-16 10:00:00,2024-12-16 11:00:00,119.4
Switzerland,CHE,2024-12-16 11:00:00,2024-12-16 12:00:00,116.3
Switzerland,CHE,2024-12-16 12:00:00,2024-12-16 13:00:00,117.35
Switzerland,CHE,2024-12-16 13:00:00,2024-12-16 14:00:00,117.52
Switzerland,CHE,2024-12-16 14:00:00,2024-12-16 15:00:00,123.07
Switzerland,CHE,2024-12-16 15:00:00,2024-12-16 16:00:00,130.49
Switzerland,CHE,2024-12-16 16:00:00,2024-12-16 17:00:00,131.01
Switzerland,CHE,2024-12-16 17:00:00,2024-12-16 18:00:00,131.13
Switzerland,CHE,2024-12-16 18:00:00,2024-12-16 19:00:00,126.96
Switzerland,CHE,2024-12-16 19:00:00,2024-12-16 20:00:00,121.46
Switzerland,CHE,2024-12-16 20:00:00,2024-12-16 21:00:00,116.29
Switzerland,CHE,2024-12-16 21:00:00,2024-12-16 22:00:00,116.94
Switzerland,CHE,2024-12-16 22:00:00,2024-12-16 23:00:00,111.92
Switzerland,CHE,2024-12-16 23:00:00,2024-12-17 00:00:00,107.89
Switzerland,CHE,2024-12-17 00:00:00,2024-12-17 01:00:00,106.99
Switzerland,CHE,2024-12-17 01:00:00,2024-12-17 02:00:00,111.62
Switzerland,CHE,2024-12-17 02:00:00,2024-12-17 03:00:00,111.05
Switzerland,CHE,2024-12-17 03:00:00,2024-12-17 04:00:00,111.02
Switzerland,CHE,2024-12-17 04:00:00,2024-12-17 05:00:00,108.97
Switzerland,CHE,2024-12-17 05:00:00,2024-12-17 06:00:00,115.69
Switzerland,CHE,2024-12-17 06:00:00,2024-12-17 07:00:00,125.04
Switzerland,CHE,2024-12-17 07:00:00,2024-12-17 08:00:00,129.34
Switzerland,CHE,2024-12-17 08:00:00,2024-12-17 09:00:00,122.68
Switzerland,CHE,2024-12-17 09:00:00,2024-12-17 10:00:00,115.75
Switzerland,CHE,2024-12-17 10:00:00,2024-12-17 11:00:00,113.3
Switzerland,CHE,2024-12-17 11:00:00,2024-12-17 12:00:00,116.26
Switzerland,CHE,2024-12-17 12:00:00,2024-12-17 13:00:00,119.33
Switzerland,CHE,2024-12-17 13:00:00,2024-12-17 14:00:00,126.37
Switzerland,CHE,2024-12-17 14:00:00,2024-12-17 15:00:00,126.43
Switzerland,CHE,2024-12-17 15:00:00,2024-12-17 16:00:00,137.69
Switzerland,CHE,2024-12-17 16:00:00,2024-12-17 17:00:00,138.18
Switzerland,CHE,2024-12-17 17:00:00,2024-12-17 18:00:00,135.51
Switzerland,CHE,2024-12-17 18:00:00,2024-12-17 19:00:00,129.63
Switzerland,CHE,2024-12-17 19:00:00,2024-12-17 20:00:00,130.81
Switzerland,CHE,2024-12-17 20:00:00,2024-12-17 21:00:00,122.17
Switzerland,CHE,2024-12-17 21:00:00,2024-12-17 22:00:00,117.0
Switzerland,CHE,2024-12-17 22:00:00,2024-12-17 23:00:00,105.1
Switzerland,CHE,2024-12-17 23:00:00,2024-12-18 00:00:00,108.76
Switzerland,CHE,2024-12-18 00:00:00,2024-12-18 01:00:00,106.16
Switzerland,CHE,2024-12-18 01:00:00,2024-12-18 02:00:00,100.67
Switzerland,CHE,2024-12-18 02:00:00,2024-12-18 03:00:00,100.47
Switzerland,CHE,2024-12-18 03:00:00,2024-12-18 04:00:00,100.09
Switzerland,CHE,2024-12-18 04:00:00,2024-12-18 05:00:00,112.26
Switzerland,CHE,2024-12-18 05:00:00,2024-12-18 06:00:00,123.16
Switzerland,CHE,2024-12-18 06:00:00,2024-12-18 07:00:00,122.53
Switzerland,CHE,2024-12-18 07:00:00,2024-12-18 08:00:00,123.88
Switzerland,CHE,2024-12-18 08:00:00,2024-12-18 09:00:00,121.89
Switzerland,CHE,2024-12-18 09:00:00,2024-12-18 10:00:00,122.75
Switzerland,CHE,2024-12-18 10:00:00,2024-12-18 11:00:00,120.4
Switzerland,CHE,2024-12-18 11:00:00,2024-12-18 12:00:00,118.91
Switzerland,CHE,2024-12-18 12:00:00,2024-12-18 13:00:00,120.92
Switzerland,CHE,2024-12-18 13:00:00,2024-12-18 14:00:00,125.36
Switzerland,CHE,2024-12-18 14:00:00,2024-12-18 15:00:00,129.96
Switzerland,CHE,2024-12-18 15:00:00,2024-12-18 16:00:00,127.0
Switzerland,CHE,2024-12-18 16:00:00,2024-12-18 17:00:00,136.87
Switzerland,CHE,2024-12-18 17:00:00,2024-12-18 18:00:00,149.08
Switzerland,CHE,2024-12-18 18:00:00,2024-12-18 19:00:00,138.64
Switzerland,CHE,2024-12-18 19:00:00,2024-12-18 20:00:00,131.87
Switzerland,CHE,2024-12-18 20:00:00,2024-12-18 21:00:00,121.95
Switzerland,CHE,2024-12-18 21:00:00,2024-12-18 22:00:00,120.1
Switzerland,CHE,2024-12-18 22:00:00,2024-12-18 23:00:00,111.16
Switzerland,CHE,2024-12-18 23:00:00,2024-12-19 00:00:00,101.9
Switzerland,CHE,2024-12-19 00:00:00,2024-12-19 01:00:00,97.7
Switzerland,CHE,2024-12-19 01:00:00,2024-12-19 02:00:00,96.49
Switzerland,CHE,2024-12-19 02:00:00,2024-12-19 03:00:00,96.21
Switzerland,CHE,2024-12-19 03:00:00,2024-12-19 04:00:00,96.93
Switzerland,CHE,2024-12-19 04:00:00,2024-12-19 05:00:00,104.47
Switzerland,CHE,2024-12-19 05:00:00,2024-12-19 06:00:00,119.04
Switzerland,CHE,2024-12-19 06:00:00,2024-12-19 07:00:00,132.11
Switzerland,CHE,2024-12-19 07:00:00,2024-12-19 08:00:00,129.92
Switzerland,CHE,2024-12-19 08:00:00,2024-12-19 09:00:00,124.06
Switzerland,CHE,2024-12-19 09:00:00,2024-12-19 10:00:00,123.45
Switzerland,CHE,2024-12-19 10:00:00,2024-12-19 11:00:00,119.08
Switzerland,CHE,2024-12-19 11:00:00,2024-12-19 12:00:00,113.94
Switzerland,CHE,2024-12-19 12:00:00,2024-12-19 13:00:00,113.78
Switzerland,CHE,2024-12-19 13:00:00,2024-12-19 14:00:00,118.94
Switzerland,CHE,2024-12-19 14:00:00,2024-12-19 15:00:00,126.61
Switzerland,CHE,2024-12-19 15:00:00,2024-12-19 16:00:00,130.76
Switzerland,CHE,2024-12-19 16:00:00,2024-12-19 17:00:00,124.99
Switzerland,CHE,2024-12-19 17:00:00,2024-12-19 18:00:00,123.4
Switzerland,CHE,2024-12-19 18:00:00,2024-12-19 19:00:00,121.6
Switzerland,CHE,2024-12-19 19:00:00,2024-12-19 20:00:00,115.19
Switzerland,CHE,2024-12-19 20:00:00,2024-12-19 21:00:00,112.1
Switzerland,CHE,2024-12-19 21:00:00,2024-12-19 22:00:00,106.03
Switzerland,CHE,2024-12-19 22:00:00,2024-12-19 23:00:00,98.71
Switzerland,CHE,2024-12-19 23:00:00,2024-12-20 00:00:00,94.58
Switzerland,CHE,2024-12-20 00:00:00,2024-12-20 01:00:00,86.76
Switzerland,CHE,2024-12-20 01:00:00,2024-12-20 02:00:00,81.22
Switzerland,CHE,2024-12-20 02:00:00,2024-12-20 03:00:00,70.96
Switzerland,CHE,2024-12-20 03:00:00,2024-12-20 04:00:00,71.09
Switzerland,CHE,2024-12-20 04:00:00,2024-12-20 05:00:00,89.08
Switzerland,CHE,2024-12-20 05:00:00,2024-12-20 06:00:00,102.33
Switzerland,CHE,2024-12-20 06:00:00,2024-12-20 07:00:00,120.19
Switzerland,CHE,2024-12-20 07:00:00,2024-12-20 08:00:00,122.29
Switzerland,CHE,2024-12-20 08:00:00,2024-12-20 09:00:00,117.99
Switzerland,CHE,2024-12-20 09:00:00,2024-12-20 10:00:00,115.71
Switzerland,CHE,2024-12-20 10:00:00,2024-12-20 11:00:00,114.82
Switzerland,CHE,2024-12-20 11:00:00,2024-12-20 12:00:00,108.39
Switzerland,CHE,2024-12-20 12:00:00,2024-12-20 13:00:00,104.01
Switzerland,CHE,2024-12-20 13:00:00,2024-12-20 14:00:00,109.87
Switzerland,CHE,2024-12-20 14:00:00,2024-12-20 15:00:00,114.49
Switzerland,CHE,2024-12-20 15:00:00,2024-12-20 16:00:00,117.99
Switzerland,CHE,2024-12-20 16:00:00,2024-12-20 17:00:00,118.86
Switzerland,CHE,2024-12-20 17:00:00,2024-12-20 18:00:00,118.3
Switzerland,CHE,2024-12-20 18:00:00,2024-12-20 19:00:00,118.04
Switzerland,CHE,2024-12-20 19:00:00,2024-12-20 20:00:00,114.66
Switzerland,CHE,2024-12-20 20:00:00,2024-12-20 21:00:00,112.62
Switzerland,CHE,2024-12-20 21:00:00,2024-12-20 22:00:00,111.16
Switzerland,CHE,2024-12-20 22:00:00,2024-12-20 23:00:00,100.82
Switzerland,CHE,2024-12-20 23:00:00,2024-12-21 00:00:00,105.32
Switzerland,CHE,2024-12-21 00:00:00,2024-12-21 01:00:00,94.38
Switzerland,CHE,2024-12-21 01:00:00,2024-12-21 02:00:00,82.77
Switzerland,CHE,2024-12-21 02:00:00,2024-12-21 03:00:00,75.04
Switzerland,CHE,2024-12-21 03:00:00,2024-12-21 04:00:00,74.52
Switzerland,CHE,2024-12-21 04:00:00,2024-12-21 05:00:00,85.53
Switzerland,CHE,2024-12-21 05:00:00,2024-12-21 06:00:00,103.71
Switzerland,CHE,2024-12-21 06:00:00,2024-12-21 07:00:00,112.79
Switzerland,CHE,2024-12-21 07:00:00,2024-12-21 08:00:00,115.75
Switzerland,CHE,2024-12-21 08:00:00,2024-12-21 09:00:00,117.07
Switzerland,CHE,2024-12-21 09:00:00,2024-12-21 10:00:00,107.4
Switzerland,CHE,2024-12-21 10:00:00,2024-12-21 11:00:00,94.11
Switzerland,CHE,2024-12-21 11:00:00,2024-12-21 12:00:00,88.16
Switzerland,CHE,2024-12-21 12:00:00,2024-12-21 13:00:00,89.04
Switzerland,CHE,2024-12-21 13:00:00,2024-12-21 14:00:00,102.34
Switzerland,CHE,2024-12-21 14:00:00,2024-12-21 15:00:00,115.33
Switzerland,CHE,2024-12-21 15:00:00,2024-12-21 16:00:00,117.59
Switzerland,CHE,2024-12-21 16:00:00,2024-12-21 17:00:00,117.61
Switzerland,CHE,2024-12-21 17:00:00,2024-12-21 18:00:00,118.82
Switzerland,CHE,2024-12-21 18:00:00,2024-12-21 19:00:00,117.61
Switzerland,CHE,2024-12-21 19:00:00,2024-12-21 20:00:00,117.61
Switzerland,CHE,2024-12-21 20:00:00,2024-12-21 21:00:00,115.38
Switzerland,CHE,2024-12-21 21:00:00,2024-12-21 22:00:00,109.35
Switzerland,CHE,2024-12-21 22:00:00,2024-12-21 23:00:00,100.49
Switzerland,CHE,2024-12-21 23:00:00,2024-12-22 00:00:00,109.27
Switzerland,CHE,2024-12-22 00:00:00,2024-12-22 01:00:00,92.57
Switzerland,CHE,2024-12-22 01:00:00,2024-12-22 02:00:00,85.63
Switzerland,CHE,2024-12-22 02:00:00,2024-12-22 03:00:00,81.09
Switzerland,CHE,2024-12-22 03:00:00,2024-12-22 04:00:00,82.04
Switzerland,CHE,2024-12-22 04:00:00,2024-12-22 05:00:00,83.44
Switzerland,CHE,2024-12-22 05:00:00,2024-12-22 06:00:00,91.74
Switzerland,CHE,2024-12-22 06:00:00,2024-12-22 07:00:00,103.0
Switzerland,CHE,2024-12-22 07:00:00,2024-12-22 08:00:00,108.8
Switzerland,CHE,2024-12-22 08:00:00,2024-12-22 09:00:00,101.86
Switzerland,CHE,2024-12-22 09:00:00,2024-12-22 10:00:00,93.29
Switzerland,CHE,2024-12-22 10:00:00,2024-12-22 11:00:00,81.54
Switzerland,CHE,2024-12-22 11:00:00,2024-12-22 12:00:00,89.02
Switzerland,CHE,2024-12-22 12:00:00,2024-12-22 13:00:00,79.6
Switzerland,CHE,2024-12-22 13:00:00,2024-12-22 14:00:00,90.2
Switzerland,CHE,2024-12-22 14:00:00,2024-12-22 15:00:00,108.72
Switzerland,CHE,2024-12-22 15:00:00,2024-12-22 16:00:00,116.35
Switzerland,CHE,2024-12-22 16:00:00,2024-12-22 17:00:00,119.77
Switzerland,CHE,2024-12-22 17:00:00,2024-12-22 18:00:00,119.1
Switzerland,CHE,2024-12-22 18:00:00,2024-12-22 19:00:00,118.21
Switzerland,CHE,2024-12-22 19:00:00,2024-12-22 20:00:00,118.82
Switzerland,CHE,2024-12-22 20:00:00,2024-12-22 21:00:00,112.55
Switzerland,CHE,2024-12-22 21:00:00,2024-12-22 22:00:00,103.01
Switzerland,CHE,2024-12-22 22:00:00,2024-12-22 23:00:00,86.69
Switzerland,CHE,2024-12-22 23:00:00,2024-12-23 00:00:00,69.72
Switzerland,CHE,2024-12-23 00:00:00,2024-12-23 01:00:00,60.46
Switzerland,CHE,2024-12-23 01:00:00,2024-12-23 02:00:00,48.18
Switzerland,CHE,2024-12-23 02:00:00,2024-12-23 03:00:00,44.47
Switzerland,CHE,2024-12-23 03:00:00,2024-12-23 04:00:00,40.86
Switzerland,CHE,2024-12-23 04:00:00,2024-12-23 05:00:00,71.51
Switzerland,CHE,2024-12-23 05:00:00,2024-12-23 06:00:00,100.47
Switzerland,CHE,2024-12-23 06:00:00,2024-12-23 07:00:00,121.74
Switzerland,CHE,2024-12-23 07:00:00,2024-12-23 08:00:00,122.67
Switzerland,CHE,2024-12-23 08:00:00,2024-12-23 09:00:00,125.1
Switzerland,CHE,2024-12-23 09:00:00,2024-12-23 10:00:00,111.99
Switzerland,CHE,2024-12-23 10:00:00,2024-12-23 11:00:00,101.66
Switzerland,CHE,2024-12-23 11:00:00,2024-12-23 12:00:00,100.96
Switzerland,CHE,2024-12-23 12:00:00,2024-12-23 13:00:00,100.37
Switzerland,CHE,2024-12-23 13:00:00,2024-12-23 14:00:00,107.0
Switzerland,CHE,2024-12-23 14:00:00,2024-12-23 15:00:00,121.27
Switzerland,CHE,2024-12-23 15:00:00,2024-12-23 16:00:00,125.1
Switzerland,CHE,2024-12-23 16:00:00,2024-12-23 17:00:00,124.56
Switzerland,CHE,2024-12-23 17:00:00,2024-12-23 18:00:00,124.46
Switzerland,CHE,2024-12-23 18:00:00,2024-12-23 19:00:00,123.85
Switzerland,CHE,2024-12-23 19:00:00,2024-12-23 20:00:00,122.79
Switzerland,CHE,2024-12-23 20:00:00,2024-12-23 21:00:00,115.99
Switzerland,CHE,2024-12-23 21:00:00,2024-12-23 22:00:00,110.4
Switzerland,CHE,2024-12-23 22:00:00,2024-12-23 23:00:00,102.42
Switzerland,CHE,2024-12-23 23:00:00,2024-12-24 00:00:00,89.04
Switzerland,CHE,2024-12-24 00:00:00,2024-12-24 01:00:00,81.99
Switzerland,CHE,2024-12-24 01:00:00,2024-12-24 02:00:00,78.92
Switzerland,CHE,2024-12-24 02:00:00,2024-12-24 03:00:00,73.53
Switzerland,CHE,2024-12-24 03:00:00,2024-12-24 04:00:00,71.89
Switzerland,CHE,2024-12-24 04:00:00,2024-12-24 05:00:00,79.76
Switzerland,CHE,2024-12-24 05:00:00,2024-12-24 06:00:00,88.87
Switzerland,CHE,2024-12-24 06:00:00,2024-12-24 07:00:00,107.51
Switzerland,CHE,2024-12-24 07:00:00,2024-12-24 08:00:00,117.09
Switzerland,CHE,2024-12-24 08:00:00,2024-12-24 09:00:00,117.05
Switzerland,CHE,2024-12-24 09:00:00,2024-12-24 10:00:00,111.13
Switzerland,CHE,2024-12-24 10:00:00,2024-12-24 11:00:00,107.95
Switzerland,CHE,2024-12-24 11:00:00,2024-12-24 12:00:00,103.88
Switzerland,CHE,2024-12-24 12:00:00,2024-12-24 13:00:00,102.25
Switzerland,CHE,2024-12-24 13:00:00,2024-12-24 14:00:00,103.58
Switzerland,CHE,2024-12-24 14:00:00,2024-12-24 15:00:00,110.64
Switzerland,CHE,2024-12-24 15:00:00,2024-12-24 16:00:00,120.6
Switzerland,CHE,2024-12-24 16:00:00,2024-12-24 17:00:00,123.84
Switzerland,CHE,2024-12-24 17:00:00,2024-12-24 18:00:00,122.49
Switzerland,CHE,2024-12-24 18:00:00,2024-12-24 19:00:00,120.21
Switzerland,CHE,2024-12-24 19:00:00,2024-12-24 20:00:00,107.51
Switzerland,CHE,2024-12-24 20:00:00,2024-12-24 21:00:00,102.9
Switzerland,CHE,2024-12-24 21:00:00,2024-12-24 22:00:00,100.02
Switzerland,CHE,2024-12-24 22:00:00,2024-12-24 23:00:00,89.05
Switzerland,CHE,2024-12-24 23:00:00,2024-12-25 00:00:00,95.98
Switzerland,CHE,2024-12-25 00:00:00,2024-12-25 01:00:00,88.06
Switzerland,CHE,2024-12-25 01:00:00,2024-12-25 02:00:00,83.67
Switzerland,CHE,2024-12-25 02:00:00,2024-12-25 03:00:00,77.55
Switzerland,CHE,2024-12-25 03:00:00,2024-12-25 04:00:00,71.44
Switzerland,CHE,2024-12-25 04:00:00,2024-12-25 05:00:00,71.74
Switzerland,CHE,2024-12-25 05:00:00,2024-12-25 06:00:00,72.29
Switzerland,CHE,2024-12-25 06:00:00,2024-12-25 07:00:00,85.13
Switzerland,CHE,2024-12-25 07:00:00,2024-12-25 08:00:00,93.81
Switzerland,CHE,2024-12-25 08:00:00,2024-12-25 09:00:00,93.09
Switzerland,CHE,2024-12-25 09:00:00,2024-12-25 10:00:00,94.8
Switzerland,CHE,2024-12-25 10:00:00,2024-12-25 11:00:00,93.22
Switzerland,CHE,2024-12-25 11:00:00,2024-12-25 12:00:00,92.61
Switzerland,CHE,2024-12-25 12:00:00,2024-12-25 13:00:00,89.96
Switzerland,CHE,2024-12-25 13:00:00,2024-12-25 14:00:00,93.14
Switzerland,CHE,2024-12-25 14:00:00,2024-12-25 15:00:00,103.16
Switzerland,CHE,2024-12-25 15:00:00,2024-12-25 16:00:00,112.6
Switzerland,CHE,2024-12-25 16:00:00,2024-12-25 17:00:00,120.59
Switzerland,CHE,2024-12-25 17:00:00,2024-12-25 18:00:00,121.06
Switzerland,CHE,2024-12-25 18:00:00,2024-12-25 19:00:00,118.44
Switzerland,CHE,2024-12-25 19:00:00,2024-12-25 20:00:00,114.53
Switzerland,CHE,2024-12-25 20:00:00,2024-12-25 21:00:00,110.6
Switzerland,CHE,2024-12-25 21:00:00,2024-12-25 22:00:00,110.11
Switzerland,CHE,2024-12-25 22:00:00,2024-12-25 23:00:00,102.14
Switzerland,CHE,2024-12-25 23:00:00,2024-12-26 00:00:00,104.34
Switzerland,CHE,2024-12-26 00:00:00,2024-12-26 01:00:00,101.47
Switzerland,CHE,2024-12-26 01:00:00,2024-12-26 02:00:00,98.95
Switzerland,CHE,2024-12-26 02:00:00,2024-12-26 03:00:00,96.81
Switzerland,CHE,2024-12-26 03:00:00,2024-12-26 04:00:00,95.25
Switzerland,CHE,2024-12-26 04:00:00,2024-12-26 05:00:00,98.85
Switzerland,CHE,2024-12-26 05:00:00,2024-12-26 06:00:00,105.82
Switzerland,CHE,2024-12-26 06:00:00,2024-12-26 07:00:00,110.48
Switzerland,CHE,2024-12-26 07:00:00,2024-12-26 08:00:00,120.08
Switzerland,CHE,2024-12-26 08:00:00,2024-12-26 09:00:00,121.06
Switzerland,CHE,2024-12-26 09:00:00,2024-12-26 10:00:00,113.91
Switzerland,CHE,2024-12-26 10:00:00,2024-12-26 11:00:00,110.35
Switzerland,CHE,2024-12-26 11:00:00,2024-12-26 12:00:00,109.48
Switzerland,CHE,2024-12-26 12:00:00,2024-12-26 13:00:00,107.24
Switzerland,CHE,2024-12-26 13:00:00,2024-12-26 14:00:00,109.36
Switzerland,CHE,2024-12-26 14:00:00,2024-12-26 15:00:00,123.86
Switzerland,CHE,2024-12-26 15:00:00,2024-12-26 16:00:00,129.03
Switzerland,CHE,2024-12-26 16:00:00,2024-12-26 17:00:00,133.49
Switzerland,CHE,2024-12-26 17:00:00,2024-12-26 18:00:00,132.06
Switzerland,CHE,2024-12-26 18:00:00,2024-12-26 19:00:00,132.26
Switzerland,CHE,2024-12-26 19:00:00,2024-12-26 20:00:00,129.07
Switzerland,CHE,2024-12-26 20:00:00,2024-12-26 21:00:00,125.11
Switzerland,CHE,2024-12-26 21:00:00,2024-12-26 22:00:00,124.73
Switzerland,CHE,2024-12-26 22:00:00,2024-12-26 23:00:00,118.5
Switzerland,CHE,2024-12-26 23:00:00,2024-12-27 00:00:00,113.32
Switzerland,CHE,2024-12-27 00:00:00,2024-12-27 01:00:00,110.76
Switzerland,CHE,2024-12-27 01:00:00,2024-12-27 02:00:00,107.24
Switzerland,CHE,2024-12-27 02:00:00,2024-12-27 03:00:00,104.87
Switzerland,CHE,2024-12-27 03:00:00,2024-12-27 04:00:00,104.82
Switzerland,CHE,2024-12-27 04:00:00,2024-12-27 05:00:00,110.43
Switzerland,CHE,2024-12-27 05:00:00,2024-12-27 06:00:00,114.99
Switzerland,CHE,2024-12-27 06:00:00,2024-12-27 07:00:00,128.74
Switzerland,CHE,2024-12-27 07:00:00,2024-12-27 08:00:00,137.15
Switzerland,CHE,2024-12-27 08:00:00,2024-12-27 09:00:00,133.29
Switzerland,CHE,2024-12-27 09:00:00,2024-12-27 10:00:00,124.41
Switzerland,CHE,2024-12-27 10:00:00,2024-12-27 11:00:00,119.34
Switzerland,CHE,2024-12-27 11:00:00,2024-12-27 12:00:00,117.98
Switzerland,CHE,2024-12-27 12:00:00,2024-12-27 13:00:00,115.0
Switzerland,CHE,2024-12-27 13:00:00,2024-12-27 14:00:00,122.46
Switzerland,CHE,2024-12-27 14:00:00,2024-12-27 15:00:00,130.29
Switzerland,CHE,2024-12-27 15:00:00,2024-12-27 16:00:00,151.99
Switzerland,CHE,2024-12-27 16:00:00,2024-12-27 17:00:00,160.94
Switzerland,CHE,2024-12-27 17:00:00,2024-12-27 18:00:00,163.0
Switzerland,CHE,2024-12-27 18:00:00,2024-12-27 19:00:00,150.73
Switzerland,CHE,2024-12-27 19:00:00,2024-12-27 20:00:00,134.62
Switzerland,CHE,2024-12-27 20:00:00,2024-12-27 21:00:00,126.8
Switzerland,CHE,2024-12-27 21:00:00,2024-12-27 22:00:00,126.79
Switzerland,CHE,2024-12-27 22:00:00,2024-12-27 23:00:00,119.72
Switzerland,CHE,2024-12-27 23:00:00,2024-12-28 00:00:00,121.08
Switzerland,CHE,2024-12-28 00:00:00,2024-12-28 01:00:00,115.1
Switzerland,CHE,2024-12-28 01:00:00,2024-12-28 02:00:00,110.02
Switzerland,CHE,2024-12-28 02:00:00,2024-12-28 03:00:00,107.39
Switzerland,CHE,2024-12-28 03:00:00,2024-12-28 04:00:00,106.02
Switzerland,CHE,2024-12-28 04:00:00,2024-12-28 05:00:00,107.67
Switzerland,CHE,2024-12-28 05:00:00,2024-12-28 06:00:00,112.76
Switzerland,CHE,2024-12-28 06:00:00,2024-12-28 07:00:00,118.89
Switzerland,CHE,2024-12-28 07:00:00,2024-12-28 08:00:00,125.3
Switzerland,CHE,2024-12-28 08:00:00,2024-12-28 09:00:00,126.11
Switzerland,CHE,2024-12-28 09:00:00,2024-12-28 10:00:00,118.28
Switzerland,CHE,2024-12-28 10:00:00,2024-12-28 11:00:00,110.24
Switzerland,CHE,2024-12-28 11:00:00,2024-12-28 12:00:00,107.99
Switzerland,CHE,2024-12-28 12:00:00,2024-12-28 13:00:00,106.46
Switzerland,CHE,2024-12-28 13:00:00,2024-12-28 14:00:00,112.75
Switzerland,CHE,2024-12-28 14:00:00,2024-12-28 15:00:00,125.29
Switzerland,CHE,2024-12-28 15:00:00,2024-12-28 16:00:00,135.08
Switzerland,CHE,2024-12-28 16:00:00,2024-12-28 17:00:00,140.37
Switzerland,CHE,2024-12-28 17:00:00,2024-12-28 18:00:00,141.15
Switzerland,CHE,2024-12-28 18:00:00,2024-12-28 19:00:00,136.52
Switzerland,CHE,2024-12-28 19:00:00,2024-12-28 20:00:00,128.87
Switzerland,CHE,2024-12-28 20:00:00,2024-12-28 21:00:00,121.77
Switzerland,CHE,2024-12-28 21:00:00,2024-12-28 22:00:00,120.23
Switzerland,CHE,2024-12-28 22:00:00,2024-12-28 23:00:00,113.97
Switzerland,CHE,2024-12-28 23:00:00,2024-12-29 00:00:00,115.84
Switzerland,CHE,2024-12-29 00:00:00,2024-12-29 01:00:00,109.1
Switzerland,CHE,2024-12-29 01:00:00,2024-12-29 02:00:00,103.87
Switzerland,CHE,2024-12-29 02:00:00,2024-12-29 03:00:00,95.3
Switzerland,CHE,2024-12-29 03:00:00,2024-12-29 04:00:00,91.03
Switzerland,CHE,2024-12-29 04:00:00,2024-12-29 05:00:00,91.12
Switzerland,CHE,2024-12-29 05:00:00,2024-12-29 06:00:00,93.33
Switzerland,CHE,2024-12-29 06:00:00,2024-12-29 07:00:00,102.57
Switzerland,CHE,2024-12-29 07:00:00,2024-12-29 08:00:00,107.42
Switzerland,CHE,2024-12-29 08:00:00,2024-12-29 09:00:00,107.43
Switzerland,CHE,2024-12-29 09:00:00,2024-12-29 10:00:00,105.91
Switzerland,CHE,2024-12-29 10:00:00,2024-12-29 11:00:00,103.39
Switzerland,CHE,2024-12-29 11:00:00,2024-12-29 12:00:00,101.83
Switzerland,CHE,2024-12-29 12:00:00,2024-12-29 13:00:00,101.86
Switzerland,CHE,2024-12-29 13:00:00,2024-12-29 14:00:00,105.1
Switzerland,CHE,2024-12-29 14:00:00,2024-12-29 15:00:00,115.91
Switzerland,CHE,2024-12-29 15:00:00,2024-12-29 16:00:00,129.51
Switzerland,CHE,2024-12-29 16:00:00,2024-12-29 17:00:00,133.06
Switzerland,CHE,2024-12-29 17:00:00,2024-12-29 18:00:00,134.26
Switzerland,CHE,2024-12-29 18:00:00,2024-12-29 19:00:00,131.93
Switzerland,CHE,2024-12-29 19:00:00,2024-12-29 20:00:00,126.92
Switzerland,CHE,2024-12-29 20:00:00,2024-12-29 21:00:00,117.39
Switzerland,CHE,2024-12-29 21:00:00,2024-12-29 22:00:00,110.95
Switzerland,CHE,2024-12-29 22:00:00,2024-12-29 23:00:00,104.43
Switzerland,CHE,2024-12-29 23:00:00,2024-12-30 00:00:00,106.3
Switzerland,CHE,2024-12-30 00:00:00,2024-12-30 01:00:00,105.42
Switzerland,CHE,2024-12-30 01:00:00,2024-12-30 02:00:00,104.37
Switzerland,CHE,2024-12-30 02:00:00,2024-12-30 03:00:00,103.4
Switzerland,CHE,2024-12-30 03:00:00,2024-12-30 04:00:00,103.64
Switzerland,CHE,2024-12-30 04:00:00,2024-12-30 05:00:00,111.74
Switzerland,CHE,2024-12-30 05:00:00,2024-12-30 06:00:00,124.01
Switzerland,CHE,2024-12-30 06:00:00,2024-12-30 07:00:00,132.51
Switzerland,CHE,2024-12-30 07:00:00,2024-12-30 08:00:00,134.39
Switzerland,CHE,2024-12-30 08:00:00,2024-12-30 09:00:00,132.42
Switzerland,CHE,2024-12-30 09:00:00,2024-12-30 10:00:00,129.51
Switzerland,CHE,2024-12-30 10:00:00,2024-12-30 11:00:00,124.07
Switzerland,CHE,2024-12-30 11:00:00,2024-12-30 12:00:00,120.9
Switzerland,CHE,2024-12-30 12:00:00,2024-12-30 13:00:00,120.06
Switzerland,CHE,2024-12-30 13:00:00,2024-12-30 14:00:00,129.08
Switzerland,CHE,2024-12-30 14:00:00,2024-12-30 15:00:00,132.72
Switzerland,CHE,2024-12-30 15:00:00,2024-12-30 16:00:00,133.33
Switzerland,CHE,2024-12-30 16:00:00,2024-12-30 17:00:00,137.9
Switzerland,CHE,2024-12-30 17:00:00,2024-12-30 18:00:00,144.96
Switzerland,CHE,2024-12-30 18:00:00,2024-12-30 19:00:00,140.27
Switzerland,CHE,2024-12-30 19:00:00,2024-12-30 20:00:00,134.4
Switzerland,CHE,2024-12-30 20:00:00,2024-12-30 21:00:00,132.8
Switzerland,CHE,2024-12-30 21:00:00,2024-12-30 22:00:00,129.51
Switzerland,CHE,2024-12-30 22:00:00,2024-12-30 23:00:00,124.09
Switzerland,CHE,2024-12-30 23:00:00,2024-12-31 00:00:00,105.39
Switzerland,CHE,2024-12-31 00:00:00,2024-12-31 01:00:00,101.78
Switzerland,CHE,2024-12-31 01:00:00,2024-12-31 02:00:00,101.34
Switzerland,CHE,2024-12-31 02:00:00,2024-12-31 03:00:00,102.33
Switzerland,CHE,2024-12-31 03:00:00,2024-12-31 04:00:00,101.13
Switzerland,CHE,2024-12-31 04:00:00,2024-12-31 05:00:00,102.86
Switzerland,CHE,2024-12-31 05:00:00,2024-12-31 06:00:00,107.75
Switzerland,CHE,2024-12-31 06:00:00,2024-12-31 07:00:00,121.46
Switzerland,CHE,2024-12-31 07:00:00,2024-12-31 08:00:00,121.8
Switzerland,CHE,2024-12-31 08:00:00,2024-12-31 09:00:00,119.51
Switzerland,CHE,2024-12-31 09:00:00,2024-12-31 10:00:00,115.94
Switzerland,CHE,2024-12-31 10:00:00,2024-12-31 11:00:00,112.04
Switzerland,CHE,2024-12-31 11:00:00,2024-12-31 12:00:00,113.61
Switzerland,CHE,2024-12-31 12:00:00,2024-12-31 13:00:00,107.41
Switzerland,CHE,2024-12-31 13:00:00,2024-12-31 14:00:00,113.61
Switzerland,CHE,2024-12-31 14:00:00,2024-12-31 15:00:00,119.9
Switzerland,CHE,2024-12-31 15:00:00,2024-12-31 16:00:00,130.2
Switzerland,CHE,2024-12-31 16:00:00,2024-12-31 17:00:00,130.9
Switzerland,CHE,2024-12-31 17:00:00,2024-12-31 18:00:00,129.3
Switzerland,CHE,2024-12-31 18:00:00,2024-12-31 19:00:00,125.02
Switzerland,CHE,2024-12-31 19:00:00,2024-12-31 20:00:00,114.76
Switzerland,CHE,2024-12-31 20:00:00,2024-12-31 21:00:00,110.09
Switzerland,CHE,2024-12-31 21:00:00,2024-12-31 22:00:00,113.6
Switzerland,CHE,2024-12-31 22:00:00,2024-12-31 23:00:00,106.0
Switzerland,CHE,2024-12-31 23:00:00,2025-01-01 00:00:00,102.2
